# Blender 4.2.3 LTS
# www.blender.org
o cir_25
v -0.277785 0.000000 0.415735
v -0.353553 0.000000 0.353554
v 0.000000 0.000000 0.000000
v -0.191341 0.000000 0.461940
v -0.417745 0.119773 0.173036
v -0.375960 0.119773 0.251209
v -0.373428 0.127400 0.249517
v -0.414931 0.127400 0.171870
v 0.251209 0.119773 -0.375960
v 0.173036 0.119773 -0.417745
v 0.171870 0.127400 -0.414931
v 0.249516 0.127400 -0.373428
v 0.000000 0.119773 0.452164
v 0.088213 0.119773 0.443475
v 0.087618 0.127400 0.440488
v 0.000000 0.127400 0.449118
v -0.319728 0.119773 0.319729
v -0.317573 0.127400 0.317575
v 0.088212 0.119773 -0.443475
v 0.087618 0.127400 -0.440488
v 0.173036 0.119773 0.417745
v 0.171870 0.127400 0.414931
v -0.251208 0.119773 0.375961
v -0.249516 0.127400 0.373429
v 0.000000 0.119773 -0.452164
v 0.000000 0.127400 -0.449118
v 0.251209 0.119773 0.375960
v 0.249516 0.127400 0.373428
v -0.173035 0.119773 0.417745
v -0.171869 0.127400 0.414931
v -0.088213 0.119773 -0.443475
v -0.087618 0.127400 -0.440488
v 0.319729 0.119773 0.319729
v 0.317575 0.127400 0.317575
v -0.088212 0.119773 0.443475
v -0.087618 0.127400 0.440489
v -0.173036 0.119773 -0.417745
v -0.171870 0.127400 -0.414931
v 0.375960 0.119773 0.251209
v 0.373428 0.127400 0.249516
v -0.251209 0.119773 -0.375960
v -0.249516 0.127400 -0.373428
v 0.417745 0.119773 0.173036
v 0.414931 0.127400 0.171870
v -0.319729 0.119773 -0.319728
v -0.317575 0.127400 -0.317575
v 0.443475 0.119773 0.088213
v 0.440488 0.127400 0.087618
v -0.375961 0.119773 -0.251208
v -0.373428 0.127400 -0.249516
v 0.452164 0.119773 -0.000000
v 0.449118 0.127400 -0.000000
v -0.417745 0.119773 -0.173036
v -0.414931 0.127400 -0.171869
v 0.443475 0.119773 -0.088212
v 0.440488 0.127400 -0.087618
v -0.443475 0.119773 -0.088212
v -0.440489 0.127400 -0.087618
v 0.417745 0.119773 -0.173036
v 0.414931 0.127400 -0.171869
v -0.452164 0.119773 -0.000000
v -0.449118 0.127400 -0.000000
v 0.375960 0.119773 -0.251209
v 0.373428 0.127400 -0.249516
v -0.443475 0.119773 0.088213
v -0.440488 0.127400 0.087619
v 0.319729 0.119773 -0.319729
v 0.317575 0.127400 -0.317575
v 0.277785 -0.000000 -0.415735
v 0.353553 -0.000000 -0.353553
v 0.191342 -0.000000 -0.461940
v 0.000000 0.127400 -0.000000
v -0.415735 0.000000 0.277786
v -0.461940 0.000000 0.191342
v -0.490393 0.000000 0.097546
v -0.500000 0.000000 0.000000
v 0.415735 -0.000000 -0.277785
v 0.461940 -0.000000 -0.191342
v -0.490393 -0.000000 -0.097545
v -0.461940 -0.000000 -0.191342
v 0.490393 -0.000000 -0.097545
v 0.500000 0.000000 0.000000
v -0.415735 -0.000000 -0.277785
v -0.353554 -0.000000 -0.353553
v 0.490393 0.000000 0.097545
v 0.461940 0.000000 0.191342
v 0.097545 0.000000 0.490393
v 0.000000 0.000000 0.500000
v 0.191342 0.000000 0.461940
v -0.277786 -0.000000 -0.415735
v -0.191342 -0.000000 -0.461940
v 0.415735 0.000000 0.277785
v 0.353553 0.000000 0.353553
v -0.097545 0.000000 0.490393
v 0.277785 0.000000 0.415735
v 0.097545 -0.000000 -0.490393
v 0.000000 -0.000000 -0.500000
v -0.097545 -0.000000 -0.490393
v 0.350702 0.010098 -0.350702
v 0.275545 0.010098 -0.412382
v -0.486437 0.010098 0.096759
v -0.458213 0.010098 0.189799
v 0.412382 0.010098 -0.275545
v -0.495967 0.010098 -0.000000
v 0.458214 0.010098 -0.189798
v -0.486438 0.010098 -0.096758
v 0.486438 0.010098 -0.096758
v -0.458214 0.010098 -0.189798
v 0.495967 0.010098 -0.000000
v -0.412382 0.010098 -0.275544
v 0.486437 0.010098 0.096758
v -0.350702 0.010098 -0.350701
v 0.458214 0.010098 0.189798
v -0.275545 0.010098 -0.412382
v 0.412382 0.010098 0.275545
v -0.189799 0.010098 -0.458213
v -0.096757 0.010098 0.486438
v 0.000000 0.010098 0.495967
v 0.350702 0.010098 0.350702
v -0.096758 0.010098 -0.486437
v -0.189798 0.010098 0.458214
v 0.275545 0.010098 0.412382
v 0.000000 0.010098 -0.495967
v -0.275544 0.010098 0.412382
v 0.189798 0.010098 0.458214
v 0.096758 0.010098 -0.486438
v -0.350701 0.010098 0.350702
v 0.096758 0.010098 0.486437
v 0.189798 0.010098 -0.458214
v -0.412382 0.010098 0.275545
vn -0.4645 -0.5486 0.6952
vn -0.5912 -0.5486 0.5912
vn -0.0000 -1.0000 -0.0000
vn -0.3199 -0.5487 0.7724
vn -0.8580 0.3709 0.3554
vn -0.7722 0.3709 0.5159
vn -0.4814 0.8153 0.3217
vn -0.5349 0.8153 0.2216
vn 0.5159 0.3709 -0.7722
vn 0.3554 0.3709 -0.8580
vn 0.2216 0.8153 -0.5349
vn 0.3217 0.8153 -0.4814
vn -0.0000 0.3709 0.9287
vn 0.1812 0.3709 0.9108
vn 0.1130 0.8153 0.5679
vn -0.0000 0.8153 0.5790
vn -0.6567 0.3709 0.6567
vn -0.4094 0.8153 0.4094
vn 0.1812 0.3709 -0.9108
vn 0.1130 0.8153 -0.5679
vn 0.3554 0.3709 0.8580
vn 0.2216 0.8153 0.5349
vn -0.5159 0.3709 0.7722
vn -0.3217 0.8153 0.4814
vn -0.0000 0.3709 -0.9287
vn -0.0000 0.8153 -0.5790
vn 0.5159 0.3709 0.7722
vn 0.3217 0.8153 0.4814
vn -0.3554 0.3709 0.8580
vn -0.2216 0.8153 0.5350
vn -0.1812 0.3709 -0.9108
vn -0.1130 0.8153 -0.5679
vn 0.6567 0.3709 0.6567
vn 0.4094 0.8153 0.4094
vn -0.1812 0.3709 0.9108
vn -0.1130 0.8153 0.5679
vn -0.3554 0.3709 -0.8580
vn -0.2216 0.8153 -0.5349
vn 0.7722 0.3709 0.5159
vn 0.4814 0.8153 0.3217
vn -0.5159 0.3709 -0.7722
vn -0.3217 0.8153 -0.4814
vn 0.8580 0.3709 0.3554
vn 0.5349 0.8153 0.2216
vn -0.6567 0.3709 -0.6567
vn -0.4094 0.8153 -0.4094
vn 0.9108 0.3709 0.1812
vn 0.5679 0.8153 0.1130
vn -0.7722 0.3709 -0.5159
vn -0.4814 0.8153 -0.3217
vn 0.9287 0.3709 -0.0000
vn 0.5790 0.8153 -0.0000
vn -0.8580 0.3709 -0.3554
vn -0.5349 0.8153 -0.2216
vn 0.9108 0.3709 -0.1812
vn 0.5679 0.8153 -0.1130
vn -0.9108 0.3709 -0.1812
vn -0.5679 0.8153 -0.1130
vn 0.8580 0.3709 -0.3554
vn 0.5349 0.8153 -0.2216
vn -0.9287 0.3709 -0.0000
vn -0.5790 0.8153 -0.0000
vn 0.7722 0.3709 -0.5159
vn 0.4814 0.8153 -0.3217
vn -0.9108 0.3709 0.1812
vn -0.5679 0.8153 0.1130
vn 0.6567 0.3709 -0.6567
vn 0.4094 0.8153 -0.4094
vn 0.4645 -0.5487 -0.6951
vn 0.5912 -0.5487 -0.5912
vn 0.3199 -0.5487 -0.7724
vn -0.0000 1.0000 -0.0000
vn -0.6952 -0.5486 0.4645
vn -0.7724 -0.5486 0.3199
vn -0.8200 -0.5486 0.1631
vn -0.8360 -0.5487 -0.0000
vn 0.6951 -0.5487 -0.4645
vn 0.7724 -0.5487 -0.3199
vn -0.8200 -0.5487 -0.1631
vn -0.7724 -0.5487 -0.3199
vn 0.8200 -0.5487 -0.1631
vn 0.8360 -0.5487 -0.0000
vn -0.6952 -0.5486 -0.4645
vn -0.5912 -0.5486 -0.5912
vn 0.8200 -0.5486 0.1631
vn 0.7724 -0.5487 0.3199
vn 0.1631 -0.5486 0.8200
vn -0.0000 -0.5487 0.8360
vn 0.3199 -0.5487 0.7724
vn -0.4645 -0.5486 -0.6952
vn -0.3199 -0.5486 -0.7724
vn 0.6951 -0.5487 0.4645
vn 0.5912 -0.5487 0.5912
vn -0.1631 -0.5487 0.8200
vn 0.4645 -0.5487 0.6951
vn 0.1631 -0.5487 -0.8200
vn -0.0000 -0.5487 -0.8360
vn -0.1631 -0.5486 -0.8200
vt 0.962263 0.030648
vt 0.962264 0.030648
vt 0.962264 0.030648
vt 0.962263 0.030648
vt 0.962263 0.030644
vt 0.962262 0.030644
vt 0.962267 0.030644
vt 0.962262 0.030645
vt 0.962263 0.030645
vt 0.962263 0.030645
vt 0.962266 0.030644
vt 0.962264 0.030645
vt 0.962265 0.030644
vt 0.962265 0.030645
vt 0.962264 0.030644
vt 0.962266 0.030645
vt 0.962263 0.030644
vt 0.962267 0.030645
vt 0.962265 0.030647
vt 0.962264 0.030647
vt 0.962266 0.030647
vt 0.762639 0.144874
vt 0.760659 0.125001
vt 0.862537 0.124886
vt 0.768459 0.163979
vt 0.947309 0.181390
vt 0.934657 0.196843
vt 0.956704 0.163766
vt 0.919233 0.209530
vt 0.901630 0.218964
vt 0.777765 0.068381
vt 0.790418 0.052929
vt 0.768371 0.086005
vt 0.882525 0.224783
vt 0.862652 0.226763
vt 0.805841 0.040241
vt 0.823444 0.030807
vt 0.919041 0.040114
vt 0.934494 0.052766
vt 0.901418 0.030719
vt 0.842775 0.224828
vt 0.823657 0.219052
vt 0.842549 0.024988
vt 0.862422 0.023008
vt 0.947181 0.068190
vt 0.956616 0.085792
vt 0.806033 0.209658
vt 0.790580 0.197006
vt 0.882299 0.024943
vt 0.962435 0.104897
vt 0.964415 0.124771
vt 0.777893 0.181582
vt 0.962265 0.030648
vt 0.962266 0.030648
vt 0.962263 0.030647
vt 0.962267 0.030648
vt 0.962263 0.030647
vt 0.962267 0.030648
vt 0.962262 0.030647
vt 0.962262 0.030648
vt 0.962262 0.030648
vt 0.962267 0.030647
vt 0.762595 0.105123
vt 0.962479 0.144648
vt 0.999085 0.096285
vt 0.999089 0.103637
vt 0.978659 0.115649
vt 0.978656 0.108947
vt 0.999134 0.191855
vt 0.999138 0.199206
vt 0.978704 0.202779
vt 0.978700 0.196077
vt 0.999082 0.088934
vt 0.978652 0.102245
vt 0.999130 0.184503
vt 0.978697 0.189374
vt 0.999078 0.081582
vt 0.978649 0.095542
vt 0.999127 0.177152
vt 0.978694 0.182672
vt 0.999074 0.074230
vt 0.978645 0.088840
vt 0.999123 0.169800
vt 0.978690 0.175970
vt 0.999070 0.066879
vt 0.978642 0.082138
vt 0.999119 0.162449
vt 0.978687 0.169268
vt 0.999067 0.059527
vt 0.978638 0.075435
vt 0.999116 0.155097
vt 0.978683 0.162565
vt 0.999063 0.052176
vt 0.978635 0.068733
vt 0.999112 0.147746
vt 0.978680 0.155863
vt 0.999059 0.044824
vt 0.978631 0.062031
vt 0.999108 0.140394
vt 0.978676 0.149161
vt 0.999158 0.236127
vt 0.999158 0.243154
vt 0.978723 0.243154
vt 0.978723 0.236127
vt 0.999055 0.037473
vt 0.978628 0.055329
vt 0.999104 0.133043
vt 0.978673 0.142458
vt 0.999153 0.228612
vt 0.999157 0.235964
vt 0.978721 0.236291
vt 0.978718 0.229588
vt 0.999052 0.030121
vt 0.978625 0.048626
vt 0.999101 0.125691
vt 0.978669 0.135756
vt 0.999149 0.221261
vt 0.978714 0.222886
vt 0.999048 0.022770
vt 0.978621 0.041924
vt 0.999097 0.118340
vt 0.978666 0.129054
vt 0.999145 0.213909
vt 0.978711 0.216184
vt 0.999044 0.015418
vt 0.978618 0.035222
vt 0.999093 0.110988
vt 0.978662 0.122352
vt 0.999142 0.206558
vt 0.978707 0.209481
vt 0.999041 0.008067
vt 0.978614 0.028519
vt 0.962262 0.030644
vt 0.962267 0.030644
s 1
f 1/1/1 2/2/2 3/3/3 4/4/4
f 5/5/5 6/6/6 7/6/7 8/5/8
f 9/7/9 10/7/10 11/7/11 12/7/12
f 13/8/13 14/9/14 15/9/15 16/8/16
f 6/6/6 17/6/17 18/6/18 7/6/7
f 10/7/10 19/7/19 20/7/20 11/7/11
f 14/9/14 21/9/21 22/9/22 15/9/15
f 17/6/17 23/6/23 24/6/24 18/6/18
f 19/7/19 25/7/25 26/7/26 20/7/20
f 21/9/21 27/10/27 28/10/28 22/9/22
f 23/6/23 29/6/29 30/6/30 24/6/24
f 25/7/25 31/11/31 32/11/32 26/7/26
f 27/10/27 33/10/33 34/10/34 28/10/28
f 29/6/29 35/6/35 36/6/36 30/6/30
f 31/11/31 37/11/37 38/11/38 32/11/32
f 33/10/33 39/12/39 40/12/40 34/10/34
f 35/6/35 13/8/13 16/8/16 36/6/36
f 37/11/37 41/13/41 42/13/42 38/11/38
f 39/12/39 43/12/43 44/12/44 40/12/40
f 41/13/41 45/13/45 46/13/46 42/13/42
f 43/12/43 47/14/47 48/14/48 44/12/44
f 45/13/45 49/15/49 50/15/50 46/13/46
f 47/14/47 51/14/51 52/14/52 48/14/48
f 49/15/49 53/15/53 54/15/54 50/15/50
f 51/14/51 55/16/55 56/16/56 52/14/52
f 53/15/53 57/17/57 58/17/58 54/15/54
f 55/16/55 59/16/59 60/16/60 56/16/56
f 57/17/57 61/17/61 62/17/62 58/17/58
f 59/16/59 63/18/63 64/18/64 60/16/60
f 61/17/61 65/5/65 66/5/66 62/17/62
f 63/18/63 67/7/67 68/7/68 64/18/64
f 65/5/65 5/5/5 8/5/8 66/5/66
f 67/7/67 9/7/9 12/7/12 68/7/68
f 69/19/69 70/20/70 3/3/3 71/21/71
f 58/22/58 62/23/62 72/24/72 54/25/54
f 64/26/64 68/27/68 72/24/72 60/28/60
f 12/29/12 11/30/11 72/24/72 68/27/68
f 7/31/7 18/32/18 72/24/72 8/33/8
f 20/34/20 26/35/26 72/24/72 11/30/11
f 24/36/24 30/37/30 72/24/72 18/32/18
f 28/38/28 34/39/34 72/24/72 22/40/22
f 32/41/32 38/42/38 72/24/72 26/35/26
f 36/43/36 16/44/16 72/24/72 30/37/30
f 40/45/40 44/46/44 72/24/72 34/39/34
f 42/47/42 46/48/46 72/24/72 38/42/38
f 15/49/15 22/40/22 72/24/72 16/44/16
f 44/46/44 48/50/48 52/51/52 72/24/72
f 46/48/46 50/52/50 54/25/54 72/24/72
f 2/2/2 73/2/73 74/53/74 3/3/3
f 74/53/74 75/54/75 76/54/76 3/3/3
f 77/20/77 78/55/78 3/3/3 70/20/70
f 79/56/79 80/56/80 3/3/3 76/54/76
f 81/57/81 82/57/82 3/3/3 78/55/78
f 83/58/83 84/58/84 3/3/3 80/56/80
f 85/59/85 86/59/86 3/3/3 82/57/82
f 87/60/87 88/60/88 3/3/3 89/61/89
f 90/58/90 91/62/91 3/3/3 84/58/84
f 92/59/92 93/61/93 3/3/3 86/59/86
f 94/4/94 4/4/4 3/3/3 88/60/88
f 95/61/95 89/61/89 3/3/3 93/61/93
f 96/21/96 71/21/71 3/3/3 97/62/97
f 66/63/66 8/33/8 72/24/72 62/23/62
f 56/64/56 60/28/60 72/24/72 52/51/52
f 98/62/98 97/62/97 3/3/3 91/62/91
f 99/65/67 100/66/9 9/67/9 67/68/67
f 101/69/65 102/70/5 5/71/5 65/72/65
f 103/73/63 99/65/67 67/68/67 63/74/63
f 104/75/61 101/69/65 65/72/65 61/76/61
f 105/77/59 103/73/63 63/74/63 59/78/59
f 106/79/57 104/75/61 61/76/61 57/80/57
f 107/81/55 105/77/59 59/78/59 55/82/55
f 108/83/53 106/79/57 57/80/57 53/84/53
f 109/85/51 107/81/55 55/82/55 51/86/51
f 110/87/49 108/83/53 53/84/53 49/88/49
f 111/89/47 109/85/51 51/86/51 47/90/47
f 112/91/45 110/87/49 49/88/49 45/92/45
f 113/93/43 111/89/47 47/90/47 43/94/43
f 114/95/41 112/91/45 45/92/45 41/96/41
f 115/97/39 113/93/43 43/94/43 39/98/39
f 116/99/37 114/95/41 41/96/41 37/100/37
f 117/101/35 118/102/13 13/103/13 35/104/35
f 119/105/33 115/97/39 39/98/39 33/106/33
f 120/107/31 116/99/37 37/100/37 31/108/31
f 121/109/29 117/110/35 35/111/35 29/112/29
f 122/113/27 119/105/33 33/106/33 27/114/27
f 123/115/25 120/107/31 31/108/31 25/116/25
f 124/117/23 121/109/29 29/112/29 23/118/23
f 125/119/21 122/113/27 27/114/27 21/120/21
f 126/121/19 123/115/25 25/116/25 19/122/19
f 127/123/17 124/117/23 23/118/23 17/124/17
f 128/125/14 125/119/21 21/120/21 14/126/14
f 129/127/10 126/121/19 19/122/19 10/128/10
f 130/129/6 127/123/17 17/124/17 6/130/6
f 118/131/13 128/125/14 14/126/14 13/132/13
f 100/66/9 129/127/10 10/128/10 9/67/9
f 102/70/5 130/129/6 6/130/6 5/71/5
f 74/53/74 73/2/73 130/133/6 102/133/5
f 69/19/69 71/21/71 129/7/10 100/7/9
f 88/60/88 87/60/87 128/8/14 118/8/13
f 73/2/73 2/2/2 127/6/17 130/133/6
f 71/21/71 96/21/96 126/7/19 129/7/10
f 87/60/87 89/61/89 125/9/21 128/8/14
f 2/2/2 1/1/1 124/6/23 127/6/17
f 96/21/96 97/62/97 123/134/25 126/7/19
f 89/61/89 95/61/95 122/9/27 125/9/21
f 1/1/1 4/4/4 121/6/29 124/6/23
f 97/62/97 98/62/98 120/134/31 123/134/25
f 95/61/95 93/61/93 119/10/33 122/9/27
f 4/4/4 94/4/94 117/6/35 121/6/29
f 98/62/98 91/62/91 116/11/37 120/134/31
f 93/61/93 92/59/92 115/12/39 119/10/33
f 94/4/94 88/60/88 118/8/13 117/6/35
f 91/62/91 90/58/90 114/11/41 116/11/37
f 92/59/92 86/59/86 113/12/43 115/12/39
f 90/58/90 84/58/84 112/13/45 114/11/41
f 86/59/86 85/59/85 111/14/47 113/12/43
f 84/58/84 83/58/83 110/15/49 112/13/45
f 85/59/85 82/57/82 109/16/51 111/14/47
f 83/58/83 80/56/80 108/15/53 110/15/49
f 82/57/82 81/57/81 107/16/55 109/16/51
f 80/56/80 79/56/79 106/17/57 108/15/53
f 81/57/81 78/55/78 105/18/59 107/16/55
f 79/56/79 76/54/76 104/5/61 106/17/57
f 78/55/78 77/20/77 103/18/63 105/18/59
f 76/54/76 75/54/75 101/5/65 104/5/61
f 77/20/77 70/20/70 99/7/67 103/18/63
f 75/54/75 74/53/74 102/133/5 101/5/65
f 70/20/70 69/19/69 100/7/9 99/7/67
o arc_trooper.001
v -0.032754 0.369317 0.143257
v -0.034292 0.366288 0.146409
v -0.033763 0.365157 0.143569
v -0.035455 0.362411 0.144462
v -0.035390 0.366731 0.145690
v -0.031559 0.365294 0.140288
v -0.031656 0.368873 0.143976
v -0.042927 0.427460 0.253734
v 0.053026 0.358063 0.171977
v 0.052733 0.355437 0.175522
v 0.054377 0.354021 0.169102
v 0.053819 0.351141 0.174786
v 0.054104 0.355528 0.175703
v 0.053862 0.353985 0.173022
v 0.054397 0.358155 0.172158
v -0.029201 0.366106 0.137187
v -0.036609 0.354798 0.141533
v -0.037235 0.356934 0.141582
v -0.031479 0.359743 0.136745
v -0.030547 0.370891 0.142191
v -0.032844 0.369992 0.142921
v -0.031014 0.369254 0.144119
v -0.031212 0.365772 0.137829
v -0.033033 0.360728 0.137502
v -0.029382 0.365034 0.139027
v -0.035405 0.356196 0.142780
v -0.031203 0.359990 0.138700
v -0.036488 0.367004 0.144685
v -0.039434 0.365121 0.148024
v -0.042159 0.333657 0.134311
v -0.019833 0.387408 0.140189
v -0.032986 0.374599 0.152384
v -0.035991 0.363732 0.150278
v -0.041366 0.332268 0.137590
v -0.039867 0.332802 0.135631
v -0.043565 0.333155 0.136150
v -0.023276 0.388797 0.137934
v -0.036429 0.375988 0.150130
v -0.018128 0.379620 0.132786
v -0.021571 0.381009 0.130532
v -0.045638 0.337085 0.137468
v -0.040683 0.336681 0.136593
v -0.044764 0.335227 0.141930
v -0.045730 0.328779 0.139433
v -0.039926 0.334781 0.141208
v -0.041649 0.330232 0.134096
v -0.046604 0.330638 0.134972
v -0.040892 0.328334 0.138712
v -0.024463 0.379508 0.134025
v -0.021021 0.378119 0.136279
v -0.040424 0.336347 0.133318
v -0.032954 0.365647 0.146821
v -0.038777 0.333797 0.134579
v -0.041067 0.334652 0.133257
v -0.038133 0.335492 0.134640
v -0.042348 0.333131 0.144520
v -0.041067 0.380167 0.156400
v -0.030405 0.379233 0.154685
v -0.034837 0.377654 0.160480
v -0.037031 0.335027 0.137568
v -0.039241 0.369560 0.162220
v -0.036635 0.381746 0.150606
v -0.041369 0.378148 0.155619
v -0.043261 0.337540 0.133488
v -0.050238 0.340271 0.145826
v -0.045471 0.372074 0.158140
v -0.035139 0.375635 0.159698
v -0.044007 0.337758 0.149905
v -0.048578 0.335645 0.140441
v -0.038579 0.332324 0.140930
v -0.047000 0.335721 0.135416
v -0.030878 0.374612 0.155223
v -0.032318 0.374099 0.157106
v -0.045560 0.336235 0.133533
v -0.037139 0.332838 0.139047
v -0.039299 0.378009 0.149709
v -0.040739 0.377496 0.151592
v -0.039878 0.380328 0.162256
v -0.040217 0.378068 0.161381
v -0.041206 0.383875 0.153612
v -0.041545 0.381614 0.152737
v -0.036855 0.384248 0.150965
v -0.037194 0.381988 0.150089
v -0.029715 0.378970 0.154987
v -0.031955 0.383153 0.151896
v -0.032294 0.380893 0.151021
v -0.029376 0.381231 0.155862
v -0.030967 0.377347 0.159664
v -0.035317 0.376973 0.162312
v -0.034978 0.379233 0.163188
v -0.038611 0.449054 0.281659
v -0.038511 0.448957 0.283157
v -0.038685 0.443741 0.282831
v -0.042499 0.449033 0.283428
v -0.042569 0.443815 0.283095
v -0.038785 0.443838 0.281333
v -0.042669 0.443912 0.281597
v -0.042599 0.449130 0.281931
v -0.043997 0.430393 0.249631
v -0.042612 0.434834 0.256288
v -0.042130 0.435167 0.250835
v -0.042876 0.432249 0.253133
v -0.042311 0.430360 0.249517
v -0.043815 0.435200 0.250949
v -0.044694 0.430098 0.247768
v -0.043037 0.422609 0.253468
v -0.042455 0.424979 0.261370
v -0.041736 0.434010 0.269398
v -0.043504 0.434337 0.264083
v -0.043422 0.427557 0.246429
v -0.041884 0.430044 0.247577
v -0.040693 0.434283 0.263892
v -0.041553 0.424703 0.253942
v -0.044364 0.424756 0.254133
v -0.041091 0.426614 0.260199
v -0.043902 0.426668 0.260391
v -0.041341 0.433747 0.236239
v -0.042512 0.412870 0.224893
v -0.041878 0.405886 0.236177
v -0.041699 0.411626 0.237195
v -0.045574 0.435195 0.251678
v -0.046983 0.411727 0.237554
v -0.046626 0.433848 0.236598
v -0.047162 0.405987 0.236537
v -0.047796 0.412970 0.225253
v -0.042122 0.436873 0.223876
v -0.041691 0.433675 0.223640
v -0.040290 0.435094 0.251319
v -0.047482 0.433785 0.224034
v -0.047407 0.436974 0.224236
v -0.046240 0.431314 0.270055
v -0.046344 0.433249 0.268309
v -0.037292 0.431252 0.269463
v -0.037393 0.433184 0.267716
v -0.046382 0.429538 0.268123
v -0.037433 0.429476 0.267531
v -0.046484 0.431501 0.266352
v -0.037536 0.431437 0.265760
v -0.040206 0.427957 0.360486
v -0.040337 0.422379 0.360132
v -0.031571 0.430658 0.352904
v -0.031958 0.427797 0.348012
v -0.031152 0.427783 0.359870
v -0.031282 0.422206 0.359517
v -0.034328 0.419311 0.315548
v -0.043383 0.419484 0.316164
v -0.034380 0.426355 0.312811
v -0.040625 0.430831 0.353520
v -0.041012 0.427970 0.348628
v -0.043434 0.426528 0.313426
v -0.048016 0.432558 0.223990
v -0.048245 0.430950 0.221071
v -0.047913 0.436984 0.224270
v -0.048289 0.437349 0.218633
v -0.041950 0.430829 0.220643
v -0.041720 0.432438 0.223562
v -0.041617 0.436864 0.223842
v -0.041993 0.437229 0.218204
v -0.042097 0.432803 0.217924
v -0.048393 0.432924 0.218353
v -0.047149 0.433623 0.277099
v -0.051184 0.449749 0.213236
v -0.039734 0.446054 0.208295
v -0.039682 0.446558 0.214668
v -0.039603 0.449735 0.209185
v -0.036562 0.447936 0.254391
v -0.051943 0.438279 0.205299
v -0.039968 0.445611 0.204974
v -0.051766 0.445837 0.205777
v -0.040145 0.438054 0.204496
v -0.051532 0.446280 0.209098
v -0.036655 0.443990 0.254141
v -0.048453 0.444215 0.254944
v -0.048361 0.448161 0.255193
v -0.035350 0.433397 0.276296
v -0.035044 0.446462 0.277123
v -0.046843 0.446687 0.277925
v -0.039386 0.449524 0.212434
v -0.051401 0.449960 0.209988
v -0.050704 0.446769 0.215418
v -0.040953 0.446168 0.277499
v -0.035133 0.442660 0.276882
v -0.030405 0.438068 0.347692
v -0.035293 0.435848 0.276451
v -0.030564 0.431256 0.347261
v -0.046932 0.442886 0.277685
v -0.042363 0.431481 0.348063
v -0.047091 0.436073 0.277254
v -0.036506 0.429569 0.347548
v -0.041234 0.434161 0.276739
v -0.036225 0.441574 0.348308
v -0.042204 0.438294 0.348495
v -0.033000 0.435134 0.347675
v -0.036301 0.438326 0.348103
v -0.036451 0.431886 0.347695
v -0.039747 0.435263 0.348134
v -0.036213 0.431655 0.351259
v -0.032763 0.434903 0.351237
v -0.036063 0.438095 0.351664
v -0.039510 0.435032 0.351696
v -0.039302 0.445018 0.276484
v -0.040647 0.446324 0.256347
v -0.032190 0.444882 0.276001
v -0.033535 0.446188 0.255863
v -0.032395 0.436120 0.275446
v -0.033740 0.437426 0.255309
v -0.040852 0.437562 0.255793
v -0.039507 0.436256 0.275930
v -0.061992 0.443054 0.277275
v -0.044121 0.442713 0.276059
v -0.062134 0.436971 0.276890
v -0.061200 0.436064 0.290878
v -0.043329 0.435722 0.289662
v -0.043187 0.441806 0.290045
v -0.061058 0.442147 0.291260
v -0.044263 0.436629 0.275674
v -0.051825 0.444712 0.257496
v -0.047110 0.444622 0.257175
v -0.049532 0.442485 0.291832
v -0.051997 0.437391 0.257032
v -0.044989 0.435075 0.291048
v -0.044818 0.442395 0.291511
v -0.049704 0.435165 0.291369
v -0.047282 0.437301 0.256712
v -0.037434 0.431795 0.265260
v -0.037350 0.428996 0.266863
v -0.037282 0.434207 0.267302
v -0.035706 0.433890 0.273316
v -0.035761 0.428670 0.273056
v -0.037952 0.433167 0.288365
v -0.038469 0.427950 0.288136
v -0.034175 0.424659 0.353442
v -0.033660 0.429876 0.353669
v -0.039060 0.440537 0.340832
v -0.038899 0.440435 0.341928
v -0.041386 0.447384 0.341369
v -0.041588 0.448154 0.342398
v -0.039737 0.440064 0.341499
v -0.042388 0.449510 0.340603
v -0.042264 0.447379 0.341963
v -0.042887 0.448591 0.340424
v -0.041815 0.448429 0.340273
v -0.041867 0.448870 0.338154
v -0.038945 0.440990 0.335485
v -0.039016 0.441083 0.334415
v -0.042388 0.447943 0.338377
v -0.041367 0.447833 0.338684
v -0.039749 0.440619 0.334929
v -0.044687 0.452052 0.211728
v -0.042023 0.449466 0.251609
v -0.042114 0.445605 0.251365
v -0.044777 0.448191 0.211484
v -0.045938 0.452076 0.211813
v -0.043275 0.449490 0.251694
v -0.046028 0.448215 0.211569
v -0.043365 0.445629 0.251450
v -0.037089 0.448268 0.275947
v -0.039999 0.447327 0.233435
v -0.047821 0.447476 0.233967
v -0.041364 0.448653 0.212983
v -0.049232 0.446863 0.213392
v -0.037221 0.442645 0.275594
v -0.038672 0.444055 0.253855
v -0.038541 0.449678 0.254211
v -0.040044 0.445387 0.233312
v -0.041410 0.446713 0.212860
v -0.044911 0.448418 0.276479
v -0.045043 0.442795 0.276126
v -0.046363 0.449827 0.254743
v -0.046495 0.444204 0.254387
v -0.047866 0.445536 0.233844
v -0.049186 0.448803 0.213515
v -0.046422 0.434382 0.267924
v -0.046613 0.429173 0.267493
v -0.046640 0.431971 0.265886
v -0.047181 0.434109 0.274097
v -0.047360 0.428891 0.273845
v -0.042947 0.433262 0.288705
v -0.042668 0.428031 0.288421
v -0.038204 0.424736 0.353716
v -0.038483 0.429968 0.353997
v -0.034469 0.440449 0.340520
v -0.031833 0.447202 0.340719
v -0.034484 0.440351 0.341628
v -0.031465 0.447960 0.341710
v -0.031519 0.448233 0.339572
v -0.033729 0.439950 0.341090
v -0.030864 0.449290 0.339820
v -0.030884 0.447162 0.341189
v -0.030431 0.448353 0.339577
v -0.031738 0.448677 0.337465
v -0.035360 0.441013 0.334167
v -0.031225 0.447729 0.337618
v -0.032198 0.447657 0.338060
v -0.034583 0.440520 0.334578
v -0.035289 0.440920 0.335237
v -0.017764 0.337655 0.185797
v -0.015427 0.342282 0.192633
v -0.016987 0.355147 0.193268
v -0.028493 0.363452 0.185774
v -0.029092 0.357819 0.182551
v -0.021496 0.372440 0.190411
v -0.027451 0.373305 0.186423
v -0.034000 0.369377 0.169259
v -0.031785 0.378020 0.168381
v -0.028908 0.374618 0.147602
v -0.027258 0.383209 0.148526
v -0.010586 0.359961 0.133321
v -0.011379 0.344151 0.137822
v -0.011143 0.384400 0.139872
v -0.010203 0.393718 0.143520
v -0.012200 0.378401 0.138015
v 0.014709 0.358185 0.135830
v 0.008965 0.342818 0.139888
v 0.013554 0.344055 0.194686
v -0.002576 0.334897 0.191407
v 0.008538 0.345247 0.198584
v -0.003884 0.340756 0.197056
v -0.003582 0.353682 0.198452
v 0.010908 0.355825 0.199693
v -0.003560 0.368211 0.199691
v 0.025505 0.362030 0.199124
v 0.033824 0.359677 0.193660
v 0.017259 0.370532 0.200306
v 0.024777 0.370835 0.199443
v 0.039509 0.365508 0.188108
v 0.039569 0.356919 0.187342
v 0.043160 0.341651 0.164229
v 0.038674 0.373209 0.186829
v 0.047197 0.368733 0.167362
v 0.046222 0.376891 0.168017
v 0.039492 0.357182 0.147665
v 0.033839 0.336834 0.152609
v 0.037235 0.381230 0.154049
v 0.036113 0.390000 0.157397
v 0.038226 0.375651 0.152545
v 0.014331 0.383416 0.142556
v 0.014321 0.377710 0.140871
v 0.016093 0.342559 0.141752
v 0.010484 0.335205 0.146142
v -0.064065 0.410785 0.155676
v -0.055060 0.409560 0.158624
v -0.071953 0.416686 0.159064
v -0.065157 0.413801 0.152590
v -0.067622 0.426055 0.165255
v -0.056072 0.425680 0.154481
v -0.070558 0.420755 0.155910
v -0.068274 0.425853 0.168885
v -0.060786 0.426300 0.167287
v -0.063884 0.419784 0.175946
v -0.052522 0.414374 0.168570
v -0.053503 0.413803 0.165894
v -0.055550 0.407158 0.167379
v -0.054807 0.408045 0.162986
v -0.064495 0.429511 0.159170
v -0.068734 0.428770 0.170124
v -0.051571 0.415926 0.169895
v -0.050685 0.419569 0.159025
v -0.047996 0.422997 0.161191
v -0.066202 0.407272 0.157841
v -0.074255 0.413844 0.161121
v -0.067737 0.428022 0.170819
v -0.058577 0.434538 0.174488
v -0.059452 0.427870 0.170450
v -0.047463 0.417302 0.172825
v -0.050331 0.416877 0.173253
v -0.044820 0.427230 0.180761
v -0.058338 0.431727 0.185733
v -0.063816 0.421530 0.179448
v -0.039843 0.438522 0.189296
v -0.035916 0.445699 0.180590
v -0.049998 0.448836 0.196225
v -0.063564 0.440400 0.175623
v -0.064129 0.432427 0.159044
v -0.054988 0.459157 0.186939
v -0.040900 0.481374 0.182957
v -0.047918 0.465001 0.168538
v -0.033507 0.462051 0.165019
v -0.056572 0.451879 0.163444
v -0.057944 0.444601 0.164492
v -0.047934 0.441515 0.159895
v -0.054351 0.428581 0.154662
v -0.039400 0.455336 0.162864
v -0.037831 0.443128 0.172634
v -0.042535 0.433801 0.166501
v -0.045229 0.448845 0.158460
v -0.025514 0.398580 0.153712
v -0.009024 0.402582 0.146381
v 0.014252 0.400885 0.150951
v 0.013948 0.406784 0.154675
v 0.034922 0.404691 0.164227
v 0.043834 0.393013 0.174489
v 0.035739 0.397879 0.160631
v -0.026033 0.426375 0.159170
v -0.013896 0.429927 0.154075
v -0.025802 0.439818 0.161291
v -0.008940 0.453831 0.159593
v -0.023371 0.458001 0.161864
v -0.031636 0.444904 0.171627
v -0.008279 0.477713 0.173381
v -0.007752 0.489515 0.186695
v -0.033738 0.451299 0.171486
v -0.017020 0.476238 0.171162
v -0.016470 0.489377 0.185059
v -0.012466 0.490639 0.196235
v -0.002811 0.494147 0.203623
v -0.036109 0.486417 0.200640
v -0.043918 0.477185 0.197561
v -0.017492 0.490304 0.209267
v -0.001611 0.495944 0.208852
v -0.008999 0.495054 0.212954
v -0.015668 0.492084 0.220496
v 0.009082 0.496743 0.210824
v 0.008148 0.494740 0.214947
v 0.017934 0.494181 0.216630
v 0.014522 0.491515 0.208887
v 0.028624 0.485099 0.218652
v 0.016843 0.482899 0.198844
v 0.034484 0.477316 0.206853
v 0.041520 0.475333 0.210252
v 0.021655 0.488531 0.224602
v 0.012964 0.491560 0.223824
v 0.029255 0.477369 0.233344
v 0.036409 0.478387 0.221138
v 0.048969 0.467424 0.230888
v 0.059976 0.452060 0.226512
v 0.047237 0.471040 0.215518
v 0.051883 0.456406 0.204106
v 0.046332 0.461995 0.199490
v 0.041822 0.451875 0.179473
v 0.053992 0.435734 0.198851
v 0.046047 0.438380 0.185549
v 0.044184 0.430727 0.219596
v 0.017219 0.426176 0.158067
v -0.008576 0.409735 0.150057
v -0.006620 0.429292 0.155411
v -0.005584 0.447361 0.156273
v 0.004242 0.462692 0.161506
v 0.043116 0.434992 0.178095
v 0.036322 0.421007 0.171970
v 0.042372 0.419183 0.175812
v -0.000709 0.487446 0.190027
v 0.021140 0.481694 0.189132
v -0.029754 0.394708 0.170757
v -0.030013 0.401352 0.175593
v -0.026642 0.382927 0.188012
v -0.027162 0.390152 0.186553
v -0.003937 0.384601 0.201198
v -0.003636 0.376678 0.201561
v -0.004523 0.400522 0.205332
v 0.024547 0.384784 0.202984
v 0.035544 0.394601 0.196232
v 0.036630 0.387733 0.191890
v 0.042061 0.400101 0.177331
v 0.046151 0.413111 0.187184
v 0.040250 0.405597 0.198989
v 0.041316 0.413984 0.204957
v 0.048018 0.419840 0.194976
v 0.048336 0.425246 0.206206
v 0.027449 0.405750 0.212600
v 0.027439 0.396587 0.207024
v 0.024393 0.413726 0.224938
v 0.018199 0.411644 0.217211
v 0.016265 0.412036 0.217326
v 0.013879 0.418435 0.225606
v 0.037285 0.420041 0.220648
v 0.023667 0.418145 0.233038
v 0.032302 0.439012 0.236512
v 0.035060 0.432937 0.231583
v -0.020748 0.469741 0.224605
v -0.010470 0.477275 0.225450
v -0.017592 0.487779 0.229364
v -0.014139 0.483629 0.218523
v -0.010609 0.491441 0.211762
v -0.022315 0.481907 0.218577
v -0.033402 0.476449 0.211630
v -0.031630 0.462162 0.219360
v -0.036306 0.467067 0.207056
v -0.034116 0.451690 0.214928
v -0.001892 0.471290 0.232492
v 0.012258 0.460242 0.239995
v -0.008774 0.453386 0.234656
v 0.009977 0.475431 0.233587
v 0.018326 0.480700 0.231443
v 0.021910 0.468642 0.240759
v 0.034818 0.461626 0.237488
v 0.053132 0.460198 0.234474
v 0.018232 0.447810 0.243199
v 0.018172 0.436640 0.239927
v -0.024581 0.405451 0.157365
v -0.032548 0.418357 0.171404
v -0.032859 0.417156 0.189042
v -0.033920 0.429710 0.173797
v -0.036653 0.430878 0.196122
v -0.029347 0.418638 0.196579
v -0.028022 0.418907 0.198218
v -0.029921 0.429505 0.205530
v -0.037993 0.439919 0.188510
v -0.040097 0.436499 0.202552
v -0.039985 0.450056 0.203621
v -0.039442 0.444734 0.197603
v -0.032498 0.403594 0.175540
v -0.027740 0.402080 0.187996
v -0.030141 0.403873 0.187692
v -0.025339 0.408060 0.194445
v -0.022644 0.406509 0.193620
v -0.000245 0.495524 0.212356
v -0.013132 0.483384 0.236402
v -0.003725 0.479681 0.242904
v -0.001925 0.488662 0.227149
v 0.012857 0.487221 0.232904
v 0.006908 0.483017 0.238731
v -0.007195 0.300753 0.162911
v -0.022334 0.300883 0.178995
v -0.019277 0.324947 0.185735
v -0.033051 0.355132 0.182995
v -0.028449 0.258459 0.159408
v -0.029770 0.241461 0.152304
v -0.041538 0.307486 0.171302
v -0.036049 0.359737 0.177219
v -0.041704 0.261391 0.153577
v -0.043234 0.310871 0.154235
v -0.037513 0.357448 0.167306
v -0.037324 0.309506 0.140787
v -0.028114 0.350340 0.143879
v -0.046398 0.264719 0.144625
v -0.020924 0.304556 0.133574
v -0.011703 0.329457 0.135594
v 0.006896 0.322724 0.145953
v -0.043836 0.247994 0.147900
v -0.039562 0.266355 0.129710
v -0.002301 0.299444 0.147979
v -0.023569 0.262229 0.131917
v -0.020150 0.257705 0.151881
v -0.048654 0.251996 0.136318
v -0.017689 0.250436 0.130302
v -0.040279 0.255237 0.126703
v -0.026893 0.253435 0.125547
v -0.049279 0.246254 0.129667
v -0.044676 0.235393 0.144694
v -0.048486 0.238293 0.141207
v -0.045248 0.225251 0.140842
v -0.053501 0.235738 0.122414
v -0.047713 0.250435 0.121498
v -0.045440 0.243713 0.109291
v -0.040741 0.251473 0.116495
v -0.055680 0.224627 0.115919
v -0.026961 0.242483 0.106083
v -0.046242 0.230719 0.100044
v -0.024648 0.243334 0.147572
v -0.017007 0.246970 0.136285
v -0.016058 0.258892 0.141145
v -0.019542 0.231903 0.137256
v -0.013467 0.240138 0.132424
v -0.014092 0.235678 0.128808
v -0.023763 0.214219 0.125965
v -0.019172 0.217644 0.116726
v -0.045201 0.215358 0.131533
v -0.035270 0.194951 0.115181
v -0.043656 0.196672 0.115367
v -0.036592 0.172994 0.101485
v -0.033143 0.177771 0.091892
v -0.052335 0.203101 0.105998
v -0.045430 0.175829 0.103116
v -0.037265 0.165130 0.097795
v -0.034479 0.168186 0.086711
v -0.054577 0.180820 0.093641
v -0.058323 0.172825 0.090665
v -0.044752 0.206788 0.096091
v -0.047894 0.182164 0.087456
v -0.033860 0.206771 0.093132
v -0.039156 0.182254 0.083437
v -0.038838 0.173771 0.074226
v -0.028337 0.197567 0.100983
v -0.028194 0.229289 0.095833
v -0.016910 0.222474 0.105924
v -0.014806 0.237820 0.115755
v 0.001701 0.324544 0.164466
v 0.001237 0.329287 0.177113
v -0.003823 0.324181 0.177758
v 0.006614 0.325005 0.168505
v 0.004224 0.326521 0.182516
v 0.027065 0.356171 0.197054
v -0.024216 0.351803 0.144456
v 0.012209 0.323765 0.152689
v 0.004830 0.330110 0.164798
v 0.002138 0.320272 0.164960
v 0.006059 0.326139 0.146739
v -0.011720 0.332779 0.137900
v -0.021174 0.333503 0.136950
v -0.018625 0.335039 0.139274
v -0.034109 0.360797 0.167307
v -0.032486 0.362687 0.176013
v -0.018258 0.331815 0.184744
v -0.004840 0.320093 0.179771
v -0.032310 0.393279 0.188226
v -0.023666 0.390726 0.197546
v -0.036892 0.371917 0.184992
v -0.031522 0.370329 0.181000
v -0.019853 0.390908 0.191807
v -0.027549 0.368614 0.195606
v -0.022830 0.367061 0.190950
v -0.027187 0.393878 0.183317
v -0.029829 0.371749 0.151731
v -0.021733 0.374409 0.136448
v -0.035236 0.373479 0.146832
v -0.015516 0.372804 0.141003
v -0.021644 0.407419 0.143927
v -0.034287 0.404529 0.153723
v -0.026367 0.403946 0.161111
v -0.012704 0.407531 0.151425
v -0.047638 0.253925 0.130938
v -0.052136 0.241888 0.136512
v -0.047675 0.246023 0.125623
v -0.053216 0.252187 0.142323
v -0.052092 0.245961 0.153693
v -0.048250 0.262941 0.163520
v -0.049293 0.229467 0.143884
v -0.038821 0.259909 0.167696
v -0.040948 0.241916 0.158436
v -0.042186 0.227515 0.146570
v -0.031290 0.243448 0.157280
v -0.030650 0.233393 0.149070
v -0.024459 0.242471 0.148954
v -0.023400 0.235457 0.142155
v -0.067398 0.436447 0.155952
v -0.065541 0.430955 0.164172
v -0.065226 0.434463 0.157464
v -0.057586 0.433098 0.154176
v -0.047614 0.428281 0.152731
v -0.049928 0.428177 0.154992
v -0.049706 0.426334 0.159639
v -0.074169 0.405484 0.159893
v -0.065371 0.402612 0.166793
v -0.064978 0.400333 0.165907
v -0.079744 0.410737 0.161035
v -0.046580 0.425546 0.158925
v -0.053508 0.409489 0.156058
v 0.025189 0.394962 0.281571
v 0.018474 0.405531 0.273209
v 0.028589 0.398311 0.276409
v 0.030887 0.401482 0.290283
v 0.033647 0.404218 0.285254
v 0.034189 0.399268 0.272913
v 0.029873 0.415538 0.289594
v 0.026361 0.414313 0.294136
v 0.033266 0.405528 0.266558
v 0.038653 0.407369 0.279597
v 0.039748 0.411745 0.271991
v 0.023953 0.420034 0.287289
v 0.027172 0.425350 0.279567
v 0.018450 0.418566 0.271208
v 0.017064 0.413036 0.277151
v 0.016440 0.403461 0.275733
v 0.021108 0.406291 0.270849
v 0.034523 0.406515 0.263443
v 0.041867 0.412496 0.269955
v 0.038563 0.422567 0.277507
v 0.036265 0.420948 0.278932
v 0.027758 0.428600 0.278449
v 0.017803 0.421133 0.269716
v 0.024479 0.408651 0.265556
v 0.024429 0.410460 0.262779
v 0.031351 0.398514 0.292275
v 0.026566 0.414045 0.299726
v 0.018657 0.423645 0.294950
v 0.020828 0.419337 0.289310
v 0.009340 0.415507 0.278049
v 0.014662 0.412653 0.278174
v 0.012976 0.403514 0.272958
v 0.020795 0.430195 0.259901
v 0.030827 0.437065 0.268835
v 0.028562 0.435361 0.242958
v 0.037385 0.449210 0.251648
v 0.038301 0.460963 0.234447
v 0.043172 0.430065 0.267002
v 0.050074 0.445466 0.250015
v 0.060473 0.435769 0.232191
v 0.055312 0.443257 0.213990
v 0.051128 0.421059 0.253415
v 0.046032 0.420167 0.258818
v 0.039028 0.414268 0.251963
v 0.049660 0.424272 0.229493
v 0.050767 0.434135 0.213851
v 0.036884 0.425352 0.235275
v 0.028230 0.418155 0.252724
v 0.043493 0.414718 0.245414
v 0.037971 0.396337 0.197725
v 0.025478 0.395661 0.205582
v 0.017431 0.401752 0.210966
v 0.015968 0.400636 0.208327
v 0.008260 0.306349 0.193992
v 0.013235 0.317522 0.212210
v 0.012669 0.335557 0.200072
v 0.029995 0.354056 0.198906
v 0.019057 0.273621 0.227588
v 0.015445 0.267807 0.219002
v 0.019803 0.256221 0.233004
v 0.034640 0.320838 0.213412
v 0.033780 0.274174 0.228866
v 0.044814 0.314037 0.201413
v 0.046418 0.304521 0.190169
v 0.046210 0.339900 0.166300
v 0.040536 0.321788 0.163883
v 0.042780 0.272219 0.223541
v 0.034837 0.294214 0.180711
v 0.032617 0.319675 0.156659
v 0.011147 0.319596 0.153712
v 0.035716 0.259296 0.233296
v 0.044439 0.264046 0.209344
v 0.011146 0.296163 0.182420
v 0.028907 0.259979 0.204920
v 0.017342 0.261718 0.208961
v 0.045721 0.256506 0.225250
v 0.019614 0.253638 0.207120
v 0.015859 0.253717 0.212899
v 0.042748 0.254350 0.212501
v 0.019218 0.247797 0.202336
v 0.030547 0.253077 0.206278
v 0.031826 0.247823 0.201341
v 0.046330 0.247523 0.221096
v 0.039447 0.246738 0.232066
v 0.034269 0.246652 0.236538
v 0.033029 0.235328 0.237044
v 0.049228 0.234428 0.220698
v 0.047956 0.236324 0.202916
v 0.031739 0.247388 0.197126
v 0.026450 0.246226 0.235986
v 0.049564 0.221186 0.219687
v 0.031811 0.236298 0.193290
v 0.017137 0.246445 0.198793
v 0.047601 0.220567 0.200349
v 0.017270 0.247510 0.226173
v 0.017626 0.255567 0.226412
v 0.012562 0.242271 0.220355
v 0.012202 0.247231 0.223404
v 0.011467 0.247313 0.210975
v 0.014525 0.220991 0.219198
v 0.014164 0.220402 0.208350
v 0.032724 0.221773 0.232305
v 0.022468 0.197557 0.221975
v 0.021236 0.194308 0.206341
v 0.030522 0.198010 0.224846
v 0.021225 0.171797 0.219240
v 0.043117 0.198189 0.218082
v 0.029630 0.173884 0.223018
v 0.022179 0.160971 0.207899
v 0.042251 0.172653 0.216957
v 0.040324 0.197933 0.205379
v 0.038347 0.171925 0.208459
v 0.039632 0.161499 0.204661
v 0.031340 0.198052 0.198547
v 0.031604 0.171297 0.201607
v 0.022439 0.172099 0.208048
v 0.032090 0.219848 0.190132
v 0.016802 0.220014 0.196602
v 0.016737 0.238035 0.198433
v 0.011439 0.242278 0.209782
v 0.032073 0.323823 0.157008
v 0.037547 0.324733 0.162578
v 0.042137 0.353418 0.188904
v 0.035866 0.356570 0.196610
v 0.013555 0.339511 0.195978
v 0.003310 0.324223 0.186253
v 0.005102 0.321539 0.170978
v 0.017790 0.365822 0.200843
v 0.033529 0.368660 0.203229
v 0.030899 0.367245 0.197157
v 0.027103 0.388173 0.200599
v 0.017351 0.387895 0.208603
v 0.015331 0.387005 0.203191
v 0.019310 0.367141 0.207130
v 0.029957 0.388664 0.205608
v 0.045564 0.365981 0.170897
v 0.046984 0.367989 0.154441
v 0.041286 0.397876 0.181837
v 0.036538 0.402583 0.166874
v 0.051922 0.397609 0.179552
v 0.052698 0.367293 0.170631
v 0.039609 0.369178 0.156452
v 0.047302 0.401885 0.164584
v 0.047589 0.245956 0.219751
v 0.046002 0.248275 0.231639
v 0.047506 0.255267 0.219978
v 0.047352 0.259823 0.231644
v 0.040097 0.260669 0.242261
v 0.037265 0.279836 0.239852
v 0.037197 0.241909 0.241394
v 0.026464 0.279528 0.239929
v 0.027275 0.259824 0.242424
v 0.029323 0.241710 0.240963
v 0.019655 0.260476 0.236419
v 0.019577 0.247774 0.234455
v 0.016724 0.255490 0.227718
v 0.015991 0.246728 0.224897
v 0.044518 0.411607 0.269449
v 0.043169 0.404434 0.263413
v 0.041213 0.406805 0.264600
v 0.032681 0.403639 0.258226
v 0.026584 0.409437 0.259350
v 0.016294 0.390165 0.284138
v 0.040105 0.417190 0.272721
v 0.042903 0.418253 0.274172
v 0.037398 0.411919 0.281915
v 0.039820 0.412691 0.284012
v 0.016846 0.393106 0.285586
v -0.044923 0.428482 0.221729
v -0.041175 0.433658 0.230642
v -0.034029 0.428309 0.231759
v -0.053840 0.431454 0.235019
v -0.052430 0.429400 0.223083
v -0.036505 0.433908 0.233403
v -0.031770 0.429181 0.237673
v -0.042993 0.433233 0.237182
v -0.056043 0.422139 0.233078
v -0.055715 0.422352 0.222754
v -0.055562 0.413440 0.232224
v -0.054224 0.415966 0.222604
v -0.047386 0.412034 0.229960
v -0.047335 0.415849 0.221598
v -0.040592 0.420874 0.227461
v -0.039033 0.427415 0.226070
v -0.032758 0.433346 0.239844
v -0.036790 0.432573 0.243033
v -0.033084 0.426460 0.244624
v -0.037094 0.426909 0.244743
v -0.034780 0.422246 0.245859
v -0.034259 0.420691 0.242893
v -0.037036 0.420301 0.241329
v -0.040600 0.428302 0.251869
v -0.048633 0.431968 0.248866
v -0.052818 0.431747 0.245823
v -0.049776 0.427488 0.250553
v -0.040854 0.424055 0.252493
v -0.054608 0.423442 0.243892
v -0.050823 0.422147 0.247110
v -0.055195 0.412771 0.240715
v -0.051700 0.411923 0.244581
v -0.051279 0.410391 0.241157
v -0.040917 0.418967 0.249232
v -0.037726 0.422921 0.245598
v -0.042340 0.409443 0.246975
v -0.037987 0.418558 0.238161
v -0.041096 0.408094 0.235964
v -0.046786 0.412543 0.234865
v -0.045452 0.409261 0.237338
v -0.043777 0.421236 0.235505
v -0.038871 0.424753 0.236254
v -0.035676 0.425253 0.239462
v -0.032642 0.424690 0.241345
v -0.042816 0.421281 0.220914
v -0.048196 0.424066 0.207687
v -0.051901 0.428250 0.208124
v -0.057109 0.424617 0.208993
v -0.059225 0.419533 0.209888
v -0.054888 0.416467 0.208834
v -0.050189 0.418197 0.208017
v 0.034326 0.395531 0.158217
v 0.034074 0.382137 0.150288
v -0.001845 0.398236 0.128104
v 0.039234 0.394938 0.140412
v 0.038912 0.402174 0.143401
v -0.004556 0.406314 0.139255
v 0.036524 0.403016 0.151563
v -0.006495 0.399481 0.145479
v -0.043548 0.430163 0.318564
v -0.045497 0.425534 0.318850
v -0.044426 0.430386 0.319113
v -0.047537 0.425531 0.319768
v -0.045065 0.430980 0.316867
v -0.045594 0.421199 0.317849
v -0.048588 0.426431 0.316793
v -0.047460 0.420006 0.318571
v -0.047643 0.420446 0.314896
v -0.045608 0.420755 0.313928
v -0.043623 0.417322 0.312214
v -0.048751 0.421196 0.317363
v -0.044357 0.413769 0.313783
v -0.048387 0.419811 0.316844
v -0.045019 0.416394 0.317448
v -0.037127 0.408420 0.310948
v -0.048583 0.420431 0.321035
v -0.047016 0.423015 0.320517
v -0.048703 0.428263 0.322590
v -0.046854 0.427945 0.321701
v -0.044501 0.411930 0.319482
v -0.025618 0.404968 0.311404
v -0.008880 0.402251 0.307819
v -0.008969 0.407847 0.309557
v -0.048926 0.419649 0.323062
v -0.043999 0.414697 0.322986
v -0.041821 0.410114 0.324867
v -0.035102 0.406804 0.316370
v -0.024589 0.404993 0.315403
v -0.011572 0.412300 0.308588
v -0.049301 0.421563 0.323480
v -0.047724 0.419980 0.325007
v -0.033235 0.405110 0.322286
v -0.022323 0.408494 0.315610
v -0.014103 0.411869 0.304602
v -0.030739 0.407749 0.325193
v -0.020899 0.410534 0.311432
v -0.024414 0.411161 0.329300
v -0.022011 0.419721 0.331911
v -0.024722 0.416879 0.333968
v -0.037022 0.409918 0.328699
v -0.029070 0.415441 0.331778
v -0.036558 0.413568 0.332174
v -0.026588 0.420221 0.337989
v -0.029231 0.420184 0.336774
v -0.029319 0.425551 0.340301
v -0.027345 0.427656 0.339198
v -0.028395 0.427831 0.336759
v -0.030850 0.425044 0.337757
v -0.028437 0.421052 0.329750
v -0.042469 0.419035 0.338422
v -0.044644 0.424571 0.340406
v -0.043387 0.425452 0.338632
v -0.044585 0.417868 0.338041
v -0.045860 0.428792 0.340935
v -0.047628 0.424539 0.338320
v -0.046851 0.425062 0.336713
v -0.045087 0.420199 0.334736
v -0.045209 0.419398 0.338555
v -0.046322 0.418854 0.336134
v -0.041227 0.414286 0.328613
v -0.046088 0.417996 0.331426
v -0.044142 0.419865 0.331246
v -0.047773 0.417252 0.329809
v -0.047368 0.426698 0.333522
v -0.045159 0.426893 0.332387
v -0.045283 0.431807 0.332522
v -0.048592 0.419352 0.330753
v -0.049277 0.427684 0.330037
v -0.047846 0.418000 0.327549
v -0.047014 0.432210 0.333817
v -0.048650 0.432615 0.331076
v -0.047023 0.432239 0.329979
v -0.047756 0.427718 0.328788
v -0.043214 0.417560 0.323229
v -0.045512 0.419967 0.324738
v -0.047902 0.427494 0.326131
v -0.045674 0.432845 0.326000
v -0.046791 0.433165 0.323284
v -0.029642 0.424511 0.335129
v -0.027273 0.426393 0.334779
v -0.028733 0.422656 0.333921
v -0.023964 0.422458 0.336998
v -0.025032 0.423876 0.334436
v -0.023768 0.421908 0.328048
v -0.019741 0.417719 0.324336
v -0.022587 0.419766 0.321588
v -0.032174 0.418397 0.320814
v -0.035927 0.417602 0.331894
v -0.023705 0.415695 0.315495
v -0.027218 0.415963 0.310101
v -0.034051 0.415799 0.309049
v -0.037819 0.419074 0.329882
v -0.042921 0.421189 0.335023
v -0.037479 0.412814 0.308348
v -0.041510 0.420517 0.337100
v -0.043060 0.419342 0.314454
v -0.044295 0.421387 0.315330
v -0.040505 0.418228 0.329165
v -0.044385 0.425735 0.336815
v -0.044292 0.418641 0.317274
v -0.045009 0.425976 0.317018
v -0.047063 0.426550 0.316070
v -0.042449 0.419003 0.326285
v -0.044252 0.421611 0.328343
v -0.045049 0.427544 0.329879
v -0.046439 0.420296 0.326611
v -0.042812 0.418949 0.320337
v -0.044672 0.422680 0.321539
v -0.045547 0.427253 0.325452
v -0.044687 0.427631 0.323347
v -0.044364 0.431948 0.324951
v -0.045207 0.432330 0.322566
v -0.044206 0.430671 0.316650
v -0.048044 0.428604 0.339360
v -0.044794 0.429198 0.339126
v -0.046940 0.428985 0.337743
v -0.011654 0.402414 0.302851
v -0.024882 0.406681 0.307860
v -0.023061 0.409819 0.308596
v -0.013968 0.406741 0.301846
v 0.002700 0.486618 0.180034
v 0.022997 0.457249 0.170530
v 0.039617 0.475992 0.197684
v 0.014672 0.400818 0.148979
v 0.014605 0.393939 0.145509
v -0.011040 0.394060 0.141197
v -0.028991 0.392164 0.148140
v -0.030718 0.384713 0.146495
v -0.032735 0.386829 0.167833
v -0.029198 0.382738 0.189143
v -0.034749 0.378202 0.167987
v -0.029795 0.373237 0.186742
v -0.004353 0.376221 0.203822
v -0.004254 0.367835 0.201935
v 0.026588 0.385586 0.206142
v 0.037970 0.397780 0.159338
v 0.038210 0.389433 0.155150
v 0.015159 0.384367 0.140306
v 0.038802 0.379372 0.150608
v 0.048822 0.385918 0.171453
v 0.046899 0.392975 0.174407
v 0.040493 0.380928 0.188817
v 0.039096 0.387314 0.193243
v 0.041349 0.372919 0.188107
v 0.025121 0.378377 0.205417
v -0.040128 0.443961 0.196431
v -0.038264 0.429735 0.196119
v 0.014675 0.417142 0.224769
v 0.004429 0.423375 0.233877
v -0.012120 0.430200 0.228160
v -0.028579 0.432146 0.218462
v -0.029549 0.415006 0.198904
v -0.022400 0.415225 0.207486
v -0.026451 0.430761 0.217030
v -0.011394 0.429273 0.226088
v -0.009244 0.413302 0.215937
v 0.003428 0.422161 0.231315
v 0.005915 0.410218 0.219163
v 0.006880 0.395976 0.213194
v 0.016008 0.408563 0.218618
v 0.014056 0.420975 0.229958
v 0.024016 0.417043 0.234490
v 0.035732 0.429573 0.230237
v 0.024719 0.411981 0.225924
v -0.032569 0.431686 0.209039
v -0.030251 0.428573 0.204096
v -0.027092 0.416990 0.196176
v -0.026283 0.402361 0.197003
v -0.019586 0.399601 0.203458
v -0.023877 0.403964 0.193754
v -0.016897 0.401708 0.199054
v -0.006729 0.397790 0.211293
v -0.004560 0.399717 0.205823
v 0.008689 0.398301 0.208304
v 0.016779 0.396672 0.212780
v 0.017072 0.410406 0.215088
v 0.017732 0.398290 0.208564
v 0.022873 0.347249 0.203121
v 0.008977 0.347686 0.202861
v 0.022174 0.354045 0.202431
v 0.008402 0.354578 0.202913
v -0.004763 0.361665 0.200298
v -0.005723 0.351851 0.200538
v -0.015976 0.372433 0.195206
v -0.017555 0.362026 0.196917
v -0.022878 0.373022 0.190748
v 0.047629 0.355552 0.188740
v 0.040829 0.349608 0.196022
v 0.038160 0.356223 0.197448
v 0.049351 0.346994 0.186410
v 0.024637 0.355685 0.212571
v 0.027057 0.332834 0.210963
v 0.039593 0.356865 0.193700
v 0.054861 0.337268 0.206291
v 0.036054 0.342022 0.220414
v 0.045671 0.355609 0.201890
v 0.047990 0.332477 0.198912
v 0.017301 0.354410 0.204789
v -0.028732 0.352419 0.190628
v -0.018153 0.345039 0.197092
v -0.030304 0.342895 0.189729
v -0.016714 0.354682 0.197205
v -0.004010 0.361324 0.202393
v -0.004074 0.351664 0.202706
v 0.010281 0.371658 0.200294
v 0.009975 0.362186 0.202093
v 0.018255 0.370908 0.201327
v -0.039988 0.363041 0.160869
v -0.041830 0.349353 0.174938
v -0.042224 0.354080 0.158272
v -0.039491 0.357812 0.178270
v -0.049376 0.321800 0.188181
v -0.048618 0.356536 0.179194
v -0.047061 0.328000 0.162425
v -0.038414 0.359313 0.174566
v -0.036942 0.319950 0.184938
v -0.057350 0.329487 0.166806
v -0.036896 0.350660 0.199134
v -0.025427 0.353718 0.194486
v 0.050186 0.347741 0.162218
v 0.042624 0.337017 0.143646
v 0.051267 0.338064 0.163195
v 0.041481 0.347131 0.143803
v 0.026232 0.349642 0.133701
v 0.024834 0.338286 0.133369
v 0.017154 0.357930 0.130769
v 0.017187 0.347195 0.129369
v 0.003365 0.367406 0.130438
v 0.003598 0.357434 0.128948
v -0.012576 0.368847 0.131697
v -0.011050 0.379354 0.135006
v -0.022020 0.382202 0.143137
v -0.017206 0.384985 0.142801
v -0.030438 0.350159 0.137985
v -0.014376 0.345070 0.126417
v -0.028454 0.359317 0.140787
v -0.013037 0.354421 0.128730
v 0.005971 0.344473 0.128149
v 0.005098 0.354536 0.129444
v 0.015070 0.354923 0.131079
v 0.014470 0.342861 0.130828
v 0.027681 0.363590 0.138663
v 0.027184 0.352245 0.137563
v 0.040988 0.362912 0.146525
v 0.038851 0.373367 0.148039
v 0.044600 0.376090 0.160787
v 0.040803 0.381113 0.159832
v -0.044069 0.490077 0.171245
v -0.060348 0.495360 0.193252
v -0.012700 0.493779 0.209519
v -0.063147 0.491361 0.205147
v -0.016997 0.488094 0.216937
v -0.062768 0.481523 0.212537
v -0.055655 0.467846 0.214974
v 0.071307 0.468977 0.233926
v 0.071515 0.471907 0.246691
v 0.026669 0.484202 0.231569
v 0.021536 0.478450 0.238865
v 0.052351 0.327566 0.189428
v 0.063848 0.328366 0.190489
v 0.052406 0.318242 0.181787
v 0.064066 0.319333 0.182061
v 0.061600 0.349288 0.163561
v 0.049861 0.347959 0.161629
v 0.064773 0.315133 0.166923
v 0.045303 0.356379 0.194911
v 0.052992 0.313818 0.167121
v 0.056709 0.357098 0.198401
v -0.051873 0.495832 0.182584
v -0.060612 0.497683 0.194333
v -0.012850 0.495353 0.210480
v -0.063438 0.493613 0.206456
v -0.022094 0.480555 0.226578
v -0.063095 0.483567 0.213996
v -0.056303 0.470226 0.216072
v 0.071873 0.474019 0.247623
v 0.021368 0.479905 0.240049
v 0.015408 0.469801 0.246431
v 0.058074 0.464085 0.261605
v 0.047268 0.453200 0.257696
v -0.038798 0.429439 0.205432
v -0.016007 0.422809 0.221939
v -0.032180 0.463977 0.218957
v -0.018396 0.453048 0.240600
v -0.036092 0.462564 0.226121
v -0.043177 0.428583 0.210271
v -0.020902 0.421645 0.225942
v -0.012661 0.455011 0.234104
v -0.051570 0.367840 0.161321
v -0.047125 0.331608 0.154343
v -0.057320 0.335213 0.149465
v -0.051652 0.328587 0.138740
v -0.041458 0.324982 0.143618
v -0.033293 0.328618 0.129302
v -0.038030 0.363217 0.135680
v -0.043487 0.332222 0.124424
v -0.041376 0.364236 0.166199
v -0.027835 0.359612 0.140558
v -0.026519 0.466026 0.226998
v -0.026677 0.467503 0.228405
v -0.021855 0.479493 0.225539
v -0.017225 0.489611 0.218002
v -0.005313 0.497305 0.200431
v -0.005509 0.498715 0.200961
v -0.043554 0.492730 0.172111
v -0.052255 0.493051 0.181832
v -0.049129 0.457003 0.217699
v -0.048785 0.455095 0.216526
v 0.011675 0.455032 0.245259
v 0.015635 0.468501 0.245174
v 0.026581 0.485722 0.232647
v 0.033190 0.486604 0.219334
v 0.033216 0.488164 0.220241
v 0.036964 0.442848 0.253039
v 0.011410 0.456130 0.246563
v 0.036513 0.442292 0.251552
v 0.047006 0.452410 0.256102
v 0.057972 0.462925 0.259931
v 0.065818 0.472169 0.256994
v 0.065591 0.470086 0.255903
v 0.071441 0.471701 0.234763
v 0.070350 0.465621 0.221595
v 0.070477 0.468730 0.222183
v -0.011098 0.416276 0.302717
v -0.009143 0.416764 0.306784
v -0.009241 0.415889 0.307539
v 0.005815 0.423064 0.299210
v 0.006864 0.422257 0.299544
v 0.004046 0.420299 0.293327
v -0.011333 0.415190 0.302759
v 0.003468 0.421362 0.293983
v -0.002729 0.404846 0.311737
v -0.003120 0.408759 0.311783
v -0.019952 0.409270 0.316201
v 0.016193 0.406206 0.304980
v 0.015338 0.411508 0.305286
v 0.023800 0.413657 0.302396
v -0.019206 0.406914 0.316923
v -0.021887 0.406541 0.316715
v -0.019800 0.404371 0.316132
v 0.026481 0.414153 0.299511
v 0.021098 0.418806 0.301087
v 0.028822 0.406638 0.296379
v -0.004715 0.412870 0.309104
v -0.022613 0.409253 0.316171
v -0.003619 0.412387 0.311015
v 0.013804 0.417177 0.304556
v 0.012582 0.417976 0.301556
v 0.021597 0.420144 0.296778
v 0.016593 0.404193 0.301529
v 0.024739 0.408060 0.301745
v -0.003946 0.403753 0.309808
v -0.022353 0.403796 0.315739
v 0.004485 0.532779 0.210668
v -0.000005 0.533494 0.215466
v 0.000415 0.534399 0.210852
v 0.004584 0.531657 0.215258
v 0.006171 0.529080 0.209521
v 0.006491 0.527514 0.213963
v -0.004582 0.531926 0.214478
v 0.004491 0.525515 0.208094
v 0.004592 0.523472 0.212352
v 0.000005 0.521913 0.211363
v -0.004574 0.523741 0.211571
v -0.003637 0.525753 0.207401
v -0.006480 0.527894 0.212858
v 0.000423 0.524125 0.207215
v -0.003644 0.533018 0.209976
v -0.005325 0.529417 0.208542
v -0.028888 0.522442 0.236623
v -0.028601 0.561578 0.239617
v -0.027334 0.522827 0.233916
v -0.027299 0.561540 0.239728
v -0.028636 0.522865 0.233805
v -0.027586 0.522404 0.236734
v -0.027552 0.561117 0.242546
v -0.028853 0.561155 0.242435
v -0.034580 0.566929 0.245405
v -0.025527 0.561026 0.237379
v -0.014624 0.565018 0.238954
v -0.013445 0.567487 0.239431
v -0.030169 0.561162 0.236984
v -0.030860 0.560004 0.244699
v -0.026218 0.559868 0.245094
v -0.023345 0.564704 0.238126
v -0.015315 0.563860 0.246670
v -0.014137 0.566329 0.247146
v -0.033966 0.563434 0.236984
v -0.034656 0.562276 0.244700
v -0.033889 0.568086 0.237690
v -0.024036 0.563546 0.245842
v -0.055512 0.276202 0.140884
v -0.044932 0.330514 0.154366
v -0.038225 0.281003 0.122851
v -0.040007 0.348436 0.161577
v -0.034157 0.343600 0.183707
v -0.030498 0.362291 0.187263
v -0.030408 0.332307 0.137214
v -0.018258 0.280540 0.118456
v -0.037340 0.367034 0.166743
v -0.027687 0.385372 0.168056
v -0.024541 0.390522 0.151619
v -0.027536 0.351835 0.141644
v -0.013524 0.333935 0.129924
v 0.013707 0.351599 0.134405
v -0.026939 0.371662 0.146183
v -0.009752 0.392276 0.145805
v -0.011882 0.353997 0.132258
v 0.013423 0.373522 0.138796
v -0.011574 0.372418 0.136925
v -0.030112 0.386640 0.168307
v -0.024181 0.382036 0.187147
v 0.013310 0.374738 0.135918
v 0.013952 0.352102 0.131731
v 0.012570 0.333791 0.130155
v 0.012275 0.333417 0.132837
v 0.006998 0.277393 0.125217
v -0.053718 0.264963 0.165846
v -0.039787 0.325195 0.178839
v -0.018204 0.281127 0.115769
v -0.039640 0.281778 0.120631
v 0.054573 0.280615 0.219173
v 0.033468 0.334593 0.205942
v 0.038503 0.286014 0.240743
v 0.050664 0.329798 0.191164
v 0.046437 0.345034 0.184768
v 0.029356 0.346657 0.200142
v 0.026289 0.360882 0.201454
v 0.048403 0.323571 0.164940
v 0.043388 0.362664 0.187892
v 0.038512 0.326558 0.148338
v 0.015141 0.328529 0.137460
v 0.046567 0.344554 0.162692
v 0.046184 0.365803 0.165473
v 0.038518 0.347341 0.146842
v 0.038431 0.369696 0.151270
v 0.022155 0.378597 0.200071
v 0.035830 0.380273 0.187087
v 0.045618 0.385936 0.171643
v 0.043008 0.385100 0.171857
v 0.034269 0.388742 0.158994
v 0.012435 0.390129 0.148443
v 0.016226 0.373532 0.139352
v 0.015532 0.348193 0.135458
v 0.009515 0.263777 0.176270
v 0.032077 0.348766 0.201409
v 0.010247 0.262565 0.173919
v 0.034871 0.265810 0.183085
v 0.052184 0.271019 0.194772
v 0.049738 0.271505 0.195919
v 0.057211 0.281124 0.219748
v 0.040696 0.286954 0.242116
v -0.027915 0.487722 0.229728
v -0.025162 0.492851 0.212848
v -0.014203 0.493740 0.206772
v -0.000332 0.493733 0.205194
v 0.022311 0.486249 0.234005
v -0.028275 0.482187 0.245305
v -0.022853 0.481799 0.239470
v -0.027771 0.484477 0.243198
v -0.030355 0.485360 0.241188
v -0.002241 0.494032 0.227705
v 0.022762 0.491446 0.216929
v 0.013049 0.492941 0.209093
v -0.024987 0.491564 0.248287
v -0.027174 0.493417 0.247339
v -0.035041 0.492515 0.231878
v -0.026200 0.505183 0.235109
v -0.025583 0.516358 0.239689
v -0.025379 0.520434 0.252055
v -0.023350 0.512349 0.239121
v -0.023991 0.509943 0.247868
v -0.023756 0.504575 0.236906
v -0.020547 0.494928 0.250859
v -0.016321 0.501733 0.258632
v -0.014036 0.498148 0.262465
v -0.017354 0.502362 0.254172
v -0.021921 0.511683 0.251534
v -0.023787 0.533598 0.253412
v -0.015363 0.541975 0.256824
v -0.016545 0.545856 0.242624
v -0.016722 0.530059 0.265018
v -0.017157 0.517138 0.263949
v -0.004816 0.529264 0.270075
v -0.004169 0.538581 0.265686
v -0.016818 0.511497 0.261909
v -0.007841 0.512413 0.267034
v -0.006830 0.500643 0.267604
v -0.010666 0.483582 0.265183
v -0.006618 0.497147 0.267896
v -0.005684 0.478536 0.262803
v -0.009377 0.476007 0.256591
v -0.014633 0.472909 0.253568
v -0.022088 0.474155 0.255119
v 0.008659 0.479209 0.261628
v 0.011499 0.473170 0.257979
v 0.004354 0.472352 0.255185
v -0.001148 0.475765 0.257292
v -0.005334 0.475837 0.257762
v -0.000891 0.483296 0.266015
v -0.005934 0.485182 0.268027
v 0.003732 0.497626 0.263978
v 0.006836 0.501054 0.260605
v -0.004081 0.500563 0.267838
v -0.004543 0.497086 0.268073
v -0.005525 0.500954 0.268649
v -0.005271 0.511851 0.269425
v -0.002306 0.512251 0.267506
v -0.005178 0.515820 0.269704
v 0.007339 0.510789 0.263966
v 0.007656 0.516410 0.266063
v 0.014124 0.510626 0.254604
v 0.017947 0.519164 0.255745
v 0.007799 0.529340 0.267106
v 0.016678 0.508751 0.251332
v -0.002130 0.538521 0.265860
v 0.008539 0.541274 0.258860
v -0.001385 0.543600 0.258859
v -0.000022 0.548300 0.244471
v 0.016918 0.532404 0.256879
v 0.023389 0.523895 0.240345
v 0.020000 0.515021 0.243571
v 0.022398 0.506140 0.236274
v 0.020731 0.503807 0.239105
v 0.017665 0.511146 0.242613
v 0.008642 0.501599 0.256386
v 0.011911 0.493977 0.253623
v 0.017987 0.503350 0.240461
v 0.018938 0.492065 0.251266
v 0.016519 0.490347 0.251822
v -0.004099 0.548420 0.244123
v -0.014309 0.545629 0.229115
v -0.021596 0.538556 0.226798
v -0.025300 0.537291 0.240555
v -0.027847 0.525397 0.235981
v -0.024049 0.527282 0.222948
v -0.027227 0.507596 0.232048
v -0.013082 0.539488 0.216252
v -0.007515 0.543304 0.218464
v -0.015412 0.528812 0.211918
v 0.000260 0.528798 0.210313
v -0.025730 0.511171 0.216891
v -0.016606 0.512238 0.206123
v 0.000238 0.511857 0.204736
v 0.000311 0.505478 0.201679
v -0.030066 0.507160 0.213943
v -0.033472 0.501407 0.236229
v -0.031357 0.499178 0.210626
v -0.018119 0.505931 0.203186
v -0.017164 0.497764 0.201767
v 0.001191 0.548136 0.230174
v 0.012337 0.545009 0.245084
v 0.012397 0.544846 0.231390
v 0.019546 0.537350 0.230302
v 0.020793 0.535939 0.244480
v 0.021954 0.525934 0.226866
v 0.013005 0.538723 0.218474
v 0.007385 0.542868 0.219733
v 0.000189 0.539433 0.214807
v 0.015409 0.527908 0.214543
v 0.023695 0.509722 0.221100
v 0.016599 0.511264 0.208951
v 0.028234 0.505450 0.218908
v 0.027477 0.499620 0.241419
v 0.029592 0.497391 0.215817
v 0.018217 0.504866 0.206280
v 0.000186 0.497747 0.200489
v 0.017042 0.496761 0.204680
v -0.001967 0.554043 0.245158
v -0.003588 0.554090 0.245020
v -0.004970 0.549077 0.259526
v 0.003058 0.559658 0.207374
v -0.000596 0.556367 0.229858
v 0.001428 0.559706 0.207235
v -0.003350 0.549029 0.259664
v -0.003931 0.543460 0.264575
v -0.002302 0.543412 0.264713
v -0.019558 0.480036 0.259225
v -0.020059 0.494484 0.251115
v -0.012198 0.481103 0.261092
v -0.025033 0.490711 0.251114
v -0.006208 0.538640 0.265512
v -0.005552 0.543507 0.264437
v -0.005463 0.543720 0.258511
v -0.002246 0.553122 0.228936
v -0.002887 0.548255 0.229827
v -0.002219 0.556357 0.229730
v -0.002111 0.545461 0.219754
v -0.001417 0.553132 0.219205
v -0.000192 0.559754 0.207097
v -0.000245 0.556510 0.206606
v 0.003004 0.556415 0.206882
v -0.001649 0.550117 0.220884
v 0.001375 0.556463 0.206744
v 0.001967 0.545341 0.220102
v -0.000039 0.550052 0.221139
v -0.000072 0.545401 0.219928
v 0.001601 0.550022 0.221161
v 0.001832 0.553036 0.219482
v 0.000203 0.553084 0.219343
v -0.028706 0.517031 0.225947
v -0.023632 0.521557 0.226217
v -0.023867 0.525336 0.230279
v -0.024353 0.525534 0.236046
v -0.029653 0.522860 0.239076
v -0.024765 0.523112 0.240052
v -0.024994 0.518545 0.241174
v -0.025050 0.514278 0.240362
v -0.025499 0.503033 0.237447
v -0.029465 0.514222 0.233890
v -0.028619 0.521597 0.226491
v -0.028843 0.524938 0.230275
v -0.029288 0.525000 0.235524
v -0.029857 0.518794 0.240062
v -0.024102 0.505374 0.221845
v -0.023747 0.516463 0.225805
v -0.029922 0.514994 0.239522
v -0.030148 0.502332 0.236415
v -0.028804 0.506657 0.222127
v 0.019712 0.480780 0.249392
v 0.015340 0.480679 0.242723
v 0.019706 0.483085 0.247241
v 0.022638 0.483806 0.245701
v 0.029239 0.490630 0.237352
v 0.001164 0.480711 0.262230
v 0.011362 0.493563 0.253791
v 0.016045 0.489507 0.254613
v -0.001720 0.548982 0.259803
v -0.000338 0.553995 0.245297
v 0.001003 0.553027 0.229212
v 0.001031 0.556262 0.230006
v 0.020545 0.515164 0.229576
v 0.020659 0.520258 0.229989
v 0.020424 0.524038 0.234051
v 0.024487 0.521272 0.243686
v 0.019939 0.524235 0.239817
v 0.019526 0.521813 0.243824
v 0.019297 0.517247 0.244946
v 0.024218 0.513406 0.244133
v 0.024283 0.517206 0.244672
v 0.019241 0.512980 0.244134
v 0.024229 0.500737 0.241046
v 0.019521 0.501713 0.241281
v 0.025521 0.520010 0.231102
v 0.025297 0.523350 0.234886
v 0.024852 0.523413 0.240134
v 0.020918 0.504054 0.225679
v 0.025434 0.515444 0.230557
v 0.024675 0.512635 0.238501
v 0.025572 0.505062 0.226757
v -0.053862 0.150939 0.065357
v -0.036487 0.141347 0.080244
v -0.058387 0.144147 0.075284
v -0.039129 0.133015 0.092692
v -0.056666 0.133707 0.119983
v -0.035805 0.154113 0.091260
v -0.039806 0.142876 0.100921
v -0.045696 0.134576 0.115759
v -0.041375 0.154608 0.098611
v -0.052775 0.148755 0.101376
v -0.044866 0.142847 0.111295
v -0.050407 0.159341 0.101583
v -0.056850 0.146178 0.117251
v -0.067967 0.144252 0.105585
v -0.066671 0.132892 0.109572
v -0.065839 0.145952 0.093000
v -0.063818 0.135699 0.087304
v -0.060829 0.154914 0.083757
v -0.060207 0.156588 0.094034
v -0.054371 0.165242 0.070330
v -0.043745 0.153872 0.061368
v -0.039840 0.174535 0.077813
v -0.043437 0.166780 0.067198
v -0.034736 0.162946 0.073556
v -0.034649 0.150742 0.066350
v -0.017186 0.241789 0.132805
v -0.013953 0.245418 0.119933
v -0.017135 0.245845 0.122858
v -0.026620 0.250962 0.114402
v -0.028090 0.249929 0.118103
v -0.039348 0.250406 0.120002
v -0.050814 0.244822 0.128551
v -0.047140 0.238852 0.139325
v -0.019473 0.235300 0.142360
v -0.037510 0.233183 0.146902
v -0.024979 0.236032 0.143155
v -0.049444 0.174837 0.079340
v -0.048740 0.169970 0.102702
v -0.047527 0.170697 0.100822
v 0.032345 0.132902 0.198914
v 0.021271 0.132988 0.234915
v 0.034465 0.133209 0.262880
v 0.022360 0.132850 0.203114
v 0.021238 0.132919 0.219949
v 0.019762 0.149642 0.221675
v 0.020879 0.145725 0.238778
v 0.024422 0.133109 0.256477
v 0.023878 0.155126 0.229315
v 0.033559 0.152036 0.240297
v 0.023710 0.144246 0.252704
v 0.032787 0.160091 0.229745
v 0.034441 0.146023 0.260954
v 0.047411 0.145055 0.251053
v 0.046118 0.133250 0.253851
v 0.048015 0.146866 0.234470
v 0.046633 0.133160 0.233294
v 0.045621 0.147283 0.219540
v 0.043798 0.133071 0.218187
v 0.041444 0.132996 0.205553
v 0.043314 0.155036 0.227595
v 0.042232 0.147635 0.201722
v 0.032078 0.146844 0.196414
v 0.022218 0.146993 0.202192
v 0.041697 0.247689 0.207510
v 0.044209 0.246900 0.204599
v 0.048629 0.247489 0.211960
v 0.048851 0.246507 0.223883
v 0.039774 0.247159 0.234334
v 0.015298 0.248351 0.212237
v 0.031199 0.161618 0.199972
v 0.031573 0.159642 0.196997
v 0.030711 0.168044 0.223880
v 0.031048 0.168111 0.226210
v 0.044196 0.163904 0.218696
v 0.020635 0.163098 0.219412
v -0.010263 0.404750 0.293595
v -0.009211 0.396381 0.301304
v -0.022594 0.401334 0.314722
v -0.006724 0.399603 0.308431
v -0.021931 0.406451 0.316737
v -0.003462 0.409096 0.311048
v 0.014116 0.411578 0.304232
v -0.023342 0.412718 0.315530
v -0.005245 0.416969 0.306403
v -0.025208 0.412789 0.309216
v 0.019597 0.395906 0.302777
v 0.013673 0.387805 0.291961
v 0.024148 0.391054 0.281855
v -0.010696 0.413996 0.296989
v -0.025570 0.407003 0.306255
v 0.010298 0.423186 0.297791
v 0.002518 0.417171 0.284175
v 0.003676 0.403368 0.277500
v -0.050608 0.413765 0.221713
v -0.058442 0.409937 0.205851
v -0.049074 0.405807 0.179103
v -0.063329 0.417373 0.207491
v -0.061778 0.427844 0.204098
v -0.067817 0.428806 0.185744
v -0.053217 0.432271 0.200530
v -0.041897 0.426207 0.218291
v -0.077503 0.410990 0.177055
v -0.069670 0.399931 0.173073
v -0.066567 0.404728 0.156978
v -0.052613 0.405278 0.169239
v -0.076523 0.412636 0.160625
v -0.071722 0.430391 0.174249
v -0.055410 0.434317 0.182690
v -0.045003 0.423164 0.199644
v -0.048101 0.413037 0.199667
v -0.045728 0.420658 0.181349
v 0.022524 0.411733 0.305472
v 0.020834 0.415826 0.303334
v 0.003596 0.409978 0.310004
v 0.002678 0.412666 0.310276
v 0.022356 0.415099 0.306368
v 0.004575 0.412777 0.313737
v 0.004726 0.409411 0.312859
v 0.020996 0.412454 0.302449
v -0.003979 0.408802 0.312569
v 0.053873 0.359942 0.169918
v 0.055141 0.348096 0.166331
v 0.054560 0.343077 0.173271
v 0.053762 0.348708 0.167628
v 0.053252 0.344871 0.173434
v 0.054840 0.354770 0.165221
v 0.056045 0.348862 0.167930
v 0.052566 0.358581 0.171666
v 0.055811 0.354152 0.167022
v 0.054849 0.358734 0.171968
v 0.053527 0.353999 0.166720
v 0.055535 0.345024 0.173736
v 0.051598 0.377710 0.161508
v 0.050854 0.353259 0.179536
v 0.055629 0.355439 0.175518
v 0.055150 0.353547 0.180104
v 0.057472 0.319899 0.173603
v 0.054728 0.319715 0.173240
v 0.055001 0.320180 0.170933
v 0.054422 0.364990 0.179808
v 0.050126 0.364702 0.179239
v 0.053056 0.369317 0.154741
v 0.055894 0.377998 0.162076
v 0.057352 0.369605 0.155310
v 0.056000 0.323953 0.172074
v 0.059785 0.316669 0.174687
v 0.056630 0.317122 0.170773
v 0.055206 0.322606 0.178767
v 0.052657 0.316191 0.173745
v 0.052027 0.323021 0.175045
v 0.055836 0.315775 0.177466
v 0.059156 0.323498 0.175988
v 0.052555 0.367860 0.159263
v 0.056851 0.368148 0.159831
v 0.057824 0.323177 0.169281
v 0.051316 0.355121 0.175099
v 0.057764 0.320394 0.171146
v 0.055133 0.321187 0.169430
v 0.057895 0.321401 0.169644
v 0.055062 0.322963 0.169067
v 0.060071 0.323762 0.171429
v 0.047115 0.368606 0.186587
v 0.054890 0.369127 0.187615
v 0.047978 0.370070 0.179320
v 0.055752 0.370591 0.180348
v 0.054907 0.360713 0.191754
v 0.058013 0.327025 0.185338
v 0.047312 0.366468 0.186180
v 0.052296 0.323241 0.170401
v 0.051261 0.321485 0.179121
v 0.055087 0.366989 0.187208
v 0.047132 0.360192 0.190726
v 0.059036 0.322006 0.180149
v 0.050239 0.326503 0.184310
v 0.050592 0.320870 0.173933
v 0.057019 0.365827 0.183751
v 0.061100 0.321574 0.175322
v 0.057299 0.366303 0.181389
v 0.046791 0.365598 0.179999
v 0.050872 0.321346 0.171571
v 0.061380 0.322050 0.172960
v 0.046511 0.365123 0.182361
v 0.050345 0.370476 0.191257
v 0.050566 0.368082 0.190801
v 0.044736 0.368948 0.183430
v 0.045904 0.370546 0.188737
v 0.046125 0.368152 0.188281
v 0.044516 0.371342 0.183886
v 0.046995 0.372397 0.179548
v 0.047216 0.370003 0.179092
v 0.056549 0.370628 0.180326
v 0.051888 0.373093 0.178262
v 0.056329 0.373022 0.180782
v 0.057937 0.369833 0.185176
v 0.057716 0.372227 0.185632
v 0.055238 0.371172 0.189971
v 0.028549 0.440201 0.142533
v 0.006625 0.441954 0.133700
v 0.025624 0.493069 0.177547
v 0.016001 0.484632 0.193916
v 0.015780 0.494451 0.199178
v 0.026018 0.492123 0.172952
v 0.049984 0.486411 0.184975
v 0.025863 0.459821 0.136331
v 0.032624 0.454367 0.146200
v 0.025583 0.451109 0.156544
v 0.013527 0.450568 0.156467
v 0.013117 0.447736 0.155900
v 0.007319 0.455574 0.147407
v 0.013169 0.461121 0.138425
v 0.024618 0.474348 0.145918
v 0.031433 0.456656 0.147562
v 0.024976 0.463780 0.163985
v 0.006355 0.453189 0.146031
v 0.007270 0.435743 0.135808
v 0.012728 0.459232 0.136246
v 0.025226 0.461662 0.138503
v 0.030834 0.469335 0.154990
v 0.025398 0.466021 0.166365
v 0.012902 0.463239 0.163907
v 0.006686 0.468252 0.154835
v 0.011861 0.476938 0.146608
v 0.012544 0.473807 0.145840
v 0.030336 0.500084 0.172986
v 0.031776 0.472069 0.156571
v 0.012251 0.465432 0.166280
v 0.005483 0.470890 0.156402
v 0.010540 0.504924 0.163082
v 0.025008 0.477528 0.146693
v 0.026679 0.442341 0.126156
v 0.033407 0.436915 0.135976
v 0.026252 0.448325 0.155985
v 0.027066 0.430903 0.145712
v -0.006864 0.499597 0.187838
v -0.006686 0.490368 0.180676
v 0.003913 0.497651 0.166329
v -0.004100 0.449518 0.154848
v -0.002430 0.422528 0.140617
v 0.038262 0.488569 0.210418
v 0.040197 0.478898 0.204142
v 0.043318 0.437916 0.178581
v 0.052508 0.434515 0.154568
v 0.043231 0.411358 0.163467
v 0.034360 0.405332 0.175301
v 0.013903 0.410695 0.161975
v 0.020561 0.416424 0.151460
v -0.009050 0.415945 0.153584
v 0.028403 0.435673 0.143945
v -0.049785 0.422112 0.220549
v -0.057930 0.417647 0.223397
v -0.056995 0.425050 0.222086
v -0.043191 0.417185 0.219093
v -0.049095 0.431180 0.220169
v -0.045536 0.476200 0.212002
v -0.025830 0.492542 0.208842
v -0.028737 0.476430 0.218360
v -0.045943 0.487541 0.201934
v -0.040380 0.460700 0.211246
v -0.055519 0.463692 0.198092
v -0.061482 0.454898 0.187794
v -0.062490 0.458727 0.182051
v -0.059488 0.461465 0.176247
v -0.052448 0.473229 0.180522
v -0.057955 0.467299 0.188411
v -0.035990 0.481520 0.179235
v -0.042660 0.488228 0.187069
v -0.023707 0.492848 0.192143
v -0.075865 0.422860 0.153000
v -0.057494 0.434689 0.151393
v -0.068376 0.432623 0.164594
v -0.073096 0.424349 0.158893
v -0.068964 0.415043 0.148736
v -0.075441 0.404904 0.157029
v -0.056580 0.408668 0.152060
v -0.072792 0.421969 0.153911
v -0.070365 0.422602 0.159010
v -0.076942 0.410477 0.163941
v -0.067748 0.415475 0.150660
v -0.057761 0.411062 0.153100
v -0.056641 0.410320 0.156457
v -0.024544 0.402002 0.309187
v -0.023719 0.407236 0.311829
v 0.044424 0.464286 0.244030
v 0.031149 0.467130 0.233683
v 0.055751 0.468517 0.239116
v 0.034021 0.453026 0.240939
v 0.051577 0.449907 0.246819
v 0.056263 0.439615 0.247743
v 0.061865 0.440136 0.245754
v 0.063971 0.450039 0.236124
v 0.064567 0.439916 0.240703
v 0.060033 0.448744 0.244267
v 0.059039 0.455702 0.222114
v 0.062140 0.463377 0.230126
v 0.050476 0.468890 0.217207
v 0.042598 0.475021 0.226047
v 0.044873 0.404876 0.280966
v 0.048359 0.409910 0.271622
v 0.030304 0.395107 0.296388
v 0.039921 0.395875 0.272029
v 0.027407 0.386980 0.290209
v 0.027288 0.397211 0.265785
v 0.022086 0.402868 0.267427
v 0.042008 0.405576 0.279535
v 0.027905 0.396535 0.295042
v 0.038103 0.398452 0.272917
v 0.025834 0.389887 0.290381
v 0.028097 0.399595 0.267910
v 0.032656 0.406155 0.260369
v 0.028773 0.410534 0.261594
v 0.024346 0.404128 0.269425
v -0.011354 0.442366 0.233419
v -0.031740 0.462033 0.219513
v -0.009013 0.453107 0.234987
v 0.018108 0.447666 0.243371
v -0.034932 0.450737 0.216061
v -0.032930 0.464952 0.215798
v -0.041814 0.436004 0.203000
v 0.017346 0.435691 0.241084
v 0.025074 0.452092 0.239991
v 0.037051 0.474879 0.236837
v 0.028490 0.489149 0.219029
v 0.043017 0.477616 0.223993
v 0.047462 0.474950 0.212478
v 0.017442 0.484016 0.198265
v 0.024264 0.484287 0.233194
v 0.015055 0.492319 0.208257
v 0.017683 0.474652 0.241200
v 0.029987 0.463483 0.245605
v 0.020394 0.439016 0.245925
v 0.009092 0.462683 0.243164
v -0.011078 0.445962 0.235004
v -0.008291 0.460945 0.238197
v -0.038387 0.456391 0.218712
v -0.020276 0.471136 0.229123
v -0.032603 0.481664 0.215554
v -0.018101 0.484952 0.224092
v -0.001238 0.497705 0.204816
v -0.025125 0.492469 0.206568
v -0.011489 0.494577 0.216100
v -0.013239 0.491057 0.183089
v -0.017935 0.494285 0.194287
v -0.037319 0.344144 0.183956
v -0.038105 0.344870 0.180583
v -0.033033 0.362752 0.188192
v -0.044119 0.326211 0.178048
v -0.034100 0.363529 0.184882
v -0.029389 0.380060 0.183394
v -0.039973 0.367781 0.166716
v -0.026453 0.391721 0.150050
v -0.042624 0.349036 0.161203
v -0.044599 0.326934 0.174574
v -0.029183 0.372347 0.144427
v -0.029414 0.352449 0.139773
v -0.011426 0.373330 0.134705
v 0.008215 0.374709 0.136244
v -0.012465 0.354568 0.129653
v 0.008314 0.352223 0.131224
v -0.014017 0.334384 0.127277
v -0.032164 0.332938 0.135240
v 0.007315 0.333903 0.129581
v 0.004441 0.281774 0.122226
v 0.007752 0.277904 0.122628
v -0.017548 0.284708 0.116827
v -0.038777 0.285148 0.122033
v -0.047500 0.331236 0.153742
v -0.057127 0.280234 0.141544
v -0.058112 0.276842 0.140268
v -0.055508 0.269971 0.163633
v -0.056409 0.265403 0.166216
v 0.027982 0.361199 0.203517
v 0.034586 0.348266 0.199072
v 0.037464 0.339375 0.208696
v 0.030711 0.361501 0.201309
v 0.028338 0.375946 0.199665
v 0.023663 0.378889 0.203083
v 0.037875 0.381182 0.188676
v 0.045699 0.363147 0.189204
v 0.048938 0.345383 0.185647
v 0.039733 0.338085 0.206260
v 0.048837 0.366168 0.164998
v 0.049215 0.344648 0.162086
v 0.039082 0.367691 0.147681
v 0.021648 0.373960 0.140122
v 0.013929 0.393508 0.147643
v 0.017502 0.374510 0.137125
v 0.016778 0.348360 0.133108
v 0.040442 0.347459 0.144980
v 0.021815 0.347921 0.135614
v 0.016327 0.328409 0.135114
v 0.040364 0.326457 0.146418
v 0.050996 0.323515 0.164174
v 0.021080 0.328018 0.137345
v 0.014630 0.266954 0.170272
v 0.036259 0.264697 0.180987
v 0.036509 0.268797 0.176394
v 0.052030 0.274427 0.190463
v 0.053285 0.330324 0.191683
v 0.056734 0.283890 0.216752
v 0.042423 0.288043 0.235979
v -0.035917 0.381741 0.157076
v -0.030628 0.379607 0.160539
v -0.042458 0.382251 0.158291
v -0.036255 0.379481 0.156201
v -0.042797 0.379991 0.157415
v -0.002720 0.390352 0.128919
v -0.004371 0.396881 0.136138
v -0.005980 0.386519 0.139690
v -0.002167 0.405472 0.131094
v 0.038360 0.387054 0.141227
v 0.036709 0.393584 0.148446
v -0.010515 0.402532 0.144181
v 0.005851 0.393191 0.174409
v -0.027991 0.398987 0.151970
v -0.032588 0.394847 0.170424
v -0.029756 0.390109 0.189261
v -0.004579 0.384309 0.203914
v -0.023552 0.371728 0.191530
v 0.004355 0.376044 0.173696
v 0.017614 0.368239 0.203760
v -0.011175 0.384906 0.137759
v 0.026349 0.370122 0.201696
v 0.050060 0.378227 0.170706
v 0.051116 0.371784 0.184759
v 0.055459 0.368778 0.189515
v 0.051337 0.369390 0.184303
v 0.052109 0.370699 0.177806
v 0.029869 0.472104 0.163646
v 0.039232 0.464686 0.165163
v 0.040614 0.469093 0.164553
v 0.033920 0.474396 0.163469
v 0.029364 0.482485 0.169728
v 0.046947 0.471211 0.169986
v 0.048091 0.467649 0.172762
v 0.033560 0.481817 0.167817
v 0.038223 0.485447 0.177327
v 0.041026 0.477246 0.167715
v 0.046587 0.478632 0.174334
v 0.047586 0.478029 0.178844
v 0.039893 0.483935 0.173249
v 0.013610 0.441755 0.126072
v 0.015471 0.436195 0.126014
v 0.025324 0.436636 0.126077
v 0.010691 0.431662 0.133353
v 0.030396 0.432546 0.133480
v 0.020676 0.429383 0.131822
v 0.015763 0.427571 0.140756
v 0.013998 0.430317 0.145628
v 0.025616 0.428014 0.140820
v 0.011990 0.507813 0.167974
v 0.004199 0.498912 0.172818
v 0.021842 0.508255 0.168037
v 0.023608 0.505510 0.163166
v 0.007210 0.503281 0.175314
v 0.010927 0.493485 0.182637
v 0.026914 0.504164 0.175440
v 0.016930 0.506443 0.176971
v 0.012282 0.499190 0.182717
v 0.023995 0.494071 0.182721
v 0.022134 0.499632 0.182780
v -0.235942 0.369317 -0.178555
v -0.237480 0.366288 -0.175403
v -0.236951 0.365157 -0.178244
v -0.238643 0.362411 -0.177350
v -0.238578 0.366731 -0.176122
v -0.234747 0.365294 -0.181524
v -0.234844 0.368873 -0.177836
v -0.246115 0.427460 -0.068078
v -0.150162 0.358063 -0.149835
v -0.150455 0.355437 -0.146290
v -0.148810 0.354021 -0.152710
v -0.149369 0.351141 -0.147027
v -0.149084 0.355528 -0.146109
v -0.149326 0.353985 -0.148790
v -0.148791 0.358155 -0.149654
v -0.232389 0.366106 -0.184625
v -0.239796 0.354798 -0.180279
v -0.240423 0.356934 -0.180230
v -0.234667 0.359743 -0.185067
v -0.233735 0.370891 -0.179621
v -0.236031 0.369992 -0.178891
v -0.234202 0.369254 -0.177693
v -0.234400 0.365772 -0.183983
v -0.236221 0.360728 -0.184310
v -0.232570 0.365034 -0.182785
v -0.238593 0.356196 -0.179032
v -0.234391 0.359990 -0.183112
v -0.239676 0.367004 -0.177127
v -0.242622 0.365121 -0.173788
v -0.245347 0.333657 -0.187502
v -0.223021 0.387408 -0.181623
v -0.236174 0.374599 -0.169428
v -0.239179 0.363732 -0.171534
v -0.244554 0.332268 -0.184222
v -0.243055 0.332802 -0.186181
v -0.246753 0.333155 -0.185662
v -0.226464 0.388797 -0.183878
v -0.239617 0.375988 -0.171682
v -0.221316 0.379620 -0.189026
v -0.224759 0.381009 -0.191280
v -0.248826 0.337085 -0.184344
v -0.243871 0.336681 -0.185219
v -0.247952 0.335227 -0.179882
v -0.248918 0.328779 -0.182379
v -0.243114 0.334781 -0.180604
v -0.244837 0.330232 -0.187716
v -0.249792 0.330638 -0.186840
v -0.244080 0.328334 -0.183100
v -0.227651 0.379508 -0.187787
v -0.224209 0.378119 -0.185533
v -0.243612 0.336347 -0.188494
v -0.236142 0.365647 -0.174991
v -0.241965 0.333797 -0.187233
v -0.244255 0.334652 -0.188555
v -0.241321 0.335492 -0.187173
v -0.245536 0.333131 -0.177292
v -0.244255 0.380167 -0.165412
v -0.233593 0.379233 -0.167127
v -0.238025 0.377654 -0.161332
v -0.240219 0.335027 -0.184244
v -0.242429 0.369560 -0.159592
v -0.239823 0.381746 -0.171206
v -0.244557 0.378148 -0.166194
v -0.246449 0.337540 -0.188324
v -0.253425 0.340271 -0.175986
v -0.248659 0.372074 -0.163672
v -0.238327 0.375635 -0.162114
v -0.247195 0.337758 -0.171907
v -0.251766 0.335645 -0.181371
v -0.241767 0.332324 -0.180882
v -0.250188 0.335721 -0.186396
v -0.234066 0.374612 -0.166589
v -0.235506 0.374099 -0.164706
v -0.248748 0.336235 -0.188279
v -0.240327 0.332838 -0.182765
v -0.242487 0.378009 -0.172103
v -0.243927 0.377496 -0.170220
v -0.243066 0.380328 -0.159556
v -0.243405 0.378068 -0.160431
v -0.244394 0.383875 -0.168200
v -0.244733 0.381614 -0.169075
v -0.240043 0.384248 -0.170847
v -0.240382 0.381988 -0.171723
v -0.232902 0.378970 -0.166825
v -0.235143 0.383153 -0.169916
v -0.235482 0.380893 -0.170791
v -0.232564 0.381231 -0.165950
v -0.234154 0.377347 -0.162149
v -0.238505 0.376973 -0.159500
v -0.238166 0.379233 -0.158624
v -0.241799 0.449054 -0.040153
v -0.241699 0.448957 -0.038655
v -0.241873 0.443741 -0.038981
v -0.245687 0.449033 -0.038384
v -0.245757 0.443815 -0.038717
v -0.241973 0.443838 -0.040479
v -0.245857 0.443912 -0.040215
v -0.245787 0.449130 -0.039881
v -0.247185 0.430393 -0.072181
v -0.245800 0.434834 -0.065524
v -0.245318 0.435167 -0.070977
v -0.246064 0.432249 -0.068679
v -0.245499 0.430360 -0.072295
v -0.247003 0.435200 -0.070863
v -0.247882 0.430097 -0.074044
v -0.246225 0.422609 -0.068344
v -0.245643 0.424979 -0.060442
v -0.244924 0.434010 -0.052414
v -0.246692 0.434337 -0.057729
v -0.246610 0.427557 -0.075383
v -0.245072 0.430044 -0.074235
v -0.243881 0.434283 -0.057920
v -0.244741 0.424703 -0.067870
v -0.247552 0.424756 -0.067679
v -0.244279 0.426614 -0.061613
v -0.247090 0.426668 -0.061421
v -0.244529 0.433747 -0.085573
v -0.245700 0.412870 -0.096919
v -0.245066 0.405886 -0.085635
v -0.244887 0.411626 -0.084618
v -0.248762 0.435194 -0.070134
v -0.250171 0.411727 -0.084258
v -0.249814 0.433848 -0.085214
v -0.250350 0.405987 -0.085276
v -0.250984 0.412970 -0.096559
v -0.245310 0.436873 -0.097936
v -0.244879 0.433675 -0.098172
v -0.243478 0.435094 -0.070493
v -0.250670 0.433785 -0.097778
v -0.250595 0.436974 -0.097576
v -0.249428 0.431314 -0.051757
v -0.249532 0.433249 -0.053503
v -0.240480 0.431251 -0.052349
v -0.240581 0.433184 -0.054096
v -0.249570 0.429538 -0.053689
v -0.240621 0.429476 -0.054281
v -0.249672 0.431501 -0.055460
v -0.240723 0.431437 -0.056052
v -0.243394 0.427956 0.038674
v -0.243525 0.422379 0.038320
v -0.234759 0.430658 0.031092
v -0.235146 0.427797 0.026200
v -0.234340 0.427783 0.038058
v -0.234470 0.422206 0.037705
v -0.237516 0.419311 -0.006264
v -0.246571 0.419484 -0.005648
v -0.237568 0.426355 -0.009001
v -0.243813 0.430831 0.031708
v -0.244200 0.427970 0.026816
v -0.246622 0.426528 -0.008386
v -0.251204 0.432558 -0.097822
v -0.251433 0.430949 -0.100741
v -0.251101 0.436984 -0.097542
v -0.251477 0.437349 -0.103179
v -0.245138 0.430829 -0.101169
v -0.244908 0.432438 -0.098250
v -0.244805 0.436864 -0.097970
v -0.245181 0.437229 -0.103608
v -0.245285 0.432803 -0.103888
v -0.251581 0.432924 -0.103459
v -0.250336 0.433623 -0.044713
v -0.254372 0.449749 -0.108576
v -0.242921 0.446054 -0.113517
v -0.242870 0.446558 -0.107144
v -0.242791 0.449735 -0.112627
v -0.239750 0.447936 -0.067421
v -0.255131 0.438279 -0.116513
v -0.243156 0.445611 -0.116838
v -0.254954 0.445837 -0.116035
v -0.243333 0.438054 -0.117316
v -0.254720 0.446280 -0.112714
v -0.239843 0.443990 -0.067671
v -0.251641 0.444215 -0.066868
v -0.251549 0.448161 -0.066619
v -0.238538 0.433397 -0.045516
v -0.238232 0.446462 -0.044689
v -0.250031 0.446687 -0.043887
v -0.242573 0.449524 -0.109378
v -0.254589 0.449960 -0.111824
v -0.253892 0.446769 -0.106394
v -0.244141 0.446168 -0.044313
v -0.238321 0.442660 -0.044930
v -0.233593 0.438068 0.025880
v -0.238481 0.435848 -0.045361
v -0.233752 0.431256 0.025449
v -0.250120 0.442886 -0.044127
v -0.245551 0.431481 0.026251
v -0.250279 0.436073 -0.044558
v -0.239693 0.429569 0.025736
v -0.244422 0.434161 -0.045073
v -0.239413 0.441574 0.026496
v -0.245391 0.438294 0.026683
v -0.236188 0.435134 0.025863
v -0.239489 0.438326 0.026291
v -0.239639 0.431886 0.025883
v -0.242935 0.435263 0.026322
v -0.239401 0.431655 0.029447
v -0.235951 0.434903 0.029425
v -0.239251 0.438095 0.029852
v -0.242697 0.435032 0.029884
v -0.242490 0.445018 -0.045328
v -0.243835 0.446324 -0.065465
v -0.235378 0.444882 -0.045811
v -0.236723 0.446188 -0.065949
v -0.235583 0.436120 -0.046366
v -0.236928 0.437426 -0.066503
v -0.244040 0.437562 -0.066019
v -0.242695 0.436256 -0.045882
v -0.265180 0.443054 -0.044537
v -0.247309 0.442713 -0.045753
v -0.265322 0.436971 -0.044922
v -0.264388 0.436064 -0.030934
v -0.246517 0.435722 -0.032150
v -0.246375 0.441806 -0.031767
v -0.264246 0.442147 -0.030552
v -0.247451 0.436629 -0.046138
v -0.255013 0.444712 -0.064316
v -0.250298 0.444622 -0.064637
v -0.252720 0.442485 -0.029980
v -0.255184 0.437391 -0.064780
v -0.248177 0.435075 -0.030764
v -0.248006 0.442395 -0.030301
v -0.252891 0.435165 -0.030443
v -0.250470 0.437301 -0.065100
v -0.240622 0.431795 -0.056552
v -0.240538 0.428996 -0.054949
v -0.240470 0.434207 -0.054510
v -0.238894 0.433890 -0.048496
v -0.238949 0.428670 -0.048756
v -0.241140 0.433167 -0.033447
v -0.241657 0.427950 -0.033677
v -0.237363 0.424659 0.031630
v -0.236848 0.429876 0.031857
v -0.242248 0.440537 0.019020
v -0.242087 0.440435 0.020116
v -0.244574 0.447384 0.019557
v -0.244775 0.448154 0.020586
v -0.242925 0.440064 0.019687
v -0.245576 0.449510 0.018791
v -0.245452 0.447379 0.020151
v -0.246075 0.448591 0.018612
v -0.245003 0.448429 0.018461
v -0.245055 0.448870 0.016342
v -0.242133 0.440990 0.013673
v -0.242204 0.441083 0.012603
v -0.245576 0.447943 0.016565
v -0.244555 0.447833 0.016872
v -0.242937 0.440619 0.013117
v -0.247875 0.452052 -0.110084
v -0.245211 0.449466 -0.070203
v -0.245302 0.445605 -0.070447
v -0.247965 0.448191 -0.110328
v -0.249126 0.452076 -0.109999
v -0.246462 0.449490 -0.070118
v -0.249216 0.448215 -0.110243
v -0.246553 0.445629 -0.070362
v -0.240277 0.448268 -0.045865
v -0.243186 0.447327 -0.088377
v -0.251009 0.447476 -0.087845
v -0.244552 0.448653 -0.108829
v -0.252420 0.446863 -0.108420
v -0.240408 0.442645 -0.046218
v -0.241860 0.444055 -0.067957
v -0.241729 0.449677 -0.067601
v -0.243232 0.445387 -0.088500
v -0.244598 0.446713 -0.108952
v -0.248099 0.448417 -0.045333
v -0.248231 0.442795 -0.045686
v -0.249551 0.449827 -0.067070
v -0.249682 0.444204 -0.067425
v -0.251054 0.445536 -0.087968
v -0.252374 0.448803 -0.108297
v -0.249610 0.434382 -0.053888
v -0.249801 0.429173 -0.054319
v -0.249828 0.431971 -0.055926
v -0.250369 0.434109 -0.047715
v -0.250548 0.428891 -0.047967
v -0.246135 0.433262 -0.033107
v -0.245856 0.428031 -0.033391
v -0.241392 0.424736 0.031904
v -0.241671 0.429968 0.032185
v -0.237657 0.440449 0.018708
v -0.235021 0.447202 0.018907
v -0.237672 0.440351 0.019816
v -0.234653 0.447960 0.019897
v -0.234707 0.448233 0.017760
v -0.236916 0.439950 0.019278
v -0.234052 0.449290 0.018008
v -0.234071 0.447162 0.019377
v -0.233619 0.448352 0.017765
v -0.234926 0.448677 0.015653
v -0.238548 0.441013 0.012355
v -0.234413 0.447729 0.015806
v -0.235386 0.447657 0.016248
v -0.237771 0.440520 0.012766
v -0.238477 0.440920 0.013424
v -0.220952 0.337655 -0.136015
v -0.218615 0.342282 -0.129179
v -0.220174 0.355147 -0.128544
v -0.231681 0.363452 -0.136039
v -0.232280 0.357819 -0.139261
v -0.224684 0.372440 -0.131401
v -0.230639 0.373305 -0.135389
v -0.237188 0.369377 -0.152553
v -0.234973 0.378020 -0.153432
v -0.232096 0.374618 -0.174210
v -0.230446 0.383209 -0.173286
v -0.213774 0.359961 -0.188491
v -0.214567 0.344151 -0.183990
v -0.214331 0.384400 -0.181941
v -0.213391 0.393718 -0.178292
v -0.215388 0.378401 -0.183798
v -0.188479 0.358185 -0.185982
v -0.194223 0.342818 -0.181924
v -0.189634 0.344055 -0.127126
v -0.205764 0.334897 -0.130405
v -0.194649 0.345247 -0.123228
v -0.207072 0.340756 -0.124756
v -0.206770 0.353682 -0.123361
v -0.192280 0.355825 -0.122119
v -0.206748 0.368211 -0.122121
v -0.177683 0.362030 -0.122688
v -0.169363 0.359677 -0.128152
v -0.185928 0.370532 -0.121507
v -0.178410 0.370835 -0.122369
v -0.163679 0.365508 -0.133704
v -0.163619 0.356919 -0.134470
v -0.160028 0.341651 -0.157583
v -0.164514 0.373209 -0.134983
v -0.155991 0.368733 -0.154450
v -0.156966 0.376891 -0.153795
v -0.163696 0.357182 -0.174147
v -0.169349 0.336834 -0.169203
v -0.165953 0.381230 -0.167763
v -0.167075 0.390000 -0.164415
v -0.164962 0.375651 -0.169267
v -0.188857 0.383416 -0.179256
v -0.188867 0.377710 -0.180941
v -0.187095 0.342559 -0.180060
v -0.192704 0.335205 -0.175670
v -0.267253 0.410785 -0.166136
v -0.258248 0.409560 -0.163188
v -0.275141 0.416686 -0.162748
v -0.268345 0.413801 -0.169222
v -0.270810 0.426055 -0.156557
v -0.259260 0.425680 -0.167331
v -0.273746 0.420755 -0.165902
v -0.271462 0.425853 -0.152927
v -0.263974 0.426300 -0.154525
v -0.267072 0.419784 -0.145866
v -0.255710 0.414374 -0.153242
v -0.256690 0.413803 -0.155918
v -0.258738 0.407158 -0.154433
v -0.257995 0.408045 -0.158826
v -0.267683 0.429511 -0.162642
v -0.271922 0.428770 -0.151688
v -0.254759 0.415926 -0.151917
v -0.253873 0.419569 -0.162787
v -0.251184 0.422997 -0.160621
v -0.269390 0.407272 -0.163971
v -0.277443 0.413844 -0.160691
v -0.270924 0.428022 -0.150993
v -0.261765 0.434538 -0.147324
v -0.262640 0.427870 -0.151362
v -0.250651 0.417302 -0.148987
v -0.253519 0.416877 -0.148559
v -0.248008 0.427230 -0.141051
v -0.261526 0.431727 -0.136079
v -0.267004 0.421530 -0.142365
v -0.243031 0.438522 -0.132516
v -0.239103 0.445699 -0.141222
v -0.253186 0.448836 -0.125587
v -0.266752 0.440400 -0.146189
v -0.267317 0.432427 -0.162768
v -0.258176 0.459157 -0.134874
v -0.244088 0.481374 -0.138855
v -0.251106 0.465001 -0.153274
v -0.236695 0.462051 -0.156793
v -0.259760 0.451879 -0.158369
v -0.261132 0.444601 -0.157320
v -0.251122 0.441515 -0.161917
v -0.257538 0.428581 -0.167150
v -0.242588 0.455336 -0.158948
v -0.241019 0.443128 -0.149179
v -0.245723 0.433801 -0.155311
v -0.248417 0.448845 -0.163352
v -0.228702 0.398580 -0.168100
v -0.212212 0.402582 -0.175431
v -0.188936 0.400885 -0.170861
v -0.189239 0.406784 -0.167137
v -0.168266 0.404691 -0.157585
v -0.159354 0.393013 -0.147323
v -0.167448 0.397879 -0.161181
v -0.229221 0.426375 -0.162642
v -0.217084 0.429927 -0.167737
v -0.228990 0.439818 -0.160521
v -0.212128 0.453831 -0.162219
v -0.226559 0.458001 -0.159948
v -0.234824 0.444904 -0.150186
v -0.211467 0.477713 -0.148431
v -0.210940 0.489515 -0.135117
v -0.236926 0.451299 -0.150326
v -0.220208 0.476238 -0.150650
v -0.219658 0.489377 -0.136753
v -0.215654 0.490639 -0.125577
v -0.205999 0.494147 -0.118189
v -0.239297 0.486417 -0.121172
v -0.247106 0.477185 -0.124251
v -0.220680 0.490304 -0.112545
v -0.204799 0.495944 -0.112960
v -0.212186 0.495054 -0.108859
v -0.218856 0.492084 -0.101316
v -0.194106 0.496743 -0.110988
v -0.195040 0.494740 -0.106865
v -0.185254 0.494181 -0.105182
v -0.188666 0.491515 -0.112925
v -0.174564 0.485099 -0.103160
v -0.186344 0.482899 -0.122968
v -0.168704 0.477316 -0.114959
v -0.161668 0.475333 -0.111560
v -0.181533 0.488531 -0.097210
v -0.190224 0.491560 -0.097988
v -0.173933 0.477369 -0.088468
v -0.166778 0.478387 -0.100675
v -0.154219 0.467424 -0.090924
v -0.143212 0.452060 -0.095300
v -0.155950 0.471039 -0.106294
v -0.151305 0.456406 -0.117706
v -0.156856 0.461995 -0.122322
v -0.161366 0.451875 -0.142339
v -0.149196 0.435734 -0.122961
v -0.157141 0.438380 -0.136263
v -0.159004 0.430727 -0.102216
v -0.185969 0.426176 -0.163745
v -0.211764 0.409735 -0.171756
v -0.209808 0.429292 -0.166402
v -0.208772 0.447361 -0.165539
v -0.198946 0.462692 -0.160306
v -0.160072 0.434992 -0.143717
v -0.166866 0.421007 -0.149842
v -0.160816 0.419182 -0.146000
v -0.203897 0.487446 -0.131785
v -0.182048 0.481694 -0.132680
v -0.232942 0.394708 -0.151055
v -0.233201 0.401352 -0.146219
v -0.229830 0.382927 -0.133800
v -0.230350 0.390152 -0.135260
v -0.207125 0.384601 -0.120614
v -0.206824 0.376678 -0.120251
v -0.207711 0.400522 -0.116480
v -0.178641 0.384784 -0.118828
v -0.167644 0.394601 -0.125580
v -0.166558 0.387733 -0.129922
v -0.161127 0.400101 -0.144481
v -0.157036 0.413111 -0.134628
v -0.162938 0.405597 -0.122823
v -0.161872 0.413984 -0.116855
v -0.155170 0.419840 -0.126836
v -0.154852 0.425246 -0.115606
v -0.175739 0.405750 -0.109212
v -0.175749 0.396587 -0.114788
v -0.178795 0.413726 -0.096874
v -0.184989 0.411644 -0.104602
v -0.186923 0.412036 -0.104486
v -0.189309 0.418435 -0.096206
v -0.165903 0.420041 -0.101164
v -0.179521 0.418145 -0.088774
v -0.170886 0.439012 -0.085300
v -0.168128 0.432937 -0.090229
v -0.223936 0.469741 -0.097207
v -0.213658 0.477275 -0.096362
v -0.220780 0.487779 -0.092448
v -0.217327 0.483629 -0.103289
v -0.213797 0.491441 -0.110050
v -0.225503 0.481907 -0.103235
v -0.236590 0.476449 -0.110183
v -0.234818 0.462162 -0.102452
v -0.239493 0.467067 -0.114756
v -0.237304 0.451690 -0.106884
v -0.205080 0.471290 -0.089320
v -0.190930 0.460242 -0.081818
v -0.211962 0.453385 -0.087156
v -0.193211 0.475431 -0.088225
v -0.184862 0.480700 -0.090369
v -0.181278 0.468642 -0.081053
v -0.168370 0.461626 -0.084324
v -0.150056 0.460198 -0.087338
v -0.184956 0.447810 -0.078613
v -0.185016 0.436640 -0.081885
v -0.227769 0.405451 -0.164447
v -0.235736 0.418357 -0.150408
v -0.236047 0.417156 -0.132770
v -0.237108 0.429710 -0.148015
v -0.239841 0.430878 -0.125690
v -0.232535 0.418638 -0.125234
v -0.231210 0.418907 -0.123594
v -0.233109 0.429505 -0.116282
v -0.241181 0.439919 -0.133302
v -0.243285 0.436499 -0.119260
v -0.243173 0.450056 -0.118191
v -0.242630 0.444734 -0.124209
v -0.235686 0.403594 -0.146272
v -0.230928 0.402080 -0.133816
v -0.233329 0.403873 -0.134120
v -0.228527 0.408060 -0.127368
v -0.225832 0.406509 -0.128192
v -0.203433 0.495524 -0.109456
v -0.216320 0.483384 -0.085410
v -0.206913 0.479681 -0.078909
v -0.205113 0.488662 -0.094663
v -0.190331 0.487221 -0.088908
v -0.196280 0.483017 -0.083081
v -0.210383 0.300753 -0.158901
v -0.225522 0.300883 -0.142817
v -0.222465 0.324947 -0.136077
v -0.236239 0.355132 -0.138817
v -0.231637 0.258459 -0.162404
v -0.232958 0.241461 -0.169508
v -0.244726 0.307486 -0.150510
v -0.239237 0.359737 -0.144594
v -0.244892 0.261391 -0.168235
v -0.246422 0.310871 -0.167577
v -0.240701 0.357448 -0.154506
v -0.240512 0.309506 -0.181025
v -0.231302 0.350340 -0.177933
v -0.249586 0.264719 -0.177188
v -0.224112 0.304556 -0.188238
v -0.214891 0.329457 -0.186218
v -0.196292 0.322724 -0.175859
v -0.247024 0.247994 -0.173912
v -0.242750 0.266355 -0.192102
v -0.205489 0.299444 -0.173833
v -0.226757 0.262229 -0.189895
v -0.223338 0.257705 -0.169932
v -0.251842 0.251996 -0.185494
v -0.220877 0.250436 -0.191510
v -0.243467 0.255237 -0.195109
v -0.230081 0.253435 -0.196265
v -0.252467 0.246254 -0.192145
v -0.247864 0.235393 -0.177118
v -0.251673 0.238293 -0.180605
v -0.248436 0.225251 -0.180970
v -0.256689 0.235738 -0.199398
v -0.250901 0.250435 -0.200314
v -0.248628 0.243713 -0.212521
v -0.243929 0.251473 -0.205317
v -0.258868 0.224627 -0.205894
v -0.230149 0.242483 -0.215729
v -0.249430 0.230719 -0.221768
v -0.227836 0.243334 -0.174240
v -0.220195 0.246970 -0.185527
v -0.219246 0.258892 -0.180667
v -0.222730 0.231903 -0.184556
v -0.216655 0.240138 -0.189388
v -0.217279 0.235678 -0.193004
v -0.226950 0.214219 -0.195847
v -0.222360 0.217644 -0.205086
v -0.248389 0.215358 -0.190279
v -0.238458 0.194951 -0.206631
v -0.246844 0.196672 -0.206445
v -0.239780 0.172994 -0.220328
v -0.236330 0.177771 -0.229920
v -0.255523 0.203101 -0.215814
v -0.248618 0.175829 -0.218697
v -0.240453 0.165129 -0.224017
v -0.237667 0.168186 -0.235101
v -0.257765 0.180820 -0.228171
v -0.261511 0.172825 -0.231147
v -0.247940 0.206788 -0.225721
v -0.251082 0.182164 -0.234356
v -0.237048 0.206771 -0.228680
v -0.242344 0.182254 -0.238375
v -0.242026 0.173771 -0.247586
v -0.231525 0.197567 -0.220829
v -0.231382 0.229289 -0.225980
v -0.220098 0.222474 -0.215888
v -0.217994 0.237820 -0.206057
v -0.201487 0.324544 -0.157346
v -0.201951 0.329287 -0.144699
v -0.207011 0.324181 -0.144054
v -0.196574 0.325005 -0.153307
v -0.198964 0.326521 -0.139297
v -0.176123 0.356171 -0.124758
v -0.227404 0.351802 -0.177356
v -0.190979 0.323765 -0.169123
v -0.198357 0.330110 -0.157014
v -0.201050 0.320272 -0.156852
v -0.197129 0.326139 -0.175073
v -0.214907 0.332779 -0.183912
v -0.224362 0.333503 -0.184862
v -0.221813 0.335039 -0.182538
v -0.237297 0.360797 -0.154505
v -0.235674 0.362687 -0.145799
v -0.221446 0.331815 -0.137068
v -0.208028 0.320093 -0.142041
v -0.235498 0.393279 -0.133586
v -0.226854 0.390726 -0.124266
v -0.240080 0.371917 -0.136820
v -0.234710 0.370329 -0.140812
v -0.223041 0.390908 -0.130005
v -0.230737 0.368614 -0.126206
v -0.226018 0.367061 -0.130862
v -0.230375 0.393878 -0.138495
v -0.233016 0.371749 -0.170081
v -0.224921 0.374409 -0.185364
v -0.238424 0.373478 -0.174980
v -0.218704 0.372804 -0.180809
v -0.224832 0.407419 -0.177885
v -0.237475 0.404529 -0.168089
v -0.229554 0.403946 -0.160701
v -0.215892 0.407531 -0.170387
v -0.250826 0.253925 -0.190874
v -0.255324 0.241888 -0.185300
v -0.250863 0.246023 -0.196189
v -0.256404 0.252187 -0.179489
v -0.255280 0.245961 -0.168119
v -0.251438 0.262941 -0.158292
v -0.252481 0.229467 -0.177928
v -0.242009 0.259909 -0.154117
v -0.244136 0.241916 -0.163376
v -0.245373 0.227515 -0.175242
v -0.234478 0.243447 -0.164532
v -0.233837 0.233393 -0.172742
v -0.227647 0.242471 -0.172858
v -0.226588 0.235457 -0.179657
v -0.270586 0.436447 -0.165860
v -0.268729 0.430955 -0.157640
v -0.268414 0.434463 -0.164348
v -0.260774 0.433098 -0.167636
v -0.250802 0.428281 -0.169081
v -0.253116 0.428177 -0.166820
v -0.252894 0.426334 -0.162173
v -0.277357 0.405484 -0.161919
v -0.268559 0.402612 -0.155019
v -0.268166 0.400333 -0.155906
v -0.282932 0.410737 -0.160777
v -0.249768 0.425546 -0.162887
v -0.256696 0.409489 -0.165754
v -0.177999 0.394962 -0.040241
v -0.184714 0.405531 -0.048603
v -0.174599 0.398311 -0.045403
v -0.172301 0.401482 -0.031529
v -0.169541 0.404218 -0.036558
v -0.168999 0.399268 -0.048899
v -0.173315 0.415538 -0.032218
v -0.176827 0.414313 -0.027676
v -0.169922 0.405528 -0.055254
v -0.164535 0.407369 -0.042215
v -0.163440 0.411744 -0.049821
v -0.179235 0.420034 -0.034523
v -0.176016 0.425350 -0.042245
v -0.184738 0.418566 -0.050604
v -0.186124 0.413036 -0.044661
v -0.186748 0.403461 -0.046079
v -0.182080 0.406291 -0.050964
v -0.168665 0.406515 -0.058369
v -0.161321 0.412496 -0.051857
v -0.164625 0.422567 -0.044305
v -0.166923 0.420948 -0.042880
v -0.175430 0.428600 -0.043363
v -0.185385 0.421133 -0.052096
v -0.178709 0.408651 -0.056256
v -0.178759 0.410460 -0.059034
v -0.171837 0.398514 -0.029538
v -0.176622 0.414045 -0.022086
v -0.184531 0.423645 -0.026862
v -0.182360 0.419337 -0.032502
v -0.193848 0.415507 -0.043763
v -0.188526 0.412652 -0.043638
v -0.190212 0.403514 -0.048854
v -0.182393 0.430195 -0.061911
v -0.172361 0.437065 -0.052977
v -0.174626 0.435361 -0.078854
v -0.165803 0.449210 -0.070164
v -0.164887 0.460963 -0.087365
v -0.160016 0.430065 -0.054810
v -0.153114 0.445466 -0.071797
v -0.142715 0.435769 -0.089621
v -0.147876 0.443257 -0.107822
v -0.152060 0.421059 -0.068398
v -0.157156 0.420167 -0.062994
v -0.164160 0.414267 -0.069849
v -0.153528 0.424272 -0.092319
v -0.152421 0.434135 -0.107961
v -0.166304 0.425352 -0.086537
v -0.174958 0.418155 -0.069088
v -0.159695 0.414718 -0.076398
v -0.165217 0.396337 -0.124087
v -0.177710 0.395661 -0.116230
v -0.185757 0.401752 -0.110846
v -0.187220 0.400636 -0.113485
v -0.194928 0.306349 -0.127820
v -0.189953 0.317522 -0.109602
v -0.190519 0.335557 -0.121740
v -0.173192 0.354056 -0.122907
v -0.184131 0.273621 -0.094224
v -0.187743 0.267807 -0.102810
v -0.183385 0.256220 -0.088808
v -0.168548 0.320838 -0.108400
v -0.169408 0.274174 -0.092946
v -0.158374 0.314037 -0.120399
v -0.156770 0.304521 -0.131643
v -0.156978 0.339900 -0.155512
v -0.162652 0.321788 -0.157929
v -0.160407 0.272219 -0.098271
v -0.168351 0.294214 -0.141102
v -0.170571 0.319675 -0.165154
v -0.192041 0.319596 -0.168100
v -0.167472 0.259296 -0.088516
v -0.158749 0.264046 -0.112468
v -0.192042 0.296163 -0.139392
v -0.174281 0.259979 -0.116892
v -0.185846 0.261718 -0.112851
v -0.157467 0.256506 -0.096562
v -0.183574 0.253638 -0.114692
v -0.187329 0.253717 -0.108913
v -0.160440 0.254350 -0.109311
v -0.183970 0.247797 -0.119476
v -0.172641 0.253077 -0.115534
v -0.171361 0.247823 -0.120471
v -0.156858 0.247523 -0.100716
v -0.163740 0.246738 -0.089746
v -0.168919 0.246652 -0.085274
v -0.170159 0.235328 -0.084768
v -0.153960 0.234428 -0.101114
v -0.155232 0.236324 -0.118896
v -0.171448 0.247388 -0.124686
v -0.176738 0.246226 -0.085826
v -0.153624 0.221186 -0.102125
v -0.171376 0.236298 -0.128522
v -0.186051 0.246445 -0.123019
v -0.155587 0.220567 -0.121463
v -0.185918 0.247510 -0.095640
v -0.185562 0.255567 -0.095400
v -0.190626 0.242271 -0.101457
v -0.190986 0.247231 -0.098408
v -0.191721 0.247313 -0.110837
v -0.188663 0.220991 -0.102614
v -0.189024 0.220402 -0.113462
v -0.170464 0.221773 -0.089507
v -0.180720 0.197557 -0.099837
v -0.181952 0.194308 -0.115471
v -0.172666 0.198010 -0.096966
v -0.181962 0.171797 -0.102572
v -0.160070 0.198189 -0.103730
v -0.173558 0.173884 -0.098795
v -0.181009 0.160971 -0.113914
v -0.160937 0.172653 -0.104855
v -0.162864 0.197933 -0.116433
v -0.164841 0.171925 -0.113353
v -0.163556 0.161499 -0.117151
v -0.171848 0.198052 -0.123265
v -0.171584 0.171297 -0.120205
v -0.180748 0.172099 -0.113764
v -0.171098 0.219848 -0.131681
v -0.186385 0.220014 -0.125211
v -0.186451 0.238035 -0.123379
v -0.191749 0.242278 -0.112030
v -0.171115 0.323823 -0.164804
v -0.165641 0.324733 -0.159234
v -0.161051 0.353418 -0.132908
v -0.167322 0.356570 -0.125202
v -0.189632 0.339511 -0.125834
v -0.199878 0.324223 -0.135559
v -0.198086 0.321539 -0.150834
v -0.185398 0.365822 -0.120969
v -0.169658 0.368660 -0.118583
v -0.172288 0.367245 -0.124655
v -0.176085 0.388173 -0.121213
v -0.185837 0.387895 -0.113209
v -0.187857 0.387005 -0.118621
v -0.183877 0.367141 -0.114682
v -0.173231 0.388664 -0.116204
v -0.157624 0.365981 -0.150915
v -0.156204 0.367989 -0.167371
v -0.161902 0.397876 -0.139975
v -0.166650 0.402583 -0.154938
v -0.151266 0.397609 -0.142260
v -0.150490 0.367293 -0.151181
v -0.163579 0.369178 -0.165360
v -0.155886 0.401884 -0.157228
v -0.155599 0.245956 -0.102061
v -0.157186 0.248275 -0.090173
v -0.155682 0.255267 -0.101834
v -0.155836 0.259823 -0.090169
v -0.163091 0.260669 -0.079551
v -0.165923 0.279836 -0.081960
v -0.165991 0.241909 -0.080418
v -0.176724 0.279528 -0.081883
v -0.175912 0.259824 -0.079388
v -0.173865 0.241710 -0.080850
v -0.183533 0.260476 -0.085393
v -0.183611 0.247774 -0.087357
v -0.186464 0.255490 -0.094094
v -0.187197 0.246728 -0.096915
v -0.158670 0.411607 -0.052363
v -0.160019 0.404434 -0.058399
v -0.161975 0.406805 -0.057212
v -0.170507 0.403639 -0.063586
v -0.176604 0.409437 -0.062462
v -0.186894 0.390165 -0.037674
v -0.163083 0.417190 -0.049091
v -0.160285 0.418253 -0.047640
v -0.165790 0.411919 -0.039897
v -0.163368 0.412691 -0.037800
v -0.186342 0.393106 -0.036226
v -0.248111 0.428482 -0.100083
v -0.244363 0.433658 -0.091170
v -0.237217 0.428309 -0.090053
v -0.257028 0.431454 -0.086793
v -0.255618 0.429400 -0.098729
v -0.239693 0.433908 -0.088409
v -0.234958 0.429181 -0.084139
v -0.246181 0.433233 -0.084630
v -0.259231 0.422139 -0.088734
v -0.258903 0.422352 -0.099059
v -0.258750 0.413440 -0.089588
v -0.257412 0.415966 -0.099208
v -0.250574 0.412034 -0.091852
v -0.250522 0.415849 -0.100214
v -0.243780 0.420874 -0.094351
v -0.242221 0.427415 -0.095742
v -0.235946 0.433346 -0.081969
v -0.239978 0.432573 -0.078779
v -0.236272 0.426460 -0.077188
v -0.240282 0.426909 -0.077069
v -0.237968 0.422246 -0.075953
v -0.237447 0.420691 -0.078919
v -0.240224 0.420301 -0.080483
v -0.243788 0.428302 -0.069943
v -0.251821 0.431968 -0.072946
v -0.256006 0.431747 -0.075989
v -0.252964 0.427488 -0.071259
v -0.244042 0.424055 -0.069319
v -0.257796 0.423442 -0.077921
v -0.254011 0.422147 -0.074702
v -0.258383 0.412771 -0.081097
v -0.254888 0.411923 -0.077231
v -0.254467 0.410391 -0.080655
v -0.244105 0.418967 -0.072580
v -0.240914 0.422920 -0.076214
v -0.245528 0.409443 -0.074837
v -0.241175 0.418558 -0.083651
v -0.244284 0.408094 -0.085848
v -0.249974 0.412543 -0.086947
v -0.248640 0.409261 -0.084474
v -0.246965 0.421236 -0.086307
v -0.242059 0.424753 -0.085558
v -0.238864 0.425253 -0.082350
v -0.235830 0.424690 -0.080467
v -0.246004 0.421281 -0.100898
v -0.251384 0.424066 -0.114125
v -0.255089 0.428250 -0.113688
v -0.260297 0.424617 -0.112819
v -0.262413 0.419533 -0.111924
v -0.258076 0.416467 -0.112978
v -0.253377 0.418197 -0.113795
v -0.168862 0.395531 -0.163595
v -0.169113 0.382137 -0.171524
v -0.205033 0.398236 -0.193708
v -0.163954 0.394938 -0.181400
v -0.164276 0.402174 -0.178411
v -0.207744 0.406314 -0.182557
v -0.166664 0.403016 -0.170249
v -0.209683 0.399481 -0.176333
v -0.246736 0.430163 -0.003248
v -0.248685 0.425534 -0.002962
v -0.247614 0.430385 -0.002699
v -0.250725 0.425531 -0.002044
v -0.248253 0.430980 -0.004945
v -0.248782 0.421199 -0.003963
v -0.251776 0.426431 -0.005019
v -0.250648 0.420006 -0.003241
v -0.250831 0.420446 -0.006916
v -0.248796 0.420755 -0.007884
v -0.246811 0.417322 -0.009599
v -0.251939 0.421196 -0.004449
v -0.247545 0.413768 -0.008029
v -0.251575 0.419811 -0.004968
v -0.248207 0.416394 -0.004364
v -0.240315 0.408420 -0.010864
v -0.251770 0.420431 -0.000777
v -0.250204 0.423015 -0.001295
v -0.251891 0.428263 0.000778
v -0.250042 0.427944 -0.000111
v -0.247689 0.411930 -0.002330
v -0.228806 0.404968 -0.010409
v -0.212068 0.402251 -0.013993
v -0.212157 0.407847 -0.012255
v -0.252114 0.419649 0.001250
v -0.247187 0.414697 0.001173
v -0.245009 0.410113 0.003055
v -0.238290 0.406804 -0.005442
v -0.227777 0.404993 -0.006409
v -0.214760 0.412300 -0.013224
v -0.252489 0.421563 0.001668
v -0.250912 0.419980 0.003195
v -0.236423 0.405110 0.000474
v -0.225511 0.408494 -0.006202
v -0.217291 0.411869 -0.017210
v -0.233927 0.407749 0.003381
v -0.224086 0.410534 -0.010380
v -0.227602 0.411161 0.007488
v -0.225198 0.419721 0.010099
v -0.227910 0.416879 0.012156
v -0.240210 0.409918 0.006887
v -0.232258 0.415441 0.009966
v -0.239746 0.413568 0.010362
v -0.229776 0.420221 0.016177
v -0.232419 0.420184 0.014962
v -0.232507 0.425551 0.018489
v -0.230533 0.427656 0.017386
v -0.231583 0.427831 0.014947
v -0.234037 0.425044 0.015945
v -0.231625 0.421052 0.007938
v -0.245657 0.419035 0.016610
v -0.247832 0.424570 0.018594
v -0.246575 0.425452 0.016820
v -0.247773 0.417868 0.016229
v -0.249048 0.428792 0.019123
v -0.250816 0.424539 0.016508
v -0.250038 0.425062 0.014901
v -0.248275 0.420199 0.012924
v -0.248397 0.419398 0.016742
v -0.249510 0.418854 0.014322
v -0.244415 0.414286 0.006801
v -0.249276 0.417996 0.009614
v -0.247330 0.419865 0.009434
v -0.250961 0.417252 0.007997
v -0.250556 0.426698 0.011710
v -0.248347 0.426893 0.010575
v -0.248471 0.431807 0.010710
v -0.251780 0.419352 0.008941
v -0.252465 0.427684 0.008225
v -0.251034 0.418000 0.005736
v -0.250202 0.432210 0.012005
v -0.251838 0.432615 0.009264
v -0.250211 0.432239 0.008167
v -0.250944 0.427718 0.006976
v -0.246402 0.417560 0.001417
v -0.248700 0.419967 0.002926
v -0.251090 0.427494 0.004319
v -0.248862 0.432845 0.004188
v -0.249979 0.433165 0.001472
v -0.232830 0.424511 0.013317
v -0.230461 0.426393 0.012967
v -0.231921 0.422655 0.012109
v -0.227152 0.422458 0.015186
v -0.228220 0.423876 0.012624
v -0.226956 0.421908 0.006236
v -0.222929 0.417719 0.002524
v -0.225775 0.419766 -0.000224
v -0.235362 0.418397 -0.000999
v -0.239114 0.417602 0.010082
v -0.226893 0.415695 -0.006317
v -0.230406 0.415963 -0.011711
v -0.237239 0.415799 -0.012763
v -0.241007 0.419074 0.008070
v -0.246109 0.421189 0.013211
v -0.240667 0.412814 -0.013464
v -0.244698 0.420517 0.015288
v -0.246247 0.419342 -0.007359
v -0.247483 0.421387 -0.006482
v -0.243693 0.418228 0.007353
v -0.247573 0.425735 0.015003
v -0.247480 0.418641 -0.004538
v -0.248197 0.425976 -0.004794
v -0.250251 0.426550 -0.005742
v -0.245637 0.419003 0.004473
v -0.247440 0.421611 0.006531
v -0.248237 0.427543 0.008067
v -0.249627 0.420296 0.004799
v -0.246000 0.418949 -0.001475
v -0.247860 0.422680 -0.000273
v -0.248735 0.427253 0.003640
v -0.247875 0.427631 0.001535
v -0.247552 0.431948 0.003139
v -0.248395 0.432330 0.000754
v -0.247394 0.430671 -0.005162
v -0.251232 0.428604 0.017548
v -0.247982 0.429198 0.017314
v -0.250128 0.428985 0.015931
v -0.214842 0.402414 -0.018961
v -0.228070 0.406681 -0.013952
v -0.226249 0.409818 -0.013216
v -0.217156 0.406741 -0.019966
v -0.200488 0.486618 -0.141779
v -0.180191 0.457249 -0.151282
v -0.163570 0.475991 -0.124128
v -0.188516 0.400818 -0.172833
v -0.188583 0.393939 -0.176303
v -0.214228 0.394060 -0.180615
v -0.232179 0.392164 -0.173672
v -0.233906 0.384713 -0.175317
v -0.235923 0.386829 -0.153979
v -0.232386 0.382738 -0.132669
v -0.237937 0.378202 -0.153825
v -0.232983 0.373237 -0.135070
v -0.207541 0.376221 -0.117990
v -0.207442 0.367835 -0.119877
v -0.176600 0.385586 -0.115670
v -0.165218 0.397780 -0.162474
v -0.164978 0.389433 -0.166662
v -0.188029 0.384367 -0.181506
v -0.164386 0.379372 -0.171204
v -0.154366 0.385918 -0.150359
v -0.156289 0.392975 -0.147405
v -0.162695 0.380928 -0.132995
v -0.164092 0.387314 -0.128569
v -0.161839 0.372919 -0.133705
v -0.178067 0.378377 -0.116395
v -0.243316 0.443961 -0.125381
v -0.241452 0.429734 -0.125693
v -0.188512 0.417142 -0.097043
v -0.198758 0.423375 -0.087935
v -0.215308 0.430200 -0.093652
v -0.231767 0.432146 -0.103350
v -0.232737 0.415006 -0.122908
v -0.225588 0.415225 -0.114326
v -0.229639 0.430761 -0.104782
v -0.214582 0.429273 -0.095724
v -0.212432 0.413302 -0.105875
v -0.199760 0.422161 -0.090497
v -0.197273 0.410218 -0.102649
v -0.196308 0.395976 -0.108618
v -0.187180 0.408563 -0.103194
v -0.189132 0.420975 -0.091854
v -0.179172 0.417043 -0.087322
v -0.167456 0.429573 -0.091575
v -0.178469 0.411981 -0.095888
v -0.235757 0.431686 -0.112773
v -0.233439 0.428573 -0.117716
v -0.230280 0.416990 -0.125636
v -0.229471 0.402361 -0.124809
v -0.222774 0.399601 -0.118354
v -0.227064 0.403964 -0.128058
v -0.220085 0.401708 -0.122759
v -0.209917 0.397790 -0.110519
v -0.207748 0.399716 -0.115989
v -0.194499 0.398301 -0.113509
v -0.186408 0.396672 -0.109032
v -0.186116 0.410406 -0.106724
v -0.185455 0.398290 -0.113248
v -0.180315 0.347249 -0.118692
v -0.194210 0.347686 -0.118951
v -0.181014 0.354045 -0.119381
v -0.194785 0.354578 -0.118899
v -0.207951 0.361665 -0.121514
v -0.208911 0.351851 -0.121274
v -0.219164 0.372433 -0.126606
v -0.220743 0.362026 -0.124895
v -0.226066 0.373022 -0.131064
v -0.155559 0.355552 -0.133072
v -0.162359 0.349608 -0.125790
v -0.165028 0.356223 -0.124364
v -0.153837 0.346994 -0.135402
v -0.178551 0.355685 -0.109241
v -0.176131 0.332834 -0.110849
v -0.163595 0.356865 -0.128113
v -0.148327 0.337268 -0.115521
v -0.167134 0.342022 -0.101398
v -0.157517 0.355609 -0.119922
v -0.155198 0.332477 -0.122900
v -0.185887 0.354410 -0.117023
v -0.231920 0.352419 -0.131185
v -0.221341 0.345039 -0.124720
v -0.233492 0.342895 -0.132083
v -0.219902 0.354682 -0.124607
v -0.207198 0.361324 -0.119419
v -0.207262 0.351664 -0.119106
v -0.192907 0.371658 -0.121518
v -0.193213 0.362186 -0.119719
v -0.184933 0.370908 -0.120485
v -0.243176 0.363041 -0.160943
v -0.245018 0.349353 -0.146874
v -0.245411 0.354080 -0.163540
v -0.242679 0.357812 -0.143542
v -0.252564 0.321800 -0.133631
v -0.251806 0.356536 -0.142618
v -0.250249 0.328000 -0.159387
v -0.241602 0.359313 -0.147246
v -0.240130 0.319950 -0.136874
v -0.260538 0.329487 -0.155006
v -0.240084 0.350660 -0.122678
v -0.228615 0.353718 -0.127326
v -0.153002 0.347741 -0.159594
v -0.160564 0.337017 -0.178166
v -0.151921 0.338064 -0.158617
v -0.161707 0.347131 -0.178010
v -0.176956 0.349642 -0.188111
v -0.178354 0.338286 -0.188443
v -0.186034 0.357930 -0.191043
v -0.186001 0.347195 -0.192443
v -0.199823 0.367406 -0.191374
v -0.199590 0.357434 -0.192864
v -0.215764 0.368847 -0.190115
v -0.214238 0.379354 -0.186806
v -0.225208 0.382202 -0.178675
v -0.220394 0.384985 -0.179011
v -0.233626 0.350159 -0.183827
v -0.217564 0.345070 -0.195395
v -0.231642 0.359317 -0.181025
v -0.216225 0.354421 -0.193082
v -0.197217 0.344473 -0.193663
v -0.198090 0.354536 -0.192368
v -0.188118 0.354923 -0.190733
v -0.188718 0.342861 -0.190984
v -0.175507 0.363590 -0.183149
v -0.176003 0.352245 -0.184249
v -0.162200 0.362912 -0.175287
v -0.164337 0.373367 -0.173773
v -0.158588 0.376090 -0.161026
v -0.162385 0.381113 -0.161980
v -0.247257 0.490077 -0.150567
v -0.263536 0.495360 -0.128560
v -0.215888 0.493779 -0.112293
v -0.266335 0.491361 -0.116665
v -0.220185 0.488094 -0.104875
v -0.265956 0.481523 -0.109275
v -0.258843 0.467846 -0.106838
v -0.131881 0.468977 -0.087886
v -0.131673 0.471907 -0.075121
v -0.176518 0.484201 -0.090243
v -0.181652 0.478450 -0.082947
v -0.150837 0.327566 -0.132384
v -0.139340 0.328366 -0.131323
v -0.150781 0.318242 -0.140025
v -0.139122 0.319333 -0.139751
v -0.141588 0.349288 -0.158251
v -0.153327 0.347959 -0.160183
v -0.138415 0.315133 -0.154889
v -0.157885 0.356379 -0.126901
v -0.150196 0.313818 -0.154691
v -0.146479 0.357098 -0.123411
v -0.255061 0.495832 -0.139228
v -0.263800 0.497683 -0.127479
v -0.216038 0.495353 -0.111332
v -0.266626 0.493613 -0.115356
v -0.225282 0.480555 -0.095234
v -0.266283 0.483567 -0.107816
v -0.259491 0.470226 -0.105741
v -0.131315 0.474019 -0.074189
v -0.181820 0.479905 -0.081763
v -0.187780 0.469801 -0.075381
v -0.145114 0.464085 -0.060207
v -0.155919 0.453200 -0.064116
v -0.241986 0.429439 -0.116380
v -0.219194 0.422809 -0.099873
v -0.235368 0.463977 -0.102855
v -0.221584 0.453048 -0.081212
v -0.239280 0.462564 -0.095691
v -0.246365 0.428583 -0.111541
v -0.224090 0.421645 -0.095870
v -0.215849 0.455011 -0.087709
v -0.254758 0.367840 -0.160491
v -0.250313 0.331608 -0.167469
v -0.260508 0.335213 -0.172347
v -0.254840 0.328587 -0.183072
v -0.244646 0.324982 -0.178194
v -0.236481 0.328617 -0.192510
v -0.241218 0.363217 -0.186132
v -0.246675 0.332222 -0.197388
v -0.244564 0.364236 -0.155613
v -0.231023 0.359612 -0.181254
v -0.229707 0.466026 -0.094814
v -0.229865 0.467503 -0.093407
v -0.225043 0.479493 -0.096273
v -0.220412 0.489611 -0.103810
v -0.208501 0.497305 -0.121381
v -0.208697 0.498715 -0.120851
v -0.246742 0.492730 -0.149701
v -0.255443 0.493051 -0.139980
v -0.252317 0.457003 -0.104113
v -0.251973 0.455095 -0.105286
v -0.191512 0.455032 -0.076553
v -0.187553 0.468501 -0.076639
v -0.176607 0.485722 -0.089165
v -0.169998 0.486604 -0.102478
v -0.169972 0.488164 -0.101571
v -0.166224 0.442848 -0.068773
v -0.191778 0.456130 -0.075249
v -0.166675 0.442292 -0.070260
v -0.156182 0.452410 -0.065710
v -0.145216 0.462925 -0.061881
v -0.137370 0.472169 -0.064819
v -0.137597 0.470085 -0.065909
v -0.131747 0.471701 -0.087049
v -0.132838 0.465621 -0.100217
v -0.132711 0.468730 -0.099629
v -0.214286 0.416276 -0.019095
v -0.212330 0.416764 -0.015028
v -0.212429 0.415889 -0.014273
v -0.197373 0.423064 -0.022602
v -0.196324 0.422257 -0.022268
v -0.199142 0.420299 -0.028485
v -0.214521 0.415190 -0.019053
v -0.199720 0.421362 -0.027829
v -0.205917 0.404846 -0.010075
v -0.206308 0.408759 -0.010029
v -0.223140 0.409270 -0.005611
v -0.186994 0.406206 -0.016832
v -0.187849 0.411508 -0.016526
v -0.179388 0.413657 -0.019416
v -0.222394 0.406914 -0.004889
v -0.225075 0.406541 -0.005097
v -0.222988 0.404371 -0.005680
v -0.176707 0.414153 -0.022301
v -0.182090 0.418806 -0.020725
v -0.174366 0.406638 -0.025433
v -0.207903 0.412870 -0.012709
v -0.225801 0.409253 -0.005641
v -0.206807 0.412387 -0.010797
v -0.189384 0.417177 -0.017256
v -0.190606 0.417976 -0.020256
v -0.181591 0.420143 -0.025034
v -0.186595 0.404193 -0.020283
v -0.178449 0.408060 -0.020067
v -0.207134 0.403753 -0.012005
v -0.225541 0.403796 -0.006073
v -0.198703 0.532779 -0.111144
v -0.203193 0.533494 -0.106346
v -0.202773 0.534399 -0.110960
v -0.198604 0.531657 -0.106554
v -0.197017 0.529080 -0.112291
v -0.196697 0.527514 -0.107849
v -0.207770 0.531926 -0.107334
v -0.198697 0.525515 -0.113718
v -0.198596 0.523472 -0.109460
v -0.203183 0.521913 -0.110449
v -0.207762 0.523741 -0.110241
v -0.206825 0.525753 -0.114411
v -0.209668 0.527894 -0.108954
v -0.202765 0.524125 -0.114597
v -0.206832 0.533018 -0.111836
v -0.208512 0.529417 -0.113270
v -0.232076 0.522442 -0.085189
v -0.231789 0.561578 -0.082195
v -0.230522 0.522827 -0.087896
v -0.230487 0.561540 -0.082084
v -0.231823 0.522865 -0.088007
v -0.230774 0.522404 -0.085078
v -0.230740 0.561117 -0.079266
v -0.232041 0.561155 -0.079377
v -0.237768 0.566929 -0.076407
v -0.228715 0.561026 -0.084433
v -0.217812 0.565018 -0.082858
v -0.216633 0.567487 -0.082382
v -0.233357 0.561162 -0.084828
v -0.234048 0.560004 -0.077113
v -0.229406 0.559868 -0.076718
v -0.226533 0.564704 -0.083686
v -0.218503 0.563860 -0.075142
v -0.217324 0.566329 -0.074666
v -0.237154 0.563434 -0.084828
v -0.237844 0.562276 -0.077112
v -0.237077 0.568086 -0.084122
v -0.227223 0.563546 -0.075970
v -0.258700 0.276202 -0.180928
v -0.248120 0.330514 -0.167446
v -0.241413 0.281003 -0.198961
v -0.243195 0.348436 -0.160235
v -0.237345 0.343600 -0.138105
v -0.233686 0.362291 -0.134549
v -0.233596 0.332307 -0.184598
v -0.221446 0.280540 -0.203356
v -0.240528 0.367034 -0.155069
v -0.230875 0.385372 -0.153756
v -0.227729 0.390522 -0.170193
v -0.230724 0.351835 -0.180168
v -0.216712 0.333935 -0.191888
v -0.189481 0.351599 -0.187407
v -0.230127 0.371662 -0.175629
v -0.212940 0.392276 -0.176007
v -0.215070 0.353997 -0.189554
v -0.189765 0.373522 -0.183016
v -0.214762 0.372418 -0.184887
v -0.233299 0.386640 -0.153505
v -0.227369 0.382036 -0.134665
v -0.189878 0.374738 -0.185894
v -0.189236 0.352102 -0.190081
v -0.190618 0.333791 -0.191657
v -0.190913 0.333417 -0.188975
v -0.196190 0.277393 -0.196595
v -0.256906 0.264963 -0.155966
v -0.242975 0.325195 -0.142974
v -0.221392 0.281127 -0.206043
v -0.242828 0.281778 -0.201181
v -0.148615 0.280615 -0.102639
v -0.169720 0.334593 -0.115870
v -0.164685 0.286014 -0.081069
v -0.152524 0.329798 -0.130648
v -0.156751 0.345034 -0.137044
v -0.173832 0.346657 -0.121670
v -0.176899 0.360882 -0.120358
v -0.154785 0.323571 -0.156872
v -0.159800 0.362664 -0.133920
v -0.164676 0.326558 -0.173474
v -0.188047 0.328529 -0.184352
v -0.156621 0.344554 -0.159120
v -0.157004 0.365803 -0.156339
v -0.164670 0.347341 -0.174970
v -0.164757 0.369696 -0.170542
v -0.181033 0.378597 -0.121741
v -0.167358 0.380273 -0.134725
v -0.157570 0.385936 -0.150169
v -0.160180 0.385100 -0.149955
v -0.168919 0.388742 -0.162818
v -0.190752 0.390129 -0.173369
v -0.186962 0.373532 -0.182460
v -0.187656 0.348193 -0.186354
v -0.193673 0.263777 -0.145542
v -0.171111 0.348766 -0.120403
v -0.192941 0.262565 -0.147893
v -0.168317 0.265810 -0.138727
v -0.151004 0.271019 -0.127040
v -0.153450 0.271505 -0.125893
v -0.145977 0.281123 -0.102064
v -0.162492 0.286954 -0.079696
v -0.231103 0.487722 -0.092084
v -0.228350 0.492851 -0.108964
v -0.217391 0.493740 -0.115040
v -0.203520 0.493733 -0.116618
v -0.180876 0.486249 -0.087807
v -0.231463 0.482187 -0.076507
v -0.226041 0.481799 -0.082342
v -0.230959 0.484477 -0.078614
v -0.233543 0.485360 -0.080624
v -0.205429 0.494032 -0.094107
v -0.180426 0.491446 -0.104883
v -0.190139 0.492941 -0.112719
v -0.228175 0.491564 -0.073525
v -0.230362 0.493417 -0.074473
v -0.238229 0.492515 -0.089934
v -0.229388 0.505183 -0.086703
v -0.228771 0.516358 -0.082123
v -0.228567 0.520434 -0.069757
v -0.226538 0.512349 -0.082692
v -0.227179 0.509943 -0.073944
v -0.226944 0.504575 -0.084906
v -0.223735 0.494928 -0.070953
v -0.219509 0.501733 -0.063180
v -0.217224 0.498147 -0.059347
v -0.220542 0.502362 -0.067640
v -0.225109 0.511683 -0.070278
v -0.226975 0.533598 -0.068400
v -0.218551 0.541975 -0.064988
v -0.219733 0.545856 -0.079188
v -0.219910 0.530059 -0.056794
v -0.220345 0.517138 -0.057863
v -0.208004 0.529264 -0.051737
v -0.207357 0.538581 -0.056126
v -0.220006 0.511497 -0.059903
v -0.211028 0.512413 -0.054778
v -0.210018 0.500643 -0.054208
v -0.213854 0.483582 -0.056629
v -0.209806 0.497147 -0.053916
v -0.208872 0.478536 -0.059009
v -0.212565 0.476007 -0.065221
v -0.217821 0.472909 -0.068244
v -0.225276 0.474155 -0.066693
v -0.194529 0.479209 -0.060184
v -0.191689 0.473170 -0.063833
v -0.198834 0.472352 -0.066627
v -0.204336 0.475765 -0.064520
v -0.208522 0.475837 -0.064050
v -0.204078 0.483296 -0.055797
v -0.209122 0.485181 -0.053786
v -0.199456 0.497626 -0.057834
v -0.196352 0.501054 -0.061207
v -0.207269 0.500563 -0.053974
v -0.207731 0.497086 -0.053739
v -0.208713 0.500954 -0.053163
v -0.208459 0.511851 -0.052387
v -0.205494 0.512251 -0.054306
v -0.208366 0.515820 -0.052108
v -0.195849 0.510789 -0.057846
v -0.195532 0.516410 -0.055750
v -0.189064 0.510626 -0.067208
v -0.185241 0.519164 -0.066067
v -0.195389 0.529340 -0.054706
v -0.186510 0.508751 -0.070480
v -0.205318 0.538521 -0.055952
v -0.194649 0.541274 -0.062952
v -0.204573 0.543600 -0.062954
v -0.203210 0.548300 -0.077342
v -0.186270 0.532404 -0.064933
v -0.179799 0.523895 -0.081467
v -0.183188 0.515021 -0.078241
v -0.180789 0.506140 -0.085538
v -0.182457 0.503807 -0.082707
v -0.185523 0.511146 -0.079199
v -0.194546 0.501599 -0.065426
v -0.191277 0.493977 -0.068189
v -0.185201 0.503350 -0.081351
v -0.184250 0.492065 -0.070546
v -0.186669 0.490347 -0.069991
v -0.207287 0.548420 -0.077689
v -0.217497 0.545629 -0.092697
v -0.224784 0.538556 -0.095014
v -0.228488 0.537291 -0.081258
v -0.231035 0.525397 -0.085831
v -0.227237 0.527282 -0.098864
v -0.230415 0.507596 -0.089764
v -0.216270 0.539488 -0.105560
v -0.210703 0.543304 -0.103348
v -0.218599 0.528812 -0.109894
v -0.202928 0.528798 -0.111499
v -0.228918 0.511171 -0.104921
v -0.219794 0.512237 -0.115689
v -0.202950 0.511857 -0.117077
v -0.202877 0.505478 -0.120133
v -0.233254 0.507159 -0.107869
v -0.236660 0.501407 -0.085583
v -0.234545 0.499178 -0.111186
v -0.221307 0.505931 -0.118626
v -0.220352 0.497764 -0.120045
v -0.201997 0.548135 -0.091638
v -0.190851 0.545009 -0.076729
v -0.190791 0.544846 -0.090422
v -0.183642 0.537350 -0.091510
v -0.182394 0.535939 -0.077332
v -0.181234 0.525934 -0.094947
v -0.190183 0.538723 -0.103338
v -0.195803 0.542868 -0.102079
v -0.202999 0.539433 -0.107005
v -0.187779 0.527908 -0.107270
v -0.179493 0.509722 -0.100712
v -0.186589 0.511264 -0.112861
v -0.174954 0.505450 -0.102904
v -0.175711 0.499620 -0.080393
v -0.173596 0.497391 -0.105995
v -0.184971 0.504866 -0.115532
v -0.203002 0.497747 -0.121323
v -0.186146 0.496761 -0.117132
v -0.205155 0.554043 -0.076654
v -0.206776 0.554090 -0.076792
v -0.208158 0.549077 -0.062286
v -0.200130 0.559658 -0.114438
v -0.203784 0.556367 -0.091954
v -0.201760 0.559706 -0.114577
v -0.206538 0.549029 -0.062148
v -0.207119 0.543460 -0.057237
v -0.205490 0.543412 -0.057099
v -0.222746 0.480036 -0.062587
v -0.223247 0.494484 -0.070697
v -0.215386 0.481103 -0.060720
v -0.228221 0.490711 -0.070698
v -0.209396 0.538640 -0.056300
v -0.208739 0.543507 -0.057375
v -0.208651 0.543720 -0.063301
v -0.205434 0.553122 -0.092877
v -0.206075 0.548255 -0.091985
v -0.205407 0.556357 -0.092083
v -0.205299 0.545461 -0.102058
v -0.204605 0.553132 -0.102607
v -0.203380 0.559754 -0.114715
v -0.203433 0.556510 -0.115207
v -0.200184 0.556415 -0.114930
v -0.204837 0.550117 -0.100928
v -0.201813 0.556463 -0.115068
v -0.201221 0.545341 -0.101710
v -0.203227 0.550052 -0.100673
v -0.203260 0.545401 -0.101884
v -0.201587 0.550022 -0.100651
v -0.201356 0.553036 -0.102330
v -0.202985 0.553084 -0.102469
v -0.231894 0.517031 -0.095866
v -0.226820 0.521557 -0.095595
v -0.227055 0.525336 -0.091533
v -0.227540 0.525534 -0.085766
v -0.232841 0.522860 -0.082737
v -0.227953 0.523112 -0.081760
v -0.228182 0.518545 -0.080638
v -0.228238 0.514278 -0.081450
v -0.228687 0.503033 -0.084365
v -0.232653 0.514222 -0.087922
v -0.231807 0.521597 -0.095321
v -0.232031 0.524938 -0.091537
v -0.232476 0.525000 -0.086288
v -0.233045 0.518794 -0.081750
v -0.227290 0.505374 -0.099967
v -0.226935 0.516463 -0.096007
v -0.233110 0.514994 -0.082290
v -0.233336 0.502332 -0.085397
v -0.231992 0.506657 -0.099685
v -0.183476 0.480780 -0.072420
v -0.187848 0.480679 -0.079089
v -0.183482 0.483085 -0.074571
v -0.180550 0.483806 -0.076111
v -0.173949 0.490630 -0.084460
v -0.202024 0.480711 -0.059582
v -0.191826 0.493563 -0.068021
v -0.187142 0.489506 -0.067199
v -0.204908 0.548982 -0.062009
v -0.203526 0.553995 -0.076515
v -0.202185 0.553027 -0.092600
v -0.202157 0.556262 -0.091806
v -0.182643 0.515164 -0.092236
v -0.182529 0.520258 -0.091823
v -0.182764 0.524038 -0.087761
v -0.178701 0.521272 -0.078126
v -0.183249 0.524235 -0.081995
v -0.183661 0.521813 -0.077988
v -0.183891 0.517246 -0.076866
v -0.178970 0.513406 -0.077679
v -0.178905 0.517206 -0.077140
v -0.183947 0.512979 -0.077679
v -0.178959 0.500737 -0.080766
v -0.183667 0.501713 -0.080532
v -0.177667 0.520010 -0.090710
v -0.177891 0.523350 -0.086926
v -0.178336 0.523413 -0.081678
v -0.182270 0.504054 -0.096133
v -0.177754 0.515444 -0.091255
v -0.178513 0.512635 -0.083311
v -0.177615 0.505062 -0.095055
v -0.257050 0.150939 -0.256455
v -0.239675 0.141347 -0.241568
v -0.261575 0.144147 -0.246528
v -0.242317 0.133015 -0.229120
v -0.259853 0.133707 -0.201829
v -0.238993 0.154113 -0.230552
v -0.242994 0.142876 -0.220891
v -0.248884 0.134576 -0.206053
v -0.244563 0.154608 -0.223201
v -0.255963 0.148755 -0.220436
v -0.248054 0.142847 -0.210517
v -0.253595 0.159341 -0.220229
v -0.260038 0.146178 -0.204562
v -0.271155 0.144252 -0.216227
v -0.269859 0.132892 -0.212240
v -0.269027 0.145952 -0.228812
v -0.267006 0.135699 -0.234508
v -0.264017 0.154914 -0.238055
v -0.263395 0.156588 -0.227778
v -0.257559 0.165242 -0.251482
v -0.246933 0.153872 -0.260444
v -0.243028 0.174535 -0.243999
v -0.246625 0.166780 -0.254614
v -0.237924 0.162946 -0.248256
v -0.237837 0.150742 -0.255462
v -0.220374 0.241789 -0.189007
v -0.217141 0.245418 -0.201879
v -0.220323 0.245845 -0.198954
v -0.229808 0.250962 -0.207410
v -0.231278 0.249929 -0.203709
v -0.242536 0.250406 -0.201810
v -0.254002 0.244822 -0.193261
v -0.250328 0.238852 -0.182487
v -0.222660 0.235300 -0.179452
v -0.240698 0.233183 -0.174910
v -0.228167 0.236032 -0.178657
v -0.252632 0.174837 -0.242472
v -0.251928 0.169970 -0.219110
v -0.250715 0.170697 -0.220990
v -0.170842 0.132902 -0.122898
v -0.181917 0.132988 -0.086897
v -0.168723 0.133209 -0.058932
v -0.180828 0.132850 -0.118698
v -0.181950 0.132919 -0.101863
v -0.183426 0.149642 -0.100137
v -0.182309 0.145725 -0.083034
v -0.178765 0.133109 -0.065335
v -0.179310 0.155126 -0.092497
v -0.169629 0.152036 -0.081515
v -0.179478 0.144246 -0.069108
v -0.170401 0.160091 -0.092067
v -0.168746 0.146023 -0.060858
v -0.155777 0.145055 -0.070759
v -0.157070 0.133250 -0.067961
v -0.155173 0.146866 -0.087342
v -0.156555 0.133160 -0.088519
v -0.157567 0.147283 -0.102272
v -0.159389 0.133071 -0.103625
v -0.161744 0.132996 -0.116259
v -0.159874 0.155036 -0.094217
v -0.160956 0.147635 -0.120090
v -0.171110 0.146844 -0.125398
v -0.180970 0.146993 -0.119620
v -0.161491 0.247689 -0.114302
v -0.158979 0.246900 -0.117213
v -0.154559 0.247489 -0.109852
v -0.154337 0.246507 -0.097929
v -0.163414 0.247159 -0.087478
v -0.187890 0.248351 -0.109575
v -0.171989 0.161618 -0.121840
v -0.171615 0.159642 -0.124815
v -0.172477 0.168044 -0.097932
v -0.172140 0.168111 -0.095602
v -0.158992 0.163904 -0.103116
v -0.182553 0.163098 -0.102401
v -0.213451 0.404750 -0.028217
v -0.212399 0.396381 -0.020508
v -0.225782 0.401334 -0.007090
v -0.209912 0.399602 -0.013381
v -0.225118 0.406451 -0.005075
v -0.206650 0.409096 -0.010764
v -0.189071 0.411578 -0.017580
v -0.226530 0.412718 -0.006282
v -0.208433 0.416969 -0.015409
v -0.228396 0.412789 -0.012596
v -0.183591 0.395906 -0.019035
v -0.189514 0.387805 -0.029851
v -0.179040 0.391054 -0.039958
v -0.213884 0.413996 -0.024823
v -0.228758 0.407003 -0.015557
v -0.192890 0.423186 -0.024021
v -0.200670 0.417171 -0.037637
v -0.199512 0.403367 -0.044312
v -0.253796 0.413764 -0.100099
v -0.261630 0.409937 -0.115961
v -0.252262 0.405807 -0.142709
v -0.266517 0.417373 -0.114321
v -0.264966 0.427844 -0.117714
v -0.271005 0.428806 -0.136069
v -0.256405 0.432271 -0.121282
v -0.245085 0.426207 -0.103521
v -0.280691 0.410990 -0.144757
v -0.272858 0.399931 -0.148739
v -0.269755 0.404728 -0.164835
v -0.255801 0.405278 -0.152573
v -0.279711 0.412636 -0.161187
v -0.274910 0.430391 -0.147563
v -0.258598 0.434316 -0.139122
v -0.248191 0.423164 -0.122168
v -0.251289 0.413037 -0.122145
v -0.248916 0.420658 -0.140463
v -0.180664 0.411733 -0.016340
v -0.182354 0.415826 -0.018478
v -0.199592 0.409978 -0.011808
v -0.200510 0.412666 -0.011536
v -0.180831 0.415099 -0.015444
v -0.198613 0.412777 -0.008075
v -0.198462 0.409411 -0.008953
v -0.182192 0.412454 -0.019364
v -0.207167 0.408802 -0.009243
v -0.149315 0.359942 -0.151894
v -0.148047 0.348096 -0.155481
v -0.148628 0.343077 -0.148541
v -0.149426 0.348708 -0.154184
v -0.149936 0.344871 -0.148378
v -0.148348 0.354770 -0.156591
v -0.147143 0.348862 -0.153882
v -0.150622 0.358581 -0.150146
v -0.147377 0.354152 -0.154790
v -0.148339 0.358734 -0.149844
v -0.149661 0.353999 -0.155092
v -0.147653 0.345024 -0.148076
v -0.151590 0.377710 -0.160304
v -0.152334 0.353259 -0.142276
v -0.147558 0.355439 -0.146294
v -0.148038 0.353547 -0.141708
v -0.145715 0.319899 -0.148209
v -0.148460 0.319715 -0.148572
v -0.148186 0.320180 -0.150879
v -0.148766 0.364990 -0.142004
v -0.153062 0.364702 -0.142573
v -0.150132 0.369317 -0.167071
v -0.147293 0.377998 -0.159736
v -0.145836 0.369605 -0.166502
v -0.147188 0.323953 -0.149738
v -0.143403 0.316669 -0.147125
v -0.146558 0.317122 -0.151039
v -0.147982 0.322606 -0.143045
v -0.150531 0.316191 -0.148067
v -0.151160 0.323021 -0.146767
v -0.147352 0.315775 -0.144346
v -0.144032 0.323498 -0.145824
v -0.150633 0.367860 -0.162549
v -0.146336 0.368148 -0.161981
v -0.145364 0.323177 -0.152532
v -0.151872 0.355121 -0.146713
v -0.145424 0.320394 -0.150666
v -0.148055 0.321187 -0.152382
v -0.145293 0.321401 -0.152168
v -0.148126 0.322963 -0.152745
v -0.143117 0.323762 -0.150383
v -0.156073 0.368606 -0.135225
v -0.148298 0.369127 -0.134197
v -0.155210 0.370070 -0.142492
v -0.147436 0.370591 -0.141464
v -0.148281 0.360713 -0.130058
v -0.145174 0.327025 -0.136475
v -0.155876 0.366468 -0.135632
v -0.150891 0.323241 -0.151412
v -0.151927 0.321485 -0.142691
v -0.148101 0.366989 -0.134604
v -0.156056 0.360192 -0.131086
v -0.144152 0.322006 -0.141663
v -0.152949 0.326503 -0.137502
v -0.152596 0.320870 -0.147879
v -0.146169 0.365827 -0.138061
v -0.142088 0.321574 -0.146490
v -0.145889 0.366303 -0.140423
v -0.156397 0.365598 -0.141813
v -0.152316 0.321346 -0.150241
v -0.141808 0.322050 -0.148852
v -0.156677 0.365123 -0.139451
v -0.152843 0.370476 -0.130555
v -0.152622 0.368082 -0.131011
v -0.158451 0.368948 -0.138382
v -0.157284 0.370546 -0.133075
v -0.157063 0.368152 -0.133531
v -0.158672 0.371342 -0.137926
v -0.156193 0.372397 -0.142264
v -0.155972 0.370003 -0.142720
v -0.146638 0.370628 -0.141486
v -0.151300 0.373093 -0.143550
v -0.146859 0.373022 -0.141030
v -0.145251 0.369833 -0.136637
v -0.145472 0.372227 -0.136180
v -0.147950 0.371172 -0.131841
v -0.174639 0.440201 -0.179279
v -0.196563 0.441954 -0.188112
v -0.177564 0.493069 -0.144265
v -0.187187 0.484632 -0.127896
v -0.187407 0.494451 -0.122634
v -0.177170 0.492123 -0.148860
v -0.153204 0.486411 -0.136837
v -0.177325 0.459821 -0.185482
v -0.170564 0.454367 -0.175612
v -0.177604 0.451109 -0.165268
v -0.189661 0.450568 -0.165346
v -0.190071 0.447736 -0.165912
v -0.195868 0.455574 -0.174405
v -0.190018 0.461121 -0.183387
v -0.178570 0.474348 -0.175894
v -0.171755 0.456656 -0.174250
v -0.178212 0.463780 -0.157827
v -0.196833 0.453189 -0.175781
v -0.195918 0.435743 -0.186004
v -0.190460 0.459232 -0.185566
v -0.177962 0.461662 -0.183310
v -0.172354 0.469335 -0.166822
v -0.177790 0.466021 -0.155447
v -0.190286 0.463239 -0.157905
v -0.196502 0.468252 -0.166977
v -0.191327 0.476938 -0.175204
v -0.190644 0.473807 -0.175972
v -0.172852 0.500084 -0.148826
v -0.171412 0.472069 -0.165241
v -0.190937 0.465432 -0.155532
v -0.197705 0.470890 -0.165410
v -0.192648 0.504924 -0.158730
v -0.178180 0.477528 -0.175119
v -0.176509 0.442341 -0.195656
v -0.169781 0.436915 -0.185836
v -0.176936 0.448325 -0.165827
v -0.176122 0.430903 -0.176100
v -0.210052 0.499597 -0.133974
v -0.209874 0.490368 -0.141136
v -0.199275 0.497651 -0.155483
v -0.207287 0.449518 -0.166964
v -0.205618 0.422528 -0.181195
v -0.164926 0.488569 -0.111394
v -0.162991 0.478898 -0.117670
v -0.159870 0.437916 -0.143231
v -0.150680 0.434515 -0.167244
v -0.159957 0.411358 -0.158345
v -0.168828 0.405331 -0.146511
v -0.189284 0.410695 -0.159837
v -0.182627 0.416424 -0.170352
v -0.212238 0.415945 -0.168228
v -0.174785 0.435673 -0.177867
v -0.252973 0.422112 -0.101263
v -0.261118 0.417646 -0.098415
v -0.260182 0.425050 -0.099726
v -0.246379 0.417185 -0.102719
v -0.252283 0.431180 -0.101643
v -0.248724 0.476199 -0.109810
v -0.229018 0.492542 -0.112970
v -0.231925 0.476430 -0.103452
v -0.249131 0.487541 -0.119878
v -0.243568 0.460700 -0.110566
v -0.258707 0.463692 -0.123720
v -0.264670 0.454898 -0.134018
v -0.265678 0.458727 -0.139761
v -0.262676 0.461465 -0.145565
v -0.255636 0.473229 -0.141290
v -0.261143 0.467299 -0.133401
v -0.239178 0.481520 -0.142577
v -0.245848 0.488228 -0.134743
v -0.226894 0.492848 -0.129669
v -0.279053 0.422860 -0.168812
v -0.260682 0.434689 -0.170419
v -0.271564 0.432623 -0.157218
v -0.276284 0.424349 -0.162919
v -0.272152 0.415043 -0.173076
v -0.278628 0.404904 -0.164783
v -0.259768 0.408668 -0.169752
v -0.275980 0.421969 -0.167901
v -0.273553 0.422602 -0.162802
v -0.280130 0.410477 -0.157871
v -0.270936 0.415474 -0.171152
v -0.260949 0.411062 -0.168713
v -0.259829 0.410320 -0.165355
v -0.227732 0.402002 -0.012626
v -0.226907 0.407236 -0.009983
v -0.158764 0.464286 -0.077782
v -0.172039 0.467130 -0.088129
v -0.147437 0.468517 -0.082696
v -0.169167 0.453026 -0.080873
v -0.151611 0.449907 -0.074993
v -0.146925 0.439615 -0.074070
v -0.141323 0.440135 -0.076058
v -0.139217 0.450039 -0.085688
v -0.138621 0.439916 -0.081109
v -0.143155 0.448744 -0.077545
v -0.144149 0.455702 -0.099698
v -0.141048 0.463377 -0.091686
v -0.152712 0.468890 -0.104605
v -0.160590 0.475021 -0.095765
v -0.158314 0.404876 -0.040846
v -0.154829 0.409910 -0.050190
v -0.172884 0.395107 -0.025424
v -0.163267 0.395875 -0.049784
v -0.175780 0.386980 -0.031603
v -0.175900 0.397211 -0.056027
v -0.181102 0.402868 -0.054385
v -0.161180 0.405576 -0.042277
v -0.175283 0.396535 -0.026770
v -0.165085 0.398452 -0.048895
v -0.177354 0.389887 -0.031431
v -0.175091 0.399595 -0.053902
v -0.170532 0.406155 -0.061443
v -0.174415 0.410534 -0.060218
v -0.178842 0.404128 -0.052387
v -0.214542 0.442366 -0.088394
v -0.234928 0.462033 -0.102299
v -0.212201 0.453107 -0.086825
v -0.185080 0.447666 -0.078441
v -0.238120 0.450737 -0.105751
v -0.236118 0.464952 -0.106014
v -0.245002 0.436004 -0.118813
v -0.185842 0.435691 -0.080728
v -0.178114 0.452092 -0.081821
v -0.166137 0.474879 -0.084975
v -0.174698 0.489149 -0.102783
v -0.160171 0.477616 -0.097819
v -0.155726 0.474950 -0.109334
v -0.185746 0.484016 -0.123547
v -0.178924 0.484287 -0.088618
v -0.188133 0.492319 -0.113555
v -0.185505 0.474652 -0.080612
v -0.173201 0.463483 -0.076207
v -0.182794 0.439016 -0.075887
v -0.194096 0.462683 -0.078648
v -0.214266 0.445962 -0.086808
v -0.211479 0.460945 -0.083615
v -0.241575 0.456391 -0.103100
v -0.223464 0.471136 -0.092689
v -0.235791 0.481664 -0.106258
v -0.221289 0.484952 -0.097720
v -0.204426 0.497705 -0.116996
v -0.228313 0.492469 -0.115244
v -0.214677 0.494577 -0.105712
v -0.216427 0.491057 -0.138723
v -0.221123 0.494285 -0.127525
v -0.240507 0.344144 -0.137856
v -0.241293 0.344870 -0.141230
v -0.236220 0.362752 -0.133620
v -0.247307 0.326211 -0.143764
v -0.237287 0.363529 -0.136930
v -0.232577 0.380060 -0.138418
v -0.243160 0.367781 -0.155096
v -0.229641 0.391721 -0.171762
v -0.245812 0.349036 -0.160609
v -0.247787 0.326934 -0.147238
v -0.232371 0.372347 -0.177385
v -0.232602 0.352449 -0.182039
v -0.214614 0.373330 -0.187107
v -0.194973 0.374709 -0.185568
v -0.215653 0.354568 -0.192159
v -0.194874 0.352223 -0.190588
v -0.217205 0.334384 -0.194535
v -0.235352 0.332938 -0.186572
v -0.195873 0.333903 -0.192231
v -0.198747 0.281774 -0.199586
v -0.195436 0.277904 -0.199184
v -0.220736 0.284708 -0.204986
v -0.241965 0.285148 -0.199779
v -0.250688 0.331236 -0.168070
v -0.260315 0.280234 -0.180268
v -0.261300 0.276842 -0.181544
v -0.258696 0.269971 -0.158180
v -0.259597 0.265403 -0.155596
v -0.175206 0.361199 -0.118295
v -0.168602 0.348266 -0.122740
v -0.165724 0.339375 -0.113116
v -0.172477 0.361501 -0.120503
v -0.174850 0.375946 -0.122147
v -0.179525 0.378889 -0.118729
v -0.165313 0.381182 -0.133136
v -0.157489 0.363147 -0.132608
v -0.154250 0.345383 -0.136165
v -0.163455 0.338085 -0.115552
v -0.154351 0.366168 -0.156815
v -0.153973 0.344648 -0.159726
v -0.164106 0.367691 -0.174131
v -0.181540 0.373960 -0.181690
v -0.189259 0.393508 -0.174169
v -0.185686 0.374510 -0.184687
v -0.186410 0.348360 -0.188704
v -0.162746 0.347459 -0.176832
v -0.181372 0.347921 -0.186198
v -0.186861 0.328409 -0.186698
v -0.162824 0.326457 -0.175394
v -0.152192 0.323515 -0.157638
v -0.182108 0.328018 -0.184468
v -0.188558 0.266954 -0.151540
v -0.166929 0.264697 -0.140825
v -0.166679 0.268797 -0.145418
v -0.151158 0.274427 -0.131349
v -0.149903 0.330324 -0.130129
v -0.146454 0.283890 -0.105060
v -0.160765 0.288043 -0.085833
v -0.239105 0.381741 -0.164736
v -0.233816 0.379607 -0.161273
v -0.245646 0.382251 -0.163522
v -0.239443 0.379481 -0.165611
v -0.245985 0.379991 -0.164397
v -0.205908 0.390352 -0.192893
v -0.207559 0.396881 -0.185674
v -0.209168 0.386519 -0.182122
v -0.205355 0.405472 -0.190718
v -0.164828 0.387054 -0.180585
v -0.166479 0.393583 -0.173367
v -0.213703 0.402531 -0.177631
v -0.197337 0.393191 -0.147403
v -0.231179 0.398987 -0.169842
v -0.235776 0.394847 -0.151388
v -0.232944 0.390109 -0.132551
v -0.207767 0.384309 -0.117898
v -0.226740 0.371728 -0.130282
v -0.198833 0.376044 -0.148116
v -0.185574 0.368239 -0.118052
v -0.214363 0.384906 -0.184053
v -0.176839 0.370122 -0.120116
v -0.153128 0.378227 -0.151106
v -0.152072 0.371784 -0.137053
v -0.147729 0.368778 -0.132297
v -0.151851 0.369390 -0.137509
v -0.151079 0.370699 -0.144006
v -0.173319 0.472104 -0.158166
v -0.163956 0.464686 -0.156649
v -0.162574 0.469093 -0.157259
v -0.169268 0.474396 -0.158343
v -0.173824 0.482485 -0.152085
v -0.156241 0.471211 -0.151826
v -0.155097 0.467649 -0.149050
v -0.169628 0.481817 -0.153995
v -0.164965 0.485447 -0.144485
v -0.162162 0.477246 -0.154097
v -0.156601 0.478632 -0.147478
v -0.155602 0.478029 -0.142968
v -0.163295 0.483935 -0.148563
v -0.189578 0.441755 -0.195740
v -0.187717 0.436195 -0.195798
v -0.177864 0.436636 -0.195735
v -0.192496 0.431662 -0.188459
v -0.172792 0.432546 -0.188332
v -0.182512 0.429383 -0.189990
v -0.187425 0.427571 -0.181056
v -0.189190 0.430317 -0.176184
v -0.177572 0.428013 -0.180992
v -0.191198 0.507813 -0.153838
v -0.198989 0.498911 -0.148994
v -0.181346 0.508255 -0.153775
v -0.179580 0.505510 -0.158646
v -0.195978 0.503281 -0.146498
v -0.192261 0.493485 -0.139175
v -0.176274 0.504164 -0.146372
v -0.186258 0.506443 -0.144841
v -0.190906 0.499190 -0.139096
v -0.179193 0.494071 -0.139091
v -0.181054 0.499632 -0.139032
v 0.178655 0.369317 -0.162112
v 0.177117 0.366288 -0.158960
v 0.177647 0.365157 -0.161801
v 0.175954 0.362411 -0.160907
v 0.176019 0.366731 -0.159679
v 0.179850 0.365294 -0.165081
v 0.179753 0.368873 -0.161393
v 0.168483 0.427460 -0.051635
v 0.264436 0.358063 -0.133392
v 0.264143 0.355437 -0.129847
v 0.265787 0.354021 -0.136267
v 0.265228 0.351141 -0.130584
v 0.265513 0.355528 -0.129666
v 0.265271 0.353985 -0.132347
v 0.265806 0.358155 -0.133211
v 0.182208 0.366106 -0.168182
v 0.174801 0.354798 -0.163836
v 0.174175 0.356934 -0.163787
v 0.179931 0.359743 -0.168624
v 0.180862 0.370891 -0.163178
v 0.178566 0.369992 -0.162448
v 0.180395 0.369254 -0.161250
v 0.180197 0.365772 -0.167540
v 0.178377 0.360728 -0.167867
v 0.182027 0.365034 -0.166342
v 0.176004 0.356196 -0.162589
v 0.180206 0.359990 -0.166669
v 0.174921 0.367004 -0.160684
v 0.171975 0.365121 -0.157345
v 0.169251 0.333657 -0.171059
v 0.191576 0.387408 -0.165180
v 0.178423 0.374599 -0.152985
v 0.175418 0.363732 -0.155091
v 0.170044 0.332268 -0.167779
v 0.171542 0.332802 -0.169738
v 0.167844 0.333155 -0.169219
v 0.188133 0.388797 -0.167435
v 0.174980 0.375988 -0.155239
v 0.193281 0.379620 -0.172583
v 0.189838 0.381009 -0.174837
v 0.165771 0.337085 -0.167901
v 0.170727 0.336681 -0.168776
v 0.166646 0.335227 -0.163439
v 0.165679 0.328779 -0.165936
v 0.171483 0.334781 -0.164161
v 0.169760 0.330232 -0.171273
v 0.164805 0.330638 -0.170398
v 0.170517 0.328334 -0.166657
v 0.186946 0.379508 -0.171344
v 0.190389 0.378119 -0.169090
v 0.170986 0.336347 -0.172051
v 0.178455 0.365647 -0.158548
v 0.172632 0.333797 -0.170790
v 0.170342 0.334652 -0.172112
v 0.173276 0.335492 -0.170730
v 0.169062 0.333131 -0.160849
v 0.170343 0.380167 -0.148969
v 0.181004 0.379233 -0.150684
v 0.176573 0.377654 -0.144889
v 0.174379 0.335027 -0.167802
v 0.172168 0.369560 -0.143149
v 0.174774 0.381746 -0.154763
v 0.170040 0.378148 -0.149751
v 0.168149 0.337540 -0.171881
v 0.161172 0.340271 -0.159543
v 0.165938 0.372074 -0.147229
v 0.176270 0.375635 -0.145671
v 0.167402 0.337758 -0.155464
v 0.162831 0.335645 -0.164928
v 0.172830 0.332324 -0.164439
v 0.164409 0.335721 -0.169953
v 0.180531 0.374612 -0.150146
v 0.179091 0.374099 -0.148263
v 0.165849 0.336235 -0.171836
v 0.174270 0.332838 -0.166323
v 0.172111 0.378009 -0.155660
v 0.170670 0.377496 -0.153777
v 0.171531 0.380328 -0.143113
v 0.171192 0.378068 -0.143988
v 0.170203 0.383875 -0.151757
v 0.169865 0.381614 -0.152632
v 0.174554 0.384248 -0.154405
v 0.174215 0.381988 -0.155280
v 0.181695 0.378970 -0.150383
v 0.179454 0.383153 -0.153473
v 0.179115 0.380893 -0.154348
v 0.182033 0.381231 -0.149507
v 0.180443 0.377347 -0.145706
v 0.176092 0.376973 -0.143057
v 0.176431 0.379233 -0.142181
v 0.172799 0.449054 -0.023710
v 0.172899 0.448957 -0.022212
v 0.172724 0.443741 -0.022539
v 0.168910 0.449033 -0.021941
v 0.168840 0.443815 -0.022274
v 0.172624 0.443838 -0.024036
v 0.168740 0.443912 -0.023772
v 0.168810 0.449130 -0.023438
v 0.167412 0.430393 -0.055738
v 0.168797 0.434834 -0.049081
v 0.169280 0.435167 -0.054534
v 0.168533 0.432249 -0.052236
v 0.169098 0.430360 -0.055852
v 0.167594 0.435200 -0.054420
v 0.166715 0.430097 -0.057601
v 0.168372 0.422609 -0.051901
v 0.168955 0.424979 -0.043999
v 0.169673 0.434010 -0.035971
v 0.167905 0.434337 -0.041286
v 0.167987 0.427557 -0.058940
v 0.169526 0.430044 -0.057792
v 0.170716 0.434283 -0.041477
v 0.169857 0.424703 -0.051427
v 0.167046 0.424756 -0.051236
v 0.170318 0.426614 -0.045170
v 0.167508 0.426668 -0.044979
v 0.170068 0.433747 -0.069130
v 0.168898 0.412870 -0.080476
v 0.169532 0.405886 -0.069192
v 0.169711 0.411626 -0.068175
v 0.165835 0.435194 -0.053691
v 0.164426 0.411727 -0.067815
v 0.164784 0.433848 -0.068771
v 0.164247 0.405987 -0.068833
v 0.163613 0.412970 -0.080116
v 0.169287 0.436873 -0.081493
v 0.169718 0.433675 -0.081729
v 0.171120 0.435094 -0.054050
v 0.163928 0.433785 -0.081335
v 0.164003 0.436974 -0.081134
v 0.165169 0.431314 -0.035314
v 0.165066 0.433249 -0.037060
v 0.174117 0.431251 -0.035906
v 0.174016 0.433184 -0.037653
v 0.165028 0.429538 -0.037246
v 0.173976 0.429476 -0.037838
v 0.164926 0.431501 -0.039017
v 0.173874 0.431437 -0.039609
v 0.171203 0.427956 0.055117
v 0.171072 0.422379 0.054763
v 0.179838 0.430658 0.047535
v 0.179451 0.427797 0.042643
v 0.180258 0.427783 0.054500
v 0.180127 0.422206 0.054148
v 0.177081 0.419311 0.010179
v 0.168027 0.419484 0.010795
v 0.177029 0.426355 0.007441
v 0.170784 0.430831 0.048151
v 0.170397 0.427970 0.043259
v 0.167975 0.426528 0.008057
v 0.163393 0.432558 -0.081379
v 0.163164 0.430949 -0.084298
v 0.163497 0.436984 -0.081099
v 0.163120 0.437349 -0.086737
v 0.169460 0.430829 -0.084726
v 0.169689 0.432438 -0.081807
v 0.169793 0.436864 -0.081527
v 0.169416 0.437229 -0.087165
v 0.169313 0.432803 -0.087445
v 0.163017 0.432924 -0.087017
v 0.164261 0.433623 -0.028270
v 0.160225 0.449749 -0.092133
v 0.171676 0.446054 -0.097074
v 0.171728 0.446558 -0.090701
v 0.171807 0.449735 -0.096184
v 0.174847 0.447936 -0.050978
v 0.159466 0.438279 -0.100070
v 0.171442 0.445611 -0.100395
v 0.159643 0.445837 -0.099592
v 0.171265 0.438054 -0.100873
v 0.159877 0.446280 -0.096271
v 0.174755 0.443990 -0.051228
v 0.162956 0.444215 -0.050425
v 0.163049 0.448161 -0.050176
v 0.176059 0.433397 -0.029073
v 0.176365 0.446462 -0.028246
v 0.164567 0.446687 -0.027444
v 0.172024 0.449524 -0.092935
v 0.160008 0.449960 -0.095382
v 0.160705 0.446769 -0.089951
v 0.170456 0.446168 -0.027870
v 0.176276 0.442660 -0.028487
v 0.181005 0.438068 0.042323
v 0.176117 0.435848 -0.028918
v 0.180845 0.431256 0.041892
v 0.164477 0.442886 -0.027684
v 0.169047 0.431481 0.042694
v 0.164318 0.436073 -0.028115
v 0.174904 0.429569 0.042179
v 0.170175 0.434161 -0.028630
v 0.175185 0.441574 0.042939
v 0.169206 0.438294 0.043126
v 0.178409 0.435134 0.042306
v 0.175109 0.438326 0.042733
v 0.174958 0.431886 0.042326
v 0.171662 0.435263 0.042765
v 0.175196 0.431655 0.045890
v 0.178647 0.434903 0.045868
v 0.175347 0.438095 0.046295
v 0.171900 0.435032 0.046327
v 0.172107 0.445018 -0.028885
v 0.170762 0.446324 -0.049022
v 0.179219 0.444882 -0.029368
v 0.177875 0.446188 -0.049506
v 0.179014 0.436120 -0.029923
v 0.177670 0.437426 -0.050060
v 0.170557 0.437562 -0.049576
v 0.171902 0.436256 -0.029439
v 0.149417 0.443054 -0.028094
v 0.167289 0.442713 -0.029310
v 0.149275 0.436971 -0.028479
v 0.150209 0.436064 -0.014492
v 0.168080 0.435722 -0.015707
v 0.168222 0.441806 -0.015324
v 0.150351 0.442147 -0.014109
v 0.167146 0.436629 -0.029695
v 0.159584 0.444712 -0.047873
v 0.164299 0.444622 -0.048194
v 0.161877 0.442485 -0.013537
v 0.159413 0.437391 -0.048337
v 0.166421 0.435075 -0.014321
v 0.166592 0.442395 -0.013858
v 0.161706 0.435165 -0.014000
v 0.164128 0.437301 -0.048657
v 0.173976 0.431795 -0.040109
v 0.174060 0.428996 -0.038506
v 0.174127 0.434207 -0.038067
v 0.175704 0.433890 -0.032053
v 0.175649 0.428670 -0.032313
v 0.173457 0.433167 -0.017004
v 0.172941 0.427950 -0.017234
v 0.177234 0.424659 0.048073
v 0.177750 0.429876 0.048300
v 0.172349 0.440537 0.035463
v 0.172510 0.440435 0.036559
v 0.170023 0.447384 0.036000
v 0.169822 0.448154 0.037029
v 0.171672 0.440064 0.036130
v 0.169022 0.449510 0.035234
v 0.169145 0.447379 0.036594
v 0.168522 0.448591 0.035055
v 0.169594 0.448429 0.034904
v 0.169542 0.448870 0.032785
v 0.172464 0.440990 0.030116
v 0.172393 0.441083 0.029046
v 0.169022 0.447943 0.033008
v 0.170043 0.447833 0.033315
v 0.171661 0.440619 0.029560
v 0.166723 0.452052 -0.093641
v 0.169386 0.449466 -0.053760
v 0.169296 0.445605 -0.054004
v 0.166632 0.448191 -0.093885
v 0.165471 0.452076 -0.093556
v 0.168135 0.449490 -0.053675
v 0.165381 0.448215 -0.093801
v 0.168044 0.445629 -0.053919
v 0.174320 0.448268 -0.029422
v 0.171411 0.447327 -0.071934
v 0.163589 0.447476 -0.071402
v 0.170045 0.448653 -0.092386
v 0.162177 0.446863 -0.091977
v 0.174189 0.442645 -0.029775
v 0.172737 0.444055 -0.051514
v 0.172869 0.449677 -0.051158
v 0.171366 0.445387 -0.072057
v 0.170000 0.446713 -0.092509
v 0.166498 0.448417 -0.028890
v 0.166367 0.442795 -0.029243
v 0.165047 0.449827 -0.050627
v 0.164915 0.444204 -0.050982
v 0.163543 0.445536 -0.071525
v 0.162223 0.448803 -0.091854
v 0.164987 0.434382 -0.037446
v 0.164796 0.429173 -0.037876
v 0.164769 0.431971 -0.039483
v 0.164228 0.434109 -0.031272
v 0.164049 0.428891 -0.031525
v 0.168462 0.433262 -0.016664
v 0.168741 0.428031 -0.016948
v 0.173205 0.424736 0.048347
v 0.172926 0.429968 0.048628
v 0.176940 0.440449 0.035151
v 0.179576 0.447202 0.035350
v 0.176926 0.440351 0.036259
v 0.179944 0.447960 0.036340
v 0.179890 0.448233 0.034203
v 0.177681 0.439950 0.035721
v 0.180545 0.449290 0.034451
v 0.180526 0.447162 0.035820
v 0.180978 0.448352 0.034208
v 0.179672 0.448677 0.032096
v 0.176049 0.441013 0.028798
v 0.180184 0.447729 0.032249
v 0.179211 0.447657 0.032691
v 0.176826 0.440520 0.029209
v 0.176120 0.440920 0.029867
v 0.193645 0.337655 -0.119572
v 0.195983 0.342282 -0.112736
v 0.194423 0.355147 -0.112102
v 0.182916 0.363452 -0.119596
v 0.182317 0.357819 -0.122818
v 0.189913 0.372440 -0.114958
v 0.183958 0.373305 -0.118946
v 0.177409 0.369377 -0.136110
v 0.179625 0.378020 -0.136989
v 0.182501 0.374618 -0.157767
v 0.184152 0.383209 -0.156843
v 0.200824 0.359961 -0.172048
v 0.200031 0.344151 -0.167547
v 0.200266 0.384400 -0.165498
v 0.201206 0.393718 -0.161849
v 0.199210 0.378401 -0.167355
v 0.226118 0.358185 -0.169539
v 0.220374 0.342818 -0.165481
v 0.224963 0.344055 -0.110683
v 0.208833 0.334897 -0.113962
v 0.219948 0.345247 -0.106785
v 0.207525 0.340756 -0.108313
v 0.207828 0.353682 -0.106918
v 0.222317 0.355825 -0.105676
v 0.207850 0.368211 -0.105678
v 0.236914 0.362030 -0.106245
v 0.245234 0.359677 -0.111709
v 0.228669 0.370532 -0.105064
v 0.236187 0.370835 -0.105926
v 0.250918 0.365508 -0.117261
v 0.250978 0.356919 -0.118027
v 0.254569 0.341651 -0.141140
v 0.250083 0.373209 -0.118541
v 0.258606 0.368733 -0.138008
v 0.257631 0.376891 -0.137353
v 0.250901 0.357182 -0.157704
v 0.245248 0.336834 -0.152760
v 0.248645 0.381230 -0.151320
v 0.247522 0.390000 -0.147972
v 0.249635 0.375651 -0.152824
v 0.225740 0.383416 -0.162813
v 0.225730 0.377710 -0.164498
v 0.227503 0.342559 -0.163617
v 0.221893 0.335205 -0.159227
v 0.147345 0.410785 -0.149693
v 0.156349 0.409560 -0.146745
v 0.139456 0.416686 -0.146305
v 0.146253 0.413801 -0.152779
v 0.143787 0.426055 -0.140114
v 0.155337 0.425680 -0.150888
v 0.140852 0.420755 -0.149459
v 0.143135 0.425853 -0.136484
v 0.150624 0.426300 -0.138082
v 0.147525 0.419784 -0.129423
v 0.158887 0.414374 -0.136799
v 0.157907 0.413803 -0.139475
v 0.155860 0.407158 -0.137990
v 0.156602 0.408045 -0.142383
v 0.146914 0.429511 -0.146199
v 0.142676 0.428770 -0.135245
v 0.159839 0.415926 -0.135474
v 0.160725 0.419569 -0.146344
v 0.163414 0.422997 -0.144178
v 0.145208 0.407272 -0.147528
v 0.137154 0.413844 -0.144248
v 0.143673 0.428022 -0.134550
v 0.152833 0.434538 -0.130881
v 0.151957 0.427870 -0.134920
v 0.163946 0.417302 -0.132544
v 0.161079 0.416877 -0.132116
v 0.166589 0.427230 -0.124608
v 0.153071 0.431727 -0.119636
v 0.147593 0.421530 -0.125922
v 0.171567 0.438522 -0.116073
v 0.175494 0.445699 -0.124780
v 0.161412 0.448836 -0.109144
v 0.147845 0.440400 -0.129746
v 0.147280 0.432427 -0.146325
v 0.156421 0.459157 -0.118431
v 0.170510 0.481374 -0.122412
v 0.163492 0.465001 -0.136831
v 0.177902 0.462051 -0.140350
v 0.154838 0.451879 -0.141926
v 0.153466 0.444601 -0.140877
v 0.163476 0.441515 -0.145474
v 0.157059 0.428581 -0.150707
v 0.172010 0.455336 -0.142506
v 0.173578 0.443128 -0.132736
v 0.168874 0.433801 -0.138868
v 0.166180 0.448845 -0.146909
v 0.185896 0.398580 -0.151657
v 0.202385 0.402582 -0.158988
v 0.225661 0.400885 -0.154418
v 0.225358 0.406784 -0.150694
v 0.246332 0.404691 -0.141142
v 0.255243 0.393013 -0.130880
v 0.247149 0.397879 -0.144738
v 0.185376 0.426375 -0.146199
v 0.197513 0.429927 -0.151294
v 0.185608 0.439818 -0.144078
v 0.202470 0.453831 -0.145776
v 0.188039 0.458001 -0.143505
v 0.179774 0.444904 -0.133743
v 0.203131 0.477713 -0.131988
v 0.203658 0.489515 -0.118674
v 0.177671 0.451299 -0.133883
v 0.194389 0.476238 -0.134207
v 0.194939 0.489377 -0.120310
v 0.198943 0.490639 -0.109134
v 0.208598 0.494147 -0.101746
v 0.175300 0.486417 -0.104729
v 0.167491 0.477185 -0.107808
v 0.193917 0.490304 -0.096102
v 0.209798 0.495944 -0.096517
v 0.202411 0.495054 -0.092416
v 0.195742 0.492084 -0.084873
v 0.220491 0.496743 -0.094545
v 0.219557 0.494740 -0.090422
v 0.229343 0.494181 -0.088739
v 0.225931 0.491515 -0.096482
v 0.240033 0.485099 -0.086717
v 0.228253 0.482899 -0.106525
v 0.245894 0.477316 -0.098516
v 0.252929 0.475333 -0.095117
v 0.233065 0.488531 -0.080767
v 0.224373 0.491560 -0.081545
v 0.240664 0.477369 -0.072025
v 0.247819 0.478387 -0.084232
v 0.260379 0.467424 -0.074481
v 0.271385 0.452060 -0.078857
v 0.258647 0.471039 -0.089851
v 0.263293 0.456406 -0.101263
v 0.257741 0.461995 -0.105879
v 0.253232 0.451875 -0.125896
v 0.265402 0.435734 -0.106518
v 0.257456 0.438380 -0.119820
v 0.255593 0.430727 -0.085773
v 0.228628 0.426176 -0.147302
v 0.202834 0.409735 -0.155313
v 0.204789 0.429292 -0.149959
v 0.205826 0.447361 -0.149097
v 0.215651 0.462692 -0.143864
v 0.254525 0.434992 -0.127274
v 0.247731 0.421007 -0.133399
v 0.253782 0.419182 -0.129557
v 0.210700 0.487446 -0.115342
v 0.232549 0.481694 -0.116237
v 0.181655 0.394708 -0.134612
v 0.181396 0.401352 -0.129776
v 0.184768 0.382927 -0.117357
v 0.184247 0.390152 -0.118817
v 0.207472 0.384601 -0.104171
v 0.207773 0.376678 -0.103809
v 0.206886 0.400522 -0.100037
v 0.235956 0.384784 -0.102385
v 0.246953 0.394601 -0.109137
v 0.248040 0.387733 -0.113479
v 0.253471 0.400101 -0.128038
v 0.257561 0.413111 -0.118186
v 0.251659 0.405597 -0.106380
v 0.252725 0.413984 -0.100412
v 0.259428 0.419840 -0.110393
v 0.259745 0.425246 -0.099163
v 0.238858 0.405750 -0.092769
v 0.238849 0.396587 -0.098346
v 0.235802 0.413726 -0.080431
v 0.229609 0.411644 -0.088159
v 0.227674 0.412036 -0.088043
v 0.225288 0.418435 -0.079763
v 0.248694 0.420041 -0.084721
v 0.235076 0.418145 -0.072331
v 0.243711 0.439012 -0.068857
v 0.246470 0.432937 -0.073786
v 0.190661 0.469741 -0.080764
v 0.200939 0.477275 -0.079920
v 0.193817 0.487779 -0.076005
v 0.197270 0.483629 -0.086846
v 0.200800 0.491441 -0.093608
v 0.189095 0.481907 -0.086792
v 0.178007 0.476449 -0.093740
v 0.179779 0.462162 -0.086009
v 0.175104 0.467067 -0.098313
v 0.177293 0.451690 -0.090441
v 0.209517 0.471290 -0.072877
v 0.223668 0.460242 -0.065375
v 0.202635 0.453385 -0.070713
v 0.221386 0.475431 -0.071782
v 0.229735 0.480700 -0.073926
v 0.233320 0.468642 -0.064610
v 0.246228 0.461626 -0.067881
v 0.264542 0.460198 -0.070895
v 0.229641 0.447810 -0.062170
v 0.229581 0.436640 -0.065442
v 0.186828 0.405451 -0.148004
v 0.178862 0.418357 -0.133965
v 0.178550 0.417156 -0.116327
v 0.177490 0.429710 -0.131572
v 0.174757 0.430878 -0.109247
v 0.182062 0.418638 -0.108791
v 0.183387 0.418907 -0.107151
v 0.181489 0.429505 -0.099839
v 0.173417 0.439919 -0.116859
v 0.171313 0.436499 -0.102817
v 0.171425 0.450056 -0.101748
v 0.171967 0.444734 -0.107766
v 0.178912 0.403594 -0.129829
v 0.183669 0.402080 -0.117373
v 0.181268 0.403873 -0.117677
v 0.186071 0.408060 -0.110925
v 0.188765 0.406509 -0.111749
v 0.211164 0.495524 -0.093013
v 0.198277 0.483384 -0.068967
v 0.207684 0.479681 -0.062466
v 0.209485 0.488662 -0.078220
v 0.224267 0.487221 -0.072466
v 0.218318 0.483017 -0.066638
v 0.204215 0.300753 -0.142458
v 0.189075 0.300883 -0.126374
v 0.192132 0.324947 -0.119634
v 0.178358 0.355132 -0.122374
v 0.182960 0.258459 -0.145961
v 0.181639 0.241461 -0.153066
v 0.169871 0.307486 -0.134067
v 0.175360 0.359737 -0.128151
v 0.169705 0.261391 -0.151792
v 0.168176 0.310871 -0.151134
v 0.173897 0.357448 -0.138064
v 0.174085 0.309506 -0.164582
v 0.183295 0.350340 -0.161490
v 0.165012 0.264719 -0.160745
v 0.190486 0.304556 -0.171795
v 0.199706 0.329457 -0.169775
v 0.218305 0.322724 -0.159416
v 0.167573 0.247994 -0.157469
v 0.171848 0.266355 -0.175659
v 0.209109 0.299444 -0.157390
v 0.187841 0.262229 -0.173452
v 0.191260 0.257705 -0.153489
v 0.162755 0.251996 -0.169051
v 0.193721 0.250436 -0.175067
v 0.171131 0.255237 -0.178666
v 0.184516 0.253435 -0.179822
v 0.162131 0.246254 -0.175702
v 0.166733 0.235393 -0.160675
v 0.162924 0.238293 -0.164162
v 0.166161 0.225251 -0.164527
v 0.157908 0.235738 -0.182955
v 0.163696 0.250435 -0.183871
v 0.165969 0.243713 -0.196078
v 0.170669 0.251473 -0.188874
v 0.155729 0.224627 -0.189451
v 0.184449 0.242483 -0.199286
v 0.165168 0.230719 -0.205325
v 0.186761 0.243334 -0.157797
v 0.194403 0.246970 -0.169084
v 0.195351 0.258892 -0.164224
v 0.191867 0.231903 -0.168113
v 0.197943 0.240138 -0.172945
v 0.197318 0.235678 -0.176561
v 0.187647 0.214219 -0.179404
v 0.192238 0.217644 -0.188643
v 0.166209 0.215358 -0.173836
v 0.176139 0.194951 -0.190188
v 0.167753 0.196672 -0.190002
v 0.174818 0.172994 -0.203885
v 0.178267 0.177771 -0.213477
v 0.159074 0.203101 -0.199371
v 0.165979 0.175829 -0.202254
v 0.174144 0.165129 -0.207574
v 0.176931 0.168186 -0.218658
v 0.156832 0.180820 -0.211728
v 0.153086 0.172825 -0.214704
v 0.166657 0.206788 -0.209278
v 0.163515 0.182164 -0.217913
v 0.177550 0.206771 -0.212237
v 0.172253 0.182254 -0.221932
v 0.172571 0.173771 -0.231143
v 0.183073 0.197567 -0.204386
v 0.183216 0.229289 -0.209537
v 0.194499 0.222474 -0.199445
v 0.196604 0.237820 -0.189614
v 0.213110 0.324544 -0.140903
v 0.212646 0.329287 -0.128256
v 0.207586 0.324181 -0.127611
v 0.218024 0.325005 -0.136865
v 0.215633 0.326521 -0.122854
v 0.238475 0.356171 -0.108315
v 0.187194 0.351802 -0.160913
v 0.223618 0.323765 -0.152680
v 0.216240 0.330110 -0.140571
v 0.213548 0.320272 -0.140409
v 0.217469 0.326139 -0.158630
v 0.199690 0.332779 -0.167469
v 0.190235 0.333503 -0.168419
v 0.192785 0.335039 -0.166095
v 0.177301 0.360797 -0.138062
v 0.178924 0.362687 -0.129356
v 0.193151 0.331815 -0.120625
v 0.206570 0.320093 -0.125598
v 0.179099 0.393279 -0.117143
v 0.187744 0.390726 -0.107823
v 0.174518 0.371917 -0.120377
v 0.179888 0.370329 -0.124369
v 0.191556 0.390908 -0.113562
v 0.183861 0.368614 -0.109763
v 0.188580 0.367061 -0.114419
v 0.184223 0.393878 -0.122052
v 0.181581 0.371749 -0.153638
v 0.189676 0.374409 -0.168921
v 0.176173 0.373478 -0.158537
v 0.195893 0.372804 -0.164366
v 0.189765 0.407419 -0.161442
v 0.177123 0.404529 -0.151646
v 0.185043 0.403946 -0.144258
v 0.198705 0.407531 -0.153944
v 0.163772 0.253925 -0.174431
v 0.159273 0.241888 -0.168857
v 0.163734 0.246023 -0.179746
v 0.158193 0.252187 -0.163046
v 0.159317 0.245961 -0.151676
v 0.163159 0.262941 -0.141849
v 0.162117 0.229467 -0.161485
v 0.172588 0.259909 -0.137674
v 0.170462 0.241916 -0.146933
v 0.169224 0.227515 -0.158799
v 0.180119 0.243447 -0.148089
v 0.180760 0.233393 -0.156299
v 0.186951 0.242471 -0.156415
v 0.188010 0.235457 -0.163214
v 0.144011 0.436447 -0.149417
v 0.145868 0.430955 -0.141197
v 0.146183 0.434463 -0.147905
v 0.153823 0.433098 -0.151193
v 0.163795 0.428281 -0.152638
v 0.161481 0.428177 -0.150377
v 0.161703 0.426334 -0.145730
v 0.137240 0.405484 -0.145476
v 0.146039 0.402612 -0.138576
v 0.146431 0.400333 -0.139463
v 0.131666 0.410737 -0.144334
v 0.164830 0.425546 -0.146444
v 0.157901 0.409489 -0.149312
v 0.236598 0.394962 -0.023798
v 0.229883 0.405531 -0.032160
v 0.239998 0.398311 -0.028960
v 0.242296 0.401482 -0.015086
v 0.245057 0.404218 -0.020115
v 0.245598 0.399268 -0.032456
v 0.241283 0.415538 -0.015775
v 0.237770 0.414313 -0.011233
v 0.244675 0.405528 -0.038811
v 0.250062 0.407369 -0.025772
v 0.251158 0.411744 -0.033378
v 0.235363 0.420034 -0.018080
v 0.238581 0.425350 -0.025802
v 0.229860 0.418566 -0.034161
v 0.228473 0.413036 -0.028218
v 0.227850 0.403461 -0.029637
v 0.232517 0.406291 -0.034521
v 0.245933 0.406515 -0.041926
v 0.253276 0.412496 -0.035415
v 0.249972 0.422567 -0.027863
v 0.247674 0.420948 -0.026437
v 0.239167 0.428600 -0.026921
v 0.229212 0.421133 -0.035653
v 0.235888 0.408651 -0.039813
v 0.235839 0.410460 -0.042591
v 0.242760 0.398514 -0.013095
v 0.237975 0.414045 -0.005643
v 0.230066 0.423645 -0.010419
v 0.232237 0.419337 -0.016059
v 0.220749 0.415507 -0.027320
v 0.226071 0.412652 -0.027195
v 0.224385 0.403514 -0.032411
v 0.232204 0.430195 -0.045468
v 0.242237 0.437065 -0.036534
v 0.239971 0.435361 -0.062411
v 0.248794 0.449210 -0.053721
v 0.249710 0.460963 -0.070922
v 0.254582 0.430065 -0.038367
v 0.261484 0.445466 -0.055354
v 0.271882 0.435769 -0.073178
v 0.266721 0.443257 -0.091380
v 0.262537 0.421059 -0.051955
v 0.257441 0.420167 -0.046551
v 0.250438 0.414267 -0.053406
v 0.261070 0.424272 -0.075876
v 0.262176 0.434135 -0.091518
v 0.248294 0.425352 -0.070094
v 0.239639 0.418155 -0.052645
v 0.254903 0.414718 -0.059955
v 0.249380 0.396337 -0.107644
v 0.236888 0.395661 -0.099787
v 0.228841 0.401752 -0.094403
v 0.227377 0.400636 -0.097042
v 0.219669 0.306349 -0.111377
v 0.224644 0.317522 -0.093159
v 0.224078 0.335557 -0.105297
v 0.241405 0.354056 -0.106464
v 0.230466 0.273621 -0.077781
v 0.226854 0.267807 -0.086367
v 0.231213 0.256220 -0.072365
v 0.246050 0.320838 -0.091957
v 0.245189 0.274174 -0.076503
v 0.256223 0.314037 -0.103956
v 0.257827 0.304521 -0.115200
v 0.257619 0.339900 -0.139069
v 0.251945 0.321788 -0.141486
v 0.254190 0.272219 -0.081828
v 0.246246 0.294214 -0.124659
v 0.244027 0.319675 -0.148711
v 0.222556 0.319596 -0.151657
v 0.247125 0.259296 -0.072073
v 0.255848 0.264046 -0.096025
v 0.222555 0.296163 -0.122949
v 0.240316 0.259979 -0.100449
v 0.228752 0.261718 -0.096408
v 0.257131 0.256506 -0.080119
v 0.231023 0.253638 -0.098249
v 0.227269 0.253717 -0.092470
v 0.254157 0.254350 -0.092868
v 0.230628 0.247797 -0.103033
v 0.241957 0.253077 -0.099091
v 0.243236 0.247823 -0.104028
v 0.257740 0.247523 -0.084273
v 0.250857 0.246738 -0.073303
v 0.245678 0.246652 -0.068831
v 0.244439 0.235328 -0.068325
v 0.260637 0.234428 -0.084672
v 0.259365 0.236324 -0.102454
v 0.243149 0.247388 -0.108243
v 0.237859 0.246226 -0.069383
v 0.260973 0.221186 -0.085682
v 0.243221 0.236298 -0.112079
v 0.228546 0.246445 -0.106576
v 0.259010 0.220567 -0.105020
v 0.228679 0.247510 -0.079197
v 0.229035 0.255567 -0.078957
v 0.223971 0.242271 -0.085014
v 0.223611 0.247231 -0.081965
v 0.222877 0.247313 -0.094394
v 0.225934 0.220991 -0.086171
v 0.225574 0.220402 -0.097019
v 0.244134 0.221773 -0.073064
v 0.233877 0.197557 -0.083394
v 0.232645 0.194308 -0.099028
v 0.241931 0.198010 -0.080523
v 0.232635 0.171797 -0.086129
v 0.254527 0.198189 -0.087287
v 0.241039 0.173884 -0.082352
v 0.233589 0.160971 -0.097471
v 0.253660 0.172653 -0.088412
v 0.251733 0.197933 -0.099991
v 0.249757 0.171925 -0.096910
v 0.251041 0.161499 -0.100708
v 0.242750 0.198052 -0.106822
v 0.243014 0.171297 -0.103762
v 0.233849 0.172099 -0.097321
v 0.243499 0.219848 -0.115238
v 0.228212 0.220014 -0.108768
v 0.228146 0.238035 -0.106936
v 0.222849 0.242278 -0.095587
v 0.243483 0.323823 -0.148361
v 0.248956 0.324733 -0.142791
v 0.253547 0.353418 -0.116465
v 0.247275 0.356570 -0.108759
v 0.224965 0.339511 -0.109391
v 0.214719 0.324223 -0.119117
v 0.216511 0.321539 -0.134391
v 0.229200 0.365822 -0.104526
v 0.244939 0.368660 -0.102140
v 0.242309 0.367245 -0.108212
v 0.238513 0.388173 -0.104770
v 0.228761 0.387895 -0.096766
v 0.226740 0.387005 -0.102178
v 0.230720 0.367141 -0.098239
v 0.241366 0.388664 -0.099761
v 0.256973 0.365981 -0.134472
v 0.258393 0.367989 -0.150928
v 0.252695 0.397876 -0.123532
v 0.247947 0.402583 -0.138496
v 0.263332 0.397609 -0.125817
v 0.264107 0.367293 -0.134738
v 0.251019 0.369178 -0.148917
v 0.258711 0.401884 -0.140785
v 0.258998 0.245956 -0.085618
v 0.257412 0.248275 -0.073730
v 0.258915 0.255267 -0.085391
v 0.258762 0.259823 -0.073726
v 0.251506 0.260669 -0.063108
v 0.248675 0.279836 -0.065517
v 0.248607 0.241909 -0.063975
v 0.237873 0.279528 -0.065440
v 0.238685 0.259824 -0.062945
v 0.240732 0.241710 -0.064407
v 0.231065 0.260476 -0.068950
v 0.230986 0.247774 -0.070914
v 0.228134 0.255490 -0.077651
v 0.227401 0.246728 -0.080472
v 0.255927 0.411607 -0.035920
v 0.254578 0.404434 -0.041956
v 0.252622 0.406805 -0.040769
v 0.244090 0.403639 -0.047143
v 0.237993 0.409437 -0.046019
v 0.227703 0.390165 -0.021231
v 0.251515 0.417190 -0.032649
v 0.254312 0.418253 -0.031197
v 0.248807 0.411919 -0.023455
v 0.251229 0.412691 -0.021357
v 0.228255 0.393106 -0.019783
v 0.166486 0.428482 -0.083640
v 0.170234 0.433658 -0.074727
v 0.177380 0.428309 -0.073610
v 0.157569 0.431454 -0.070350
v 0.158979 0.429400 -0.082286
v 0.174905 0.433908 -0.071967
v 0.179639 0.429181 -0.067696
v 0.168416 0.433233 -0.068187
v 0.155366 0.422139 -0.072292
v 0.155694 0.422352 -0.082616
v 0.155847 0.413440 -0.073145
v 0.157185 0.415966 -0.082765
v 0.164023 0.412034 -0.075410
v 0.164075 0.415849 -0.083771
v 0.170817 0.420874 -0.077908
v 0.172376 0.427415 -0.079299
v 0.178651 0.433346 -0.065526
v 0.174620 0.432573 -0.062336
v 0.178326 0.426460 -0.060745
v 0.174316 0.426909 -0.060626
v 0.176629 0.422246 -0.059510
v 0.177150 0.420691 -0.062476
v 0.174373 0.420301 -0.064040
v 0.170809 0.428302 -0.053500
v 0.162776 0.431968 -0.056504
v 0.158592 0.431747 -0.059546
v 0.161634 0.427488 -0.054816
v 0.170555 0.424055 -0.052876
v 0.156801 0.423442 -0.061478
v 0.160587 0.422147 -0.058259
v 0.156214 0.412771 -0.064654
v 0.159709 0.411923 -0.060788
v 0.160131 0.410391 -0.064212
v 0.170492 0.418967 -0.056137
v 0.173683 0.422920 -0.059771
v 0.169069 0.409443 -0.058395
v 0.173423 0.418558 -0.067208
v 0.170313 0.408094 -0.069405
v 0.164623 0.412543 -0.070504
v 0.165958 0.409261 -0.068031
v 0.167632 0.421236 -0.069864
v 0.172539 0.424753 -0.069115
v 0.175733 0.425253 -0.065907
v 0.178767 0.424690 -0.064024
v 0.168594 0.421281 -0.084455
v 0.163213 0.424066 -0.097682
v 0.159508 0.428250 -0.097245
v 0.154300 0.424617 -0.096376
v 0.152184 0.419533 -0.095481
v 0.156522 0.416467 -0.096535
v 0.161220 0.418197 -0.097352
v 0.245735 0.395531 -0.147152
v 0.245484 0.382137 -0.155081
v 0.209564 0.398236 -0.177265
v 0.250644 0.394938 -0.164957
v 0.250322 0.402174 -0.161968
v 0.206854 0.406314 -0.166114
v 0.247933 0.403016 -0.153806
v 0.204915 0.399481 -0.159890
v 0.167861 0.430163 0.013195
v 0.165913 0.425534 0.013481
v 0.166983 0.430385 0.013744
v 0.163872 0.425531 0.014399
v 0.166344 0.430980 0.011498
v 0.165815 0.421199 0.012480
v 0.162821 0.426431 0.011424
v 0.163949 0.420006 0.013202
v 0.163766 0.420446 0.009527
v 0.165802 0.420755 0.008559
v 0.167787 0.417322 0.006844
v 0.162658 0.421196 0.011994
v 0.167053 0.413768 0.008414
v 0.163022 0.419811 0.011475
v 0.166390 0.416394 0.012079
v 0.174282 0.408420 0.005579
v 0.162827 0.420431 0.015666
v 0.164393 0.423015 0.015148
v 0.162706 0.428263 0.017221
v 0.164555 0.427944 0.016332
v 0.166909 0.411930 0.014113
v 0.185791 0.404968 0.006034
v 0.202529 0.402251 0.002450
v 0.202440 0.407847 0.004187
v 0.162483 0.419649 0.017693
v 0.167410 0.414697 0.017616
v 0.169588 0.410113 0.019498
v 0.176307 0.406804 0.011001
v 0.186820 0.404993 0.010034
v 0.199838 0.412300 0.003219
v 0.162109 0.421563 0.018111
v 0.163686 0.419980 0.019638
v 0.178175 0.405110 0.016917
v 0.189086 0.408494 0.010241
v 0.197306 0.411869 -0.000767
v 0.180670 0.407749 0.019824
v 0.190511 0.410534 0.006063
v 0.186995 0.411161 0.023931
v 0.189399 0.419721 0.026542
v 0.186687 0.416879 0.028599
v 0.174388 0.409918 0.023330
v 0.182340 0.415441 0.026409
v 0.174851 0.413568 0.026805
v 0.184821 0.420221 0.032620
v 0.182178 0.420184 0.031405
v 0.182090 0.425551 0.034932
v 0.184065 0.427656 0.033829
v 0.183014 0.427831 0.031390
v 0.180560 0.425044 0.032388
v 0.182973 0.421052 0.024380
v 0.168941 0.419035 0.033053
v 0.166765 0.424570 0.035037
v 0.168023 0.425452 0.033263
v 0.166825 0.417868 0.032672
v 0.165550 0.428792 0.035566
v 0.163781 0.424539 0.032951
v 0.164559 0.425062 0.031344
v 0.166322 0.420199 0.029367
v 0.166200 0.419398 0.033185
v 0.165087 0.418854 0.030765
v 0.170182 0.414286 0.023244
v 0.165321 0.417996 0.026057
v 0.167267 0.419865 0.025877
v 0.163637 0.417252 0.024440
v 0.164042 0.426698 0.028153
v 0.166250 0.426893 0.027018
v 0.166126 0.431807 0.027153
v 0.162817 0.419352 0.025384
v 0.162132 0.427684 0.024667
v 0.163563 0.418000 0.022179
v 0.164395 0.432210 0.028448
v 0.162759 0.432615 0.025707
v 0.164386 0.432239 0.024610
v 0.163654 0.427718 0.023419
v 0.168196 0.417560 0.017860
v 0.165897 0.419967 0.019369
v 0.163508 0.427494 0.020762
v 0.165736 0.432845 0.020631
v 0.164619 0.433165 0.017914
v 0.181767 0.424511 0.029760
v 0.184137 0.426393 0.029410
v 0.182676 0.422655 0.028552
v 0.187445 0.422458 0.031629
v 0.186377 0.423876 0.029067
v 0.187641 0.421908 0.022679
v 0.191668 0.417719 0.018967
v 0.188822 0.419766 0.016219
v 0.179235 0.418397 0.015444
v 0.175483 0.417602 0.026525
v 0.187704 0.415695 0.010126
v 0.184191 0.415963 0.004732
v 0.177359 0.415799 0.003680
v 0.173590 0.419074 0.024512
v 0.168488 0.421189 0.029654
v 0.173930 0.412814 0.002979
v 0.169900 0.420517 0.031731
v 0.168350 0.419342 0.009084
v 0.167115 0.421387 0.009961
v 0.170904 0.418228 0.023796
v 0.167025 0.425735 0.031446
v 0.167118 0.418641 0.011905
v 0.166400 0.425976 0.011649
v 0.164347 0.426550 0.010701
v 0.168960 0.419003 0.020916
v 0.167157 0.421611 0.022974
v 0.166361 0.427543 0.024510
v 0.164970 0.420296 0.021242
v 0.168597 0.418949 0.014968
v 0.166738 0.422680 0.016170
v 0.165863 0.427253 0.020082
v 0.166722 0.427631 0.017978
v 0.167045 0.431948 0.019582
v 0.166202 0.432330 0.017197
v 0.167203 0.430671 0.011281
v 0.163366 0.428604 0.033991
v 0.166615 0.429198 0.033757
v 0.164469 0.428985 0.032374
v 0.199755 0.402414 -0.002518
v 0.186528 0.406681 0.002491
v 0.188348 0.409818 0.003227
v 0.197442 0.406741 -0.003523
v 0.214109 0.486618 -0.125336
v 0.234407 0.457249 -0.134839
v 0.251027 0.475991 -0.107685
v 0.226081 0.400818 -0.156390
v 0.226014 0.393939 -0.159860
v 0.200369 0.394060 -0.164172
v 0.182418 0.392164 -0.157229
v 0.180692 0.384713 -0.158874
v 0.178674 0.386829 -0.137536
v 0.182211 0.382738 -0.116226
v 0.176660 0.378202 -0.137382
v 0.181614 0.373237 -0.118627
v 0.207056 0.376221 -0.101547
v 0.207156 0.367835 -0.103434
v 0.237998 0.385586 -0.099227
v 0.249380 0.397780 -0.146031
v 0.249619 0.389433 -0.150219
v 0.226568 0.384367 -0.165063
v 0.250211 0.379372 -0.154761
v 0.260232 0.385918 -0.133916
v 0.258308 0.392975 -0.130962
v 0.251902 0.380928 -0.116552
v 0.250505 0.387314 -0.112126
v 0.252759 0.372919 -0.117262
v 0.236530 0.378377 -0.099952
v 0.171282 0.443961 -0.108938
v 0.173145 0.429734 -0.109250
v 0.226085 0.417142 -0.080600
v 0.215839 0.423375 -0.071492
v 0.199290 0.430200 -0.077209
v 0.182830 0.432146 -0.086907
v 0.181860 0.415006 -0.106465
v 0.189009 0.415225 -0.097883
v 0.184958 0.430761 -0.088339
v 0.200016 0.429273 -0.079281
v 0.202165 0.413302 -0.089432
v 0.214837 0.422161 -0.074054
v 0.217325 0.410218 -0.086206
v 0.218290 0.395976 -0.092175
v 0.227417 0.408563 -0.086751
v 0.225466 0.420975 -0.075411
v 0.235426 0.417043 -0.070879
v 0.247142 0.429573 -0.075132
v 0.236129 0.411981 -0.079445
v 0.178840 0.431686 -0.096330
v 0.181158 0.428573 -0.101273
v 0.184318 0.416990 -0.109193
v 0.185126 0.402361 -0.108366
v 0.191823 0.399601 -0.101911
v 0.187533 0.403964 -0.111615
v 0.194512 0.401708 -0.106316
v 0.204680 0.397790 -0.094076
v 0.206849 0.399716 -0.099546
v 0.220099 0.398301 -0.097066
v 0.228189 0.396672 -0.092589
v 0.228482 0.410406 -0.090281
v 0.229142 0.398290 -0.096805
v 0.234282 0.347249 -0.102249
v 0.220387 0.347686 -0.102508
v 0.233583 0.354045 -0.102938
v 0.219812 0.354578 -0.102456
v 0.206646 0.361665 -0.105072
v 0.205686 0.351851 -0.104831
v 0.195433 0.372433 -0.110163
v 0.193854 0.362026 -0.108452
v 0.188532 0.373022 -0.114621
v 0.259038 0.355552 -0.116629
v 0.252238 0.349608 -0.109347
v 0.249569 0.356223 -0.107921
v 0.260760 0.346994 -0.118959
v 0.236047 0.355685 -0.092799
v 0.238467 0.332834 -0.094406
v 0.251003 0.356865 -0.111670
v 0.266270 0.337268 -0.099078
v 0.247463 0.342022 -0.084955
v 0.257080 0.355609 -0.103479
v 0.259399 0.332477 -0.106457
v 0.228710 0.354410 -0.100581
v 0.182677 0.352419 -0.114742
v 0.193257 0.345039 -0.108277
v 0.181105 0.342895 -0.115640
v 0.194695 0.354682 -0.108164
v 0.207399 0.361324 -0.102976
v 0.207335 0.351664 -0.102663
v 0.221690 0.371658 -0.105075
v 0.221384 0.362186 -0.103276
v 0.229665 0.370908 -0.104042
v 0.171422 0.363041 -0.144500
v 0.169579 0.349353 -0.130431
v 0.169186 0.354080 -0.147097
v 0.171919 0.357812 -0.127099
v 0.162033 0.321800 -0.117188
v 0.162792 0.356536 -0.126175
v 0.164348 0.328000 -0.142944
v 0.172996 0.359313 -0.130803
v 0.174467 0.319950 -0.120431
v 0.154060 0.329487 -0.138563
v 0.174513 0.350660 -0.106235
v 0.185982 0.353718 -0.110883
v 0.261595 0.347741 -0.143151
v 0.254034 0.337017 -0.161723
v 0.262676 0.338064 -0.142174
v 0.252891 0.347131 -0.161567
v 0.237641 0.349642 -0.171668
v 0.236243 0.338286 -0.172000
v 0.228563 0.357930 -0.174600
v 0.228596 0.347195 -0.176000
v 0.214774 0.367406 -0.174931
v 0.215007 0.357434 -0.176421
v 0.198834 0.368847 -0.173672
v 0.200359 0.379354 -0.170363
v 0.189389 0.382202 -0.162232
v 0.194203 0.384985 -0.162568
v 0.180971 0.350159 -0.167384
v 0.197033 0.345070 -0.178952
v 0.182955 0.359317 -0.164582
v 0.198372 0.354421 -0.176639
v 0.217380 0.344473 -0.177220
v 0.216508 0.354536 -0.175926
v 0.226479 0.354923 -0.174290
v 0.225880 0.342861 -0.174541
v 0.239090 0.363590 -0.166706
v 0.238594 0.352245 -0.167806
v 0.252397 0.362912 -0.158844
v 0.250260 0.373367 -0.157330
v 0.256009 0.376090 -0.144583
v 0.252212 0.381113 -0.145537
v 0.167340 0.490077 -0.134124
v 0.151061 0.495360 -0.112117
v 0.198709 0.493779 -0.095850
v 0.148263 0.491361 -0.100222
v 0.194412 0.488094 -0.088432
v 0.148641 0.481523 -0.092832
v 0.155754 0.467846 -0.090395
v 0.282716 0.468977 -0.071443
v 0.282925 0.471907 -0.058678
v 0.238079 0.484201 -0.073800
v 0.232945 0.478450 -0.066504
v 0.263760 0.327566 -0.115941
v 0.275258 0.328366 -0.114880
v 0.263816 0.318242 -0.123582
v 0.275475 0.319333 -0.123308
v 0.273009 0.349288 -0.141808
v 0.261271 0.347959 -0.143740
v 0.276182 0.315133 -0.138446
v 0.256713 0.356379 -0.110458
v 0.264401 0.313818 -0.138248
v 0.268119 0.357098 -0.106968
v 0.159536 0.495832 -0.122785
v 0.150797 0.497683 -0.111036
v 0.198559 0.495353 -0.094889
v 0.147972 0.493613 -0.098913
v 0.189315 0.480555 -0.078791
v 0.148315 0.483567 -0.091373
v 0.155106 0.470226 -0.089298
v 0.283283 0.474019 -0.057746
v 0.232777 0.479905 -0.065320
v 0.226818 0.469801 -0.058938
v 0.269484 0.464085 -0.043764
v 0.258678 0.453200 -0.047673
v 0.172611 0.429439 -0.099937
v 0.195403 0.422809 -0.083430
v 0.179229 0.463977 -0.086412
v 0.193014 0.453048 -0.064769
v 0.175317 0.462564 -0.079248
v 0.168232 0.428583 -0.095099
v 0.190508 0.421645 -0.079427
v 0.198749 0.455011 -0.071266
v 0.159839 0.367840 -0.144048
v 0.164284 0.331608 -0.151026
v 0.154090 0.335213 -0.155904
v 0.159758 0.328587 -0.166629
v 0.169952 0.324982 -0.161751
v 0.178117 0.328617 -0.176067
v 0.173380 0.363217 -0.169690
v 0.167922 0.332222 -0.180945
v 0.170034 0.364236 -0.139170
v 0.183574 0.359612 -0.164811
v 0.184890 0.466026 -0.078371
v 0.184732 0.467503 -0.076964
v 0.189555 0.479493 -0.079830
v 0.194185 0.489611 -0.087367
v 0.206097 0.497305 -0.104938
v 0.205901 0.498715 -0.104408
v 0.167856 0.492730 -0.133259
v 0.159155 0.493051 -0.123537
v 0.162280 0.457003 -0.087670
v 0.162624 0.455095 -0.088843
v 0.223085 0.455032 -0.060110
v 0.227044 0.468501 -0.060196
v 0.237991 0.485722 -0.072722
v 0.244599 0.486604 -0.086035
v 0.244625 0.488164 -0.085128
v 0.248373 0.442848 -0.052331
v 0.222819 0.456130 -0.058806
v 0.247922 0.442292 -0.053817
v 0.258416 0.452410 -0.049267
v 0.269381 0.462925 -0.045438
v 0.277227 0.472169 -0.048376
v 0.277000 0.470085 -0.049467
v 0.282851 0.471701 -0.070606
v 0.281759 0.465621 -0.083774
v 0.281886 0.468730 -0.083186
v 0.200311 0.416276 -0.002653
v 0.202267 0.416764 0.001415
v 0.202169 0.415889 0.002170
v 0.217224 0.423064 -0.006159
v 0.218273 0.422257 -0.005825
v 0.215455 0.420299 -0.012042
v 0.200076 0.415190 -0.002610
v 0.214877 0.421362 -0.011386
v 0.208681 0.404846 0.006368
v 0.208289 0.408759 0.006414
v 0.191458 0.409270 0.010831
v 0.227603 0.406206 -0.000389
v 0.226748 0.411508 -0.000083
v 0.235209 0.413657 -0.002973
v 0.192203 0.406914 0.011554
v 0.189522 0.406541 0.011346
v 0.191610 0.404371 0.010763
v 0.237890 0.414153 -0.005858
v 0.232507 0.418806 -0.004282
v 0.240231 0.406638 -0.008990
v 0.206694 0.412870 0.003734
v 0.188796 0.409253 0.010802
v 0.207790 0.412387 0.005646
v 0.225214 0.417177 -0.000813
v 0.223991 0.417976 -0.003813
v 0.233007 0.420143 -0.008591
v 0.228002 0.404193 -0.003840
v 0.236148 0.408060 -0.003624
v 0.207463 0.403753 0.004438
v 0.189056 0.403796 0.010370
v 0.215894 0.532779 -0.094702
v 0.211405 0.533494 -0.089903
v 0.211824 0.534399 -0.094517
v 0.215993 0.531657 -0.090111
v 0.217581 0.529080 -0.095848
v 0.217900 0.527514 -0.091406
v 0.206827 0.531926 -0.090891
v 0.215900 0.525515 -0.097275
v 0.216001 0.523472 -0.093018
v 0.211415 0.521913 -0.094006
v 0.206835 0.523741 -0.093798
v 0.207772 0.525753 -0.097968
v 0.204929 0.527894 -0.092511
v 0.211833 0.524125 -0.098154
v 0.207766 0.533018 -0.095394
v 0.206085 0.529417 -0.096827
v 0.182522 0.522442 -0.068746
v 0.182808 0.561578 -0.065752
v 0.184076 0.522827 -0.071453
v 0.184110 0.561540 -0.065641
v 0.182774 0.522865 -0.071564
v 0.183823 0.522404 -0.068635
v 0.183858 0.561117 -0.062823
v 0.182556 0.561155 -0.062934
v 0.176829 0.566929 -0.059964
v 0.185883 0.561026 -0.067990
v 0.196785 0.565018 -0.066415
v 0.197964 0.567487 -0.065939
v 0.181240 0.561162 -0.068385
v 0.180549 0.560004 -0.060670
v 0.185192 0.559868 -0.060275
v 0.188065 0.564704 -0.067243
v 0.196094 0.563860 -0.058699
v 0.197273 0.566329 -0.058223
v 0.177444 0.563434 -0.068385
v 0.176753 0.562276 -0.060669
v 0.177520 0.568086 -0.067680
v 0.187374 0.563546 -0.059527
v 0.155897 0.276202 -0.164485
v 0.166478 0.330514 -0.151003
v 0.173185 0.281003 -0.182518
v 0.171402 0.348436 -0.143792
v 0.177252 0.343600 -0.121663
v 0.180912 0.362291 -0.118106
v 0.181001 0.332307 -0.168155
v 0.193151 0.280540 -0.186913
v 0.174069 0.367034 -0.138626
v 0.183722 0.385372 -0.137313
v 0.186868 0.390522 -0.153750
v 0.183873 0.351835 -0.163725
v 0.197885 0.333935 -0.175445
v 0.225116 0.351599 -0.170964
v 0.184470 0.371662 -0.159186
v 0.201657 0.392276 -0.159564
v 0.199527 0.353997 -0.173111
v 0.224833 0.373522 -0.166573
v 0.199835 0.372418 -0.168444
v 0.181298 0.386640 -0.137062
v 0.187229 0.382036 -0.118222
v 0.224719 0.374738 -0.169452
v 0.225361 0.352102 -0.173638
v 0.223979 0.333791 -0.175214
v 0.223684 0.333417 -0.172532
v 0.218407 0.277393 -0.180152
v 0.157692 0.264963 -0.139523
v 0.171622 0.325195 -0.126531
v 0.193205 0.281127 -0.189600
v 0.171769 0.281778 -0.184738
v 0.265982 0.280615 -0.086196
v 0.244878 0.334593 -0.099428
v 0.249913 0.286014 -0.064626
v 0.262073 0.329798 -0.114206
v 0.257846 0.345034 -0.120601
v 0.240765 0.346657 -0.105227
v 0.237698 0.360882 -0.103915
v 0.259812 0.323571 -0.140429
v 0.254797 0.362664 -0.117477
v 0.249922 0.326558 -0.157031
v 0.226551 0.328529 -0.167909
v 0.257976 0.344554 -0.142677
v 0.257593 0.365803 -0.139896
v 0.249928 0.347341 -0.158527
v 0.249840 0.369696 -0.154099
v 0.233565 0.378597 -0.105298
v 0.247240 0.380273 -0.118282
v 0.257028 0.385936 -0.133726
v 0.254418 0.385100 -0.133512
v 0.245678 0.388742 -0.146375
v 0.223845 0.390129 -0.156926
v 0.227635 0.373532 -0.166017
v 0.226941 0.348193 -0.169911
v 0.220925 0.263777 -0.129099
v 0.243486 0.348766 -0.103960
v 0.221656 0.262565 -0.131450
v 0.246280 0.265810 -0.122284
v 0.263593 0.271019 -0.110597
v 0.261148 0.271505 -0.109450
v 0.268620 0.281123 -0.085621
v 0.252105 0.286954 -0.063253
v 0.183495 0.487722 -0.075641
v 0.186248 0.492851 -0.092521
v 0.197206 0.493740 -0.098597
v 0.211077 0.493733 -0.100176
v 0.233721 0.486249 -0.071364
v 0.183134 0.482187 -0.060064
v 0.188557 0.481799 -0.065899
v 0.183638 0.484477 -0.062171
v 0.181055 0.485360 -0.064181
v 0.209169 0.494032 -0.077665
v 0.234171 0.491446 -0.088440
v 0.224458 0.492941 -0.096276
v 0.186422 0.491564 -0.057082
v 0.184236 0.493417 -0.058030
v 0.176368 0.492515 -0.073491
v 0.185209 0.505183 -0.070260
v 0.185826 0.516358 -0.065680
v 0.186030 0.520434 -0.053314
v 0.188060 0.512349 -0.066249
v 0.187419 0.509943 -0.057501
v 0.187654 0.504575 -0.068463
v 0.190862 0.494928 -0.054510
v 0.195089 0.501733 -0.046737
v 0.197373 0.498147 -0.042904
v 0.194056 0.502362 -0.051197
v 0.189488 0.511683 -0.053835
v 0.187622 0.533598 -0.051957
v 0.196047 0.541975 -0.048545
v 0.194865 0.545856 -0.062745
v 0.194687 0.530059 -0.040351
v 0.194253 0.517138 -0.041420
v 0.206593 0.529264 -0.035294
v 0.207240 0.538581 -0.039683
v 0.194591 0.511497 -0.043460
v 0.203569 0.512413 -0.038335
v 0.204579 0.500643 -0.037765
v 0.200743 0.483582 -0.040186
v 0.204791 0.497147 -0.037473
v 0.205725 0.478536 -0.042566
v 0.202033 0.476007 -0.048778
v 0.196776 0.472909 -0.051801
v 0.189321 0.474155 -0.050250
v 0.220068 0.479209 -0.043742
v 0.222909 0.473170 -0.047390
v 0.215764 0.472352 -0.050184
v 0.210261 0.475765 -0.048078
v 0.206075 0.475837 -0.047607
v 0.210519 0.483296 -0.039354
v 0.205475 0.485181 -0.037343
v 0.215141 0.497626 -0.041391
v 0.218245 0.501054 -0.044764
v 0.207328 0.500563 -0.037531
v 0.206867 0.497086 -0.037296
v 0.205885 0.500954 -0.036720
v 0.206138 0.511851 -0.035944
v 0.209103 0.512251 -0.037863
v 0.206231 0.515820 -0.035665
v 0.218749 0.510789 -0.041403
v 0.219065 0.516410 -0.039307
v 0.225533 0.510626 -0.050765
v 0.229357 0.519164 -0.049624
v 0.219209 0.529340 -0.038263
v 0.228087 0.508751 -0.054037
v 0.209279 0.538521 -0.039509
v 0.219949 0.541274 -0.046509
v 0.210024 0.543600 -0.046511
v 0.211388 0.548300 -0.060899
v 0.228327 0.532404 -0.048490
v 0.234799 0.523895 -0.065024
v 0.231410 0.515021 -0.061798
v 0.233808 0.506140 -0.069095
v 0.232140 0.503807 -0.066264
v 0.229075 0.511146 -0.062756
v 0.220051 0.501599 -0.048983
v 0.223321 0.493977 -0.051746
v 0.229396 0.503350 -0.064908
v 0.230347 0.492065 -0.054103
v 0.227928 0.490347 -0.053548
v 0.207310 0.548420 -0.061246
v 0.197100 0.545629 -0.076254
v 0.189814 0.538556 -0.078571
v 0.186109 0.537291 -0.064815
v 0.183562 0.525397 -0.069388
v 0.187361 0.527282 -0.082421
v 0.184182 0.507596 -0.073321
v 0.198328 0.539488 -0.089117
v 0.203894 0.543304 -0.086905
v 0.195998 0.528812 -0.093451
v 0.211669 0.528798 -0.095056
v 0.185679 0.511171 -0.088478
v 0.194803 0.512237 -0.099246
v 0.211647 0.511857 -0.100634
v 0.211721 0.505478 -0.103690
v 0.181344 0.507159 -0.091426
v 0.177938 0.501407 -0.069140
v 0.180053 0.499178 -0.094743
v 0.193290 0.505931 -0.102183
v 0.194245 0.497764 -0.103602
v 0.212600 0.548135 -0.075195
v 0.223746 0.545009 -0.060286
v 0.223806 0.544846 -0.073979
v 0.230956 0.537350 -0.075067
v 0.232203 0.535939 -0.060889
v 0.233364 0.525934 -0.078504
v 0.224415 0.538723 -0.086896
v 0.218795 0.542868 -0.085636
v 0.211598 0.539433 -0.090562
v 0.226818 0.527908 -0.090827
v 0.235104 0.509722 -0.084269
v 0.228008 0.511264 -0.096418
v 0.239644 0.505450 -0.086461
v 0.238886 0.499620 -0.063950
v 0.241001 0.497391 -0.089553
v 0.229626 0.504866 -0.099089
v 0.211595 0.497747 -0.104880
v 0.228451 0.496761 -0.100689
v 0.209442 0.554043 -0.060211
v 0.207822 0.554090 -0.060349
v 0.206440 0.549077 -0.045843
v 0.214467 0.559658 -0.097995
v 0.210813 0.556367 -0.075511
v 0.212838 0.559706 -0.098134
v 0.208060 0.549029 -0.045705
v 0.207478 0.543460 -0.040794
v 0.209108 0.543412 -0.040656
v 0.191851 0.480036 -0.046145
v 0.191351 0.494484 -0.054254
v 0.199211 0.481103 -0.044277
v 0.186376 0.490711 -0.054255
v 0.205202 0.538640 -0.039857
v 0.205858 0.543507 -0.040932
v 0.205947 0.543720 -0.046858
v 0.209163 0.553122 -0.076434
v 0.208522 0.548255 -0.075542
v 0.209191 0.556357 -0.075640
v 0.209298 0.545461 -0.085615
v 0.209992 0.553132 -0.086164
v 0.211217 0.559754 -0.098272
v 0.211164 0.556510 -0.098764
v 0.214414 0.556415 -0.098487
v 0.209761 0.550117 -0.084485
v 0.212784 0.556463 -0.098625
v 0.213376 0.545341 -0.085267
v 0.211371 0.550052 -0.084230
v 0.211337 0.545401 -0.085441
v 0.213010 0.550022 -0.084208
v 0.213242 0.553036 -0.085887
v 0.211612 0.553084 -0.086026
v 0.182703 0.517031 -0.079423
v 0.187777 0.521557 -0.079152
v 0.187542 0.525336 -0.075090
v 0.187057 0.525534 -0.069323
v 0.181756 0.522860 -0.066294
v 0.186645 0.523112 -0.065317
v 0.186415 0.518545 -0.064195
v 0.186359 0.514278 -0.065007
v 0.185911 0.503033 -0.067922
v 0.181944 0.514222 -0.071479
v 0.182791 0.521597 -0.078878
v 0.182566 0.524938 -0.075094
v 0.182121 0.525000 -0.069845
v 0.181553 0.518794 -0.065307
v 0.187308 0.505374 -0.083524
v 0.187663 0.516463 -0.079564
v 0.181487 0.514994 -0.065847
v 0.181261 0.502332 -0.068954
v 0.182605 0.506657 -0.083242
v 0.231122 0.480780 -0.055978
v 0.226750 0.480679 -0.062646
v 0.231115 0.483085 -0.058128
v 0.234048 0.483806 -0.059668
v 0.240648 0.490630 -0.068017
v 0.212573 0.480711 -0.043139
v 0.222771 0.493563 -0.051578
v 0.227455 0.489506 -0.050756
v 0.209689 0.548982 -0.045566
v 0.211071 0.553995 -0.060072
v 0.212413 0.553027 -0.076157
v 0.212440 0.556262 -0.075363
v 0.231954 0.515164 -0.075793
v 0.232068 0.520258 -0.075380
v 0.231833 0.524038 -0.071318
v 0.235896 0.521272 -0.061683
v 0.231348 0.524235 -0.065552
v 0.230936 0.521813 -0.061545
v 0.230706 0.517246 -0.060423
v 0.235628 0.513406 -0.061236
v 0.235693 0.517206 -0.060697
v 0.230651 0.512979 -0.061236
v 0.235638 0.500737 -0.064324
v 0.230930 0.501713 -0.064089
v 0.236931 0.520010 -0.074267
v 0.236706 0.523350 -0.070483
v 0.236261 0.523413 -0.065235
v 0.232328 0.504054 -0.079690
v 0.236843 0.515444 -0.074812
v 0.236084 0.512635 -0.066868
v 0.236982 0.505062 -0.078612
v 0.157547 0.150939 -0.240012
v 0.174923 0.141347 -0.225126
v 0.153022 0.144147 -0.230085
v 0.172280 0.133015 -0.212677
v 0.154744 0.133707 -0.185386
v 0.175604 0.154113 -0.214109
v 0.171603 0.142876 -0.204448
v 0.165713 0.134576 -0.189610
v 0.170034 0.154608 -0.206758
v 0.158635 0.148755 -0.203993
v 0.166544 0.142847 -0.194075
v 0.161003 0.159341 -0.203786
v 0.154560 0.146178 -0.188119
v 0.143442 0.144252 -0.199784
v 0.144739 0.132892 -0.195797
v 0.145570 0.145952 -0.212369
v 0.147591 0.135699 -0.218065
v 0.150581 0.154914 -0.221612
v 0.151203 0.156588 -0.211335
v 0.157038 0.165242 -0.235039
v 0.167665 0.153872 -0.244002
v 0.171570 0.174535 -0.227556
v 0.167972 0.166780 -0.238171
v 0.176673 0.162946 -0.231813
v 0.176761 0.150742 -0.239019
v 0.194223 0.241789 -0.172564
v 0.197456 0.245418 -0.185437
v 0.194274 0.245845 -0.182511
v 0.184789 0.250962 -0.190967
v 0.183319 0.249929 -0.187266
v 0.172062 0.250406 -0.185367
v 0.160596 0.244822 -0.176818
v 0.164269 0.238852 -0.166044
v 0.191937 0.235300 -0.163009
v 0.173899 0.233183 -0.158467
v 0.186430 0.236032 -0.162214
v 0.161965 0.174837 -0.226029
v 0.162670 0.169970 -0.202667
v 0.163883 0.170697 -0.204547
v 0.243755 0.132902 -0.106455
v 0.232681 0.132988 -0.070454
v 0.245875 0.133209 -0.042490
v 0.233770 0.132850 -0.102255
v 0.232648 0.132919 -0.085420
v 0.231171 0.149642 -0.083694
v 0.232288 0.145725 -0.066591
v 0.235832 0.133109 -0.048892
v 0.235287 0.155126 -0.076054
v 0.244968 0.152036 -0.065072
v 0.235119 0.144246 -0.052665
v 0.244196 0.160091 -0.075624
v 0.245851 0.146023 -0.044415
v 0.258820 0.145055 -0.054317
v 0.257527 0.133250 -0.051518
v 0.259424 0.146866 -0.070900
v 0.258042 0.133160 -0.072076
v 0.257030 0.147283 -0.085829
v 0.255208 0.133071 -0.087182
v 0.252854 0.132996 -0.099816
v 0.254723 0.155036 -0.077774
v 0.253642 0.147635 -0.103647
v 0.243488 0.146844 -0.108955
v 0.233627 0.146993 -0.103177
v 0.253107 0.247689 -0.097859
v 0.255619 0.246900 -0.100770
v 0.260039 0.247489 -0.093409
v 0.260261 0.246507 -0.081486
v 0.251183 0.247159 -0.071035
v 0.226708 0.248351 -0.093132
v 0.242609 0.161618 -0.105397
v 0.242982 0.159642 -0.108372
v 0.242120 0.168044 -0.081489
v 0.242457 0.168111 -0.079159
v 0.255605 0.163904 -0.086674
v 0.232045 0.163098 -0.085958
v 0.201146 0.404750 -0.011774
v 0.202198 0.396381 -0.004065
v 0.188816 0.401334 0.009353
v 0.204686 0.399602 0.003062
v 0.189479 0.406451 0.011368
v 0.207948 0.409096 0.005678
v 0.225526 0.411578 -0.001137
v 0.188067 0.412718 0.010161
v 0.206164 0.416969 0.001034
v 0.186201 0.412789 0.003847
v 0.231006 0.395906 -0.002592
v 0.225083 0.387805 -0.013408
v 0.235557 0.391054 -0.023515
v 0.200714 0.413996 -0.008380
v 0.185840 0.407003 0.000886
v 0.221707 0.423186 -0.007578
v 0.213927 0.417171 -0.021194
v 0.215085 0.403367 -0.027869
v 0.160801 0.413764 -0.083657
v 0.152967 0.409937 -0.099518
v 0.162335 0.405807 -0.126267
v 0.148080 0.417373 -0.097878
v 0.149631 0.427844 -0.101271
v 0.143592 0.428806 -0.119626
v 0.158192 0.432271 -0.104839
v 0.169512 0.426207 -0.087078
v 0.133907 0.410990 -0.128314
v 0.141739 0.399931 -0.132296
v 0.144843 0.404728 -0.148392
v 0.158796 0.405278 -0.136130
v 0.134887 0.412636 -0.144744
v 0.139688 0.430391 -0.131120
v 0.155999 0.434316 -0.122679
v 0.166406 0.423164 -0.105725
v 0.163308 0.413037 -0.105702
v 0.165682 0.420658 -0.124020
v 0.233933 0.411733 0.000103
v 0.232243 0.415826 -0.002035
v 0.215006 0.409978 0.004634
v 0.214088 0.412666 0.004907
v 0.233766 0.415099 0.000999
v 0.215984 0.412777 0.008368
v 0.216136 0.409411 0.007490
v 0.232406 0.412454 -0.002921
v 0.207430 0.408802 0.007200
v 0.265282 0.359942 -0.135451
v 0.266551 0.348096 -0.139038
v 0.265969 0.343077 -0.132098
v 0.265171 0.348708 -0.137741
v 0.264661 0.344871 -0.131935
v 0.266250 0.354770 -0.140148
v 0.267454 0.348862 -0.137440
v 0.263975 0.358581 -0.133703
v 0.267220 0.354152 -0.138347
v 0.266259 0.358734 -0.133401
v 0.264937 0.353999 -0.138649
v 0.266944 0.345024 -0.131633
v 0.263008 0.377710 -0.143861
v 0.262263 0.353259 -0.125833
v 0.267039 0.355439 -0.129851
v 0.266559 0.353547 -0.125265
v 0.268882 0.319899 -0.131766
v 0.266137 0.319715 -0.132129
v 0.266411 0.320180 -0.134436
v 0.265832 0.364990 -0.125561
v 0.261535 0.364702 -0.126130
v 0.264465 0.369317 -0.150628
v 0.267304 0.377998 -0.143293
v 0.268761 0.369605 -0.150059
v 0.267410 0.323953 -0.133295
v 0.271195 0.316669 -0.130682
v 0.268040 0.317122 -0.134596
v 0.266615 0.322606 -0.126602
v 0.264067 0.316191 -0.131625
v 0.263437 0.323021 -0.130324
v 0.267245 0.315775 -0.127903
v 0.270565 0.323498 -0.129381
v 0.263965 0.367860 -0.146106
v 0.268261 0.368148 -0.145538
v 0.269234 0.323177 -0.136089
v 0.262725 0.355121 -0.130270
v 0.269174 0.320394 -0.134224
v 0.266542 0.321187 -0.135939
v 0.269305 0.321401 -0.135725
v 0.266471 0.322963 -0.136302
v 0.271481 0.323762 -0.133941
v 0.258525 0.368606 -0.118782
v 0.266299 0.369127 -0.117754
v 0.259387 0.370070 -0.126049
v 0.267162 0.370591 -0.125021
v 0.266316 0.360713 -0.113615
v 0.269423 0.327025 -0.120032
v 0.258722 0.366468 -0.119189
v 0.263706 0.323241 -0.134969
v 0.262671 0.321485 -0.126248
v 0.266496 0.366989 -0.118161
v 0.258541 0.360192 -0.114643
v 0.270445 0.322006 -0.125220
v 0.261648 0.326503 -0.121059
v 0.262001 0.320870 -0.131436
v 0.268428 0.365827 -0.121618
v 0.272509 0.321574 -0.130047
v 0.268708 0.366303 -0.123980
v 0.258200 0.365598 -0.125370
v 0.262281 0.321346 -0.133798
v 0.272790 0.322050 -0.132409
v 0.257920 0.365123 -0.123008
v 0.261754 0.370476 -0.114112
v 0.261975 0.368082 -0.114569
v 0.256146 0.368948 -0.121939
v 0.257314 0.370546 -0.116632
v 0.257535 0.368152 -0.117089
v 0.255925 0.371342 -0.121483
v 0.258405 0.372397 -0.125821
v 0.258625 0.370003 -0.126277
v 0.267959 0.370628 -0.125043
v 0.263297 0.373093 -0.127107
v 0.267738 0.373022 -0.124587
v 0.269347 0.369833 -0.120194
v 0.269126 0.372227 -0.119737
v 0.266647 0.371172 -0.115398
v 0.239958 0.440201 -0.162836
v 0.218034 0.441954 -0.171669
v 0.237033 0.493069 -0.127822
v 0.227411 0.484632 -0.111453
v 0.227190 0.494451 -0.106191
v 0.237427 0.492123 -0.132417
v 0.261393 0.486411 -0.120395
v 0.237272 0.459821 -0.169039
v 0.244034 0.454367 -0.159169
v 0.236993 0.451109 -0.148825
v 0.224936 0.450568 -0.148903
v 0.224527 0.447736 -0.149469
v 0.218729 0.455574 -0.157962
v 0.224579 0.461121 -0.166944
v 0.236028 0.474348 -0.159451
v 0.242843 0.456656 -0.157807
v 0.236385 0.463780 -0.141384
v 0.217765 0.453189 -0.159338
v 0.218679 0.435743 -0.169561
v 0.224137 0.459232 -0.169123
v 0.236635 0.461662 -0.166867
v 0.242243 0.469335 -0.150379
v 0.236807 0.466021 -0.139004
v 0.224311 0.463239 -0.141462
v 0.218096 0.468252 -0.150534
v 0.223271 0.476938 -0.158761
v 0.223954 0.473807 -0.159529
v 0.241746 0.500084 -0.132383
v 0.243185 0.472069 -0.148798
v 0.223660 0.465432 -0.139089
v 0.216892 0.470890 -0.148967
v 0.221949 0.504924 -0.142287
v 0.236417 0.477528 -0.158676
v 0.238088 0.442341 -0.179213
v 0.244816 0.436915 -0.169393
v 0.237661 0.448325 -0.149384
v 0.238475 0.430903 -0.159657
v 0.204546 0.499597 -0.117531
v 0.204723 0.490368 -0.124693
v 0.215322 0.497651 -0.139040
v 0.207310 0.449518 -0.150521
v 0.208980 0.422528 -0.164752
v 0.249671 0.488569 -0.094951
v 0.251606 0.478898 -0.101228
v 0.254728 0.437916 -0.126788
v 0.263917 0.434515 -0.150801
v 0.254640 0.411358 -0.141902
v 0.245769 0.405331 -0.130068
v 0.225313 0.410695 -0.143395
v 0.231971 0.416424 -0.153909
v 0.202359 0.415945 -0.151785
v 0.239812 0.435673 -0.161424
v 0.161625 0.422112 -0.084820
v 0.153479 0.417646 -0.081972
v 0.154415 0.425050 -0.083283
v 0.168219 0.417185 -0.086276
v 0.162314 0.431180 -0.085200
v 0.165873 0.476199 -0.093367
v 0.185579 0.492542 -0.096527
v 0.182673 0.476430 -0.087010
v 0.165466 0.487541 -0.103435
v 0.171029 0.460700 -0.094123
v 0.155891 0.463692 -0.107278
v 0.149928 0.454898 -0.117575
v 0.148919 0.458727 -0.123318
v 0.151922 0.461465 -0.129122
v 0.158962 0.473229 -0.124847
v 0.153454 0.467299 -0.116958
v 0.175419 0.481520 -0.126134
v 0.168749 0.488228 -0.118300
v 0.187703 0.492848 -0.113226
v 0.135545 0.422860 -0.152369
v 0.153916 0.434689 -0.153977
v 0.143034 0.432623 -0.140775
v 0.138313 0.424349 -0.146476
v 0.142445 0.415043 -0.156633
v 0.135969 0.404904 -0.148340
v 0.154830 0.408668 -0.153309
v 0.138617 0.421969 -0.151458
v 0.141044 0.422602 -0.146359
v 0.134468 0.410477 -0.141428
v 0.143662 0.415474 -0.154709
v 0.153649 0.411062 -0.152270
v 0.154768 0.410320 -0.148912
v 0.186865 0.402002 0.003817
v 0.187690 0.407236 0.006460
v 0.255834 0.464286 -0.061339
v 0.242558 0.467130 -0.071687
v 0.267161 0.468517 -0.066253
v 0.245430 0.453026 -0.064430
v 0.262986 0.449907 -0.058550
v 0.267673 0.439615 -0.057627
v 0.273274 0.440135 -0.059615
v 0.275380 0.450039 -0.069245
v 0.275976 0.439916 -0.064666
v 0.271442 0.448744 -0.061102
v 0.270449 0.455702 -0.083255
v 0.273549 0.463377 -0.075243
v 0.261885 0.468890 -0.088162
v 0.254007 0.475021 -0.079322
v 0.256283 0.404876 -0.024403
v 0.259768 0.409910 -0.033747
v 0.241713 0.395107 -0.008981
v 0.251330 0.395875 -0.033341
v 0.238817 0.386980 -0.015160
v 0.238697 0.397211 -0.039584
v 0.233495 0.402868 -0.037942
v 0.253418 0.405576 -0.025834
v 0.239314 0.396535 -0.010327
v 0.249513 0.398452 -0.032452
v 0.237244 0.389887 -0.014988
v 0.239507 0.399595 -0.037459
v 0.244066 0.406155 -0.045000
v 0.240183 0.410534 -0.043775
v 0.235756 0.404128 -0.035944
v 0.200055 0.442366 -0.071951
v 0.179669 0.462033 -0.085856
v 0.202397 0.453107 -0.070382
v 0.229518 0.447666 -0.061998
v 0.176477 0.450737 -0.089308
v 0.178480 0.464952 -0.089571
v 0.169595 0.436004 -0.102370
v 0.228755 0.435691 -0.064285
v 0.236483 0.452092 -0.065378
v 0.248461 0.474879 -0.068532
v 0.239899 0.489149 -0.086340
v 0.254426 0.477616 -0.081376
v 0.258871 0.474950 -0.092891
v 0.228851 0.484016 -0.107104
v 0.235673 0.484287 -0.072175
v 0.226464 0.492319 -0.097112
v 0.229093 0.474652 -0.064169
v 0.241396 0.463483 -0.059764
v 0.231804 0.439016 -0.059444
v 0.220501 0.462683 -0.062205
v 0.200332 0.445962 -0.070365
v 0.203118 0.460945 -0.067172
v 0.173022 0.456391 -0.086658
v 0.191133 0.471136 -0.076246
v 0.178806 0.481664 -0.089815
v 0.193308 0.484952 -0.081278
v 0.210172 0.497705 -0.100553
v 0.186284 0.492469 -0.098801
v 0.199921 0.494577 -0.089269
v 0.198170 0.491057 -0.122280
v 0.193474 0.494285 -0.111082
v 0.174091 0.344144 -0.121413
v 0.173305 0.344870 -0.124787
v 0.178377 0.362752 -0.117177
v 0.167291 0.326211 -0.127321
v 0.177310 0.363529 -0.120487
v 0.182021 0.380060 -0.121975
v 0.171437 0.367781 -0.138653
v 0.184957 0.391721 -0.155319
v 0.168786 0.349036 -0.144166
v 0.166810 0.326934 -0.130796
v 0.182227 0.372347 -0.160942
v 0.181996 0.352449 -0.165597
v 0.199984 0.373330 -0.170664
v 0.219625 0.374709 -0.169125
v 0.198945 0.354568 -0.175716
v 0.219724 0.352223 -0.174145
v 0.197393 0.334384 -0.178092
v 0.179245 0.332938 -0.170129
v 0.218725 0.333903 -0.175789
v 0.215850 0.281774 -0.183144
v 0.219161 0.277904 -0.182741
v 0.193861 0.284708 -0.188543
v 0.172632 0.285148 -0.183336
v 0.163909 0.331236 -0.151627
v 0.154283 0.280234 -0.163825
v 0.153298 0.276842 -0.165101
v 0.155901 0.269971 -0.141737
v 0.155001 0.265403 -0.139153
v 0.239392 0.361199 -0.101852
v 0.245995 0.348266 -0.106297
v 0.248874 0.339375 -0.096673
v 0.242120 0.361501 -0.104060
v 0.239747 0.375946 -0.105704
v 0.235072 0.378889 -0.102286
v 0.249284 0.381182 -0.116693
v 0.257109 0.363147 -0.116165
v 0.260348 0.345383 -0.119722
v 0.251143 0.338085 -0.099109
v 0.260246 0.366168 -0.140372
v 0.260625 0.344648 -0.143283
v 0.250491 0.367691 -0.157688
v 0.233057 0.373960 -0.165247
v 0.225338 0.393508 -0.157726
v 0.228911 0.374510 -0.168244
v 0.228187 0.348360 -0.172261
v 0.251851 0.347459 -0.160389
v 0.233225 0.347921 -0.169755
v 0.227736 0.328409 -0.170255
v 0.251773 0.326457 -0.158951
v 0.262405 0.323515 -0.141195
v 0.232489 0.328018 -0.168025
v 0.226039 0.266954 -0.135097
v 0.247668 0.264697 -0.124382
v 0.247918 0.268797 -0.128975
v 0.263439 0.274427 -0.114906
v 0.264694 0.330324 -0.113686
v 0.268144 0.283890 -0.088617
v 0.253833 0.288043 -0.069390
v 0.175493 0.381741 -0.148293
v 0.180781 0.379607 -0.144830
v 0.168952 0.382251 -0.147079
v 0.175154 0.379481 -0.149168
v 0.168613 0.379991 -0.147954
v 0.208689 0.390352 -0.176450
v 0.207039 0.396881 -0.169231
v 0.205429 0.386519 -0.165679
v 0.209242 0.405472 -0.174276
v 0.249769 0.387054 -0.164142
v 0.248118 0.393583 -0.156924
v 0.200895 0.402531 -0.161188
v 0.217260 0.393191 -0.130960
v 0.183419 0.398987 -0.153399
v 0.178821 0.394847 -0.134945
v 0.181654 0.390109 -0.116108
v 0.206831 0.384309 -0.101455
v 0.187857 0.371728 -0.113839
v 0.215765 0.376044 -0.131673
v 0.229023 0.368239 -0.101610
v 0.200234 0.384906 -0.167610
v 0.237759 0.370122 -0.103673
v 0.261470 0.378227 -0.134663
v 0.262526 0.371784 -0.120610
v 0.266868 0.368778 -0.115854
v 0.262747 0.369390 -0.121066
v 0.263518 0.370699 -0.127563
v 0.241278 0.472104 -0.141723
v 0.250641 0.464686 -0.140206
v 0.252024 0.469093 -0.140816
v 0.245330 0.474396 -0.141900
v 0.240773 0.482485 -0.135642
v 0.258357 0.471211 -0.135383
v 0.259500 0.467649 -0.132607
v 0.244969 0.481817 -0.137552
v 0.249632 0.485447 -0.128042
v 0.252435 0.477246 -0.137654
v 0.257996 0.478632 -0.131035
v 0.258996 0.478029 -0.126525
v 0.251302 0.483935 -0.132120
v 0.225020 0.441755 -0.179297
v 0.226881 0.436195 -0.179355
v 0.236733 0.436636 -0.179292
v 0.222101 0.431662 -0.172016
v 0.241805 0.432546 -0.171889
v 0.232085 0.429383 -0.173547
v 0.227173 0.427571 -0.164613
v 0.225407 0.430317 -0.159741
v 0.237025 0.428013 -0.164549
v 0.223399 0.507813 -0.137395
v 0.215608 0.498911 -0.132552
v 0.233252 0.508255 -0.137332
v 0.235018 0.505510 -0.142203
v 0.218620 0.503281 -0.130055
v 0.222336 0.493485 -0.122732
v 0.238324 0.504164 -0.129929
v 0.228339 0.506443 -0.128398
v 0.223691 0.499190 -0.122653
v 0.235405 0.494071 -0.122648
v 0.233543 0.499632 -0.122589
vn -0.8208 0.1480 -0.5517
vn -0.7359 0.1245 -0.6656
vn 0.8496 -0.4109 0.3306
vn 0.5934 0.5841 -0.5538
vn -0.6983 0.2135 -0.6832
vn 0.7994 -0.4952 0.3401
vn 0.7397 -0.4816 0.4700
vn -0.0735 -0.1123 -0.9910
vn -0.0742 -0.3356 -0.9391
vn -0.0587 -0.8151 -0.5763
vn -0.9611 -0.2412 -0.1345
vn -0.9256 -0.2634 -0.2717
vn 0.9975 -0.0444 -0.0556
vn 0.0627 0.5918 -0.8036
vn 0.0626 0.5918 -0.8037
vn 0.0627 0.5918 -0.8037
vn -0.9344 -0.1739 -0.3110
vn 0.9907 -0.1350 -0.0183
vn 0.9862 -0.1106 0.1230
vn -0.3909 0.6348 -0.6665
vn -0.3911 0.6347 -0.6665
vn -0.3318 0.1928 -0.9234
vn -0.5707 -0.1951 -0.7977
vn 0.9706 0.0856 0.2251
vn 0.9428 -0.3213 -0.0890
vn 0.9428 -0.3213 -0.0889
vn 0.7039 -0.7093 0.0368
vn -0.5625 -0.7183 0.4095
vn -0.5625 -0.7183 0.4094
vn -0.5113 0.1249 0.8503
vn -0.5114 0.1249 0.8502
vn -0.0958 0.7794 0.6192
vn -0.7948 0.3193 -0.5160
vn -0.7948 0.3193 -0.5161
vn -0.7856 0.3222 -0.5283
vn 0.7905 -0.3205 0.5219
vn 0.7905 -0.3205 0.5220
vn 0.7949 -0.3189 0.5161
vn 0.7949 -0.3191 0.5161
vn 0.7950 -0.3189 0.5161
vn 0.7949 -0.3189 0.5162
vn 0.7948 -0.3191 0.5161
vn -0.1439 -0.9231 -0.3566
vn -0.1265 0.7508 0.6483
vn -0.1266 0.7508 0.6483
vn -0.1265 0.7507 0.6484
vn 0.5860 0.6226 -0.5186
vn 0.5861 0.6226 -0.5186
vn -0.0731 -0.8922 -0.4456
vn 0.9697 -0.1285 -0.2078
vn 0.9697 -0.1285 -0.2077
vn -0.1430 0.3205 -0.9364
vn -0.9670 0.1027 0.2332
vn 0.1085 -0.3312 0.9373
vn -0.1438 -0.9231 -0.3566
vn 0.1454 -0.7143 -0.6846
vn 0.1453 -0.7143 -0.6845
vn 0.1453 -0.7144 -0.6845
vn 0.1453 -0.7143 -0.6846
vn 0.5591 0.2252 -0.7979
vn 0.0823 -0.7671 -0.6363
vn 0.0823 -0.7670 -0.6363
vn 0.0823 -0.7671 -0.6362
vn 0.4537 -0.1440 -0.8795
vn 0.4536 -0.1441 -0.8795
vn -0.5967 -0.2101 0.7745
vn 0.1332 0.9239 0.3587
vn 0.1331 0.9239 0.3587
vn 0.5908 0.2129 -0.7782
vn 0.5908 0.2128 -0.7783
vn -0.7949 0.3193 -0.5160
vn -0.5967 -0.2101 0.7744
vn -0.3041 0.5360 0.7875
vn -0.3042 0.5361 0.7875
vn -0.5689 -0.7013 0.4295
vn -0.5690 -0.7013 0.4295
vn 0.5908 0.2129 -0.7783
vn 0.7905 -0.3206 0.5219
vn -0.2349 -0.2451 0.9406
vn -0.8379 -0.0017 0.5459
vn -0.9456 0.2858 -0.1552
vn -0.9456 0.2858 -0.1551
vn -0.4939 0.4467 -0.7460
vn -0.4938 0.4467 -0.7460
vn 0.2563 0.3884 -0.8851
vn 0.8594 0.1451 -0.4903
vn 0.9671 -0.1425 0.2108
vn 0.5156 -0.3035 0.8013
vn -0.9977 0.0073 0.0671
vn -0.9977 0.0074 0.0671
vn -0.9977 0.0075 0.0671
vn 0.9972 -0.0308 -0.0686
vn 0.9972 -0.0307 -0.0686
vn 0.9972 -0.0305 -0.0686
vn 0.0627 -0.0606 0.9962
vn -0.0705 0.0607 -0.9957
vn -0.0704 0.0607 -0.9957
vn 0.0195 0.9978 0.0631
vn 0.0194 0.9978 0.0630
vn 0.0194 0.9978 0.0631
vn 0.0196 0.9978 0.0631
vn -0.9616 -0.0534 0.2693
vn -0.9498 -0.0015 0.3130
vn -0.9590 0.0480 0.2793
vn -0.9616 -0.0535 0.2693
vn -0.9542 -0.1093 0.2786
vn -0.9682 -0.1511 0.1993
vn -0.9616 -0.0536 0.2693
vn 0.9798 -0.1883 0.0667
vn 0.9864 -0.0908 0.1367
vn 0.9782 -0.1463 0.1472
vn 0.9864 -0.0907 0.1367
vn 0.9826 -0.0384 0.1816
vn 0.9782 -0.1462 0.1473
vn 0.9826 -0.0384 0.1815
vn 0.9865 -0.0906 0.1368
vn 0.9891 0.0108 0.1468
vn -0.0735 -0.1123 -0.9909
vn -0.0644 0.2629 -0.9627
vn -0.0743 -0.3358 -0.9390
vn -0.0643 0.2629 -0.9627
vn -0.0432 -0.9503 -0.3084
vn -0.8345 0.3839 0.3952
vn -0.0589 -0.8149 -0.5766
vn -0.8346 0.3837 0.3953
vn -0.0431 -0.9503 -0.3084
vn -0.8999 0.4272 0.0878
vn 0.0101 -0.8899 0.4561
vn -0.8999 0.4272 0.0879
vn 0.0101 -0.8898 0.4562
vn -0.8956 0.2676 -0.3553
vn 0.0391 -0.5979 0.8006
vn -0.8957 0.2676 -0.3551
vn -0.8956 0.2677 -0.3554
vn 0.0390 -0.5980 0.8006
vn -0.8262 0.2744 -0.4920
vn 0.9965 -0.0464 -0.0696
vn -0.0430 -0.9503 -0.3084
vn -0.0586 -0.8149 -0.5766
vn 0.9965 -0.0463 -0.0696
vn 0.9029 0.3097 0.2980
vn 0.9029 0.3098 0.2981
vn -0.0431 -0.9503 -0.3083
vn 0.9028 0.3098 0.2982
vn 0.8659 0.4177 -0.2751
vn 0.0391 -0.5980 0.8006
vn 0.0392 -0.5980 0.8006
vn 0.8658 0.4179 -0.2752
vn 0.4428 0.3676 -0.8178
vn -0.8346 0.3836 0.3953
vn 0.9028 0.3099 0.2982
vn 0.9965 -0.0465 -0.0695
vn -0.8346 0.3836 0.3954
vn -0.8999 0.4273 0.0877
vn -0.8998 0.4274 0.0875
vn -0.8998 0.4273 0.0875
vn -0.8956 0.2678 -0.3553
vn 0.8658 0.4178 -0.2753
vn -0.8956 0.2677 -0.3553
vn -0.8263 0.2745 -0.4917
vn -0.9974 0.0229 0.0677
vn -0.9974 0.0229 0.0678
vn -0.9974 0.0230 0.0678
vn 0.9976 -0.0152 -0.0676
vn 0.9837 -0.1631 -0.0763
vn 0.9933 -0.1144 0.0132
vn 0.9976 -0.0151 -0.0676
vn 0.0444 -0.5152 0.8559
vn 0.0502 -0.4089 0.9112
vn 0.0444 -0.5151 0.8560
vn 0.0554 -0.2939 0.9542
vn 0.0554 -0.2936 0.9543
vn 0.0596 -0.1774 0.9823
vn 0.0502 -0.4086 0.9113
vn -0.0708 0.0451 -0.9965
vn -0.0545 0.4773 -0.8770
vn -0.0712 -0.5386 -0.8396
vn -0.0557 -0.8500 -0.5238
vn -0.0713 -0.5387 -0.8395
vn -0.0709 0.0451 -0.9965
vn -0.0273 -0.9976 -0.0629
vn 0.9836 -0.1631 -0.0764
vn 0.9808 0.1463 -0.1291
vn 0.9836 -0.1634 -0.0763
vn 0.9933 -0.1147 0.0132
vn -0.9974 0.0230 0.0677
vn 0.0513 0.6714 0.7393
vn 0.0514 0.6714 0.7393
vn 0.0512 0.6715 0.7393
vn -0.0513 -0.6714 -0.7393
vn -0.0514 -0.6714 -0.7393
vn 0.0356 -0.7391 0.6727
vn -0.0348 0.7465 -0.6645
vn -0.0349 0.7465 -0.6645
vn 0.9976 -0.0153 -0.0676
vn -0.0741 -0.3600 -0.9300
vn -0.0662 -0.6874 -0.7233
vn -0.0662 -0.6874 -0.7232
vn -0.0430 -0.9503 -0.3083
vn -0.0431 -0.9503 -0.3082
vn 0.0304 -0.7094 0.7042
vn -0.0663 -0.6874 -0.7232
vn 0.0664 0.3197 0.9452
vn 0.0304 -0.7095 0.7040
vn 0.0304 -0.7096 0.7040
vn 0.0664 0.3196 0.9452
vn 0.0572 0.7131 0.6987
vn 0.0194 0.9978 0.0632
vn -0.0019 0.9704 -0.2416
vn -0.0052 0.9577 -0.2878
vn -0.0019 0.9704 -0.2417
vn -0.0052 0.9578 -0.2875
vn 0.0110 0.9980 -0.0615
vn -0.0744 -0.2555 -0.9639
vn -0.0703 0.0686 -0.9952
vn -0.0704 -0.5799 -0.8117
vn -0.0410 -0.9602 -0.2762
vn -0.0703 -0.5799 -0.8117
vn -0.0703 -0.5798 -0.8117
vn -0.0124 -0.9881 0.1534
vn 0.0330 -0.6799 0.7325
vn 0.0330 -0.6800 0.7325
vn 0.0517 -0.3781 0.9243
vn 0.0625 -0.0684 0.9957
vn 0.0517 -0.3780 0.9243
vn -0.9972 0.0308 0.0686
vn -0.9978 -0.0005 0.0666
vn -0.9976 0.0152 0.0673
vn -0.9978 -0.0083 0.0661
vn -0.9974 -0.0313 0.0646
vn -0.9974 -0.0317 0.0645
vn 0.9974 -0.0230 -0.0681
vn 0.9969 -0.0386 -0.0691
vn 0.9950 -0.0698 -0.0710
vn 0.9968 -0.0392 -0.0690
vn 0.9969 -0.0387 -0.0691
vn 0.9977 -0.0073 -0.0671
vn -0.0272 -0.9976 -0.0629
vn -0.0272 -0.9977 -0.0629
vn 0.0073 0.9935 -0.1132
vn 0.0073 0.9935 -0.1133
vn -0.0652 0.2397 -0.9686
vn -0.0652 0.2397 -0.9687
vn 0.0619 0.5963 0.8004
vn 0.2141 0.9756 0.0490
vn 0.7696 0.6384 -0.0100
vn -0.1683 0.9829 0.0750
vn 0.2141 0.9756 0.0491
vn 0.9484 0.3085 -0.0728
vn 0.7844 -0.6025 -0.1470
vn 0.7842 -0.6027 -0.1473
vn -0.0271 -0.9976 -0.0629
vn 0.7846 -0.6023 -0.1471
vn 0.7844 -0.6025 -0.1473
vn 0.7846 -0.6023 -0.1470
vn -0.0272 -0.9976 -0.0630
vn -0.0271 -0.9977 -0.0629
vn -0.7387 0.6676 0.0927
vn -0.7387 0.6676 0.0926
vn -0.1683 0.9829 0.0749
vn -0.9371 0.3446 0.0555
vn -0.9283 -0.3698 0.0381
vn -0.9283 -0.3698 0.0380
vn -0.6539 -0.7566 -0.0054
vn -0.6538 -0.7566 -0.0054
vn -0.0274 -0.9976 -0.0629
vn -0.6539 -0.7566 -0.0056
vn 0.0625 -0.0685 0.9957
vn 0.0703 -0.0686 0.9952
vn 0.2862 -0.9547 -0.0811
vn 0.9302 -0.3301 -0.1606
vn -0.3305 -0.9430 -0.0393
vn 0.9302 -0.3301 -0.1607
vn 0.2862 -0.9547 -0.0810
vn 0.9382 0.3271 -0.1135
vn 0.9381 0.3272 -0.1136
vn 0.3108 0.9499 -0.0330
vn 0.9302 -0.3300 -0.1605
vn 0.3109 0.9499 -0.0330
vn -0.2761 0.9611 0.0069
vn -0.3306 -0.9429 -0.0393
vn -0.9552 -0.2940 -0.0325
vn 0.2861 -0.9548 -0.0811
vn -0.3306 -0.9430 -0.0392
vn -0.9318 0.3627 0.0137
vn -0.9318 0.3628 0.0136
vn -0.2762 0.9611 0.0069
vn -0.9553 -0.2939 -0.0325
vn 0.0705 -0.0607 0.9957
vn 0.0626 -0.0606 0.9962
vn 0.9817 0.0009 -0.1905
vn 0.9977 -0.0073 -0.0670
vn 0.9977 -0.0073 -0.0672
vn 0.9817 0.0009 -0.1906
vn 0.9975 -0.0463 0.0543
vn 0.9961 -0.0770 0.0433
vn 0.9974 -0.0464 0.0545
vn 0.9961 -0.0771 0.0433
vn 0.9946 -0.0997 0.0281
vn 0.9961 -0.0771 0.0431
vn 0.9930 -0.0931 -0.0723
vn 0.9946 -0.0997 0.0279
vn 0.9930 -0.0932 -0.0723
vn 0.6000 -0.2369 -0.7641
vn 0.8636 0.2712 0.4250
vn -0.1416 0.0227 -0.9897
vn 0.6001 -0.2369 -0.7641
vn 0.4512 0.3908 0.8023
vn 0.8442 -0.5284 -0.0905
vn 0.4512 0.3907 0.8023
vn 0.4511 0.3907 0.8024
vn -0.7562 -0.2983 0.5824
vn 0.4513 0.3906 0.8024
vn 0.8442 -0.5283 -0.0907
vn 0.1161 0.9304 0.3477
vn 0.6762 -0.2292 0.7001
vn 0.1161 0.9304 0.3478
vn 0.8442 -0.5283 -0.0906
vn 0.4512 0.3907 0.8024
vn -0.9827 -0.1850 -0.0041
vn 0.1160 0.9303 0.3479
vn -0.9827 -0.1851 -0.0043
vn 0.4512 0.3906 0.8024
vn -0.9827 -0.1849 -0.0041
vn -0.1417 0.0227 -0.9896
vn -0.7561 -0.2982 0.5825
vn -0.9827 -0.1849 -0.0042
vn 0.5999 -0.2369 -0.7642
vn -0.8867 -0.3746 -0.2711
vn 0.6000 -0.2370 -0.7641
vn -0.9827 -0.1850 -0.0043
vn 0.1160 0.9304 0.3478
vn -0.8867 -0.3747 -0.2711
vn 0.6001 -0.2369 -0.7640
vn -0.8866 -0.3746 -0.2711
vn 0.8441 -0.5284 -0.0908
vn 0.6763 -0.2291 0.7001
vn 0.1712 0.8204 -0.5455
vn 0.1711 0.8205 -0.5455
vn -0.8865 -0.3748 -0.2712
vn 0.1160 0.9304 0.3477
vn 0.9064 0.1464 0.3963
vn 0.6763 -0.2290 0.7001
vn 0.1713 0.8204 -0.5455
vn -0.1690 0.3724 -0.9126
vn -0.8352 -0.5241 -0.1669
vn 0.8441 -0.5284 -0.0906
vn -0.8866 -0.3748 -0.2711
vn 0.1710 0.8205 -0.5454
vn -0.8352 -0.5240 -0.1669
vn -0.1689 0.3723 -0.9126
vn -0.8351 -0.5241 -0.1669
vn 0.1710 0.8204 -0.5455
vn 0.8441 -0.5284 -0.0907
vn 0.6761 -0.2292 0.7002
vn -0.7188 -0.4900 0.4932
vn 0.6762 -0.2291 0.7002
vn -0.8352 -0.5241 -0.1668
vn 0.9064 0.1463 0.3963
vn 0.0110 0.9981 -0.0614
vn 0.0109 0.9980 -0.0615
vn 0.0194 0.9978 0.0629
vn 0.0109 0.9981 -0.0614
vn -0.9974 0.0231 0.0678
vn -0.9972 0.0308 0.0687
vn -0.9977 0.0387 -0.0558
vn -0.9977 0.0387 -0.0559
vn -0.9972 0.0308 0.0685
vn -0.9820 -0.0086 0.1889
vn -0.9819 -0.0086 0.1892
vn -0.9833 -0.0392 0.1779
vn -0.9972 0.0308 0.0688
vn -0.9833 -0.0393 0.1780
vn -0.9847 -0.0619 0.1627
vn -0.9965 -0.0551 0.0630
vn -0.9833 -0.0393 0.1777
vn -0.9848 -0.0614 0.1625
vn -0.7872 0.3030 0.5372
vn -0.7065 -0.2120 -0.6753
vn 0.0071 0.0199 -0.9998
vn -0.7065 -0.2121 -0.6752
vn -0.3233 0.4055 0.8550
vn -0.8680 -0.4959 0.0258
vn -0.7065 -0.2120 -0.6752
vn 0.8164 -0.3281 0.4753
vn -0.3232 0.4054 0.8551
vn -0.7872 0.3030 0.5371
vn -0.8681 -0.4958 0.0258
vn -0.3232 0.4055 0.8550
vn -0.0325 0.9332 0.3579
vn -0.0325 0.9331 0.3580
vn -0.5836 -0.2051 0.7857
vn 0.8163 -0.3281 0.4753
vn 0.9654 -0.2223 -0.1366
vn 0.9653 -0.2224 -0.1368
vn -0.0324 0.9332 0.3579
vn -0.3232 0.4056 0.8550
vn 0.9653 -0.2224 -0.1366
vn 0.8163 -0.3282 0.4754
vn 0.9653 -0.2223 -0.1367
vn -0.7064 -0.2120 -0.6753
vn -0.7064 -0.2121 -0.6753
vn 0.8268 -0.4074 -0.3878
vn -0.0324 0.9331 0.3580
vn 0.9653 -0.2223 -0.1369
vn 0.8268 -0.4075 -0.3876
vn 0.8268 -0.4075 -0.3877
vn -0.8680 -0.4959 0.0257
vn -0.2123 0.8279 -0.5192
vn 0.8267 -0.4076 -0.3877
vn -0.2121 0.8279 -0.5192
vn -0.2123 0.8278 -0.5193
vn -0.8384 0.1795 0.5147
vn -0.5837 -0.2050 0.7857
vn -0.8384 0.1796 0.5147
vn -0.2124 0.8279 -0.5192
vn 0.0580 0.3679 -0.9281
vn 0.7842 -0.5552 -0.2771
vn 0.8267 -0.4077 -0.3878
vn -0.2122 0.8278 -0.5193
vn -0.5835 -0.2052 0.7857
vn 0.7599 -0.5181 0.3926
vn 0.7842 -0.5553 -0.2770
vn -0.5835 -0.2052 0.7858
vn -0.8381 0.1797 0.5151
vn -0.3569 -0.3592 0.8623
vn -0.0301 -0.7729 0.6338
vn -0.0149 -0.8484 0.5291
vn -0.3569 -0.3594 0.8622
vn -0.0149 -0.8484 0.5292
vn -0.6133 -0.3501 0.7080
vn -0.1651 -0.4859 0.8583
vn -0.2247 -0.0639 0.9723
vn -0.6132 -0.3500 0.7081
vn -0.1651 -0.4858 0.8583
vn -0.5403 -0.1121 0.8339
vn -0.6134 -0.3499 0.7081
vn -0.5405 -0.1120 0.8339
vn -0.3568 -0.3594 0.8623
vn -0.2477 -0.0879 0.9648
vn -0.5404 -0.1121 0.8339
vn -0.3570 -0.3593 0.8622
vn -0.5405 -0.1122 0.8338
vn -0.7891 -0.0406 0.6129
vn -0.3570 -0.3594 0.8622
vn -0.7891 -0.0407 0.6129
vn -0.7979 -0.2288 0.5577
vn -0.9406 0.0661 0.3331
vn -0.7980 -0.2287 0.5576
vn -0.7892 -0.0405 0.6128
vn -0.5135 -0.0560 0.8563
vn -0.5404 -0.1120 0.8339
vn -0.2477 -0.0878 0.9649
vn -0.2676 -0.1612 0.9499
vn -0.5135 -0.0562 0.8562
vn -0.5135 -0.0561 0.8562
vn -0.8154 -0.0358 0.5778
vn -0.8114 0.0574 0.5816
vn -0.7891 -0.0405 0.6130
vn -0.8114 0.0573 0.5816
vn -0.9943 0.0965 0.0453
vn -0.9406 0.0663 0.3331
vn -0.7892 -0.0404 0.6128
vn -0.8116 0.0574 0.5814
vn -0.9804 0.0107 -0.1965
vn -0.9406 0.0661 0.3330
vn -0.9943 0.0964 0.0452
vn -0.9804 0.0108 -0.1968
vn -0.9943 0.0965 0.0451
vn -0.6713 -0.0776 -0.7371
vn -0.8156 -0.0358 0.5776
vn -0.9838 0.1747 0.0410
vn -0.9837 0.1748 0.0410
vn -0.9943 0.0966 0.0452
vn -0.8115 0.0575 0.5815
vn -0.9838 0.1748 0.0410
vn -0.8155 -0.0358 0.5777
vn -0.9962 0.0751 -0.0436
vn -0.6712 -0.0777 -0.7372
vn -0.9943 0.0964 0.0450
vn -0.8327 0.1090 -0.5430
vn -0.9838 0.1748 0.0407
vn -0.8327 0.1091 -0.5429
vn -0.9943 0.0966 0.0450
vn -0.9838 0.1748 0.0408
vn -0.9962 0.0751 -0.0439
vn -0.7836 0.2407 -0.5727
vn -0.7754 0.2389 -0.5845
vn -0.8325 0.1090 -0.5431
vn -0.2263 -0.0128 -0.9740
vn -0.1209 -0.1667 -0.9786
vn -0.6712 -0.0778 -0.7372
vn -0.2264 -0.0129 -0.9739
vn -0.7835 0.2407 -0.5728
vn -0.7753 0.2389 -0.5846
vn -0.1788 0.3107 -0.9335
vn -0.1788 0.3108 -0.9335
vn -0.1274 0.3908 -0.9116
vn -0.2338 0.2401 -0.9422
vn -0.8326 0.1091 -0.5431
vn -0.2264 -0.0128 -0.9740
vn -0.8326 0.1091 -0.5430
vn -0.2338 0.2400 -0.9422
vn -0.7836 0.2407 -0.5728
vn -0.1786 0.3108 -0.9335
vn -0.1272 0.3909 -0.9116
vn 0.2841 0.3433 -0.8952
vn 0.2841 0.3434 -0.8952
vn 0.2917 0.3829 -0.8765
vn 0.2774 0.2737 -0.9209
vn -0.1785 0.3107 -0.9336
vn -0.1786 0.3108 -0.9336
vn 0.2775 0.2737 -0.9209
vn -0.2336 0.2401 -0.9422
vn 0.2648 -0.0296 -0.9638
vn -0.2336 0.2400 -0.9422
vn 0.2648 -0.0297 -0.9638
vn -0.1208 -0.1668 -0.9786
vn -0.2262 -0.0129 -0.9740
vn 0.3085 -0.4685 -0.8278
vn 0.2648 -0.0299 -0.9638
vn 0.3085 -0.4686 -0.8278
vn 0.2100 -0.4571 -0.8643
vn 0.2101 -0.4571 -0.8643
vn 0.3088 -0.4686 -0.8277
vn 0.2648 -0.0298 -0.9639
vn -0.0147 -0.8484 0.5292
vn 0.0892 -0.3117 0.9460
vn 0.2393 -0.3933 0.8877
vn 0.0893 -0.3118 0.9459
vn -0.1649 -0.4859 0.8583
vn -0.0147 -0.8483 0.5292
vn 0.2392 -0.3934 0.8877
vn -0.1650 -0.4857 0.8584
vn -0.2244 -0.0640 0.9724
vn -0.2244 -0.0639 0.9724
vn 0.0835 -0.1541 0.9845
vn 0.2394 -0.3933 0.8877
vn 0.0893 -0.3119 0.9459
vn 0.0836 -0.1542 0.9845
vn 0.0835 -0.1542 0.9845
vn -0.2474 -0.0879 0.9649
vn 0.3392 -0.0793 0.9374
vn 0.0837 -0.1543 0.9845
vn 0.0894 -0.3119 0.9459
vn 0.2760 -0.2490 0.9283
vn 0.3394 -0.0793 0.9373
vn 0.2763 -0.2489 0.9283
vn 0.6054 0.0741 0.7925
vn -0.2474 -0.0878 0.9649
vn 0.0277 -0.2119 0.9769
vn -0.2474 -0.0880 0.9649
vn 0.0278 -0.2120 0.9769
vn -0.2674 -0.1612 0.9500
vn -0.2674 -0.1613 0.9500
vn 0.0277 -0.2121 0.9769
vn 0.3365 -0.3319 0.8812
vn 0.0279 -0.2119 0.9769
vn 0.4290 -0.1286 0.8941
vn 0.4291 -0.1286 0.8941
vn 0.0836 -0.1541 0.9845
vn 0.3392 -0.0792 0.9374
vn 0.4291 -0.1287 0.8941
vn 0.3365 -0.3320 0.8812
vn 0.0279 -0.2121 0.9768
vn 0.3394 -0.0791 0.9373
vn 0.6054 0.0743 0.7924
vn 0.8207 0.0405 0.5699
vn 0.8207 0.0404 0.5699
vn 0.4293 -0.1286 0.8940
vn 0.8207 0.0403 0.5699
vn 0.6055 0.0741 0.7924
vn 0.9188 -0.0723 0.3880
vn 0.9336 -0.1916 -0.3027
vn 0.8208 0.0404 0.5698
vn 0.9189 -0.0724 0.3878
vn 0.4293 -0.1287 0.8940
vn 0.8323 0.0264 0.5537
vn 0.3367 -0.3319 0.8812
vn 0.8323 0.0266 0.5537
vn 0.3366 -0.3320 0.8812
vn 0.8386 -0.1663 0.5188
vn 0.9983 0.0474 -0.0332
vn 0.8208 0.0404 0.5697
vn 0.9336 -0.1915 -0.3029
vn 0.8209 0.0405 0.5697
vn 0.9983 0.0475 -0.0332
vn 0.8324 0.0266 0.5535
vn 0.8324 0.0265 0.5535
vn 0.9821 0.1619 -0.0960
vn 0.8387 -0.1662 0.5186
vn 0.8387 -0.1663 0.5186
vn 0.9943 0.1061 -0.0055
vn 0.9336 -0.1915 -0.3028
vn 0.7080 -0.0497 -0.7045
vn 0.9983 0.0474 -0.0334
vn 0.7080 -0.0498 -0.7045
vn 0.9336 -0.1916 -0.3028
vn 0.5859 -0.2425 -0.7732
vn 0.9821 0.1619 -0.0961
vn 0.6748 0.2926 -0.6775
vn 0.6748 0.2927 -0.6775
vn 0.6586 0.3517 -0.6653
vn 0.9983 0.0475 -0.0333
vn 0.6920 0.2326 -0.6834
vn 0.9821 0.1619 -0.0962
vn 0.6919 0.2326 -0.6834
vn 0.7080 -0.0496 -0.7044
vn 0.6919 0.2327 -0.6834
vn 0.6746 0.2927 -0.6777
vn 0.2843 0.3434 -0.8951
vn 0.6584 0.3517 -0.6654
vn 0.6584 0.3518 -0.6654
vn 0.2919 0.3829 -0.8765
vn 0.2777 0.2737 -0.9209
vn 0.2843 0.3433 -0.8952
vn 0.6917 0.2327 -0.6836
vn 0.2777 0.2736 -0.9209
vn 0.6918 0.2326 -0.6836
vn 0.2649 -0.0297 -0.9638
vn 0.2650 -0.0297 -0.9638
vn 0.6918 0.2327 -0.6836
vn 0.7079 -0.0497 -0.7046
vn 0.1154 -0.4397 -0.8907
vn 0.7079 -0.0498 -0.7046
vn 0.5857 -0.2426 -0.7734
vn 0.2649 -0.0299 -0.9638
vn 0.2101 -0.4572 -0.8642
vn 0.1154 -0.4399 -0.8906
vn 0.5858 -0.2425 -0.7733
vn 0.1152 -0.4397 -0.8907
vn 0.2101 -0.4570 -0.8643
vn -0.1138 -0.5253 -0.8433
vn 0.7183 -0.6625 -0.2124
vn 0.5538 -0.8317 0.0410
vn -0.1325 -0.5981 -0.7904
vn -0.1138 -0.5254 -0.8432
vn -0.7464 0.1302 -0.6527
vn -0.1326 -0.5981 -0.7904
vn 0.6295 -0.6747 -0.3855
vn -0.8646 0.0924 -0.4938
vn 0.6294 -0.6748 -0.3855
vn -0.1324 -0.5981 -0.7904
vn -0.2694 -0.3767 -0.8863
vn -0.8646 0.0925 -0.4938
vn -0.2692 -0.3767 -0.8864
vn -0.1325 -0.5980 -0.7905
vn -0.4886 -0.3303 -0.8076
vn -0.4886 -0.3302 -0.8076
vn -0.7463 0.1301 -0.6527
vn -0.3373 0.8912 -0.3035
vn 0.4321 0.7231 -0.5390
vn -0.3373 0.8911 -0.3035
vn -0.2694 -0.3768 -0.8863
vn 0.1188 0.0851 -0.9893
vn 0.6293 -0.6749 -0.3853
vn 0.6293 -0.6749 -0.3854
vn 0.1188 0.0852 -0.9893
vn 0.7669 -0.3015 -0.5665
vn -0.7670 0.2670 -0.5834
vn -0.2693 -0.3767 -0.8863
vn -0.8646 0.0923 -0.4939
vn -0.2693 -0.3769 -0.8862
vn -0.7671 0.2670 -0.5833
vn 0.1187 0.0853 -0.9893
vn -0.7669 0.2670 -0.5835
vn -0.5590 0.6845 -0.4680
vn -0.7670 0.2670 -0.5835
vn -0.1372 -0.9163 -0.3762
vn -0.5590 0.6845 -0.4679
vn -0.4886 -0.3305 -0.8075
vn -0.1372 -0.9164 -0.3761
vn -0.7670 0.2671 -0.5834
vn 0.1987 0.1111 -0.9738
vn -0.4885 -0.3305 -0.8076
vn 0.4319 0.7231 -0.5390
vn -0.4885 -0.3304 -0.8076
vn 0.1987 0.1111 -0.9737
vn -0.1373 -0.9164 -0.3760
vn -0.1373 -0.9163 -0.3763
vn 0.1986 0.1111 -0.9738
vn -0.3340 -0.6851 -0.6474
vn 0.4322 0.7230 -0.5390
vn 0.9301 0.1931 -0.3123
vn 0.1985 0.1110 -0.9738
vn -0.3473 -0.9214 0.1742
vn -0.3343 -0.6849 -0.6474
vn 0.9336 -0.3551 -0.0475
vn 0.9337 -0.3550 -0.0475
vn -0.3473 -0.9215 0.1740
vn 0.1986 0.1110 -0.9738
vn 0.6308 -0.7699 -0.0967
vn 0.9302 0.1930 -0.3122
vn 0.7848 -0.2513 -0.5665
vn -0.3474 -0.9214 0.1740
vn 0.7678 -0.6203 -0.1606
vn 0.9337 -0.3549 -0.0473
vn 0.6307 -0.7700 -0.0967
vn 0.6470 -0.5425 -0.5358
vn 0.7847 -0.2513 -0.5666
vn 0.9336 -0.3551 -0.0473
vn 0.9337 -0.3549 -0.0474
vn 0.7678 -0.6203 -0.1605
vn 0.7988 -0.3937 -0.4548
vn 0.7554 -0.3723 -0.5392
vn 0.1081 -0.0035 -0.9941
vn 0.1082 -0.0035 -0.9941
vn 0.7554 -0.3724 -0.5391
vn 0.1019 -0.0285 -0.9944
vn -0.7327 0.1004 -0.6731
vn -0.6976 0.1066 -0.7085
vn 0.1082 -0.0036 -0.9941
vn -0.7326 0.1003 -0.6732
vn -0.7328 0.1004 -0.6730
vn -0.9909 -0.1182 -0.0648
vn -0.6977 0.1065 -0.7084
vn -0.9817 -0.1899 0.0143
vn -0.9817 -0.1899 0.0144
vn -0.5992 -0.7183 0.3536
vn -0.9909 -0.1183 -0.0646
vn -0.5654 -0.7446 0.3550
vn -0.5992 -0.7184 0.3535
vn -0.9817 -0.1900 0.0144
vn 0.2440 -0.9350 0.2574
vn 0.5581 -0.8255 0.0839
vn 0.2440 -0.9350 0.2573
vn -0.5654 -0.7446 0.3549
vn 0.7714 -0.3640 -0.5220
vn 0.7715 -0.3640 -0.5219
vn 0.7977 -0.3972 -0.4537
vn 0.3834 0.2468 -0.8900
vn 0.7266 0.4797 -0.4919
vn 0.7584 0.5880 -0.2813
vn 0.3167 0.2430 -0.9169
vn 0.7266 0.4797 -0.4918
vn -0.0562 0.5066 -0.8603
vn 0.3165 0.2431 -0.9169
vn 0.3833 0.2468 -0.8900
vn -0.0794 0.5482 -0.8326
vn -0.0562 0.5067 -0.8603
vn -0.0563 0.5069 -0.8602
vn -0.2219 0.6407 -0.7350
vn -0.0795 0.5484 -0.8324
vn -0.2220 0.6407 -0.7350
vn -0.2313 0.6191 -0.7504
vn 0.1636 0.5479 -0.8204
vn -0.2219 0.6408 -0.7350
vn 0.2865 0.4900 -0.8233
vn -0.2312 0.6191 -0.7505
vn 0.1638 0.5479 -0.8204
vn 0.5288 0.2550 -0.8095
vn 0.2868 0.4900 -0.8232
vn 0.2867 0.4899 -0.8233
vn 0.5287 0.2550 -0.8096
vn 0.5776 0.1084 -0.8091
vn 0.4725 -0.2655 -0.8404
vn 0.5777 0.1081 -0.8091
vn 0.5289 0.2547 -0.8096
vn 0.2974 -0.4163 -0.8592
vn 0.5776 0.1081 -0.8091
vn 0.8691 -0.2579 -0.4220
vn 0.6527 -0.6268 0.4257
vn 0.8686 -0.2469 -0.4296
vn 0.6246 -0.6325 0.4582
vn 0.6526 -0.6267 0.4257
vn 0.9327 -0.2233 -0.2834
vn 0.6246 -0.6324 0.4582
vn 0.8692 -0.2578 -0.4220
vn 0.6247 -0.6324 0.4580
vn -0.4552 -0.3169 0.8321
vn 0.6527 -0.6268 0.4255
vn 0.6527 -0.6267 0.4256
vn -0.4479 -0.2812 0.8487
vn -0.4477 -0.2814 0.8488
vn -0.4550 -0.3170 0.8321
vn -0.9239 0.3361 0.1829
vn 0.6177 -0.6012 0.5069
vn 0.6246 -0.6324 0.4581
vn 0.6178 -0.6012 0.5068
vn -0.4552 -0.3168 0.8321
vn 0.9326 -0.2233 -0.2834
vn 0.1794 -0.7570 -0.6283
vn 0.6177 -0.6012 0.5070
vn 0.1796 -0.7569 -0.6283
vn -0.6143 -0.6831 0.3949
vn -0.6142 -0.6832 0.3949
vn -0.6315 -0.2125 0.7457
vn 0.6178 -0.6012 0.5069
vn -0.4551 -0.3169 0.8321
vn 0.6179 -0.6012 0.5068
vn -0.7123 -0.2307 0.6629
vn -0.6314 -0.2127 0.7457
vn -0.6314 -0.2126 0.7457
vn -0.7122 -0.2307 0.6630
vn -0.7246 0.0443 0.6877
vn -0.9239 0.3362 0.1829
vn -0.9387 0.2814 0.1989
vn -0.9239 0.3362 0.1827
vn -0.9388 0.2814 0.1988
vn -0.5919 0.5455 -0.5934
vn -0.7248 0.0445 0.6876
vn -0.8994 0.3586 0.2500
vn -0.6315 -0.2127 0.7457
vn -0.8994 0.3586 0.2501
vn -0.9388 0.2814 0.1989
vn -0.6315 -0.2126 0.7457
vn -0.7247 0.0444 0.6876
vn -0.8368 0.4269 0.3429
vn -0.6490 0.6821 -0.3368
vn -0.8994 0.3587 0.2499
vn -0.8368 0.4270 0.3428
vn -0.6490 0.6821 -0.3369
vn -0.4783 0.6484 -0.5923
vn -0.1094 0.1934 -0.9750
vn -0.6491 0.6821 -0.3369
vn -0.6827 0.3684 -0.6310
vn -0.9388 0.2815 0.1987
vn -0.8994 0.3587 0.2500
vn -0.6953 0.2749 -0.6641
vn -0.6954 0.2749 -0.6640
vn -0.9387 0.2815 0.1989
vn -0.6828 0.3684 -0.6309
vn 0.1799 -0.0252 -0.9834
vn -0.6828 0.3685 -0.6309
vn 0.1799 -0.0251 -0.9834
vn 0.3047 0.2427 -0.9210
vn 0.1798 -0.0252 -0.9834
vn -0.1094 0.1935 -0.9750
vn 0.4503 0.0866 -0.8887
vn -0.1092 0.1933 -0.9750
vn -0.4423 -0.5905 -0.6750
vn 0.4502 0.0867 -0.8887
vn -0.4426 -0.5904 -0.6750
vn -0.0182 -0.7743 -0.6326
vn 0.4502 0.0865 -0.8887
vn 0.4501 0.0867 -0.8888
vn -0.0183 -0.7742 -0.6326
vn 0.9189 -0.3417 -0.1972
vn 0.8595 -0.3280 -0.3921
vn 0.1797 -0.0251 -0.9834
vn 0.8594 -0.3281 -0.3922
vn 0.8594 -0.3281 -0.3921
vn 0.8735 -0.2429 -0.4220
vn 0.1798 -0.0251 -0.9834
vn -0.6827 0.3685 -0.6310
vn 0.1920 0.0585 -0.9796
vn -0.4782 0.6484 -0.5924
vn 0.1920 0.0584 -0.9796
vn 0.1919 0.0585 -0.9797
vn 0.8594 -0.3281 -0.3923
vn 0.1918 0.0586 -0.9797
vn -0.8258 0.1117 -0.5528
vn -0.1236 0.5010 -0.8565
vn -0.7851 0.3279 -0.5254
vn -0.1236 0.5010 -0.8566
vn -0.1242 0.4434 -0.8877
vn -0.7737 0.3052 -0.5552
vn -0.7738 0.3052 -0.5551
vn -0.1241 0.4433 -0.8877
vn -0.1459 0.3464 -0.9267
vn -0.1456 0.3464 -0.9267
vn -0.1239 0.4433 -0.8878
vn 0.3033 0.3374 -0.8912
vn 0.3033 0.3375 -0.8911
vn -0.1239 0.4434 -0.8877
vn 0.3114 0.3972 -0.8633
vn -0.1234 0.5011 -0.8566
vn 0.3114 0.3973 -0.8633
vn 0.3114 0.3973 -0.8632
vn 0.3142 0.4754 -0.8218
vn 0.9827 0.1852 0.0035
vn 0.6817 0.4435 -0.5819
vn 0.9995 -0.0307 0.0055
vn 0.6606 0.4051 -0.6321
vn 0.9827 0.1852 0.0036
vn 0.9853 0.1684 -0.0292
vn 0.6605 0.4052 -0.6321
vn 0.6603 0.4052 -0.6323
vn 0.3143 0.4753 -0.8218
vn 0.6815 0.4436 -0.5821
vn 0.9853 0.1683 -0.0291
vn 0.6525 0.3381 -0.6782
vn 0.3116 0.3973 -0.8632
vn 0.3143 0.4754 -0.8217
vn 0.6604 0.4053 -0.6322
vn 0.6523 0.3382 -0.6784
vn 0.3036 0.3374 -0.8911
vn 0.6604 0.4052 -0.6322
vn 0.3116 0.3972 -0.8632
vn -0.4384 0.2418 -0.8657
vn -0.6915 0.2781 -0.6667
vn -0.6811 0.1043 -0.7247
vn -0.6811 0.1045 -0.7247
vn -0.2906 0.3254 -0.8998
vn -0.4384 0.2419 -0.8656
vn -0.6787 0.0703 -0.7310
vn -0.2905 0.3253 -0.8999
vn -0.6812 0.1044 -0.7246
vn -0.1451 0.3774 -0.9146
vn -0.2905 0.3254 -0.8998
vn -0.1450 0.3775 -0.9146
vn -0.1153 0.5308 -0.8396
vn -0.2904 0.3255 -0.8999
vn -0.1450 0.3773 -0.9146
vn -0.6788 0.0703 -0.7310
vn -0.2553 0.1932 -0.9474
vn -0.8280 -0.2923 -0.4785
vn -0.2552 0.1932 -0.9474
vn -0.6788 0.0703 -0.7309
vn -0.1451 0.3776 -0.9145
vn -0.0354 0.6220 -0.7822
vn -0.1154 0.5308 -0.8396
vn -0.1449 0.3775 -0.9146
vn -0.2553 0.1933 -0.9473
vn -0.0353 0.6219 -0.7823
vn -0.1152 0.5310 -0.8395
vn -0.0353 0.6220 -0.7822
vn -0.1765 0.6709 -0.7203
vn -0.1767 0.6710 -0.7201
vn -0.0354 0.6221 -0.7821
vn 0.0134 0.9007 -0.4341
vn -0.2553 0.1932 -0.9473
vn -0.8280 -0.2924 -0.4785
vn 0.1037 -0.6289 -0.7706
vn -0.8281 -0.2924 -0.4783
vn -0.0802 -0.5077 -0.8578
vn 0.1034 -0.6289 -0.7706
vn -0.2554 0.1934 -0.9473
vn 0.1035 -0.6289 -0.7706
vn -0.0479 0.2913 -0.9554
vn -0.0352 0.6220 -0.7822
vn -0.2554 0.1933 -0.9473
vn -0.1009 0.6247 -0.7743
vn -0.1010 0.6247 -0.7743
vn -0.2553 0.1934 -0.9473
vn -0.0480 0.2913 -0.9554
vn -0.1009 0.6249 -0.7741
vn 0.0135 0.9007 -0.4342
vn -0.0352 0.6221 -0.7821
vn -0.0480 0.2912 -0.9555
vn -0.1410 0.9096 -0.3909
vn -0.1011 0.6249 -0.7741
vn -0.1408 0.9096 -0.3909
vn 0.0135 0.9007 -0.4341
vn -0.1009 0.6249 -0.7742
vn -0.4217 0.8189 -0.3893
vn -0.1409 0.9096 -0.3909
vn -0.0480 0.2914 -0.9554
vn -0.1306 0.9812 -0.1418
vn 0.0135 0.9008 -0.4339
vn -0.1408 0.9097 -0.3908
vn -0.4217 0.8190 -0.3892
vn -0.1308 0.9812 -0.1417
vn -0.1409 0.9096 -0.3908
vn -0.1307 0.9812 -0.1418
vn 0.0100 0.9533 -0.3018
vn 0.0134 0.9008 -0.4339
vn 0.0136 0.9008 -0.4340
vn 0.0102 0.9533 -0.3018
vn 0.2609 0.8888 -0.3768
vn 0.4294 0.7946 -0.4291
vn 0.4449 0.7479 -0.4927
vn 0.4294 0.7945 -0.4294
vn 0.0101 0.9533 -0.3018
vn -0.5288 0.8091 0.2564
vn -0.1308 0.9812 -0.1419
vn -0.4216 0.8190 -0.3891
vn -0.8325 0.4244 0.3561
vn -0.5289 0.8090 0.2563
vn -0.3307 0.8974 0.2921
vn -0.1308 0.9812 -0.1418
vn -0.6887 0.7056 -0.1667
vn 0.0102 0.9533 -0.3019
vn -0.1283 0.9699 -0.2069
vn 0.4449 0.7480 -0.4925
vn -0.6885 0.7058 -0.1668
vn -0.1286 0.9699 -0.2068
vn 0.4450 0.7479 -0.4926
vn -0.1284 0.9699 -0.2068
vn 0.1218 0.9479 -0.2943
vn -0.1284 0.9699 -0.2067
vn -0.6886 0.7057 -0.1667
vn -0.5648 0.5795 -0.5875
vn -0.5649 0.5795 -0.5873
vn 0.1217 0.9479 -0.2943
vn -0.5650 0.5795 -0.5873
vn -0.6886 0.7057 -0.1669
vn -0.8304 0.2716 -0.4865
vn -0.0076 0.8159 0.5781
vn 0.1217 0.9479 -0.2945
vn -0.5649 0.5794 -0.5875
vn -0.0002 0.9034 0.4288
vn 0.1219 0.9478 -0.2946
vn -0.0076 0.8160 0.5780
vn 0.3759 0.9192 0.1173
vn 0.1218 0.9478 -0.2946
vn 0.1218 0.9479 -0.2944
vn 0.3758 0.9192 0.1174
vn 0.4451 0.7478 -0.4926
vn 0.6074 0.7943 -0.0093
vn 0.6074 0.7944 -0.0093
vn 0.4296 0.7945 -0.4293
vn 0.5278 0.8121 -0.2490
vn 0.4295 0.7946 -0.4292
vn 0.6073 0.7944 -0.0094
vn 0.7043 0.6952 -0.1437
vn -0.0003 0.9034 0.4289
vn 0.3455 0.7357 0.5825
vn 0.3760 0.9192 0.1172
vn 0.3760 0.9192 0.1174
vn 0.3457 0.7358 0.5823
vn 0.6074 0.7944 -0.0092
vn 0.3684 0.8512 0.3739
vn 0.3456 0.7357 0.5824
vn -0.0001 0.9034 0.4287
vn 0.3735 0.6877 0.6226
vn 0.6074 0.7943 -0.0092
vn 0.3458 0.7357 0.5824
vn 0.5742 0.8066 0.1406
vn 0.6073 0.7944 -0.0092
vn 0.3734 0.6877 0.6226
vn 0.7044 0.6952 -0.1435
vn 0.5742 0.8066 0.1405
vn 0.6757 0.6671 0.3135
vn 0.5741 0.8066 0.1406
vn 0.8691 0.4588 -0.1850
vn 0.6758 0.6671 0.3135
vn 0.6759 0.6670 0.3134
vn 0.6398 0.5816 0.5024
vn 0.8691 0.4588 -0.1848
vn 0.7797 0.6260 0.0093
vn 0.5742 0.8065 0.1406
vn 0.8691 0.4587 -0.1851
vn 0.7797 0.6261 0.0092
vn 0.7043 0.6952 -0.1436
vn 0.5742 0.8066 0.1404
vn 0.9335 0.1972 -0.2994
vn 0.8691 0.4587 -0.1850
vn 0.9094 0.3131 -0.2737
vn 0.7044 0.6951 -0.1437
vn 0.7798 0.6260 0.0091
vn 0.9095 0.3129 -0.2735
vn 0.7799 0.6259 0.0092
vn 0.9336 0.1972 -0.2992
vn 0.8618 0.3646 -0.3527
vn 0.7045 0.6950 -0.1436
vn 0.8618 0.3645 -0.3527
vn 0.9123 0.3578 -0.1994
vn 0.8618 0.3645 -0.3528
vn 0.9059 0.2356 -0.3519
vn 0.9122 0.3577 -0.1996
vn 0.9336 0.1971 -0.2992
vn 0.9660 -0.1123 -0.2329
vn 0.9096 0.3128 -0.2736
vn 0.9095 0.3129 -0.2738
vn 0.9660 -0.1124 -0.2329
vn 0.8618 0.3644 -0.3529
vn 0.9335 0.1972 -0.2993
vn 0.5350 -0.6748 -0.5084
vn 0.9660 -0.1125 -0.2330
vn 0.9087 0.0814 -0.4095
vn 0.9060 0.2354 -0.3518
vn 0.8619 0.3644 -0.3528
vn 0.9660 -0.1124 -0.2330
vn 0.9086 0.0814 -0.4097
vn 0.9438 0.0245 -0.3296
vn 0.9059 0.2354 -0.3519
vn 0.9086 0.0813 -0.4096
vn 0.5350 -0.6748 -0.5083
vn 0.7725 -0.5521 0.3139
vn 0.9660 -0.1125 -0.2329
vn 0.5351 -0.6748 -0.5083
vn 0.4070 -0.8100 -0.4221
vn 0.7723 -0.5522 0.3140
vn 0.9547 -0.2972 -0.0106
vn 0.7724 -0.5521 0.3138
vn 0.9659 -0.1125 -0.2331
vn 0.9548 -0.2971 -0.0107
vn 0.9086 0.0812 -0.4097
vn 0.9548 -0.2971 -0.0108
vn 0.9438 0.0243 -0.3296
vn 0.9087 0.0812 -0.4096
vn 0.9690 -0.2441 -0.0388
vn 0.9438 0.0244 -0.3296
vn 0.9475 -0.0165 -0.3194
vn 0.9937 -0.0324 0.1075
vn -0.1615 0.2389 -0.9575
vn 0.3775 0.1815 -0.9081
vn 0.3151 0.2269 -0.9215
vn 0.1004 0.0455 -0.9939
vn 0.1005 0.0453 -0.9939
vn -0.1618 0.2389 -0.9575
vn -0.3850 0.0535 -0.9213
vn 0.1004 0.0453 -0.9939
vn -0.3851 0.0535 -0.9213
vn 0.1694 -0.1045 -0.9800
vn 0.1004 0.0454 -0.9939
vn 0.1694 -0.1042 -0.9800
vn 0.1965 0.1174 -0.9735
vn 0.1964 0.1173 -0.9735
vn 0.3775 0.1814 -0.9081
vn 0.1965 0.1174 -0.9734
vn 0.3705 0.2121 -0.9043
vn 0.3777 0.1815 -0.9080
vn 0.3707 0.2122 -0.9042
vn 0.4719 0.2527 -0.8447
vn 0.5275 0.1799 -0.8303
vn 0.3777 0.1816 -0.9080
vn 0.5275 0.1798 -0.8303
vn 0.5825 0.0963 -0.8071
vn 0.3777 0.1814 -0.9080
vn 0.6124 0.0863 -0.7858
vn 0.5381 0.0009 -0.8428
vn 0.5381 0.0008 -0.8429
vn 0.8427 -0.0448 -0.5366
vn 0.6124 0.0862 -0.7859
vn 0.8427 -0.0447 -0.5365
vn 0.7120 0.1668 -0.6821
vn 0.7119 0.1670 -0.6822
vn 0.6124 0.0864 -0.7858
vn 0.3153 0.2268 -0.9215
vn 0.3776 0.1814 -0.9080
vn 0.7118 0.1669 -0.6822
vn 0.2732 0.9618 0.0170
vn 0.2595 0.9657 0.0105
vn 0.2642 0.9645 -0.0002
vn 0.2710 0.9626 0.0030
vn 0.2641 0.9645 -0.0002
vn 0.2849 0.9585 0.0097
vn 0.2800 0.9598 0.0203
vn 0.2663 0.9638 0.0137
vn -0.7509 0.3356 -0.5688
vn -0.9882 0.1526 0.0151
vn -0.7632 0.3321 -0.5542
vn -0.7633 0.3321 -0.5542
vn -0.9967 0.0721 -0.0377
vn -0.7633 0.3320 -0.5542
vn -0.9967 0.0721 -0.0376
vn -0.8181 0.1369 -0.5586
vn -0.9992 -0.0051 0.0402
vn -0.9882 0.1525 0.0153
vn -0.7598 0.0982 0.6426
vn -0.9967 0.0720 -0.0374
vn -0.9967 0.0719 -0.0374
vn -0.8569 -0.0704 0.5106
vn -0.9992 -0.0053 0.0404
vn -0.7937 -0.1659 0.5852
vn -0.8569 -0.0704 0.5107
vn -0.7598 0.0982 0.6427
vn -0.3196 -0.0730 0.9447
vn -0.3197 -0.0731 0.9447
vn -0.7936 -0.1660 0.5854
vn -0.8569 -0.0703 0.5107
vn -0.2712 0.0536 0.9610
vn -0.3547 -0.2620 0.8975
vn -0.3197 -0.0732 0.9447
vn -0.5834 -0.2910 0.7582
vn -0.7936 -0.1661 0.5853
vn -0.3545 -0.2620 0.8976
vn 0.2534 -0.3135 0.9151
vn -0.1106 -0.6327 0.7665
vn -0.3194 -0.0732 0.9448
vn 0.2533 -0.3135 0.9152
vn -0.3544 -0.2620 0.8976
vn 0.3529 -0.1762 0.9189
vn 0.3531 -0.1762 0.9188
vn 0.7851 -0.1869 0.5905
vn 0.2535 -0.3135 0.9151
vn 0.3530 -0.1761 0.9189
vn -0.3194 -0.0731 0.9448
vn 0.2996 -0.0102 0.9540
vn -0.2709 0.0536 0.9611
vn 0.8315 -0.1047 0.5455
vn 0.7851 -0.1870 0.5904
vn 0.3530 -0.1762 0.9189
vn 0.2998 -0.0102 0.9540
vn 0.8315 -0.1046 0.5456
vn 0.8317 -0.1046 0.5453
vn 0.9998 -0.0186 0.0050
vn 0.7853 -0.1868 0.5903
vn 0.8384 0.0101 0.5450
vn 0.2997 -0.0102 0.9540
vn 0.9806 0.1952 -0.0164
vn 0.8317 -0.1045 0.5454
vn 0.8385 0.0102 0.5448
vn 0.8385 0.0103 0.5448
vn 0.9791 0.1978 -0.0483
vn 0.9968 -0.0207 0.0774
vn 0.9762 -0.2144 -0.0315
vn 0.8115 -0.3423 0.4737
vn 0.8115 -0.3422 0.4737
vn 0.9763 -0.2143 -0.0315
vn 0.8210 -0.3672 0.4372
vn 0.7750 -0.4972 0.3901
vn 0.7750 -0.4973 0.3900
vn 0.9763 -0.2143 -0.0316
vn 0.9433 -0.3314 0.0182
vn 0.7924 -0.5014 0.3473
vn 0.7749 -0.4973 0.3900
vn 0.8209 -0.3672 0.4374
vn 0.3306 -0.6201 0.7114
vn 0.8113 -0.3422 0.4739
vn 0.8113 -0.3423 0.4739
vn 0.3307 -0.6201 0.7114
vn 0.4618 -0.4316 0.7749
vn 0.3304 -0.6201 0.7115
vn 0.0657 -0.5240 0.8492
vn 0.4616 -0.4317 0.7750
vn 0.2188 -0.8259 0.5196
vn 0.8208 -0.3673 0.4374
vn 0.7748 -0.4973 0.3902
vn 0.8208 -0.3673 0.4373
vn 0.2189 -0.8258 0.5197
vn -0.1182 -0.7832 0.6105
vn -0.1184 -0.7833 0.6103
vn 0.3307 -0.6200 0.7115
vn 0.2188 -0.8259 0.5197
vn 0.0656 -0.5240 0.8492
vn -0.1183 -0.7832 0.6105
vn -0.1563 -0.7647 0.6252
vn -0.1183 -0.7833 0.6103
vn 0.2187 -0.8259 0.5196
vn -0.1564 -0.7648 0.6250
vn -0.1565 -0.7648 0.6250
vn -0.3344 -0.7798 0.5293
vn 0.7748 -0.4974 0.3902
vn 0.6891 -0.5188 0.5060
vn 0.2189 -0.8259 0.5196
vn 0.7749 -0.4973 0.3901
vn 0.7924 -0.5014 0.3474
vn 0.6892 -0.5187 0.5059
vn 0.6001 -0.5436 0.5869
vn 0.2190 -0.8259 0.5196
vn 0.6891 -0.5186 0.5061
vn 0.1543 -0.4193 0.8947
vn 0.6002 -0.5433 0.5870
vn -0.3426 -0.6826 0.6455
vn 0.1543 -0.4194 0.8946
vn 0.7924 -0.5013 0.3475
vn -0.3427 -0.6826 0.6455
vn 0.6892 -0.5186 0.5060
vn 0.2411 -0.8609 -0.4480
vn -0.3429 -0.6825 0.6454
vn -0.3402 -0.1344 0.9307
vn -0.4513 0.3570 0.8178
vn -0.3419 0.2813 0.8967
vn -0.7504 -0.1115 0.6515
vn -0.4513 0.3572 0.8178
vn -0.3401 -0.1345 0.9307
vn -0.7502 -0.1114 0.6518
vn -0.6978 -0.6568 0.2857
vn -0.6978 -0.6568 0.2858
vn -0.3400 -0.1344 0.9308
vn -0.1078 -0.7460 0.6572
vn -0.8915 -0.4529 -0.0121
vn -0.6979 -0.6568 0.2856
vn -0.8306 0.4013 0.3861
vn -0.8915 -0.4529 -0.0122
vn -0.8400 0.2015 -0.5039
vn -0.8304 0.4014 0.3864
vn -0.8915 -0.4528 -0.0122
vn -0.5543 0.8135 0.1756
vn -0.8305 0.4014 0.3862
vn -0.8399 0.2014 -0.5039
vn -0.5543 0.8136 0.1758
vn -0.2492 0.9228 0.2940
vn -0.4173 0.5687 0.7088
vn -0.7503 -0.1115 0.6517
vn -0.2491 0.9227 0.2941
vn -0.4173 0.5688 0.7088
vn -0.7503 -0.1116 0.6516
vn -0.4173 0.5686 0.7089
vn -0.5834 0.7768 0.2369
vn -0.4174 0.5688 0.7087
vn -0.2492 0.9227 0.2940
vn -0.7323 0.2886 0.6168
vn -0.4515 0.3571 0.8177
vn -0.4174 0.5686 0.7088
vn -0.4175 0.5687 0.7087
vn -0.5835 0.7768 0.2368
vn -0.7324 0.2887 0.6167
vn -0.8834 0.4054 0.2350
vn -0.7324 0.2887 0.6166
vn -0.8239 0.1709 0.5403
vn -0.7325 0.2884 0.6167
vn -0.8835 0.4054 0.2349
vn -0.8835 0.0656 0.4639
vn -0.8835 0.0657 0.4637
vn -0.8241 0.1708 0.5401
vn -0.7325 0.2885 0.6166
vn -0.8836 0.0657 0.4637
vn -0.9057 0.0865 0.4150
vn -0.9169 -0.2307 0.3257
vn -0.3418 0.2813 0.8967
vn -0.1368 0.2509 0.9583
vn -0.3401 -0.1344 0.9307
vn -0.1368 0.2510 0.9583
vn 0.0408 0.0629 0.9972
vn 0.4919 -0.4242 0.7604
vn 0.0409 0.0629 0.9972
vn -0.1078 -0.7460 0.6571
vn -0.3401 -0.1346 0.9307
vn 0.4920 -0.4242 0.7603
vn 0.4921 -0.4240 0.7603
vn 0.0408 0.0628 0.9972
vn 0.6953 0.2851 0.6597
vn 0.6954 0.2852 0.6596
vn 0.0410 0.0628 0.9972
vn 0.1709 0.4794 0.8608
vn 0.6953 0.2852 0.6597
vn 0.1707 0.4794 0.8608
vn 0.5080 0.7706 0.3848
vn 0.5079 0.7707 0.3848
vn 0.1709 0.4796 0.8607
vn 0.3694 0.8087 0.4578
vn 0.1708 0.4795 0.8607
vn 0.3956 0.7089 0.5839
vn 0.0409 0.0628 0.9972
vn 0.0256 0.2347 0.9717
vn 0.1707 0.4795 0.8608
vn 0.0257 0.2347 0.9717
vn 0.3956 0.7089 0.5840
vn 0.1708 0.4796 0.8607
vn 0.3957 0.7088 0.5840
vn 0.0258 0.2347 0.9717
vn 0.4285 0.6588 0.6184
vn 0.0257 0.2346 0.9717
vn 0.3830 -0.1069 0.9176
vn 0.3831 -0.1067 0.9175
vn 0.4285 0.6588 0.6183
vn 0.0258 0.2346 0.9717
vn 0.3831 -0.1070 0.9175
vn 0.5487 0.3745 0.7475
vn 0.3774 -0.0570 0.9243
vn 0.3831 -0.1068 0.9175
vn -0.1365 0.2510 0.9583
vn 0.1888 -0.8408 0.5073
vn 0.5488 0.3744 0.7474
vn 0.3832 -0.1069 0.9175
vn 0.3775 -0.0571 0.9242
vn 0.1888 -0.8409 0.5072
vn 0.3947 -0.1175 0.9113
vn 0.3183 -0.3040 0.8979
vn 0.1889 -0.8408 0.5073
vn 0.3945 -0.1174 0.9114
vn -0.9865 -0.1002 -0.1293
vn -0.6919 0.0276 -0.7215
vn -0.7858 0.2785 -0.5522
vn -0.9386 -0.1355 -0.3173
vn -0.6919 0.0275 -0.7215
vn -0.9865 -0.1002 -0.1292
vn -0.9866 -0.1002 -0.1291
vn -0.9234 -0.2939 0.2471
vn -0.9387 -0.1355 -0.3171
vn -0.9096 -0.1815 0.3739
vn -0.9233 -0.2939 0.2471
vn -0.9866 -0.1003 -0.1291
vn -0.9095 -0.1815 0.3741
vn -0.7568 -0.2843 0.5885
vn -0.9233 -0.2939 0.2472
vn -0.9438 0.0036 -0.3305
vn -0.9386 -0.1354 -0.3173
vn -0.6646 0.1862 -0.7236
vn -0.9438 0.0037 -0.3305
vn -0.8998 0.0480 -0.4336
vn -0.6647 0.1862 -0.7236
vn -0.9376 -0.3417 0.0637
vn -0.9387 -0.1356 -0.3171
vn -0.9234 -0.2939 0.2470
vn -0.9439 0.0036 -0.3302
vn -0.9233 -0.2940 0.2473
vn -0.7569 -0.2845 0.5883
vn -0.7466 -0.4180 0.5176
vn -0.9376 -0.3418 0.0638
vn -0.7167 -0.4196 0.5571
vn -0.7465 -0.4179 0.5177
vn -0.7568 -0.2846 0.5884
vn -0.9376 -0.3418 0.0637
vn -0.7167 -0.4197 0.5569
vn -0.7470 -0.4506 0.4888
vn -0.9710 0.0242 -0.2378
vn -0.9439 0.0035 -0.3302
vn -0.9710 0.0244 -0.2380
vn -0.8999 0.0480 -0.4335
vn -0.9439 0.0036 -0.3303
vn -0.9376 -0.3419 0.0636
vn -0.9781 -0.1217 -0.1686
vn -0.9710 0.0241 -0.2379
vn -0.9782 -0.1214 -0.1686
vn -0.9378 -0.1458 0.3151
vn -0.9710 0.0243 -0.2377
vn -0.9710 0.0243 -0.2379
vn -0.9378 -0.1457 0.3152
vn 0.9636 0.1765 0.2006
vn -0.9710 0.0244 -0.2379
vn 0.9636 0.1766 0.2006
vn -0.8999 0.0481 -0.4335
vn -0.8998 0.0479 -0.4336
vn 0.9636 0.1767 0.2006
vn 0.2497 -0.6878 -0.6816
vn -0.6460 -0.7558 -0.1073
vn -0.4069 -0.0832 -0.9097
vn -0.6427 -0.7603 -0.0940
vn -0.5088 -0.7129 0.4826
vn -0.6460 -0.7558 -0.1070
vn -0.6427 -0.7604 -0.0938
vn -0.5436 -0.7361 0.4033
vn -0.5088 -0.7129 0.4825
vn -0.5088 -0.7128 0.4828
vn -0.3305 -0.6240 0.7081
vn -0.5436 -0.7360 0.4036
vn -0.3129 -0.6427 0.6993
vn -0.3303 -0.6241 0.7081
vn -0.5087 -0.7129 0.4827
vn -0.0385 0.8981 0.4381
vn -0.0346 0.9125 0.4077
vn 0.0046 0.9126 0.4089
vn 0.0281 0.9132 0.4065
vn 0.0178 0.8724 0.4884
vn 0.0281 0.9132 0.4066
vn 0.0151 0.8595 0.5109
vn -0.0385 0.8981 0.4382
vn -0.0450 0.8717 0.4879
vn 0.0151 0.8596 0.5108
vn -0.0652 0.9135 0.4016
vn -0.0878 0.9148 0.3942
vn -0.0981 0.8735 0.4768
vn -0.0386 0.8981 0.4382
vn -0.1010 0.8612 0.4982
vn 0.5773 -0.4473 0.6831
vn 0.7530 -0.4541 0.4762
vn 0.8344 -0.4645 0.2967
vn 0.0774 -0.3969 0.9146
vn 0.7528 -0.4542 0.4764
vn 0.5772 -0.4474 0.6831
vn -0.0948 -0.1447 0.9849
vn 0.0776 -0.3969 0.9146
vn 0.5771 -0.4473 0.6833
vn -0.0949 -0.1447 0.9849
vn -0.7915 -0.0139 0.6110
vn 0.0776 -0.3970 0.9145
vn 0.1016 -0.4167 0.9033
vn 0.7529 -0.4541 0.4764
vn 0.0774 -0.3970 0.9145
vn 0.7646 -0.3696 0.5280
vn 0.7529 -0.4540 0.4765
vn 0.1017 -0.4167 0.9033
vn 0.1927 -0.4711 0.8608
vn 0.1017 -0.4168 0.9033
vn 0.0775 -0.3969 0.9146
vn -0.7916 -0.0138 0.6109
vn -0.8110 -0.1166 0.5733
vn -0.9537 0.0624 0.2941
vn -0.8111 -0.1166 0.5732
vn -0.7917 -0.0138 0.6108
vn 0.0775 -0.3970 0.9146
vn -0.7459 -0.2066 0.6333
vn -0.7458 -0.2066 0.6333
vn 0.0775 -0.3970 0.9145
vn -0.8110 -0.1167 0.5732
vn 0.1928 -0.4712 0.8607
vn -0.9538 0.0625 0.2939
vn -0.9831 0.1206 -0.1377
vn -0.9831 0.1205 -0.1377
vn -0.9538 0.0624 0.2939
vn -0.9896 0.1340 -0.0523
vn -0.9896 0.1340 -0.0525
vn -0.6887 0.1967 -0.6978
vn -0.9831 0.1207 -0.1380
vn -0.7955 0.2143 -0.5668
vn -0.6885 0.1967 -0.6980
vn -0.7954 0.2142 -0.5669
vn -0.3395 0.1430 -0.9297
vn -0.7460 -0.2064 0.6331
vn -0.9831 0.1206 -0.1380
vn -0.9968 0.0762 -0.0261
vn -0.9967 0.0762 -0.0262
vn -0.6886 0.1967 -0.6980
vn -0.3394 0.1429 -0.9297
vn 0.1373 0.0300 -0.9901
vn 0.1372 0.0300 -0.9901
vn -0.3392 0.1429 -0.9298
vn 0.1923 0.0044 -0.9813
vn 0.8299 -0.3102 -0.4637
vn 0.1374 0.0299 -0.9901
vn 0.1926 0.0042 -0.9813
vn 0.1928 -0.4711 0.8607
vn -0.7459 -0.2065 0.6333
vn -0.7181 -0.1540 0.6787
vn -0.7183 -0.1539 0.6785
vn -0.4660 0.2518 -0.8482
vn -0.4660 0.2517 -0.8482
vn 0.9062 -0.3306 -0.2635
vn 0.8299 -0.3103 -0.4638
vn 0.8376 -0.3999 0.3720
vn 0.9062 -0.3306 -0.2637
vn 0.8298 -0.3102 -0.4639
vn 0.7476 -0.4140 0.5194
vn 0.9062 -0.3305 -0.2637
vn 0.8376 -0.4000 0.3721
vn 0.4657 0.2245 -0.8560
vn 0.4655 0.2246 -0.8561
vn -0.4662 0.2518 -0.8481
vn 0.9837 -0.1312 -0.1227
vn 0.9837 -0.1313 -0.1227
vn 0.4656 0.2246 -0.8560
vn 0.7667 -0.3275 0.5522
vn -0.4659 0.2517 -0.8483
vn -0.9818 0.1884 -0.0233
vn -0.9968 0.0762 -0.0260
vn -0.9818 0.1883 -0.0232
vn 0.9837 -0.1313 -0.1225
vn 0.8691 0.3627 -0.3363
vn 0.9685 -0.1822 0.1697
vn 0.8692 0.3626 -0.3362
vn 0.9838 -0.1311 -0.1227
vn -0.4508 0.5728 -0.6845
vn -0.9818 0.1884 -0.0231
vn -0.4662 0.2517 -0.8481
vn -0.4507 0.5728 -0.6846
vn 0.4656 0.2247 -0.8560
vn 0.3118 0.6953 -0.6476
vn 0.3117 0.6954 -0.6476
vn 0.9685 -0.1822 0.1698
vn 0.7501 0.5783 -0.3209
vn 0.8693 0.3625 -0.3361
vn 0.7500 0.5783 -0.3209
vn 0.3119 0.6954 -0.6474
vn 0.7501 0.5783 -0.3210
vn 0.9659 -0.1713 0.1941
vn 0.2165 0.8587 -0.4645
vn -0.2599 0.7955 -0.5473
vn 0.3118 0.6954 -0.6475
vn 0.2162 0.8588 -0.4645
vn 0.3117 0.6954 -0.6475
vn -0.2599 0.7955 -0.5474
vn -0.9224 0.3253 -0.2083
vn -0.4509 0.5728 -0.6846
vn -0.2600 0.7955 -0.5474
vn -0.4508 0.5728 -0.6846
vn -0.9819 0.1882 -0.0231
vn -0.8461 0.2409 0.4755
vn -0.9224 0.3252 -0.2083
vn -0.8461 0.2408 0.4755
vn -0.6044 -0.1566 0.7811
vn -0.7183 -0.1539 0.6786
vn -0.6044 -0.1568 0.7811
vn -0.7862 0.3122 0.5333
vn -0.6045 -0.1566 0.7811
vn -0.7863 0.3121 0.5333
vn -0.4732 -0.4976 0.7270
vn -0.7862 0.3122 0.5334
vn -0.9841 0.1458 0.1015
vn -0.4730 -0.4978 0.7270
vn -0.6043 -0.1566 0.7812
vn -0.7181 -0.1539 0.6787
vn -0.0382 -0.5561 0.8302
vn -0.6043 -0.1567 0.7812
vn -0.4730 -0.4977 0.7270
vn -0.0381 -0.5562 0.8302
vn 0.1927 -0.4712 0.8607
vn -0.4729 -0.4978 0.7270
vn -0.9841 0.1458 0.1017
vn -0.9878 0.1452 0.0556
vn -0.9841 0.1460 0.1014
vn -0.8102 0.4821 -0.3334
vn -0.9878 0.1454 0.0554
vn -0.5251 0.5847 -0.6184
vn -0.9878 0.1453 0.0555
vn -0.8102 0.4821 -0.3335
vn -0.2616 0.7379 -0.6221
vn -0.5251 0.5848 -0.6183
vn -0.8101 0.4822 -0.3335
vn -0.2614 0.7379 -0.6223
vn 0.2663 0.6271 -0.7320
vn -0.9991 -0.0281 -0.0309
vn -0.9991 -0.0281 -0.0310
vn 0.3070 0.5693 -0.7626
vn 0.8907 0.2150 -0.4004
vn 0.3072 0.5693 -0.7626
vn 0.2665 0.6270 -0.7320
vn -0.5519 0.3402 -0.7614
vn 0.3070 0.5693 -0.7627
vn 0.6773 -0.4814 0.5563
vn 0.6774 -0.4812 0.5563
vn 0.7777 -0.3435 0.5264
vn 0.7646 -0.3697 0.5279
vn 0.6775 -0.4813 0.5561
vn 0.9639 -0.1585 0.2140
vn 0.7778 -0.3435 0.5263
vn 0.9639 -0.1586 0.2140
vn 0.7648 -0.3697 0.5277
vn 0.9622 -0.1869 0.1982
vn 0.6775 -0.4812 0.5563
vn 0.7648 -0.3696 0.5278
vn 0.9743 -0.1630 -0.1555
vn 0.6176 -0.5943 0.5151
vn -0.0380 -0.5563 0.8301
vn -0.4732 -0.4977 0.7269
vn 0.5097 -0.7087 0.4879
vn 0.6176 -0.5942 0.5152
vn 0.5098 -0.7086 0.4879
vn 0.6178 -0.5942 0.5150
vn 0.9412 -0.2981 0.1591
vn 0.9412 -0.2981 0.1592
vn 0.6178 -0.5942 0.5151
vn 0.9405 -0.3001 0.1593
vn 0.5811 -0.6059 0.5433
vn 0.9405 -0.3002 0.1593
vn 0.6177 -0.5942 0.5152
vn 0.5809 -0.6059 0.5435
vn 0.5810 -0.6059 0.5434
vn 0.9055 -0.4076 0.1179
vn -0.4477 -0.5410 0.7119
vn -0.4731 -0.4977 0.7270
vn -0.4475 -0.5411 0.7120
vn 0.4532 -0.5891 0.6691
vn 0.9055 -0.4077 0.1178
vn -0.4477 -0.5410 0.7120
vn 0.4531 -0.5890 0.6692
vn 0.9055 -0.4077 0.1179
vn 0.4532 -0.5890 0.6691
vn 0.9473 -0.2666 -0.1776
vn -0.9991 -0.0281 -0.0311
vn -0.4409 -0.4938 0.7495
vn -0.4408 -0.4940 0.7495
vn -0.4474 -0.5411 0.7120
vn 0.6130 -0.3936 0.6851
vn 0.9916 -0.0707 -0.1081
vn 0.9473 -0.2666 -0.1775
vn 0.6128 -0.3937 0.6852
vn -0.9968 -0.0750 -0.0276
vn -0.4409 -0.4939 0.7495
vn -0.9991 -0.0280 -0.0311
vn -0.9968 -0.0750 -0.0275
vn -0.3679 -0.2885 0.8840
vn 0.4533 -0.5890 0.6691
vn -0.4408 -0.4939 0.7495
vn -0.3680 -0.2885 0.8840
vn -0.3680 -0.2884 0.8840
vn 0.7365 -0.2212 0.6393
vn 0.9916 -0.0706 -0.1081
vn 0.6129 -0.3936 0.6852
vn 0.9966 0.0029 -0.0824
vn 0.7365 -0.2213 0.6393
vn 0.7365 -0.2211 0.6392
vn -0.3549 -0.0585 0.9331
vn -0.3547 -0.0586 0.9331
vn -0.9527 0.3003 0.0478
vn -0.3548 -0.0586 0.9331
vn -0.9526 0.3004 0.0479
vn -0.9526 0.3003 0.0479
vn -0.8526 0.5148 0.0897
vn -0.9968 -0.0751 -0.0274
vn -0.5675 0.2479 -0.7852
vn -0.9526 0.3003 0.0480
vn -0.5520 0.3401 -0.7614
vn -0.5675 0.2478 -0.7852
vn -0.9527 0.3002 0.0481
vn -0.5340 0.5231 -0.6642
vn -0.8526 0.5147 0.0899
vn -0.9526 0.3004 0.0481
vn -0.5340 0.5230 -0.6643
vn -0.8526 0.5148 0.0898
vn -0.5340 0.5232 -0.6642
vn -0.4467 0.6587 -0.6054
vn -0.5518 0.3401 -0.7615
vn 0.2859 0.1127 -0.9516
vn -0.5673 0.2478 -0.7853
vn -0.5673 0.2479 -0.7853
vn 0.2859 0.1126 -0.9516
vn -0.5338 0.5231 -0.6644
vn -0.5338 0.5233 -0.6643
vn 0.3800 0.4772 -0.7924
vn -0.4464 0.6588 -0.6055
vn 0.2860 0.1126 -0.9516
vn 0.3800 0.4773 -0.7924
vn -0.4465 0.6588 -0.6055
vn 0.4423 0.6225 -0.6456
vn 0.3798 0.4772 -0.7925
vn 0.9966 0.0121 -0.0809
vn 0.4421 0.6227 -0.6456
vn 0.9901 -0.0713 -0.1211
vn 0.9967 0.0120 -0.0809
vn 0.3797 0.4773 -0.7924
vn 0.3798 0.4774 -0.7924
vn 0.2857 0.1126 -0.9517
vn 0.2857 0.1127 -0.9517
vn 0.9475 -0.2659 -0.1778
vn 0.3003 0.2932 -0.9077
vn -0.5519 0.3401 -0.7614
vn 0.3002 0.2933 -0.9077
vn 0.9475 -0.2660 -0.1778
vn 0.2858 0.1126 -0.9516
vn 0.3071 0.5693 -0.7626
vn 0.9072 -0.0905 -0.4109
vn 0.9475 -0.2659 -0.1777
vn 0.9051 -0.4086 0.1175
vn 0.9475 -0.2660 -0.1776
vn 0.9204 0.1351 -0.3670
vn 0.9051 -0.4085 0.1177
vn 0.9204 0.1351 -0.3669
vn 0.8907 0.2150 -0.4005
vn 0.9445 -0.2932 0.1485
vn 0.9052 -0.4085 0.1176
vn 0.9445 -0.2931 0.1485
vn 0.9204 0.1350 -0.3668
vn 0.8908 0.2150 -0.4004
vn 0.9487 -0.2748 0.1562
vn -0.1727 -0.8706 0.4607
vn 0.8183 -0.5575 0.1401
vn 0.3046 -0.9524 -0.0129
vn 0.5669 -0.3452 0.7480
vn 0.8182 -0.5576 0.1401
vn -0.1729 -0.8706 0.4607
vn 0.1629 -0.2397 0.9571
vn 0.5668 -0.3451 0.7481
vn -0.4583 -0.4548 0.7636
vn -0.1729 -0.8705 0.4607
vn -0.4583 -0.4547 0.7637
vn -0.7940 -0.1653 0.5850
vn 0.1629 -0.2398 0.9571
vn 0.3047 -0.9523 -0.0129
vn -0.7471 -0.5966 -0.2932
vn -0.1729 -0.8706 0.4606
vn -0.7470 -0.5967 -0.2931
vn -0.9239 -0.1034 0.3685
vn -0.7581 0.1234 0.6403
vn -0.1730 -0.8705 0.4607
vn -0.1728 -0.8705 0.4607
vn -0.3763 -0.1252 0.9180
vn -0.7580 0.1234 0.6404
vn 0.0042 0.0630 0.9980
vn -0.3765 -0.1250 0.9180
vn 0.8224 -0.5377 0.1859
vn 0.8080 -0.3957 -0.4366
vn -0.2459 -0.9683 0.0434
vn -0.2460 -0.9683 0.0435
vn 0.8080 -0.3957 -0.4365
vn 0.3058 -0.5435 -0.7817
vn 0.8081 -0.3957 -0.4363
vn 0.1348 -0.0509 -0.9896
vn 0.3057 -0.5434 -0.7819
vn 0.3057 -0.5435 -0.7818
vn 0.1349 -0.0508 -0.9896
vn -0.1342 -0.1178 -0.9839
vn -0.2821 0.0751 -0.9564
vn -0.1342 -0.1177 -0.9839
vn 0.1346 -0.0508 -0.9896
vn -0.2823 0.0753 -0.9564
vn -0.6690 0.0592 -0.7409
vn -0.2458 -0.9683 0.0434
vn -0.4440 -0.4858 -0.7529
vn -0.8277 -0.5191 -0.2133
vn 0.3057 -0.5434 -0.7818
vn -0.4439 -0.4859 -0.7529
vn -0.2460 -0.9683 0.0434
vn 0.3056 -0.5434 -0.7819
vn 0.4864 -0.3668 -0.7930
vn -0.4442 -0.4858 -0.7528
vn 0.5376 -0.4747 -0.6969
vn 0.4865 -0.3667 -0.7930
vn 0.4867 -0.3667 -0.7929
vn 0.5378 -0.4746 -0.6968
vn 0.7530 -0.2632 -0.6031
vn 0.9334 -0.2702 -0.2359
vn 0.9528 0.0763 0.2938
vn 0.9144 0.3149 -0.2543
vn 0.9513 0.0947 0.2935
vn 0.9513 0.0948 0.2935
vn 0.9144 0.3149 -0.2544
vn 0.8653 0.3524 -0.3564
vn 0.9144 0.3149 -0.2542
vn 0.3677 0.5350 -0.7606
vn 0.8654 0.3523 -0.3563
vn 0.8654 0.3524 -0.3563
vn 0.3105 0.5782 -0.7545
vn 0.2005 0.5483 -0.8119
vn 0.3102 0.5782 -0.7546
vn 0.3675 0.5351 -0.7607
vn 0.2153 0.5773 -0.7876
vn 0.3103 0.5783 -0.7545
vn 0.2005 0.5484 -0.8118
vn 0.2007 0.5482 -0.8119
vn -0.1184 0.6638 -0.7385
vn 0.2155 0.5771 -0.7877
vn -0.1296 0.6785 -0.7231
vn -0.1182 0.6637 -0.7386
vn 0.2005 0.5482 -0.8120
vn -0.1296 0.6786 -0.7230
vn -0.6077 0.7407 -0.2864
vn -0.1183 0.6638 -0.7385
vn -0.6078 0.7406 -0.2865
vn -0.6450 0.7352 -0.2084
vn -0.6079 0.7406 -0.2862
vn -0.5727 0.7582 0.3116
vn -0.6450 0.7353 -0.2081
vn -0.5395 0.7564 0.3699
vn -0.6079 0.7407 -0.2862
vn -0.5395 0.7563 0.3700
vn -0.1658 0.4419 0.8816
vn -0.5727 0.7582 0.3117
vn -0.1285 0.3899 0.9119
vn 0.3624 0.1326 0.9225
vn -0.1657 0.4417 0.8817
vn -0.1283 0.3897 0.9120
vn 0.1733 0.1022 0.9795
vn -0.1657 0.4418 0.8817
vn 0.3625 0.1326 0.9225
vn 0.1735 0.1022 0.9795
vn 0.3627 0.1325 0.9224
vn 0.7484 0.1079 0.6544
vn 0.7484 0.1080 0.6543
vn 0.3626 0.1327 0.9224
vn 0.6753 0.1517 0.7218
vn 0.6754 0.1516 0.7217
vn 0.9518 0.0756 0.2973
vn 0.7486 0.1079 0.6542
vn 0.9518 0.0757 0.2973
vn 0.9511 0.0826 0.2977
vn -0.7333 0.0595 0.6772
vn -0.7334 0.0591 0.6773
vn -0.7324 0.0593 0.6783
vn -0.7334 0.0591 0.6772
vn -0.7324 0.0591 0.6783
vn -0.3060 -0.9504 -0.0555
vn -0.3191 -0.9474 -0.0238
vn -0.3113 -0.9493 -0.0432
vn -0.3249 -0.9457 -0.0097
vn 0.1591 0.9834 0.0876
vn 0.1510 0.9804 0.1264
vn 0.1350 0.9761 0.1702
vn 0.1243 0.9699 0.2093
vn 0.8215 -0.1896 0.5378
vn 0.7076 -0.1232 0.6958
vn 0.7987 -0.1753 0.5756
vn 0.7986 -0.1752 0.5757
vn 0.7075 -0.1231 0.6959
vn 0.6808 -0.1091 0.7243
vn -0.6758 0.2461 -0.6948
vn -0.6558 0.2355 -0.7173
vn -0.5910 0.2011 -0.7812
vn -0.5908 0.2011 -0.7813
vn -0.6557 0.2354 -0.7174
vn -0.5709 0.1914 -0.7984
vn -0.6333 0.1747 -0.7539
vn -0.6172 0.1877 -0.7641
vn -0.6265 0.1802 -0.7583
vn -0.6099 0.1932 -0.7686
vn -0.0914 -0.9736 -0.2093
vn -0.1076 -0.9703 -0.2166
vn -0.0973 -0.9725 -0.2115
vn -0.1118 -0.9694 -0.2187
vn -0.0530 0.9866 0.1544
vn -0.0938 0.9852 0.1434
vn -0.1237 0.9831 0.1347
vn -0.1626 0.9790 0.1230
vn -0.6796 -0.1398 0.7201
vn -0.6806 -0.1399 0.7192
vn -0.6836 -0.1403 0.7163
vn -0.6836 -0.1402 0.7163
vn -0.6840 -0.1404 0.7158
vn 0.6561 0.1762 -0.7338
vn 0.6105 0.1697 -0.7736
vn 0.6441 0.1751 -0.7447
vn 0.6440 0.1751 -0.7447
vn 0.6105 0.1696 -0.7736
vn 0.6017 0.1657 -0.7814
vn -0.9037 0.1773 -0.3897
vn -0.9872 -0.0119 -0.1590
vn -0.9035 0.1770 -0.3903
vn -0.9035 0.1769 -0.3905
vn -0.9980 0.0166 -0.0604
vn -0.9981 0.0165 -0.0601
vn -0.9872 -0.0121 -0.1588
vn -0.8423 -0.2481 0.4785
vn -0.6547 -0.2645 0.7081
vn -0.9981 0.0167 -0.0601
vn -0.8423 -0.2480 0.4785
vn -0.7392 -0.4373 0.5122
vn -0.3343 -0.4022 0.8523
vn -0.7391 -0.4373 0.5123
vn -0.1553 -0.5342 0.8310
vn -0.8423 -0.2480 0.4786
vn -0.1553 -0.5341 0.8310
vn -0.2228 -0.5884 0.7773
vn -0.7392 -0.4373 0.5123
vn 0.2929 -0.5523 0.7805
vn -0.3342 -0.4023 0.8523
vn -0.1550 -0.5341 0.8311
vn -0.2225 -0.5884 0.7773
vn 0.4388 -0.5674 0.6968
vn -0.1550 -0.5342 0.8310
vn 0.2929 -0.5524 0.7804
vn 0.4391 -0.5673 0.6967
vn 0.6654 -0.4487 0.5966
vn 0.2930 -0.5524 0.7804
vn 0.6900 -0.4668 0.5532
vn 0.4749 0.7793 0.4089
vn 0.4104 0.7996 0.4384
vn 0.4751 0.7793 0.4087
vn 0.4285 0.7652 0.4805
vn 0.4103 0.7997 0.4384
vn 0.4748 0.7793 0.4089
vn 0.4047 0.7641 0.5024
vn 0.4062 0.7636 0.5019
vn 0.3786 0.8227 0.4241
vn 0.3609 0.8558 0.3707
vn 0.3787 0.8226 0.4241
vn 0.3608 0.8559 0.3706
vn 0.2933 0.8972 0.3302
vn 0.3786 0.8228 0.4240
vn -0.5547 -0.6855 0.4717
vn -0.5634 -0.6903 0.4540
vn -0.5707 -0.7142 0.4052
vn -0.5953 -0.6857 0.4188
vn -0.6825 -0.4073 0.6069
vn -0.6826 -0.4072 0.6069
vn -0.5954 -0.6856 0.4189
vn -0.6879 -0.3796 0.6186
vn -0.1386 -0.4573 0.8784
vn -0.1706 -0.4500 0.8766
vn -0.1796 -0.0181 0.9836
vn -0.1707 -0.4500 0.8766
vn -0.2637 -0.0282 0.9642
vn -0.2637 -0.0281 0.9642
vn -0.3178 0.3779 0.8696
vn -0.3179 0.3780 0.8695
vn -0.2636 -0.0282 0.9642
vn -0.3856 0.3470 0.8549
vn 0.1421 -0.2336 0.9619
vn 0.2675 -0.0164 0.9634
vn 0.1475 -0.2360 0.9605
vn 0.3179 0.1684 0.9331
vn 0.3179 0.1686 0.9330
vn 0.6074 0.2005 0.7686
vn 0.2676 -0.0163 0.9634
vn 0.6232 0.1894 0.7588
vn 0.6075 0.2005 0.7686
vn 0.3177 0.1685 0.9331
vn -0.5420 -0.3550 -0.7617
vn -0.6142 -0.2088 -0.7610
vn 0.3737 -0.8618 -0.3429
vn 0.3737 -0.8618 -0.3430
vn -0.6142 -0.2090 -0.7610
vn 0.1773 -0.9194 -0.3510
vn 0.3735 -0.8619 -0.3430
vn 0.1771 -0.9194 -0.3511
vn 0.8852 -0.3223 0.3355
vn -0.5824 -0.4688 -0.6641
vn 0.1773 -0.9194 -0.3511
vn -0.6142 -0.2088 -0.7611
vn 0.8852 -0.3223 0.3354
vn 0.8217 -0.3828 0.4223
vn 0.4445 -0.8497 -0.2834
vn -0.5824 -0.4688 -0.6640
vn 0.1772 -0.9194 -0.3512
vn 0.4444 -0.8497 -0.2836
vn 0.8217 -0.3826 0.4223
vn 0.6544 0.4123 0.6338
vn 0.8852 -0.3222 0.3355
vn 0.8217 -0.3827 0.4223
vn 0.6006 0.4790 0.6402
vn 0.6006 0.4790 0.6401
vn 0.6544 0.4124 0.6338
vn -0.0659 0.9919 0.1087
vn 0.2903 -0.7618 -0.5792
vn 0.4445 -0.8498 -0.2834
vn -0.5298 -0.5749 -0.6236
vn 0.2903 -0.7618 -0.5791
vn -0.5825 -0.4687 -0.6640
vn 0.8217 -0.3829 0.4222
vn 0.4443 -0.8498 -0.2836
vn 0.9185 -0.2694 0.2894
vn 0.2902 -0.7619 -0.5791
vn 0.9185 -0.2693 0.2895
vn 0.4443 -0.8498 -0.2835
vn 0.9186 -0.2693 0.2894
vn 0.6543 0.4124 0.6339
vn 0.8217 -0.3828 0.4224
vn 0.9851 -0.1599 -0.0629
vn 0.9186 -0.2692 0.2894
vn 0.2902 -0.7618 -0.5792
vn 0.6871 0.4495 0.5708
vn 0.9186 -0.2693 0.2893
vn 0.6871 0.4494 0.5709
vn -0.0660 0.9919 0.1086
vn -0.0744 0.9255 0.3714
vn 0.6870 0.4495 0.5709
vn -0.2012 0.8383 0.5068
vn 0.6870 0.4496 0.5709
vn -0.0743 0.9255 0.3715
vn -0.4748 0.5763 -0.6652
vn -0.2009 0.8383 0.5069
vn -0.9594 0.2512 -0.1284
vn -0.0743 0.9255 0.3714
vn -0.7793 0.4237 -0.4617
vn -0.4747 0.5763 -0.6652
vn -0.0743 0.9254 0.3715
vn -0.7792 0.4238 -0.4618
vn -0.7793 0.4238 -0.4616
vn -0.5190 -0.3776 -0.7669
vn -0.9594 0.2513 -0.1283
vn -0.5030 -0.5821 -0.6388
vn -0.7792 0.4240 -0.4616
vn -0.5188 -0.3777 -0.7669
vn -0.6050 -0.2473 -0.7568
vn -0.7793 0.4238 -0.4617
vn -0.5030 -0.5823 -0.6387
vn -0.5609 -0.5092 -0.6527
vn -0.6050 -0.2473 -0.7569
vn -0.7792 0.4237 -0.4618
vn -0.5609 -0.5093 -0.6527
vn 0.1983 -0.9618 -0.1886
vn -0.5995 -0.6929 -0.4005
vn -0.6603 -0.6525 -0.3719
vn 0.1772 -0.9620 -0.2079
vn -0.5995 -0.6930 -0.4004
vn 0.1983 -0.9618 -0.1887
vn 0.1771 -0.9620 -0.2079
vn 0.1982 -0.9618 -0.1887
vn 0.6895 -0.5655 0.4525
vn 0.6895 -0.5656 0.4524
vn 0.6823 -0.6023 0.4144
vn 0.6824 -0.6021 0.4145
vn 0.5459 -0.0164 0.8377
vn 0.6896 -0.5654 0.4526
vn 0.6895 -0.5655 0.4526
vn 0.5458 -0.0164 0.8377
vn 0.4271 0.1212 0.8961
vn 0.5458 -0.0163 0.8378
vn -0.2793 0.3415 0.8974
vn 0.4270 0.1214 0.8961
vn 0.4269 0.1213 0.8961
vn -0.2793 0.3416 0.8974
vn -0.3267 0.3372 0.8829
vn -0.9568 0.0123 0.2906
vn -0.9856 -0.1199 0.1189
vn -0.9567 0.0124 0.2907
vn -0.5997 -0.6968 -0.3934
vn -0.9856 -0.1198 0.1190
vn -0.6612 -0.6562 -0.3635
vn -0.5997 -0.6969 -0.3934
vn 0.4310 0.5348 -0.7268
vn 0.5353 0.3146 -0.7839
vn 0.6728 -0.2094 -0.7095
vn 0.6728 -0.2095 -0.7096
vn 0.5352 0.3148 -0.7839
vn 0.6625 -0.2427 -0.7086
vn 0.6729 -0.2095 -0.7094
vn 0.6627 -0.2427 -0.7084
vn 0.9659 -0.0136 -0.2584
vn 0.9833 0.0866 -0.1599
vn 0.9834 0.0868 -0.1596
vn 0.8750 0.4832 -0.0297
vn 0.9660 -0.0135 -0.2583
vn 0.8682 0.4950 -0.0337
vn 0.8750 0.4832 -0.0298
vn 0.9833 0.0869 -0.1597
vn 0.8748 0.4835 -0.0298
vn 0.8681 0.4952 -0.0337
vn 0.6153 0.7339 -0.2878
vn 0.6153 0.7338 -0.2878
vn 0.8681 0.4952 -0.0338
vn 0.5050 0.7709 -0.3881
vn 0.5048 0.7710 -0.3883
vn 0.3438 0.6208 -0.7046
vn 0.6152 0.7339 -0.2879
vn 0.3691 0.5484 -0.7503
vn 0.3438 0.6206 -0.7048
vn 0.3690 0.5482 -0.7505
vn 0.5214 0.1404 -0.8417
vn 0.5215 0.1403 -0.8416
vn 0.3692 0.5482 -0.7504
vn 0.6180 -0.0890 -0.7811
vn -0.5908 -0.5317 -0.6069
vn -0.9689 0.2197 -0.1136
vn -0.6206 -0.5629 -0.5459
vn -0.6207 -0.5629 -0.5458
vn -0.9689 0.2196 -0.1136
vn -0.9132 0.3703 -0.1701
vn -0.6206 -0.5628 -0.5459
vn -0.6592 -0.5887 -0.4677
vn -0.9689 0.2196 -0.1137
vn -0.2087 0.8265 0.5228
vn -0.9132 0.3702 -0.1702
vn -0.1804 0.7670 0.6157
vn -0.2086 0.8265 0.5229
vn -0.9690 0.2195 -0.1137
vn 0.7343 0.3567 0.5776
vn -0.2088 0.8265 0.5228
vn -0.1806 0.7671 0.6156
vn -0.6592 -0.5887 -0.4678
vn -0.8634 0.2733 -0.4241
vn -0.9132 0.3701 -0.1702
vn -0.2086 0.8264 0.5229
vn -0.8634 0.2731 -0.4242
vn -0.8634 0.2732 -0.4241
vn -0.7685 -0.4129 0.4888
vn 0.4015 -0.7877 0.4672
vn -0.7679 -0.4141 0.4887
vn -0.8634 0.2733 -0.4242
vn -0.3597 0.8018 0.4773
vn 0.4017 -0.7876 0.4673
vn -0.2085 0.8265 0.5229
vn -0.3595 0.8018 0.4773
vn 0.4017 -0.7876 0.4672
vn -0.3597 0.8017 0.4773
vn -0.5067 -0.5118 0.6937
vn -0.3501 0.7100 0.6109
vn -0.5069 -0.5117 0.6937
vn 0.7128 0.3531 0.6060
vn 0.7342 0.3568 0.5776
vn -0.3598 0.8018 0.4772
vn 0.9243 -0.3649 0.1116
vn 0.7129 0.3530 0.6059
vn 0.7343 0.3566 0.5776
vn -0.3598 0.8017 0.4773
vn 0.6539 0.4607 0.6002
vn -0.3502 0.7100 0.6109
vn 0.7129 0.3530 0.6060
vn 0.6539 0.4608 0.6001
vn 0.5953 0.5972 0.5377
vn -0.3500 0.7101 0.6109
vn 0.6540 0.4607 0.6001
vn 0.5953 0.5971 0.5376
vn 0.9850 0.1696 0.0314
vn 0.9669 -0.2552 -0.0045
vn 0.6539 0.4606 0.6001
vn 0.9850 0.1695 0.0312
vn 0.9669 -0.2551 -0.0045
vn 0.8724 -0.4777 -0.1033
vn 0.7130 0.3529 0.6059
vn 0.8270 -0.4771 0.2975
vn 0.6539 0.4607 0.6001
vn 0.9669 -0.2551 -0.0044
vn 0.7871 -0.5191 0.3333
vn 0.9243 -0.3649 0.1117
vn 0.8270 -0.4769 0.2977
vn 0.7129 0.3532 0.6059
vn 0.7871 -0.5190 0.3334
vn 0.7871 -0.5190 0.3333
vn 0.9243 -0.3650 0.1116
vn 0.1303 -0.9626 -0.2375
vn 0.1304 -0.9626 -0.2376
vn 0.8270 -0.4769 0.2976
vn 0.2534 -0.8349 -0.4885
vn 0.3377 -0.8477 -0.4092
vn 0.8724 -0.4777 -0.1034
vn 0.9669 -0.2552 -0.0044
vn 0.3375 -0.8477 -0.4092
vn 0.8622 -0.3144 0.3973
vn 0.3375 -0.8477 -0.4093
vn -0.7261 -0.5440 0.4206
vn 0.8622 -0.3143 0.3972
vn -0.4924 -0.7390 -0.4598
vn -0.7260 -0.5440 0.4207
vn 0.3378 -0.8476 -0.4092
vn -0.5742 -0.5778 -0.5801
vn 0.2535 -0.8349 -0.4885
vn -0.5741 -0.5778 -0.5801
vn 0.1305 -0.9626 -0.2373
vn -0.5878 -0.5333 -0.6084
vn -0.5741 -0.5777 -0.5801
vn 0.2534 -0.8349 -0.4886
vn 0.1531 -0.9458 -0.2863
vn 0.8270 -0.4770 0.2976
vn 0.1304 -0.9626 -0.2375
vn 0.1531 -0.9459 -0.2862
vn 0.1531 -0.9459 -0.2861
vn -0.5743 -0.5777 -0.5801
vn 0.1532 -0.9459 -0.2862
vn 0.1533 -0.9459 -0.2860
vn 0.3378 -0.8477 -0.4091
vn 0.4534 -0.8671 0.2063
vn 0.8219 -0.1504 -0.5494
vn 0.4705 -0.8647 0.1759
vn 0.4533 -0.8671 0.2065
vn 0.4704 -0.8647 0.1761
vn -0.0067 -0.8686 0.4955
vn -0.0067 -0.8686 0.4954
vn 0.4703 -0.8648 0.1760
vn 0.0421 -0.8981 0.4377
vn 0.0419 -0.8980 0.4379
vn -0.1970 -0.7850 0.5874
vn -0.0069 -0.8685 0.4957
vn -0.0070 -0.8685 0.4956
vn -0.1972 -0.7850 0.5872
vn -0.1786 -0.7862 0.5917
vn -0.9243 -0.3689 -0.0979
vn -0.9713 -0.1803 0.1551
vn -0.9789 -0.1267 0.1603
vn -0.9789 -0.1266 0.1605
vn -0.9713 -0.1802 0.1553
vn -0.6367 0.2392 0.7331
vn -0.9789 -0.1266 0.1604
vn -0.6369 0.2391 0.7329
vn -0.7506 0.4684 0.4660
vn -0.6367 0.2393 0.7330
vn 0.0251 0.4326 0.9013
vn -0.7504 0.4685 0.4662
vn -0.9713 -0.1801 0.1553
vn -0.6033 0.1964 0.7729
vn -0.6034 0.1964 0.7729
vn -0.9844 -0.0390 0.1716
vn -0.6143 0.0877 0.7842
vn 0.3943 0.3204 0.8613
vn 0.0250 0.4325 0.9013
vn -0.6368 0.2392 0.7330
vn 0.0252 0.4326 0.9013
vn 0.3942 0.3204 0.8614
vn 0.6006 0.3218 0.7320
vn 0.2914 0.2991 0.9087
vn -0.6034 0.1964 0.7728
vn 0.3943 0.3203 0.8614
vn -0.6143 0.0878 0.7842
vn 0.2914 0.2990 0.9087
vn 0.3943 0.3203 0.8613
vn 0.9278 0.1511 0.3410
vn 0.6007 0.3217 0.7319
vn 0.9278 0.1510 0.3410
vn 0.9082 0.1694 0.3827
vn 0.6007 0.3218 0.7319
vn 0.9280 0.1510 0.3407
vn 0.9652 -0.1603 -0.2064
vn 0.9083 0.1693 0.3825
vn 0.9987 -0.0300 -0.0404
vn 0.8023 -0.3710 -0.4677
vn 0.9987 -0.0302 -0.0406
vn 0.9652 -0.1604 -0.2066
vn 0.8746 0.1595 0.4578
vn 0.9279 0.1510 0.3408
vn 0.2916 0.2991 0.9086
vn 0.8747 0.1594 0.4577
vn 0.9280 0.1509 0.3408
vn 0.3696 -0.5937 -0.7148
vn 0.8022 -0.3711 -0.4677
vn 0.9652 -0.1604 -0.2065
vn 0.3409 -0.6317 -0.6962
vn 0.8021 -0.3711 -0.4678
vn 0.3697 -0.5937 -0.7147
vn 0.3407 -0.6318 -0.6963
vn 0.3695 -0.5938 -0.7148
vn -0.3713 -0.6781 -0.6342
vn 0.3153 0.2441 0.9171
vn -0.6144 0.0876 0.7841
vn 0.3156 0.2441 0.9170
vn 0.8746 0.1594 0.4578
vn 0.8641 -0.2396 -0.4427
vn 0.8641 -0.2397 -0.4427
vn -0.3712 -0.6782 -0.6342
vn -0.7043 -0.5410 -0.4597
vn -0.3712 -0.6782 -0.6343
vn -0.9659 -0.2419 -0.0928
vn -0.9659 -0.2418 -0.0927
vn -0.7041 -0.5411 -0.4598
vn -0.9861 -0.0816 0.1445
vn 0.0772 -0.3808 -0.9215
vn 0.8642 -0.2395 -0.4425
vn 0.0774 -0.3807 -0.9215
vn -0.8238 -0.2447 -0.5113
vn -0.9861 -0.0815 0.1445
vn -0.7042 -0.5410 -0.4598
vn -0.7042 -0.5411 -0.4598
vn 0.0773 -0.3806 -0.9215
vn -0.8239 -0.2447 -0.5112
vn -0.9866 -0.0338 0.1594
vn -0.8238 -0.2448 -0.5113
vn 0.9204 0.0882 0.3810
vn 0.9203 0.0882 0.3811
vn 0.8746 0.1595 0.4579
vn 0.3156 0.2440 0.9170
vn 0.0774 -0.3808 -0.9214
vn -0.5229 0.3059 -0.7956
vn -0.8239 -0.2448 -0.5112
vn -0.5230 0.3060 -0.7955
vn -0.9752 0.0991 -0.1978
vn 0.8642 -0.2396 -0.4424
vn 0.8496 0.0369 -0.5262
vn 0.8495 0.0368 -0.5263
vn 0.9203 0.0882 0.3812
vn -0.5231 0.3060 -0.7955
vn -0.3755 0.5869 -0.7173
vn -0.9851 0.1064 -0.1349
vn -0.9752 0.0992 -0.1979
vn -0.3753 0.5870 -0.7173
vn 0.1727 0.3340 -0.9266
vn -0.5231 0.3060 -0.7954
vn 0.0772 -0.3806 -0.9215
vn 0.1725 0.3340 -0.9266
vn -0.3754 0.5870 -0.7173
vn -0.5230 0.3059 -0.7955
vn 0.1726 0.3340 -0.9267
vn 0.1629 0.6784 -0.7165
vn 0.1726 0.3340 -0.9266
vn 0.1631 0.6784 -0.7164
vn 0.1726 0.3339 -0.9267
vn 0.5932 0.4671 -0.6557
vn 0.5931 0.4671 -0.6558
vn 0.8496 0.0367 -0.5262
vn 0.5931 0.4670 -0.6558
vn 0.8496 0.0368 -0.5262
vn 0.9990 0.0285 0.0357
vn 0.9990 0.0284 0.0357
vn 0.9990 0.0284 0.0358
vn 0.9203 0.0881 0.3811
vn 0.6581 0.3691 0.6562
vn 0.6582 0.3690 0.6562
vn 0.6582 0.3690 0.6563
vn 0.3155 0.2440 0.9170
vn 0.2109 0.1719 0.9623
vn 0.5604 0.4509 0.6947
vn 0.2110 0.1718 0.9623
vn 0.0422 -0.2024 0.9784
vn 0.5605 0.4509 0.6947
vn 0.2110 0.1717 0.9623
vn 0.0419 -0.2025 0.9784
vn 0.9029 -0.1016 0.4176
vn 0.5604 0.4510 0.6947
vn 0.2108 0.1719 0.9623
vn 0.3153 0.2440 0.9171
vn 0.9334 -0.0627 0.3532
vn 0.9029 -0.1015 0.4177
vn 0.0420 -0.2025 0.9784
vn 0.9335 -0.0626 0.3531
vn 0.9785 0.1209 -0.1671
vn 0.9030 -0.1015 0.4175
vn 0.8313 0.1598 -0.5324
vn 0.9785 0.1210 -0.1672
vn 0.8313 0.1600 -0.5324
vn 0.6510 0.3401 -0.6786
vn 0.1682 0.2695 -0.9482
vn 0.6508 0.3401 -0.6788
vn -0.4063 -0.0746 0.9107
vn 0.0420 -0.2024 0.9784
vn 0.2108 0.1718 0.9623
vn -0.4061 -0.0745 0.9108
vn 0.0420 -0.2026 0.9784
vn 0.9077 -0.1905 0.3739
vn 0.9334 -0.0627 0.3533
vn 0.9334 -0.0626 0.3532
vn 0.9077 -0.1906 0.3738
vn 0.1136 0.2026 -0.9726
vn 0.1682 0.2696 -0.9482
vn 0.8313 0.1599 -0.5324
vn 0.1679 0.2696 -0.9482
vn 0.1134 0.2027 -0.9727
vn -0.6144 0.1555 -0.7735
vn 0.8305 -0.1245 -0.5429
vn 0.8313 0.1599 -0.5323
vn 0.1137 0.2026 -0.9726
vn -0.6143 0.0876 0.7842
vn -0.9372 -0.0638 0.3428
vn -0.9772 0.0329 0.2096
vn -0.9372 -0.0637 0.3428
vn -0.9718 0.0225 -0.2348
vn -0.9373 -0.0637 0.3427
vn -0.9773 0.0329 0.2095
vn -0.9844 -0.0391 0.1715
vn -0.9773 0.0328 0.2095
vn -0.9805 0.1035 -0.1670
vn -0.9373 -0.0637 0.3428
vn -0.7966 -0.2526 -0.5491
vn -0.9718 0.0225 -0.2349
vn -0.9844 -0.0391 0.1714
vn -0.9024 -0.1842 0.3895
vn -0.9024 -0.1841 0.3895
vn -0.8100 -0.3331 0.4826
vn -0.9898 -0.0004 -0.1427
vn -0.9025 -0.1841 0.3894
vn -0.8101 -0.3330 0.4825
vn -0.9893 -0.0285 -0.1429
vn -0.9025 -0.1840 0.3893
vn -0.9898 -0.0003 -0.1427
vn -0.8727 -0.2053 0.4430
vn -0.8726 -0.2053 0.4432
vn 0.0423 -0.2025 0.9784
vn -0.9025 -0.1841 0.3895
vn -0.9777 -0.1778 -0.1119
vn -0.8726 -0.2053 0.4431
vn -0.9893 -0.0286 -0.1429
vn 0.0335 -0.2313 0.9723
vn 0.0422 -0.2025 0.9784
vn -0.8726 -0.2054 0.4432
vn 0.0334 -0.2312 0.9723
vn 0.0421 -0.2025 0.9784
vn -0.8727 -0.2054 0.4430
vn -0.9777 -0.1780 -0.1119
vn -0.7872 -0.1519 0.5977
vn -0.7871 -0.1519 0.5978
vn 0.0335 -0.2312 0.9723
vn -0.8841 -0.1857 -0.4289
vn -0.9777 -0.1779 -0.1119
vn 0.0334 -0.2313 0.9723
vn 0.0284 -0.1564 0.9873
vn 0.0332 -0.2312 0.9723
vn 0.0282 -0.1564 0.9873
vn -0.8841 -0.1856 -0.4289
vn -0.8782 0.0514 0.4756
vn -0.8781 0.0514 0.4758
vn -0.8842 -0.1856 -0.4288
vn -0.8880 0.0253 -0.4592
vn 0.9078 -0.1905 0.3737
vn 0.8891 -0.2151 0.4041
vn 0.8890 -0.2150 0.4042
vn 0.8305 -0.1246 -0.5429
vn 0.0283 -0.1563 0.9873
vn -0.0171 0.1016 0.9947
vn -0.0170 0.1017 0.9947
vn 0.8891 -0.2150 0.4041
vn -0.8781 0.0514 0.4757
vn -0.9237 0.2032 0.3247
vn -0.8813 0.1115 -0.4593
vn 0.0256 0.3281 0.9443
vn -0.9238 0.2033 0.3245
vn -0.8781 0.0513 0.4756
vn 0.0255 0.3281 0.9443
vn 0.9364 0.1596 0.3126
vn 0.9364 0.1597 0.3126
vn -0.0170 0.1016 0.9947
vn 0.9065 0.3685 0.2063
vn 0.9363 0.1597 0.3127
vn 0.8245 -0.2183 -0.5220
vn 0.8890 -0.2151 0.4043
vn 0.8245 -0.2184 -0.5220
vn 0.8306 -0.1245 -0.5428
vn 0.8890 -0.2150 0.4044
vn 0.9064 0.3685 0.2066
vn 0.8357 0.0796 -0.5435
vn 0.9363 0.1597 0.3128
vn 0.8357 0.0795 -0.5435
vn 0.8245 -0.2183 -0.5221
vn 0.9363 0.1596 0.3128
vn 0.7695 0.2345 -0.5941
vn 0.8356 0.0797 -0.5435
vn 0.9064 0.3685 0.2065
vn 0.8244 -0.2184 -0.5222
vn 0.0605 -0.2964 -0.9531
vn 0.8305 -0.1246 -0.5430
vn 0.8355 0.0795 -0.5436
vn 0.8244 -0.2183 -0.5223
vn 0.7693 0.2345 -0.5942
vn 0.0226 0.1100 -0.9937
vn 0.8355 0.0797 -0.5436
vn 0.0227 0.1101 -0.9937
vn 0.0603 -0.2964 -0.9532
vn -0.0347 0.3073 -0.9510
vn -0.0345 0.3072 -0.9510
vn -0.8809 0.1121 -0.4599
vn 0.0229 0.1100 -0.9937
vn 0.0229 0.1101 -0.9937
vn -0.8809 0.1120 -0.4598
vn -0.8875 0.0251 -0.4601
vn 0.0606 -0.2965 -0.9531
vn -0.8840 -0.1856 -0.4291
vn 0.0606 -0.2964 -0.9531
vn 0.0605 -0.2964 -0.9532
vn 0.0884 -0.1164 -0.9893
vn 0.0885 -0.1164 -0.9893
vn 0.1135 0.2026 -0.9727
vn -0.8841 -0.1855 -0.4289
vn -0.7272 -0.1378 -0.6725
vn -0.7272 -0.1377 -0.6725
vn -0.9778 -0.1755 -0.1143
vn -0.6851 0.0918 -0.7227
vn -0.9779 -0.1753 -0.1142
vn -0.6850 0.0918 -0.7227
vn -0.6142 0.1555 -0.7736
vn -0.9778 -0.1754 -0.1143
vn -0.9886 -0.0238 -0.1487
vn -0.6852 0.0918 -0.7226
vn -0.6144 0.1556 -0.7735
vn -0.9888 0.0269 -0.1465
vn -0.6143 0.1556 -0.7735
vn -0.9449 0.1453 -0.2933
vn -0.5996 -0.0034 -0.8003
vn -0.9480 0.1272 -0.2918
vn -0.3897 -0.0442 -0.9199
vn -0.3899 -0.0442 -0.9198
vn 0.4331 0.1213 -0.8931
vn -0.5997 -0.0034 -0.8002
vn 0.4420 0.1671 -0.8813
vn 0.4330 0.1213 -0.8932
vn -0.3900 -0.0442 -0.9198
vn 0.4333 0.1213 -0.8931
vn 0.4422 0.1671 -0.8812
vn 0.5865 0.0749 -0.8065
vn 0.5864 0.0750 -0.8066
vn 0.4422 0.1672 -0.8812
vn 0.6123 0.1156 -0.7821
vn 0.6122 0.1154 -0.7823
vn 0.6484 0.3508 -0.6757
vn 0.5863 0.0747 -0.8067
vn 0.5863 0.0747 -0.8066
vn 0.6450 0.3435 -0.6826
vn 0.6483 0.3508 -0.6757
vn 0.7595 0.6503 -0.0179
vn 0.6451 0.3435 -0.6826
vn 0.7280 0.6727 0.1324
vn 0.7596 0.6501 -0.0179
vn 0.7279 0.6728 0.1326
vn 0.3929 0.7318 0.5569
vn 0.7595 0.6502 -0.0177
vn 0.7595 0.6503 -0.0177
vn 0.3928 0.7318 0.5569
vn 0.3617 0.7393 0.5679
vn 0.3926 0.7318 0.5570
vn -0.2084 0.5421 0.8140
vn 0.3615 0.7394 0.5680
vn -0.1499 0.5563 0.8174
vn -0.1501 0.5561 0.8175
vn -0.2086 0.5419 0.8141
vn -0.8048 0.5064 0.3097
vn -0.8047 0.5064 0.3099
vn -0.2084 0.5421 0.8141
vn -0.7760 0.5118 0.3687
vn -0.9530 0.3013 -0.0324
vn -0.8048 0.5063 0.3097
vn -0.7761 0.5117 0.3686
vn -0.9137 0.4030 0.0527
vn -0.9530 0.3011 -0.0326
vn -0.9461 0.1883 -0.2635
vn -0.9138 0.4028 0.0525
vn -0.9501 0.1852 -0.2511
vn -0.9461 0.1884 -0.2635
vn -0.9530 0.3012 -0.0326
vn 0.2597 -0.0630 0.9636
vn 0.2534 -0.0587 0.9656
vn 0.2546 -0.0600 0.9652
vn 0.2478 -0.0556 0.9672
vn 0.1476 -0.9696 0.1951
vn 0.1513 -0.9733 0.1727
vn 0.1567 -0.9774 0.1421
vn 0.1605 -0.9795 0.1219
vn -0.1008 0.9927 -0.0666
vn -0.0853 0.9862 -0.1421
vn -0.0994 0.9901 -0.0989
vn -0.0852 0.9862 -0.1422
vn -0.0861 0.9814 -0.1717
vn -0.9561 -0.1381 0.2586
vn -0.9520 -0.1340 0.2751
vn -0.9313 -0.1159 0.3452
vn -0.9313 -0.1159 0.3453
vn -0.9520 -0.1340 0.2752
vn -0.9250 -0.1111 0.3634
vn 0.8814 0.2381 -0.4080
vn 0.8442 0.2115 -0.4926
vn 0.8755 0.2316 -0.4241
vn 0.8350 0.2035 -0.5112
vn 0.9391 0.1227 -0.3211
vn 0.9464 0.1076 -0.3045
vn 0.9551 0.0875 -0.2830
vn 0.9607 0.0737 -0.2675
vn -0.1751 -0.9762 -0.1278
vn -0.0903 -0.9887 -0.1198
vn 0.0730 -0.9916 -0.1065
vn 0.0732 -0.9916 -0.1065
vn -0.0901 -0.9887 -0.1198
vn 0.1546 -0.9827 -0.1018
vn 0.1509 0.9585 0.2419
vn 0.0939 0.9694 0.2270
vn 0.1176 0.9651 0.2339
vn 0.1176 0.9651 0.2340
vn 0.0591 0.9747 0.2156
vn 0.1974 -0.2991 0.9336
vn 0.1008 -0.2852 0.9532
vn 0.1816 -0.2969 0.9375
vn 0.1815 -0.2968 0.9375
vn 0.1007 -0.2852 0.9532
vn 0.0747 -0.2813 0.9567
vn -0.1451 0.2652 -0.9532
vn -0.1636 0.2705 -0.9487
vn -0.2408 0.2886 -0.9267
vn -0.2408 0.2885 -0.9267
vn -0.2622 0.3030 -0.9162
vn 0.9953 -0.0698 0.0678
vn 0.9229 -0.1057 0.3702
vn 0.9953 -0.0680 0.0688
vn 0.8994 -0.0286 0.4361
vn 0.9229 -0.1058 0.3702
vn 0.9953 -0.0699 0.0677
vn 0.4797 0.0406 0.8765
vn 0.9228 -0.1058 0.3705
vn 0.8993 -0.0287 0.4364
vn 0.8993 -0.0285 0.4363
vn 0.2255 0.1518 0.9623
vn 0.3283 -0.1000 0.9393
vn 0.4798 0.0406 0.8765
vn -0.1459 0.1156 0.9825
vn 0.4797 0.0405 0.8765
vn -0.3279 -0.0076 0.9447
vn 0.3282 -0.1000 0.9393
vn -0.3280 -0.0075 0.9447
vn 0.3282 -0.1001 0.9393
vn -0.2672 -0.0821 0.9601
vn -0.3282 -0.0076 0.9446
vn -0.1460 0.1156 0.9825
vn -0.7027 -0.0494 0.7097
vn -0.2675 -0.0821 0.9601
vn -0.8035 -0.0935 0.5879
vn -0.3282 -0.0077 0.9446
vn -0.7027 -0.0496 0.7097
vn -0.7028 -0.0495 0.7096
vn -0.9330 -0.0364 0.3581
vn -0.8037 -0.0935 0.5877
vn -0.9394 -0.0562 0.3381
vn 0.3003 0.4608 -0.8352
vn 0.5558 0.5241 -0.6453
vn 0.3679 0.5259 -0.7668
vn 0.3680 0.5261 -0.7667
vn 0.5559 0.5242 -0.6451
vn 0.5138 0.6164 -0.5967
vn 0.5559 0.5241 -0.6453
vn 0.3104 0.6131 -0.7265
vn 0.5138 0.6162 -0.5969
vn 0.5137 0.6163 -0.5969
vn 0.3102 0.6132 -0.7265
vn 0.2467 0.6289 -0.7373
vn 0.3103 0.6132 -0.7265
vn 0.3485 0.6122 -0.7098
vn 0.3486 0.6121 -0.7098
vn 0.4117 0.5659 -0.7143
vn 0.4409 0.5713 -0.6923
vn 0.4118 0.5659 -0.7143
vn 0.4409 0.5712 -0.6923
vn 0.4400 0.5694 -0.6944
vn -0.5489 -0.3399 0.7637
vn -0.5952 -0.3276 0.7338
vn -0.6005 -0.3212 0.7323
vn -0.5464 -0.3418 0.7646
vn -0.5951 -0.3276 0.7338
vn -0.5249 -0.3144 0.7910
vn -0.5488 -0.3399 0.7637
vn -0.5249 -0.3142 0.7910
vn -0.5464 -0.3418 0.7647
vn -0.4278 0.7734 0.4678
vn -0.4831 0.8158 0.3179
vn -0.4772 0.8173 0.3230
vn -0.4348 0.7681 0.4701
vn -0.4831 0.8158 0.3178
vn -0.3519 0.6952 0.6268
vn -0.4349 0.7680 0.4702
vn -0.4278 0.7733 0.4679
vn -0.3482 0.7034 0.6196
vn -0.4348 0.7680 0.4702
vn -0.3516 0.6952 0.6269
vn -0.6188 0.7419 0.2583
vn -0.7481 0.6448 0.1569
vn -0.6215 0.7411 0.2539
vn -0.7502 0.6439 0.1502
vn -0.7481 0.6447 0.1569
vn -0.8451 0.5332 0.0389
vn -0.7503 0.6438 0.1501
vn -0.8452 0.5331 0.0387
vn -0.8473 0.5298 0.0363
vn 0.4165 0.7475 -0.5175
vn 0.7763 0.1735 -0.6060
vn 0.9089 -0.1499 -0.3892
vn 0.0954 0.9166 -0.3883
vn 0.7764 0.1735 -0.6059
vn 0.4166 0.7474 -0.5176
vn 0.0954 0.9166 -0.3882
vn 0.8736 -0.1256 -0.4702
vn 0.4166 0.7474 -0.5175
vn -0.6930 0.7160 -0.0845
vn 0.0953 0.9166 -0.3882
vn -0.4494 0.8807 -0.1498
vn -0.6931 0.7159 -0.0845
vn 0.4164 0.7475 -0.5175
vn 0.0954 0.9167 -0.3881
vn 0.3812 0.8473 -0.3699
vn 0.3811 0.8473 -0.3699
vn 0.9681 -0.1079 -0.2259
vn -0.0611 0.9843 0.1656
vn 0.3812 0.8472 -0.3700
vn -0.4493 0.8808 -0.1498
vn -0.9982 0.0378 -0.0475
vn -0.9871 0.1600 0.0032
vn -0.9982 0.0378 -0.0474
vn -0.9872 0.1597 0.0032
vn -0.7763 -0.6164 -0.1320
vn -0.9982 0.0376 -0.0474
vn -0.7081 -0.6734 -0.2125
vn -0.7764 -0.6162 -0.1320
vn -0.9871 0.1599 0.0032
vn -0.7081 -0.6734 -0.2124
vn 0.3702 -0.9185 -0.1391
vn -0.7765 -0.6162 -0.1319
vn -0.7082 -0.6733 -0.2123
vn 0.4389 -0.8226 -0.3615
vn 0.3702 -0.9185 -0.1392
vn 0.3701 -0.9185 -0.1392
vn 0.4390 -0.8225 -0.3615
vn 0.8276 -0.5440 -0.1383
vn 0.8643 -0.1479 -0.4807
vn 0.4390 -0.8226 -0.3615
vn 0.6952 0.2178 -0.6850
vn 0.8277 -0.5439 -0.1383
vn 0.8643 -0.1480 -0.4806
vn 0.8276 -0.5440 -0.1382
vn 0.8735 -0.1256 -0.4703
vn 0.6395 0.7387 0.2130
vn 0.9682 -0.1078 -0.2259
vn 0.3810 0.8473 -0.3699
vn 0.3813 0.8472 -0.3700
vn -0.1417 0.6758 0.7234
vn 0.6397 0.7386 0.2129
vn -0.0611 0.9843 0.1657
vn -0.1418 0.6758 0.7234
vn 0.7005 0.1335 0.7010
vn 0.9682 -0.1078 -0.2260
vn 0.6395 0.7388 0.2129
vn -0.1419 0.6759 0.7232
vn 0.7005 0.1336 0.7011
vn 0.6396 0.7387 0.2128
vn 0.8912 -0.3760 -0.2539
vn 0.9682 -0.1077 -0.2258
vn 0.7004 0.1336 0.7011
vn 0.3849 0.4920 0.7809
vn 0.7006 0.1335 0.7009
vn -0.1418 0.6759 0.7232
vn -0.1416 0.6760 0.7232
vn -0.0612 0.9843 0.1658
vn 0.3849 0.4920 0.7808
vn 0.3499 -0.4534 0.8198
vn 0.8911 -0.3761 -0.2539
vn 0.3850 0.4920 0.7809
vn 0.3501 -0.4534 0.8197
vn 0.8911 -0.3760 -0.2539
vn 0.5365 -0.8437 -0.0176
vn 0.6288 -0.2870 0.7226
vn 0.5366 -0.8437 -0.0174
vn 0.3501 -0.4532 0.8198
vn 0.6290 -0.2869 0.7226
vn 0.3501 -0.4534 0.8196
vn 0.3851 0.4920 0.7808
vn 0.8395 -0.5432 0.0123
vn 0.5366 -0.8436 -0.0176
vn 0.6288 -0.2868 0.7227
vn 0.4757 0.5523 0.6845
vn 0.6289 -0.2868 0.7226
vn 0.3849 0.4921 0.7808
vn 0.3477 -0.2026 0.9154
vn 0.6289 -0.2869 0.7226
vn 0.4757 0.5523 0.6846
vn -0.1092 0.8026 0.5864
vn -0.0611 0.9843 0.1658
vn 0.3851 0.4919 0.7809
vn 0.4759 0.5521 0.6846
vn -0.6714 0.6624 0.3323
vn -0.1091 0.8026 0.5864
vn -0.6713 0.6624 0.3324
vn -0.0612 0.9843 0.1656
vn -0.1090 0.8027 0.5864
vn -0.4970 -0.0113 0.8677
vn 0.4760 0.5522 0.6845
vn -0.4971 -0.0113 0.8676
vn -0.1090 0.8027 0.5863
vn -0.6713 0.6625 0.3323
vn 0.4759 0.5523 0.6845
vn 0.3479 -0.2027 0.9153
vn -0.6712 0.6626 0.3323
vn -0.6929 0.7160 -0.0845
vn -0.9131 0.0032 0.4078
vn -0.9130 0.0031 0.4080
vn -0.6713 0.6626 0.3322
vn -0.6929 0.7161 -0.0845
vn -0.9982 0.0378 -0.0473
vn -0.5332 -0.3048 0.7892
vn 0.3480 -0.2025 0.9154
vn -0.4970 -0.0113 0.8676
vn -0.5334 -0.3047 0.7891
vn -0.4971 -0.0114 0.8676
vn -0.9130 0.0031 0.4079
vn -0.9131 0.0031 0.4078
vn -0.9982 0.0377 -0.0473
vn -0.8129 -0.5249 0.2522
vn -0.9982 0.0376 -0.0473
vn -0.7764 -0.6163 -0.1320
vn -0.5098 -0.5372 0.6720
vn -0.5333 -0.3046 0.7891
vn -0.5098 -0.5372 0.6719
vn -0.9130 0.0030 0.4081
vn -0.7763 -0.6164 -0.1319
vn -0.3318 -0.9417 0.0556
vn -0.8129 -0.5250 0.2522
vn -0.3318 -0.9417 0.0558
vn -0.3317 -0.9418 0.0556
vn 0.4115 -0.3867 0.8253
vn 0.3480 -0.2026 0.9154
vn -0.5099 -0.5371 0.6720
vn 0.4116 -0.3868 0.8252
vn -0.5331 -0.3047 0.7893
vn 0.8396 -0.5431 0.0125
vn 0.4113 -0.3867 0.8254
vn 0.6289 -0.2870 0.7226
vn 0.3478 -0.2026 0.9154
vn 0.8396 -0.5431 0.0126
vn 0.3146 -0.7187 0.6201
vn 0.4115 -0.3869 0.8252
vn 0.3143 -0.7188 0.6201
vn 0.4113 -0.3868 0.8253
vn -0.3317 -0.9417 0.0558
vn 0.8396 -0.5430 0.0125
vn 0.3144 -0.7187 0.6201
vn 0.8110 -0.2546 -0.5268
vn 0.8109 -0.2546 -0.5269
vn 0.3144 -0.7188 0.6201
vn 0.4332 -0.7388 -0.5162
vn 0.4724 -0.7505 -0.4622
vn -0.3319 -0.9417 0.0557
vn 0.3702 -0.9185 -0.1390
vn 0.8276 -0.5440 -0.1381
vn -0.3316 -0.9418 0.0557
vn -0.3527 -0.8769 -0.3264
vn -0.3528 -0.8769 -0.3264
vn 0.4332 -0.7389 -0.5162
vn 0.3145 -0.7186 0.6202
vn 0.4724 -0.7505 -0.4621
vn -0.3529 -0.8769 -0.3265
vn -0.3316 -0.9418 0.0558
vn 0.4725 -0.7505 -0.4621
vn 0.4333 -0.7388 -0.5162
vn -0.3528 -0.8769 -0.3265
vn 0.4331 -0.7389 -0.5162
vn 0.8110 -0.2547 -0.5267
vn 0.7412 -0.5177 -0.4274
vn 0.8277 -0.5439 -0.1382
vn 0.4724 -0.7506 -0.4620
vn 0.7414 -0.5176 -0.4271
vn 0.6450 -0.6714 -0.3651
vn 0.7412 -0.5176 -0.4274
vn 0.6451 -0.6714 -0.3649
vn 0.8110 -0.2546 -0.5267
vn 0.7413 -0.5177 -0.4272
vn 0.6450 -0.6714 -0.3650
vn 0.8276 -0.5441 -0.1381
vn 0.8736 -0.1254 -0.4702
vn 0.8109 -0.2545 -0.5269
vn 0.6450 -0.6715 -0.3649
vn 0.5846 -0.5807 -0.5666
vn 0.8736 -0.1255 -0.4702
vn 0.5846 -0.5807 -0.5665
vn 0.6449 -0.6715 -0.3650
vn 0.5845 -0.5808 -0.5666
vn 0.8736 -0.1253 -0.4703
vn 0.9682 -0.1076 -0.2260
vn 0.5846 -0.5806 -0.5667
vn 0.8912 -0.3760 -0.2538
vn 0.5365 -0.8437 -0.0174
vn 0.5846 -0.5807 -0.5667
vn 0.8130 -0.5674 -0.1311
vn 0.4145 0.7177 -0.5595
vn 0.7842 -0.2673 -0.5600
vn 0.9611 0.2230 -0.1631
vn 0.4145 0.7177 -0.5596
vn 0.8131 -0.5672 -0.1311
vn 0.9610 0.2231 -0.1632
vn -0.5216 0.8242 -0.2208
vn 0.1101 0.9921 0.0607
vn -0.5215 0.8242 -0.2209
vn 0.9611 0.2231 -0.1631
vn 0.1102 0.9921 0.0607
vn -0.9763 0.2156 0.0194
vn -0.5215 0.8242 -0.2208
vn -0.7373 0.6173 0.2744
vn -0.9763 0.2154 0.0194
vn 0.1104 0.9920 0.0607
vn -0.7373 0.6172 0.2745
vn -0.6200 -0.7643 -0.1775
vn -0.9763 0.2155 0.0194
vn -0.8829 -0.2068 0.4215
vn -0.6201 -0.7642 -0.1776
vn -0.7374 0.6172 0.2745
vn -0.8830 -0.2066 0.4215
vn 0.3793 -0.8407 -0.3864
vn -0.6202 -0.7641 -0.1775
vn -0.1518 -0.9779 0.1435
vn 0.3793 -0.8408 -0.3863
vn -0.8830 -0.2066 0.4214
vn -0.1516 -0.9780 0.1433
vn 0.6978 -0.3925 -0.5991
vn 0.3795 -0.8406 -0.3865
vn 0.6224 -0.7715 -0.1320
vn 0.6979 -0.3923 -0.5992
vn -0.1517 -0.9780 0.1434
vn -0.2157 -0.9118 0.3495
vn -0.2530 0.1231 0.9596
vn -0.2784 0.1945 0.9406
vn -0.1497 -0.9570 0.2485
vn -0.2529 0.1232 0.9596
vn 0.1577 -0.6187 -0.7696
vn -0.1496 -0.9569 0.2488
vn -0.2157 -0.9117 0.3498
vn 0.1920 -0.5620 -0.8046
vn 0.2903 0.1318 -0.9478
vn 0.1920 -0.5619 -0.8046
vn 0.1578 -0.6187 -0.7696
vn 0.2903 0.1317 -0.9478
vn 0.2903 0.1320 -0.9478
vn 0.2903 0.1321 -0.9478
vn 0.2275 0.7969 -0.5596
vn 0.2276 0.7969 -0.5596
vn 0.2275 0.7976 -0.5587
vn 0.2274 0.7976 -0.5587
vn -0.0348 0.9344 0.3544
vn -0.0389 0.9282 0.3701
vn -0.2732 0.1597 0.9486
vn -0.0348 0.9344 0.3545
vn -0.2747 0.1518 0.9495
vn -0.1707 0.2716 0.9472
vn 0.7201 -0.2134 0.6602
vn 0.9136 -0.2505 0.3202
vn 0.7201 -0.2133 0.6602
vn -0.1707 0.2715 0.9472
vn -0.3976 0.0956 0.9126
vn -0.6678 0.5018 -0.5497
vn -0.3974 0.0955 0.9127
vn -0.1705 0.2714 0.9472
vn -0.3976 0.0957 0.9126
vn 0.6744 -0.0181 0.7381
vn -0.3973 0.0955 0.9127
vn -0.6678 0.5019 -0.5497
vn -0.8928 0.3826 -0.2379
vn 0.4349 -0.0153 -0.9003
vn -0.8927 0.3827 -0.2378
vn -0.6679 0.5019 -0.5496
vn -0.8928 0.3826 -0.2376
vn 0.4348 -0.0154 -0.9004
vn -0.1065 0.2831 -0.9532
vn 0.6745 -0.0181 0.7381
vn -0.3975 0.0956 0.9126
vn -0.3095 -0.3519 0.8834
vn 0.4191 0.8894 0.1824
vn 0.6744 -0.0180 0.7381
vn -0.1065 0.2829 -0.9532
vn -0.7324 -0.0388 -0.6797
vn -0.8928 0.3827 -0.2376
vn -0.7324 -0.0387 -0.6798
vn -0.1065 0.2830 -0.9532
vn -0.0086 0.3935 -0.9193
vn -0.3917 0.2604 -0.8825
vn -0.8927 0.3827 -0.2379
vn -0.9782 -0.1419 0.1515
vn -0.3973 0.0956 0.9127
vn -0.9782 -0.1420 0.1514
vn -0.3094 -0.3519 0.8834
vn -0.7325 -0.0388 -0.6796
vn -0.8928 0.3827 -0.2377
vn -0.7861 -0.4570 -0.4160
vn -0.7324 -0.0389 -0.6798
vn -0.3917 0.2605 -0.8825
vn -0.3355 -0.0634 -0.9399
vn -0.7861 -0.4571 -0.4160
vn -0.3916 0.2605 -0.8825
vn -0.9135 -0.4060 0.0272
vn -0.9135 -0.4059 0.0272
vn -0.3093 -0.3518 0.8835
vn -0.7325 -0.0389 -0.6796
vn -0.7862 -0.4569 -0.4160
vn -0.9171 -0.3984 -0.0094
vn 0.4191 0.8894 0.1823
vn -0.3095 -0.3520 0.8834
vn -0.9171 -0.3985 -0.0095
vn -0.9171 -0.3985 -0.0094
vn -0.7861 -0.4570 -0.4161
vn -0.7861 -0.4570 -0.4162
vn -0.3354 -0.0633 -0.9399
vn -0.4456 -0.7416 -0.5015
vn -0.0364 -0.2872 -0.9572
vn -0.4455 -0.7417 -0.5014
vn -0.8391 -0.0950 -0.5356
vn 0.4191 0.8895 0.1822
vn -0.8391 -0.0951 -0.5355
vn -0.1470 0.3498 -0.9252
vn -0.8736 0.3069 -0.3777
vn -0.1471 0.3498 -0.9252
vn -0.8737 0.3069 -0.3776
vn 0.0830 0.2035 -0.9756
vn -0.8737 0.3068 -0.3776
vn 0.4729 0.5283 -0.7051
vn -0.7935 -0.6085 -0.0099
vn -0.9172 -0.3984 -0.0095
vn -0.7862 -0.4570 -0.4160
vn -0.4456 -0.7417 -0.5014
vn -0.7935 -0.6085 -0.0100
vn -0.7861 -0.4572 -0.4160
vn -0.4454 -0.7417 -0.5014
vn -0.0363 -0.2870 -0.9572
vn -0.1269 -0.9747 -0.1839
vn -0.0226 -0.9273 0.3737
vn 0.2279 -0.0839 0.9701
vn -0.1270 -0.9747 -0.1839
vn -0.0227 -0.9274 0.3735
vn -0.8985 -0.4178 0.1348
vn -0.8392 -0.0952 -0.5355
vn -0.7935 -0.6084 -0.0099
vn -0.8460 -0.4892 0.2121
vn -0.8985 -0.4177 0.1348
vn -0.6107 -0.7406 0.2803
vn -0.8461 -0.4891 0.2122
vn -0.4456 -0.7416 -0.5014
vn -0.3666 -0.9195 -0.1420
vn -0.1270 -0.9747 -0.1837
vn -0.3664 -0.9195 -0.1421
vn -0.6107 -0.7407 0.2801
vn -0.7934 -0.6086 -0.0099
vn 0.2279 -0.0837 0.9701
vn 0.3269 -0.8868 0.3266
vn -0.1267 -0.9748 -0.1837
vn -0.1269 -0.9748 -0.1836
vn 0.3270 -0.8868 0.3267
vn -0.3664 -0.9196 -0.1420
vn 0.0268 0.7556 0.6545
vn 0.2280 -0.0838 0.9700
vn -0.9765 -0.0803 0.2002
vn -0.8392 -0.0951 -0.5354
vn -0.8392 -0.0950 -0.5354
vn -0.9764 -0.0803 0.2003
vn -0.8736 0.3068 -0.3777
vn -0.3897 -0.3392 0.8562
vn -0.8460 -0.4892 0.2122
vn -0.6107 -0.7406 0.2801
vn -0.3666 -0.9195 -0.1421
vn -0.1145 -0.9663 0.2304
vn 0.3270 -0.8867 0.3268
vn -0.1145 -0.9663 0.2303
vn -0.3664 -0.9196 -0.1422
vn 0.0267 0.7557 0.6544
vn 0.7713 -0.4113 0.4857
vn 0.3268 -0.8869 0.3266
vn -0.6006 0.7378 -0.3081
vn 0.7714 -0.4113 0.4855
vn 0.0269 0.7555 0.6546
vn 0.3269 -0.8867 0.3268
vn 0.2223 -0.8004 0.5567
vn 0.2222 -0.8004 0.5568
vn 0.3269 -0.8868 0.3267
vn 0.7713 -0.4114 0.4856
vn 0.1264 0.9881 0.0871
vn -0.7396 -0.2828 -0.6108
vn 0.9862 0.1634 0.0245
vn 0.7715 -0.4113 0.4854
vn 0.1264 0.9882 0.0870
vn 0.7715 -0.4114 0.4854
vn 0.9862 0.1636 0.0244
vn 0.4398 -0.6938 0.5703
vn 0.4399 -0.6938 0.5702
vn 0.2222 -0.8005 0.5566
vn 0.7714 -0.4112 0.4856
vn 0.9658 0.1204 0.2296
vn 0.9862 0.1635 0.0244
vn 0.9658 0.1204 0.2295
vn 0.3902 -0.6095 0.6901
vn 0.8574 0.1313 0.4976
vn 0.9658 0.1205 0.2296
vn -0.1977 -0.7740 0.6015
vn -0.6106 -0.7407 0.2803
vn -0.1146 -0.9663 0.2304
vn -0.1975 -0.7740 0.6016
vn 0.2221 -0.8004 0.5568
vn -0.2094 -0.4243 0.8810
vn 0.4400 -0.6938 0.5702
vn 0.2222 -0.8003 0.5569
vn 0.2587 -0.4766 0.8402
vn -0.2094 -0.4242 0.8810
vn 0.3903 -0.6094 0.6901
vn 0.8575 0.1315 0.4975
vn 0.1087 -0.5347 0.8380
vn -0.7609 -0.4590 0.4587
vn -0.2093 -0.4243 0.8810
vn -0.7609 -0.4589 0.4587
vn 0.1088 -0.5347 0.8380
vn 0.8574 0.1314 0.4975
vn -0.3902 0.1169 0.9133
vn -0.3902 0.1168 0.9133
vn 0.3029 0.7818 0.5450
vn -0.1991 0.9454 -0.2582
vn 0.3030 0.7818 0.5450
vn -0.1990 0.9454 -0.2582
vn -0.9865 0.1004 0.1292
vn -0.9865 0.1007 0.1291
vn 0.1089 -0.5347 0.8380
vn -0.3902 0.1170 0.9133
vn 0.1088 -0.5348 0.8380
vn -0.9865 0.1005 0.1293
vn -0.7608 -0.4590 0.4588
vn -0.7647 0.1902 -0.6157
vn -0.7608 -0.4590 0.4589
vn -0.9865 0.1006 0.1293
vn -0.7607 -0.4590 0.4589
vn -0.7750 0.3330 -0.5371
vn -0.5024 0.8594 -0.0950
vn -0.7607 -0.4591 0.4588
vn -0.7749 0.3330 -0.5372
vn -0.5025 0.8594 -0.0949
vn -0.2092 -0.4241 0.8811
vn -0.5024 0.8594 -0.0951
vn 0.3794 0.6070 0.6983
vn 0.2588 -0.4766 0.8402
vn 0.3794 0.6071 0.6982
vn 0.8510 0.4033 0.3363
vn 0.2587 -0.4765 0.8403
vn 0.3793 0.6071 0.6983
vn 0.2586 -0.4765 0.8403
vn 0.8510 0.4033 0.3364
vn 0.4392 -0.2710 0.8565
vn 0.1703 -0.1017 0.9801
vn 0.8510 0.4032 0.3365
vn 0.9429 0.3130 0.1142
vn -0.3386 -0.6791 0.6513
vn 0.4393 -0.2711 0.8565
vn 0.1368 -0.0572 0.9889
vn 0.1371 -0.0571 0.9889
vn -0.9631 -0.1789 0.2011
vn 0.1706 -0.1016 0.9801
vn 0.8754 0.4755 -0.0868
vn -0.9631 -0.1790 0.2010
vn -0.9631 -0.1530 0.2212
vn -0.3271 0.3457 -0.8795
vn -0.9630 -0.1789 0.2014
vn -0.9631 -0.1530 0.2215
vn -0.9630 -0.1790 0.2013
vn -0.5917 0.1488 -0.7923
vn -0.5946 0.2785 -0.7542
vn 0.1703 -0.1018 0.9801
vn -0.4704 -0.3962 0.7885
vn -0.4705 -0.3961 0.7885
vn 0.4392 -0.2711 0.8565
vn -0.9631 -0.1790 0.2012
vn -0.5947 0.2784 -0.7542
vn -0.9125 -0.3946 -0.1074
vn -0.9126 -0.3946 -0.1075
vn -0.9126 -0.3945 -0.1075
vn -0.9126 -0.3946 -0.1073
vn -0.0206 0.9974 -0.0686
vn -0.3384 -0.6791 0.6514
vn -0.5544 -0.6716 0.4916
vn -0.5544 -0.6716 0.4915
vn -0.3386 -0.6790 0.6514
vn -0.5543 -0.6716 0.4916
vn -0.0208 0.9974 -0.0688
vn -0.1976 -0.7739 0.6017
vn -0.5544 -0.6715 0.4917
vn -0.5543 -0.6716 0.4917
vn -0.0207 0.9974 -0.0687
vn -0.0771 -0.4715 0.8785
vn -0.0208 0.9974 -0.0687
vn 0.6029 0.0414 0.7968
vn -0.7047 -0.6392 0.3080
vn -0.6108 -0.7406 0.2801
vn -0.7046 -0.6392 0.3081
vn -0.7046 -0.6392 0.3082
vn -0.6107 -0.7406 0.2804
vn 0.6029 0.0415 0.7967
vn -0.2921 -0.0628 0.9543
vn -0.0771 -0.4714 0.8785
vn -0.2922 -0.0629 0.9543
vn 0.6028 0.0414 0.7968
vn 0.8262 0.0178 0.5630
vn 0.8052 0.5215 0.2823
vn 0.8262 0.0178 0.5631
vn -0.7047 -0.6392 0.3081
vn -0.0772 -0.4715 0.8785
vn -0.8539 -0.2946 0.4290
vn -0.2921 -0.0629 0.9543
vn -0.8540 -0.2947 0.4288
vn -0.0772 -0.4714 0.8785
vn -0.9777 0.1165 -0.1749
vn -0.8540 -0.2945 0.4289
vn -0.2919 -0.0628 0.9544
vn -0.8540 -0.2946 0.4289
vn -0.8727 -0.2461 -0.4216
vn -0.8727 -0.2461 -0.4217
vn -0.8728 -0.2460 -0.4216
vn -0.8539 -0.2947 0.4290
vn -0.9777 0.1163 -0.1748
vn 0.8051 0.5216 0.2824
vn -0.0976 0.5655 0.8190
vn -0.0975 0.5655 0.8190
vn -0.9777 0.1164 -0.1750
vn -0.2919 -0.0629 0.9544
vn 0.8052 0.5213 0.2825
vn -0.6732 0.7294 -0.1217
vn -0.0974 0.5655 0.8190
vn -0.9777 0.1164 -0.1749
vn -0.0975 0.5656 0.8189
vn -0.6733 0.7293 -0.1217
vn -0.6732 0.7294 -0.1218
vn 0.8052 0.5213 0.2826
vn 0.1730 0.6927 -0.7002
vn 0.1730 0.6929 -0.7000
vn -0.9777 0.1164 -0.1747
vn -0.6732 0.7294 -0.1216
vn 0.1731 0.6927 -0.7001
vn -0.1895 0.2496 -0.9496
vn -0.3076 0.3906 -0.8676
vn -0.1894 0.2496 -0.9496
vn -0.9777 0.1165 -0.1747
vn -0.8461 -0.4891 0.2120
vn -0.8460 -0.4892 0.2120
vn -0.3077 0.3906 -0.8676
vn 0.2660 0.9506 0.1597
vn 0.4960 -0.0316 0.8677
vn -0.8460 -0.4891 0.2121
vn 0.2660 0.9507 0.1596
vn 0.4961 -0.0315 0.8677
vn -0.3898 -0.3392 0.8562
vn -0.8461 -0.4891 0.2121
vn 0.6367 -0.0992 0.7647
vn 0.4960 -0.0315 0.8677
vn -0.3899 -0.3392 0.8561
vn 0.6366 -0.0992 0.7648
vn -0.4885 0.1030 0.8665
vn -0.4885 0.1029 0.8665
vn -0.3898 -0.3392 0.8561
vn 0.9006 0.3329 0.2796
vn -0.4885 0.1030 0.8664
vn -0.8735 0.3069 -0.3778
vn -0.9764 -0.0802 0.2003
vn -0.4883 0.1029 0.8666
vn -0.4884 0.1028 0.8666
vn 0.9006 0.3329 0.2795
vn 0.0319 0.6676 0.7438
vn 0.0318 0.6677 0.7438
vn 0.9006 0.3327 0.2796
vn -0.4562 0.8504 -0.2620
vn -0.8735 0.3069 -0.3779
vn 0.0318 0.6676 0.7438
vn -0.4562 0.8504 -0.2619
vn 0.4729 0.5283 -0.7052
vn 0.4730 0.5284 -0.7050
vn -0.8736 0.3069 -0.3776
vn -0.1990 0.9454 -0.2580
vn -0.7647 0.1903 -0.6157
vn -0.7646 0.1903 -0.6157
vn 0.2100 0.6763 -0.7061
vn -0.1993 0.9454 -0.2581
vn 0.3029 0.7818 0.5451
vn 0.2098 0.6763 -0.7062
vn 0.2100 0.6763 -0.7060
vn -0.7646 0.1902 -0.6158
vn 0.8574 0.1313 0.4977
vn 0.2097 0.6763 -0.7062
vn -0.7749 0.3331 -0.5371
vn 0.2098 0.6763 -0.7061
vn 0.5452 0.7865 -0.2901
vn 0.8574 0.1312 0.4976
vn 0.5454 0.7865 -0.2899
vn 0.5453 0.7865 -0.2900
vn 0.5454 0.7864 -0.2899
vn -0.7750 0.3329 -0.5371
vn 0.2763 0.9391 -0.2044
vn 0.2764 0.9391 -0.2044
vn 0.9717 0.2230 0.0780
vn 0.9658 0.1203 0.2297
vn 0.2764 0.9390 -0.2044
vn 0.9717 0.2229 0.0781
vn 0.3493 0.8555 -0.3823
vn -0.5023 0.8594 -0.0951
vn 0.9046 0.4038 -0.1367
vn 0.3491 0.8555 -0.3823
vn 0.3491 0.8555 -0.3824
vn -0.0149 0.9846 -0.1744
vn -0.0148 0.9846 -0.1744
vn 0.3796 0.6071 0.6981
vn 0.3492 0.8554 -0.3824
vn 0.9047 0.4036 -0.1365
vn 0.3790 0.8095 -0.4483
vn 0.3789 0.8096 -0.4483
vn -0.0148 0.9845 -0.1745
vn 0.3497 0.3968 -0.8487
vn 0.3790 0.8095 -0.4484
vn 0.9047 0.4037 -0.1365
vn 0.3013 0.7289 -0.6147
vn -0.0147 0.9846 -0.1743
vn 0.3789 0.8097 -0.4482
vn 0.3790 0.8096 -0.4482
vn 0.3496 0.3968 -0.8487
vn 0.3012 0.7290 -0.6147
vn -0.2042 -0.2632 -0.9429
vn 0.3013 0.7290 -0.6146
vn 0.3496 0.3967 -0.8488
vn 0.0482 0.6552 -0.7540
vn -0.0148 0.9846 -0.1743
vn 0.3013 0.7290 -0.6147
vn -0.2041 -0.2633 -0.9429
vn 0.0482 0.6552 -0.7539
vn 0.1753 0.9823 -0.0664
vn 0.3796 0.6069 0.6982
vn 0.2643 0.7723 -0.5777
vn 0.3796 0.6069 0.6983
vn 0.1752 0.9823 -0.0664
vn -0.2041 -0.2632 -0.9429
vn -0.3801 -0.1670 -0.9097
vn 0.3796 0.6068 0.6983
vn 0.2643 0.7723 -0.5776
vn 0.8511 0.4031 0.3364
vn -0.3916 0.2606 -0.8825
vn 0.0481 0.6552 -0.7539
vn -0.3802 -0.1671 -0.9097
vn 0.2642 0.7724 -0.5776
vn 0.9429 0.3130 0.1143
vn 0.0481 0.6553 -0.7538
vn 0.3966 0.8696 -0.2941
vn 0.3964 0.8697 -0.2942
vn -0.0147 0.9846 -0.1744
vn 0.8923 0.4153 -0.1770
vn 0.3965 0.8696 -0.2942
vn -0.3916 0.2604 -0.8825
vn -0.0085 0.3935 -0.9193
vn 0.1751 0.9823 -0.0665
vn 0.2643 0.7724 -0.5776
vn 0.1752 0.9823 -0.0665
vn 0.9428 0.3130 0.1143
vn 0.4612 0.4268 -0.7779
vn 0.8754 0.4755 -0.0867
vn 0.9429 0.3129 0.1143
vn 0.8755 0.4755 -0.0865
vn 0.4612 0.4269 -0.7779
vn -0.3273 0.3456 -0.8795
vn 0.4612 0.4267 -0.7779
vn 0.2645 0.7724 -0.5775
vn -0.5918 0.1488 -0.7922
vn 0.2644 0.7724 -0.5775
vn 0.8922 0.4153 -0.1773
vn 0.4188 0.8896 0.1821
vn 0.4189 0.8896 0.1823
vn -0.0148 0.9846 -0.1742
vn 0.3965 0.8696 -0.2943
vn 0.9169 -0.0435 -0.3969
vn 0.8923 0.4154 -0.1770
vn 0.9169 -0.0435 -0.3968
vn 0.9169 -0.0434 -0.3968
vn 0.9168 -0.0435 -0.3969
vn 0.4347 -0.0153 -0.9004
vn 0.9135 -0.2505 0.3205
vn 0.9168 -0.0433 -0.3970
vn 0.9136 -0.2506 0.3202
vn 0.7202 -0.2134 0.6601
vn 0.6745 -0.0180 0.7380
vn 0.9168 -0.0434 -0.3970
vn 0.7202 -0.2133 0.6602
vn 0.6746 -0.0180 0.7379
vn 0.8922 0.4155 -0.1773
vn 0.6746 -0.0180 0.7380
vn -0.0147 0.9846 -0.1742
vn 0.2552 0.9127 -0.3191
vn 0.7252 0.5461 -0.4194
vn 0.2552 0.9127 -0.3192
vn 0.7252 0.5459 -0.4196
vn 0.6031 0.0414 0.7966
vn 0.7251 0.5460 -0.4196
vn 0.6030 0.0415 0.7966
vn 0.8363 0.2078 -0.5074
vn 0.8051 0.5215 0.2827
vn 0.8363 0.2077 -0.5074
vn 0.8363 0.2079 -0.5073
vn 0.1728 0.6928 -0.7001
vn 0.8051 0.5214 0.2828
vn 0.8364 0.2077 -0.5072
vn -0.1894 0.2498 -0.9496
vn 0.1729 0.6928 -0.7001
vn 0.7253 0.5460 -0.4194
vn -0.1895 0.2497 -0.9496
vn 0.8364 0.2078 -0.5072
vn -0.1896 0.2497 -0.9496
vn 0.7252 0.5460 -0.4195
vn 0.7253 0.5459 -0.4194
vn -0.3078 0.3905 -0.8676
vn 0.2551 0.9127 -0.3192
vn 0.2662 0.9506 0.1598
vn 0.2550 0.9127 -0.3191
vn -0.0149 0.9845 -0.1745
vn 0.2661 0.9506 0.1598
vn 0.5097 0.8598 0.0288
vn 0.5099 0.8598 0.0288
vn 0.4188 0.8896 0.1823
vn 0.8667 0.4215 -0.2670
vn 0.5097 0.8599 0.0289
vn 0.8667 0.4214 -0.2669
vn 0.5096 0.8599 0.0287
vn 0.2660 0.9507 0.1595
vn 0.8667 0.4214 -0.2670
vn 0.4961 -0.0314 0.8677
vn 0.8668 0.4213 -0.2668
vn 0.4189 0.8895 0.1824
vn 0.6366 -0.0991 0.7648
vn 0.4960 -0.0314 0.8678
vn 0.9692 -0.0458 -0.2419
vn 0.8668 0.4214 -0.2667
vn 0.8667 0.4215 -0.2669
vn 0.9692 -0.0458 -0.2420
vn 0.9692 -0.0458 -0.2418
vn -0.1471 0.3499 -0.9252
vn 0.0830 0.2034 -0.9756
vn 0.9006 0.3328 0.2796
vn 0.9692 -0.0457 -0.2420
vn 0.0829 0.2034 -0.9756
vn 0.4728 0.5284 -0.7051
vn 0.9005 0.3329 0.2797
vn 0.4728 0.5285 -0.7051
vn 0.3494 0.9263 0.1409
vn 0.3414 0.9314 0.1266
vn 0.3538 0.9192 0.1730
vn 0.3282 0.9293 0.1693
vn -0.1600 0.9837 0.0815
vn -0.1722 0.9793 0.1065
vn -0.0808 -0.7197 0.6896
vn -0.4049 -0.5299 -0.7452
vn -0.4105 -0.8925 -0.1870
vn -0.4105 -0.8924 -0.1872
vn -0.4049 -0.5298 -0.7452
vn -0.2077 0.7231 -0.6587
vn -0.2078 0.7232 -0.6587
vn -0.5268 -0.0486 -0.8486
vn 0.4657 0.8720 -0.1509
vn 0.4869 0.5533 -0.6759
vn 0.4801 0.5552 -0.6792
vn 0.4800 0.5552 -0.6792
vn 0.4800 0.5553 -0.6792
vn 0.2905 0.4020 -0.8684
vn -0.1076 0.3988 -0.9107
vn 0.3102 0.3771 -0.8727
vn -0.1346 0.3657 -0.9209
vn -0.1076 0.3987 -0.9108
vn 0.2905 0.4019 -0.8684
vn 0.2785 0.4198 -0.8639
vn -0.1346 0.3658 -0.9209
vn 0.2905 0.4020 -0.8683
vn -0.1379 0.3531 -0.9254
vn 0.2785 0.4197 -0.8639
vn -0.7377 0.3381 -0.5844
vn -0.1079 0.3987 -0.9107
vn -0.1349 0.3657 -0.9209
vn -0.1382 0.3531 -0.9253
vn -0.7977 0.3271 -0.5067
vn -0.7376 0.3381 -0.5845
vn -0.7904 0.3346 -0.5131
vn -0.1382 0.3530 -0.9254
vn -0.9922 0.1227 0.0230
vn -0.7977 0.3270 -0.5067
vn -0.9922 0.1226 0.0230
vn -0.9989 0.0431 -0.0167
vn -0.9922 0.1225 0.0232
vn -0.8081 -0.0490 0.5869
vn -0.9989 0.0430 -0.0165
vn -0.9833 0.1557 0.0942
vn -0.7904 0.3347 -0.5131
vn -0.9833 0.1557 0.0944
vn -0.9922 0.1227 0.0232
vn -0.8082 -0.0491 0.5869
vn -0.8738 -0.0997 0.4760
vn -0.8468 -0.0131 0.5317
vn -0.8082 -0.0490 0.5869
vn -0.9833 0.1555 0.0944
vn -0.5421 -0.1372 0.8290
vn -0.8081 -0.0491 0.5871
vn -0.8467 -0.0132 0.5319
vn -0.8737 -0.0997 0.4762
vn -0.8081 -0.0490 0.5871
vn -0.3083 -0.0001 0.9513
vn -0.5420 -0.1372 0.8291
vn -0.2938 -0.0692 0.9534
vn -0.8081 -0.0490 0.5870
vn -0.2922 -0.1470 0.9450
vn -0.2937 -0.0693 0.9534
vn -0.2919 -0.1470 0.9451
vn -0.0176 -0.1870 0.9822
vn -0.2935 -0.0693 0.9534
vn -0.2935 -0.0692 0.9534
vn 0.3070 -0.1331 0.9424
vn -0.3080 -0.0001 0.9514
vn 0.3863 -0.1901 0.9026
vn -0.3080 -0.0002 0.9514
vn 0.3070 -0.1332 0.9423
vn 0.6625 0.3951 -0.6364
vn 0.2907 0.4019 -0.8683
vn 0.3105 0.3770 -0.8726
vn 0.6527 0.3662 -0.6632
vn 0.6625 0.3950 -0.6364
vn 0.6527 0.3663 -0.6632
vn 0.2787 0.4197 -0.8638
vn 0.2907 0.4020 -0.8683
vn 0.6459 0.3457 -0.6807
vn 0.6627 0.3950 -0.6362
vn 0.9774 0.2044 -0.0530
vn 0.6530 0.3662 -0.6630
vn 0.9774 0.2045 -0.0530
vn 0.6460 0.3457 -0.6805
vn 0.9817 0.1883 0.0296
vn 0.9774 0.2045 -0.0531
vn 0.6627 0.3951 -0.6362
vn 0.9813 0.1909 0.0250
vn 0.6460 0.3456 -0.6806
vn 0.8305 -0.0573 0.5541
vn 0.8147 -0.1676 0.5552
vn 0.8305 -0.0574 0.5540
vn 0.9817 0.1882 0.0297
vn 0.8011 -0.0311 0.5977
vn 0.8304 -0.0575 0.5542
vn 0.8145 -0.1677 0.5553
vn 0.3770 -0.2305 0.8971
vn 0.8010 -0.0311 0.5979
vn 0.8304 -0.0573 0.5542
vn 0.3771 -0.2305 0.8970
vn 0.8145 -0.1677 0.5554
vn 0.4389 -0.1982 0.8764
vn 0.5314 -0.2243 0.8169
vn 0.8010 -0.0312 0.5979
vn 0.5312 -0.2243 0.8170
vn 0.3769 -0.2306 0.8971
vn 0.1766 -0.3361 0.9251
vn -0.9872 0.0824 -0.1368
vn -0.9759 0.0410 -0.2142
vn -0.9639 -0.0128 -0.2660
vn -0.9638 -0.0130 -0.2662
vn -0.9759 0.0408 -0.2144
vn -0.9408 -0.0642 -0.3327
vn -0.4757 -0.7604 0.4422
vn -0.3701 -0.9228 0.1072
vn -0.4381 -0.7467 0.5005
vn -0.4663 -0.8330 0.2977
vn -0.3702 -0.9228 0.1073
vn -0.4663 -0.8330 0.2976
vn -0.2331 -0.8643 0.4457
vn -0.3701 -0.9228 0.1071
vn -0.2329 -0.8644 0.4456
vn -0.2767 -0.8041 0.5262
vn -0.2332 -0.8643 0.4456
vn -0.3938 -0.8715 0.2921
vn -0.2769 -0.8040 0.5263
vn -0.2769 -0.8041 0.5262
vn -0.3939 -0.8716 0.2919
vn -0.3940 -0.8761 0.2778
vn -0.3937 -0.8716 0.2920
vn -0.4344 -0.8491 0.3005
vn -0.3938 -0.8762 0.2779
vn -0.3938 -0.8762 0.2780
vn -0.4344 -0.8491 0.3006
vn -0.4003 -0.8598 0.3169
vn -0.4004 -0.8598 0.3168
vn -0.4345 -0.8491 0.3005
vn -0.5131 -0.8072 0.2919
vn -0.5132 -0.8071 0.2920
vn -0.4347 -0.8490 0.3005
vn -0.5658 -0.7470 0.3492
vn -0.5367 -0.7676 0.3504
vn -0.5132 -0.8070 0.2921
vn -0.5658 -0.7469 0.3493
vn -0.4409 -0.8378 0.3220
vn -0.5131 -0.8071 0.2920
vn -0.5366 -0.7677 0.3503
vn -0.7026 -0.2646 0.6606
vn -0.6114 -0.2937 0.7348
vn -0.7153 -0.3815 0.5855
vn -0.6145 -0.4272 0.6632
vn -0.6112 -0.2937 0.7349
vn -0.3702 -0.3347 0.8666
vn -0.6143 -0.4273 0.6633
vn -0.5987 -0.5064 0.6206
vn -0.7153 -0.3817 0.5854
vn -0.6144 -0.4274 0.6631
vn -0.7549 -0.4270 0.4978
vn -0.7153 -0.3817 0.5853
vn -0.5988 -0.5063 0.6206
vn -0.5985 -0.5064 0.6207
vn -0.6143 -0.4274 0.6633
vn -0.4905 -0.5240 0.6963
vn -0.4905 -0.5239 0.6963
vn -0.4441 -0.4648 0.7660
vn -0.6144 -0.4273 0.6633
vn -0.4441 -0.4647 0.7660
vn -0.2429 -0.6557 0.7149
vn -0.3700 -0.3347 0.8667
vn -0.1537 -0.5652 0.8105
vn -0.4440 -0.4647 0.7661
vn -0.1537 -0.5654 0.8103
vn -0.2429 -0.6559 0.7148
vn -0.4440 -0.4649 0.7660
vn -0.0730 -0.3925 0.9168
vn 0.0210 -0.4072 0.9131
vn -0.1536 -0.5652 0.8105
vn -0.0728 -0.3925 0.9169
vn -0.0223 -0.5482 0.8360
vn -0.1536 -0.5653 0.8105
vn -0.0223 -0.5485 0.8359
vn -0.2427 -0.6558 0.7148
vn -0.1536 -0.5654 0.8104
vn 0.0412 -0.6627 0.7477
vn -0.2427 -0.6558 0.7149
vn -0.0222 -0.5484 0.8359
vn 0.7363 -0.5161 0.4377
vn 0.6417 -0.3734 0.6699
vn 0.7134 -0.4845 0.5063
vn 0.7134 -0.4843 0.5065
vn 0.6416 -0.3733 0.6701
vn 0.5964 -0.3490 0.7229
vn -0.8491 0.1423 -0.5088
vn -0.7613 0.0502 -0.6464
vn -0.8515 0.1416 -0.5048
vn -0.7710 0.0628 -0.6337
vn -0.7613 0.0502 -0.6465
vn -0.8490 0.1424 -0.5088
vn -0.7709 0.0626 -0.6338
vn -0.7674 -0.0797 -0.6361
vn -0.7612 0.0500 -0.6466
vn -0.7801 -0.0796 -0.6205
vn -0.7675 -0.0797 -0.6361
vn -0.7710 0.0625 -0.6338
vn 0.0218 -0.9091 -0.4160
vn 0.0645 -0.9162 -0.3956
vn 0.0197 -0.9096 -0.4150
vn 0.0509 -0.9180 -0.3933
vn -0.0174 -0.9361 -0.3514
vn -0.0195 -0.9353 -0.3532
vn -0.0175 -0.9361 -0.3513
vn 0.0038 -0.9108 -0.4128
vn 0.0156 -0.9117 -0.4107
vn 0.0039 -0.9108 -0.4129
vn -0.0195 -0.9353 -0.3533
vn 0.0134 -0.9293 -0.3690
vn -0.0011 -0.9382 -0.3460
vn 0.0134 -0.9294 -0.3689
vn -0.3152 0.7418 -0.5919
vn 0.9783 0.1982 0.0599
vn 0.9692 -0.0647 0.2376
vn 0.9783 0.1981 0.0601
vn 0.9671 -0.0740 0.2435
vn 0.9692 -0.0647 0.2375
vn 0.9761 -0.0474 0.2121
vn 0.9761 -0.0474 0.2120
vn 0.9783 -0.0388 0.2036
vn 0.0003 0.0714 0.9974
vn -0.0612 0.0168 0.9980
vn -0.0140 0.1011 0.9948
vn -0.1162 -0.0193 0.9930
vn -0.0612 0.0167 0.9980
vn 0.0003 0.0714 0.9975
vn -0.1856 0.1211 0.9751
vn -0.0614 0.0167 0.9980
vn -0.1164 -0.0193 0.9930
vn -0.1816 0.0745 0.9805
vn -0.0613 0.0167 0.9980
vn -0.1855 0.1212 0.9751
vn -0.4259 0.1806 0.8866
vn -0.1818 0.0745 0.9805
vn -0.1857 0.1212 0.9751
vn -0.3563 0.1230 0.9262
vn -0.1816 0.0746 0.9805
vn -0.4258 0.1808 0.8866
vn -0.5170 0.2146 0.8286
vn -0.3565 0.1230 0.9261
vn -0.4260 0.1808 0.8865
vn 0.6796 0.1182 0.7240
vn 0.7044 0.0687 0.7064
vn 0.7277 0.0164 0.6857
vn 0.7277 0.0163 0.6857
vn 0.7045 0.0686 0.7064
vn 0.7453 -0.0284 0.6661
vn 0.3379 0.6675 0.6635
vn 0.4625 0.5835 0.6675
vn 0.4958 0.5583 0.6652
vn 0.4960 0.5581 0.6652
vn 0.4628 0.5834 0.6675
vn 0.6032 0.4615 0.6505
vn -0.1321 0.9909 -0.0265
vn -0.0901 0.9959 0.0083
vn 0.0060 0.9964 0.0850
vn 0.0061 0.9964 0.0851
vn -0.0900 0.9959 0.0084
vn 0.0530 0.9912 0.1217
vn -0.4546 -0.4314 -0.7793
vn -0.4221 -0.3743 -0.8257
vn -0.4237 -0.3765 -0.8238
vn -0.4237 -0.3765 -0.8239
vn -0.3921 -0.3220 -0.8617
vn 0.2209 -0.8211 0.5263
vn 0.2245 -0.8501 0.4765
vn 0.2120 -0.8842 0.4161
vn 0.2120 -0.8843 0.4160
vn 0.2245 -0.8502 0.4762
vn 0.2101 -0.9140 0.3471
vn 0.7954 0.2664 -0.5444
vn 0.7250 0.1265 -0.6770
vn 0.7666 0.2011 -0.6098
vn 0.7665 0.2009 -0.6100
vn 0.7249 0.1264 -0.6771
vn 0.7018 0.0893 -0.7067
vn -0.7144 -0.1246 0.6886
vn -0.6776 -0.1234 0.7250
vn -0.6968 -0.1239 0.7065
vn -0.6967 -0.1239 0.7066
vn -0.6598 -0.1232 0.7413
vn -0.5210 0.0093 0.8535
vn -0.4646 0.0453 0.8843
vn -0.5103 0.0303 0.8595
vn -0.4647 0.0453 0.8843
vn -0.4295 0.0551 0.9014
vn -0.4646 0.0453 0.8844
vn -0.1547 0.1121 0.9816
vn -0.2652 0.0611 0.9623
vn -0.1544 0.1121 0.9816
vn -0.2650 0.0611 0.9623
vn -0.0618 0.1575 0.9856
vn -0.0619 0.1576 0.9856
vn -0.2650 0.0612 0.9623
vn 0.0160 0.1049 0.9944
vn -0.1122 0.1928 0.9748
vn -0.9719 0.2210 0.0813
vn -0.9692 0.2293 0.0899
vn -0.9707 0.2247 0.0852
vn -0.9692 0.2294 0.0899
vn -0.9679 0.2331 0.0937
vn -0.9145 0.1215 0.3859
vn -0.8830 0.1372 0.4488
vn -0.8662 0.1448 0.4783
vn -0.8661 0.1449 0.4784
vn -0.8830 0.1373 0.4489
vn -0.8295 0.1587 0.5355
vn -0.1047 0.9311 0.3493
vn -0.1128 0.9302 0.3494
vn -0.1077 0.9308 0.3494
vn -0.1128 0.9302 0.3493
vn -0.1160 0.9298 0.3494
vn 0.8341 -0.0197 -0.5513
vn 0.8544 -0.0842 -0.5127
vn 0.8624 -0.1160 -0.4928
vn 0.8624 -0.1161 -0.4927
vn 0.8545 -0.0843 -0.5126
vn 0.8736 -0.1720 -0.4553
vn -0.2116 -0.9395 -0.2693
vn -0.1922 -0.9377 -0.2896
vn -0.2026 -0.9393 -0.2770
vn -0.1803 -0.9381 -0.2957
vn -0.3081 0.4153 -0.8559
vn -0.3411 0.4309 -0.8355
vn -0.4322 0.4716 -0.7686
vn -0.4323 0.4717 -0.7685
vn -0.3412 0.4310 -0.8354
vn -0.4710 0.4873 -0.7353
vn 0.1755 -0.4133 0.8935
vn 0.2315 -0.4087 0.8828
vn 0.3886 -0.3873 0.8361
vn 0.3887 -0.3872 0.8360
vn 0.2316 -0.4087 0.8828
vn 0.4363 -0.3784 0.8164
vn 0.9072 0.0670 -0.4153
vn 0.7551 0.0603 -0.6529
vn 0.9047 0.0759 -0.4192
vn 0.7551 0.0603 -0.6528
vn 0.7366 0.0730 -0.6724
vn 0.7364 0.0730 -0.6726
vn 0.7549 0.0603 -0.6530
vn 0.3951 0.0013 -0.9187
vn 0.3950 0.0012 -0.9187
vn 0.4778 0.0095 -0.8784
vn 0.3948 0.0012 -0.9188
vn 0.4777 0.0095 -0.8785
vn 0.2085 0.1067 -0.9722
vn 0.2085 0.1068 -0.9722
vn 0.4778 0.0096 -0.8784
vn 0.4455 0.1200 -0.8872
vn 0.2083 0.1068 -0.9722
vn 0.4452 0.1200 -0.8873
vn 0.0017 0.1968 -0.9804
vn 0.4452 0.1201 -0.8873
vn 0.0783 0.1735 -0.9817
vn 0.0781 0.1735 -0.9817
vn -0.1674 0.2973 -0.9400
vn 0.0016 0.1969 -0.9804
vn 0.0015 0.1970 -0.9804
vn -0.1674 0.2974 -0.9400
vn -0.3561 0.3701 -0.8580
vn -0.1676 0.2974 -0.9399
vn -0.4849 0.3843 -0.7856
vn -0.3564 0.3701 -0.8579
vn -0.3563 0.3703 -0.8579
vn -0.4848 0.3844 -0.7856
vn -0.4887 0.3324 -0.8066
vn -0.4877 0.3287 -0.8088
vn -0.2188 0.2593 -0.9407
vn -0.4643 0.3552 -0.8114
vn -0.2648 0.2435 -0.9331
vn -0.2185 0.2592 -0.9408
vn -0.2645 0.2436 -0.9331
vn 0.1639 0.1091 -0.9804
vn 0.1638 0.1090 -0.9805
vn -0.2645 0.2435 -0.9331
vn 0.1010 0.1463 -0.9841
vn 0.4004 0.0284 -0.9159
vn 0.1639 0.1090 -0.9804
vn 0.1011 0.1463 -0.9841
vn 0.3728 0.0143 -0.9278
vn 0.1641 0.1089 -0.9804
vn 0.4005 0.0283 -0.9159
vn 0.4976 0.1103 -0.8604
vn 0.3730 0.0143 -0.9277
vn 0.4007 0.0283 -0.9158
vn 0.4498 0.0832 -0.8893
vn 0.4975 0.1104 -0.8604
vn 0.4498 0.0831 -0.8893
vn 0.4976 0.1104 -0.8604
vn 0.6161 0.2075 -0.7598
vn 0.6161 0.2077 -0.7598
vn 0.4976 0.1105 -0.8603
vn 0.7529 0.2854 -0.5930
vn 0.6163 0.2077 -0.7597
vn 0.7531 0.2854 -0.5928
vn 0.8296 0.3195 -0.4580
vn 0.8295 0.3197 -0.4580
vn 0.7530 0.2855 -0.5928
vn 0.8217 0.2418 -0.5161
vn -0.0116 -0.9917 0.1280
vn 0.4315 -0.8056 -0.4061
vn 0.5713 -0.5406 -0.6176
vn 0.5712 -0.5406 -0.6176
vn 0.0463 -0.9818 -0.1843
vn 0.0566 -0.9471 -0.3159
vn 0.0463 -0.9817 -0.1846
vn 0.5713 -0.5404 -0.6177
vn 0.0463 -0.9817 -0.1845
vn 0.1222 -0.8224 -0.5556
vn 0.1222 -0.8223 -0.5557
vn 0.0566 -0.9471 -0.3160
vn 0.1197 -0.7839 -0.6092
vn 0.1196 -0.7839 -0.6092
vn 0.2527 -0.4555 -0.8536
vn 0.1222 -0.8223 -0.5558
vn 0.1223 -0.8223 -0.5558
vn 0.2551 -0.4610 -0.8500
vn 0.3393 -0.8916 -0.2998
vn 0.2551 -0.4608 -0.8501
vn 0.2527 -0.4553 -0.8537
vn 0.3704 -0.0125 -0.9288
vn 0.2551 -0.4609 -0.8500
vn 0.3395 -0.8915 -0.2999
vn 0.3394 -0.8915 -0.2999
vn 0.5679 -0.5997 -0.5638
vn 0.3704 -0.0124 -0.9288
vn -0.1013 -0.5368 -0.8376
vn -0.3724 -0.7539 -0.5412
vn -0.4217 -0.8926 0.1597
vn -0.4217 -0.8926 0.1596
vn -0.2454 -0.9564 -0.1584
vn -0.1012 -0.5367 -0.8377
vn -0.2453 -0.9564 -0.1585
vn -0.1218 -0.9245 -0.3613
vn 0.0071 -0.8517 -0.5239
vn -0.1217 -0.9244 -0.3614
vn 0.1186 -0.7017 -0.7025
vn -0.1216 -0.9244 -0.3615
vn 0.0073 -0.8516 -0.5241
vn 0.1187 -0.7015 -0.7027
vn 0.2747 -0.2697 -0.9229
vn 0.2746 -0.2697 -0.9230
vn 0.2126 -0.5181 -0.8285
vn 0.2126 -0.5180 -0.8285
vn -0.2553 -0.7980 -0.5459
vn 0.2747 -0.2695 -0.9230
vn 0.2893 -0.0094 -0.9572
vn -0.2553 -0.7979 -0.5460
vn 0.2894 -0.0093 -0.9572
vn -0.1560 -0.5339 -0.8310
vn -0.2553 -0.7979 -0.5461
vn -0.2730 -0.2451 0.9303
vn -0.0375 -0.6803 0.7320
vn -0.2288 -0.2544 0.9396
vn -0.2287 -0.2545 0.9397
vn -0.0102 -0.6356 0.7720
vn -0.0823 -0.2851 0.9549
vn -0.0448 -0.3160 0.9477
vn 0.0490 -0.8614 0.5055
vn 0.0490 -0.8614 0.5056
vn 0.0778 -0.8657 0.4945
vn 0.0603 -0.8076 0.5867
vn 0.0981 -0.9532 0.2861
vn 0.0695 -0.7883 0.6113
vn 0.1098 -0.9544 0.2776
vn -0.0657 0.9643 -0.2566
vn -0.0070 0.9736 -0.2281
vn -0.0508 0.9671 -0.2492
vn 0.0071 0.9752 -0.2210
vn -0.0032 -0.1567 -0.9876
vn 0.1311 -0.0956 -0.9868
vn 0.0324 -0.1407 -0.9895
vn 0.0325 -0.1407 -0.9895
vn 0.1312 -0.0955 -0.9867
vn 0.1667 -0.0788 -0.9829
vn -0.9625 -0.2276 -0.1476
vn -0.9879 -0.1514 -0.0340
vn -0.9907 -0.1322 -0.0309
vn -0.9908 -0.1320 -0.0307
vn -0.9879 -0.1513 -0.0339
vn -0.9971 -0.0671 0.0357
vn -0.9934 -0.1054 -0.0450
vn 0.9927 0.1083 0.0530
vn 0.9878 0.1490 0.0448
vn 0.9972 0.0713 -0.0239
vn 0.9878 0.1490 0.0447
vn 0.9902 0.1309 0.0491
vn 0.9639 0.2135 0.1589
vn 0.9901 0.1311 0.0492
vn 0.9878 0.1491 0.0448
vn -0.0252 0.9976 0.0639
vn 0.0392 0.9678 -0.2487
vn 0.0178 0.9955 -0.0933
vn 0.0178 0.9955 -0.0932
vn -0.0247 0.9790 0.2025
vn -0.0253 0.9976 0.0639
vn -0.0253 0.9976 0.0642
vn -0.0247 0.9789 0.2027
vn -0.0280 0.9470 0.3201
vn -0.1046 0.8223 0.5594
vn -0.1068 0.7749 0.6230
vn -0.0280 0.9469 0.3203
vn -0.1047 0.8222 0.5595
vn -0.1047 0.8221 0.5596
vn -0.2416 0.4500 0.8597
vn -0.2472 0.4730 0.8457
vn -0.2472 0.4728 0.8458
vn -0.3319 0.0809 0.9398
vn -0.2417 0.4498 0.8598
vn -0.3779 -0.0083 0.9258
vn -0.3321 0.0807 0.9398
vn -0.2472 0.4729 0.8457
vn -0.3904 -0.0972 0.9155
vn -0.3320 0.0807 0.9398
vn 0.3965 0.9101 -0.1204
vn 0.4573 0.8583 -0.2327
vn 0.2920 0.9521 0.0903
vn 0.2921 0.9521 0.0903
vn 0.2158 0.9632 0.1600
vn 0.3965 0.9101 -0.1203
vn 0.1119 0.9269 0.3583
vn 0.2157 0.9632 0.1602
vn 0.2919 0.9522 0.0905
vn 0.1119 0.9268 0.3584
vn -0.0179 0.8507 0.5254
vn -0.0180 0.8506 0.5254
vn 0.1118 0.9268 0.3585
vn -0.1245 0.7027 0.7005
vn -0.1246 0.7025 0.7007
vn -0.2800 0.2730 0.9204
vn -0.0181 0.8506 0.5255
vn -0.2800 0.2731 0.9203
vn -0.2099 0.5122 0.8328
vn -0.3082 -0.0060 0.9513
vn -0.2099 0.5121 0.8329
vn -0.2801 0.2728 0.9204
vn -0.2947 -0.0042 0.9556
vn -0.3081 -0.0061 0.9513
vn -0.3081 -0.0062 0.9513
vn -0.3028 -0.1215 0.9453
vn -0.2947 -0.0043 0.9556
vn -0.0594 -0.9516 -0.3015
vn -0.0647 -0.9518 -0.2998
vn -0.0857 -0.9550 -0.2839
vn -0.0647 -0.9518 -0.2999
vn -0.0908 -0.9551 -0.2820
vn 0.1203 0.9118 0.3927
vn 0.2091 0.9169 0.3399
vn 0.1422 0.9142 0.3795
vn 0.1423 0.9142 0.3794
vn 0.2092 0.9169 0.3398
vn 0.2347 0.9170 0.3225
vn -0.6027 -0.2280 0.7647
vn -0.6375 -0.2409 0.7318
vn -0.6562 -0.2476 0.7128
vn -0.6562 -0.2477 0.7128
vn -0.6376 -0.2409 0.7318
vn -0.6934 -0.2617 0.6714
vn -0.7299 0.3996 -0.5546
vn -0.8415 0.3306 -0.4273
vn -0.7479 0.3894 -0.5376
vn -0.7480 0.3893 -0.5374
vn -0.8416 0.3305 -0.4271
vn -0.8542 0.3204 -0.4095
vn 0.7168 -0.3280 0.6154
vn 0.7166 -0.3267 0.6162
vn 0.7069 -0.3295 0.6259
vn 0.7167 -0.3266 0.6161
vn 0.7076 -0.3267 0.6265
vn -0.5078 -0.5721 0.6441
vn -0.5064 -0.6139 0.6056
vn -0.4807 -0.2249 0.8476
vn -0.4808 -0.2248 0.8476
vn -0.5064 -0.6139 0.6055
vn -0.4807 -0.2248 0.8476
vn -0.3312 -0.9436 -0.0020
vn -0.5073 -0.6085 0.6102
vn -0.5083 -0.5663 0.6488
vn -0.3151 -0.9484 -0.0357
vn -0.5073 -0.6085 0.6103
vn -0.1718 -0.9299 -0.3253
vn -0.3313 -0.9435 -0.0025
vn -0.1718 -0.9299 -0.3252
vn -0.3149 -0.9484 -0.0363
vn 0.3316 0.9434 0.0012
vn 0.3316 0.9434 0.0013
vn 0.4875 0.2232 -0.8441
vn 0.8104 -0.2802 0.5145
vn 0.8200 -0.3009 0.4869
vn 0.8476 -0.3186 0.4243
vn 0.8106 -0.2803 0.5142
vn 0.8200 -0.3008 0.4870
vn 0.8104 -0.2802 0.5146
vn 0.8106 -0.2803 0.5141
vn 0.8748 -0.2985 0.3815
vn 0.8200 -0.3008 0.4869
vn -0.8107 0.2803 -0.5141
vn -0.8199 0.3008 -0.4871
vn -0.8746 0.2989 -0.3817
vn -0.8106 0.2803 -0.5142
vn -0.8104 0.2802 -0.5146
vn -0.8199 0.3008 -0.4872
vn -0.8104 0.2802 -0.5145
vn -0.8478 0.3182 -0.4244
vn 0.8985 -0.2566 0.3562
vn 0.8954 -0.2549 0.3650
vn 0.8993 -0.1898 0.3940
vn 0.8954 -0.2549 0.3651
vn 0.8869 -0.2051 0.4139
vn 0.9068 -0.1432 0.3965
vn 0.9071 -0.1419 0.3964
vn 0.9070 -0.1419 0.3964
vn 0.8613 -0.2010 0.4666
vn 0.8613 -0.2011 0.4666
vn 0.8570 -0.2009 0.4745
vn 0.8569 -0.2010 0.4746
vn 0.7955 -0.1348 0.5908
vn 0.7955 -0.1346 0.5909
vn 0.8569 -0.2009 0.4747
vn 0.7945 -0.1229 0.5947
vn 0.5182 0.3800 -0.7663
vn 0.4817 -0.6353 -0.6036
vn 0.5737 0.1453 -0.8061
vn 0.5737 0.1452 -0.8061
vn 0.4817 -0.6354 -0.6035
vn 0.2868 -0.9261 -0.2452
vn -0.6815 0.3468 -0.6444
vn -0.6879 0.3357 -0.6435
vn -0.7291 0.2903 -0.6197
vn -0.7329 0.2734 -0.6230
vn -0.9213 0.0798 -0.3807
vn -0.9212 0.0798 -0.3807
vn -0.7329 0.2733 -0.6230
vn -0.8798 0.1062 -0.4633
vn -0.9214 0.0797 -0.3805
vn -0.8800 0.1060 -0.4630
vn -0.9896 -0.0546 -0.1333
vn -0.9896 -0.0546 -0.1332
vn -0.9894 -0.0538 -0.1348
vn -0.9896 -0.0547 -0.1332
vn -0.9894 -0.0539 -0.1346
vn -0.9820 -0.1849 0.0397
vn -0.9894 -0.0539 -0.1347
vn -0.9394 -0.2872 0.1870
vn -0.9819 -0.1850 0.0399
vn -0.9393 -0.2874 0.1872
vn -0.8500 -0.3864 0.3581
vn -0.8324 -0.4030 0.3803
vn -0.8236 -0.3928 0.4091
vn -0.8236 -0.3918 0.4101
vn -0.1307 -0.5532 0.8227
vn 0.5367 -0.7255 -0.4308
vn -0.0313 -0.6562 0.7540
vn -0.0312 -0.6563 0.7539
vn 0.5366 -0.7255 -0.4309
vn 0.3893 -0.8836 -0.2601
vn -0.8740 0.2605 -0.4102
vn -0.8734 0.2546 -0.4152
vn -0.8739 0.2605 -0.4103
vn -0.8740 0.2605 -0.4101
vn -0.8727 0.2486 -0.4202
vn -0.8728 0.2483 -0.4201
vn -0.8728 0.2484 -0.4201
vn -0.8727 0.2484 -0.4203
vn -0.8729 0.2481 -0.4201
vn -0.8727 0.2485 -0.4202
vn -0.8729 0.2483 -0.4201
vn -0.4952 -0.6885 0.5298
vn -0.2161 -0.8106 -0.5443
vn -0.5058 -0.7553 0.4168
vn -0.5058 -0.7553 0.4167
vn -0.2161 -0.8105 -0.5444
vn -0.1876 -0.3625 -0.9129
vn 0.6920 -0.7188 0.0671
vn 0.6846 -0.7237 0.0875
vn 0.6226 -0.7339 0.2716
vn 0.6226 -0.7339 0.2717
vn 0.6846 -0.7237 0.0876
vn 0.6064 -0.7461 0.2749
vn 0.7012 -0.6105 0.3683
vn 0.7011 -0.6105 0.3685
vn 0.6064 -0.7461 0.2750
vn 0.6395 -0.6479 0.4138
vn 0.7013 -0.6103 0.3684
vn 0.6397 -0.6478 0.4137
vn 0.7569 -0.3841 0.5287
vn 0.7568 -0.3841 0.5289
vn 0.6396 -0.6478 0.4139
vn 0.7456 -0.3750 0.5508
vn 0.7569 -0.3840 0.5288
vn 0.7457 -0.3750 0.5507
vn 0.9128 -0.2837 0.2937
vn 0.9128 -0.2836 0.2937
vn 0.9535 -0.2420 0.1799
vn 0.9129 -0.2836 0.2935
vn 0.9535 -0.2419 0.1797
vn 0.9990 -0.0325 -0.0320
vn 0.9990 -0.0324 -0.0320
vn 0.9535 -0.2418 0.1797
vn 0.9984 -0.0252 -0.0514
vn 0.9972 -0.0236 -0.0705
vn 0.9972 -0.0234 -0.0708
vn 0.1428 0.1686 -0.9753
vn -0.3779 -0.8071 -0.4536
vn 0.3182 0.4703 -0.8232
vn 0.3182 0.4705 -0.8230
vn -0.0614 -0.4518 -0.8900
vn -0.3816 0.9223 -0.0608
vn -0.3706 0.9287 -0.0136
vn -0.3809 0.9229 -0.0560
vn -0.3809 0.9229 -0.0559
vn -0.3706 0.9287 -0.0135
vn -0.3641 0.9314 -0.0050
vn -0.8802 0.3073 0.3615
vn -0.8804 0.3052 0.3630
vn -0.8834 0.2855 0.3716
vn -0.8834 0.2854 0.3716
vn -0.8804 0.3051 0.3631
vn -0.8839 0.2815 0.3734
vn 0.1562 0.5933 0.7897
vn 0.1536 0.5922 0.7910
vn 0.1366 0.6092 0.7811
vn 0.1366 0.6093 0.7811
vn 0.1535 0.5923 0.7910
vn 0.1318 0.6103 0.7811
vn 0.5844 0.6552 -0.4787
vn 0.5841 0.6554 -0.4789
vn 0.5841 0.6554 -0.4788
vn -0.5410 0.2097 -0.8145
vn -0.5494 0.2026 -0.8106
vn -0.5420 0.0696 -0.8375
vn -0.5421 0.0697 -0.8375
vn -0.5494 0.2028 -0.8106
vn -0.5450 0.0566 -0.8365
vn 0.2722 -0.2073 0.9396
vn 0.3008 -0.0657 0.9514
vn 0.2416 0.0090 0.9703
vn 0.2416 0.0091 0.9703
vn 0.3009 -0.0655 0.9514
vn 0.2757 0.1477 0.9498
vn 0.2416 0.0092 0.9703
vn 0.2756 0.1480 0.9498
vn 0.2649 0.2158 0.9398
vn 0.3452 0.0037 0.9385
vn 0.3009 -0.0654 0.9514
vn 0.2649 0.2157 0.9399
vn 0.2757 0.1478 0.9498
vn 0.2715 0.3111 0.9108
vn 0.3242 0.1225 0.9380
vn 0.3242 0.1227 0.9380
vn 0.2757 0.1479 0.9498
vn 0.3453 0.0037 0.9385
vn 0.3469 -0.0299 0.9374
vn 0.3243 0.1225 0.9380
vn 0.3259 0.2024 0.9235
vn 0.2715 0.3110 0.9108
vn 0.3242 0.1226 0.9380
vn 0.2955 0.1586 0.9421
vn 0.3260 0.2024 0.9235
vn 0.3243 0.1227 0.9380
vn 0.3152 0.2673 0.9106
vn 0.3151 0.2674 0.9106
vn 0.2954 0.1588 0.9421
vn -0.0731 0.2249 0.9716
vn -0.0492 -0.0027 0.9988
vn -0.0511 0.2595 0.9644
vn -0.0696 -0.0608 0.9957
vn -0.0493 -0.0027 0.9988
vn -0.0732 0.2248 0.9716
vn -0.0696 -0.0611 0.9957
vn -0.0320 -0.3386 0.9404
vn -0.0493 -0.0030 0.9988
vn -0.0588 -0.3572 0.9322
vn 0.6836 0.5836 0.4382
vn 0.6827 0.5847 0.4382
vn 0.7548 0.2890 0.5888
vn 0.7547 0.2892 0.5888
vn 0.6827 0.5845 0.4384
vn 0.7483 0.3357 0.5722
vn 0.7548 0.2889 0.5888
vn 0.7484 0.3355 0.5722
vn 0.7714 0.0109 0.6362
vn 0.7715 0.0109 0.6362
vn 0.7756 0.0182 0.6310
vn -0.0202 0.9057 0.4233
vn -0.0235 0.9078 0.4188
vn -0.1032 0.9415 0.3209
vn -0.1032 0.9415 0.3208
vn -0.0236 0.9079 0.4186
vn -0.1146 0.9398 0.3219
vn -0.1147 0.9398 0.3220
vn -0.1104 0.9505 0.2905
vn -0.1070 0.9516 0.2881
vn -0.0813 0.9538 0.2892
vn -0.1069 0.9516 0.2881
vn -0.0813 0.9538 0.2891
vn -0.0812 0.9535 0.2902
vn 0.3685 -0.8019 0.4703
vn 0.3657 -0.7967 0.4811
vn 0.3089 -0.8081 0.5015
vn 0.3089 -0.8082 0.5015
vn 0.2718 -0.8220 0.5004
vn 0.3088 -0.8082 0.5015
vn 0.2717 -0.8221 0.5004
vn 0.1781 -0.8510 0.4941
vn 0.1781 -0.8510 0.4940
vn 0.2716 -0.8222 0.5003
vn 0.1815 -0.8691 0.4602
vn 0.1021 -0.9591 0.2641
vn 0.0727 -0.9803 0.1835
vn 0.0125 0.9887 0.1491
vn 0.0125 0.9888 0.1490
vn 0.6924 0.7019 0.1673
vn 0.6924 0.7018 0.1673
vn 0.6998 0.7049 0.1157
vn 0.6926 0.7017 0.1672
vn 0.7000 0.7047 0.1156
vn 0.9141 0.3970 0.0829
vn -0.6685 0.7419 0.0515
vn 0.0123 0.9887 0.1491
vn 0.0123 0.9888 0.1491
vn -0.6669 0.7452 -0.0007
vn -0.8903 0.4498 -0.0707
vn -0.6670 0.7450 -0.0007
vn -0.6687 0.7418 0.0514
vn -0.8903 0.4498 -0.0708
vn 0.9152 -0.3553 -0.1901
vn 0.9152 -0.3553 -0.1899
vn 0.6975 -0.6412 -0.3199
vn 0.9152 -0.3553 -0.1900
vn 0.6973 -0.6414 -0.3200
vn 0.0097 -0.8858 -0.4639
vn 0.0097 -0.8859 -0.4639
vn 0.6973 -0.6414 -0.3199
vn 0.0095 -0.8858 -0.4639
vn -0.6695 -0.6013 -0.4362
vn -0.6694 -0.6012 -0.4364
vn -0.6697 -0.6011 -0.4361
vn -0.8892 -0.3023 -0.3435
vn -0.6696 -0.6010 -0.4363
vn -0.6696 -0.6011 -0.4363
vn -0.8890 -0.3022 -0.3439
vn -0.8890 -0.3022 -0.3440
vn 0.0858 0.3351 -0.9383
vn 0.0859 0.3353 -0.9382
vn 0.0936 0.3350 -0.9376
vn 0.0857 0.3351 -0.9383
vn 0.0858 0.3353 -0.9382
vn 0.0858 0.3352 -0.9382
vn 0.0935 0.3349 -0.9376
vn -0.0921 -0.1438 0.9853
vn 0.0844 0.1519 -0.9848
vn 0.9961 -0.0175 0.0866
vn 0.9961 -0.0176 0.0866
vn -0.9961 0.0176 -0.0866
vn 0.0124 0.9887 0.1492
vn 0.0124 0.9888 0.1490
vn 0.0125 0.9888 0.1491
vn 0.0124 0.9888 0.1491
vn 0.0844 0.1518 -0.9848
vn -0.0201 -0.9885 -0.1502
vn -0.2689 -0.9487 -0.1664
vn -0.2689 -0.9487 -0.1665
vn -0.2691 -0.9486 -0.1664
vn -0.4942 -0.8287 -0.2627
vn -0.2691 -0.9486 -0.1665
vn -0.4942 -0.8287 -0.2626
vn 0.8609 -0.5089 0.0007
vn 0.8609 -0.5087 0.0007
vn 0.8609 -0.5088 0.0007
vn 0.9013 -0.4329 0.0158
vn 0.9014 -0.4327 0.0158
vn 0.9013 -0.4328 0.0158
vn 0.9013 -0.4330 0.0158
vn -0.9959 0.0331 -0.0846
vn 0.0499 -0.9883 -0.1438
vn 0.0501 -0.9883 -0.1438
vn 0.0498 -0.9884 -0.1438
vn 0.9458 -0.2533 0.2031
vn 0.9550 -0.1738 -0.2403
vn 0.9691 -0.1844 -0.1640
vn 0.9355 -0.2819 0.2130
vn 0.9458 -0.2534 0.2032
vn 0.9458 -0.2534 0.2033
vn 0.5118 -0.3051 0.8031
vn 0.9355 -0.2820 0.2130
vn 0.9675 -0.2278 0.1102
vn 0.9550 -0.1738 -0.2404
vn 0.9674 -0.2278 0.1102
vn 0.9387 -0.1866 -0.2897
vn 0.9228 -0.1867 -0.3369
vn 0.6007 -0.2783 0.7494
vn 0.6007 -0.2784 0.7494
vn 0.9674 -0.2279 0.1103
vn 0.5116 -0.3052 0.8032
vn -0.0180 -0.2395 0.9707
vn 0.6006 -0.2783 0.7495
vn 0.9229 -0.1866 -0.3369
vn 0.9674 -0.2278 0.1103
vn 0.9715 -0.2369 -0.0038
vn 0.8809 -0.3640 -0.3025
vn 0.9228 -0.1869 -0.3369
vn 0.9715 -0.2370 -0.0038
vn 0.9084 -0.4178 -0.0167
vn 0.8809 -0.3641 -0.3024
vn 0.9715 -0.2371 -0.0038
vn 0.9084 -0.4178 -0.0166
vn 0.9715 -0.2372 -0.0037
vn 0.7157 -0.3779 0.5874
vn 0.9674 -0.2278 0.1104
vn 0.6007 -0.2783 0.7495
vn 0.6905 -0.2143 0.6908
vn 0.6905 -0.2142 0.6908
vn 0.9715 -0.2370 -0.0037
vn 0.6005 -0.2783 0.7496
vn -0.0181 -0.2395 0.9707
vn 0.1614 -0.1723 0.9717
vn 0.6903 -0.2143 0.6910
vn -0.0182 -0.2395 0.9707
vn -0.2438 -0.1676 0.9552
vn 0.1613 -0.1723 0.9718
vn 0.1612 -0.1722 0.9718
vn -0.2437 -0.1676 0.9553
vn -0.1060 -0.0919 0.9901
vn -0.1011 -0.1437 0.9844
vn 0.1611 -0.1722 0.9718
vn 0.7158 -0.3778 0.5872
vn 0.9715 -0.2370 -0.0036
vn 0.7373 -0.2805 0.6146
vn 0.7373 -0.2804 0.6146
vn 0.9715 -0.2371 -0.0037
vn 0.6906 -0.2142 0.6908
vn 0.7372 -0.2805 0.6147
vn 0.1650 -0.4198 0.8925
vn 0.2064 -0.1882 0.9602
vn 0.2067 -0.1882 0.9601
vn 0.6904 -0.2142 0.6910
vn 0.1614 -0.1722 0.9718
vn -0.1008 -0.1437 0.9845
vn -0.0873 -0.3329 0.9389
vn 0.2065 -0.1883 0.9602
vn -0.1019 -0.4480 0.8882
vn 0.1648 -0.4199 0.8925
vn -0.0873 -0.3331 0.9388
vn 0.1650 -0.4199 0.8924
vn 0.7371 -0.2806 0.6147
vn 0.2163 -0.3245 0.9208
vn 0.7371 -0.2805 0.6148
vn 0.2163 -0.3244 0.9209
vn 0.2163 -0.3244 0.9208
vn 0.2067 -0.1883 0.9601
vn 0.2161 -0.3245 0.9209
vn -0.0873 -0.3330 0.9389
vn 0.1647 -0.4199 0.8925
vn 0.4226 0.9033 0.0734
vn 0.4013 0.8882 0.2237
vn 0.4226 0.9033 0.0737
vn 0.4016 0.8881 0.2236
vn 0.4014 0.8882 0.2237
vn 0.4016 0.8880 0.2238
vn 0.2432 0.8735 0.4218
vn 0.4014 0.8881 0.2240
vn 0.2527 0.8614 0.4406
vn 0.2431 0.8735 0.4217
vn 0.4015 0.8881 0.2238
vn 0.2526 0.8614 0.4408
vn 0.0129 0.8349 0.5502
vn 0.2429 0.8735 0.4219
vn 0.0036 0.8208 0.5712
vn 0.0034 0.8208 0.5712
vn 0.6984 0.0776 0.7115
vn 0.0127 0.8349 0.5502
vn 0.6237 0.0606 0.7793
vn 0.6985 0.0775 0.7114
vn 0.0035 0.8208 0.5711
vn 0.4558 0.3000 0.8380
vn 0.9993 0.0122 0.0363
vn 0.5106 0.2816 0.8124
vn 0.9995 0.0132 0.0282
vn 0.4560 0.2998 0.8380
vn 0.9965 -0.0409 0.0735
vn 0.9957 -0.0456 0.0803
vn 0.9964 -0.0410 0.0736
vn 0.9910 -0.0935 0.0961
vn 0.9904 -0.0945 0.1005
vn 0.9910 -0.0935 0.0960
vn 0.9570 -0.1250 0.2618
vn 0.9910 -0.0936 0.0960
vn 0.9553 -0.1254 0.2678
vn 0.9570 -0.1250 0.2619
vn 0.9904 -0.0945 0.1007
vn 0.0984 -0.2081 0.9732
vn -0.2235 -0.1854 0.9569
vn 0.1126 -0.2095 0.9713
vn -0.2157 -0.1907 0.9577
vn -0.2236 -0.1854 0.9569
vn 0.0983 -0.2080 0.9732
vn 0.0137 -0.2481 0.9686
vn 0.0457 -0.2493 0.9674
vn 0.0139 -0.2481 0.9686
vn -0.2156 -0.1907 0.9577
vn 0.0457 -0.2493 0.9673
vn 0.2840 -0.1672 0.9441
vn 0.3008 -0.1640 0.9395
vn 0.2841 -0.1672 0.9441
vn 0.0458 -0.2493 0.9674
vn 0.3008 -0.1639 0.9395
vn 0.3256 -0.0985 0.9403
vn 0.3281 -0.0998 0.9394
vn 0.3256 -0.0985 0.9404
vn -0.0537 -0.9716 -0.2303
vn -0.0614 -0.9672 -0.2464
vn -0.0536 -0.9716 -0.2303
vn -0.0930 -0.9549 -0.2819
vn -0.0614 -0.9672 -0.2465
vn -0.1446 -0.9240 -0.3540
vn -0.1362 -0.9257 -0.3528
vn -0.1447 -0.9240 -0.3540
vn -0.0931 -0.9549 -0.2820
vn -0.1727 -0.9039 -0.3914
vn -0.1447 -0.9240 -0.3541
vn -0.7696 -0.4192 -0.4817
vn -0.6593 -0.4499 -0.6024
vn -0.9458 -0.2411 -0.2177
vn -0.9458 -0.2409 -0.2177
vn -0.6592 -0.4499 -0.6026
vn -0.9278 -0.2685 -0.2589
vn -0.9278 -0.2686 -0.2588
vn -0.9005 0.1886 0.3918
vn -0.9458 -0.2410 -0.2177
vn -0.6592 -0.4500 -0.6025
vn -0.9264 -0.2209 -0.3050
vn -0.9264 -0.2208 -0.3050
vn -0.6591 -0.4500 -0.6025
vn -0.6549 -0.2980 -0.6945
vn -0.6206 -0.1193 -0.7750
vn -0.6549 -0.2978 -0.6945
vn -0.9352 0.1013 0.3393
vn -0.9005 0.1887 0.3917
vn -0.9279 -0.2686 -0.2587
vn -0.9351 0.1014 0.3394
vn -0.4976 0.4369 0.7493
vn -0.9004 0.1888 0.3920
vn -0.8443 -0.1268 -0.5207
vn -0.9264 -0.2209 -0.3049
vn -0.6207 -0.1192 -0.7750
vn -0.8443 -0.1269 -0.5207
vn -0.6152 -0.2505 -0.7475
vn -0.7803 -0.2894 -0.5544
vn -0.9502 -0.3087 0.0432
vn -0.8443 -0.1270 -0.5205
vn -0.7804 -0.2894 -0.5542
vn -0.6290 0.2468 0.7372
vn -0.9351 0.1015 0.3395
vn -0.6289 0.2467 0.7373
vn -0.2652 0.4907 0.8300
vn -0.4973 0.4370 0.7495
vn -0.3891 0.2953 0.8726
vn -0.2651 0.4907 0.8300
vn -0.6288 0.2468 0.7374
vn -0.6288 0.2467 0.7374
vn -0.4387 -0.0216 0.8984
vn -0.3892 0.2950 0.8726
vn -0.9265 -0.2208 -0.3049
vn -0.9669 -0.0578 0.2483
vn -0.9264 -0.2208 -0.3048
vn -0.8443 -0.1268 -0.5206
vn -0.9669 -0.0579 0.2484
vn -0.9351 0.1013 0.3395
vn -0.9669 -0.0578 0.2486
vn -0.6290 0.2467 0.7372
vn -0.9759 -0.1696 0.1372
vn -0.8444 -0.1268 -0.5205
vn -0.9502 -0.3085 0.0431
vn -0.9670 -0.0578 0.2483
vn -0.6606 -0.4102 0.6287
vn -0.9759 -0.1697 0.1374
vn -0.9502 -0.3085 0.0432
vn -0.6863 -0.0451 0.7260
vn -0.4387 -0.0217 0.8984
vn -0.6289 0.2466 0.7374
vn -0.6865 -0.0452 0.7258
vn -0.6862 -0.0452 0.7260
vn -0.4651 -0.3099 0.8292
vn -0.4387 -0.0218 0.8984
vn -0.4651 -0.3102 0.8291
vn -0.6604 -0.4104 0.6289
vn -0.4553 -0.4480 0.7695
vn -0.7015 -0.2690 0.6599
vn -0.6606 -0.4103 0.6287
vn -0.7016 -0.2689 0.6599
vn -0.9759 -0.1696 0.1374
vn -0.6864 -0.0452 0.7258
vn -0.7014 -0.2689 0.6601
vn -0.4652 -0.3099 0.8292
vn -0.6863 -0.0452 0.7260
vn -0.7014 -0.2691 0.6601
vn -0.6604 -0.4103 0.6289
vn -0.1857 0.9799 -0.0725
vn -0.3145 0.9492 0.0038
vn -0.1957 0.9778 -0.0755
vn -0.1958 0.9777 -0.0756
vn -0.3147 0.9492 0.0037
vn -0.3186 0.9479 -0.0025
vn -0.3148 0.9491 0.0039
vn -0.3030 0.9174 0.2580
vn -0.3188 0.9478 -0.0024
vn -0.3186 0.9479 -0.0022
vn -0.3029 0.9174 0.2579
vn -0.3230 0.9078 0.2675
vn -0.3029 0.9174 0.2582
vn -0.1893 0.8511 0.4897
vn -0.3230 0.9078 0.2677
vn -0.3229 0.9078 0.2677
vn -0.1893 0.8511 0.4896
vn -0.1936 0.8378 0.5105
vn -0.1891 0.8511 0.4898
vn -0.8686 0.4739 0.1448
vn -0.1935 0.8377 0.5106
vn -0.1935 0.8378 0.5106
vn -0.8686 0.4738 0.1448
vn -0.8500 0.4648 0.2479
vn -0.7660 0.6422 0.0272
vn -0.8899 0.0677 -0.4511
vn -0.7637 0.6305 0.1389
vn -0.8995 0.0476 -0.4344
vn -0.8804 0.0349 -0.4729
vn -0.8814 0.0307 -0.4714
vn -0.8895 -0.0902 -0.4479
vn -0.8897 -0.1140 -0.4422
vn -0.8895 -0.0903 -0.4479
vn -0.9644 -0.0688 -0.2555
vn -0.8897 -0.1140 -0.4420
vn -0.9644 -0.0687 -0.2554
vn -0.9658 -0.0655 -0.2510
vn -0.6138 0.3992 0.6812
vn -0.7162 0.2403 0.6552
vn -0.6249 0.3937 0.6742
vn -0.6250 0.3937 0.6741
vn -0.7163 0.2403 0.6551
vn -0.7219 0.2672 0.6383
vn -0.7162 0.2401 0.6553
vn -0.4185 -0.0432 0.9072
vn -0.7218 0.2671 0.6385
vn -0.7218 0.2672 0.6385
vn -0.4725 0.0280 0.8809
vn -0.4184 -0.0434 0.9072
vn -0.7036 -0.1978 0.6826
vn -0.4724 0.0278 0.8810
vn -0.4724 0.0278 0.8809
vn -0.7036 -0.1977 0.6826
vn -0.7431 -0.1938 0.6405
vn -0.8768 -0.1702 0.4498
vn -0.7432 -0.1938 0.6404
vn -0.8768 -0.1701 0.4497
vn -0.8876 -0.1727 0.4270
vn -0.0478 -0.9035 0.4259
vn -0.0324 -0.9084 0.4169
vn 0.0144 -0.9150 0.4031
vn -0.0324 -0.9084 0.4168
vn 0.0144 -0.9151 0.4031
vn 0.0143 -0.9151 0.4031
vn 0.0995 -0.9254 0.3658
vn 0.0144 -0.9151 0.4030
vn 0.0996 -0.9254 0.3658
vn 0.0916 -0.9273 0.3630
vn 0.1460 -0.9274 0.3445
vn 0.1460 -0.9273 0.3445
vn 0.1459 -0.9274 0.3445
vn -0.5742 -0.7563 -0.3135
vn -0.4984 -0.7354 -0.4591
vn -0.2799 -0.8759 -0.3931
vn -0.2799 -0.8759 -0.3930
vn -0.4984 -0.7354 -0.4592
vn -0.2741 -0.8873 -0.3709
vn -0.4983 -0.7353 -0.4594
vn -0.2342 -0.7563 -0.6109
vn -0.2741 -0.8873 -0.3710
vn -0.2739 -0.8873 -0.3710
vn -0.2340 -0.7565 -0.6107
vn -0.1014 -0.9212 -0.3755
vn -0.2339 -0.7564 -0.6109
vn 0.0260 -0.7828 -0.6217
vn -0.1013 -0.9212 -0.3756
vn 0.0259 -0.7828 -0.6217
vn -0.0008 -0.9332 -0.3593
vn -0.0006 -0.9332 -0.3593
vn 0.0261 -0.7828 -0.6217
vn 0.1096 -0.9273 -0.3578
vn 0.1096 -0.9273 -0.3579
vn 0.2891 -0.7718 -0.5663
vn 0.1098 -0.9273 -0.3578
vn 0.2892 -0.7719 -0.5662
vn 0.2805 -0.9037 -0.3236
vn 0.2806 -0.9037 -0.3235
vn 0.2894 -0.7718 -0.5663
vn 0.5248 -0.7655 -0.3722
vn 0.2806 -0.9037 -0.3234
vn 0.5249 -0.7656 -0.3719
vn 0.2907 -0.8927 -0.3445
vn 0.5741 -0.7899 -0.2155
vn -0.4784 -0.7218 -0.5001
vn 0.1743 -0.8744 -0.4528
vn -0.3409 -0.8500 -0.4017
vn -0.1768 -0.8556 -0.4866
vn -0.4785 -0.7219 -0.5000
vn -0.6035 -0.7578 -0.2482
vn -0.1765 -0.8556 -0.4866
vn -0.4786 -0.7217 -0.5001
vn -0.5009 -0.8482 -0.1720
vn -0.1766 -0.8555 -0.4868
vn -0.6035 -0.7578 -0.2481
vn -0.1768 -0.8556 -0.4865
vn -0.5010 -0.8482 -0.1722
vn -0.2799 -0.8760 -0.3928
vn -0.5011 -0.8481 -0.1722
vn -0.5742 -0.7563 -0.3134
vn 0.3700 -0.8264 -0.4245
vn -0.0042 -0.9468 -0.3217
vn 0.0155 -0.8534 -0.5209
vn 0.1744 -0.8744 -0.4528
vn -0.0044 -0.9469 -0.3215
vn 0.3703 -0.8263 -0.4244
vn -0.1765 -0.8556 -0.4867
vn 0.1744 -0.8743 -0.4529
vn -0.2795 -0.8760 -0.3931
vn -0.0043 -0.9468 -0.3217
vn -0.2796 -0.8760 -0.3931
vn -0.2739 -0.8873 -0.3709
vn -0.0042 -0.9469 -0.3215
vn -0.2740 -0.8873 -0.3709
vn -0.1012 -0.9213 -0.3754
vn -0.0043 -0.9469 -0.3215
vn -0.1013 -0.9213 -0.3753
vn -0.0007 -0.9333 -0.3591
vn -0.0043 -0.9469 -0.3214
vn 0.0154 -0.8534 -0.5210
vn -0.3406 -0.8056 -0.4848
vn -0.3409 -0.8055 -0.4847
vn -0.1458 -0.8651 -0.4799
vn -0.1458 -0.8650 -0.4800
vn 0.2061 -0.8667 -0.4542
vn 0.2061 -0.8668 -0.4542
vn 0.2905 -0.8927 -0.3445
vn -0.0045 -0.9469 -0.3216
vn 0.2805 -0.9037 -0.3235
vn 0.2906 -0.8927 -0.3445
vn 0.1096 -0.9274 -0.3576
vn 0.2805 -0.9037 -0.3234
vn -0.6180 -0.2946 0.7289
vn -0.5363 -0.1836 0.8238
vn -0.7983 -0.1430 0.5851
vn -0.7983 -0.1431 0.5850
vn -0.6439 0.1960 0.7396
vn -0.7984 -0.1428 0.5849
vn -0.6440 0.1959 0.7395
vn -0.9778 0.0947 0.1870
vn -0.7846 0.2566 0.5644
vn -0.6439 0.1959 0.7396
vn -0.5362 -0.1834 0.8239
vn -0.8026 0.4591 0.3808
vn -0.8027 0.4591 0.3808
vn -0.7847 0.2565 0.5644
vn -0.5738 0.3880 0.7212
vn -0.8987 0.3941 0.1926
vn -0.8027 0.4590 0.3807
vn -0.5738 0.3880 0.7213
vn -0.9563 -0.2164 0.1967
vn -0.8986 0.3941 0.1927
vn -0.5737 0.3880 0.7213
vn -0.9964 0.0791 0.0302
vn -0.8986 0.3942 0.1927
vn -0.9563 -0.2164 0.1968
vn -0.9964 0.0790 0.0301
vn -0.9563 -0.2165 0.1966
vn -0.9339 -0.1039 0.3421
vn -0.9964 0.0792 0.0302
vn -0.9339 -0.1038 0.3420
vn -0.8849 0.4623 0.0559
vn -0.5739 0.3881 0.7212
vn -0.8378 -0.3405 0.4268
vn -0.8673 -0.4925 0.0727
vn -0.9563 -0.2164 0.1966
vn -0.8376 -0.3405 0.4271
vn -0.8672 -0.4927 0.0725
vn -0.9563 -0.2165 0.1967
vn -0.6909 0.2707 0.6704
vn -0.8377 -0.3405 0.4269
vn -0.6910 0.2706 0.6703
vn -0.7665 0.4095 0.4947
vn -0.7664 0.4096 0.4947
vn -0.8378 -0.3404 0.4269
vn -0.6908 0.2707 0.6705
vn -0.7665 0.4095 0.4948
vn -0.7846 0.2567 0.5644
vn -0.8329 -0.0968 0.5449
vn -0.7664 0.4097 0.4947
vn -0.8329 -0.0966 0.5448
vn -0.7847 0.2564 0.5644
vn -0.7534 -0.0119 0.6575
vn -0.7533 -0.0120 0.6575
vn -0.4933 -0.5854 0.6434
vn -0.9448 -0.2161 0.2464
vn -0.7665 0.4094 0.4948
vn -0.8377 -0.3405 0.4270
vn -0.9448 -0.2160 0.2465
vn -0.8672 -0.4927 0.0727
vn -0.9447 -0.2162 0.2464
vn -0.8329 -0.0967 0.5449
vn -0.8671 -0.4928 0.0727
vn -0.8329 -0.0965 0.5449
vn -0.8328 -0.2552 0.4912
vn -0.9338 -0.1039 0.3423
vn -0.8329 -0.2549 0.4912
vn -0.8849 0.4623 0.0558
vn -0.9339 -0.1037 0.3421
vn -0.8623 0.3241 0.3891
vn -0.4944 0.7352 0.4637
vn -0.8848 0.4625 0.0559
vn -0.8622 0.3243 0.3891
vn -0.4881 0.8685 0.0867
vn -0.8848 0.4626 0.0559
vn -0.4879 0.8686 0.0867
vn -0.4942 0.7353 0.4637
vn -0.2067 0.9777 0.0362
vn -0.2067 0.9777 0.0363
vn -0.4942 0.7353 0.4638
vn -0.2262 0.8808 0.4159
vn -0.2285 0.4652 0.8552
vn -0.2262 0.8807 0.4161
vn -0.4942 0.7353 0.4639
vn -0.6135 0.2165 0.7594
vn -0.4944 0.7351 0.4638
vn -0.8622 0.3243 0.3892
vn -0.9338 -0.1038 0.3423
vn -0.6136 0.2163 0.7594
vn -0.8623 0.3241 0.3892
vn -0.6134 0.2165 0.7595
vn -0.2287 0.4652 0.8551
vn -0.4943 0.7352 0.4639
vn -0.6617 -0.1673 0.7309
vn -0.9338 -0.1040 0.3423
vn -0.8329 -0.2552 0.4911
vn -0.6617 -0.1671 0.7309
vn -0.6135 0.2163 0.7595
vn -0.9338 -0.1038 0.3424
vn -0.6134 0.2164 0.7596
vn -0.0832 0.1578 0.9840
vn -0.2287 0.4651 0.8552
vn -0.6134 0.2163 0.7596
vn -0.6615 -0.1672 0.7311
vn -0.0832 0.1577 0.9840
vn -0.2284 0.4652 0.8552
vn -0.0831 0.1579 0.9840
vn -0.0744 0.3309 0.9407
vn -0.0922 -0.1437 0.9853
vn -0.8330 -0.2550 0.4910
vn -0.6911 -0.2613 0.6739
vn -0.6617 -0.1672 0.7309
vn -0.6909 -0.2613 0.6740
vn -0.0922 -0.1439 0.9853
vn -0.6615 -0.1673 0.7310
vn -0.6911 -0.2612 0.6739
vn -0.8330 -0.2550 0.4911
vn -0.8330 -0.0968 0.5448
vn -0.5732 -0.1639 0.8028
vn -0.0922 -0.1438 0.9853
vn -0.8329 -0.0967 0.5448
vn -0.5734 -0.1637 0.8028
vn -0.0904 -0.0658 0.9937
vn -0.0920 -0.1439 0.9853
vn -0.8328 -0.0966 0.5450
vn -0.6432 0.0255 0.7653
vn -0.6432 0.0256 0.7653
vn -0.8329 -0.0966 0.5449
vn -0.7533 -0.0118 0.6576
vn -0.0905 -0.0658 0.9937
vn -0.0897 -0.0343 0.9954
vn -0.6176 -0.3465 0.7060
vn -0.7532 -0.0119 0.6577
vn -0.4932 -0.5854 0.6434
vn -0.6176 -0.3466 0.7060
vn -0.5554 -0.0019 0.8316
vn -0.5553 -0.0019 0.8317
vn -0.5552 -0.0019 0.8317
vn -0.0934 -0.2669 0.9592
vn -0.0933 -0.2669 0.9592
vn -0.0934 -0.2670 0.9592
vn -0.6176 -0.3467 0.7060
vn -0.0782 -0.7991 0.5961
vn -0.6175 -0.3468 0.7060
vn -0.0782 -0.7992 0.5960
vn -0.0777 -0.8056 0.5874
vn -0.0777 -0.8055 0.5874
vn -0.4932 -0.5854 0.6435
vn -0.1241 -0.6963 0.7069
vn -0.1239 -0.6962 0.7070
vn -0.4933 -0.5853 0.6435
vn -0.0174 -0.6362 0.7714
vn -0.0331 -0.6358 0.7711
vn -0.0330 -0.6358 0.7712
vn 0.0679 -0.5946 0.8011
vn -0.0173 -0.6361 0.7714
vn -0.1503 -0.6324 0.7599
vn -0.2368 -0.5854 0.7754
vn -0.1348 -0.6329 0.7624
vn 0.3424 -0.6098 0.7148
vn -0.1502 -0.6324 0.7599
vn -0.1347 -0.6330 0.7624
vn -0.1502 -0.6325 0.7599
vn 0.3425 -0.6098 0.7148
vn -0.0381 -0.6987 0.7144
vn -0.0379 -0.6988 0.7143
vn 0.3423 -0.6098 0.7148
vn -0.0775 -0.8056 0.5874
vn -0.0774 -0.8056 0.5873
vn 0.3425 -0.6099 0.7146
vn -0.0780 -0.7992 0.5960
vn 0.3424 -0.6099 0.7147
vn 0.4682 -0.3788 0.7983
vn -0.0780 -0.7991 0.5961
vn -0.0780 -0.7991 0.5962
vn 0.4683 -0.3787 0.7983
vn 0.6294 -0.0525 0.7753
vn 0.6918 0.2132 0.6898
vn 0.6295 -0.0525 0.7753
vn 0.6295 -0.0524 0.7753
vn 0.6919 0.2132 0.6898
vn 0.7218 -0.1423 0.6773
vn 0.7218 -0.1424 0.6773
vn 0.5050 -0.0081 0.8631
vn 0.6293 -0.0523 0.7754
vn 0.6292 -0.0524 0.7754
vn 0.5050 -0.0082 0.8631
vn 0.4682 -0.3786 0.7984
vn 0.4057 -0.0300 0.9135
vn 0.4683 -0.3786 0.7984
vn 0.4058 -0.0300 0.9135
vn 0.4059 -0.0300 0.9134
vn 0.4189 -0.1928 0.8873
vn -0.0906 -0.0658 0.9937
vn 0.5051 -0.0082 0.8630
vn 0.7217 -0.1423 0.6775
vn -0.0907 -0.0658 0.9937
vn 0.5507 -0.2976 0.7799
vn -0.0920 -0.1438 0.9853
vn 0.4187 -0.1930 0.8874
vn 0.5174 -0.2020 0.8315
vn 0.5506 -0.2976 0.7799
vn -0.0920 -0.1437 0.9853
vn 0.5174 -0.2018 0.8316
vn -0.0830 0.1577 0.9840
vn 0.7217 -0.3007 0.6234
vn 0.5509 -0.2976 0.7797
vn 0.5177 -0.2019 0.8314
vn 0.7217 -0.3008 0.6235
vn 0.7216 -0.3009 0.6235
vn 0.8550 -0.1565 0.4945
vn 0.5176 -0.2020 0.8314
vn 0.4876 0.1838 0.8535
vn 0.8550 -0.1563 0.4945
vn 0.4878 0.1838 0.8534
vn 0.5177 -0.2018 0.8314
vn 0.8123 -0.5419 0.2158
vn 0.7217 -0.3007 0.6235
vn 0.8123 -0.5418 0.2158
vn 0.7216 -0.3008 0.6236
vn 0.1075 0.4553 0.8838
vn -0.0830 0.1578 0.9840
vn 0.4876 0.1840 0.8535
vn 0.1073 0.4553 0.8838
vn 0.4508 0.7073 0.5445
vn 0.1076 0.4554 0.8838
vn 0.4877 0.1841 0.8534
vn 0.4507 0.7075 0.5444
vn 0.2035 0.8682 0.4525
vn 0.2035 0.8683 0.4523
vn 0.4508 0.7075 0.5443
vn 0.2541 0.9642 0.0754
vn 0.2541 0.9642 0.0755
vn 0.5161 0.8390 0.1722
vn 0.4510 0.7074 0.5443
vn 0.8881 0.4105 0.2069
vn 0.5163 0.8389 0.1722
vn 0.8015 0.2754 0.5308
vn 0.4509 0.7073 0.5444
vn 0.4878 0.1840 0.8533
vn 0.8016 0.2755 0.5306
vn 0.8016 0.2752 0.5308
vn 0.4879 0.1839 0.8533
vn 0.8017 0.2753 0.5306
vn 0.8551 -0.1563 0.4943
vn 0.8882 0.4103 0.2068
vn 0.8551 -0.1563 0.4944
vn 0.9799 0.0213 0.1984
vn 0.8551 -0.1565 0.4943
vn 0.8950 -0.2707 0.3544
vn 0.9799 0.0211 0.1984
vn 0.8951 -0.2707 0.3544
vn 0.8551 -0.1564 0.4943
vn 0.8124 -0.5418 0.2158
vn 0.8950 -0.2707 0.3546
vn 0.8746 0.3421 0.3436
vn 0.9799 0.0212 0.1984
vn 0.4651 0.3578 0.8097
vn 0.8950 -0.2706 0.3546
vn 0.4652 0.3577 0.8097
vn 0.7521 0.4135 0.5132
vn 0.8747 0.3420 0.3435
vn 0.8950 -0.2708 0.3545
vn 0.8123 -0.5419 0.2156
vn 0.7324 -0.3864 0.5606
vn 0.8950 -0.2707 0.3545
vn 0.7325 -0.3865 0.5605
vn 0.4652 0.3579 0.8097
vn 0.8123 -0.5418 0.2157
vn 0.8754 -0.2694 0.4014
vn 0.7324 -0.3863 0.5606
vn 0.7218 -0.1422 0.6774
vn 0.8754 -0.2695 0.4013
vn 0.8122 -0.5420 0.2158
vn 0.6945 0.3667 0.6191
vn 0.6944 0.3666 0.6192
vn 0.7324 -0.3865 0.5605
vn 0.8739 -0.2710 0.4036
vn 0.6918 0.2135 0.6898
vn 0.6943 0.3669 0.6191
vn 0.7217 -0.1425 0.6774
vn 0.4651 0.3577 0.8097
vn 0.6919 0.2133 0.6898
vn 0.6917 0.2135 0.6899
vn 0.4651 0.3577 0.8098
vn 0.5823 0.2333 0.7788
vn 0.7338 -0.3892 0.5569
vn 0.6944 0.3667 0.6192
vn 0.4652 0.3578 0.8097
vn 0.5824 0.2332 0.7787
vn 0.5825 0.2333 0.7786
vn 0.7520 0.4136 0.5133
vn 0.6918 0.2133 0.6899
vn 0.5199 0.1618 0.8387
vn 0.7520 0.4136 0.5132
vn 0.9360 0.0386 0.3499
vn 0.3775 -0.2102 0.9018
vn 0.5199 0.1617 0.8388
vn 0.6918 0.2133 0.6898
vn 0.9360 0.0387 0.3500
vn 0.5200 0.1618 0.8387
vn 0.6783 -0.1862 0.7108
vn 0.3777 -0.2104 0.9017
vn 0.6781 -0.1863 0.7110
vn 0.3778 -0.2104 0.9017
vn 0.4678 -0.3264 0.8213
vn -0.2068 0.9665 -0.1518
vn -0.4879 0.8686 0.0866
vn -0.2067 0.9777 0.0360
vn -0.4396 0.8701 -0.2227
vn -0.4879 0.8686 0.0865
vn -0.2069 0.9665 -0.1518
vn -0.0549 0.6651 -0.7447
vn -0.4396 0.8701 -0.2228
vn -0.2068 0.9665 -0.1520
vn -0.4398 0.8700 -0.2227
vn -0.7794 0.5344 -0.3271
vn -0.4881 0.8685 0.0865
vn -0.8848 0.4626 0.0558
vn -0.7795 0.5342 -0.3272
vn -0.9964 0.0793 0.0299
vn -0.8849 0.4624 0.0557
vn -0.8845 0.2525 -0.3923
vn -0.9964 0.0792 0.0299
vn -0.8845 0.2524 -0.3924
vn -0.8985 0.3943 0.1927
vn -0.4238 0.5769 -0.6983
vn -0.7793 0.5343 -0.3273
vn -0.4398 0.8700 -0.2229
vn -0.4238 0.5768 -0.6984
vn -0.8844 0.2525 -0.3925
vn -0.7794 0.5342 -0.3273
vn -0.2133 0.7657 -0.6068
vn -0.4396 0.8701 -0.2229
vn -0.4237 0.5769 -0.6984
vn -0.4397 0.8701 -0.2229
vn -0.2132 0.7656 -0.6070
vn 0.0839 0.5054 -0.8588
vn 0.0838 0.5054 -0.8588
vn -0.4236 0.5768 -0.6985
vn -0.2132 0.7655 -0.6070
vn 0.0840 0.5054 -0.8588
vn -0.0548 0.6651 -0.7447
vn 0.0850 0.4471 -0.8904
vn 0.0839 0.5052 -0.8589
vn -0.4680 0.3638 -0.8054
vn -0.4237 0.5768 -0.6984
vn -0.4682 0.3639 -0.8052
vn -0.8844 0.2526 -0.3925
vn 0.0857 0.3578 -0.9299
vn -0.4680 0.3639 -0.8053
vn -0.8986 0.3943 0.1926
vn -0.8845 0.2524 -0.3923
vn -0.8033 0.4891 -0.3398
vn -0.4682 0.3638 -0.8053
vn -0.8033 0.4890 -0.3400
vn 0.0857 0.3577 -0.9299
vn -0.3785 0.4574 -0.8047
vn -0.3786 0.4575 -0.8046
vn 0.0855 0.3801 -0.9210
vn 0.0856 0.2899 -0.9532
vn 0.0854 0.3802 -0.9210
vn -0.7939 0.4916 -0.3579
vn -0.8985 0.3945 0.1926
vn -0.8033 0.4891 -0.3399
vn -0.7938 0.4917 -0.3579
vn -0.8026 0.4593 0.3807
vn -0.8985 0.3944 0.1926
vn -0.8026 0.4592 0.3808
vn -0.7939 0.4916 -0.3578
vn -0.9778 0.0948 0.1866
vn -0.8277 0.2448 -0.5049
vn -0.3529 0.3775 -0.8561
vn -0.3785 0.4575 -0.8047
vn -0.3532 0.3775 -0.8560
vn -0.7938 0.4916 -0.3580
vn -0.3787 0.4575 -0.8045
vn -0.8277 0.2448 -0.5050
vn 0.0843 0.1518 -0.9848
vn -0.3530 0.3775 -0.8561
vn 0.0856 0.2898 -0.9533
vn -0.3532 0.3774 -0.8561
vn -0.2965 0.2056 -0.9326
vn -0.2963 0.2057 -0.9327
vn -0.3530 0.3774 -0.8561
vn 0.0843 0.1519 -0.9848
vn 0.2541 0.9642 0.0753
vn 0.5161 0.8391 0.1721
vn 0.2854 0.9521 -0.1098
vn 0.5209 0.8419 -0.1407
vn 0.2854 0.9521 -0.1100
vn 0.5209 0.8419 -0.1408
vn 0.2186 0.6573 -0.7213
vn 0.5163 0.8389 0.1721
vn 0.8531 0.4868 -0.1879
vn 0.5211 0.8418 -0.1407
vn 0.8882 0.4105 0.2066
vn 0.8531 0.4867 -0.1879
vn 0.8882 0.4103 0.2066
vn 0.9799 0.0214 0.1982
vn 0.8532 0.4865 -0.1880
vn 0.9799 0.0214 0.1983
vn 0.9512 0.1988 -0.2360
vn 0.8745 0.3423 0.3436
vn 0.9512 0.1986 -0.2360
vn 0.9799 0.0213 0.1982
vn 0.5211 0.8418 -0.1408
vn 0.8531 0.4867 -0.1881
vn 0.5684 0.5480 -0.6137
vn 0.8532 0.4866 -0.1881
vn 0.9511 0.1988 -0.2362
vn 0.5685 0.5478 -0.6138
vn 0.3569 0.7491 -0.5580
vn 0.2185 0.6573 -0.7213
vn 0.5209 0.8419 -0.1409
vn 0.5210 0.8418 -0.1409
vn 0.3570 0.7491 -0.5580
vn 0.3569 0.7490 -0.5582
vn 0.0841 0.5054 -0.8588
vn 0.5683 0.5479 -0.6139
vn 0.2184 0.6573 -0.7213
vn 0.0840 0.5055 -0.8588
vn 0.5684 0.5479 -0.6138
vn 0.6176 0.3321 -0.7130
vn 0.0841 0.5053 -0.8589
vn 0.5685 0.5479 -0.6137
vn 0.9512 0.1988 -0.2362
vn 0.6178 0.3321 -0.7128
vn 0.0860 0.3578 -0.9298
vn 0.8761 0.4400 -0.1969
vn 0.9512 0.1987 -0.2360
vn 0.8746 0.3422 0.3435
vn 0.9512 0.1987 -0.2362
vn 0.8761 0.4399 -0.1971
vn 0.6178 0.3320 -0.7128
vn 0.5351 0.4307 -0.7267
vn 0.0860 0.3577 -0.9299
vn 0.6176 0.3320 -0.7130
vn 0.5352 0.4307 -0.7266
vn 0.0857 0.3801 -0.9210
vn 0.0857 0.3802 -0.9209
vn 0.0858 0.2899 -0.9532
vn 0.8745 0.3424 0.3435
vn 0.8701 0.4429 -0.2163
vn 0.8700 0.4430 -0.2164
vn 0.5352 0.4307 -0.7267
vn 0.8745 0.3424 0.3436
vn 0.7520 0.4137 0.5131
vn 0.9361 0.0388 0.3497
vn 0.8702 0.4428 -0.2162
vn 0.9141 0.1937 -0.3562
vn 0.8701 0.4428 -0.2163
vn 0.9361 0.0387 0.3497
vn 0.5140 0.3521 -0.7822
vn 0.5353 0.4307 -0.7266
vn 0.8701 0.4429 -0.2165
vn 0.5142 0.3521 -0.7821
vn 0.9140 0.1938 -0.3563
vn 0.5142 0.3520 -0.7821
vn 0.8701 0.4428 -0.2164
vn 0.0858 0.2897 -0.9533
vn 0.5141 0.3519 -0.7822
vn 0.0845 0.1519 -0.9848
vn 0.4613 0.1834 -0.8681
vn 0.5142 0.3519 -0.7822
vn 0.0846 0.1519 -0.9848
vn 0.5140 0.3519 -0.7823
vn 0.4611 0.1834 -0.8682
vn -0.0033 0.9890 0.1481
vn -0.0033 0.9890 0.1480
vn 0.0012 0.9625 0.2714
vn -0.0066 0.9628 0.2701
vn -0.0066 0.9628 0.2702
vn -0.0266 0.8330 0.5526
vn 0.0012 0.9624 0.2715
vn -0.0266 0.8329 0.5528
vn -0.0660 0.4578 0.8866
vn -0.0667 0.4493 0.8909
vn -0.0660 0.4576 0.8867
vn -0.0667 0.4490 0.8910
vn -0.0744 0.3306 0.9408
vn -0.0744 0.3307 0.9408
vn -0.2285 0.4651 0.8552
vn 0.0357 0.9878 0.1514
vn 0.0358 0.9878 0.1515
vn 0.0169 0.9621 0.2721
vn 0.0169 0.9621 0.2723
vn -0.0666 0.4493 0.8909
vn -0.0660 0.4579 0.8866
vn -0.0666 0.4490 0.8910
vn 0.1074 0.4552 0.8839
vn -0.3055 0.4620 0.8326
vn -0.3953 0.5674 0.7224
vn -0.6040 0.2567 0.7545
vn -0.7359 0.4375 0.5167
vn -0.3953 0.5675 0.7223
vn -0.8427 0.5211 0.1355
vn -0.7359 0.4376 0.5167
vn -0.9474 0.3077 0.0882
vn -0.7359 0.4376 0.5166
vn -0.8428 0.5209 0.1355
vn -0.9337 0.1358 0.3312
vn -0.9337 0.1357 0.3314
vn -0.6041 0.2566 0.7545
vn -0.8524 -0.0216 0.5224
vn -0.6042 0.2566 0.7544
vn -0.9943 0.1053 0.0147
vn -0.9913 0.1102 -0.0721
vn -0.9913 0.1102 -0.0722
vn -0.9951 0.0965 0.0209
vn -0.9920 0.1026 -0.0734
vn -0.9920 0.1026 -0.0736
vn -0.9948 0.0641 -0.0795
vn -0.9943 0.0718 -0.0783
vn -0.9785 0.1243 -0.1645
vn -0.9959 0.0330 -0.0846
vn 0.0799 -0.1412 -0.9867
vn 0.0850 0.4468 -0.8906
vn 0.1153 -0.1343 -0.9842
vn 0.0760 -0.1411 -0.9871
vn -0.0550 0.6651 -0.7447
vn 0.1153 -0.1345 -0.9842
vn 0.0481 -0.7933 -0.6070
vn 0.0760 -0.1413 -0.9870
vn 0.0759 -0.1413 -0.9870
vn 0.0287 -0.7928 -0.6088
vn 0.0481 -0.7934 -0.6068
vn -0.0090 -0.9622 -0.2722
vn 0.0247 -0.7928 -0.6090
vn 0.0424 -0.1325 -0.9903
vn 0.0760 -0.1414 -0.9870
vn 0.0090 -0.7924 -0.6100
vn 0.0450 -0.1326 -0.9902
vn 0.0247 -0.7927 -0.6092
vn 0.0799 -0.1414 -0.9867
vn 0.0090 -0.7925 -0.6098
vn -0.0090 -0.9622 -0.2721
vn 0.0286 -0.7929 -0.6087
vn -0.0408 0.4567 -0.8887
vn -0.0009 0.2306 -0.9731
vn -0.0090 0.2153 -0.9765
vn -0.0407 0.4419 -0.8962
vn -0.0408 0.4566 -0.8887
vn -0.0712 0.9260 -0.3707
vn -0.0407 0.4420 -0.8961
vn -0.0408 0.4569 -0.8886
vn -0.0702 0.9202 -0.3851
vn -0.0408 0.4421 -0.8960
vn -0.0711 0.9260 -0.3707
vn -0.1235 0.9591 0.2546
vn -0.0702 0.9203 -0.3848
vn -0.0711 0.9261 -0.3704
vn -0.1235 0.9591 0.2545
vn -0.1869 0.5947 0.7819
vn -0.1235 0.9591 0.2548
vn -0.1870 0.5947 0.7819
vn -0.2115 0.0501 0.9761
vn -0.1870 0.5945 0.7821
vn -0.1869 0.5945 0.7821
vn -0.2118 0.0421 0.9764
vn -0.2116 0.0501 0.9761
vn -0.2017 -0.1937 0.9601
vn -0.2119 0.0419 0.9764
vn -0.2116 0.0498 0.9761
vn -0.1940 -0.2018 0.9600
vn -0.2017 -0.1938 0.9601
vn -0.1866 -0.2328 0.9545
vn -0.1865 -0.2328 0.9545
vn 0.0231 0.3367 -0.9413
vn -0.0090 0.2157 -0.9764
vn 0.0231 0.3366 -0.9413
vn -0.0009 0.2309 -0.9730
vn -0.9957 0.0408 -0.0830
vn -0.9957 0.0407 -0.0829
vn 0.3540 -0.8702 -0.3427
vn 0.5132 -0.7508 -0.4159
vn 0.5133 -0.7508 -0.4158
vn -0.1459 -0.8651 -0.4799
vn 0.2063 -0.8668 -0.4540
vn 0.5134 -0.7506 -0.4159
vn 0.2061 -0.8668 -0.4540
vn 0.5917 -0.7928 -0.1463
vn 0.4729 -0.8766 -0.0891
vn 0.2907 -0.8927 -0.3444
vn 0.4729 -0.8766 -0.0894
vn 0.2063 -0.8668 -0.4541
vn 0.5741 -0.7899 -0.2156
vn 0.4731 -0.8765 -0.0893
vn 0.4815 0.2248 0.8471
vn 0.2997 0.5468 0.7818
vn 0.1866 0.4475 0.8746
vn 0.6622 0.3965 0.6358
vn 0.8366 0.4717 0.2785
vn 0.2998 0.5468 0.7817
vn 0.8368 0.4714 0.2785
vn 0.6622 0.3966 0.6358
vn 0.9351 0.2525 0.2485
vn 0.9351 0.2525 0.2486
vn 0.8707 0.0829 0.4848
vn 0.4817 0.2247 0.8471
vn 0.8706 0.0827 0.4850
vn 0.8706 0.0828 0.4850
vn 0.4817 0.2247 0.8470
vn 0.7489 -0.0685 0.6591
vn 0.9820 0.0474 0.1830
vn 0.9939 0.0520 0.0969
vn 0.9812 0.0385 0.1892
vn 0.9939 0.0520 0.0968
vn 0.9944 0.0443 0.0957
vn 0.9959 0.0057 0.0900
vn 0.9960 -0.0253 0.0854
vn 0.9960 -0.0254 0.0854
vn 0.9957 0.0134 0.0912
vn 0.9978 0.0663 0.0038
vn 0.1862 0.2097 -0.9599
vn 0.1788 0.2254 -0.9577
vn 0.2169 0.4489 -0.8669
vn 0.2172 0.4343 -0.8742
vn 0.2169 0.4491 -0.8667
vn 0.2172 0.4345 -0.8741
vn 0.1866 0.9184 -0.3488
vn 0.1867 0.9184 -0.3488
vn 0.1876 0.9126 -0.3632
vn 0.1867 0.9185 -0.3485
vn 0.1876 0.9127 -0.3630
vn 0.1343 0.9516 0.2765
vn 0.1877 0.9127 -0.3630
vn 0.1342 0.9515 0.2767
vn 0.0865 0.5866 0.8052
vn 0.0864 0.5866 0.8052
vn 0.0864 0.5864 0.8054
vn 0.0462 0.0425 0.9980
vn 0.0459 0.0345 0.9984
vn 0.0462 0.0423 0.9980
vn 0.0459 0.0342 0.9984
vn 0.0249 -0.2004 0.9794
vn 0.0169 -0.2080 0.9780
vn 0.0087 -0.2385 0.9711
vn 0.0088 -0.2385 0.9711
vn 0.9960 -0.0255 0.0854
vn 0.1787 0.2256 -0.9577
vn 0.1862 0.2099 -0.9598
vn 0.1559 0.3327 -0.9301
vn 0.1558 0.3327 -0.9301
vn 0.0165 -0.8290 -0.5590
vn 0.0157 -0.8310 -0.5561
vn 0.0209 -0.8282 -0.5601
vn 0.0019 -0.9520 -0.3060
vn 0.0158 -0.8310 -0.5560
vn -0.0274 -0.9329 -0.3592
vn 0.0018 -0.9521 -0.3058
vn 0.0037 -0.9997 -0.0233
vn -0.0274 -0.9330 -0.3589
vn 0.0039 -0.9997 -0.0231
vn 0.0019 -0.9521 -0.3058
vn 0.0588 -0.9966 0.0583
vn 0.0038 -0.9997 -0.0232
vn 0.0757 -0.9971 0.0009
vn 0.9188 0.1647 -0.3588
vn 0.9184 0.2668 -0.2920
vn 0.9793 -0.1368 0.1492
vn 0.9793 -0.1369 0.1492
vn 0.9642 -0.0570 0.2591
vn 0.9664 0.2285 -0.1176
vn 0.9642 -0.0571 0.2591
vn 0.9779 -0.1162 0.1738
vn 0.9793 -0.1369 0.1493
vn 0.9641 -0.0570 0.2592
vn 0.9664 0.2286 -0.1176
vn 0.7054 -0.1452 0.6937
vn 0.8544 0.1575 0.4952
vn 0.9779 -0.1162 0.1739
vn 0.6277 0.2454 0.7387
vn 0.7055 -0.1453 0.6936
vn 0.5240 -0.0110 0.8516
vn 0.5240 -0.0110 0.8517
vn 0.8543 0.1576 0.4953
vn 0.8544 0.1576 0.4951
vn -0.1120 0.6978 0.7074
vn 0.6279 0.2454 0.7386
vn 0.6649 0.5399 0.5160
vn -0.1121 0.6977 0.7076
vn 0.6649 0.5400 0.5161
vn 0.6278 0.2454 0.7387
vn 0.6649 0.5400 0.5160
vn -0.1962 0.2631 0.9446
vn 0.5239 -0.0110 0.8517
vn -0.2083 0.0807 0.9747
vn -0.1120 0.6978 0.7075
vn 0.5238 -0.0110 0.8517
vn 0.7054 -0.1453 0.6937
vn -0.2617 0.2177 0.9403
vn -0.9442 0.3163 0.0913
vn -0.1962 0.2632 0.9446
vn 0.6650 0.5399 0.5160
vn -0.1376 0.6841 0.7163
vn -0.1375 0.6840 0.7164
vn 0.6649 0.5399 0.5161
vn -0.8632 0.4744 0.1727
vn -0.1960 0.2631 0.9446
vn -0.1373 0.6842 0.7163
vn -0.1120 0.6977 0.7076
vn -0.8633 0.4742 0.1729
vn -0.9145 0.0457 0.4020
vn -0.1961 0.2632 0.9446
vn -0.8632 0.4743 0.1727
vn -0.9511 0.3069 -0.0341
vn -0.8632 0.4744 0.1729
vn -0.1119 0.6977 0.7076
vn -0.9536 -0.0030 -0.3009
vn -0.9146 0.0457 0.4018
vn -0.9511 0.3068 -0.0341
vn -0.9426 0.2263 -0.2456
vn -0.9536 -0.0028 -0.3012
vn -0.9536 -0.0028 -0.3011
vn -0.9426 0.2262 -0.2456
vn -0.9331 0.0775 -0.3511
vn -0.7276 0.2227 -0.6488
vn -0.2083 0.0808 0.9747
vn -0.8384 0.2590 0.4796
vn -0.1119 0.6978 0.7074
vn -0.1119 0.6978 0.7075
vn -0.9512 0.3068 -0.0341
vn -0.9442 0.3164 0.0913
vn -0.9426 0.2265 -0.2454
vn -0.9511 0.3070 -0.0341
vn -0.8384 0.2590 0.4795
vn -0.9426 0.2263 -0.2454
vn -0.9443 0.3162 0.0914
vn -0.4968 0.6503 -0.5747
vn -0.9425 0.2264 -0.2457
vn -0.9442 0.3164 0.0915
vn -0.6714 0.4869 -0.5587
vn -0.6715 0.4869 -0.5587
vn -0.9426 0.2265 -0.2455
vn -0.4967 0.6504 -0.5747
vn -0.7274 0.2228 -0.6490
vn 0.1212 0.4012 -0.9079
vn 0.4431 0.6948 -0.5664
vn -0.6716 0.4868 -0.5586
vn -0.4968 0.6504 -0.5747
vn -0.6715 0.4868 -0.5587
vn 0.1384 0.6230 -0.7699
vn -0.6715 0.4869 -0.5586
vn 0.4432 0.6948 -0.5664
vn 0.1383 0.6230 -0.7699
vn 0.9301 0.1865 -0.3164
vn 0.4432 0.6947 -0.5665
vn 0.1384 0.6229 -0.7699
vn 0.1213 0.4012 -0.9079
vn 0.9302 0.1864 -0.3163
vn 0.9188 0.1646 -0.3588
vn 0.9899 0.1148 -0.0835
vn 0.9301 0.1866 -0.3163
vn 0.4430 0.6948 -0.5665
vn 0.3416 0.8880 0.3078
vn 0.2923 0.7774 0.5570
vn 0.3521 0.8246 0.4427
vn 0.3516 0.8779 0.3252
vn 0.3415 0.8881 0.3077
vn 0.1828 0.9449 0.2715
vn 0.3515 0.8779 0.3251
vn 0.3514 0.8779 0.3252
vn 0.1826 0.9449 0.2715
vn 0.1602 0.9473 0.2774
vn 0.1601 0.9473 0.2774
vn 0.1825 0.9450 0.2715
vn 0.0759 0.9529 0.2936
vn 0.0739 0.9618 0.2634
vn 0.0732 0.9618 0.2637
vn -0.0076 0.9004 0.4349
vn 0.0759 0.9529 0.2938
vn -0.0075 0.9004 0.4351
vn -0.5718 0.7371 0.3602
vn -0.0075 0.9003 0.4351
vn -0.6947 0.6142 0.3743
vn -0.5718 0.7371 0.3603
vn -0.6947 0.6140 0.3746
vn -0.0087 0.8756 0.4830
vn -0.0087 0.8756 0.4829
vn -0.6947 0.6142 0.3744
vn 0.0294 0.8829 0.4687
vn 0.2182 0.4936 0.8419
vn 0.1798 0.3834 0.9059
vn 0.2803 0.7335 0.6192
vn 0.2802 0.7335 0.6192
vn 0.3039 0.7872 0.5367
vn 0.2182 0.4938 0.8418
vn 0.3570 0.8326 0.4235
vn 0.3040 0.7871 0.5367
vn 0.2804 0.7335 0.6192
vn -0.3992 -0.9130 0.0837
vn -0.0002 -0.9782 0.2075
vn -0.3955 -0.9152 0.0772
vn -0.3957 -0.9151 0.0772
vn -0.7203 -0.6914 -0.0558
vn -0.3995 -0.9129 0.0836
vn -0.2321 -0.8243 -0.5165
vn -0.1749 -0.8768 -0.4479
vn 0.1133 -0.9370 -0.3306
vn -0.1750 -0.8768 -0.4479
vn -0.2323 -0.8241 -0.5166
vn -0.5355 -0.6542 -0.5341
vn 0.0032 -1.0000 0.0047
vn -0.9979 -0.0578 0.0280
vn -0.8206 0.0345 -0.5705
vn -0.8345 -0.0908 -0.5435
vn -0.9968 0.0746 0.0278
vn -0.9979 -0.0579 0.0280
vn -0.9968 0.0747 0.0278
vn -0.8808 0.1240 -0.4569
vn -0.9979 -0.0579 0.0281
vn -0.9979 -0.0578 0.0281
vn -0.9968 0.0746 0.0279
vn -0.9213 0.2035 0.3313
vn -0.8859 0.3833 0.2613
vn -0.8042 0.0872 0.5879
vn -0.9979 -0.0578 0.0282
vn -0.6839 0.5282 0.5033
vn -0.9213 0.2034 0.3313
vn -0.9968 0.0747 0.0280
vn -0.8859 0.3834 0.2612
vn -0.6840 0.5282 0.5032
vn -0.9968 0.0748 0.0280
vn -0.0142 0.9077 0.4194
vn -0.6838 0.5283 0.5033
vn -0.8859 0.3832 0.2612
vn -0.7799 0.4632 0.4210
vn 0.0143 0.1814 0.9833
vn -0.7799 0.4632 0.4209
vn -0.8041 0.0873 0.5880
vn 0.0253 0.7159 0.6978
vn -0.9214 0.2033 0.3312
vn -0.6838 0.5282 0.5034
vn -0.0606 0.6410 0.7651
vn -0.9214 0.2034 0.3312
vn 0.0254 0.7159 0.6978
vn -0.0606 0.6411 0.7651
vn 0.9071 0.3619 0.2147
vn 0.0061 0.6116 0.7911
vn 0.0145 0.1814 0.9833
vn -0.0143 0.9077 0.4194
vn -0.7800 0.4631 0.4209
vn 0.0061 0.6114 0.7913
vn 0.0058 0.6115 0.7912
vn 0.0142 0.1814 0.9833
vn 0.8032 0.4739 0.3608
vn 0.8033 0.4738 0.3609
vn -0.0141 0.9077 0.4194
vn 0.0060 0.6114 0.7913
vn 0.8033 0.4739 0.3608
vn 0.0142 0.1813 0.9833
vn 0.8578 0.0280 0.5133
vn 0.8032 0.4740 0.3609
vn 0.8578 0.0280 0.5131
vn 0.9139 0.3952 0.0927
vn 0.9140 0.3951 0.0927
vn 0.9906 -0.0993 -0.0936
vn 0.9906 -0.0993 -0.0937
vn 0.9882 0.0577 -0.1421
vn 0.9807 -0.0997 -0.1680
vn 0.9807 -0.0997 -0.1681
vn 0.8378 -0.1572 -0.5228
vn 0.9882 0.0578 -0.1421
vn 0.7563 0.5372 0.3733
vn 0.9140 0.3951 0.0926
vn 0.7563 0.5372 0.3734
vn 0.0254 0.7158 0.6978
vn 0.7564 0.5372 0.3733
vn 0.7564 0.5371 0.3733
vn 0.9139 0.3952 0.0925
vn 0.9882 0.0580 -0.1420
vn 0.9071 0.3619 0.2148
vn 0.9882 0.0579 -0.1420
vn 0.9070 0.3621 0.2149
vn 0.9881 0.0579 -0.1422
vn 0.7715 0.2411 -0.5887
vn 0.7870 0.0310 -0.6161
vn 0.7714 0.2412 -0.5888
vn 0.9882 0.0580 -0.1421
vn 0.0562 -0.1805 -0.9820
vn 0.7870 0.0309 -0.6162
vn 0.8377 -0.1573 -0.5230
vn 0.7714 0.2412 -0.5889
vn 0.7870 0.0310 -0.6162
vn -0.0860 0.2803 -0.9561
vn -0.0004 0.0462 -0.9989
vn -0.8204 0.0344 -0.5708
vn -0.8203 0.0344 -0.5708
vn -0.8345 -0.0907 -0.5435
vn -0.0859 0.2803 -0.9561
vn -0.8203 0.0345 -0.5709
vn -0.8797 0.1297 -0.4575
vn -0.1909 0.9804 -0.0485
vn -0.1973 0.9766 0.0854
vn -0.1701 0.9641 -0.2039
vn -0.1702 0.9641 -0.2039
vn -0.2013 0.9620 -0.1845
vn -0.2011 0.9620 -0.1846
vn 0.0166 0.9855 -0.1689
vn -0.1700 0.9641 -0.2040
vn 0.0361 0.9883 -0.1483
vn 0.0167 0.9855 -0.1688
vn -0.2011 0.9621 -0.1844
vn 0.1067 0.9849 -0.1365
vn 0.0168 0.9855 -0.1688
vn 0.1212 0.9794 -0.1615
vn 0.0773 0.9970 -0.0020
vn 0.1447 0.9895 -0.0034
vn 0.0772 0.9970 -0.0019
vn 0.1066 0.9849 -0.1364
vn 0.1449 0.9894 -0.0033
vn 0.1580 0.9813 0.1101
vn 0.0774 0.9970 -0.0018
vn 0.1448 0.9895 -0.0033
vn 0.0424 0.9990 -0.0166
vn 0.1578 0.9813 0.1101
vn 0.1577 0.9813 0.1100
vn 0.0422 0.9990 -0.0168
vn 0.0189 0.9994 -0.0306
vn -0.1925 0.9790 0.0677
vn -0.2364 0.9084 0.3450
vn -0.2307 0.9361 0.2656
vn -0.1680 0.9858 -0.0082
vn -0.1924 0.9790 0.0676
vn -0.2306 0.9361 0.2655
vn -0.1632 0.9766 -0.1401
vn -0.1925 0.9790 0.0676
vn -0.1682 0.9857 -0.0083
vn 0.0625 -0.8320 0.5512
vn -0.2889 -0.8140 0.5039
vn 0.1483 -0.8148 0.5605
vn 0.1484 -0.8148 0.5604
vn 0.5025 -0.6914 0.5191
vn 0.0627 -0.8320 0.5512
vn -0.2719 -0.9617 0.0336
vn 0.0413 -0.9988 0.0262
vn 0.1262 -0.9916 -0.0284
vn 0.4552 -0.8903 0.0121
vn 0.1265 -0.9916 -0.0283
vn 0.0415 -0.9988 0.0262
vn -0.6812 -0.1620 -0.7139
vn -0.4489 -0.8422 -0.2988
vn -0.6411 0.0019 -0.7675
vn -0.3643 -0.9273 -0.0860
vn -0.4489 -0.8421 -0.2989
vn -0.6812 -0.1619 -0.7140
vn -0.3642 -0.9273 -0.0861
vn 0.0508 -0.7976 0.6010
vn -0.4489 -0.8422 -0.2987
vn -0.5923 -0.2342 -0.7709
vn -0.6812 -0.1619 -0.7139
vn 0.1319 -0.6696 0.7309
vn 0.0507 -0.7978 0.6008
vn -0.3644 -0.9273 -0.0863
vn 0.1320 -0.6694 0.7311
vn 0.3057 -0.0788 0.9489
vn 0.0507 -0.7977 0.6009
vn 0.3251 0.1179 0.9383
vn 0.1321 -0.6694 0.7311
vn 0.3432 0.2126 0.9149
vn 0.3251 0.1180 0.9383
vn 0.0739 0.7876 0.6117
vn 0.3057 -0.0785 0.9489
vn -0.0267 0.8909 0.4535
vn 0.0741 0.7875 0.6119
vn 0.3432 0.2127 0.9149
vn -0.4241 0.8457 -0.3240
vn 0.0740 0.7875 0.6119
vn -0.3643 -0.9273 -0.0863
vn 0.4000 -0.5082 0.7627
vn 0.3431 0.2125 0.9149
vn 0.1320 -0.6696 0.7309
vn 0.3999 -0.5083 0.7627
vn -0.0650 -0.9979 -0.0052
vn -0.3643 -0.9273 -0.0862
vn -0.5923 -0.2340 -0.7710
vn -0.0651 -0.9979 -0.0054
vn 0.0984 -0.9725 -0.2113
vn -0.5923 -0.2341 -0.7709
vn -0.5049 -0.3485 -0.7897
vn 0.5742 -0.5517 0.6049
vn -0.0652 -0.9979 -0.0053
vn 0.0983 -0.9724 -0.2114
vn -0.0653 -0.9979 -0.0054
vn 0.5742 -0.5518 0.6048
vn 0.3998 -0.5084 0.7627
vn 0.5741 -0.5518 0.6049
vn 0.3433 0.2126 0.9148
vn 0.5741 -0.5517 0.6050
vn 0.3855 0.1701 0.9069
vn 0.0884 0.9008 0.4252
vn 0.3431 0.2127 0.9149
vn -0.5576 0.6861 -0.4673
vn -0.4240 0.8458 -0.3239
vn -0.0266 0.8908 0.4536
vn -0.5577 0.6860 -0.4674
vn -0.6597 -0.1235 -0.7413
vn -0.7047 -0.2647 -0.6583
vn -0.6597 -0.1234 -0.7413
vn -0.5576 0.6860 -0.4673
vn -0.0275 0.9495 0.3127
vn -0.0275 0.9494 0.3127
vn 0.0883 0.9008 0.4252
vn -0.0274 0.9494 0.3128
vn -0.4880 0.6899 -0.5347
vn -0.5577 0.6861 -0.4673
vn -0.4880 0.6899 -0.5346
vn -0.5576 0.6861 -0.4672
vn -0.0274 0.9494 0.3129
vn 0.0883 0.9007 0.4254
vn -0.5908 -0.2781 -0.7574
vn 0.0885 0.9007 0.4253
vn -0.4158 0.5689 -0.7095
vn -0.4159 0.5688 -0.7096
vn -0.4951 -0.3861 -0.7783
vn -0.5908 -0.2781 -0.7573
vn -0.4158 0.5688 -0.7096
vn 0.8169 -0.5733 -0.0636
vn -0.0234 -0.9756 0.2184
vn 0.7435 -0.6666 0.0531
vn 0.7436 -0.6665 0.0530
vn -0.0233 -0.9756 0.2184
vn -0.2340 -0.9125 0.3355
vn -0.0235 -0.9756 0.2185
vn -0.8305 -0.3978 0.3898
vn -0.2340 -0.9125 0.3354
vn 0.7251 -0.6885 -0.0146
vn -0.2337 -0.9126 0.3355
vn -0.8304 -0.3980 0.3898
vn -0.9004 -0.1585 0.4052
vn -0.8305 -0.3979 0.3898
vn -0.8091 0.5028 0.3042
vn -0.9004 -0.1583 0.4052
vn -0.9004 -0.1583 0.4053
vn -0.7071 0.6533 0.2705
vn -0.6554 0.7003 0.2830
vn -0.8090 0.5030 0.3042
vn 0.0377 0.9964 0.0756
vn -0.7070 0.6535 0.2705
vn -0.7070 0.6534 0.2705
vn 0.0376 0.9964 0.0757
vn 0.1771 0.9835 0.0356
vn 0.1771 0.9836 0.0356
vn -0.6553 0.7004 0.2829
vn 0.9022 0.4018 -0.1569
vn -0.9004 -0.1584 0.4053
vn -0.9559 -0.2001 0.2151
vn -0.2338 -0.9126 0.3354
vn -0.9559 -0.2002 0.2151
vn -0.3044 -0.9525 0.0026
vn 0.7252 -0.6884 -0.0147
vn -0.2339 -0.9126 0.3354
vn -0.9559 -0.2002 0.2150
vn -0.3043 -0.9526 0.0025
vn -0.2889 -0.9131 -0.2876
vn -0.3045 -0.9525 0.0027
vn 0.4257 -0.8979 0.1118
vn 0.7252 -0.6884 -0.0146
vn -0.2888 -0.9132 -0.2876
vn -0.9361 -0.3291 -0.1242
vn -0.9360 -0.3292 -0.1242
vn -0.3043 -0.9526 0.0026
vn -0.9558 -0.2003 0.2152
vn -0.9360 -0.3293 -0.1242
vn -0.6552 0.7004 0.2830
vn -0.8101 0.5367 0.2360
vn -0.8102 0.5365 0.2360
vn -0.6553 0.7003 0.2830
vn 0.1723 0.9845 -0.0337
vn -0.6553 0.7004 0.2830
vn 0.3048 0.9516 -0.0390
vn 0.1769 0.9836 0.0357
vn 0.9021 0.4019 -0.1570
vn 0.9643 0.2382 -0.1158
vn 0.1769 0.9836 0.0356
vn 0.9643 0.2382 -0.1157
vn 0.3047 0.9517 -0.0389
vn 0.9022 0.4018 -0.1570
vn 0.7860 -0.6180 -0.0146
vn 0.9643 0.2380 -0.1158
vn 0.7861 -0.6180 -0.0147
vn 0.7211 -0.6854 0.1011
vn 0.3046 0.9517 -0.0389
vn 0.9635 0.2090 -0.1674
vn 0.1721 0.9845 -0.0337
vn 0.9643 0.2383 -0.1158
vn 0.9635 0.2091 -0.1674
vn 0.7211 -0.6854 0.1010
vn 0.9586 0.0459 -0.2811
vn 0.7061 -0.7081 -0.0004
vn 0.7061 -0.7081 -0.0003
vn 0.9586 0.0458 -0.2810
vn 0.9635 0.2089 -0.1673
vn 0.6015 -0.7965 -0.0623
vn 0.8973 0.1513 -0.4147
vn 0.8973 0.1514 -0.4146
vn 0.8973 0.1512 -0.4147
vn 0.8974 0.1513 -0.4145
vn -0.1213 -0.6903 -0.7133
vn -0.3297 0.8404 -0.4301
vn -0.2819 -0.5285 -0.8008
vn -0.3310 0.7110 -0.6205
vn -0.3299 0.8403 -0.4302
vn -0.1213 -0.6904 -0.7132
vn -0.3310 0.7109 -0.6206
vn 0.2298 0.5302 0.8161
vn -0.3298 0.8403 -0.4303
vn 0.2247 0.6570 0.7196
vn 0.2297 0.5303 0.8161
vn -0.3311 0.7108 -0.6206
vn 0.2246 0.6571 0.7196
vn 0.2993 -0.8357 0.4604
vn 0.2297 0.5305 0.8160
vn 0.3079 -0.8171 0.4875
vn 0.2247 0.6571 0.7195
vn 0.3079 -0.8169 0.4877
vn -0.2882 -0.5366 -0.7931
vn 0.2994 -0.8356 0.4606
vn -0.2368 -0.5688 -0.7877
vn -0.2881 -0.5366 -0.7931
vn -0.9499 -0.2906 0.1150
vn -0.5596 0.6969 -0.4485
vn -0.1196 -0.7055 -0.6985
vn -0.9499 -0.2906 0.1149
vn -0.2919 0.3695 0.8822
vn -0.5596 0.6968 -0.4487
vn -0.9499 -0.2905 0.1150
vn 0.0350 -0.7711 0.6357
vn -0.2920 0.3697 0.8821
vn -0.2066 -0.6015 -0.7717
vn 0.0350 -0.7710 0.6358
vn -0.8275 0.3129 -0.4662
vn -0.8276 0.3130 -0.4660
vn -0.7125 -0.1371 -0.6881
vn -0.7125 -0.1372 -0.6881
vn -0.7184 -0.5391 -0.4395
vn -0.7183 -0.5391 -0.4397
vn -0.7184 -0.5392 -0.4395
vn 0.8715 0.4267 -0.2414
vn 0.8716 0.4267 -0.2414
vn 0.8779 -0.0305 -0.4778
vn 0.8720 -0.4326 -0.2292
vn -0.0432 -0.7398 0.6714
vn -0.0432 -0.7398 0.6715
vn -0.1437 0.1570 0.9771
vn -0.1308 0.8346 0.5352
vn -0.1307 0.8345 0.5352
vn -0.9897 -0.0667 -0.1270
vn -0.9897 -0.0668 -0.1270
vn -0.9897 -0.0668 -0.1269
vn -0.9878 -0.0640 -0.1422
vn -0.9897 -0.0667 -0.1269
vn 0.9887 0.0656 0.1346
vn 0.9887 0.0655 0.1346
vn 0.9887 0.0656 0.1347
vn 0.9896 0.0671 0.1269
vn 0.9887 0.0655 0.1345
vn 0.0859 -0.9794 -0.1830
vn -0.1343 0.8056 0.5771
vn 0.0557 0.6333 -0.7719
vn 0.0558 0.6333 -0.7719
vn 0.0989 -0.9499 -0.2965
vn 0.0989 -0.9499 -0.2964
vn 0.7817 0.1283 -0.6103
vn -0.6069 0.0352 -0.7940
vn -0.6070 0.0352 -0.7940
vn -0.7597 -0.1454 0.6338
vn 0.5825 -0.0554 0.8110
vn 0.5829 -0.0553 0.8107
vn 0.1221 -0.7745 -0.6207
vn 0.0729 0.1931 -0.9785
vn 0.0728 0.1931 -0.9785
vn 0.1080 -0.8313 -0.5453
vn 0.1080 -0.8312 -0.5454
vn 0.1080 -0.8312 -0.5455
vn 0.0908 -0.1992 -0.9757
vn 0.0908 -0.1991 -0.9758
vn 0.0858 -0.9794 -0.1829
vn -0.1195 -0.1961 0.9733
vn -0.0946 0.9773 0.1897
vn -0.0947 0.9773 0.1896
vn 0.1119 0.1959 -0.9742
vn 0.1118 0.1959 -0.9742
vn -0.1194 -0.1961 0.9733
vn -0.1486 0.5855 0.7970
vn -0.1486 0.5855 0.7969
vn -0.0469 -0.7215 0.6908
vn -0.0470 -0.7215 0.6908
vn -0.0945 0.9773 0.1897
vn -0.0946 0.9773 0.1896
vn 0.9887 0.0656 0.1345
vn 0.2627 -0.0796 0.9616
vn -0.4897 -0.1300 0.8622
vn -0.9625 -0.0598 0.2644
vn -0.9626 -0.0597 0.2644
vn -0.9625 -0.0597 0.2645
vn -0.9625 -0.0597 0.2644
vn -0.8746 0.0895 -0.4766
vn -0.8746 0.0894 -0.4766
vn -0.2779 0.2313 -0.9324
vn -0.2766 0.2314 -0.9327
vn -0.2769 0.2314 -0.9326
vn -0.2766 0.2315 -0.9327
vn 0.4759 0.2820 -0.8331
vn 0.9486 0.2116 -0.2353
vn 0.8607 0.0624 0.5053
vn -0.8737 0.2136 -0.4370
vn -0.8737 0.2136 -0.4371
vn -0.8737 0.2137 -0.4371
vn 0.4846 0.4597 -0.7442
vn 0.4847 0.4597 -0.7441
vn 0.4841 0.4690 -0.7387
vn -0.4708 -0.4629 0.7511
vn -0.4707 -0.4629 0.7511
vn -0.4708 -0.4631 0.7510
vn 0.2475 0.9687 -0.0192
vn 0.2412 0.9703 -0.0163
vn 0.2475 0.9687 -0.0191
vn 0.2539 0.9670 -0.0220
vn 0.2439 0.9696 -0.0190
vn 0.2326 0.9725 -0.0058
vn 0.2540 0.9670 -0.0221
vn 0.2327 0.9725 -0.0059
vn 0.2299 0.9732 0.0035
vn -0.4985 -0.4560 0.7373
vn -0.4992 -0.4560 0.7368
vn -0.4985 -0.4561 0.7372
vn 0.4845 0.4597 -0.7442
vn 0.5806 0.6996 -0.4164
vn 0.2732 0.7747 -0.5702
vn 0.8935 0.4473 0.0403
vn 0.8995 0.2699 0.3436
vn 0.8995 0.2700 0.3436
vn 0.6047 -0.0098 0.7964
vn 0.3035 -0.1122 0.9462
vn -0.3043 -0.1394 0.9423
vn -0.6115 -0.0644 0.7886
vn -0.9244 0.1881 0.3319
vn -0.9244 0.1880 0.3319
vn -0.9303 0.3656 0.0285
vn -0.6355 0.6451 -0.4243
vn -0.3343 0.7474 -0.5742
vn -0.3342 0.7474 -0.5741
vn -0.6355 0.6451 -0.4244
vn -0.3343 0.7474 -0.5741
vn 0.6411 0.4108 -0.6483
vn 0.3106 0.4917 -0.8135
vn 0.9777 0.1395 -0.1570
vn 0.9842 -0.0514 0.1695
vn 0.6670 -0.3522 0.6565
vn 0.9842 -0.0515 0.1695
vn 0.6670 -0.3522 0.6566
vn 0.3429 -0.4626 0.8176
vn 0.3430 -0.4625 0.8176
vn -0.3107 -0.4917 0.8135
vn -0.3106 -0.4917 0.8135
vn -0.6411 -0.4108 0.6482
vn -0.4618 -0.6918 0.5551
vn -0.9777 -0.1395 0.1570
vn -0.9417 -0.2917 -0.1675
vn -0.9417 -0.2917 -0.1674
vn -0.6670 0.3522 -0.6566
vn -0.4673 0.1442 -0.8722
vn -0.4674 0.1442 -0.8722
vn 0.3107 0.4917 -0.8135
vn -0.4673 0.1441 -0.8722
vn 0.4869 0.1802 -0.8546
vn -0.6411 -0.4108 0.6483
vn -0.9842 0.0514 -0.1695
vn -0.9842 0.0515 -0.1695
vn -0.3430 0.4625 -0.8176
vn -0.6670 0.3522 -0.6565
vn 0.6411 0.4108 -0.6482
vn 0.6202 0.1102 -0.7767
vn 0.3075 0.1867 -0.9331
vn 0.9388 -0.1467 -0.3116
vn 0.6202 0.1101 -0.7767
vn 0.9449 -0.3274 -0.0028
vn 0.9449 -0.3275 -0.0029
vn 0.9388 -0.1468 -0.3116
vn 0.6446 -0.6122 0.4579
vn 0.3382 -0.7163 0.6104
vn -0.2803 -0.7441 0.6064
vn 0.3382 -0.7163 0.6103
vn -0.2804 -0.7441 0.6064
vn -0.5933 -0.6674 0.4501
vn -0.2804 -0.7440 0.6065
vn -0.9116 -0.4107 -0.0148
vn -0.9179 -0.2299 -0.3236
vn -0.9117 -0.4107 -0.0148
vn -0.6177 0.0547 -0.7845
vn -0.3112 0.1589 -0.9370
vn -0.3111 0.1588 -0.9370
vn -0.3112 0.1588 -0.9370
vn 0.3074 0.1867 -0.9331
vn 0.4388 0.6975 -0.5666
vn 0.9412 0.3054 0.1445
vn 0.4900 -0.1364 0.8610
vn 0.3429 -0.4625 0.8176
vn 0.4901 -0.1363 0.8610
vn -0.4637 -0.1859 0.8663
vn -0.4636 -0.1860 0.8663
vn -0.9661 0.2063 0.1551
vn -0.9661 0.2063 0.1552
vn -0.5151 0.6479 -0.5611
vn -0.5151 0.6480 -0.5611
vn -0.3429 0.4625 -0.8176
vn -0.5151 0.6480 -0.5610
vn 0.4389 0.6974 -0.5666
vn 0.4388 0.6975 -0.5665
vn 0.4869 0.1802 -0.8547
vn 0.9666 -0.2197 -0.1321
vn 0.9666 -0.2197 -0.1322
vn 0.4921 -0.6557 0.5727
vn 0.4921 -0.6556 0.5727
vn 0.4921 -0.6557 0.5726
vn -0.4619 -0.6918 0.5551
vn -0.8533 0.2341 -0.4659
vn -0.8354 0.2489 -0.4900
vn -0.8562 0.2296 -0.4628
vn -0.8533 0.2340 -0.4660
vn -0.8517 0.2176 -0.4767
vn -0.8499 0.2301 -0.4740
vn -0.8499 0.2300 -0.4740
vn -0.8595 0.2017 -0.4698
vn -0.8843 0.1736 -0.4335
vn -0.8518 0.2175 -0.4766
vn -0.8595 0.2016 -0.4697
vn 0.9073 -0.1767 0.3815
vn 0.8897 -0.1958 0.4124
vn 0.8875 -0.1999 0.4152
vn 0.8937 -0.2093 0.3968
vn 0.8897 -0.1959 0.4124
vn 0.9074 -0.1768 0.3814
vn 0.8924 -0.1999 0.4045
vn 0.8678 -0.2287 0.4412
vn 0.8937 -0.2093 0.3969
vn 0.8617 -0.2532 0.4397
vn 0.3685 -0.2958 -0.8813
vn 0.0366 -0.8673 -0.4964
vn 0.4384 -0.3122 -0.8428
vn 0.3684 -0.2958 -0.8813
vn 0.3656 -0.3044 -0.8796
vn 0.3041 -0.2887 -0.9078
vn 0.3040 -0.2887 -0.9079
vn 0.3684 -0.2958 -0.8814
vn 0.2895 -0.2760 -0.9165
vn 0.3073 -0.4477 -0.8397
vn 0.3655 -0.3046 -0.8796
vn 0.3040 -0.2890 -0.9078
vn 0.3086 -0.4527 -0.8365
vn 0.3105 -0.4499 -0.8373
vn 0.3655 -0.3046 -0.8795
vn 0.3087 -0.4527 -0.8365
vn 0.3113 -0.4544 -0.8346
vn 0.3114 -0.4543 -0.8346
vn 0.3087 -0.4526 -0.8366
vn 0.3101 -0.4599 -0.8321
vn 0.2641 0.1171 0.9574
vn 0.2792 0.1052 0.9544
vn 0.2549 0.0705 0.9644
vn 0.2441 0.0932 0.9653
vn 0.2696 0.0818 0.9595
vn 0.2433 0.0221 0.9697
vn 0.2695 0.0818 0.9595
vn 0.2586 0.0343 0.9654
vn -0.3728 0.3302 0.8672
vn -0.3225 0.8494 0.4177
vn -0.6246 0.1979 0.7555
vn -0.6246 0.1979 0.7554
vn -0.6177 0.7462 0.2482
vn -0.5521 -0.2354 0.7999
vn -0.3728 0.3301 0.8672
vn -0.8339 -0.0201 0.5516
vn -0.8338 -0.0203 0.5517
vn -0.5523 -0.2355 0.7997
vn -0.8944 0.4374 0.0936
vn -0.8999 0.1258 0.4175
vn -0.8944 0.4373 0.0936
vn -0.9076 0.4083 0.0976
vn -0.9000 0.1258 0.4174
vn -0.9076 0.4085 0.0973
vn -0.6129 0.5845 -0.5317
vn -0.7726 0.5650 -0.2895
vn -0.8944 0.4375 0.0934
vn -0.6128 0.5846 -0.5317
vn -0.9076 0.4085 0.0974
vn -0.6128 0.5845 -0.5318
vn -0.1994 0.6459 -0.7369
vn -0.7726 0.5651 -0.2895
vn -0.8943 0.4375 0.0934
vn -0.6178 0.7462 0.2482
vn -0.1995 0.6459 -0.7369
vn -0.6127 0.5845 -0.5319
vn -0.4234 0.8129 -0.3999
vn -0.4233 0.8129 -0.3999
vn -0.1888 0.9638 -0.1885
vn -0.1992 0.6461 -0.7368
vn -0.3225 0.8495 0.4176
vn -0.4233 0.8130 -0.3999
vn -0.3224 0.8495 0.4177
vn -0.1889 0.9638 -0.1883
vn -0.0534 0.1557 -0.9864
vn -0.8292 0.3137 -0.4626
vn -0.6802 0.5712 -0.4594
vn -0.6801 0.5712 -0.4596
vn -0.8291 0.3137 -0.4628
vn -0.8696 0.4644 0.1678
vn -0.8696 0.4642 0.1679
vn -0.8809 0.3469 0.3221
vn -0.8327 -0.0521 -0.5513
vn -0.8808 0.3471 0.3220
vn -0.8292 0.3138 -0.4626
vn -0.2554 -0.2093 -0.9439
vn -0.8326 -0.0521 -0.5514
vn -0.8326 -0.0520 -0.5515
vn -0.2554 -0.2094 -0.9439
vn -0.3889 -0.5450 -0.7428
vn -0.0532 0.1556 -0.9864
vn 0.4031 -0.5616 -0.7226
vn 0.4031 -0.5615 -0.7227
vn -0.3888 -0.5450 -0.7428
vn -0.0532 0.1555 -0.9864
vn 0.5841 -0.2126 -0.7834
vn -0.3890 -0.5450 -0.7428
vn 0.1069 -0.8536 -0.5098
vn 0.8599 -0.3787 -0.3423
vn 0.4030 -0.5616 -0.7227
vn 0.7269 -0.5336 -0.4323
vn 0.4031 -0.5615 -0.7226
vn 0.8599 -0.3786 -0.3424
vn 0.7269 -0.5335 -0.4324
vn 0.8093 -0.3362 0.4817
vn 0.0278 -0.2218 0.9747
vn 0.6860 -0.5916 0.4236
vn 0.6858 -0.5917 0.4238
vn 0.8709 -0.4340 -0.2304
vn 0.8092 -0.3361 0.4819
vn 0.8092 -0.3362 0.4819
vn 0.8710 -0.4339 -0.2305
vn 0.8534 -0.3904 -0.3452
vn 0.8744 0.0182 0.4849
vn 0.8534 -0.3907 -0.3452
vn 0.8092 -0.3364 0.4817
vn 0.8743 0.0182 0.4851
vn 0.2664 0.2212 0.9381
vn 0.8093 -0.3361 0.4817
vn 0.2663 0.2212 0.9382
vn 0.8743 0.0181 0.4851
vn 0.4360 0.5463 0.7151
vn 0.2664 0.2213 0.9381
vn -0.4415 0.5137 0.7356
vn 0.0276 -0.2216 0.9747
vn 0.2665 0.2212 0.9381
vn 0.4360 0.5463 0.7152
vn -0.4416 0.5135 0.7357
vn -0.4416 0.5137 0.7356
vn -0.6455 0.1636 0.7460
vn -0.4416 0.5136 0.7357
vn 0.4362 0.5461 0.7152
vn -0.0714 0.8393 0.5390
vn -0.6454 0.1634 0.7462
vn -0.4414 0.5136 0.7358
vn -0.8985 0.3804 0.2191
vn -0.0715 0.8393 0.5390
vn -0.6498 0.6700 0.3589
vn -0.8985 0.3803 0.2192
vn -0.4415 0.5137 0.7357
vn -0.6499 0.6699 0.3589
vn -0.9458 -0.0696 0.3174
vn -0.9455 -0.0154 0.3253
vn -0.9414 -0.0211 0.3366
vn -0.9411 -0.0778 0.3289
vn -0.9457 -0.0695 0.3174
vn -0.9414 -0.0211 0.3367
vn -0.9462 -0.0522 0.3193
vn -0.9462 -0.1332 0.2949
vn -0.9457 -0.0696 0.3174
vn -0.9411 -0.0779 0.3289
vn -0.9480 -0.1140 0.2971
vn -0.9480 -0.1140 0.2970
vn -0.3329 0.6553 0.6781
vn -0.1563 0.4849 0.8605
vn 0.1839 0.9526 0.2421
vn 0.1839 0.9526 0.2423
vn 0.4889 0.7296 0.4783
vn -0.3330 0.6551 0.6782
vn -0.4318 0.1392 0.8912
vn -0.0100 0.1325 0.9911
vn 0.4888 0.7296 0.4782
vn -0.4316 0.1390 0.8913
vn -0.0102 0.1324 0.9911
vn 0.6200 0.2910 0.7286
vn 0.1529 0.1589 0.9754
vn -0.4316 0.1389 0.8913
vn 0.6082 0.2571 0.7510
vn 0.1530 0.1590 0.9753
vn 0.6082 0.2570 0.7510
vn 0.9320 0.1917 0.3075
vn 0.9934 0.1070 0.0409
vn 0.6084 0.2571 0.7508
vn 0.6202 0.2910 0.7284
vn 0.8756 0.1217 -0.4675
vn 0.4888 0.7296 0.4783
vn 0.8892 0.4458 -0.1032
vn 0.9934 0.1070 0.0407
vn 0.8755 0.1219 -0.4676
vn 0.6378 0.7247 -0.2608
vn 0.4889 0.7295 0.4783
vn 0.1840 0.9526 0.2422
vn 0.8892 0.4458 -0.1033
vn 0.6377 0.7248 -0.2607
vn 0.9660 -0.1282 0.2245
vn 0.8974 -0.1616 0.4106
vn 0.6073 -0.7108 -0.3548
vn 0.7997 0.3620 0.4790
vn 0.8973 -0.1617 0.4106
vn 0.9660 -0.1284 0.2244
vn 0.7731 0.2577 0.5796
vn 0.8974 -0.1617 0.4106
vn 0.7997 0.3620 0.4789
vn 0.7730 0.2575 0.5798
vn 0.7890 -0.4686 0.3974
vn 0.5561 -0.8056 -0.2042
vn 0.6073 -0.7108 -0.3549
vn 0.4618 -0.8848 -0.0618
vn 0.5560 -0.8057 -0.2043
vn 0.7890 -0.4685 0.3973
vn -0.2566 -0.7305 -0.6329
vn 0.4619 -0.8848 -0.0617
vn -0.2566 -0.7305 -0.6328
vn -0.1364 -0.6714 -0.7285
vn 0.6072 -0.7109 -0.3550
vn -0.1073 -0.8868 -0.4495
vn -0.2565 -0.7306 -0.6328
vn 0.4620 -0.8847 -0.0617
vn -0.5807 -0.4076 -0.7048
vn -0.6622 -0.4117 -0.6261
vn -0.1072 -0.8869 -0.4494
vn -0.5807 -0.4076 -0.7047
vn -0.9860 0.0172 -0.1661
vn -0.6496 0.6676 0.3637
vn -0.9086 0.1248 -0.3985
vn -0.9087 0.1249 -0.3984
vn -0.8070 -0.3881 -0.4450
vn -0.7459 -0.3062 -0.5915
vn -0.7458 -0.3060 -0.5917
vn -0.9087 0.1248 -0.3984
vn -0.7886 0.4682 -0.3987
vn -0.5551 0.8056 0.2071
vn -0.7886 0.4682 -0.3986
vn -0.6496 0.6676 0.3638
vn -0.5551 0.8056 0.2072
vn -0.4434 0.8943 0.0606
vn -0.7886 0.4681 -0.3987
vn -0.5551 0.8056 0.2073
vn 0.2852 0.7138 0.6397
vn 0.2851 0.7139 0.6396
vn -0.4435 0.8942 0.0605
vn 0.2017 0.6318 0.7484
vn 0.2853 0.7138 0.6396
vn -0.6495 0.6677 0.3639
vn 0.1164 0.8869 0.4471
vn -0.4435 0.8942 0.0604
vn 0.2851 0.7139 0.6395
vn 0.6396 0.3554 0.6816
vn 0.2852 0.7139 0.6396
vn 0.6951 0.3590 0.6228
vn 0.1163 0.8869 0.4470
vn 0.2868 0.7165 0.6358
vn 0.6951 0.3590 0.6229
vn 0.2851 0.7138 0.6397
vn -0.4520 -0.0782 0.8886
vn -0.8570 0.0749 0.5099
vn -0.4643 -0.1644 0.8703
vn -0.4518 -0.0783 0.8887
vn -0.4641 -0.1645 0.8704
vn 0.3070 -0.1804 0.9345
vn -0.4643 -0.1645 0.8703
vn -0.8034 0.0023 0.5955
vn -0.8571 0.0749 0.5097
vn -0.9429 0.1072 0.3153
vn -0.8035 0.0024 0.5953
vn -0.9429 0.1072 0.3152
vn -0.8938 0.0162 0.4483
vn -0.8440 -0.0767 0.5308
vn -0.6926 -0.1403 0.7076
vn -0.8034 0.0022 0.5954
vn -0.8439 -0.0769 0.5310
vn -0.6924 -0.1403 0.7077
vn -0.4643 -0.1645 0.8702
vn -0.8034 0.0022 0.5955
vn -0.4704 -0.2932 0.8323
vn -0.4642 -0.1647 0.8703
vn -0.6924 -0.1404 0.7077
vn -0.2199 -0.2942 0.9301
vn -0.4704 -0.2932 0.8324
vn 0.3069 -0.1803 0.9345
vn -0.4641 -0.1646 0.8704
vn 0.0213 -0.2118 0.9771
vn -0.2199 -0.2941 0.9301
vn 0.0215 -0.2118 0.9771
vn 0.4566 -0.1662 0.8740
vn -0.2198 -0.2943 0.9301
vn 0.0416 -0.3191 0.9468
vn 0.0214 -0.2119 0.9771
vn 0.4565 -0.1661 0.8741
vn 0.0216 -0.2117 0.9771
vn 0.2100 -0.2031 0.9564
vn 0.0216 -0.2118 0.9771
vn 0.0418 -0.3191 0.9468
vn 0.2100 -0.2032 0.9563
vn 0.5509 0.8039 0.2244
vn 0.5278 0.8437 -0.0979
vn 0.3360 0.6891 0.6421
vn 0.5487 0.8172 -0.1765
vn 0.5279 0.8437 -0.0978
vn 0.5510 0.8039 0.2242
vn 0.5278 0.8437 -0.0980
vn 0.5487 0.8172 -0.1767
vn 0.4353 0.7642 -0.4759
vn 0.3360 0.6891 0.6420
vn 0.3601 0.7108 0.6042
vn 0.4354 0.7642 -0.4759
vn 0.4494 0.7363 -0.5058
vn 0.0562 0.3749 0.9254
vn 0.3359 0.6890 0.6423
vn 0.3599 0.7107 0.6044
vn 0.0020 0.2975 0.9547
vn 0.3359 0.6890 0.6422
vn 0.0561 0.3749 0.9254
vn 0.0560 0.3747 0.9254
vn -0.2240 0.0137 0.9745
vn 0.0018 0.2973 0.9548
vn -0.2134 0.0232 0.9767
vn -0.2239 0.0136 0.9745
vn 0.0561 0.3747 0.9255
vn -0.2136 0.0231 0.9766
vn -0.4343 -0.0452 0.8996
vn -0.2241 0.0135 0.9745
vn -0.4360 -0.0397 0.8991
vn -0.4343 -0.0453 0.8996
vn -0.2135 0.0231 0.9767
vn -0.4362 -0.0397 0.8990
vn -0.5727 0.1373 0.8082
vn -0.4345 -0.0452 0.8995
vn -0.5796 0.1512 0.8008
vn -0.5728 0.1374 0.8081
vn -0.4362 -0.0395 0.8990
vn -0.5796 0.1513 0.8007
vn -0.5572 0.4865 0.6730
vn -0.5728 0.1376 0.8081
vn -0.5459 0.5512 0.6310
vn -0.5796 0.1514 0.8007
vn 0.4352 0.7642 -0.4760
vn 0.1504 0.9428 -0.2974
vn 0.4492 0.7364 -0.5059
vn -0.5459 0.5514 0.6308
vn -0.3480 0.8930 0.2855
vn -0.5571 0.4867 0.6728
vn -0.3357 0.9032 0.2674
vn 0.1504 0.9429 -0.2973
vn -0.3478 0.8931 0.2853
vn -0.3356 0.9033 0.2672
vn 0.1870 0.9063 -0.3790
vn 0.1505 0.9428 -0.2975
vn -0.1075 0.9852 -0.1337
vn -0.3478 0.8931 0.2852
vn 0.1502 0.9429 -0.2973
vn 0.1868 0.9064 -0.3789
vn -0.1074 0.9852 -0.1339
vn -0.9159 0.2014 0.3472
vn -0.9416 0.2116 0.2620
vn -0.9418 0.2102 0.2624
vn -0.9606 0.2201 0.1698
vn -0.9203 0.2002 0.3361
vn -0.9416 0.2115 0.2621
vn -0.9158 0.2015 0.3473
vn -0.8839 0.3695 0.2867
vn -0.9203 0.2003 0.3361
vn -0.8825 0.3543 0.3094
vn -0.8839 0.3696 0.2867
vn -0.9158 0.2015 0.3474
vn -0.8825 0.3544 0.3093
vn -0.9083 0.4180 0.0152
vn -0.8838 0.3697 0.2866
vn -0.9721 0.2343 0.0065
vn -0.9202 0.2004 0.3362
vn -0.9083 0.4180 0.0151
vn -0.7176 0.3835 -0.5814
vn -0.9721 0.2344 0.0064
vn -0.9203 0.2002 0.3360
vn -0.9630 0.2400 -0.1230
vn -0.9629 0.2400 -0.1231
vn -0.9722 0.2342 0.0065
vn -0.9625 0.2043 0.1783
vn -0.9606 0.2200 0.1697
vn -0.9416 0.2117 0.2619
vn -0.9629 0.2400 -0.1230
vn -0.9625 0.2043 0.1784
vn -0.9721 0.2343 0.0063
vn -0.7177 0.3834 -0.5813
vn -0.7315 0.2773 -0.6229
vn -0.7176 0.3834 -0.5814
vn -0.1587 0.4084 -0.8989
vn -0.7314 0.2773 -0.6230
vn -0.7315 0.2772 -0.6229
vn -0.6876 0.2158 -0.6933
vn -0.9722 0.2342 0.0064
vn -0.9722 0.2343 0.0064
vn -0.6876 0.2159 -0.6933
vn -0.9629 0.2400 -0.1232
vn -0.7313 0.2774 -0.6231
vn -0.2030 0.3231 -0.9243
vn -0.7313 0.2773 -0.6231
vn -0.2030 0.3230 -0.9244
vn -0.6874 0.2158 -0.6935
vn -0.2027 0.3231 -0.9244
vn -0.1584 0.4084 -0.8989
vn 0.0396 0.3511 -0.9355
vn 0.0397 0.3512 -0.9355
vn -0.1585 0.4085 -0.8989
vn 0.0958 0.4630 -0.8811
vn 0.0396 0.3512 -0.9355
vn 0.0957 0.4631 -0.8811
vn -0.0324 0.3691 -0.9288
vn -0.0325 0.3688 -0.9289
vn 0.0547 0.1382 -0.9889
vn 0.0395 0.3509 -0.9356
vn 0.0396 0.3509 -0.9356
vn -0.2037 0.1948 -0.9595
vn -0.2028 0.3230 -0.9244
vn -0.6874 0.2159 -0.6935
vn -0.2040 0.1949 -0.9594
vn 0.0396 0.3510 -0.9355
vn 0.0548 0.1382 -0.9889
vn 0.0835 0.1490 -0.9853
vn 0.0397 0.3510 -0.9355
vn 0.1077 0.1090 -0.9882
vn -0.2040 0.1948 -0.9594
vn -0.1647 0.1722 -0.9712
vn -0.1644 0.1722 -0.9712
vn -0.2037 0.1947 -0.9595
vn -0.6876 0.2159 -0.6932
vn -0.6031 0.2734 -0.7494
vn -0.1647 0.1723 -0.9712
vn -0.6029 0.2734 -0.7495
vn 0.0977 0.1031 -0.9899
vn 0.2520 0.1301 -0.9589
vn 0.0977 0.1030 -0.9899
vn 0.2661 0.1091 -0.9577
vn 0.2522 0.1301 -0.9589
vn 0.1079 0.1090 -0.9882
vn 0.0033 0.2870 -0.9579
vn 0.2662 0.1091 -0.9577
vn 0.0165 0.2590 -0.9657
vn -0.1644 0.1723 -0.9712
vn 0.2522 0.1302 -0.9589
vn 0.0033 0.2871 -0.9579
vn 0.0164 0.2590 -0.9657
vn -0.6029 0.2734 -0.7496
vn 0.0163 0.2590 -0.9657
vn 0.0031 0.2871 -0.9579
vn -0.4857 0.3666 -0.7935
vn -0.4857 0.3667 -0.7935
vn -0.6029 0.2735 -0.7495
vn 0.0031 0.2872 -0.9579
vn -0.4943 0.4409 -0.7492
vn -0.6031 0.2735 -0.7494
vn -0.9272 0.2864 -0.2414
vn -0.4859 0.3667 -0.7934
vn -0.9272 0.2863 -0.2415
vn -0.9272 0.2863 -0.2413
vn -0.9626 0.2042 0.1782
vn -0.4859 0.3667 -0.7933
vn -0.4946 0.4409 -0.7490
vn -0.9262 0.2952 -0.2344
vn -0.9263 0.2952 -0.2343
vn -0.9272 0.2864 -0.2415
vn -0.4859 0.3666 -0.7934
vn -0.9263 0.2951 -0.2342
vn -0.4945 0.4410 -0.7490
vn -0.9184 0.3474 -0.1894
vn -0.9685 0.2215 0.1135
vn -0.9184 0.3474 -0.1892
vn -0.9263 0.2952 -0.2341
vn -0.9652 0.2414 0.1010
vn -0.9685 0.2216 0.1136
vn -0.9606 0.2200 0.1696
vn -0.9685 0.2215 0.1134
vn -0.9652 0.2413 0.1008
vn 0.6730 0.3745 0.6379
vn 0.6714 0.3983 0.6250
vn 0.6191 0.1247 0.7753
vn 0.6730 0.3747 0.6378
vn 0.7543 0.4899 0.4371
vn 0.6713 0.3985 0.6249
vn 0.6219 0.1140 0.7747
vn 0.6219 0.1141 0.7747
vn 0.6544 0.2267 0.7213
vn 0.6548 0.2012 0.7285
vn 0.7848 0.2866 0.5495
vn 0.8436 0.1242 0.5225
vn 0.7847 0.2867 0.5495
vn 0.6544 0.2268 0.7213
vn 0.8436 0.1241 0.5225
vn 0.6544 0.2267 0.7214
vn 0.8436 0.1242 0.5224
vn 0.9506 0.3074 -0.0422
vn 0.7849 0.2868 0.5493
vn 0.9331 0.2407 0.2671
vn 0.6220 0.1140 0.7747
vn 0.8436 0.1240 0.5225
vn 0.6219 0.1139 0.7747
vn 0.9331 0.2407 0.2670
vn 0.6714 0.3985 0.6249
vn 0.7544 0.4899 0.4369
vn 0.7451 0.4691 0.4740
vn 0.7450 0.4691 0.4741
vn 0.6730 0.3982 0.6233
vn 0.9701 0.1795 -0.1633
vn 0.9507 0.3073 -0.0421
vn 0.8437 0.1240 0.5223
vn 0.9700 0.1796 -0.1636
vn 0.6636 0.3827 -0.6428
vn 0.8436 0.1241 0.5224
vn 0.9660 0.0612 -0.2512
vn 0.9332 0.2407 0.2670
vn 0.9660 0.0613 -0.2512
vn 0.8436 0.1240 0.5224
vn 0.6689 0.2418 -0.7029
vn 0.6635 0.3827 -0.6429
vn 0.9659 0.0612 -0.2514
vn 0.6689 0.2417 -0.7030
vn 0.9701 0.1795 -0.1636
vn 0.5010 0.3099 -0.8081
vn 0.6633 0.3828 -0.6430
vn 0.6687 0.2419 -0.7030
vn 0.4643 0.4394 -0.7690
vn 0.5009 0.3099 -0.8081
vn 0.5605 0.3087 -0.7685
vn 0.4644 0.4395 -0.7689
vn 0.5010 0.3099 -0.8080
vn 0.5010 0.3097 -0.8081
vn 0.4801 0.0184 -0.8770
vn 0.5605 0.3085 -0.7685
vn 0.6687 0.2418 -0.7031
vn 0.6836 0.0498 -0.7282
vn 0.5009 0.3097 -0.8082
vn 0.6837 0.0497 -0.7280
vn 0.6689 0.2417 -0.7029
vn 0.4552 0.0282 -0.8899
vn 0.4800 0.0184 -0.8771
vn 0.4552 0.0280 -0.8899
vn 0.3873 -0.2689 -0.8819
vn 0.4800 0.0182 -0.8771
vn 0.9660 0.0612 -0.2514
vn 0.6334 -0.2308 -0.7386
vn 0.6332 -0.2308 -0.7388
vn 0.4552 0.0281 -0.8899
vn 0.6836 0.0497 -0.7282
vn 0.9364 -0.0905 -0.3389
vn 0.9660 0.0612 -0.2511
vn 0.9364 -0.0905 -0.3392
vn 0.6333 -0.2308 -0.7387
vn 0.3980 -0.2958 -0.8684
vn 0.3872 -0.2689 -0.8819
vn 0.4552 0.0280 -0.8900
vn 0.6332 -0.2307 -0.7388
vn 0.3980 -0.2961 -0.8683
vn 0.0574 -0.5928 -0.8033
vn 0.3872 -0.2692 -0.8818
vn 0.6332 -0.2309 -0.7388
vn 0.3873 -0.2690 -0.8818
vn 0.0572 -0.5928 -0.8033
vn 0.0543 -0.6832 -0.7282
vn 0.0545 -0.6833 -0.7281
vn 0.0574 -0.5929 -0.8032
vn 0.4840 -0.6657 -0.5680
vn 0.4805 -0.5463 -0.6860
vn 0.4805 -0.5464 -0.6859
vn 0.6333 -0.2309 -0.7386
vn 0.9364 -0.0907 -0.3391
vn 0.4807 -0.5463 -0.6859
vn 0.8646 -0.3099 -0.3955
vn 0.4843 -0.6656 -0.5679
vn 0.4807 -0.5462 -0.6859
vn 0.9364 -0.0906 -0.3391
vn 0.8646 -0.3098 -0.3956
vn 0.9131 -0.3013 -0.2749
vn 0.4843 -0.6655 -0.5679
vn 0.9506 0.2404 0.1964
vn 0.9364 -0.0904 -0.3390
vn 0.9506 0.2403 0.1964
vn 0.8647 -0.3098 -0.3954
vn 0.9505 0.2405 0.1966
vn 0.9331 0.2408 0.2672
vn 0.7451 0.4690 0.4741
vn 0.9727 0.1958 0.1244
vn 0.9131 -0.3011 -0.2748
vn 0.8647 -0.3097 -0.3954
vn 0.9506 0.2404 0.1965
vn 0.7452 0.4689 0.4742
vn 0.9727 0.1960 0.1245
vn 0.8927 0.3980 0.2116
vn 0.8031 0.4671 0.3699
vn 0.9727 0.1959 0.1246
vn 0.9727 0.1959 0.1245
vn 0.8030 0.4673 0.3698
vn 0.8926 0.3981 0.2117
vn 0.7544 0.4897 0.4371
vn 0.8926 0.3981 0.2116
vn 0.8474 0.4243 0.3190
vn 0.8475 0.4241 0.3190
vn 0.8032 0.4671 0.3698
vn 0.7545 0.4897 0.4370
vn 0.1331 0.9239 0.3586
vn -0.1437 -0.9231 -0.3566
vn -0.9617 0.0719 -0.2644
vn -0.9546 0.0801 -0.2869
vn -0.9580 0.0699 -0.2781
vn -0.9644 0.0660 -0.2561
vn -0.9617 0.0719 -0.2643
vn -0.9689 0.0674 -0.2379
vn -0.9621 0.0721 -0.2630
vn -0.9689 0.0674 -0.2380
vn 0.9516 -0.1083 0.2876
vn 0.9387 -0.1163 0.3244
vn 0.9549 -0.0724 0.2880
vn 0.9516 -0.1082 0.2876
vn 0.9355 -0.1610 0.3147
vn 0.9608 -0.0662 0.2693
vn 0.9598 -0.1112 0.2575
vn 0.9355 -0.1610 0.3146
vn 0.9608 -0.0662 0.2692
vn 0.9599 -0.1112 0.2575
vn 0.0101 0.9701 0.2426
vn 0.0093 0.9656 0.2597
vn -0.0185 0.9598 0.2800
vn 0.0100 0.9701 0.2426
vn 0.0014 0.9725 0.2331
vn 0.0101 0.9701 0.2425
vn 0.0121 0.9637 0.2668
vn 0.0015 0.9725 0.2330
vn 0.0283 0.9788 0.2029
vn 0.0142 0.9662 0.2573
vn 0.0389 0.9692 0.2432
vn 0.0420 0.9759 0.2142
vn 0.0023 0.9693 0.2459
vn 0.0187 0.9799 0.1988
vn 0.0186 0.9798 0.1989
vn -0.0013 -0.9601 -0.2798
vn -0.0466 -0.9757 -0.2142
vn -0.0422 -0.9794 -0.1976
vn -0.0028 -0.9535 -0.3015
vn -0.0030 -0.9612 -0.2758
vn -0.0662 -0.9822 -0.1758
vn 0.0784 -0.9712 -0.2250
vn -0.0014 -0.9601 -0.2797
vn -0.0662 -0.9822 -0.1756
vn -0.0671 -0.9854 -0.1563
vn -0.0012 -0.9600 -0.2798
vn 0.0494 -0.9813 -0.1862
vn 0.0785 -0.9712 -0.2251
vn -0.0670 -0.9854 -0.1564
vn -0.0657 -0.9803 -0.1863
vn 0.0232 -0.9606 -0.2769
vn 0.0493 -0.9813 -0.1861
vn -0.0658 -0.9803 -0.1864
vn -0.0316 -0.9952 -0.0927
vn 0.0083 -0.9941 -0.1078
vn -0.0012 -0.9601 -0.2797
vn -0.0315 -0.9952 -0.0925
vn 0.0083 -0.9942 -0.1076
vn -0.0944 0.9773 0.1895
vn -0.0945 0.9773 0.1895
vn -0.0944 0.9773 0.1896
vn -0.0946 0.9773 0.1898
vn -0.0947 0.9773 0.1897
vn -0.0945 0.9773 0.1896
vn 0.3715 -0.0038 -0.9284
vn 0.4918 -0.2854 -0.8226
vn -0.0909 0.0507 -0.9946
vn 0.3715 -0.0037 -0.9284
vn 0.0245 0.3482 -0.9371
vn 0.0244 0.3482 -0.9371
vn -0.0910 0.0508 -0.9946
vn -0.2343 0.6668 -0.7075
vn 0.7684 0.0475 -0.6382
vn 0.4919 -0.2854 -0.8225
vn 0.3717 -0.0037 -0.9284
vn 0.7685 0.0475 -0.6381
vn 0.9316 -0.0056 -0.3635
vn 0.4920 -0.2853 -0.8225
vn 0.0244 0.3483 -0.9371
vn 0.0743 0.7514 -0.6557
vn 0.0742 0.7515 -0.6556
vn -0.2342 0.6669 -0.7074
vn 0.2053 0.9467 -0.2483
vn 0.0247 0.3482 -0.9371
vn 0.4846 0.4596 -0.7443
vn 0.3717 -0.0036 -0.9284
vn 0.3717 -0.0036 -0.9283
vn 0.4847 0.4596 -0.7442
vn 0.7684 0.0477 -0.6382
vn 0.0743 0.7513 -0.6558
vn 0.4845 0.4598 -0.7442
vn 0.0246 0.3482 -0.9371
vn 0.8183 0.4508 -0.3566
vn 0.9316 -0.0055 -0.3634
vn 0.7685 0.0476 -0.6381
vn 0.7685 0.0477 -0.6381
vn 0.4848 0.4597 -0.7441
vn 0.8182 0.4508 -0.3568
vn 0.7885 0.6103 -0.0761
vn 0.0743 0.7515 -0.6556
vn 0.4712 0.8027 -0.3655
vn 0.4712 0.8027 -0.3656
vn 0.4846 0.4598 -0.7441
vn 0.0744 0.7513 -0.6557
vn 0.4712 0.8028 -0.3654
vn 0.2054 0.9467 -0.2482
vn 0.7884 0.6104 -0.0761
vn 0.8182 0.4509 -0.3567
vn 0.4847 0.4598 -0.7441
vn 0.4713 0.8027 -0.3656
vn 0.4713 0.8028 -0.3654
vn -0.2117 -0.3671 -0.9058
vn -0.4674 0.1441 -0.8722
vn -0.2117 -0.3672 -0.9057
vn 0.4259 -0.3880 -0.8174
vn 0.4258 -0.3879 -0.8174
vn 0.9666 -0.2196 -0.1322
vn -0.6055 -0.6387 -0.4747
vn -0.2115 -0.3672 -0.9058
vn -0.6056 -0.6387 -0.4747
vn 0.9666 -0.2196 -0.1321
vn 0.6695 -0.6804 -0.2981
vn 0.6696 -0.6803 -0.2982
vn 0.4258 -0.3880 -0.8174
vn 0.0419 -0.8620 -0.5052
vn -0.2116 -0.3673 -0.9057
vn 0.0418 -0.8621 -0.5051
vn -0.6054 -0.6388 -0.4748
vn 0.6695 -0.6803 -0.2982
vn 0.0420 -0.8620 -0.5051
vn 0.4258 -0.3881 -0.8174
vn -0.3616 -0.9313 0.0446
vn -0.6055 -0.6387 -0.4748
vn -0.6055 -0.6388 -0.4747
vn 0.0418 -0.8621 -0.5050
vn -0.3616 -0.9313 0.0445
vn 0.6696 -0.6803 -0.2981
vn 0.2757 -0.9520 0.1329
vn 0.2758 -0.9520 0.1329
vn 0.0420 -0.8621 -0.5050
vn 0.6694 -0.6804 -0.2981
vn 0.2759 -0.9520 0.1329
vn 0.0419 -0.8621 -0.5049
vn 0.2758 -0.9520 0.1328
vn -0.3617 -0.9312 0.0445
vn -0.4430 0.8952 -0.0498
vn -0.5152 0.6480 -0.5610
vn -0.5152 0.6479 -0.5611
vn -0.4430 0.8952 -0.0497
vn 0.1911 0.9729 -0.1299
vn -0.6659 0.5820 0.4667
vn -0.4637 -0.1860 0.8663
vn -0.6660 0.5820 0.4665
vn 0.1910 0.9730 -0.1298
vn 0.6021 0.7373 0.3064
vn -0.0419 0.8621 0.5049
vn 0.1910 0.9730 -0.1297
vn -0.6660 0.5821 0.4665
vn -0.0420 0.8621 0.5050
vn -0.4429 0.8952 -0.0497
vn 0.1912 0.9729 -0.1298
vn -0.0418 0.8621 0.5050
vn 0.6020 0.7374 0.3064
vn -0.2552 0.3462 0.9028
vn -0.6660 0.5820 0.4666
vn -0.2554 0.3462 0.9027
vn -0.0420 0.8620 0.5051
vn -0.6659 0.5821 0.4666
vn -0.2553 0.3461 0.9028
vn 0.3789 0.4240 0.8226
vn 0.6020 0.7373 0.3064
vn -0.0418 0.8621 0.5051
vn 0.3788 0.4241 0.8226
vn 0.3788 0.4240 0.8226
vn -0.0419 0.8620 0.5051
vn -0.2553 0.3463 0.9027
vn 0.9412 0.3053 0.1445
vn 0.4900 -0.1363 0.8610
vn 0.4901 -0.1364 0.8609
vn 0.3789 0.4241 0.8225
vn 0.7397 -0.4817 0.4700
vn -0.3908 0.6348 -0.6665
vn -0.3319 0.1928 -0.9234
vn -0.5707 -0.1952 -0.7977
vn -0.7855 0.3223 -0.5283
vn 0.7948 -0.3191 0.5162
vn 0.4536 -0.1440 -0.8795
vn 0.4537 -0.1440 -0.8794
vn 0.5908 0.2128 -0.7782
vn 0.5907 0.2128 -0.7783
vn 0.7904 -0.3206 0.5219
vn -0.8379 -0.0018 0.5459
vn 0.9671 -0.1425 0.2107
vn -0.0432 -0.9503 -0.3085
vn -0.8999 0.4273 0.0878
vn 0.0101 -0.8898 0.4561
vn 0.8660 0.4176 -0.2751
vn 0.0502 -0.4088 0.9112
vn 0.0554 -0.2937 0.9543
vn 0.9836 -0.1633 -0.0763
vn 0.9950 -0.0699 -0.0710
vn 0.8441 -0.5284 -0.0905
vn 0.4513 0.3907 0.8023
vn 0.8637 0.2712 0.4249
vn 0.6762 -0.2292 0.7002
vn 0.1162 0.9304 0.3478
vn -0.9827 -0.1850 -0.0040
vn 0.1161 0.9303 0.3479
vn -0.9827 -0.1849 -0.0040
vn -0.7561 -0.2982 0.5826
vn 0.5999 -0.2371 -0.7641
vn -0.8866 -0.3746 -0.2712
vn -0.8865 -0.3748 -0.2713
vn 0.9064 0.1464 0.3964
vn -0.8865 -0.3748 -0.2711
vn -0.8351 -0.5241 -0.1670
vn 0.9064 0.1462 0.3963
vn -0.9819 -0.0087 0.1892
vn -0.8680 -0.4958 0.0258
vn -0.0326 0.9332 0.3579
vn -0.5836 -0.2052 0.7857
vn -0.3233 0.4056 0.8550
vn 0.8269 -0.4074 -0.3878
vn 0.8268 -0.4076 -0.3878
vn -0.8384 0.1796 0.5146
vn -0.5835 -0.2051 0.7858
vn -0.0149 -0.8483 0.5292
vn -0.7891 -0.0406 0.6130
vn -0.5136 -0.0561 0.8562
vn -0.1786 0.3107 -0.9336
vn 0.6294 -0.6748 -0.3854
vn -0.8647 0.0924 -0.4938
vn -0.4886 -0.3304 -0.8075
vn -0.4885 -0.3305 -0.8075
vn -0.5654 -0.7445 0.3550
vn -0.0563 0.5066 -0.8603
vn 0.1638 0.5478 -0.8204
vn 0.9327 -0.2232 -0.2834
vn -0.7247 0.0443 0.6877
vn -0.4550 -0.3170 0.8322
vn -0.9239 0.3363 0.1827
vn -0.5919 0.5455 -0.5933
vn -0.6827 0.3685 -0.6309
vn -0.1241 0.4434 -0.8877
vn 0.6604 0.4052 -0.6323
vn 0.3116 0.3971 -0.8632
vn -0.3308 0.8974 0.2921
vn -0.5649 0.5796 -0.5873
vn 0.1217 0.9478 -0.2946
vn 0.3457 0.7358 0.5824
vn 0.3456 0.7358 0.5824
vn 0.8690 0.4588 -0.1850
vn 0.9096 0.3129 -0.2735
vn 0.4070 -0.8100 -0.4222
vn 0.5381 0.0009 -0.8429
vn -0.7599 0.0982 0.6426
vn -0.3197 -0.0730 0.9447
vn 0.8383 0.0101 0.5450
vn 0.3305 -0.6201 0.7115
vn -0.1183 -0.7833 0.6102
vn 0.2187 -0.8260 0.5196
vn 0.1542 -0.4194 0.8946
vn -0.5543 0.8136 0.1756
vn -0.8835 0.0657 0.4638
vn 0.3829 -0.1069 0.9176
vn -0.7167 -0.4196 0.5570
vn -0.9378 -0.1458 0.3152
vn -0.5436 -0.7359 0.4036
vn -0.3302 -0.6241 0.7081
vn 0.7475 -0.4140 0.5194
vn -0.0382 -0.5562 0.8302
vn -0.9841 0.1459 0.1017
vn 0.7777 -0.3436 0.5264
vn -0.4476 -0.5411 0.7120
vn 0.6129 -0.3936 0.6851
vn -0.5675 0.2479 -0.7851
vn 0.2858 0.1126 -0.9517
vn 0.9051 -0.4085 0.1176
vn -0.1728 -0.8706 0.4607
vn 0.1349 -0.0509 -0.9896
vn -0.6690 0.0593 -0.7409
vn 0.9528 0.0763 0.2937
vn 0.2004 0.5482 -0.8120
vn -0.1182 0.6638 -0.7385
vn -0.6450 0.7352 -0.2083
vn -0.7324 0.0591 0.6782
vn 0.7076 -0.1232 0.6957
vn 0.4748 0.7793 0.4090
vn 0.3787 0.8227 0.4241
vn 0.2933 0.8972 0.3301
vn -0.5547 -0.6855 0.4716
vn -0.5707 -0.7143 0.4052
vn -0.6825 -0.4072 0.6069
vn -0.1705 -0.4500 0.8766
vn -0.2636 -0.0281 0.9642
vn -0.3179 0.3779 0.8695
vn 0.2676 -0.0164 0.9634
vn 0.6076 0.2005 0.7686
vn 0.4443 -0.8499 -0.2835
vn -0.2012 0.8383 0.5067
vn -0.4748 0.5764 -0.6652
vn -0.5189 -0.3776 -0.7669
vn 0.1771 -0.9620 -0.2080
vn 0.1982 -0.9618 -0.1888
vn 0.6895 -0.5655 0.4524
vn 0.4271 0.1213 0.8961
vn 0.9833 0.0867 -0.1599
vn 0.8750 0.4833 -0.0298
vn -0.7684 -0.4129 0.4888
vn 0.4015 -0.7877 0.4673
vn -0.5741 -0.5777 -0.5802
vn 0.4704 -0.8647 0.1762
vn -0.0067 -0.8685 0.4956
vn 0.0420 -0.8980 0.4379
vn -0.0069 -0.8685 0.4956
vn -0.1786 -0.7861 0.5917
vn 0.9279 0.1510 0.3410
vn 0.1629 0.6783 -0.7165
vn 0.6581 0.3690 0.6563
vn -0.4062 -0.0745 0.9108
vn -0.6142 0.0878 0.7842
vn 0.0283 -0.1564 0.9873
vn -0.8780 0.0514 0.4758
vn 0.8356 0.0797 -0.5436
vn -0.8840 -0.1856 -0.4290
vn -0.6143 0.1556 -0.7736
vn -0.9449 0.1453 -0.2932
vn 0.6122 0.1154 -0.7822
vn 0.7280 0.6727 0.1323
vn 0.3928 0.7318 0.5570
vn -0.2084 0.5422 0.8140
vn -0.8047 0.5064 0.3097
vn -0.0853 0.9862 -0.1422
vn 0.3003 0.4608 -0.8351
vn 0.3486 0.6122 -0.7098
vn -0.5489 -0.3398 0.7637
vn -0.5463 -0.3418 0.7647
vn -0.8474 0.5298 0.0363
vn -0.4493 0.8808 -0.1497
vn 0.3701 -0.9185 -0.1391
vn 0.8277 -0.5440 -0.1382
vn -0.1418 0.6758 0.7233
vn 0.5366 -0.8437 -0.0175
vn 0.6289 -0.2868 0.7227
vn -0.5332 -0.3049 0.7892
vn -0.3317 -0.9417 0.0559
vn -0.5098 -0.5371 0.6720
vn 0.8396 -0.5431 0.0127
vn 0.8130 -0.5672 -0.1311
vn 0.9610 0.2232 -0.1632
vn 0.6979 -0.3924 -0.5992
vn 0.7201 -0.2133 0.6603
vn -0.1708 0.2715 0.9472
vn -0.1706 0.2714 0.9472
vn 0.4347 -0.0154 -0.9004
vn -0.8928 0.3826 -0.2377
vn -0.3356 -0.0634 -0.9399
vn -0.3094 -0.3520 0.8834
vn -0.9171 -0.3986 -0.0094
vn -0.8391 -0.0950 -0.5355
vn -0.4456 -0.7417 -0.5013
vn 0.7714 -0.4114 0.4855
vn 0.7714 -0.4113 0.4854
vn 0.8575 0.1314 0.4975
vn 0.3030 0.7818 0.5449
vn -0.7750 0.3330 -0.5372
vn -0.5024 0.8594 -0.0949
vn -0.2093 -0.4241 0.8811
vn 0.1369 -0.0572 0.9889
vn 0.1372 -0.0571 0.9889
vn -0.9631 -0.1790 0.2011
vn -0.9631 -0.1530 0.2213
vn -0.9630 -0.1790 0.2014
vn -0.3271 0.3458 -0.8795
vn -0.9126 -0.3945 -0.1073
vn -0.3385 -0.6791 0.6514
vn -0.9125 -0.3947 -0.1074
vn 0.6029 0.0414 0.7967
vn -0.2922 -0.0628 0.9543
vn -0.8539 -0.2946 0.4289
vn -0.8727 -0.2462 -0.4216
vn -0.3077 0.3905 -0.8676
vn 0.4961 -0.0316 0.8677
vn 0.6368 -0.0992 0.7647
vn -0.9765 -0.0801 0.2003
vn -0.1992 0.9454 -0.2581
vn 0.5453 0.7865 -0.2899
vn 0.5453 0.7864 -0.2900
vn 0.5454 0.7864 -0.2900
vn -0.0148 0.9846 -0.1745
vn 0.0482 0.6551 -0.7540
vn 0.8755 0.4755 -0.0864
vn 0.4612 0.4269 -0.7778
vn -0.3272 0.3456 -0.8795
vn 0.2645 0.7724 -0.5774
vn 0.4613 0.4268 -0.7779
vn 0.2644 0.7723 -0.5776
vn 0.4189 0.8895 0.1823
vn 0.6745 -0.0181 0.7380
vn 0.2550 0.9127 -0.3192
vn 0.4189 0.8896 0.1822
vn 0.5099 0.8598 0.0287
vn 0.4190 0.8895 0.1824
vn 0.3494 0.9263 0.1408
vn 0.3282 0.9293 0.1694
vn -0.2077 0.7232 -0.6587
vn 0.6626 0.3951 -0.6364
vn 0.6529 0.3662 -0.6630
vn 0.6530 0.3661 -0.6630
vn -0.4004 -0.8599 0.3167
vn 0.5964 -0.3489 0.7229
vn 0.0156 -0.9117 -0.4106
vn -0.5170 0.2146 0.8287
vn -0.3565 0.1230 0.9262
vn 0.7277 0.0164 0.6858
vn -0.4710 0.4873 -0.7354
vn -0.2647 0.2436 -0.9331
vn 0.7530 0.2854 -0.5930
vn 0.8295 0.3195 -0.4580
vn 0.2894 -0.0094 -0.9572
vn -0.0375 -0.6802 0.7320
vn -0.0657 0.9643 -0.2565
vn 0.4573 0.8583 -0.2326
vn -0.0179 0.8507 0.5253
vn -0.1246 0.7027 0.7005
vn 0.8613 -0.2011 0.4667
vn 0.8569 -0.2010 0.4747
vn 0.7955 -0.1347 0.5909
vn 0.7945 -0.1230 0.5947
vn 0.5182 0.3800 -0.7662
vn -0.6815 0.3469 -0.6444
vn -0.7291 0.2904 -0.6197
vn 0.5367 -0.7256 -0.4307
vn 0.3893 -0.8837 -0.2601
vn -0.8727 0.2485 -0.4203
vn -0.8727 0.2484 -0.4202
vn -0.4952 -0.6886 0.5298
vn 0.6845 -0.7237 0.0876
vn 0.6064 -0.7461 0.2751
vn 0.9128 -0.2836 0.2938
vn 0.9535 -0.2419 0.1799
vn -0.8803 0.3073 0.3615
vn -0.8834 0.2854 0.3717
vn 0.1561 0.5933 0.7897
vn 0.1536 0.5923 0.7910
vn -0.5420 0.0697 -0.8375
vn 0.3241 0.1227 0.9380
vn 0.7548 0.2889 0.5889
vn 0.7483 0.3355 0.5722
vn -0.0202 0.9058 0.4233
vn -0.0235 0.9078 0.4187
vn 0.2716 -0.8221 0.5003
vn 0.1815 -0.8691 0.4601
vn -0.8892 -0.3022 -0.3435
vn 0.0935 0.3350 -0.9376
vn 0.9458 -0.2533 0.2032
vn 0.4014 0.8881 0.2237
vn 0.6985 0.0774 0.7114
vn 0.0984 -0.2081 0.9731
vn 0.3281 -0.0998 0.9393
vn 0.3257 -0.0985 0.9403
vn -0.0537 -0.9716 -0.2304
vn -0.9264 -0.2209 -0.3048
vn -0.6604 -0.4104 0.6288
vn -0.3029 0.9175 0.2579
vn -0.1936 0.8378 0.5106
vn -0.8899 0.0678 -0.4511
vn -0.8814 0.0307 -0.4715
vn -0.6137 0.3992 0.6812
vn -0.7036 -0.1977 0.6825
vn -0.7431 -0.1938 0.6404
vn -0.2340 -0.7565 -0.6108
vn -0.1014 -0.9212 -0.3756
vn -0.4785 -0.7219 -0.4999
vn -0.0007 -0.9333 -0.3590
vn 0.0154 -0.8534 -0.5209
vn -0.6440 0.1960 0.7395
vn -0.7847 0.2565 0.5643
vn -0.9964 0.0791 0.0301
vn -0.6910 0.2707 0.6703
vn -0.7845 0.2567 0.5644
vn -0.7534 -0.0120 0.6575
vn -0.2286 0.4652 0.8552
vn -0.5732 -0.1640 0.8028
vn -0.5553 -0.0019 0.8316
vn -0.0896 -0.0343 0.9954
vn -0.4933 -0.5853 0.6434
vn -0.0781 -0.7991 0.5962
vn 0.4058 -0.0300 0.9134
vn 0.5051 -0.0082 0.8631
vn 0.7217 -0.1423 0.6774
vn 0.5507 -0.2976 0.7798
vn 0.4877 0.1838 0.8535
vn 0.2035 0.8682 0.4526
vn 0.8950 -0.2708 0.3544
vn 0.6918 0.2135 0.6899
vn 0.4652 0.3576 0.8098
vn 0.6944 0.3666 0.6191
vn 0.7324 -0.3865 0.5606
vn 0.5825 0.2333 0.7787
vn 0.3776 -0.2102 0.9018
vn 0.6781 -0.1864 0.7110
vn -0.4238 0.5767 -0.6984
vn 0.0839 0.5053 -0.8589
vn -0.8026 0.4592 0.3807
vn -0.3531 0.3774 -0.8561
vn 0.6177 0.3321 -0.7128
vn 0.8761 0.4399 -0.1970
vn -0.0066 0.9628 0.2703
vn -0.0659 0.4578 0.8866
vn 0.1073 0.4552 0.8839
vn 0.0799 -0.1412 -0.9868
vn 0.0482 -0.7933 -0.6070
vn 0.0287 -0.7928 -0.6089
vn 0.0450 -0.1325 -0.9902
vn -0.0407 0.4421 -0.8961
vn -0.0408 0.4421 -0.8961
vn 0.9944 0.0442 0.0957
vn 0.1877 0.9126 -0.3632
vn 0.1343 0.9516 0.2764
vn 0.0865 0.5867 0.8052
vn 0.9641 -0.0570 0.2593
vn 0.8544 0.1576 0.4952
vn 0.6279 0.2453 0.7386
vn -0.1961 0.2631 0.9446
vn -0.1121 0.6978 0.7075
vn -0.8631 0.4744 0.1729
vn 0.4433 0.6947 -0.5665
vn 0.1827 0.9449 0.2715
vn -0.5718 0.7370 0.3604
vn -0.0086 0.8756 0.4830
vn 0.2182 0.4935 0.8419
vn -0.0002 -0.9782 0.2076
vn -0.3957 -0.9152 0.0772
vn 0.1133 -0.9370 -0.3305
vn 0.0144 0.1814 0.9833
vn 0.8377 -0.1572 -0.5230
vn 0.1067 0.9849 -0.1364
vn 0.1449 0.9894 -0.0034
vn 0.0423 0.9990 -0.0166
vn -0.4158 0.5689 -0.7096
vn 0.1772 0.9835 0.0356
vn 0.7860 -0.6181 -0.0146
vn 0.2247 0.6570 0.7197
vn 0.2994 -0.8357 0.4604
vn 0.0350 -0.7711 0.6358
vn -0.7183 -0.5391 -0.4398
vn 0.8715 0.4268 -0.2414
vn 0.8780 -0.0305 -0.4778
vn -0.1307 0.8346 0.5352
vn -0.1342 0.8056 0.5771
vn 0.1080 -0.8311 -0.5455
vn 0.0909 -0.1993 -0.9757
vn 0.0909 -0.1992 -0.9757
vn 0.0859 -0.9794 -0.1829
vn 0.2628 -0.0796 0.9616
vn -0.8745 0.0895 -0.4766
vn -0.2779 0.2313 -0.9323
vn -0.2768 0.2314 -0.9326
vn -0.4707 -0.4631 0.7510
vn 0.2733 0.7747 -0.5702
vn 0.8995 0.2700 0.3437
vn 0.3035 -0.1123 0.9462
vn 0.6670 -0.3523 0.6566
vn 0.6446 -0.6122 0.4580
vn -0.2804 -0.7440 0.6064
vn -0.9179 -0.2299 -0.3235
vn -0.3111 0.1589 -0.9370
vn -0.8499 0.2300 -0.4741
vn -0.8594 0.2017 -0.4698
vn 0.2641 0.1170 0.9574
vn -0.8944 0.4375 0.0933
vn 0.0275 -0.2216 0.9747
vn -0.9458 -0.0696 0.3173
vn -0.6495 0.6677 0.3638
vn -0.8570 0.0749 0.5098
vn -0.2200 -0.2942 0.9301
vn 0.5508 0.8039 0.2244
vn -0.2238 0.0136 0.9745
vn -0.0325 0.3691 -0.9288
vn -0.0324 0.3688 -0.9289
vn 0.2521 0.1301 -0.9589
vn 0.1078 0.1090 -0.9882
vn -0.4945 0.4409 -0.7490
vn -0.9263 0.2951 -0.2343
vn -0.9184 0.3473 -0.1892
vn 0.6191 0.1247 0.7754
vn 0.6220 0.1139 0.7747
vn 0.6688 0.2419 -0.7030
vn 0.5606 0.3085 -0.7685
vn 0.9660 0.0611 -0.2514
vn 0.3981 -0.2958 -0.8684
vn 0.4807 -0.5463 -0.6858
vn 0.9506 0.2405 0.1964
vn 0.9364 -0.0906 -0.3389
vn 0.8926 0.3980 0.2116
vn 0.8474 0.4244 0.3190
vn -0.0662 -0.9822 -0.1757
vn -0.0910 0.0508 -0.9945
vn 0.3716 -0.0037 -0.9284
vn -0.3616 -0.9312 0.0446
vn -0.4429 0.8952 -0.0498
vn 0.1911 0.9729 -0.1298
vn 0.7994 -0.4952 0.3402
vn 0.7397 -0.4816 0.4699
vn -0.0734 -0.1123 -0.9910
vn -0.3318 0.1928 -0.9235
vn 0.7949 -0.3188 0.5161
vn -0.1431 0.3205 -0.9364
vn 0.1454 -0.7143 -0.6845
vn 0.2563 0.3884 -0.8852
vn -0.9616 -0.0534 0.2694
vn -0.0742 -0.3358 -0.9390
vn -0.8999 0.4273 0.0879
vn -0.8957 0.2676 -0.3552
vn 0.9933 -0.1146 0.0132
vn -0.9553 -0.2940 -0.0325
vn 0.9974 -0.0463 0.0545
vn 0.9977 -0.0072 -0.0670
vn 0.8636 0.2712 0.4249
vn 0.6762 -0.2291 0.7001
vn -0.9827 -0.1851 -0.0044
vn -0.8866 -0.3747 -0.2711
vn -0.8865 -0.3749 -0.2711
vn -0.0326 0.9331 0.3580
vn 0.9654 -0.2223 -0.1365
vn 0.9654 -0.2224 -0.1366
vn 0.8162 -0.3282 0.4755
vn 0.9653 -0.2223 -0.1368
vn -0.2122 0.8279 -0.5192
vn 0.8268 -0.4076 -0.3877
vn 0.8267 -0.4077 -0.3877
vn -0.2120 0.8279 -0.5192
vn 0.7842 -0.5552 -0.2770
vn -0.1650 -0.4858 0.8583
vn 0.0278 -0.2121 0.9768
vn 0.7670 -0.3015 -0.5665
vn 0.7554 -0.3724 -0.5392
vn 0.7714 -0.3640 -0.5219
vn -0.2313 0.6191 -0.7505
vn 0.6526 -0.6268 0.4257
vn -0.7123 -0.2306 0.6629
vn -0.6954 0.2748 -0.6640
vn 0.3033 0.3373 -0.8912
vn -0.1451 0.3773 -0.9146
vn 0.6124 0.0865 -0.7858
vn -0.3426 -0.6826 0.6456
vn -0.7323 0.2887 0.6167
vn 0.3775 -0.0571 0.9243
vn -0.9376 -0.3418 0.0636
vn -0.7470 -0.4507 0.4888
vn -0.6427 -0.7603 -0.0938
vn -0.7459 -0.2066 0.6332
vn 0.1924 0.0044 -0.9813
vn 0.1929 -0.4711 0.8607
vn -0.6885 0.1968 -0.6980
vn 0.3116 0.6954 -0.6476
vn -0.9818 0.1882 -0.0231
vn 0.7647 -0.3697 0.5277
vn -0.9527 0.3003 0.0479
vn 0.9475 -0.2659 -0.1776
vn -0.4582 -0.4547 0.7637
vn -0.5726 0.7582 0.3117
vn 0.2930 -0.5523 0.7805
vn 0.6899 -0.4668 0.5532
vn -0.5824 -0.4689 -0.6640
vn -0.7792 0.4239 -0.4616
vn -0.9567 0.0123 0.2907
vn 0.5047 0.7710 -0.3883
vn 0.0252 0.4325 0.9013
vn 0.9990 0.0285 0.0358
vn -0.9025 -0.1841 0.3893
vn -0.7871 -0.1519 0.5979
vn 0.9364 0.1596 0.3125
vn 0.8356 0.0796 -0.5435
vn -0.9886 -0.0237 -0.1487
vn 0.5864 0.0749 -0.8065
vn 0.7279 0.6727 0.1326
vn 0.3929 0.7318 0.5570
vn -0.2623 0.3030 -0.9162
vn -0.4349 0.7681 0.4701
vn -0.7503 0.6439 0.1501
vn 0.8643 -0.1480 -0.4807
vn 0.4390 -0.8226 -0.3614
vn 0.6290 -0.2869 0.7225
vn 0.4115 -0.3868 0.8252
vn 0.8736 -0.1254 -0.4703
vn 0.3795 -0.8406 -0.3864
vn -0.2529 0.1233 0.9596
vn -0.1708 0.2716 0.9471
vn 0.7201 -0.2134 0.6603
vn -0.6679 0.5019 -0.5495
vn -0.3974 0.0956 0.9127
vn -0.7326 -0.0388 -0.6796
vn 0.4191 0.8895 0.1823
vn -0.9171 -0.3986 -0.0095
vn -0.8391 -0.0951 -0.5356
vn -0.8461 -0.4890 0.2122
vn 0.2279 -0.0836 0.9701
vn 0.3269 -0.8868 0.3268
vn 0.2223 -0.8005 0.5567
vn 0.2223 -0.8005 0.5566
vn -0.9764 -0.0801 0.2003
vn 0.0320 0.6676 0.7438
vn 0.2764 0.9391 -0.2043
vn 0.2642 0.7724 -0.5775
vn -0.5918 0.1488 -0.7923
vn 0.6746 -0.0181 0.7380
vn 0.5097 0.8599 0.0287
vn -0.2078 0.7231 -0.6587
vn 0.3103 0.3771 -0.8727
vn 0.3105 0.3771 -0.8726
vn 0.6461 0.3456 -0.6806
vn -0.2769 -0.8040 0.5262
vn -0.3153 0.7418 -0.5919
vn 0.9692 -0.0646 0.2375
vn 0.7665 0.2009 -0.6099
vn 0.4779 0.0096 -0.8784
vn 0.4452 0.1200 -0.8874
vn -0.4643 0.3551 -0.8114
vn 0.4004 0.0283 -0.9159
vn 0.4006 0.0283 -0.9158
vn -0.1013 -0.5369 -0.8376
vn -0.8415 0.3306 -0.4272
vn 0.8955 -0.2549 0.3650
vn 0.8569 -0.2009 0.4746
vn 0.7954 -0.1347 0.5909
vn 0.5367 -0.7256 -0.4308
vn -0.8740 0.2605 -0.4103
vn -0.8727 0.2486 -0.4203
vn 0.3183 0.4705 -0.8230
vn -0.8834 0.2855 0.3717
vn -0.8839 0.2816 0.3734
vn 0.1318 0.6103 0.7812
vn 0.2416 0.0093 0.9703
vn -0.0731 0.2250 0.9716
vn -0.0732 0.2248 0.9717
vn -0.0321 -0.3386 0.9404
vn 0.6827 0.5846 0.4384
vn 0.3088 -0.8081 0.5015
vn 0.9570 -0.1250 0.2620
vn 0.0982 -0.2080 0.9732
vn 0.0458 -0.2493 0.9673
vn -0.6207 -0.1193 -0.7750
vn -0.4652 -0.3102 0.8291
vn -0.3031 0.9174 0.2580
vn -0.8804 0.0350 -0.4729
vn -0.7431 -0.1938 0.6406
vn 0.0995 -0.9254 0.3657
vn 0.0155 -0.8534 -0.5210
vn -0.6181 -0.2946 0.7288
vn -0.8027 0.4590 0.3808
vn -0.7665 0.4097 0.4947
vn -0.8672 -0.4926 0.0727
vn -0.6431 0.0255 0.7653
vn -0.6176 -0.3465 0.7061
vn -0.6176 -0.3468 0.7060
vn 0.8123 -0.5419 0.2157
vn 0.9799 0.0213 0.1985
vn 0.5824 0.2333 0.7787
vn -0.2134 0.7657 -0.6068
vn 0.0839 0.5055 -0.8588
vn 0.8701 0.4429 -0.2164
vn 0.0124 0.9887 0.1491
vn -0.9959 0.0332 -0.0846
vn 0.0759 -0.1411 -0.9871
vn 0.1787 0.2254 -0.9577
vn 0.2169 0.4492 -0.8667
vn -0.1960 0.2631 0.9447
vn 0.4433 0.6947 -0.5664
vn -0.5717 0.7371 0.3602
vn -0.5718 0.7370 0.3603
vn -0.6948 0.6140 0.3746
vn 0.0294 0.8828 0.4687
vn -0.1925 0.9789 0.0677
vn -0.3310 0.7110 -0.6204
vn -0.3298 0.8402 -0.4303
vn 0.2993 -0.8357 0.4605
vn -0.7126 -0.1371 -0.6881
vn -0.7184 -0.5391 -0.4397
vn 0.0908 -0.1993 -0.9757
vn -0.9626 -0.0598 0.2644
vn 0.3036 -0.1122 0.9462
vn 0.6201 0.1102 -0.7767
vn -0.8292 0.3138 -0.4625
vn 0.4620 -0.8847 -0.0616
vn 0.2852 0.7138 0.6396
vn 0.0214 -0.2118 0.9771
vn 0.4566 -0.1661 0.8740
vn 0.4564 -0.1661 0.8741
vn 0.5509 0.8039 0.2242
vn -0.2136 0.0230 0.9767
vn -0.5796 0.1514 0.8008
vn 0.0396 0.3510 -0.9356
vn -0.6028 0.2734 -0.7496
vn 0.7544 0.4896 0.4371
vn 0.7685 0.0478 -0.6381
vn -0.6055 -0.6388 -0.4748
vn -0.4636 -0.1859 0.8663
vt 0.934082 0.829590
vt 0.951172 0.845215
vt 0.923828 0.848633
vt 0.949219 0.821289
vt 0.923828 0.883301
vt 0.933594 0.867676
vt 0.947754 0.876953
vt 0.951660 0.853027
vt 0.925781 0.813477
vt 0.270752 0.083557
vt 0.269775 0.078552
vt 0.255127 0.083862
vt 0.841797 0.963867
vt 0.847656 0.937012
vt 0.852539 0.967773
vt 0.857422 0.935059
vt 0.870605 0.911621
vt 0.865723 0.903809
vt 0.894043 0.887695
vt 0.891113 0.877930
vt 0.867188 0.938965
vt 0.875977 0.942871
vt 0.863281 0.970215
vt 0.875000 0.970703
vt 0.887207 0.921875
vt 0.879883 0.916992
vt 0.912598 0.897461
vt 0.901855 0.894531
vt 0.709473 0.908691
vt 0.710938 0.962891
vt 0.684082 0.911621
vt 0.817383 0.914551
vt 0.806152 0.859863
vt 0.831543 0.854980
vt 0.817871 0.667969
vt 0.830566 0.668457
vt 0.804688 0.680664
vt 0.809082 0.671875
vt 0.831543 0.653320
vt 0.817871 0.652832
vt 0.826660 0.936035
vt 0.720215 0.983887
vt 0.691406 0.974121
vt 0.663574 0.922852
vt 0.680176 0.889648
vt 0.704590 0.886230
vt 0.962402 0.976074
vt 0.962402 0.940918
vt 0.987793 0.976074
vt 0.987793 0.940918
vt 0.887695 0.976074
vt 0.887695 0.941406
vt 0.913086 0.976074
vt 0.913086 0.941406
vt 0.937500 0.976074
vt 0.937500 0.941406
vt 0.937500 0.916016
vt 0.962402 0.916016
vt 0.786133 0.844238
vt 0.790039 0.681152
vt 0.795410 0.662109
vt 0.671387 0.683105
vt 0.671387 0.655762
vt 0.697754 0.683105
vt 0.697754 0.655762
vt 0.671387 0.822266
vt 0.671387 0.700684
vt 0.697754 0.822266
vt 0.697754 0.700684
vt 0.671387 0.867188
vt 0.671387 0.844727
vt 0.697754 0.867188
vt 0.697754 0.844727
vt 0.769043 0.683105
vt 0.769043 0.844727
vt 0.742676 0.683105
vt 0.742676 0.844727
vt 0.720215 0.844727
vt 0.720215 0.837891
vt 0.715820 0.683105
vt 0.697754 0.837891
vt 0.671387 0.837891
vt 0.897461 0.862793
vt 0.897461 0.872559
vt 0.851074 0.862793
vt 0.851074 0.872559
vt 0.897461 0.663086
vt 0.851074 0.663086
vt 0.897461 0.653809
vt 0.851074 0.653809
vt 0.912109 0.733398
vt 0.912109 0.656250
vt 0.929688 0.733398
vt 0.929688 0.656250
vt 0.841797 0.862793
vt 0.841797 0.663086
vt 0.906738 0.663086
vt 0.906738 0.862793
vt 0.972656 0.806152
vt 0.982422 0.806152
vt 0.973145 0.825195
vt 0.981934 0.825195
vt 0.973145 0.844238
vt 0.981934 0.844238
vt 0.973145 0.863770
vt 0.981934 0.863770
vt 0.973145 0.882812
vt 0.981934 0.882812
vt 0.973145 0.902344
vt 0.981934 0.902344
vt 0.973145 0.748535
vt 0.981934 0.748535
vt 0.973145 0.768066
vt 0.981934 0.768066
vt 0.973145 0.787109
vt 0.981934 0.787109
vt 0.312744 0.075073
vt 0.299072 0.071289
vt 0.299072 0.075073
vt 0.312744 0.071289
vt 0.321777 0.087341
vt 0.321777 0.075073
vt 0.312744 0.087341
vt 0.312744 0.058655
vt 0.321777 0.071289
vt 0.321777 0.058655
vt 0.264893 0.094604
vt 0.275879 0.097778
vt 0.261963 0.106628
vt 0.280762 0.095886
vt 0.275635 0.081665
vt 0.336670 0.060547
vt 0.314697 0.049194
vt 0.321289 0.044464
vt 0.330078 0.063721
vt 0.336670 0.081665
vt 0.330322 0.080444
vt 0.324219 0.110413
vt 0.317139 0.097778
vt 0.330322 0.063721
vt 0.125977 0.211670
vt 0.143677 0.218262
vt 0.125977 0.217651
vt 0.143677 0.212280
vt 0.157471 0.218628
vt 0.157837 0.212646
vt 0.175781 0.218872
vt 0.175781 0.212891
vt 0.265625 0.112305
vt 0.311279 0.141357
vt 0.244629 0.141602
vt 0.322754 0.113525
vt 0.324951 0.144409
vt 0.309570 0.153931
vt 0.244873 0.154297
vt 0.322754 0.156738
vt 0.216187 0.135254
vt 0.228882 0.076965
vt 0.229126 0.135254
vt 0.215942 0.076965
vt 0.335449 0.112305
vt 0.337646 0.143555
vt 0.249390 0.204102
vt 0.281494 0.218018
vt 0.249634 0.218628
vt 0.281250 0.204712
vt 0.151489 0.317139
vt 0.218140 0.316162
vt 0.217163 0.323730
vt 0.187866 0.315186
vt 0.208984 0.215088
vt 0.181763 0.220825
vt 0.181763 0.215088
vt 0.208984 0.220825
vt 0.181763 0.209473
vt 0.208984 0.209717
vt 0.212158 0.038147
vt 0.227295 0.017319
vt 0.228516 0.030563
vt 0.199829 0.031830
vt 0.114624 0.031204
vt 0.120605 0.013847
vt 0.285400 0.245361
vt 0.266113 0.222412
vt 0.285400 0.222412
vt 0.266113 0.245361
vt 0.153687 0.222412
vt 0.153687 0.245361
vt 0.139526 0.245361
vt 0.139526 0.222412
vt 0.120300 0.245361
vt 0.120300 0.222412
vt 0.106079 0.245361
vt 0.106079 0.222412
vt 0.016190 0.222412
vt 0.016190 0.245361
vt 0.222168 0.057068
vt 0.214600 0.052338
vt 0.229736 0.052338
vt 0.214600 0.040344
vt 0.229736 0.040344
vt 0.101074 0.209473
vt 0.093811 0.219604
vt 0.093811 0.209473
vt 0.101074 0.219604
vt 0.106384 0.209473
vt 0.106384 0.219604
vt 0.111755 0.209473
vt 0.111755 0.219604
vt 0.119019 0.209473
vt 0.119019 0.219604
vt 0.087769 0.219604
vt 0.016815 0.178589
vt 0.016815 0.219604
vt 0.087769 0.207275
vt 0.211792 0.207520
vt 0.241699 0.179199
vt 0.231689 0.205322
vt 0.241699 0.202515
vt 0.219360 0.216431
vt 0.229492 0.216431
vt 0.018082 0.175415
vt 0.239258 0.139038
vt 0.239258 0.175415
vt 0.018082 0.139038
vt 0.281494 0.250244
vt 0.261719 0.281006
vt 0.261719 0.250244
vt 0.281494 0.281006
vt 0.252686 0.281006
vt 0.252686 0.250244
vt 0.243042 0.281006
vt 0.243042 0.250244
vt 0.224731 0.250244
vt 0.120911 0.281006
vt 0.120911 0.250244
vt 0.224731 0.281006
vt 0.110535 0.281006
vt 0.110535 0.250244
vt 0.050568 0.281006
vt 0.050568 0.250244
vt 0.016495 0.281006
vt 0.016495 0.250244
vt 0.234497 0.281006
vt 0.234497 0.250244
vt 0.015869 0.077271
vt 0.210815 0.096802
vt 0.210815 0.077271
vt 0.016190 0.096802
vt 0.210815 0.116699
vt 0.016190 0.116699
vt 0.016190 0.134399
vt 0.210815 0.134399
vt 0.257812 0.119202
vt 0.233887 0.132446
vt 0.258545 0.091431
vt 0.234497 0.083862
vt 0.263184 0.325928
vt 0.245850 0.315674
vt 0.263184 0.315674
vt 0.245850 0.325928
vt 0.228516 0.315674
vt 0.228516 0.325928
vt 0.310303 0.081055
vt 0.282227 0.109436
vt 0.282227 0.080444
vt 0.310303 0.109436
vt 0.307129 0.042236
vt 0.255127 0.015427
vt 0.307129 0.015427
vt 0.255127 0.042236
vt 0.307129 0.064941
vt 0.255127 0.064941
vt 0.329834 0.015427
vt 0.329834 0.042236
vt 0.232300 0.042236
vt 0.232300 0.015427
vt 0.291016 0.199707
vt 0.322510 0.159546
vt 0.322510 0.199707
vt 0.291016 0.159546
vt 0.291016 0.213257
vt 0.322510 0.213257
vt 0.277344 0.159546
vt 0.245850 0.199707
vt 0.245850 0.159546
vt 0.277344 0.199707
vt 0.336182 0.199707
vt 0.336182 0.159546
vt 0.321045 0.229370
vt 0.333252 0.320557
vt 0.321045 0.320557
vt 0.333252 0.229370
vt 0.301270 0.229370
vt 0.301270 0.320557
vt 0.288818 0.229370
vt 0.288818 0.320557
vt 0.301270 0.217041
vt 0.321045 0.217041
vt 0.321045 0.333008
vt 0.301270 0.333008
vt 0.240234 0.072815
vt 0.240234 0.059601
vt 0.244873 0.066528
vt 0.224365 0.072815
vt 0.224365 0.059601
vt 0.185913 0.072815
vt 0.185913 0.059601
vt 0.020279 0.059601
vt 0.020279 0.072815
vt 0.073608 0.030563
vt 0.105774 0.026459
vt 0.105469 0.031525
vt 0.071411 0.026459
vt 0.064453 0.031525
vt 0.106384 0.022049
vt 0.064453 0.026459
vt 0.054352 0.030884
vt 0.072632 0.022049
vt 0.105469 0.017319
vt 0.072998 0.017944
vt 0.064148 0.022049
vt 0.064148 0.017319
vt 0.056580 0.026779
vt 0.019333 0.032135
vt 0.017761 0.027405
vt 0.055298 0.022369
vt 0.054352 0.017944
vt 0.017761 0.022995
vt 0.019028 0.018265
vt 0.017761 0.056427
vt 0.188721 0.051086
vt 0.188721 0.056427
vt 0.017761 0.051086
vt 0.205444 0.051086
vt 0.205444 0.056427
vt 0.017761 0.034668
vt 0.188721 0.034363
vt 0.118408 0.284424
vt 0.036377 0.314453
vt 0.036072 0.284912
vt 0.118408 0.313965
vt 0.197266 0.283936
vt 0.197632 0.313477
vt 0.274658 0.283691
vt 0.274902 0.313232
vt 0.282227 0.283691
vt 0.282227 0.313232
vt 0.118713 0.335449
vt 0.036377 0.335693
vt 0.196289 0.327393
vt 0.196289 0.334717
vt 0.273682 0.334473
vt 0.273682 0.327148
vt 0.014923 0.285156
vt 0.015236 0.314453
vt 0.614258 0.621582
vt 0.628906 0.599121
vt 0.628906 0.620605
vt 0.618164 0.629395
vt 0.628906 0.630371
vt 0.628906 0.643555
vt 0.614258 0.641602
vt 0.628906 0.657227
vt 0.598145 0.647949
vt 0.596680 0.641602
vt 0.585938 0.644531
vt 0.606445 0.661621
vt 0.628906 0.665527
vt 0.599121 0.673340
vt 0.598145 0.660156
vt 0.575684 0.650879
vt 0.575684 0.639160
vt 0.544434 0.623047
vt 0.573242 0.662598
vt 0.570801 0.674316
vt 0.545898 0.654785
vt 0.544434 0.665039
vt 0.542969 0.675781
vt 0.520020 0.635742
vt 0.521973 0.615234
vt 0.519043 0.663086
vt 0.517578 0.673828
vt 0.520020 0.657227
vt 0.489502 0.661133
vt 0.489014 0.670410
vt 0.489502 0.655762
vt 0.489014 0.638184
vt 0.494141 0.615723
vt 0.489014 0.602051
vt 0.346191 0.463867
vt 0.323486 0.469238
vt 0.323486 0.462158
vt 0.344482 0.473145
vt 0.366699 0.466309
vt 0.323486 0.481445
vt 0.364990 0.474365
vt 0.345703 0.483154
vt 0.390625 0.474365
vt 0.391846 0.463867
vt 0.410645 0.463867
vt 0.343262 0.490723
vt 0.323486 0.490234
vt 0.363281 0.484375
vt 0.363281 0.493652
vt 0.387695 0.490723
vt 0.409912 0.473145
vt 0.408203 0.488525
vt 0.439941 0.461426
vt 0.435791 0.487305
vt 0.441650 0.469727
vt 0.457520 0.460449
vt 0.457520 0.487305
vt 0.457520 0.466797
vt 0.457520 0.478516
vt 0.323486 0.493164
vt 0.342773 0.496582
vt 0.362549 0.499023
vt 0.385986 0.496582
vt 0.407715 0.494873
vt 0.434570 0.492432
vt 0.457520 0.489502
vt 0.344482 0.460449
vt 0.323486 0.459229
vt 0.366699 0.462158
vt 0.395508 0.459229
vt 0.409912 0.456299
vt 0.441650 0.453857
vt 0.457520 0.457520
vt 0.457520 0.510742
vt 0.434082 0.514160
vt 0.457520 0.526367
vt 0.409424 0.516602
vt 0.436279 0.535156
vt 0.457520 0.532715
vt 0.438721 0.541016
vt 0.412354 0.547363
vt 0.431641 0.560547
vt 0.416992 0.587402
vt 0.384766 0.519043
vt 0.388428 0.551758
vt 0.391846 0.590820
vt 0.367920 0.589844
vt 0.358643 0.551758
vt 0.345215 0.562012
vt 0.359131 0.530762
vt 0.362061 0.520508
vt 0.341553 0.518066
vt 0.341064 0.541504
vt 0.333496 0.542969
vt 0.323486 0.535645
vt 0.323486 0.529785
vt 0.323486 0.510742
vt 0.343262 0.529785
vt 0.106445 0.406006
vt 0.077209 0.406494
vt 0.105896 0.393799
vt 0.076660 0.394287
vt 0.105896 0.380859
vt 0.076050 0.382080
vt 0.037445 0.383057
vt 0.037445 0.394287
vt 0.037445 0.405273
vt 0.093628 0.444092
vt 0.118164 0.439941
vt 0.085388 0.481934
vt 0.126343 0.461426
vt 0.093018 0.489014
vt 0.074280 0.500000
vt 0.120483 0.497314
vt 0.135742 0.489014
vt 0.090698 0.535645
vt 0.073730 0.553223
vt 0.085999 0.565430
vt 0.123413 0.499512
vt 0.137451 0.496094
vt 0.119934 0.524902
vt 0.105896 0.532715
vt 0.100647 0.564941
vt 0.124023 0.564941
vt 0.087158 0.585938
vt 0.069031 0.591309
vt 0.071960 0.566406
vt 0.037445 0.566895
vt 0.039795 0.590820
vt 0.118774 0.598633
vt 0.138672 0.588379
vt 0.091858 0.609375
vt 0.074890 0.616699
vt 0.057343 0.609863
vt 0.039215 0.607910
vt 0.052063 0.627441
vt 0.069641 0.634277
vt 0.037445 0.625977
vt 0.092407 0.489014
vt 0.037445 0.445068
vt 0.080139 0.444580
vt 0.037445 0.500000
vt 0.037445 0.553711
vt 0.529297 0.936035
vt 0.496582 0.936035
vt 0.528320 0.922852
vt 0.497070 0.922852
vt 0.527832 0.907227
vt 0.497070 0.910156
vt 0.459717 0.936035
vt 0.458496 0.922852
vt 0.455566 0.907715
vt 0.416504 0.922852
vt 0.416504 0.936035
vt 0.415771 0.907227
vt 0.445068 0.879883
vt 0.528320 0.872070
vt 0.497803 0.901855
vt 0.500000 0.871582
vt 0.502441 0.845703
vt 0.531250 0.850098
vt 0.535645 0.825195
vt 0.470215 0.857910
vt 0.464355 0.893555
vt 0.452148 0.872559
vt 0.476807 0.822266
vt 0.462646 0.847656
vt 0.459229 0.847168
vt 0.459229 0.815430
vt 0.507324 0.810059
vt 0.466797 0.807617
vt 0.504883 0.778320
vt 0.515137 0.804688
vt 0.537109 0.819336
vt 0.434570 0.833984
vt 0.421631 0.789062
vt 0.459229 0.804688
vt 0.411865 0.817871
vt 0.407715 0.837402
vt 0.420654 0.850586
vt 0.393066 0.829590
vt 0.392578 0.809082
vt 0.376221 0.829590
vt 0.372559 0.810059
vt 0.374268 0.791016
vt 0.397705 0.788574
vt 0.370850 0.758301
vt 0.398438 0.756836
vt 0.373291 0.732910
vt 0.427002 0.759766
vt 0.400635 0.735352
vt 0.442139 0.741699
vt 0.424561 0.706055
vt 0.342773 0.683594
vt 0.343262 0.690918
vt 0.345215 0.690430
vt 0.346191 0.686035
vt 0.346191 0.682129
vt 0.344482 0.678711
vt 0.342285 0.676270
vt 0.083069 0.640625
vt 0.103516 0.629883
vt 0.088928 0.625488
vt 0.095337 0.652344
vt 0.072571 0.650879
vt 0.042145 0.668945
vt 0.135742 0.659668
vt 0.139771 0.644531
vt 0.151489 0.659668
vt 0.090698 0.673340
vt 0.038025 0.675781
vt 0.134521 0.677246
vt 0.090088 0.689453
vt 0.040375 0.685059
vt 0.092407 0.705078
vt 0.051483 0.708496
vt 0.067871 0.719238
vt 0.134521 0.688965
vt 0.095947 0.726074
vt 0.071350 0.730469
vt 0.079590 0.750000
vt 0.149170 0.678711
vt 0.135742 0.714844
vt 0.098877 0.749512
vt 0.088318 0.758301
vt 0.099426 0.758301
vt 0.136353 0.736328
vt 0.135132 0.758301
vt 0.137451 0.765137
vt 0.150879 0.695312
vt 0.152710 0.748047
vt 0.151489 0.758301
vt 0.152100 0.716309
vt 0.153198 0.733887
vt 0.160278 0.745117
vt 0.156738 0.758789
vt 0.162598 0.733398
vt 0.161987 0.719238
vt 0.160889 0.699707
vt 0.160889 0.684570
vt 0.160889 0.675781
vt 0.161987 0.683105
vt 0.170166 0.673340
vt 0.161987 0.698242
vt 0.160889 0.666016
vt 0.171997 0.698242
vt 0.163208 0.709473
vt 0.172607 0.717773
vt 0.163818 0.718750
vt 0.163818 0.733398
vt 0.183716 0.697266
vt 0.173706 0.733887
vt 0.162598 0.748535
vt 0.184814 0.718262
vt 0.158569 0.650391
vt 0.151489 0.649902
vt 0.151489 0.629883
vt 0.156738 0.630371
vt 0.143921 0.629883
vt 0.163818 0.644043
vt 0.160889 0.646973
vt 0.160278 0.629883
vt 0.163208 0.629883
vt 0.184204 0.644043
vt 0.187134 0.629883
vt 0.181885 0.671875
vt 0.205933 0.656250
vt 0.210571 0.629883
vt 0.205322 0.671387
vt 0.234009 0.650879
vt 0.221069 0.629883
vt 0.204712 0.696777
vt 0.238037 0.671875
vt 0.246826 0.641113
vt 0.232178 0.629883
vt 0.253174 0.668945
vt 0.240967 0.699707
vt 0.265625 0.702148
vt 0.204712 0.718262
vt 0.236328 0.723145
vt 0.253906 0.740723
vt 0.203613 0.736816
vt 0.228760 0.742676
vt 0.242798 0.752441
vt 0.229248 0.758301
vt 0.218140 0.758301
vt 0.207642 0.758301
vt 0.185425 0.734863
vt 0.184814 0.748535
vt 0.186646 0.758301
vt 0.169678 0.749512
vt 0.163208 0.758301
vt 0.160278 0.758301
vt 0.078369 0.635254
vt 0.086609 0.624512
vt 0.083069 0.623535
vt 0.081299 0.638672
vt 0.068420 0.650391
vt 0.060852 0.650391
vt 0.040955 0.666992
vt 0.087158 0.758301
vt 0.077820 0.750000
vt 0.083679 0.758301
vt 0.070801 0.752930
vt 0.068420 0.730469
vt 0.057343 0.730957
vt 0.066711 0.721191
vt 0.049744 0.709961
vt 0.037445 0.684570
vt 0.036285 0.674805
vt 0.257324 0.615234
vt 0.233398 0.615234
vt 0.257324 0.582520
vt 0.233398 0.582520
vt 0.257324 0.570801
vt 0.233398 0.570801
vt 0.257324 0.628418
vt 0.233398 0.628418
vt 0.270264 0.615234
vt 0.270752 0.582520
vt 0.222290 0.615234
vt 0.222290 0.582520
vt 0.615723 0.927734
vt 0.615723 0.966309
vt 0.584961 0.927734
vt 0.584961 0.966309
vt 0.584961 0.976074
vt 0.615723 0.976074
vt 0.584961 0.913574
vt 0.615723 0.913574
vt 0.570801 0.966309
vt 0.570801 0.927734
vt 0.629883 0.966309
vt 0.629883 0.927734
vt 0.520020 0.593750
vt 0.545898 0.590820
vt 0.520996 0.605957
vt 0.547852 0.609375
vt 0.572754 0.600098
vt 0.583008 0.636230
vt 0.566895 0.560547
vt 0.596680 0.634277
vt 0.590820 0.597168
vt 0.576172 0.558594
vt 0.610840 0.600098
vt 0.605469 0.582031
vt 0.626953 0.587402
vt 0.623535 0.576172
vt 0.357910 0.699707
vt 0.351562 0.700195
vt 0.357422 0.703613
vt 0.353271 0.697754
vt 0.349121 0.686523
vt 0.351562 0.687500
vt 0.352051 0.673828
vt 0.353271 0.677246
vt 0.356201 0.673828
vt 0.356201 0.677734
vt 0.111145 0.611328
vt 0.109375 0.611328
vt 0.111145 0.606934
vt 0.109985 0.605957
vt 0.116394 0.606445
vt 0.116394 0.604980
vt 0.113464 0.614746
vt 0.113464 0.622559
vt 0.106445 0.614746
vt 0.106445 0.622559
vt 0.091248 0.614746
vt 0.090698 0.622559
vt 0.090088 0.614746
vt 0.097107 0.622559
vt 0.089478 0.622559
vt 0.097717 0.614746
vt 0.112915 0.622559
vt 0.112305 0.614746
vt 0.621094 0.481934
vt 0.608398 0.469238
vt 0.621582 0.470215
vt 0.599609 0.480225
vt 0.590820 0.468018
vt 0.603516 0.496094
vt 0.626953 0.497314
vt 0.590332 0.478027
vt 0.575195 0.471436
vt 0.590820 0.488525
vt 0.609375 0.508789
vt 0.629883 0.513184
vt 0.608398 0.520020
vt 0.628418 0.525879
vt 0.608887 0.532715
vt 0.626953 0.539551
vt 0.613770 0.547852
vt 0.625977 0.551758
vt 0.616699 0.556641
vt 0.604004 0.561035
vt 0.578125 0.479004
vt 0.577148 0.484375
vt 0.564453 0.481934
vt 0.561523 0.476807
vt 0.566406 0.489014
vt 0.556641 0.483643
vt 0.552246 0.480713
vt 0.554688 0.489014
vt 0.546875 0.482666
vt 0.567871 0.501953
vt 0.559082 0.502930
vt 0.582520 0.500488
vt 0.588379 0.501465
vt 0.582031 0.504883
vt 0.566895 0.507812
vt 0.591797 0.508301
vt 0.585449 0.510254
vt 0.596191 0.518066
vt 0.588867 0.519043
vt 0.592285 0.521973
vt 0.571289 0.515137
vt 0.560547 0.524902
vt 0.560547 0.517578
vt 0.580078 0.522949
vt 0.562012 0.529785
vt 0.583008 0.534180
vt 0.599121 0.531738
vt 0.589355 0.529785
vt 0.588379 0.547363
vt 0.599609 0.546387
vt 0.597168 0.552734
vt 0.590820 0.556152
vt 0.584961 0.551758
vt 0.593750 0.563477
vt 0.581055 0.554688
vt 0.585449 0.559082
vt 0.368408 0.726562
vt 0.372559 0.725098
vt 0.372070 0.728027
vt 0.369141 0.724609
vt 0.372559 0.722168
vt 0.369141 0.722168
vt 0.372070 0.718750
vt 0.368408 0.720215
vt 0.372070 0.716309
vt 0.367920 0.717773
vt 0.371338 0.713379
vt 0.367920 0.715820
vt 0.370361 0.711426
vt 0.367432 0.714355
vt 0.479004 0.576172
vt 0.460938 0.501465
vt 0.460938 0.576172
vt 0.479004 0.501465
vt 0.496582 0.576172
vt 0.496582 0.501465
vt 0.514648 0.576172
vt 0.514648 0.501465
vt 0.523438 0.501465
vt 0.523438 0.576172
vt 0.532227 0.576172
vt 0.532227 0.501465
vt 0.550293 0.576172
vt 0.550293 0.501465
vt 0.421631 0.649414
vt 0.418213 0.653809
vt 0.422852 0.649414
vt 0.416992 0.650879
vt 0.420654 0.645996
vt 0.412354 0.655762
vt 0.415283 0.647461
vt 0.421631 0.645020
vt 0.414795 0.645020
vt 0.410645 0.653809
vt 0.411133 0.656738
vt 0.407715 0.649902
vt 0.405273 0.646973
vt 0.400146 0.648926
vt 0.410645 0.651855
vt 0.400146 0.654785
vt 0.387695 0.649414
vt 0.408936 0.652344
vt 0.406494 0.657227
vt 0.385986 0.656738
vt 0.370361 0.647949
vt 0.414795 0.660156
vt 0.415283 0.658203
vt 0.425293 0.659668
vt 0.424561 0.656738
vt 0.432861 0.658203
vt 0.402344 0.664062
vt 0.370850 0.658203
vt 0.414795 0.663086
vt 0.407715 0.668457
vt 0.401367 0.673828
vt 0.385498 0.665527
vt 0.371338 0.669922
vt 0.416992 0.662598
vt 0.415771 0.666016
vt 0.384766 0.674805
vt 0.367920 0.680664
vt 0.383789 0.682129
vt 0.356689 0.685059
vt 0.363770 0.697754
vt 0.377197 0.693359
vt 0.374268 0.704102
vt 0.380859 0.702637
vt 0.376709 0.712402
vt 0.396484 0.683594
vt 0.388428 0.698242
vt 0.399414 0.691406
vt 0.381836 0.710449
vt 0.385498 0.709961
vt 0.383057 0.718750
vt 0.380127 0.722168
vt 0.384277 0.724121
vt 0.387207 0.718262
vt 0.390137 0.714844
vt 0.390625 0.711426
vt 0.393555 0.706055
vt 0.400635 0.697754
vt 0.411133 0.696289
vt 0.411865 0.693359
vt 0.418701 0.695312
vt 0.418213 0.698242
vt 0.412354 0.690430
vt 0.424561 0.697754
vt 0.421143 0.691406
vt 0.425781 0.699707
vt 0.426514 0.694336
vt 0.428711 0.693848
vt 0.422363 0.688965
vt 0.416504 0.686523
vt 0.414062 0.690918
vt 0.412842 0.687500
vt 0.413574 0.683105
vt 0.406494 0.680664
vt 0.415771 0.679688
vt 0.416992 0.682617
vt 0.415283 0.676758
vt 0.426514 0.681641
vt 0.425781 0.684570
vt 0.435059 0.683594
vt 0.418213 0.677246
vt 0.427490 0.676270
vt 0.415771 0.673340
vt 0.432861 0.682129
vt 0.433350 0.677246
vt 0.435791 0.676270
vt 0.427490 0.673340
vt 0.415771 0.670898
vt 0.414795 0.668945
vt 0.415771 0.667969
vt 0.425781 0.668457
vt 0.425293 0.665039
vt 0.433350 0.665039
vt 0.431641 0.664062
vt 0.431152 0.659668
vt 0.431152 0.652344
vt 0.437012 0.651855
vt 0.435791 0.655762
vt 0.433350 0.649414
vt 0.427002 0.650879
vt 0.439209 0.648926
vt 0.430420 0.641602
vt 0.434570 0.644043
vt 0.437012 0.635254
vt 0.444580 0.645020
vt 0.443359 0.638184
vt 0.446777 0.628906
vt 0.451660 0.632812
vt 0.458496 0.622559
vt 0.459229 0.644531
vt 0.447510 0.656738
vt 0.460938 0.628906
vt 0.468506 0.623047
vt 0.469727 0.629883
vt 0.479004 0.623535
vt 0.476074 0.637695
vt 0.451660 0.658203
vt 0.447998 0.669922
vt 0.482666 0.639160
vt 0.443848 0.668457
vt 0.480713 0.651855
vt 0.441650 0.676758
vt 0.476807 0.654785
vt 0.477783 0.658691
vt 0.480225 0.657227
vt 0.454590 0.661133
vt 0.444580 0.677734
vt 0.440430 0.682129
vt 0.443848 0.683594
vt 0.447510 0.679688
vt 0.451660 0.671875
vt 0.473145 0.658203
vt 0.479736 0.666992
vt 0.482666 0.666992
vt 0.481934 0.673340
vt 0.479004 0.673828
vt 0.476807 0.667969
vt 0.474365 0.662109
vt 0.459229 0.662109
vt 0.458008 0.669922
vt 0.452637 0.668945
vt 0.452637 0.679688
vt 0.456299 0.679688
vt 0.453857 0.686035
vt 0.458008 0.686523
vt 0.460205 0.680664
vt 0.462646 0.669922
vt 0.464355 0.661133
vt 0.468506 0.658691
vt 0.469727 0.666992
vt 0.462646 0.666016
vt 0.474365 0.667480
vt 0.466797 0.676270
vt 0.469727 0.674805
vt 0.473877 0.674805
vt 0.468994 0.681641
vt 0.472656 0.680664
vt 0.431152 0.623047
vt 0.432373 0.632324
vt 0.427490 0.623535
vt 0.427490 0.632812
vt 0.424561 0.624023
vt 0.422852 0.632324
vt 0.217651 0.624512
vt 0.181274 0.625488
vt 0.218750 0.571289
vt 0.181274 0.572266
vt 0.144531 0.571289
vt 0.145020 0.624512
vt 0.356201 0.956543
vt 0.393066 0.938965
vt 0.359619 0.938965
vt 0.390137 0.956543
vt 0.350830 0.977051
vt 0.387207 0.977051
vt 0.415771 0.956543
vt 0.418701 0.938965
vt 0.415771 0.977051
vt 0.445068 0.956543
vt 0.447998 0.938965
vt 0.475586 0.956543
vt 0.446777 0.977051
vt 0.473877 0.938965
vt 0.474365 0.977051
vt 0.486084 0.977051
vt 0.516602 0.938965
vt 0.516602 0.956543
vt 0.516602 0.977051
vt 0.553223 0.977051
vt 0.565430 0.956543
vt 0.567871 0.938965
vt 0.315186 0.814453
vt 0.329346 0.806152
vt 0.336914 0.833496
vt 0.351562 0.830566
vt 0.351562 0.949219
vt 0.349121 0.932129
vt 0.352783 0.934570
vt 0.336914 0.946289
vt 0.332275 0.917969
vt 0.342285 0.916504
vt 0.330566 0.889648
vt 0.337402 0.889648
vt 0.331543 0.862305
vt 0.342285 0.863281
vt 0.349121 0.847656
vt 0.352783 0.845215
vt 0.408203 0.853027
vt 0.408203 0.867676
vt 0.378906 0.850098
vt 0.375000 0.865234
vt 0.408203 0.889648
vt 0.372559 0.889648
vt 0.375000 0.914062
vt 0.408203 0.912109
vt 0.408203 0.927246
vt 0.378906 0.929199
vt 0.329834 0.974121
vt 0.315918 0.966309
vt 0.378906 0.847656
vt 0.408203 0.850098
vt 0.411133 0.853027
vt 0.411133 0.868164
vt 0.411133 0.889648
vt 0.411133 0.912109
vt 0.411133 0.926758
vt 0.378906 0.932129
vt 0.408203 0.929199
vt 0.314209 0.703613
vt 0.336426 0.690918
vt 0.336426 0.708496
vt 0.314209 0.685547
vt 0.314209 0.664062
vt 0.336426 0.671875
vt 0.314209 0.640625
vt 0.336426 0.650879
vt 0.336426 0.634277
vt 0.364990 0.665039
vt 0.341553 0.665039
vt 0.364990 0.647461
vt 0.341553 0.647461
vt 0.307129 0.782715
vt 0.307129 0.730469
vt 0.346924 0.782715
vt 0.346924 0.730469
vt 0.307129 0.801758
vt 0.346924 0.801758
vt 0.042725 0.546387
vt 0.042725 0.505859
vt 0.063782 0.546387
vt 0.063782 0.505859
vt 0.307129 0.711914
vt 0.346924 0.711914
vt 0.364990 0.789062
vt 0.364990 0.730469
vt 0.289062 0.789062
vt 0.289062 0.730469
vt 0.336426 0.696289
vt 0.314209 0.690918
vt 0.314209 0.677734
vt 0.336426 0.683594
vt 0.336426 0.643066
vt 0.314209 0.631348
vt 0.314209 0.621582
vt 0.577148 0.917969
vt 0.578125 0.916992
vt 0.581055 0.917969
vt 0.576660 0.918457
vt 0.581055 0.918945
vt 0.576660 0.919434
vt 0.581055 0.919434
vt 0.581055 0.920898
vt 0.576660 0.920898
vt 0.581055 0.921387
vt 0.577148 0.921387
vt 0.578125 0.922363
vt 0.573730 0.918457
vt 0.571289 0.916504
vt 0.570801 0.917969
vt 0.570312 0.918945
vt 0.573730 0.919434
vt 0.569824 0.920898
vt 0.573730 0.920898
vt 0.573730 0.921875
vt 0.570312 0.921875
vt 0.573730 0.922852
vt 0.570801 0.922852
vt 0.571289 0.924805
vt 0.438721 0.722168
vt 0.477783 0.683105
vt 0.452148 0.735840
vt 0.491211 0.696777
vt 0.492432 0.677734
vt 0.511230 0.697266
vt 0.512207 0.679199
vt 0.523926 0.683594
vt 0.543457 0.702637
vt 0.529785 0.716309
vt 0.484863 0.770996
vt 0.444580 0.753418
vt 0.492432 0.753418
vt 0.543457 0.729980
vt 0.505859 0.766602
vt 0.188965 0.400635
vt 0.178955 0.420654
vt 0.156738 0.400635
vt 0.149170 0.407715
vt 0.149170 0.420654
vt 0.550293 0.781250
vt 0.605469 0.804199
vt 0.615234 0.785156
vt 0.626465 0.765137
vt 0.550293 0.759766
vt 0.628418 0.744141
vt 0.550293 0.743652
vt 0.549805 0.723633
vt 0.626465 0.724121
vt 0.549805 0.702148
vt 0.615234 0.702148
vt 0.604004 0.680176
vt 0.552734 0.814941
vt 0.564453 0.796875
vt 0.627441 0.818359
vt 0.540039 0.833984
vt 0.627441 0.838867
vt 0.537598 0.854004
vt 0.628418 0.854492
vt 0.628418 0.874023
vt 0.540039 0.872559
vt 0.628906 0.894531
vt 0.552734 0.894531
vt 0.565430 0.915039
vt 0.260986 0.496582
vt 0.260254 0.485596
vt 0.300049 0.496094
vt 0.300537 0.484863
vt 0.298828 0.577148
vt 0.260986 0.578125
vt 0.300049 0.562012
vt 0.261963 0.562012
vt 0.248535 0.494873
vt 0.245117 0.562012
vt 0.311768 0.495361
vt 0.316406 0.561523
vt 0.625977 0.922363
vt 0.628418 0.919922
vt 0.627441 0.919922
vt 0.628418 0.916992
vt 0.628418 0.914062
vt 0.626953 0.911133
vt 0.626465 0.911133
vt 0.618164 0.925293
vt 0.618164 0.924805
vt 0.625488 0.919922
vt 0.624512 0.919434
vt 0.626953 0.899414
vt 0.627441 0.899414
vt 0.625488 0.901855
vt 0.625977 0.901855
vt 0.623047 0.904785
vt 0.623535 0.904785
vt 0.622559 0.907715
vt 0.623047 0.907715
vt 0.623047 0.910645
vt 0.623535 0.910645
vt 0.624023 0.914062
vt 0.624512 0.914062
vt 0.625488 0.917969
vt 0.620605 0.900879
vt 0.621094 0.900879
vt 0.614258 0.906250
vt 0.614258 0.906738
vt 0.618164 0.907715
vt 0.619629 0.910645
vt 0.617676 0.907715
vt 0.620117 0.910645
vt 0.620117 0.913574
vt 0.619629 0.916016
vt 0.620117 0.916016
vt 0.618164 0.918945
vt 0.618164 0.919434
vt 0.620605 0.901367
vt 0.625977 0.925781
vt 0.628418 0.922852
vt 0.627441 0.922852
vt 0.630371 0.919434
vt 0.629883 0.919434
vt 0.631836 0.916992
vt 0.631348 0.916992
vt 0.631348 0.913574
vt 0.630371 0.913574
vt 0.629395 0.910645
vt 0.628906 0.910645
vt 0.627441 0.908203
vt 0.626953 0.908203
vt 0.547852 0.463379
vt 0.547852 0.385986
vt 0.570312 0.463379
vt 0.570312 0.385986
vt 0.570312 0.380127
vt 0.547852 0.380127
vt 0.576660 0.463379
vt 0.576660 0.385986
vt 0.547852 0.469238
vt 0.570312 0.469238
vt 0.541992 0.385986
vt 0.541992 0.463379
vt 0.611816 0.383057
vt 0.614746 0.411865
vt 0.602539 0.385498
vt 0.604004 0.412354
vt 0.593262 0.385010
vt 0.617676 0.443359
vt 0.592285 0.413086
vt 0.603516 0.444580
vt 0.615723 0.460449
vt 0.588867 0.444092
vt 0.602539 0.462158
vt 0.587891 0.459717
vt 0.592285 0.382080
vt 0.602539 0.382568
vt 0.612305 0.380859
vt 0.585449 0.465088
vt 0.602539 0.464355
vt 0.618164 0.465576
vt 0.590332 0.383789
vt 0.587402 0.412354
vt 0.582520 0.444092
vt 0.582031 0.460449
vt 0.621582 0.461426
vt 0.624512 0.441162
vt 0.620605 0.408936
vt 0.614746 0.382568
vt 0.046814 0.972168
vt 0.037445 0.971680
vt 0.051483 0.956543
vt 0.045624 0.954102
vt 0.066711 0.954590
vt 0.066101 0.947754
vt 0.078979 0.960938
vt 0.087158 0.954590
vt 0.078979 0.972168
vt 0.094788 0.971680
vt 0.279541 0.948242
vt 0.279541 0.975098
vt 0.278320 0.948242
vt 0.278320 0.975098
vt 0.281982 0.975098
vt 0.281982 0.948242
vt 0.283203 0.975098
vt 0.283203 0.948242
vt 0.285400 0.948242
vt 0.285400 0.975098
vt 0.051483 0.726562
vt 0.042145 0.722168
vt 0.051483 0.734863
vt 0.046234 0.741211
vt 0.035126 0.741211
vt 0.040955 0.707031
vt 0.035126 0.705078
vt 0.230469 0.763184
vt 0.230469 0.782227
vt 0.194214 0.763184
vt 0.194214 0.782227
vt 0.194214 0.792969
vt 0.209351 0.797852
vt 0.201172 0.797852
vt 0.212891 0.789062
vt 0.228760 0.788086
vt 0.170776 0.782227
vt 0.170776 0.763184
vt 0.179565 0.782227
vt 0.179565 0.763184
vt 0.186035 0.763184
vt 0.186035 0.782227
vt 0.257324 0.782227
vt 0.250244 0.782227
vt 0.257324 0.763184
vt 0.250244 0.763184
vt 0.235107 0.782227
vt 0.235107 0.763184
vt 0.233398 0.424561
vt 0.226929 0.421143
vt 0.234619 0.421143
vt 0.226929 0.424072
vt 0.233398 0.427490
vt 0.224609 0.424072
vt 0.223999 0.421143
vt 0.221680 0.422363
vt 0.226318 0.427490
vt 0.232788 0.429932
vt 0.221680 0.424561
vt 0.218750 0.422363
vt 0.219360 0.424561
vt 0.219360 0.427002
vt 0.223999 0.427490
vt 0.226318 0.429932
vt 0.232178 0.433350
vt 0.225830 0.432373
vt 0.223389 0.432373
vt 0.221680 0.427002
vt 0.218750 0.429443
vt 0.223389 0.429932
vt 0.220581 0.432861
vt 0.218140 0.432373
vt 0.221069 0.429443
vt 0.234009 0.562012
vt 0.215210 0.561523
vt 0.235107 0.559570
vt 0.215210 0.564453
vt 0.195923 0.563477
vt 0.196533 0.565430
vt 0.176636 0.563477
vt 0.177246 0.565430
vt 0.153809 0.563477
vt 0.155029 0.565430
vt 0.151489 0.563965
vt 0.152100 0.548828
vt 0.149780 0.548828
vt 0.149780 0.528320
vt 0.147461 0.528320
vt 0.148560 0.511230
vt 0.146240 0.511230
vt 0.145020 0.459717
vt 0.142090 0.460449
vt 0.243896 0.441650
vt 0.242798 0.500000
vt 0.241577 0.441650
vt 0.245117 0.500488
vt 0.241577 0.519531
vt 0.243896 0.519531
vt 0.239868 0.538086
vt 0.242188 0.538086
vt 0.237427 0.559082
vt 0.144531 0.457520
vt 0.170166 0.455078
vt 0.169678 0.452637
vt 0.190063 0.451660
vt 0.189575 0.449219
vt 0.215210 0.447021
vt 0.214722 0.444580
vt 0.240356 0.438721
vt 0.273193 0.951660
vt 0.227539 0.948242
vt 0.266846 0.971680
vt 0.225830 0.968262
vt 0.196533 0.955078
vt 0.195312 0.970215
vt 0.160278 0.957031
vt 0.163818 0.971191
vt 0.121704 0.783203
vt 0.078369 0.764648
vt 0.089478 0.774902
vt 0.136841 0.769531
vt 0.129883 0.786133
vt 0.135132 0.788086
vt 0.164429 0.777832
vt 0.166748 0.797852
vt 0.538574 0.894531
vt 0.533203 0.917969
vt 0.535645 0.893555
vt 0.544434 0.893555
vt 0.553223 0.906250
vt 0.557617 0.913086
vt 0.556641 0.925781
vt 0.547363 0.931152
vt 0.535156 0.934082
vt 0.115845 0.806641
vt 0.121704 0.808594
vt 0.100647 0.816406
vt 0.159058 0.819824
vt 0.147949 0.835449
vt 0.161987 0.841309
vt 0.138062 0.862305
vt 0.155640 0.882812
vt 0.114685 0.874023
vt 0.149780 0.911133
vt 0.134521 0.854492
vt 0.112915 0.850098
vt 0.139282 0.838867
vt 0.105286 0.822754
vt 0.090088 0.831055
vt 0.065552 0.828125
vt 0.060272 0.788574
vt 0.100037 0.831055
vt 0.102356 0.856445
vt 0.114685 0.902344
vt 0.105286 0.927246
vt 0.143921 0.941895
vt 0.128662 0.964355
vt 0.083679 0.941895
vt 0.062012 0.924805
vt 0.081299 0.897949
vt 0.076660 0.871094
vt 0.042725 0.901855
vt 0.043304 0.927246
vt 0.038635 0.870605
vt 0.081909 0.854980
vt 0.050903 0.860352
vt 0.038635 0.860352
vt 0.043304 0.834473
vt 0.038025 0.836426
vt 0.047974 0.792480
vt 0.040375 0.826660
vt 0.035706 0.795898
vt 0.042145 0.782227
vt 0.050323 0.770996
vt 0.061432 0.771973
vt 0.078979 0.786133
vt 0.194824 0.817871
vt 0.234619 0.814941
vt 0.218750 0.795410
vt 0.211182 0.833008
vt 0.180176 0.836914
vt 0.222290 0.852051
vt 0.249756 0.839355
vt 0.255127 0.869141
vt 0.226318 0.878418
vt 0.261963 0.912109
vt 0.194824 0.857910
vt 0.188965 0.842285
vt 0.167236 0.852051
vt 0.172607 0.835449
vt 0.195923 0.883301
vt 0.161987 0.879883
vt 0.227539 0.916016
vt 0.195923 0.921387
vt 0.159058 0.922363
vt 0.158569 0.938965
vt 0.229248 0.930176
vt 0.276611 0.928711
vt 0.197144 0.937012
vt 0.278320 0.758301
vt 0.283691 0.802734
vt 0.283691 0.758301
vt 0.278320 0.801758
vt 0.283691 0.838379
vt 0.278320 0.838379
vt 0.278320 0.872559
vt 0.283691 0.872559
vt 0.283691 0.895020
vt 0.278320 0.894531
vt 0.283691 0.910645
vt 0.278320 0.910645
vt 0.108826 0.804688
vt 0.267822 0.905273
vt 0.267822 0.877930
vt 0.267334 0.838379
vt 0.273193 0.802734
vt 0.264893 0.806641
vt 0.264893 0.787109
vt 0.256104 0.787109
vt 0.269531 0.782715
vt 0.273193 0.758301
vt 0.278320 0.753906
vt 0.283691 0.753906
vt 0.278320 0.734863
vt 0.283691 0.738770
vt 0.283691 0.734863
vt 0.278320 0.738770
vt 0.278320 0.742188
vt 0.283691 0.742188
vt 0.603027 0.859863
vt 0.600586 0.844727
vt 0.600586 0.859863
vt 0.603027 0.844727
vt 0.609375 0.860352
vt 0.608887 0.845703
vt 0.608398 0.860352
vt 0.063782 0.764160
vt 0.033356 0.765137
vt 0.038025 0.756836
vt 0.062012 0.747559
vt 0.034515 0.748535
vt 0.600586 0.844238
vt 0.603027 0.844238
vt 0.608887 0.845215
vt 0.283203 0.584961
vt 0.287109 0.604004
vt 0.279541 0.595703
vt 0.300049 0.582031
vt 0.300537 0.605469
vt 0.315186 0.581055
vt 0.315918 0.606445
vt 0.336914 0.603516
vt 0.336914 0.581543
vt 0.344482 0.591309
vt 0.218750 0.385986
vt 0.218750 0.401367
vt 0.241577 0.385010
vt 0.246216 0.403076
vt 0.226318 0.414795
vt 0.262695 0.383789
vt 0.245117 0.416504
vt 0.269531 0.396484
vt 0.292480 0.383057
vt 0.258545 0.409424
vt 0.280762 0.408936
vt 0.286133 0.393066
vt 0.306396 0.388428
vt 0.267334 0.419922
vt 0.258057 0.427002
vt 0.272461 0.436279
vt 0.297607 0.395996
vt 0.302979 0.406494
vt 0.316406 0.401367
vt 0.297607 0.420654
vt 0.316406 0.422852
vt 0.294922 0.436279
vt 0.315186 0.439209
vt 0.314209 0.452637
vt 0.283203 0.427002
vt 0.276123 0.453857
vt 0.293701 0.455078
vt 0.313477 0.465576
vt 0.274902 0.465088
vt 0.294189 0.465576
vt 0.294189 0.478027
vt 0.314697 0.477295
vt 0.273682 0.479736
vt 0.244507 0.753906
vt 0.258057 0.667969
vt 0.323975 0.412354
vt 0.345215 0.382080
vt 0.323486 0.382080
vt 0.348633 0.414062
vt 0.366699 0.382080
vt 0.321045 0.444092
vt 0.370850 0.418213
vt 0.392578 0.382080
vt 0.391846 0.415283
vt 0.394287 0.441650
vt 0.410645 0.382080
vt 0.411133 0.414795
vt 0.434570 0.382080
vt 0.362549 0.444580
vt 0.352051 0.443359
vt 0.435059 0.412354
vt 0.457520 0.382080
vt 0.455078 0.413086
vt 0.414062 0.442871
vt 0.434570 0.441162
vt 0.458496 0.442871
vt 0.322266 0.590820
vt 0.335205 0.590820
vt 0.322266 0.603027
vt 0.335205 0.603027
vt 0.348145 0.641113
vt 0.401367 0.632812
vt 0.399414 0.645020
vt 0.352051 0.630371
vt 0.402344 0.620117
vt 0.353271 0.620605
vt 0.400635 0.606445
vt 0.351562 0.610840
vt 0.398438 0.594238
vt 0.347412 0.600586
vt 0.329346 0.621094
vt 0.738281 0.555176
vt 0.731445 0.495605
vt 0.738281 0.493652
vt 0.731445 0.553223
vt 0.784180 0.555176
vt 0.784180 0.493652
vt 0.732910 0.590820
vt 0.778809 0.609375
vt 0.732910 0.609375
vt 0.778809 0.590820
vt 0.778809 0.572754
vt 0.732910 0.572754
vt 0.687012 0.590820
vt 0.687012 0.569336
vt 0.732910 0.569336
vt 0.687012 0.609375
vt 0.685059 0.553223
vt 0.685059 0.495605
vt 0.938477 0.571289
vt 0.936035 0.571289
vt 0.936035 0.552246
vt 0.938477 0.552246
vt 0.936035 0.533203
vt 0.938477 0.533203
vt 0.936035 0.514648
vt 0.938477 0.514648
vt 0.917969 0.571289
vt 0.917969 0.552246
vt 0.917969 0.533203
vt 0.917969 0.514648
vt 0.958984 0.514648
vt 0.958984 0.533203
vt 0.958984 0.552246
vt 0.958984 0.571289
vt 0.914551 0.571289
vt 0.914551 0.552246
vt 0.914551 0.533203
vt 0.914551 0.514648
vt 0.886230 0.571289
vt 0.886230 0.552246
vt 0.886230 0.533203
vt 0.886230 0.514648
vt 0.876953 0.587402
vt 0.856934 0.588867
vt 0.856934 0.608398
vt 0.857422 0.494629
vt 0.876953 0.470703
vt 0.856934 0.446289
vt 0.839844 0.446777
vt 0.737305 0.433594
vt 0.686035 0.450928
vt 0.686035 0.430664
vt 0.737305 0.450928
vt 0.788086 0.450928
vt 0.788086 0.430664
vt 0.788086 0.472168
vt 0.737305 0.472168
vt 0.686035 0.475830
vt 0.737305 0.475830
vt 0.438721 0.777832
vt 0.445801 0.769043
vt 0.449707 0.780762
vt 0.442139 0.788574
vt 0.456299 0.770508
vt 0.454590 0.792969
vt 0.460938 0.783203
vt 0.300049 0.717285
vt 0.270264 0.726562
vt 0.290771 0.688965
vt 0.270264 0.691406
vt 0.310547 0.684570
vt 0.287842 0.661621
vt 0.270264 0.655273
vt 0.298340 0.649414
vt 0.270264 0.632812
vt 0.450928 0.618164
vt 0.427002 0.606445
vt 0.429932 0.617676
vt 0.411133 0.618164
vt 0.408936 0.605957
vt 0.425293 0.581543
vt 0.449707 0.604004
vt 0.449219 0.579590
vt 0.472656 0.603516
vt 0.470947 0.617676
vt 0.475586 0.580078
vt 0.484375 0.618164
vt 0.486084 0.604004
vt 0.174316 0.812988
vt 0.174316 0.818848
vt 0.172607 0.818359
vt 0.170166 0.817871
vt 0.172607 0.812012
vt 0.178467 0.802734
vt 0.176636 0.812988
vt 0.181274 0.802734
vt 0.179565 0.813477
vt 0.176636 0.819336
vt 0.183716 0.803711
vt 0.177856 0.820801
vt 0.180786 0.814453
vt 0.449707 0.780273
vt 0.445801 0.791992
vt 0.438721 0.782715
vt 0.443359 0.771973
vt 0.455566 0.791016
vt 0.453857 0.767578
vt 0.460938 0.778320
vt 0.289062 0.889648
vt 0.287109 0.845703
vt 0.305420 0.889648
vt 0.287109 0.934082
vt 0.307129 0.844727
vt 0.286621 0.835938
vt 0.307129 0.936035
vt 0.286621 0.943848
vt 0.191284 0.380859
vt 0.190674 0.396484
vt 0.174316 0.380859
vt 0.205933 0.380127
vt 0.212891 0.410645
vt 0.175537 0.393799
vt 0.198853 0.411133
vt 0.160278 0.392578
vt 0.155029 0.379639
vt 0.122864 0.380859
vt 0.145020 0.394775
vt 0.119324 0.411133
vt 0.138062 0.411133
vt 0.124023 0.441650
vt 0.145630 0.427002
vt 0.156128 0.442139
vt 0.161499 0.429443
vt 0.192505 0.425781
vt 0.174927 0.441162
vt 0.176025 0.428711
vt 0.208252 0.439941
vt 0.192505 0.441162
vt 0.238037 0.519531
vt 0.236328 0.538574
vt 0.231689 0.555664
vt 0.218140 0.540527
vt 0.218750 0.520508
vt 0.238647 0.500000
vt 0.194824 0.545410
vt 0.193604 0.523926
vt 0.176025 0.545898
vt 0.156738 0.549316
vt 0.174927 0.526367
vt 0.155029 0.526855
vt 0.173706 0.507324
vt 0.192993 0.504395
vt 0.153809 0.510254
vt 0.148560 0.462158
vt 0.170166 0.458496
vt 0.190674 0.455078
vt 0.218750 0.500488
vt 0.215820 0.449951
vt 0.238037 0.445068
vt 0.966309 0.710449
vt 0.939453 0.710449
vt 0.947266 0.691406
vt 0.966309 0.683594
vt 0.947266 0.729980
vt 0.985840 0.691406
vt 0.966309 0.737793
vt 0.993652 0.710449
vt 0.985840 0.729980
vt 0.938477 0.766602
vt 0.958008 0.747559
vt 0.965820 0.766602
vt 0.958008 0.785645
vt 0.938477 0.739258
vt 0.938477 0.793945
vt 0.919434 0.747559
vt 0.919434 0.785645
vt 0.911621 0.766602
vt 0.529297 0.779785
vt 0.529297 0.797852
vt 0.543945 0.785645
vt 0.538086 0.765137
vt 0.522461 0.791504
vt 0.520508 0.765137
vt 0.514648 0.785645
vt 0.529297 0.789062
vt 0.129883 0.616699
vt 0.138672 0.616699
vt 0.138062 0.626953
vt 0.133911 0.632812
vt 0.138062 0.605957
vt 0.127563 0.632324
vt 0.133911 0.600586
vt 0.122253 0.628906
vt 0.127563 0.601074
vt 0.119324 0.616699
vt 0.122253 0.604980
vt 0.258057 0.461426
vt 0.253174 0.451660
vt 0.252197 0.452148
vt 0.249756 0.459717
vt 0.258057 0.449219
vt 0.249146 0.469238
vt 0.262695 0.451660
vt 0.252197 0.475098
vt 0.264404 0.452148
vt 0.258057 0.476807
vt 0.266846 0.459717
vt 0.263916 0.475098
vt 0.267334 0.469238
vt 0.749512 0.373291
vt 0.749512 0.365723
vt 0.724121 0.378662
vt 0.731445 0.382324
vt 0.724121 0.404297
vt 0.767578 0.382324
vt 0.775391 0.378662
vt 0.731445 0.400635
vt 0.749512 0.417236
vt 0.749512 0.391357
vt 0.767578 0.400635
vt 0.775391 0.404297
vt 0.749512 0.409668
vt 0.809570 0.455322
vt 0.808105 0.458984
vt 0.801758 0.442383
vt 0.804688 0.442383
vt 0.808105 0.425781
vt 0.819336 0.455322
vt 0.820801 0.458984
vt 0.809570 0.429443
vt 0.820801 0.425781
vt 0.814453 0.442383
vt 0.824219 0.442383
vt 0.827148 0.442383
vt 0.819336 0.429443
vt 0.808105 0.505859
vt 0.819336 0.501953
vt 0.820801 0.505859
vt 0.824219 0.489258
vt 0.827148 0.489258
vt 0.809570 0.501953
vt 0.801758 0.489258
vt 0.819336 0.476318
vt 0.820801 0.472656
vt 0.814453 0.489258
vt 0.804688 0.489258
vt 0.808105 0.472656
vt 0.809570 0.476318
s 0
f 133/135/99 131/136/99 136/137/99
f 131/136/100 133/135/100 135/138/100
f 134/139/101 133/140/101 132/141/101
f 131/136/102 137/142/102 136/137/102
f 134/143/103 135/138/103 133/135/103
f 133/140/104 137/142/104 132/141/104
f 137/142/105 133/140/105 136/137/105
f 229/144/106 233/145/107 138/146/108
f 144/135/109 139/136/109 141/137/109
f 139/136/110 144/135/110 140/138/110
f 142/139/111 144/140/111 143/141/111
f 139/136/112 145/142/113 141/137/114
f 142/143/115 140/138/115 144/135/115
f 144/140/116 145/142/116 143/141/116
f 145/142/117 144/140/117 141/137/117
f 150/147/118 146/148/118 151/149/118
f 151/149/118 146/148/118 153/150/119
f 154/151/120 153/150/120 149/152/120
f 149/152/120 153/150/120 146/148/120
f 148/153/121 154/151/121 147/154/121
f 147/154/121 154/151/121 149/152/121
f 155/155/122 146/156/122 152/157/122
f 152/157/122 146/156/122 150/158/122
f 146/156/123 155/155/124 149/159/124
f 149/159/124 155/155/124 157/160/124
f 149/159/125 157/160/125 147/161/125
f 147/161/125 157/160/125 156/162/125
f 153/150/126 155/155/126 151/149/127
f 151/149/127 155/155/127 152/157/127
f 154/151/128 157/160/128 153/150/128
f 153/150/129 157/160/129 155/155/129
f 148/153/130 156/162/130 154/151/130
f 154/151/130 156/162/130 157/160/130
f 179/163/131 167/164/132 170/165/131
f 179/163/131 168/166/131 167/164/131
f 158/167/131 168/166/131 179/163/131
f 159/168/131 168/166/131 158/167/131
f 159/168/132 158/167/132 160/169/133
f 166/170/133 159/168/132 160/169/133
f 181/171/133 160/169/133 158/167/131
f 181/171/133 184/172/132 160/169/133
f 169/165/134 161/164/134 180/163/134
f 161/164/134 162/166/134 180/163/134
f 180/163/135 162/166/135 182/167/135
f 182/167/134 162/166/134 163/168/134
f 182/167/134 163/168/134 185/171/136
f 165/169/137 185/171/138 163/168/134
f 164/170/137 165/169/137 163/168/134
f 185/171/139 165/169/140 183/172/134
f 164/173/141 166/170/141 165/174/141
f 165/174/141 166/170/141 160/169/141
f 168/166/142 162/175/142 167/164/143
f 167/164/142 162/175/144 161/176/142
f 167/164/145 161/177/145 170/165/145
f 170/165/145 161/177/145 169/178/146
f 170/165/147 169/179/147 179/163/147
f 179/163/147 169/179/147 180/180/147
f 175/181/148 178/182/149 172/183/149
f 172/183/148 178/182/149 176/184/149
f 172/185/150 176/186/150 171/187/150
f 171/187/150 176/186/150 177/188/150
f 171/187/151 177/188/151 173/189/151
f 173/189/151 177/188/151 174/190/151
f 173/189/152 174/190/152 175/181/152
f 175/181/152 174/190/152 178/182/152
f 177/191/141 176/192/153 174/190/141
f 174/190/141 176/192/141 178/182/141
f 180/180/154 182/193/155 179/163/156
f 179/163/157 182/193/157 158/167/157
f 181/171/158 158/167/158 185/194/158
f 185/194/158 158/167/158 182/193/158
f 165/174/159 160/169/160 183/195/159
f 183/195/161 160/169/159 184/172/161
f 183/195/162 184/172/162 185/194/163
f 185/194/162 184/172/162 181/171/162
f 199/196/141 194/197/141 186/198/141
f 186/198/141 194/197/141 190/199/141
f 196/200/164 195/201/164 191/202/164
f 191/202/164 195/201/164 198/203/164
f 192/204/165 187/205/166 188/206/166
f 188/206/166 187/205/166 189/207/166
f 194/208/167 192/209/167 190/210/168
f 190/210/167 192/209/167 188/211/167
f 189/212/134 197/213/134 188/211/134
f 188/211/135 197/213/135 190/210/135
f 190/210/134 197/213/134 186/214/134
f 197/213/134 191/202/134 186/214/134
f 186/214/134 191/202/134 198/203/134
f 193/213/132 187/212/131 192/211/131
f 194/210/131 193/213/131 192/211/131
f 199/214/131 193/213/131 194/210/131
f 195/203/169 193/213/131 199/214/169
f 196/202/131 193/213/131 195/203/131
f 189/207/164 187/205/164 197/215/164
f 197/215/170 187/205/170 193/216/170
f 197/215/171 193/216/171 191/202/171
f 191/202/172 193/216/172 196/200/172
f 198/203/173 195/201/173 186/198/174
f 186/198/173 195/201/173 199/196/173
f 201/217/141 204/218/141 200/219/141
f 200/219/141 204/218/141 205/220/141
f 207/221/164 201/217/164 203/222/164
f 203/222/164 201/217/164 200/219/164
f 206/223/166 207/221/166 202/224/166
f 202/224/166 207/221/166 203/222/166
f 204/225/175 206/226/175 205/227/168
f 205/227/175 206/226/175 202/228/175
f 200/219/134 205/229/134 203/222/134
f 203/222/134 205/229/134 202/230/176
f 207/221/131 206/231/131 201/217/131
f 201/217/131 206/231/131 204/232/131
f 219/233/177 220/234/177 209/235/177
f 209/235/177 220/234/177 208/236/177
f 209/235/178 208/236/178 2051/237/178
f 2051/237/178 208/236/178 2049/238/178
f 2051/237/179 2049/238/180 211/239/180
f 211/239/180 2049/238/180 210/240/180
f 211/239/181 210/240/181 213/241/182
f 213/241/181 210/240/181 212/242/181
f 213/241/183 212/242/183 216/243/183
f 216/243/183 212/242/183 215/244/183
f 216/245/184 215/246/184 214/247/184
f 214/247/184 215/246/184 217/248/184
f 214/247/185 217/248/185 218/249/185
f 218/249/185 217/248/185 2048/250/185
f 218/249/186 2048/250/186 219/233/186
f 219/233/186 2048/250/186 220/234/186
f 224/251/187 227/252/188 225/253/188
f 227/252/187 224/251/187 228/254/189
f 222/251/190 226/252/191 221/254/192
f 226/252/191 222/251/191 223/253/191
f 224/251/193 223/255/193 222/256/193
f 223/255/193 224/251/193 225/257/193
f 227/258/194 221/259/194 226/260/194
f 221/259/194 227/258/194 228/254/195
f 221/259/196 224/251/197 222/256/198
f 224/251/197 221/259/199 228/254/197
f 232/261/200 229/144/201 138/146/202
f 229/144/201 232/261/203 234/262/204
f 230/263/205 234/262/204 232/261/206
f 230/263/207 232/261/208 231/262/209
f 232/261/210 233/144/211 231/262/212
f 233/144/213 232/261/214 138/146/215
f 229/144/216 231/264/217 233/265/218
f 231/264/219 229/144/216 234/262/219
f 236/266/220 235/267/221 240/268/222
f 235/267/223 236/266/224 244/269/225
f 237/270/226 244/269/225 236/266/224
f 244/269/227 237/270/228 246/271/229
f 238/272/230 246/271/231 237/270/228
f 246/271/232 238/272/233 239/273/234
f 241/267/235 236/266/236 240/268/237
f 236/266/224 241/267/238 243/274/239
f 243/274/240 237/270/228 236/266/241
f 237/270/228 243/274/242 245/271/243
f 245/271/243 238/272/244 237/270/228
f 238/272/245 245/271/246 242/273/247
f 235/275/248 243/276/249 241/277/250
f 243/276/249 235/275/251 244/278/252
f 244/278/253 245/279/246 243/276/240
f 245/279/246 244/278/254 246/280/255
f 246/280/229 242/281/247 245/279/256
f 242/281/247 246/280/257 239/282/258
f 253/283/259 252/284/260 251/285/261
f 252/284/261 253/283/259 255/286/260
f 252/284/261 255/286/261 254/287/261
f 250/284/262 247/283/263 258/285/264
f 247/283/263 250/284/262 248/286/265
f 249/287/262 248/286/265 250/284/262
f 251/285/266 250/288/267 258/289/266
f 250/288/267 251/285/268 252/284/269
f 252/284/270 249/290/271 250/288/272
f 249/290/271 252/284/270 254/287/271
f 255/291/273 247/292/274 248/293/275
f 247/292/274 255/291/273 253/294/274
f 254/287/276 248/295/277 249/296/276
f 248/295/277 254/287/276 255/286/278
f 257/297/279 253/298/279 259/299/279
f 257/297/279 247/300/279 253/298/279
f 258/301/264 257/302/280 256/303/281
f 257/302/282 258/301/283 247/304/282
f 253/304/261 260/303/261 259/302/284
f 260/303/261 253/304/261 251/301/261
f 263/305/285 262/306/286 261/307/287
f 262/306/286 263/305/285 264/308/286
f 265/309/288 268/305/288 266/310/288
f 268/305/289 265/309/288 267/307/288
f 263/305/290 265/309/290 266/310/290
f 265/309/290 263/305/290 261/307/290
f 262/306/291 268/305/292 267/307/292
f 268/305/292 262/306/291 264/308/292
f 278/311/284 270/312/284 269/313/261
f 270/312/284 278/311/284 279/314/260
f 280/315/261 270/312/284 279/314/261
f 270/312/259 280/315/261 276/316/260
f 273/313/265 272/314/262 271/311/293
f 272/314/262 273/313/265 274/312/262
f 275/316/262 272/314/262 274/312/262
f 272/314/262 275/316/262 277/315/262
f 277/317/294 276/318/295 280/319/294
f 276/318/296 277/317/294 275/320/297
f 275/320/298 270/321/299 276/318/300
f 270/321/299 275/320/241 274/322/299
f 273/323/301 270/321/302 274/322/303
f 270/321/302 273/323/304 269/324/305
f 271/325/306 269/324/305 273/323/301
f 269/324/305 271/325/306 278/326/307
f 272/327/308 278/326/309 271/325/198
f 278/326/309 272/327/308 279/328/308
f 272/327/310 280/329/311 279/328/310
f 280/329/311 272/327/310 277/330/311
f 282/331/284 281/332/284 290/333/284
f 283/334/260 290/333/259 281/332/259
f 290/333/284 283/334/260 284/335/259
f 289/332/262 286/333/262 285/331/265
f 289/332/262 287/335/262 286/333/262
f 287/335/262 289/332/262 288/334/262
f 289/336/312 284/337/313 288/338/313
f 284/337/313 289/336/312 290/339/314
f 285/340/315 290/339/316 289/336/312
f 290/339/317 285/340/315 282/341/318
f 286/342/319 282/341/318 285/340/315
f 282/341/318 286/342/320 281/343/321
f 287/344/322 281/343/323 286/342/319
f 281/343/323 287/344/322 283/345/322
f 304/346/259 291/347/260 307/348/260
f 303/349/324 291/347/261 304/346/284
f 310/350/325 291/347/261 303/349/324
f 297/351/326 291/347/261 310/350/325
f 301/352/327 297/351/326 310/350/325
f 299/353/284 297/351/326 301/352/327
f 292/354/328 301/352/327 310/350/325
f 309/355/329 301/352/327 292/354/328
f 298/353/265 293/352/235 300/351/330
f 293/352/235 294/350/331 300/351/330
f 295/355/332 294/350/333 293/352/235
f 308/354/332 294/350/334 295/355/332
f 294/350/331 305/347/262 300/351/330
f 302/349/335 305/347/262 294/350/331
f 296/346/265 305/347/262 302/349/335
f 306/348/262 305/347/262 296/346/265
f 305/356/336 297/357/336 300/358/336
f 297/357/336 305/356/337 291/359/336
f 300/360/313 299/361/313 298/362/313
f 299/361/313 300/360/313 297/363/313
f 298/362/338 301/364/338 293/365/338
f 301/364/338 298/362/338 299/361/339
f 293/365/340 309/366/340 295/367/340
f 309/366/341 293/365/341 301/364/341
f 294/368/198 303/369/198 302/370/196
f 303/369/198 294/368/198 310/371/198
f 302/370/313 304/372/313 296/373/313
f 304/372/313 302/370/313 303/369/313
f 296/373/198 307/374/198 306/375/198
f 307/374/198 296/373/198 304/372/198
f 306/375/322 291/376/322 305/377/322
f 291/376/322 306/375/322 307/374/322
f 295/367/196 292/378/198 308/379/198
f 292/378/198 295/367/196 309/366/198
f 308/379/342 310/371/342 294/368/342
f 310/371/342 308/379/342 292/378/342
f 321/380/343 312/381/344 311/382/345
f 312/381/344 321/380/346 313/383/347
f 313/383/347 314/384/348 312/381/344
f 314/384/348 313/383/347 315/385/349
f 319/386/350 314/384/351 315/385/352
f 314/384/353 319/386/354 320/387/355
f 311/382/345 322/383/356 321/380/343
f 322/383/357 311/382/358 316/381/359
f 316/381/359 317/385/360 322/383/357
f 317/385/361 316/381/359 318/384/362
f 318/384/363 319/386/364 317/385/361
f 319/386/364 318/384/365 320/387/279
f 313/388/366 321/389/366 315/390/366
f 319/391/193 315/390/322 321/389/322
f 319/391/193 321/389/322 317/390/367
f 317/390/367 321/389/322 322/388/367
f 325/392/368 328/393/369 327/394/370
f 328/393/371 325/392/372 323/395/373
f 323/395/374 329/396/375 328/393/376
f 329/396/377 323/395/374 324/397/378
f 327/394/379 326/395/380 325/392/381
f 326/395/380 327/394/382 330/393/383
f 330/393/384 324/397/385 326/395/386
f 324/397/385 330/393/384 329/396/375
f 329/398/193 327/399/193 328/400/387
f 329/398/193 330/401/388 327/399/193
f 333/402/196 332/403/198 331/404/198
f 332/403/198 333/402/196 334/405/198
f 335/406/262 334/405/262 333/402/293
f 334/405/262 335/406/262 336/407/262
f 338/402/336 336/403/350 335/404/337
f 336/403/336 338/402/336 337/405/336
f 333/402/322 338/408/322 335/409/322
f 338/408/322 333/402/322 331/404/322
f 332/403/313 336/410/313 337/411/313
f 336/410/313 332/403/313 334/405/313
f 345/412/198 340/413/198 339/414/196
f 340/413/198 345/412/198 344/415/196
f 342/416/259 339/414/260 341/417/261
f 339/414/261 342/416/284 345/412/259
f 343/418/336 341/419/279 346/420/336
f 341/419/279 343/418/279 342/421/336
f 345/412/193 343/418/193 344/415/193
f 343/418/193 345/412/193 342/421/193
f 340/413/313 341/422/313 339/414/313
f 341/422/313 340/413/313 346/423/313
f 349/424/198 348/425/196 347/426/198
f 348/425/196 349/424/198 352/427/198
f 353/428/259 347/426/261 350/429/261
f 347/426/261 353/428/284 349/424/284
f 351/430/350 350/429/336 354/431/336
f 350/429/336 351/430/350 353/428/336
f 349/424/193 351/432/193 352/433/193
f 351/432/193 349/424/193 353/428/193
f 348/434/313 350/429/313 347/426/313
f 350/429/313 348/434/313 354/435/313
f 357/436/389 356/437/389 355/438/390
f 358/439/391 356/437/392 357/436/392
f 356/437/392 358/439/391 359/440/393
f 360/441/394 359/440/395 358/439/390
f 359/440/395 360/441/396 361/442/397
f 360/441/398 362/443/399 361/442/400
f 362/443/399 360/441/398 363/444/401
f 366/445/402 365/446/403 364/447/404
f 365/446/403 366/445/405 367/448/406
f 372/449/407 367/448/408 366/445/402
f 367/448/409 368/450/410 365/446/403
f 367/448/411 372/449/412 369/451/413
f 377/452/414 369/451/415 372/449/416
f 368/450/410 367/448/417 370/453/418
f 369/451/419 370/453/420 367/448/421
f 370/453/422 364/454/423 368/450/424
f 364/454/423 370/453/425 366/455/426
f 371/456/427 366/455/428 370/453/420
f 370/453/429 369/451/430 371/456/431
f 366/455/432 371/456/433 372/457/434
f 369/451/413 377/452/435 373/458/436
f 373/458/437 371/456/438 369/451/439
f 374/459/440 373/458/436 377/452/441
f 373/458/442 374/459/440 375/460/443
f 376/461/444 372/457/445 371/456/446
f 371/456/438 373/458/447 376/461/448
f 375/460/449 376/461/450 373/458/451
f 372/457/452 376/461/448 377/462/453
f 376/461/450 375/460/449 378/463/454
f 378/463/454 377/462/455 376/461/456
f 377/462/453 378/463/454 374/464/457
f 384/465/196 379/466/196 383/467/196
f 379/466/198 384/465/198 380/468/198
f 383/467/194 382/469/194 385/470/194
f 382/469/194 383/467/194 379/466/194
f 381/471/262 379/466/262 380/468/262
f 379/466/262 381/471/262 382/472/262
f 385/472/259 384/468/259 383/466/261
f 384/468/259 385/472/259 386/471/259
f 394/473/198 397/474/198 387/475/198
f 397/474/198 394/473/198 399/476/458
f 388/477/459 399/476/311 394/473/460
f 399/476/311 388/477/459 389/478/197
f 390/479/196 389/478/198 388/477/461
f 389/478/198 390/479/196 402/480/198
f 402/480/194 396/481/194 391/482/194
f 396/481/194 402/480/194 390/479/194
f 393/483/262 387/474/262 392/484/262
f 387/474/262 393/483/262 394/476/262
f 393/483/262 388/485/262 394/476/262
f 388/485/262 393/483/262 395/486/262
f 396/487/262 388/485/262 395/486/262
f 388/485/293 396/487/262 390/488/293
f 399/476/261 398/484/462 397/474/261
f 398/484/261 399/476/261 400/483/261
f 399/476/261 401/486/284 400/483/261
f 401/486/259 399/476/261 389/485/259
f 402/488/261 401/486/259 389/485/259
f 401/486/259 402/488/260 391/487/259
f 392/489/193 397/474/193 398/490/193
f 397/474/193 392/489/193 387/475/193
f 405/438/463 404/437/464 403/436/464
f 404/437/465 406/439/466 403/436/465
f 406/439/466 404/437/465 407/440/467
f 407/440/468 408/441/469 406/439/470
f 408/441/471 407/440/468 409/442/472
f 410/443/473 408/441/474 409/442/475
f 408/441/474 410/443/473 411/444/473
f 414/446/476 413/445/477 412/447/478
f 413/445/479 414/446/476 415/448/480
f 415/448/480 416/449/481 413/445/482
f 417/450/483 415/448/484 414/446/485
f 416/449/486 415/448/487 418/451/488
f 418/451/489 424/452/490 416/449/486
f 415/448/487 417/450/491 419/453/492
f 419/453/493 418/451/494 415/448/495
f 412/454/478 419/453/496 417/450/497
f 419/453/498 412/454/478 413/455/499
f 413/455/500 420/456/501 419/453/493
f 418/451/502 419/453/503 420/456/504
f 420/456/505 413/455/479 416/457/506
f 424/452/490 418/451/488 421/458/507
f 420/456/508 421/458/509 418/451/494
f 421/458/510 426/459/511 424/452/512
f 426/459/513 421/458/514 422/460/515
f 416/457/481 423/461/516 420/456/517
f 421/458/509 420/456/517 423/461/516
f 423/461/516 422/460/515 421/458/518
f 423/461/516 416/457/481 424/462/519
f 422/460/515 423/461/516 425/463/520
f 424/462/490 425/463/520 423/461/521
f 425/463/520 424/462/522 426/464/523
f 427/491/524 709/492/525 446/493/526
f 427/491/527 446/493/528 428/494/529
f 428/494/529 446/493/528 448/495/530
f 449/496/531 428/494/532 448/495/533
f 429/497/534 428/494/535 449/496/531
f 429/497/536 427/491/537 428/494/529
f 451/498/538 429/497/539 449/496/531
f 427/491/540 429/497/541 430/499/542
f 427/491/543 430/499/544 431/500/545
f 723/501/546 431/500/547 430/499/548
f 432/502/549 429/497/550 451/498/551
f 451/498/538 579/503/552 432/502/553
f 432/502/554 579/503/552 576/504/555
f 432/502/554 433/505/556 429/497/536
f 429/497/536 433/505/556 430/499/557
f 432/502/554 576/504/555 433/505/558
f 434/506/559 723/501/560 430/499/561
f 433/505/562 434/506/559 430/499/561
f 722/507/563 723/501/564 434/506/565
f 722/507/566 434/506/567 714/508/568
f 433/505/562 576/504/569 435/509/570
f 435/509/571 434/506/572 433/505/573
f 435/509/574 576/504/575 1407/510/576
f 714/508/577 434/506/578 436/511/579
f 435/509/580 436/511/581 434/506/582
f 435/509/583 1407/510/584 437/512/585
f 437/512/585 436/511/581 435/509/580
f 437/512/585 1407/510/584 1996/513/586
f 436/511/587 438/514/588 714/508/577
f 439/515/589 714/508/590 438/514/591
f 437/512/592 1996/513/593 440/516/594
f 440/516/595 1996/513/586 441/517/596
f 437/512/592 442/518/597 436/511/598
f 438/514/599 436/511/600 442/518/601
f 440/516/595 442/518/597 437/512/602
f 440/516/603 441/517/604 467/519/605
f 467/519/606 441/517/604 2031/520/607
f 467/519/605 468/521/608 440/516/609
f 440/516/610 468/521/611 442/518/612
f 443/522/613 442/518/612 468/521/608
f 438/514/588 442/518/614 443/522/615
f 439/515/616 438/514/617 444/523/618
f 444/523/618 438/514/617 443/522/619
f 439/515/589 444/523/620 470/524/621
f 470/524/622 444/523/623 443/522/624
f 446/493/625 709/492/525 445/491/626
f 447/494/627 446/493/625 445/491/628
f 448/495/629 446/493/630 447/494/631
f 448/495/632 447/494/627 449/496/633
f 449/496/634 447/494/627 450/497/635
f 447/494/636 445/491/637 450/497/638
f 449/496/634 450/497/639 451/498/640
f 452/499/641 450/497/642 445/491/643
f 713/500/644 452/499/641 445/491/628
f 452/499/645 713/500/646 453/501/647
f 451/498/648 450/497/635 454/502/649
f 451/498/650 454/502/651 579/503/652
f 579/503/653 454/502/654 2022/504/655
f 454/502/656 450/497/638 455/505/657
f 455/505/658 450/497/659 452/499/660
f 455/505/661 2022/504/662 454/502/663
f 452/499/664 453/501/665 456/506/666
f 452/499/664 456/506/667 455/505/668
f 456/506/669 453/501/670 457/507/671
f 458/508/672 456/506/673 457/507/674
f 455/505/675 459/509/676 2022/504/677
f 455/505/668 456/506/666 459/509/678
f 2022/504/679 459/509/676 2023/510/680
f 460/511/681 456/506/682 458/508/683
f 456/506/684 460/511/685 459/509/686
f 459/509/687 461/512/688 2023/510/689
f 459/509/687 460/511/685 461/512/688
f 2023/510/690 461/512/688 1435/513/691
f 458/508/692 462/514/693 460/511/694
f 462/514/695 458/508/696 463/515/697
f 461/512/698 464/516/699 1435/513/691
f 1435/513/691 464/516/700 465/517/701
f 460/511/702 466/518/703 461/512/704
f 466/518/705 460/511/702 462/514/706
f 461/512/704 466/518/707 464/516/700
f 464/516/708 467/519/709 465/517/710
f 465/517/711 467/519/709 2031/520/712
f 464/516/708 468/521/713 467/519/714
f 466/518/715 468/521/713 464/516/708
f 468/521/716 466/518/717 443/522/718
f 443/522/719 466/518/720 462/514/721
f 469/523/722 462/514/723 463/515/724
f 443/522/725 462/514/723 469/523/722
f 470/524/726 469/523/727 463/515/728
f 443/522/718 469/523/729 470/524/730
f 490/525/731 484/526/732 483/527/733
f 471/528/734 484/526/732 490/525/735
f 491/529/736 471/528/737 490/525/735
f 484/526/732 471/528/734 472/530/738
f 473/531/739 471/528/737 491/529/736
f 472/530/740 471/528/741 474/532/742
f 473/531/743 474/532/744 471/528/745
f 473/531/739 491/529/736 475/533/746
f 475/533/747 491/529/748 492/534/749
f 494/535/750 475/533/746 492/534/751
f 474/532/752 476/536/753 472/530/754
f 472/530/755 476/536/756 488/537/757
f 477/538/758 474/532/759 473/531/760
f 474/532/761 477/538/762 476/536/763
f 473/531/760 475/533/746 477/538/764
f 476/536/756 477/538/762 485/539/765
f 477/538/766 478/540/767 485/539/768
f 475/533/769 478/540/770 477/538/771
f 479/541/772 475/533/773 494/535/774
f 475/533/775 479/541/776 478/540/777
f 478/540/778 479/541/779 480/542/780
f 494/535/781 481/543/782 479/541/783
f 479/541/783 487/544/784 480/542/785
f 479/541/779 481/543/782 482/545/786
f 482/545/787 487/544/788 479/541/789
f 483/546/790 482/545/787 481/543/791
f 482/545/786 488/547/792 487/544/793
f 484/548/794 482/545/795 483/546/796
f 472/549/797 488/547/798 482/545/799
f 472/549/797 482/545/800 484/548/801
f 489/550/802 488/537/803 512/551/804
f 512/551/805 488/537/806 476/536/807
f 485/539/808 512/551/805 476/536/807
f 504/552/809 512/551/810 485/539/811
f 485/539/812 486/553/813 504/552/814
f 478/540/815 486/553/813 485/539/812
f 478/540/816 499/554/817 486/553/818
f 480/542/819 499/554/820 478/540/821
f 480/542/819 496/555/822 499/554/817
f 487/544/823 496/555/824 480/542/825
f 487/544/823 488/547/826 496/555/824
f 496/555/824 488/547/827 489/556/828
f 1750/557/829 483/527/830 1751/558/831
f 490/525/832 483/527/833 1750/557/829
f 1752/559/834 490/525/835 1750/557/836
f 491/529/837 490/525/835 1752/559/838
f 1752/559/839 1753/560/840 491/529/841
f 491/529/841 1753/560/842 492/534/843
f 493/561/844 492/534/843 1753/560/845
f 494/535/846 492/534/847 493/561/844
f 493/561/848 495/562/849 494/535/850
f 494/535/851 495/562/852 481/543/853
f 1751/563/854 481/543/855 495/562/856
f 483/546/857 481/543/858 1751/563/854
f 515/564/859 496/555/860 489/556/861
f 497/565/862 496/555/863 515/564/859
f 514/566/864 497/565/865 515/564/866
f 497/565/867 498/567/868 496/555/869
f 496/555/870 498/567/868 499/554/871
f 499/554/872 498/567/873 486/553/874
f 500/568/875 497/565/876 514/566/864
f 500/568/877 498/567/878 497/565/867
f 514/566/879 501/569/880 500/568/881
f 500/568/875 501/569/882 631/570/883
f 631/570/884 502/571/885 500/568/886
f 502/571/885 498/567/887 500/568/888
f 630/572/889 502/571/890 631/570/884
f 502/571/891 630/572/892 608/573/893
f 486/553/894 498/567/873 503/574/895
f 502/571/891 503/574/895 498/567/873
f 486/553/896 503/574/897 504/552/898
f 608/573/899 505/575/900 502/571/901
f 505/575/902 503/574/903 502/571/904
f 505/575/900 608/573/905 538/576/906
f 506/577/907 505/575/908 538/576/909
f 505/575/900 506/577/910 507/578/911
f 508/579/912 507/578/911 506/577/913
f 505/575/908 509/580/914 503/574/915
f 507/578/911 509/580/914 505/575/916
f 504/552/898 503/574/897 510/581/917
f 510/581/918 503/574/919 509/580/920
f 511/582/921 504/552/898 510/581/917
f 510/581/917 509/580/922 511/582/923
f 512/551/924 504/552/898 511/582/925
f 507/578/911 508/579/926 513/583/927
f 508/579/928 532/584/929 513/583/930
f 532/584/931 501/585/932 513/583/933
f 513/583/934 501/585/935 514/586/936
f 514/586/936 515/587/937 513/583/934
f 511/582/938 515/587/939 512/551/924
f 512/551/924 515/587/940 489/550/941
f 511/582/942 509/580/943 516/588/944
f 507/578/945 516/588/946 509/580/943
f 513/583/927 516/588/947 507/578/911
f 511/582/942 516/588/947 515/587/940
f 513/583/930 515/587/948 516/588/949
f 620/589/950 565/590/951 517/591/952
f 517/591/952 565/590/953 518/592/954
f 517/591/952 518/592/954 1996/593/955
f 1996/593/956 518/592/957 441/594/958
f 441/594/959 518/592/960 2031/595/961
f 2031/595/962 518/592/963 519/596/964
f 518/592/963 565/590/965 519/596/966
f 519/596/967 565/590/965 520/597/968
f 522/591/969 521/590/970 584/589/971
f 523/592/972 521/590/970 522/591/973
f 522/591/973 1435/593/974 523/592/975
f 523/592/976 520/597/977 521/590/978
f 523/592/972 1435/593/979 465/594/980
f 519/596/981 520/597/982 523/592/983
f 465/594/984 2031/595/985 523/592/986
f 523/592/986 2031/595/985 519/596/987
f 525/598/988 620/589/989 524/599/990
f 524/599/991 567/600/992 525/598/993
f 526/601/994 567/600/995 524/599/996
f 527/602/997 567/600/998 526/601/994
f 527/602/999 568/603/1000 567/600/1001
f 527/602/1002 526/601/1003 528/604/1004
f 529/605/1005 528/604/1006 526/601/1007
f 527/602/1008 530/606/1009 568/603/1010
f 527/602/1011 528/604/1012 530/606/1013
f 568/603/1014 530/606/1015 1117/607/1016
f 1117/607/1017 530/606/1018 531/608/1019
f 528/604/1020 529/605/1021 532/609/1022
f 529/605/1023 501/610/1024 532/609/1025
f 528/604/1026 532/609/1027 508/611/1028
f 530/606/1029 528/604/1030 533/612/1031
f 533/612/1032 528/604/1033 508/611/1034
f 533/612/1035 531/608/1036 530/606/1037
f 508/611/1038 534/613/1039 533/612/1040
f 534/613/1041 531/608/1042 533/612/1043
f 506/614/1044 534/613/1045 508/611/1046
f 535/615/1047 531/608/1048 534/613/1049
f 506/614/1050 535/615/1051 534/613/1052
f 535/615/1053 536/616/1054 531/608/1055
f 531/608/1056 536/616/1057 572/617/1058
f 536/616/1057 548/618/1059 572/617/1058
f 546/619/1060 548/618/1061 536/616/1062
f 537/620/1063 535/615/1064 506/614/1065
f 506/614/1050 538/621/1066 537/620/1067
f 539/622/1068 535/615/1051 537/620/1063
f 539/622/1068 536/616/1054 535/615/1069
f 604/623/1070 536/616/1062 539/622/1068
f 536/616/1071 540/624/1072 546/619/1073
f 536/616/1062 604/623/1074 540/624/1075
f 546/619/1076 540/624/1077 543/625/1078
f 540/624/1079 604/623/1080 541/626/1081
f 541/626/1082 543/625/1083 540/624/1079
f 541/626/1084 604/623/1085 542/627/1086
f 637/628/1087 543/625/1088 541/626/1089
f 544/626/1090 543/625/1091 637/628/1092
f 545/624/1093 543/625/1094 544/626/1090
f 543/625/1095 545/624/1096 546/619/1076
f 546/619/1097 545/624/1096 547/616/1098
f 547/616/1099 548/618/1100 546/619/1097
f 549/617/1101 548/618/1102 547/616/1103
f 549/617/1101 547/616/1103 550/608/1104
f 544/626/1105 551/623/1106 545/624/1107
f 545/624/1108 551/623/1109 547/616/1110
f 552/627/1111 551/623/1112 544/626/1113
f 553/622/1114 547/616/1115 551/623/1116
f 554/615/1117 547/616/1118 553/622/1119
f 550/608/1120 547/616/1115 554/615/1121
f 555/620/1122 554/615/1123 553/622/1119
f 556/614/1124 554/615/1121 555/620/1125
f 555/620/1126 617/621/1127 556/614/1128
f 557/613/1129 554/615/1130 556/614/1131
f 557/613/1132 550/608/1133 554/615/1134
f 809/611/1135 557/613/1129 556/614/1136
f 558/612/1137 550/608/1138 557/613/1139
f 558/612/1140 557/613/1141 809/611/1142
f 559/606/1143 550/608/1138 558/612/1137
f 550/608/1144 559/606/1145 1119/607/1146
f 559/606/1147 560/603/1148 1119/607/1149
f 809/611/1150 561/604/1151 558/612/1152
f 558/612/1153 561/604/1154 559/606/1155
f 809/611/1156 814/609/1157 561/604/1158
f 562/629/1159 560/603/1160 559/606/1161
f 559/606/1155 561/604/1162 562/629/1163
f 569/600/1164 560/603/1165 562/629/1166
f 814/609/1167 589/605/1168 561/604/1169
f 814/609/1170 563/610/1171 589/605/1172
f 588/601/1173 561/604/1169 589/605/1174
f 561/604/1175 588/601/1176 562/629/1177
f 588/601/1178 569/600/1179 562/629/1180
f 585/599/1181 569/600/1182 588/601/1178
f 571/598/1183 569/600/1182 585/599/1181
f 585/599/1181 584/589/1184 571/598/1183
f 565/590/1185 564/630/1186 520/597/1187
f 566/631/1188 564/630/1186 565/590/1185
f 566/631/1189 565/590/1190 620/589/1191
f 566/631/1192 620/589/1193 525/598/1194
f 566/631/1195 525/598/1196 567/600/1197
f 566/631/1195 567/600/1198 564/630/1199
f 564/630/1186 567/600/1200 568/603/1201
f 564/630/1202 568/603/1203 1118/632/1204
f 1118/632/1204 560/603/1205 564/630/1206
f 560/603/1207 569/600/1208 564/630/1202
f 564/630/1209 569/600/1208 570/631/1210
f 569/600/1208 571/598/1211 570/631/1210
f 571/598/1212 584/589/1213 570/631/1214
f 584/589/1215 521/590/1216 570/631/1210
f 521/590/1217 564/630/1202 570/631/1218
f 520/597/1219 564/630/1220 521/590/1221
f 531/608/1222 572/617/1223 1117/607/1224
f 548/618/1225 1117/607/1224 572/617/1223
f 573/633/1225 1117/607/1226 548/618/1225
f 548/618/1225 1119/607/1227 573/633/1225
f 549/617/1228 1119/607/1227 548/618/1225
f 1119/607/1227 549/617/1228 550/608/1229
f 1996/634/1230 1407/635/1231 517/636/1232
f 517/636/1233 1407/635/1231 574/637/1234
f 517/636/1235 574/637/1236 620/638/1237
f 620/638/1237 574/637/1236 575/639/1238
f 1407/635/1239 576/640/1240 574/637/1241
f 574/637/1242 577/641/1243 575/639/1244
f 574/637/1241 576/640/1240 577/641/1243
f 575/639/1244 577/641/1243 633/642/1245
f 577/641/1246 576/640/1247 578/643/1248
f 578/643/1249 633/642/1250 577/641/1251
f 578/643/1249 576/640/1247 579/644/1252
f 580/645/1253 633/642/1250 578/643/1254
f 636/646/1255 633/642/1256 580/645/1253
f 580/645/1257 819/642/1258 821/646/1259
f 578/643/1260 819/642/1261 580/645/1262
f 581/641/1263 819/642/1261 578/643/1260
f 581/641/1264 582/639/1265 819/642/1266
f 581/641/1267 578/643/1268 2022/640/1269
f 2022/640/1269 578/643/1268 579/644/1270
f 583/637/1271 582/639/1272 581/641/1273
f 2022/640/1274 583/637/1275 581/641/1264
f 583/637/1276 584/638/1277 582/639/1278
f 2023/635/1279 583/637/1271 2022/640/1280
f 522/636/1281 584/638/1277 583/637/1282
f 583/637/1276 2023/635/1283 522/636/1281
f 522/636/1281 2023/635/1284 1435/634/1285
f 584/638/1286 585/647/1287 818/648/1288
f 818/648/1289 585/647/1290 586/649/1291
f 586/649/1291 585/647/1290 587/650/1292
f 587/650/1293 585/647/1294 588/651/1295
f 588/651/1295 589/652/1296 587/650/1297
f 586/649/1298 590/653/1299 818/648/1300
f 818/648/1301 590/653/1302 591/654/1303
f 590/653/1304 820/655/1305 591/654/1306
f 592/656/1307 586/649/1308 587/650/1309
f 590/653/1302 586/649/1310 592/656/1311
f 593/657/1312 820/655/1305 590/653/1304
f 593/657/1313 590/653/1314 592/656/1315
f 820/655/1316 593/657/1317 594/658/1318
f 593/657/1319 592/656/1320 594/658/1321
f 594/658/1322 592/656/1307 595/659/1323
f 587/650/1324 596/660/1325 592/656/1326
f 587/650/1327 589/652/1328 596/660/1329
f 596/660/1325 597/661/1330 592/656/1331
f 596/660/1332 598/662/1333 597/661/1334
f 599/663/1335 598/662/1336 596/660/1329
f 589/652/1337 599/663/1338 596/660/1339
f 563/664/1340 599/663/1341 589/652/1328
f 610/665/1342 600/666/1343 612/667/1344
f 601/668/1345 600/666/1346 610/665/1347
f 601/668/1348 610/665/1347 638/669/1349
f 638/669/1350 610/665/1351 639/670/1352
f 602/671/1353 601/668/1348 638/669/1354
f 603/672/1355 601/668/1348 602/671/1356
f 542/673/1357 603/672/1358 602/671/1359
f 604/674/1360 603/672/1361 542/673/1362
f 604/674/1363 539/675/1364 603/672/1355
f 603/672/1355 605/676/1365 601/668/1366
f 603/672/1355 539/675/1367 605/676/1368
f 601/668/1369 605/676/1370 600/666/1346
f 537/677/1371 605/676/1372 539/675/1373
f 606/678/1374 600/666/1375 605/676/1376
f 605/676/1377 537/677/1378 606/678/1379
f 538/679/1380 606/678/1381 537/677/1378
f 600/666/1375 606/678/1374 607/680/1382
f 606/678/1383 538/679/1384 608/681/1385
f 608/681/1386 607/680/1387 606/678/1388
f 608/681/1389 609/682/1390 607/680/1387
f 609/682/1390 608/681/1386 630/683/1391
f 612/667/1392 611/666/1393 610/665/1394
f 610/665/1347 611/666/1395 613/668/1396
f 642/669/1397 610/665/1342 613/668/1398
f 639/670/1399 610/665/1400 642/669/1401
f 642/669/1402 613/668/1403 641/671/1404
f 641/671/1405 613/668/1406 614/672/1407
f 641/671/1408 614/672/1409 552/673/1410
f 552/673/1411 614/672/1412 551/674/1413
f 614/672/1414 553/675/1415 551/674/1413
f 613/668/1416 615/676/1417 614/672/1418
f 615/676/1419 553/675/1420 614/672/1421
f 611/666/1395 615/676/1417 613/668/1398
f 553/675/1422 615/676/1423 555/677/1424
f 615/676/1425 611/666/1393 616/678/1426
f 616/678/1427 555/677/1428 615/676/1429
f 555/677/1424 616/678/1430 617/679/1431
f 618/680/1432 616/678/1433 611/666/1434
f 805/681/1435 617/679/1436 616/678/1426
f 616/678/1437 618/680/1438 805/681/1439
f 618/680/1438 619/682/1440 805/681/1439
f 598/683/1441 805/681/1442 619/682/1443
f 632/648/1444 524/647/1445 620/638/1446
f 621/649/1447 524/647/1448 632/648/1449
f 632/648/1450 622/653/1451 621/649/1452
f 634/654/1453 622/653/1454 632/648/1455
f 634/654/1456 635/655/1457 622/653/1458
f 623/650/1459 524/647/1445 621/649/1460
f 526/651/1461 524/647/1445 623/650/1462
f 623/650/1459 529/652/1463 526/651/1464
f 624/656/1465 621/649/1466 622/653/1467
f 623/650/1468 621/649/1452 624/656/1465
f 622/653/1469 635/655/1470 625/657/1471
f 624/656/1472 622/653/1469 625/657/1471
f 626/658/1473 625/657/1474 635/655/1475
f 625/657/1474 626/658/1473 624/656/1476
f 624/656/1472 626/658/1477 627/659/1478
f 624/656/1476 628/660/1479 623/650/1480
f 628/660/1481 529/652/1482 623/650/1483
f 624/656/1484 629/661/1485 628/660/1486
f 629/661/1487 630/662/1488 628/660/1489
f 628/660/1490 630/662/1491 631/663/1492
f 628/660/1493 631/663/1494 529/652/1495
f 529/652/1496 631/663/1497 501/664/1498
f 632/648/1499 620/638/1500 575/639/1501
f 633/642/1502 632/648/1503 575/639/1504
f 634/654/1505 632/648/1503 633/642/1506
f 633/642/1507 635/655/1508 634/654/1509
f 636/646/1510 635/655/1511 633/642/1512
f 640/684/1513 637/685/1514 541/686/1515
f 542/687/1516 640/684/1513 541/686/1515
f 602/688/1517 640/684/1513 542/687/1518
f 638/689/1519 640/684/1520 602/688/1517
f 639/690/1521 640/684/1513 638/689/1522
f 544/686/1523 637/685/1514 640/684/1513
f 544/686/1523 640/684/1513 552/687/1524
f 552/687/1524 640/684/1513 641/688/1525
f 641/688/1525 640/684/1526 642/689/1527
f 642/689/1527 640/684/1513 639/690/1521
f 725/691/1528 643/692/1529 717/693/1530
f 644/694/1531 643/692/1532 725/691/1533
f 645/695/1534 644/694/1535 725/691/1536
f 645/695/1537 646/696/1538 644/694/1539
f 647/697/1540 643/692/1541 644/694/1542
f 664/698/1543 643/692/1544 647/697/1545
f 648/699/1546 664/698/1543 647/697/1547
f 644/694/1548 646/696/1549 649/700/1550
f 650/701/1551 649/700/1552 646/696/1553
f 647/697/1547 644/694/1554 651/702/1555
f 651/702/1556 644/694/1557 649/700/1558
f 647/697/1547 651/702/1555 648/699/1559
f 650/701/1560 652/703/1561 649/700/1558
f 649/700/1558 652/703/1562 651/702/1555
f 650/701/1563 653/704/1564 652/703/1561
f 653/704/1565 654/705/1566 652/703/1567
f 655/706/1568 654/705/1566 653/704/1565
f 654/705/1569 655/706/1570 720/707/1571
f 651/702/1572 652/703/1573 656/708/1574
f 652/703/1573 654/705/1566 656/708/1575
f 654/705/1576 720/707/1577 657/709/1578
f 657/709/1579 720/707/1580 658/710/1581
f 659/711/1582 657/709/1583 658/710/1584
f 648/699/1585 651/702/1586 660/712/1587
f 651/702/1572 656/708/1574 660/712/1588
f 656/708/1575 654/705/1566 661/713/1589
f 654/705/1569 657/709/1578 661/713/1590
f 662/714/1591 657/709/1578 659/711/1592
f 717/715/1593 662/714/1594 659/711/1595
f 643/716/1596 662/714/1597 717/715/1598
f 662/714/1591 663/717/1599 657/709/1578
f 657/709/1578 663/717/1600 661/713/1601
f 662/714/1594 643/716/1596 682/718/1602
f 682/718/1603 663/717/1604 662/714/1594
f 682/718/1602 643/716/1596 664/719/1605
f 656/708/1574 661/713/1606 665/720/1607
f 660/712/1588 656/708/1608 665/720/1609
f 682/718/1610 666/721/1611 663/717/1604
f 681/722/1612 666/721/1613 682/718/1614
f 663/717/1600 667/723/1615 661/713/1601
f 665/720/1616 661/713/1617 667/723/1618
f 663/717/1619 666/721/1613 668/724/1620
f 668/724/1621 667/723/1618 663/717/1604
f 681/722/1622 1674/725/1623 666/721/1624
f 666/721/1613 1674/725/1625 668/724/1626
f 1674/725/1627 681/722/1612 1672/726/1628
f 668/724/1626 1674/725/1625 1676/727/1629
f 1677/728/1630 668/724/1631 1676/727/1632
f 667/723/1618 668/724/1633 1677/728/1634
f 669/729/1635 667/723/1636 1677/728/1637
f 667/723/1638 669/729/1635 665/720/1639
f 1679/730/1640 665/720/1639 669/729/1641
f 1679/730/1642 660/712/1588 665/720/1609
f 670/731/1643 660/712/1644 1679/730/1642
f 670/731/1645 1679/730/1640 671/732/1646
f 670/731/1647 671/732/1648 672/733/1649
f 671/732/1650 1678/734/1651 672/733/1652
f 670/731/1653 648/699/1559 660/712/1654
f 1681/735/1655 670/731/1656 672/733/1657
f 1681/735/1658 648/699/1659 670/731/1653
f 672/733/1660 1678/734/1661 673/736/1662
f 1678/734/1663 674/737/1664 673/736/1665
f 675/738/1666 673/736/1667 674/737/1668
f 676/739/1669 675/738/1670 674/737/1671
f 676/739/1672 1675/740/1673 675/738/1666
f 673/736/1662 677/741/1674 672/733/1660
f 675/738/1666 677/741/1675 673/736/1667
f 675/738/1666 1675/740/1673 678/742/1676
f 1673/743/1677 678/742/1678 1675/740/1679
f 677/741/1675 675/738/1666 679/744/1680
f 675/738/1666 678/742/1681 679/744/1680
f 1681/735/1658 1682/745/1682 648/699/1559
f 648/699/1546 1682/745/1683 680/746/1684
f 680/746/1684 664/698/1685 648/699/1659
f 1682/745/1686 681/747/1687 680/746/1688
f 680/746/1688 681/747/1689 664/698/1690
f 1672/748/1691 681/747/1687 1682/745/1692
f 664/698/1693 681/747/1687 682/749/1694
f 683/750/1695 1681/735/1696 672/733/1697
f 1680/751/1698 1681/735/1658 683/750/1699
f 1680/751/1700 683/750/1701 684/752/1702
f 684/752/1703 683/750/1704 685/753/1705
f 683/750/1704 686/754/1706 685/753/1707
f 683/750/1708 672/733/1697 686/754/1709
f 685/753/1707 686/754/1710 687/755/1711
f 686/754/1710 672/733/1697 688/756/1712
f 672/733/1713 677/741/1675 688/756/1714
f 689/757/1715 687/755/1716 686/754/1706
f 688/756/1717 689/757/1718 686/754/1710
f 687/755/1719 689/757/1720 704/758/1721
f 677/741/1722 690/759/1723 688/756/1714
f 690/759/1724 689/757/1720 688/756/1725
f 691/760/1726 704/758/1721 689/757/1720
f 692/761/1727 704/758/1728 691/760/1729
f 693/762/1730 690/759/1731 677/741/1732
f 677/741/1675 679/744/1680 693/762/1733
f 694/763/1734 689/757/1735 690/759/1736
f 691/760/1726 689/757/1720 694/763/1737
f 690/759/1723 693/762/1730 694/763/1738
f 695/764/1739 692/761/1740 691/760/1741
f 696/765/1742 692/761/1727 695/764/1743
f 695/764/1744 691/760/1741 1684/766/1745
f 1684/766/1746 691/760/1726 694/763/1738
f 694/763/1734 697/767/1747 1684/766/1748
f 694/763/1738 693/762/1730 697/767/1749
f 1684/766/1748 697/767/1750 698/768/1751
f 693/762/1752 699/769/1753 697/767/1754
f 693/762/1752 679/744/1755 699/769/1756
f 697/767/1757 700/770/1758 698/768/1759
f 697/767/1760 699/769/1753 700/770/1761
f 698/768/1762 700/770/1763 1683/771/1764
f 679/744/1765 701/772/1766 699/769/1767
f 699/769/1768 701/772/1769 700/770/1770
f 700/770/1771 702/773/1772 1683/771/1773
f 700/770/1770 701/772/1774 702/773/1775
f 1683/771/1776 702/773/1772 703/774/1777
f 702/773/1778 696/775/1779 703/774/1780
f 692/776/1781 696/775/1782 702/773/1783
f 702/773/1784 701/772/1785 692/776/1781
f 692/776/1781 701/772/1786 704/777/1787
f 705/778/1788 701/772/1769 679/744/1789
f 705/778/1790 704/777/1791 701/772/1792
f 679/744/1680 678/742/1793 705/778/1788
f 706/779/1794 704/777/1795 705/778/1788
f 678/742/1793 706/779/1794 705/778/1788
f 687/780/1796 704/777/1797 706/779/1794
f 707/781/1798 706/779/1794 678/742/1793
f 707/781/1798 687/780/1799 706/779/1794
f 707/781/1800 678/742/1793 1673/743/1801
f 685/782/1802 687/780/1803 707/781/1800
f 1673/743/1677 685/782/1804 707/781/1805
f 1673/743/1806 684/783/1807 685/782/1802
f 709/784/1808 708/785/1809 716/786/1810
f 710/787/1811 708/785/1812 709/784/1813
f 709/784/1813 724/788/1814 710/787/1815
f 427/789/1816 724/788/1814 709/784/1817
f 427/789/1818 431/790/1819 724/788/1820
f 716/786/1821 711/785/1822 709/784/1823
f 709/784/1808 711/785/1824 712/787/1825
f 712/787/1825 893/788/1826 709/784/1827
f 709/784/1828 893/788/1826 445/789/1829
f 893/788/1830 713/790/1831 445/789/1832
f 708/791/1833 718/792/1834 716/793/1835
f 716/793/1836 718/792/1837 470/794/1838
f 718/792/1839 719/795/1840 470/794/1841
f 470/794/1842 719/795/1843 439/796/1844
f 721/797/1845 439/796/1846 719/795/1847
f 721/797/1848 714/798/1849 439/796/1846
f 716/793/1850 715/792/1851 711/791/1852
f 470/794/1853 715/792/1854 716/793/1855
f 470/794/1856 889/795/1857 715/792/1858
f 463/796/1859 889/795/1860 470/794/1841
f 889/795/1861 463/796/1862 890/797/1863
f 463/796/1862 458/798/1864 890/797/1863
f 717/715/1865 659/711/1866 708/791/1867
f 708/791/1868 659/711/1869 718/792/1870
f 659/711/1871 658/710/1872 718/792/1873
f 718/792/1874 658/710/1872 719/795/1875
f 720/707/1876 719/795/1877 658/710/1878
f 721/797/1879 719/795/1880 720/707/1881
f 720/707/1882 714/798/1883 721/797/1884
f 655/706/1885 714/798/1886 720/707/1887
f 655/706/1888 653/704/1889 714/798/1890
f 714/798/1890 653/704/1891 722/799/1892
f 653/704/1893 723/800/1894 722/799/1895
f 650/701/1896 723/800/1894 653/704/1897
f 650/701/1898 431/790/1899 723/800/1900
f 646/696/1901 431/790/1899 650/701/1898
f 645/695/1902 431/790/1903 646/696/1904
f 724/788/1905 431/790/1906 645/695/1907
f 724/788/1908 645/695/1909 710/787/1910
f 710/787/1911 645/695/1912 725/691/1913
f 725/691/1914 717/693/1915 710/787/1916
f 710/787/1916 717/693/1917 708/785/1918
f 727/801/1919 726/802/1920 731/803/1921
f 731/803/1921 726/802/1922 728/804/1923
f 731/803/1924 728/804/1925 732/805/1926
f 732/805/1926 728/804/1925 729/806/1927
f 727/801/1928 730/807/1929 726/802/1930
f 726/802/1930 730/807/1929 733/808/1931
f 727/801/1932 731/803/1933 730/809/1934
f 730/809/1935 731/803/1936 732/810/1937
f 726/802/1938 733/811/1939 728/804/1940
f 728/804/1941 733/811/1942 729/812/1943
f 738/813/1944 735/814/1945 739/815/1946
f 739/815/1946 735/814/1945 736/816/1947
f 736/816/1948 735/814/1949 734/817/1950
f 734/817/1950 735/814/1949 737/818/1951
f 739/815/1952 740/819/1953 738/813/1954
f 738/813/1954 740/819/1953 741/820/1955
f 736/816/1956 734/821/1957 739/815/1958
f 739/815/1959 734/821/1957 740/822/1960
f 735/814/1961 738/813/1962 737/823/1963
f 737/823/1964 738/813/1965 741/824/1966
f 744/825/1967 743/826/1968 742/827/1969
f 742/827/1970 743/826/1968 745/828/1971
f 745/828/1972 743/826/1973 746/829/1974
f 746/829/1974 747/830/1975 745/828/1976
f 746/829/1977 743/826/1973 748/831/1978
f 747/830/1975 746/829/1977 749/832/1979
f 748/831/1980 750/833/1981 746/829/1982
f 749/832/1979 746/829/1974 750/833/1983
f 751/834/1984 750/833/1981 748/831/1985
f 752/835/1986 749/832/1987 750/833/1988
f 751/834/1989 753/836/1990 750/833/1991
f 750/833/1991 753/836/1990 752/835/1992
f 753/836/1993 754/837/1994 752/835/1995
f 755/838/1996 754/837/1994 753/836/1993
f 757/839/1997 756/840/1998 1916/841/1999
f 758/842/2000 756/840/2001 757/839/2002
f 758/842/2000 1915/843/2003 756/840/2001
f 759/844/2004 1915/843/2003 758/842/2000
f 759/844/2004 760/845/2005 1915/843/2003
f 761/846/2006 760/845/2007 759/844/2004
f 761/846/2008 767/847/2009 760/845/2010
f 762/848/2009 767/847/2009 761/846/2008
f 1923/849/2011 766/850/2012 763/851/2013
f 763/851/2013 766/850/2012 1919/852/2014
f 763/851/2013 1919/852/2014 764/853/2015
f 764/853/2016 1919/852/2017 765/854/2018
f 757/855/2019 1916/856/2020 1922/857/2021
f 1922/857/2021 1916/856/2022 1917/858/2023
f 1922/857/2021 1917/858/2024 1923/859/2025
f 1923/859/2026 1917/858/2027 766/860/2028
f 762/861/2029 768/862/2030 767/863/2031
f 1926/864/2032 768/862/2030 762/861/2029
f 1926/864/2033 765/865/2034 768/862/2035
f 764/866/2036 765/865/2037 1926/864/2038
f 784/527/2039 770/526/2040 769/525/2041
f 769/525/2042 770/526/2043 771/528/2044
f 769/525/2045 771/528/2046 772/529/2047
f 785/530/2048 771/528/2049 770/526/2050
f 772/529/2051 771/528/2046 773/531/2052
f 774/532/2053 771/528/2044 785/530/2054
f 771/528/2055 774/532/2056 773/531/2057
f 775/533/2058 772/529/2059 773/531/2060
f 776/534/2061 772/529/2047 775/533/2058
f 776/534/2062 775/533/2063 797/535/2064
f 785/530/2048 777/536/2065 774/532/2066
f 792/537/2067 777/536/2068 785/530/2069
f 773/531/2070 774/532/2071 778/538/2072
f 777/536/2073 778/538/2074 774/532/2075
f 778/538/2076 775/533/2077 773/531/2078
f 779/539/2079 778/538/2080 777/536/2081
f 779/539/2079 789/540/2082 778/538/2083
f 778/538/2083 789/540/2084 775/533/2058
f 797/535/2085 775/533/2063 780/541/2086
f 789/540/2087 780/541/2086 775/533/2077
f 781/542/2088 780/541/2086 789/540/2089
f 780/541/2090 799/543/2091 797/535/2064
f 781/542/2092 782/544/2093 780/541/2094
f 783/545/2095 799/543/2096 780/541/2097
f 780/541/2086 782/544/2093 783/545/2098
f 799/543/2096 783/545/2099 784/546/2100
f 782/544/2101 792/547/2102 783/545/2103
f 784/546/2104 783/545/2095 770/548/2105
f 783/545/2106 792/547/2107 785/549/2108
f 770/548/2109 783/545/2110 785/549/2111
f 786/551/2112 792/537/2113 793/550/2114
f 777/536/2115 792/537/2116 786/551/2117
f 777/536/2118 786/551/2119 779/539/2120
f 779/539/2121 786/551/2119 787/552/2122
f 787/552/2123 788/553/2124 779/539/2125
f 779/539/2126 788/553/2127 789/540/2128
f 788/553/2129 790/554/2130 789/540/2131
f 789/540/2132 790/554/2133 781/542/2134
f 790/554/2130 791/555/2135 781/542/2134
f 781/542/2134 791/555/2135 782/544/2136
f 791/555/2137 792/547/2138 782/544/2139
f 793/556/2140 792/547/2141 791/555/2137
f 800/558/2142 784/527/2143 1734/557/2144
f 1734/557/2145 784/527/2146 769/525/2147
f 1734/557/2148 769/525/2149 794/559/2150
f 794/559/2150 769/525/2149 772/529/2151
f 772/529/2152 795/560/2153 794/559/2154
f 776/534/2155 795/560/2156 772/529/2157
f 795/560/2158 776/534/2159 796/561/2160
f 796/561/2161 776/534/2162 797/535/2163
f 797/535/2164 798/562/2165 796/561/2166
f 799/543/2167 798/562/2165 797/535/2164
f 798/562/2168 799/543/2169 800/563/2170
f 800/563/2171 799/543/2172 784/546/2173
f 793/556/2174 791/555/2175 816/564/2176
f 816/564/2177 791/555/2178 801/565/2179
f 816/564/2180 801/565/2179 815/566/2181
f 791/555/2182 802/567/2183 801/565/2184
f 790/554/2185 802/567/2186 791/555/2187
f 788/553/2188 802/567/2189 790/554/2190
f 815/566/2191 801/565/2179 803/568/2192
f 801/565/2193 802/567/2194 803/568/2195
f 803/568/2196 563/569/2197 815/566/2191
f 599/570/2198 563/569/2199 803/568/2200
f 803/568/2196 804/571/2201 599/570/2202
f 803/568/2196 802/567/2203 804/571/2204
f 599/570/2205 804/571/2206 598/572/2207
f 805/573/2208 598/572/2209 804/571/2204
f 806/574/2210 802/567/2189 788/553/2211
f 802/567/2189 806/574/2210 804/571/2212
f 787/552/2213 806/574/2214 788/553/2215
f 804/571/2216 807/575/2217 805/573/2218
f 804/571/2216 806/574/2219 807/575/2220
f 617/576/2221 805/573/2222 807/575/2223
f 617/576/2224 807/575/2223 556/577/2225
f 808/578/2226 556/577/2225 807/575/2227
f 556/577/2228 808/578/2229 809/579/2230
f 806/574/2231 810/580/2232 807/575/2233
f 807/575/2233 810/580/2232 808/578/2234
f 811/581/2235 806/574/2214 787/552/2236
f 810/580/2237 806/574/2238 811/581/2239
f 811/581/2240 787/552/2241 812/582/2242
f 812/582/2243 810/580/2244 811/581/2240
f 812/582/2242 787/552/2241 786/551/2245
f 813/583/2246 809/579/2247 808/578/2248
f 813/583/2249 814/584/2250 809/579/2247
f 813/583/2251 563/585/2252 814/584/2253
f 815/586/2254 563/585/2255 813/583/2256
f 813/583/2256 816/587/2257 815/586/2254
f 786/551/2258 816/587/2259 812/582/2260
f 793/550/2261 816/587/2262 786/551/2263
f 817/588/2264 810/580/2265 812/582/2266
f 810/580/2265 817/588/2267 808/578/2234
f 808/578/2248 817/588/2268 813/583/2246
f 816/587/2269 817/588/2270 812/582/2266
f 817/588/2271 816/587/2259 813/583/2272
f 582/639/2273 584/638/2274 818/648/2275
f 582/639/2276 818/648/2277 819/642/2278
f 819/642/2279 818/648/2280 591/654/2281
f 591/654/2282 820/655/2283 819/642/2284
f 819/642/2285 820/655/2286 821/646/2287
f 895/693/2288 822/692/2289 894/691/2290
f 894/691/2291 822/692/2292 823/694/2293
f 894/691/2294 823/694/2295 824/695/2296
f 823/694/2297 825/696/2298 824/695/2299
f 823/694/2293 822/692/2300 826/697/2301
f 826/697/2302 822/692/2300 827/698/2303
f 826/697/2302 827/698/2303 828/699/2304
f 829/700/2305 825/696/2306 823/694/2307
f 825/696/2308 829/700/2309 892/701/2310
f 830/702/2311 823/694/2307 826/697/2312
f 829/700/2313 823/694/2307 830/702/2311
f 828/699/2314 830/702/2315 826/697/2312
f 829/700/2316 831/703/2317 892/701/2318
f 830/702/2315 831/703/2319 829/700/2313
f 831/703/2317 891/704/2320 892/701/2321
f 831/703/2322 832/705/2323 891/704/2324
f 891/704/2324 832/705/2323 833/706/2325
f 834/707/2326 833/706/2327 832/705/2328
f 835/708/2329 831/703/2330 830/702/2331
f 835/708/2332 832/705/2323 831/703/2333
f 836/709/2334 834/707/2335 832/705/2336
f 837/710/2337 834/707/2338 836/709/2339
f 837/710/2340 836/709/2341 838/711/2342
f 839/712/2343 830/702/2311 828/699/2344
f 839/712/2345 835/708/2346 830/702/2331
f 840/713/2347 832/705/2323 835/708/2332
f 840/713/2348 836/709/2334 832/705/2336
f 838/711/2349 836/709/2334 841/714/2350
f 838/711/2351 841/714/2350 895/715/2352
f 895/715/2353 841/714/2354 822/716/2355
f 836/709/2334 842/717/2356 841/714/2350
f 840/713/2357 842/717/2358 836/709/2334
f 843/718/2359 822/716/2360 841/714/2361
f 841/714/2362 842/717/2363 843/718/2364
f 827/719/2365 822/716/2360 843/718/2366
f 844/720/2367 840/713/2348 835/708/2329
f 844/720/2368 835/708/2369 839/712/2370
f 842/717/2371 845/721/2372 843/718/2373
f 843/718/2359 845/721/2374 846/722/2375
f 840/713/2376 847/723/2377 842/717/2358
f 847/723/2378 840/713/2376 844/720/2379
f 845/721/2380 848/725/2381 846/722/2375
f 1715/726/2382 846/722/2383 848/725/2384
f 849/724/2385 845/721/2386 842/717/2387
f 849/724/2388 848/725/2389 845/721/2390
f 842/717/2363 847/723/2378 849/724/2391
f 850/727/2392 848/725/2389 849/724/2393
f 850/727/2394 849/724/2395 1710/728/2396
f 1710/728/2397 849/724/2385 847/723/2398
f 1710/728/2399 847/723/2400 851/729/2401
f 844/720/2379 851/729/2402 847/723/2377
f 851/729/2403 844/720/2404 852/730/2405
f 844/720/2368 839/712/2370 852/730/2406
f 852/730/2407 839/712/2408 853/731/2409
f 1714/732/2410 852/730/2406 853/731/2411
f 854/733/2412 1714/732/2413 853/731/2414
f 854/733/2415 1713/734/2416 1714/732/2417
f 828/699/2304 853/731/2418 839/712/2419
f 855/736/2420 1713/734/2421 854/733/2422
f 855/736/2423 1712/737/2424 1713/734/2425
f 1712/737/2424 855/736/2420 856/738/2426
f 1712/737/2427 856/738/2428 1711/739/2429
f 856/738/2426 857/740/2430 1711/739/2431
f 858/735/2432 853/731/2418 828/699/2304
f 854/733/2433 853/731/2434 858/735/2435
f 854/733/2436 859/741/2437 855/736/2438
f 855/736/2439 859/741/2440 856/738/2426
f 860/742/2441 857/740/2442 856/738/2443
f 857/740/2444 860/742/2445 861/743/2446
f 862/744/2447 856/738/2448 859/741/2440
f 862/744/2447 860/742/2449 856/738/2426
f 828/699/2450 863/745/2451 858/735/2432
f 864/746/2452 863/745/2453 828/699/2304
f 828/699/2314 827/698/2303 864/746/2452
f 846/747/2454 863/745/2455 864/746/2456
f 827/698/2457 846/747/2454 864/746/2458
f 1715/748/2459 863/745/2460 846/747/2454
f 843/749/2461 846/747/2462 827/698/2463
f 854/733/2412 858/735/2432 865/750/2464
f 865/750/2465 858/735/2432 866/751/2466
f 867/752/2467 865/750/2468 866/751/2469
f 888/753/2470 865/750/2471 867/752/2472
f 888/753/2470 868/754/2473 865/750/2468
f 868/754/2474 854/733/2475 865/750/2476
f 869/755/2477 868/754/2478 888/753/2479
f 870/756/2480 854/733/2481 868/754/2482
f 870/756/2483 859/741/2440 854/733/2484
f 868/754/2485 869/755/2486 871/757/2487
f 868/754/2482 871/757/2488 870/756/2489
f 872/758/2490 871/757/2487 869/755/2491
f 870/756/2492 873/759/2493 859/741/2440
f 870/756/2494 871/757/2487 873/759/2495
f 871/757/2487 872/758/2496 874/760/2497
f 874/760/2498 872/758/2499 884/761/2500
f 859/741/2501 873/759/2493 875/762/2502
f 875/762/2503 862/744/2504 859/741/2440
f 873/759/2505 871/757/2487 876/763/2506
f 876/763/2506 871/757/2487 874/760/2497
f 876/763/2507 875/762/2508 873/759/2493
f 874/760/2509 884/761/2500 1721/764/2510
f 1721/764/2510 884/761/2500 877/765/2511
f 1719/766/2512 874/760/2509 1721/764/2513
f 876/763/2507 874/760/2514 1719/766/2515
f 1719/766/2515 878/767/2516 876/763/2506
f 878/767/2517 875/762/2502 876/763/2518
f 1720/768/2519 878/767/2516 1719/766/2515
f 878/767/2520 879/769/2521 875/762/2522
f 879/769/2523 862/744/2524 875/762/2525
f 1720/768/2526 880/770/2527 878/767/2528
f 880/770/2529 879/769/2530 878/767/2531
f 881/771/2532 880/770/2533 1720/768/2534
f 879/769/2535 882/772/2536 862/744/2537
f 880/770/2538 882/772/2536 879/769/2539
f 881/771/2540 883/773/2541 880/770/2542
f 883/773/2543 882/772/2544 880/770/2538
f 1717/774/2545 883/773/2543 881/771/2540
f 1717/774/2546 877/775/2547 883/773/2548
f 883/773/2549 877/775/2550 884/776/2551
f 884/776/2551 882/772/2552 883/773/2549
f 872/777/2553 882/772/2554 884/776/2551
f 862/744/2447 882/772/2555 885/778/2556
f 882/772/2536 872/777/2553 885/778/2557
f 885/778/2556 860/742/2558 862/744/2447
f 885/778/2556 872/777/2559 886/779/2560
f 885/778/2556 886/779/2561 860/742/2558
f 886/779/2561 872/777/2496 869/780/2562
f 860/742/2558 886/779/2561 887/781/2563
f 886/779/2561 869/780/2564 887/781/2565
f 861/743/2566 860/742/2558 887/781/2563
f 887/781/2563 869/780/2567 888/782/2568
f 887/781/2569 888/782/2568 861/743/2570
f 888/782/2568 867/783/2571 861/743/2572
f 711/791/2573 838/711/2574 895/715/2575
f 715/792/2576 838/711/2574 711/791/2573
f 715/792/2577 837/710/2578 838/711/2579
f 889/795/2580 837/710/2581 715/792/2582
f 837/710/2583 889/795/2584 834/707/2585
f 834/707/2586 889/795/2587 890/797/2588
f 890/797/2589 458/798/2590 834/707/2591
f 834/707/2592 458/798/2590 833/706/2593
f 458/798/2594 891/704/2595 833/706/2596
f 457/799/2597 891/704/2598 458/798/2594
f 457/799/2599 453/800/2600 891/704/2601
f 891/704/2602 453/800/2603 892/701/2604
f 453/800/2605 713/790/2606 892/701/2607
f 892/701/2607 713/790/2606 825/696/2608
f 825/696/2609 713/790/2610 824/695/2611
f 824/695/2612 713/790/2613 893/788/2614
f 712/787/2615 824/695/2616 893/788/2617
f 894/691/2618 824/695/2611 712/787/2615
f 712/787/2619 895/693/2620 894/691/2621
f 711/785/2622 895/693/2623 712/787/2624
f 897/804/2625 903/802/2626 902/803/2627
f 902/803/2627 903/802/2626 900/801/2628
f 898/806/2629 897/804/2630 896/805/2631
f 896/805/2631 897/804/2630 902/803/2632
f 899/808/2633 901/807/2634 903/802/2635
f 903/802/2635 901/807/2636 900/801/2637
f 896/810/2638 902/803/2639 901/809/2640
f 901/809/2641 902/803/2642 900/801/2643
f 898/812/2644 899/811/2645 897/804/2646
f 897/804/2646 899/811/2645 903/802/2647
f 909/816/2648 905/814/2649 908/815/2650
f 908/815/2650 905/814/2649 911/813/2651
f 910/818/2652 905/814/2653 904/817/2654
f 904/817/2655 905/814/2656 909/816/2657
f 907/820/2658 906/819/2659 911/813/2660
f 911/813/2661 906/819/2659 908/815/2662
f 906/822/2663 904/821/2664 908/815/2665
f 908/815/2666 904/821/2667 909/816/2668
f 907/824/2669 911/813/2670 910/823/2671
f 910/823/2672 911/813/2670 905/814/2673
f 914/827/2674 913/826/2675 912/825/2676
f 915/828/2677 913/826/2678 914/827/2679
f 916/829/2680 913/826/2681 915/828/2682
f 915/828/2683 917/830/2684 916/829/2680
f 918/831/2685 913/826/2681 916/829/2686
f 919/832/2687 916/829/2688 917/830/2684
f 916/829/2680 920/833/2689 918/831/2690
f 920/833/2691 916/829/2680 919/832/2687
f 918/831/2692 920/833/2689 921/834/2693
f 920/833/2694 919/832/2695 922/835/2696
f 921/834/2697 920/833/2694 923/836/2698
f 923/836/2698 920/833/2699 922/835/2700
f 922/835/2701 924/837/2702 923/836/2703
f 923/836/2703 924/837/2702 925/838/2704
f 933/841/2705 1944/840/2706 932/839/2707
f 932/839/2708 1944/840/2709 926/842/2710
f 1944/840/2711 927/843/2712 926/842/2713
f 926/842/2714 927/843/2715 928/844/2716
f 927/843/2717 929/845/2718 928/844/2716
f 928/844/2716 929/845/2719 1955/846/2720
f 929/845/2719 930/847/2721 1955/846/2722
f 1955/846/2722 930/847/2723 1956/848/2724
f 1953/851/2725 1945/850/2726 1951/849/2727
f 1947/852/2728 1945/850/2729 1953/851/2725
f 936/853/2730 1947/852/2728 1953/851/2731
f 931/854/2732 1947/852/2733 936/853/2730
f 934/857/2734 933/856/2735 932/855/2736
f 935/858/2737 933/856/2738 934/857/2734
f 1951/859/2739 935/858/2740 934/857/2741
f 1945/860/2742 935/858/2743 1951/859/2744
f 930/863/2745 1949/862/2746 1956/861/2747
f 1956/861/2747 1949/862/2746 1957/864/2748
f 1949/862/2749 931/865/2750 1957/864/2748
f 1957/864/2751 931/865/2752 936/866/2753
f 937/867/2754 952/868/2755 981/869/2756
f 938/870/2757 952/868/2758 937/867/2759
f 938/870/2760 939/871/2761 952/868/2758
f 937/867/2762 940/872/2763 938/870/2764
f 941/873/2765 940/872/2766 937/867/2767
f 939/871/2761 938/870/2768 942/874/2769
f 942/874/2770 943/875/2771 939/871/2761
f 940/872/2766 944/876/2772 938/870/2757
f 938/870/2760 944/876/2772 942/874/2773
f 941/873/2774 945/877/2775 940/872/2763
f 946/878/2776 945/877/2777 941/873/2774
f 946/878/2778 947/879/2779 945/877/2780
f 948/880/2781 947/879/2782 946/878/2783
f 948/880/2784 949/881/2785 947/879/2786
f 948/880/2787 950/882/2788 949/881/2789
f 949/881/2790 950/882/2791 951/883/2792
f 981/884/2793 951/883/2792 950/882/2794
f 952/885/2795 951/883/2796 981/884/2797
f 951/883/2798 952/885/2795 939/886/2799
f 953/887/2800 943/875/2801 942/874/2802
f 942/874/2803 954/888/2804 953/887/2805
f 944/876/2806 954/888/2807 942/874/2803
f 955/889/2808 943/875/2809 953/887/2810
f 954/888/2811 955/889/2812 953/887/2813
f 980/890/2814 943/875/2815 955/889/2816
f 956/891/2817 955/889/2818 954/888/2819
f 954/888/2820 944/876/2821 956/891/2822
f 955/889/2812 957/892/2823 980/890/2824
f 956/891/2825 957/892/2826 955/889/2818
f 980/890/2827 957/892/2823 958/893/2828
f 971/894/2829 958/893/2830 957/892/2831
f 971/894/2832 957/892/2833 956/891/2834
f 959/895/2835 958/893/2836 971/894/2837
f 960/896/2838 971/894/2839 956/891/2840
f 964/897/2841 971/894/2842 960/896/2843
f 961/898/2844 956/891/2834 944/876/2845
f 956/891/2846 961/898/2844 960/896/2847
f 944/876/2806 962/899/2848 961/898/2849
f 962/899/2850 944/876/2851 940/872/2766
f 961/898/2852 963/900/2853 960/896/2854
f 963/900/2855 961/898/2856 962/899/2857
f 960/896/2858 963/900/2853 964/901/2859
f 962/899/2860 940/872/2861 965/902/2862
f 965/902/2863 963/900/2855 962/899/2864
f 965/902/2862 940/872/2865 945/877/2866
f 966/903/2867 964/901/2868 963/900/2869
f 966/903/2870 963/900/2871 965/902/2872
f 965/902/2873 945/877/2874 967/904/2875
f 967/904/2875 945/877/2876 947/879/2877
f 965/902/2863 968/905/2878 966/903/2879
f 967/904/2875 968/905/2880 965/902/2881
f 967/904/2875 947/879/2882 969/906/2883
f 968/905/2880 967/904/2884 969/906/2885
f 969/906/2886 947/879/2786 949/881/2789
f 970/907/2887 964/901/2888 966/903/2867
f 968/905/2889 970/907/2890 966/903/2891
f 959/908/2892 964/901/2841 970/907/2893
f 971/909/2894 964/901/2895 959/908/2896
f 972/910/2897 970/907/2898 968/905/2878
f 972/910/2899 959/908/2892 970/907/2900
f 969/906/2901 972/910/2897 968/905/2878
f 959/908/2902 972/910/2903 973/911/2904
f 973/911/2905 972/910/2906 974/912/2907
f 975/913/2908 969/906/2909 949/881/2910
f 951/883/2911 975/913/2908 949/881/2790
f 972/910/2897 969/906/2912 976/914/2913
f 976/914/2914 974/912/2915 972/910/2916
f 975/913/2917 976/914/2918 969/906/2919
f 975/913/2920 974/912/2921 976/914/2922
f 974/912/2923 975/913/2917 973/915/2924
f 977/916/2925 975/913/2908 951/883/2926
f 973/915/2924 975/913/2927 977/916/2928
f 951/883/2798 978/917/2929 977/916/2930
f 978/917/2931 973/915/2932 977/916/2933
f 978/917/2934 951/883/2935 939/886/2936
f 973/915/2937 978/917/2938 979/918/2939
f 939/886/2940 979/918/2941 978/917/2942
f 973/915/2904 979/918/2943 959/919/2902
f 979/918/2939 939/886/2944 943/920/2945
f 959/919/2896 979/918/2946 958/921/2830
f 980/922/2947 979/918/2943 943/920/2801
f 958/921/2948 979/918/2949 980/922/2947
f 987/923/2950 937/924/2951 981/925/2952
f 982/926/2953 937/924/2954 987/923/2955
f 982/926/2956 941/927/2957 937/924/2951
f 983/928/2958 941/927/2959 982/926/2960
f 983/928/2961 946/929/2962 941/927/2963
f 984/930/2964 946/929/2965 983/928/2966
f 984/930/2967 948/931/2968 946/929/2969
f 985/932/2970 948/931/2971 984/930/2972
f 985/932/2973 950/933/2974 948/931/2975
f 986/934/2976 950/933/2977 985/932/2978
f 986/934/2979 981/935/2980 950/933/2981
f 987/936/2982 981/935/2983 986/934/2984
f 2054/937/2985 988/938/2986 995/939/2987
f 989/940/2988 988/938/2989 2054/937/2985
f 2052/941/2990 989/940/2991 2054/937/2992
f 2056/942/2993 989/940/2991 2052/941/2990
f 990/943/2994 2056/942/2995 2052/941/2996
f 991/944/2997 2056/942/2995 990/943/2994
f 991/944/2998 990/943/2999 992/945/3000
f 992/945/3001 990/943/2999 2055/946/3002
f 2055/946/3003 993/947/3004 992/945/3000
f 992/945/3000 993/947/3004 994/948/3005
f 995/949/3006 994/948/3005 993/947/3007
f 988/950/3008 994/948/3005 995/949/3006
f 998/951/3009 997/952/3010 996/953/3011
f 997/952/3012 998/951/3013 999/954/3014
f 1000/955/3015 999/954/3016 998/951/3017
f 999/954/3018 1001/956/3019 997/952/3010
f 999/954/3020 1000/955/3021 1002/957/3022
f 1109/958/3023 1002/957/3024 1000/955/3025
f 1002/957/3026 1109/958/3027 1098/959/3028
f 1001/956/3029 999/954/3030 1003/960/3031
f 1003/960/3031 1096/961/3032 1001/956/3033
f 1098/959/3034 1004/962/3035 1002/957/3036
f 1004/962/3037 1098/959/3038 1005/963/3039
f 1005/963/3039 1006/964/3040 1004/962/3037
f 1002/957/3041 1007/965/3042 999/954/3043
f 999/954/3030 1007/965/3044 1003/960/3045
f 1004/962/3046 1007/965/3044 1002/957/3047
f 1008/966/3048 1004/962/3049 1006/964/3050
f 1090/967/3051 1008/966/3052 1006/964/3053
f 1009/968/3054 1007/965/3044 1004/962/3046
f 1009/968/3055 1003/960/3056 1007/965/3044
f 1004/962/3057 1008/966/3058 1009/968/3054
f 1009/968/3054 1010/969/3059 1003/960/3056
f 1096/961/3060 1003/960/3061 1010/969/3062
f 1010/969/3063 1009/968/3054 1008/966/3064
f 1008/966/3065 1090/967/3066 1011/970/3067
f 1114/971/3068 1011/970/3069 1090/967/3066
f 1012/972/3070 1096/961/3071 1010/969/3063
f 1096/961/3071 1012/972/3072 1013/973/3073
f 1014/974/3074 1013/973/3073 1012/972/3072
f 1013/973/3075 1014/974/3076 1015/975/3077
f 1014/974/3078 1108/976/3079 1015/975/3077
f 1016/977/3080 1010/969/3081 1008/966/3082
f 1011/970/3083 1016/977/3084 1008/966/3085
f 1011/970/3086 1114/971/3087 1017/978/3088
f 1018/971/3089 1017/978/3088 1114/971/3087
f 1019/978/3090 1017/978/3091 1018/971/3092
f 1010/969/3062 1020/979/3093 1012/972/3094
f 1020/979/3093 1010/969/3063 1016/977/3095
f 1021/980/3096 1020/979/3097 1016/977/3080
f 1022/981/3098 1021/980/3099 1016/977/3080
f 1016/977/3080 1011/970/3100 1023/982/3101
f 1011/970/3069 1017/978/3102 1023/982/3103
f 1022/981/3104 1016/977/3105 1023/982/3101
f 1019/978/3106 1024/983/3107 1017/978/3108
f 1017/978/3109 1024/983/3110 1023/982/3111
f 1025/983/3112 1024/983/3107 1019/978/3113
f 1020/979/3093 1026/984/3114 1012/972/3115
f 1012/972/3116 1026/984/3117 1014/974/3118
f 1020/979/3097 1027/985/3119 1026/984/3117
f 1020/979/3093 1021/980/3120 1027/985/3119
f 1022/981/3121 1023/982/3122 1028/986/3123
f 1024/983/3124 1028/986/3125 1023/982/3126
f 1025/983/3127 1029/987/3128 1024/983/3129
f 1030/987/3130 1029/987/3131 1025/983/3132
f 1028/986/3123 1024/983/3133 1031/988/3134
f 1031/988/3135 1024/983/3136 1029/987/3137
f 1030/987/3130 1032/989/3138 1029/987/3131
f 1116/989/3139 1032/989/3138 1030/987/3130
f 1081/990/3140 1029/987/3141 1032/989/3142
f 1029/987/3143 1081/990/3144 1033/991/3145
f 1033/991/3146 1031/988/3147 1029/987/3148
f 1034/992/3149 1033/991/3146 1081/990/3150
f 1033/991/3146 1034/992/3151 1035/993/3152
f 1078/994/3153 1035/993/3152 1034/992/3154
f 1036/995/3155 1022/981/3156 1028/986/3157
f 1036/995/3158 1028/986/3123 1031/988/3159
f 1037/996/3160 1031/988/3135 1033/991/3161
f 1035/993/3152 1037/996/3160 1033/991/3161
f 1031/988/3162 1038/997/3163 1036/995/3158
f 1031/988/3135 1037/996/3164 1038/997/3163
f 1035/993/3165 1078/994/3166 1039/998/3167
f 1035/993/3152 1040/999/3168 1037/996/3169
f 1040/999/3170 1035/993/3165 1039/998/3171
f 1078/994/3172 1041/1000/3173 1039/998/3171
f 1041/1000/3174 1078/994/3153 1042/1001/3175
f 1043/1002/3176 1041/1000/3174 1042/1001/3177
f 1041/1000/3174 1043/1002/3178 1044/1003/3179
f 1044/1003/3180 1039/998/3181 1041/1000/3182
f 1039/998/3183 1044/1003/3184 1040/999/3185
f 1075/1004/3186 1040/999/3187 1044/1003/3188
f 1040/999/3189 1075/1004/3186 1077/1005/3190
f 1045/1006/3191 1040/999/3192 1077/1005/3193
f 1040/999/3192 1045/1006/3194 1037/996/3195
f 1045/1006/3196 1084/1007/3197 1037/996/3160
f 1038/997/3198 1037/996/3164 1084/1007/3199
f 1091/1008/3200 1038/997/3201 1084/1007/3202
f 1038/997/3203 1091/1008/3204 1046/1009/3205
f 1091/1008/3204 1047/1010/3206 1046/1009/3205
f 1047/1010/3206 1091/1008/3207 1048/1011/3208
f 1049/1012/3209 1038/997/3163 1046/1009/3210
f 1038/997/3163 1049/1012/3209 1036/995/3158
f 1048/1011/3208 1050/1013/3211 1047/1010/3206
f 1050/1013/3212 1051/1014/3213 1047/1010/3214
f 1050/1013/3211 1048/1011/3208 1111/1015/3215
f 1051/1014/3216 1050/1013/3212 1110/1016/3217
f 1112/1017/3218 1051/1014/3219 1110/1016/3220
f 1051/1014/3221 1112/1017/3218 1052/1018/3222
f 1053/1019/3223 1051/1014/3221 1052/1018/3222
f 1047/1010/3224 1054/1020/3225 1046/1009/3205
f 1051/1014/3213 1054/1020/3226 1047/1010/3214
f 1049/1012/3209 1046/1009/3227 1054/1020/3225
f 1051/1014/3228 1053/1019/3229 1055/1021/3230
f 1055/1021/3231 1054/1020/3225 1051/1014/3221
f 1049/1012/3209 1054/1020/3225 1055/1021/3232
f 1055/1021/3233 1053/1019/3229 1094/1022/3234
f 1049/1012/3235 1056/1023/3236 1036/995/3158
f 1056/1023/3237 1049/1012/3238 1055/1021/3232
f 1056/1023/3239 1055/1021/3230 1094/1022/3240
f 1036/995/3241 1056/1023/3242 1022/981/3098
f 1056/1023/3243 1094/1022/3244 1057/1024/3245
f 1094/1022/3246 1058/1025/3247 1057/1024/3245
f 1056/1023/3239 1059/1026/3248 1022/981/3249
f 1059/1026/3250 1056/1023/3239 1057/1024/3245
f 1059/1026/3251 1021/980/3096 1022/981/3252
f 1058/1025/3253 1060/1027/3254 1057/1024/3255
f 1060/1027/3256 1058/1025/3257 1061/1028/3258
f 1062/1029/3259 1060/1027/3256 1061/1028/3260
f 1059/1026/3261 1057/1024/3262 1063/1030/3263
f 1060/1027/3264 1063/1030/3265 1057/1024/3266
f 1064/1031/3267 1063/1030/3268 1060/1027/3269
f 1059/1026/3250 1063/1030/3270 1065/1032/3271
f 1021/980/3096 1059/1026/3250 1065/1032/3272
f 1065/1032/3273 1063/1030/3274 1064/1031/3275
f 1060/1027/3264 1062/1029/3276 1066/1033/3277
f 1066/1033/3278 1064/1031/3279 1060/1027/3280
f 1062/1029/3281 1067/1034/3282 1066/1033/3283
f 1064/1031/3284 1066/1033/3285 1067/1034/3286
f 1067/1034/3287 1062/1029/3288 1068/1035/3289
f 1068/1035/3290 1064/1031/3291 1067/1034/3292
f 1064/1031/3291 1068/1035/3293 1069/1036/3294
f 1102/1037/3295 1064/1031/3291 1069/1036/3296
f 1064/1031/3297 1102/1037/3295 1065/1032/3272
f 1021/980/3298 1065/1032/3272 1102/1037/3295
f 1021/980/3299 1102/1037/3300 1070/1038/3301
f 1071/1039/3302 1021/980/3303 1070/1038/3304
f 1071/1039/3305 1027/985/3306 1021/980/3307
f 1105/1040/3308 1027/985/3306 1071/1039/3309
f 1027/985/3310 1105/1040/3311 1072/1041/3312
f 1072/1041/3313 1026/984/3117 1027/985/3314
f 1107/1042/3315 1072/1041/3316 1105/1040/3308
f 1014/974/3317 1026/984/3318 1072/1041/3319
f 1072/1041/3320 1107/1042/3321 1073/1043/3322
f 1073/1043/3323 1014/974/3317 1072/1041/3319
f 1107/1042/3324 1074/1044/3325 1073/1043/3322
f 1014/974/3326 1073/1043/3327 1074/1044/3328
f 1074/1044/3328 1107/1042/3324 1108/976/3329
f 1108/976/3330 1014/974/3331 1074/1044/3328
f 1043/1045/3332 1075/1046/3333 1044/1047/3184
f 1075/1046/3334 1043/1045/3332 1076/1048/3335
f 1043/1045/3336 1042/1049/3337 1076/1048/3338
f 1076/1048/3339 1077/1050/3190 1075/1046/3340
f 1078/1051/3341 1076/1048/3342 1042/1049/3175
f 1077/1050/3343 1076/1048/3344 1079/1052/3345
f 1076/1048/3344 1078/1051/3346 1079/1052/3347
f 1034/1053/3149 1079/1052/3348 1078/1051/3153
f 1079/1052/3349 1045/1054/3196 1077/1050/3350
f 1079/1052/3347 1034/1053/3149 1080/1055/3351
f 1045/1054/3196 1079/1052/3349 1080/1055/3352
f 1081/1056/3353 1080/1055/3352 1034/1053/3354
f 1080/1055/3355 1081/1056/3356 1082/1057/3357
f 1082/1057/3357 1045/1054/3358 1080/1055/3352
f 1032/1058/3359 1082/1057/3360 1081/1056/3353
f 1045/1054/3196 1082/1057/3361 1083/1059/3362
f 1045/1054/3191 1083/1059/3363 1084/1060/3364
f 1082/1057/3365 1032/1058/3366 1085/1061/3367
f 1085/1061/3368 1083/1059/3369 1082/1057/3360
f 1115/1062/3370 1085/1061/3371 1032/1058/3372
f 1086/1063/3373 1083/1059/3374 1085/1061/3375
f 1085/1061/3376 1115/1062/3377 1086/1063/3378
f 1114/1064/3379 1086/1063/3380 1115/1062/3381
f 1087/1065/3382 1083/1059/3383 1086/1063/3384
f 1086/1063/3378 1114/1064/3385 1087/1065/3386
f 1083/1059/3362 1088/1066/3387 1084/1060/3388
f 1089/1067/3389 1084/1060/3390 1088/1066/3391
f 1087/1065/3386 1114/1064/3392 1090/1068/3393
f 1084/1060/3394 1089/1067/3395 1091/1069/3396
f 1006/1070/3397 1087/1065/3398 1090/1068/3399
f 1089/1067/3400 1048/1071/3401 1091/1069/3207
f 1087/1065/3402 1006/1070/3040 1092/1072/3403
f 1087/1065/3398 1092/1072/3404 1083/1059/3405
f 1006/1070/3053 1093/1073/3406 1092/1072/3407
f 1093/1073/3406 1006/1070/3408 1005/1074/3409
f 1094/1075/3240 1088/1066/3410 1083/1059/3362
f 1094/1075/3244 1089/1067/3411 1088/1066/3412
f 1048/1071/3413 1089/1067/3400 1095/1076/3414
f 1111/1077/3415 1048/1071/3416 1095/1076/3414
f 1111/1077/3417 1095/1076/3418 1112/1078/3419
f 1112/1078/3218 1095/1076/3420 1052/1079/3222
f 1089/1067/3421 1052/1079/3222 1095/1076/3414
f 1052/1079/3422 1089/1067/3423 1053/1080/3223
f 1089/1067/3423 1094/1075/3244 1053/1080/3229
f 1093/1073/3424 1096/1081/3425 1092/1072/3403
f 1096/1081/3426 1083/1059/3427 1092/1072/3428
f 1005/1074/3039 1097/1082/3429 1093/1073/3430
f 1097/1082/3431 1005/1074/3409 1098/1083/3038
f 1098/1083/3028 1109/1084/3027 1097/1082/3432
f 1097/1082/3433 1109/1084/3434 996/1085/3435
f 1097/1082/3436 996/1085/3437 997/1086/3438
f 1001/1087/3439 1097/1082/3440 997/1086/3441
f 1097/1082/3440 1001/1087/3442 1093/1073/3443
f 1096/1081/3425 1093/1073/3424 1001/1087/3444
f 1094/1075/3234 1083/1059/3445 1099/1088/3446
f 1100/1089/3447 1094/1075/3246 1099/1088/3448
f 1094/1075/3240 1100/1089/3449 1058/1090/3450
f 1100/1089/3451 1061/1091/3260 1058/1090/3452
f 1061/1091/3258 1100/1089/3451 1101/1092/3453
f 1062/1093/3454 1061/1091/3258 1101/1092/3455
f 1101/1092/3456 1068/1094/3457 1062/1093/3458
f 1101/1092/3459 1069/1095/3460 1068/1094/3461
f 1100/1089/3462 1069/1095/3463 1101/1092/3464
f 1069/1095/3465 1100/1089/3466 1102/1096/3300
f 1099/1088/3446 1102/1096/3295 1100/1089/3467
f 1102/1096/3468 1099/1088/3469 1070/1097/3470
f 1099/1088/3471 1083/1059/3472 1070/1097/3473
f 1103/1098/3474 1083/1059/3383 1096/1081/3426
f 1083/1059/3369 1103/1098/3475 1070/1097/3301
f 1096/1081/3476 1104/1099/3477 1103/1098/3478
f 1104/1099/3479 1070/1097/3304 1103/1098/3480
f 1070/1097/3481 1104/1099/3482 1071/1100/3483
f 1104/1099/3484 1096/1081/3485 1013/1101/3075
f 1104/1099/3482 1105/1102/3486 1071/1100/3487
f 1013/1101/3073 1106/1103/3488 1104/1099/3489
f 1105/1102/3308 1104/1099/3490 1106/1103/3491
f 1106/1103/3492 1013/1101/3493 1015/1104/3494
f 1107/1105/3495 1105/1102/3308 1106/1103/3496
f 1015/1104/3497 1108/1106/3498 1106/1103/3492
f 1107/1105/3499 1106/1103/3496 1108/1106/3500
f 1000/955/3501 996/953/3502 1109/958/3503
f 996/953/3502 1000/955/3501 998/951/3504
f 1111/1015/3505 1110/1016/3505 1050/1013/3505
f 1110/1016/3505 1111/1015/3505 1112/1017/3506
f 1018/1107/3507 1114/1108/3508 1113/1109/3509
f 1113/1109/3510 1114/1108/3511 1115/1110/3512
f 1113/1109/3509 1115/1110/3513 1116/1111/3514
f 1116/1111/3514 1115/1110/3513 1032/1112/3515
f 1117/1113/3516 573/1114/3517 568/1115/3516
f 568/1115/3516 573/1114/3518 1118/1116/3518
f 1118/1116/3519 573/1114/3519 560/1117/3519
f 560/1117/3518 573/1114/3518 1119/1118/3518
f 1121/1119/3520 2058/1120/3521 1120/1121/3522
f 1122/1122/3523 2058/1120/3524 1121/1119/3525
f 1134/1123/3526 1122/1122/3527 1121/1119/3528
f 2067/1124/3529 1122/1122/3523 1134/1123/3530
f 1123/1125/3531 2058/1120/3532 1122/1122/3533
f 2067/1124/3534 1123/1125/3531 1122/1122/3533
f 2060/1126/3535 2058/1120/3532 1123/1125/3536
f 1124/1127/3537 1123/1125/3531 2067/1124/3538
f 1123/1125/3531 1125/1128/3539 2060/1126/3535
f 1124/1127/3537 1125/1128/3539 1123/1125/3531
f 2060/1126/3540 1125/1128/3541 2061/1129/3542
f 1125/1128/3543 1126/1130/3544 2061/1129/3545
f 1127/1131/3546 1125/1128/3539 1124/1127/3547
f 1127/1131/3548 1126/1130/3544 1125/1128/3549
f 2061/1129/3545 1126/1130/3550 2062/1132/3551
f 1128/1133/3552 1126/1130/3553 1127/1131/3554
f 2064/1134/3555 1126/1130/3556 1128/1133/3557
f 2062/1132/3558 1126/1130/3559 2063/1135/3560
f 2064/1134/3561 1129/1136/3562 1126/1130/3563
f 2063/1135/3560 1126/1130/3563 1129/1136/3562
f 1130/1137/3564 1129/1136/3565 2064/1134/3561
f 1130/1137/3566 2066/1138/3567 1129/1136/3568
f 1129/1136/3569 2066/1138/3567 1141/1139/3570
f 1141/1139/3570 2063/1135/3571 1129/1136/3569
f 1131/1140/3572 2063/1135/3573 1141/1139/3574
f 1132/1120/3575 1121/1119/3576 1120/1121/3577
f 1133/1122/3578 1121/1119/3576 1132/1120/3579
f 1133/1122/3580 1134/1123/3581 1121/1119/3582
f 1135/1124/3583 1134/1123/3581 1133/1122/3578
f 1132/1120/3584 1136/1125/3585 1133/1122/3586
f 1136/1125/3587 1135/1124/3588 1133/1122/3586
f 1137/1126/3589 1136/1125/3590 1132/1120/3591
f 2069/1127/3592 1135/1124/3593 1136/1125/3585
f 1137/1126/3589 1138/1128/3594 1136/1125/3587
f 1138/1128/3594 2069/1127/3592 1136/1125/3587
f 1139/1129/3595 1138/1128/3596 1137/1126/3597
f 1140/1131/3598 2069/1127/3592 1138/1128/3594
f 1138/1128/3599 1139/1129/3600 1141/1130/3601
f 1141/1130/3601 1140/1131/3602 1138/1128/3603
f 1141/1130/3604 1139/1129/3605 1131/1132/3606
f 2068/1133/3607 1140/1131/3608 1141/1130/3604
f 2068/1133/3609 1141/1130/3610 2066/1134/3611
f 630/1141/3612 1142/1142/3613 1964/1143/3614
f 1964/1143/3615 1142/1142/3616 1143/1144/3617
f 1160/1145/3618 1157/1146/3619 1144/1147/3620
f 1160/1145/3618 1158/1148/3621 1157/1146/3622
f 1158/1148/3623 1145/1149/3624 1157/1146/3625
f 1157/1146/3619 1145/1149/3626 1153/1150/3627
f 1145/1149/3628 1146/1151/3629 1153/1150/3630
f 1153/1150/3631 1146/1151/3632 1151/1152/3633
f 1146/1151/3634 1147/1153/3635 1151/1152/3636
f 1151/1152/3637 1147/1153/3638 1150/1154/3639
f 1150/1154/3640 1147/1153/3641 1161/1155/3642
f 1161/1155/3643 1147/1153/3644 1964/1143/3645
f 1143/1144/3646 1161/1155/3647 1964/1143/3648
f 1162/1156/3649 1161/1155/3650 1143/1144/3651
f 1164/1157/3652 1165/1158/3653 1148/1159/3654
f 1148/1159/3654 1165/1158/3653 1149/1160/3655
f 1165/1158/3656 1168/1161/3657 1149/1160/3658
f 1150/1154/3659 1148/1159/3660 1149/1160/3661
f 1161/1155/3662 1148/1159/3663 1150/1154/3664
f 1150/1154/3665 1149/1160/3666 1151/1152/3667
f 1151/1152/3668 1149/1160/3666 1152/1162/3669
f 1149/1160/3670 1168/1161/3657 1152/1162/3671
f 1152/1162/3669 1153/1150/3672 1151/1152/3668
f 1168/1161/3673 1154/1163/3674 1152/1162/3675
f 1154/1163/3676 1153/1150/3677 1152/1162/3678
f 1155/1164/3679 1154/1163/3674 1168/1161/3673
f 1171/1165/3680 1154/1163/3681 1155/1164/3682
f 1156/1166/3683 1154/1163/3684 1171/1165/3680
f 1156/1166/3685 1153/1150/3686 1154/1163/3687
f 1157/1146/3688 1153/1150/3689 1156/1166/3690
f 1160/1145/3691 1159/1167/3692 1158/1148/3693
f 1158/1148/3694 1159/1167/3695 598/1168/3696
f 1162/1156/3697 1148/1159/3698 1161/1155/3699
f 1163/1169/3700 1148/1159/3701 1162/1156/3702
f 1163/1169/3703 1164/1157/3704 1148/1159/3705
f 1166/1170/3706 1164/1157/3707 1163/1169/3708
f 1166/1171/3709 1165/1158/3710 1164/1157/3711
f 1167/1172/3712 1165/1158/3710 1166/1171/3709
f 1167/1172/3712 1168/1161/3713 1165/1158/3710
f 1169/1173/3714 1168/1161/3715 1167/1172/3712
f 1169/1173/3714 1155/1164/3716 1168/1161/3715
f 1170/1174/3717 1155/1164/3718 1169/1173/3719
f 1170/1174/3717 1171/1165/3720 1155/1164/3718
f 1173/1175/3721 1171/1165/3722 1170/1174/3717
f 1144/1147/3723 1157/1146/3724 1172/1176/3725
f 1172/1176/3725 1157/1146/3726 1156/1166/3727
f 1172/1176/3728 1156/1166/3727 1173/1177/3729
f 1173/1177/3730 1156/1166/3727 1171/1165/3731
f 1176/1178/3732 1175/1179/3733 1174/1180/3734
f 1177/1181/3735 1175/1179/3736 1176/1178/3737
f 1178/1182/3738 1175/1179/3739 1177/1181/3740
f 1179/1183/3741 1175/1179/3742 1178/1182/3743
f 1180/1184/3744 1179/1183/3745 1178/1182/3746
f 1181/1185/3747 1179/1183/3748 1180/1184/3749
f 1182/1186/3750 1181/1185/3751 1180/1184/3752
f 1185/1187/3753 1184/1188/3754 1183/1189/3755
f 1183/1189/3756 1184/1188/3757 1186/1190/3758
f 1187/1191/3759 1191/1192/3760 1192/1193/3761
f 1192/1193/3762 1191/1192/3763 1190/1194/3764
f 1194/1195/3765 1187/1191/3766 1189/1196/3767
f 1189/1196/3768 1187/1191/3769 1192/1193/3770
f 1188/1197/3771 1194/1198/3772 1193/1199/3773
f 1193/1199/3774 1194/1198/3772 1189/1200/3775
f 1191/1192/3776 1188/1201/3777 1190/1194/3778
f 1190/1194/3779 1188/1201/3780 1193/1202/3781
f 1192/1193/3782 1190/1194/3783 1189/1203/3784
f 1189/1203/3785 1190/1194/3786 1193/1204/3787
f 1194/1205/3788 1188/1206/3789 1187/1191/3790
f 1187/1191/3791 1188/1206/3789 1191/1192/3792
f 1197/1180/3793 1196/1179/3794 1195/1178/3795
f 1195/1178/3795 1196/1179/3796 1198/1181/3797
f 1198/1181/3797 1196/1179/3798 1199/1182/3799
f 1199/1182/3799 1196/1179/3798 1200/1183/3800
f 1199/1182/3801 1200/1183/3802 1201/1184/3803
f 1201/1184/3804 1200/1183/3805 1202/1185/3806
f 1201/1184/3804 1202/1185/3806 1203/1186/3807
f 1206/1190/3808 1205/1188/3809 1204/1189/3810
f 1204/1189/3810 1205/1188/3811 1207/1187/3812
f 1213/1194/3813 1208/1192/3814 1209/1193/3815
f 1209/1193/3816 1208/1192/3817 1214/1191/3818
f 1209/1193/3819 1214/1191/3820 1211/1196/3821
f 1211/1196/3821 1214/1191/3822 1215/1195/3823
f 1211/1200/3824 1215/1198/3825 1210/1199/3826
f 1210/1199/3827 1215/1198/3828 1212/1197/3829
f 1210/1202/3830 1212/1201/3831 1213/1194/3832
f 1213/1194/3832 1212/1201/3831 1208/1192/3833
f 1210/1204/3834 1213/1194/3835 1211/1203/3836
f 1211/1203/3837 1213/1194/3838 1209/1193/3839
f 1208/1192/3840 1212/1206/3841 1214/1191/3842
f 1214/1191/3843 1212/1206/3844 1215/1205/3845
f 1218/1180/3846 1217/1207/3847 1216/1178/3848
f 1216/1178/3848 1217/1207/3849 1219/1208/3850
f 1219/1208/3851 1217/1207/3852 1220/1209/3853
f 1220/1209/3854 1217/1207/3852 1221/1210/3855
f 1220/1209/3856 1221/1210/3857 1222/1182/3858
f 1222/1182/3859 1221/1210/3860 1223/1183/3861
f 1222/1182/3862 1223/1183/3863 1224/1184/3864
f 1224/1184/3864 1223/1183/3865 1225/1185/3866
f 1225/1185/3867 1226/1211/3868 1224/1184/3869
f 1224/1184/3870 1226/1211/3871 1227/1212/3872
f 1226/1211/3873 1228/1186/3874 1227/1212/3875
f 1227/1212/3876 1228/1186/3877 1229/1213/3878
f 1232/1178/3879 1231/1207/3880 1230/1180/3881
f 1233/1208/3882 1231/1207/3880 1232/1178/3879
f 1231/1207/3883 1233/1208/3884 1234/1210/3885
f 1234/1210/3886 1233/1208/3887 1235/1209/3888
f 1236/1182/3889 1234/1210/3890 1235/1209/3891
f 1237/1183/3892 1234/1210/3893 1236/1182/3894
f 1238/1184/3895 1237/1183/3896 1236/1182/3897
f 1239/1185/3898 1237/1183/3892 1238/1184/3899
f 1239/1185/3900 1238/1184/3901 1240/1211/3902
f 1240/1211/3903 1238/1184/3904 1241/1212/3905
f 1240/1211/3906 1241/1212/3907 1242/1186/3908
f 1242/1186/3909 1241/1212/3910 1243/1213/3911
f 1302/1214/3912 1244/1215/3913 1299/1216/3914
f 1299/1216/3915 1245/1217/3916 1302/1214/3912
f 1246/1218/3917 1245/1217/3918 1299/1216/3919
f 1245/1217/3920 1246/1218/3917 1247/1219/3921
f 1247/1219/3922 1246/1218/3923 1248/1220/3924
f 1248/1220/3925 1297/1221/3926 1247/1219/3927
f 1247/1219/3928 1297/1221/3926 1249/1222/3929
f 1295/1223/3930 1249/1222/3931 1297/1221/3932
f 1250/1224/3933 1249/1222/3934 1295/1223/3935
f 1295/1223/3936 1304/1225/3937 1250/1224/3938
f 1308/1226/3939 1318/1227/3940 1251/1228/3941
f 1251/1228/3942 1252/1229/3943 1308/1226/3939
f 1308/1226/3944 1252/1229/3945 1253/1230/3946
f 1316/1231/3947 1253/1230/3948 1252/1229/3945
f 1254/1232/3949 1253/1230/3950 1316/1231/3951
f 1254/1232/3952 1316/1231/3951 1306/1233/3953
f 1306/1233/3954 1316/1231/3951 1314/1234/3955
f 1314/1234/3956 1305/1235/3957 1306/1233/3958
f 1313/1236/3959 1305/1235/3960 1314/1234/3956
f 1313/1236/3961 1312/1237/3962 1305/1235/3963
f 1262/1238/3964 1255/1239/3965 1264/1240/3966
f 1264/1240/3967 1255/1239/3965 1256/1241/3968
f 1256/1241/3969 1255/1242/3970 1258/1243/3971
f 1258/1243/3972 1255/1242/3970 1257/1244/3973
f 1257/1245/3974 1263/1246/3975 1258/1243/3976
f 1258/1243/3976 1263/1246/3975 1261/1247/3977
f 1260/1248/3978 1262/1249/3979 1259/1250/3980
f 1259/1250/3980 1262/1249/3979 1264/1240/3981
f 1263/1251/3982 1260/1252/3983 1261/1247/3984
f 1261/1247/3985 1260/1252/3986 1259/1250/3987
f 1262/1253/3988 1260/1254/3989 1255/1255/3990
f 1255/1255/3991 1260/1254/3992 1257/1256/3993
f 1260/1254/3989 1263/1257/3994 1257/1256/3993
f 1261/1247/3995 1259/1250/3996 1258/1243/3997
f 1259/1250/3998 1256/1241/3999 1258/1243/3997
f 1264/1240/4000 1256/1241/4001 1259/1250/4002
f 1300/1258/4003 1301/1259/4004 1265/1260/4005
f 1265/1260/4006 1266/1261/4007 1300/1258/4008
f 1300/1258/4009 1266/1261/4010 1267/1262/4011
f 1268/1263/4012 1267/1262/4011 1266/1261/4010
f 1298/1264/4013 1267/1262/4014 1268/1263/4015
f 1298/1264/4013 1268/1263/4016 1269/1265/4017
f 1269/1265/4017 1268/1263/4016 1270/1266/4018
f 1270/1266/4019 1296/1267/4020 1269/1265/4021
f 1271/1268/4022 1296/1267/4023 1270/1266/4024
f 1271/1268/4022 1303/1269/4025 1296/1267/4026
f 1317/1270/4027 1319/1271/4028 1309/1272/4029
f 1309/1272/4030 1272/1273/4031 1317/1270/4032
f 1307/1274/4033 1272/1273/4034 1309/1272/4035
f 1272/1273/4034 1307/1274/4036 1315/1275/4037
f 1315/1275/4038 1307/1274/4039 1273/1276/4040
f 1273/1276/4041 1274/1277/4042 1315/1275/4043
f 1315/1275/4043 1274/1277/4044 1275/1278/4045
f 1311/1279/4046 1275/1278/4047 1274/1277/4048
f 1276/1280/4049 1275/1278/4047 1311/1279/4050
f 1311/1279/4051 1310/1281/4052 1276/1280/4053
f 1282/1282/4054 1277/1283/4055 1283/1284/4056
f 1283/1284/4056 1277/1283/4057 1278/1285/4058
f 1284/1286/4059 1279/1287/4060 1280/1288/4061
f 1280/1288/4062 1279/1287/4063 1281/1289/4064
f 1282/1282/4065 1283/1284/4066 1281/1289/4067
f 1281/1289/4068 1283/1284/4069 1280/1288/4070
f 1282/1282/4071 1281/1289/4072 1277/1290/4073
f 1277/1290/4074 1281/1289/4075 1279/1291/4076
f 1283/1284/4077 1278/1292/4078 1280/1288/4079
f 1280/1288/4079 1278/1292/4080 1284/1293/4081
f 1287/1241/4082 1286/1239/4083 1285/1240/4084
f 1285/1240/4085 1286/1239/4086 1293/1238/4087
f 1288/1243/4088 1286/1242/4089 1287/1241/4090
f 1289/1244/4091 1286/1242/4092 1288/1243/4088
f 1292/1247/4093 1290/1246/4093 1288/1243/4094
f 1288/1243/4094 1290/1246/4095 1289/1245/4096
f 1285/1240/4097 1293/1249/4097 1291/1250/4097
f 1291/1250/4098 1293/1249/4097 1294/1248/4098
f 1291/1250/4099 1294/1252/4099 1292/1247/4099
f 1292/1247/4099 1294/1252/4099 1290/1251/4099
f 1286/1255/4100 1294/1254/4101 1293/1253/4102
f 1289/1256/4103 1294/1254/4104 1286/1255/4105
f 1289/1256/4106 1290/1257/4107 1294/1254/4108
f 1288/1243/4109 1291/1250/4110 1292/1247/4111
f 1288/1243/4112 1287/1241/4113 1291/1250/4114
f 1291/1250/4110 1287/1241/4115 1285/1240/4116
f 1296/1294/4117 1295/1294/4118 1269/1295/4119
f 1269/1295/4119 1295/1294/4120 1297/1296/4121
f 1269/1295/4119 1297/1296/4121 1298/1297/4122
f 1298/1297/4122 1297/1296/4121 1248/1297/4123
f 1298/1297/4122 1248/1297/4124 1267/1298/4125
f 1267/1298/4126 1248/1297/4124 1246/1298/4127
f 1267/1298/4126 1246/1298/4128 1300/1299/4129
f 1300/1299/4130 1246/1298/4131 1299/1300/4132
f 1300/1301/4133 1299/1302/4134 1301/1303/4135
f 1301/1303/4136 1299/1302/4137 1244/1304/4138
f 1301/1305/4139 1244/1306/4140 1265/1307/4141
f 1265/1307/4141 1244/1306/4140 1302/1308/4142
f 1265/1307/4141 1302/1308/4142 1266/1309/4143
f 1266/1309/4144 1302/1308/4145 1245/1310/4146
f 1266/1309/4147 1245/1310/4148 1268/1311/4149
f 1268/1311/4150 1245/1310/4148 1247/1312/4151
f 1268/1311/4152 1247/1312/4153 1270/1313/4154
f 1270/1313/4154 1247/1312/4155 1249/1314/4156
f 1270/1313/4157 1249/1314/4158 1271/1315/4159
f 1271/1315/4159 1249/1314/4158 1250/1316/4160
f 1271/1315/4159 1250/1316/4160 1303/1317/4161
f 1303/1317/4161 1250/1316/4160 1304/1317/4162
f 1303/1318/4163 1304/1319/4164 1296/1320/4165
f 1296/1320/4166 1304/1319/4167 1295/1321/4168
f 1311/1322/4169 1306/1323/4170 1305/1324/4171
f 1274/1325/4170 1306/1323/4170 1311/1322/4172
f 1274/1325/4170 1254/1326/4173 1306/1323/4170
f 1273/1326/4174 1254/1326/4173 1274/1325/4170
f 1273/1326/4175 1253/1327/4175 1254/1326/4173
f 1307/1328/4176 1253/1327/4177 1273/1326/4174
f 1307/1328/4178 1308/1329/4173 1253/1327/4179
f 1309/1330/4175 1308/1329/4173 1307/1328/4173
f 1311/1321/4180 1305/1320/4181 1310/1331/4182
f 1310/1331/4183 1305/1320/4184 1312/1318/4185
f 1310/1332/4186 1312/1332/4187 1276/1333/4188
f 1276/1333/4189 1312/1332/4190 1313/1334/4191
f 1276/1333/4189 1313/1334/4191 1275/1335/4192
f 1275/1335/4193 1313/1334/4194 1314/1336/4195
f 1275/1335/4196 1314/1336/4197 1315/1337/4198
f 1315/1337/4199 1314/1336/4200 1316/1338/4201
f 1315/1337/4202 1316/1338/4203 1272/1339/4204
f 1272/1339/4205 1316/1338/4203 1252/1340/4206
f 1272/1339/4207 1252/1340/4208 1317/1341/4209
f 1317/1341/4210 1252/1340/4211 1251/1342/4212
f 1317/1341/4210 1251/1342/4212 1319/1343/4213
f 1319/1343/4213 1251/1342/4212 1318/1344/4214
f 1319/1318/4215 1318/1319/4216 1309/1320/4217
f 1309/1320/4218 1318/1319/4216 1308/1321/4219
f 1327/1345/4220 1320/1346/4221 1323/1347/4222
f 1323/1347/4223 1320/1346/4224 1321/1348/4225
f 1322/1349/4226 1321/1348/4227 1326/1350/4228
f 1326/1350/4229 1321/1348/4230 1320/1346/4231
f 1324/1351/4232 1323/1347/4233 1322/1352/4234
f 1322/1352/4235 1323/1347/4236 1321/1348/4237
f 1325/1353/4238 1327/1345/4239 1324/1354/4240
f 1324/1354/4239 1327/1345/4239 1323/1347/4239
f 1326/1355/4241 1320/1346/4242 1325/1356/4243
f 1325/1356/4244 1320/1346/4245 1327/1345/4246
f 1336/1357/4247 1328/1358/4248 1334/1359/4249
f 1334/1359/4250 1328/1358/4251 1329/1360/4252
f 1334/1359/4253 1329/1360/4254 1330/1361/4255
f 1331/1362/4256 1329/1360/4252 1328/1358/4257
f 1330/1361/4258 1329/1360/4259 1342/1363/4260
f 1332/1364/4261 1329/1360/4252 1331/1362/4256
f 1332/1364/4262 1342/1363/4260 1329/1360/4263
f 1331/1362/4264 1347/1365/4265 1332/1364/4266
f 1343/1366/4267 1342/1363/4268 1332/1364/4269
f 1332/1364/4261 1347/1365/4265 1333/1367/4270
f 1343/1366/4271 1332/1364/4272 1338/1368/4273
f 1338/1368/4274 1332/1364/4262 1333/1367/4275
f 1341/1369/4276 1334/1359/4277 1330/1361/4278
f 1335/1370/4279 1334/1359/4280 1341/1369/4281
f 1335/1370/4282 1336/1357/4283 1334/1359/4284
f 1349/1371/4285 1336/1357/4283 1335/1370/4282
f 1345/1372/4286 1338/1368/4287 1337/1373/4288
f 1337/1373/4289 1338/1368/4290 1333/1367/4291
f 1337/1373/4292 1333/1367/4293 1339/1374/4294
f 1339/1374/4295 1333/1367/4293 1347/1365/4296
f 1341/1375/4297 1330/1361/4298 1340/1376/4299
f 1340/1376/4300 1330/1361/4301 1342/1363/4302
f 1342/1363/4303 1343/1366/4304 1340/1376/4300
f 1340/1376/4300 1343/1366/4304 1344/1377/4305
f 1343/1366/4304 1338/1368/4306 1344/1377/4307
f 1344/1377/4307 1338/1368/4308 1345/1378/4309
f 1339/1379/4310 1347/1365/4311 1346/1380/4312
f 1346/1380/4313 1347/1365/4311 1331/1362/4314
f 1346/1380/4315 1331/1362/4316 1348/1381/4317
f 1348/1381/4318 1331/1362/4319 1328/1358/4320
f 1348/1381/4317 1328/1358/4320 1349/1382/4321
f 1349/1382/4321 1328/1358/4320 1336/1357/4322
f 1352/1383/4323 1351/1384/4324 1350/1385/4325
f 1350/1385/4326 1351/1384/4323 1353/1386/4327
f 1350/1385/4328 1353/1386/4329 1354/1387/4330
f 1354/1387/4330 1353/1386/4329 1355/1388/4330
f 1364/1385/4331 1351/1384/4332 1352/1383/4333
f 1356/1386/4334 1351/1384/4333 1364/1385/4331
f 1365/1387/4335 1356/1386/4336 1364/1385/4337
f 1362/1388/4338 1356/1386/4336 1365/1387/4335
f 1354/1387/4339 1355/1388/4340 1357/1389/4341
f 1357/1389/4341 1355/1388/4342 1358/1390/4341
f 1357/1389/4343 1358/1390/4343 1363/1391/4344
f 1363/1391/4345 1358/1390/4346 1359/1392/4344
f 1359/1392/4347 1360/1390/4348 1363/1391/4347
f 1363/1391/4347 1360/1390/4348 1361/1389/4349
f 1360/1390/4350 1362/1388/4351 1361/1389/4352
f 1361/1389/4353 1362/1388/4354 1365/1387/4355
f 1363/1391/4356 1352/1383/4357 1350/1385/4356
f 1363/1391/4356 1350/1385/4356 1354/1387/4358
f 1363/1391/4356 1354/1387/4358 1357/1389/4359
f 1364/1385/4356 1352/1383/4360 1363/1391/4356
f 1365/1387/4356 1364/1385/4356 1363/1391/4361
f 1361/1389/4362 1365/1387/4356 1363/1391/4356
f 1371/1393/4363 1372/1394/4363 1366/1395/4363
f 1366/1395/4363 1372/1394/4363 1373/1396/4363
f 1369/1397/4364 1368/1398/4364 1367/1399/4364
f 1367/1399/4364 1368/1398/4364 1370/1400/4364
f 1368/1398/4365 1369/1397/4366 1371/1393/4365
f 1371/1393/4365 1369/1397/4366 1372/1394/4366
f 1366/1401/4367 1373/1402/4367 1370/1400/4367
f 1370/1400/4367 1373/1402/4367 1367/1399/4367
f 1380/1403/4363 1387/1404/4363 1379/1405/4363
f 1379/1405/4363 1387/1404/4363 1385/1406/4363
f 1387/1404/4363 1374/1407/4363 1385/1406/4363
f 1382/1408/4363 1374/1407/4363 1387/1404/4363
f 1383/1409/4363 1374/1407/4363 1382/1408/4363
f 1383/1410/4368 1377/1411/4324 1374/1412/4369
f 1374/1412/4323 1377/1411/4370 1386/1413/4371
f 1384/1414/4372 1375/1415/4372 1378/1416/4372
f 1381/1417/4372 1375/1415/4372 1384/1414/4372
f 1386/1413/4372 1381/1417/4372 1384/1414/4372
f 1376/1418/4372 1381/1417/4372 1386/1413/4372
f 1377/1411/4372 1376/1418/4372 1386/1413/4372
f 1375/1419/4373 1380/1420/4373 1378/1421/4374
f 1378/1421/4375 1380/1420/4373 1379/1422/4375
f 1379/1422/4376 1385/1423/4377 1378/1421/4378
f 1378/1421/4378 1385/1423/4379 1384/1424/4379
f 1375/1425/4380 1381/1426/4380 1380/1427/4380
f 1380/1427/4381 1381/1426/4382 1387/1428/4381
f 1376/1429/4383 1377/1411/4384 1382/1430/4383
f 1382/1430/4385 1377/1411/4386 1383/1410/4386
f 1385/1423/4387 1374/1412/4387 1384/1424/4387
f 1384/1424/4387 1374/1412/4387 1386/1413/4387
f 1381/1426/4388 1376/1429/4388 1387/1428/4389
f 1387/1428/4389 1376/1429/4390 1382/1430/4388
f 1388/1431/4391 1415/1432/4392 1414/1433/4393
f 1389/1434/4394 1415/1432/4392 1388/1431/4395
f 1388/1431/4396 1390/1435/4397 1389/1434/4394
f 1389/1434/4398 1391/1436/4399 1415/1432/4392
f 1415/1432/4400 1391/1436/4401 1392/1437/4402
f 1392/1437/4402 1391/1436/4399 1393/1438/4403
f 1389/1434/4398 1390/1435/4397 1394/1439/4404
f 1389/1434/4398 1394/1439/4405 1391/1436/4406
f 1390/1435/4407 1395/1440/4408 1394/1439/4409
f 1393/1438/4410 1391/1436/4411 1396/1441/4412
f 1408/1442/4413 1393/1438/4414 1396/1441/4415
f 1397/1443/4416 1408/1442/4417 1396/1441/4418
f 1397/1443/4419 1396/1441/4420 1398/1444/4421
f 1391/1436/4422 1394/1439/4423 1399/1445/4424
f 1399/1445/4425 1396/1441/4426 1391/1436/4422
f 1394/1439/4427 1395/1440/4428 1400/1446/4429
f 1400/1446/4429 1399/1445/4430 1394/1439/4427
f 1395/1440/4431 1413/1447/4432 1400/1446/4433
f 1400/1446/4434 1413/1447/4435 1412/1448/4436
f 1412/1448/4436 1401/1449/4437 1400/1446/4438
f 1398/1444/4439 1396/1441/4440 1402/1450/4441
f 1402/1450/4442 1396/1441/4443 1399/1445/4444
f 1398/1444/4421 1402/1450/4445 1403/1451/4446
f 1400/1446/4438 1401/1449/4437 1404/1452/4447
f 1404/1452/4448 1399/1445/4449 1400/1446/4450
f 1401/1449/4451 1405/1453/4452 1404/1452/4453
f 1438/1454/4454 1403/1451/4455 1405/1453/4456
f 1403/1451/4457 1402/1450/4458 1406/1455/4459
f 1402/1450/4460 1399/1445/4449 1406/1455/4461
f 1406/1455/4462 1399/1445/4449 1404/1452/4463
f 1404/1452/4453 1405/1453/4452 1406/1455/4464
f 1405/1453/4465 1403/1451/4466 1406/1455/4464
f 1408/1456/4467 1407/1457/4468 576/1458/4469
f 1397/1459/4470 1407/1457/4471 1408/1456/4467
f 1397/1459/4472 1996/1460/4473 1407/1457/4474
f 1398/1461/4475 1996/1460/4476 1397/1459/4477
f 1398/1461/4478 441/1462/4479 1996/1460/4480
f 1403/1463/4481 441/1462/4479 1398/1461/4478
f 1403/1463/4482 2031/1464/4483 441/1462/4484
f 1438/1465/4485 2031/1464/4486 1403/1463/4487
f 1438/1466/4488 1409/1467/4489 2031/1464/4490
f 1405/1468/4491 1409/1467/4489 1438/1466/4492
f 1405/1468/4491 1410/1469/4493 1409/1467/4489
f 1401/1470/4494 1410/1469/4495 1405/1468/4491
f 1401/1470/4494 1411/1471/4496 1410/1469/4495
f 1412/1472/4497 1411/1471/4498 1401/1470/4494
f 1412/1472/4497 2009/1473/4499 1411/1471/4500
f 1413/1474/4501 2009/1473/4502 1412/1472/4503
f 1414/1475/4504 1992/1476/4505 2016/1477/4506
f 1415/1478/4507 1992/1476/4508 1414/1475/4509
f 1415/1478/4507 1989/1479/4510 1992/1476/4508
f 1392/1480/4511 1989/1479/4512 1415/1478/4513
f 1392/1480/4514 1991/1481/4515 1989/1479/4512
f 1393/1482/4516 1991/1481/4517 1392/1480/4518
f 1393/1482/4519 576/1458/4520 1991/1481/4517
f 1408/1483/4521 576/1458/4522 1393/1482/4519
f 1413/1484/4523 1416/1485/4524 2009/1473/4525
f 1395/1486/4524 1416/1485/4524 1413/1484/4523
f 1395/1486/4524 1417/1487/4526 1416/1485/4524
f 1390/1488/4526 1417/1487/4526 1395/1486/4527
f 1390/1488/4526 2014/1489/4528 1417/1487/4526
f 1388/1490/4529 2014/1489/4530 1390/1488/4531
f 1388/1490/4529 2016/1477/4532 2014/1489/4533
f 1414/1491/4532 2016/1477/4532 1388/1490/4529
f 1420/1433/4534 1419/1432/4535 1418/1431/4536
f 1418/1431/4537 1419/1432/4538 1421/1434/4539
f 1421/1434/4540 1446/1435/4541 1418/1431/4542
f 1421/1434/4540 1419/1432/4543 1422/1436/4544
f 1422/1436/4545 1419/1432/4546 1423/1437/4547
f 1424/1438/4548 1422/1436/4544 1423/1437/4549
f 1425/1439/4550 1446/1435/4551 1421/1434/4540
f 1421/1434/4552 1422/1436/4545 1425/1439/4550
f 1425/1439/4553 1444/1440/4554 1446/1435/4555
f 1426/1441/4556 1422/1436/4557 1424/1438/4558
f 1426/1441/4559 1424/1438/4548 1433/1442/4560
f 1426/1441/4559 1433/1442/4560 1434/1443/4561
f 1436/1444/4562 1426/1441/4563 1434/1443/4564
f 1427/1446/4565 1444/1440/4554 1425/1439/4566
f 1427/1446/4567 1441/1447/4568 1444/1440/4569
f 1428/1448/4570 1441/1447/4571 1427/1446/4572
f 1427/1446/4573 1440/1449/4574 1428/1448/4575
f 1425/1439/4550 1422/1436/4576 1429/1445/4577
f 1422/1436/4578 1426/1441/4579 1429/1445/4580
f 1425/1439/4581 1429/1445/4582 1427/1446/4583
f 1430/1450/4584 1426/1441/4585 1436/1444/4586
f 1429/1445/4587 1426/1441/4579 1430/1450/4584
f 1437/1451/4588 1430/1450/4589 1436/1444/4590
f 1431/1452/4591 1440/1449/4592 1427/1446/4593
f 1427/1446/4567 1429/1445/4582 1431/1452/4594
f 1431/1452/4595 1439/1453/4596 1440/1449/4597
f 1439/1453/4598 1437/1451/4599 1438/1454/4600
f 1432/1455/4601 1430/1450/4589 1437/1451/4602
f 1432/1455/4603 1429/1445/4582 1430/1450/4604
f 1431/1452/4605 1429/1445/4582 1432/1455/4603
f 1432/1455/4606 1439/1453/4607 1431/1452/4608
f 1432/1455/4609 1437/1451/4610 1439/1453/4598
f 2022/1458/4611 2023/1457/4612 1433/1456/4613
f 1433/1456/4614 2023/1457/4615 1434/1459/4616
f 2023/1457/4617 1435/1460/4618 1434/1459/4619
f 1434/1459/4620 1435/1460/4621 1436/1461/4622
f 1435/1460/4623 465/1462/4624 1436/1461/4625
f 1436/1461/4626 465/1462/4627 1437/1463/4628
f 465/1462/4629 2031/1464/4630 1437/1463/4631
f 1437/1463/4632 2031/1464/4633 1438/1465/4634
f 2031/1464/4635 2032/1467/4636 1438/1466/4637
f 1438/1466/4637 2032/1467/4636 1439/1468/4638
f 2032/1467/4636 2033/1469/4639 1439/1468/4638
f 1439/1468/4638 2033/1469/4639 1440/1470/4640
f 2033/1469/4639 2036/1471/4641 1440/1470/4640
f 1440/1470/4640 2036/1471/4641 1428/1472/4642
f 2036/1471/4643 1443/1473/4644 1428/1472/4642
f 1428/1472/4645 1443/1473/4646 1441/1474/4647
f 1448/1477/4648 2019/1476/4649 1420/1475/4650
f 1420/1475/4651 2019/1476/4652 1419/1478/4653
f 2019/1476/4654 1442/1479/4655 1419/1478/4656
f 1419/1478/4657 1442/1479/4655 1423/1480/4658
f 1442/1479/4659 2017/1481/4660 1423/1480/4661
f 1423/1480/4662 2017/1481/4663 1424/1482/4664
f 2017/1481/4663 2022/1458/4665 1424/1482/4664
f 1424/1482/4666 2022/1458/4667 1433/1483/4668
f 1443/1473/4669 2041/1485/4670 1441/1484/4669
f 1441/1484/4669 2041/1485/4670 1444/1486/4670
f 2041/1485/4670 1445/1487/4671 1444/1486/4670
f 1444/1486/4672 1445/1487/4673 1446/1488/4674
f 1445/1487/4673 1447/1489/4675 1446/1488/4674
f 1446/1488/4676 1447/1489/4677 1418/1490/4678
f 1447/1489/4677 1448/1477/4679 1418/1490/4678
f 1418/1490/4678 1448/1477/4680 1420/1491/4681
f 1463/1492/4682 1544/1493/4683 1449/1494/4684
f 1449/1494/4685 1544/1493/4686 1450/1495/4687
f 1544/1493/4688 1546/1496/4689 1450/1495/4690
f 1450/1495/4691 1546/1496/4692 1451/1497/4693
f 1546/1496/4694 1563/1498/4695 1451/1497/4696
f 1451/1497/4696 1563/1498/4697 1452/1499/4698
f 1452/1499/4699 1563/1498/4700 1460/1497/4701
f 1460/1497/4702 1563/1498/4695 1564/1496/4703
f 1460/1497/4704 1564/1496/4705 1459/1495/4706
f 1459/1495/4707 1564/1496/4708 1561/1493/4709
f 1459/1495/4710 1561/1493/4711 1453/1494/4712
f 1453/1494/4712 1561/1493/4711 1620/1492/4713
f 1454/1500/4714 1489/1501/4715 1490/1502/4716
f 1455/1503/4717 1489/1501/4715 1454/1500/4718
f 1456/1504/4719 1455/1503/4720 1454/1500/4721
f 1457/1505/4722 1455/1503/4723 1456/1504/4724
f 1455/1503/4725 1457/1505/4726 1449/1506/4727
f 1449/1506/4727 1457/1505/4728 1463/1507/4729
f 1488/1508/4730 1458/1509/4731 1495/1510/4732
f 1489/1511/4733 1458/1509/4734 1488/1508/4735
f 1455/1512/4736 1458/1509/4731 1489/1511/4737
f 1449/1513/4738 1458/1509/4739 1455/1512/4720
f 1449/1513/4740 1450/1514/4741 1458/1509/4742
f 1450/1514/4743 1451/1515/4744 1458/1509/4745
f 1451/1515/4746 1452/1516/4747 1458/1509/4748
f 1495/1510/4749 1458/1509/4739 1494/1508/4750
f 1494/1508/4751 1458/1509/4742 1493/1511/4752
f 1493/1511/4753 1458/1509/4739 1617/1512/4754
f 1617/1512/4755 1458/1509/4739 1453/1513/4756
f 1458/1509/4757 1459/1514/4758 1453/1513/4759
f 1458/1509/4745 1460/1515/4760 1459/1514/4761
f 1458/1509/4748 1452/1516/4747 1460/1515/4760
f 1456/1504/4762 1461/1517/4763 1457/1505/4764
f 1457/1505/4765 1461/1517/4763 1462/1518/4766
f 1457/1505/4767 1462/1518/4768 1463/1507/4769
f 1575/1519/4770 1462/1518/4771 1461/1517/4772
f 1463/1507/4769 1462/1518/4771 1543/1520/4773
f 1462/1518/4766 1575/1519/4770 1543/1520/4773
f 1543/1520/4774 1575/1519/4775 1464/1521/4776
f 1533/1522/4777 1543/1520/4778 1464/1521/4779
f 1465/1523/4780 1533/1522/4781 1464/1521/4782
f 1531/1524/4783 1533/1522/4784 1465/1523/4785
f 1531/1524/4786 1465/1523/4787 1466/1525/4788
f 1531/1524/4789 1466/1525/4790 1530/1526/4791
f 1464/1521/4792 1467/1527/4793 1465/1523/4787
f 1468/1528/4794 1466/1525/4788 1465/1523/4795
f 1467/1527/4796 1468/1528/4797 1465/1523/4798
f 1469/1529/4799 1467/1527/4800 1464/1521/4776
f 1469/1529/4801 1464/1521/4779 1470/1530/4802
f 1470/1530/4803 1467/1527/4804 1469/1529/4805
f 1470/1530/4806 1464/1521/4782 1575/1519/4807
f 1471/1531/4808 1470/1530/4809 1575/1519/4807
f 1471/1531/4810 1575/1519/4811 1472/1532/4812
f 1472/1532/4813 1575/1519/4775 1576/1533/4814
f 1473/1534/4815 1467/1527/4800 1470/1530/4816
f 1467/1527/4817 1473/1534/4818 1468/1528/4819
f 1473/1534/4820 1470/1530/4802 1471/1531/4821
f 1468/1528/4822 1473/1534/4820 1471/1531/4823
f 1474/1535/4824 1466/1525/4825 1468/1528/4819
f 1471/1531/4821 1474/1535/4826 1468/1528/4819
f 1530/1526/4827 1466/1525/4828 1475/1536/4829
f 1476/1537/4830 1530/1526/4831 1475/1536/4832
f 1477/1538/4833 1530/1526/4834 1476/1537/4830
f 1477/1538/4835 1476/1537/4836 1527/1539/4837
f 1527/1539/4838 1476/1537/4839 1580/1540/4840
f 1578/1541/4841 1580/1540/4842 1476/1537/4843
f 1478/1542/4844 1476/1537/4845 1475/1536/4846
f 1466/1525/4847 1478/1542/4848 1475/1536/4849
f 1478/1542/4850 1578/1541/4851 1476/1537/4852
f 1479/1543/4853 1466/1525/4854 1474/1535/4855
f 1479/1543/4856 1478/1542/4857 1466/1525/4858
f 1478/1542/4859 1480/1544/4860 1578/1541/4861
f 1478/1542/4862 1479/1543/4863 1480/1544/4864
f 1578/1541/4865 1480/1544/4866 1481/1545/4867
f 1480/1544/4864 1479/1543/4863 1505/1546/4868
f 1474/1535/4869 1482/1547/4870 1479/1543/4871
f 1482/1547/4872 1505/1546/4873 1479/1543/4874
f 1482/1547/4875 1474/1535/4876 1471/1531/4877
f 1483/1548/4878 1505/1546/4879 1482/1547/4872
f 1483/1548/4878 1482/1547/4872 1471/1531/4880
f 1483/1548/4881 1503/1549/4882 1505/1546/4883
f 1483/1548/4881 1471/1531/4884 1484/1550/4885
f 1483/1548/4881 1484/1550/4885 1503/1549/4882
f 1484/1550/4886 1471/1531/4887 1472/1532/4888
f 1503/1549/4889 1484/1550/4885 1502/1551/4890
f 1485/1552/4891 1484/1550/4885 1472/1532/4892
f 1472/1532/4812 1576/1533/4893 1485/1552/4894
f 1484/1550/4885 1486/1553/4895 1502/1551/4890
f 1486/1553/4896 1484/1550/4885 1485/1552/4891
f 1486/1553/4897 1497/1554/4898 1502/1551/4890
f 1486/1553/4897 1485/1552/4891 1497/1554/4899
f 1497/1554/4900 1485/1552/4901 1487/1555/4902
f 1487/1555/4902 1485/1552/4903 1576/1533/4814
f 1487/1555/4904 1576/1533/4814 1495/1556/4905
f 1495/1556/4906 1576/1533/4907 1488/1557/4908
f 1488/1557/4909 1576/1533/4910 1489/1501/4911
f 1574/1558/4912 1489/1501/4911 1576/1533/4907
f 1574/1558/4913 1490/1502/4914 1489/1501/4915
f 1493/1501/4916 1492/1502/4917 1491/1558/4918
f 1621/1533/4919 1493/1501/4920 1491/1558/4921
f 1493/1501/4922 1621/1533/4923 1494/1557/4924
f 1494/1557/4925 1621/1533/4926 1495/1556/4927
f 1495/1556/4928 1621/1533/4929 1487/1555/4930
f 1621/1533/4931 1496/1552/4932 1487/1555/4933
f 1487/1555/4934 1496/1552/4935 1497/1554/4899
f 1496/1552/4935 1621/1533/4926 1498/1532/4936
f 1621/1533/4919 1622/1519/4937 1498/1532/4938
f 1498/1532/4939 1622/1519/4940 1499/1531/4941
f 1499/1531/4942 1500/1550/4943 1498/1532/4944
f 1498/1532/4945 1500/1550/4946 1496/1552/4947
f 1497/1554/4899 1496/1552/4947 1501/1553/4948
f 1496/1552/4949 1500/1550/4946 1501/1553/4950
f 1502/1551/4890 1497/1554/4898 1501/1553/4948
f 1502/1551/4890 1501/1553/4951 1500/1550/4946
f 1500/1550/4946 1503/1549/4889 1502/1551/4890
f 1504/1548/4952 1503/1549/4953 1500/1550/4946
f 1504/1548/4952 1500/1550/4954 1499/1531/4955
f 1505/1546/4879 1503/1549/4956 1504/1548/4952
f 1506/1547/4957 1505/1546/4958 1504/1548/4959
f 1499/1531/4942 1506/1547/4957 1504/1548/4959
f 1507/1543/4960 1505/1546/4958 1506/1547/4961
f 1505/1546/4962 1507/1543/4963 1480/1544/4964
f 1499/1531/4942 1508/1535/4965 1506/1547/4966
f 1507/1543/4967 1506/1547/4966 1508/1535/4968
f 1508/1535/4969 1509/1525/4970 1507/1543/4971
f 1480/1544/4964 1507/1543/4963 1510/1542/4972
f 1509/1525/4973 1510/1542/4974 1507/1543/4975
f 1511/1528/4976 1508/1535/4977 1499/1531/4941
f 1511/1528/4978 1509/1525/4970 1508/1535/4979
f 1512/1541/4980 1480/1544/4981 1510/1542/4982
f 1481/1545/4867 1480/1544/4866 1512/1541/4983
f 1513/1537/4984 1512/1541/4985 1510/1542/4986
f 1513/1537/4987 1514/1540/4988 1512/1541/4980
f 1514/1540/4989 1513/1537/4990 1515/1539/4991
f 1515/1539/4992 1513/1537/4990 1548/1538/4993
f 1513/1537/4994 1551/1526/4995 1548/1538/4996
f 1516/1536/4997 1513/1537/4998 1510/1542/4999
f 1516/1536/5000 1551/1526/4995 1513/1537/4994
f 1516/1536/5001 1510/1542/5002 1509/1525/4973
f 1516/1536/5003 1509/1525/5004 1551/1526/5005
f 1551/1526/5005 1509/1525/5006 1517/1524/5007
f 1509/1525/5008 1518/1523/5009 1517/1524/5010
f 1518/1523/5011 1509/1525/5012 1511/1528/5013
f 1518/1523/5014 1519/1522/5015 1517/1524/5016
f 1520/1521/5017 1519/1522/5015 1518/1523/5018
f 1520/1521/5019 1560/1520/5020 1519/1522/5021
f 1518/1523/5022 1511/1528/5023 1521/1527/5024
f 1518/1523/5025 1521/1527/5026 1520/1521/5027
f 1511/1528/5028 1522/1534/5029 1521/1527/5030
f 1499/1531/5031 1522/1534/5032 1511/1528/5033
f 1499/1531/4942 1523/1530/5034 1522/1534/5032
f 1523/1530/5035 1521/1527/5036 1522/1534/5037
f 1622/1519/5038 1523/1530/5039 1499/1531/5040
f 1520/1521/5041 1622/1519/5042 1560/1520/5020
f 1622/1519/5043 1520/1521/5044 1523/1530/5035
f 1524/1529/5045 1521/1527/5046 1523/1530/5047
f 1523/1530/5035 1520/1521/5048 1524/1529/5049
f 1520/1521/5019 1521/1527/5036 1524/1529/5050
f 1560/1520/5051 1622/1519/5052 1525/1518/5053
f 1560/1520/5054 1525/1518/5053 1620/1507/5055
f 1526/1517/5056 1525/1518/5057 1622/1519/5058
f 1620/1507/5059 1525/1518/5060 1619/1505/5061
f 1525/1518/5053 1526/1517/5062 1619/1505/5063
f 1619/1505/5063 1526/1517/5064 1618/1504/5065
f 1582/1559/5066 1477/1560/5067 1527/1561/5068
f 1528/1562/5069 1477/1560/5070 1582/1559/5071
f 1584/1563/5072 1528/1562/5073 1582/1559/5074
f 1528/1562/5075 1529/1564/5076 1477/1560/5077
f 1477/1560/5077 1529/1564/5076 1530/1565/5078
f 1529/1564/5079 1531/1566/5080 1530/1565/5081
f 1532/1567/5082 1531/1566/5080 1529/1564/5079
f 1531/1566/5083 1532/1567/5084 1533/1568/5085
f 1534/1569/5086 1529/1564/5087 1528/1562/5088
f 1534/1569/5089 1532/1567/5090 1529/1564/5091
f 1535/1570/5092 1528/1562/5093 1584/1563/5072
f 1535/1570/5092 1534/1569/5094 1528/1562/5095
f 1535/1570/5096 1584/1563/5072 1555/1571/5097
f 1555/1571/5098 1534/1569/5099 1535/1570/5100
f 1555/1571/5101 1584/1563/5102 1593/1572/5103
f 1555/1571/5104 1536/1573/5105 1534/1569/5106
f 1536/1573/5107 1532/1567/5108 1534/1569/5089
f 1537/1574/5109 1536/1573/5110 1555/1571/5104
f 1533/1568/5111 1532/1567/5112 1538/1575/5113
f 1536/1573/5114 1538/1575/5115 1532/1567/5090
f 1536/1573/5105 1537/1574/5116 1539/1576/5117
f 1539/1576/5118 1538/1575/5115 1536/1573/5114
f 1539/1576/5117 1537/1574/5116 1540/1577/5119
f 1541/1578/5120 1539/1576/5117 1540/1577/5121
f 1542/1579/5122 1533/1568/5123 1538/1575/5124
f 1539/1576/5118 1542/1579/5125 1538/1575/5124
f 1543/1580/5126 1533/1568/5127 1542/1579/5125
f 1543/1580/5128 1542/1579/5129 1463/1492/5130
f 1463/1492/5130 1542/1579/5129 1544/1493/5131
f 1545/1581/5132 1539/1576/5133 1541/1578/5120
f 1545/1581/5134 1542/1579/5135 1539/1576/5136
f 1542/1579/5135 1545/1581/5134 1544/1493/5137
f 1563/1498/5138 1545/1581/5139 1541/1578/5140
f 1544/1493/5131 1545/1581/5141 1546/1496/5142
f 1546/1496/5143 1545/1581/5144 1563/1498/5145
f 1515/1561/5146 1548/1560/5147 1547/1559/5148
f 1547/1559/5148 1548/1560/5147 1549/1562/5149
f 1547/1559/5150 1549/1562/5151 1591/1563/5152
f 1548/1560/5153 1550/1564/5154 1549/1562/5155
f 1551/1565/5156 1550/1564/5157 1548/1560/5153
f 1551/1565/5158 1517/1566/5159 1550/1564/5160
f 1550/1564/5160 1517/1566/5161 1552/1567/5162
f 1519/1568/5163 1552/1567/5164 1517/1566/5165
f 1549/1562/5166 1550/1564/5167 1553/1569/5168
f 1550/1564/5169 1552/1567/5170 1553/1569/5171
f 1554/1570/5172 1591/1563/5173 1549/1562/5174
f 1549/1562/5175 1553/1569/5168 1554/1570/5176
f 1554/1570/5177 1555/1571/5178 1591/1563/5173
f 1554/1570/5177 1553/1569/5179 1555/1571/5178
f 1591/1563/5180 1555/1571/5181 1593/1572/5103
f 1553/1569/5182 1556/1573/5183 1555/1571/5184
f 1553/1569/5185 1552/1567/5186 1556/1573/5187
f 1555/1571/5184 1556/1573/5183 1537/1574/5188
f 1557/1575/5189 1552/1567/5190 1519/1568/5191
f 1552/1567/5192 1557/1575/5193 1556/1573/5194
f 1558/1576/5195 1537/1574/5196 1556/1573/5197
f 1556/1573/5194 1557/1575/5193 1558/1576/5198
f 1540/1577/5199 1537/1574/5196 1558/1576/5195
f 1540/1577/5200 1558/1576/5195 1541/1578/5201
f 1557/1575/5189 1519/1568/5202 1559/1579/5203
f 1557/1575/5189 1559/1579/5204 1558/1576/5205
f 1559/1579/5203 1519/1568/5206 1560/1580/5207
f 1620/1492/5208 1559/1579/5209 1560/1580/5054
f 1561/1493/5210 1559/1579/5211 1620/1492/5212
f 1541/1578/5201 1558/1576/5195 1562/1581/5213
f 1558/1576/5214 1559/1579/5215 1562/1581/5216
f 1561/1493/5217 1562/1581/5218 1559/1579/5219
f 1541/1578/5220 1562/1581/5221 1563/1498/5222
f 1564/1496/5223 1562/1581/5224 1561/1493/5210
f 1563/1498/5225 1562/1581/5226 1564/1496/5227
f 1586/1582/5228 1569/1583/4368 1570/1584/4369
f 1583/1585/5229 1569/1583/4368 1586/1582/5228
f 1569/1583/4368 1583/1585/5228 1565/1586/5230
f 1565/1586/5230 1583/1585/5228 1566/1587/5231
f 1566/1587/5232 1567/1588/5233 1565/1586/5234
f 1565/1586/5234 1567/1588/5233 1571/1589/5233
f 1571/1589/5235 1567/1588/5235 1572/1590/5236
f 1572/1590/5236 1567/1588/5235 1579/1591/5237
f 1572/1590/5238 1579/1591/5239 1481/1592/5240
f 1481/1592/5241 1579/1591/5239 1578/1593/5242
f 1570/1584/4371 1569/1583/4368 1568/1582/5243
f 1568/1582/5243 1569/1583/4368 1627/1585/5244
f 1565/1586/5230 1627/1585/5244 1569/1583/4368
f 1625/1587/5245 1627/1585/5244 1565/1586/5230
f 1565/1586/5234 1624/1588/5233 1625/1587/5246
f 1571/1589/5233 1624/1588/5233 1565/1586/5234
f 1572/1590/5236 1624/1588/5235 1571/1589/5235
f 1573/1591/5247 1624/1588/5235 1572/1590/5248
f 1481/1592/5240 1573/1591/5249 1572/1590/5238
f 1512/1593/5250 1573/1591/5249 1481/1592/5241
f 1576/1533/5251 1575/1519/5252 1574/1558/5253
f 1574/1558/5253 1575/1519/5252 1577/1594/5254
f 1575/1519/5255 1461/1517/5256 1577/1594/5257
f 1456/1504/5258 1577/1594/5259 1461/1517/5260
f 1454/1500/5261 1577/1594/5257 1456/1504/5258
f 1454/1500/5262 1574/1558/5263 1577/1594/5257
f 1490/1502/5264 1574/1558/5265 1454/1500/5262
f 1579/1591/5266 1567/1588/5267 1578/1595/5266
f 1578/1595/5266 1567/1588/5268 1580/1596/5269
f 1567/1588/5268 1566/1587/5270 1580/1596/5269
f 1580/1596/5269 1566/1587/5270 1527/1597/5271
f 1566/1587/5270 1581/1598/5272 1527/1597/5271
f 1527/1597/5271 1581/1598/5272 1582/1599/5268
f 1583/1585/4387 1581/1598/5272 1566/1587/5270
f 1581/1598/5272 1589/1600/5273 1582/1599/5268
f 1582/1599/5268 1589/1600/5273 1584/1601/5274
f 1585/1602/4387 1589/1600/5273 1581/1598/5272
f 1587/1603/4387 1585/1602/4387 1581/1598/5272
f 1581/1598/5272 1583/1585/4387 1587/1603/5275
f 1587/1603/4387 1583/1585/4387 1586/1582/4387
f 1587/1604/4364 1586/1582/4364 1590/1605/4364
f 1590/1605/4372 1586/1582/4372 1570/1584/4372
f 1570/1584/4364 1568/1582/4364 1590/1605/4364
f 1590/1605/4372 1568/1582/4372 1588/1604/4372
f 1584/1606/5072 1592/1607/5276 1593/1608/5277
f 1589/1609/5278 1592/1607/5279 1584/1606/5280
f 1589/1609/5281 1585/1610/5282 1592/1607/5283
f 1592/1607/5284 1585/1610/5282 1596/1611/5285
f 1585/1610/5286 1587/1604/5287 1596/1611/5288
f 1596/1611/5288 1587/1604/5287 1590/1605/5287
f 1593/1608/5277 1592/1607/5279 1591/1606/5152
f 1591/1606/5173 1592/1607/5279 1594/1609/5289
f 1592/1607/5290 1595/1610/5291 1594/1609/5292
f 1596/1611/5293 1595/1610/5291 1592/1607/5294
f 1596/1611/5288 1588/1604/5287 1595/1610/5295
f 1590/1605/5296 1588/1604/5296 1596/1611/5297
f 1607/1387/5298 1612/1390/5299 1597/1389/5300
f 1598/1388/5301 1612/1390/5299 1607/1387/5302
f 1608/1385/5303 1598/1388/5304 1607/1387/5305
f 1599/1386/5306 1598/1388/5307 1608/1385/5308
f 1609/1383/5309 1599/1386/5310 1608/1385/5311
f 1600/1384/5312 1599/1386/5310 1609/1383/5312
f 1601/1385/5313 1600/1384/5314 1609/1383/5314
f 1602/1386/5315 1600/1384/5314 1601/1385/5315
f 1610/1387/5316 1602/1386/5317 1601/1385/5318
f 1603/1388/5319 1602/1386/5317 1610/1387/5320
f 1613/1612/5321 1603/1613/5322 1610/1614/5323
f 1604/1615/5324 1603/1613/5322 1613/1612/5325
f 1614/1616/5326 1604/1615/5324 1613/1612/5325
f 1605/1617/5327 1604/1615/5324 1614/1616/5326
f 1607/1387/4387 1597/1389/4387 1606/1391/4387
f 1608/1385/4387 1607/1387/4387 1606/1391/4387
f 1609/1383/4387 1608/1385/4387 1606/1391/4387
f 1601/1385/4387 1609/1383/4387 1606/1391/4387
f 1610/1387/4387 1601/1385/4387 1606/1391/4387
f 1613/1389/4387 1610/1387/4387 1606/1391/4387
f 1615/1618/5328 1597/1612/5329 1611/1617/5328
f 1611/1617/5330 1597/1612/5329 1612/1615/5331
f 1614/1619/5332 1613/1620/4387 1606/1621/4387
f 1614/1619/5332 1606/1621/4387 1615/1622/5332
f 1615/1622/5333 1606/1621/4387 1597/1623/4387
f 1492/1502/5334 1493/1501/4752 1616/1500/5335
f 1616/1500/5336 1493/1501/5337 1617/1503/5338
f 1616/1500/5339 1617/1503/5340 1618/1504/5341
f 1618/1504/5341 1617/1503/4754 1619/1505/5342
f 1453/1506/5343 1619/1505/5344 1617/1503/5345
f 1620/1507/5346 1619/1505/5347 1453/1506/4712
f 1491/1558/5348 1622/1519/5349 1621/1533/5350
f 1623/1594/5351 1622/1519/5349 1491/1558/5348
f 1623/1594/5351 1526/1517/5352 1622/1519/5353
f 1526/1517/5354 1623/1594/5355 1618/1504/5356
f 1618/1504/5357 1623/1594/5351 1616/1500/5358
f 1623/1594/5351 1491/1558/5359 1616/1500/5360
f 1616/1500/5361 1491/1558/5362 1492/1502/5363
f 1512/1595/5364 1624/1588/5365 1573/1591/5364
f 1514/1596/5366 1624/1588/5367 1512/1595/5364
f 1514/1596/5366 1625/1587/5368 1624/1588/5367
f 1515/1597/5368 1625/1587/5368 1514/1596/5366
f 1515/1597/5368 1626/1598/5369 1625/1587/5368
f 1625/1587/5368 1626/1598/5369 1627/1585/5370
f 1547/1599/5367 1626/1598/5369 1515/1597/5368
f 1588/1603/5370 1627/1585/5370 1626/1598/5369
f 1568/1582/5371 1627/1585/5370 1588/1603/5370
f 1626/1598/5369 1595/1602/5371 1588/1603/5371
f 1626/1598/5369 1594/1600/5372 1595/1602/5370
f 1547/1599/5367 1594/1600/5372 1626/1598/5369
f 1591/1601/5373 1594/1600/5372 1547/1599/5367
f 1644/1389/5374 1628/1390/5375 1640/1387/5376
f 1640/1387/5376 1628/1390/5375 1629/1388/5377
f 1640/1387/5378 1629/1388/5379 1641/1385/5380
f 1641/1385/5381 1629/1388/5379 1630/1386/5382
f 1641/1385/5383 1630/1386/5384 1642/1383/5385
f 1642/1383/5385 1630/1386/5386 1632/1384/5385
f 1642/1383/5387 1632/1384/5387 1631/1385/5388
f 1631/1385/5388 1632/1384/5387 1633/1386/5389
f 1631/1385/5390 1633/1386/5390 1636/1387/5391
f 1636/1387/5391 1633/1386/5390 1634/1388/5392
f 1636/1614/5393 1634/1624/5394 1635/1612/5395
f 1635/1612/5395 1634/1624/5394 1637/1625/5396
f 1635/1612/5395 1637/1625/5396 1638/1616/5397
f 1638/1616/5397 1637/1625/5396 1639/1626/5398
f 1645/1391/5371 1644/1389/5371 1640/1387/5371
f 1645/1391/5371 1640/1387/5399 1641/1385/5371
f 1645/1391/5371 1641/1385/5371 1642/1383/5371
f 1645/1391/5371 1642/1383/5371 1631/1385/5371
f 1645/1391/5371 1631/1385/5371 1636/1387/5370
f 1645/1391/5371 1636/1387/5370 1635/1389/5371
f 1628/1625/5400 1644/1612/5401 1643/1626/5402
f 1643/1626/5403 1644/1612/5401 1646/1618/5403
f 1645/1621/5370 1635/1620/5370 1638/1619/4366
f 1646/1622/4366 1645/1621/5370 1638/1619/4366
f 1644/1623/5370 1645/1621/5370 1646/1622/4366
f 1671/1627/5404 1647/1628/5404 1667/1629/5404
f 1648/1630/5405 1647/1628/5404 1671/1627/5404
f 1647/1628/5404 1648/1630/5405 1649/1631/5406
f 1650/1632/5407 1649/1631/5406 1648/1630/5408
f 1649/1631/5406 1650/1632/5407 1663/1633/5409
f 1650/1632/5410 1661/1634/5411 1663/1633/5412
f 1661/1634/5413 1650/1632/5414 1654/1635/5415
f 1661/1634/5416 1654/1635/5415 1651/1636/5417
f 1671/1637/5418 1670/1638/5419 1648/1639/5420
f 1648/1639/5421 1670/1638/5419 1652/1640/5422
f 1670/1638/5419 696/1641/5423 1652/1640/5422
f 1652/1640/5424 1650/1642/5425 1648/1639/5426
f 1652/1640/5427 696/1641/5428 695/1643/5429
f 1653/1644/5430 1650/1642/5425 1652/1640/5427
f 1650/1642/5431 1653/1644/5430 1654/1645/5432
f 1652/1640/5427 695/1643/5433 1655/1646/5434
f 1652/1640/5427 1655/1646/5435 1653/1644/5436
f 1653/1644/5437 1655/1646/5435 1656/1647/5438
f 1654/1645/5439 1653/1644/5436 1657/1648/5440
f 1656/1647/5441 1657/1648/5442 1653/1644/5436
f 1654/1645/5443 1657/1648/5444 1651/1649/5445
f 1655/1646/5446 695/1643/5429 1658/1650/5447
f 1656/1647/5448 1655/1646/5449 1658/1650/5447
f 1658/1650/5447 695/1643/5450 1685/1651/5451
f 698/1652/5452 1658/1650/5447 1685/1651/5451
f 1651/1649/5453 1657/1648/5454 1659/1653/5455
f 1659/1653/5456 1657/1648/5457 1656/1647/5441
f 1660/1654/5458 1651/1649/5459 1659/1653/5460
f 1659/1653/5456 1656/1647/5461 1660/1654/5462
f 1661/1655/5463 1651/1649/5464 1660/1654/5465
f 1662/1656/5466 1661/1655/5463 1660/1654/5467
f 1660/1654/5462 1656/1647/5468 1662/1656/5466
f 1663/1657/5469 1661/1655/5470 1662/1656/5471
f 1662/1656/5466 1664/1658/5472 1663/1657/5473
f 1663/1657/5474 1664/1658/5475 1649/1659/5476
f 1664/1658/5472 1647/1660/5477 1649/1659/5476
f 1658/1650/5478 1665/1661/5479 1656/1647/5480
f 1656/1647/5481 1665/1661/5479 1662/1656/5482
f 1665/1661/5479 1658/1650/5447 698/1652/5483
f 1664/1658/5484 1662/1656/5485 1665/1661/5486
f 1664/1658/5487 1665/1661/5486 698/1652/5488
f 1683/1662/5489 1664/1658/5490 698/1652/5491
f 1666/1663/5492 1647/1660/5477 1664/1658/5472
f 1666/1663/5493 1664/1658/5494 1683/1662/5495
f 1647/1660/5496 1666/1663/5492 1667/1664/5497
f 1668/1665/5498 1666/1663/5499 1683/1662/5500
f 1667/1664/5497 1666/1663/5501 1669/1666/5502
f 1669/1666/5502 1666/1663/5503 1668/1665/5504
f 1669/1666/5505 1670/1667/5506 1667/1664/5497
f 1668/1665/5507 1670/1667/5506 1669/1666/5508
f 1667/1664/5509 1670/1667/5510 1671/1668/5511
f 696/1669/5512 1670/1667/5513 1668/1665/5514
f 1673/743/5515 1672/726/5516 684/783/5517
f 1674/725/5518 1672/726/5516 1673/743/5515
f 1673/743/5519 1675/740/5520 1674/725/5521
f 1674/725/5522 1675/740/5523 1676/727/5524
f 1676/727/5525 1675/740/5526 1677/728/5527
f 1677/728/5527 1675/740/5526 676/739/5528
f 676/739/5529 674/737/5530 1677/728/5527
f 1677/728/5531 674/737/5532 669/729/5533
f 674/737/5534 1678/734/5535 669/729/5533
f 669/729/5536 1678/734/5537 1679/730/5538
f 1679/730/5539 1678/734/5540 671/732/5541
f 1682/745/5542 1681/735/5543 1680/751/5544
f 1680/751/5545 1672/748/5546 1682/745/5547
f 684/752/5548 1672/748/5549 1680/751/5550
f 1668/1670/5551 1683/771/5552 703/774/5553
f 703/774/5554 696/775/5555 1668/1670/5556
f 1685/1671/5557 1684/766/5558 698/768/5559
f 1684/766/5560 1685/1671/5561 695/764/5562
f 1686/1629/5563 1705/1628/5563 1689/1627/5563
f 1689/1627/5563 1705/1628/5563 1690/1630/5563
f 1704/1631/5563 1690/1630/5563 1705/1628/5563
f 1690/1630/5563 1704/1631/5563 1687/1632/5563
f 1702/1633/5563 1687/1632/5563 1704/1631/5563
f 1702/1633/5563 1700/1634/5563 1687/1632/5563
f 1693/1635/5563 1687/1632/5563 1700/1634/5563
f 1688/1636/5563 1693/1635/5563 1700/1634/5563
f 1690/1639/5564 1709/1638/5565 1689/1637/5566
f 1691/1640/5567 1709/1638/5565 1690/1639/5568
f 1691/1640/5569 877/1641/5570 1709/1638/5565
f 1690/1639/5571 1687/1642/5572 1691/1640/5573
f 1721/1643/5574 877/1641/5570 1691/1640/5569
f 1691/1640/5573 1687/1642/5572 1692/1644/5575
f 1693/1645/5576 1692/1644/5575 1687/1642/5577
f 1694/1646/5578 1721/1643/5579 1691/1640/5580
f 1692/1644/5581 1694/1646/5582 1691/1640/5583
f 1695/1647/5584 1694/1646/5585 1692/1644/5586
f 1696/1648/5587 1692/1644/5586 1693/1645/5576
f 1692/1644/5586 1696/1648/5587 1695/1647/5584
f 1688/1649/5588 1696/1648/5589 1693/1645/5590
f 1697/1650/5591 1721/1643/5592 1694/1646/5593
f 1697/1650/5591 1694/1646/5585 1695/1647/5584
f 1718/1651/5594 1721/1643/5595 1697/1650/5596
f 1718/1651/5597 1697/1650/5591 1720/1652/5598
f 1698/1653/5599 1696/1648/5589 1688/1649/5600
f 1695/1647/5601 1696/1648/5602 1698/1653/5603
f 1698/1653/5604 1688/1649/5605 1699/1654/5606
f 1699/1654/5607 1695/1647/5608 1698/1653/5609
f 1699/1654/5610 1688/1649/5611 1700/1655/5612
f 1699/1654/5613 1700/1655/5614 1701/1656/5615
f 1701/1656/5616 1695/1647/5584 1699/1654/5607
f 1701/1656/5615 1700/1655/5614 1702/1657/5617
f 1702/1657/5618 1703/1658/5619 1701/1656/5615
f 1704/1659/5620 1703/1658/5619 1702/1657/5618
f 1704/1659/5621 1705/1660/5622 1703/1658/5623
f 1695/1647/5584 1706/1661/5624 1697/1650/5591
f 1701/1656/5625 1706/1661/5626 1695/1647/5584
f 1720/1652/5598 1697/1650/5627 1706/1661/5628
f 1706/1661/5629 1701/1656/5630 1703/1658/5631
f 1720/1652/5632 1706/1661/5629 1703/1658/5633
f 1720/1652/5634 1703/1658/5635 881/1662/5636
f 1703/1658/5623 1705/1660/5622 1707/1663/5637
f 881/1662/5638 1703/1658/5639 1707/1663/5637
f 1686/1664/5640 1707/1663/5641 1705/1660/5642
f 881/1662/5643 1707/1663/5644 1716/1665/5645
f 1708/1666/5646 1707/1663/5637 1686/1664/5640
f 1716/1665/5645 1707/1663/5644 1708/1666/5646
f 1686/1664/5640 1709/1667/5647 1708/1666/5646
f 1708/1666/5646 1709/1667/5648 1716/1665/5645
f 1689/1668/5649 1709/1667/5647 1686/1664/5640
f 1716/1665/5650 1709/1667/5651 877/1669/5652
f 867/783/5653 1715/726/5654 861/743/5655
f 861/743/5656 1715/726/5654 848/725/5657
f 848/725/5658 857/740/5659 861/743/5660
f 850/727/5661 857/740/5662 848/725/5663
f 850/727/5661 1710/728/5664 857/740/5662
f 857/740/5665 1710/728/5664 1711/739/5666
f 1710/728/5664 1712/737/5667 1711/739/5666
f 851/729/5668 1712/737/5669 1710/728/5670
f 851/729/5671 1713/734/5672 1712/737/5673
f 851/729/5674 852/730/5675 1713/734/5676
f 1713/734/5677 852/730/5678 1714/732/5679
f 866/751/5680 858/735/5681 863/745/5682
f 1715/748/5683 866/751/5684 863/745/5685
f 867/752/5686 866/751/5687 1715/748/5688
f 1717/774/5689 881/771/5690 1716/1670/5691
f 1716/1670/5692 877/775/5693 1717/774/5694
f 1720/768/5695 1719/766/5696 1718/1671/5697
f 1721/764/5698 1718/1671/5699 1719/766/5700
f 1722/1672/5701 1927/1673/5702 1736/1674/5703
f 1723/1675/5704 1927/1673/5705 1722/1672/5706
f 1723/1675/5707 1724/1676/5708 1927/1673/5709
f 1739/1677/5710 1723/1675/5707 1722/1672/5711
f 1725/1678/5712 1724/1676/5713 1723/1675/5714
f 1725/1678/5715 1726/1679/5716 1724/1676/5717
f 1727/1680/5718 1726/1679/5716 1725/1678/5719
f 1727/1680/5718 1725/1678/5719 1728/1681/5720
f 1727/1680/5721 1729/1682/5722 1726/1679/5723
f 1730/1683/5724 1729/1682/5725 1727/1680/5718
f 1728/1681/5726 1730/1683/5724 1727/1680/5718
f 1730/1683/5724 1731/1684/5727 1729/1682/5728
f 1725/1678/5712 1723/1675/5729 1732/1685/5730
f 1728/1681/5731 1725/1678/5732 1732/1685/5733
f 1733/1686/5734 1723/1675/5735 1739/1677/5736
f 1732/1685/5733 1723/1675/5729 1733/1686/5737
f 1733/1686/5734 1739/1677/5736 1734/557/5738
f 1734/557/5738 1739/1677/5739 800/558/5740
f 794/559/5741 1733/1686/5742 1734/557/5743
f 1732/1685/5733 1733/1686/5744 794/559/5745
f 1732/1685/5746 794/559/5747 1728/1681/5748
f 1728/1681/5720 794/559/5749 795/560/5750
f 796/561/5751 1728/1681/5752 795/560/5750
f 1735/1687/5753 1731/1684/5754 1730/1683/5755
f 1735/1687/5756 1736/1688/5757 1731/1684/5754
f 1722/1689/5758 1736/1688/5759 1735/1687/5760
f 1737/1690/5761 1730/1683/5724 1728/1681/5726
f 1737/1690/5762 1728/1681/5726 796/561/5763
f 1737/1690/5764 1735/1687/5753 1730/1683/5755
f 1738/1691/5765 1722/1689/5758 1735/1687/5766
f 1738/1691/5767 1735/1687/5768 1737/1690/5769
f 1737/1690/5769 796/561/5770 1738/1691/5765
f 1739/1692/5771 1722/1689/5758 1738/1691/5767
f 1738/1691/5767 796/561/5772 798/562/5773
f 798/562/5774 1739/1692/5771 1738/1691/5767
f 800/563/5775 1739/1692/5776 798/562/5777
f 1898/1674/5778 1740/1673/5779 1756/1672/5780
f 1756/1672/5781 1740/1673/5782 1741/1675/5783
f 1740/1673/5784 1896/1676/5785 1741/1675/5783
f 1741/1675/5786 1742/1677/5787 1756/1672/5781
f 1741/1675/5788 1896/1676/5789 1743/1678/5790
f 1896/1676/5791 1897/1679/5792 1743/1678/5793
f 1743/1678/5794 1897/1679/5792 1744/1680/5795
f 1744/1680/5795 1745/1681/5796 1743/1678/5794
f 1897/1679/5797 1899/1682/5798 1744/1680/5799
f 1744/1680/5800 1899/1682/5801 1746/1683/5802
f 1744/1680/5799 1746/1683/5803 1745/1681/5804
f 1899/1682/5801 1747/1684/5805 1746/1683/5802
f 1743/1678/5806 1748/1685/5807 1741/1675/5808
f 1743/1678/5806 1745/1681/5796 1748/1685/5809
f 1749/1686/5810 1742/1677/5811 1741/1675/5812
f 1741/1675/5812 1748/1685/5813 1749/1686/5814
f 1750/557/5815 1742/1677/5787 1749/1686/5816
f 1751/558/5817 1742/1677/5818 1750/557/5819
f 1750/557/5815 1749/1686/5810 1752/559/5820
f 1752/559/5821 1749/1686/5822 1748/1685/5807
f 1748/1685/5823 1745/1681/5796 1752/559/5824
f 1752/559/5820 1745/1681/5825 1753/560/5826
f 1753/560/5827 1745/1681/5828 493/561/5829
f 1745/1681/5830 1746/1683/5803 1754/1690/5831
f 493/561/5829 1745/1681/5830 1754/1690/5831
f 1746/1683/5832 1747/1684/5833 1755/1687/5834
f 1746/1683/5835 1755/1687/5836 1754/1690/5837
f 1747/1684/5838 1898/1688/5839 1755/1687/5840
f 1755/1687/5834 1898/1688/5841 1756/1689/5842
f 1754/1690/5843 1757/1691/5844 493/561/5845
f 1754/1690/5843 1755/1687/5846 1757/1691/5847
f 1756/1689/5848 1757/1691/5844 1755/1687/5834
f 493/561/5845 1757/1691/5847 495/562/5849
f 1742/1692/5850 1757/1691/5844 1756/1689/5848
f 1742/1692/5851 495/562/5852 1757/1691/5853
f 1751/563/5854 495/562/5852 1742/1692/5850
f 1758/1693/5855 1765/1694/5855 1762/1695/5855
f 1762/1695/5856 1765/1694/5857 1759/1696/5858
f 1760/1697/5859 1759/1698/5860 1765/1699/5861
f 1761/1700/5862 1759/1698/5863 1760/1697/5864
f 1761/1700/5865 1762/1701/5866 1759/1698/5867
f 1763/1702/5868 1762/1701/5869 1761/1700/5870
f 1763/1702/5871 1758/1703/5872 1762/1701/5873
f 1764/1704/5874 1758/1703/5872 1763/1702/5875
f 1764/1704/5876 1765/1705/5877 1758/1703/5878
f 1760/1706/5879 1765/1705/5880 1764/1704/5876
f 1766/1707/5881 1761/1700/5882 1760/1697/5883
f 1766/1707/5884 1763/1702/5885 1761/1700/5886
f 1766/1707/5887 1764/1704/5888 1763/1702/5889
f 1766/1707/5881 1760/1706/5890 1764/1704/5891
f 1767/147/5892 1772/148/5892 1774/149/5892
f 1774/149/5892 1772/148/5892 1777/150/5893
f 1770/151/5894 1777/150/5894 1768/152/5894
f 1768/152/5894 1777/150/5894 1772/148/5895
f 1771/153/5896 1770/151/5897 1769/154/5898
f 1769/154/5898 1770/151/5897 1768/152/5897
f 1775/155/5899 1772/156/5899 1776/157/5899
f 1776/157/5900 1772/156/5900 1767/158/5900
f 1772/156/5901 1775/155/5901 1768/159/5901
f 1768/159/5901 1775/155/5901 1773/160/5901
f 1768/159/5902 1773/160/5902 1769/161/5902
f 1769/161/5902 1773/160/5902 1778/162/5902
f 1777/150/5903 1775/155/5904 1774/149/5903
f 1774/149/5904 1775/155/5904 1776/157/5904
f 1770/151/5905 1773/160/5905 1777/150/5905
f 1777/150/5905 1773/160/5905 1775/155/5905
f 1771/153/5906 1778/162/5906 1770/151/5906
f 1770/151/5907 1778/162/5907 1773/160/5907
f 1799/163/5908 1779/164/5908 1788/165/5908
f 1799/163/5908 1787/166/5908 1779/164/5908
f 1802/167/5909 1787/166/5908 1799/163/5908
f 1780/168/5909 1787/166/5908 1802/167/5909
f 1780/168/5910 1802/167/5910 1785/169/5911
f 1784/170/5911 1780/168/5909 1785/169/5911
f 1806/171/5911 1785/169/5911 1802/167/5910
f 1806/171/5911 1804/172/5912 1785/169/5911
f 1790/165/5913 1789/164/5914 1800/163/5913
f 1789/164/5914 1786/166/5913 1800/163/5913
f 1800/163/5915 1786/166/5915 1781/167/5914
f 1781/167/5914 1786/166/5915 1782/168/5914
f 1781/167/5914 1782/168/5914 1801/171/5916
f 1803/169/5916 1801/171/5916 1782/168/5914
f 1783/170/5916 1803/169/5916 1782/168/5914
f 1801/171/5916 1803/169/5916 1805/172/5917
f 1783/173/5918 1784/170/5918 1803/174/5918
f 1803/174/5918 1784/170/5918 1785/169/5918
f 1787/166/5919 1786/175/5919 1779/164/5919
f 1779/164/5919 1786/175/5919 1789/176/5919
f 1779/164/5920 1789/177/5920 1788/165/5920
f 1788/165/5920 1789/177/5920 1790/178/5921
f 1788/165/5922 1790/179/5922 1799/163/5923
f 1799/163/5922 1790/179/5922 1800/180/5922
f 1798/181/5924 1792/182/5924 1791/183/5924
f 1791/183/5924 1792/182/5924 1793/184/5924
f 1791/185/5925 1793/186/5926 1796/187/5925
f 1796/187/5925 1793/186/5925 1795/188/5925
f 1796/187/5927 1795/188/5927 1794/189/5927
f 1794/189/5927 1795/188/5927 1797/190/5927
f 1794/189/5928 1797/190/5928 1798/181/5928
f 1798/181/5928 1797/190/5928 1792/182/5929
f 1795/191/5918 1793/192/5918 1797/190/5918
f 1797/190/5918 1793/192/5918 1792/182/5918
f 1800/180/5930 1781/193/5930 1799/163/5930
f 1799/163/5930 1781/193/5930 1802/167/5930
f 1806/171/5931 1802/167/5931 1801/194/5932
f 1801/194/5932 1802/167/5931 1781/193/5931
f 1803/174/5933 1785/169/5934 1805/195/5934
f 1805/195/5935 1785/169/5934 1804/172/5933
f 1805/195/5936 1804/172/5936 1801/194/5936
f 1801/194/5937 1804/172/5937 1806/171/5936
f 1816/196/5918 1815/197/5918 1819/198/5918
f 1819/198/5938 1815/197/5938 1807/199/5938
f 1818/200/5939 1820/201/5939 1812/202/5939
f 1812/202/5939 1820/201/5939 1813/203/5939
f 1810/204/5940 1808/205/5940 1811/206/5941
f 1811/206/5941 1808/205/5940 1809/207/5941
f 1815/208/5942 1810/209/5942 1807/210/5942
f 1807/210/5943 1810/209/5942 1811/211/5942
f 1809/212/5917 1817/213/5915 1811/211/5915
f 1811/211/5913 1817/213/5915 1807/210/5914
f 1807/210/5914 1817/213/5913 1819/214/5913
f 1817/213/5913 1812/202/5913 1819/214/5913
f 1819/214/5913 1812/202/5913 1813/203/5913
f 1814/213/5912 1808/212/5912 1810/211/5912
f 1815/210/5908 1814/213/5908 1810/211/5908
f 1816/214/5912 1814/213/5912 1815/210/5912
f 1820/203/5908 1814/213/5908 1816/214/5908
f 1818/202/5908 1814/213/5908 1820/203/5908
f 1809/207/5944 1808/205/5939 1817/215/5939
f 1817/215/5944 1808/205/5944 1814/216/5944
f 1817/215/5945 1814/216/5945 1812/202/5945
f 1812/202/5945 1814/216/5946 1818/200/5946
f 1813/203/5947 1820/201/5947 1819/198/5947
f 1819/198/5947 1820/201/5947 1816/196/5948
f 1821/217/5918 1826/218/5918 1823/219/5918
f 1823/219/5918 1826/218/5918 1827/220/5918
f 1828/221/5939 1821/217/5939 1822/222/5939
f 1822/222/5939 1821/217/5939 1823/219/5939
f 1825/223/5940 1828/221/5949 1824/224/5950
f 1824/224/5950 1828/221/5940 1822/222/5950
f 1826/225/5943 1825/226/5943 1827/227/5943
f 1827/227/5942 1825/226/5942 1824/228/5942
f 1823/219/5951 1827/229/5913 1822/222/5913
f 1822/222/5913 1827/229/5951 1824/230/5914
f 1828/221/5908 1825/231/5908 1821/217/5908
f 1821/217/5908 1825/231/5908 1826/232/5908
f 2071/233/5952 1842/234/5952 1830/235/5952
f 1830/235/5952 1842/234/5952 1829/236/5952
f 1830/235/5953 1829/236/5953 1833/237/5953
f 1833/237/5953 1829/236/5953 1832/238/5953
f 1833/237/5954 1832/238/5955 1831/239/5956
f 1831/239/5957 1832/238/5955 1834/240/5954
f 1831/239/5958 1834/240/5958 1836/241/5958
f 1836/241/5959 1834/240/5959 1835/242/5959
f 1836/241/5960 1835/242/5961 2073/243/5962
f 2073/243/5962 1835/242/5963 1838/244/5962
f 2073/245/5964 1838/246/5964 1837/247/5964
f 1837/247/5964 1838/246/5964 1839/248/5964
f 1837/247/5965 1839/248/5965 1840/249/5965
f 1840/249/5965 1839/248/5965 1841/250/5965
f 1840/249/5966 1841/250/5966 2071/233/5966
f 2071/233/5966 1841/250/5966 1842/234/5966
f 1845/1708/5967 1843/1709/5967 1894/1710/5967
f 1845/1708/5968 1848/1711/5968 1843/1709/5969
f 1882/1712/5970 1894/1710/5971 1844/1713/5970
f 1882/1712/5970 1845/1708/5972 1894/1710/5970
f 1847/1714/5973 1881/1715/5974 1846/1716/5974
f 1847/1714/5975 1880/1717/5975 1881/1715/5975
f 1882/1718/5976 1880/1717/5977 1847/1714/5978
f 1882/1718/5976 1847/1714/5978 1845/1719/5979
f 1885/1720/5980 1845/1719/5979 1847/1714/5978
f 1849/1721/5981 1845/1719/5979 1885/1720/5980
f 1845/1719/5982 1849/1721/5983 1848/1722/5984
f 1886/1723/5985 1847/1714/5985 1846/1716/5985
f 1886/1723/5986 1885/1720/5987 1847/1714/5987
f 1843/1709/5970 1849/1724/5970 1888/1725/5970
f 1843/1709/5970 1848/1711/5970 1849/1724/5988
f 1850/1726/5989 1863/1727/5990 1858/1728/5991
f 1850/1726/5989 1858/1728/5991 1851/1729/5992
f 1851/1729/5993 1858/1728/5991 1852/1730/5994
f 1851/1729/5992 1852/1730/5994 1878/1731/5995
f 1878/1731/5995 1852/1730/5994 1853/1732/5996
f 1878/1731/5995 1853/1732/5996 1854/1733/5997
f 1854/1733/5997 1853/1732/5996 1855/1730/5998
f 1854/1733/5997 1855/1730/5999 1860/1731/6000
f 1860/1731/6000 1855/1730/5999 1856/1728/6001
f 1860/1731/6000 1856/1728/6001 1862/1729/6002
f 1862/1729/6003 1856/1728/6004 1863/1727/5990
f 1862/1729/6005 1863/1727/5990 1850/1726/5989
f 1863/1727/6006 1857/1734/6007 1864/1735/6008
f 1863/1727/6006 1864/1735/6008 1858/1728/6009
f 1858/1728/6009 1864/1735/6008 1859/1736/6010
f 1858/1728/6011 1859/1736/6012 1852/1730/6013
f 1852/1730/6014 1859/1736/6010 1866/1737/6015
f 1852/1730/6014 1866/1737/6016 1853/1732/6017
f 2094/1738/6018 1854/1733/6016 1860/1731/6019
f 2094/1738/6018 1860/1731/6019 1861/1739/6020
f 1861/1739/6021 1860/1731/6019 1862/1729/6022
f 1861/1739/6021 1862/1729/6022 2087/1740/6023
f 2087/1740/6024 1862/1729/6022 1850/1726/6025
f 2087/1740/6026 1850/1726/6007 1876/1741/6027
f 1853/1732/6017 1866/1737/6016 1867/1736/6019
f 1853/1732/6028 1867/1736/6019 1855/1730/6029
f 1855/1730/6030 1867/1736/6019 1869/1735/6022
f 1855/1730/6030 1869/1735/6022 1856/1728/6031
f 1856/1728/6031 1869/1735/6032 1857/1734/6007
f 1856/1728/6031 1857/1734/6007 1863/1727/6033
f 1857/1734/6034 1875/1742/6035 1871/1743/6036
f 1857/1734/6037 1871/1743/6036 1864/1735/6038
f 1864/1735/6039 1871/1743/6040 1865/1744/6041
f 1864/1735/6039 1865/1744/6041 1859/1736/6042
f 1859/1736/6042 1865/1744/6041 1872/1745/6043
f 1859/1736/6044 1872/1745/6045 1866/1737/6046
f 1866/1737/6046 1872/1745/6047 1873/1744/6048
f 1866/1737/6046 1873/1744/6048 1867/1736/6049
f 1867/1736/6049 1873/1744/6050 1868/1743/6051
f 1867/1736/6049 1868/1743/6051 1869/1735/6052
f 1869/1735/6053 1868/1743/6051 1875/1742/6035
f 1869/1735/6054 1875/1742/6055 1857/1734/6034
f 1875/1742/6033 2099/1746/6056 1870/1747/6057
f 1875/1742/6006 1870/1747/6057 1871/1743/6009
f 1871/1743/6009 1870/1747/6057 2105/1748/6058
f 1871/1743/6009 2105/1748/6058 1865/1744/6059
f 1865/1744/6059 2105/1748/6060 2101/1749/6061
f 1865/1744/6059 2101/1749/6061 1872/1745/6028
f 1872/1745/6017 2101/1749/6062 2097/1748/6063
f 1872/1745/6017 2097/1748/6063 1873/1744/6029
f 1873/1744/6030 2097/1748/6064 1874/1747/6065
f 1873/1744/6030 1874/1747/6066 1868/1743/6067
f 1868/1743/6031 1874/1747/6068 2099/1746/6069
f 1868/1743/6031 2099/1746/6070 1875/1742/6033
f 1876/1741/6071 1850/1726/6007 1851/1729/6008
f 1876/1741/6071 1851/1729/6008 1877/1740/6072
f 1877/1740/6073 1851/1729/6008 1878/1731/6012
f 1877/1740/6073 1878/1731/6012 1879/1739/6074
f 1879/1739/6075 1878/1731/6012 1854/1733/6016
f 1879/1739/6076 1854/1733/6016 2094/1738/6077
f 1882/1750/6078 1881/1751/6079 1880/1752/6080
f 1881/1751/6079 1882/1750/6081 1883/1753/6082
f 1883/1753/6082 1882/1750/6081 1844/1754/6083
f 1883/1753/6082 1844/1754/6084 1884/1755/6085
f 1893/1756/6086 1883/1753/6087 1884/1755/6088
f 1886/1751/6089 1849/1750/6090 1885/1752/6091
f 1887/1753/6092 1849/1750/6093 1886/1751/6094
f 1849/1750/6093 1887/1753/6092 1888/1754/6095
f 1888/1754/6095 1887/1753/6092 1889/1755/6096
f 1887/1753/6097 1890/1756/6098 1889/1755/6096
f 1891/1757/6099 1889/1758/6100 1890/1759/6101
f 1891/1757/6102 1892/1760/6103 1889/1758/6100
f 1884/1761/6104 1892/1760/6103 1891/1757/6102
f 1884/1761/6105 1891/1757/6106 1893/1762/6107
f 1844/1763/6108 1892/1760/6109 1884/1761/6110
f 1844/1763/6108 1894/1764/6111 1892/1760/6109
f 1894/1764/6111 1889/1758/6112 1892/1760/6113
f 1889/1758/6112 1894/1764/6114 1888/1765/6115
f 1888/1765/6116 1894/1764/6117 1843/1766/6118
f 1896/1767/6119 1740/1768/6120 1895/1769/6121
f 1896/1767/6119 1895/1769/6121 1897/1770/6122
f 1740/1768/6120 1898/1771/6123 1895/1769/6121
f 1897/1770/6122 1895/1769/6121 1899/1772/6124
f 1898/1771/6125 1747/1773/6126 1895/1769/6121
f 1895/1769/6121 1747/1773/6126 1899/1772/6124
f 1902/1774/6127 1901/1775/6128 1900/1776/6129
f 1900/1776/6130 1901/1775/6128 1903/1777/6131
f 1904/1778/6132 1902/1774/6133 1900/1776/6129
f 1903/1777/6131 1905/1779/6134 1900/1776/6129
f 1905/1779/6135 1904/1778/6136 1900/1776/6130
f 1910/1780/6137 1905/1779/6134 1903/1777/6131
f 1904/1778/6136 1905/1779/6135 1906/1781/6138
f 1910/1780/6139 1907/1782/6140 1905/1779/6134
f 1905/1779/6134 1907/1782/6140 1906/1781/6141
f 1907/1782/6142 1909/1779/6143 1908/1781/6144
f 1910/1780/6145 1909/1779/6146 1907/1782/6147
f 1909/1779/6148 1911/1778/6149 1908/1781/6150
f 1910/1780/6151 1903/1777/6152 1909/1779/6148
f 1911/1778/6153 1909/1779/6154 1912/1776/6155
f 1909/1779/6143 1903/1777/6131 1912/1776/6156
f 1912/1776/6156 1913/1774/6157 1911/1778/6158
f 1903/1777/6131 1901/1775/6159 1912/1776/6160
f 1912/1776/6156 1901/1775/6161 1913/1774/6162
f 1915/1783/6163 1914/1784/6164 756/1785/6165
f 756/1785/6166 1914/1784/6167 1916/1786/6168
f 1916/1786/6169 1914/1784/6167 1917/1787/6170
f 1914/1784/6167 766/1788/6171 1917/1787/6172
f 1914/1784/6173 1918/1789/6174 766/1788/6175
f 1918/1789/6174 1914/1784/6173 1915/1783/6163
f 766/1788/6176 1918/1789/6177 1919/1790/6178
f 1918/1789/6174 1915/1783/6179 1920/1791/6180
f 1918/1789/6177 1920/1791/6181 1919/1790/6182
f 1920/1791/6180 1915/1783/6183 760/1792/6184
f 1919/1790/6185 1920/1791/6181 765/1793/6186
f 760/1792/6184 767/1794/6187 1920/1791/6188
f 765/1793/6186 1920/1791/6181 768/1795/6189
f 1920/1791/6190 767/1794/6191 768/1795/6192
f 1921/1796/6193 759/1797/6194 758/1798/6195
f 758/1798/6196 757/1799/6197 1921/1796/6198
f 1921/1796/6199 757/1799/6200 1922/1800/6201
f 1923/1801/6202 1921/1796/6198 1922/1800/6203
f 1921/1796/6204 1923/1801/6205 1924/1802/6206
f 1924/1802/6206 759/1797/6194 1921/1796/6207
f 1924/1802/6208 1923/1801/6209 763/1803/6210
f 1924/1802/6211 1925/1804/6212 759/1797/6213
f 1924/1802/6214 763/1803/6215 1925/1804/6216
f 759/1797/6213 1925/1804/6217 761/1805/6218
f 1925/1804/6219 763/1803/6220 764/1806/6221
f 761/1805/6222 1925/1804/6223 762/1807/6224
f 1925/1804/6216 764/1806/6225 1926/1808/6226
f 762/1807/6227 1925/1804/6228 1926/1808/6229
f 1928/1809/6230 1927/1810/6231 1724/1811/6232
f 1726/1812/6233 1928/1809/6234 1724/1811/6235
f 1928/1809/6234 1736/1813/6236 1927/1810/6231
f 1729/1814/6237 1928/1809/6238 1726/1812/6239
f 1928/1809/6238 1731/1815/6240 1736/1813/6236
f 1729/1814/6237 1731/1815/6241 1928/1809/6230
f 1930/1774/6242 1929/1776/6243 1942/1775/6244
f 1942/1775/6245 1929/1776/6243 1931/1777/6246
f 1929/1776/6243 1930/1774/6247 1932/1778/6248
f 1929/1776/6243 1933/1779/6249 1931/1777/6250
f 1929/1776/6243 1932/1778/6251 1933/1779/6252
f 1931/1777/6250 1933/1779/6249 1938/1780/6253
f 1934/1781/6254 1933/1779/6252 1932/1778/6255
f 1933/1779/6249 1935/1782/6256 1938/1780/6253
f 1934/1781/6257 1935/1782/6258 1933/1779/6249
f 1937/1781/6259 1936/1779/6260 1935/1782/6261
f 1935/1782/6261 1936/1779/6260 1938/1780/6262
f 1937/1781/6259 1939/1778/6263 1936/1779/6260
f 1936/1779/6260 1931/1777/6264 1938/1780/6262
f 1940/1776/6265 1936/1779/6266 1939/1778/6263
f 1940/1776/6265 1931/1777/6264 1936/1779/6260
f 1939/1778/6267 1941/1774/6268 1940/1776/6265
f 1931/1777/6269 1940/1776/6265 1942/1775/6270
f 1942/1775/6270 1940/1776/6271 1941/1774/6272
f 1944/1785/6273 1943/1784/6274 927/1783/6275
f 933/1786/6276 1943/1784/6277 1944/1785/6278
f 935/1787/6279 1943/1784/6280 933/1786/6281
f 935/1787/6282 1945/1788/6283 1943/1784/6280
f 1945/1788/6283 1946/1789/6284 1943/1784/6280
f 927/1783/6285 1943/1784/6280 1946/1789/6284
f 1947/1790/6286 1946/1789/6287 1945/1788/6288
f 1948/1791/6289 927/1783/6285 1946/1789/6284
f 1947/1790/6290 1948/1791/6291 1946/1789/6284
f 929/1792/6292 927/1783/6293 1948/1791/6291
f 931/1793/6294 1948/1791/6295 1947/1790/6296
f 1948/1791/6291 930/1794/6297 929/1792/6292
f 1949/1795/6298 1948/1791/6289 931/1793/6299
f 1949/1795/6298 930/1794/6300 1948/1791/6289
f 926/1798/6301 928/1797/6302 1950/1796/6303
f 1950/1796/6304 932/1799/6305 926/1798/6301
f 934/1800/6306 932/1799/6305 1950/1796/6304
f 934/1800/6307 1950/1796/6308 1951/1801/6309
f 1952/1802/6310 1951/1801/6311 1950/1796/6303
f 1950/1796/6304 928/1797/6312 1952/1802/6313
f 1953/1803/6314 1951/1801/6315 1952/1802/6316
f 928/1797/6312 1954/1804/6317 1952/1802/6310
f 1954/1804/6318 1953/1803/6319 1952/1802/6310
f 1955/1805/6320 1954/1804/6321 928/1797/6322
f 936/1806/6323 1953/1803/6324 1954/1804/6325
f 1956/1807/6326 1954/1804/6327 1955/1805/6320
f 1957/1808/6328 936/1806/6329 1954/1804/6330
f 1957/1808/6331 1954/1804/6332 1956/1807/6326
f 1960/1816/6333 1959/1817/6334 1958/1818/6335
f 1960/1816/6336 1958/1818/6337 1961/1819/6338
f 1958/1818/6339 1959/1817/6334 1962/1820/6340
f 1959/1817/6341 1963/1821/6342 1962/1820/6343
f 1962/1820/6343 1963/1821/6344 630/1141/6345
f 1964/1143/6346 1962/1820/6343 630/1141/6345
f 1147/1153/6347 1962/1820/6348 1964/1143/6349
f 1147/1153/6350 1958/1818/6351 1962/1820/6352
f 1146/1151/6353 1958/1818/6354 1147/1153/6355
f 1145/1149/6356 1958/1818/6354 1146/1151/6357
f 1961/1819/6358 1958/1818/6359 1965/1822/6360
f 1965/1822/6360 1958/1818/6359 1145/1149/6361
f 1961/1819/6338 1965/1822/6362 1966/1823/6363
f 1145/1149/6364 1158/1148/6365 1965/1822/6366
f 1966/1823/6367 1965/1822/6368 598/1168/6369
f 1965/1822/6370 1158/1148/6371 598/1168/6372
f 1969/1824/6373 1968/1825/6374 1967/1826/6375
f 1970/1827/6376 1968/1825/6377 1969/1824/6378
f 1968/1825/6379 1970/1827/6380 1971/1828/6381
f 1967/1826/6382 1968/1825/6374 1972/1829/6383
f 1968/1825/6379 1971/1828/6384 1973/1830/6385
f 1974/1831/6386 1967/1826/6387 1972/1829/6388
f 1975/1832/6389 1967/1826/6390 1974/1831/6391
f 1974/1831/6392 1976/1833/6393 1975/1832/6394
f 1977/1834/6395 1976/1833/6396 1974/1831/6397
f 1977/1834/6398 1978/1835/6399 1976/1833/6400
f 1979/1836/6401 1978/1835/6402 1977/1834/6403
f 1979/1836/6404 1980/1837/6405 1978/1835/6406
f 1981/1838/6407 1980/1837/6408 1979/1836/6409
f 1981/1838/6410 1982/1839/6411 1980/1837/6412
f 1983/1840/6413 1982/1839/6411 1981/1838/6414
f 1971/1828/6415 1984/1841/6416 1973/1830/6417
f 1983/1840/6418 1985/1842/6419 1982/1839/6420
f 1986/1843/6421 1985/1842/6419 1983/1840/6418
f 1984/1841/6422 1985/1842/6423 1986/1843/6424
f 1987/1844/6425 1984/1841/6426 1971/1828/6381
f 1988/1845/6427 1985/1842/6428 1984/1841/6416
f 1984/1841/6429 1987/1844/6430 1988/1845/6431
f 1991/1481/6432 1990/1846/6433 1989/1479/6434
f 1990/1846/6433 1992/1476/6435 1989/1479/6434
f 1993/1847/6436 1990/1846/6437 1991/1481/6438
f 1991/1481/6438 1994/1848/6439 1993/1847/6440
f 576/1458/6441 1994/1848/6442 1991/1481/6443
f 576/1458/6444 1407/1457/6445 1994/1848/6446
f 1994/1848/6446 1407/1457/6445 1995/1849/6447
f 1993/1847/6448 1994/1848/6439 1995/1849/6447
f 1407/1457/6449 1996/1460/6450 1995/1849/6451
f 1990/1846/6433 1993/1847/6452 1997/1850/6453
f 1997/1850/6454 1993/1847/6436 1995/1849/6455
f 1998/1851/6456 1992/1476/6457 1990/1846/6458
f 1997/1850/6459 1998/1851/6460 1990/1846/6433
f 1995/1849/6461 1996/1460/6462 1999/1852/6463
f 1996/1460/6464 441/1462/6465 1999/1852/6466
f 1999/1852/6467 2000/1853/6468 1995/1849/6469
f 1995/1849/6470 2000/1853/6471 1997/1850/6472
f 1999/1852/6473 441/1462/6465 2001/1854/6474
f 1999/1852/6475 2001/1854/6476 2000/1853/6477
f 2001/1854/6478 441/1462/6479 2002/1855/6480
f 2002/1855/6481 441/1462/6482 2031/1464/6483
f 2002/1855/6484 2031/1464/6485 1409/1467/6486
f 1409/1467/6487 1410/1469/6488 2002/1855/6489
f 2002/1855/6490 2003/1856/6491 2001/1854/6492
f 2000/1853/6493 2001/1854/6476 2003/1856/6494
f 2002/1855/6495 1410/1469/6496 2004/1857/6497
f 2004/1857/6497 2003/1856/6491 2002/1855/6498
f 1410/1469/6496 1411/1471/6499 2004/1857/6497
f 2003/1856/6500 2005/1858/6501 2000/1853/6477
f 2004/1857/6497 2005/1858/6502 2003/1856/6503
f 2000/1853/6504 2006/1859/6505 1997/1850/6472
f 2000/1853/6477 2005/1858/6506 2006/1859/6507
f 2004/1857/6497 1411/1471/6499 2007/1860/6508
f 2007/1860/6508 2005/1858/6502 2004/1857/6497
f 1411/1471/6499 2008/1861/6509 2007/1860/6510
f 2008/1861/6509 2005/1858/6502 2007/1860/6510
f 2009/1473/6511 2008/1861/6512 1411/1471/6513
f 1416/1485/6514 2008/1861/6512 2009/1473/6515
f 2010/1862/6516 2005/1858/6517 2008/1861/6512
f 2010/1862/6516 2008/1861/6518 1416/1485/6519
f 2010/1862/6520 2006/1859/6521 2005/1858/6506
f 2010/1862/6522 1416/1485/6523 2011/1863/6524
f 2011/1863/6525 2006/1859/6526 2010/1862/6522
f 2011/1863/6525 1416/1485/6527 1417/1487/6528
f 1997/1850/6454 2006/1859/6529 2012/1864/6530
f 2011/1863/6531 2012/1864/6532 2006/1859/6505
f 2012/1864/6533 1998/1851/6534 1997/1850/6453
f 2011/1863/6535 1417/1487/6536 2013/1865/6537
f 2013/1865/6538 2012/1864/6539 2011/1863/6540
f 2013/1865/6541 1998/1851/6534 2012/1864/6533
f 2013/1865/6537 1417/1487/6542 2014/1489/6543
f 2015/1866/6544 1998/1851/6534 2013/1865/6541
f 2014/1489/6545 2015/1866/6544 2013/1865/6546
f 1998/1851/6534 2015/1866/6544 1992/1476/6457
f 2016/1477/6547 2015/1866/6548 2014/1489/6545
f 1992/1476/6549 2015/1866/6550 2016/1477/6551
f 1442/1479/6552 2018/1846/6553 2017/1481/6554
f 1442/1479/6555 2019/1476/6556 2018/1846/6557
f 2017/1481/6554 2018/1846/6553 2020/1847/6558
f 2020/1847/6559 2021/1848/6560 2017/1481/6554
f 2017/1481/6554 2021/1848/6560 2022/1458/6561
f 2021/1848/6560 2023/1457/6562 2022/1458/6561
f 2024/1849/6563 2023/1457/6564 2021/1848/6565
f 2024/1849/6566 2021/1848/6567 2020/1847/6559
f 2024/1849/6568 1435/1460/6569 2023/1457/6570
f 2025/1850/6571 2020/1847/6572 2018/1846/6553
f 2024/1849/6573 2020/1847/6574 2025/1850/6575
f 2018/1846/6576 2019/1476/6577 2026/1851/6578
f 2026/1851/6579 2025/1850/6571 2018/1846/6580
f 2027/1852/6581 1435/1460/6582 2024/1849/6583
f 2027/1852/6584 465/1462/6585 1435/1460/6569
f 2024/1849/6586 2028/1853/6587 2027/1852/6581
f 2025/1850/6588 2028/1853/6589 2024/1849/6590
f 2029/1854/6591 465/1462/6592 2027/1852/6584
f 2028/1853/6593 2029/1854/6594 2027/1852/6595
f 2030/1855/6596 465/1462/6597 2029/1854/6598
f 2031/1464/6599 465/1462/6597 2030/1855/6600
f 2032/1467/6601 2031/1464/6602 2030/1855/6603
f 2030/1855/6604 2033/1469/6605 2032/1467/6606
f 2029/1854/6607 2034/1856/6608 2030/1855/6609
f 2034/1856/6610 2029/1854/6611 2028/1853/6593
f 2035/1857/6612 2033/1469/6613 2030/1855/6609
f 2030/1855/6609 2034/1856/6608 2035/1857/6612
f 2035/1857/6614 2036/1471/6615 2033/1469/6616
f 2028/1853/6617 2037/1858/6618 2034/1856/6610
f 2037/1858/6619 2035/1857/6620 2034/1856/6621
f 2025/1850/6588 2038/1859/6622 2028/1853/6623
f 2038/1859/6624 2037/1858/6625 2028/1853/6593
f 2039/1860/6626 2036/1471/6627 2035/1857/6628
f 2039/1860/6626 2035/1857/6628 2037/1858/6629
f 2039/1860/6630 2040/1861/6631 2036/1471/6632
f 2039/1860/6630 2037/1858/6633 2040/1861/6631
f 2036/1471/6634 2040/1861/6635 1443/1473/6636
f 1443/1473/6637 2040/1861/6638 2041/1485/6639
f 2040/1861/6631 2037/1858/6619 2042/1862/6640
f 2041/1485/6639 2040/1861/6638 2042/1862/6641
f 2037/1858/6642 2038/1859/6643 2042/1862/6644
f 2043/1863/6645 2041/1485/6646 2042/1862/6644
f 2042/1862/6647 2038/1859/6648 2043/1863/6649
f 1445/1487/6650 2041/1485/6651 2043/1863/6645
f 2044/1864/6652 2038/1859/6653 2025/1850/6588
f 2038/1859/6622 2044/1864/6654 2043/1863/6655
f 2044/1864/6656 2025/1850/6657 2026/1851/6658
f 2045/1865/6659 1445/1487/6660 2043/1863/6661
f 2043/1863/6661 2044/1864/6662 2045/1865/6659
f 2026/1851/6663 2045/1865/6664 2044/1864/6656
f 1447/1489/6665 1445/1487/6660 2045/1865/6659
f 2046/1866/6666 2045/1865/6667 2026/1851/6663
f 2045/1865/6668 2046/1866/6669 1447/1489/6670
f 2019/1476/6671 2046/1866/6666 2026/1851/6663
f 1447/1489/6672 2046/1866/6669 1448/1477/6673
f 1448/1477/6674 2046/1866/6675 2019/1476/6676
f 2047/1867/166 208/1868/166 220/1869/166
f 2047/1867/166 220/1869/166 2048/1870/166
f 2047/1867/6677 2049/1871/166 208/1868/166
f 2047/1867/166 2048/1870/166 217/1872/166
f 2047/1867/166 210/1873/166 2049/1871/166
f 2047/1867/166 217/1872/166 215/1874/166
f 2047/1867/166 212/1875/166 210/1873/166
f 2047/1867/166 215/1874/166 212/1875/166
f 2050/1876/153 219/1877/141 209/1878/141
f 2050/1876/153 209/1878/141 2051/1879/141
f 2050/1876/153 218/1880/141 219/1877/141
f 2050/1876/6678 2051/1879/141 211/1881/153
f 2050/1876/6678 214/1882/141 218/1880/141
f 2050/1876/153 211/1881/141 213/1883/141
f 2050/1876/6678 216/1884/141 214/1882/153
f 2050/1876/6678 213/1883/141 216/1884/141
f 2053/1885/6679 990/1886/6680 2052/1887/6681
f 2053/1885/6679 2052/1887/6681 2054/1888/6682
f 2053/1885/6679 2055/1889/6680 990/1886/6680
f 2053/1885/6683 2054/1888/6682 995/1890/6684
f 2053/1885/6679 993/1891/6685 2055/1889/6680
f 2053/1885/6683 995/1890/6686 993/1891/6685
f 2057/1892/6687 2056/1887/6688 991/1886/6689
f 2057/1892/6690 991/1886/6689 992/1889/6689
f 2057/1892/6687 989/1888/6691 2056/1887/6688
f 2057/1892/6687 992/1889/6689 994/1891/6692
f 2057/1892/6687 988/1890/6693 989/1888/6694
f 2057/1892/6687 994/1891/6695 988/1890/6696
f 2059/1893/6697 1120/1894/6698 2058/1895/6699
f 2059/1893/6700 2058/1895/6699 2060/1896/6701
f 2059/1893/6702 1132/1897/6703 1120/1894/6698
f 2059/1893/6702 2060/1896/6704 2061/1898/6705
f 2059/1893/6702 1137/1899/6706 1132/1897/6703
f 2059/1893/6702 2061/1898/6705 2062/1900/6707
f 2059/1893/6702 1139/1901/6708 1137/1899/6706
f 2059/1893/6702 2062/1900/6707 2063/1902/6709
f 2059/1893/6702 1131/1903/6710 1139/1901/6708
f 2059/1893/6702 2063/1902/6709 1131/1903/6711
f 2065/1904/6712 2064/1905/6713 1128/1906/6714
f 2065/1904/6712 1128/1906/6714 1127/1907/6715
f 2065/1904/6712 1130/1908/6716 2064/1905/6713
f 2065/1904/6712 1127/1907/6715 1124/1909/6717
f 2065/1904/6712 2066/1910/6718 1130/1908/6716
f 2065/1904/6719 1124/1909/6720 2067/1911/6721
f 2065/1904/6722 2068/1912/6723 2066/1910/6724
f 2065/1904/6712 2067/1911/6725 1134/1913/6726
f 2065/1904/6712 1140/1914/6727 2068/1912/6728
f 2065/1904/6712 1134/1913/6729 1135/1915/6730
f 2065/1904/6712 2069/1916/6731 1140/1914/6727
f 2065/1904/6732 1135/1915/6733 2069/1916/6734
f 2070/1867/6735 1829/1868/5950 1842/1869/5950
f 2070/1867/6736 1842/1869/5950 1841/1870/5940
f 2070/1867/6737 1832/1871/5950 1829/1868/5950
f 2070/1867/6735 1841/1870/6738 1839/1872/6739
f 2070/1867/6736 1834/1873/6738 1832/1871/5950
f 2070/1867/6740 1839/1872/5940 1838/1874/5941
f 2070/1867/6736 1835/1875/6738 1834/1873/6738
f 2070/1867/6736 1838/1874/5950 1835/1875/6738
f 2072/1876/5918 2071/1877/5918 1830/1878/5918
f 2072/1876/5918 1830/1878/5918 1833/1879/5918
f 2072/1876/5918 1840/1880/5918 2071/1877/5918
f 2072/1876/5918 1833/1879/5918 1831/1881/5918
f 2072/1876/5918 1837/1882/5918 1840/1880/5918
f 2072/1876/5918 1831/1881/5918 1836/1883/5918
f 2072/1876/5918 2073/1884/5918 1837/1882/5918
f 2072/1876/5918 1836/1883/5918 2073/1884/5918
f 2076/1917/6741 2075/1918/6742 2074/1919/6743
f 2076/1917/6744 2074/1919/6743 2077/1920/6745
f 2077/1920/6746 2074/1919/6747 2078/1921/6748
f 2079/1922/6749 2075/1918/6750 2076/1917/6751
f 2079/1922/6752 2080/1923/6753 2075/1918/6754
f 2077/1920/6755 2078/1921/6748 2081/1924/6756
f 2081/1924/6757 2078/1921/6758 2082/1925/6759
f 2077/1920/6760 2083/1926/6761 2076/1917/6762
f 2076/1917/6763 2083/1926/6764 2079/1922/6765
f 2081/1924/6766 2083/1926/6767 2077/1920/6768
f 2084/1927/6769 2080/1923/6770 2079/1922/6771
f 2079/1922/6772 2083/1926/6773 2084/1927/6774
f 2084/1927/6769 2085/1928/6775 2080/1923/6770
f 2081/1924/6776 2082/1925/6759 2086/1929/6777
f 2086/1929/6778 2083/1926/6779 2081/1924/6780
f 2086/1929/6781 2082/1925/6782 2085/1928/6783
f 2084/1927/6784 2083/1926/6785 2086/1929/6786
f 2086/1929/6787 2085/1928/6783 2084/1927/6784
f 2088/1930/6788 2087/1931/6789 1876/1932/6071
f 2088/1930/6790 1876/1932/6071 2089/1933/6791
f 2089/1933/6792 1876/1932/6071 1877/1934/6793
f 2090/1935/6794 2087/1931/6024 2088/1930/6795
f 2090/1935/6796 1861/1936/6021 2087/1931/6024
f 2089/1933/6792 1877/1934/6797 2091/1937/6798
f 2091/1937/6799 1877/1934/6073 1879/1938/6075
f 2089/1933/6800 2092/1939/6801 2088/1930/6802
f 2088/1930/6790 2092/1939/6803 2090/1935/6804
f 2091/1937/6805 2092/1939/6806 2089/1933/6807
f 2093/1940/6808 1861/1936/6020 2090/1935/6809
f 2090/1935/6810 2092/1939/6811 2093/1940/6812
f 2093/1940/6808 2094/1941/6018 1861/1936/6020
f 2091/1937/6813 1879/1938/6074 2095/1942/6814
f 2095/1942/6815 2092/1939/6816 2091/1937/6817
f 2095/1942/6818 1879/1938/6076 2094/1941/6077
f 2093/1940/6808 2092/1939/6819 2095/1942/6820
f 2095/1942/6815 2094/1941/6018 2093/1940/6821
f 2097/1943/6063 2096/1944/6822 1874/1945/6823
f 1874/1945/6824 2096/1944/6825 2098/1946/6826
f 1874/1945/6824 2098/1946/6826 2099/1947/6070
f 2097/1943/6063 2100/1948/6827 2096/1944/6822
f 2101/1949/6828 2100/1948/6829 2097/1943/6063
f 2099/1947/6070 2098/1946/6830 2102/1950/6831
f 2099/1947/6056 2102/1950/6831 1870/1951/6057
f 2096/1944/6822 2103/1952/6832 2098/1946/6833
f 2100/1948/6834 2103/1952/6835 2096/1944/6836
f 2098/1946/6837 2103/1952/6838 2102/1950/6839
f 2101/1949/6061 2104/1953/6840 2100/1948/6841
f 2104/1953/6842 2103/1952/6843 2100/1948/6844
f 2105/1954/6058 2104/1953/6845 2101/1949/6061
f 1870/1951/6057 2102/1950/6839 2106/1955/6846
f 2102/1950/6847 2103/1952/6848 2106/1955/6849
f 2106/1955/6850 2103/1952/6851 2104/1953/6852
f 1870/1951/6853 2106/1955/6850 2105/1954/6854
f 2105/1954/6855 2106/1955/6856 2104/1953/6845
f 2109/135/99 2107/136/99 2112/137/99
f 2107/136/100 2109/135/100 2111/138/100
f 2110/139/101 2109/140/101 2108/141/101
f 2107/136/102 2113/142/102 2112/137/102
f 2110/143/103 2111/138/103 2109/135/103
f 2109/140/104 2113/142/104 2108/141/104
f 2113/142/105 2109/140/6857 2112/137/6857
f 2205/144/106 2209/145/107 2114/146/108
f 2120/135/109 2115/136/109 2117/137/109
f 2115/136/110 2120/135/110 2116/138/110
f 2118/139/111 2120/140/111 2119/141/111
f 2115/136/112 2121/142/113 2117/137/113
f 2118/143/115 2116/138/115 2120/135/115
f 2120/140/116 2121/142/116 2119/141/116
f 2121/142/117 2120/140/117 2117/137/117
f 2126/147/118 2122/148/118 2127/149/118
f 2127/149/6858 2122/148/6858 2129/150/119
f 2130/151/120 2129/150/120 2125/152/120
f 2125/152/6859 2129/150/6859 2122/148/6859
f 2124/153/121 2130/151/121 2123/154/121
f 2123/154/121 2130/151/6860 2125/152/121
f 2131/155/122 2122/156/122 2128/157/122
f 2128/157/122 2122/156/122 2126/158/122
f 2122/156/123 2131/155/124 2125/159/124
f 2125/159/124 2131/155/124 2133/160/124
f 2125/159/125 2133/160/125 2123/161/125
f 2123/161/125 2133/160/125 2132/162/125
f 2129/150/126 2131/155/126 2127/149/127
f 2127/149/127 2131/155/127 2128/157/127
f 2130/151/128 2133/160/128 2129/150/128
f 2129/150/129 2133/160/129 2131/155/129
f 2124/153/130 2132/162/130 2130/151/130
f 2130/151/130 2132/162/130 2133/160/130
f 2155/163/131 2143/164/132 2146/165/131
f 2155/163/131 2144/166/131 2143/164/131
f 2134/167/131 2144/166/131 2155/163/131
f 2135/168/131 2144/166/131 2134/167/131
f 2135/168/132 2134/167/132 2136/169/133
f 2142/170/133 2135/168/131 2136/169/133
f 2157/171/133 2136/169/133 2134/167/131
f 2157/171/6861 2160/172/132 2136/169/6861
f 2145/165/134 2137/164/134 2156/163/134
f 2137/164/134 2138/166/134 2156/163/134
f 2156/163/135 2138/166/135 2158/167/135
f 2158/167/134 2138/166/134 2139/168/134
f 2158/167/134 2139/168/134 2161/171/136
f 2141/169/137 2161/171/136 2139/168/134
f 2140/170/137 2141/169/137 2139/168/134
f 2161/171/139 2141/169/6862 2159/172/176
f 2140/173/141 2142/170/141 2141/174/141
f 2141/174/141 2142/170/141 2136/169/141
f 2144/166/142 2138/175/142 2143/164/143
f 2143/164/142 2138/175/144 2137/176/142
f 2143/164/145 2137/177/145 2146/165/145
f 2146/165/145 2137/177/145 2145/178/146
f 2146/165/147 2145/179/147 2155/163/147
f 2155/163/147 2145/179/147 2156/180/147
f 2151/181/148 2154/182/149 2148/183/149
f 2148/183/149 2154/182/149 2152/184/149
f 2148/185/150 2152/186/150 2147/187/150
f 2147/187/150 2152/186/150 2153/188/150
f 2147/187/151 2153/188/151 2149/189/151
f 2149/189/151 2153/188/151 2150/190/151
f 2149/189/152 2150/190/152 2151/181/152
f 2151/181/152 2150/190/152 2154/182/152
f 2153/191/141 2152/192/153 2150/190/141
f 2150/190/141 2152/192/141 2154/182/141
f 2156/180/154 2158/193/155 2155/163/156
f 2155/163/157 2158/193/157 2134/167/157
f 2157/171/158 2134/167/158 2161/194/158
f 2161/194/158 2134/167/158 2158/193/158
f 2141/174/161 2136/169/159 2159/195/161
f 2159/195/159 2136/169/159 2160/172/159
f 2159/195/162 2160/172/162 2161/194/6863
f 2161/194/6864 2160/172/6864 2157/171/6864
f 2175/196/141 2170/197/141 2162/198/141
f 2162/198/141 2170/197/141 2166/199/141
f 2172/200/164 2171/201/164 2167/202/164
f 2167/202/164 2171/201/164 2174/203/164
f 2168/204/165 2163/205/166 2164/206/166
f 2164/206/166 2163/205/166 2165/207/166
f 2170/208/6865 2168/209/167 2166/210/168
f 2166/210/167 2168/209/167 2164/211/167
f 2165/212/134 2173/213/134 2164/211/134
f 2164/211/135 2173/213/135 2166/210/135
f 2166/210/134 2173/213/134 2162/214/134
f 2173/213/134 2167/202/134 2162/214/134
f 2162/214/134 2167/202/134 2174/203/134
f 2169/213/132 2163/212/131 2168/211/131
f 2170/210/131 2169/213/131 2168/211/131
f 2175/214/131 2169/213/131 2170/210/131
f 2171/203/131 2169/213/132 2175/214/131
f 2172/202/131 2169/213/131 2171/203/131
f 2165/207/164 2163/205/164 2173/215/164
f 2173/215/164 2163/205/164 2169/216/164
f 2173/215/171 2169/216/171 2167/202/171
f 2167/202/172 2169/216/172 2172/200/172
f 2174/203/173 2171/201/173 2162/198/174
f 2162/198/173 2171/201/173 2175/196/173
f 2177/217/141 2180/218/141 2176/219/141
f 2176/219/141 2180/218/141 2181/220/141
f 2183/221/164 2177/217/164 2179/222/164
f 2179/222/164 2177/217/164 2176/219/164
f 2182/223/166 2183/221/166 2178/224/166
f 2178/224/166 2183/221/166 2179/222/166
f 2180/225/175 2182/226/175 2181/227/6866
f 2181/227/167 2182/226/167 2178/228/167
f 2176/219/134 2181/229/134 2179/222/134
f 2179/222/135 2181/229/135 2178/230/6867
f 2183/221/132 2182/231/132 2177/217/132
f 2177/217/132 2182/231/132 2180/232/132
f 2195/233/177 2196/234/177 2185/235/177
f 2185/235/177 2196/234/177 2184/236/177
f 2185/235/178 2184/236/178 4027/237/178
f 4027/237/6868 2184/236/6868 4025/238/6868
f 4027/237/179 4025/238/180 2187/239/180
f 2187/239/180 4025/238/180 2186/240/180
f 2187/239/181 2186/240/181 2189/241/181
f 2189/241/181 2186/240/182 2188/242/181
f 2189/241/183 2188/242/183 2192/243/183
f 2192/243/183 2188/242/183 2191/244/183
f 2192/245/184 2191/246/184 2190/247/184
f 2190/247/184 2191/246/184 2193/248/184
f 2190/247/185 2193/248/185 2194/249/185
f 2194/249/6869 2193/248/185 4024/250/185
f 2194/249/186 4024/250/186 2195/233/186
f 2195/233/186 4024/250/186 2196/234/186
f 2200/251/187 2203/252/188 2201/253/188
f 2203/252/187 2200/251/187 2204/254/189
f 2198/251/190 2202/252/191 2197/254/192
f 2202/252/191 2198/251/191 2199/253/191
f 2200/251/193 2199/255/193 2198/256/193
f 2199/255/193 2200/251/193 2201/257/193
f 2203/258/194 2197/259/194 2202/260/194
f 2197/259/194 2203/258/194 2204/254/195
f 2197/259/196 2200/251/197 2198/256/198
f 2200/251/197 2197/259/199 2204/254/197
f 2208/261/200 2205/144/201 2114/146/202
f 2205/144/201 2208/261/203 2210/262/204
f 2206/263/205 2210/262/204 2208/261/206
f 2206/263/207 2208/261/208 2207/262/209
f 2208/261/210 2209/144/211 2207/262/212
f 2209/144/213 2208/261/214 2114/146/215
f 2205/144/216 2207/264/217 2209/265/218
f 2207/264/217 2205/144/216 2210/262/217
f 2212/266/6870 2211/267/221 2216/268/222
f 2211/267/223 2212/266/224 2220/269/6871
f 2213/270/226 2220/269/225 2212/266/224
f 2220/269/227 2213/270/228 2222/271/229
f 2214/272/230 2222/271/231 2213/270/6872
f 2222/271/232 2214/272/233 2215/273/234
f 2217/267/235 2212/266/236 2216/268/237
f 2212/266/224 2217/267/238 2219/274/239
f 2219/274/240 2213/270/228 2212/266/241
f 2213/270/228 2219/274/242 2221/271/6873
f 2221/271/243 2214/272/244 2213/270/228
f 2214/272/245 2221/271/246 2218/273/247
f 2211/275/248 2219/276/249 2217/277/250
f 2219/276/249 2211/275/251 2220/278/252
f 2220/278/253 2221/279/246 2219/276/240
f 2221/279/246 2220/278/254 2222/280/255
f 2222/280/229 2218/281/247 2221/279/256
f 2218/281/247 2222/280/257 2215/282/258
f 2229/283/259 2228/284/260 2227/285/261
f 2228/284/261 2229/283/259 2231/286/260
f 2228/284/261 2231/286/261 2230/287/261
f 2226/284/262 2223/283/263 2234/285/264
f 2223/283/263 2226/284/262 2224/286/265
f 2225/287/262 2224/286/265 2226/284/262
f 2227/285/266 2226/288/267 2234/289/266
f 2226/288/6874 2227/285/268 2228/284/269
f 2228/284/6875 2225/290/271 2226/288/272
f 2225/290/271 2228/284/6875 2230/287/271
f 2231/291/273 2223/292/274 2224/293/275
f 2223/292/274 2231/291/273 2229/294/274
f 2230/287/276 2224/295/277 2225/296/276
f 2224/295/277 2230/287/276 2231/286/278
f 2233/297/279 2229/298/279 2235/299/279
f 2233/297/279 2223/300/279 2229/298/279
f 2234/301/264 2233/302/280 2232/303/281
f 2233/302/6876 2234/301/283 2223/304/6876
f 2229/304/261 2236/303/261 2235/302/284
f 2236/303/261 2229/304/261 2227/301/261
f 2239/305/285 2238/306/286 2237/307/287
f 2238/306/286 2239/305/285 2240/308/286
f 2241/309/288 2244/305/288 2242/310/288
f 2244/305/289 2241/309/288 2243/307/288
f 2239/305/290 2241/309/290 2242/310/290
f 2241/309/290 2239/305/290 2237/307/290
f 2238/306/291 2244/305/292 2243/307/292
f 2244/305/292 2238/306/291 2240/308/292
f 2254/311/284 2246/312/284 2245/313/261
f 2246/312/284 2254/311/284 2255/314/260
f 2256/315/261 2246/312/284 2255/314/261
f 2246/312/259 2256/315/261 2252/316/260
f 2249/313/265 2248/314/262 2247/311/293
f 2248/314/262 2249/313/265 2250/312/262
f 2251/316/262 2248/314/262 2250/312/262
f 2248/314/262 2251/316/262 2253/315/262
f 2253/317/294 2252/318/296 2256/319/294
f 2252/318/296 2253/317/294 2251/320/297
f 2251/320/298 2246/321/299 2252/318/300
f 2246/321/299 2251/320/241 2250/322/299
f 2249/323/301 2246/321/302 2250/322/303
f 2246/321/302 2249/323/304 2245/324/305
f 2247/325/306 2245/324/305 2249/323/301
f 2245/324/305 2247/325/306 2254/326/307
f 2248/327/308 2254/326/307 2247/325/198
f 2254/326/309 2248/327/308 2255/328/308
f 2248/327/310 2256/329/311 2255/328/310
f 2256/329/311 2248/327/310 2253/330/311
f 2258/331/284 2257/332/284 2266/333/284
f 2259/334/260 2266/333/259 2257/332/259
f 2266/333/284 2259/334/260 2260/335/259
f 2265/332/262 2262/333/262 2261/331/265
f 2265/332/262 2263/335/262 2262/333/262
f 2263/335/262 2265/332/262 2264/334/262
f 2265/336/312 2260/337/313 2264/338/313
f 2260/337/313 2265/336/312 2266/339/314
f 2261/340/315 2266/339/316 2265/336/312
f 2266/339/317 2261/340/315 2258/341/318
f 2262/342/319 2258/341/318 2261/340/315
f 2258/341/318 2262/342/320 2257/343/321
f 2263/344/322 2257/343/323 2262/342/319
f 2257/343/323 2263/344/322 2259/345/322
f 2280/346/259 2267/347/260 2283/348/260
f 2279/349/324 2267/347/261 2280/346/284
f 2286/350/325 2267/347/261 2279/349/324
f 2273/351/326 2267/347/261 2286/350/325
f 2277/352/327 2273/351/326 2286/350/325
f 2275/353/284 2273/351/326 2277/352/327
f 2268/354/328 2277/352/327 2286/350/325
f 2285/355/329 2277/352/327 2268/354/328
f 2274/353/265 2269/352/235 2276/351/330
f 2269/352/235 2270/350/331 2276/351/330
f 2271/355/332 2270/350/333 2269/352/235
f 2284/354/6877 2270/350/334 2271/355/6877
f 2270/350/331 2281/347/262 2276/351/330
f 2278/349/335 2281/347/262 2270/350/331
f 2272/346/265 2281/347/262 2278/349/335
f 2282/348/262 2281/347/262 2272/346/265
f 2281/356/336 2273/357/336 2276/358/336
f 2273/357/336 2281/356/337 2267/359/336
f 2276/360/313 2275/361/313 2274/362/313
f 2275/361/313 2276/360/313 2273/363/313
f 2274/362/338 2277/364/338 2269/365/338
f 2277/364/338 2274/362/338 2275/361/339
f 2269/365/340 2285/366/340 2271/367/340
f 2285/366/341 2269/365/341 2277/364/341
f 2270/368/198 2279/369/198 2278/370/196
f 2279/369/198 2270/368/198 2286/371/198
f 2278/370/313 2280/372/313 2272/373/313
f 2280/372/313 2278/370/313 2279/369/313
f 2272/373/198 2283/374/198 2282/375/198
f 2283/374/198 2272/373/198 2280/372/198
f 2282/375/322 2267/376/322 2281/377/322
f 2267/376/322 2282/375/322 2283/374/322
f 2271/367/196 2268/378/198 2284/379/198
f 2268/378/198 2271/367/196 2285/366/198
f 2284/379/342 2286/371/342 2270/368/342
f 2286/371/342 2284/379/342 2268/378/342
f 2297/380/343 2288/381/344 2287/382/345
f 2288/381/344 2297/380/346 2289/383/347
f 2289/383/347 2290/384/348 2288/381/344
f 2290/384/348 2289/383/347 2291/385/349
f 2295/386/336 2290/384/351 2291/385/352
f 2290/384/353 2295/386/354 2296/387/355
f 2287/382/345 2298/383/356 2297/380/343
f 2298/383/357 2287/382/358 2292/381/359
f 2292/381/359 2293/385/360 2298/383/357
f 2293/385/361 2292/381/359 2294/384/362
f 2294/384/363 2295/386/364 2293/385/361
f 2295/386/364 2294/384/365 2296/387/279
f 2289/388/366 2297/389/366 2291/390/366
f 2295/391/193 2291/390/322 2297/389/322
f 2295/391/193 2297/389/322 2293/390/367
f 2293/390/367 2297/389/322 2298/388/367
f 2301/392/368 2304/393/369 2303/394/370
f 2304/393/371 2301/392/372 2299/395/373
f 2299/395/374 2305/396/375 2304/393/376
f 2305/396/377 2299/395/374 2300/397/378
f 2303/394/379 2302/395/380 2301/392/381
f 2302/395/380 2303/394/382 2306/393/383
f 2306/393/384 2300/397/385 2302/395/386
f 2300/397/385 2306/393/384 2305/396/377
f 2305/398/193 2303/399/193 2304/400/387
f 2305/398/193 2306/401/388 2303/399/193
f 2309/402/196 2308/403/198 2307/404/198
f 2308/403/198 2309/402/196 2310/405/198
f 2311/406/262 2310/405/262 2309/402/293
f 2310/405/262 2311/406/262 2312/407/262
f 2314/402/336 2312/403/350 2311/404/337
f 2312/403/336 2314/402/336 2313/405/336
f 2309/402/322 2314/408/322 2311/409/322
f 2314/408/322 2309/402/322 2307/404/322
f 2308/403/313 2312/410/313 2313/411/313
f 2312/410/313 2308/403/313 2310/405/313
f 2321/412/198 2316/413/198 2315/414/196
f 2316/413/198 2321/412/198 2320/415/196
f 2318/416/259 2315/414/260 2317/417/261
f 2315/414/261 2318/416/284 2321/412/259
f 2319/418/336 2317/419/279 2322/420/336
f 2317/419/279 2319/418/279 2318/421/336
f 2321/412/193 2319/418/193 2320/415/193
f 2319/418/193 2321/412/193 2318/421/193
f 2316/413/313 2317/422/313 2315/414/313
f 2317/422/313 2316/413/313 2322/423/313
f 2325/424/198 2324/425/196 2323/426/198
f 2324/425/196 2325/424/198 2328/427/198
f 2329/428/259 2323/426/261 2326/429/261
f 2323/426/261 2329/428/284 2325/424/284
f 2327/430/350 2326/429/336 2330/431/336
f 2326/429/336 2327/430/350 2329/428/336
f 2325/424/193 2327/432/193 2328/433/193
f 2327/432/193 2325/424/193 2329/428/193
f 2324/434/313 2326/429/313 2323/426/313
f 2326/429/313 2324/434/313 2330/435/313
f 2333/436/389 2332/437/389 2331/438/390
f 2334/439/391 2332/437/392 2333/436/392
f 2332/437/392 2334/439/391 2335/440/393
f 2336/441/394 2335/440/395 2334/439/390
f 2335/440/395 2336/441/396 2337/442/397
f 2336/441/398 2338/443/399 2337/442/400
f 2338/443/399 2336/441/398 2339/444/401
f 2342/445/405 2341/446/403 2340/447/404
f 2341/446/403 2342/445/402 2343/448/406
f 2348/449/6878 2343/448/6879 2342/445/402
f 2343/448/409 2344/450/410 2341/446/6880
f 2343/448/411 2348/449/412 2345/451/413
f 2353/452/6881 2345/451/6882 2348/449/416
f 2344/450/410 2343/448/408 2346/453/6883
f 2345/451/6884 2346/453/420 2343/448/421
f 2346/453/6885 2340/454/423 2344/450/6886
f 2340/454/423 2346/453/425 2342/455/426
f 2347/456/427 2342/455/6887 2346/453/420
f 2346/453/429 2345/451/430 2347/456/427
f 2342/455/432 2347/456/6888 2348/457/452
f 2345/451/413 2353/452/435 2349/458/436
f 2349/458/437 2347/456/6889 2345/451/439
f 2350/459/6890 2349/458/436 2353/452/435
f 2349/458/442 2350/459/440 2351/460/443
f 2352/461/444 2348/457/445 2347/456/446
f 2347/456/6891 2349/458/447 2352/461/448
f 2351/460/449 2352/461/450 2349/458/437
f 2348/457/452 2352/461/448 2353/462/6881
f 2352/461/6892 2351/460/449 2354/463/454
f 2354/463/454 2353/462/455 2352/461/456
f 2353/462/453 2354/463/454 2350/464/6893
f 2360/465/196 2355/466/196 2359/467/196
f 2355/466/198 2360/465/198 2356/468/198
f 2359/467/194 2358/469/194 2361/470/194
f 2358/469/194 2359/467/194 2355/466/194
f 2357/471/262 2355/466/262 2356/468/262
f 2355/466/262 2357/471/262 2358/472/262
f 2361/472/259 2360/468/259 2359/466/261
f 2360/468/259 2361/472/259 2362/471/259
f 2370/473/198 2373/474/198 2363/475/198
f 2373/474/198 2370/473/198 2375/476/458
f 2364/477/459 2375/476/311 2370/473/460
f 2375/476/311 2364/477/459 2365/478/197
f 2366/479/196 2365/478/198 2364/477/461
f 2365/478/198 2366/479/196 2378/480/198
f 2378/480/194 2372/481/194 2367/482/194
f 2372/481/194 2378/480/194 2366/479/194
f 2369/483/262 2363/474/262 2368/484/262
f 2363/474/262 2369/483/262 2370/476/262
f 2369/483/262 2364/485/262 2370/476/262
f 2364/485/262 2369/483/262 2371/486/262
f 2372/487/262 2364/485/262 2371/486/262
f 2364/485/293 2372/487/262 2366/488/293
f 2375/476/261 2374/484/462 2373/474/261
f 2374/484/261 2375/476/261 2376/483/261
f 2375/476/261 2377/486/284 2376/483/261
f 2377/486/259 2375/476/261 2365/485/259
f 2378/488/261 2377/486/259 2365/485/259
f 2377/486/259 2378/488/260 2367/487/259
f 2368/489/193 2373/474/193 2374/490/193
f 2373/474/193 2368/489/193 2363/475/193
f 2381/438/463 2380/437/464 2379/436/464
f 2380/437/465 2382/439/466 2379/436/465
f 2382/439/466 2380/437/465 2383/440/467
f 2383/440/468 2384/441/469 2382/439/470
f 2384/441/471 2383/440/6894 2385/442/472
f 2386/443/473 2384/441/474 2385/442/475
f 2384/441/474 2386/443/473 2387/444/473
f 2390/446/476 2389/445/499 2388/447/478
f 2389/445/482 2390/446/476 2391/448/480
f 2391/448/480 2392/449/481 2389/445/482
f 2393/450/483 2391/448/484 2390/446/485
f 2392/449/6895 2391/448/487 2394/451/6896
f 2394/451/489 2400/452/6897 2392/449/486
f 2391/448/487 2393/450/483 2395/453/492
f 2395/453/493 2394/451/494 2391/448/6898
f 2388/454/478 2395/453/496 2393/450/497
f 2395/453/498 2388/454/478 2389/455/499
f 2389/455/500 2396/456/6899 2395/453/493
f 2394/451/502 2395/453/503 2396/456/504
f 2396/456/505 2389/455/479 2392/457/506
f 2400/452/490 2394/451/488 2397/458/507
f 2396/456/6900 2397/458/509 2394/451/494
f 2397/458/510 2402/459/511 2400/452/512
f 2402/459/6901 2397/458/514 2398/460/515
f 2392/457/481 2399/461/516 2396/456/517
f 2397/458/509 2396/456/517 2399/461/516
f 2399/461/516 2398/460/515 2397/458/518
f 2399/461/516 2392/457/481 2400/462/519
f 2398/460/515 2399/461/516 2401/463/520
f 2400/462/6902 2401/463/520 2399/461/521
f 2401/463/520 2400/462/522 2402/464/523
f 2403/491/524 2685/492/525 2422/493/526
f 2403/491/527 2422/493/528 2404/494/529
f 2404/494/529 2422/493/6903 2424/495/530
f 2425/496/531 2404/494/532 2424/495/533
f 2405/497/534 2404/494/535 2425/496/531
f 2405/497/536 2403/491/537 2404/494/529
f 2427/498/538 2405/497/539 2425/496/531
f 2403/491/540 2405/497/541 2406/499/6904
f 2403/491/543 2406/499/544 2407/500/545
f 2699/501/546 2407/500/547 2406/499/548
f 2408/502/549 2405/497/550 2427/498/551
f 2427/498/538 2555/503/552 2408/502/553
f 2408/502/554 2555/503/552 2552/504/555
f 2408/502/554 2409/505/556 2405/497/536
f 2405/497/536 2409/505/556 2406/499/557
f 2408/502/6905 2552/504/555 2409/505/558
f 2410/506/559 2699/501/560 2406/499/561
f 2409/505/562 2410/506/559 2406/499/561
f 2698/507/563 2699/501/564 2410/506/565
f 2698/507/566 2410/506/567 2690/508/568
f 2409/505/562 2552/504/569 2411/509/570
f 2411/509/571 2410/506/572 2409/505/573
f 2411/509/574 2552/504/575 3383/510/576
f 2690/508/577 2410/506/578 2412/511/579
f 2411/509/580 2412/511/581 2410/506/582
f 2411/509/583 3383/510/584 2413/512/585
f 2413/512/585 2412/511/581 2411/509/580
f 2413/512/585 3383/510/584 3972/513/586
f 2412/511/587 2414/514/588 2690/508/577
f 2415/515/589 2690/508/590 2414/514/591
f 2413/512/592 3972/513/593 2416/516/594
f 2416/516/595 3972/513/586 2417/517/596
f 2413/512/592 2418/518/597 2412/511/598
f 2414/514/599 2412/511/600 2418/518/601
f 2416/516/595 2418/518/597 2413/512/602
f 2416/516/603 2417/517/604 2443/519/605
f 2443/519/606 2417/517/604 4007/520/607
f 2443/519/605 2444/521/608 2416/516/609
f 2416/516/6906 2444/521/611 2418/518/612
f 2419/522/613 2418/518/612 2444/521/608
f 2414/514/588 2418/518/614 2419/522/615
f 2415/515/616 2414/514/617 2420/523/618
f 2420/523/618 2414/514/617 2419/522/619
f 2415/515/589 2420/523/620 2446/524/621
f 2446/524/622 2420/523/623 2419/522/624
f 2422/493/625 2685/492/525 2421/491/626
f 2423/494/627 2422/493/625 2421/491/628
f 2424/495/629 2422/493/630 2423/494/631
f 2424/495/632 2423/494/627 2425/496/633
f 2425/496/634 2423/494/627 2426/497/635
f 2423/494/636 2421/491/637 2426/497/638
f 2425/496/634 2426/497/639 2427/498/640
f 2428/499/641 2426/497/642 2421/491/643
f 2689/500/644 2428/499/641 2421/491/628
f 2428/499/645 2689/500/646 2429/501/647
f 2427/498/648 2426/497/635 2430/502/649
f 2427/498/650 2430/502/651 2555/503/652
f 2555/503/653 2430/502/654 3998/504/662
f 2430/502/656 2426/497/638 2431/505/657
f 2431/505/658 2426/497/659 2428/499/660
f 2431/505/661 3998/504/662 2430/502/663
f 2428/499/664 2429/501/665 2432/506/666
f 2428/499/664 2432/506/667 2431/505/668
f 2432/506/669 2429/501/670 2433/507/671
f 2434/508/672 2432/506/673 2433/507/674
f 2431/505/675 2435/509/676 3998/504/677
f 2431/505/668 2432/506/666 2435/509/678
f 3998/504/679 2435/509/676 3999/510/680
f 2436/511/681 2432/506/682 2434/508/683
f 2432/506/684 2436/511/685 2435/509/686
f 2435/509/687 2437/512/688 3999/510/689
f 2435/509/687 2436/511/685 2437/512/688
f 3999/510/690 2437/512/688 3411/513/691
f 2434/508/692 2438/514/693 2436/511/694
f 2438/514/695 2434/508/696 2439/515/697
f 2437/512/698 2440/516/699 3411/513/691
f 3411/513/691 2440/516/700 2441/517/701
f 2436/511/702 2442/518/703 2437/512/704
f 2442/518/705 2436/511/702 2438/514/706
f 2437/512/704 2442/518/707 2440/516/700
f 2440/516/708 2443/519/709 2441/517/710
f 2441/517/711 2443/519/709 4007/520/712
f 2440/516/708 2444/521/713 2443/519/714
f 2442/518/715 2444/521/713 2440/516/708
f 2444/521/716 2442/518/717 2419/522/718
f 2419/522/719 2442/518/720 2438/514/721
f 2445/523/722 2438/514/723 2439/515/724
f 2419/522/725 2438/514/723 2445/523/722
f 2446/524/726 2445/523/727 2439/515/728
f 2419/522/719 2445/523/729 2446/524/730
f 2466/525/731 2460/526/732 2459/527/733
f 2447/528/734 2460/526/732 2466/525/735
f 2467/529/736 2447/528/737 2466/525/735
f 2460/526/732 2447/528/734 2448/530/738
f 2449/531/739 2447/528/737 2467/529/736
f 2448/530/6907 2447/528/741 2450/532/742
f 2449/531/743 2450/532/744 2447/528/745
f 2449/531/6908 2467/529/736 2451/533/746
f 2451/533/747 2467/529/748 2468/534/749
f 2470/535/750 2451/533/746 2468/534/749
f 2450/532/752 2452/536/753 2448/530/754
f 2448/530/755 2452/536/756 2464/537/757
f 2453/538/771 2450/532/759 2449/531/760
f 2450/532/761 2453/538/762 2452/536/763
f 2449/531/760 2451/533/746 2453/538/764
f 2452/536/756 2453/538/762 2461/539/765
f 2453/538/766 2454/540/767 2461/539/768
f 2451/533/6909 2454/540/770 2453/538/771
f 2455/541/772 2451/533/6910 2470/535/774
f 2451/533/775 2455/541/776 2454/540/777
f 2454/540/778 2455/541/779 2456/542/780
f 2470/535/781 2457/543/782 2455/541/783
f 2455/541/783 2463/544/784 2456/542/785
f 2455/541/779 2457/543/782 2458/545/786
f 2458/545/787 2463/544/788 2455/541/789
f 2459/546/790 2458/545/787 2457/543/791
f 2458/545/786 2464/547/792 2463/544/793
f 2460/548/794 2458/545/795 2459/546/796
f 2448/549/797 2464/547/798 2458/545/799
f 2448/549/797 2458/545/800 2460/548/801
f 2465/550/802 2464/537/803 2488/551/804
f 2488/551/805 2464/537/806 2452/536/807
f 2461/539/808 2488/551/805 2452/536/807
f 2480/552/809 2488/551/810 2461/539/811
f 2461/539/812 2462/553/813 2480/552/814
f 2454/540/815 2462/553/813 2461/539/812
f 2454/540/816 2475/554/817 2462/553/818
f 2456/542/819 2475/554/820 2454/540/821
f 2456/542/819 2472/555/822 2475/554/817
f 2463/544/823 2472/555/824 2456/542/6911
f 2463/544/823 2464/547/826 2472/555/824
f 2472/555/824 2464/547/827 2465/556/828
f 3726/557/829 2459/527/833 3727/558/831
f 2466/525/832 2459/527/833 3726/557/829
f 3728/559/6912 2466/525/835 3726/557/836
f 2467/529/837 2466/525/835 3728/559/838
f 3728/559/839 3729/560/840 2467/529/841
f 2467/529/841 3729/560/842 2468/534/843
f 2469/561/844 2468/534/843 3729/560/845
f 2470/535/846 2468/534/847 2469/561/844
f 2469/561/6913 2471/562/849 2470/535/850
f 2470/535/851 2471/562/852 2457/543/853
f 3727/563/854 2457/543/855 2471/562/856
f 2459/546/857 2457/543/858 3727/563/854
f 2491/564/859 2472/555/860 2465/556/861
f 2473/565/862 2472/555/863 2491/564/859
f 2490/566/6914 2473/565/865 2491/564/866
f 2473/565/867 2474/567/868 2472/555/869
f 2472/555/870 2474/567/868 2475/554/871
f 2475/554/872 2474/567/873 2462/553/874
f 2476/568/875 2473/565/876 2490/566/864
f 2476/568/877 2474/567/878 2473/565/867
f 2490/566/879 2477/569/880 2476/568/881
f 2476/568/875 2477/569/882 2607/570/883
f 2607/570/884 2478/571/885 2476/568/886
f 2478/571/885 2474/567/887 2476/568/888
f 2606/572/889 2478/571/890 2607/570/884
f 2478/571/891 2606/572/892 2584/573/6915
f 2462/553/894 2474/567/873 2479/574/895
f 2478/571/891 2479/574/895 2474/567/6916
f 2462/553/6917 2479/574/897 2480/552/6918
f 2584/573/899 2481/575/900 2478/571/901
f 2481/575/902 2479/574/903 2478/571/904
f 2481/575/900 2584/573/905 2514/576/906
f 2482/577/907 2481/575/908 2514/576/909
f 2481/575/900 2482/577/910 2483/578/911
f 2484/579/912 2483/578/911 2482/577/913
f 2481/575/908 2485/580/914 2479/574/915
f 2483/578/911 2485/580/914 2481/575/916
f 2480/552/898 2479/574/897 2486/581/917
f 2486/581/918 2479/574/919 2485/580/920
f 2487/582/921 2480/552/898 2486/581/917
f 2486/581/917 2485/580/922 2487/582/923
f 2488/551/924 2480/552/898 2487/582/925
f 2483/578/911 2484/579/926 2489/583/927
f 2484/579/928 2508/584/929 2489/583/930
f 2508/584/931 2477/585/932 2489/583/933
f 2489/583/934 2477/585/935 2490/586/936
f 2490/586/936 2491/587/937 2489/583/934
f 2487/582/938 2491/587/939 2488/551/924
f 2488/551/924 2491/587/940 2465/550/941
f 2487/582/942 2485/580/6919 2492/588/944
f 2483/578/945 2492/588/946 2485/580/943
f 2489/583/927 2492/588/947 2483/578/911
f 2487/582/942 2492/588/947 2491/587/940
f 2489/583/930 2491/587/939 2492/588/949
f 2596/589/950 2541/590/951 2493/591/952
f 2493/591/952 2541/590/953 2494/592/6920
f 2493/591/952 2494/592/954 3972/593/955
f 3972/593/956 2494/592/957 2417/594/958
f 2417/594/959 2494/592/960 4007/595/961
f 4007/595/962 2494/592/963 2495/596/964
f 2494/592/963 2541/590/965 2495/596/966
f 2495/596/967 2541/590/965 2496/597/968
f 2498/591/969 2497/590/970 2560/589/971
f 2499/592/972 2497/590/970 2498/591/973
f 2498/591/973 3411/593/974 2499/592/975
f 2499/592/976 2496/597/977 2497/590/978
f 2499/592/972 3411/593/979 2441/594/980
f 2495/596/981 2496/597/982 2499/592/983
f 2441/594/984 4007/595/985 2499/592/986
f 2499/592/6921 4007/595/985 2495/596/6922
f 2501/598/988 2596/589/989 2500/599/990
f 2500/599/991 2543/600/992 2501/598/993
f 2502/601/994 2543/600/995 2500/599/996
f 2503/602/997 2543/600/998 2502/601/994
f 2503/602/999 2544/603/1000 2543/600/1001
f 2503/602/1002 2502/601/1003 2504/604/1004
f 2505/605/1005 2504/604/1006 2502/601/1007
f 2503/602/1008 2506/606/1009 2544/603/1010
f 2503/602/1011 2504/604/1012 2506/606/1013
f 2544/603/1014 2506/606/1015 3093/607/1016
f 3093/607/1017 2506/606/1018 2507/608/1019
f 2504/604/1020 2505/605/1021 2508/609/1022
f 2505/605/1023 2477/610/1024 2508/609/1025
f 2504/604/1026 2508/609/1027 2484/611/1028
f 2506/606/1029 2504/604/1030 2509/612/1031
f 2509/612/1032 2504/604/1033 2484/611/1034
f 2509/612/1035 2507/608/1036 2506/606/1037
f 2484/611/1038 2510/613/1045 2509/612/1040
f 2510/613/1041 2507/608/1042 2509/612/1043
f 2482/614/1044 2510/613/1045 2484/611/1046
f 2511/615/1047 2507/608/1048 2510/613/1049
f 2482/614/1050 2511/615/1051 2510/613/1052
f 2511/615/1053 2512/616/1054 2507/608/1055
f 2507/608/1056 2512/616/1057 2548/617/1058
f 2512/616/1057 2524/618/1059 2548/617/1058
f 2522/619/1060 2524/618/1061 2512/616/1062
f 2513/620/1063 2511/615/1064 2482/614/1065
f 2482/614/1050 2514/621/1066 2513/620/1067
f 2515/622/1068 2511/615/1051 2513/620/1063
f 2515/622/6923 2512/616/1054 2511/615/1069
f 2580/623/1070 2512/616/1062 2515/622/1068
f 2512/616/1071 2516/624/1072 2522/619/1073
f 2512/616/1062 2580/623/1074 2516/624/1075
f 2522/619/1076 2516/624/1077 2519/625/1078
f 2516/624/1079 2580/623/1080 2517/626/1081
f 2517/626/6924 2519/625/1083 2516/624/1079
f 2517/626/1084 2580/623/1085 2518/627/1086
f 2613/628/1092 2519/625/6925 2517/626/1089
f 2520/626/1090 2519/625/1091 2613/628/1092
f 2521/624/1093 2519/625/1094 2520/626/1090
f 2519/625/1095 2521/624/1096 2522/619/1076
f 2522/619/1097 2521/624/1096 2523/616/1098
f 2523/616/1099 2524/618/1100 2522/619/1097
f 2525/617/1101 2524/618/1102 2523/616/1103
f 2525/617/1101 2523/616/1103 2526/608/1104
f 2520/626/1105 2527/623/1106 2521/624/1107
f 2521/624/1108 2527/623/6926 2523/616/1110
f 2528/627/1111 2527/623/6927 2520/626/1113
f 2529/622/1114 2523/616/1115 2527/623/1116
f 2530/615/1117 2523/616/1118 2529/622/1119
f 2526/608/1120 2523/616/1115 2530/615/1121
f 2531/620/1122 2530/615/1123 2529/622/1119
f 2532/614/6928 2530/615/1121 2531/620/1125
f 2531/620/1126 2593/621/1127 2532/614/1128
f 2533/613/1129 2530/615/1130 2532/614/1131
f 2533/613/1132 2526/608/1133 2530/615/1134
f 2785/611/1135 2533/613/1129 2532/614/1136
f 2534/612/1137 2526/608/1138 2533/613/1139
f 2534/612/6929 2533/613/1141 2785/611/1142
f 2535/606/1143 2526/608/1138 2534/612/1137
f 2526/608/1144 2535/606/1145 3095/607/1146
f 2535/606/1147 2536/603/1148 3095/607/1149
f 2785/611/1150 2537/604/1151 2534/612/1152
f 2534/612/1153 2537/604/1154 2535/606/1155
f 2785/611/1135 2790/609/1157 2537/604/1158
f 2538/629/1159 2536/603/1160 2535/606/1161
f 2535/606/1155 2537/604/1162 2538/629/1163
f 2545/600/1164 2536/603/1165 2538/629/1166
f 2790/609/1167 2565/605/1168 2537/604/1169
f 2790/609/1170 2539/610/6930 2565/605/1172
f 2564/601/1173 2537/604/1169 2565/605/1174
f 2537/604/1175 2564/601/1176 2538/629/1177
f 2564/601/1178 2545/600/1179 2538/629/1180
f 2561/599/1181 2545/600/1182 2564/601/1178
f 2547/598/1183 2545/600/1182 2561/599/1181
f 2561/599/1181 2560/589/1184 2547/598/1183
f 2541/590/1185 2540/630/1186 2496/597/1187
f 2542/631/1188 2540/630/1186 2541/590/1185
f 2542/631/1189 2541/590/1190 2596/589/1191
f 2542/631/1192 2596/589/1193 2501/598/1194
f 2542/631/1195 2501/598/1196 2543/600/1197
f 2542/631/1195 2543/600/1198 2540/630/1199
f 2540/630/1186 2543/600/1200 2544/603/1201
f 2540/630/1202 2544/603/1203 3094/632/1204
f 3094/632/1204 2536/603/1205 2540/630/1206
f 2536/603/1207 2545/600/1208 2540/630/1202
f 2540/630/1209 2545/600/1208 2546/631/1210
f 2545/600/1208 2547/598/6931 2546/631/1210
f 2547/598/1212 2560/589/1213 2546/631/1214
f 2560/589/1215 2497/590/1216 2546/631/1210
f 2497/590/1217 2540/630/1202 2546/631/1218
f 2496/597/1219 2540/630/1220 2497/590/1221
f 2507/608/1222 2548/617/1223 3093/607/1224
f 2524/618/1225 3093/607/1224 2548/617/1223
f 2549/633/1225 3093/607/1226 2524/618/1225
f 2524/618/1225 3095/607/1227 2549/633/1225
f 2525/617/1228 3095/607/1227 2524/618/1225
f 3095/607/1227 2525/617/1228 2526/608/1229
f 3972/634/1230 3383/635/1231 2493/636/1232
f 2493/636/1233 3383/635/1231 2550/637/1234
f 2493/636/1233 2550/637/1236 2596/638/1237
f 2596/638/1237 2550/637/1236 2551/639/1238
f 3383/635/1239 2552/640/1240 2550/637/1241
f 2550/637/1242 2553/641/1243 2551/639/1244
f 2550/637/1242 2552/640/6932 2553/641/1243
f 2551/639/1244 2553/641/1243 2609/642/1245
f 2553/641/1246 2552/640/1247 2554/643/6933
f 2554/643/1249 2609/642/1250 2553/641/1251
f 2554/643/1249 2552/640/1247 2555/644/1252
f 2556/645/1253 2609/642/1250 2554/643/1254
f 2612/646/1255 2609/642/1256 2556/645/1253
f 2556/645/1257 2795/642/1258 2797/646/1259
f 2554/643/1260 2795/642/1261 2556/645/1262
f 2557/641/1263 2795/642/1261 2554/643/1260
f 2557/641/1264 2558/639/1265 2795/642/1266
f 2557/641/1267 2554/643/1268 3998/640/1269
f 3998/640/1269 2554/643/1268 2555/644/1270
f 2559/637/1271 2558/639/1272 2557/641/1273
f 3998/640/1274 2559/637/1275 2557/641/1264
f 2559/637/1276 2560/638/1277 2558/639/1278
f 3999/635/6934 2559/637/1271 3998/640/1280
f 2498/636/1281 2560/638/1277 2559/637/1282
f 2559/637/1276 3999/635/1283 2498/636/1281
f 2498/636/1281 3999/635/1284 3411/634/1285
f 2560/638/1286 2561/647/1287 2794/648/1288
f 2794/648/1289 2561/647/1290 2562/649/1291
f 2562/649/1291 2561/647/1290 2563/650/1292
f 2563/650/1293 2561/647/1294 2564/651/1295
f 2564/651/1295 2565/652/1296 2563/650/1293
f 2562/649/1298 2566/653/1299 2794/648/1300
f 2794/648/1301 2566/653/1302 2567/654/1303
f 2566/653/1304 2796/655/1305 2567/654/1306
f 2568/656/1307 2562/649/1308 2563/650/1309
f 2566/653/1302 2562/649/1310 2568/656/1311
f 2569/657/1312 2796/655/1305 2566/653/6935
f 2569/657/1313 2566/653/1314 2568/656/1315
f 2796/655/1316 2569/657/1317 2570/658/1318
f 2569/657/6936 2568/656/6937 2570/658/1321
f 2570/658/1322 2568/656/1307 2571/659/1323
f 2563/650/1324 2572/660/1325 2568/656/1326
f 2563/650/1327 2565/652/1328 2572/660/1329
f 2572/660/1325 2573/661/1330 2568/656/1331
f 2572/660/1332 2574/662/1333 2573/661/1334
f 2575/663/1335 2574/662/6938 2572/660/1329
f 2565/652/1337 2575/663/1338 2572/660/1339
f 2539/664/1340 2575/663/1341 2565/652/1328
f 2586/665/1342 2576/666/1343 2588/667/1344
f 2577/668/1345 2576/666/1346 2586/665/1347
f 2577/668/1348 2586/665/1347 2614/669/1349
f 2614/669/1350 2586/665/1351 2615/670/1352
f 2578/671/1353 2577/668/1348 2614/669/1354
f 2579/672/1355 2577/668/1348 2578/671/1356
f 2518/673/1357 2579/672/1358 2578/671/1359
f 2580/674/6939 2579/672/1361 2518/673/1362
f 2580/674/1363 2515/675/1364 2579/672/1355
f 2579/672/1355 2581/676/1365 2577/668/1366
f 2579/672/1355 2515/675/1367 2581/676/1368
f 2577/668/1369 2581/676/1370 2576/666/1346
f 2513/677/1371 2581/676/1372 2515/675/1373
f 2582/678/1374 2576/666/1375 2581/676/1376
f 2581/676/1377 2513/677/1378 2582/678/1379
f 2514/679/1380 2582/678/1381 2513/677/1378
f 2576/666/1375 2582/678/1374 2583/680/1382
f 2582/678/1383 2514/679/1384 2584/681/1385
f 2584/681/1386 2583/680/1387 2582/678/1388
f 2584/681/1389 2585/682/1390 2583/680/1387
f 2585/682/1390 2584/681/6940 2606/683/1391
f 2588/667/1392 2587/666/1393 2586/665/1394
f 2586/665/1347 2587/666/1395 2589/668/1396
f 2618/669/1397 2586/665/1342 2589/668/1398
f 2615/670/1399 2586/665/1400 2618/669/1401
f 2618/669/1402 2589/668/1403 2617/671/1404
f 2617/671/1405 2589/668/1406 2590/672/1407
f 2617/671/1408 2590/672/1409 2528/673/1410
f 2528/673/1411 2590/672/1412 2527/674/1413
f 2590/672/1414 2529/675/1415 2527/674/1413
f 2589/668/1416 2591/676/1417 2590/672/1418
f 2591/676/1419 2529/675/1420 2590/672/1421
f 2587/666/1395 2591/676/1417 2589/668/1398
f 2529/675/1422 2591/676/1423 2531/677/1424
f 2591/676/1419 2587/666/1393 2592/678/6941
f 2592/678/1427 2531/677/1428 2591/676/1429
f 2531/677/1424 2592/678/1430 2593/679/1431
f 2594/680/1432 2592/678/1433 2587/666/1434
f 2781/681/1435 2593/679/1436 2592/678/1426
f 2592/678/1437 2594/680/1438 2781/681/1439
f 2594/680/1438 2595/682/1440 2781/681/1439
f 2574/683/1441 2781/681/1442 2595/682/1443
f 2608/648/1444 2500/647/1445 2596/638/1446
f 2597/649/1447 2500/647/1448 2608/648/1449
f 2608/648/1450 2598/653/1451 2597/649/1452
f 2610/654/1453 2598/653/1454 2608/648/1455
f 2610/654/1456 2611/655/1457 2598/653/1458
f 2599/650/1459 2500/647/1445 2597/649/1447
f 2502/651/1461 2500/647/1445 2599/650/1462
f 2599/650/1459 2505/652/1463 2502/651/1464
f 2600/656/1465 2597/649/1466 2598/653/1467
f 2599/650/1480 2597/649/1452 2600/656/1465
f 2598/653/1469 2611/655/1470 2601/657/1471
f 2600/656/1472 2598/653/1469 2601/657/1471
f 2602/658/6942 2601/657/1474 2611/655/1475
f 2601/657/1474 2602/658/1473 2600/656/1476
f 2600/656/1472 2602/658/1477 2603/659/1478
f 2600/656/1476 2604/660/1479 2599/650/1480
f 2604/660/1481 2505/652/1482 2599/650/1483
f 2600/656/1484 2605/661/1485 2604/660/1486
f 2605/661/1487 2606/662/1488 2604/660/1489
f 2604/660/1490 2606/662/6943 2607/663/1494
f 2604/660/1493 2607/663/1497 2505/652/1495
f 2505/652/1496 2607/663/1497 2477/664/1498
f 2608/648/1499 2596/638/1500 2551/639/1501
f 2609/642/1502 2608/648/1503 2551/639/1504
f 2610/654/1505 2608/648/1503 2609/642/1506
f 2609/642/1507 2611/655/1508 2610/654/6944
f 2612/646/1510 2611/655/6945 2609/642/1512
f 2616/684/1513 2613/685/1514 2517/686/1515
f 2518/687/1516 2616/684/1513 2517/686/1515
f 2578/688/1517 2616/684/1513 2518/687/1518
f 2614/689/1519 2616/684/1520 2578/688/1517
f 2615/690/1521 2616/684/1513 2614/689/1522
f 2520/686/1523 2613/685/1514 2616/684/1513
f 2520/686/1523 2616/684/1513 2528/687/1524
f 2528/687/1524 2616/684/1513 2617/688/1525
f 2617/688/1525 2616/684/1526 2618/689/1527
f 2618/689/1527 2616/684/1513 2615/690/1521
f 2701/691/1528 2619/692/1529 2693/693/1530
f 2620/694/1531 2619/692/1532 2701/691/1533
f 2621/695/1534 2620/694/1535 2701/691/1536
f 2621/695/1537 2622/696/1538 2620/694/1539
f 2623/697/1540 2619/692/1541 2620/694/1542
f 2640/698/1543 2619/692/1544 2623/697/1545
f 2624/699/1546 2640/698/1543 2623/697/1547
f 2620/694/1548 2622/696/1549 2625/700/1550
f 2626/701/1551 2625/700/1552 2622/696/1553
f 2623/697/1547 2620/694/1554 2627/702/1555
f 2627/702/1556 2620/694/1554 2625/700/1558
f 2623/697/1547 2627/702/1555 2624/699/1559
f 2626/701/1560 2628/703/1561 2625/700/1558
f 2625/700/1558 2628/703/1562 2627/702/1555
f 2626/701/1563 2629/704/1564 2628/703/1561
f 2629/704/1565 2630/705/1566 2628/703/1567
f 2631/706/1568 2630/705/1566 2629/704/1565
f 2630/705/1569 2631/706/1570 2696/707/1571
f 2627/702/1572 2628/703/1573 2632/708/1574
f 2628/703/1573 2630/705/1566 2632/708/1575
f 2630/705/1576 2696/707/1577 2633/709/1578
f 2633/709/1579 2696/707/1580 2634/710/1581
f 2635/711/1582 2633/709/1583 2634/710/1584
f 2624/699/1585 2627/702/1586 2636/712/1587
f 2627/702/1572 2632/708/1574 2636/712/1588
f 2632/708/1575 2630/705/1566 2637/713/1589
f 2630/705/1569 2633/709/1578 2637/713/1590
f 2638/714/1591 2633/709/1578 2635/711/1592
f 2693/715/1593 2638/714/1594 2635/711/1595
f 2619/716/6946 2638/714/1597 2693/715/1598
f 2638/714/1591 2639/717/1599 2633/709/1578
f 2633/709/1578 2639/717/1600 2637/713/1601
f 2638/714/1594 2619/716/1596 2658/718/1602
f 2658/718/1603 2639/717/1604 2638/714/1594
f 2658/718/1602 2619/716/1596 2640/719/1605
f 2632/708/1574 2637/713/1606 2641/720/1607
f 2636/712/1588 2632/708/1608 2641/720/1609
f 2658/718/1610 2642/721/1611 2639/717/1604
f 2657/722/1612 2642/721/1613 2658/718/1614
f 2639/717/1600 2643/723/1615 2637/713/1601
f 2641/720/1616 2637/713/1617 2643/723/1618
f 2639/717/1619 2642/721/1613 2644/724/1620
f 2644/724/1621 2643/723/1618 2639/717/1604
f 2657/722/1622 3650/725/1623 2642/721/1624
f 2642/721/1613 3650/725/1625 2644/724/1626
f 3650/725/1627 2657/722/1612 3648/726/1628
f 2644/724/1626 3650/725/1625 3652/727/1629
f 3653/728/1630 2644/724/1631 3652/727/1632
f 2643/723/1618 2644/724/1633 3653/728/1634
f 2645/729/1635 2643/723/1636 3653/728/1637
f 2643/723/1638 2645/729/1635 2641/720/1639
f 3655/730/1640 2641/720/1639 2645/729/1641
f 3655/730/1642 2636/712/1588 2641/720/1609
f 2646/731/1643 2636/712/1644 3655/730/1642
f 2646/731/1645 3655/730/1640 2647/732/1646
f 2646/731/1647 2647/732/1648 2648/733/1649
f 2647/732/1650 3654/734/1651 2648/733/1652
f 2646/731/1653 2624/699/1559 2636/712/1654
f 3657/735/6947 2646/731/1656 2648/733/1657
f 3657/735/1658 2624/699/1659 2646/731/1653
f 2648/733/1660 3654/734/6948 2649/736/1662
f 3654/734/1663 2650/737/1664 2649/736/1665
f 2651/738/1666 2649/736/1667 2650/737/1668
f 2652/739/1669 2651/738/1670 2650/737/1671
f 2652/739/1672 3651/740/1673 2651/738/1666
f 2649/736/1662 2653/741/1674 2648/733/1660
f 2651/738/1666 2653/741/1675 2649/736/1667
f 2651/738/1666 3651/740/1673 2654/742/1676
f 3649/743/1677 2654/742/1678 3651/740/1679
f 2653/741/1675 2651/738/1666 2655/744/1680
f 2651/738/1666 2654/742/1681 2655/744/1680
f 3657/735/1658 3658/745/1682 2624/699/1559
f 2624/699/1546 3658/745/1683 2656/746/6949
f 2656/746/1684 2640/698/1685 2624/699/1659
f 3658/745/1686 2657/747/1687 2656/746/1688
f 2656/746/1688 2657/747/1689 2640/698/1690
f 3648/748/1691 2657/747/1687 3658/745/1692
f 2640/698/1693 2657/747/1687 2658/749/1694
f 2659/750/1695 3657/735/1696 2648/733/1697
f 3656/751/1698 3657/735/1658 2659/750/1699
f 3656/751/1700 2659/750/1701 2660/752/1702
f 2660/752/1703 2659/750/1704 2661/753/1705
f 2659/750/1704 2662/754/1706 2661/753/1707
f 2659/750/1708 2648/733/1697 2662/754/1709
f 2661/753/1707 2662/754/1710 2663/755/1711
f 2662/754/1710 2648/733/1697 2664/756/1712
f 2648/733/1713 2653/741/1675 2664/756/6950
f 2665/757/1715 2663/755/1716 2662/754/1706
f 2664/756/1717 2665/757/1718 2662/754/1710
f 2663/755/1719 2665/757/1720 2680/758/1721
f 2653/741/1722 2666/759/1723 2664/756/1714
f 2666/759/1724 2665/757/1720 2664/756/1725
f 2667/760/1726 2680/758/1721 2665/757/1720
f 2668/761/1727 2680/758/1728 2667/760/1729
f 2669/762/1730 2666/759/1731 2653/741/1732
f 2653/741/1675 2655/744/1680 2669/762/1733
f 2670/763/1734 2665/757/1735 2666/759/1736
f 2667/760/1726 2665/757/1720 2670/763/1737
f 2666/759/1723 2669/762/1730 2670/763/1738
f 2671/764/1739 2668/761/1740 2667/760/6951
f 2672/765/1742 2668/761/1727 2671/764/1743
f 2671/764/1744 2667/760/1741 3660/766/1745
f 3660/766/1746 2667/760/1726 2670/763/1738
f 2670/763/1734 2673/767/1747 3660/766/1748
f 2670/763/1738 2669/762/1730 2673/767/1749
f 3660/766/1748 2673/767/1750 2674/768/1751
f 2669/762/1752 2675/769/1753 2673/767/1754
f 2669/762/1752 2655/744/1755 2675/769/1756
f 2673/767/1757 2676/770/1758 2674/768/1759
f 2673/767/1760 2675/769/6952 2676/770/1761
f 2674/768/1762 2676/770/1763 3659/771/1764
f 2655/744/1765 2677/772/1766 2675/769/1767
f 2675/769/1768 2677/772/1769 2676/770/1770
f 2676/770/1771 2678/773/1772 3659/771/1773
f 2676/770/1770 2677/772/1774 2678/773/1775
f 3659/771/1776 2678/773/1772 2679/774/1777
f 2678/773/1778 2672/775/1779 2679/774/1780
f 2668/776/1781 2672/775/1782 2678/773/1783
f 2678/773/1784 2677/772/6953 2668/776/1781
f 2668/776/1781 2677/772/1786 2680/777/1787
f 2681/778/1788 2677/772/1769 2655/744/1789
f 2681/778/1790 2680/777/1791 2677/772/1792
f 2655/744/1680 2654/742/1793 2681/778/1788
f 2682/779/1794 2680/777/1795 2681/778/1788
f 2654/742/1793 2682/779/1794 2681/778/1788
f 2663/780/1796 2680/777/1797 2682/779/1794
f 2683/781/1798 2682/779/1794 2654/742/1793
f 2683/781/1798 2663/780/1799 2682/779/1794
f 2683/781/1800 2654/742/1793 3649/743/1801
f 2661/782/1802 2663/780/6954 2683/781/1800
f 3649/743/1677 2661/782/1804 2683/781/1805
f 3649/743/1806 2660/783/1807 2661/782/1802
f 2685/784/1808 2684/785/1809 2692/786/1810
f 2686/787/1811 2684/785/1812 2685/784/6955
f 2685/784/1813 2700/788/1814 2686/787/1815
f 2403/789/1816 2700/788/1814 2685/784/1817
f 2403/789/1818 2407/790/1819 2700/788/1820
f 2692/786/1821 2687/785/1822 2685/784/1823
f 2685/784/1808 2687/785/1824 2688/787/1825
f 2688/787/1825 2869/788/1826 2685/784/1827
f 2685/784/1828 2869/788/1826 2421/789/1829
f 2869/788/1830 2689/790/1831 2421/789/1832
f 2684/791/1833 2694/792/1834 2692/793/1835
f 2692/793/1836 2694/792/1837 2446/794/1838
f 2694/792/1839 2695/795/6956 2446/794/1841
f 2446/794/1842 2695/795/1843 2415/796/1844
f 2697/797/1845 2415/796/1846 2695/795/1847
f 2697/797/1848 2690/798/6957 2415/796/1846
f 2692/793/1850 2691/792/1851 2687/791/1852
f 2446/794/1853 2691/792/1854 2692/793/1855
f 2446/794/1856 2865/795/1857 2691/792/1858
f 2439/796/1859 2865/795/1860 2446/794/1841
f 2865/795/1861 2439/796/1862 2866/797/1863
f 2439/796/1862 2434/798/1864 2866/797/1863
f 2693/715/6958 2635/711/1866 2684/791/1867
f 2684/791/1868 2635/711/1869 2694/792/1870
f 2635/711/1871 2634/710/1872 2694/792/1873
f 2694/792/1874 2634/710/1872 2695/795/1875
f 2696/707/1876 2695/795/1877 2634/710/1878
f 2697/797/1879 2695/795/1880 2696/707/1881
f 2696/707/1882 2690/798/1883 2697/797/1884
f 2631/706/1885 2690/798/1886 2696/707/6959
f 2631/706/1888 2629/704/1889 2690/798/1890
f 2690/798/6960 2629/704/1891 2698/799/6961
f 2629/704/1893 2699/800/1894 2698/799/1895
f 2626/701/1896 2699/800/1894 2629/704/1897
f 2626/701/1898 2407/790/1899 2699/800/1900
f 2622/696/1901 2407/790/1899 2626/701/1898
f 2621/695/1907 2407/790/1903 2622/696/1904
f 2700/788/1905 2407/790/1906 2621/695/1907
f 2700/788/1908 2621/695/1909 2686/787/1910
f 2686/787/1911 2621/695/1912 2701/691/1913
f 2701/691/1914 2693/693/1915 2686/787/1916
f 2686/787/1916 2693/693/1917 2684/785/1918
f 2703/801/1919 2702/802/1922 2707/803/1921
f 2707/803/1921 2702/802/1922 2704/804/6962
f 2707/803/1924 2704/804/1925 2708/805/1926
f 2708/805/1926 2704/804/1925 2705/806/1927
f 2703/801/1928 2706/807/1929 2702/802/1930
f 2702/802/1930 2706/807/1929 2709/808/1931
f 2703/801/1932 2707/803/6963 2706/809/1934
f 2706/809/1935 2707/803/1936 2708/810/1937
f 2702/802/1938 2709/811/1939 2704/804/1940
f 2704/804/1941 2709/811/1942 2705/812/1943
f 2714/813/1944 2711/814/1945 2715/815/1946
f 2715/815/1946 2711/814/1945 2712/816/1947
f 2712/816/1948 2711/814/1949 2710/817/1950
f 2710/817/1950 2711/814/1949 2713/818/1951
f 2715/815/1952 2716/819/1953 2714/813/1954
f 2714/813/1954 2716/819/1953 2717/820/1955
f 2712/816/1956 2710/821/1957 2715/815/1958
f 2715/815/1959 2710/821/1957 2716/822/1960
f 2711/814/1961 2714/813/1962 2713/823/1964
f 2713/823/1964 2714/813/1965 2717/824/1966
f 2720/825/1967 2719/826/1968 2718/827/1969
f 2718/827/1970 2719/826/1968 2721/828/1971
f 2721/828/1972 2719/826/1973 2722/829/1974
f 2722/829/1974 2723/830/1975 2721/828/1976
f 2722/829/1977 2719/826/1973 2724/831/1978
f 2723/830/1975 2722/829/1974 2725/832/1979
f 2724/831/1980 2726/833/1981 2722/829/1982
f 2725/832/1979 2722/829/1974 2726/833/1983
f 2727/834/1984 2726/833/1981 2724/831/1985
f 2728/835/1986 2725/832/1987 2726/833/1988
f 2727/834/1989 2729/836/1990 2726/833/1991
f 2726/833/1991 2729/836/1990 2728/835/1992
f 2729/836/1993 2730/837/1994 2728/835/1995
f 2731/838/1996 2730/837/1994 2729/836/1993
f 2733/839/1997 2732/840/1998 3892/841/1999
f 2734/842/2000 2732/840/2001 2733/839/6964
f 2734/842/2000 3891/843/2003 2732/840/2001
f 2735/844/2004 3891/843/2003 2734/842/2000
f 2735/844/2004 2736/845/6965 3891/843/2003
f 2737/846/2006 2736/845/2007 2735/844/2004
f 2737/846/2008 2743/847/2009 2736/845/2010
f 2738/848/6966 2743/847/6966 2737/846/2008
f 3899/849/6967 2742/850/2012 2739/851/2013
f 2739/851/2013 2742/850/2012 3895/852/2014
f 2739/851/6968 3895/852/2014 2740/853/2015
f 2740/853/6969 3895/852/2017 2741/854/2018
f 2733/855/2019 3892/856/6970 3898/857/2021
f 3898/857/2021 3892/856/2022 3893/858/2023
f 3898/857/2021 3893/858/6971 3899/859/2025
f 3899/859/6972 3893/858/2027 2742/860/2028
f 2738/861/2029 2744/862/2030 2743/863/2031
f 3902/864/2032 2744/862/2030 2738/861/2029
f 3902/864/2033 2741/865/2034 2744/862/6973
f 2740/866/2036 2741/865/6974 3902/864/2038
f 2760/527/2039 2746/526/2040 2745/525/2041
f 2745/525/2042 2746/526/2043 2747/528/2044
f 2745/525/2045 2747/528/2046 2748/529/2047
f 2761/530/2048 2747/528/2049 2746/526/2050
f 2748/529/2051 2747/528/2046 2749/531/2052
f 2750/532/2053 2747/528/2044 2761/530/2054
f 2747/528/2055 2750/532/2056 2749/531/2057
f 2751/533/2058 2748/529/2059 2749/531/2060
f 2752/534/2061 2748/529/2047 2751/533/2058
f 2752/534/2062 2751/533/2063 2773/535/2064
f 2761/530/2048 2753/536/2065 2750/532/2066
f 2768/537/2067 2753/536/2068 2761/530/2069
f 2749/531/2070 2750/532/2071 2754/538/2072
f 2753/536/2073 2754/538/2074 2750/532/6975
f 2754/538/2076 2751/533/2077 2749/531/2078
f 2755/539/2079 2754/538/2080 2753/536/2081
f 2755/539/2079 2765/540/2082 2754/538/2083
f 2754/538/2083 2765/540/2084 2751/533/2058
f 2773/535/2085 2751/533/2063 2756/541/2086
f 2765/540/2087 2756/541/2086 2751/533/2077
f 2757/542/6976 2756/541/2086 2765/540/2089
f 2756/541/2090 2775/543/2091 2773/535/2064
f 2757/542/2092 2758/544/2093 2756/541/2094
f 2759/545/2095 2775/543/6977 2756/541/2097
f 2756/541/2086 2758/544/2093 2759/545/2098
f 2775/543/2096 2759/545/2099 2760/546/6978
f 2758/544/2101 2768/547/2102 2759/545/2103
f 2760/546/2104 2759/545/2095 2746/548/2105
f 2759/545/2106 2768/547/2107 2761/549/2108
f 2746/548/2109 2759/545/2110 2761/549/2111
f 2762/551/2112 2768/537/2113 2769/550/2114
f 2753/536/2115 2768/537/2116 2762/551/2119
f 2753/536/6979 2762/551/6980 2755/539/6981
f 2755/539/2121 2762/551/2119 2763/552/2122
f 2763/552/2123 2764/553/2124 2755/539/2125
f 2755/539/2126 2764/553/2127 2765/540/6982
f 2764/553/2129 2766/554/2130 2765/540/2131
f 2765/540/2132 2766/554/2133 2757/542/2134
f 2766/554/2130 2767/555/2135 2757/542/2134
f 2757/542/2134 2767/555/2135 2758/544/2136
f 2767/555/2137 2768/547/2138 2758/544/2139
f 2769/556/2140 2768/547/2141 2767/555/2137
f 2776/558/2142 2760/527/2143 3710/557/2144
f 3710/557/2145 2760/527/2146 2745/525/2147
f 3710/557/2148 2745/525/2149 2770/559/2150
f 2770/559/2150 2745/525/2149 2748/529/6983
f 2748/529/2152 2771/560/2153 2770/559/2154
f 2752/534/2155 2771/560/6984 2748/529/2157
f 2771/560/2158 2752/534/2159 2772/561/2160
f 2772/561/2161 2752/534/2162 2773/535/2163
f 2773/535/2164 2774/562/2165 2772/561/2166
f 2775/543/2167 2774/562/2165 2773/535/2164
f 2774/562/2168 2775/543/2169 2776/563/2170
f 2776/563/2171 2775/543/2172 2760/546/2173
f 2769/556/2174 2767/555/2175 2792/564/2176
f 2792/564/2177 2767/555/2178 2777/565/2179
f 2792/564/2180 2777/565/2179 2791/566/2181
f 2767/555/2182 2778/567/2183 2777/565/2184
f 2766/554/2185 2778/567/2186 2767/555/2187
f 2764/553/2188 2778/567/2189 2766/554/2190
f 2791/566/2191 2777/565/2179 2779/568/2192
f 2777/565/2184 2778/567/2194 2779/568/2195
f 2779/568/2196 2539/569/6985 2791/566/2191
f 2575/570/6986 2539/569/2199 2779/568/2200
f 2779/568/2196 2780/571/2201 2575/570/2202
f 2779/568/2196 2778/567/2203 2780/571/2204
f 2575/570/2205 2780/571/2206 2574/572/2207
f 2781/573/2208 2574/572/2209 2780/571/2204
f 2782/574/2210 2778/567/2189 2764/553/2211
f 2778/567/2189 2782/574/2210 2780/571/2212
f 2763/552/2213 2782/574/2214 2764/553/2215
f 2780/571/2206 2783/575/2217 2781/573/2218
f 2780/571/2216 2782/574/2219 2783/575/2220
f 2593/576/2221 2781/573/2222 2783/575/2223
f 2593/576/2224 2783/575/2223 2532/577/2225
f 2784/578/2226 2532/577/2225 2783/575/2227
f 2532/577/2228 2784/578/2229 2785/579/2230
f 2782/574/2231 2786/580/2232 2783/575/2233
f 2783/575/2233 2786/580/2232 2784/578/2234
f 2787/581/2235 2782/574/2214 2763/552/2236
f 2786/580/2237 2782/574/2238 2787/581/2239
f 2787/581/2240 2763/552/2241 2788/582/2242
f 2788/582/2243 2786/580/2244 2787/581/2240
f 2788/582/2242 2763/552/2241 2762/551/2245
f 2789/583/2246 2785/579/2247 2784/578/2248
f 2789/583/2249 2790/584/2250 2785/579/2247
f 2789/583/2251 2539/585/2252 2790/584/2253
f 2791/586/2254 2539/585/2255 2789/583/2256
f 2789/583/2256 2792/587/2257 2791/586/2254
f 2762/551/2258 2792/587/2259 2788/582/2260
f 2769/550/2261 2792/587/6987 2762/551/2263
f 2793/588/2264 2786/580/2265 2788/582/2266
f 2786/580/2265 2793/588/2267 2784/578/2234
f 2784/578/2248 2793/588/2268 2789/583/2246
f 2792/587/2269 2793/588/2270 2788/582/2266
f 2793/588/2271 2792/587/2259 2789/583/2272
f 2558/639/2273 2560/638/2274 2794/648/2275
f 2558/639/2276 2794/648/6988 2795/642/6989
f 2795/642/2279 2794/648/2280 2567/654/2281
f 2567/654/6990 2796/655/2283 2795/642/6991
f 2795/642/2285 2796/655/2286 2797/646/6992
f 2871/693/2288 2798/692/2289 2870/691/2290
f 2870/691/2291 2798/692/2292 2799/694/2293
f 2870/691/2294 2799/694/2295 2800/695/2296
f 2799/694/2297 2801/696/2298 2800/695/2299
f 2799/694/2293 2798/692/2300 2802/697/2301
f 2802/697/2302 2798/692/2300 2803/698/2303
f 2802/697/2302 2803/698/2303 2804/699/2304
f 2805/700/2305 2801/696/2306 2799/694/2307
f 2801/696/2308 2805/700/2309 2868/701/2310
f 2806/702/2311 2799/694/2307 2802/697/2312
f 2805/700/2316 2799/694/2307 2806/702/2311
f 2804/699/2314 2806/702/2315 2802/697/2312
f 2805/700/2316 2807/703/2317 2868/701/2318
f 2806/702/2315 2807/703/6993 2805/700/2313
f 2807/703/2317 2867/704/2320 2868/701/2321
f 2807/703/2322 2808/705/2323 2867/704/2324
f 2867/704/2324 2808/705/2323 2809/706/2325
f 2810/707/2326 2809/706/2327 2808/705/2328
f 2811/708/2329 2807/703/2330 2806/702/2331
f 2811/708/2332 2808/705/2323 2807/703/2333
f 2812/709/2334 2810/707/2335 2808/705/2336
f 2813/710/2337 2810/707/2338 2812/709/2339
f 2813/710/2340 2812/709/2341 2814/711/2342
f 2815/712/2343 2806/702/2311 2804/699/2344
f 2815/712/2345 2811/708/2346 2806/702/2331
f 2816/713/2347 2808/705/2323 2811/708/2332
f 2816/713/2348 2812/709/2334 2808/705/2336
f 2814/711/2349 2812/709/2334 2817/714/2350
f 2814/711/2351 2817/714/2350 2871/715/2352
f 2871/715/2353 2817/714/2354 2798/716/2355
f 2812/709/2334 2818/717/2356 2817/714/2350
f 2816/713/2357 2818/717/2358 2812/709/2334
f 2819/718/2359 2798/716/2360 2817/714/2361
f 2817/714/2362 2818/717/2363 2819/718/2364
f 2803/719/2365 2798/716/2360 2819/718/2366
f 2820/720/2367 2816/713/2348 2811/708/2329
f 2820/720/2368 2811/708/2369 2815/712/2370
f 2818/717/2371 2821/721/2372 2819/718/2373
f 2819/718/2359 2821/721/2374 2822/722/2375
f 2816/713/2376 2823/723/2377 2818/717/2358
f 2823/723/2378 2816/713/2376 2820/720/2379
f 2821/721/2380 2824/725/2381 2822/722/2375
f 3691/726/2382 2822/722/2383 2824/725/2384
f 2825/724/2385 2821/721/2386 2818/717/2387
f 2825/724/2388 2824/725/2389 2821/721/2390
f 2818/717/2363 2823/723/2378 2825/724/2391
f 2826/727/6994 2824/725/2389 2825/724/2393
f 2826/727/2394 2825/724/2395 3686/728/2396
f 3686/728/2397 2825/724/2385 2823/723/2398
f 3686/728/2399 2823/723/2400 2827/729/2401
f 2820/720/2379 2827/729/2402 2823/723/2377
f 2827/729/2403 2820/720/2404 2828/730/2405
f 2820/720/2368 2815/712/2370 2828/730/2406
f 2828/730/6995 2815/712/2408 2829/731/2409
f 3690/732/2410 2828/730/2406 2829/731/2411
f 2830/733/2412 3690/732/2413 2829/731/2411
f 2830/733/2415 3689/734/2416 3690/732/2417
f 2804/699/2304 2829/731/2418 2815/712/2419
f 2831/736/2420 3689/734/2421 2830/733/2422
f 2831/736/2423 3688/737/2424 3689/734/2425
f 3688/737/2424 2831/736/2420 2832/738/2426
f 3688/737/2427 2832/738/2428 3687/739/2429
f 2832/738/2426 2833/740/2430 3687/739/2431
f 2834/735/2432 2829/731/2418 2804/699/2304
f 2830/733/2433 2829/731/2434 2834/735/6996
f 2830/733/2436 2835/741/2437 2831/736/2438
f 2831/736/2439 2835/741/2440 2832/738/2426
f 2836/742/2441 2833/740/2442 2832/738/2443
f 2833/740/2444 2836/742/2445 2837/743/2446
f 2838/744/2447 2832/738/2448 2835/741/2440
f 2838/744/2447 2836/742/2449 2832/738/2426
f 2804/699/2450 2839/745/2451 2834/735/2432
f 2840/746/2452 2839/745/2453 2804/699/2304
f 2804/699/6997 2803/698/2303 2840/746/2452
f 2822/747/2454 2839/745/2455 2840/746/2456
f 2803/698/2457 2822/747/2454 2840/746/2458
f 3691/748/2459 2839/745/2460 2822/747/2454
f 2819/749/2461 2822/747/2462 2803/698/2463
f 2830/733/2412 2834/735/2432 2841/750/2464
f 2841/750/2465 2834/735/2432 2842/751/2466
f 2843/752/2467 2841/750/2468 2842/751/2469
f 2864/753/2470 2841/750/2471 2843/752/2472
f 2864/753/2470 2844/754/2473 2841/750/2468
f 2844/754/2474 2830/733/2475 2841/750/2476
f 2845/755/2477 2844/754/2478 2864/753/2479
f 2846/756/2480 2830/733/2481 2844/754/2482
f 2846/756/2483 2835/741/2440 2830/733/2484
f 2844/754/2485 2845/755/2486 2847/757/2487
f 2844/754/2482 2847/757/2488 2846/756/2489
f 2848/758/2490 2847/757/2487 2845/755/2491
f 2846/756/2492 2849/759/2493 2835/741/2440
f 2846/756/2494 2847/757/2487 2849/759/6998
f 2847/757/2487 2848/758/2496 2850/760/2497
f 2850/760/6999 2848/758/2499 2860/761/2500
f 2835/741/2501 2849/759/2493 2851/762/2502
f 2851/762/2503 2838/744/2504 2835/741/2440
f 2849/759/2505 2847/757/2487 2852/763/2506
f 2852/763/2506 2847/757/2487 2850/760/2497
f 2852/763/2507 2851/762/2508 2849/759/2493
f 2850/760/2509 2860/761/2500 3697/764/2510
f 3697/764/2510 2860/761/2500 2853/765/2511
f 3695/766/2512 2850/760/2509 3697/764/2513
f 2852/763/2507 2850/760/2514 3695/766/2515
f 3695/766/2515 2854/767/2516 2852/763/2506
f 2854/767/2517 2851/762/2502 2852/763/2518
f 3696/768/2519 2854/767/2516 3695/766/2515
f 2854/767/2520 2855/769/2521 2851/762/2522
f 2855/769/2523 2838/744/2524 2851/762/2525
f 3696/768/2526 2856/770/2527 2854/767/2528
f 2856/770/2529 2855/769/2530 2854/767/2531
f 2857/771/2532 2856/770/2533 3696/768/2534
f 2855/769/2535 2858/772/2536 2838/744/2537
f 2856/770/2538 2858/772/2536 2855/769/2539
f 2857/771/2540 2859/773/2541 2856/770/7000
f 2859/773/2543 2858/772/2544 2856/770/2538
f 3693/774/2545 2859/773/2543 2857/771/2540
f 3693/774/2546 2853/775/2547 2859/773/2548
f 2859/773/2549 2853/775/2550 2860/776/2551
f 2860/776/2551 2858/772/2552 2859/773/2549
f 2848/777/2553 2858/772/2554 2860/776/2551
f 2838/744/2447 2858/772/2555 2861/778/2556
f 2858/772/2536 2848/777/7001 2861/778/2557
f 2861/778/2556 2836/742/2558 2838/744/2447
f 2861/778/2556 2848/777/2559 2862/779/2560
f 2861/778/2556 2862/779/2561 2836/742/2558
f 2862/779/2561 2848/777/2496 2845/780/2562
f 2836/742/2558 2862/779/2561 2863/781/2563
f 2862/779/2561 2845/780/2564 2863/781/2565
f 2837/743/2566 2836/742/2558 2863/781/2563
f 2863/781/2563 2845/780/2567 2864/782/2568
f 2863/781/2569 2864/782/2568 2837/743/2570
f 2864/782/2568 2843/783/2571 2837/743/7002
f 2687/791/2573 2814/711/2574 2871/715/2575
f 2691/792/2576 2814/711/2574 2687/791/7003
f 2691/792/2577 2813/710/2578 2814/711/2579
f 2865/795/2580 2813/710/2581 2691/792/2582
f 2813/710/2583 2865/795/2584 2810/707/2585
f 2810/707/2586 2865/795/2587 2866/797/2588
f 2866/797/7004 2434/798/2590 2810/707/2591
f 2810/707/2592 2434/798/2594 2809/706/2593
f 2434/798/2594 2867/704/2595 2809/706/2596
f 2433/799/7005 2867/704/2598 2434/798/2594
f 2433/799/2599 2429/800/7006 2867/704/2601
f 2867/704/2602 2429/800/2603 2868/701/2604
f 2429/800/2605 2689/790/7007 2868/701/2607
f 2868/701/2607 2689/790/2606 2801/696/2608
f 2801/696/2609 2689/790/2610 2800/695/2611
f 2800/695/2612 2689/790/2613 2869/788/2614
f 2688/787/2615 2800/695/2616 2869/788/2617
f 2870/691/2618 2800/695/7008 2688/787/2615
f 2688/787/2619 2871/693/2620 2870/691/2621
f 2687/785/2622 2871/693/2623 2688/787/2624
f 2873/804/2625 2879/802/2626 2878/803/2627
f 2878/803/2627 2879/802/2626 2876/801/2628
f 2874/806/2629 2873/804/2630 2872/805/2631
f 2872/805/2631 2873/804/2630 2878/803/2632
f 2875/808/2633 2877/807/2634 2879/802/2635
f 2879/802/2635 2877/807/7009 2876/801/2637
f 2872/810/2638 2878/803/2639 2877/809/2640
f 2877/809/2641 2878/803/2642 2876/801/2643
f 2874/812/2644 2875/811/2645 2873/804/2646
f 2873/804/2646 2875/811/2645 2879/802/2647
f 2885/816/2648 2881/814/2649 2884/815/2650
f 2884/815/2650 2881/814/2649 2887/813/2651
f 2886/818/2652 2881/814/2653 2880/817/2654
f 2880/817/2655 2881/814/2656 2885/816/2657
f 2883/820/2658 2882/819/2659 2887/813/2660
f 2887/813/2661 2882/819/2659 2884/815/2662
f 2882/822/2663 2880/821/2664 2884/815/2665
f 2884/815/2666 2880/821/2667 2885/816/2668
f 2883/824/2669 2887/813/2670 2886/823/2671
f 2886/823/2672 2887/813/2670 2881/814/2673
f 2890/827/2674 2889/826/2675 2888/825/2676
f 2891/828/2677 2889/826/2678 2890/827/2679
f 2892/829/2680 2889/826/2681 2891/828/2682
f 2891/828/2683 2893/830/2684 2892/829/2680
f 2894/831/2685 2889/826/2681 2892/829/2686
f 2895/832/2687 2892/829/2688 2893/830/2684
f 2892/829/2680 2896/833/2689 2894/831/2690
f 2896/833/2691 2892/829/2680 2895/832/2687
f 2894/831/2692 2896/833/2689 2897/834/2693
f 2896/833/2694 2895/832/2695 2898/835/2696
f 2897/834/2697 2896/833/2694 2899/836/2698
f 2899/836/2698 2896/833/2694 2898/835/2700
f 2898/835/2701 2900/837/2702 2899/836/2703
f 2899/836/2703 2900/837/2702 2901/838/2704
f 2909/841/7010 3920/840/2706 2908/839/2707
f 2908/839/2708 3920/840/2709 2902/842/2710
f 3920/840/2711 2903/843/2712 2902/842/2713
f 2902/842/2714 2903/843/2715 2904/844/2716
f 2903/843/2717 2905/845/2718 2904/844/2716
f 2904/844/2716 2905/845/7011 3931/846/2720
f 2905/845/2719 2906/847/2721 3931/846/2722
f 3931/846/2722 2906/847/2723 3932/848/2724
f 3929/851/7012 3921/850/2726 3927/849/2727
f 3923/852/2728 3921/850/2729 3929/851/2725
f 2912/853/2730 3923/852/2728 3929/851/2725
f 2907/854/2732 3923/852/7013 2912/853/2730
f 2910/857/2734 2909/856/2735 2908/855/2736
f 2911/858/2737 2909/856/2738 2910/857/2734
f 3927/859/2739 2911/858/2740 2910/857/2741
f 3921/860/2742 2911/858/2743 3927/859/2744
f 2906/863/2745 3925/862/2746 3932/861/2747
f 3932/861/2747 3925/862/2746 3933/864/2748
f 3925/862/2749 2907/865/2750 3933/864/2748
f 3933/864/2751 2907/865/2752 2912/866/7014
f 2913/867/2754 2928/868/2755 2957/869/2756
f 2914/870/2757 2928/868/2758 2913/867/2759
f 2914/870/2760 2915/871/2761 2928/868/2758
f 2913/867/2762 2916/872/2763 2914/870/2764
f 2917/873/2765 2916/872/2766 2913/867/2767
f 2915/871/2761 2914/870/2768 2918/874/2769
f 2918/874/2770 2919/875/2771 2915/871/2761
f 2916/872/2766 2920/876/2772 2914/870/2760
f 2914/870/2760 2920/876/2772 2918/874/2773
f 2917/873/2774 2921/877/2775 2916/872/2763
f 2922/878/2776 2921/877/2777 2917/873/7015
f 2922/878/2778 2923/879/2779 2921/877/2780
f 2924/880/2781 2923/879/2782 2922/878/2783
f 2924/880/2784 2925/881/2785 2923/879/2786
f 2924/880/2787 2926/882/2788 2925/881/2789
f 2925/881/7016 2926/882/2791 2927/883/2792
f 2957/884/2793 2927/883/2792 2926/882/2794
f 2928/885/2795 2927/883/2796 2957/884/2797
f 2927/883/7017 2928/885/2795 2915/886/2799
f 2929/887/2800 2919/875/2801 2918/874/2802
f 2918/874/2803 2930/888/2804 2929/887/2805
f 2920/876/2806 2930/888/7018 2918/874/2803
f 2931/889/2808 2919/875/2809 2929/887/2810
f 2930/888/2811 2931/889/2812 2929/887/2813
f 2956/890/2814 2919/875/2815 2931/889/2812
f 2932/891/2817 2931/889/2818 2930/888/2819
f 2930/888/2820 2920/876/2821 2932/891/2840
f 2931/889/2812 2933/892/2823 2956/890/2824
f 2932/891/2825 2933/892/2826 2931/889/2818
f 2956/890/2827 2933/892/2823 2934/893/2828
f 2947/894/2829 2934/893/7019 2933/892/2831
f 2947/894/2832 2933/892/2833 2932/891/2834
f 2935/895/2835 2934/893/2836 2947/894/2837
f 2936/896/2838 2947/894/7020 2932/891/2840
f 2940/897/2841 2947/894/2842 2936/896/2843
f 2937/898/2844 2932/891/2834 2920/876/2845
f 2932/891/2846 2937/898/2844 2936/896/2847
f 2920/876/2806 2938/899/2848 2937/898/2849
f 2938/899/2850 2920/876/2851 2916/872/2766
f 2937/898/2852 2939/900/2853 2936/896/2854
f 2939/900/2855 2937/898/2856 2938/899/2857
f 2936/896/2858 2939/900/2853 2940/901/2859
f 2938/899/2860 2916/872/2861 2941/902/2873
f 2941/902/2863 2939/900/2855 2938/899/2864
f 2941/902/2862 2916/872/2865 2921/877/2866
f 2942/903/2867 2940/901/2868 2939/900/2853
f 2942/903/2870 2939/900/2871 2941/902/2872
f 2941/902/2873 2921/877/2874 2943/904/2875
f 2943/904/2875 2921/877/2876 2923/879/2877
f 2941/902/2872 2944/905/2878 2942/903/2879
f 2943/904/2875 2944/905/2878 2941/902/2881
f 2943/904/2875 2923/879/2882 2945/906/2883
f 2944/905/2880 2943/904/2884 2945/906/2885
f 2945/906/2886 2923/879/2786 2925/881/2789
f 2946/907/2887 2940/901/2888 2942/903/7021
f 2944/905/2889 2946/907/2890 2942/903/2891
f 2935/908/2892 2940/901/2841 2946/907/2893
f 2947/909/2894 2940/901/2841 2935/908/2896
f 2948/910/2897 2946/907/2898 2944/905/2878
f 2948/910/2899 2935/908/2892 2946/907/2900
f 2945/906/7022 2948/910/2897 2944/905/7023
f 2935/908/2902 2948/910/2903 2949/911/2904
f 2949/911/2905 2948/910/2906 2950/912/2907
f 2951/913/2908 2945/906/2909 2925/881/2910
f 2927/883/2911 2951/913/2908 2925/881/2790
f 2948/910/2897 2945/906/2912 2952/914/2913
f 2952/914/2914 2950/912/2915 2948/910/2916
f 2951/913/2917 2952/914/2918 2945/906/2919
f 2951/913/2920 2950/912/2921 2952/914/2922
f 2950/912/2923 2951/913/2917 2949/915/2924
f 2953/916/2925 2951/913/2908 2927/883/2926
f 2949/915/2924 2951/913/2927 2953/916/2928
f 2927/883/2798 2954/917/2929 2953/916/2930
f 2954/917/2931 2949/915/2932 2953/916/2933
f 2954/917/2934 2927/883/2935 2915/886/2936
f 2949/915/2937 2954/917/2938 2955/918/2939
f 2915/886/2940 2955/918/2941 2954/917/2942
f 2949/915/2904 2955/918/2943 2935/919/2902
f 2955/918/2939 2915/886/2944 2919/920/2945
f 2935/919/7024 2955/918/2946 2934/921/2830
f 2956/922/2947 2955/918/2943 2919/920/2801
f 2934/921/2948 2955/918/2946 2956/922/2947
f 2963/923/2950 2913/924/2951 2957/925/2952
f 2958/926/2953 2913/924/2954 2963/923/7025
f 2958/926/7026 2917/927/2957 2913/924/2951
f 2959/928/2958 2917/927/2959 2958/926/2960
f 2959/928/2961 2922/929/2962 2917/927/2963
f 2960/930/2964 2922/929/2965 2959/928/2966
f 2960/930/2972 2924/931/2968 2922/929/2969
f 2961/932/2970 2924/931/2971 2960/930/2972
f 2961/932/2973 2926/933/2974 2924/931/2975
f 2962/934/2976 2926/933/2977 2961/932/2978
f 2962/934/2979 2957/935/2980 2926/933/2981
f 2963/936/2982 2957/935/7027 2962/934/2984
f 4030/937/2985 2964/938/2986 2971/939/2987
f 2965/940/2988 2964/938/2989 4030/937/2985
f 4028/941/2990 2965/940/2991 4030/937/2992
f 4032/942/2993 2965/940/2991 4028/941/2990
f 2966/943/2994 4032/942/2995 4028/941/2996
f 2967/944/2997 4032/942/2995 2966/943/2994
f 2967/944/2998 2966/943/2999 2968/945/3000
f 2968/945/3001 2966/943/2999 4031/946/3002
f 4031/946/3003 2969/947/3004 2968/945/3000
f 2968/945/3000 2969/947/3004 2970/948/3005
f 2971/949/3006 2970/948/3005 2969/947/3007
f 2964/950/3008 2970/948/3005 2971/949/3006
f 2974/951/3013 2973/952/3010 2972/953/3011
f 2973/952/7028 2974/951/7029 2975/954/3014
f 2976/955/3015 2975/954/3016 2974/951/7030
f 2975/954/3018 2977/956/3019 2973/952/3010
f 2975/954/3020 2976/955/3021 2978/957/3022
f 3085/958/3023 2978/957/3041 2976/955/3025
f 2978/957/3026 3085/958/7031 3074/959/3038
f 2977/956/3019 2975/954/3030 2979/960/3031
f 2979/960/3031 3072/961/3032 2977/956/3033
f 3074/959/3038 2980/962/3035 2978/957/3036
f 2980/962/3037 3074/959/3038 2981/963/3039
f 2981/963/3039 2982/964/3040 2980/962/3037
f 2978/957/3041 2983/965/3042 2975/954/3043
f 2975/954/3030 2983/965/3044 2979/960/3045
f 2980/962/3046 2983/965/3044 2978/957/7032
f 2984/966/3048 2980/962/3049 2982/964/3050
f 3066/967/7033 2984/966/3052 2982/964/3053
f 2985/968/3055 2983/965/3044 2980/962/3046
f 2985/968/3055 2979/960/3056 2983/965/3044
f 2980/962/3057 2984/966/3058 2985/968/3054
f 2985/968/3054 2986/969/3059 2979/960/3056
f 3072/961/3060 2979/960/7034 2986/969/3062
f 2986/969/7035 2985/968/3054 2984/966/3065
f 2984/966/3065 3066/967/3066 2987/970/3067
f 3090/971/3068 2987/970/3069 3066/967/3066
f 2988/972/3070 3072/961/3071 2986/969/3063
f 3072/961/3071 2988/972/3072 2989/973/3073
f 2990/974/3074 2989/973/3073 2988/972/7036
f 2989/973/3075 2990/974/3076 2991/975/3077
f 2990/974/3078 3084/976/3079 2991/975/3077
f 2992/977/3080 2986/969/3081 2984/966/3082
f 2987/970/7037 2992/977/3084 2984/966/3085
f 2987/970/3086 3090/971/3087 2993/978/3088
f 2994/971/3089 2993/978/3088 3090/971/3087
f 2995/978/3090 2993/978/3091 2994/971/3092
f 2986/969/3062 2996/979/3093 2988/972/3094
f 2996/979/3093 2986/969/3063 2992/977/3095
f 2997/980/3096 2996/979/3097 2992/977/3080
f 2998/981/3098 2997/980/3099 2992/977/3080
f 2992/977/3080 2987/970/3100 2999/982/3101
f 2987/970/3069 2993/978/3102 2999/982/3103
f 2998/981/3104 2992/977/3105 2999/982/3101
f 2995/978/3106 3000/983/3107 2993/978/3108
f 2993/978/3109 3000/983/3110 2999/982/3111
f 3001/983/3112 3000/983/3107 2995/978/3113
f 2996/979/3093 3002/984/3114 2988/972/3115
f 2988/972/3116 3002/984/3117 2990/974/3118
f 2996/979/3093 3003/985/3306 3002/984/3117
f 2996/979/3093 2997/980/3120 3003/985/3119
f 2998/981/3121 2999/982/3122 3004/986/3123
f 3000/983/3124 3004/986/3125 2999/982/3126
f 3001/983/3127 3005/987/3128 3000/983/3129
f 3006/987/3130 3005/987/3131 3001/983/3132
f 3004/986/3123 3000/983/3133 3007/988/3134
f 3007/988/3135 3000/983/3136 3005/987/3137
f 3006/987/3130 3008/989/3138 3005/987/7038
f 3092/989/3139 3008/989/3138 3006/987/3130
f 3057/990/3140 3005/987/7039 3008/989/3142
f 3005/987/3143 3057/990/3144 3009/991/3145
f 3009/991/3146 3007/988/3147 3005/987/3148
f 3010/992/3149 3009/991/3146 3057/990/3150
f 3009/991/3146 3010/992/3151 3011/993/3152
f 3054/994/3153 3011/993/3152 3010/992/3154
f 3012/995/3155 2998/981/3156 3004/986/3157
f 3012/995/3158 3004/986/3123 3007/988/3159
f 3013/996/3160 3007/988/3135 3009/991/3161
f 3011/993/3152 3013/996/3160 3009/991/3161
f 3007/988/3162 3014/997/3163 3012/995/3158
f 3007/988/3135 3013/996/3164 3014/997/3163
f 3011/993/3165 3054/994/3166 3015/998/3171
f 3011/993/3152 3016/999/3168 3013/996/3169
f 3016/999/3170 3011/993/3165 3015/998/3171
f 3054/994/7040 3017/1000/3173 3015/998/3171
f 3017/1000/3174 3054/994/3153 3018/1001/3175
f 3019/1002/3178 3017/1000/3173 3018/1001/7041
f 3017/1000/3174 3019/1002/3178 3020/1003/3179
f 3020/1003/3180 3015/998/3181 3017/1000/3182
f 3015/998/3183 3020/1003/3184 3016/999/3185
f 3051/1004/3186 3016/999/3187 3020/1003/3188
f 3016/999/3189 3051/1004/3186 3053/1005/3190
f 3021/1006/3191 3016/999/3192 3053/1005/7042
f 3016/999/3192 3021/1006/7043 3013/996/7044
f 3021/1006/3196 3060/1007/3197 3013/996/3160
f 3014/997/3198 3013/996/3164 3060/1007/3199
f 3067/1008/3200 3014/997/3201 3060/1007/3202
f 3014/997/3203 3067/1008/3204 3022/1009/3205
f 3067/1008/3204 3023/1010/3206 3022/1009/3205
f 3023/1010/3206 3067/1008/3207 3024/1011/3208
f 3025/1012/3209 3014/997/3163 3022/1009/3210
f 3014/997/3163 3025/1012/3209 3012/995/3158
f 3024/1011/3208 3026/1013/7045 3023/1010/3206
f 3026/1013/7046 3027/1014/3213 3023/1010/3214
f 3026/1013/7045 3024/1011/3208 3087/1015/3215
f 3027/1014/7047 3026/1013/3212 3086/1016/7048
f 3088/1017/3218 3027/1014/7049 3086/1016/3220
f 3027/1014/3221 3088/1017/7050 3028/1018/3222
f 3029/1019/3223 3027/1014/3221 3028/1018/3222
f 3023/1010/3224 3030/1020/3225 3022/1009/3205
f 3027/1014/3213 3030/1020/3226 3023/1010/3214
f 3025/1012/3209 3022/1009/3205 3030/1020/3225
f 3027/1014/3228 3029/1019/3229 3031/1021/3230
f 3031/1021/3231 3030/1020/3225 3027/1014/3221
f 3025/1012/3209 3030/1020/3225 3031/1021/3232
f 3031/1021/7051 3029/1019/3229 3070/1022/3234
f 3025/1012/7052 3032/1023/3236 3012/995/3158
f 3032/1023/3237 3025/1012/3238 3031/1021/3232
f 3032/1023/3239 3031/1021/7053 3070/1022/3240
f 3012/995/3241 3032/1023/3242 2998/981/3098
f 3032/1023/3243 3070/1022/3244 3033/1024/3245
f 3070/1022/3246 3034/1025/7054 3033/1024/3245
f 3032/1023/3239 3035/1026/3248 2998/981/3249
f 3035/1026/3250 3032/1023/3239 3033/1024/3245
f 3035/1026/3251 2997/980/3096 2998/981/3252
f 3034/1025/3253 3036/1027/3254 3033/1024/3255
f 3036/1027/7055 3034/1025/3257 3037/1028/3258
f 3038/1029/3259 3036/1027/3256 3037/1028/3260
f 3035/1026/3261 3033/1024/3262 3039/1030/7056
f 3036/1027/3264 3039/1030/3265 3033/1024/3266
f 3040/1031/3267 3039/1030/3268 3036/1027/3269
f 3035/1026/3250 3039/1030/3270 3041/1032/7057
f 2997/980/3096 3035/1026/3250 3041/1032/3272
f 3041/1032/3273 3039/1030/3274 3040/1031/3275
f 3036/1027/3264 3038/1029/3276 3042/1033/3277
f 3042/1033/3278 3040/1031/3279 3036/1027/3280
f 3038/1029/3281 3043/1034/3282 3042/1033/3283
f 3040/1031/3284 3042/1033/3285 3043/1034/3286
f 3043/1034/3282 3038/1029/3288 3044/1035/3289
f 3044/1035/3290 3040/1031/3291 3043/1034/3292
f 3040/1031/3291 3044/1035/3293 3045/1036/3294
f 3078/1037/3295 3040/1031/3291 3045/1036/3296
f 3040/1031/3297 3078/1037/3295 3041/1032/3272
f 2997/980/3298 3041/1032/3272 3078/1037/3295
f 2997/980/3299 3078/1037/7058 3046/1038/3301
f 3047/1039/7059 2997/980/3303 3046/1038/3304
f 3047/1039/3305 3003/985/3306 2997/980/3307
f 3081/1040/7060 3003/985/3306 3047/1039/3309
f 3003/985/3310 3081/1040/3311 3048/1041/3312
f 3048/1041/3313 3002/984/3117 3003/985/3306
f 3083/1042/3315 3048/1041/3316 3081/1040/3308
f 2990/974/3317 3002/984/7061 3048/1041/3319
f 3048/1041/3320 3083/1042/3321 3049/1043/3322
f 3049/1043/3323 2990/974/3317 3048/1041/3319
f 3083/1042/3324 3050/1044/3325 3049/1043/3322
f 2990/974/3326 3049/1043/3327 3050/1044/3328
f 3050/1044/3328 3083/1042/3324 3084/976/3329
f 3084/976/3330 2990/974/3331 3050/1044/3328
f 3019/1045/3332 3051/1046/3333 3020/1047/3184
f 3051/1046/3334 3019/1045/3332 3052/1048/3335
f 3019/1045/7062 3018/1049/3337 3052/1048/3344
f 3052/1048/3339 3053/1050/7042 3051/1046/3340
f 3054/1051/3341 3052/1048/3342 3018/1049/3175
f 3053/1050/3343 3052/1048/3344 3055/1052/3345
f 3052/1048/3344 3054/1051/3153 3055/1052/7063
f 3010/1053/3149 3055/1052/7064 3054/1051/3153
f 3055/1052/7065 3021/1054/3196 3053/1050/3350
f 3055/1052/3347 3010/1053/3149 3056/1055/3351
f 3021/1054/3196 3055/1052/3349 3056/1055/3352
f 3057/1056/3353 3056/1055/3352 3010/1053/3354
f 3056/1055/3355 3057/1056/3356 3058/1057/3357
f 3058/1057/3357 3021/1054/3358 3056/1055/3352
f 3008/1058/3359 3058/1057/3360 3057/1056/3353
f 3021/1054/3196 3058/1057/3361 3059/1059/3362
f 3021/1054/3191 3059/1059/3363 3060/1060/3364
f 3058/1057/3365 3008/1058/3372 3061/1061/3367
f 3061/1061/3368 3059/1059/7066 3058/1057/3360
f 3091/1062/3370 3061/1061/3371 3008/1058/3372
f 3062/1063/3373 3059/1059/3374 3061/1061/3375
f 3061/1061/3376 3091/1062/3377 3062/1063/3378
f 3090/1064/3392 3062/1063/3380 3091/1062/3381
f 3063/1065/7067 3059/1059/3383 3062/1063/3373
f 3062/1063/3378 3090/1064/3385 3063/1065/3386
f 3059/1059/3362 3064/1066/3387 3060/1060/3388
f 3065/1067/3389 3060/1060/3390 3064/1066/3412
f 3063/1065/3386 3090/1064/3392 3066/1068/3393
f 3060/1060/3394 3065/1067/3395 3067/1069/3396
f 2982/1070/3397 3063/1065/3398 3066/1068/3399
f 3065/1067/3400 3024/1071/3401 3067/1069/3207
f 3063/1065/3402 2982/1070/3040 3068/1072/3403
f 3063/1065/3398 3068/1072/3404 3059/1059/3405
f 2982/1070/3053 3069/1073/3406 3068/1072/3407
f 3069/1073/3406 2982/1070/3408 2981/1074/3409
f 3070/1075/3240 3064/1066/3410 3059/1059/3362
f 3070/1075/3244 3065/1067/3400 3064/1066/3412
f 3024/1071/3413 3065/1067/3400 3071/1076/3414
f 3087/1077/3415 3024/1071/3416 3071/1076/3414
f 3087/1077/7068 3071/1076/7069 3088/1078/7070
f 3088/1078/3218 3071/1076/3420 3028/1079/3222
f 3065/1067/7071 3028/1079/3222 3071/1076/7072
f 3028/1079/3422 3065/1067/3423 3029/1080/3223
f 3065/1067/7073 3070/1075/3244 3029/1080/3229
f 3069/1073/3424 3072/1081/3425 3068/1072/3403
f 3072/1081/7074 3059/1059/3427 3068/1072/3428
f 2981/1074/3039 3073/1082/3431 3069/1073/3430
f 3073/1082/3431 2981/1074/3409 3074/1083/3038
f 3074/1083/3028 3085/1084/3027 3073/1082/3432
f 3073/1082/3433 3085/1084/3434 2972/1085/3435
f 3073/1082/3436 2972/1085/3437 2973/1086/3438
f 2977/1087/3439 3073/1082/3440 2973/1086/3441
f 3073/1082/3440 2977/1087/3442 3069/1073/3443
f 3072/1081/3425 3069/1073/3424 2977/1087/7075
f 3070/1075/3234 3059/1059/3445 3075/1088/3446
f 3076/1089/3447 3070/1075/3246 3075/1088/3448
f 3070/1075/3240 3076/1089/3449 3034/1090/3450
f 3076/1089/3451 3037/1091/3260 3034/1090/3452
f 3037/1091/3258 3076/1089/3451 3077/1092/3453
f 3038/1093/3454 3037/1091/3260 3077/1092/3453
f 3077/1092/3456 3044/1094/3457 3038/1093/3458
f 3077/1092/3459 3045/1095/3460 3044/1094/3461
f 3076/1089/3462 3045/1095/3463 3077/1092/3464
f 3045/1095/3465 3076/1089/3466 3078/1096/3300
f 3075/1088/3446 3078/1096/3295 3076/1089/3467
f 3078/1096/7058 3075/1088/3469 3046/1097/3470
f 3075/1088/7076 3059/1059/3472 3046/1097/3473
f 3079/1098/3474 3059/1059/3383 3072/1081/7077
f 3059/1059/3369 3079/1098/7078 3046/1097/3301
f 3072/1081/3476 3080/1099/3477 3079/1098/3478
f 3080/1099/3479 3046/1097/3304 3079/1098/3480
f 3046/1097/3481 3080/1099/3482 3047/1100/3483
f 3080/1099/3484 3072/1081/7079 2989/1101/3075
f 3080/1099/3482 3081/1102/3486 3047/1100/3487
f 2989/1101/3073 3082/1103/3488 3080/1099/3489
f 3081/1102/3308 3080/1099/3490 3082/1103/3491
f 3082/1103/3492 2989/1101/3493 2991/1104/3494
f 3083/1105/3315 3081/1102/3308 3082/1103/3496
f 2991/1104/3497 3084/1106/3498 3082/1103/3492
f 3083/1105/3499 3082/1103/3496 3084/1106/3500
f 2976/955/7080 2972/953/3502 3085/958/3503
f 2972/953/3502 2976/955/3501 2974/951/7081
f 3087/1015/3505 3086/1016/3505 3026/1013/3505
f 3086/1016/3505 3087/1015/3505 3088/1017/3506
f 2994/1107/3507 3090/1108/3508 3089/1109/3509
f 3089/1109/3510 3090/1108/3511 3091/1110/7082
f 3089/1109/3509 3091/1110/3513 3092/1111/3514
f 3092/1111/3514 3091/1110/3513 3008/1112/3515
f 3093/1113/3516 2549/1114/3517 2544/1115/3516
f 2544/1115/3516 2549/1114/3518 3094/1116/3518
f 3094/1116/3519 2549/1114/3519 2536/1117/3519
f 2536/1117/3518 2549/1114/3518 3095/1118/3518
f 3097/1119/3520 4034/1120/3521 3096/1121/3522
f 3098/1122/3523 4034/1120/3524 3097/1119/3525
f 3110/1123/3526 3098/1122/3527 3097/1119/3528
f 4043/1124/3529 3098/1122/3523 3110/1123/3530
f 3099/1125/3531 4034/1120/3532 3098/1122/3533
f 4043/1124/3534 3099/1125/3531 3098/1122/3533
f 4036/1126/3535 4034/1120/3532 3099/1125/3536
f 3100/1127/3537 3099/1125/3531 4043/1124/3538
f 3099/1125/3531 3101/1128/3539 4036/1126/3535
f 3100/1127/3537 3101/1128/3539 3099/1125/3531
f 4036/1126/3540 3101/1128/3541 4037/1129/3542
f 3101/1128/3543 3102/1130/3544 4037/1129/3545
f 3103/1131/3546 3101/1128/3539 3100/1127/3547
f 3103/1131/3548 3102/1130/3544 3101/1128/3549
f 4037/1129/3545 3102/1130/3550 4038/1132/3551
f 3104/1133/3552 3102/1130/3553 3103/1131/3554
f 4040/1134/3555 3102/1130/3556 3104/1133/3557
f 4038/1132/3558 3102/1130/3559 4039/1135/3560
f 4040/1134/3561 3105/1136/3562 3102/1130/3563
f 4039/1135/3560 3102/1130/3563 3105/1136/3562
f 3106/1137/3564 3105/1136/3565 4040/1134/3561
f 3106/1137/3566 4042/1138/3567 3105/1136/3568
f 3105/1136/3569 4042/1138/3567 3117/1139/3570
f 3117/1139/3570 4039/1135/3571 3105/1136/3569
f 3107/1140/3572 4039/1135/3573 3117/1139/3574
f 3108/1120/3575 3097/1119/3576 3096/1121/3577
f 3109/1122/3578 3097/1119/3576 3108/1120/7083
f 3109/1122/3580 3110/1123/3581 3097/1119/3582
f 3111/1124/3583 3110/1123/3581 3109/1122/3578
f 3108/1120/3584 3112/1125/3585 3109/1122/7084
f 3112/1125/3587 3111/1124/3588 3109/1122/7085
f 3113/1126/3589 3112/1125/3590 3108/1120/3591
f 4045/1127/3592 3111/1124/3593 3112/1125/3585
f 3113/1126/3589 3114/1128/3594 3112/1125/3587
f 3114/1128/3594 4045/1127/3592 3112/1125/3587
f 3115/1129/3595 3114/1128/3596 3113/1126/3597
f 3116/1131/3598 4045/1127/3592 3114/1128/3594
f 3114/1128/3599 3115/1129/3600 3117/1130/3601
f 3117/1130/3601 3116/1131/3602 3114/1128/3603
f 3117/1130/3604 3115/1129/3605 3107/1132/3606
f 4044/1133/3607 3116/1131/3608 3117/1130/3604
f 4044/1133/3609 3117/1130/3610 4042/1134/3611
f 2606/1141/3612 3118/1142/3613 3940/1143/3614
f 3940/1143/3615 3118/1142/3616 3119/1144/3617
f 3136/1145/3618 3133/1146/3619 3120/1147/3620
f 3136/1145/3618 3134/1148/3621 3133/1146/3622
f 3134/1148/3623 3121/1149/3624 3133/1146/3625
f 3133/1146/3619 3121/1149/3626 3129/1150/3627
f 3121/1149/3628 3122/1151/3629 3129/1150/3630
f 3129/1150/3631 3122/1151/3632 3127/1152/3633
f 3122/1151/3634 3123/1153/3635 3127/1152/3636
f 3127/1152/3637 3123/1153/3638 3126/1154/3639
f 3126/1154/7086 3123/1153/3641 3137/1155/3642
f 3137/1155/3643 3123/1153/3644 3940/1143/3645
f 3119/1144/3646 3137/1155/3647 3940/1143/3648
f 3138/1156/3649 3137/1155/3650 3119/1144/3651
f 3140/1157/3652 3141/1158/3653 3124/1159/3654
f 3124/1159/3654 3141/1158/3653 3125/1160/3655
f 3141/1158/3656 3144/1161/3657 3125/1160/3658
f 3126/1154/3659 3124/1159/3660 3125/1160/3661
f 3137/1155/3662 3124/1159/3663 3126/1154/3664
f 3126/1154/3665 3125/1160/3666 3127/1152/3667
f 3127/1152/3668 3125/1160/3666 3128/1162/3669
f 3125/1160/3670 3144/1161/3657 3128/1162/3671
f 3128/1162/3669 3129/1150/3672 3127/1152/3668
f 3144/1161/3673 3130/1163/3674 3128/1162/3675
f 3130/1163/3676 3129/1150/3677 3128/1162/3678
f 3131/1164/3679 3130/1163/3674 3144/1161/3673
f 3147/1165/3680 3130/1163/3681 3131/1164/3682
f 3132/1166/3683 3130/1163/3684 3147/1165/3680
f 3132/1166/3685 3129/1150/3686 3130/1163/3687
f 3133/1146/3688 3129/1150/3689 3132/1166/3690
f 3136/1145/3691 3135/1167/3692 3134/1148/3693
f 3134/1148/3694 3135/1167/3695 2574/1168/7087
f 3138/1156/3697 3124/1159/3698 3137/1155/3699
f 3139/1169/3700 3124/1159/3701 3138/1156/3702
f 3139/1169/3703 3140/1157/3704 3124/1159/3705
f 3142/1170/3706 3140/1157/3707 3139/1169/3708
f 3142/1171/3709 3141/1158/3710 3140/1157/3711
f 3143/1172/3712 3141/1158/3710 3142/1171/3709
f 3143/1172/3712 3144/1161/3713 3141/1158/3710
f 3145/1173/3714 3144/1161/3715 3143/1172/3712
f 3145/1173/3714 3131/1164/3716 3144/1161/3715
f 3146/1174/3717 3131/1164/3718 3145/1173/3714
f 3146/1174/3717 3147/1165/3720 3131/1164/3718
f 3149/1175/3721 3147/1165/3722 3146/1174/7088
f 3120/1147/3723 3133/1146/3724 3148/1176/3725
f 3148/1176/3725 3133/1146/3726 3132/1166/3727
f 3148/1176/3728 3132/1166/3727 3149/1177/3730
f 3149/1177/3730 3132/1166/3727 3147/1165/3731
f 3152/1178/3732 3151/1179/3733 3150/1180/3734
f 3153/1181/3735 3151/1179/3736 3152/1178/3737
f 3154/1182/3738 3151/1179/3739 3153/1181/3740
f 3155/1183/3741 3151/1179/3742 3154/1182/3743
f 3156/1184/3744 3155/1183/3745 3154/1182/3746
f 3157/1185/3747 3155/1183/3748 3156/1184/3749
f 3158/1186/7089 3157/1185/7090 3156/1184/3752
f 3161/1187/3753 3160/1188/3754 3159/1189/7091
f 3159/1189/3756 3160/1188/3757 3162/1190/3758
f 3163/1191/3759 3167/1192/3760 3168/1193/3761
f 3168/1193/3762 3167/1192/3763 3166/1194/3764
f 3170/1195/3765 3163/1191/3766 3165/1196/3767
f 3165/1196/3768 3163/1191/3769 3168/1193/3770
f 3164/1197/3771 3170/1198/3772 3169/1199/3773
f 3169/1199/3774 3170/1198/3772 3165/1200/3775
f 3167/1192/3776 3164/1201/3777 3166/1194/3778
f 3166/1194/3779 3164/1201/3780 3169/1202/3781
f 3168/1193/3782 3166/1194/3783 3165/1203/3784
f 3165/1203/3785 3166/1194/3786 3169/1204/3787
f 3170/1205/3788 3164/1206/3789 3163/1191/3790
f 3163/1191/3791 3164/1206/3789 3167/1192/3792
f 3173/1180/3793 3172/1179/3794 3171/1178/3795
f 3171/1178/3795 3172/1179/3796 3174/1181/3797
f 3174/1181/3797 3172/1179/3798 3175/1182/3799
f 3175/1182/3799 3172/1179/3798 3176/1183/3800
f 3175/1182/3801 3176/1183/3802 3177/1184/3803
f 3177/1184/3804 3176/1183/3805 3178/1185/3806
f 3177/1184/3804 3178/1185/3806 3179/1186/3807
f 3182/1190/3808 3181/1188/3809 3180/1189/3810
f 3180/1189/3810 3181/1188/3811 3183/1187/3812
f 3189/1194/3813 3184/1192/3814 3185/1193/3815
f 3185/1193/3816 3184/1192/3817 3190/1191/3818
f 3185/1193/3819 3190/1191/3820 3187/1196/3821
f 3187/1196/3821 3190/1191/3822 3191/1195/3823
f 3187/1200/3824 3191/1198/3825 3186/1199/3826
f 3186/1199/3827 3191/1198/3828 3188/1197/3829
f 3186/1202/3830 3188/1201/3831 3189/1194/3832
f 3189/1194/3832 3188/1201/3831 3184/1192/3833
f 3186/1204/3834 3189/1194/3835 3187/1203/3836
f 3187/1203/3837 3189/1194/3838 3185/1193/7092
f 3184/1192/3840 3188/1206/3841 3190/1191/3842
f 3190/1191/3843 3188/1206/3844 3191/1205/3845
f 3194/1180/3846 3193/1207/3847 3192/1178/3848
f 3192/1178/3848 3193/1207/3849 3195/1208/3850
f 3195/1208/3851 3193/1207/3852 3196/1209/3853
f 3196/1209/3854 3193/1207/3852 3197/1210/3855
f 3196/1209/3856 3197/1210/3857 3198/1182/3858
f 3198/1182/3859 3197/1210/3860 3199/1183/3861
f 3198/1182/3862 3199/1183/3863 3200/1184/3864
f 3200/1184/3864 3199/1183/3865 3201/1185/3866
f 3201/1185/3867 3202/1211/3868 3200/1184/3869
f 3200/1184/3870 3202/1211/3871 3203/1212/3872
f 3202/1211/3873 3204/1186/3874 3203/1212/3875
f 3203/1212/3876 3204/1186/3877 3205/1213/3878
f 3208/1178/3879 3207/1207/3880 3206/1180/3881
f 3209/1208/7093 3207/1207/3880 3208/1178/3879
f 3207/1207/3883 3209/1208/3884 3210/1210/3885
f 3210/1210/3886 3209/1208/3887 3211/1209/3888
f 3212/1182/3889 3210/1210/3890 3211/1209/3891
f 3213/1183/3892 3210/1210/3893 3212/1182/3894
f 3214/1184/3895 3213/1183/3896 3212/1182/3897
f 3215/1185/3900 3213/1183/3892 3214/1184/3899
f 3215/1185/3900 3214/1184/3901 3216/1211/3902
f 3216/1211/3903 3214/1184/3904 3217/1212/7094
f 3216/1211/3906 3217/1212/3907 3218/1186/7095
f 3218/1186/3909 3217/1212/3910 3219/1213/3911
f 3278/1214/3912 3220/1215/3913 3275/1216/3914
f 3275/1216/3915 3221/1217/3916 3278/1214/3912
f 3222/1218/3917 3221/1217/3918 3275/1216/3919
f 3221/1217/3920 3222/1218/3917 3223/1219/3921
f 3223/1219/3922 3222/1218/3923 3224/1220/3924
f 3224/1220/3925 3273/1221/3926 3223/1219/3927
f 3223/1219/3928 3273/1221/3926 3225/1222/3929
f 3271/1223/3930 3225/1222/3931 3273/1221/3932
f 3226/1224/3933 3225/1222/3934 3271/1223/3935
f 3271/1223/3936 3280/1225/3937 3226/1224/3938
f 3284/1226/3939 3294/1227/3940 3227/1228/3941
f 3227/1228/3942 3228/1229/3943 3284/1226/3939
f 3284/1226/3944 3228/1229/3945 3229/1230/3946
f 3292/1231/3947 3229/1230/3948 3228/1229/3945
f 3230/1232/3949 3229/1230/3950 3292/1231/3951
f 3230/1232/3952 3292/1231/3951 3282/1233/3953
f 3282/1233/3954 3292/1231/3951 3290/1234/3955
f 3290/1234/3956 3281/1235/3957 3282/1233/3958
f 3289/1236/7096 3281/1235/3960 3290/1234/3956
f 3289/1236/3961 3288/1237/3962 3281/1235/3963
f 3238/1238/3964 3231/1239/7097 3240/1240/3966
f 3240/1240/3967 3231/1239/3965 3232/1241/3968
f 3232/1241/3969 3231/1242/3970 3234/1243/3971
f 3234/1243/3971 3231/1242/3970 3233/1244/3973
f 3233/1245/3974 3239/1246/3975 3234/1243/3976
f 3234/1243/3976 3239/1246/3975 3237/1247/3977
f 3236/1248/7098 3238/1249/3979 3235/1250/3980
f 3235/1250/3980 3238/1249/3979 3240/1240/3981
f 3239/1251/3982 3236/1252/3983 3237/1247/3984
f 3237/1247/3985 3236/1252/3986 3235/1250/3987
f 3238/1253/3988 3236/1254/3989 3231/1255/3990
f 3231/1255/3991 3236/1254/3992 3233/1256/3993
f 3236/1254/3989 3239/1257/3994 3233/1256/3993
f 3237/1247/3995 3235/1250/3996 3234/1243/3997
f 3235/1250/3998 3232/1241/3999 3234/1243/3997
f 3240/1240/4000 3232/1241/4001 3235/1250/4002
f 3276/1258/4003 3277/1259/4004 3241/1260/4005
f 3241/1260/4006 3242/1261/4007 3276/1258/4008
f 3276/1258/4009 3242/1261/4010 3243/1262/4011
f 3244/1263/4012 3243/1262/4011 3242/1261/4010
f 3274/1264/4013 3243/1262/4014 3244/1263/4015
f 3274/1264/4013 3244/1263/4016 3245/1265/4017
f 3245/1265/4017 3244/1263/4016 3246/1266/4018
f 3246/1266/4019 3272/1267/4020 3245/1265/4021
f 3247/1268/4022 3272/1267/4023 3246/1266/4024
f 3247/1268/4022 3279/1269/4025 3272/1267/4026
f 3293/1270/4027 3295/1271/7099 3285/1272/4029
f 3285/1272/4030 3248/1273/4031 3293/1270/4032
f 3283/1274/4033 3248/1273/4034 3285/1272/4035
f 3248/1273/4034 3283/1274/4036 3291/1275/7100
f 3291/1275/4038 3283/1274/4039 3249/1276/7101
f 3249/1276/4041 3250/1277/4042 3291/1275/4043
f 3291/1275/4043 3250/1277/4044 3251/1278/4045
f 3287/1279/4046 3251/1278/4047 3250/1277/4048
f 3252/1280/4049 3251/1278/4047 3287/1279/4050
f 3287/1279/4051 3286/1281/4052 3252/1280/4053
f 3258/1282/4054 3253/1283/4055 3259/1284/4056
f 3259/1284/4056 3253/1283/4057 3254/1285/4058
f 3260/1286/4059 3255/1287/4060 3256/1288/4061
f 3256/1288/4062 3255/1287/4063 3257/1289/4064
f 3258/1282/4065 3259/1284/4066 3257/1289/4067
f 3257/1289/4068 3259/1284/4069 3256/1288/4070
f 3258/1282/4071 3257/1289/4072 3253/1290/4073
f 3253/1290/4074 3257/1289/4075 3255/1291/4076
f 3259/1284/4077 3254/1292/4078 3256/1288/4079
f 3256/1288/4079 3254/1292/4080 3260/1293/4081
f 3263/1241/4082 3262/1239/4083 3261/1240/4087
f 3261/1240/4085 3262/1239/4086 3269/1238/4087
f 3264/1243/4088 3262/1242/4089 3263/1241/4090
f 3265/1244/4091 3262/1242/4092 3264/1243/4088
f 3268/1247/4093 3266/1246/4093 3264/1243/4094
f 3264/1243/4094 3266/1246/4095 3265/1245/4096
f 3261/1240/4097 3269/1249/4097 3267/1250/4097
f 3267/1250/4098 3269/1249/4097 3270/1248/4098
f 3267/1250/4099 3270/1252/4099 3268/1247/4099
f 3268/1247/4099 3270/1252/4099 3266/1251/4099
f 3262/1255/4100 3270/1254/4101 3269/1253/4102
f 3265/1256/4103 3270/1254/4104 3262/1255/4105
f 3265/1256/4106 3266/1257/4107 3270/1254/4108
f 3264/1243/4109 3267/1250/4110 3268/1247/4111
f 3264/1243/4112 3263/1241/4113 3267/1250/4114
f 3267/1250/4110 3263/1241/4115 3261/1240/4116
f 3272/1294/4117 3271/1294/4118 3245/1295/4119
f 3245/1295/4119 3271/1294/4120 3273/1296/4121
f 3245/1295/4119 3273/1296/4121 3274/1297/4122
f 3274/1297/4122 3273/1296/4121 3224/1297/4123
f 3274/1297/4122 3224/1297/4124 3243/1298/4126
f 3243/1298/4126 3224/1297/4124 3222/1298/4127
f 3243/1298/7102 3222/1298/7103 3276/1299/4129
f 3276/1299/7104 3222/1298/4131 3275/1300/7105
f 3276/1301/7106 3275/1302/4134 3277/1303/4135
f 3277/1303/4136 3275/1302/4137 3220/1304/4138
f 3277/1305/7107 3220/1306/4140 3241/1307/7108
f 3241/1307/4141 3220/1306/4140 3278/1308/4142
f 3241/1307/4141 3278/1308/4142 3242/1309/4143
f 3242/1309/4144 3278/1308/4145 3221/1310/4146
f 3242/1309/4147 3221/1310/4148 3244/1311/4149
f 3244/1311/4150 3221/1310/4148 3223/1312/4151
f 3244/1311/4152 3223/1312/4153 3246/1313/4154
f 3246/1313/4154 3223/1312/4155 3225/1314/4156
f 3246/1313/4157 3225/1314/4158 3247/1315/4159
f 3247/1315/4159 3225/1314/4158 3226/1316/4160
f 3247/1315/4159 3226/1316/4160 3279/1317/4161
f 3279/1317/4161 3226/1316/4160 3280/1317/4162
f 3279/1318/4163 3280/1319/7109 3272/1320/4165
f 3272/1320/4166 3280/1319/4167 3271/1321/7110
f 3287/1322/4172 3282/1323/4170 3281/1324/4171
f 3250/1325/4170 3282/1323/4170 3287/1322/4169
f 3250/1325/4170 3230/1326/4173 3282/1323/4170
f 3249/1326/4174 3230/1326/4173 3250/1325/4170
f 3249/1326/4175 3229/1327/4175 3230/1326/7111
f 3283/1328/7112 3229/1327/4177 3249/1326/4179
f 3283/1328/4178 3284/1329/4173 3229/1327/4179
f 3285/1330/4175 3284/1329/4173 3283/1328/4173
f 3287/1321/7113 3281/1320/4181 3286/1331/4182
f 3286/1331/4183 3281/1320/4184 3288/1318/4185
f 3286/1332/4186 3288/1332/4187 3252/1333/4188
f 3252/1333/4189 3288/1332/7114 3289/1334/4191
f 3252/1333/4189 3289/1334/4191 3251/1335/4192
f 3251/1335/4193 3289/1334/7115 3290/1336/4195
f 3251/1335/4196 3290/1336/4197 3291/1337/4198
f 3291/1337/4199 3290/1336/4200 3292/1338/4201
f 3291/1337/4202 3292/1338/4203 3248/1339/4204
f 3248/1339/7116 3292/1338/4203 3228/1340/7117
f 3248/1339/4207 3228/1340/4208 3293/1341/4209
f 3293/1341/4210 3228/1340/4211 3227/1342/4212
f 3293/1341/4210 3227/1342/4212 3295/1343/4213
f 3295/1343/4213 3227/1342/4212 3294/1344/4214
f 3295/1318/4215 3294/1319/4216 3285/1320/4217
f 3285/1320/4218 3294/1319/4216 3284/1321/4219
f 3303/1345/4220 3296/1346/4221 3299/1347/4222
f 3299/1347/4223 3296/1346/4224 3297/1348/4225
f 3298/1349/7118 3297/1348/4227 3302/1350/4228
f 3302/1350/7119 3297/1348/4230 3296/1346/4231
f 3300/1351/7120 3299/1347/4233 3298/1352/4234
f 3298/1352/4235 3299/1347/7121 3297/1348/4237
f 3301/1353/4238 3303/1345/4240 3300/1354/4240
f 3300/1354/4239 3303/1345/4239 3299/1347/4239
f 3302/1355/4241 3296/1346/4242 3301/1356/4243
f 3301/1356/7122 3296/1346/4245 3303/1345/4246
f 3312/1357/4247 3304/1358/4248 3310/1359/4249
f 3310/1359/4250 3304/1358/4251 3305/1360/4252
f 3310/1359/4253 3305/1360/4254 3306/1361/4255
f 3307/1362/4256 3305/1360/4252 3304/1358/4257
f 3306/1361/4258 3305/1360/4259 3318/1363/4260
f 3308/1364/4261 3305/1360/4252 3307/1362/4256
f 3308/1364/4262 3318/1363/4260 3305/1360/4263
f 3307/1362/4264 3323/1365/4265 3308/1364/4266
f 3319/1366/4271 3318/1363/4268 3308/1364/4269
f 3308/1364/4261 3323/1365/4265 3309/1367/4270
f 3319/1366/4271 3308/1364/4272 3314/1368/4273
f 3314/1368/4274 3308/1364/7123 3309/1367/4275
f 3317/1369/4276 3310/1359/4277 3306/1361/4278
f 3311/1370/4279 3310/1359/4280 3317/1369/4281
f 3311/1370/4282 3312/1357/4283 3310/1359/4284
f 3325/1371/4285 3312/1357/4283 3311/1370/4282
f 3321/1372/4286 3314/1368/4287 3313/1373/4288
f 3313/1373/4289 3314/1368/4290 3309/1367/4291
f 3313/1373/7124 3309/1367/7125 3315/1374/4294
f 3315/1374/4295 3309/1367/4293 3323/1365/4296
f 3317/1375/7126 3306/1361/7127 3316/1376/4299
f 3316/1376/4300 3306/1361/4301 3318/1363/4302
f 3318/1363/4303 3319/1366/4304 3316/1376/4300
f 3316/1376/4300 3319/1366/4304 3320/1377/4305
f 3319/1366/4304 3314/1368/4308 3320/1377/4307
f 3320/1377/4307 3314/1368/4308 3321/1378/4309
f 3315/1379/4310 3323/1365/4311 3322/1380/4312
f 3322/1380/4312 3323/1365/4311 3307/1362/4314
f 3322/1380/4315 3307/1362/4316 3324/1381/4317
f 3324/1381/4318 3307/1362/7128 3304/1358/4320
f 3324/1381/4318 3304/1358/7129 3325/1382/4321
f 3325/1382/4321 3304/1358/4320 3312/1357/4322
f 3328/1383/4323 3327/1384/4324 3326/1385/4325
f 3326/1385/4326 3327/1384/4323 3329/1386/4327
f 3326/1385/4328 3329/1386/4329 3330/1387/4330
f 3330/1387/4330 3329/1386/4329 3331/1388/4330
f 3340/1385/4331 3327/1384/4332 3328/1383/4332
f 3332/1386/4334 3327/1384/4333 3340/1385/4331
f 3341/1387/4335 3332/1386/4336 3340/1385/4337
f 3338/1388/4338 3332/1386/4336 3341/1387/4335
f 3330/1387/4339 3331/1388/4340 3333/1389/4341
f 3333/1389/4341 3331/1388/4342 3334/1390/4341
f 3333/1389/4343 3334/1390/4343 3339/1391/4344
f 3339/1391/4345 3334/1390/4346 3335/1392/4344
f 3335/1392/4347 3336/1390/4348 3339/1391/4347
f 3339/1391/4347 3336/1390/4348 3337/1389/4349
f 3336/1390/4350 3338/1388/7130 3337/1389/4352
f 3337/1389/4353 3338/1388/4354 3341/1387/4355
f 3339/1391/4356 3328/1383/4360 3326/1385/4356
f 3339/1391/4356 3326/1385/4356 3330/1387/4358
f 3339/1391/4356 3330/1387/4358 3333/1389/4359
f 3340/1385/4356 3328/1383/4360 3339/1391/4356
f 3341/1387/4356 3340/1385/4356 3339/1391/4361
f 3337/1389/7131 3341/1387/4356 3339/1391/4356
f 3347/1393/4363 3348/1394/4363 3342/1395/4363
f 3342/1395/4363 3348/1394/4363 3349/1396/4363
f 3345/1397/4372 3344/1398/4372 3343/1399/4372
f 3343/1399/4364 3344/1398/4364 3346/1400/4364
f 3344/1398/4365 3345/1397/4366 3347/1393/4365
f 3347/1393/4365 3345/1397/4366 3348/1394/4366
f 3342/1401/4367 3349/1402/4367 3346/1400/4367
f 3346/1400/4367 3349/1402/4367 3343/1399/4367
f 3356/1403/4363 3363/1404/4363 3355/1405/4363
f 3355/1405/4363 3363/1404/4363 3361/1406/4363
f 3363/1404/4363 3350/1407/4363 3361/1406/4363
f 3358/1408/4363 3350/1407/4363 3363/1404/4363
f 3359/1409/4363 3350/1407/4363 3358/1408/4363
f 3359/1410/4368 3353/1411/4323 3350/1412/4371
f 3350/1412/4370 3353/1411/4324 3362/1413/4369
f 3360/1414/4364 3351/1415/4364 3354/1416/4364
f 3357/1417/4372 3351/1415/4372 3360/1414/4372
f 3362/1413/4372 3357/1417/4372 3360/1414/4372
f 3352/1418/4372 3357/1417/4372 3362/1413/4372
f 3353/1411/4372 3352/1418/4372 3362/1413/4372
f 3351/1419/4373 3356/1420/4373 3354/1421/4374
f 3354/1421/4375 3356/1420/4373 3355/1422/4375
f 3355/1422/4378 3361/1423/4377 3354/1421/4378
f 3354/1421/4378 3361/1423/4379 3360/1424/4379
f 3351/1425/4380 3357/1426/4380 3356/1427/4380
f 3356/1427/4381 3357/1426/4382 3363/1428/4381
f 3352/1429/4383 3353/1411/4384 3358/1430/4383
f 3358/1430/4385 3353/1411/4383 3359/1410/4383
f 3361/1423/4387 3350/1412/4387 3360/1424/4387
f 3360/1424/4387 3350/1412/4387 3362/1413/4387
f 3357/1426/4388 3352/1429/4388 3363/1428/4389
f 3363/1428/4389 3352/1429/4390 3358/1430/4388
f 3364/1431/4391 3391/1432/4392 3390/1433/4393
f 3365/1434/4394 3391/1432/4392 3364/1431/7132
f 3364/1431/4396 3366/1435/4397 3365/1434/4394
f 3365/1434/4398 3367/1436/4399 3391/1432/4392
f 3391/1432/4400 3367/1436/4401 3368/1437/4402
f 3368/1437/4402 3367/1436/4401 3369/1438/4403
f 3365/1434/4398 3366/1435/4397 3370/1439/4404
f 3365/1434/4398 3370/1439/4405 3367/1436/4406
f 3366/1435/4407 3371/1440/4408 3370/1439/4409
f 3369/1438/4410 3367/1436/4411 3372/1441/4412
f 3384/1442/4413 3369/1438/4414 3372/1441/4415
f 3373/1443/4416 3384/1442/4417 3372/1441/4418
f 3373/1443/4419 3372/1441/4420 3374/1444/4421
f 3367/1436/4422 3370/1439/4423 3375/1445/4424
f 3375/1445/4424 3372/1441/4426 3367/1436/4422
f 3370/1439/4427 3371/1440/4428 3376/1446/4429
f 3376/1446/4429 3375/1445/4430 3370/1439/4427
f 3371/1440/4431 3389/1447/4432 3376/1446/4433
f 3376/1446/4434 3389/1447/4435 3388/1448/4436
f 3388/1448/4436 3377/1449/4437 3376/1446/4438
f 3374/1444/4439 3372/1441/4440 3378/1450/4441
f 3378/1450/4442 3372/1441/4443 3375/1445/4444
f 3374/1444/4421 3378/1450/4445 3379/1451/4446
f 3376/1446/4438 3377/1449/4437 3380/1452/4447
f 3380/1452/4448 3375/1445/4449 3376/1446/4450
f 3377/1449/4451 3381/1453/4452 3380/1452/4453
f 3414/1454/4454 3379/1451/4455 3381/1453/4456
f 3379/1451/4457 3378/1450/4458 3382/1455/4459
f 3378/1450/4460 3375/1445/4449 3382/1455/4461
f 3382/1455/4462 3375/1445/4449 3380/1452/4463
f 3380/1452/4453 3381/1453/4452 3382/1455/4464
f 3381/1453/4465 3379/1451/4466 3382/1455/4464
f 3384/1456/4467 3383/1457/4468 2552/1458/4469
f 3373/1459/4470 3383/1457/7133 3384/1456/4467
f 3373/1459/4472 3972/1460/4473 3383/1457/4474
f 3374/1461/4475 3972/1460/4476 3373/1459/4477
f 3374/1461/4478 2417/1462/4479 3972/1460/4480
f 3379/1463/4481 2417/1462/4479 3374/1461/4478
f 3379/1463/4482 4007/1464/4483 2417/1462/4484
f 3414/1465/4485 4007/1464/7134 3379/1463/4487
f 3414/1466/4488 3385/1467/4489 4007/1464/4490
f 3381/1468/4491 3385/1467/4489 3414/1466/4492
f 3381/1468/4491 3386/1469/4493 3385/1467/4489
f 3377/1470/4494 3386/1469/4495 3381/1468/4491
f 3377/1470/4494 3387/1471/4496 3386/1469/4495
f 3388/1472/4497 3387/1471/4496 3377/1470/4494
f 3388/1472/4497 3985/1473/4499 3387/1471/4500
f 3389/1474/4501 3985/1473/4502 3388/1472/4503
f 3390/1475/7135 3968/1476/4505 3992/1477/4506
f 3391/1478/4507 3968/1476/4508 3390/1475/4509
f 3391/1478/4507 3965/1479/4510 3968/1476/4508
f 3368/1480/4511 3965/1479/4512 3391/1478/4513
f 3368/1480/4514 3967/1481/4515 3965/1479/4512
f 3369/1482/4516 3967/1481/4517 3368/1480/4518
f 3369/1482/4519 2552/1458/4520 3967/1481/4517
f 3384/1483/7136 2552/1458/7137 3369/1482/4519
f 3389/1484/7138 3392/1485/4524 3985/1473/4525
f 3371/1486/4524 3392/1485/4524 3389/1484/4523
f 3371/1486/4524 3393/1487/4526 3392/1485/4524
f 3366/1488/4526 3393/1487/4526 3371/1486/4527
f 3366/1488/4526 3990/1489/4528 3393/1487/4526
f 3364/1490/4529 3990/1489/4530 3366/1488/4531
f 3364/1490/4529 3992/1477/4532 3990/1489/4530
f 3390/1491/4532 3992/1477/4532 3364/1490/4529
f 3396/1433/4534 3395/1432/4535 3394/1431/4536
f 3394/1431/4537 3395/1432/4538 3397/1434/4539
f 3397/1434/4540 3422/1435/4541 3394/1431/4542
f 3397/1434/4540 3395/1432/4543 3398/1436/4544
f 3398/1436/4545 3395/1432/4546 3399/1437/4547
f 3400/1438/4548 3398/1436/4544 3399/1437/4549
f 3401/1439/4550 3422/1435/4551 3397/1434/4540
f 3397/1434/4552 3398/1436/4545 3401/1439/4550
f 3401/1439/4553 3420/1440/4554 3422/1435/4555
f 3402/1441/4556 3398/1436/7139 3400/1438/4558
f 3402/1441/4559 3400/1438/4548 3409/1442/4560
f 3402/1441/4559 3409/1442/4560 3410/1443/4561
f 3412/1444/4562 3402/1441/4563 3410/1443/4564
f 3403/1446/4565 3420/1440/4554 3401/1439/4566
f 3403/1446/4567 3417/1447/4568 3420/1440/4569
f 3404/1448/4570 3417/1447/4571 3403/1446/4572
f 3403/1446/4573 3416/1449/4574 3404/1448/4575
f 3401/1439/4550 3398/1436/4576 3405/1445/4577
f 3398/1436/4578 3402/1441/4579 3405/1445/4580
f 3401/1439/4581 3405/1445/4582 3403/1446/4583
f 3406/1450/4584 3402/1441/4585 3412/1444/4586
f 3405/1445/4587 3402/1441/4579 3406/1450/4584
f 3413/1451/4588 3406/1450/4589 3412/1444/4590
f 3407/1452/4591 3416/1449/4592 3403/1446/4593
f 3403/1446/4567 3405/1445/4582 3407/1452/4594
f 3407/1452/4595 3415/1453/4596 3416/1449/4597
f 3415/1453/4598 3413/1451/7140 3414/1454/4600
f 3408/1455/4601 3406/1450/4589 3413/1451/4602
f 3408/1455/4603 3405/1445/4582 3406/1450/4604
f 3407/1452/4605 3405/1445/4582 3408/1455/4603
f 3408/1455/4606 3415/1453/4607 3407/1452/4608
f 3408/1455/4609 3413/1451/4610 3415/1453/4598
f 3998/1458/4611 3999/1457/4612 3409/1456/4613
f 3409/1456/4614 3999/1457/4615 3410/1459/4616
f 3999/1457/4617 3411/1460/4618 3410/1459/4619
f 3410/1459/4620 3411/1460/7141 3412/1461/4622
f 3411/1460/4623 2441/1462/4624 3412/1461/4625
f 3412/1461/4625 2441/1462/4627 3413/1463/7142
f 2441/1462/4629 4007/1464/4630 3413/1463/4631
f 3413/1463/4632 4007/1464/4633 3414/1465/4634
f 4007/1464/4635 4008/1467/7143 3414/1466/4637
f 3414/1466/4637 4008/1467/4636 3415/1468/4638
f 4008/1467/4636 4009/1469/4639 3415/1468/4638
f 3415/1468/4638 4009/1469/4639 3416/1470/4640
f 4009/1469/4639 4012/1471/4641 3416/1470/7144
f 3416/1470/4640 4012/1471/4641 3404/1472/4642
f 4012/1471/4643 3419/1473/4644 3404/1472/4642
f 3404/1472/4645 3419/1473/4646 3417/1474/4647
f 3424/1477/7145 3995/1476/4649 3396/1475/4650
f 3396/1475/4651 3995/1476/4652 3395/1478/4653
f 3995/1476/4654 3418/1479/4655 3395/1478/4656
f 3395/1478/4657 3418/1479/4655 3399/1480/4658
f 3418/1479/4659 3993/1481/4660 3399/1480/4661
f 3399/1480/4662 3993/1481/4663 3400/1482/4664
f 3993/1481/7146 3998/1458/4665 3400/1482/4664
f 3400/1482/7147 3998/1458/4667 3409/1483/4668
f 3419/1473/4669 4017/1485/4670 3417/1484/4669
f 3417/1484/4669 4017/1485/4670 3420/1486/4670
f 4017/1485/4670 3421/1487/4671 3420/1486/4670
f 3420/1486/4672 3421/1487/4673 3422/1488/4674
f 3421/1487/4673 3423/1489/4675 3422/1488/4674
f 3422/1488/4676 3423/1489/4677 3394/1490/4678
f 3423/1489/4677 3424/1477/4679 3394/1490/4678
f 3394/1490/4678 3424/1477/4680 3396/1491/4681
f 3439/1492/4682 3520/1493/4683 3425/1494/4684
f 3425/1494/4685 3520/1493/4686 3426/1495/4687
f 3520/1493/4688 3522/1496/4689 3426/1495/4690
f 3426/1495/4691 3522/1496/7148 3427/1497/7149
f 3522/1496/4694 3539/1498/4695 3427/1497/4696
f 3427/1497/4696 3539/1498/4697 3428/1499/4698
f 3428/1499/4699 3539/1498/4700 3436/1497/4701
f 3436/1497/4702 3539/1498/4695 3540/1496/4703
f 3436/1497/4704 3540/1496/4705 3435/1495/4706
f 3435/1495/4707 3540/1496/4708 3537/1493/4709
f 3435/1495/4710 3537/1493/4711 3429/1494/4712
f 3429/1494/4712 3537/1493/4711 3596/1492/5346
f 3430/1500/4714 3465/1501/4715 3466/1502/4716
f 3431/1503/4717 3465/1501/4715 3430/1500/7150
f 3432/1504/4719 3431/1503/4720 3430/1500/4721
f 3433/1505/4722 3431/1503/4723 3432/1504/4724
f 3431/1503/4725 3433/1505/4726 3425/1506/4727
f 3425/1506/4727 3433/1505/4728 3439/1507/4729
f 3464/1508/4730 3434/1509/4739 3471/1510/4732
f 3465/1511/4733 3434/1509/4734 3464/1508/4735
f 3431/1512/4736 3434/1509/4731 3465/1511/4737
f 3425/1513/4738 3434/1509/4739 3431/1512/4720
f 3425/1513/4740 3426/1514/4741 3434/1509/4742
f 3426/1514/4743 3427/1515/4744 3434/1509/4745
f 3427/1515/4746 3428/1516/7151 3434/1509/4748
f 3471/1510/7152 3434/1509/4739 3470/1508/4750
f 3470/1508/4751 3434/1509/4742 3469/1511/4752
f 3469/1511/4753 3434/1509/4739 3593/1512/4754
f 3593/1512/4755 3434/1509/4739 3429/1513/4756
f 3434/1509/4757 3435/1514/4758 3429/1513/4759
f 3434/1509/4745 3436/1515/4760 3435/1514/4761
f 3434/1509/4748 3428/1516/4747 3436/1515/4760
f 3432/1504/4762 3437/1517/4763 3433/1505/4764
f 3433/1505/4765 3437/1517/4763 3438/1518/4766
f 3433/1505/4767 3438/1518/7153 3439/1507/4769
f 3551/1519/4770 3438/1518/4771 3437/1517/4772
f 3439/1507/4769 3438/1518/4771 3519/1520/4773
f 3438/1518/4766 3551/1519/4770 3519/1520/4773
f 3519/1520/4774 3551/1519/7154 3440/1521/4776
f 3509/1522/4777 3519/1520/4778 3440/1521/4779
f 3441/1523/4780 3509/1522/4781 3440/1521/4782
f 3507/1524/4783 3509/1522/4781 3441/1523/4785
f 3507/1524/7155 3441/1523/4787 3442/1525/4788
f 3507/1524/4789 3442/1525/4790 3506/1526/4791
f 3440/1521/4792 3443/1527/4793 3441/1523/4787
f 3444/1528/4794 3442/1525/4788 3441/1523/4795
f 3443/1527/4796 3444/1528/4797 3441/1523/4798
f 3445/1529/4799 3443/1527/4800 3440/1521/4779
f 3445/1529/7156 3440/1521/4779 3446/1530/4802
f 3446/1530/4803 3443/1527/4804 3445/1529/4805
f 3446/1530/4806 3440/1521/4782 3551/1519/7157
f 3447/1531/4808 3446/1530/4809 3551/1519/4807
f 3447/1531/4810 3551/1519/4811 3448/1532/4812
f 3448/1532/7158 3551/1519/4775 3552/1533/4814
f 3449/1534/4815 3443/1527/4800 3446/1530/4816
f 3443/1527/4817 3449/1534/4818 3444/1528/4819
f 3449/1534/4820 3446/1530/4802 3447/1531/4887
f 3444/1528/4822 3449/1534/4820 3447/1531/4823
f 3450/1535/4824 3442/1525/4825 3444/1528/4819
f 3447/1531/4821 3450/1535/4826 3444/1528/4819
f 3506/1526/4827 3442/1525/4828 3451/1536/4829
f 3452/1537/4830 3506/1526/4831 3451/1536/4832
f 3453/1538/4833 3506/1526/4834 3452/1537/4830
f 3453/1538/4835 3452/1537/4836 3503/1539/4837
f 3503/1539/4838 3452/1537/4839 3556/1540/4840
f 3554/1541/7159 3556/1540/4842 3452/1537/4843
f 3454/1542/4844 3452/1537/4845 3451/1536/4846
f 3442/1525/4847 3454/1542/4848 3451/1536/4849
f 3454/1542/4850 3554/1541/4851 3452/1537/4852
f 3455/1543/4853 3442/1525/4854 3450/1535/4855
f 3455/1543/4856 3454/1542/4857 3442/1525/4858
f 3454/1542/4859 3456/1544/4860 3554/1541/4861
f 3454/1542/4862 3455/1543/4863 3456/1544/4864
f 3554/1541/4865 3456/1544/4866 3457/1545/4867
f 3456/1544/4864 3455/1543/4863 3481/1546/4868
f 3450/1535/4869 3458/1547/4870 3455/1543/4871
f 3458/1547/4872 3481/1546/4873 3455/1543/4874
f 3458/1547/4875 3450/1535/4876 3447/1531/4877
f 3459/1548/7160 3481/1546/4879 3458/1547/4872
f 3459/1548/4878 3458/1547/4872 3447/1531/4880
f 3459/1548/4881 3479/1549/4882 3481/1546/4883
f 3459/1548/4881 3447/1531/4884 3460/1550/4885
f 3459/1548/4881 3460/1550/4885 3479/1549/4882
f 3460/1550/4886 3447/1531/4810 3448/1532/4888
f 3479/1549/4889 3460/1550/4885 3478/1551/4890
f 3461/1552/4891 3460/1550/4885 3448/1532/4892
f 3448/1532/4812 3552/1533/4893 3461/1552/4894
f 3460/1550/4885 3462/1553/7161 3478/1551/7162
f 3462/1553/4896 3460/1550/4885 3461/1552/4891
f 3462/1553/4896 3473/1554/4898 3478/1551/4890
f 3462/1553/4897 3461/1552/4891 3473/1554/4899
f 3473/1554/4900 3461/1552/4901 3463/1555/4902
f 3463/1555/4902 3461/1552/4903 3552/1533/4814
f 3463/1555/4904 3552/1533/4814 3471/1556/4905
f 3471/1556/4906 3552/1533/4907 3464/1557/4908
f 3464/1557/4909 3552/1533/7163 3465/1501/4911
f 3550/1558/4912 3465/1501/4911 3552/1533/4907
f 3550/1558/4913 3466/1502/4914 3465/1501/4915
f 3469/1501/4916 3468/1502/4917 3467/1558/4918
f 3597/1533/4919 3469/1501/4922 3467/1558/4921
f 3469/1501/4922 3597/1533/4923 3470/1557/4924
f 3470/1557/4925 3597/1533/4926 3471/1556/4927
f 3471/1556/4928 3597/1533/4929 3463/1555/4930
f 3597/1533/4931 3472/1552/4932 3463/1555/4933
f 3463/1555/7164 3472/1552/4935 3473/1554/4899
f 3472/1552/4935 3597/1533/4926 3474/1532/4936
f 3597/1533/4919 3598/1519/4937 3474/1532/4938
f 3474/1532/4939 3598/1519/4940 3475/1531/4941
f 3475/1531/4942 3476/1550/4943 3474/1532/4944
f 3474/1532/4945 3476/1550/4946 3472/1552/4947
f 3473/1554/4899 3472/1552/4947 3477/1553/4948
f 3472/1552/4949 3476/1550/4946 3477/1553/4950
f 3478/1551/4890 3473/1554/4898 3477/1553/4948
f 3478/1551/4890 3477/1553/7165 3476/1550/4946
f 3476/1550/4946 3479/1549/4889 3478/1551/4890
f 3480/1548/4952 3479/1549/4953 3476/1550/7166
f 3480/1548/4952 3476/1550/4954 3475/1531/7167
f 3481/1546/4879 3479/1549/4956 3480/1548/4952
f 3482/1547/7168 3481/1546/4958 3480/1548/4959
f 3475/1531/4942 3482/1547/4957 3480/1548/4959
f 3483/1543/4960 3481/1546/4958 3482/1547/4957
f 3481/1546/4962 3483/1543/4963 3456/1544/4964
f 3475/1531/4942 3484/1535/4965 3482/1547/4966
f 3483/1543/4967 3482/1547/4966 3484/1535/4968
f 3484/1535/4969 3485/1525/4970 3483/1543/4971
f 3456/1544/4964 3483/1543/4963 3486/1542/7169
f 3485/1525/4973 3486/1542/4974 3483/1543/4975
f 3487/1528/4976 3484/1535/4977 3475/1531/4941
f 3487/1528/4978 3485/1525/4970 3484/1535/4979
f 3488/1541/4980 3456/1544/4981 3486/1542/4982
f 3457/1545/4867 3456/1544/4866 3488/1541/4983
f 3489/1537/4984 3488/1541/4985 3486/1542/4986
f 3489/1537/4987 3490/1540/7170 3488/1541/4980
f 3490/1540/4989 3489/1537/4990 3491/1539/4991
f 3491/1539/4992 3489/1537/4990 3524/1538/4993
f 3489/1537/4994 3527/1526/4995 3524/1538/4996
f 3492/1536/4997 3489/1537/4998 3486/1542/4999
f 3492/1536/5000 3527/1526/4995 3489/1537/4994
f 3492/1536/5001 3486/1542/5002 3485/1525/4973
f 3492/1536/5003 3485/1525/5004 3527/1526/5005
f 3527/1526/5005 3485/1525/5006 3493/1524/5007
f 3485/1525/5008 3494/1523/7171 3493/1524/5010
f 3494/1523/5011 3485/1525/5012 3487/1528/5013
f 3494/1523/5014 3495/1522/5015 3493/1524/5016
f 3496/1521/5017 3495/1522/5015 3494/1523/5018
f 3496/1521/5019 3536/1520/5020 3495/1522/5021
f 3494/1523/5022 3487/1528/5023 3497/1527/5024
f 3494/1523/5025 3497/1527/5026 3496/1521/5027
f 3487/1528/5028 3498/1534/5029 3497/1527/5030
f 3475/1531/5031 3498/1534/5032 3487/1528/5033
f 3475/1531/4942 3499/1530/5034 3498/1534/5032
f 3499/1530/5035 3497/1527/5036 3498/1534/5037
f 3598/1519/5038 3499/1530/5039 3475/1531/5040
f 3496/1521/5044 3598/1519/4940 3536/1520/5020
f 3598/1519/7172 3496/1521/7173 3499/1530/5035
f 3500/1529/5045 3497/1527/5046 3499/1530/5047
f 3499/1530/7174 3496/1521/5048 3500/1529/5049
f 3496/1521/5019 3497/1527/7175 3500/1529/7176
f 3536/1520/5051 3598/1519/5052 3501/1518/5053
f 3536/1520/5054 3501/1518/5053 3596/1507/5055
f 3502/1517/7177 3501/1518/5057 3598/1519/5058
f 3596/1507/5059 3501/1518/5060 3595/1505/5061
f 3501/1518/5053 3502/1517/5062 3595/1505/5063
f 3595/1505/7178 3502/1517/5062 3594/1504/5065
f 3558/1559/5066 3453/1560/5067 3503/1561/5068
f 3504/1562/5069 3453/1560/5070 3558/1559/5071
f 3560/1563/5072 3504/1562/5073 3558/1559/5074
f 3504/1562/5075 3505/1564/5076 3453/1560/5077
f 3453/1560/5077 3505/1564/5076 3506/1565/5078
f 3505/1564/5079 3507/1566/5080 3506/1565/5081
f 3508/1567/5082 3507/1566/5080 3505/1564/5079
f 3507/1566/5083 3508/1567/5084 3509/1568/5085
f 3510/1569/5086 3505/1564/5087 3504/1562/5088
f 3510/1569/5089 3508/1567/5090 3505/1564/5091
f 3511/1570/5092 3504/1562/5093 3560/1563/5072
f 3511/1570/5092 3510/1569/5094 3504/1562/5095
f 3511/1570/5096 3560/1563/5072 3531/1571/5097
f 3531/1571/5098 3510/1569/5099 3511/1570/5100
f 3531/1571/5181 3560/1563/5102 3569/1572/5103
f 3531/1571/5104 3512/1573/5105 3510/1569/5106
f 3512/1573/5107 3508/1567/5108 3510/1569/7179
f 3513/1574/5109 3512/1573/5110 3531/1571/7180
f 3509/1568/5111 3508/1567/5112 3514/1575/5113
f 3512/1573/5114 3514/1575/5115 3508/1567/5090
f 3512/1573/5105 3513/1574/5116 3515/1576/5117
f 3515/1576/5118 3514/1575/5115 3512/1573/5114
f 3515/1576/5117 3513/1574/5116 3516/1577/5119
f 3517/1578/5120 3515/1576/5117 3516/1577/5121
f 3518/1579/5122 3509/1568/5123 3514/1575/5124
f 3515/1576/5118 3518/1579/5125 3514/1575/5124
f 3519/1580/7181 3509/1568/5127 3518/1579/5125
f 3519/1580/5128 3518/1579/5129 3439/1492/5130
f 3439/1492/5130 3518/1579/5129 3520/1493/5131
f 3521/1581/5132 3515/1576/5133 3517/1578/5120
f 3521/1581/5134 3518/1579/5135 3515/1576/5136
f 3518/1579/5135 3521/1581/5134 3520/1493/5137
f 3539/1498/5138 3521/1581/5139 3517/1578/5140
f 3520/1493/5131 3521/1581/7182 3522/1496/5142
f 3522/1496/5143 3521/1581/5144 3539/1498/5145
f 3491/1561/5146 3524/1560/5147 3523/1559/5148
f 3523/1559/5148 3524/1560/5147 3525/1562/5149
f 3523/1559/5150 3525/1562/5151 3567/1563/5152
f 3524/1560/5153 3526/1564/5154 3525/1562/5155
f 3527/1565/5156 3526/1564/5157 3524/1560/5153
f 3527/1565/5158 3493/1566/5161 3526/1564/5160
f 3526/1564/5160 3493/1566/5161 3528/1567/5162
f 3495/1568/5163 3528/1567/5164 3493/1566/5165
f 3525/1562/5166 3526/1564/5167 3529/1569/5168
f 3526/1564/5169 3528/1567/5170 3529/1569/5171
f 3530/1570/5172 3567/1563/5173 3525/1562/5174
f 3525/1562/5175 3529/1569/5168 3530/1570/5176
f 3530/1570/5177 3531/1571/5178 3567/1563/5173
f 3530/1570/5177 3529/1569/5179 3531/1571/5178
f 3567/1563/5180 3531/1571/5101 3569/1572/5103
f 3529/1569/5182 3532/1573/5183 3531/1571/5184
f 3529/1569/5185 3528/1567/5186 3532/1573/7183
f 3531/1571/5184 3532/1573/5183 3513/1574/5188
f 3533/1575/5189 3528/1567/5190 3495/1568/5191
f 3528/1567/5192 3533/1575/5193 3532/1573/5194
f 3534/1576/5195 3513/1574/5196 3532/1573/5197
f 3532/1573/5194 3533/1575/7184 3534/1576/5198
f 3516/1577/5199 3513/1574/5196 3534/1576/5195
f 3516/1577/5200 3534/1576/5195 3517/1578/5201
f 3533/1575/5189 3495/1568/5202 3535/1579/5203
f 3533/1575/5189 3535/1579/5204 3534/1576/5205
f 3535/1579/5203 3495/1568/5206 3536/1580/5207
f 3596/1492/5208 3535/1579/5209 3536/1580/5054
f 3537/1493/5210 3535/1579/5211 3596/1492/5212
f 3517/1578/5201 3534/1576/5195 3538/1581/5213
f 3534/1576/5214 3535/1579/5215 3538/1581/5216
f 3537/1493/5217 3538/1581/5218 3535/1579/5219
f 3517/1578/5220 3538/1581/5221 3539/1498/5222
f 3540/1496/5223 3538/1581/5224 3537/1493/5210
f 3539/1498/5225 3538/1581/5226 3540/1496/5227
f 3562/1582/5228 3545/1583/4368 3546/1584/4371
f 3559/1585/5229 3545/1583/4368 3562/1582/5228
f 3545/1583/4368 3559/1585/5228 3541/1586/5230
f 3541/1586/5230 3559/1585/5228 3542/1587/5231
f 3542/1587/7185 3543/1588/5233 3541/1586/5234
f 3541/1586/5234 3543/1588/5233 3547/1589/5233
f 3547/1589/5235 3543/1588/5235 3548/1590/7186
f 3548/1590/5248 3543/1588/5235 3555/1591/5237
f 3548/1590/5238 3555/1591/5239 3457/1592/5240
f 3457/1592/5241 3555/1591/5239 3554/1593/5242
f 3546/1584/4371 3545/1583/4368 3544/1582/5243
f 3544/1582/5243 3545/1583/4368 3603/1585/5244
f 3541/1586/5230 3603/1585/5244 3545/1583/4368
f 3601/1587/5245 3603/1585/5244 3541/1586/5230
f 3541/1586/5234 3600/1588/5233 3601/1587/5246
f 3547/1589/5233 3600/1588/5233 3541/1586/5234
f 3548/1590/5248 3600/1588/5235 3547/1589/5235
f 3549/1591/5247 3600/1588/5235 3548/1590/5236
f 3457/1592/5240 3549/1591/5249 3548/1590/5238
f 3488/1593/7187 3549/1591/5249 3457/1592/5241
f 3552/1533/5251 3551/1519/5252 3550/1558/5253
f 3550/1558/5253 3551/1519/5252 3553/1594/5254
f 3551/1519/5255 3437/1517/5256 3553/1594/5259
f 3432/1504/5258 3553/1594/5257 3437/1517/5260
f 3430/1500/5261 3553/1594/5257 3432/1504/5258
f 3430/1500/5262 3550/1558/5263 3553/1594/5257
f 3466/1502/5264 3550/1558/5265 3430/1500/5262
f 3555/1591/5266 3543/1588/5267 3554/1595/5266
f 3554/1595/5266 3543/1588/5268 3556/1596/5269
f 3543/1588/5268 3542/1587/5270 3556/1596/5269
f 3556/1596/5269 3542/1587/5270 3503/1597/5271
f 3542/1587/5270 3557/1598/5272 3503/1597/5271
f 3503/1597/5271 3557/1598/5272 3558/1599/5268
f 3559/1585/4387 3557/1598/5272 3542/1587/5270
f 3557/1598/5272 3565/1600/5273 3558/1599/5268
f 3558/1599/5268 3565/1600/5273 3560/1601/5274
f 3561/1602/4387 3565/1600/5273 3557/1598/5272
f 3563/1603/4387 3561/1602/4387 3557/1598/5272
f 3557/1598/5272 3559/1585/4387 3563/1603/4387
f 3563/1603/4387 3559/1585/4387 3562/1582/4387
f 3563/1604/4364 3562/1582/4364 3566/1605/4364
f 3566/1605/4372 3562/1582/4372 3546/1584/4372
f 3546/1584/4364 3544/1582/4364 3566/1605/4364
f 3566/1605/4372 3544/1582/4372 3564/1604/4372
f 3560/1606/5280 3568/1607/7188 3569/1608/5277
f 3565/1609/5278 3568/1607/5279 3560/1606/5072
f 3565/1609/5281 3561/1610/7189 3568/1607/5283
f 3568/1607/5284 3561/1610/5282 3572/1611/7190
f 3561/1610/5286 3563/1604/5287 3572/1611/5288
f 3572/1611/5288 3563/1604/5287 3566/1605/5287
f 3569/1608/5277 3568/1607/5279 3567/1606/5152
f 3567/1606/5173 3568/1607/5279 3570/1609/5289
f 3568/1607/5283 3571/1610/5291 3570/1609/7191
f 3572/1611/5293 3571/1610/5291 3568/1607/5294
f 3572/1611/5288 3564/1604/5287 3571/1610/5295
f 3566/1605/5296 3564/1604/5296 3572/1611/5297
f 3583/1387/5298 3588/1390/5299 3573/1389/5300
f 3574/1388/5301 3588/1390/5299 3583/1387/5302
f 3584/1385/5308 3574/1388/7192 3583/1387/5305
f 3575/1386/5306 3574/1388/7193 3584/1385/5308
f 3585/1383/5309 3575/1386/5310 3584/1385/5311
f 3576/1384/5312 3575/1386/5310 3585/1383/5312
f 3577/1385/5313 3576/1384/5314 3585/1383/5314
f 3578/1386/5315 3576/1384/5314 3577/1385/5315
f 3586/1387/5316 3578/1386/5317 3577/1385/5318
f 3579/1388/5319 3578/1386/5317 3586/1387/5320
f 3589/1612/5321 3579/1613/5322 3586/1614/5323
f 3580/1615/5324 3579/1613/5322 3589/1612/5325
f 3590/1616/5326 3580/1615/5324 3589/1612/5325
f 3581/1617/5327 3580/1615/5324 3590/1616/5326
f 3583/1387/4387 3573/1389/4387 3582/1391/4387
f 3584/1385/4387 3583/1387/4387 3582/1391/4387
f 3585/1383/4387 3584/1385/4387 3582/1391/4387
f 3577/1385/4387 3585/1383/4387 3582/1391/4387
f 3586/1387/4387 3577/1385/4387 3582/1391/4387
f 3589/1389/4387 3586/1387/4387 3582/1391/4387
f 3591/1618/5328 3573/1612/5329 3587/1617/5328
f 3587/1617/5330 3573/1612/5329 3588/1615/5331
f 3590/1619/5332 3589/1620/4387 3582/1621/4387
f 3590/1619/5332 3582/1621/4387 3591/1622/5332
f 3591/1622/5333 3582/1621/4387 3573/1623/4387
f 3468/1502/5334 3469/1501/4752 3592/1500/5335
f 3592/1500/5336 3469/1501/5337 3593/1503/5345
f 3592/1500/5339 3593/1503/5340 3594/1504/5341
f 3594/1504/5341 3593/1503/4754 3595/1505/5342
f 3429/1506/5343 3595/1505/5344 3593/1503/5345
f 3596/1507/5346 3595/1505/5347 3429/1506/4712
f 3467/1558/5348 3598/1519/5349 3597/1533/5350
f 3599/1594/5351 3598/1519/5349 3467/1558/5348
f 3599/1594/5355 3502/1517/5352 3598/1519/5353
f 3502/1517/5354 3599/1594/5355 3594/1504/5356
f 3594/1504/5357 3599/1594/5351 3592/1500/5358
f 3599/1594/5351 3467/1558/5359 3592/1500/5360
f 3592/1500/5361 3467/1558/5362 3468/1502/5363
f 3488/1595/5364 3600/1588/5365 3549/1591/5364
f 3490/1596/5366 3600/1588/5367 3488/1595/5364
f 3490/1596/5366 3601/1587/5368 3600/1588/5367
f 3491/1597/5368 3601/1587/5368 3490/1596/5366
f 3491/1597/5368 3602/1598/5369 3601/1587/5368
f 3601/1587/7194 3602/1598/5369 3603/1585/5370
f 3523/1599/5367 3602/1598/5369 3491/1597/5368
f 3564/1603/5370 3603/1585/5370 3602/1598/5369
f 3544/1582/5371 3603/1585/5370 3564/1603/5370
f 3602/1598/5369 3571/1602/5371 3564/1603/5371
f 3602/1598/5369 3570/1600/5372 3571/1602/5370
f 3523/1599/5367 3570/1600/5372 3602/1598/5369
f 3567/1601/5373 3570/1600/5372 3523/1599/5367
f 3620/1389/5374 3604/1390/5375 3616/1387/5376
f 3616/1387/5376 3604/1390/5375 3605/1388/5377
f 3616/1387/5378 3605/1388/5379 3617/1385/5380
f 3617/1385/5381 3605/1388/5379 3606/1386/7195
f 3617/1385/5383 3606/1386/5384 3618/1383/7196
f 3618/1383/5385 3606/1386/5386 3608/1384/5385
f 3618/1383/5387 3608/1384/5387 3607/1385/7197
f 3607/1385/5388 3608/1384/5387 3609/1386/5389
f 3607/1385/5390 3609/1386/5390 3612/1387/5391
f 3612/1387/5391 3609/1386/5390 3610/1388/5392
f 3612/1614/5393 3610/1624/5394 3611/1612/5395
f 3611/1612/5395 3610/1624/5394 3613/1625/5396
f 3611/1612/5395 3613/1625/5396 3614/1616/5397
f 3614/1616/5397 3613/1625/5396 3615/1626/5398
f 3621/1391/5371 3620/1389/5371 3616/1387/5371
f 3621/1391/5371 3616/1387/5399 3617/1385/5371
f 3621/1391/5371 3617/1385/5371 3618/1383/5371
f 3621/1391/5371 3618/1383/5371 3607/1385/5371
f 3621/1391/5371 3607/1385/5371 3612/1387/5370
f 3621/1391/5371 3612/1387/5370 3611/1389/5371
f 3604/1625/5400 3620/1612/5401 3619/1626/5402
f 3619/1626/5402 3620/1612/5401 3622/1618/5402
f 3621/1621/5370 3611/1620/5370 3614/1619/4366
f 3622/1622/4366 3621/1621/5370 3614/1619/4366
f 3620/1623/5370 3621/1621/5370 3622/1622/4366
f 3647/1627/5404 3623/1628/5404 3643/1629/5404
f 3624/1630/5405 3623/1628/5404 3647/1627/5404
f 3623/1628/5404 3624/1630/5405 3625/1631/5406
f 3626/1632/5407 3625/1631/5406 3624/1630/5408
f 3625/1631/5406 3626/1632/5407 3639/1633/5409
f 3626/1632/5410 3637/1634/5411 3639/1633/5412
f 3637/1634/5413 3626/1632/5414 3630/1635/5415
f 3637/1634/5416 3630/1635/5415 3627/1636/5417
f 3647/1637/5418 3646/1638/5419 3624/1639/5420
f 3624/1639/5421 3646/1638/5419 3628/1640/5422
f 3646/1638/5419 2672/1641/5423 3628/1640/5422
f 3628/1640/5424 3626/1642/5425 3624/1639/5426
f 3628/1640/5427 2672/1641/5428 2671/1643/5429
f 3629/1644/5430 3626/1642/5425 3628/1640/5427
f 3626/1642/5431 3629/1644/5430 3630/1645/5432
f 3628/1640/7198 2671/1643/5433 3631/1646/5434
f 3628/1640/5427 3631/1646/5435 3629/1644/5436
f 3629/1644/7199 3631/1646/5446 3632/1647/5438
f 3630/1645/7200 3629/1644/5436 3633/1648/5457
f 3632/1647/5441 3633/1648/5442 3629/1644/5436
f 3630/1645/5443 3633/1648/5444 3627/1649/7201
f 3631/1646/5446 2671/1643/5429 3634/1650/5447
f 3632/1647/7202 3631/1646/5449 3634/1650/5447
f 3634/1650/5447 2671/1643/5450 3661/1651/5451
f 2674/1652/5452 3634/1650/5447 3661/1651/5451
f 3627/1649/5453 3633/1648/5454 3635/1653/5455
f 3635/1653/5456 3633/1648/5457 3632/1647/5441
f 3636/1654/5458 3627/1649/5459 3635/1653/5460
f 3635/1653/5456 3632/1647/5461 3636/1654/5462
f 3637/1655/5463 3627/1649/5464 3636/1654/5465
f 3638/1656/5466 3637/1655/5463 3636/1654/7203
f 3636/1654/5462 3632/1647/5468 3638/1656/5466
f 3639/1657/5469 3637/1655/5470 3638/1656/5482
f 3638/1656/5466 3640/1658/5472 3639/1657/5473
f 3639/1657/5474 3640/1658/5475 3625/1659/5476
f 3640/1658/5472 3623/1660/5477 3625/1659/5476
f 3634/1650/5447 3641/1661/5479 3632/1647/5480
f 3632/1647/5481 3641/1661/5479 3638/1656/5482
f 3641/1661/5479 3634/1650/5447 2674/1652/5483
f 3640/1658/5484 3638/1656/5485 3641/1661/5486
f 3640/1658/5487 3641/1661/5486 2674/1652/5488
f 3659/1662/5489 3640/1658/5490 2674/1652/5491
f 3642/1663/5492 3623/1660/5477 3640/1658/5472
f 3642/1663/5492 3640/1658/5494 3659/1662/5495
f 3623/1660/5496 3642/1663/5492 3643/1664/5497
f 3644/1665/5498 3642/1663/5499 3659/1662/5500
f 3643/1664/5497 3642/1663/5501 3645/1666/5502
f 3645/1666/5502 3642/1663/5503 3644/1665/5504
f 3645/1666/5505 3646/1667/5506 3643/1664/5497
f 3644/1665/7204 3646/1667/5506 3645/1666/5508
f 3643/1664/5509 3646/1667/5510 3647/1668/5511
f 2672/1669/5512 3646/1667/5513 3644/1665/5514
f 3649/743/5515 3648/726/5516 2660/783/5517
f 3650/725/5518 3648/726/5516 3649/743/5515
f 3649/743/5519 3651/740/7205 3650/725/5521
f 3650/725/5522 3651/740/5523 3652/727/5524
f 3652/727/5525 3651/740/5526 3653/728/5527
f 3653/728/5527 3651/740/5526 2652/739/5528
f 2652/739/5529 2650/737/5530 3653/728/5527
f 3653/728/5531 2650/737/5532 2645/729/5533
f 2650/737/5534 3654/734/5535 2645/729/5533
f 2645/729/7206 3654/734/5537 3655/730/7207
f 3655/730/5539 3654/734/5540 2647/732/5541
f 3658/745/7208 3657/735/5543 3656/751/5544
f 3656/751/5545 3648/748/5546 3658/745/5547
f 2660/752/5548 3648/748/5549 3656/751/5550
f 3644/1670/5551 3659/771/7209 2679/774/5553
f 2679/774/7210 2672/775/5555 3644/1670/5556
f 3661/1671/5557 3660/766/5558 2674/768/7211
f 3660/766/5560 3661/1671/5561 2671/764/5562
f 3662/1629/5563 3681/1628/5563 3665/1627/5563
f 3665/1627/5563 3681/1628/5563 3666/1630/5563
f 3680/1631/5563 3666/1630/5563 3681/1628/5563
f 3666/1630/5563 3680/1631/5563 3663/1632/5563
f 3678/1633/5563 3663/1632/5563 3680/1631/5563
f 3678/1633/5563 3676/1634/5563 3663/1632/5563
f 3669/1635/5563 3663/1632/5563 3676/1634/5563
f 3664/1636/5563 3669/1635/5563 3676/1634/5563
f 3666/1639/5564 3685/1638/5565 3665/1637/5566
f 3667/1640/5567 3685/1638/5565 3666/1639/5568
f 3667/1640/5569 2853/1641/5570 3685/1638/5565
f 3666/1639/5571 3663/1642/5572 3667/1640/5573
f 3697/1643/5574 2853/1641/5570 3667/1640/5569
f 3667/1640/5573 3663/1642/5572 3668/1644/5575
f 3669/1645/5576 3668/1644/5575 3663/1642/5577
f 3670/1646/5578 3697/1643/5579 3667/1640/5580
f 3668/1644/5581 3670/1646/5582 3667/1640/5583
f 3671/1647/5584 3670/1646/5585 3668/1644/5586
f 3672/1648/5587 3668/1644/5586 3669/1645/5576
f 3668/1644/5586 3672/1648/5587 3671/1647/5584
f 3664/1649/5588 3672/1648/5589 3669/1645/5590
f 3673/1650/5591 3697/1643/5592 3670/1646/5593
f 3673/1650/5591 3670/1646/5585 3671/1647/5584
f 3694/1651/5594 3697/1643/5595 3673/1650/5596
f 3694/1651/5594 3673/1650/5591 3696/1652/5598
f 3674/1653/5599 3672/1648/5589 3664/1649/7212
f 3671/1647/5601 3672/1648/5602 3674/1653/5603
f 3674/1653/5604 3664/1649/5605 3675/1654/5606
f 3675/1654/5607 3671/1647/5608 3674/1653/5609
f 3675/1654/5610 3664/1649/5611 3676/1655/5612
f 3675/1654/5613 3676/1655/5614 3677/1656/5615
f 3677/1656/5616 3671/1647/5584 3675/1654/5607
f 3677/1656/5615 3676/1655/5614 3678/1657/5617
f 3678/1657/5618 3679/1658/5619 3677/1656/5615
f 3680/1659/5620 3679/1658/5619 3678/1657/5618
f 3680/1659/5621 3681/1660/5622 3679/1658/5623
f 3671/1647/5584 3682/1661/5624 3673/1650/5591
f 3677/1656/5625 3682/1661/5626 3671/1647/5584
f 3696/1652/5598 3673/1650/5627 3682/1661/5628
f 3682/1661/5629 3677/1656/5630 3679/1658/5631
f 3696/1652/5632 3682/1661/5629 3679/1658/5633
f 3696/1652/5634 3679/1658/5635 2857/1662/5636
f 3679/1658/5623 3681/1660/5622 3683/1663/5637
f 2857/1662/5638 3679/1658/5639 3683/1663/5637
f 3662/1664/5640 3683/1663/5641 3681/1660/7213
f 2857/1662/5643 3683/1663/5644 3692/1665/5645
f 3684/1666/5646 3683/1663/5637 3662/1664/5640
f 3692/1665/5645 3683/1663/5644 3684/1666/5646
f 3662/1664/5640 3685/1667/5647 3684/1666/5646
f 3684/1666/5646 3685/1667/5648 3692/1665/5645
f 3665/1668/5649 3685/1667/5647 3662/1664/5640
f 3692/1665/5650 3685/1667/5651 2853/1669/5652
f 2843/783/5653 3691/726/5654 2837/743/5655
f 2837/743/5656 3691/726/5654 2824/725/5657
f 2824/725/5658 2833/740/5659 2837/743/5660
f 2826/727/5661 2833/740/5662 2824/725/5663
f 2826/727/5661 3686/728/7214 2833/740/5662
f 2833/740/5665 3686/728/5664 3687/739/5666
f 3686/728/5664 3688/737/5667 3687/739/5666
f 2827/729/5668 3688/737/5669 3686/728/5670
f 2827/729/7215 3689/734/5672 3688/737/5673
f 2827/729/5674 2828/730/7216 3689/734/5676
f 3689/734/5677 2828/730/5678 3690/732/5679
f 2842/751/5680 2834/735/5681 2839/745/5682
f 3691/748/5683 2842/751/5684 2839/745/5685
f 2843/752/5686 2842/751/5687 3691/748/5688
f 3693/774/5689 2857/771/5690 3692/1670/5691
f 3692/1670/5692 2853/775/5693 3693/774/5694
f 3696/768/5695 3695/766/5696 3694/1671/5697
f 3697/764/5698 3694/1671/5699 3695/766/5700
f 3698/1672/5701 3903/1673/5702 3712/1674/5703
f 3699/1675/5704 3903/1673/5705 3698/1672/5706
f 3699/1675/5707 3700/1676/5708 3903/1673/5709
f 3715/1677/5710 3699/1675/5707 3698/1672/5711
f 3701/1678/5712 3700/1676/5713 3699/1675/5714
f 3701/1678/5715 3702/1679/5716 3700/1676/5717
f 3703/1680/5718 3702/1679/5716 3701/1678/5719
f 3703/1680/5718 3701/1678/5719 3704/1681/5720
f 3703/1680/5721 3705/1682/5722 3702/1679/5723
f 3706/1683/5724 3705/1682/5725 3703/1680/5718
f 3704/1681/5726 3706/1683/5724 3703/1680/5718
f 3706/1683/5724 3707/1684/5727 3705/1682/5728
f 3701/1678/5712 3699/1675/5729 3708/1685/5730
f 3704/1681/5731 3701/1678/5732 3708/1685/5733
f 3709/1686/5734 3699/1675/5735 3715/1677/5736
f 3708/1685/5733 3699/1675/5729 3709/1686/5737
f 3709/1686/5734 3715/1677/5736 3710/557/5738
f 3710/557/5738 3715/1677/5739 2776/558/5740
f 2770/559/5741 3709/1686/5742 3710/557/5743
f 3708/1685/5733 3709/1686/5744 2770/559/5745
f 3708/1685/5746 2770/559/5747 3704/1681/5748
f 3704/1681/5720 2770/559/5749 2771/560/5750
f 2772/561/5751 3704/1681/5752 2771/560/5750
f 3711/1687/5753 3707/1684/5754 3706/1683/5755
f 3711/1687/5756 3712/1688/5757 3707/1684/5754
f 3698/1689/5758 3712/1688/5759 3711/1687/5760
f 3713/1690/5761 3706/1683/5724 3704/1681/5726
f 3713/1690/5762 3704/1681/5726 2772/561/5763
f 3713/1690/5764 3711/1687/5753 3706/1683/5755
f 3714/1691/5765 3698/1689/5758 3711/1687/5766
f 3714/1691/5767 3711/1687/5768 3713/1690/5769
f 3713/1690/5769 2772/561/5770 3714/1691/5765
f 3715/1692/5771 3698/1689/5758 3714/1691/5767
f 3714/1691/5767 2772/561/5772 2774/562/7217
f 2774/562/5774 3715/1692/5771 3714/1691/5767
f 2776/563/5775 3715/1692/5776 2774/562/5777
f 3874/1674/5778 3716/1673/5779 3732/1672/5780
f 3732/1672/5781 3716/1673/5782 3717/1675/5783
f 3716/1673/5784 3872/1676/5785 3717/1675/5783
f 3717/1675/5786 3718/1677/5787 3732/1672/5781
f 3717/1675/5788 3872/1676/5789 3719/1678/5790
f 3872/1676/5791 3873/1679/5792 3719/1678/5793
f 3719/1678/5794 3873/1679/5792 3720/1680/5795
f 3720/1680/5795 3721/1681/5796 3719/1678/5794
f 3873/1679/5797 3875/1682/5798 3720/1680/5799
f 3720/1680/5800 3875/1682/5801 3722/1683/7218
f 3720/1680/5799 3722/1683/5803 3721/1681/5804
f 3875/1682/5801 3723/1684/5805 3722/1683/5802
f 3719/1678/5806 3724/1685/5807 3717/1675/5808
f 3719/1678/5806 3721/1681/5796 3724/1685/5809
f 3725/1686/5810 3718/1677/5811 3717/1675/5812
f 3717/1675/5808 3724/1685/5813 3725/1686/5814
f 3726/557/5815 3718/1677/5787 3725/1686/5816
f 3727/558/5817 3718/1677/5818 3726/557/5819
f 3726/557/5815 3725/1686/5810 3728/559/5820
f 3728/559/5821 3725/1686/5822 3724/1685/5807
f 3724/1685/5823 3721/1681/5796 3728/559/5824
f 3728/559/5820 3721/1681/5825 3729/560/5826
f 3729/560/5827 3721/1681/5828 2469/561/5829
f 3721/1681/5830 3722/1683/5803 3730/1690/5831
f 2469/561/5829 3721/1681/5830 3730/1690/5831
f 3722/1683/5832 3723/1684/5833 3731/1687/5834
f 3722/1683/5835 3731/1687/5836 3730/1690/5837
f 3723/1684/5838 3874/1688/7219 3731/1687/5840
f 3731/1687/5834 3874/1688/5841 3732/1689/5842
f 3730/1690/5843 3733/1691/5844 2469/561/5845
f 3730/1690/5843 3731/1687/5834 3733/1691/5847
f 3732/1689/5848 3733/1691/5844 3731/1687/5834
f 2469/561/5845 3733/1691/5847 2471/562/5849
f 3718/1692/5850 3733/1691/5844 3732/1689/5848
f 3718/1692/5851 2471/562/5852 3733/1691/5853
f 3727/563/5854 2471/562/5852 3718/1692/5850
f 3734/1693/5855 3741/1694/5855 3738/1695/5855
f 3738/1695/5856 3741/1694/5857 3735/1696/5858
f 3736/1697/5859 3735/1698/5860 3741/1699/5861
f 3737/1700/5862 3735/1698/5863 3736/1697/5864
f 3737/1700/5865 3738/1701/5866 3735/1698/5867
f 3739/1702/7220 3738/1701/5869 3737/1700/5870
f 3739/1702/5871 3734/1703/7221 3738/1701/5873
f 3740/1704/5874 3734/1703/5872 3739/1702/5875
f 3740/1704/5876 3741/1705/5877 3734/1703/5878
f 3736/1706/5879 3741/1705/5880 3740/1704/5876
f 3742/1707/5881 3737/1700/5882 3736/1697/5883
f 3742/1707/5884 3739/1702/5885 3737/1700/5886
f 3742/1707/5887 3740/1704/5888 3739/1702/5889
f 3742/1707/5881 3736/1706/5890 3740/1704/7222
f 3743/147/5892 3748/148/5892 3750/149/5892
f 3750/149/5892 3748/148/5892 3753/150/5893
f 3746/151/5894 3753/150/5894 3744/152/5894
f 3744/152/5894 3753/150/5894 3748/148/5895
f 3747/153/5898 3746/151/5897 3745/154/5898
f 3745/154/5898 3746/151/7223 3744/152/7223
f 3751/155/7224 3748/156/7224 3752/157/7224
f 3752/157/5900 3748/156/5900 3743/158/5900
f 3748/156/5901 3751/155/5901 3744/159/5901
f 3744/159/7225 3751/155/7225 3749/160/7225
f 3744/159/5902 3749/160/5902 3745/161/5902
f 3745/161/5902 3749/160/5902 3754/162/5902
f 3753/150/5903 3751/155/5904 3750/149/5903
f 3750/149/5904 3751/155/5904 3752/157/5904
f 3746/151/5905 3749/160/5905 3753/150/5905
f 3753/150/5905 3749/160/5905 3751/155/5905
f 3747/153/7226 3754/162/7226 3746/151/7226
f 3746/151/5907 3754/162/5907 3749/160/5907
f 3775/163/5908 3755/164/5908 3764/165/5908
f 3775/163/5908 3763/166/5908 3755/164/5908
f 3778/167/5909 3763/166/5908 3775/163/5908
f 3756/168/5909 3763/166/5908 3778/167/5909
f 3756/168/5910 3778/167/5910 3761/169/5911
f 3760/170/5911 3756/168/5909 3761/169/5911
f 3782/171/5911 3761/169/5911 3778/167/5910
f 3782/171/5911 3780/172/5912 3761/169/5911
f 3766/165/5913 3765/164/5914 3776/163/5913
f 3765/164/5914 3762/166/5913 3776/163/5913
f 3776/163/5915 3762/166/5915 3757/167/5914
f 3757/167/5914 3762/166/5915 3758/168/5914
f 3757/167/5914 3758/168/5914 3777/171/5916
f 3779/169/5916 3777/171/5916 3758/168/5914
f 3759/170/5916 3779/169/5916 3758/168/5914
f 3777/171/5916 3779/169/5916 3781/172/5917
f 3759/173/5918 3760/170/5918 3779/174/5918
f 3779/174/5918 3760/170/5918 3761/169/5918
f 3763/166/7227 3762/175/7227 3755/164/7227
f 3755/164/5919 3762/175/5919 3765/176/5919
f 3755/164/5920 3765/177/5920 3764/165/5920
f 3764/165/5920 3765/177/5920 3766/178/5921
f 3764/165/5923 3766/179/5923 3775/163/5923
f 3775/163/5922 3766/179/5922 3776/180/5922
f 3774/181/5924 3768/182/5924 3767/183/5924
f 3767/183/5924 3768/182/5924 3769/184/5924
f 3767/185/5925 3769/186/5926 3772/187/5925
f 3772/187/5925 3769/186/5925 3771/188/5925
f 3772/187/5927 3771/188/5927 3770/189/5927
f 3770/189/5927 3771/188/5927 3773/190/5927
f 3770/189/5928 3773/190/5928 3774/181/5928
f 3774/181/5928 3773/190/5928 3768/182/5929
f 3771/191/5918 3769/192/5918 3773/190/5918
f 3773/190/5918 3769/192/5918 3768/182/5918
f 3776/180/5930 3757/193/5930 3775/163/5930
f 3775/163/5930 3757/193/5930 3778/167/5930
f 3782/171/5931 3778/167/5931 3777/194/5932
f 3777/194/5932 3778/167/5931 3757/193/5931
f 3779/174/5933 3761/169/5934 3781/195/5934
f 3781/195/7228 3761/169/5934 3780/172/5933
f 3781/195/7229 3780/172/7229 3777/194/7230
f 3777/194/5937 3780/172/5937 3782/171/5936
f 3792/196/7231 3791/197/7231 3795/198/7231
f 3795/198/5938 3791/197/7231 3783/199/5938
f 3794/200/5939 3796/201/5939 3788/202/5939
f 3788/202/5939 3796/201/5939 3789/203/5939
f 3786/204/5940 3784/205/5940 3787/206/5941
f 3787/206/5941 3784/205/5940 3785/207/5941
f 3791/208/5942 3786/209/5942 3783/210/5942
f 3783/210/5943 3786/209/5942 3787/211/5942
f 3785/212/5917 3793/213/5915 3787/211/5915
f 3787/211/5913 3793/213/5915 3783/210/5914
f 3783/210/5914 3793/213/5913 3795/214/5913
f 3793/213/5913 3788/202/5913 3795/214/5913
f 3795/214/5913 3788/202/5913 3789/203/5913
f 3790/213/5912 3784/212/5912 3786/211/5912
f 3791/210/5908 3790/213/5908 3786/211/5908
f 3792/214/5912 3790/213/5912 3791/210/5912
f 3796/203/5908 3790/213/5908 3792/214/5908
f 3794/202/5908 3790/213/5908 3796/203/5908
f 3785/207/5944 3784/205/5939 3793/215/5939
f 3793/215/5944 3784/205/5944 3790/216/5944
f 3793/215/5946 3790/216/5946 3788/202/5946
f 3788/202/5945 3790/216/5946 3794/200/5946
f 3789/203/5947 3796/201/5947 3795/198/5947
f 3795/198/5947 3796/201/5947 3792/196/5948
f 3797/217/5918 3802/218/5918 3799/219/5918
f 3799/219/7231 3802/218/7231 3803/220/7231
f 3804/221/5939 3797/217/5939 3798/222/5939
f 3798/222/5939 3797/217/5939 3799/219/5939
f 3801/223/6738 3804/221/5949 3800/224/5940
f 3800/224/5950 3804/221/5940 3798/222/5950
f 3802/225/5943 3801/226/5943 3803/227/5943
f 3803/227/5942 3801/226/5942 3800/228/5942
f 3799/219/5951 3803/229/5913 3798/222/5913
f 3798/222/5913 3803/229/5951 3800/230/5914
f 3804/221/5908 3801/231/5908 3797/217/5908
f 3797/217/5908 3801/231/5908 3802/232/5908
f 4047/233/7232 3818/234/7232 3806/235/7232
f 3806/235/5952 3818/234/5952 3805/236/5952
f 3806/235/5953 3805/236/5953 3809/237/5953
f 3809/237/5953 3805/236/5953 3808/238/5953
f 3809/237/5954 3808/238/5956 3807/239/5956
f 3807/239/5955 3808/238/5955 3810/240/5954
f 3807/239/5958 3810/240/5958 3812/241/7233
f 3812/241/5959 3810/240/5959 3811/242/5959
f 3812/241/7234 3811/242/5961 4049/243/5962
f 4049/243/7235 3811/242/5963 3814/244/5962
f 4049/245/5964 3814/246/5964 3813/247/5964
f 3813/247/5964 3814/246/5964 3815/248/5964
f 3813/247/5965 3815/248/5965 3816/249/5965
f 3816/249/5965 3815/248/5965 3817/250/5965
f 3816/249/5966 3817/250/5966 4047/233/5966
f 4047/233/5966 3817/250/5966 3818/234/5966
f 3821/1708/5967 3819/1709/5967 3870/1710/5967
f 3821/1708/5968 3824/1711/5968 3819/1709/5969
f 3858/1712/5970 3870/1710/5971 3820/1713/5970
f 3858/1712/5970 3821/1708/5972 3870/1710/5970
f 3823/1714/5973 3857/1715/5973 3822/1716/5973
f 3823/1714/7236 3856/1717/5975 3857/1715/5975
f 3858/1718/5976 3856/1717/5977 3823/1714/5978
f 3858/1718/5976 3823/1714/5978 3821/1719/5979
f 3861/1720/5980 3821/1719/5979 3823/1714/5978
f 3825/1721/5981 3821/1719/5979 3861/1720/5980
f 3821/1719/5982 3825/1721/5983 3824/1722/5984
f 3862/1723/5985 3823/1714/5985 3822/1716/5985
f 3862/1723/5986 3861/1720/5987 3823/1714/5987
f 3819/1709/5970 3825/1724/5970 3864/1725/5970
f 3819/1709/5970 3824/1711/5970 3825/1724/6767
f 3826/1726/5989 3839/1727/7237 3834/1728/5991
f 3826/1726/5989 3834/1728/5991 3827/1729/5992
f 3827/1729/7238 3834/1728/5991 3828/1730/5994
f 3827/1729/5992 3828/1730/5994 3854/1731/5995
f 3854/1731/5995 3828/1730/5994 3829/1732/5996
f 3854/1731/7239 3829/1732/5996 3830/1733/5997
f 3830/1733/5997 3829/1732/5996 3831/1730/5998
f 3830/1733/5997 3831/1730/5999 3836/1731/6000
f 3836/1731/6000 3831/1730/5999 3832/1728/6001
f 3836/1731/6000 3832/1728/6001 3838/1729/6002
f 3838/1729/6005 3832/1728/6004 3839/1727/5990
f 3838/1729/6005 3839/1727/5990 3826/1726/5989
f 3839/1727/6006 3833/1734/6007 3840/1735/6008
f 3839/1727/6006 3840/1735/6008 3834/1728/6009
f 3834/1728/6009 3840/1735/6008 3835/1736/6010
f 3834/1728/6011 3835/1736/6012 3828/1730/6013
f 3828/1730/6014 3835/1736/7240 3842/1737/6015
f 3828/1730/6014 3842/1737/6016 3829/1732/6017
f 4070/1738/6018 3830/1733/6016 3836/1731/6019
f 4070/1738/6018 3836/1731/6019 3837/1739/6020
f 3837/1739/6021 3836/1731/6019 3838/1729/6022
f 3837/1739/6021 3838/1729/6022 4063/1740/6023
f 4063/1740/6024 3838/1729/6022 3826/1726/6025
f 4063/1740/6026 3826/1726/6007 3852/1741/6027
f 3829/1732/6017 3842/1737/6016 3843/1736/6019
f 3829/1732/6028 3843/1736/6019 3831/1730/6029
f 3831/1730/6030 3843/1736/6019 3845/1735/6022
f 3831/1730/6030 3845/1735/6022 3832/1728/6031
f 3832/1728/6067 3845/1735/6022 3833/1734/6007
f 3832/1728/6031 3833/1734/6007 3839/1727/6033
f 3833/1734/6037 3851/1742/6035 3847/1743/6036
f 3833/1734/6037 3847/1743/6036 3840/1735/6038
f 3840/1735/6039 3847/1743/6040 3841/1744/6041
f 3840/1735/6039 3841/1744/6041 3835/1736/6042
f 3835/1736/6042 3841/1744/7241 3848/1745/6043
f 3835/1736/6044 3848/1745/6045 3842/1737/6046
f 3842/1737/6046 3848/1745/7242 3849/1744/6048
f 3842/1737/6046 3849/1744/6048 3843/1736/7243
f 3843/1736/6049 3849/1744/6050 3844/1743/6051
f 3843/1736/6049 3844/1743/6051 3845/1735/7244
f 3845/1735/6054 3844/1743/6051 3851/1742/6035
f 3845/1735/7244 3851/1742/6035 3833/1734/6034
f 3851/1742/6033 4075/1746/6056 3846/1747/6057
f 3851/1742/6006 3846/1747/6057 3847/1743/6009
f 3847/1743/6009 3846/1747/6057 4081/1748/6058
f 3847/1743/6009 4081/1748/6058 3841/1744/6059
f 3841/1744/6059 4081/1748/6060 4077/1749/6061
f 3841/1744/6059 4077/1749/6061 3848/1745/6028
f 3848/1745/6028 4077/1749/6062 4073/1748/6063
f 3848/1745/6017 4073/1748/6063 3849/1744/6029
f 3849/1744/6030 4073/1748/6064 3850/1747/6065
f 3849/1744/6030 3850/1747/6066 3844/1743/6067
f 3844/1743/6031 3850/1747/6068 4075/1746/6069
f 3844/1743/6067 4075/1746/6070 3851/1742/6033
f 3852/1741/6071 3826/1726/6007 3827/1729/6008
f 3852/1741/6071 3827/1729/6008 3853/1740/6072
f 3853/1740/6073 3827/1729/6008 3854/1731/6012
f 3853/1740/6073 3854/1731/6012 3855/1739/6074
f 3855/1739/6075 3854/1731/6012 3830/1733/6016
f 3855/1739/6076 3830/1733/6016 4070/1738/6077
f 3858/1750/6078 3857/1751/6079 3856/1752/6080
f 3857/1751/6079 3858/1750/6081 3859/1753/6082
f 3859/1753/6082 3858/1750/6081 3820/1754/6083
f 3859/1753/6082 3820/1754/7245 3860/1755/7246
f 3869/1756/6086 3859/1753/6087 3860/1755/6088
f 3862/1751/6089 3825/1750/6090 3861/1752/6091
f 3863/1753/6092 3825/1750/6093 3862/1751/6094
f 3825/1750/6093 3863/1753/6092 3864/1754/6095
f 3864/1754/6095 3863/1753/6092 3865/1755/6096
f 3863/1753/6097 3866/1756/6098 3865/1755/6096
f 3867/1757/6099 3865/1758/6100 3866/1759/6101
f 3867/1757/6102 3868/1760/6103 3865/1758/6100
f 3860/1761/6104 3868/1760/6103 3867/1757/6099
f 3860/1761/6105 3867/1757/6106 3869/1762/6107
f 3820/1763/6108 3868/1760/6109 3860/1761/6110
f 3820/1763/6108 3870/1764/6111 3868/1760/6109
f 3870/1764/6114 3865/1758/6112 3868/1760/6113
f 3865/1758/6112 3870/1764/6114 3864/1765/6115
f 3864/1765/6116 3870/1764/6117 3819/1766/6118
f 3872/1767/7247 3716/1768/6120 3871/1769/6121
f 3872/1767/6119 3871/1769/6121 3873/1770/6122
f 3716/1768/6120 3874/1771/6123 3871/1769/6121
f 3873/1770/6122 3871/1769/6121 3875/1772/6124
f 3874/1771/6125 3723/1773/6126 3871/1769/6121
f 3871/1769/6121 3723/1773/6126 3875/1772/6124
f 3878/1774/6127 3877/1775/6128 3876/1776/6129
f 3876/1776/6130 3877/1775/6128 3879/1777/6131
f 3880/1778/6132 3878/1774/6133 3876/1776/6129
f 3879/1777/6131 3881/1779/6134 3876/1776/6129
f 3881/1779/6135 3880/1778/6136 3876/1776/6130
f 3886/1780/6137 3881/1779/6134 3879/1777/6131
f 3880/1778/6136 3881/1779/6135 3882/1781/6138
f 3886/1780/6139 3883/1782/6140 3881/1779/6134
f 3881/1779/6134 3883/1782/6140 3882/1781/6141
f 3883/1782/6142 3885/1779/6143 3884/1781/6144
f 3886/1780/7248 3885/1779/6146 3883/1782/6147
f 3885/1779/6148 3887/1778/6149 3884/1781/6150
f 3886/1780/6151 3879/1777/6152 3885/1779/6148
f 3887/1778/6153 3885/1779/6154 3888/1776/6155
f 3885/1779/6143 3879/1777/6131 3888/1776/6156
f 3888/1776/6156 3889/1774/6157 3887/1778/6158
f 3879/1777/6131 3877/1775/6159 3888/1776/6160
f 3888/1776/6160 3877/1775/6161 3889/1774/6162
f 3891/1783/6163 3890/1784/6164 2732/1785/6165
f 2732/1785/6166 3890/1784/6167 3892/1786/6168
f 3892/1786/6169 3890/1784/6167 3893/1787/6170
f 3890/1784/6167 2742/1788/6171 3893/1787/6172
f 3890/1784/6173 3894/1789/6174 2742/1788/6175
f 3894/1789/6174 3890/1784/6173 3891/1783/6163
f 2742/1788/6176 3894/1789/6177 3895/1790/6178
f 3894/1789/6174 3891/1783/6179 3896/1791/6180
f 3894/1789/6177 3896/1791/6181 3895/1790/6182
f 3896/1791/6180 3891/1783/6183 2736/1792/6184
f 3895/1790/6185 3896/1791/6181 2741/1793/6186
f 2736/1792/6184 2743/1794/6187 3896/1791/6188
f 2741/1793/6186 3896/1791/6181 2744/1795/6189
f 3896/1791/6181 2743/1794/6191 2744/1795/6192
f 3897/1796/6193 2735/1797/6194 2734/1798/6195
f 2734/1798/6196 2733/1799/6197 3897/1796/6198
f 3897/1796/6199 2733/1799/6200 3898/1800/6201
f 3899/1801/6202 3897/1796/6198 3898/1800/6203
f 3897/1796/6204 3899/1801/6205 3900/1802/6206
f 3900/1802/6214 2735/1797/6194 3897/1796/6207
f 3900/1802/6208 3899/1801/6209 2739/1803/6210
f 3900/1802/6211 3901/1804/6212 2735/1797/7249
f 3900/1802/6214 2739/1803/6215 3901/1804/6216
f 2735/1797/6213 3901/1804/6217 2737/1805/6218
f 3901/1804/6219 2739/1803/6220 2740/1806/6221
f 2737/1805/6222 3901/1804/6223 2738/1807/6224
f 3901/1804/6216 2740/1806/6225 3902/1808/6226
f 2738/1807/6227 3901/1804/6228 3902/1808/6229
f 3904/1809/6238 3903/1810/6231 3700/1811/6232
f 3702/1812/6233 3904/1809/6234 3700/1811/6235
f 3904/1809/6234 3712/1813/6236 3903/1810/6231
f 3705/1814/6237 3904/1809/6238 3702/1812/6239
f 3904/1809/6238 3707/1815/6240 3712/1813/6236
f 3705/1814/6237 3707/1815/6241 3904/1809/7250
f 3906/1774/6242 3905/1776/6243 3918/1775/6244
f 3918/1775/6245 3905/1776/6243 3907/1777/6246
f 3905/1776/6243 3906/1774/6247 3908/1778/6248
f 3905/1776/6243 3909/1779/6249 3907/1777/6250
f 3905/1776/6243 3908/1778/6251 3909/1779/6252
f 3907/1777/6250 3909/1779/6249 3914/1780/6253
f 3910/1781/6254 3909/1779/6252 3908/1778/6255
f 3909/1779/6249 3911/1782/6256 3914/1780/6253
f 3910/1781/6257 3911/1782/6258 3909/1779/6249
f 3913/1781/6259 3912/1779/6260 3911/1782/6261
f 3911/1782/6261 3912/1779/6260 3914/1780/6262
f 3913/1781/6259 3915/1778/6263 3912/1779/6260
f 3912/1779/6260 3907/1777/6264 3914/1780/6262
f 3916/1776/6265 3912/1779/6266 3915/1778/6263
f 3916/1776/6265 3907/1777/6264 3912/1779/6260
f 3915/1778/6267 3917/1774/6268 3916/1776/6265
f 3907/1777/6269 3916/1776/6265 3918/1775/6270
f 3918/1775/6270 3916/1776/6271 3917/1774/6272
f 3920/1785/6273 3919/1784/6274 2903/1783/6275
f 2909/1786/6276 3919/1784/6277 3920/1785/6278
f 2911/1787/6279 3919/1784/6280 2909/1786/6281
f 2911/1787/6282 3921/1788/6283 3919/1784/6280
f 3921/1788/6283 3922/1789/6284 3919/1784/6280
f 2903/1783/6285 3919/1784/6280 3922/1789/6284
f 3923/1790/6286 3922/1789/6287 3921/1788/6288
f 3924/1791/6289 2903/1783/6285 3922/1789/6284
f 3923/1790/6290 3924/1791/6291 3922/1789/6284
f 2905/1792/6292 2903/1783/6293 3924/1791/6291
f 2907/1793/6294 3924/1791/6295 3923/1790/6296
f 3924/1791/6291 2906/1794/6297 2905/1792/6292
f 3925/1795/6298 3924/1791/6289 2907/1793/6299
f 3925/1795/6298 2906/1794/6300 3924/1791/6289
f 2902/1798/6301 2904/1797/6302 3926/1796/6303
f 3926/1796/6304 2908/1799/6305 2902/1798/6301
f 2910/1800/6306 2908/1799/6305 3926/1796/6304
f 2910/1800/6307 3926/1796/6308 3927/1801/6309
f 3928/1802/6310 3927/1801/6311 3926/1796/6303
f 3926/1796/6304 2904/1797/6312 3928/1802/6313
f 3929/1803/6314 3927/1801/6315 3928/1802/6316
f 2904/1797/6312 3930/1804/6317 3928/1802/6310
f 3930/1804/6318 3929/1803/6319 3928/1802/6310
f 3931/1805/6320 3930/1804/6321 2904/1797/7251
f 2912/1806/6323 3929/1803/6324 3930/1804/6325
f 3932/1807/6326 3930/1804/6327 3931/1805/6320
f 3933/1808/6328 2912/1806/6329 3930/1804/6330
f 3933/1808/6331 3930/1804/6332 3932/1807/6326
f 3936/1816/6333 3935/1817/7252 3934/1818/6339
f 3936/1816/6336 3934/1818/6337 3937/1819/6338
f 3934/1818/6339 3935/1817/6334 3938/1820/6340
f 3935/1817/6341 3939/1821/6342 3938/1820/6343
f 3938/1820/6343 3939/1821/6344 2606/1141/6345
f 3940/1143/6346 3938/1820/6343 2606/1141/6345
f 3123/1153/6347 3938/1820/6348 3940/1143/6349
f 3123/1153/6350 3934/1818/6351 3938/1820/6352
f 3122/1151/6353 3934/1818/6354 3123/1153/6355
f 3121/1149/7253 3934/1818/6354 3122/1151/6357
f 3937/1819/6358 3934/1818/6359 3941/1822/6360
f 3941/1822/6360 3934/1818/6359 3121/1149/6361
f 3937/1819/6338 3941/1822/6362 3942/1823/6363
f 3121/1149/6364 3134/1148/6365 3941/1822/6366
f 3942/1823/6367 3941/1822/6368 2574/1168/6369
f 3941/1822/6370 3134/1148/6371 2574/1168/6372
f 3945/1824/7254 3944/1825/6374 3943/1826/6375
f 3946/1827/6376 3944/1825/6377 3945/1824/6378
f 3944/1825/6379 3946/1827/6380 3947/1828/6381
f 3943/1826/6382 3944/1825/6374 3948/1829/6383
f 3944/1825/6379 3947/1828/6384 3949/1830/6385
f 3950/1831/6386 3943/1826/6387 3948/1829/6388
f 3951/1832/6389 3943/1826/6390 3950/1831/6391
f 3950/1831/6392 3952/1833/6393 3951/1832/6394
f 3953/1834/6395 3952/1833/7255 3950/1831/6397
f 3953/1834/6398 3954/1835/6399 3952/1833/6400
f 3955/1836/6401 3954/1835/6402 3953/1834/6403
f 3955/1836/6404 3956/1837/6405 3954/1835/6406
f 3957/1838/6407 3956/1837/6408 3955/1836/6409
f 3957/1838/6410 3958/1839/6411 3956/1837/6412
f 3959/1840/6413 3958/1839/6411 3957/1838/6414
f 3947/1828/6415 3960/1841/6416 3949/1830/6417
f 3959/1840/6418 3961/1842/6419 3958/1839/6420
f 3962/1843/6421 3961/1842/6419 3959/1840/6418
f 3960/1841/6422 3961/1842/6423 3962/1843/6424
f 3963/1844/6425 3960/1841/6426 3947/1828/6381
f 3964/1845/6427 3961/1842/6428 3960/1841/6416
f 3960/1841/6429 3963/1844/6430 3964/1845/6431
f 3967/1481/6432 3966/1846/6433 3965/1479/6434
f 3966/1846/6433 3968/1476/6435 3965/1479/6434
f 3969/1847/6436 3966/1846/6437 3967/1481/6438
f 3967/1481/6438 3970/1848/6442 3969/1847/6440
f 2552/1458/6441 3970/1848/6442 3967/1481/6438
f 2552/1458/6444 3383/1457/6445 3970/1848/6446
f 3970/1848/6446 3383/1457/6445 3971/1849/6447
f 3969/1847/6448 3970/1848/6442 3971/1849/6447
f 3383/1457/6449 3972/1460/6450 3971/1849/6451
f 3966/1846/6433 3969/1847/6452 3973/1850/6453
f 3973/1850/6454 3969/1847/6436 3971/1849/6455
f 3974/1851/6456 3968/1476/6457 3966/1846/6458
f 3973/1850/6459 3974/1851/6460 3966/1846/6433
f 3971/1849/6461 3972/1460/6462 3975/1852/6463
f 3972/1460/6464 2417/1462/6465 3975/1852/6466
f 3975/1852/6467 3976/1853/6468 3971/1849/6469
f 3971/1849/6470 3976/1853/6471 3973/1850/6472
f 3975/1852/6473 2417/1462/6465 3977/1854/6474
f 3975/1852/6475 3977/1854/6476 3976/1853/6477
f 3977/1854/6478 2417/1462/6479 3978/1855/6480
f 3978/1855/6481 2417/1462/6482 4007/1464/6483
f 3978/1855/6484 4007/1464/6485 3385/1467/7256
f 3385/1467/7257 3386/1469/6488 3978/1855/6490
f 3978/1855/6490 3979/1856/6491 3977/1854/6492
f 3976/1853/6493 3977/1854/6476 3979/1856/6494
f 3978/1855/6495 3386/1469/6496 3980/1857/6497
f 3980/1857/6497 3979/1856/6491 3978/1855/6498
f 3386/1469/6496 3387/1471/6499 3980/1857/6497
f 3979/1856/6500 3981/1858/6501 3976/1853/6477
f 3980/1857/6497 3981/1858/6502 3979/1856/6503
f 3976/1853/6471 3982/1859/6505 3973/1850/6472
f 3976/1853/6477 3981/1858/6506 3982/1859/6507
f 3980/1857/6497 3387/1471/6499 3983/1860/6510
f 3983/1860/6508 3981/1858/6502 3980/1857/6497
f 3387/1471/6499 3984/1861/7258 3983/1860/6510
f 3984/1861/6509 3981/1858/6502 3983/1860/6510
f 3985/1473/6511 3984/1861/7258 3387/1471/7259
f 3392/1485/6514 3984/1861/6512 3985/1473/6515
f 3986/1862/6516 3981/1858/6517 3984/1861/6512
f 3986/1862/6516 3984/1861/6518 3392/1485/6514
f 3986/1862/6520 3982/1859/6521 3981/1858/6506
f 3986/1862/6522 3392/1485/6523 3987/1863/6524
f 3987/1863/6525 3982/1859/6526 3986/1862/6522
f 3987/1863/6525 3392/1485/6527 3393/1487/6528
f 3973/1850/6454 3982/1859/6529 3988/1864/6530
f 3987/1863/6531 3988/1864/6532 3982/1859/6505
f 3988/1864/6533 3974/1851/6534 3973/1850/6453
f 3987/1863/6535 3393/1487/7260 3989/1865/6537
f 3989/1865/6538 3988/1864/6539 3987/1863/6540
f 3989/1865/7261 3974/1851/6534 3988/1864/6533
f 3989/1865/6537 3393/1487/7260 3990/1489/6543
f 3991/1866/6544 3974/1851/6534 3989/1865/6541
f 3990/1489/7262 3991/1866/6544 3989/1865/6546
f 3974/1851/6534 3991/1866/6544 3968/1476/6457
f 3992/1477/6547 3991/1866/6548 3990/1489/6545
f 3968/1476/6549 3991/1866/6550 3992/1477/6551
f 3418/1479/6552 3994/1846/6553 3993/1481/6554
f 3418/1479/6555 3995/1476/6556 3994/1846/6557
f 3993/1481/7263 3994/1846/6553 3996/1847/6558
f 3996/1847/6559 3997/1848/6560 3993/1481/6554
f 3993/1481/6554 3997/1848/6560 3998/1458/6561
f 3997/1848/6560 3999/1457/6562 3998/1458/6561
f 4000/1849/6563 3999/1457/6564 3997/1848/6565
f 4000/1849/6566 3997/1848/6567 3996/1847/6559
f 4000/1849/6568 3411/1460/6569 3999/1457/6570
f 4001/1850/6571 3996/1847/6572 3994/1846/6553
f 4000/1849/6573 3996/1847/7264 4001/1850/6575
f 3994/1846/6576 3995/1476/6577 4002/1851/6578
f 4002/1851/6579 4001/1850/6571 3994/1846/6580
f 4003/1852/6581 3411/1460/6582 4000/1849/6583
f 4003/1852/6584 2441/1462/6585 3411/1460/6569
f 4000/1849/6586 4004/1853/6587 4003/1852/6581
f 4001/1850/6588 4004/1853/6589 4000/1849/6590
f 4005/1854/6591 2441/1462/6592 4003/1852/6584
f 4004/1853/6593 4005/1854/6594 4003/1852/6595
f 4006/1855/6596 2441/1462/6597 4005/1854/7265
f 4007/1464/6599 2441/1462/6597 4006/1855/6600
f 4008/1467/6601 4007/1464/6602 4006/1855/6603
f 4006/1855/6604 4009/1469/6605 4008/1467/7266
f 4005/1854/6607 4010/1856/6608 4006/1855/6609
f 4010/1856/6610 4005/1854/6611 4004/1853/6593
f 4011/1857/6612 4009/1469/6613 4006/1855/6609
f 4006/1855/6609 4010/1856/6608 4011/1857/6612
f 4011/1857/6614 4012/1471/6615 4009/1469/6616
f 4004/1853/7267 4013/1858/6618 4010/1856/6610
f 4013/1858/6619 4011/1857/6620 4010/1856/6621
f 4001/1850/6588 4014/1859/6622 4004/1853/6623
f 4014/1859/6624 4013/1858/6625 4004/1853/6593
f 4015/1860/7268 4012/1471/6615 4011/1857/6628
f 4015/1860/6626 4011/1857/6628 4013/1858/6629
f 4015/1860/6630 4016/1861/6631 4012/1471/6632
f 4015/1860/6630 4013/1858/6633 4016/1861/6631
f 4012/1471/6634 4016/1861/6635 3419/1473/6636
f 3419/1473/6637 4016/1861/6638 4017/1485/6639
f 4016/1861/6631 4013/1858/6619 4018/1862/6640
f 4017/1485/6639 4016/1861/6638 4018/1862/6641
f 4013/1858/6642 4014/1859/6643 4018/1862/6644
f 4019/1863/6645 4017/1485/6646 4018/1862/7269
f 4018/1862/6647 4014/1859/6648 4019/1863/6649
f 3421/1487/6650 4017/1485/6651 4019/1863/6645
f 4020/1864/7270 4014/1859/6653 4001/1850/6588
f 4014/1859/7271 4020/1864/6654 4019/1863/6655
f 4020/1864/6656 4001/1850/6657 4002/1851/6658
f 4021/1865/6659 3421/1487/6660 4019/1863/6661
f 4019/1863/6661 4020/1864/6662 4021/1865/6659
f 4002/1851/6663 4021/1865/6664 4020/1864/6656
f 3423/1489/7272 3421/1487/6660 4021/1865/6659
f 4022/1866/6666 4021/1865/6667 4002/1851/6663
f 4021/1865/6668 4022/1866/6669 3423/1489/6670
f 3995/1476/6671 4022/1866/6666 4002/1851/6663
f 3423/1489/6672 4022/1866/6669 3424/1477/7273
f 3424/1477/6674 4022/1866/6675 3995/1476/6676
f 4023/1867/166 2184/1868/166 2196/1869/166
f 4023/1867/166 2196/1869/165 4024/1870/166
f 4023/1867/6677 4025/1871/166 2184/1868/166
f 4023/1867/166 4024/1870/166 2193/1872/166
f 4023/1867/166 2186/1873/166 4025/1871/166
f 4023/1867/166 2193/1872/166 2191/1874/166
f 4023/1867/166 2188/1875/166 2186/1873/166
f 4023/1867/166 2191/1874/166 2188/1875/166
f 4026/1876/153 2195/1877/141 2185/1878/141
f 4026/1876/153 2185/1878/141 4027/1879/141
f 4026/1876/153 2194/1880/141 2195/1877/141
f 4026/1876/6678 4027/1879/141 2187/1881/153
f 4026/1876/6678 2190/1882/141 2194/1880/141
f 4026/1876/153 2187/1881/141 2189/1883/141
f 4026/1876/6678 2192/1884/141 2190/1882/153
f 4026/1876/6678 2189/1883/141 2192/1884/141
f 4029/1885/6679 2966/1886/6680 4028/1887/6681
f 4029/1885/6679 4028/1887/6681 4030/1888/6682
f 4029/1885/6679 4031/1889/6680 2966/1886/6680
f 4029/1885/6683 4030/1888/6682 2971/1890/6684
f 4029/1885/6679 2969/1891/6685 4031/1889/6680
f 4029/1885/6683 2971/1890/6686 2969/1891/6685
f 4033/1892/6687 4032/1887/6688 2967/1886/6689
f 4033/1892/6690 2967/1886/6689 2968/1889/6689
f 4033/1892/6687 2965/1888/6691 4032/1887/6688
f 4033/1892/6687 2968/1889/6689 2970/1891/6692
f 4033/1892/6687 2964/1890/6693 2965/1888/6694
f 4033/1892/6687 2970/1891/6695 2964/1890/6696
f 4035/1893/6697 3096/1894/6698 4034/1895/6699
f 4035/1893/6700 4034/1895/6699 4036/1896/6701
f 4035/1893/6702 3108/1897/6703 3096/1894/6698
f 4035/1893/6702 4036/1896/6704 4037/1898/6705
f 4035/1893/6702 3113/1899/6706 3108/1897/6703
f 4035/1893/6702 4037/1898/6705 4038/1900/6707
f 4035/1893/6702 3115/1901/6708 3113/1899/6706
f 4035/1893/6702 4038/1900/6707 4039/1902/6709
f 4035/1893/6702 3107/1903/6710 3115/1901/6708
f 4035/1893/6702 4039/1902/6709 3107/1903/6711
f 4041/1904/6712 4040/1905/6713 3104/1906/6714
f 4041/1904/6712 3104/1906/6714 3103/1907/6715
f 4041/1904/6712 3106/1908/6716 4040/1905/6713
f 4041/1904/6712 3103/1907/6715 3100/1909/7274
f 4041/1904/6712 4042/1910/6718 3106/1908/6716
f 4041/1904/6719 3100/1909/6720 4043/1911/6721
f 4041/1904/6722 4044/1912/6723 4042/1910/6724
f 4041/1904/6712 4043/1911/6725 3110/1913/6726
f 4041/1904/6712 3116/1914/6727 4044/1912/6728
f 4041/1904/6712 3110/1913/6729 3111/1915/6730
f 4041/1904/6712 4045/1916/6731 3116/1914/6727
f 4041/1904/6732 3111/1915/6733 4045/1916/6734
f 4046/1867/6735 3805/1868/5950 3818/1869/5950
f 4046/1867/6736 3818/1869/5950 3817/1870/5940
f 4046/1867/6737 3808/1871/5950 3805/1868/5950
f 4046/1867/6735 3817/1870/5940 3815/1872/6739
f 4046/1867/6736 3810/1873/6738 3808/1871/5950
f 4046/1867/6740 3815/1872/6738 3814/1874/6739
f 4046/1867/6736 3811/1875/6738 3810/1873/6738
f 4046/1867/6736 3814/1874/5950 3811/1875/5940
f 4048/1876/5918 4047/1877/5918 3806/1878/5918
f 4048/1876/5918 3806/1878/5918 3809/1879/5918
f 4048/1876/7231 3816/1880/7231 4047/1877/5918
f 4048/1876/5918 3809/1879/5918 3807/1881/5918
f 4048/1876/5918 3813/1882/5918 3816/1880/5918
f 4048/1876/5918 3807/1881/5918 3812/1883/5918
f 4048/1876/5918 4049/1884/5918 3813/1882/5918
f 4048/1876/5918 3812/1883/5918 4049/1884/5918
f 4052/1917/6741 4051/1918/6742 4050/1919/6743
f 4052/1917/6744 4050/1919/6743 4053/1920/6745
f 4053/1920/6746 4050/1919/7275 4054/1921/6748
f 4055/1922/6749 4051/1918/6750 4052/1917/7276
f 4055/1922/6752 4056/1923/6753 4051/1918/6754
f 4053/1920/6755 4054/1921/6748 4057/1924/6756
f 4057/1924/6757 4054/1921/6758 4058/1925/6759
f 4053/1920/6760 4059/1926/6761 4052/1917/6762
f 4052/1917/6763 4059/1926/6764 4055/1922/6765
f 4057/1924/6766 4059/1926/6767 4053/1920/6768
f 4060/1927/6769 4056/1923/6770 4055/1922/6771
f 4055/1922/6772 4059/1926/6773 4060/1927/6774
f 4060/1927/6769 4061/1928/6775 4056/1923/6770
f 4057/1924/6776 4058/1925/6759 4062/1929/6777
f 4062/1929/6778 4059/1926/6779 4057/1924/6780
f 4062/1929/6781 4058/1925/6782 4061/1928/6783
f 4060/1927/6784 4059/1926/6785 4062/1929/6786
f 4062/1929/6787 4061/1928/6783 4060/1927/6784
f 4064/1930/6788 4063/1931/6789 3852/1932/6071
f 4064/1930/6790 3852/1932/6071 4065/1933/6791
f 4065/1933/6792 3852/1932/6071 3853/1934/6793
f 4066/1935/6794 4063/1931/6024 4064/1930/6795
f 4066/1935/6796 3837/1936/6021 4063/1931/6024
f 4065/1933/6792 3853/1934/6797 4067/1937/6798
f 4067/1937/6799 3853/1934/6073 3855/1938/6075
f 4065/1933/6800 4068/1939/6801 4064/1930/6802
f 4064/1930/6790 4068/1939/6803 4066/1935/6804
f 4067/1937/6805 4068/1939/6806 4065/1933/6807
f 4069/1940/6808 3837/1936/6020 4066/1935/6809
f 4066/1935/6810 4068/1939/6811 4069/1940/6812
f 4069/1940/7277 4070/1941/6018 3837/1936/6020
f 4067/1937/6813 3855/1938/6075 4071/1942/6814
f 4071/1942/6815 4068/1939/6816 4067/1937/6817
f 4071/1942/6818 3855/1938/6076 4070/1941/6077
f 4069/1940/6808 4068/1939/6819 4071/1942/6820
f 4071/1942/6815 4070/1941/6018 4069/1940/6821
f 4073/1943/6063 4072/1944/6822 3850/1945/6823
f 3850/1945/6065 4072/1944/6825 4074/1946/6826
f 3850/1945/6824 4074/1946/6826 4075/1947/6070
f 4073/1943/6063 4076/1948/6827 4072/1944/7278
f 4077/1949/6828 4076/1948/6841 4073/1943/6063
f 4075/1947/6070 4074/1946/6830 4078/1950/6831
f 4075/1947/6056 4078/1950/6831 3846/1951/6057
f 4072/1944/6822 4079/1952/6832 4074/1946/6833
f 4076/1948/6829 4079/1952/6835 4072/1944/6836
f 4074/1946/7279 4079/1952/6838 4078/1950/6839
f 4077/1949/6061 4080/1953/6840 4076/1948/6841
f 4080/1953/6842 4079/1952/6843 4076/1948/6844
f 4081/1954/6058 4080/1953/6845 4077/1949/6061
f 3846/1951/6057 4078/1950/6839 4082/1955/6846
f 4078/1950/6847 4079/1952/6848 4082/1955/6849
f 4082/1955/6850 4079/1952/6851 4080/1953/6852
f 3846/1951/6853 4082/1955/6850 4081/1954/6854
f 4081/1954/6855 4082/1955/6856 4080/1953/6845
f 4085/135/99 4083/136/99 4088/137/99
f 4083/136/100 4085/135/100 4087/138/100
f 4086/139/101 4085/140/101 4084/141/101
f 4083/136/102 4089/142/102 4088/137/102
f 4086/143/103 4087/138/103 4085/135/103
f 4085/140/7280 4089/142/7280 4084/141/7280
f 4089/142/7281 4085/140/7281 4088/137/7281
f 4181/144/7282 4185/145/107 4090/146/108
f 4096/135/109 4091/136/109 4093/137/109
f 4091/136/110 4096/135/110 4092/138/110
f 4094/139/111 4096/140/111 4095/141/111
f 4091/136/112 4097/142/113 4093/137/113
f 4094/143/115 4092/138/115 4096/135/115
f 4096/140/116 4097/142/116 4095/141/116
f 4097/142/117 4096/140/117 4093/137/117
f 4102/147/118 4098/148/118 4103/149/118
f 4103/149/118 4098/148/118 4105/150/119
f 4106/151/120 4105/150/120 4101/152/120
f 4101/152/7283 4105/150/7283 4098/148/7283
f 4100/153/121 4106/151/121 4099/154/121
f 4099/154/121 4106/151/121 4101/152/121
f 4107/155/122 4098/156/122 4104/157/122
f 4104/157/122 4098/156/122 4102/158/122
f 4098/156/123 4107/155/124 4101/159/124
f 4101/159/124 4107/155/124 4109/160/124
f 4101/159/125 4109/160/125 4099/161/125
f 4099/161/125 4109/160/125 4108/162/125
f 4105/150/127 4107/155/127 4103/149/127
f 4103/149/127 4107/155/127 4104/157/127
f 4106/151/129 4109/160/129 4105/150/129
f 4105/150/129 4109/160/129 4107/155/129
f 4100/153/130 4108/162/130 4106/151/130
f 4106/151/130 4108/162/130 4109/160/130
f 4131/163/131 4119/164/132 4122/165/131
f 4131/163/131 4120/166/131 4119/164/131
f 4110/167/131 4120/166/131 4131/163/131
f 4111/168/131 4120/166/131 4110/167/131
f 4111/168/132 4110/167/132 4112/169/133
f 4118/170/133 4111/168/131 4112/169/133
f 4133/171/133 4112/169/133 4110/167/131
f 4133/171/133 4136/172/132 4112/169/133
f 4121/165/134 4113/164/134 4132/163/134
f 4113/164/134 4114/166/134 4132/163/134
f 4132/163/135 4114/166/135 4134/167/135
f 4134/167/134 4114/166/134 4115/168/134
f 4134/167/134 4115/168/134 4137/171/7284
f 4117/169/137 4137/171/136 4115/168/176
f 4116/170/137 4117/169/137 4115/168/134
f 4137/171/139 4117/169/6862 4135/172/134
f 4116/173/141 4118/170/141 4117/174/141
f 4117/174/141 4118/170/141 4112/169/141
f 4120/166/142 4114/175/142 4119/164/143
f 4119/164/142 4114/175/144 4113/176/142
f 4119/164/145 4113/177/145 4122/165/145
f 4122/165/145 4113/177/145 4121/178/146
f 4122/165/147 4121/179/147 4131/163/147
f 4131/163/147 4121/179/147 4132/180/147
f 4127/181/148 4130/182/149 4124/183/149
f 4124/183/149 4130/182/149 4128/184/149
f 4124/185/7285 4128/186/7285 4123/187/7285
f 4123/187/150 4128/186/150 4129/188/150
f 4123/187/151 4129/188/151 4125/189/151
f 4125/189/151 4129/188/151 4126/190/151
f 4125/189/152 4126/190/152 4127/181/152
f 4127/181/152 4126/190/152 4130/182/152
f 4129/191/141 4128/192/153 4126/190/141
f 4126/190/141 4128/192/141 4130/182/141
f 4132/180/7286 4134/193/156 4131/163/156
f 4131/163/157 4134/193/157 4110/167/157
f 4133/171/158 4110/167/158 4137/194/158
f 4137/194/158 4110/167/158 4134/193/158
f 4117/174/161 4112/169/159 4135/195/161
f 4135/195/159 4112/169/159 4136/172/159
f 4135/195/162 4136/172/162 4137/194/6863
f 4137/194/162 4136/172/162 4133/171/162
f 4151/196/141 4146/197/141 4138/198/141
f 4138/198/141 4146/197/141 4142/199/141
f 4148/200/164 4147/201/164 4143/202/164
f 4143/202/164 4147/201/164 4150/203/164
f 4144/204/165 4139/205/166 4140/206/166
f 4140/206/166 4139/205/166 4141/207/166
f 4146/208/6865 4144/209/167 4142/210/168
f 4142/210/167 4144/209/167 4140/211/167
f 4141/212/134 4149/213/134 4140/211/134
f 4140/211/135 4149/213/135 4142/210/135
f 4142/210/134 4149/213/134 4138/214/134
f 4149/213/134 4143/202/134 4138/214/134
f 4138/214/134 4143/202/134 4150/203/134
f 4145/213/132 4139/212/131 4144/211/131
f 4146/210/131 4145/213/131 4144/211/131
f 4151/214/131 4145/213/131 4146/210/131
f 4147/203/169 4145/213/131 4151/214/169
f 4148/202/131 4145/213/131 4147/203/131
f 4141/207/164 4139/205/164 4149/215/164
f 4149/215/170 4139/205/170 4145/216/170
f 4149/215/171 4145/216/171 4143/202/171
f 4143/202/172 4145/216/172 4148/200/172
f 4150/203/173 4147/201/173 4138/198/174
f 4138/198/174 4147/201/174 4151/196/174
f 4153/217/141 4156/218/141 4152/219/141
f 4152/219/141 4156/218/141 4157/220/141
f 4159/221/164 4153/217/164 4155/222/164
f 4155/222/164 4153/217/164 4152/219/164
f 4158/223/166 4159/221/166 4154/224/166
f 4154/224/166 4159/221/166 4155/222/166
f 4156/225/175 4158/226/175 4157/227/6866
f 4157/227/175 4158/226/175 4154/228/175
f 4152/219/134 4157/229/134 4155/222/134
f 4155/222/134 4157/229/134 4154/230/176
f 4159/221/131 4158/231/131 4153/217/131
f 4153/217/131 4158/231/131 4156/232/131
f 4171/233/177 4172/234/177 4161/235/177
f 4161/235/177 4172/234/177 4160/236/177
f 4161/235/178 4160/236/178 6003/237/178
f 6003/237/6868 4160/236/178 6001/238/178
f 6003/237/179 6001/238/180 4163/239/180
f 4163/239/180 6001/238/180 4162/240/180
f 4163/239/182 4162/240/182 4165/241/182
f 4165/241/181 4162/240/181 4164/242/181
f 4165/241/7287 4164/242/7287 4168/243/7287
f 4168/243/183 4164/242/183 4167/244/183
f 4168/245/184 4167/246/184 4166/247/184
f 4166/247/184 4167/246/184 4169/248/184
f 4166/247/185 4169/248/185 4170/249/185
f 4170/249/6869 4169/248/185 6000/250/185
f 4170/249/186 6000/250/186 4171/233/186
f 4171/233/186 6000/250/186 4172/234/186
f 4176/251/187 4179/252/188 4177/253/188
f 4179/252/187 4176/251/187 4180/254/189
f 4174/251/190 4178/252/191 4173/254/192
f 4178/252/191 4174/251/191 4175/253/191
f 4176/251/193 4175/255/193 4174/256/193
f 4175/255/193 4176/251/193 4177/257/193
f 4179/258/194 4173/259/194 4178/260/194
f 4173/259/195 4179/258/195 4180/254/195
f 4173/259/196 4176/251/197 4174/256/198
f 4176/251/197 4173/259/199 4180/254/197
f 4184/261/7288 4181/144/201 4090/146/202
f 4181/144/201 4184/261/203 4186/262/204
f 4182/263/205 4186/262/204 4184/261/206
f 4182/263/207 4184/261/208 4183/262/209
f 4184/261/210 4185/144/211 4183/262/212
f 4185/144/213 4184/261/214 4090/146/215
f 4181/144/106 4183/264/217 4185/265/7289
f 4183/264/217 4181/144/216 4186/262/217
f 4188/266/220 4187/267/221 4192/268/222
f 4187/267/223 4188/266/224 4196/269/6871
f 4189/270/226 4196/269/225 4188/266/224
f 4196/269/7290 4189/270/228 4198/271/229
f 4190/272/230 4198/271/7291 4189/270/228
f 4198/271/232 4190/272/233 4191/273/234
f 4193/267/235 4188/266/236 4192/268/237
f 4188/266/224 4193/267/238 4195/274/239
f 4195/274/240 4189/270/228 4188/266/241
f 4189/270/228 4195/274/242 4197/271/243
f 4197/271/243 4190/272/244 4189/270/228
f 4190/272/245 4197/271/246 4194/273/247
f 4187/275/248 4195/276/249 4193/277/250
f 4195/276/249 4187/275/251 4196/278/252
f 4196/278/253 4197/279/246 4195/276/240
f 4197/279/246 4196/278/254 4198/280/255
f 4198/280/229 4194/281/247 4197/279/256
f 4194/281/247 4198/280/257 4191/282/258
f 4205/283/259 4204/284/260 4203/285/261
f 4204/284/261 4205/283/259 4207/286/260
f 4204/284/261 4207/286/261 4206/287/261
f 4202/284/262 4199/283/263 4210/285/264
f 4199/283/263 4202/284/262 4200/286/265
f 4201/287/262 4200/286/265 4202/284/262
f 4203/285/266 4202/288/267 4210/289/266
f 4202/288/267 4203/285/268 4204/284/269
f 4204/284/6875 4201/290/271 4202/288/272
f 4201/290/271 4204/284/270 4206/287/271
f 4207/291/273 4199/292/274 4200/293/275
f 4199/292/274 4207/291/273 4205/294/274
f 4206/287/276 4200/295/277 4201/296/276
f 4200/295/277 4206/287/276 4207/286/278
f 4209/297/279 4205/298/279 4211/299/279
f 4209/297/279 4199/300/279 4205/298/279
f 4210/301/264 4209/302/280 4208/303/281
f 4209/302/6876 4210/301/7292 4199/304/6876
f 4205/304/261 4212/303/261 4211/302/284
f 4212/303/261 4205/304/261 4203/301/261
f 4215/305/285 4214/306/286 4213/307/287
f 4214/306/286 4215/305/285 4216/308/286
f 4217/309/288 4220/305/288 4218/310/288
f 4220/305/289 4217/309/288 4219/307/288
f 4215/305/290 4217/309/290 4218/310/290
f 4217/309/290 4215/305/290 4213/307/290
f 4214/306/291 4220/305/292 4219/307/292
f 4220/305/292 4214/306/291 4216/308/292
f 4230/311/284 4222/312/284 4221/313/261
f 4222/312/284 4230/311/284 4231/314/260
f 4232/315/261 4222/312/284 4231/314/261
f 4222/312/259 4232/315/261 4228/316/260
f 4225/313/265 4224/314/262 4223/311/293
f 4224/314/262 4225/313/265 4226/312/262
f 4227/316/262 4224/314/262 4226/312/262
f 4224/314/262 4227/316/262 4229/315/262
f 4229/317/294 4228/318/296 4232/319/294
f 4228/318/296 4229/317/294 4227/320/297
f 4227/320/298 4222/321/299 4228/318/300
f 4222/321/299 4227/320/241 4226/322/299
f 4225/323/301 4222/321/302 4226/322/303
f 4222/321/302 4225/323/304 4221/324/305
f 4223/325/306 4221/324/305 4225/323/301
f 4221/324/305 4223/325/306 4230/326/307
f 4224/327/308 4230/326/307 4223/325/198
f 4230/326/309 4224/327/308 4231/328/308
f 4224/327/310 4232/329/311 4231/328/310
f 4232/329/311 4224/327/310 4229/330/311
f 4234/331/284 4233/332/284 4242/333/284
f 4235/334/260 4242/333/259 4233/332/259
f 4242/333/284 4235/334/260 4236/335/259
f 4241/332/262 4238/333/262 4237/331/265
f 4241/332/262 4239/335/262 4238/333/262
f 4239/335/262 4241/332/262 4240/334/262
f 4241/336/312 4236/337/313 4240/338/313
f 4236/337/313 4241/336/312 4242/339/314
f 4237/340/315 4242/339/316 4241/336/312
f 4242/339/317 4237/340/315 4234/341/318
f 4238/342/319 4234/341/318 4237/340/315
f 4234/341/318 4238/342/320 4233/343/321
f 4239/344/322 4233/343/323 4238/342/319
f 4233/343/323 4239/344/322 4235/345/322
f 4256/346/259 4243/347/260 4259/348/260
f 4255/349/324 4243/347/261 4256/346/284
f 4262/350/325 4243/347/261 4255/349/324
f 4249/351/326 4243/347/261 4262/350/325
f 4253/352/327 4249/351/326 4262/350/325
f 4251/353/284 4249/351/326 4253/352/327
f 4244/354/328 4253/352/327 4262/350/325
f 4261/355/329 4253/352/327 4244/354/328
f 4250/353/265 4245/352/235 4252/351/330
f 4245/352/235 4246/350/331 4252/351/330
f 4247/355/332 4246/350/333 4245/352/235
f 4260/354/332 4246/350/334 4247/355/332
f 4246/350/331 4257/347/262 4252/351/330
f 4254/349/335 4257/347/262 4246/350/331
f 4248/346/265 4257/347/262 4254/349/335
f 4258/348/262 4257/347/262 4248/346/265
f 4257/356/336 4249/357/336 4252/358/336
f 4249/357/336 4257/356/337 4243/359/336
f 4252/360/313 4251/361/313 4250/362/313
f 4251/361/313 4252/360/313 4249/363/313
f 4250/362/338 4253/364/338 4245/365/338
f 4253/364/338 4250/362/338 4251/361/339
f 4245/365/340 4261/366/340 4247/367/340
f 4261/366/341 4245/365/341 4253/364/341
f 4246/368/198 4255/369/198 4254/370/196
f 4255/369/198 4246/368/198 4262/371/198
f 4254/370/313 4256/372/313 4248/373/313
f 4256/372/313 4254/370/313 4255/369/313
f 4248/373/198 4259/374/198 4258/375/198
f 4259/374/198 4248/373/198 4256/372/198
f 4258/375/322 4243/376/322 4257/377/322
f 4243/376/322 4258/375/322 4259/374/322
f 4247/367/196 4244/378/198 4260/379/198
f 4244/378/198 4247/367/196 4261/366/198
f 4260/379/342 4262/371/342 4246/368/342
f 4262/371/342 4260/379/342 4244/378/342
f 4273/380/343 4264/381/344 4263/382/345
f 4264/381/344 4273/380/346 4265/383/347
f 4265/383/347 4266/384/348 4264/381/344
f 4266/384/348 4265/383/347 4267/385/349
f 4271/386/350 4266/384/351 4267/385/352
f 4266/384/353 4271/386/354 4272/387/355
f 4263/382/345 4274/383/356 4273/380/343
f 4274/383/357 4263/382/358 4268/381/359
f 4268/381/359 4269/385/360 4274/383/357
f 4269/385/361 4268/381/359 4270/384/362
f 4270/384/363 4271/386/364 4269/385/361
f 4271/386/364 4270/384/365 4272/387/279
f 4265/388/366 4273/389/366 4267/390/366
f 4271/391/193 4267/390/322 4273/389/322
f 4271/391/193 4273/389/322 4269/390/367
f 4269/390/367 4273/389/322 4274/388/367
f 4277/392/368 4280/393/369 4279/394/370
f 4280/393/371 4277/392/372 4275/395/373
f 4275/395/374 4281/396/375 4280/393/376
f 4281/396/377 4275/395/374 4276/397/378
f 4279/394/379 4278/395/380 4277/392/381
f 4278/395/7293 4279/394/382 4282/393/383
f 4282/393/384 4276/397/385 4278/395/386
f 4276/397/385 4282/393/384 4281/396/377
f 4281/398/193 4279/399/193 4280/400/387
f 4281/398/193 4282/401/388 4279/399/193
f 4285/402/196 4284/403/198 4283/404/198
f 4284/403/198 4285/402/196 4286/405/198
f 4287/406/262 4286/405/262 4285/402/293
f 4286/405/262 4287/406/262 4288/407/262
f 4290/402/336 4288/403/350 4287/404/337
f 4288/403/336 4290/402/336 4289/405/336
f 4285/402/322 4290/408/322 4287/409/322
f 4290/408/322 4285/402/322 4283/404/322
f 4284/403/313 4288/410/313 4289/411/313
f 4288/410/313 4284/403/313 4286/405/313
f 4297/412/198 4292/413/198 4291/414/196
f 4292/413/198 4297/412/198 4296/415/196
f 4294/416/259 4291/414/260 4293/417/261
f 4291/414/261 4294/416/284 4297/412/259
f 4295/418/336 4293/419/279 4298/420/336
f 4293/419/279 4295/418/279 4294/421/336
f 4297/412/193 4295/418/193 4296/415/193
f 4295/418/193 4297/412/193 4294/421/193
f 4292/413/313 4293/422/313 4291/414/313
f 4293/422/313 4292/413/313 4298/423/313
f 4301/424/198 4300/425/196 4299/426/198
f 4300/425/196 4301/424/198 4304/427/198
f 4305/428/259 4299/426/261 4302/429/261
f 4299/426/261 4305/428/284 4301/424/284
f 4303/430/350 4302/429/336 4306/431/336
f 4302/429/336 4303/430/350 4305/428/336
f 4301/424/193 4303/432/193 4304/433/193
f 4303/432/193 4301/424/193 4305/428/193
f 4300/434/313 4302/429/313 4299/426/313
f 4302/429/313 4300/434/313 4306/435/313
f 4309/436/389 4308/437/389 4307/438/390
f 4310/439/391 4308/437/392 4309/436/392
f 4308/437/392 4310/439/391 4311/440/393
f 4312/441/394 4311/440/7294 4310/439/7295
f 4311/440/395 4312/441/396 4313/442/397
f 4312/441/398 4314/443/399 4313/442/400
f 4314/443/399 4312/441/398 4315/444/401
f 4318/445/405 4317/446/403 4316/447/404
f 4317/446/7296 4318/445/402 4319/448/406
f 4324/449/6878 4319/448/6879 4318/445/402
f 4319/448/409 4320/450/410 4317/446/6880
f 4319/448/411 4324/449/412 4321/451/413
f 4329/452/7297 4321/451/415 4324/449/416
f 4320/450/410 4319/448/417 4322/453/418
f 4321/451/6884 4322/453/420 4319/448/421
f 4322/453/422 4316/454/423 4320/450/424
f 4316/454/423 4322/453/425 4318/455/426
f 4323/456/427 4318/455/6887 4322/453/420
f 4322/453/7298 4321/451/430 4323/456/7299
f 4318/455/432 4323/456/6888 4324/457/452
f 4321/451/413 4329/452/435 4325/458/436
f 4325/458/437 4323/456/6889 4321/451/439
f 4326/459/6890 4325/458/436 4329/452/441
f 4325/458/442 4326/459/440 4327/460/443
f 4328/461/444 4324/457/445 4323/456/446
f 4323/456/7300 4325/458/447 4328/461/448
f 4327/460/449 4328/461/450 4325/458/451
f 4324/457/452 4328/461/448 4329/462/453
f 4328/461/6892 4327/460/449 4330/463/454
f 4330/463/454 4329/462/455 4328/461/456
f 4329/462/453 4330/463/454 4326/464/6893
f 4336/465/196 4331/466/196 4335/467/196
f 4331/466/198 4336/465/198 4332/468/198
f 4335/467/194 4334/469/194 4337/470/194
f 4334/469/194 4335/467/194 4331/466/194
f 4333/471/262 4331/466/262 4332/468/262
f 4331/466/262 4333/471/262 4334/472/262
f 4337/472/259 4336/468/259 4335/466/261
f 4336/468/259 4337/472/259 4338/471/259
f 4346/473/198 4349/474/198 4339/475/198
f 4349/474/198 4346/473/198 4351/476/458
f 4340/477/459 4351/476/311 4346/473/460
f 4351/476/311 4340/477/459 4341/478/197
f 4342/479/196 4341/478/198 4340/477/461
f 4341/478/198 4342/479/196 4354/480/198
f 4354/480/194 4348/481/194 4343/482/194
f 4348/481/194 4354/480/194 4342/479/194
f 4345/483/262 4339/474/262 4344/484/262
f 4339/474/262 4345/483/262 4346/476/262
f 4345/483/262 4340/485/262 4346/476/262
f 4340/485/262 4345/483/262 4347/486/262
f 4348/487/262 4340/485/262 4347/486/262
f 4340/485/293 4348/487/262 4342/488/262
f 4351/476/261 4350/484/462 4349/474/261
f 4350/484/261 4351/476/261 4352/483/261
f 4351/476/261 4353/486/284 4352/483/261
f 4353/486/259 4351/476/261 4341/485/259
f 4354/488/261 4353/486/259 4341/485/259
f 4353/486/259 4354/488/260 4343/487/259
f 4344/489/193 4349/474/193 4350/490/193
f 4349/474/193 4344/489/193 4339/475/193
f 4357/438/463 4356/437/464 4355/436/464
f 4356/437/465 4358/439/466 4355/436/465
f 4358/439/466 4356/437/465 4359/440/467
f 4359/440/468 4360/441/469 4358/439/470
f 4360/441/471 4359/440/6894 4361/442/472
f 4362/443/473 4360/441/474 4361/442/475
f 4360/441/474 4362/443/473 4363/444/473
f 4366/446/476 4365/445/499 4364/447/478
f 4365/445/479 4366/446/476 4367/448/480
f 4367/448/487 4368/449/481 4365/445/482
f 4369/450/483 4367/448/484 4366/446/485
f 4368/449/6895 4367/448/487 4370/451/488
f 4370/451/7301 4376/452/6897 4368/449/486
f 4367/448/487 4369/450/491 4371/453/7302
f 4371/453/493 4370/451/494 4367/448/6898
f 4364/454/478 4371/453/7303 4369/450/7304
f 4371/453/7305 4364/454/478 4365/455/499
f 4365/455/500 4372/456/501 4371/453/493
f 4370/451/502 4371/453/503 4372/456/504
f 4372/456/505 4365/455/479 4368/457/506
f 4376/452/490 4370/451/488 4373/458/7306
f 4372/456/7307 4373/458/509 4370/451/494
f 4373/458/510 4378/459/511 4376/452/512
f 4378/459/6901 4373/458/514 4374/460/515
f 4368/457/481 4375/461/516 4372/456/7308
f 4373/458/7309 4372/456/517 4375/461/516
f 4375/461/516 4374/460/515 4373/458/518
f 4375/461/516 4368/457/481 4376/462/519
f 4374/460/515 4375/461/516 4377/463/520
f 4376/462/6902 4377/463/520 4375/461/7310
f 4377/463/520 4376/462/522 4378/464/523
f 4379/491/524 4661/492/525 4398/493/526
f 4379/491/527 4398/493/528 4380/494/529
f 4380/494/529 4398/493/6903 4400/495/530
f 4401/496/531 4380/494/532 4400/495/7311
f 4381/497/534 4380/494/535 4401/496/531
f 4381/497/536 4379/491/537 4380/494/529
f 4403/498/538 4381/497/539 4401/496/531
f 4379/491/540 4381/497/541 4382/499/6904
f 4379/491/543 4382/499/544 4383/500/545
f 4675/501/546 4383/500/547 4382/499/548
f 4384/502/549 4381/497/550 4403/498/551
f 4403/498/538 4531/503/552 4384/502/553
f 4384/502/554 4531/503/552 4528/504/555
f 4384/502/554 4385/505/556 4381/497/536
f 4381/497/536 4385/505/556 4382/499/557
f 4384/502/6905 4528/504/555 4385/505/558
f 4386/506/559 4675/501/560 4382/499/561
f 4385/505/562 4386/506/559 4382/499/561
f 4674/507/563 4675/501/564 4386/506/565
f 4674/507/566 4386/506/567 4666/508/568
f 4385/505/562 4528/504/569 4387/509/570
f 4387/509/571 4386/506/572 4385/505/573
f 4387/509/574 4528/504/575 5359/510/576
f 4666/508/577 4386/506/578 4388/511/579
f 4387/509/583 4388/511/581 4386/506/582
f 4387/509/583 5359/510/584 4389/512/585
f 4389/512/585 4388/511/581 4387/509/580
f 4389/512/585 5359/510/584 5948/513/586
f 4388/511/587 4390/514/588 4666/508/577
f 4391/515/589 4666/508/590 4390/514/591
f 4389/512/592 5948/513/593 4392/516/594
f 4392/516/595 5948/513/586 4393/517/596
f 4389/512/592 4394/518/597 4388/511/598
f 4390/514/599 4388/511/600 4394/518/601
f 4392/516/595 4394/518/597 4389/512/592
f 4392/516/603 4393/517/604 4419/519/605
f 4419/519/606 4393/517/604 5983/520/607
f 4419/519/605 4420/521/608 4392/516/609
f 4392/516/6906 4420/521/611 4394/518/612
f 4395/522/613 4394/518/612 4420/521/608
f 4390/514/588 4394/518/614 4395/522/615
f 4391/515/616 4390/514/617 4396/523/618
f 4396/523/618 4390/514/617 4395/522/619
f 4391/515/589 4396/523/620 4422/524/621
f 4422/524/622 4396/523/623 4395/522/624
f 4398/493/625 4661/492/525 4397/491/626
f 4399/494/627 4398/493/625 4397/491/628
f 4400/495/629 4398/493/630 4399/494/631
f 4400/495/632 4399/494/627 4401/496/633
f 4401/496/634 4399/494/627 4402/497/635
f 4399/494/636 4397/491/637 4402/497/638
f 4401/496/634 4402/497/639 4403/498/640
f 4404/499/641 4402/497/642 4397/491/643
f 4665/500/644 4404/499/641 4397/491/628
f 4404/499/645 4665/500/646 4405/501/647
f 4403/498/648 4402/497/635 4406/502/649
f 4403/498/650 4406/502/651 4531/503/652
f 4531/503/653 4406/502/654 5974/504/662
f 4406/502/656 4402/497/638 4407/505/657
f 4407/505/658 4402/497/659 4404/499/660
f 4407/505/661 5974/504/662 4406/502/7312
f 4404/499/664 4405/501/665 4408/506/666
f 4404/499/664 4408/506/667 4407/505/668
f 4408/506/669 4405/501/670 4409/507/671
f 4410/508/672 4408/506/673 4409/507/674
f 4407/505/675 4411/509/676 5974/504/677
f 4407/505/668 4408/506/666 4411/509/678
f 5974/504/679 4411/509/676 5975/510/680
f 4412/511/681 4408/506/682 4410/508/683
f 4408/506/684 4412/511/685 4411/509/686
f 4411/509/687 4413/512/688 5975/510/689
f 4411/509/687 4412/511/685 4413/512/688
f 5975/510/689 4413/512/688 5387/513/691
f 4410/508/692 4414/514/693 4412/511/694
f 4414/514/695 4410/508/696 4415/515/697
f 4413/512/698 4416/516/699 5387/513/691
f 5387/513/691 4416/516/700 4417/517/701
f 4412/511/702 4418/518/703 4413/512/704
f 4418/518/705 4412/511/702 4414/514/706
f 4413/512/704 4418/518/707 4416/516/700
f 4416/516/708 4419/519/709 4417/517/710
f 4417/517/711 4419/519/709 5983/520/712
f 4416/516/708 4420/521/716 4419/519/714
f 4418/518/715 4420/521/713 4416/516/708
f 4420/521/716 4418/518/717 4395/522/718
f 4395/522/719 4418/518/720 4414/514/721
f 4421/523/722 4414/514/723 4415/515/724
f 4395/522/725 4414/514/723 4421/523/722
f 4422/524/726 4421/523/727 4415/515/728
f 4395/522/718 4421/523/729 4422/524/730
f 4442/525/731 4436/526/732 4435/527/733
f 4423/528/734 4436/526/732 4442/525/735
f 4443/529/736 4423/528/737 4442/525/735
f 4436/526/732 4423/528/734 4424/530/738
f 4425/531/739 4423/528/737 4443/529/736
f 4424/530/6907 4423/528/741 4426/532/742
f 4425/531/743 4426/532/744 4423/528/745
f 4425/531/739 4443/529/736 4427/533/746
f 4427/533/747 4443/529/748 4444/534/749
f 4446/535/750 4427/533/746 4444/534/751
f 4426/532/752 4428/536/753 4424/530/754
f 4424/530/755 4428/536/756 4440/537/7313
f 4429/538/771 4426/532/759 4425/531/760
f 4426/532/761 4429/538/762 4428/536/763
f 4425/531/760 4427/533/746 4429/538/764
f 4428/536/756 4429/538/762 4437/539/765
f 4429/538/766 4430/540/767 4437/539/768
f 4427/533/6909 4430/540/770 4429/538/771
f 4431/541/772 4427/533/6910 4446/535/774
f 4427/533/775 4431/541/776 4430/540/777
f 4430/540/778 4431/541/779 4432/542/780
f 4446/535/781 4433/543/782 4431/541/783
f 4431/541/783 4439/544/784 4432/542/785
f 4431/541/779 4433/543/782 4434/545/786
f 4434/545/787 4439/544/788 4431/541/789
f 4435/546/790 4434/545/787 4433/543/791
f 4434/545/786 4440/547/792 4439/544/793
f 4436/548/794 4434/545/795 4435/546/796
f 4424/549/797 4440/547/798 4434/545/799
f 4424/549/797 4434/545/800 4436/548/801
f 4441/550/802 4440/537/803 4464/551/804
f 4464/551/805 4440/537/7314 4428/536/807
f 4437/539/808 4464/551/805 4428/536/807
f 4456/552/809 4464/551/805 4437/539/811
f 4437/539/812 4438/553/813 4456/552/814
f 4430/540/815 4438/553/813 4437/539/812
f 4430/540/816 4451/554/817 4438/553/818
f 4432/542/819 4451/554/820 4430/540/821
f 4432/542/819 4448/555/822 4451/554/817
f 4439/544/823 4448/555/824 4432/542/819
f 4439/544/823 4440/547/826 4448/555/824
f 4448/555/824 4440/547/7315 4441/556/828
f 5702/557/829 4435/527/830 5703/558/831
f 4442/525/832 4435/527/833 5702/557/829
f 5704/559/6912 4442/525/835 5702/557/836
f 4443/529/837 4442/525/835 5704/559/838
f 5704/559/839 5705/560/840 4443/529/841
f 4443/529/841 5705/560/842 4444/534/7316
f 4445/561/844 4444/534/843 5705/560/845
f 4446/535/846 4444/534/847 4445/561/844
f 4445/561/6913 4447/562/849 4446/535/850
f 4446/535/851 4447/562/852 4433/543/853
f 5703/563/854 4433/543/855 4447/562/856
f 4435/546/857 4433/543/858 5703/563/854
f 4467/564/859 4448/555/860 4441/556/861
f 4449/565/862 4448/555/7317 4467/564/859
f 4466/566/864 4449/565/865 4467/564/866
f 4449/565/867 4450/567/868 4448/555/869
f 4448/555/870 4450/567/868 4451/554/871
f 4451/554/872 4450/567/6916 4438/553/874
f 4452/568/881 4449/565/876 4466/566/864
f 4452/568/877 4450/567/878 4449/565/867
f 4466/566/879 4453/569/880 4452/568/881
f 4452/568/875 4453/569/882 4583/570/883
f 4583/570/884 4454/571/885 4452/568/886
f 4454/571/885 4450/567/887 4452/568/888
f 4582/572/7318 4454/571/890 4583/570/884
f 4454/571/891 4582/572/892 4560/573/6915
f 4438/553/894 4450/567/873 4455/574/895
f 4454/571/891 4455/574/895 4450/567/873
f 4438/553/6917 4455/574/897 4456/552/6918
f 4560/573/899 4457/575/900 4454/571/901
f 4457/575/902 4455/574/903 4454/571/904
f 4457/575/900 4560/573/905 4490/576/906
f 4458/577/907 4457/575/908 4490/576/909
f 4457/575/900 4458/577/910 4459/578/911
f 4460/579/912 4459/578/911 4458/577/913
f 4457/575/908 4461/580/914 4455/574/915
f 4459/578/911 4461/580/914 4457/575/916
f 4456/552/898 4455/574/897 4462/581/917
f 4462/581/7319 4455/574/919 4461/580/920
f 4463/582/921 4456/552/898 4462/581/917
f 4462/581/917 4461/580/922 4463/582/923
f 4464/551/924 4456/552/898 4463/582/925
f 4459/578/911 4460/579/926 4465/583/927
f 4460/579/928 4484/584/929 4465/583/930
f 4484/584/931 4453/585/932 4465/583/933
f 4465/583/934 4453/585/935 4466/586/936
f 4466/586/936 4467/587/937 4465/583/934
f 4463/582/938 4467/587/939 4464/551/924
f 4464/551/924 4467/587/940 4441/550/941
f 4463/582/942 4461/580/6919 4468/588/944
f 4459/578/945 4468/588/946 4461/580/943
f 4465/583/927 4468/588/947 4459/578/911
f 4463/582/942 4468/588/947 4467/587/940
f 4465/583/930 4467/587/948 4468/588/949
f 4572/589/950 4517/590/951 4469/591/952
f 4469/591/952 4517/590/953 4470/592/6920
f 4469/591/952 4470/592/954 5948/593/955
f 5948/593/956 4470/592/957 4393/594/958
f 4393/594/959 4470/592/960 5983/595/7320
f 5983/595/962 4470/592/963 4471/596/964
f 4470/592/963 4517/590/965 4471/596/966
f 4471/596/967 4517/590/965 4472/597/968
f 4474/591/969 4473/590/970 4536/589/971
f 4475/592/972 4473/590/970 4474/591/973
f 4474/591/973 5387/593/974 4475/592/975
f 4475/592/976 4472/597/977 4473/590/978
f 4475/592/972 5387/593/979 4417/594/980
f 4471/596/981 4472/597/982 4475/592/983
f 4417/594/984 5983/595/985 4475/592/986
f 4475/592/6921 5983/595/985 4471/596/6922
f 4477/598/988 4572/589/989 4476/599/990
f 4476/599/991 4519/600/992 4477/598/993
f 4478/601/994 4519/600/995 4476/599/996
f 4479/602/997 4519/600/998 4478/601/994
f 4479/602/999 4520/603/1000 4519/600/1001
f 4479/602/7321 4478/601/1003 4480/604/1004
f 4481/605/1005 4480/604/1006 4478/601/1007
f 4479/602/1008 4482/606/1009 4520/603/1010
f 4479/602/1011 4480/604/1012 4482/606/1013
f 4520/603/1014 4482/606/1015 5069/607/1016
f 5069/607/1017 4482/606/1018 4483/608/1019
f 4480/604/1020 4481/605/1021 4484/609/1022
f 4481/605/1023 4453/610/1024 4484/609/1025
f 4480/604/1026 4484/609/1027 4460/611/1028
f 4482/606/1029 4480/604/1030 4485/612/1031
f 4485/612/1032 4480/604/1033 4460/611/1034
f 4485/612/1035 4483/608/1036 4482/606/1037
f 4460/611/1038 4486/613/1039 4485/612/1040
f 4486/613/1041 4483/608/1042 4485/612/1043
f 4458/614/1044 4486/613/1045 4460/611/1046
f 4487/615/1047 4483/608/1048 4486/613/1049
f 4458/614/1050 4487/615/1051 4486/613/1052
f 4487/615/1053 4488/616/1054 4483/608/1055
f 4483/608/1056 4488/616/1057 4524/617/1058
f 4488/616/1057 4500/618/1059 4524/617/1058
f 4498/619/1060 4500/618/1061 4488/616/1062
f 4489/620/1063 4487/615/1064 4458/614/1065
f 4458/614/1050 4490/621/1066 4489/620/1067
f 4491/622/1068 4487/615/1051 4489/620/1063
f 4491/622/1068 4488/616/1054 4487/615/1069
f 4556/623/1070 4488/616/1062 4491/622/1068
f 4488/616/1071 4492/624/1072 4498/619/1073
f 4488/616/1062 4556/623/1074 4492/624/1075
f 4498/619/1076 4492/624/1077 4495/625/1078
f 4492/624/1079 4556/623/1080 4493/626/1081
f 4493/626/6924 4495/625/1083 4492/624/1079
f 4493/626/1084 4556/623/1085 4494/627/1086
f 4589/628/1092 4495/625/6925 4493/626/1089
f 4496/626/1090 4495/625/1091 4589/628/1092
f 4497/624/1093 4495/625/1094 4496/626/1090
f 4495/625/1095 4497/624/1096 4498/619/1076
f 4498/619/1097 4497/624/1096 4499/616/1098
f 4499/616/1099 4500/618/1100 4498/619/1097
f 4501/617/1101 4500/618/1102 4499/616/1103
f 4501/617/1101 4499/616/1103 4502/608/1104
f 4496/626/1105 4503/623/1106 4497/624/1107
f 4497/624/1108 4503/623/1109 4499/616/1110
f 4504/627/1111 4503/623/1112 4496/626/1113
f 4505/622/1114 4499/616/1115 4503/623/1116
f 4506/615/1117 4499/616/1118 4505/622/1119
f 4502/608/1120 4499/616/1115 4506/615/1121
f 4507/620/1122 4506/615/1123 4505/622/1119
f 4508/614/1124 4506/615/1121 4507/620/1125
f 4507/620/1126 4569/621/1127 4508/614/1128
f 4509/613/1129 4506/615/1130 4508/614/1131
f 4509/613/1132 4502/608/1133 4506/615/1134
f 4761/611/1135 4509/613/1129 4508/614/1136
f 4510/612/1137 4502/608/1138 4509/613/1139
f 4510/612/6929 4509/613/1141 4761/611/1142
f 4511/606/1143 4502/608/1138 4510/612/1137
f 4502/608/1144 4511/606/1145 5071/607/1146
f 4511/606/1147 4512/603/1148 5071/607/1149
f 4761/611/1150 4513/604/1151 4510/612/1152
f 4510/612/1153 4513/604/1154 4511/606/1155
f 4761/611/1135 4766/609/1157 4513/604/1158
f 4514/629/1159 4512/603/1160 4511/606/1161
f 4511/606/1155 4513/604/1162 4514/629/1163
f 4521/600/1164 4512/603/1165 4514/629/1166
f 4766/609/1167 4541/605/1168 4513/604/1169
f 4766/609/1170 4515/610/6930 4541/605/1172
f 4540/601/1173 4513/604/1169 4541/605/1174
f 4513/604/1175 4540/601/1176 4514/629/1177
f 4540/601/1178 4521/600/1179 4514/629/1180
f 4537/599/1181 4521/600/1182 4540/601/1178
f 4523/598/1183 4521/600/1182 4537/599/1181
f 4537/599/1181 4536/589/1184 4523/598/1183
f 4517/590/1185 4516/630/1186 4472/597/1187
f 4518/631/1188 4516/630/1186 4517/590/1185
f 4518/631/1189 4517/590/1190 4572/589/1191
f 4518/631/1192 4572/589/1193 4477/598/1194
f 4518/631/1195 4477/598/1196 4519/600/1197
f 4518/631/1195 4519/600/1198 4516/630/1199
f 4516/630/1186 4519/600/1200 4520/603/1201
f 4516/630/1202 4520/603/1203 5070/632/1204
f 5070/632/1204 4512/603/1205 4516/630/1206
f 4512/603/1207 4521/600/1208 4516/630/1202
f 4516/630/1209 4521/600/1208 4522/631/1210
f 4521/600/1208 4523/598/6931 4522/631/1210
f 4523/598/1212 4536/589/1213 4522/631/1214
f 4536/589/1215 4473/590/1216 4522/631/1210
f 4473/590/1217 4516/630/1202 4522/631/7322
f 4472/597/1219 4516/630/1220 4473/590/1221
f 4483/608/1222 4524/617/1223 5069/607/1224
f 4500/618/1225 5069/607/1224 4524/617/1223
f 4525/633/1225 5069/607/1226 4500/618/1225
f 4500/618/1225 5071/607/1227 4525/633/1225
f 4501/617/1228 5071/607/1227 4500/618/1225
f 5071/607/1227 4501/617/1228 4502/608/1229
f 5948/634/1230 5359/635/1231 4469/636/1232
f 4469/636/1233 5359/635/1231 4526/637/1234
f 4469/636/1235 4526/637/1236 4572/638/1237
f 4572/638/1237 4526/637/1236 4527/639/1238
f 5359/635/1239 4528/640/1240 4526/637/1241
f 4526/637/1242 4529/641/1243 4527/639/1244
f 4526/637/1242 4528/640/6932 4529/641/1243
f 4527/639/1244 4529/641/1243 4585/642/1245
f 4529/641/1246 4528/640/1247 4530/643/1248
f 4530/643/1249 4585/642/1250 4529/641/1251
f 4530/643/1249 4528/640/1247 4531/644/1252
f 4532/645/1253 4585/642/1250 4530/643/1254
f 4588/646/1255 4585/642/1256 4532/645/1253
f 4532/645/1257 4771/642/1258 4773/646/1259
f 4530/643/1260 4771/642/1261 4532/645/1262
f 4533/641/1263 4771/642/1261 4530/643/1260
f 4533/641/1264 4534/639/1265 4771/642/1266
f 4533/641/1267 4530/643/1268 5974/640/1269
f 5974/640/1269 4530/643/1268 4531/644/1270
f 4535/637/1271 4534/639/1272 4533/641/1273
f 5974/640/1274 4535/637/1275 4533/641/1264
f 4535/637/1276 4536/638/1277 4534/639/1278
f 5975/635/6934 4535/637/1271 5974/640/1280
f 4474/636/1281 4536/638/1277 4535/637/1282
f 4535/637/1276 5975/635/1283 4474/636/1281
f 4474/636/1281 5975/635/1284 5387/634/1285
f 4536/638/1286 4537/647/1287 4770/648/1288
f 4770/648/1289 4537/647/1290 4538/649/1291
f 4538/649/1291 4537/647/1290 4539/650/1292
f 4539/650/1293 4537/647/1294 4540/651/1295
f 4540/651/1295 4541/652/1296 4539/650/1297
f 4538/649/1298 4542/653/1299 4770/648/1300
f 4770/648/1301 4542/653/1302 4543/654/1303
f 4542/653/6935 4772/655/1305 4543/654/1306
f 4544/656/1307 4538/649/1308 4539/650/1309
f 4542/653/1302 4538/649/1310 4544/656/1311
f 4545/657/1312 4772/655/1305 4542/653/1304
f 4545/657/1313 4542/653/1314 4544/656/1315
f 4772/655/1316 4545/657/1317 4546/658/1318
f 4545/657/6936 4544/656/6937 4546/658/1321
f 4546/658/1322 4544/656/1307 4547/659/1323
f 4539/650/1324 4548/660/1325 4544/656/1326
f 4539/650/1327 4541/652/1328 4548/660/1329
f 4548/660/1325 4549/661/1330 4544/656/1331
f 4548/660/1332 4550/662/1333 4549/661/1334
f 4551/663/7323 4550/662/1336 4548/660/1329
f 4541/652/1337 4551/663/1338 4548/660/1339
f 4515/664/1340 4551/663/1341 4541/652/1328
f 4562/665/1342 4552/666/1343 4564/667/1344
f 4553/668/1345 4552/666/1346 4562/665/1347
f 4553/668/1348 4562/665/1347 4590/669/1349
f 4590/669/1350 4562/665/1351 4591/670/1352
f 4554/671/1353 4553/668/1348 4590/669/1354
f 4555/672/1355 4553/668/1348 4554/671/1356
f 4494/673/1357 4555/672/1358 4554/671/1359
f 4556/674/1360 4555/672/1361 4494/673/1362
f 4556/674/1363 4491/675/1364 4555/672/1355
f 4555/672/1355 4557/676/1365 4553/668/1366
f 4555/672/1355 4491/675/1367 4557/676/1368
f 4553/668/1369 4557/676/1370 4552/666/1346
f 4489/677/1371 4557/676/1372 4491/675/1373
f 4558/678/1374 4552/666/1375 4557/676/1376
f 4557/676/1377 4489/677/1378 4558/678/7324
f 4490/679/1380 4558/678/1381 4489/677/1378
f 4552/666/1375 4558/678/1374 4559/680/1382
f 4558/678/1383 4490/679/1384 4560/681/1385
f 4560/681/1386 4559/680/1387 4558/678/1388
f 4560/681/1389 4561/682/1390 4559/680/1387
f 4561/682/1390 4560/681/6940 4582/683/1391
f 4564/667/1392 4563/666/1393 4562/665/1394
f 4562/665/1347 4563/666/1395 4565/668/1396
f 4594/669/1397 4562/665/1342 4565/668/1398
f 4591/670/1399 4562/665/1400 4594/669/1401
f 4594/669/1402 4565/668/1403 4593/671/1404
f 4593/671/1405 4565/668/1406 4566/672/1407
f 4593/671/1408 4566/672/1409 4504/673/1410
f 4504/673/1411 4566/672/1412 4503/674/1413
f 4566/672/1414 4505/675/1415 4503/674/1413
f 4565/668/1416 4567/676/1417 4566/672/1418
f 4567/676/1419 4505/675/1420 4566/672/1421
f 4563/666/1395 4567/676/1417 4565/668/1398
f 4505/675/1422 4567/676/1423 4507/677/1424
f 4567/676/1419 4563/666/1393 4568/678/6941
f 4568/678/1427 4507/677/1428 4567/676/1429
f 4507/677/1424 4568/678/1430 4569/679/1431
f 4570/680/1432 4568/678/1433 4563/666/1434
f 4757/681/1435 4569/679/1436 4568/678/1426
f 4568/678/1437 4570/680/7325 4757/681/1439
f 4570/680/1438 4571/682/1440 4757/681/1439
f 4550/683/1441 4757/681/1442 4571/682/1443
f 4584/648/1444 4476/647/1445 4572/638/1446
f 4573/649/1447 4476/647/1448 4584/648/1449
f 4584/648/1450 4574/653/1451 4573/649/1452
f 4586/654/1453 4574/653/1454 4584/648/1455
f 4586/654/1456 4587/655/1457 4574/653/1458
f 4575/650/1459 4476/647/1445 4573/649/1460
f 4478/651/1461 4476/647/1445 4575/650/1462
f 4575/650/1459 4481/652/1463 4478/651/1464
f 4576/656/1465 4573/649/1466 4574/653/1467
f 4575/650/1468 4573/649/1452 4576/656/1465
f 4574/653/1469 4587/655/1470 4577/657/1471
f 4576/656/1472 4574/653/1469 4577/657/1471
f 4578/658/1473 4577/657/1474 4587/655/1475
f 4577/657/1474 4578/658/1473 4576/656/7326
f 4576/656/1472 4578/658/1477 4579/659/7327
f 4576/656/1476 4580/660/1479 4575/650/1480
f 4580/660/1481 4481/652/1482 4575/650/1483
f 4576/656/1484 4581/661/1485 4580/660/1486
f 4581/661/1487 4582/662/1488 4580/660/1489
f 4580/660/1490 4582/662/6943 4583/663/1494
f 4580/660/1493 4583/663/1497 4481/652/1495
f 4481/652/1496 4583/663/1497 4453/664/1498
f 4584/648/1499 4572/638/1500 4527/639/1501
f 4585/642/1502 4584/648/1503 4527/639/7328
f 4586/654/1505 4584/648/1503 4585/642/1506
f 4585/642/1507 4587/655/1508 4586/654/6944
f 4588/646/1510 4587/655/1511 4585/642/1512
f 4592/684/1513 4589/685/1514 4493/686/1515
f 4494/687/1516 4592/684/1513 4493/686/1515
f 4554/688/1517 4592/684/1513 4494/687/1518
f 4590/689/1519 4592/684/1520 4554/688/1517
f 4591/690/1521 4592/684/1513 4590/689/1522
f 4496/686/1523 4589/685/1514 4592/684/1513
f 4496/686/1523 4592/684/1513 4504/687/1524
f 4504/687/1524 4592/684/1513 4593/688/1525
f 4593/688/1525 4592/684/1526 4594/689/1527
f 4594/689/1527 4592/684/1513 4591/690/1521
f 4677/691/1528 4595/692/1529 4669/693/1530
f 4596/694/1531 4595/692/1532 4677/691/1533
f 4597/695/1534 4596/694/1535 4677/691/1536
f 4597/695/1537 4598/696/1538 4596/694/1539
f 4599/697/1540 4595/692/1541 4596/694/1542
f 4616/698/1543 4595/692/1544 4599/697/1545
f 4600/699/1546 4616/698/1543 4599/697/1547
f 4596/694/1548 4598/696/1549 4601/700/1550
f 4602/701/1551 4601/700/1552 4598/696/1553
f 4599/697/1547 4596/694/1554 4603/702/7329
f 4603/702/1556 4596/694/1557 4601/700/1558
f 4599/697/1547 4603/702/1555 4600/699/1559
f 4602/701/1560 4604/703/1561 4601/700/1558
f 4601/700/1558 4604/703/1562 4603/702/1555
f 4602/701/1563 4605/704/1564 4604/703/1561
f 4605/704/1565 4606/705/1566 4604/703/1567
f 4607/706/1568 4606/705/1566 4605/704/1565
f 4606/705/1569 4607/706/1570 4672/707/1571
f 4603/702/1572 4604/703/1573 4608/708/1574
f 4604/703/1573 4606/705/1566 4608/708/1575
f 4606/705/1576 4672/707/1577 4609/709/1578
f 4609/709/1579 4672/707/1580 4610/710/7330
f 4611/711/1582 4609/709/1583 4610/710/1584
f 4600/699/7331 4603/702/1586 4612/712/1587
f 4603/702/1572 4608/708/1574 4612/712/1588
f 4608/708/1575 4606/705/1566 4613/713/1589
f 4606/705/7332 4609/709/1578 4613/713/1590
f 4614/714/1591 4609/709/1578 4611/711/1592
f 4669/715/1593 4614/714/1594 4611/711/1595
f 4595/716/6946 4614/714/1597 4669/715/1598
f 4614/714/1591 4615/717/1599 4609/709/1578
f 4609/709/1578 4615/717/1600 4613/713/1601
f 4614/714/1594 4595/716/1596 4634/718/1602
f 4634/718/1603 4615/717/1604 4614/714/1594
f 4634/718/1602 4595/716/1596 4616/719/1605
f 4608/708/1574 4613/713/1606 4617/720/1607
f 4612/712/1588 4608/708/1608 4617/720/1609
f 4634/718/1610 4618/721/1611 4615/717/1604
f 4633/722/1612 4618/721/1613 4634/718/1614
f 4615/717/1600 4619/723/1615 4613/713/1601
f 4617/720/1616 4613/713/1617 4619/723/1618
f 4615/717/1619 4618/721/1613 4620/724/1620
f 4620/724/7333 4619/723/1618 4615/717/1604
f 4633/722/1622 5626/725/1623 4618/721/1624
f 4618/721/1613 5626/725/1625 4620/724/1626
f 5626/725/1627 4633/722/1612 5624/726/1628
f 4620/724/1626 5626/725/1625 5628/727/1629
f 5629/728/1630 4620/724/1631 5628/727/1632
f 4619/723/1618 4620/724/1633 5629/728/1634
f 4621/729/1635 4619/723/1636 5629/728/1637
f 4619/723/1638 4621/729/1635 4617/720/7334
f 5631/730/1640 4617/720/1639 4621/729/1641
f 5631/730/1642 4612/712/1588 4617/720/1609
f 4622/731/1643 4612/712/1588 5631/730/1642
f 4622/731/1645 5631/730/1640 4623/732/1646
f 4622/731/1647 4623/732/1648 4624/733/1649
f 4623/732/1650 5630/734/1651 4624/733/1652
f 4622/731/1653 4600/699/1559 4612/712/1654
f 5633/735/1655 4622/731/1656 4624/733/1657
f 5633/735/1658 4600/699/1659 4622/731/1653
f 4624/733/1652 5630/734/6948 4625/736/1662
f 5630/734/1663 4626/737/1664 4625/736/1665
f 4627/738/1666 4625/736/1667 4626/737/1668
f 4628/739/1669 4627/738/1670 4626/737/1671
f 4628/739/1672 5627/740/1673 4627/738/1666
f 4625/736/1662 4629/741/1674 4624/733/1660
f 4627/738/1666 4629/741/1675 4625/736/1667
f 4627/738/1666 5627/740/1673 4630/742/1676
f 5625/743/1677 4630/742/1678 5627/740/1679
f 4629/741/1675 4627/738/1666 4631/744/1680
f 4627/738/1666 4630/742/1681 4631/744/1680
f 5633/735/1658 5634/745/1682 4600/699/1559
f 4600/699/1546 5634/745/1683 4632/746/6949
f 4632/746/1684 4616/698/1685 4600/699/1659
f 5634/745/1686 4633/747/1687 4632/746/1688
f 4632/746/1688 4633/747/1689 4616/698/7335
f 5624/748/1691 4633/747/1687 5634/745/1692
f 4616/698/1693 4633/747/1687 4634/749/1694
f 4635/750/1695 5633/735/1696 4624/733/1697
f 5632/751/1698 5633/735/1658 4635/750/1699
f 5632/751/1700 4635/750/1701 4636/752/1702
f 4636/752/1703 4635/750/1704 4637/753/1707
f 4635/750/1704 4638/754/1706 4637/753/1707
f 4635/750/1708 4624/733/1697 4638/754/1709
f 4637/753/1707 4638/754/1710 4639/755/1711
f 4638/754/1710 4624/733/1697 4640/756/1712
f 4624/733/1713 4629/741/1675 4640/756/1714
f 4641/757/1715 4639/755/1716 4638/754/1706
f 4640/756/1717 4641/757/1718 4638/754/1710
f 4639/755/1719 4641/757/1720 4656/758/1721
f 4629/741/1722 4642/759/1723 4640/756/1714
f 4642/759/1724 4641/757/1720 4640/756/1725
f 4643/760/1726 4656/758/1721 4641/757/1720
f 4644/761/1727 4656/758/1728 4643/760/1729
f 4645/762/1730 4642/759/1731 4629/741/1732
f 4629/741/1675 4631/744/1680 4645/762/1733
f 4646/763/1734 4641/757/1735 4642/759/1736
f 4643/760/1726 4641/757/1720 4646/763/1737
f 4642/759/1723 4645/762/1730 4646/763/1738
f 4647/764/1739 4644/761/1740 4643/760/6951
f 4648/765/1742 4644/761/1727 4647/764/1743
f 4647/764/1744 4643/760/1741 5636/766/1745
f 5636/766/1746 4643/760/1726 4646/763/1738
f 4646/763/1734 4649/767/7336 5636/766/1748
f 4646/763/1738 4645/762/1730 4649/767/1749
f 5636/766/1748 4649/767/1750 4650/768/1751
f 4645/762/1752 4651/769/1753 4649/767/1754
f 4645/762/1752 4631/744/1755 4651/769/1756
f 4649/767/1757 4652/770/1758 4650/768/1759
f 4649/767/1760 4651/769/6952 4652/770/1761
f 4650/768/1762 4652/770/1763 5635/771/1764
f 4631/744/1765 4653/772/1766 4651/769/1767
f 4651/769/1768 4653/772/1769 4652/770/1770
f 4652/770/1771 4654/773/1772 5635/771/1773
f 4652/770/1770 4653/772/1774 4654/773/1775
f 5635/771/1776 4654/773/1772 4655/774/1777
f 4654/773/1778 4648/775/1779 4655/774/1780
f 4644/776/1781 4648/775/1782 4654/773/1783
f 4654/773/1784 4653/772/6953 4644/776/1781
f 4644/776/1781 4653/772/1786 4656/777/1787
f 4657/778/1788 4653/772/1769 4631/744/1789
f 4657/778/1790 4656/777/1791 4653/772/1792
f 4631/744/1680 4630/742/1793 4657/778/1788
f 4658/779/1794 4656/777/7337 4657/778/1788
f 4630/742/1793 4658/779/1794 4657/778/1788
f 4639/780/1796 4656/777/1797 4658/779/1794
f 4659/781/1798 4658/779/1794 4630/742/1793
f 4659/781/1798 4639/780/1799 4658/779/1794
f 4659/781/1800 4630/742/1793 5625/743/1801
f 4637/782/1802 4639/780/1803 4659/781/1800
f 5625/743/1677 4637/782/1804 4659/781/1805
f 5625/743/1806 4636/783/1807 4637/782/1804
f 4661/784/1808 4660/785/1809 4668/786/1810
f 4662/787/1811 4660/785/1812 4661/784/6955
f 4661/784/1813 4676/788/1814 4662/787/1815
f 4379/789/1816 4676/788/1814 4661/784/1817
f 4379/789/7338 4383/790/1819 4676/788/1820
f 4668/786/1821 4663/785/1822 4661/784/1823
f 4661/784/1808 4663/785/1824 4664/787/1825
f 4664/787/1825 4845/788/1826 4661/784/1827
f 4661/784/1828 4845/788/1826 4397/789/1829
f 4845/788/1830 4665/790/1831 4397/789/1832
f 4660/791/1833 4670/792/1834 4668/793/1835
f 4668/793/1836 4670/792/1837 4422/794/1838
f 4670/792/1839 4671/795/1840 4422/794/1841
f 4422/794/1842 4671/795/1843 4391/796/1844
f 4673/797/1845 4391/796/1846 4671/795/1847
f 4673/797/1848 4666/798/1849 4391/796/1846
f 4668/793/1850 4667/792/1851 4663/791/1852
f 4422/794/1853 4667/792/1854 4668/793/1855
f 4422/794/1856 4841/795/1857 4667/792/1858
f 4415/796/1859 4841/795/1860 4422/794/1841
f 4841/795/1861 4415/796/1862 4842/797/1863
f 4415/796/1862 4410/798/1864 4842/797/1863
f 4669/715/6958 4611/711/1866 4660/791/1867
f 4660/791/1868 4611/711/1869 4670/792/1870
f 4611/711/1871 4610/710/1872 4670/792/1873
f 4670/792/1874 4610/710/1872 4671/795/1875
f 4672/707/1876 4671/795/1877 4610/710/1878
f 4673/797/1879 4671/795/1880 4672/707/1881
f 4672/707/1882 4666/798/1883 4673/797/1884
f 4607/706/1885 4666/798/1886 4672/707/1887
f 4607/706/1888 4605/704/1889 4666/798/1890
f 4666/798/1890 4605/704/1891 4674/799/6961
f 4605/704/1893 4675/800/1894 4674/799/1895
f 4602/701/1896 4675/800/1894 4605/704/1897
f 4602/701/1898 4383/790/1899 4675/800/7339
f 4598/696/1901 4383/790/1899 4602/701/1898
f 4597/695/1902 4383/790/1903 4598/696/1904
f 4676/788/1905 4383/790/1906 4597/695/1907
f 4676/788/1908 4597/695/1909 4662/787/1910
f 4662/787/1911 4597/695/1912 4677/691/1913
f 4677/691/1914 4669/693/1915 4662/787/1916
f 4662/787/1916 4669/693/1917 4660/785/1918
f 4679/801/1919 4678/802/1920 4683/803/1921
f 4683/803/1921 4678/802/1922 4680/804/1923
f 4683/803/1924 4680/804/1925 4684/805/1926
f 4684/805/1926 4680/804/1925 4681/806/1927
f 4679/801/1928 4682/807/1929 4678/802/1930
f 4678/802/1930 4682/807/1929 4685/808/1931
f 4679/801/1932 4683/803/1933 4682/809/1934
f 4682/809/1935 4683/803/1936 4684/810/1937
f 4678/802/1938 4685/811/1939 4680/804/1940
f 4680/804/1941 4685/811/1942 4681/812/1943
f 4690/813/1944 4687/814/1945 4691/815/1946
f 4691/815/1946 4687/814/1945 4688/816/1947
f 4688/816/1948 4687/814/1949 4686/817/1950
f 4686/817/1950 4687/814/1949 4689/818/1951
f 4691/815/1952 4692/819/1953 4690/813/1954
f 4690/813/1954 4692/819/1953 4693/820/1955
f 4688/816/1956 4686/821/1957 4691/815/1958
f 4691/815/1959 4686/821/1957 4692/822/1960
f 4687/814/1961 4690/813/1962 4689/823/1964
f 4689/823/1964 4690/813/1965 4693/824/1966
f 4696/825/1967 4695/826/1968 4694/827/1969
f 4694/827/1970 4695/826/1968 4697/828/1971
f 4697/828/1972 4695/826/1973 4698/829/1974
f 4698/829/1974 4699/830/1975 4697/828/1976
f 4698/829/1977 4695/826/1973 4700/831/1978
f 4699/830/1975 4698/829/1977 4701/832/1979
f 4700/831/1980 4702/833/1981 4698/829/1982
f 4701/832/1979 4698/829/1974 4702/833/1983
f 4703/834/1984 4702/833/1981 4700/831/1985
f 4704/835/7340 4701/832/1987 4702/833/1988
f 4703/834/1989 4705/836/1990 4702/833/1991
f 4702/833/1991 4705/836/1990 4704/835/1992
f 4705/836/1993 4706/837/1994 4704/835/1995
f 4707/838/7341 4706/837/1994 4705/836/1993
f 4709/839/1997 4708/840/1998 5868/841/1999
f 4710/842/2000 4708/840/2001 4709/839/2002
f 4710/842/2000 5867/843/2003 4708/840/2001
f 4711/844/2004 5867/843/2003 4710/842/2000
f 4711/844/2004 4712/845/6965 5867/843/2003
f 4713/846/2006 4712/845/2007 4711/844/2004
f 4713/846/2008 4719/847/2009 4712/845/2010
f 4714/848/6966 4719/847/6966 4713/846/2008
f 5875/849/2011 4718/850/2012 4715/851/2013
f 4715/851/2013 4718/850/2012 5871/852/2014
f 4715/851/2013 5871/852/2014 4716/853/2015
f 4716/853/2016 5871/852/2017 4717/854/2018
f 4709/855/2019 5868/856/2020 5874/857/2021
f 5874/857/2021 5868/856/2022 5869/858/2023
f 5874/857/2021 5869/858/6971 5875/859/2025
f 5875/859/2026 5869/858/2027 4718/860/2028
f 4714/861/2029 4720/862/2030 4719/863/2031
f 5878/864/2032 4720/862/2030 4714/861/2029
f 5878/864/2033 4717/865/2034 4720/862/6973
f 4716/866/2036 4717/865/2037 5878/864/2038
f 4736/527/2039 4722/526/2040 4721/525/2041
f 4721/525/2042 4722/526/2043 4723/528/2044
f 4721/525/2045 4723/528/2046 4724/529/2047
f 4737/530/2048 4723/528/2049 4722/526/2050
f 4724/529/2051 4723/528/2046 4725/531/2052
f 4726/532/2053 4723/528/2044 4737/530/7342
f 4723/528/2055 4726/532/2056 4725/531/2057
f 4727/533/2058 4724/529/2059 4725/531/2060
f 4728/534/2061 4724/529/2047 4727/533/2058
f 4728/534/2062 4727/533/2063 4749/535/2064
f 4737/530/2048 4729/536/2065 4726/532/2066
f 4744/537/2067 4729/536/2068 4737/530/2069
f 4725/531/2070 4726/532/2071 4730/538/2072
f 4729/536/2073 4730/538/2074 4726/532/2075
f 4730/538/2076 4727/533/2077 4725/531/2078
f 4731/539/2079 4730/538/2080 4729/536/2081
f 4731/539/2079 4741/540/2082 4730/538/2083
f 4730/538/2083 4741/540/2084 4727/533/2058
f 4749/535/2085 4727/533/2063 4732/541/2086
f 4741/540/2087 4732/541/2086 4727/533/2077
f 4733/542/2088 4732/541/2086 4741/540/2089
f 4732/541/2090 4751/543/2091 4749/535/2064
f 4733/542/2092 4734/544/2093 4732/541/2094
f 4735/545/2095 4751/543/6977 4732/541/2097
f 4732/541/2086 4734/544/2093 4735/545/2098
f 4751/543/2096 4735/545/2099 4736/546/2100
f 4734/544/2101 4744/547/2102 4735/545/7343
f 4736/546/2104 4735/545/2095 4722/548/2105
f 4735/545/2106 4744/547/2107 4737/549/2108
f 4722/548/2109 4735/545/2110 4737/549/2111
f 4738/551/2112 4744/537/2113 4745/550/2114
f 4729/536/2115 4744/537/2116 4738/551/2119
f 4729/536/6979 4738/551/6980 4731/539/6981
f 4731/539/2121 4738/551/2119 4739/552/2122
f 4739/552/2123 4740/553/2124 4731/539/2125
f 4731/539/2126 4740/553/2127 4741/540/6982
f 4740/553/2129 4742/554/2130 4741/540/2131
f 4741/540/2132 4742/554/2133 4733/542/2134
f 4742/554/2130 4743/555/2135 4733/542/2134
f 4733/542/2134 4743/555/2135 4734/544/2136
f 4743/555/7344 4744/547/2141 4734/544/2139
f 4745/556/2140 4744/547/2141 4743/555/2137
f 4752/558/2142 4736/527/2143 5686/557/2144
f 5686/557/2145 4736/527/2146 4721/525/2147
f 5686/557/2148 4721/525/2149 4746/559/2150
f 4746/559/2150 4721/525/2149 4724/529/2151
f 4724/529/2152 4747/560/2153 4746/559/2154
f 4728/534/2155 4747/560/2156 4724/529/2157
f 4747/560/2158 4728/534/2159 4748/561/2160
f 4748/561/2161 4728/534/2162 4749/535/2163
f 4749/535/7345 4750/562/2165 4748/561/2166
f 4751/543/2167 4750/562/2165 4749/535/2164
f 4750/562/2168 4751/543/2169 4752/563/2170
f 4752/563/2171 4751/543/2172 4736/546/2173
f 4745/556/2174 4743/555/2175 4768/564/2176
f 4768/564/2177 4743/555/2178 4753/565/2179
f 4768/564/2180 4753/565/2179 4767/566/2191
f 4743/555/2182 4754/567/2183 4753/565/2184
f 4742/554/2185 4754/567/2186 4743/555/2187
f 4740/553/2188 4754/567/2189 4742/554/2190
f 4767/566/2191 4753/565/2179 4755/568/2192
f 4753/565/2193 4754/567/2194 4755/568/2195
f 4755/568/2196 4515/569/6985 4767/566/2191
f 4551/570/6986 4515/569/2199 4755/568/2200
f 4755/568/2196 4756/571/2201 4551/570/2202
f 4755/568/2196 4754/567/2203 4756/571/2204
f 4551/570/2205 4756/571/2206 4550/572/2207
f 4757/573/2208 4550/572/2209 4756/571/2204
f 4758/574/2210 4754/567/2189 4740/553/2211
f 4754/567/2189 4758/574/2210 4756/571/2212
f 4739/552/2213 4758/574/2214 4740/553/2215
f 4756/571/2216 4759/575/2217 4757/573/2218
f 4756/571/2216 4758/574/2214 4759/575/2220
f 4569/576/2221 4757/573/2222 4759/575/2223
f 4569/576/2224 4759/575/2223 4508/577/2225
f 4760/578/2226 4508/577/2225 4759/575/2227
f 4508/577/2228 4760/578/2229 4761/579/2230
f 4758/574/2231 4762/580/2232 4759/575/2233
f 4759/575/2233 4762/580/2232 4760/578/2234
f 4763/581/2235 4758/574/2214 4739/552/2236
f 4762/580/2237 4758/574/2238 4763/581/2239
f 4763/581/2240 4739/552/2241 4764/582/2242
f 4764/582/2243 4762/580/2244 4763/581/2240
f 4764/582/2242 4739/552/2241 4738/551/2245
f 4765/583/2246 4761/579/2247 4760/578/2248
f 4765/583/2249 4766/584/2250 4761/579/2247
f 4765/583/2251 4515/585/2252 4766/584/2253
f 4767/586/2254 4515/585/2255 4765/583/2256
f 4765/583/2256 4768/587/2257 4767/586/2254
f 4738/551/2258 4768/587/2259 4764/582/2260
f 4745/550/2261 4768/587/6987 4738/551/2263
f 4769/588/2264 4762/580/2265 4764/582/2266
f 4762/580/2265 4769/588/2267 4760/578/2234
f 4760/578/2248 4769/588/2268 4765/583/2246
f 4768/587/2269 4769/588/2270 4764/582/2266
f 4769/588/2271 4768/587/2259 4765/583/2272
f 4534/639/2273 4536/638/2274 4770/648/2275
f 4534/639/2276 4770/648/6988 4771/642/6989
f 4771/642/2279 4770/648/2280 4543/654/2281
f 4543/654/6990 4772/655/2283 4771/642/6991
f 4771/642/2285 4772/655/2286 4773/646/6992
f 4847/693/2288 4774/692/2289 4846/691/2290
f 4846/691/2291 4774/692/2292 4775/694/2293
f 4846/691/2294 4775/694/2295 4776/695/2296
f 4775/694/2297 4777/696/2298 4776/695/2299
f 4775/694/2293 4774/692/2300 4778/697/2301
f 4778/697/2302 4774/692/2300 4779/698/2303
f 4778/697/2302 4779/698/2303 4780/699/2304
f 4781/700/2305 4777/696/2306 4775/694/2307
f 4777/696/7346 4781/700/2309 4844/701/2310
f 4782/702/2311 4775/694/2307 4778/697/2312
f 4781/700/2313 4775/694/2307 4782/702/2311
f 4780/699/2314 4782/702/2315 4778/697/2312
f 4781/700/2316 4783/703/2317 4844/701/2318
f 4782/702/2315 4783/703/6993 4781/700/2313
f 4783/703/2317 4843/704/2320 4844/701/2321
f 4783/703/2322 4784/705/2323 4843/704/2324
f 4843/704/2324 4784/705/2323 4785/706/2325
f 4786/707/2326 4785/706/2327 4784/705/2328
f 4787/708/2329 4783/703/2330 4782/702/2331
f 4787/708/2332 4784/705/2323 4783/703/2333
f 4788/709/2334 4786/707/2335 4784/705/2336
f 4789/710/2337 4786/707/2338 4788/709/2339
f 4789/710/2340 4788/709/2341 4790/711/2342
f 4791/712/2343 4782/702/2311 4780/699/2344
f 4791/712/2345 4787/708/2346 4782/702/2331
f 4792/713/2347 4784/705/2323 4787/708/2332
f 4792/713/2348 4788/709/2334 4784/705/2336
f 4790/711/2349 4788/709/2334 4793/714/2350
f 4790/711/2351 4793/714/2350 4847/715/2352
f 4847/715/2353 4793/714/2354 4774/716/2355
f 4788/709/2334 4794/717/2356 4793/714/2350
f 4792/713/2357 4794/717/2358 4788/709/2334
f 4795/718/2359 4774/716/2360 4793/714/2361
f 4793/714/2362 4794/717/2363 4795/718/2364
f 4779/719/2365 4774/716/2360 4795/718/2366
f 4796/720/2367 4792/713/2348 4787/708/2329
f 4796/720/2368 4787/708/2369 4791/712/2370
f 4794/717/2371 4797/721/2372 4795/718/2373
f 4795/718/2359 4797/721/2374 4798/722/2375
f 4792/713/2376 4799/723/2377 4794/717/2358
f 4799/723/2378 4792/713/2376 4796/720/2379
f 4797/721/2380 4800/725/2381 4798/722/2375
f 5667/726/2382 4798/722/2383 4800/725/2384
f 4801/724/2385 4797/721/2386 4794/717/2387
f 4801/724/2388 4800/725/2389 4797/721/2390
f 4794/717/2363 4799/723/2378 4801/724/2391
f 4802/727/2392 4800/725/2389 4801/724/2393
f 4802/727/2394 4801/724/2395 5662/728/2396
f 5662/728/2397 4801/724/2385 4799/723/2398
f 5662/728/2399 4799/723/2400 4803/729/2401
f 4796/720/2379 4803/729/2402 4799/723/2377
f 4803/729/7347 4796/720/2404 4804/730/2405
f 4796/720/2368 4791/712/2370 4804/730/2406
f 4804/730/2407 4791/712/2408 4805/731/2409
f 5666/732/2410 4804/730/2406 4805/731/2411
f 4806/733/2412 5666/732/2413 4805/731/2414
f 4806/733/2415 5665/734/2416 5666/732/2417
f 4780/699/2304 4805/731/2418 4791/712/2419
f 4807/736/2420 5665/734/2421 4806/733/2422
f 4807/736/2423 5664/737/2424 5665/734/2425
f 5664/737/2424 4807/736/2420 4808/738/2426
f 5664/737/2427 4808/738/2428 5663/739/2429
f 4808/738/2426 4809/740/2430 5663/739/2431
f 4810/735/2432 4805/731/2418 4780/699/2304
f 4806/733/2433 4805/731/2434 4810/735/6996
f 4806/733/2436 4811/741/2437 4807/736/2438
f 4807/736/2439 4811/741/2440 4808/738/2426
f 4812/742/2441 4809/740/2442 4808/738/2443
f 4809/740/2444 4812/742/2445 4813/743/2446
f 4814/744/2447 4808/738/2448 4811/741/2440
f 4814/744/2447 4812/742/2449 4808/738/2426
f 4780/699/2450 4815/745/2451 4810/735/2432
f 4816/746/2452 4815/745/2453 4780/699/2304
f 4780/699/6997 4779/698/2303 4816/746/2452
f 4798/747/2454 4815/745/2455 4816/746/2456
f 4779/698/2457 4798/747/2454 4816/746/2458
f 5667/748/2459 4815/745/2460 4798/747/2454
f 4795/749/2461 4798/747/2462 4779/698/2463
f 4806/733/2412 4810/735/2432 4817/750/2464
f 4817/750/2465 4810/735/2432 4818/751/2466
f 4819/752/2467 4817/750/2468 4818/751/2469
f 4840/753/2470 4817/750/7348 4819/752/2472
f 4840/753/2470 4820/754/2473 4817/750/2468
f 4820/754/2474 4806/733/2475 4817/750/2476
f 4821/755/2477 4820/754/2478 4840/753/2479
f 4822/756/2480 4806/733/2481 4820/754/2482
f 4822/756/2483 4811/741/2440 4806/733/2484
f 4820/754/2485 4821/755/2486 4823/757/2487
f 4820/754/2482 4823/757/7349 4822/756/2489
f 4824/758/2490 4823/757/2487 4821/755/2491
f 4822/756/2492 4825/759/2493 4811/741/2440
f 4822/756/2494 4823/757/2487 4825/759/2495
f 4823/757/2487 4824/758/2496 4826/760/2497
f 4826/760/2498 4824/758/2499 4836/761/2500
f 4811/741/2501 4825/759/2493 4827/762/2502
f 4827/762/2503 4814/744/2504 4811/741/2440
f 4825/759/2505 4823/757/2487 4828/763/2506
f 4828/763/2506 4823/757/2487 4826/760/2497
f 4828/763/2507 4827/762/2508 4825/759/2493
f 4826/760/2509 4836/761/2500 5673/764/2510
f 5673/764/2510 4836/761/2500 4829/765/2511
f 5671/766/2512 4826/760/2509 5673/764/2513
f 4828/763/2507 4826/760/2514 5671/766/2515
f 5671/766/2515 4830/767/2516 4828/763/2506
f 4830/767/2517 4827/762/2502 4828/763/2518
f 5672/768/2519 4830/767/7350 5671/766/2515
f 4830/767/2520 4831/769/2521 4827/762/2522
f 4831/769/2523 4814/744/2524 4827/762/2525
f 5672/768/2526 4832/770/7351 4830/767/2528
f 4832/770/2529 4831/769/2530 4830/767/2531
f 4833/771/2532 4832/770/2533 5672/768/2534
f 4831/769/2535 4834/772/2536 4814/744/2537
f 4832/770/2538 4834/772/2536 4831/769/2539
f 4833/771/2540 4835/773/2541 4832/770/2542
f 4835/773/2543 4834/772/2544 4832/770/2538
f 5669/774/2545 4835/773/2543 4833/771/2540
f 5669/774/2546 4829/775/2547 4835/773/2548
f 4835/773/2549 4829/775/2550 4836/776/2551
f 4836/776/2551 4834/772/2552 4835/773/2549
f 4824/777/2553 4834/772/2554 4836/776/2551
f 4814/744/2447 4834/772/2555 4837/778/2556
f 4834/772/2536 4824/777/7001 4837/778/2557
f 4837/778/2556 4812/742/2558 4814/744/2447
f 4837/778/2556 4824/777/2559 4838/779/2560
f 4837/778/2556 4838/779/2561 4812/742/2558
f 4838/779/2561 4824/777/2496 4821/780/2562
f 4812/742/2558 4838/779/2561 4839/781/2563
f 4838/779/2561 4821/780/2564 4839/781/2565
f 4813/743/2566 4812/742/2558 4839/781/2563
f 4839/781/2563 4821/780/2567 4840/782/2568
f 4839/781/2569 4840/782/2568 4813/743/2570
f 4840/782/7352 4819/783/2571 4813/743/2572
f 4663/791/2573 4790/711/2574 4847/715/2575
f 4667/792/2576 4790/711/2574 4663/791/2573
f 4667/792/2577 4789/710/2578 4790/711/2579
f 4841/795/2580 4789/710/2581 4667/792/2582
f 4789/710/2583 4841/795/2584 4786/707/7353
f 4786/707/2586 4841/795/2587 4842/797/2588
f 4842/797/7004 4410/798/2590 4786/707/2591
f 4786/707/2592 4410/798/2590 4785/706/2593
f 4410/798/2594 4843/704/2595 4785/706/2596
f 4409/799/7005 4843/704/2598 4410/798/2594
f 4409/799/7354 4405/800/7355 4843/704/2601
f 4843/704/2602 4405/800/2603 4844/701/2604
f 4405/800/2605 4665/790/7007 4844/701/2607
f 4844/701/2607 4665/790/2606 4777/696/2608
f 4777/696/2609 4665/790/2610 4776/695/2611
f 4776/695/2612 4665/790/2613 4845/788/2614
f 4664/787/2615 4776/695/2616 4845/788/2617
f 4846/691/2618 4776/695/2611 4664/787/2615
f 4664/787/2619 4847/693/2620 4846/691/2621
f 4663/785/2622 4847/693/2623 4664/787/2624
f 4849/804/2625 4855/802/2626 4854/803/2627
f 4854/803/2627 4855/802/2626 4852/801/2628
f 4850/806/2629 4849/804/2630 4848/805/2631
f 4848/805/2631 4849/804/2630 4854/803/2632
f 4851/808/2633 4853/807/2634 4855/802/2635
f 4855/802/2635 4853/807/7009 4852/801/2637
f 4848/810/2638 4854/803/2639 4853/809/2640
f 4853/809/2641 4854/803/2642 4852/801/2643
f 4850/812/2644 4851/811/2645 4849/804/2646
f 4849/804/2646 4851/811/2645 4855/802/2647
f 4861/816/2648 4857/814/2649 4860/815/2650
f 4860/815/2650 4857/814/2649 4863/813/2651
f 4862/818/2652 4857/814/2653 4856/817/2654
f 4856/817/2655 4857/814/2656 4861/816/2657
f 4859/820/2658 4858/819/2659 4863/813/2660
f 4863/813/2661 4858/819/2659 4860/815/2662
f 4858/822/2663 4856/821/2664 4860/815/2665
f 4860/815/2666 4856/821/2667 4861/816/2668
f 4859/824/2669 4863/813/2670 4862/823/2671
f 4862/823/2672 4863/813/2670 4857/814/7356
f 4866/827/2674 4865/826/2675 4864/825/2676
f 4867/828/2677 4865/826/2678 4866/827/2679
f 4868/829/2680 4865/826/2681 4867/828/2682
f 4867/828/2683 4869/830/2684 4868/829/2680
f 4870/831/2685 4865/826/2681 4868/829/2686
f 4871/832/2687 4868/829/2688 4869/830/2684
f 4868/829/2680 4872/833/2689 4870/831/2690
f 4872/833/2691 4868/829/2680 4871/832/2687
f 4870/831/2692 4872/833/2689 4873/834/2693
f 4872/833/2694 4871/832/2695 4874/835/2696
f 4873/834/2697 4872/833/2694 4875/836/2698
f 4875/836/2698 4872/833/2694 4874/835/2700
f 4874/835/2701 4876/837/2702 4875/836/2703
f 4875/836/2703 4876/837/2702 4877/838/2704
f 4885/841/2705 5896/840/2706 4884/839/2707
f 4884/839/2708 5896/840/2709 4878/842/2710
f 5896/840/2711 4879/843/2712 4878/842/2713
f 4878/842/2714 4879/843/2715 4880/844/2716
f 4879/843/2717 4881/845/2718 4880/844/2716
f 4880/844/2716 4881/845/2718 5907/846/2720
f 4881/845/2719 4882/847/2721 5907/846/2722
f 5907/846/2722 4882/847/2723 5908/848/2724
f 5905/851/7012 5897/850/2726 5903/849/2727
f 5899/852/2728 5897/850/2729 5905/851/2731
f 4888/853/2730 5899/852/2728 5905/851/2725
f 4883/854/2732 5899/852/2733 4888/853/2730
f 4886/857/2734 4885/856/2735 4884/855/2736
f 4887/858/7357 4885/856/2738 4886/857/2734
f 5903/859/2739 4887/858/2740 4886/857/2741
f 5897/860/2742 4887/858/2743 5903/859/2744
f 4882/863/2745 5901/862/2746 5908/861/2747
f 5908/861/2747 5901/862/2746 5909/864/2748
f 5901/862/2749 4883/865/2750 5909/864/2748
f 5909/864/7358 4883/865/2752 4888/866/2753
f 4889/867/2754 4904/868/2755 4933/869/2756
f 4890/870/2757 4904/868/2758 4889/867/2759
f 4890/870/2760 4891/871/2761 4904/868/2758
f 4889/867/2762 4892/872/2763 4890/870/2764
f 4893/873/2765 4892/872/2766 4889/867/2767
f 4891/871/2761 4890/870/2768 4894/874/2769
f 4894/874/2770 4895/875/2771 4891/871/2761
f 4892/872/2766 4896/876/2772 4890/870/2760
f 4890/870/2760 4896/876/2772 4894/874/2773
f 4893/873/2774 4897/877/2775 4892/872/2763
f 4898/878/2776 4897/877/2777 4893/873/7015
f 4898/878/2778 4899/879/2779 4897/877/2780
f 4900/880/2781 4899/879/2782 4898/878/2783
f 4900/880/2784 4901/881/2785 4899/879/2786
f 4900/880/2787 4902/882/2788 4901/881/2789
f 4901/881/7016 4902/882/2791 4903/883/2792
f 4933/884/7359 4903/883/2792 4902/882/7360
f 4904/885/2795 4903/883/2796 4933/884/2797
f 4903/883/2798 4904/885/2795 4891/886/2799
f 4905/887/2800 4895/875/2801 4894/874/2802
f 4894/874/2803 4906/888/2804 4905/887/2805
f 4896/876/2806 4906/888/7018 4894/874/2803
f 4907/889/2808 4895/875/2809 4905/887/2810
f 4906/888/2811 4907/889/2812 4905/887/2813
f 4932/890/2814 4895/875/2815 4907/889/2812
f 4908/891/2817 4907/889/2818 4906/888/2819
f 4906/888/2820 4896/876/2821 4908/891/2822
f 4907/889/2812 4909/892/2823 4932/890/2824
f 4908/891/2825 4909/892/2826 4907/889/2818
f 4932/890/2827 4909/892/2823 4910/893/2828
f 4923/894/2829 4910/893/2830 4909/892/2831
f 4923/894/7361 4909/892/2833 4908/891/2834
f 4911/895/2835 4910/893/2836 4923/894/2837
f 4912/896/2838 4923/894/2839 4908/891/2840
f 4916/897/2841 4923/894/2842 4912/896/2843
f 4913/898/2844 4908/891/2834 4896/876/2845
f 4908/891/2846 4913/898/2844 4912/896/2847
f 4896/876/2806 4914/899/2848 4913/898/2849
f 4914/899/2850 4896/876/2851 4892/872/2766
f 4913/898/2852 4915/900/2853 4912/896/2854
f 4915/900/2855 4913/898/2856 4914/899/2857
f 4912/896/2858 4915/900/2853 4916/901/2859
f 4914/899/2860 4892/872/2861 4917/902/2873
f 4917/902/2863 4915/900/2855 4914/899/2864
f 4917/902/2862 4892/872/2865 4897/877/2866
f 4918/903/2867 4916/901/2868 4915/900/2869
f 4918/903/2870 4915/900/2871 4917/902/2872
f 4917/902/2873 4897/877/2874 4919/904/2875
f 4919/904/2875 4897/877/2876 4899/879/2877
f 4917/902/2863 4920/905/2878 4918/903/2879
f 4919/904/2875 4920/905/2878 4917/902/2881
f 4919/904/2875 4899/879/2882 4921/906/2883
f 4920/905/2880 4919/904/2884 4921/906/2885
f 4921/906/2886 4899/879/2786 4901/881/2789
f 4922/907/2887 4916/901/2888 4918/903/7021
f 4920/905/2889 4922/907/2890 4918/903/2891
f 4911/908/2892 4916/901/2841 4922/907/2893
f 4923/909/2894 4916/901/2841 4911/908/2896
f 4924/910/2897 4922/907/7362 4920/905/7023
f 4924/910/2899 4911/908/2892 4922/907/2900
f 4921/906/7022 4924/910/2897 4920/905/7023
f 4911/908/2902 4924/910/2903 4925/911/2904
f 4925/911/2905 4924/910/2906 4926/912/2907
f 4927/913/2908 4921/906/2909 4901/881/2910
f 4903/883/2911 4927/913/2908 4901/881/2790
f 4924/910/2897 4921/906/2912 4928/914/2913
f 4928/914/2914 4926/912/2915 4924/910/2916
f 4927/913/2917 4928/914/2918 4921/906/2919
f 4927/913/2920 4926/912/2921 4928/914/2922
f 4926/912/2923 4927/913/2908 4925/915/2924
f 4929/916/2925 4927/913/2908 4903/883/2926
f 4925/915/2924 4927/913/2927 4929/916/2928
f 4903/883/2798 4930/917/2929 4929/916/2930
f 4930/917/2931 4925/915/2932 4929/916/2933
f 4930/917/2934 4903/883/2911 4891/886/2936
f 4925/915/2937 4930/917/2938 4931/918/2939
f 4891/886/2940 4931/918/2941 4930/917/2942
f 4925/915/2904 4931/918/2943 4911/919/2902
f 4931/918/2939 4891/886/7363 4895/920/2945
f 4911/919/2896 4931/918/2946 4910/921/2830
f 4932/922/2947 4931/918/2943 4895/920/2801
f 4910/921/2948 4931/918/2946 4932/922/2947
f 4939/923/2950 4889/924/2951 4933/925/2952
f 4934/926/2953 4889/924/2954 4939/923/2955
f 4934/926/2956 4893/927/2957 4889/924/2951
f 4935/928/2958 4893/927/2959 4934/926/2960
f 4935/928/2961 4898/929/2962 4893/927/2963
f 4936/930/2964 4898/929/2965 4935/928/2966
f 4936/930/2967 4900/931/2968 4898/929/2969
f 4937/932/2970 4900/931/2971 4936/930/2972
f 4937/932/2973 4902/933/2974 4900/931/2975
f 4938/934/2976 4902/933/2977 4937/932/2978
f 4938/934/2979 4933/935/2980 4902/933/7364
f 4939/936/2982 4933/935/2983 4938/934/2984
f 6006/937/2985 4940/938/2986 4947/939/2987
f 4941/940/2988 4940/938/7365 6006/937/2985
f 6004/941/2990 4941/940/2991 6006/937/2992
f 6008/942/2993 4941/940/2991 6004/941/2990
f 4942/943/2994 6008/942/2995 6004/941/2996
f 4943/944/2997 6008/942/2995 4942/943/2994
f 4943/944/2998 4942/943/2999 4944/945/3000
f 4944/945/3000 4942/943/2999 6007/946/3002
f 6007/946/3003 4945/947/3004 4944/945/3000
f 4944/945/3000 4945/947/3004 4946/948/3005
f 4947/949/3006 4946/948/3005 4945/947/3007
f 4940/950/3008 4946/948/3005 4947/949/3006
f 4950/951/7366 4949/952/7367 4948/953/3011
f 4949/952/3012 4950/951/3013 4951/954/3014
f 4952/955/3015 4951/954/3016 4950/951/3017
f 4951/954/3014 4953/956/3029 4949/952/3010
f 4951/954/3016 4952/955/3021 4954/957/3022
f 5061/958/3023 4954/957/3024 4952/955/7368
f 4954/957/3026 5061/958/3027 5050/959/3028
f 4953/956/3019 4951/954/3030 4955/960/3031
f 4955/960/3031 5048/961/3032 4953/956/3033
f 5050/959/3038 4956/962/3035 4954/957/3036
f 4956/962/3037 5050/959/3038 4957/963/3039
f 4957/963/3039 4958/964/3040 4956/962/3037
f 4954/957/3041 4959/965/3042 4951/954/7369
f 4951/954/3030 4959/965/3044 4955/960/3045
f 4956/962/3046 4959/965/3044 4954/957/3047
f 4960/966/3048 4956/962/3049 4958/964/3053
f 5042/967/3051 4960/966/3052 4958/964/3053
f 4961/968/3055 4959/965/3044 4956/962/7370
f 4961/968/3055 4955/960/3056 4959/965/3044
f 4956/962/3057 4960/966/3058 4961/968/3054
f 4961/968/3054 4962/969/3059 4955/960/3056
f 5048/961/7371 4955/960/3045 4962/969/3062
f 4962/969/7372 4961/968/3054 4960/966/3065
f 4960/966/3065 5042/967/3066 4963/970/3067
f 5066/971/3068 4963/970/3069 5042/967/3066
f 4964/972/3070 5048/961/3071 4962/969/3063
f 5048/961/3071 4964/972/7373 4965/973/3073
f 4966/974/3074 4965/973/3073 4964/972/7036
f 4965/973/3075 4966/974/3076 4967/975/3077
f 4966/974/3078 5060/976/3079 4967/975/3077
f 4968/977/3080 4962/969/3081 4960/966/3082
f 4963/970/7037 4968/977/3084 4960/966/3085
f 4963/970/3086 5066/971/3087 4969/978/3088
f 4970/971/3089 4969/978/3088 5066/971/3087
f 4971/978/3090 4969/978/3091 4970/971/3092
f 4962/969/3062 4972/979/3093 4964/972/3094
f 4972/979/3093 4962/969/3063 4968/977/3095
f 4973/980/3096 4972/979/3097 4968/977/3080
f 4974/981/3098 4973/980/7374 4968/977/3080
f 4968/977/3080 4963/970/3100 4975/982/3101
f 4963/970/3069 4969/978/3102 4975/982/3103
f 4974/981/3104 4968/977/3105 4975/982/3101
f 4971/978/7375 4976/983/3107 4969/978/3108
f 4969/978/3109 4976/983/3110 4975/982/3111
f 4977/983/3112 4976/983/3107 4971/978/3113
f 4972/979/3093 4978/984/3114 4964/972/3115
f 4964/972/3116 4978/984/3117 4966/974/3118
f 4972/979/3093 4979/985/3306 4978/984/3117
f 4972/979/3093 4973/980/3120 4979/985/3119
f 4974/981/3121 4975/982/3122 4980/986/3123
f 4976/983/3124 4980/986/3125 4975/982/3126
f 4977/983/3127 4981/987/3128 4976/983/3129
f 4982/987/3130 4981/987/3131 4977/983/3132
f 4980/986/3123 4976/983/7376 4983/988/7377
f 4983/988/3135 4976/983/3136 4981/987/3137
f 4982/987/3130 4984/989/3138 4981/987/7038
f 5068/989/3139 4984/989/3138 4982/987/3130
f 5033/990/3140 4981/987/3141 4984/989/3142
f 4981/987/3143 5033/990/3144 4985/991/3145
f 4985/991/3146 4983/988/7378 4981/987/3148
f 4986/992/3149 4985/991/3146 5033/990/3150
f 4985/991/3146 4986/992/3151 4987/993/3152
f 5030/994/3153 4987/993/3152 4986/992/3154
f 4988/995/3155 4974/981/3156 4980/986/3157
f 4988/995/3158 4980/986/3123 4983/988/3159
f 4989/996/3160 4983/988/3135 4985/991/3161
f 4987/993/3152 4989/996/3160 4985/991/3161
f 4983/988/3162 4990/997/3163 4988/995/3158
f 4983/988/3135 4989/996/3164 4990/997/3163
f 4987/993/3165 5030/994/3166 4991/998/3171
f 4987/993/3152 4992/999/3168 4989/996/3169
f 4992/999/3170 4987/993/3165 4991/998/3171
f 5030/994/7040 4993/1000/3173 4991/998/3171
f 4993/1000/3174 5030/994/3153 4994/1001/3175
f 4995/1002/3178 4993/1000/3173 4994/1001/7041
f 4993/1000/3174 4995/1002/3178 4996/1003/3179
f 4996/1003/3180 4991/998/3181 4993/1000/3182
f 4991/998/3183 4996/1003/3184 4992/999/3185
f 5027/1004/3186 4992/999/3187 4996/1003/3188
f 4992/999/3189 5027/1004/3186 5029/1005/3190
f 4997/1006/3191 4992/999/3192 5029/1005/7042
f 4992/999/3192 4997/1006/7043 4989/996/7044
f 4997/1006/3196 5036/1007/3197 4989/996/3160
f 4990/997/3198 4989/996/3164 5036/1007/3199
f 5043/1008/3200 4990/997/3201 5036/1007/3202
f 4990/997/3203 5043/1008/3204 4998/1009/3205
f 5043/1008/3204 4999/1010/3206 4998/1009/3205
f 4999/1010/3206 5043/1008/3207 5000/1011/3208
f 5001/1012/3209 4990/997/3163 4998/1009/3210
f 4990/997/3163 5001/1012/3209 4988/995/3158
f 5000/1011/3208 5002/1013/7045 4999/1010/3206
f 5002/1013/3212 5003/1014/3213 4999/1010/3214
f 5002/1013/7045 5000/1011/3208 5063/1015/3215
f 5003/1014/7047 5002/1013/3212 5062/1016/3217
f 5064/1017/3218 5003/1014/7049 5062/1016/3220
f 5003/1014/3221 5064/1017/3218 5004/1018/3222
f 5005/1019/3223 5003/1014/3221 5004/1018/3222
f 4999/1010/3224 5006/1020/3225 4998/1009/3205
f 5003/1014/3213 5006/1020/3226 4999/1010/3214
f 5001/1012/3209 4998/1009/3205 5006/1020/3225
f 5003/1014/3228 5005/1019/3229 5007/1021/3230
f 5007/1021/3231 5006/1020/3225 5003/1014/3221
f 5001/1012/3209 5006/1020/3225 5007/1021/3232
f 5007/1021/7051 5005/1019/3229 5046/1022/3234
f 5001/1012/7052 5008/1023/3236 4988/995/3158
f 5008/1023/3237 5001/1012/3238 5007/1021/3232
f 5008/1023/3239 5007/1021/7053 5046/1022/3240
f 4988/995/3241 5008/1023/3242 4974/981/3098
f 5008/1023/3243 5046/1022/3244 5009/1024/3245
f 5046/1022/3246 5010/1025/7054 5009/1024/3245
f 5008/1023/3239 5011/1026/3248 4974/981/3249
f 5011/1026/3250 5008/1023/3239 5009/1024/3245
f 5011/1026/3251 4973/980/3096 4974/981/3252
f 5010/1025/3253 5012/1027/3254 5009/1024/3255
f 5012/1027/7055 5010/1025/3257 5013/1028/3258
f 5014/1029/3259 5012/1027/3256 5013/1028/3260
f 5011/1026/3261 5009/1024/3262 5015/1030/7056
f 5012/1027/3264 5015/1030/3265 5009/1024/3266
f 5016/1031/3267 5015/1030/3268 5012/1027/3269
f 5011/1026/3250 5015/1030/3270 5017/1032/3271
f 4973/980/3096 5011/1026/3250 5017/1032/3272
f 5017/1032/3273 5015/1030/3274 5016/1031/3275
f 5012/1027/3264 5014/1029/3276 5018/1033/3277
f 5018/1033/3278 5016/1031/3279 5012/1027/3280
f 5014/1029/3281 5019/1034/3282 5018/1033/3283
f 5016/1031/3284 5018/1033/3285 5019/1034/3286
f 5019/1034/3282 5014/1029/3288 5020/1035/3289
f 5020/1035/3290 5016/1031/3291 5019/1034/3292
f 5016/1031/3291 5020/1035/3293 5021/1036/3294
f 5054/1037/3295 5016/1031/3291 5021/1036/3296
f 5016/1031/3297 5054/1037/3295 5017/1032/3272
f 4973/980/3298 5017/1032/3272 5054/1037/3295
f 4973/980/3299 5054/1037/3300 5022/1038/3301
f 5023/1039/3302 4973/980/3303 5022/1038/3304
f 5023/1039/3305 4979/985/3306 4973/980/3307
f 5057/1040/7060 4979/985/3306 5023/1039/3309
f 4979/985/3310 5057/1040/3311 5024/1041/3312
f 5024/1041/3313 4978/984/3117 4979/985/3314
f 5059/1042/3315 5024/1041/3316 5057/1040/3308
f 4966/974/3317 4978/984/7379 5024/1041/3319
f 5024/1041/3320 5059/1042/3321 5025/1043/3322
f 5025/1043/3323 4966/974/3317 5024/1041/3319
f 5059/1042/3324 5026/1044/3325 5025/1043/7380
f 4966/974/3326 5025/1043/3327 5026/1044/3328
f 5026/1044/3328 5059/1042/3324 5060/976/3329
f 5060/976/3330 4966/974/3331 5026/1044/3328
f 4995/1045/3332 5027/1046/3333 4996/1047/3184
f 5027/1046/3334 4995/1045/3332 5028/1048/3335
f 4995/1045/7062 4994/1049/3337 5028/1048/3344
f 5028/1048/3335 5029/1050/3190 5027/1046/3340
f 5030/1051/3153 5028/1048/3342 4994/1049/3175
f 5029/1050/3343 5028/1048/3344 5031/1052/3345
f 5028/1048/3344 5030/1051/3153 5031/1052/3347
f 4986/1053/3149 5031/1052/7064 5030/1051/3153
f 5031/1052/7065 4997/1054/3196 5029/1050/3350
f 5031/1052/3347 4986/1053/3149 5032/1055/3351
f 4997/1054/3196 5031/1052/3349 5032/1055/3352
f 5033/1056/3353 5032/1055/3352 4986/1053/3354
f 5032/1055/3355 5033/1056/3356 5034/1057/3357
f 5034/1057/3357 4997/1054/3358 5032/1055/7381
f 4984/1058/3359 5034/1057/3360 5033/1056/3353
f 4997/1054/3196 5034/1057/3361 5035/1059/3362
f 4997/1054/3191 5035/1059/3363 5036/1060/3364
f 5034/1057/3365 4984/1058/3372 5037/1061/3367
f 5037/1061/3368 5035/1059/7066 5034/1057/3360
f 5067/1062/3370 5037/1061/3371 4984/1058/3372
f 5038/1063/3373 5035/1059/3374 5037/1061/3375
f 5037/1061/3376 5067/1062/3377 5038/1063/3378
f 5066/1064/3379 5038/1063/3380 5067/1062/3381
f 5039/1065/7067 5035/1059/3383 5038/1063/3373
f 5038/1063/3378 5066/1064/3385 5039/1065/3386
f 5035/1059/3362 5040/1066/3387 5036/1060/3388
f 5041/1067/3389 5036/1060/3390 5040/1066/3412
f 5039/1065/3386 5066/1064/3392 5042/1068/3393
f 5036/1060/3394 5041/1067/3395 5043/1069/3396
f 4958/1070/3397 5039/1065/3398 5042/1068/3399
f 5041/1067/3400 5000/1071/3401 5043/1069/3207
f 5039/1065/3402 4958/1070/3040 5044/1072/3403
f 5039/1065/3398 5044/1072/3404 5035/1059/3405
f 4958/1070/3050 5045/1073/3406 5044/1072/3407
f 5045/1073/3406 4958/1070/3408 4957/1074/3409
f 5046/1075/3240 5040/1066/3410 5035/1059/3362
f 5046/1075/3244 5041/1067/7382 5040/1066/3412
f 5000/1071/3413 5041/1067/3400 5047/1076/3414
f 5063/1077/3415 5000/1071/3401 5047/1076/3414
f 5063/1077/7068 5047/1076/3418 5064/1078/3419
f 5064/1078/3218 5047/1076/3420 5004/1079/3222
f 5041/1067/3421 5004/1079/3222 5047/1076/3414
f 5004/1079/7383 5041/1067/3423 5005/1080/3223
f 5041/1067/7073 5046/1075/3244 5005/1080/3229
f 5045/1073/3424 5048/1081/3425 5044/1072/3403
f 5048/1081/7074 5035/1059/3427 5044/1072/3428
f 4957/1074/3039 5049/1082/3429 5045/1073/3430
f 5049/1082/3431 4957/1074/3409 5050/1083/3038
f 5050/1083/3028 5061/1084/3027 5049/1082/3432
f 5049/1082/3433 5061/1084/3434 4948/1085/3435
f 5049/1082/3436 4948/1085/3437 4949/1086/3438
f 4953/1087/3439 5049/1082/3440 4949/1086/3441
f 5049/1082/3440 4953/1087/3442 5045/1073/3443
f 5048/1081/3425 5045/1073/3424 4953/1087/7384
f 5046/1075/3234 5035/1059/3445 5051/1088/3446
f 5052/1089/3447 5046/1075/3246 5051/1088/3448
f 5046/1075/3240 5052/1089/3449 5010/1090/3450
f 5052/1089/3451 5013/1091/3260 5010/1090/3452
f 5013/1091/3258 5052/1089/3451 5053/1092/3453
f 5014/1093/3454 5013/1091/3260 5053/1092/3453
f 5053/1092/3456 5020/1094/3457 5014/1093/3458
f 5053/1092/3459 5021/1095/3460 5020/1094/3461
f 5052/1089/3462 5021/1095/3463 5053/1092/3464
f 5021/1095/3465 5052/1089/3466 5054/1096/3300
f 5051/1088/3446 5054/1096/3295 5052/1089/3467
f 5054/1096/7058 5051/1088/3469 5022/1097/3470
f 5051/1088/7076 5035/1059/3472 5022/1097/3473
f 5055/1098/3474 5035/1059/3383 5048/1081/7077
f 5035/1059/3369 5055/1098/7078 5022/1097/3301
f 5048/1081/3476 5056/1099/3477 5055/1098/3478
f 5056/1099/3479 5022/1097/3304 5055/1098/7385
f 5022/1097/3481 5056/1099/3482 5023/1100/3483
f 5056/1099/3484 5048/1081/7079 4965/1101/3075
f 5056/1099/3482 5057/1102/3486 5023/1100/3487
f 4965/1101/3073 5058/1103/3488 5056/1099/3489
f 5057/1102/3308 5056/1099/3490 5058/1103/3491
f 5058/1103/3492 4965/1101/3493 4967/1104/3494
f 5059/1105/3495 5057/1102/3308 5058/1103/3496
f 4967/1104/3497 5060/1106/3498 5058/1103/3492
f 5059/1105/3499 5058/1103/3496 5060/1106/3500
f 4952/955/7080 4948/953/3502 5061/958/3503
f 4948/953/3502 4952/955/3501 4950/951/7081
f 5063/1015/3505 5062/1016/3505 5002/1013/3505
f 5062/1016/3505 5063/1015/3505 5064/1017/3506
f 4970/1107/3507 5066/1108/3508 5065/1109/3509
f 5065/1109/3510 5066/1108/3511 5067/1110/7386
f 5065/1109/3509 5067/1110/3513 5068/1111/3514
f 5068/1111/3514 5067/1110/3513 4984/1112/3515
f 5069/1113/3516 4525/1114/3517 4520/1115/3516
f 4520/1115/3516 4525/1114/3518 5070/1116/3518
f 5070/1116/3519 4525/1114/3519 4512/1117/3519
f 4512/1117/3518 4525/1114/3518 5071/1118/3518
f 5073/1119/3528 6010/1120/3521 5072/1121/7387
f 5074/1122/3523 6010/1120/3524 5073/1119/3525
f 5086/1123/3526 5074/1122/3527 5073/1119/3528
f 6019/1124/3529 5074/1122/3523 5086/1123/3530
f 5075/1125/3531 6010/1120/3532 5074/1122/3533
f 6019/1124/3534 5075/1125/3531 5074/1122/3533
f 6012/1126/3535 6010/1120/3532 5075/1125/3536
f 5076/1127/3537 5075/1125/3531 6019/1124/3538
f 5075/1125/3531 5077/1128/3539 6012/1126/3535
f 5076/1127/3537 5077/1128/3539 5075/1125/3531
f 6012/1126/3540 5077/1128/3541 6013/1129/3542
f 5077/1128/3543 5078/1130/3544 6013/1129/3545
f 5079/1131/3546 5077/1128/3539 5076/1127/3547
f 5079/1131/3548 5078/1130/3544 5077/1128/3549
f 6013/1129/3545 5078/1130/3550 6014/1132/3551
f 5080/1133/3552 5078/1130/3553 5079/1131/3554
f 6016/1134/3555 5078/1130/3556 5080/1133/3557
f 6014/1132/3558 5078/1130/3559 6015/1135/3560
f 6016/1134/3561 5081/1136/3562 5078/1130/3563
f 6015/1135/3560 5078/1130/3563 5081/1136/3562
f 5082/1137/3564 5081/1136/3565 6016/1134/3561
f 5082/1137/3566 6018/1138/3567 5081/1136/3568
f 5081/1136/3569 6018/1138/3567 5093/1139/3570
f 5093/1139/3570 6015/1135/3571 5081/1136/3569
f 5083/1140/3572 6015/1135/3573 5093/1139/3574
f 5084/1120/3575 5073/1119/3582 5072/1121/7388
f 5085/1122/3578 5073/1119/3576 5084/1120/3575
f 5085/1122/3580 5086/1123/3581 5073/1119/3582
f 5087/1124/3583 5086/1123/3581 5085/1122/3578
f 5084/1120/3584 5088/1125/3585 5085/1122/7084
f 5088/1125/3587 5087/1124/3588 5085/1122/3586
f 5089/1126/3589 5088/1125/3590 5084/1120/3591
f 6021/1127/3592 5087/1124/7389 5088/1125/3585
f 5089/1126/3589 5090/1128/3594 5088/1125/3587
f 5090/1128/3594 6021/1127/3592 5088/1125/3587
f 5091/1129/3595 5090/1128/3596 5089/1126/3597
f 5092/1131/3598 6021/1127/3592 5090/1128/3594
f 5090/1128/3599 5091/1129/3600 5093/1130/3601
f 5093/1130/3601 5092/1131/3602 5090/1128/3603
f 5093/1130/3604 5091/1129/3605 5083/1132/3606
f 6020/1133/3607 5092/1131/3608 5093/1130/3604
f 6020/1133/3609 5093/1130/3610 6018/1134/3611
f 4582/1141/3612 5094/1142/3613 5916/1143/3614
f 5916/1143/3615 5094/1142/3616 5095/1144/3617
f 5112/1145/3618 5109/1146/3619 5096/1147/3620
f 5112/1145/3618 5110/1148/3621 5109/1146/3622
f 5110/1148/3623 5097/1149/3624 5109/1146/3625
f 5109/1146/3619 5097/1149/3626 5105/1150/3627
f 5097/1149/3628 5098/1151/3629 5105/1150/3630
f 5105/1150/7390 5098/1151/3632 5103/1152/3633
f 5098/1151/3634 5099/1153/3635 5103/1152/3636
f 5103/1152/3637 5099/1153/3638 5102/1154/3639
f 5102/1154/3640 5099/1153/3641 5113/1155/3642
f 5113/1155/3643 5099/1153/3644 5916/1143/3645
f 5095/1144/3646 5113/1155/3647 5916/1143/3648
f 5114/1156/3649 5113/1155/3650 5095/1144/3651
f 5116/1157/3652 5117/1158/3653 5100/1159/3654
f 5100/1159/3654 5117/1158/3653 5101/1160/3655
f 5117/1158/3656 5120/1161/3657 5101/1160/3658
f 5102/1154/3659 5100/1159/3660 5101/1160/3661
f 5113/1155/3662 5100/1159/3663 5102/1154/3664
f 5102/1154/3665 5101/1160/3666 5103/1152/3667
f 5103/1152/3668 5101/1160/3666 5104/1162/3669
f 5101/1160/3670 5120/1161/3657 5104/1162/3671
f 5104/1162/3669 5105/1150/3672 5103/1152/3668
f 5120/1161/3673 5106/1163/3674 5104/1162/3675
f 5106/1163/3676 5105/1150/3677 5104/1162/3678
f 5107/1164/3679 5106/1163/3674 5120/1161/3673
f 5123/1165/3680 5106/1163/3681 5107/1164/3682
f 5108/1166/3683 5106/1163/3684 5123/1165/3680
f 5108/1166/3685 5105/1150/3686 5106/1163/3687
f 5109/1146/3688 5105/1150/3689 5108/1166/3690
f 5112/1145/3691 5111/1167/3692 5110/1148/3693
f 5110/1148/3694 5111/1167/3695 4550/1168/7087
f 5114/1156/3697 5100/1159/3698 5113/1155/3699
f 5115/1169/3700 5100/1159/3701 5114/1156/3702
f 5115/1169/3703 5116/1157/3704 5100/1159/3705
f 5118/1170/3706 5116/1157/3707 5115/1169/3708
f 5118/1171/3709 5117/1158/3710 5116/1157/3711
f 5119/1172/3712 5117/1158/3710 5118/1171/3709
f 5119/1172/3712 5120/1161/3713 5117/1158/3710
f 5121/1173/3714 5120/1161/3715 5119/1172/3712
f 5121/1173/3714 5107/1164/3716 5120/1161/3715
f 5122/1174/3717 5107/1164/3718 5121/1173/3714
f 5122/1174/3717 5123/1165/3720 5107/1164/3718
f 5125/1175/3721 5123/1165/3722 5122/1174/7088
f 5096/1147/7391 5109/1146/3724 5124/1176/7392
f 5124/1176/3725 5109/1146/3726 5108/1166/3727
f 5124/1176/3728 5108/1166/3727 5125/1177/3730
f 5125/1177/3730 5108/1166/3727 5123/1165/3731
f 5128/1178/3732 5127/1179/3733 5126/1180/3734
f 5129/1181/3735 5127/1179/3736 5128/1178/3737
f 5130/1182/3738 5127/1179/3739 5129/1181/3740
f 5131/1183/3741 5127/1179/3742 5130/1182/3743
f 5132/1184/3744 5131/1183/3745 5130/1182/3746
f 5133/1185/3747 5131/1183/3748 5132/1184/3749
f 5134/1186/3750 5133/1185/7090 5132/1184/3752
f 5137/1187/3753 5136/1188/3754 5135/1189/7091
f 5135/1189/3756 5136/1188/3757 5138/1190/3758
f 5139/1191/3759 5143/1192/3760 5144/1193/3761
f 5144/1193/3762 5143/1192/3763 5142/1194/3764
f 5146/1195/3765 5139/1191/3766 5141/1196/3767
f 5141/1196/3768 5139/1191/3769 5144/1193/3770
f 5140/1197/3771 5146/1198/3772 5145/1199/3773
f 5145/1199/3774 5146/1198/3772 5141/1200/3775
f 5143/1192/3776 5140/1201/3777 5142/1194/3778
f 5142/1194/3779 5140/1201/3780 5145/1202/3781
f 5144/1193/3782 5142/1194/3783 5141/1203/3784
f 5141/1203/7393 5142/1194/3786 5145/1204/3787
f 5146/1205/3788 5140/1206/3789 5139/1191/3790
f 5139/1191/3791 5140/1206/3789 5143/1192/3792
f 5149/1180/3793 5148/1179/3794 5147/1178/3795
f 5147/1178/3795 5148/1179/3796 5150/1181/3797
f 5150/1181/3797 5148/1179/3798 5151/1182/3799
f 5151/1182/3799 5148/1179/3798 5152/1183/3800
f 5151/1182/3801 5152/1183/3802 5153/1184/3803
f 5153/1184/3804 5152/1183/3805 5154/1185/3806
f 5153/1184/3804 5154/1185/3806 5155/1186/3807
f 5158/1190/3808 5157/1188/3809 5156/1189/3810
f 5156/1189/3810 5157/1188/3811 5159/1187/3812
f 5165/1194/3813 5160/1192/3814 5161/1193/3815
f 5161/1193/3816 5160/1192/3817 5166/1191/3818
f 5161/1193/3819 5166/1191/3820 5163/1196/3821
f 5163/1196/3821 5166/1191/3822 5167/1195/3823
f 5163/1200/3824 5167/1198/3825 5162/1199/3826
f 5162/1199/3827 5167/1198/3828 5164/1197/3829
f 5162/1202/3830 5164/1201/3831 5165/1194/3832
f 5165/1194/3832 5164/1201/3831 5160/1192/3833
f 5162/1204/3834 5165/1194/3835 5163/1203/3836
f 5163/1203/3837 5165/1194/3838 5161/1193/7092
f 5160/1192/3840 5164/1206/3841 5166/1191/3842
f 5166/1191/3843 5164/1206/3844 5167/1205/3845
f 5170/1180/3846 5169/1207/3847 5168/1178/3848
f 5168/1178/3848 5169/1207/3849 5171/1208/3850
f 5171/1208/3851 5169/1207/3852 5172/1209/3853
f 5172/1209/3854 5169/1207/3852 5173/1210/3855
f 5172/1209/3856 5173/1210/3857 5174/1182/3858
f 5174/1182/3859 5173/1210/7394 5175/1183/3861
f 5174/1182/3862 5175/1183/7395 5176/1184/3864
f 5176/1184/3864 5175/1183/3865 5177/1185/3866
f 5177/1185/3867 5178/1211/3868 5176/1184/3869
f 5176/1184/3870 5178/1211/3871 5179/1212/3872
f 5178/1211/3873 5180/1186/3874 5179/1212/3875
f 5179/1212/3876 5180/1186/3877 5181/1213/3878
f 5184/1178/3879 5183/1207/3880 5182/1180/7396
f 5185/1208/7093 5183/1207/3880 5184/1178/3879
f 5183/1207/3883 5185/1208/3884 5186/1210/3885
f 5186/1210/3886 5185/1208/3887 5187/1209/3888
f 5188/1182/3889 5186/1210/3890 5187/1209/3891
f 5189/1183/3892 5186/1210/3893 5188/1182/7397
f 5190/1184/3895 5189/1183/3896 5188/1182/7398
f 5191/1185/3898 5189/1183/3892 5190/1184/3899
f 5191/1185/3900 5190/1184/3901 5192/1211/3902
f 5192/1211/3903 5190/1184/3904 5193/1212/7094
f 5192/1211/3906 5193/1212/3907 5194/1186/7095
f 5194/1186/3909 5193/1212/3910 5195/1213/3911
f 5254/1214/3912 5196/1215/3913 5251/1216/3914
f 5251/1216/3915 5197/1217/3916 5254/1214/3912
f 5198/1218/3917 5197/1217/3918 5251/1216/3919
f 5197/1217/3920 5198/1218/3917 5199/1219/3921
f 5199/1219/3922 5198/1218/3923 5200/1220/3924
f 5200/1220/3925 5249/1221/3926 5199/1219/3927
f 5199/1219/3928 5249/1221/3926 5201/1222/3929
f 5247/1223/3930 5201/1222/3931 5249/1221/3932
f 5202/1224/3933 5201/1222/3934 5247/1223/3935
f 5247/1223/3936 5256/1225/3937 5202/1224/3938
f 5260/1226/3939 5270/1227/3940 5203/1228/3941
f 5203/1228/3942 5204/1229/3943 5260/1226/7399
f 5260/1226/3944 5204/1229/3945 5205/1230/3946
f 5268/1231/3947 5205/1230/3948 5204/1229/3945
f 5206/1232/3949 5205/1230/3950 5268/1231/3951
f 5206/1232/3952 5268/1231/3951 5258/1233/3953
f 5258/1233/3954 5268/1231/3951 5266/1234/3955
f 5266/1234/3956 5257/1235/3957 5258/1233/3958
f 5265/1236/7096 5257/1235/3960 5266/1234/3956
f 5265/1236/3961 5264/1237/3962 5257/1235/3963
f 5214/1238/3964 5207/1239/3965 5216/1240/3966
f 5216/1240/3967 5207/1239/3965 5208/1241/3968
f 5208/1241/3969 5207/1242/3970 5210/1243/3971
f 5210/1243/3971 5207/1242/3970 5209/1244/3973
f 5209/1245/3974 5215/1246/3975 5210/1243/3976
f 5210/1243/3976 5215/1246/3975 5213/1247/3977
f 5212/1248/3978 5214/1249/3979 5211/1250/3980
f 5211/1250/3980 5214/1249/3979 5216/1240/3981
f 5215/1251/3982 5212/1252/3983 5213/1247/3984
f 5213/1247/3985 5212/1252/3986 5211/1250/3987
f 5214/1253/3988 5212/1254/3989 5207/1255/3990
f 5207/1255/3991 5212/1254/3992 5209/1256/3993
f 5212/1254/3989 5215/1257/3994 5209/1256/3993
f 5213/1247/3995 5211/1250/3996 5210/1243/3997
f 5211/1250/3998 5208/1241/3999 5210/1243/3997
f 5216/1240/4000 5208/1241/4001 5211/1250/4002
f 5252/1258/4003 5253/1259/4004 5217/1260/4005
f 5217/1260/4006 5218/1261/4007 5252/1258/4008
f 5252/1258/4009 5218/1261/4010 5219/1262/4011
f 5220/1263/4012 5219/1262/4011 5218/1261/4010
f 5250/1264/4013 5219/1262/4014 5220/1263/4015
f 5250/1264/4013 5220/1263/4016 5221/1265/4017
f 5221/1265/4017 5220/1263/4016 5222/1266/4018
f 5222/1266/4019 5248/1267/4020 5221/1265/4021
f 5223/1268/4022 5248/1267/4023 5222/1266/4024
f 5223/1268/4022 5255/1269/4025 5248/1267/4026
f 5269/1270/4027 5271/1271/7099 5261/1272/4029
f 5261/1272/4030 5224/1273/4031 5269/1270/4032
f 5259/1274/4033 5224/1273/4034 5261/1272/4035
f 5224/1273/4034 5259/1274/4036 5267/1275/7100
f 5267/1275/4038 5259/1274/4039 5225/1276/4040
f 5225/1276/4041 5226/1277/4042 5267/1275/4043
f 5267/1275/4043 5226/1277/4044 5227/1278/4045
f 5263/1279/4046 5227/1278/4047 5226/1277/4048
f 5228/1280/4049 5227/1278/4047 5263/1279/4050
f 5263/1279/4051 5262/1281/4052 5228/1280/4053
f 5234/1282/4054 5229/1283/4055 5235/1284/4056
f 5235/1284/4056 5229/1283/4057 5230/1285/4058
f 5236/1286/4059 5231/1287/4060 5232/1288/4061
f 5232/1288/4062 5231/1287/4063 5233/1289/4064
f 5234/1282/4065 5235/1284/4066 5233/1289/4067
f 5233/1289/4068 5235/1284/4069 5232/1288/4070
f 5234/1282/4071 5233/1289/7400 5229/1290/4073
f 5229/1290/4074 5233/1289/4075 5231/1291/4076
f 5235/1284/4077 5230/1292/4078 5232/1288/4079
f 5232/1288/4079 5230/1292/4080 5236/1293/4081
f 5239/1241/4082 5238/1239/4083 5237/1240/4087
f 5237/1240/4085 5238/1239/4086 5245/1238/4087
f 5240/1243/4088 5238/1242/4089 5239/1241/4090
f 5241/1244/4091 5238/1242/4092 5240/1243/4088
f 5244/1247/4093 5242/1246/4093 5240/1243/4094
f 5240/1243/4094 5242/1246/4095 5241/1245/4096
f 5237/1240/4097 5245/1249/4097 5243/1250/4097
f 5243/1250/4098 5245/1249/4097 5246/1248/4098
f 5243/1250/4099 5246/1252/4099 5244/1247/4099
f 5244/1247/4099 5246/1252/4099 5242/1251/4099
f 5238/1255/4100 5246/1254/4101 5245/1253/4102
f 5241/1256/4103 5246/1254/4104 5238/1255/4105
f 5241/1256/4106 5242/1257/4107 5246/1254/4108
f 5240/1243/4109 5243/1250/4110 5244/1247/4111
f 5240/1243/4112 5239/1241/4113 5243/1250/4114
f 5243/1250/4110 5239/1241/4115 5237/1240/4116
f 5248/1294/4117 5247/1294/7401 5221/1295/4119
f 5221/1295/4119 5247/1294/4120 5249/1296/4121
f 5221/1295/4119 5249/1296/4121 5250/1297/4122
f 5250/1297/4122 5249/1296/4121 5200/1297/4123
f 5250/1297/4122 5200/1297/4124 5219/1298/4125
f 5219/1298/4126 5200/1297/4124 5198/1298/4127
f 5219/1298/7102 5198/1298/7402 5252/1299/4129
f 5252/1299/7403 5198/1298/4131 5251/1300/7105
f 5252/1301/4133 5251/1302/4134 5253/1303/4135
f 5253/1303/4136 5251/1302/4137 5196/1304/4138
f 5253/1305/4139 5196/1306/4140 5217/1307/7108
f 5217/1307/4141 5196/1306/4140 5254/1308/4142
f 5217/1307/4141 5254/1308/4142 5218/1309/4143
f 5218/1309/4144 5254/1308/4145 5197/1310/4146
f 5218/1309/4147 5197/1310/4148 5220/1311/4149
f 5220/1311/4150 5197/1310/4148 5199/1312/4151
f 5220/1311/4152 5199/1312/4153 5222/1313/4154
f 5222/1313/4154 5199/1312/4155 5201/1314/4156
f 5222/1313/4157 5201/1314/4158 5223/1315/4159
f 5223/1315/4159 5201/1314/4158 5202/1316/4160
f 5223/1315/4159 5202/1316/4160 5255/1317/4161
f 5255/1317/4161 5202/1316/4160 5256/1317/4162
f 5255/1318/4163 5256/1319/7404 5248/1320/4165
f 5248/1320/4166 5256/1319/4167 5247/1321/4168
f 5263/1322/4172 5258/1323/4170 5257/1324/7405
f 5226/1325/4170 5258/1323/4170 5263/1322/4169
f 5226/1325/4170 5206/1326/4173 5258/1323/4170
f 5225/1326/4174 5206/1326/4173 5226/1325/4170
f 5225/1326/4175 5205/1327/4175 5206/1326/7406
f 5259/1328/7112 5205/1327/4177 5225/1326/4179
f 5259/1328/4178 5260/1329/4173 5205/1327/4179
f 5261/1330/4175 5260/1329/4173 5259/1328/4173
f 5263/1321/7113 5257/1320/4181 5262/1331/4182
f 5262/1331/4183 5257/1320/4184 5264/1318/4185
f 5262/1332/4186 5264/1332/4187 5228/1333/4188
f 5228/1333/4189 5264/1332/7114 5265/1334/4191
f 5228/1333/4189 5265/1334/4191 5227/1335/4192
f 5227/1335/4193 5265/1334/7115 5266/1336/4195
f 5227/1335/4196 5266/1336/4197 5267/1337/4198
f 5267/1337/4199 5266/1336/4200 5268/1338/4201
f 5267/1337/4202 5268/1338/4203 5224/1339/4204
f 5224/1339/4205 5268/1338/4203 5204/1340/4206
f 5224/1339/4207 5204/1340/4208 5269/1341/4209
f 5269/1341/4210 5204/1340/4211 5203/1342/4212
f 5269/1341/4210 5203/1342/4212 5271/1343/4213
f 5271/1343/4213 5203/1342/4212 5270/1344/4214
f 5271/1318/4215 5270/1319/4216 5261/1320/4217
f 5261/1320/7407 5270/1319/4216 5260/1321/4219
f 5279/1345/4220 5272/1346/4221 5275/1347/4222
f 5275/1347/4223 5272/1346/4224 5273/1348/4225
f 5274/1349/7118 5273/1348/4227 5278/1350/4228
f 5278/1350/7408 5273/1348/4230 5272/1346/7409
f 5276/1351/7120 5275/1347/4233 5274/1352/4234
f 5274/1352/4234 5275/1347/4233 5273/1348/7410
f 5277/1353/4238 5279/1345/4239 5276/1354/4240
f 5276/1354/4240 5279/1345/4240 5275/1347/4240
f 5278/1355/4241 5272/1346/4242 5277/1356/4243
f 5277/1356/7122 5272/1346/4245 5279/1345/4246
f 5288/1357/4247 5280/1358/4248 5286/1359/4249
f 5286/1359/4250 5280/1358/4251 5281/1360/4252
f 5286/1359/7411 5281/1360/4254 5282/1361/4255
f 5283/1362/4256 5281/1360/4252 5280/1358/4257
f 5282/1361/4258 5281/1360/4263 5294/1363/4260
f 5284/1364/4261 5281/1360/4252 5283/1362/4256
f 5284/1364/4262 5294/1363/4260 5281/1360/4263
f 5283/1362/4264 5299/1365/4265 5284/1364/4266
f 5295/1366/4267 5294/1363/4268 5284/1364/4269
f 5284/1364/4261 5299/1365/4265 5285/1367/4270
f 5295/1366/4271 5284/1364/4272 5290/1368/4273
f 5290/1368/4274 5284/1364/7123 5285/1367/4275
f 5293/1369/7412 5286/1359/4277 5282/1361/4278
f 5287/1370/4279 5286/1359/4280 5293/1369/7413
f 5287/1370/4282 5288/1357/4283 5286/1359/4284
f 5301/1371/4285 5288/1357/7414 5287/1370/4282
f 5297/1372/4286 5290/1368/4287 5289/1373/4288
f 5289/1373/4289 5290/1368/7415 5285/1367/4291
f 5289/1373/7124 5285/1367/4293 5291/1374/4294
f 5291/1374/4295 5285/1367/4293 5299/1365/4296
f 5293/1375/7126 5282/1361/7127 5292/1376/4299
f 5292/1376/4300 5282/1361/4301 5294/1363/4302
f 5294/1363/4303 5295/1366/4304 5292/1376/4300
f 5292/1376/4300 5295/1366/4304 5296/1377/4305
f 5295/1366/4304 5290/1368/4308 5296/1377/4307
f 5296/1377/4307 5290/1368/4308 5297/1378/4309
f 5291/1379/4310 5299/1365/4311 5298/1380/4312
f 5298/1380/4312 5299/1365/4311 5283/1362/4314
f 5298/1380/7416 5283/1362/4316 5300/1381/4317
f 5300/1381/4318 5283/1362/7128 5280/1358/4320
f 5300/1381/4318 5280/1358/7129 5301/1382/4321
f 5301/1382/4321 5280/1358/4320 5288/1357/4322
f 5304/1383/4323 5303/1384/4324 5302/1385/4325
f 5302/1385/4326 5303/1384/4323 5305/1386/4327
f 5302/1385/4328 5305/1386/4329 5306/1387/4330
f 5306/1387/4330 5305/1386/4329 5307/1388/4330
f 5316/1385/4331 5303/1384/4332 5304/1383/4332
f 5308/1386/4334 5303/1384/4333 5316/1385/4331
f 5317/1387/4335 5308/1386/4336 5316/1385/4337
f 5314/1388/4338 5308/1386/4336 5317/1387/4335
f 5306/1387/4339 5307/1388/4340 5309/1389/4341
f 5309/1389/4341 5307/1388/4342 5310/1390/4341
f 5309/1389/4343 5310/1390/4343 5315/1391/4344
f 5315/1391/4345 5310/1390/4346 5311/1392/4344
f 5311/1392/4347 5312/1390/4348 5315/1391/4347
f 5315/1391/4347 5312/1390/4348 5313/1389/4349
f 5312/1390/4350 5314/1388/7130 5313/1389/4352
f 5313/1389/4353 5314/1388/4354 5317/1387/4355
f 5315/1391/4356 5304/1383/4357 5302/1385/4356
f 5315/1391/4356 5302/1385/4356 5306/1387/4358
f 5315/1391/4356 5306/1387/4358 5309/1389/4359
f 5316/1385/4356 5304/1383/4360 5315/1391/4356
f 5317/1387/4356 5316/1385/4356 5315/1391/4361
f 5313/1389/7131 5317/1387/4356 5315/1391/4356
f 5323/1393/4363 5324/1394/4363 5318/1395/4363
f 5318/1395/4363 5324/1394/4363 5325/1396/4363
f 5321/1397/4364 5320/1398/4364 5319/1399/4364
f 5319/1399/4364 5320/1398/4364 5322/1400/4364
f 5320/1398/4365 5321/1397/4366 5323/1393/4365
f 5323/1393/4365 5321/1397/4366 5324/1394/4366
f 5318/1401/4367 5325/1402/4367 5322/1400/4367
f 5322/1400/4367 5325/1402/4367 5319/1399/4367
f 5332/1403/4363 5339/1404/4363 5331/1405/4363
f 5331/1405/4363 5339/1404/4363 5337/1406/4363
f 5339/1404/4363 5326/1407/4363 5337/1406/4363
f 5334/1408/4363 5326/1407/4363 5339/1404/4363
f 5335/1409/4363 5326/1407/4363 5334/1408/4363
f 5335/1410/4368 5329/1411/4323 5326/1412/4371
f 5326/1412/4370 5329/1411/4324 5338/1413/4369
f 5336/1414/4364 5327/1415/4364 5330/1416/4364
f 5333/1417/4372 5327/1415/4372 5336/1414/4372
f 5338/1413/4372 5333/1417/4372 5336/1414/4372
f 5328/1418/4372 5333/1417/4372 5338/1413/4372
f 5329/1411/4372 5328/1418/4372 5338/1413/4372
f 5327/1419/4373 5332/1420/4373 5330/1421/4374
f 5330/1421/4375 5332/1420/4373 5331/1422/4375
f 5331/1422/4378 5337/1423/4377 5330/1421/4378
f 5330/1421/4378 5337/1423/4379 5336/1424/4379
f 5327/1425/4380 5333/1426/4380 5332/1427/4380
f 5332/1427/4381 5333/1426/4382 5339/1428/4381
f 5328/1429/4383 5329/1411/4384 5334/1430/4383
f 5334/1430/4385 5329/1411/4386 5335/1410/4386
f 5337/1423/4387 5326/1412/4387 5336/1424/4387
f 5336/1424/4387 5326/1412/4387 5338/1413/4387
f 5333/1426/4388 5328/1429/4388 5339/1428/4389
f 5339/1428/4389 5328/1429/4390 5334/1430/4388
f 5340/1431/4391 5367/1432/4392 5366/1433/4393
f 5341/1434/4394 5367/1432/4392 5340/1431/4395
f 5340/1431/4396 5342/1435/4397 5341/1434/4394
f 5341/1434/4398 5343/1436/4399 5367/1432/4392
f 5367/1432/4400 5343/1436/4401 5344/1437/4402
f 5344/1437/4402 5343/1436/4399 5345/1438/4403
f 5341/1434/4398 5342/1435/4397 5346/1439/4404
f 5341/1434/4398 5346/1439/4405 5343/1436/4406
f 5342/1435/4407 5347/1440/4408 5346/1439/4409
f 5345/1438/4410 5343/1436/4411 5348/1441/4412
f 5360/1442/4413 5345/1438/4414 5348/1441/4415
f 5349/1443/4416 5360/1442/4417 5348/1441/4418
f 5349/1443/4419 5348/1441/4420 5350/1444/4421
f 5343/1436/4422 5346/1439/4423 5351/1445/4424
f 5351/1445/4424 5348/1441/4426 5343/1436/4422
f 5346/1439/4427 5347/1440/4428 5352/1446/4429
f 5352/1446/4429 5351/1445/4430 5346/1439/4427
f 5347/1440/4431 5365/1447/4432 5352/1446/4433
f 5352/1446/4434 5365/1447/4435 5364/1448/4436
f 5364/1448/4436 5353/1449/4437 5352/1446/4438
f 5350/1444/4439 5348/1441/4440 5354/1450/4441
f 5354/1450/4442 5348/1441/4443 5351/1445/4444
f 5350/1444/4421 5354/1450/4445 5355/1451/4446
f 5352/1446/4438 5353/1449/4437 5356/1452/4447
f 5356/1452/4448 5351/1445/4449 5352/1446/4450
f 5353/1449/4451 5357/1453/4452 5356/1452/4453
f 5390/1454/4454 5355/1451/4455 5357/1453/4456
f 5355/1451/4457 5354/1450/4458 5358/1455/4459
f 5354/1450/4460 5351/1445/4449 5358/1455/4461
f 5358/1455/4462 5351/1445/4449 5356/1452/4463
f 5356/1452/4453 5357/1453/4452 5358/1455/4464
f 5357/1453/4465 5355/1451/4455 5358/1455/4464
f 5360/1456/4467 5359/1457/4468 4528/1458/4469
f 5349/1459/4470 5359/1457/4471 5360/1456/4467
f 5349/1459/4472 5948/1460/4473 5359/1457/4474
f 5350/1461/4475 5948/1460/4476 5349/1459/4477
f 5350/1461/4478 4393/1462/4479 5948/1460/4480
f 5355/1463/4481 4393/1462/4479 5350/1461/4478
f 5355/1463/4482 5983/1464/4483 4393/1462/4484
f 5390/1465/4485 5983/1464/4486 5355/1463/4487
f 5390/1466/4488 5361/1467/4489 5983/1464/4490
f 5357/1468/4491 5361/1467/4489 5390/1466/4492
f 5357/1468/4491 5362/1469/4493 5361/1467/4489
f 5353/1470/4494 5362/1469/4495 5357/1468/4491
f 5353/1470/4494 5363/1471/4496 5362/1469/4495
f 5364/1472/4497 5363/1471/4498 5353/1470/4494
f 5364/1472/4497 5961/1473/4499 5363/1471/4500
f 5365/1474/4501 5961/1473/7417 5364/1472/4503
f 5366/1475/7135 5944/1476/4505 5968/1477/4506
f 5367/1478/4507 5944/1476/4508 5366/1475/7418
f 5367/1478/4507 5941/1479/4510 5944/1476/4508
f 5344/1480/4511 5941/1479/4512 5367/1478/4513
f 5344/1480/4514 5943/1481/4515 5941/1479/4512
f 5345/1482/4516 5943/1481/4517 5344/1480/7419
f 5345/1482/4519 4528/1458/4520 5943/1481/4517
f 5360/1483/4521 4528/1458/4522 5345/1482/4519
f 5365/1484/7138 5368/1485/4524 5961/1473/4525
f 5347/1486/4524 5368/1485/4524 5365/1484/4523
f 5347/1486/4524 5369/1487/4526 5368/1485/4524
f 5342/1488/4526 5369/1487/4526 5347/1486/4527
f 5342/1488/4526 5966/1489/4528 5369/1487/4526
f 5340/1490/4529 5966/1489/4530 5342/1488/4531
f 5340/1490/4529 5968/1477/4532 5966/1489/4533
f 5366/1491/4532 5968/1477/4532 5340/1490/4529
f 5372/1433/4534 5371/1432/4535 5370/1431/4536
f 5370/1431/4537 5371/1432/4538 5373/1434/4539
f 5373/1434/4540 5398/1435/4541 5370/1431/4542
f 5373/1434/4540 5371/1432/4543 5374/1436/4544
f 5374/1436/4545 5371/1432/4546 5375/1437/4547
f 5376/1438/7420 5374/1436/4544 5375/1437/4549
f 5377/1439/4550 5398/1435/4551 5373/1434/4540
f 5373/1434/4552 5374/1436/4545 5377/1439/4550
f 5377/1439/4553 5396/1440/4554 5398/1435/4555
f 5378/1441/4556 5374/1436/7139 5376/1438/4558
f 5378/1441/4559 5376/1438/4548 5385/1442/4560
f 5378/1441/4559 5385/1442/4560 5386/1443/4561
f 5388/1444/4562 5378/1441/4563 5386/1443/4564
f 5379/1446/4565 5396/1440/4554 5377/1439/4566
f 5379/1446/4567 5393/1447/4568 5396/1440/4569
f 5380/1448/4570 5393/1447/4571 5379/1446/4572
f 5379/1446/4573 5392/1449/4574 5380/1448/4575
f 5377/1439/4550 5374/1436/4576 5381/1445/4577
f 5374/1436/4578 5378/1441/4579 5381/1445/4580
f 5377/1439/4581 5381/1445/4582 5379/1446/4583
f 5382/1450/4584 5378/1441/4585 5388/1444/4586
f 5381/1445/4587 5378/1441/4579 5382/1450/4584
f 5389/1451/4588 5382/1450/4589 5388/1444/4590
f 5383/1452/4591 5392/1449/4592 5379/1446/4593
f 5379/1446/4567 5381/1445/4582 5383/1452/4594
f 5383/1452/4595 5391/1453/4596 5392/1449/4597
f 5391/1453/4598 5389/1451/7140 5390/1454/4600
f 5384/1455/4601 5382/1450/4589 5389/1451/4602
f 5384/1455/4603 5381/1445/4582 5382/1450/4604
f 5383/1452/4605 5381/1445/4582 5384/1455/4603
f 5384/1455/4606 5391/1453/4607 5383/1452/4608
f 5384/1455/4609 5389/1451/4610 5391/1453/7421
f 5974/1458/4611 5975/1457/4612 5385/1456/4613
f 5385/1456/4614 5975/1457/4615 5386/1459/4616
f 5975/1457/4617 5387/1460/7422 5386/1459/4619
f 5386/1459/4620 5387/1460/4621 5388/1461/4622
f 5387/1460/4623 4417/1462/4624 5388/1461/4625
f 5388/1461/4626 4417/1462/4627 5389/1463/4628
f 4417/1462/4629 5983/1464/4630 5389/1463/4631
f 5389/1463/4632 5983/1464/4633 5390/1465/4634
f 5983/1464/4635 5984/1467/4636 5390/1466/4637
f 5390/1466/4637 5984/1467/4636 5391/1468/4638
f 5984/1467/4636 5985/1469/4639 5391/1468/4638
f 5391/1468/4638 5985/1469/7423 5392/1470/4640
f 5985/1469/4639 5988/1471/4641 5392/1470/7144
f 5392/1470/4640 5988/1471/4641 5380/1472/4642
f 5988/1471/4643 5395/1473/4644 5380/1472/4642
f 5380/1472/4645 5395/1473/4646 5393/1474/4647
f 5400/1477/7145 5971/1476/4649 5372/1475/4650
f 5372/1475/4651 5971/1476/4652 5371/1478/4653
f 5971/1476/4654 5394/1479/4655 5371/1478/4656
f 5371/1478/4657 5394/1479/4655 5375/1480/4658
f 5394/1479/4659 5969/1481/4660 5375/1480/4661
f 5375/1480/4662 5969/1481/4663 5376/1482/4664
f 5969/1481/4663 5974/1458/4665 5376/1482/7424
f 5376/1482/4666 5974/1458/4667 5385/1483/4668
f 5395/1473/4669 5993/1485/4670 5393/1484/4669
f 5393/1484/4669 5993/1485/4670 5396/1486/4670
f 5993/1485/4670 5397/1487/4671 5396/1486/4670
f 5396/1486/4672 5397/1487/4673 5398/1488/4674
f 5397/1487/4673 5399/1489/7425 5398/1488/4674
f 5398/1488/4676 5399/1489/4677 5370/1490/4678
f 5399/1489/4677 5400/1477/4679 5370/1490/4678
f 5370/1490/4678 5400/1477/4680 5372/1491/4681
f 5415/1492/4682 5496/1493/4683 5401/1494/4684
f 5401/1494/4685 5496/1493/4686 5402/1495/4687
f 5496/1493/4688 5498/1496/4689 5402/1495/4690
f 5402/1495/4691 5498/1496/7148 5403/1497/4693
f 5498/1496/4694 5515/1498/4695 5403/1497/4696
f 5403/1497/4696 5515/1498/4697 5404/1499/4698
f 5404/1499/4699 5515/1498/4700 5412/1497/4701
f 5412/1497/4702 5515/1498/4695 5516/1496/4703
f 5412/1497/4704 5516/1496/4705 5411/1495/4706
f 5411/1495/4707 5516/1496/4708 5513/1493/4709
f 5411/1495/4710 5513/1493/4711 5405/1494/4712
f 5405/1494/4712 5513/1493/4711 5572/1492/5346
f 5406/1500/4714 5441/1501/4715 5442/1502/4716
f 5407/1503/4717 5441/1501/4715 5406/1500/7150
f 5408/1504/4719 5407/1503/4720 5406/1500/4721
f 5409/1505/4722 5407/1503/4723 5408/1504/4724
f 5407/1503/4725 5409/1505/4726 5401/1506/4727
f 5401/1506/4727 5409/1505/4728 5415/1507/4729
f 5440/1508/4730 5410/1509/4739 5447/1510/7426
f 5441/1511/4733 5410/1509/4734 5440/1508/4735
f 5407/1512/4736 5410/1509/4731 5441/1511/4737
f 5401/1513/4738 5410/1509/4739 5407/1512/4720
f 5401/1513/4740 5402/1514/4741 5410/1509/4742
f 5402/1514/4743 5403/1515/4744 5410/1509/4745
f 5403/1515/4746 5404/1516/7151 5410/1509/4748
f 5447/1510/7152 5410/1509/4739 5446/1508/4750
f 5446/1508/4751 5410/1509/4742 5445/1511/4752
f 5445/1511/4753 5410/1509/4739 5569/1512/4754
f 5569/1512/4755 5410/1509/4739 5405/1513/4756
f 5410/1509/4757 5411/1514/4758 5405/1513/4759
f 5410/1509/4745 5412/1515/4760 5411/1514/4761
f 5410/1509/4748 5404/1516/4747 5412/1515/4760
f 5408/1504/7427 5413/1517/4763 5409/1505/4764
f 5409/1505/4765 5413/1517/4763 5414/1518/4766
f 5409/1505/4767 5414/1518/7153 5415/1507/4769
f 5527/1519/4770 5414/1518/4771 5413/1517/4772
f 5415/1507/4769 5414/1518/4771 5495/1520/4773
f 5414/1518/4766 5527/1519/4770 5495/1520/4773
f 5495/1520/4774 5527/1519/7154 5416/1521/4776
f 5485/1522/4777 5495/1520/7428 5416/1521/4779
f 5417/1523/4780 5485/1522/4781 5416/1521/4782
f 5483/1524/4783 5485/1522/4784 5417/1523/4785
f 5483/1524/7155 5417/1523/4787 5418/1525/4788
f 5483/1524/4789 5418/1525/4790 5482/1526/4791
f 5416/1521/4792 5419/1527/4793 5417/1523/4798
f 5420/1528/4794 5418/1525/4788 5417/1523/4795
f 5419/1527/4796 5420/1528/4797 5417/1523/4798
f 5421/1529/4799 5419/1527/4800 5416/1521/4779
f 5421/1529/4801 5416/1521/4779 5422/1530/4802
f 5422/1530/4803 5419/1527/4804 5421/1529/4805
f 5422/1530/4806 5416/1521/4779 5527/1519/7157
f 5423/1531/4808 5422/1530/7429 5527/1519/4807
f 5423/1531/4810 5527/1519/4811 5424/1532/4812
f 5424/1532/7158 5527/1519/4775 5528/1533/4814
f 5425/1534/4815 5419/1527/4800 5422/1530/4816
f 5419/1527/4817 5425/1534/4818 5420/1528/4819
f 5425/1534/4820 5422/1530/4802 5423/1531/4887
f 5420/1528/4822 5425/1534/4820 5423/1531/4823
f 5426/1535/4824 5418/1525/4825 5420/1528/7430
f 5423/1531/4821 5426/1535/4826 5420/1528/4819
f 5482/1526/4827 5418/1525/4828 5427/1536/4829
f 5428/1537/4830 5482/1526/4831 5427/1536/4832
f 5429/1538/4833 5482/1526/4834 5428/1537/4830
f 5429/1538/4835 5428/1537/4836 5479/1539/4837
f 5479/1539/4838 5428/1537/4839 5532/1540/4840
f 5530/1541/7159 5532/1540/4842 5428/1537/4843
f 5430/1542/4844 5428/1537/4845 5427/1536/4846
f 5418/1525/4847 5430/1542/4848 5427/1536/4849
f 5430/1542/4850 5530/1541/4851 5428/1537/4852
f 5431/1543/4853 5418/1525/4854 5426/1535/4855
f 5431/1543/4856 5430/1542/4857 5418/1525/4858
f 5430/1542/4859 5432/1544/4860 5530/1541/4861
f 5430/1542/4862 5431/1543/4863 5432/1544/4864
f 5530/1541/4865 5432/1544/4866 5433/1545/4867
f 5432/1544/4864 5431/1543/4863 5457/1546/4868
f 5426/1535/4869 5434/1547/4870 5431/1543/4871
f 5434/1547/4872 5457/1546/4873 5431/1543/4874
f 5434/1547/4875 5426/1535/4876 5423/1531/4877
f 5435/1548/4878 5457/1546/4879 5434/1547/4872
f 5435/1548/4878 5434/1547/4872 5423/1531/4880
f 5435/1548/4881 5455/1549/4882 5457/1546/4883
f 5435/1548/4881 5423/1531/4884 5436/1550/4885
f 5435/1548/4881 5436/1550/4885 5455/1549/4882
f 5436/1550/4886 5423/1531/4810 5424/1532/4888
f 5455/1549/4889 5436/1550/4885 5454/1551/4890
f 5437/1552/4891 5436/1550/4885 5424/1532/4892
f 5424/1532/4812 5528/1533/4893 5437/1552/4894
f 5436/1550/4885 5438/1553/7161 5454/1551/7162
f 5438/1553/4897 5436/1550/7431 5437/1552/7432
f 5438/1553/4897 5449/1554/4898 5454/1551/4890
f 5438/1553/4896 5437/1552/4891 5449/1554/4898
f 5449/1554/4900 5437/1552/4901 5439/1555/4902
f 5439/1555/4902 5437/1552/7433 5528/1533/4814
f 5439/1555/4904 5528/1533/4814 5447/1556/4905
f 5447/1556/4906 5528/1533/4907 5440/1557/4908
f 5440/1557/4909 5528/1533/7163 5441/1501/4911
f 5526/1558/4912 5441/1501/4911 5528/1533/4907
f 5526/1558/4913 5442/1502/4914 5441/1501/4915
f 5445/1501/4916 5444/1502/4917 5443/1558/4918
f 5573/1533/4919 5445/1501/4922 5443/1558/4921
f 5445/1501/4922 5573/1533/4923 5446/1557/4924
f 5446/1557/4925 5573/1533/4926 5447/1556/4927
f 5447/1556/4928 5573/1533/4929 5439/1555/4930
f 5573/1533/4931 5448/1552/4932 5439/1555/4933
f 5439/1555/4934 5448/1552/4935 5449/1554/4899
f 5448/1552/4935 5573/1533/4926 5450/1532/4936
f 5573/1533/4919 5574/1519/4937 5450/1532/4938
f 5450/1532/4939 5574/1519/4940 5451/1531/4941
f 5451/1531/4942 5452/1550/4943 5450/1532/4944
f 5450/1532/4945 5452/1550/4946 5448/1552/4947
f 5449/1554/4899 5448/1552/4947 5453/1553/4948
f 5448/1552/4949 5452/1550/4946 5453/1553/4948
f 5454/1551/4890 5449/1554/4899 5453/1553/4950
f 5454/1551/4890 5453/1553/4951 5452/1550/4954
f 5452/1550/4946 5455/1549/4889 5454/1551/4890
f 5456/1548/4952 5455/1549/4953 5452/1550/4946
f 5456/1548/4952 5452/1550/4954 5451/1531/7167
f 5457/1546/4879 5455/1549/4956 5456/1548/4952
f 5458/1547/4957 5457/1546/4958 5456/1548/4959
f 5451/1531/4942 5458/1547/4961 5456/1548/4959
f 5459/1543/4960 5457/1546/4958 5458/1547/4961
f 5457/1546/4962 5459/1543/4963 5432/1544/4964
f 5451/1531/4942 5460/1535/4965 5458/1547/4966
f 5459/1543/4967 5458/1547/4966 5460/1535/4968
f 5460/1535/4969 5461/1525/4970 5459/1543/4971
f 5432/1544/4964 5459/1543/4963 5462/1542/4972
f 5461/1525/4973 5462/1542/4974 5459/1543/4975
f 5463/1528/7434 5460/1535/4977 5451/1531/4941
f 5463/1528/4978 5461/1525/4970 5460/1535/4979
f 5464/1541/4980 5432/1544/4981 5462/1542/4982
f 5433/1545/4867 5432/1544/4866 5464/1541/4983
f 5465/1537/4984 5464/1541/4985 5462/1542/4986
f 5465/1537/4987 5466/1540/7170 5464/1541/4980
f 5466/1540/4989 5465/1537/4990 5467/1539/4991
f 5467/1539/4992 5465/1537/4990 5500/1538/4993
f 5465/1537/4994 5503/1526/4995 5500/1538/4996
f 5468/1536/4997 5465/1537/4998 5462/1542/4999
f 5468/1536/5000 5503/1526/4995 5465/1537/4994
f 5468/1536/5001 5462/1542/5002 5461/1525/4973
f 5468/1536/5003 5461/1525/5004 5503/1526/5005
f 5503/1526/5005 5461/1525/5006 5469/1524/7435
f 5461/1525/5008 5470/1523/7171 5469/1524/5010
f 5470/1523/5011 5461/1525/5012 5463/1528/5013
f 5470/1523/5014 5471/1522/5015 5469/1524/5016
f 5472/1521/5017 5471/1522/5015 5470/1523/5018
f 5472/1521/5048 5512/1520/5020 5471/1522/5021
f 5470/1523/5022 5463/1528/5023 5473/1527/5024
f 5470/1523/5025 5473/1527/5026 5472/1521/5027
f 5463/1528/5028 5474/1534/5029 5473/1527/5030
f 5451/1531/5031 5474/1534/5032 5463/1528/5033
f 5451/1531/4942 5475/1530/5034 5474/1534/5032
f 5475/1530/5035 5473/1527/7175 5474/1534/5037
f 5574/1519/5038 5475/1530/5039 5451/1531/5040
f 5472/1521/5044 5574/1519/4940 5512/1520/5020
f 5574/1519/5043 5472/1521/5044 5475/1530/5035
f 5476/1529/5045 5473/1527/5046 5475/1530/5047
f 5475/1530/5035 5472/1521/5048 5476/1529/5049
f 5472/1521/5019 5473/1527/7175 5476/1529/7436
f 5512/1520/5051 5574/1519/5052 5477/1518/5053
f 5512/1520/5054 5477/1518/5053 5572/1507/5055
f 5478/1517/7177 5477/1518/5057 5574/1519/5058
f 5572/1507/5059 5477/1518/5060 5571/1505/5061
f 5477/1518/5053 5478/1517/5062 5571/1505/5063
f 5571/1505/5063 5478/1517/5064 5570/1504/5065
f 5534/1559/5066 5429/1560/5067 5479/1561/5068
f 5480/1562/5069 5429/1560/5070 5534/1559/5071
f 5536/1563/5072 5480/1562/5073 5534/1559/5074
f 5480/1562/5075 5481/1564/5076 5429/1560/5077
f 5429/1560/5077 5481/1564/5076 5482/1565/5078
f 5481/1564/5079 5483/1566/5080 5482/1565/5081
f 5484/1567/5082 5483/1566/5080 5481/1564/5079
f 5483/1566/5083 5484/1567/5084 5485/1568/5085
f 5486/1569/5086 5481/1564/5087 5480/1562/5088
f 5486/1569/5089 5484/1567/5090 5481/1564/5091
f 5487/1570/5092 5480/1562/5093 5536/1563/5072
f 5487/1570/7437 5486/1569/5094 5480/1562/5095
f 5487/1570/5096 5536/1563/5072 5507/1571/7438
f 5507/1571/5098 5486/1569/5099 5487/1570/5100
f 5507/1571/5181 5536/1563/5102 5545/1572/5103
f 5507/1571/5104 5488/1573/5105 5486/1569/5106
f 5488/1573/5107 5484/1567/5108 5486/1569/5089
f 5489/1574/5109 5488/1573/5110 5507/1571/7180
f 5485/1568/5111 5484/1567/5112 5490/1575/5113
f 5488/1573/5114 5490/1575/5115 5484/1567/5090
f 5488/1573/5105 5489/1574/5116 5491/1576/5117
f 5491/1576/5118 5490/1575/5115 5488/1573/5114
f 5491/1576/5117 5489/1574/5116 5492/1577/5119
f 5493/1578/5120 5491/1576/5117 5492/1577/5121
f 5494/1579/5122 5485/1568/5123 5490/1575/5124
f 5491/1576/5118 5494/1579/5125 5490/1575/5124
f 5495/1580/7181 5485/1568/5127 5494/1579/5125
f 5495/1580/5128 5494/1579/5129 5415/1492/5130
f 5415/1492/5130 5494/1579/5129 5496/1493/5131
f 5497/1581/5132 5491/1576/5133 5493/1578/5120
f 5497/1581/5134 5494/1579/5135 5491/1576/5136
f 5494/1579/5135 5497/1581/5134 5496/1493/5137
f 5515/1498/5138 5497/1581/5139 5493/1578/5140
f 5496/1493/5131 5497/1581/7182 5498/1496/5142
f 5498/1496/5143 5497/1581/5144 5515/1498/5145
f 5467/1561/5146 5500/1560/5147 5499/1559/5148
f 5499/1559/5148 5500/1560/5147 5501/1562/5149
f 5499/1559/5150 5501/1562/5151 5543/1563/5152
f 5500/1560/5153 5502/1564/5154 5501/1562/5155
f 5503/1565/5156 5502/1564/5157 5500/1560/5153
f 5503/1565/5158 5469/1566/5161 5502/1564/5160
f 5502/1564/5160 5469/1566/5161 5504/1567/5162
f 5471/1568/5163 5504/1567/5164 5469/1566/5165
f 5501/1562/5166 5502/1564/5167 5505/1569/5168
f 5502/1564/5169 5504/1567/5170 5505/1569/5171
f 5506/1570/5172 5543/1563/5173 5501/1562/5174
f 5501/1562/5175 5505/1569/5168 5506/1570/5176
f 5506/1570/5177 5507/1571/5178 5543/1563/5173
f 5506/1570/5177 5505/1569/5179 5507/1571/5178
f 5543/1563/5180 5507/1571/5101 5545/1572/5103
f 5505/1569/5182 5508/1573/5183 5507/1571/5184
f 5505/1569/5185 5504/1567/5186 5508/1573/7183
f 5507/1571/5184 5508/1573/5183 5489/1574/5188
f 5509/1575/5189 5504/1567/5190 5471/1568/5191
f 5504/1567/5192 5509/1575/5193 5508/1573/5194
f 5510/1576/5195 5489/1574/5196 5508/1573/5197
f 5508/1573/5194 5509/1575/7184 5510/1576/5198
f 5492/1577/5199 5489/1574/5196 5510/1576/5195
f 5492/1577/5200 5510/1576/5195 5493/1578/5201
f 5509/1575/5189 5471/1568/5202 5511/1579/5203
f 5509/1575/5189 5511/1579/5204 5510/1576/5205
f 5511/1579/5203 5471/1568/5206 5512/1580/5207
f 5572/1492/5208 5511/1579/5209 5512/1580/5054
f 5513/1493/5210 5511/1579/5211 5572/1492/5212
f 5493/1578/5201 5510/1576/5195 5514/1581/5213
f 5510/1576/5214 5511/1579/7439 5514/1581/5216
f 5513/1493/5217 5514/1581/5218 5511/1579/5219
f 5493/1578/5220 5514/1581/5221 5515/1498/5222
f 5516/1496/5223 5514/1581/5224 5513/1493/5210
f 5515/1498/5225 5514/1581/5226 5516/1496/5227
f 5538/1582/5228 5521/1583/4368 5522/1584/4371
f 5535/1585/5229 5521/1583/4368 5538/1582/5228
f 5521/1583/4368 5535/1585/5228 5517/1586/5230
f 5517/1586/5230 5535/1585/5228 5518/1587/5231
f 5518/1587/7185 5519/1588/5233 5517/1586/5234
f 5517/1586/5234 5519/1588/5233 5523/1589/5233
f 5523/1589/5235 5519/1588/5235 5524/1590/7186
f 5524/1590/5236 5519/1588/5235 5531/1591/5237
f 5524/1590/5238 5531/1591/5239 5433/1592/5240
f 5433/1592/5241 5531/1591/5239 5530/1593/5242
f 5522/1584/4369 5521/1583/7440 5520/1582/5243
f 5520/1582/5243 5521/1583/4368 5579/1585/5244
f 5517/1586/5230 5579/1585/5244 5521/1583/4368
f 5577/1587/5245 5579/1585/5244 5517/1586/5230
f 5517/1586/5234 5576/1588/5233 5577/1587/5246
f 5523/1589/5233 5576/1588/5233 5517/1586/5234
f 5524/1590/5248 5576/1588/5235 5523/1589/5235
f 5525/1591/5247 5576/1588/5235 5524/1590/5236
f 5433/1592/5240 5525/1591/5249 5524/1590/5238
f 5464/1593/5250 5525/1591/5249 5433/1592/5241
f 5528/1533/5251 5527/1519/5252 5526/1558/5253
f 5526/1558/5253 5527/1519/5252 5529/1594/5254
f 5527/1519/5255 5413/1517/5256 5529/1594/5259
f 5408/1504/5258 5529/1594/5257 5413/1517/5260
f 5406/1500/5261 5529/1594/5257 5408/1504/5258
f 5406/1500/5262 5526/1558/5263 5529/1594/5257
f 5442/1502/5264 5526/1558/5265 5406/1500/5262
f 5531/1591/5266 5519/1588/5267 5530/1595/5266
f 5530/1595/5266 5519/1588/5268 5532/1596/5269
f 5519/1588/5268 5518/1587/5270 5532/1596/5269
f 5532/1596/5269 5518/1587/5270 5479/1597/5271
f 5518/1587/5270 5533/1598/5272 5479/1597/5271
f 5479/1597/5271 5533/1598/5272 5534/1599/5268
f 5535/1585/4387 5533/1598/5272 5518/1587/5270
f 5533/1598/5272 5541/1600/5273 5534/1599/5268
f 5534/1599/5268 5541/1600/5273 5536/1601/5274
f 5537/1602/4387 5541/1600/5273 5533/1598/5272
f 5539/1603/4387 5537/1602/4387 5533/1598/5272
f 5533/1598/5272 5535/1585/4387 5539/1603/4387
f 5539/1603/7441 5535/1585/7441 5538/1582/7441
f 5539/1604/4364 5538/1582/4364 5542/1605/4364
f 5542/1605/4372 5538/1582/4372 5522/1584/4372
f 5522/1584/4364 5520/1582/4364 5542/1605/4364
f 5542/1605/4372 5520/1582/4372 5540/1604/4372
f 5536/1606/5072 5544/1607/5276 5545/1608/5277
f 5541/1609/5278 5544/1607/5279 5536/1606/5072
f 5541/1609/5281 5537/1610/7189 5544/1607/5283
f 5544/1607/5284 5537/1610/5282 5548/1611/7190
f 5537/1610/5286 5539/1604/5287 5548/1611/5288
f 5548/1611/5288 5539/1604/5287 5542/1605/5287
f 5545/1608/5277 5544/1607/5279 5543/1606/5152
f 5543/1606/5173 5544/1607/7442 5546/1609/5289
f 5544/1607/5283 5547/1610/5291 5546/1609/7191
f 5548/1611/5293 5547/1610/5291 5544/1607/5294
f 5548/1611/5288 5540/1604/5287 5547/1610/5295
f 5542/1605/5296 5540/1604/5296 5548/1611/5297
f 5559/1387/5298 5564/1390/5299 5549/1389/5300
f 5550/1388/5301 5564/1390/5299 5559/1387/5302
f 5560/1385/5303 5550/1388/7192 5559/1387/5305
f 5551/1386/5306 5550/1388/5307 5560/1385/5308
f 5561/1383/5309 5551/1386/5310 5560/1385/5311
f 5552/1384/5312 5551/1386/5310 5561/1383/5312
f 5553/1385/5313 5552/1384/5314 5561/1383/5314
f 5554/1386/5315 5552/1384/5314 5553/1385/5315
f 5562/1387/5316 5554/1386/5317 5553/1385/5318
f 5555/1388/5319 5554/1386/5317 5562/1387/5320
f 5565/1612/5321 5555/1613/5322 5562/1614/5323
f 5556/1615/5324 5555/1613/5322 5565/1612/5325
f 5566/1616/5326 5556/1615/5324 5565/1612/5325
f 5557/1617/5327 5556/1615/5324 5566/1616/5326
f 5559/1387/4387 5549/1389/4387 5558/1391/4387
f 5560/1385/4387 5559/1387/4387 5558/1391/4387
f 5561/1383/4387 5560/1385/4387 5558/1391/4387
f 5553/1385/4387 5561/1383/4387 5558/1391/4387
f 5562/1387/4387 5553/1385/4387 5558/1391/4387
f 5565/1389/4387 5562/1387/4387 5558/1391/4387
f 5567/1618/5328 5549/1612/5329 5563/1617/5328
f 5563/1617/5330 5549/1612/5329 5564/1615/5331
f 5566/1619/5332 5565/1620/4387 5558/1621/4387
f 5566/1619/5332 5558/1621/4387 5567/1622/5332
f 5567/1622/5333 5558/1621/4387 5549/1623/4387
f 5444/1502/5334 5445/1501/4752 5568/1500/5335
f 5568/1500/5336 5445/1501/5337 5569/1503/5345
f 5568/1500/5339 5569/1503/5340 5570/1504/5341
f 5570/1504/5341 5569/1503/4754 5571/1505/5342
f 5405/1506/5343 5571/1505/5344 5569/1503/5345
f 5572/1507/5346 5571/1505/5347 5405/1506/4712
f 5443/1558/5348 5574/1519/5349 5573/1533/5350
f 5575/1594/5351 5574/1519/5349 5443/1558/5348
f 5575/1594/5355 5478/1517/5352 5574/1519/5353
f 5478/1517/5354 5575/1594/5355 5570/1504/5356
f 5570/1504/5357 5575/1594/5351 5568/1500/5358
f 5575/1594/5351 5443/1558/5359 5568/1500/5360
f 5568/1500/5361 5443/1558/5362 5444/1502/5363
f 5464/1595/5364 5576/1588/5365 5525/1591/5364
f 5466/1596/5366 5576/1588/5367 5464/1595/5364
f 5466/1596/5366 5577/1587/5368 5576/1588/5367
f 5467/1597/5368 5577/1587/5368 5466/1596/5366
f 5467/1597/5368 5578/1598/5369 5577/1587/5368
f 5577/1587/7194 5578/1598/5369 5579/1585/5371
f 5499/1599/5367 5578/1598/5369 5467/1597/5368
f 5540/1603/5370 5579/1585/5370 5578/1598/5369
f 5520/1582/5371 5579/1585/5370 5540/1603/5370
f 5578/1598/5369 5547/1602/5371 5540/1603/5371
f 5578/1598/5369 5546/1600/5372 5547/1602/5370
f 5499/1599/5367 5546/1600/5372 5578/1598/5369
f 5543/1601/5373 5546/1600/5372 5499/1599/5367
f 5596/1389/5374 5580/1390/7443 5592/1387/5376
f 5592/1387/5376 5580/1390/5375 5581/1388/5377
f 5592/1387/7444 5581/1388/5379 5593/1385/5380
f 5593/1385/5381 5581/1388/5379 5582/1386/5382
f 5593/1385/5383 5582/1386/5384 5594/1383/7196
f 5594/1383/5385 5582/1386/5386 5584/1384/5385
f 5594/1383/5387 5584/1384/5387 5583/1385/7197
f 5583/1385/5388 5584/1384/5387 5585/1386/5389
f 5583/1385/5390 5585/1386/5390 5588/1387/5391
f 5588/1387/5391 5585/1386/5390 5586/1388/5392
f 5588/1614/5393 5586/1624/5394 5587/1612/5395
f 5587/1612/5395 5586/1624/5394 5589/1625/5396
f 5587/1612/5395 5589/1625/5396 5590/1616/5397
f 5590/1616/5397 5589/1625/5396 5591/1626/5398
f 5597/1391/5371 5596/1389/5371 5592/1387/5371
f 5597/1391/5371 5592/1387/5399 5593/1385/5371
f 5597/1391/5371 5593/1385/5371 5594/1383/5371
f 5597/1391/5371 5594/1383/5371 5583/1385/5371
f 5597/1391/5371 5583/1385/5371 5588/1387/5370
f 5597/1391/5371 5588/1387/5370 5587/1389/5371
f 5580/1625/5400 5596/1612/5401 5595/1626/5402
f 5595/1626/5403 5596/1612/5401 5598/1618/5403
f 5597/1621/5370 5587/1620/5370 5590/1619/4366
f 5598/1622/4366 5597/1621/5370 5590/1619/4366
f 5596/1623/5370 5597/1621/5370 5598/1622/4366
f 5623/1627/5404 5599/1628/5404 5619/1629/5404
f 5600/1630/5405 5599/1628/5404 5623/1627/5404
f 5599/1628/5404 5600/1630/5405 5601/1631/5406
f 5602/1632/5407 5601/1631/5406 5600/1630/5408
f 5601/1631/5406 5602/1632/5407 5615/1633/5409
f 5602/1632/5410 5613/1634/5411 5615/1633/5412
f 5613/1634/5413 5602/1632/5414 5606/1635/5415
f 5613/1634/5416 5606/1635/5415 5603/1636/5417
f 5623/1637/5418 5622/1638/5419 5600/1639/5420
f 5600/1639/5421 5622/1638/5419 5604/1640/5422
f 5622/1638/5419 4648/1641/5423 5604/1640/5422
f 5604/1640/5424 5602/1642/5425 5600/1639/5426
f 5604/1640/5427 4648/1641/5428 4647/1643/5429
f 5605/1644/5430 5602/1642/5425 5604/1640/5427
f 5602/1642/5431 5605/1644/5430 5606/1645/5432
f 5604/1640/7198 4647/1643/5433 5607/1646/5434
f 5604/1640/5427 5607/1646/5435 5605/1644/5436
f 5605/1644/5437 5607/1646/5435 5608/1647/5438
f 5606/1645/7200 5605/1644/5436 5609/1648/5440
f 5608/1647/5441 5609/1648/5442 5605/1644/5436
f 5606/1645/5443 5609/1648/5444 5603/1649/5445
f 5607/1646/5446 4647/1643/5429 5610/1650/5447
f 5608/1647/5448 5607/1646/5449 5610/1650/5447
f 5610/1650/5447 4647/1643/5450 5637/1651/5451
f 4650/1652/5452 5610/1650/5447 5637/1651/5451
f 5603/1649/5453 5609/1648/5454 5611/1653/5455
f 5611/1653/5456 5609/1648/5442 5608/1647/5441
f 5612/1654/5458 5603/1649/7445 5611/1653/5460
f 5611/1653/5456 5608/1647/5461 5612/1654/5462
f 5613/1655/5463 5603/1649/5464 5612/1654/5465
f 5614/1656/5466 5613/1655/5463 5612/1654/5467
f 5612/1654/5462 5608/1647/5468 5614/1656/5466
f 5615/1657/5469 5613/1655/5470 5614/1656/5482
f 5614/1656/5466 5616/1658/5472 5615/1657/5473
f 5615/1657/5474 5616/1658/5475 5601/1659/5476
f 5616/1658/5472 5599/1660/5477 5601/1659/5476
f 5610/1650/5478 5617/1661/5479 5608/1647/5480
f 5608/1647/5481 5617/1661/5479 5614/1656/5482
f 5617/1661/5479 5610/1650/5447 4650/1652/5483
f 5616/1658/5484 5614/1656/5485 5617/1661/5486
f 5616/1658/5487 5617/1661/5486 4650/1652/5488
f 5635/1662/5489 5616/1658/5490 4650/1652/5491
f 5618/1663/5492 5599/1660/5477 5616/1658/5472
f 5618/1663/5492 5616/1658/5494 5635/1662/5495
f 5599/1660/5496 5618/1663/5492 5619/1664/5497
f 5620/1665/5498 5618/1663/5499 5635/1662/5500
f 5619/1664/5497 5618/1663/5501 5621/1666/5502
f 5621/1666/5502 5618/1663/5503 5620/1665/5504
f 5621/1666/5505 5622/1667/5506 5619/1664/5497
f 5620/1665/7446 5622/1667/5506 5621/1666/5508
f 5619/1664/5509 5622/1667/5510 5623/1668/5511
f 4648/1669/5512 5622/1667/5513 5620/1665/5514
f 5625/743/5515 5624/726/5516 4636/783/5517
f 5626/725/5518 5624/726/5516 5625/743/5515
f 5625/743/5519 5627/740/5520 5626/725/5521
f 5626/725/5522 5627/740/5523 5628/727/5524
f 5628/727/5525 5627/740/5526 5629/728/5527
f 5629/728/5527 5627/740/5526 4628/739/5528
f 4628/739/5529 4626/737/5530 5629/728/5527
f 5629/728/5531 4626/737/5532 4621/729/7447
f 4626/737/5534 5630/734/5535 4621/729/5533
f 4621/729/7448 5630/734/7449 5631/730/5538
f 5631/730/5539 5630/734/5540 4623/732/7450
f 5634/745/7208 5633/735/5543 5632/751/5544
f 5632/751/5545 5624/748/5546 5634/745/5547
f 4636/752/5548 5624/748/5549 5632/751/5550
f 5620/1670/5551 5635/771/7209 4655/774/5553
f 4655/774/5554 4648/775/5555 5620/1670/5556
f 5637/1671/5557 5636/766/5558 4650/768/7211
f 5636/766/5560 5637/1671/5561 4647/764/5562
f 5638/1629/5563 5657/1628/5563 5641/1627/5563
f 5641/1627/5563 5657/1628/5563 5642/1630/5563
f 5656/1631/5563 5642/1630/5563 5657/1628/5563
f 5642/1630/5563 5656/1631/5563 5639/1632/5563
f 5654/1633/5563 5639/1632/5563 5656/1631/5563
f 5654/1633/5563 5652/1634/5563 5639/1632/5563
f 5645/1635/5563 5639/1632/5563 5652/1634/5563
f 5640/1636/5563 5645/1635/5563 5652/1634/5563
f 5642/1639/5564 5661/1638/5565 5641/1637/5566
f 5643/1640/5567 5661/1638/5565 5642/1639/5568
f 5643/1640/5569 4829/1641/5570 5661/1638/5565
f 5642/1639/5571 5639/1642/5572 5643/1640/5573
f 5673/1643/5574 4829/1641/5570 5643/1640/5569
f 5643/1640/5573 5639/1642/5572 5644/1644/5575
f 5645/1645/5576 5644/1644/5575 5639/1642/5577
f 5646/1646/5578 5673/1643/5579 5643/1640/5580
f 5644/1644/5581 5646/1646/5582 5643/1640/5583
f 5647/1647/5584 5646/1646/5585 5644/1644/5586
f 5648/1648/5587 5644/1644/5586 5645/1645/5576
f 5644/1644/5586 5648/1648/5587 5647/1647/5584
f 5640/1649/5588 5648/1648/5589 5645/1645/5590
f 5649/1650/5591 5673/1643/5592 5646/1646/5593
f 5649/1650/5591 5646/1646/5585 5647/1647/5584
f 5670/1651/5594 5673/1643/5595 5649/1650/5596
f 5670/1651/5594 5649/1650/5591 5672/1652/5598
f 5650/1653/5599 5648/1648/5589 5640/1649/5600
f 5647/1647/5601 5648/1648/5602 5650/1653/5603
f 5650/1653/5604 5640/1649/5605 5651/1654/5606
f 5651/1654/5607 5647/1647/5608 5650/1653/5609
f 5651/1654/5610 5640/1649/5611 5652/1655/5612
f 5651/1654/5613 5652/1655/5614 5653/1656/5615
f 5653/1656/5616 5647/1647/5584 5651/1654/5607
f 5653/1656/5615 5652/1655/5614 5654/1657/5617
f 5654/1657/5618 5655/1658/5619 5653/1656/5615
f 5656/1659/5620 5655/1658/5619 5654/1657/5618
f 5656/1659/5621 5657/1660/5622 5655/1658/5623
f 5647/1647/5584 5658/1661/5624 5649/1650/5591
f 5653/1656/5625 5658/1661/5626 5647/1647/5584
f 5672/1652/5598 5649/1650/5627 5658/1661/5628
f 5658/1661/5629 5653/1656/5630 5655/1658/5631
f 5672/1652/5632 5658/1661/5629 5655/1658/5633
f 5672/1652/5634 5655/1658/5635 4833/1662/5636
f 5655/1658/5623 5657/1660/5622 5659/1663/5637
f 4833/1662/5638 5655/1658/5639 5659/1663/5637
f 5638/1664/5640 5659/1663/5641 5657/1660/5642
f 4833/1662/5643 5659/1663/5644 5668/1665/5645
f 5660/1666/5646 5659/1663/5637 5638/1664/5640
f 5668/1665/5645 5659/1663/5644 5660/1666/5646
f 5638/1664/5640 5661/1667/5647 5660/1666/5646
f 5660/1666/5646 5661/1667/5648 5668/1665/5645
f 5641/1668/5649 5661/1667/5647 5638/1664/5640
f 5668/1665/5650 5661/1667/5651 4829/1669/5652
f 4819/783/5653 5667/726/5654 4813/743/5655
f 4813/743/5656 5667/726/5654 4800/725/5657
f 4800/725/5658 4809/740/5659 4813/743/5660
f 4802/727/5661 4809/740/5662 4800/725/5663
f 4802/727/5661 5662/728/7214 4809/740/5662
f 4809/740/5665 5662/728/5664 5663/739/5666
f 5662/728/5664 5664/737/5667 5663/739/5666
f 4803/729/5668 5664/737/5669 5662/728/5670
f 4803/729/7215 5665/734/5672 5664/737/5673
f 4803/729/5674 4804/730/5675 5665/734/5676
f 5665/734/5677 4804/730/5678 5666/732/5679
f 4818/751/7451 4810/735/5681 4815/745/5682
f 5667/748/5683 4818/751/5684 4815/745/5685
f 4819/752/5686 4818/751/5687 5667/748/5688
f 5669/774/5689 4833/771/5690 5668/1670/5691
f 5668/1670/5692 4829/775/5693 5669/774/5694
f 5672/768/5695 5671/766/5696 5670/1671/5697
f 5673/764/5698 5670/1671/5699 5671/766/5700
f 5674/1672/5701 5879/1673/5702 5688/1674/5703
f 5675/1675/5704 5879/1673/5705 5674/1672/5706
f 5675/1675/5707 5676/1676/5708 5879/1673/5709
f 5691/1677/5710 5675/1675/5707 5674/1672/5711
f 5677/1678/5712 5676/1676/5713 5675/1675/5714
f 5677/1678/5715 5678/1679/5716 5676/1676/5717
f 5679/1680/5718 5678/1679/5716 5677/1678/5719
f 5679/1680/5718 5677/1678/5719 5680/1681/5720
f 5679/1680/5721 5681/1682/5722 5678/1679/5723
f 5682/1683/5724 5681/1682/5725 5679/1680/5718
f 5680/1681/5726 5682/1683/5724 5679/1680/5718
f 5682/1683/5724 5683/1684/5727 5681/1682/5728
f 5677/1678/5712 5675/1675/5729 5684/1685/5730
f 5680/1681/5731 5677/1678/5732 5684/1685/5733
f 5685/1686/5734 5675/1675/5735 5691/1677/5736
f 5684/1685/5733 5675/1675/5729 5685/1686/5737
f 5685/1686/5734 5691/1677/5736 5686/557/5738
f 5686/557/5738 5691/1677/5739 4752/558/5740
f 4746/559/5741 5685/1686/5742 5686/557/5743
f 5684/1685/5733 5685/1686/5744 4746/559/5745
f 5684/1685/5746 4746/559/5747 5680/1681/5748
f 5680/1681/5720 4746/559/5749 4747/560/5750
f 4748/561/5751 5680/1681/5752 4747/560/5750
f 5687/1687/5753 5683/1684/5754 5682/1683/5755
f 5687/1687/5756 5688/1688/5757 5683/1684/5754
f 5674/1689/5758 5688/1688/5759 5687/1687/5760
f 5689/1690/5761 5682/1683/5724 5680/1681/5726
f 5689/1690/5762 5680/1681/5726 4748/561/5763
f 5689/1690/5764 5687/1687/5753 5682/1683/5755
f 5690/1691/5765 5674/1689/5758 5687/1687/5766
f 5690/1691/5767 5687/1687/5768 5689/1690/5769
f 5689/1690/5769 4748/561/5770 5690/1691/5765
f 5691/1692/5771 5674/1689/5758 5690/1691/5767
f 5690/1691/5767 4748/561/5772 4750/562/5773
f 4750/562/5774 5691/1692/5771 5690/1691/5767
f 4752/563/5775 5691/1692/5776 4750/562/5777
f 5850/1674/5778 5692/1673/5779 5708/1672/5780
f 5708/1672/5781 5692/1673/5782 5693/1675/5783
f 5692/1673/5784 5848/1676/5785 5693/1675/5783
f 5693/1675/5786 5694/1677/5787 5708/1672/5781
f 5693/1675/5788 5848/1676/5789 5695/1678/5790
f 5848/1676/5791 5849/1679/5792 5695/1678/5793
f 5695/1678/5794 5849/1679/5792 5696/1680/5795
f 5696/1680/5795 5697/1681/5796 5695/1678/5794
f 5849/1679/5797 5851/1682/5798 5696/1680/5799
f 5696/1680/5800 5851/1682/5801 5698/1683/5802
f 5696/1680/5799 5698/1683/5803 5697/1681/5804
f 5851/1682/5801 5699/1684/5805 5698/1683/5802
f 5695/1678/5806 5700/1685/5807 5693/1675/5808
f 5695/1678/5806 5697/1681/5796 5700/1685/5809
f 5701/1686/5810 5694/1677/5811 5693/1675/5812
f 5693/1675/5808 5700/1685/5813 5701/1686/5814
f 5702/557/5815 5694/1677/5787 5701/1686/5816
f 5703/558/5817 5694/1677/5818 5702/557/5819
f 5702/557/5815 5701/1686/5810 5704/559/5820
f 5704/559/5821 5701/1686/5822 5700/1685/5807
f 5700/1685/5823 5697/1681/5796 5704/559/5824
f 5704/559/5820 5697/1681/5825 5705/560/5826
f 5705/560/5827 5697/1681/5828 4445/561/5829
f 5697/1681/5830 5698/1683/5803 5706/1690/5831
f 4445/561/5829 5697/1681/5830 5706/1690/5831
f 5698/1683/5832 5699/1684/5833 5707/1687/5834
f 5698/1683/5835 5707/1687/5836 5706/1690/5837
f 5699/1684/5838 5850/1688/5839 5707/1687/5840
f 5707/1687/5834 5850/1688/5841 5708/1689/5842
f 5706/1690/5843 5709/1691/5844 4445/561/5845
f 5706/1690/5843 5707/1687/5846 5709/1691/5847
f 5708/1689/5848 5709/1691/5844 5707/1687/5834
f 4445/561/5845 5709/1691/5847 4447/562/5849
f 5694/1692/5850 5709/1691/5844 5708/1689/5848
f 5694/1692/5851 4447/562/5852 5709/1691/5853
f 5703/563/5854 4447/562/5852 5694/1692/5850
f 5710/1693/5855 5717/1694/5855 5714/1695/5855
f 5714/1695/5856 5717/1694/5857 5711/1696/5858
f 5712/1697/5859 5711/1698/5860 5717/1699/5861
f 5713/1700/7452 5711/1698/5863 5712/1697/5864
f 5713/1700/5865 5714/1701/5866 5711/1698/7453
f 5715/1702/7220 5714/1701/5869 5713/1700/5870
f 5715/1702/5871 5710/1703/7221 5714/1701/5873
f 5716/1704/5874 5710/1703/7454 5715/1702/5875
f 5716/1704/5876 5717/1705/5877 5710/1703/5878
f 5712/1706/5879 5717/1705/5880 5716/1704/5876
f 5718/1707/5881 5713/1700/5882 5712/1697/5883
f 5718/1707/5884 5715/1702/5885 5713/1700/5886
f 5718/1707/5887 5716/1704/5888 5715/1702/5889
f 5718/1707/5881 5712/1706/5890 5716/1704/7222
f 5719/147/5892 5724/148/5892 5726/149/5892
f 5726/149/5892 5724/148/5892 5729/150/5893
f 5722/151/7455 5729/150/7455 5720/152/7455
f 5720/152/5894 5729/150/5894 5724/148/5895
f 5723/153/5896 5722/151/7456 5721/154/5896
f 5721/154/5898 5722/151/7223 5720/152/7223
f 5727/155/5900 5724/156/5900 5728/157/5900
f 5728/157/5900 5724/156/5900 5719/158/5900
f 5724/156/5901 5727/155/5901 5720/159/5901
f 5720/159/7225 5727/155/7225 5725/160/7225
f 5720/159/5902 5725/160/5902 5721/161/5902
f 5721/161/5902 5725/160/5902 5730/162/5902
f 5729/150/5903 5727/155/5904 5726/149/5903
f 5726/149/5904 5727/155/5904 5728/157/5904
f 5722/151/5905 5725/160/5905 5729/150/5905
f 5729/150/5905 5725/160/5905 5727/155/5905
f 5723/153/7226 5730/162/7226 5722/151/7226
f 5722/151/5907 5730/162/5907 5725/160/5907
f 5751/163/5908 5731/164/5908 5740/165/5908
f 5751/163/5908 5739/166/5908 5731/164/5908
f 5754/167/5909 5739/166/5908 5751/163/5908
f 5732/168/5909 5739/166/5908 5754/167/5909
f 5732/168/5910 5754/167/5910 5737/169/5911
f 5736/170/5911 5732/168/5909 5737/169/5911
f 5758/171/5911 5737/169/5911 5754/167/5910
f 5758/171/5911 5756/172/5912 5737/169/5911
f 5742/165/5913 5741/164/5914 5752/163/5913
f 5741/164/5914 5738/166/5913 5752/163/5913
f 5752/163/5915 5738/166/5915 5733/167/5914
f 5733/167/5914 5738/166/5913 5734/168/5914
f 5733/167/5914 5734/168/5914 5753/171/5916
f 5755/169/5916 5753/171/5916 5734/168/5914
f 5735/170/5916 5755/169/5916 5734/168/5914
f 5753/171/5916 5755/169/5916 5757/172/5917
f 5735/173/5918 5736/170/5918 5755/174/5918
f 5755/174/5918 5736/170/5918 5737/169/5918
f 5739/166/7227 5738/175/7227 5731/164/7227
f 5731/164/5919 5738/175/5919 5741/176/5919
f 5731/164/5920 5741/177/5920 5740/165/5920
f 5740/165/5920 5741/177/5920 5742/178/5921
f 5740/165/5923 5742/179/5923 5751/163/5923
f 5751/163/5922 5742/179/5922 5752/180/5922
f 5750/181/5924 5744/182/5924 5743/183/5924
f 5743/183/5924 5744/182/5924 5745/184/5924
f 5743/185/5925 5745/186/5925 5748/187/5925
f 5748/187/5925 5745/186/5925 5747/188/5925
f 5748/187/5927 5747/188/5927 5746/189/5927
f 5746/189/5927 5747/188/5927 5749/190/5927
f 5746/189/5928 5749/190/5928 5750/181/5928
f 5750/181/5928 5749/190/5928 5744/182/5929
f 5747/191/5918 5745/192/5918 5749/190/5918
f 5749/190/5918 5745/192/5918 5744/182/5918
f 5752/180/5930 5733/193/5930 5751/163/5930
f 5751/163/5930 5733/193/5930 5754/167/5930
f 5758/171/5931 5754/167/5931 5753/194/5932
f 5753/194/5932 5754/167/5931 5733/193/5931
f 5755/174/5933 5737/169/5934 5757/195/5934
f 5757/195/7228 5737/169/5934 5756/172/5933
f 5757/195/7457 5756/172/7457 5753/194/5936
f 5753/194/5937 5756/172/5937 5758/171/5936
f 5768/196/7231 5767/197/7231 5771/198/7231
f 5771/198/5938 5767/197/5938 5759/199/5938
f 5770/200/5939 5772/201/5939 5764/202/5939
f 5764/202/5939 5772/201/5939 5765/203/5939
f 5762/204/5940 5760/205/5940 5763/206/5941
f 5763/206/5941 5760/205/5940 5761/207/5941
f 5767/208/5942 5762/209/5942 5759/210/5942
f 5759/210/5943 5762/209/5942 5763/211/5942
f 5761/212/5917 5769/213/5915 5763/211/5915
f 5763/211/5913 5769/213/5915 5759/210/5914
f 5759/210/5914 5769/213/5913 5771/214/5913
f 5769/213/5913 5764/202/5913 5771/214/5913
f 5771/214/5913 5764/202/5913 5765/203/5913
f 5766/213/5912 5760/212/5912 5762/211/5912
f 5767/210/5908 5766/213/5908 5762/211/5908
f 5768/214/5912 5766/213/5912 5767/210/5912
f 5772/203/5908 5766/213/5908 5768/214/5908
f 5770/202/5908 5766/213/5908 5772/203/5908
f 5761/207/5944 5760/205/5939 5769/215/5939
f 5769/215/5944 5760/205/5944 5766/216/5944
f 5769/215/5946 5766/216/5946 5764/202/5946
f 5764/202/5945 5766/216/5946 5770/200/5946
f 5765/203/5947 5772/201/5947 5771/198/5947
f 5771/198/5947 5772/201/5947 5768/196/5948
f 5773/217/5918 5778/218/5918 5775/219/5918
f 5775/219/7231 5778/218/7231 5779/220/7231
f 5780/221/5939 5773/217/5939 5774/222/5939
f 5774/222/5939 5773/217/5939 5775/219/5939
f 5777/223/6738 5780/221/5949 5776/224/5940
f 5776/224/5950 5780/221/5940 5774/222/5950
f 5778/225/5943 5777/226/5943 5779/227/5943
f 5779/227/5942 5777/226/5942 5776/228/5942
f 5775/219/5951 5779/229/5913 5774/222/5913
f 5774/222/5913 5779/229/5951 5776/230/5914
f 5780/221/5908 5777/231/5908 5773/217/5908
f 5773/217/5908 5777/231/5908 5778/232/5908
f 6023/233/7232 5794/234/7232 5782/235/7232
f 5782/235/5952 5794/234/5952 5781/236/5952
f 5782/235/5953 5781/236/5953 5785/237/5953
f 5785/237/5953 5781/236/5953 5784/238/5953
f 5785/237/5954 5784/238/5955 5783/239/5955
f 5783/239/5954 5784/238/7458 5786/240/5954
f 5783/239/5958 5786/240/5958 5788/241/5958
f 5788/241/5959 5786/240/5959 5787/242/5959
f 5788/241/7234 5787/242/5963 6025/243/5962
f 6025/243/7235 5787/242/5963 5790/244/5962
f 6025/245/5964 5790/246/5964 5789/247/5964
f 5789/247/5964 5790/246/5964 5791/248/5964
f 5789/247/5965 5791/248/5965 5792/249/5965
f 5792/249/5965 5791/248/5965 5793/250/5965
f 5792/249/5966 5793/250/5966 6023/233/5966
f 6023/233/5966 5793/250/5966 5794/234/5966
f 5797/1708/5967 5795/1709/5967 5846/1710/5967
f 5797/1708/5968 5800/1711/5968 5795/1709/5969
f 5834/1712/5970 5846/1710/5971 5796/1713/5970
f 5834/1712/5970 5797/1708/5972 5846/1710/5970
f 5799/1714/5973 5833/1715/5974 5798/1716/5974
f 5799/1714/7236 5832/1717/5975 5833/1715/5975
f 5834/1718/5976 5832/1717/5977 5799/1714/5978
f 5834/1718/5976 5799/1714/5978 5797/1719/5979
f 5837/1720/5980 5797/1719/5979 5799/1714/5978
f 5801/1721/5981 5797/1719/5979 5837/1720/5980
f 5797/1719/5982 5801/1721/5983 5800/1722/5984
f 5838/1723/5985 5799/1714/5985 5798/1716/5985
f 5838/1723/5986 5837/1720/5987 5799/1714/5987
f 5795/1709/5970 5801/1724/5970 5840/1725/5970
f 5795/1709/5970 5800/1711/5970 5801/1724/5988
f 5802/1726/5989 5815/1727/5990 5810/1728/5991
f 5802/1726/5989 5810/1728/5991 5803/1729/5992
f 5803/1729/5993 5810/1728/5991 5804/1730/5994
f 5803/1729/5992 5804/1730/5994 5830/1731/7459
f 5830/1731/5995 5804/1730/5994 5805/1732/5996
f 5830/1731/5995 5805/1732/5996 5806/1733/5997
f 5806/1733/5997 5805/1732/5996 5807/1730/5998
f 5806/1733/5997 5807/1730/5999 5812/1731/6000
f 5812/1731/6000 5807/1730/5999 5808/1728/6001
f 5812/1731/6000 5808/1728/6001 5814/1729/6002
f 5814/1729/6005 5808/1728/6004 5815/1727/5990
f 5814/1729/6005 5815/1727/5990 5802/1726/5989
f 5815/1727/6006 5809/1734/6007 5816/1735/6008
f 5815/1727/6006 5816/1735/6008 5810/1728/6009
f 5810/1728/6009 5816/1735/6008 5811/1736/6010
f 5810/1728/6011 5811/1736/6012 5804/1730/6013
f 5804/1730/6014 5811/1736/6010 5818/1737/6015
f 5804/1730/6014 5818/1737/6016 5805/1732/6017
f 6046/1738/6018 5806/1733/6016 5812/1731/6019
f 6046/1738/6018 5812/1731/6019 5813/1739/6020
f 5813/1739/6021 5812/1731/6019 5814/1729/6022
f 5813/1739/6021 5814/1729/6022 6039/1740/6023
f 6039/1740/6024 5814/1729/6022 5802/1726/6007
f 6039/1740/6026 5802/1726/6007 5828/1741/6027
f 5805/1732/6017 5818/1737/6016 5819/1736/6019
f 5805/1732/6028 5819/1736/6019 5807/1730/6029
f 5807/1730/6030 5819/1736/6019 5821/1735/6022
f 5807/1730/6030 5821/1735/6022 5808/1728/6031
f 5808/1728/6031 5821/1735/6032 5809/1734/6007
f 5808/1728/6067 5809/1734/6007 5815/1727/6033
f 5809/1734/6034 5827/1742/6035 5823/1743/6036
f 5809/1734/6037 5823/1743/6036 5816/1735/6038
f 5816/1735/6039 5823/1743/6040 5817/1744/6041
f 5816/1735/6039 5817/1744/6041 5811/1736/6042
f 5811/1736/6042 5817/1744/7241 5824/1745/6043
f 5811/1736/6044 5824/1745/6045 5818/1737/6046
f 5818/1737/6046 5824/1745/6047 5825/1744/6050
f 5818/1737/6046 5825/1744/6048 5819/1736/7243
f 5819/1736/6049 5825/1744/6050 5820/1743/6051
f 5819/1736/6049 5820/1743/6051 5821/1735/7244
f 5821/1735/6053 5820/1743/6051 5827/1742/6035
f 5821/1735/6054 5827/1742/6055 5809/1734/7460
f 5827/1742/6033 6051/1746/6056 5822/1747/6057
f 5827/1742/6006 5822/1747/6057 5823/1743/6009
f 5823/1743/6009 5822/1747/6057 6057/1748/6058
f 5823/1743/6009 6057/1748/6058 5817/1744/6059
f 5817/1744/6059 6057/1748/6060 6053/1749/6061
f 5817/1744/6059 6053/1749/6061 5824/1745/6028
f 5824/1745/6028 6053/1749/6062 6049/1748/6063
f 5824/1745/6017 6049/1748/6063 5825/1744/6029
f 5825/1744/6030 6049/1748/6064 5826/1747/6065
f 5825/1744/6030 5826/1747/6066 5820/1743/6067
f 5820/1743/6031 5826/1747/6068 6051/1746/6069
f 5820/1743/6067 6051/1746/6070 5827/1742/6033
f 5828/1741/6071 5802/1726/6007 5803/1729/6008
f 5828/1741/6071 5803/1729/6008 5829/1740/6072
f 5829/1740/6073 5803/1729/6008 5830/1731/6012
f 5829/1740/6073 5830/1731/6012 5831/1739/6074
f 5831/1739/6075 5830/1731/6012 5806/1733/6016
f 5831/1739/6076 5806/1733/6016 6046/1738/6077
f 5834/1750/6078 5833/1751/6079 5832/1752/6080
f 5833/1751/6079 5834/1750/6081 5835/1753/6082
f 5835/1753/6082 5834/1750/6081 5796/1754/6083
f 5835/1753/6082 5796/1754/6084 5836/1755/6085
f 5845/1756/6086 5835/1753/6087 5836/1755/6088
f 5838/1751/6089 5801/1750/6090 5837/1752/6091
f 5839/1753/6092 5801/1750/6093 5838/1751/6094
f 5801/1750/6093 5839/1753/6092 5840/1754/6095
f 5840/1754/6095 5839/1753/6092 5841/1755/6096
f 5839/1753/6097 5842/1756/6098 5841/1755/6096
f 5843/1757/6099 5841/1758/6100 5842/1759/6101
f 5843/1757/6102 5844/1760/6103 5841/1758/6100
f 5836/1761/6104 5844/1760/6103 5843/1757/6099
f 5836/1761/6105 5843/1757/6106 5845/1762/6107
f 5796/1763/6108 5844/1760/6109 5836/1761/6110
f 5796/1763/6108 5846/1764/6111 5844/1760/6109
f 5846/1764/6114 5841/1758/6112 5844/1760/6113
f 5841/1758/6112 5846/1764/6114 5840/1765/6115
f 5840/1765/6116 5846/1764/6117 5795/1766/6118
f 5848/1767/6119 5692/1768/6120 5847/1769/6121
f 5848/1767/6119 5847/1769/6121 5849/1770/6122
f 5692/1768/6120 5850/1771/6123 5847/1769/6121
f 5849/1770/6122 5847/1769/6121 5851/1772/6124
f 5850/1771/6125 5699/1773/6126 5847/1769/6121
f 5847/1769/6121 5699/1773/6126 5851/1772/6124
f 5854/1774/6127 5853/1775/6128 5852/1776/6129
f 5852/1776/6130 5853/1775/6128 5855/1777/6131
f 5856/1778/6132 5854/1774/6133 5852/1776/6129
f 5855/1777/6131 5857/1779/6134 5852/1776/6129
f 5857/1779/6135 5856/1778/6136 5852/1776/6130
f 5862/1780/6137 5857/1779/6134 5855/1777/6131
f 5856/1778/6136 5857/1779/6135 5858/1781/6138
f 5862/1780/6139 5859/1782/6140 5857/1779/6134
f 5857/1779/6134 5859/1782/6140 5858/1781/6141
f 5859/1782/6142 5861/1779/6143 5860/1781/6144
f 5862/1780/7248 5861/1779/6146 5859/1782/6147
f 5861/1779/6148 5863/1778/6149 5860/1781/6150
f 5862/1780/6151 5855/1777/6152 5861/1779/6148
f 5863/1778/6153 5861/1779/6154 5864/1776/6155
f 5861/1779/6143 5855/1777/6131 5864/1776/6156
f 5864/1776/6156 5865/1774/6157 5863/1778/6158
f 5855/1777/6131 5853/1775/6159 5864/1776/6160
f 5864/1776/6160 5853/1775/6161 5865/1774/6162
f 5867/1783/6163 5866/1784/6164 4708/1785/6165
f 4708/1785/6166 5866/1784/6167 5868/1786/6168
f 5868/1786/6169 5866/1784/6167 5869/1787/6170
f 5866/1784/6167 4718/1788/6171 5869/1787/6172
f 5866/1784/6173 5870/1789/6174 4718/1788/6175
f 5870/1789/6174 5866/1784/7461 5867/1783/6163
f 4718/1788/6176 5870/1789/6177 5871/1790/6178
f 5870/1789/6174 5867/1783/6179 5872/1791/6180
f 5870/1789/6177 5872/1791/6181 5871/1790/6182
f 5872/1791/6180 5867/1783/6183 4712/1792/6184
f 5871/1790/6185 5872/1791/6181 4717/1793/6186
f 4712/1792/6184 4719/1794/6187 5872/1791/6188
f 4717/1793/6186 5872/1791/6181 4720/1795/6189
f 5872/1791/6181 4719/1794/6191 4720/1795/6192
f 5873/1796/6193 4711/1797/6194 4710/1798/6195
f 4710/1798/6196 4709/1799/6197 5873/1796/6198
f 5873/1796/6199 4709/1799/6200 5874/1800/6201
f 5875/1801/6202 5873/1796/6198 5874/1800/6203
f 5873/1796/6204 5875/1801/6205 5876/1802/6206
f 5876/1802/6214 4711/1797/6194 5873/1796/6207
f 5876/1802/6208 5875/1801/6209 4715/1803/6210
f 5876/1802/6211 5877/1804/6212 4711/1797/6213
f 5876/1802/6214 4715/1803/6215 5877/1804/6216
f 4711/1797/6213 5877/1804/6217 4713/1805/6218
f 5877/1804/6219 4715/1803/6220 4716/1806/6221
f 4713/1805/6222 5877/1804/6223 4714/1807/6224
f 5877/1804/6216 4716/1806/6225 5878/1808/6226
f 4714/1807/6227 5877/1804/6228 5878/1808/6229
f 5880/1809/6238 5879/1810/6231 5676/1811/6235
f 5678/1812/6233 5880/1809/6234 5676/1811/6235
f 5880/1809/6234 5688/1813/6236 5879/1810/6231
f 5681/1814/6237 5880/1809/6238 5678/1812/6239
f 5880/1809/6238 5683/1815/6240 5688/1813/6236
f 5681/1814/6237 5683/1815/6241 5880/1809/7250
f 5882/1774/6242 5881/1776/6243 5894/1775/6244
f 5894/1775/6245 5881/1776/6243 5883/1777/6246
f 5881/1776/6243 5882/1774/6247 5884/1778/6248
f 5881/1776/6243 5885/1779/6249 5883/1777/6250
f 5881/1776/6243 5884/1778/6251 5885/1779/6252
f 5883/1777/6250 5885/1779/6249 5890/1780/6253
f 5886/1781/6254 5885/1779/6252 5884/1778/6251
f 5885/1779/6249 5887/1782/6256 5890/1780/6253
f 5886/1781/6257 5887/1782/6258 5885/1779/6249
f 5889/1781/6259 5888/1779/6260 5887/1782/6261
f 5887/1782/6261 5888/1779/6260 5890/1780/6262
f 5889/1781/6259 5891/1778/6263 5888/1779/6260
f 5888/1779/6260 5883/1777/6264 5890/1780/6262
f 5892/1776/6265 5888/1779/6266 5891/1778/6263
f 5892/1776/6265 5883/1777/6264 5888/1779/6260
f 5891/1778/6267 5893/1774/6268 5892/1776/6265
f 5883/1777/6269 5892/1776/6265 5894/1775/6270
f 5894/1775/6270 5892/1776/6271 5893/1774/6272
f 5896/1785/6273 5895/1784/6274 4879/1783/6275
f 4885/1786/6276 5895/1784/6277 5896/1785/6278
f 4887/1787/6279 5895/1784/6280 4885/1786/6281
f 4887/1787/6282 5897/1788/6283 5895/1784/6280
f 5897/1788/6283 5898/1789/6284 5895/1784/6280
f 4879/1783/6285 5895/1784/6280 5898/1789/6284
f 5899/1790/6286 5898/1789/6287 5897/1788/6288
f 5900/1791/6289 4879/1783/6285 5898/1789/6284
f 5899/1790/6290 5900/1791/6291 5898/1789/6284
f 4881/1792/6292 4879/1783/6293 5900/1791/6291
f 4883/1793/6294 5900/1791/6295 5899/1790/7462
f 5900/1791/6291 4882/1794/6297 4881/1792/6292
f 5901/1795/6298 5900/1791/6289 4883/1793/6299
f 5901/1795/6298 4882/1794/6300 5900/1791/6289
f 4878/1798/6301 4880/1797/6302 5902/1796/6303
f 5902/1796/6308 4884/1799/6305 4878/1798/6301
f 4886/1800/6306 4884/1799/6305 5902/1796/6304
f 4886/1800/6307 5902/1796/6308 5903/1801/6309
f 5904/1802/6310 5903/1801/6311 5902/1796/6303
f 5902/1796/6304 4880/1797/6312 5904/1802/6313
f 5905/1803/6314 5903/1801/6315 5904/1802/6316
f 4880/1797/6312 5906/1804/7463 5904/1802/6310
f 5906/1804/6318 5905/1803/6319 5904/1802/6310
f 5907/1805/6320 5906/1804/6321 4880/1797/6322
f 4888/1806/6323 5905/1803/6324 5906/1804/6325
f 5908/1807/6326 5906/1804/6318 5907/1805/6320
f 5909/1808/6328 4888/1806/6329 5906/1804/6330
f 5909/1808/6331 5906/1804/6332 5908/1807/6326
f 5912/1816/6333 5911/1817/7252 5910/1818/6335
f 5912/1816/6336 5910/1818/6337 5913/1819/6338
f 5910/1818/6339 5911/1817/6334 5914/1820/6340
f 5911/1817/6341 5915/1821/6342 5914/1820/6343
f 5914/1820/6343 5915/1821/6344 4582/1141/6345
f 5916/1143/6346 5914/1820/6343 4582/1141/6345
f 5099/1153/6347 5914/1820/6348 5916/1143/6349
f 5099/1153/6350 5910/1818/6351 5914/1820/6352
f 5098/1151/6353 5910/1818/6354 5099/1153/6355
f 5097/1149/7253 5910/1818/6354 5098/1151/6357
f 5913/1819/6358 5910/1818/6359 5917/1822/6360
f 5917/1822/7464 5910/1818/6359 5097/1149/6361
f 5913/1819/6338 5917/1822/6362 5918/1823/7465
f 5097/1149/6364 5110/1148/6365 5917/1822/6366
f 5918/1823/7466 5917/1822/6368 4550/1168/6369
f 5917/1822/6370 5110/1148/6371 4550/1168/6372
f 5921/1824/6373 5920/1825/6374 5919/1826/6375
f 5922/1827/6376 5920/1825/6377 5921/1824/7467
f 5920/1825/6379 5922/1827/6380 5923/1828/6381
f 5919/1826/6382 5920/1825/6374 5924/1829/6383
f 5920/1825/6379 5923/1828/6384 5925/1830/6385
f 5926/1831/6386 5919/1826/6387 5924/1829/6388
f 5927/1832/6389 5919/1826/6387 5926/1831/6391
f 5926/1831/6392 5928/1833/6393 5927/1832/6394
f 5929/1834/6395 5928/1833/6396 5926/1831/6397
f 5929/1834/6398 5930/1835/6399 5928/1833/6400
f 5931/1836/6401 5930/1835/6402 5929/1834/7468
f 5931/1836/6404 5932/1837/6405 5930/1835/6406
f 5933/1838/6407 5932/1837/6408 5931/1836/6409
f 5933/1838/6410 5934/1839/6411 5932/1837/6412
f 5935/1840/6413 5934/1839/6411 5933/1838/7469
f 5923/1828/6415 5936/1841/6416 5925/1830/6417
f 5935/1840/6418 5937/1842/6419 5934/1839/6420
f 5938/1843/6421 5937/1842/6419 5935/1840/6418
f 5936/1841/6422 5937/1842/6423 5938/1843/6424
f 5939/1844/6425 5936/1841/6426 5923/1828/6381
f 5940/1845/6427 5937/1842/6428 5936/1841/6416
f 5936/1841/6429 5939/1844/6430 5940/1845/6431
f 5943/1481/6432 5942/1846/6433 5941/1479/6434
f 5942/1846/6433 5944/1476/6435 5941/1479/6434
f 5945/1847/6436 5942/1846/6437 5943/1481/6438
f 5943/1481/6438 5946/1848/6439 5945/1847/6440
f 4528/1458/6441 5946/1848/6442 5943/1481/6443
f 4528/1458/6444 5359/1457/6445 5946/1848/6446
f 5946/1848/6446 5359/1457/6445 5947/1849/6447
f 5945/1847/6448 5946/1848/6439 5947/1849/6447
f 5359/1457/6449 5948/1460/6450 5947/1849/6451
f 5942/1846/6433 5945/1847/6452 5949/1850/6453
f 5949/1850/6454 5945/1847/6436 5947/1849/6455
f 5950/1851/6456 5944/1476/6457 5942/1846/6458
f 5949/1850/6459 5950/1851/6460 5942/1846/6433
f 5947/1849/6461 5948/1460/6462 5951/1852/6463
f 5948/1460/6464 4393/1462/6465 5951/1852/6466
f 5951/1852/6467 5952/1853/6468 5947/1849/6469
f 5947/1849/6470 5952/1853/6471 5949/1850/6472
f 5951/1852/6473 4393/1462/6465 5953/1854/6474
f 5951/1852/6475 5953/1854/6476 5952/1853/6477
f 5953/1854/6478 4393/1462/6479 5954/1855/6480
f 5954/1855/6481 4393/1462/6482 5983/1464/6483
f 5954/1855/6484 5983/1464/6485 5361/1467/7256
f 5361/1467/7257 5362/1469/6488 5954/1855/6490
f 5954/1855/6490 5955/1856/6491 5953/1854/6492
f 5952/1853/6493 5953/1854/6476 5955/1856/6494
f 5954/1855/7470 5362/1469/6496 5956/1857/6497
f 5956/1857/6497 5955/1856/6491 5954/1855/6498
f 5362/1469/6496 5363/1471/6499 5956/1857/6497
f 5955/1856/6500 5957/1858/6501 5952/1853/6477
f 5956/1857/6497 5957/1858/6502 5955/1856/6503
f 5952/1853/6471 5958/1859/6505 5949/1850/6472
f 5952/1853/6477 5957/1858/6506 5958/1859/7471
f 5956/1857/6497 5363/1471/6499 5959/1860/6508
f 5959/1860/6508 5957/1858/6502 5956/1857/6497
f 5363/1471/6499 5960/1861/6509 5959/1860/6510
f 5960/1861/6509 5957/1858/6502 5959/1860/6510
f 5961/1473/6511 5960/1861/6512 5363/1471/6513
f 5368/1485/6514 5960/1861/6512 5961/1473/6515
f 5962/1862/6516 5957/1858/6517 5960/1861/6512
f 5962/1862/6516 5960/1861/6518 5368/1485/6519
f 5962/1862/6520 5958/1859/6507 5957/1858/6506
f 5962/1862/6522 5368/1485/6523 5963/1863/6524
f 5963/1863/6525 5958/1859/6526 5962/1862/6522
f 5963/1863/6525 5368/1485/6523 5369/1487/6528
f 5949/1850/6454 5958/1859/6529 5964/1864/6530
f 5963/1863/6531 5964/1864/6532 5958/1859/6505
f 5964/1864/6533 5950/1851/6534 5949/1850/6453
f 5963/1863/6535 5369/1487/7260 5965/1865/6537
f 5965/1865/6538 5964/1864/6539 5963/1863/6540
f 5965/1865/6541 5950/1851/6534 5964/1864/6533
f 5965/1865/6537 5369/1487/7260 5966/1489/6543
f 5967/1866/6544 5950/1851/6534 5965/1865/6541
f 5966/1489/6545 5967/1866/6544 5965/1865/6546
f 5950/1851/6534 5967/1866/6544 5944/1476/6457
f 5968/1477/6547 5967/1866/6548 5966/1489/6545
f 5944/1476/6549 5967/1866/6550 5968/1477/6551
f 5394/1479/6552 5970/1846/6553 5969/1481/6554
f 5394/1479/6555 5971/1476/6556 5970/1846/6557
f 5969/1481/6554 5970/1846/6553 5972/1847/6558
f 5972/1847/6559 5973/1848/6560 5969/1481/6554
f 5969/1481/6554 5973/1848/6560 5974/1458/6561
f 5973/1848/6560 5975/1457/6562 5974/1458/6561
f 5976/1849/6563 5975/1457/6564 5973/1848/6565
f 5976/1849/6566 5973/1848/6567 5972/1847/6559
f 5976/1849/6568 5387/1460/6569 5975/1457/6570
f 5977/1850/6571 5972/1847/6572 5970/1846/6553
f 5976/1849/6573 5972/1847/6574 5977/1850/6575
f 5970/1846/6576 5971/1476/6577 5978/1851/6578
f 5978/1851/6579 5977/1850/6571 5970/1846/6580
f 5979/1852/6581 5387/1460/6582 5976/1849/6583
f 5979/1852/6584 4417/1462/6585 5387/1460/6569
f 5976/1849/6586 5980/1853/6587 5979/1852/6581
f 5977/1850/6588 5980/1853/6589 5976/1849/6590
f 5981/1854/6591 4417/1462/6592 5979/1852/6584
f 5980/1853/6593 5981/1854/6594 5979/1852/6595
f 5982/1855/6596 4417/1462/6597 5981/1854/6598
f 5983/1464/6599 4417/1462/6597 5982/1855/6600
f 5984/1467/6601 5983/1464/6602 5982/1855/6603
f 5982/1855/6604 5985/1469/6605 5984/1467/6606
f 5981/1854/6607 5986/1856/6608 5982/1855/6609
f 5986/1856/6610 5981/1854/6611 5980/1853/6593
f 5987/1857/6612 5985/1469/6613 5982/1855/6609
f 5982/1855/6609 5986/1856/6608 5987/1857/6612
f 5987/1857/6614 5988/1471/6615 5985/1469/6616
f 5980/1853/6617 5989/1858/6618 5986/1856/6610
f 5989/1858/6619 5987/1857/6620 5986/1856/6621
f 5977/1850/6588 5990/1859/6622 5980/1853/6623
f 5990/1859/6624 5989/1858/6625 5980/1853/6593
f 5991/1860/7268 5988/1471/6615 5987/1857/6628
f 5991/1860/6626 5987/1857/6628 5989/1858/6629
f 5991/1860/6630 5992/1861/6631 5988/1471/6632
f 5991/1860/6630 5989/1858/6633 5992/1861/6631
f 5988/1471/6634 5992/1861/6635 5395/1473/6636
f 5395/1473/6637 5992/1861/6638 5993/1485/6639
f 5992/1861/6631 5989/1858/6619 5994/1862/6640
f 5993/1485/6639 5992/1861/6638 5994/1862/6641
f 5989/1858/6642 5990/1859/6643 5994/1862/6644
f 5995/1863/6645 5993/1485/6646 5994/1862/7269
f 5994/1862/6647 5990/1859/6648 5995/1863/6649
f 5397/1487/6650 5993/1485/6651 5995/1863/6645
f 5996/1864/6652 5990/1859/6653 5977/1850/6588
f 5990/1859/6622 5996/1864/6654 5995/1863/6655
f 5996/1864/6656 5977/1850/6657 5978/1851/6658
f 5997/1865/6659 5397/1487/6660 5995/1863/6661
f 5995/1863/6661 5996/1864/6662 5997/1865/6659
f 5978/1851/6663 5997/1865/6668 5996/1864/6656
f 5399/1489/7272 5397/1487/6660 5997/1865/6659
f 5998/1866/6666 5997/1865/6667 5978/1851/6663
f 5997/1865/6668 5998/1866/6669 5399/1489/6670
f 5971/1476/7472 5998/1866/6666 5978/1851/6663
f 5399/1489/6672 5998/1866/6669 5400/1477/6673
f 5400/1477/6674 5998/1866/6675 5971/1476/6676
f 5999/1867/166 4160/1868/166 4172/1869/166
f 5999/1867/166 4172/1869/166 6000/1870/166
f 5999/1867/6677 6001/1871/166 4160/1868/166
f 5999/1867/166 6000/1870/166 4169/1872/166
f 5999/1867/166 4162/1873/166 6001/1871/166
f 5999/1867/166 4169/1872/166 4167/1874/166
f 5999/1867/166 4164/1875/166 4162/1873/166
f 5999/1867/166 4167/1874/166 4164/1875/166
f 6002/1876/153 4171/1877/141 4161/1878/141
f 6002/1876/153 4161/1878/141 6003/1879/141
f 6002/1876/153 4170/1880/141 4171/1877/141
f 6002/1876/6678 6003/1879/141 4163/1881/153
f 6002/1876/6678 4166/1882/141 4170/1880/141
f 6002/1876/153 4163/1881/141 4165/1883/141
f 6002/1876/6678 4168/1884/141 4166/1882/153
f 6002/1876/6678 4165/1883/141 4168/1884/141
f 6005/1885/6679 4942/1886/6680 6004/1887/6681
f 6005/1885/6679 6004/1887/6681 6006/1888/6682
f 6005/1885/6679 6007/1889/6680 4942/1886/6680
f 6005/1885/6683 6006/1888/6682 4947/1890/6684
f 6005/1885/6679 4945/1891/6685 6007/1889/6680
f 6005/1885/6683 4947/1890/6686 4945/1891/6685
f 6009/1892/6687 6008/1887/6688 4943/1886/6689
f 6009/1892/6690 4943/1886/6689 4944/1889/6689
f 6009/1892/6687 4941/1888/6691 6008/1887/6688
f 6009/1892/6687 4944/1889/6689 4946/1891/6692
f 6009/1892/6687 4940/1890/6693 4941/1888/6694
f 6009/1892/6687 4946/1891/6695 4940/1890/6696
f 6011/1893/6697 5072/1894/6698 6010/1895/6699
f 6011/1893/6700 6010/1895/6699 6012/1896/6701
f 6011/1893/6702 5084/1897/6703 5072/1894/6698
f 6011/1893/6702 6012/1896/6704 6013/1898/6705
f 6011/1893/6702 5089/1899/6706 5084/1897/6703
f 6011/1893/6702 6013/1898/6705 6014/1900/6707
f 6011/1893/6702 5091/1901/6708 5089/1899/6706
f 6011/1893/6702 6014/1900/6707 6015/1902/6709
f 6011/1893/6702 5083/1903/6710 5091/1901/6708
f 6011/1893/6702 6015/1902/6709 5083/1903/6711
f 6017/1904/6712 6016/1905/6713 5080/1906/6714
f 6017/1904/6712 5080/1906/6714 5079/1907/6715
f 6017/1904/6712 5082/1908/6716 6016/1905/6713
f 6017/1904/6712 5079/1907/6715 5076/1909/7274
f 6017/1904/6712 6018/1910/6718 5082/1908/6716
f 6017/1904/6719 5076/1909/6720 6019/1911/6721
f 6017/1904/6722 6020/1912/6723 6018/1910/6724
f 6017/1904/6712 6019/1911/6725 5086/1913/6726
f 6017/1904/6712 5092/1914/6727 6020/1912/6728
f 6017/1904/6712 5086/1913/6729 5087/1915/6730
f 6017/1904/6712 6021/1916/6731 5092/1914/6727
f 6017/1904/6732 5087/1915/6733 6021/1916/6734
f 6022/1867/6735 5781/1868/5950 5794/1869/5950
f 6022/1867/6736 5794/1869/5950 5793/1870/5940
f 6022/1867/6737 5784/1871/5950 5781/1868/5950
f 6022/1867/6735 5793/1870/5940 5791/1872/6739
f 6022/1867/6736 5786/1873/6738 5784/1871/5950
f 6022/1867/6740 5791/1872/6738 5790/1874/6739
f 6022/1867/6736 5787/1875/6738 5786/1873/6738
f 6022/1867/6736 5790/1874/5950 5787/1875/5940
f 6024/1876/5918 6023/1877/5918 5782/1878/5918
f 6024/1876/5918 5782/1878/5918 5785/1879/5918
f 6024/1876/5918 5792/1880/5918 6023/1877/5918
f 6024/1876/5918 5785/1879/5918 5783/1881/5918
f 6024/1876/5918 5789/1882/5918 5792/1880/5918
f 6024/1876/5918 5783/1881/5918 5788/1883/5918
f 6024/1876/5918 6025/1884/5918 5789/1882/5918
f 6024/1876/5918 5788/1883/5918 6025/1884/5918
f 6028/1917/6741 6027/1918/6742 6026/1919/6743
f 6028/1917/6744 6026/1919/6743 6029/1920/6745
f 6029/1920/6746 6026/1919/6747 6030/1921/6748
f 6031/1922/6749 6027/1918/6750 6028/1917/7276
f 6031/1922/6752 6032/1923/6753 6027/1918/6754
f 6029/1920/6755 6030/1921/6748 6033/1924/6756
f 6033/1924/6757 6030/1921/6758 6034/1925/6759
f 6029/1920/6768 6035/1926/6761 6028/1917/6762
f 6028/1917/6763 6035/1926/6764 6031/1922/6765
f 6033/1924/6766 6035/1926/6767 6029/1920/6768
f 6036/1927/6769 6032/1923/6770 6031/1922/6771
f 6031/1922/7473 6035/1926/6773 6036/1927/6774
f 6036/1927/6769 6037/1928/6775 6032/1923/6770
f 6033/1924/6776 6034/1925/6759 6038/1929/6777
f 6038/1929/6778 6035/1926/6779 6033/1924/6780
f 6038/1929/6781 6034/1925/6782 6037/1928/6783
f 6036/1927/6784 6035/1926/6785 6038/1929/6786
f 6038/1929/6787 6037/1928/6783 6036/1927/6784
f 6040/1930/6788 6039/1931/6789 5828/1932/6071
f 6040/1930/6790 5828/1932/6071 6041/1933/6791
f 6041/1933/6792 5828/1932/6071 5829/1934/6793
f 6042/1935/6794 6039/1931/6024 6040/1930/6795
f 6042/1935/6796 5813/1936/6021 6039/1931/6024
f 6041/1933/6792 5829/1934/6793 6043/1937/6798
f 6043/1937/6799 5829/1934/6073 5831/1938/6075
f 6041/1933/6800 6044/1939/6801 6040/1930/6802
f 6040/1930/6790 6044/1939/6803 6042/1935/7474
f 6043/1937/6799 6044/1939/6806 6041/1933/6807
f 6045/1940/6808 5813/1936/6020 6042/1935/6809
f 6042/1935/6810 6044/1939/6811 6045/1940/6812
f 6045/1940/7277 6046/1941/6018 5813/1936/6020
f 6043/1937/6813 5831/1938/6075 6047/1942/6814
f 6047/1942/6815 6044/1939/6816 6043/1937/6817
f 6047/1942/6818 5831/1938/6076 6046/1941/6077
f 6045/1940/6808 6044/1939/6819 6047/1942/6820
f 6047/1942/6815 6046/1941/6018 6045/1940/6821
f 6049/1943/6063 6048/1944/6822 5826/1945/6823
f 5826/1945/6824 6048/1944/6825 6050/1946/6826
f 5826/1945/6824 6050/1946/6826 6051/1947/6070
f 6049/1943/6063 6052/1948/6827 6048/1944/6822
f 6053/1949/6828 6052/1948/6829 6049/1943/6063
f 6051/1947/6070 6050/1946/6830 6054/1950/6831
f 6051/1947/6056 6054/1950/6831 5822/1951/6057
f 6048/1944/6822 6055/1952/6832 6050/1946/6833
f 6052/1948/6834 6055/1952/6835 6048/1944/6836
f 6050/1946/7279 6055/1952/6838 6054/1950/6839
f 6053/1949/7475 6056/1953/6840 6052/1948/6841
f 6056/1953/6842 6055/1952/6843 6052/1948/6844
f 6057/1954/6058 6056/1953/6845 6053/1949/6061
f 5822/1951/6057 6054/1950/6839 6058/1955/6846
f 6054/1950/6847 6055/1952/6848 6058/1955/6849
f 6058/1955/6850 6055/1952/6851 6056/1953/6852
f 5822/1951/6853 6058/1955/6850 6057/1954/6854
f 6057/1954/6855 6058/1955/6856 6056/1953/6845
