# Blender 4.2.3 LTS
# www.blender.org
o cir_25
v -0.277785 0.000000 0.415735
v -0.353553 0.000000 0.353554
v 0.000000 0.000000 0.000000
v -0.191341 0.000000 0.461940
v -0.417745 0.119773 0.173036
v -0.375960 0.119773 0.251209
v -0.373428 0.127400 0.249517
v -0.414931 0.127400 0.171870
v 0.251209 0.119773 -0.375960
v 0.173036 0.119773 -0.417745
v 0.171870 0.127400 -0.414931
v 0.249516 0.127400 -0.373428
v 0.000000 0.119773 0.452164
v 0.088213 0.119773 0.443475
v 0.087618 0.127400 0.440488
v 0.000000 0.127400 0.449118
v -0.319728 0.119773 0.319729
v -0.317573 0.127400 0.317575
v 0.088212 0.119773 -0.443475
v 0.087618 0.127400 -0.440488
v 0.173036 0.119773 0.417745
v 0.171870 0.127400 0.414931
v -0.251208 0.119773 0.375961
v -0.249516 0.127400 0.373429
v 0.000000 0.119773 -0.452164
v 0.000000 0.127400 -0.449118
v 0.251209 0.119773 0.375960
v 0.249516 0.127400 0.373428
v -0.173035 0.119773 0.417745
v -0.171869 0.127400 0.414931
v -0.088213 0.119773 -0.443475
v -0.087618 0.127400 -0.440488
v 0.319729 0.119773 0.319729
v 0.317575 0.127400 0.317575
v -0.088212 0.119773 0.443475
v -0.087618 0.127400 0.440489
v -0.173036 0.119773 -0.417745
v -0.171870 0.127400 -0.414931
v 0.375960 0.119773 0.251209
v 0.373428 0.127400 0.249516
v -0.251209 0.119773 -0.375960
v -0.249516 0.127400 -0.373428
v 0.417745 0.119773 0.173036
v 0.414931 0.127400 0.171870
v -0.319729 0.119773 -0.319728
v -0.317575 0.127400 -0.317575
v 0.443475 0.119773 0.088213
v 0.440488 0.127400 0.087618
v -0.375961 0.119773 -0.251208
v -0.373428 0.127400 -0.249516
v 0.452164 0.119773 -0.000000
v 0.449118 0.127400 -0.000000
v -0.417745 0.119773 -0.173036
v -0.414931 0.127400 -0.171869
v 0.443475 0.119773 -0.088212
v 0.440488 0.127400 -0.087618
v -0.443475 0.119773 -0.088212
v -0.440489 0.127400 -0.087618
v 0.417745 0.119773 -0.173036
v 0.414931 0.127400 -0.171869
v -0.452164 0.119773 -0.000000
v -0.449118 0.127400 -0.000000
v 0.375960 0.119773 -0.251209
v 0.373428 0.127400 -0.249516
v -0.443475 0.119773 0.088213
v -0.440488 0.127400 0.087619
v 0.319729 0.119773 -0.319729
v 0.317575 0.127400 -0.317575
v 0.277785 -0.000000 -0.415735
v 0.353553 -0.000000 -0.353553
v 0.191342 -0.000000 -0.461940
v 0.000000 0.127400 -0.000000
v -0.415735 0.000000 0.277786
v -0.461940 0.000000 0.191342
v -0.490393 0.000000 0.097546
v -0.500000 0.000000 0.000000
v 0.415735 -0.000000 -0.277785
v 0.461940 -0.000000 -0.191342
v -0.490393 -0.000000 -0.097545
v -0.461940 -0.000000 -0.191342
v 0.490393 -0.000000 -0.097545
v 0.500000 0.000000 0.000000
v -0.415735 -0.000000 -0.277785
v -0.353554 -0.000000 -0.353553
v 0.490393 0.000000 0.097545
v 0.461940 0.000000 0.191342
v 0.097545 0.000000 0.490393
v 0.000000 0.000000 0.500000
v 0.191342 0.000000 0.461940
v -0.277786 -0.000000 -0.415735
v -0.191342 -0.000000 -0.461940
v 0.415735 0.000000 0.277785
v 0.353553 0.000000 0.353553
v -0.097545 0.000000 0.490393
v 0.277785 0.000000 0.415735
v 0.097545 -0.000000 -0.490393
v 0.000000 -0.000000 -0.500000
v -0.097545 -0.000000 -0.490393
v 0.350702 0.010098 -0.350702
v 0.275545 0.010098 -0.412382
v -0.486437 0.010098 0.096759
v -0.458213 0.010098 0.189799
v 0.412382 0.010098 -0.275545
v -0.495967 0.010098 -0.000000
v 0.458214 0.010098 -0.189798
v -0.486438 0.010098 -0.096758
v 0.486438 0.010098 -0.096758
v -0.458214 0.010098 -0.189798
v 0.495967 0.010098 -0.000000
v -0.412382 0.010098 -0.275544
v 0.486437 0.010098 0.096758
v -0.350702 0.010098 -0.350701
v 0.458214 0.010098 0.189798
v -0.275545 0.010098 -0.412382
v 0.412382 0.010098 0.275545
v -0.189799 0.010098 -0.458213
v -0.096757 0.010098 0.486438
v 0.000000 0.010098 0.495967
v 0.350702 0.010098 0.350702
v -0.096758 0.010098 -0.486437
v -0.189798 0.010098 0.458214
v 0.275545 0.010098 0.412382
v 0.000000 0.010098 -0.495967
v -0.275544 0.010098 0.412382
v 0.189798 0.010098 0.458214
v 0.096758 0.010098 -0.486438
v -0.350701 0.010098 0.350702
v 0.096758 0.010098 0.486437
v 0.189798 0.010098 -0.458214
v -0.412382 0.010098 0.275545
vn -0.4645 -0.5486 0.6952
vn -0.5912 -0.5486 0.5912
vn -0.0000 -1.0000 -0.0000
vn -0.3199 -0.5487 0.7724
vn -0.8580 0.3709 0.3554
vn -0.7722 0.3709 0.5159
vn -0.4814 0.8153 0.3217
vn -0.5349 0.8153 0.2216
vn 0.5159 0.3709 -0.7722
vn 0.3554 0.3709 -0.8580
vn 0.2216 0.8153 -0.5349
vn 0.3217 0.8153 -0.4814
vn -0.0000 0.3709 0.9287
vn 0.1812 0.3709 0.9108
vn 0.1130 0.8153 0.5679
vn -0.0000 0.8153 0.5790
vn -0.6567 0.3709 0.6567
vn -0.4094 0.8153 0.4094
vn 0.1812 0.3709 -0.9108
vn 0.1130 0.8153 -0.5679
vn 0.3554 0.3709 0.8580
vn 0.2216 0.8153 0.5349
vn -0.5159 0.3709 0.7722
vn -0.3217 0.8153 0.4814
vn -0.0000 0.3709 -0.9287
vn -0.0000 0.8153 -0.5790
vn 0.5159 0.3709 0.7722
vn 0.3217 0.8153 0.4814
vn -0.3554 0.3709 0.8580
vn -0.2216 0.8153 0.5350
vn -0.1812 0.3709 -0.9108
vn -0.1130 0.8153 -0.5679
vn 0.6567 0.3709 0.6567
vn 0.4094 0.8153 0.4094
vn -0.1812 0.3709 0.9108
vn -0.1130 0.8153 0.5679
vn -0.3554 0.3709 -0.8580
vn -0.2216 0.8153 -0.5349
vn 0.7722 0.3709 0.5159
vn 0.4814 0.8153 0.3217
vn -0.5159 0.3709 -0.7722
vn -0.3217 0.8153 -0.4814
vn 0.8580 0.3709 0.3554
vn 0.5349 0.8153 0.2216
vn -0.6567 0.3709 -0.6567
vn -0.4094 0.8153 -0.4094
vn 0.9108 0.3709 0.1812
vn 0.5679 0.8153 0.1130
vn -0.7722 0.3709 -0.5159
vn -0.4814 0.8153 -0.3217
vn 0.9287 0.3709 -0.0000
vn 0.5790 0.8153 -0.0000
vn -0.8580 0.3709 -0.3554
vn -0.5349 0.8153 -0.2216
vn 0.9108 0.3709 -0.1812
vn 0.5679 0.8153 -0.1130
vn -0.9108 0.3709 -0.1812
vn -0.5679 0.8153 -0.1130
vn 0.8580 0.3709 -0.3554
vn 0.5349 0.8153 -0.2216
vn -0.9287 0.3709 -0.0000
vn -0.5790 0.8153 -0.0000
vn 0.7722 0.3709 -0.5159
vn 0.4814 0.8153 -0.3217
vn -0.9108 0.3709 0.1812
vn -0.5679 0.8153 0.1130
vn 0.6567 0.3709 -0.6567
vn 0.4094 0.8153 -0.4094
vn 0.4645 -0.5487 -0.6951
vn 0.5912 -0.5487 -0.5912
vn 0.3199 -0.5487 -0.7724
vn -0.0000 1.0000 -0.0000
vn -0.6952 -0.5486 0.4645
vn -0.7724 -0.5486 0.3199
vn -0.8200 -0.5486 0.1631
vn -0.8360 -0.5487 -0.0000
vn 0.6951 -0.5487 -0.4645
vn 0.7724 -0.5487 -0.3199
vn -0.8200 -0.5487 -0.1631
vn -0.7724 -0.5487 -0.3199
vn 0.8200 -0.5487 -0.1631
vn 0.8360 -0.5487 -0.0000
vn -0.6952 -0.5486 -0.4645
vn -0.5912 -0.5486 -0.5912
vn 0.8200 -0.5486 0.1631
vn 0.7724 -0.5487 0.3199
vn 0.1631 -0.5486 0.8200
vn -0.0000 -0.5487 0.8360
vn 0.3199 -0.5487 0.7724
vn -0.4645 -0.5486 -0.6952
vn -0.3199 -0.5486 -0.7724
vn 0.6951 -0.5487 0.4645
vn 0.5912 -0.5487 0.5912
vn -0.1631 -0.5487 0.8200
vn 0.4645 -0.5487 0.6951
vn 0.1631 -0.5487 -0.8200
vn -0.0000 -0.5487 -0.8360
vn -0.1631 -0.5486 -0.8200
vt 0.962263 0.030648
vt 0.962264 0.030648
vt 0.962264 0.030648
vt 0.962263 0.030648
vt 0.962263 0.030644
vt 0.962262 0.030644
vt 0.962267 0.030644
vt 0.962262 0.030645
vt 0.962263 0.030645
vt 0.962263 0.030645
vt 0.962266 0.030644
vt 0.962264 0.030645
vt 0.962265 0.030644
vt 0.962265 0.030645
vt 0.962264 0.030644
vt 0.962266 0.030645
vt 0.962263 0.030644
vt 0.962267 0.030645
vt 0.962265 0.030647
vt 0.962264 0.030647
vt 0.962266 0.030647
vt 0.762639 0.144874
vt 0.760659 0.125001
vt 0.862537 0.124886
vt 0.768459 0.163979
vt 0.947309 0.181390
vt 0.934657 0.196843
vt 0.956704 0.163766
vt 0.919233 0.209530
vt 0.901630 0.218964
vt 0.777765 0.068381
vt 0.790418 0.052929
vt 0.768371 0.086005
vt 0.882525 0.224783
vt 0.862652 0.226763
vt 0.805841 0.040241
vt 0.823444 0.030807
vt 0.919041 0.040114
vt 0.934494 0.052766
vt 0.901418 0.030719
vt 0.842775 0.224828
vt 0.823657 0.219052
vt 0.842549 0.024988
vt 0.862422 0.023008
vt 0.947181 0.068190
vt 0.956616 0.085792
vt 0.806033 0.209658
vt 0.790580 0.197006
vt 0.882299 0.024943
vt 0.962435 0.104897
vt 0.964415 0.124771
vt 0.777893 0.181582
vt 0.962265 0.030648
vt 0.962266 0.030648
vt 0.962263 0.030647
vt 0.962267 0.030648
vt 0.962263 0.030647
vt 0.962267 0.030648
vt 0.962262 0.030647
vt 0.962262 0.030648
vt 0.962262 0.030648
vt 0.962267 0.030647
vt 0.762595 0.105123
vt 0.962479 0.144648
vt 0.999085 0.096285
vt 0.999089 0.103637
vt 0.978659 0.115649
vt 0.978656 0.108947
vt 0.999134 0.191855
vt 0.999138 0.199206
vt 0.978704 0.202779
vt 0.978700 0.196077
vt 0.999082 0.088934
vt 0.978652 0.102245
vt 0.999130 0.184503
vt 0.978697 0.189374
vt 0.999078 0.081582
vt 0.978649 0.095542
vt 0.999127 0.177152
vt 0.978694 0.182672
vt 0.999074 0.074230
vt 0.978645 0.088840
vt 0.999123 0.169800
vt 0.978690 0.175970
vt 0.999070 0.066879
vt 0.978642 0.082138
vt 0.999119 0.162449
vt 0.978687 0.169268
vt 0.999067 0.059527
vt 0.978638 0.075435
vt 0.999116 0.155097
vt 0.978683 0.162565
vt 0.999063 0.052176
vt 0.978635 0.068733
vt 0.999112 0.147746
vt 0.978680 0.155863
vt 0.999059 0.044824
vt 0.978631 0.062031
vt 0.999108 0.140394
vt 0.978676 0.149161
vt 0.999158 0.236127
vt 0.999158 0.243154
vt 0.978723 0.243154
vt 0.978723 0.236127
vt 0.999055 0.037473
vt 0.978628 0.055329
vt 0.999104 0.133043
vt 0.978673 0.142458
vt 0.999153 0.228612
vt 0.999157 0.235964
vt 0.978721 0.236291
vt 0.978718 0.229588
vt 0.999052 0.030121
vt 0.978625 0.048626
vt 0.999101 0.125691
vt 0.978669 0.135756
vt 0.999149 0.221261
vt 0.978714 0.222886
vt 0.999048 0.022770
vt 0.978621 0.041924
vt 0.999097 0.118340
vt 0.978666 0.129054
vt 0.999145 0.213909
vt 0.978711 0.216184
vt 0.999044 0.015418
vt 0.978618 0.035222
vt 0.999093 0.110988
vt 0.978662 0.122352
vt 0.999142 0.206558
vt 0.978707 0.209481
vt 0.999041 0.008067
vt 0.978614 0.028519
vt 0.962262 0.030644
vt 0.962267 0.030644
s 1
f 1/1/1 2/2/2 3/3/3 4/4/4
f 5/5/5 6/6/6 7/6/7 8/5/8
f 9/7/9 10/7/10 11/7/11 12/7/12
f 13/8/13 14/9/14 15/9/15 16/8/16
f 6/6/6 17/6/17 18/6/18 7/6/7
f 10/7/10 19/7/19 20/7/20 11/7/11
f 14/9/14 21/9/21 22/9/22 15/9/15
f 17/6/17 23/6/23 24/6/24 18/6/18
f 19/7/19 25/7/25 26/7/26 20/7/20
f 21/9/21 27/10/27 28/10/28 22/9/22
f 23/6/23 29/6/29 30/6/30 24/6/24
f 25/7/25 31/11/31 32/11/32 26/7/26
f 27/10/27 33/10/33 34/10/34 28/10/28
f 29/6/29 35/6/35 36/6/36 30/6/30
f 31/11/31 37/11/37 38/11/38 32/11/32
f 33/10/33 39/12/39 40/12/40 34/10/34
f 35/6/35 13/8/13 16/8/16 36/6/36
f 37/11/37 41/13/41 42/13/42 38/11/38
f 39/12/39 43/12/43 44/12/44 40/12/40
f 41/13/41 45/13/45 46/13/46 42/13/42
f 43/12/43 47/14/47 48/14/48 44/12/44
f 45/13/45 49/15/49 50/15/50 46/13/46
f 47/14/47 51/14/51 52/14/52 48/14/48
f 49/15/49 53/15/53 54/15/54 50/15/50
f 51/14/51 55/16/55 56/16/56 52/14/52
f 53/15/53 57/17/57 58/17/58 54/15/54
f 55/16/55 59/16/59 60/16/60 56/16/56
f 57/17/57 61/17/61 62/17/62 58/17/58
f 59/16/59 63/18/63 64/18/64 60/16/60
f 61/17/61 65/5/65 66/5/66 62/17/62
f 63/18/63 67/7/67 68/7/68 64/18/64
f 65/5/65 5/5/5 8/5/8 66/5/66
f 67/7/67 9/7/9 12/7/12 68/7/68
f 69/19/69 70/20/70 3/3/3 71/21/71
f 58/22/58 62/23/62 72/24/72 54/25/54
f 64/26/64 68/27/68 72/24/72 60/28/60
f 12/29/12 11/30/11 72/24/72 68/27/68
f 7/31/7 18/32/18 72/24/72 8/33/8
f 20/34/20 26/35/26 72/24/72 11/30/11
f 24/36/24 30/37/30 72/24/72 18/32/18
f 28/38/28 34/39/34 72/24/72 22/40/22
f 32/41/32 38/42/38 72/24/72 26/35/26
f 36/43/36 16/44/16 72/24/72 30/37/30
f 40/45/40 44/46/44 72/24/72 34/39/34
f 42/47/42 46/48/46 72/24/72 38/42/38
f 15/49/15 22/40/22 72/24/72 16/44/16
f 44/46/44 48/50/48 52/51/52 72/24/72
f 46/48/46 50/52/50 54/25/54 72/24/72
f 2/2/2 73/2/73 74/53/74 3/3/3
f 74/53/74 75/54/75 76/54/76 3/3/3
f 77/20/77 78/55/78 3/3/3 70/20/70
f 79/56/79 80/56/80 3/3/3 76/54/76
f 81/57/81 82/57/82 3/3/3 78/55/78
f 83/58/83 84/58/84 3/3/3 80/56/80
f 85/59/85 86/59/86 3/3/3 82/57/82
f 87/60/87 88/60/88 3/3/3 89/61/89
f 90/58/90 91/62/91 3/3/3 84/58/84
f 92/59/92 93/61/93 3/3/3 86/59/86
f 94/4/94 4/4/4 3/3/3 88/60/88
f 95/61/95 89/61/89 3/3/3 93/61/93
f 96/21/96 71/21/71 3/3/3 97/62/97
f 66/63/66 8/33/8 72/24/72 62/23/62
f 56/64/56 60/28/60 72/24/72 52/51/52
f 98/62/98 97/62/97 3/3/3 91/62/91
f 99/65/67 100/66/9 9/67/9 67/68/67
f 101/69/65 102/70/5 5/71/5 65/72/65
f 103/73/63 99/65/67 67/68/67 63/74/63
f 104/75/61 101/69/65 65/72/65 61/76/61
f 105/77/59 103/73/63 63/74/63 59/78/59
f 106/79/57 104/75/61 61/76/61 57/80/57
f 107/81/55 105/77/59 59/78/59 55/82/55
f 108/83/53 106/79/57 57/80/57 53/84/53
f 109/85/51 107/81/55 55/82/55 51/86/51
f 110/87/49 108/83/53 53/84/53 49/88/49
f 111/89/47 109/85/51 51/86/51 47/90/47
f 112/91/45 110/87/49 49/88/49 45/92/45
f 113/93/43 111/89/47 47/90/47 43/94/43
f 114/95/41 112/91/45 45/92/45 41/96/41
f 115/97/39 113/93/43 43/94/43 39/98/39
f 116/99/37 114/95/41 41/96/41 37/100/37
f 117/101/35 118/102/13 13/103/13 35/104/35
f 119/105/33 115/97/39 39/98/39 33/106/33
f 120/107/31 116/99/37 37/100/37 31/108/31
f 121/109/29 117/110/35 35/111/35 29/112/29
f 122/113/27 119/105/33 33/106/33 27/114/27
f 123/115/25 120/107/31 31/108/31 25/116/25
f 124/117/23 121/109/29 29/112/29 23/118/23
f 125/119/21 122/113/27 27/114/27 21/120/21
f 126/121/19 123/115/25 25/116/25 19/122/19
f 127/123/17 124/117/23 23/118/23 17/124/17
f 128/125/14 125/119/21 21/120/21 14/126/14
f 129/127/10 126/121/19 19/122/19 10/128/10
f 130/129/6 127/123/17 17/124/17 6/130/6
f 118/131/13 128/125/14 14/126/14 13/132/13
f 100/66/9 129/127/10 10/128/10 9/67/9
f 102/70/5 130/129/6 6/130/6 5/71/5
f 74/53/74 73/2/73 130/133/6 102/133/5
f 69/19/69 71/21/71 129/7/10 100/7/9
f 88/60/88 87/60/87 128/8/14 118/8/13
f 73/2/73 2/2/2 127/6/17 130/133/6
f 71/21/71 96/21/96 126/7/19 129/7/10
f 87/60/87 89/61/89 125/9/21 128/8/14
f 2/2/2 1/1/1 124/6/23 127/6/17
f 96/21/96 97/62/97 123/134/25 126/7/19
f 89/61/89 95/61/95 122/9/27 125/9/21
f 1/1/1 4/4/4 121/6/29 124/6/23
f 97/62/97 98/62/98 120/134/31 123/134/25
f 95/61/95 93/61/93 119/10/33 122/9/27
f 4/4/4 94/4/94 117/6/35 121/6/29
f 98/62/98 91/62/91 116/11/37 120/134/31
f 93/61/93 92/59/92 115/12/39 119/10/33
f 94/4/94 88/60/88 118/8/13 117/6/35
f 91/62/91 90/58/90 114/11/41 116/11/37
f 92/59/92 86/59/86 113/12/43 115/12/39
f 90/58/90 84/58/84 112/13/45 114/11/41
f 86/59/86 85/59/85 111/14/47 113/12/43
f 84/58/84 83/58/83 110/15/49 112/13/45
f 85/59/85 82/57/82 109/16/51 111/14/47
f 83/58/83 80/56/80 108/15/53 110/15/49
f 82/57/82 81/57/81 107/16/55 109/16/51
f 80/56/80 79/56/79 106/17/57 108/15/53
f 81/57/81 78/55/78 105/18/59 107/16/55
f 79/56/79 76/54/76 104/5/61 106/17/57
f 78/55/78 77/20/77 103/18/63 105/18/59
f 76/54/76 75/54/75 101/5/65 104/5/61
f 77/20/77 70/20/70 99/7/67 103/18/63
f 75/54/75 74/53/74 102/133/5 101/5/65
f 70/20/70 69/19/69 100/7/9 99/7/67
o !b1_combined
v -0.192732 0.454326 -0.282336
v -0.211084 0.458405 -0.285462
v -0.212077 0.459159 -0.264765
v -0.210801 0.442149 -0.293913
v -0.212236 0.429396 -0.285152
v -0.204689 0.427402 -0.274946
v -0.205067 0.415952 -0.251707
v -0.205488 0.408616 -0.297194
v -0.210463 0.463115 -0.293113
v -0.207142 0.443061 -0.255072
v -0.227671 0.444151 -0.254914
v -0.247990 0.444066 -0.254962
v -0.227188 0.464157 -0.293120
v -0.243373 0.462817 -0.274769
v -0.251502 0.428671 -0.275050
v -0.227191 0.462583 -0.274348
v -0.211044 0.461981 -0.274728
v -0.227270 0.459548 -0.264728
v -0.269404 0.248607 -0.294775
v -0.270864 0.228432 -0.289513
v -0.270333 0.237441 -0.296331
v -0.252396 0.247258 -0.295247
v -0.268620 0.255387 -0.285755
v -0.251433 0.252462 -0.275027
v -0.268442 0.253811 -0.274555
v -0.269901 0.233635 -0.269293
v -0.270684 0.226855 -0.278314
v -0.253677 0.225507 -0.278785
v -0.252893 0.232287 -0.269765
v -0.268972 0.244801 -0.267736
v -0.253325 0.236093 -0.296804
v -0.259805 0.136009 -0.301377
v -0.277995 0.135481 -0.303731
v -0.261108 0.164651 -0.330275
v -0.254019 0.142795 -0.329275
v -0.273789 0.164685 -0.330915
v -0.273027 0.189205 -0.338085
v -0.281169 0.142932 -0.330579
v -0.255905 0.152785 -0.363138
v -0.275995 0.152878 -0.364129
v -0.260625 0.191720 -0.346899
v -0.272426 0.191771 -0.347472
v -0.260959 0.189155 -0.337501
v -0.228015 0.381198 -0.211397
v -0.226951 0.382624 -0.206565
v -0.240015 0.388247 -0.204724
v -0.237964 0.393977 -0.214034
v -0.236618 0.395899 -0.207707
v -0.241327 0.386400 -0.211071
v -0.266456 0.242160 -0.285273
v -0.258925 0.224377 -0.317517
v -0.267543 0.225086 -0.317388
v -0.256149 0.241306 -0.285430
v -0.252750 0.215213 -0.309238
v -0.262925 0.170654 -0.343537
v -0.262261 0.180054 -0.353140
v -0.272524 0.180898 -0.352989
v -0.274884 0.217028 -0.308900
v -0.273138 0.171494 -0.343388
v -0.267049 0.230378 -0.274710
v -0.257183 0.229564 -0.274862
v -0.249069 0.382303 -0.208428
v -0.247708 0.391263 -0.220189
v -0.250568 0.384120 -0.217238
v -0.251106 0.379941 -0.215346
v -0.252668 0.382174 -0.222557
v -0.245156 0.394812 -0.221474
v -0.243315 0.396682 -0.214361
v -0.235852 0.393300 -0.215319
v -0.261130 0.425232 -0.266921
v -0.274030 0.441529 -0.276203
v -0.263932 0.440573 -0.261692
v -0.276960 0.442192 -0.272022
v -0.278013 0.413725 -0.270874
v -0.286803 0.410328 -0.261203
v -0.283034 0.406460 -0.266562
v -0.288371 0.400302 -0.255898
v -0.278133 0.399354 -0.248398
v -0.272389 0.414802 -0.254240
v -0.284210 0.416131 -0.263489
v -0.267342 0.431155 -0.258210
v -0.281069 0.432664 -0.269038
v -0.228407 0.383304 -0.188386
v -0.224316 0.396475 -0.197788
v -0.219584 0.386772 -0.209157
v -0.223302 0.396061 -0.193650
v -0.223846 0.376122 -0.204762
v -0.225388 0.397019 -0.193082
v -0.230456 0.381140 -0.191460
v -0.234372 0.397236 -0.206983
v -0.237330 0.392133 -0.218984
v -0.249668 0.381055 -0.212303
v -0.245395 0.385416 -0.197563
v -0.244022 0.395165 -0.218125
v -0.242976 0.378023 -0.213161
v -0.239742 0.399544 -0.203393
v -0.240821 0.381117 -0.200352
v -0.230427 0.384429 -0.187888
v -0.245474 0.385108 -0.198113
v -0.239772 0.399380 -0.203994
v -0.173597 0.386999 -0.206996
v -0.173306 0.379852 -0.206807
v -0.165184 0.385617 -0.185090
v -0.178632 0.385928 -0.190405
v -0.158103 0.379501 -0.200810
v -0.162813 0.403438 -0.193299
v -0.174234 0.403617 -0.197823
v -0.176170 0.404778 -0.192890
v -0.179003 0.387844 -0.189706
v -0.178990 0.389240 -0.193723
v -0.162533 0.388922 -0.187213
v -0.165323 0.387628 -0.184292
v -0.164749 0.404600 -0.188367
v -0.157474 0.386625 -0.200624
v -0.258726 0.335083 -0.264705
v -0.246480 0.334030 -0.265037
v -0.260566 0.324495 -0.261977
v -0.258072 0.336813 -0.287816
v -0.263582 0.291944 -0.263569
v -0.266955 0.244691 -0.269670
v -0.249384 0.290303 -0.264182
v -0.160589 0.397622 -0.226308
v -0.160113 0.387911 -0.227625
v -0.221654 0.502034 -0.286503
v -0.223653 0.496708 -0.271467
v -0.221753 0.514260 -0.288649
v -0.228956 0.496859 -0.271511
v -0.229959 0.514149 -0.288930
v -0.229074 0.502037 -0.286706
v -0.222127 0.362594 -0.281446
v -0.234031 0.399655 -0.278490
v -0.237452 0.362993 -0.281446
v -0.234575 0.378816 -0.256145
v -0.234592 0.344185 -0.256404
v -0.225962 0.343960 -0.256404
v -0.224177 0.378545 -0.256145
v -0.223635 0.399384 -0.278490
v -0.239988 0.334818 -0.255739
v -0.223847 0.325479 -0.273103
v -0.237666 0.325839 -0.273103
v -0.224410 0.342012 -0.293898
v -0.222597 0.341897 -0.274584
v -0.223427 0.332561 -0.287914
v -0.214246 0.355605 -0.278344
v -0.224481 0.359639 -0.259628
v -0.221213 0.366723 -0.286190
v -0.220138 0.360630 -0.278588
v -0.236244 0.342321 -0.293898
v -0.238151 0.367164 -0.286189
v -0.235272 0.359847 -0.259492
v -0.215180 0.353553 -0.263402
v -0.221061 0.334325 -0.255739
v -0.157107 0.394238 -0.242011
v -0.155409 0.393030 -0.241844
v -0.157226 0.396695 -0.241609
v -0.155649 0.397943 -0.241041
v -0.226996 0.468141 -0.232105
v -0.217157 0.468276 -0.232028
v -0.215274 0.456368 -0.279156
v -0.221884 0.463625 -0.282405
v -0.220841 0.499159 -0.283943
v -0.220856 0.496808 -0.291652
v -0.215495 0.503694 -0.286487
v -0.236600 0.504294 -0.286478
v -0.231681 0.497083 -0.291642
v -0.232288 0.463881 -0.282392
v -0.231571 0.499430 -0.283943
v -0.239309 0.458757 -0.273062
v -0.215074 0.458102 -0.273138
v -0.239360 0.456823 -0.279016
v -0.232276 0.466324 -0.274559
v -0.221765 0.466069 -0.274566
v -0.236673 0.502472 -0.292184
v -0.215529 0.501899 -0.292177
v -0.150794 0.394314 -0.240595
v -0.150915 0.396771 -0.240194
v -0.152612 0.397979 -0.240360
v -0.152372 0.393067 -0.241164
v -0.214558 0.487045 -0.305087
v -0.220562 0.508908 -0.295047
v -0.213296 0.509174 -0.295377
v -0.221754 0.486217 -0.298793
v -0.221271 0.492255 -0.297048
v -0.238163 0.486855 -0.298793
v -0.238318 0.487605 -0.305059
v -0.232206 0.487904 -0.306277
v -0.231743 0.486524 -0.298813
v -0.231894 0.496383 -0.306349
v -0.218939 0.513933 -0.305528
v -0.220744 0.487617 -0.306231
v -0.214898 0.486060 -0.298694
v -0.220540 0.496079 -0.306213
v -0.226314 0.496205 -0.306879
v -0.231226 0.492698 -0.297144
v -0.211145 0.501346 -0.295436
v -0.210919 0.510097 -0.295535
v -0.211041 0.505706 -0.297380
v -0.240981 0.506486 -0.297380
v -0.241104 0.502126 -0.295436
v -0.241100 0.502157 -0.287742
v -0.211039 0.505769 -0.285903
v -0.240979 0.506548 -0.285903
v -0.241142 0.500566 -0.291574
v -0.240875 0.510905 -0.287853
v -0.210916 0.510125 -0.287853
v -0.210878 0.511686 -0.291707
v -0.240873 0.510877 -0.295535
v -0.240832 0.512467 -0.291707
v -0.211147 0.501377 -0.287742
v -0.211188 0.499786 -0.291574
v -0.208236 0.399253 -0.283644
v -0.211270 0.397346 -0.255308
v -0.211085 0.415389 -0.253753
v -0.204848 0.521058 -0.312575
v -0.208554 0.467998 -0.303046
v -0.205471 0.467554 -0.308779
v -0.203792 0.522947 -0.314399
v -0.207914 0.536949 -0.312027
v -0.211743 0.521227 -0.312569
v -0.213150 0.468052 -0.309582
v -0.212703 0.523173 -0.314399
v -0.208279 0.521897 -0.307020
v -0.208224 0.523936 -0.305966
v -0.211336 0.352144 -0.274243
v -0.211640 0.340780 -0.285410
v -0.225376 0.354671 -0.273950
v -0.225658 0.341284 -0.260883
v -0.211921 0.329696 -0.274156
v -0.211628 0.340918 -0.262960
v -0.225957 0.328136 -0.274387
v -0.225667 0.341521 -0.287488
v -0.201533 0.497116 -0.310791
v -0.201699 0.465793 -0.309070
v -0.208238 0.497288 -0.310792
v -0.204866 0.497890 -0.305348
v -0.200183 0.499150 -0.312635
v -0.204812 0.500026 -0.304154
v -0.204496 0.513167 -0.310388
v -0.209482 0.499386 -0.312635
v -0.209338 0.466303 -0.309825
v -0.204830 0.466187 -0.303245
v -0.211488 0.467224 -0.316313
v -0.200658 0.461175 -0.315288
v -0.211532 0.460835 -0.318759
v -0.204043 0.467352 -0.313952
v -0.196868 0.461390 -0.306936
v -0.200017 0.467607 -0.307594
v -0.211180 0.472671 -0.307617
v -0.204156 0.468046 -0.300952
v -0.211485 0.468103 -0.298603
v -0.211523 0.462139 -0.295084
v -0.200775 0.461931 -0.298357
v -0.198833 0.392311 -0.276261
v -0.212345 0.406278 -0.265947
v -0.212471 0.406105 -0.277529
v -0.202748 0.403725 -0.276620
v -0.205200 0.366202 -0.267639
v -0.198789 0.392318 -0.267245
v -0.214183 0.373749 -0.264962
v -0.214110 0.373878 -0.278366
v -0.228102 0.359732 -0.277634
v -0.228838 0.373557 -0.278524
v -0.205210 0.366110 -0.276466
v -0.228125 0.359828 -0.266491
v -0.228811 0.373457 -0.264862
v -0.209302 0.394289 -0.264717
v -0.213701 0.393255 -0.277756
v -0.209298 0.394077 -0.278352
v -0.202713 0.403993 -0.267131
v -0.213670 0.393416 -0.265557
v -0.200571 0.462368 -0.294825
v -0.209760 0.465001 -0.319193
v -0.209779 0.472683 -0.301623
v -0.146406 0.394882 -0.260587
v -0.145059 0.404097 -0.264541
v -0.152293 0.404009 -0.266164
v -0.152948 0.402932 -0.260636
v -0.151883 0.395611 -0.267538
v -0.144649 0.395698 -0.265915
v -0.150763 0.393531 -0.262590
v -0.147726 0.393568 -0.261909
v -0.152728 0.400226 -0.261859
v -0.152551 0.394808 -0.261965
v -0.152608 0.397770 -0.262261
v -0.146802 0.403006 -0.259258
v -0.151394 0.406475 -0.260473
v -0.148357 0.406511 -0.259792
v -0.146296 0.397847 -0.260845
v -0.146417 0.400303 -0.260444
v -0.199607 0.341873 -0.258055
v -0.203024 0.357322 -0.275123
v -0.203143 0.351962 -0.286518
v -0.201849 0.340208 -0.290845
v -0.199898 0.328943 -0.285570
v -0.213673 0.322631 -0.272709
v -0.198434 0.324762 -0.273783
v -0.213553 0.327990 -0.261313
v -0.198313 0.330116 -0.262385
v -0.214848 0.339744 -0.256987
v -0.216798 0.351010 -0.262261
v -0.201558 0.353143 -0.263332
v -0.218263 0.355191 -0.274048
v -0.217089 0.338079 -0.289776
v -0.218383 0.349836 -0.285446
v -0.215138 0.326809 -0.284500
v -0.198183 0.455388 -0.270406
v -0.193419 0.446679 -0.275609
v -0.195667 0.438530 -0.282667
v -0.197139 0.453536 -0.270622
v -0.205302 0.398019 -0.282140
v -0.207702 0.379443 -0.295665
v -0.193007 0.434311 -0.282155
v -0.193046 0.433842 -0.267721
v -0.171081 0.432924 -0.271742
v -0.169588 0.434472 -0.265738
v -0.147540 0.412469 -0.265546
v -0.151270 0.409941 -0.262775
v -0.173736 0.430339 -0.263210
v -0.154701 0.407688 -0.269222
v -0.175536 0.428481 -0.269404
v -0.148811 0.412336 -0.270679
v -0.169436 0.419574 -0.274886
v -0.157425 0.406947 -0.276578
v -0.164263 0.424785 -0.271697
v -0.165189 0.424554 -0.268637
v -0.150793 0.413627 -0.272490
v -0.144739 0.413720 -0.269900
v -0.147771 0.410767 -0.260153
v -0.160812 0.403647 -0.265691
v -0.160872 0.397569 -0.268229
v -0.157839 0.400523 -0.277976
v -0.138795 0.407789 -0.269848
v -0.141828 0.404835 -0.260101
v -0.151895 0.394591 -0.277924
v -0.146888 0.391308 -0.265775
v -0.154928 0.391637 -0.268177
v -0.143855 0.394262 -0.275522
v -0.141461 0.396775 -0.262430
v -0.138429 0.399729 -0.272177
v -0.171985 0.417090 -0.266692
v -0.171695 0.418023 -0.269870
v -0.165913 0.423847 -0.266307
v -0.166812 0.422301 -0.263503
v -0.154180 0.410328 -0.261602
v -0.170970 0.418730 -0.272201
v -0.169071 0.435305 -0.265182
v -0.181816 0.447241 -0.265659
v -0.183928 0.445150 -0.272111
v -0.188138 0.440956 -0.269545
v -0.171362 0.432944 -0.272659
v -0.176162 0.428209 -0.269883
v -0.186610 0.442523 -0.263438
v -0.174899 0.429540 -0.263021
v -0.206643 0.451202 -0.277326
v -0.206361 0.444997 -0.279119
v -0.203792 0.456449 -0.274849
v -0.198572 0.459333 -0.272351
v -0.202069 0.455928 -0.261113
v -0.207288 0.453044 -0.263611
v -0.209858 0.441591 -0.267881
v -0.210097 0.447796 -0.266173
v -0.192382 0.459080 -0.270502
v -0.203093 0.439637 -0.279768
v -0.195879 0.455674 -0.259264
v -0.190054 0.451987 -0.258576
v -0.206151 0.435773 -0.268499
v -0.190411 0.445678 -0.259739
v -0.199429 0.436576 -0.279305
v -0.200309 0.435707 -0.265841
v -0.184057 0.452058 -0.269829
v -0.187000 0.455850 -0.269847
v -0.180061 0.443096 -0.271151
v -0.182454 0.440722 -0.262774
v -0.193264 0.429832 -0.269437
v -0.190555 0.432526 -0.277620
v -0.185362 0.426612 -0.280291
v -0.184199 0.445869 -0.269782
v -0.181691 0.445600 -0.274191
v -0.186221 0.443090 -0.262862
v -0.195395 0.434590 -0.276683
v -0.192485 0.434726 -0.280845
v -0.172318 0.415315 -0.276472
v -0.174126 0.438215 -0.273372
v -0.162670 0.425219 -0.270457
v -0.177838 0.435080 -0.262149
v -0.189039 0.423438 -0.269245
v -0.196952 0.432279 -0.269477
v -0.167603 0.424607 -0.262037
v -0.176796 0.415022 -0.267663
v -0.174448 0.413028 -0.269612
v -0.167551 0.410483 -0.276399
v -0.150165 0.413052 -0.269280
v -0.164549 0.423000 -0.263509
v -0.151850 0.411412 -0.263867
v -0.169722 0.408368 -0.269420
v -0.157955 0.404503 -0.274589
v -0.159793 0.402713 -0.268681
v -0.195855 0.291920 -0.263841
v -0.193174 0.305262 -0.238223
v -0.186317 0.262633 -0.217710
v -0.202380 0.329135 -0.282707
v -0.198628 0.333165 -0.254503
v -0.201318 0.340423 -0.262448
v -0.204209 0.335496 -0.283554
v -0.205293 0.290592 -0.263134
v -0.197903 0.254290 -0.232466
v -0.187615 0.255783 -0.233234
v -0.207495 0.295713 -0.252038
v -0.198770 0.260863 -0.216760
v -0.207265 0.302781 -0.237154
v -0.210583 0.332656 -0.253258
v -0.212157 0.308090 -0.241140
v -0.215059 0.331747 -0.254047
v -0.213129 0.329006 -0.272975
v -0.213757 0.329851 -0.274540
v -0.211877 0.327746 -0.282019
v -0.212291 0.334229 -0.282991
v -0.213695 0.334852 -0.275448
v -0.213441 0.338628 -0.261530
v -0.209911 0.300717 -0.257098
v -0.182566 0.253763 -0.211448
v -0.184324 0.263928 -0.216206
v -0.185714 0.262871 -0.237125
v -0.184531 0.252269 -0.241031
v -0.182773 0.242105 -0.236272
v -0.198160 0.240832 -0.214134
v -0.181384 0.243161 -0.215353
v -0.181470 0.238332 -0.225636
v -0.199343 0.251434 -0.210229
v -0.201101 0.261598 -0.214988
v -0.202405 0.265371 -0.225624
v -0.185628 0.267701 -0.226843
v -0.201307 0.249940 -0.239812
v -0.202490 0.260542 -0.235907
v -0.199550 0.239775 -0.235053
v -0.198246 0.236002 -0.224417
v -0.175727 0.162018 -0.242610
v -0.185847 0.160646 -0.241749
v -0.194939 0.246238 -0.213496
v -0.198827 0.215825 -0.235110
v -0.197043 0.250654 -0.228553
v -0.193508 0.219650 -0.247266
v -0.177217 0.164973 -0.255650
v -0.187386 0.163594 -0.254786
v -0.184969 0.220810 -0.247989
v -0.176894 0.218800 -0.236960
v -0.186831 0.252047 -0.229419
v -0.185163 0.247569 -0.214322
v -0.165378 0.144651 -0.217191
v -0.167521 0.152068 -0.190270
v -0.185629 0.153003 -0.187611
v -0.174333 0.162779 -0.228532
v -0.186996 0.162379 -0.227286
v -0.189234 0.179348 -0.246109
v -0.192411 0.144079 -0.214647
v -0.189876 0.176668 -0.255387
v -0.171845 0.135474 -0.250763
v -0.191878 0.135066 -0.248864
v -0.177970 0.177084 -0.256552
v -0.176987 0.179776 -0.247308
v -0.225183 0.387562 -0.213882
v -0.224128 0.388971 -0.209044
v -0.275266 0.394489 -0.253017
v -0.264599 0.420390 -0.264693
v -0.275418 0.395677 -0.247864
v -0.270677 0.423223 -0.264410
v -0.281940 0.398036 -0.254153
v -0.269206 0.425119 -0.258141
v -0.279535 0.398870 -0.246947
v -0.263499 0.422331 -0.258719
v -0.265094 0.420299 -0.266010
v -0.262514 0.422325 -0.258187
v -0.263949 0.438421 -0.270626
v -0.271297 0.423589 -0.264819
v -0.262840 0.440374 -0.264574
v -0.269919 0.425747 -0.258008
v -0.256394 0.437422 -0.264613
v -0.258150 0.435587 -0.271214
v -0.274804 0.426838 -0.277893
v -0.270809 0.436589 -0.281218
v -0.257331 0.435494 -0.270954
v -0.260620 0.439824 -0.265516
v -0.266811 0.412670 -0.261983
v -0.280630 0.412211 -0.268848
v -0.268683 0.410726 -0.259376
v -0.275210 0.396354 -0.252556
v -0.285180 0.397028 -0.260435
v -0.246007 0.387377 -0.229265
v -0.249451 0.379524 -0.225825
v -0.238697 0.386474 -0.221866
v -0.249057 0.390323 -0.226135
v -0.237561 0.391370 -0.222448
v -0.241606 0.378922 -0.209385
v -0.243514 0.376501 -0.216320
v -0.241264 0.380071 -0.219236
v -0.289082 0.381008 -0.254673
v -0.288228 0.393850 -0.263340
v -0.291441 0.386665 -0.260414
v -0.296704 0.392067 -0.252929
v -0.282532 0.380194 -0.249481
v -0.280893 0.390102 -0.240392
v -0.275629 0.384700 -0.247878
v -0.277680 0.397287 -0.243318
v -0.280270 0.401712 -0.247451
v -0.272416 0.391885 -0.250804
v -0.282395 0.396674 -0.262158
v -0.275577 0.412206 -0.266493
v -0.277376 0.414313 -0.264654
v -0.269334 0.411430 -0.261543
v -0.270399 0.413446 -0.259122
v -0.274391 0.395678 -0.255812
v -0.293491 0.399252 -0.255855
v -0.294345 0.386410 -0.247188
v -0.287796 0.385596 -0.241995
v -0.278635 0.415605 -0.262864
v -0.271658 0.414738 -0.257332
v -0.280002 0.416748 -0.260200
v -0.273758 0.415972 -0.255249
v -0.288274 0.402708 -0.253797
v -0.215237 0.386368 -0.205923
v -0.219499 0.375718 -0.201528
v -0.253855 0.227083 -0.289985
v -0.251964 0.243452 -0.268208
v -0.251613 0.254039 -0.286226
v -0.265607 0.439300 -0.284271
v -0.275732 0.438034 -0.272444
v -0.248701 0.441341 -0.272737
v -0.253660 0.437814 -0.274800
v -0.268128 0.443757 -0.288141
v -0.273967 0.450544 -0.279708
v -0.264272 0.449353 -0.289478
v -0.275238 0.446301 -0.277866
v -0.271465 0.433438 -0.278941
v -0.258418 0.431817 -0.268597
v -0.263067 0.436459 -0.262402
v -0.256687 0.443993 -0.263157
v -0.254543 0.448130 -0.264308
v -0.253468 0.453485 -0.267470
v -0.270341 0.455582 -0.280847
v -0.265026 0.459050 -0.279614
v -0.255285 0.457840 -0.271890
v -0.247399 0.447256 -0.276101
v -0.249216 0.451612 -0.280521
v -0.259515 0.459877 -0.276335
v -0.258957 0.452822 -0.288244
v -0.253446 0.453649 -0.284966
v -0.262562 0.381945 -0.238802
v -0.259995 0.387667 -0.239848
v -0.258402 0.384269 -0.236518
v -0.264951 0.391664 -0.232274
v -0.242368 0.386444 -0.216882
v -0.239012 0.390161 -0.225593
v -0.239053 0.383769 -0.221948
v -0.242556 0.393019 -0.220176
v -0.256261 0.391671 -0.238799
v -0.272472 0.395956 -0.250789
v -0.258851 0.394779 -0.241631
v -0.276203 0.398965 -0.245086
v -0.277864 0.394250 -0.243014
v -0.273728 0.388591 -0.250528
v -0.259026 0.386840 -0.239983
v -0.260610 0.382160 -0.238551
v -0.277853 0.380066 -0.245925
v -0.242988 0.385008 -0.216406
v -0.239627 0.382181 -0.221495
v -0.243842 0.375736 -0.221122
v -0.265044 0.377915 -0.237052
v -0.262979 0.387960 -0.229523
v -0.269269 0.381321 -0.230595
v -0.247371 0.378582 -0.215728
v -0.281584 0.383075 -0.240222
v -0.275646 0.383891 -0.247365
v -0.280547 0.386327 -0.240589
v -0.282014 0.383856 -0.250625
v -0.285728 0.386850 -0.244950
v -0.281194 0.388653 -0.240107
v -0.267743 0.386123 -0.230884
v -0.264907 0.391582 -0.230995
v -0.266492 0.386902 -0.229563
v -0.260666 0.395224 -0.232067
v -0.262871 0.398020 -0.235487
v -0.279609 0.393333 -0.241539
v -0.273618 0.390827 -0.249503
v -0.283104 0.394602 -0.247322
v -0.279390 0.391607 -0.252998
v -0.275313 0.383910 -0.249095
v -0.155910 0.387091 -0.206948
v -0.156571 0.400335 -0.201597
v -0.163536 0.401293 -0.203887
v -0.164205 0.388235 -0.209669
v -0.165253 0.399739 -0.199287
v -0.166503 0.386148 -0.203687
v -0.158304 0.398786 -0.197004
v -0.158132 0.384990 -0.200933
v -0.158314 0.379176 -0.200329
v -0.152827 0.385596 -0.213864
v -0.153844 0.392295 -0.210898
v -0.168976 0.392646 -0.216878
v -0.167959 0.385947 -0.219844
v -0.157528 0.384509 -0.198535
v -0.173466 0.379527 -0.206317
v -0.175051 0.384907 -0.205479
v -0.244095 0.324345 -0.262566
v -0.246348 0.333813 -0.280762
v -0.248561 0.324307 -0.261364
v -0.244967 0.297351 -0.264683
v -0.247680 0.299755 -0.282135
v -0.249502 0.292534 -0.280597
v -0.254376 0.243633 -0.270005
v -0.255695 0.246652 -0.286725
v -0.246831 0.332189 -0.279904
v -0.247164 0.336173 -0.276439
v -0.248483 0.341964 -0.285400
v -0.248480 0.335991 -0.288132
v -0.261494 0.294962 -0.292341
v -0.251971 0.294178 -0.292600
v -0.266077 0.247543 -0.286417
v -0.256659 0.342699 -0.285071
v -0.243414 0.356787 -0.278945
v -0.244267 0.349256 -0.288964
v -0.245301 0.336856 -0.290693
v -0.261281 0.328065 -0.282656
v -0.245910 0.326853 -0.283118
v -0.244886 0.332637 -0.260667
v -0.243241 0.355038 -0.266518
v -0.259638 0.350464 -0.288497
v -0.258785 0.357995 -0.278483
v -0.260672 0.338068 -0.290225
v -0.259223 0.346245 -0.258471
v -0.260256 0.333845 -0.260200
v -0.261109 0.326315 -0.270219
v -0.245738 0.325106 -0.270681
v -0.243852 0.345033 -0.258938
v -0.258613 0.356249 -0.266045
v -0.242657 0.468919 -0.298606
v -0.253704 0.463444 -0.298502
v -0.242929 0.462950 -0.295077
v -0.250091 0.469202 -0.300977
v -0.242732 0.473492 -0.307617
v -0.254134 0.469041 -0.307328
v -0.250037 0.468584 -0.313982
v -0.242717 0.468032 -0.316314
v -0.243006 0.461663 -0.318753
v -0.253813 0.462387 -0.315428
v -0.257598 0.462993 -0.306721
v -0.154853 0.397892 -0.225420
v -0.154629 0.386433 -0.219586
v -0.162927 0.395926 -0.219028
v -0.154549 0.388245 -0.227251
v -0.162342 0.386665 -0.222697
v -0.168054 0.394732 -0.219899
v -0.169239 0.383980 -0.216769
v -0.166900 0.387132 -0.223264
v -0.153818 0.383622 -0.210674
v -0.156336 0.395776 -0.216230
v -0.150958 0.386758 -0.216957
v -0.170373 0.391451 -0.213461
v -0.154953 0.391094 -0.207367
v -0.152111 0.394361 -0.213590
v -0.239536 0.361133 -0.278588
v -0.245683 0.356425 -0.278344
v -0.238073 0.342139 -0.274594
v -0.237718 0.332933 -0.287914
v -0.244861 0.354327 -0.263402
v -0.234689 0.354831 -0.274243
v -0.235035 0.341531 -0.287516
v -0.249064 0.341897 -0.285439
v -0.249356 0.330671 -0.274157
v -0.235381 0.328229 -0.274156
v -0.235035 0.341529 -0.260883
v -0.249064 0.341894 -0.262960
v -0.248771 0.353119 -0.274243
v -0.229548 0.373557 -0.278542
v -0.229482 0.373486 -0.264873
v -0.230965 0.359828 -0.277649
v -0.230882 0.359889 -0.266494
v -0.253545 0.367401 -0.267305
v -0.244139 0.374584 -0.264971
v -0.258477 0.393878 -0.276253
v -0.258515 0.393878 -0.267246
v -0.253962 0.405050 -0.276635
v -0.243668 0.394056 -0.277781
v -0.244168 0.406903 -0.277550
v -0.254037 0.405326 -0.267175
v -0.244117 0.374560 -0.278384
v -0.253622 0.367391 -0.275675
v -0.243417 0.394093 -0.265665
v -0.247990 0.395162 -0.264728
v -0.247884 0.395138 -0.278356
v -0.244132 0.407174 -0.265990
v -0.211692 0.517070 -0.281897
v -0.211597 0.519425 -0.288962
v -0.217503 0.524957 -0.289094
v -0.217889 0.521289 -0.301557
v -0.212932 0.516391 -0.299580
v -0.211709 0.509528 -0.288508
v -0.225987 0.509051 -0.288575
v -0.210519 0.494983 -0.270461
v -0.226307 0.495389 -0.270689
v -0.211073 0.481554 -0.251549
v -0.212947 0.489226 -0.246090
v -0.211503 0.505136 -0.264180
v -0.218104 0.521903 -0.279681
v -0.225497 0.527456 -0.288749
v -0.225683 0.522396 -0.302465
v -0.225846 0.514567 -0.306367
v -0.213086 0.512806 -0.302856
v -0.233035 0.521737 -0.301115
v -0.232366 0.514356 -0.305654
v -0.238693 0.513377 -0.302861
v -0.238641 0.517147 -0.299470
v -0.238776 0.510068 -0.295435
v -0.240212 0.510265 -0.288506
v -0.226644 0.481401 -0.252183
v -0.218420 0.473871 -0.228003
v -0.226833 0.476452 -0.226323
v -0.226370 0.494191 -0.242754
v -0.240029 0.489912 -0.246063
v -0.240921 0.505893 -0.264203
v -0.226058 0.511250 -0.260295
v -0.225542 0.523777 -0.277433
v -0.234290 0.522289 -0.279101
v -0.233711 0.525363 -0.288557
v -0.239810 0.520159 -0.289028
v -0.239903 0.517709 -0.281967
v -0.242079 0.495808 -0.270510
v -0.242180 0.482320 -0.251521
v -0.236805 0.468778 -0.232034
v -0.235382 0.474306 -0.228010
v -0.231501 0.509292 -0.295052
v -0.210486 0.381856 -0.284601
v -0.228889 0.397380 -0.254722
v -0.228409 0.415812 -0.253220
v -0.245733 0.416288 -0.253754
v -0.248075 0.382837 -0.284598
v -0.246489 0.398264 -0.255310
v -0.249415 0.400318 -0.283630
v -0.228399 0.416177 -0.250979
v -0.251712 0.417167 -0.251707
v -0.252418 0.399220 -0.282170
v -0.228880 0.397730 -0.280729
v -0.251007 0.380583 -0.295650
v -0.229281 0.382335 -0.283660
v -0.252110 0.383832 -0.284004
v -0.229356 0.379223 -0.296940
v -0.228715 0.406465 -0.298991
v -0.238107 0.388101 -0.298265
v -0.251658 0.409865 -0.297137
v -0.251652 0.402320 -0.298340
v -0.253195 0.420671 -0.296888
v -0.243959 0.463943 -0.293063
v -0.253916 0.463723 -0.294834
v -0.244549 0.465907 -0.319193
v -0.244610 0.467012 -0.295991
v -0.227108 0.467242 -0.295153
v -0.226935 0.473873 -0.301299
v -0.244153 0.473087 -0.313592
v -0.227142 0.465952 -0.320058
v -0.226948 0.473365 -0.313970
v -0.209782 0.472192 -0.313592
v -0.227283 0.460524 -0.322236
v -0.211307 0.460732 -0.321890
v -0.228355 0.419365 -0.320589
v -0.214073 0.418885 -0.320498
v -0.204519 0.418525 -0.316408
v -0.200579 0.461433 -0.318736
v -0.198621 0.418543 -0.310269
v -0.197157 0.461852 -0.311316
v -0.197138 0.462218 -0.302168
v -0.198644 0.418888 -0.301569
v -0.203510 0.419334 -0.296871
v -0.206563 0.400998 -0.297973
v -0.203005 0.400738 -0.301103
v -0.208908 0.386920 -0.301362
v -0.220169 0.387618 -0.298286
v -0.229203 0.387857 -0.298276
v -0.229200 0.386904 -0.303513
v -0.249535 0.387976 -0.301497
v -0.229122 0.389892 -0.308192
v -0.249516 0.391015 -0.308008
v -0.254638 0.402031 -0.301125
v -0.258036 0.420487 -0.301526
v -0.258082 0.420145 -0.310308
v -0.254502 0.401530 -0.308907
v -0.252253 0.419777 -0.316374
v -0.253982 0.462808 -0.318687
v -0.242617 0.419593 -0.320501
v -0.243193 0.461598 -0.321886
v -0.257316 0.463380 -0.311371
v -0.257314 0.463753 -0.302117
v -0.228856 0.400111 -0.319472
v -0.218831 0.399936 -0.319441
v -0.203166 0.400259 -0.308949
v -0.208873 0.389911 -0.308111
v -0.238877 0.400459 -0.319441
v -0.244130 0.473577 -0.301623
v -0.209642 0.466102 -0.295992
v -0.242463 0.459950 -0.264765
v -0.261907 0.456960 -0.268203
v -0.242940 0.459647 -0.285258
v -0.244357 0.442361 -0.294029
v -0.244236 0.430600 -0.285331
v -0.262551 0.435328 -0.281946
v -0.262621 0.435144 -0.268032
v -0.262839 0.445207 -0.262125
v -0.263530 0.449341 -0.274362
v -0.261443 0.455433 -0.286917
v -0.261843 0.457131 -0.281167
v -0.206445 0.382617 -0.283983
v -0.145380 0.390681 -0.258260
v -0.156744 0.387583 -0.247499
v -0.153523 0.390266 -0.260379
v -0.148098 0.392851 -0.244233
v -0.148591 0.388000 -0.245376
v -0.150199 0.394527 -0.239084
v -0.148988 0.398864 -0.242248
v -0.159031 0.394077 -0.241383
v -0.158958 0.398355 -0.244843
v -0.158193 0.392335 -0.246860
v -0.154591 0.394188 -0.259827
v -0.156334 0.395325 -0.260025
v -0.159546 0.392642 -0.247159
v -0.156902 0.401069 -0.258969
v -0.160113 0.398385 -0.246103
v -0.155400 0.402371 -0.258322
v -0.158513 0.405582 -0.243419
v -0.155309 0.408319 -0.257059
v -0.150756 0.405977 -0.241400
v -0.151070 0.402438 -0.237971
v -0.159570 0.402004 -0.240184
v -0.157290 0.391091 -0.216175
v -0.157091 0.398336 -0.217450
v -0.163930 0.397987 -0.219230
v -0.163687 0.390765 -0.217840
v -0.147166 0.408735 -0.254939
v -0.145905 0.402856 -0.255851
v -0.144162 0.401719 -0.255653
v -0.147374 0.399035 -0.242787
v -0.143594 0.395976 -0.256709
v -0.146806 0.393291 -0.243843
v -0.145096 0.394673 -0.257356
v -0.163514 0.389064 -0.218203
v -0.162399 0.382452 -0.222009
v -0.155588 0.382800 -0.220237
v -0.157102 0.389391 -0.216534
v -0.242885 0.410907 -0.224875
v -0.227656 0.414743 -0.222184
v -0.227578 0.410939 -0.222636
v -0.240734 0.414027 -0.225131
v -0.240678 0.419240 -0.222264
v -0.249212 0.414075 -0.226994
v -0.258244 0.418696 -0.225746
v -0.259508 0.418071 -0.220010
v -0.258719 0.409346 -0.223828
v -0.257755 0.413304 -0.228105
v -0.244346 0.414046 -0.225925
v -0.251363 0.410956 -0.226738
v -0.242536 0.410905 -0.224799
v -0.242929 0.410394 -0.220233
v -0.244451 0.410403 -0.220568
v -0.243136 0.412838 -0.214236
v -0.242130 0.418522 -0.215681
v -0.230063 0.413553 -0.211263
v -0.230008 0.409738 -0.211613
v -0.244842 0.409939 -0.215998
v -0.229666 0.418450 -0.212941
v -0.228215 0.419168 -0.219525
v -0.259801 0.412293 -0.218825
v -0.252927 0.410450 -0.222432
v -0.251613 0.412888 -0.216099
v -0.253319 0.409988 -0.217861
v -0.244492 0.409937 -0.215921
v -0.246746 0.412858 -0.215030
v -0.211787 0.421281 -0.219008
v -0.230283 0.421387 -0.223074
v -0.211022 0.410891 -0.220477
v -0.230475 0.411004 -0.224752
v -0.233398 0.409558 -0.211490
v -0.232996 0.420045 -0.210763
v -0.214500 0.419939 -0.206698
v -0.213945 0.409446 -0.207214
v -0.186878 0.404507 -0.216676
v -0.193083 0.404345 -0.218061
v -0.188767 0.411262 -0.208499
v -0.188254 0.396089 -0.210040
v -0.194461 0.395974 -0.211420
v -0.190144 0.402892 -0.201858
v -0.196349 0.402729 -0.203243
v -0.194974 0.411148 -0.209879
v -0.151438 0.412539 -0.205483
v -0.192811 0.413751 -0.214599
v -0.191366 0.410196 -0.208778
v -0.152543 0.407996 -0.200573
v -0.153786 0.411378 -0.194830
v -0.195213 0.412561 -0.203703
v -0.153449 0.418012 -0.196190
v -0.199736 0.418278 -0.206363
v -0.205020 0.412618 -0.205859
v -0.206727 0.409716 -0.207629
v -0.206336 0.410181 -0.212191
v -0.221945 0.408395 -0.215826
v -0.223187 0.411778 -0.210083
v -0.222850 0.418411 -0.211444
v -0.198285 0.418996 -0.212947
v -0.221399 0.419129 -0.218027
v -0.220839 0.412939 -0.220736
v -0.151998 0.418729 -0.202774
v -0.204774 0.410682 -0.216493
v -0.190986 0.410611 -0.213458
v -0.192937 0.409653 -0.204601
v -0.202618 0.413805 -0.216754
v -0.188445 0.413308 -0.212914
v -0.187268 0.405507 -0.218474
v -0.200127 0.405667 -0.222038
v -0.231252 0.406325 -0.228841
v -0.199170 0.413380 -0.219441
v -0.202970 0.411501 -0.202203
v -0.233527 0.413578 -0.226957
v -0.233078 0.414508 -0.222002
v -0.262215 0.405968 -0.235221
v -0.268471 0.404942 -0.226495
v -0.263128 0.396899 -0.231302
v -0.238741 0.406397 -0.230477
v -0.242647 0.397755 -0.226075
v -0.240805 0.398976 -0.230672
v -0.209334 0.397845 -0.224218
v -0.198832 0.397768 -0.221082
v -0.200701 0.413858 -0.215856
v -0.190511 0.412287 -0.203542
v -0.202892 0.412775 -0.205916
v -0.244805 0.396998 -0.212521
v -0.213485 0.395793 -0.205389
v -0.243864 0.393232 -0.217778
v -0.210946 0.396521 -0.208280
v -0.201253 0.395697 -0.217080
v -0.190222 0.395664 -0.205290
v -0.188156 0.396685 -0.214663
v -0.191399 0.403465 -0.199730
v -0.204570 0.403471 -0.201885
v -0.203079 0.394794 -0.208796
v -0.202637 0.395887 -0.203818
v -0.208263 0.397848 -0.220452
v -0.197279 0.396448 -0.206156
v -0.202233 0.389568 -0.206629
v -0.228818 0.391170 -0.212456
v -0.229060 0.389686 -0.212911
v -0.225991 0.392568 -0.225282
v -0.226334 0.391035 -0.225284
v -0.241965 0.394172 -0.226397
v -0.243186 0.404199 -0.210310
v -0.244513 0.396832 -0.217611
v -0.265252 0.395849 -0.221668
v -0.266462 0.403868 -0.215953
v -0.265548 0.412937 -0.219871
v -0.263424 0.413987 -0.229505
v -0.234888 0.413613 -0.213798
v -0.235700 0.404125 -0.208661
v -0.237312 0.411706 -0.209785
v -0.204331 0.391769 -0.220759
v -0.199347 0.390995 -0.219721
v -0.194962 0.397594 -0.216668
v -0.198117 0.388166 -0.207123
v -0.195750 0.389337 -0.217861
v -0.202990 0.373421 -0.209699
v -0.213870 0.369434 -0.212035
v -0.211253 0.370728 -0.223908
v -0.200579 0.374614 -0.220636
v -0.206403 0.379349 -0.222395
v -0.212215 0.378954 -0.223436
v -0.209226 0.377953 -0.209588
v -0.213912 0.379078 -0.224158
v -0.216767 0.377666 -0.211203
v -0.214920 0.377616 -0.211163
v -0.209346 0.392169 -0.221714
v -0.207226 0.390338 -0.207622
v -0.212197 0.390759 -0.208779
v -0.218900 0.365558 -0.213928
v -0.232395 0.365920 -0.216957
v -0.237315 0.377273 -0.228376
v -0.239697 0.376095 -0.217565
v -0.229968 0.367120 -0.227971
v -0.216434 0.366777 -0.225119
v -0.150632 0.403840 -0.207432
v -0.139300 0.403691 -0.204144
v -0.151436 0.409169 -0.203634
v -0.141253 0.407771 -0.195155
v -0.152847 0.408471 -0.197231
v -0.153454 0.402444 -0.194627
v -0.152650 0.397115 -0.198425
v -0.151239 0.397813 -0.204828
v -0.141787 0.402461 -0.192860
v -0.141079 0.397765 -0.196207
v -0.139835 0.398380 -0.201849
v -0.140009 0.408386 -0.200797
v -0.154284 0.404091 -0.210185
v -0.147688 0.396876 -0.204732
v -0.153439 0.409859 -0.206011
v -0.155412 0.410847 -0.205215
v -0.157170 0.409954 -0.197114
v -0.157911 0.402306 -0.193648
v -0.149342 0.396058 -0.197227
v -0.155051 0.396286 -0.206823
v -0.156873 0.395385 -0.198556
v -0.150293 0.402315 -0.192769
v -0.146979 0.403947 -0.207787
v -0.149164 0.407298 -0.195042
v -0.157654 0.413792 -0.196718
v -0.155828 0.414686 -0.204996
v -0.155708 0.408719 -0.195810
v -0.146953 0.414637 -0.203045
v -0.147129 0.408312 -0.204284
v -0.148623 0.418427 -0.196964
v -0.147939 0.418766 -0.200068
v -0.156821 0.418474 -0.198765
v -0.156137 0.418813 -0.201870
v -0.148776 0.413743 -0.194766
v -0.151731 0.412142 -0.204412
v -0.150681 0.405185 -0.209371
v -0.191259 0.412370 -0.213099
v -0.190209 0.405413 -0.218058
v -0.193893 0.403591 -0.201340
v -0.191190 0.402159 -0.216498
v -0.150481 0.401925 -0.207550
v -0.154366 0.403363 -0.192653
v -0.153574 0.411232 -0.196053
v -0.193101 0.411459 -0.204740
v -0.193989 0.400775 -0.203800
v -0.153718 0.386628 -0.196616
v -0.192423 0.396602 -0.202788
v -0.189158 0.398217 -0.217602
v -0.153279 0.400541 -0.194853
v -0.150981 0.387982 -0.209030
v -0.186270 0.386201 -0.203512
v -0.194994 0.390687 -0.205168
v -0.183398 0.387621 -0.216540
v -0.192007 0.399137 -0.216857
v -0.194743 0.397784 -0.204443
v -0.192215 0.392062 -0.217778
v -0.209764 0.413673 -0.238413
v -0.213588 0.398580 -0.218530
v -0.213946 0.411862 -0.217161
v -0.229669 0.413728 -0.242790
v -0.229332 0.401420 -0.244061
v -0.209428 0.401364 -0.239677
v -0.234449 0.398632 -0.223122
v -0.234808 0.411915 -0.221754
v -0.031401 0.421347 0.251968
v -0.025661 0.424358 0.266523
v -0.025980 0.420540 0.266434
v -0.029543 0.424186 0.253673
v -0.030951 0.429806 0.255028
v -0.030590 0.424356 0.250130
v -0.031999 0.424587 0.245357
v -0.036491 0.430072 0.237993
v -0.042127 0.430586 0.239683
v -0.044411 0.425155 0.240096
v -0.040187 0.421284 0.238661
v -0.035291 0.424324 0.237362
v -0.038392 0.422148 0.244384
v -0.033858 0.421748 0.243652
v -0.031300 0.421331 0.252310
v -0.040024 0.422126 0.254926
v -0.035496 0.421676 0.254191
v -0.035936 0.421748 0.252699
v -0.040249 0.425162 0.256882
v -0.041295 0.425331 0.253340
v -0.037420 0.430396 0.256968
v -0.036392 0.425336 0.269741
v -0.036812 0.421528 0.269681
v -0.040125 0.422142 0.254583
v -0.033808 0.429806 0.269193
v -0.027339 0.429217 0.267253
v -0.042706 0.425563 0.248567
v -0.042582 0.422543 0.246267
v -0.019500 0.430052 0.281829
v -0.032939 0.420728 0.285862
v -0.019907 0.419540 0.281954
v -0.031597 0.431155 0.285456
v -0.024859 0.430926 0.263687
v -0.025544 0.420460 0.262873
v -0.038576 0.421648 0.266781
v -0.036957 0.432029 0.267314
v -0.012842 0.412006 0.305008
v -0.014660 0.412101 0.298914
v -0.019425 0.420243 0.307217
v -0.020825 0.405048 0.307164
v -0.022640 0.405191 0.301071
v -0.027404 0.413333 0.309373
v -0.029222 0.413428 0.303280
v -0.021239 0.420386 0.301123
v -0.003877 0.419015 0.341289
v -0.009495 0.415526 0.342781
v -0.015656 0.421922 0.300679
v -0.020639 0.419358 0.304827
v -0.014345 0.419969 0.344427
v -0.026363 0.422895 0.303889
v -0.011723 0.426204 0.343953
v -0.025136 0.428392 0.298551
v -0.029205 0.423359 0.294270
v -0.025073 0.419699 0.305490
v -0.029075 0.420335 0.291965
v -0.020365 0.419542 0.289354
v -0.024892 0.419945 0.290085
v -0.029606 0.418807 0.274706
v -0.034456 0.423250 0.276353
v -0.031834 0.429484 0.275878
v -0.018666 0.427802 0.296611
v -0.025364 0.428895 0.273939
v -0.023987 0.422295 0.273214
v -0.018498 0.422383 0.291059
v -0.005253 0.425614 0.342014
v -0.016371 0.418898 0.302879
v -0.014373 0.413257 0.290804
v -0.015093 0.421435 0.305321
v -0.011294 0.412697 0.303778
v -0.018338 0.422440 0.293171
v -0.014630 0.421207 0.292776
v -0.023331 0.415204 0.260286
v -0.024616 0.422838 0.259094
v -0.031569 0.422751 0.297855
v -0.028459 0.424598 0.261876
v -0.025504 0.415589 0.252944
v -0.032771 0.416220 0.230130
v -0.036676 0.425201 0.231716
v -0.043436 0.417278 0.228914
v -0.038334 0.408100 0.231382
v -0.032831 0.408216 0.251808
v -0.027776 0.408444 0.251167
v -0.018446 0.405942 0.281826
v -0.016114 0.405578 0.292531
v -0.021104 0.404457 0.292391
v -0.016706 0.404799 0.304996
v -0.024302 0.422274 0.308082
v -0.028105 0.423330 0.296099
v -0.029714 0.414376 0.309300
v -0.034177 0.415062 0.296742
v -0.043161 0.417012 0.266231
v -0.045612 0.410070 0.256514
v -0.036949 0.407629 0.287374
v -0.041398 0.405362 0.254847
v -0.033116 0.407621 0.288177
v -0.029244 0.405199 0.294831
v -0.025916 0.405639 0.307757
v -0.033079 0.407124 0.297617
v -0.021155 0.406531 0.284591
v -0.028402 0.406824 0.301156
v -0.031714 0.400393 0.296708
v -0.033106 0.401375 0.291849
v -0.034414 0.401983 0.286936
v -0.039149 0.403074 0.270616
v -0.039165 0.401557 0.270207
v -0.026545 0.401925 0.266837
v -0.027007 0.400449 0.266562
v -0.021703 0.400825 0.283125
v -0.032929 0.404590 0.252307
v -0.041149 0.408975 0.254302
v -0.045321 0.417395 0.258885
v -0.047802 0.408964 0.234221
v -0.051706 0.417945 0.235807
v -0.046143 0.426064 0.234555
v -0.036522 0.425333 0.264292
v -0.041490 0.424375 0.264152
v -0.020196 0.400198 0.287979
v -0.018849 0.399221 0.292851
v -0.018072 0.405882 0.298058
v -0.029594 0.398598 0.300089
v -0.019042 0.397636 0.296925
v -0.032605 0.384073 0.294820
v -0.034801 0.389041 0.289349
v -0.036596 0.380626 0.284240
v -0.024929 0.379562 0.280743
v -0.021858 0.383094 0.291598
v -0.022217 0.387894 0.285576
v -0.024186 0.387791 0.279997
v -0.024357 0.387921 0.278161
v -0.036247 0.388890 0.283612
v -0.037088 0.389081 0.281978
v -0.042933 0.388259 0.258872
v -0.038143 0.376893 0.278988
v -0.041944 0.377799 0.265716
v -0.032310 0.387290 0.255687
v -0.031122 0.376812 0.262471
v -0.027146 0.375891 0.275691
v -0.003522 0.410071 0.341189
v -0.003224 0.414855 0.353622
v -0.000938 0.409595 0.352693
v -0.006117 0.416040 0.342243
v -0.008768 0.415360 0.355283
v -0.012408 0.416614 0.344130
v -0.012026 0.410606 0.356017
v -0.016106 0.411218 0.344962
v -0.013511 0.405249 0.343908
v -0.009739 0.405347 0.355088
v -0.007219 0.404675 0.342021
v -0.004195 0.404841 0.353426
v -0.002866 0.410121 0.336656
v -0.001448 0.409817 0.344208
v -0.005784 0.403487 0.345187
v -0.004907 0.416454 0.339327
v -0.006340 0.417725 0.337973
v -0.014946 0.417342 0.342315
v -0.014289 0.418439 0.340383
v -0.016206 0.411168 0.348629
v -0.019105 0.411618 0.341543
v -0.015759 0.403870 0.340181
v -0.013158 0.404159 0.347398
v -0.007636 0.403130 0.337746
v -0.012746 0.415556 0.348431
v -0.014111 0.422312 0.340090
v -0.005976 0.421562 0.337652
v -0.003405 0.421145 0.346358
v -0.003665 0.414735 0.345706
v -0.011537 0.421895 0.348799
v -0.008669 0.426083 0.347789
v -0.005618 0.425805 0.346875
v -0.007993 0.426192 0.338833
v -0.011044 0.426470 0.339748
v -0.013077 0.412917 0.301411
v -0.005011 0.418841 0.341559
v -0.001623 0.411048 0.340182
v -0.016465 0.420710 0.302787
v -0.029506 0.414414 0.306336
v -0.027997 0.411222 0.305105
v -0.015519 0.410084 0.301364
v -0.003722 0.408160 0.341295
v -0.018052 0.412545 0.345108
v -0.013225 0.419590 0.344022
v -0.024679 0.421458 0.305250
v -0.016200 0.409297 0.345036
v -0.017620 0.395376 0.344024
v -0.028929 0.407184 0.307033
v -0.014371 0.405857 0.302669
v -0.005420 0.394264 0.340367
v -0.014591 0.395190 0.308391
v -0.027394 0.396357 0.312230
v -0.029279 0.401167 0.303727
v -0.016888 0.400037 0.300012
v -0.016193 0.407122 0.300525
v -0.028393 0.408235 0.304182
v -0.003411 0.418962 0.274301
v -0.025207 0.408023 0.280858
v -0.004574 0.406640 0.274182
v -0.023955 0.421321 0.280992
v -0.009189 0.419845 0.254776
v -0.010344 0.407522 0.254655
v -0.031259 0.408942 0.260393
v -0.030007 0.422240 0.260527
v 0.019815 0.448482 0.202710
v 0.001012 0.453161 0.211447
v 0.014303 0.446727 0.214530
v 0.001223 0.451841 0.200213
v 0.017994 0.432917 0.199150
v 0.000179 0.448315 0.220619
v 0.006229 0.430964 0.226926
v 0.015475 0.445034 0.213959
v 0.020936 0.425489 0.212876
v 0.009773 0.419863 0.204333
v 0.020943 0.428875 0.198836
v 0.002105 0.423362 0.194635
v 0.002643 0.437694 0.188655
v 0.010198 0.403943 0.224770
v 0.010291 0.405967 0.178738
v 0.001512 0.458035 0.193682
v -0.013093 0.402415 0.225197
v -0.014325 0.430589 0.227010
v -0.034588 0.429121 0.226657
v -0.036418 0.401931 0.224354
v -0.037013 0.417914 0.203824
v -0.035865 0.390525 0.190884
v -0.015245 0.457907 0.193648
v -0.031960 0.456537 0.193423
v -0.031296 0.451769 0.211117
v -0.035853 0.404009 0.178391
v -0.015138 0.452565 0.211713
v -0.015004 0.447645 0.220518
v -0.030188 0.447003 0.220347
v -0.038255 0.239392 0.213875
v -0.038290 0.224141 0.228166
v -0.038877 0.249684 0.218526
v -0.038012 0.228812 0.217868
v -0.021218 0.240072 0.214635
v -0.021840 0.250365 0.219287
v -0.022477 0.254339 0.229858
v -0.039515 0.253659 0.229097
v -0.039793 0.248988 0.239396
v -0.039550 0.238407 0.243389
v -0.038927 0.228115 0.238737
v -0.021252 0.224821 0.228927
v -0.021890 0.228795 0.239498
v -0.022512 0.239087 0.244149
v -0.022755 0.249668 0.240156
v -0.020974 0.229491 0.218628
v -0.013096 0.135617 0.209815
v -0.016303 0.139677 0.238644
v -0.034640 0.139201 0.238168
v -0.019939 0.155941 0.201504
v -0.032621 0.156346 0.201953
v -0.032198 0.176540 0.186294
v -0.038138 0.133435 0.175645
v -0.040243 0.136569 0.210818
v -0.018047 0.132748 0.174926
v -0.032454 0.175502 0.176603
v -0.020654 0.175099 0.176171
v -0.020131 0.176129 0.185850
v -0.026334 0.391753 0.267565
v -0.025564 0.390518 0.272504
v -0.040402 0.393696 0.269195
v -0.039470 0.392040 0.275660
v -0.037627 0.400534 0.277518
v -0.024029 0.397567 0.274041
v -0.038578 0.402112 0.271026
v -0.024794 0.398819 0.269106
v -0.035526 0.239929 0.224830
v -0.023908 0.215628 0.198617
v -0.032530 0.215588 0.197949
v -0.025214 0.239970 0.225629
v -0.017907 0.209309 0.209328
v -0.026411 0.231078 0.238672
v -0.021885 0.157079 0.186487
v -0.020986 0.163907 0.174930
v -0.031254 0.163859 0.174130
v -0.040052 0.209202 0.207617
v -0.032103 0.157031 0.185691
v -0.036282 0.231035 0.237910
v -0.040627 0.387953 0.259331
v -0.039221 0.386554 0.266657
v -0.047199 0.387614 0.268470
v -0.044353 0.403647 0.271618
v -0.047612 0.401561 0.263392
v -0.049027 0.393594 0.261832
v -0.048742 0.389031 0.261176
v -0.048756 0.403747 0.257738
v -0.050712 0.394489 0.256099
v -0.045799 0.405608 0.264438
v -0.036375 0.402587 0.269805
v -0.037681 0.404529 0.262593
v -0.044844 0.425636 0.214107
v -0.051951 0.427815 0.216080
v -0.046309 0.414276 0.216297
v -0.058023 0.416493 0.219022
v -0.056862 0.426865 0.217142
v -0.056180 0.426008 0.199472
v -0.060988 0.425068 0.201056
v -0.062334 0.414411 0.202138
v -0.049152 0.423189 0.197870
v -0.050677 0.412319 0.199218
v -0.061962 0.397277 0.206638
v -0.052282 0.398151 0.204576
v -0.054834 0.395571 0.204853
v -0.063120 0.390694 0.207623
v -0.055872 0.389105 0.205941
v -0.057637 0.378834 0.210686
v -0.063773 0.380180 0.212110
v -0.058196 0.399052 0.221121
v -0.060288 0.381969 0.224218
v -0.054666 0.380736 0.222913
v -0.051050 0.397218 0.219605
v -0.048859 0.400006 0.218378
v -0.016908 0.383325 0.273897
v -0.027113 0.381099 0.288058
v -0.028705 0.380617 0.284113
v -0.024588 0.395323 0.290851
v -0.025665 0.397717 0.287470
v -0.021253 0.384678 0.270929
v -0.019145 0.396554 0.273261
v -0.014801 0.395200 0.276229
v -0.026821 0.395469 0.291618
v -0.035683 0.401622 0.279065
v -0.038873 0.383660 0.275519
v -0.037600 0.403342 0.265944
v -0.044753 0.404293 0.267569
v -0.040393 0.387609 0.262854
v -0.044193 0.384973 0.279660
v -0.041397 0.400726 0.282753
v -0.047546 0.388559 0.264480
v -0.044211 0.385000 0.279025
v -0.029313 0.381431 0.288860
v -0.041395 0.400908 0.282156
v -0.013455 0.395290 0.313358
v -0.020036 0.393826 0.297380
v -0.026337 0.399336 0.318488
v -0.033054 0.397841 0.302179
v -0.020509 0.386820 0.298754
v -0.035500 0.395071 0.305198
v -0.030011 0.396292 0.318523
v -0.014295 0.388199 0.313810
v -0.019711 0.411892 0.311669
v -0.024373 0.410855 0.300350
v -0.028983 0.413165 0.302036
v -0.036050 0.397488 0.305070
v -0.030473 0.398732 0.318624
v -0.024320 0.414202 0.313355
v -0.038229 0.330331 0.198825
v -0.027436 0.323775 0.207260
v -0.025955 0.330753 0.199420
v -0.039311 0.322180 0.206263
v -0.035137 0.327532 0.177386
v -0.035759 0.320927 0.177778
v -0.034899 0.281898 0.193893
v -0.039158 0.292697 0.220475
v -0.035573 0.242847 0.221808
v -0.037616 0.248220 0.237817
v -0.025011 0.248676 0.238421
v -0.024869 0.292712 0.221166
v -0.022906 0.323782 0.206327
v -0.021097 0.299153 0.217465
v 0.003626 0.402004 0.292061
v 0.007781 0.392925 0.297120
v 0.004167 0.392244 0.292915
v 0.006986 0.402710 0.296749
v -0.011360 0.492637 0.222636
v -0.009346 0.483017 0.235359
v -0.018560 0.491046 0.223498
v -0.013957 0.504634 0.224480
v -0.014497 0.481992 0.236117
v -0.021911 0.502785 0.225344
v -0.003083 0.356678 0.184619
v -0.007164 0.391913 0.194929
v -0.006245 0.366991 0.212590
v -0.018398 0.356017 0.184482
v -0.017553 0.391464 0.194836
v -0.016636 0.366543 0.212498
v -0.014228 0.332765 0.205242
v -0.005603 0.333137 0.205319
v -0.016003 0.348643 0.205375
v -0.000039 0.323926 0.204092
v -0.005175 0.348984 0.205581
v -0.018955 0.323110 0.203923
v -0.002199 0.318614 0.185260
v -0.016010 0.318018 0.185136
v -0.002276 0.328561 0.172194
v -0.016558 0.327945 0.172067
v -0.003918 0.338940 0.168232
v -0.002110 0.335085 0.187094
v 0.005269 0.349762 0.186355
v -0.000961 0.354316 0.187048
v 0.004481 0.344666 0.200559
v -0.002460 0.361735 0.180821
v -0.019387 0.361004 0.180670
v -0.015745 0.338429 0.168126
v -0.020347 0.353477 0.186874
v 0.017133 0.397151 0.284493
v 0.016517 0.399062 0.283913
v 0.014913 0.394730 0.282044
v 0.016330 0.394985 0.283559
v 0.008354 0.450707 0.268235
v 0.000221 0.444594 0.263798
v 0.009705 0.446886 0.262519
v 0.000142 0.450779 0.271816
v -0.008082 0.447345 0.270768
v -0.009334 0.442989 0.265455
v -0.002844 0.448837 0.206471
v -0.009919 0.454645 0.215045
v -0.002683 0.447444 0.212579
v -0.009974 0.456305 0.207003
v -0.011328 0.489797 0.215015
v -0.011371 0.488111 0.222897
v -0.006367 0.494843 0.217138
v -0.006380 0.493651 0.222984
v -0.027475 0.492781 0.222828
v -0.022094 0.487641 0.222797
v -0.022145 0.489319 0.214924
v -0.020367 0.455794 0.206732
v -0.026900 0.447580 0.206295
v -0.026903 0.446383 0.212440
v -0.020422 0.454172 0.214949
v -0.027498 0.493953 0.216954
v 0.014632 0.400599 0.281970
v 0.013215 0.400344 0.280455
v 0.012413 0.398178 0.279521
v 0.013028 0.396267 0.280101
v -0.014601 0.509669 0.208136
v -0.008224 0.509172 0.209460
v -0.005739 0.485404 0.199475
v -0.006301 0.503643 0.215368
v -0.004607 0.482622 0.205214
v -0.013197 0.501687 0.216624
v -0.011267 0.481272 0.206141
v -0.011470 0.486533 0.209610
v -0.023815 0.499614 0.218289
v -0.021167 0.484760 0.211070
v -0.031041 0.498830 0.219205
v -0.020959 0.479344 0.207635
v -0.027204 0.478220 0.208668
v -0.028747 0.480636 0.203044
v -0.023149 0.482614 0.201128
v -0.024296 0.490625 0.203683
v -0.027650 0.507114 0.210052
v -0.021541 0.508960 0.208526
v -0.018991 0.491847 0.202338
v -0.013265 0.492826 0.202106
v -0.012035 0.484882 0.199457
v -0.033023 0.504013 0.213262
v -0.002216 0.500980 0.214529
v -0.002387 0.503457 0.222391
v -0.001998 0.496228 0.214114
v -0.002370 0.503924 0.218273
v -0.032138 0.499688 0.214262
v -0.031938 0.494936 0.213847
v -0.031819 0.491701 0.216467
v -0.001884 0.492993 0.216735
v -0.001901 0.492525 0.220858
v -0.031836 0.491233 0.220591
v -0.002068 0.495471 0.224596
v -0.031990 0.494180 0.224329
v -0.032208 0.498931 0.224737
v -0.002268 0.500224 0.225004
v -0.032321 0.502165 0.222123
v -0.032305 0.502631 0.218005
v 0.007180 0.376931 0.185588
v 0.008206 0.393886 0.190075
v 0.005314 0.386072 0.217394
v 0.004235 0.403395 0.222567
v 0.003055 0.518965 0.186418
v 0.003074 0.464950 0.184969
v 0.006180 0.465889 0.179309
v -0.000427 0.518424 0.191979
v 0.003976 0.521253 0.185029
v -0.000514 0.520206 0.193424
v -0.001116 0.534168 0.190124
v -0.004929 0.520863 0.184947
v -0.003835 0.518657 0.186360
v -0.001514 0.466011 0.178515
v -0.005818 0.347364 0.189738
v 0.008413 0.345750 0.189712
v 0.008902 0.337175 0.176511
v 0.008908 0.332478 0.198487
v -0.005113 0.331452 0.200396
v 0.009403 0.323764 0.185251
v -0.004464 0.321273 0.184913
v -0.005111 0.336809 0.174312
v 0.008039 0.495445 0.183372
v 0.010067 0.464486 0.178722
v 0.001338 0.495153 0.183311
v 0.004660 0.494868 0.188811
v 0.009243 0.497897 0.181996
v 0.004564 0.496717 0.190412
v 0.003958 0.510839 0.186969
v -0.000050 0.497490 0.181912
v 0.002411 0.464614 0.177977
v 0.006916 0.463476 0.184461
v 0.000202 0.466681 0.171780
v 0.011429 0.461307 0.171714
v 0.000606 0.460932 0.168092
v 0.007620 0.466838 0.174223
v 0.015195 0.460084 0.179989
v 0.011618 0.466075 0.180558
v 0.000127 0.470260 0.181401
v 0.007458 0.464873 0.187092
v 0.000143 0.463950 0.189300
v 0.000523 0.457408 0.191540
v 0.011260 0.458606 0.188445
v 0.018073 0.386253 0.196034
v 0.013385 0.395548 0.207281
v 0.018116 0.384436 0.204865
v 0.013368 0.397207 0.197935
v 0.003616 0.396879 0.208766
v 0.003502 0.399049 0.197388
v 0.007510 0.387685 0.194195
v 0.013685 0.360188 0.191198
v 0.013650 0.358323 0.199610
v 0.007491 0.385128 0.207591
v 0.004060 0.364779 0.203128
v 0.004124 0.367626 0.190030
v -0.010545 0.366334 0.189601
v -0.008843 0.352699 0.187688
v -0.008872 0.350533 0.198618
v -0.010511 0.363469 0.202959
v 0.003175 0.386459 0.194551
v 0.003194 0.384146 0.206529
v 0.014874 0.461403 0.175790
v 0.011432 0.458332 0.191995
v 0.014867 0.459908 0.184823
v 0.011489 0.462263 0.168391
v 0.000837 0.461482 0.165009
v 0.002122 0.461593 0.191479
v 0.002081 0.465212 0.168534
v 0.001524 0.469153 0.187292
v 0.001555 0.471099 0.175472
v 0.030014 0.396472 0.260336
v 0.028944 0.403334 0.267694
v 0.032756 0.403879 0.263532
v 0.026292 0.396170 0.264602
v 0.034505 0.392813 0.264964
v 0.030107 0.393061 0.268534
v 0.037247 0.400219 0.268160
v 0.032759 0.400226 0.271625
v 0.032820 0.402289 0.270645
v 0.030934 0.403825 0.268702
v 0.031644 0.395538 0.269137
v 0.032446 0.397704 0.270072
v 0.026709 0.392410 0.263777
v 0.028594 0.390874 0.265720
v 0.028528 0.400897 0.266034
v 0.027726 0.398730 0.265100
v 0.020710 0.332106 0.171288
v 0.020645 0.326841 0.201232
v 0.021960 0.319705 0.190937
v 0.018812 0.339116 0.203385
v 0.017535 0.349335 0.196134
v 0.017563 0.351512 0.183730
v 0.018877 0.344376 0.173440
v 0.003615 0.342194 0.172938
v 0.005449 0.329919 0.170785
v 0.006726 0.319700 0.178035
v 0.021987 0.321887 0.178534
v 0.006698 0.317522 0.190439
v 0.005383 0.324659 0.200729
v 0.003551 0.336929 0.202882
v 0.002274 0.347148 0.195636
v 0.002301 0.349330 0.183232
v 0.019666 0.439602 0.207742
v 0.011220 0.392577 0.191340
v 0.011159 0.377826 0.186405
v 0.010126 0.377007 0.174306
v 0.023089 0.425985 0.236647
v 0.017296 0.423316 0.236592
v 0.026163 0.403611 0.259030
v 0.026472 0.400347 0.254879
v 0.018880 0.418998 0.232174
v 0.033455 0.402956 0.253194
v 0.025075 0.421577 0.231991
v 0.030370 0.406820 0.259022
v 0.033443 0.417348 0.239652
v 0.040020 0.407225 0.252334
v 0.032288 0.415204 0.237569
v 0.026676 0.418860 0.243655
v 0.024726 0.416894 0.242042
v 0.031347 0.409164 0.257466
v 0.029165 0.406664 0.257341
v 0.028042 0.406963 0.262719
v 0.025977 0.400248 0.251758
v 0.023235 0.398982 0.257610
v 0.034652 0.398310 0.246627
v 0.040370 0.395151 0.247474
v 0.045177 0.403133 0.252583
v 0.047568 0.397821 0.258632
v 0.044239 0.395187 0.265878
v 0.037141 0.396773 0.270077
v 0.030432 0.401651 0.268768
v 0.025625 0.393669 0.263658
v 0.032334 0.388792 0.264966
v 0.039432 0.387205 0.260768
v 0.042760 0.389840 0.253522
v 0.029402 0.410637 0.235357
v 0.037258 0.399315 0.248371
v 0.031138 0.413294 0.236347
v 0.022636 0.412150 0.239360
v 0.023577 0.414985 0.240820
v 0.026495 0.402231 0.254503
v 0.040172 0.404153 0.251469
v 0.018487 0.437161 0.223664
v 0.011886 0.434570 0.224077
v 0.016247 0.423563 0.236921
v 0.020094 0.432779 0.219179
v 0.023825 0.426598 0.236591
v 0.025739 0.421731 0.231510
v 0.014205 0.430058 0.219133
v 0.019489 0.418389 0.231040
v 0.023507 0.447622 0.202565
v 0.012951 0.449982 0.208810
v 0.028673 0.443866 0.203572
v 0.017753 0.449860 0.204482
v 0.012211 0.440658 0.198591
v 0.007409 0.440779 0.202918
v 0.017940 0.438435 0.196683
v 0.004847 0.438751 0.208497
v 0.023131 0.434663 0.197681
v 0.026435 0.430102 0.201713
v 0.031808 0.439730 0.207163
v 0.010388 0.447953 0.214388
v 0.010758 0.444435 0.219615
v 0.005382 0.434808 0.214168
v 0.010277 0.430653 0.214411
v 0.023224 0.427759 0.206752
v 0.032586 0.436653 0.210760
v 0.031943 0.431471 0.219170
v 0.012482 0.441144 0.222654
v 0.018218 0.434538 0.227289
v 0.013938 0.427783 0.223097
v 0.028077 0.424622 0.214733
v 0.033401 0.435391 0.217954
v 0.019283 0.438548 0.226305
v 0.036525 0.427939 0.225136
v 0.016349 0.436312 0.222812
v 0.021658 0.431450 0.233817
v 0.013335 0.430101 0.219345
v 0.030992 0.433038 0.214150
v 0.031021 0.419055 0.219104
v 0.032461 0.410162 0.231023
v 0.037917 0.415333 0.237445
v 0.025132 0.418256 0.244884
v 0.016004 0.422491 0.227707
v 0.027371 0.426963 0.211043
v 0.020265 0.413128 0.238130
v 0.021716 0.412446 0.241522
v 0.034663 0.409552 0.233864
v 0.036416 0.405280 0.238634
v 0.039858 0.410995 0.242292
v 0.024300 0.289280 0.167785
v 0.026656 0.285417 0.196438
v 0.033057 0.238675 0.188741
v 0.018188 0.330644 0.173715
v 0.021541 0.317666 0.199134
v 0.018993 0.328203 0.196789
v 0.016394 0.336354 0.176666
v 0.008676 0.329219 0.173385
v 0.014848 0.287895 0.167505
v 0.021658 0.240477 0.171759
v 0.031961 0.242023 0.172092
v 0.012503 0.285723 0.179504
v 0.020585 0.236822 0.188376
v 0.012541 0.282933 0.195744
v 0.009567 0.316668 0.199740
v 0.007727 0.289624 0.195493
v 0.005104 0.316441 0.198552
v 0.007297 0.325060 0.181492
v 0.006694 0.326659 0.180693
v 0.008300 0.335085 0.176318
v 0.006947 0.330311 0.183502
v 0.006852 0.326344 0.196386
v 0.010180 0.292754 0.178223
v 0.036797 0.232531 0.161783
v 0.036683 0.227775 0.188793
v 0.037885 0.221340 0.179508
v 0.035032 0.238846 0.190735
v 0.033897 0.248067 0.184197
v 0.033945 0.250037 0.173009
v 0.035146 0.243601 0.163724
v 0.018346 0.241186 0.163214
v 0.019997 0.230115 0.161272
v 0.021131 0.220894 0.167810
v 0.037932 0.223310 0.168320
v 0.021084 0.218924 0.178999
v 0.019882 0.225360 0.188283
v 0.018231 0.236430 0.190225
v 0.017096 0.245651 0.183687
v 0.017144 0.247622 0.172499
v 0.035921 0.225297 0.171576
v 0.026429 0.222581 0.170836
v 0.034410 0.254551 0.085844
v 0.024585 0.251734 0.085084
v 0.016556 0.242909 0.140895
v 0.021715 0.236958 0.175495
v 0.019636 0.255882 0.144488
v 0.020727 0.264234 0.088227
v 0.030599 0.267064 0.088990
v 0.027927 0.258256 0.145131
v 0.037852 0.249000 0.142542
v 0.031630 0.239798 0.176270
v 0.041924 0.243771 0.056829
v 0.037496 0.216960 0.050050
v 0.019228 0.215532 0.050326
v 0.033983 0.245244 0.078560
v 0.021260 0.245298 0.078141
v 0.020662 0.253351 0.102297
v 0.020799 0.262728 0.104563
v 0.018216 0.277880 0.065308
v 0.014772 0.243847 0.056238
v 0.038339 0.277842 0.065739
v 0.032762 0.262652 0.104988
v 0.032955 0.253247 0.102712
v -0.053775 0.379044 0.222719
v -0.048417 0.408285 0.216615
v -0.057298 0.379448 0.226644
v -0.054043 0.408736 0.212982
v -0.059268 0.380125 0.217517
v -0.057278 0.410229 0.218671
v -0.061984 0.380845 0.224624
v -0.051769 0.409726 0.221846
v -0.047984 0.408191 0.215277
v -0.045326 0.425467 0.213410
v -0.051355 0.410001 0.222848
v -0.050925 0.425980 0.210185
v -0.054390 0.408909 0.212250
v -0.054319 0.427425 0.215482
v -0.058102 0.410544 0.218292
v -0.048524 0.426963 0.219539
v -0.047043 0.394575 0.252281
v -0.045194 0.403487 0.253863
v -0.039115 0.392841 0.258980
v -0.037843 0.399976 0.260393
v -0.058129 0.361881 0.214857
v -0.053534 0.369194 0.227748
v -0.056054 0.362783 0.222944
v -0.058542 0.367014 0.208224
v -0.057052 0.375177 0.206930
v -0.068665 0.369235 0.210573
v -0.068252 0.364102 0.217206
v -0.066178 0.365005 0.225293
v -0.063656 0.371415 0.230097
v -0.062166 0.379577 0.228803
v -0.063243 0.383285 0.223469
v -0.052043 0.377356 0.226455
v -0.051936 0.380805 0.220846
v -0.054471 0.379702 0.210962
v -0.050520 0.397913 0.217403
v -0.052498 0.397052 0.209694
v -0.055633 0.398143 0.209888
v -0.053423 0.399105 0.218503
v -0.067174 0.377397 0.209279
v -0.065778 0.382183 0.213586
v -0.061008 0.398920 0.211668
v -0.059030 0.399780 0.219378
v -0.055844 0.399636 0.219065
v -0.058054 0.398674 0.210450
v -0.044536 0.427916 0.198137
v -0.049830 0.419750 0.199676
v -0.058362 0.421697 0.201901
v -0.040751 0.429563 0.212888
v -0.039572 0.434323 0.217040
v -0.045726 0.431646 0.193052
v -0.038775 0.440688 0.214424
v -0.044120 0.438363 0.193591
v -0.057314 0.434831 0.195670
v -0.057801 0.430217 0.196892
v -0.054350 0.423443 0.217539
v -0.045697 0.421548 0.215785
v -0.051924 0.432772 0.219799
v -0.051161 0.437509 0.219655
v -0.050447 0.443249 0.217132
v -0.055791 0.440923 0.196299
v -0.042179 0.443298 0.197289
v -0.053850 0.445858 0.199997
v -0.050765 0.447201 0.212025
v -0.039093 0.444641 0.209317
v -0.052010 0.448156 0.205753
v -0.040339 0.445596 0.203046
v -0.045710 0.387670 0.238507
v -0.046469 0.381922 0.240570
v -0.045309 0.383358 0.241284
v -0.046870 0.387708 0.237961
v -0.045788 0.386686 0.242753
v -0.056185 0.388858 0.241091
v -0.039167 0.400917 0.261207
v -0.045378 0.401664 0.263306
v -0.040368 0.405188 0.255337
v -0.047030 0.406011 0.257576
v -0.054954 0.394296 0.241017
v -0.046674 0.393273 0.238235
v -0.048579 0.393527 0.233687
v -0.054198 0.384315 0.221262
v -0.061212 0.385182 0.223619
v -0.061174 0.380902 0.226929
v -0.053193 0.379916 0.224248
v -0.051671 0.377982 0.224329
v -0.051270 0.373671 0.227106
v -0.052431 0.372942 0.228872
v -0.052838 0.369676 0.230693
v -0.059852 0.370543 0.233050
v -0.055125 0.378570 0.245723
v -0.047184 0.377589 0.243055
v -0.045757 0.392762 0.266190
v -0.039123 0.391942 0.263961
v -0.039039 0.399426 0.262110
v -0.044252 0.398721 0.264137
v -0.054390 0.387749 0.245644
v -0.056208 0.383126 0.243842
v -0.060496 0.373602 0.231632
v -0.055242 0.369148 0.223786
v -0.062224 0.370010 0.226131
v -0.062726 0.379348 0.228044
v -0.062325 0.375036 0.230820
v -0.056364 0.384724 0.244999
v -0.056765 0.389035 0.242221
v -0.056136 0.394460 0.236226
v -0.062887 0.377152 0.221530
v -0.055906 0.376289 0.219185
v -0.008696 0.396538 0.310374
v -0.012047 0.395803 0.302266
v -0.017476 0.407668 0.312246
v -0.020285 0.407049 0.305434
v -0.017063 0.391976 0.304637
v -0.024130 0.404169 0.307291
v -0.021327 0.404789 0.314085
v -0.013686 0.392713 0.312825
v -0.000821 0.392472 0.307844
v -0.014811 0.387943 0.314033
v -0.020995 0.386567 0.299019
v -0.003146 0.399486 0.308159
v -0.015150 0.393523 0.315045
v -0.009323 0.398112 0.293165
v -0.006997 0.391098 0.292849
v -0.022289 0.391921 0.297670
v -0.024456 0.323101 0.185761
v -0.022514 0.292616 0.200943
v -0.023786 0.286834 0.205716
v -0.025165 0.243194 0.222287
v -0.025357 0.282256 0.194338
v -0.026140 0.321233 0.178192
v -0.024859 0.322036 0.187280
v -0.026208 0.328137 0.183824
v -0.026930 0.327736 0.177704
v -0.023115 0.332908 0.171197
v -0.023824 0.344338 0.176363
v -0.022847 0.321158 0.175632
v -0.038515 0.332304 0.170550
v -0.038247 0.320557 0.174983
v -0.038576 0.315368 0.186415
v -0.023177 0.315971 0.187068
v -0.023911 0.320385 0.198804
v -0.024620 0.331812 0.203966
v -0.024888 0.343560 0.199533
v -0.024554 0.348745 0.188110
v -0.039223 0.343731 0.175712
v -0.039958 0.348146 0.187448
v -0.040288 0.342959 0.198884
v -0.040019 0.331208 0.203320
v -0.039310 0.319778 0.198153
v -0.031009 0.462611 0.189020
v -0.041646 0.456484 0.187858
v -0.030863 0.456045 0.191264
v -0.038445 0.462857 0.186650
v -0.031404 0.468899 0.181119
v -0.042467 0.463710 0.180340
v -0.038347 0.464893 0.173790
v -0.031007 0.465328 0.171498
v -0.030849 0.459581 0.167818
v -0.041680 0.458874 0.171068
v -0.045499 0.457441 0.179662
v 0.002095 0.392318 0.302536
v -0.001005 0.391661 0.294844
v -0.000789 0.401965 0.302239
v -0.003342 0.401333 0.295576
v -0.006361 0.399752 0.291472
v -0.012831 0.397389 0.294657
v -0.003723 0.391794 0.291114
v -0.010237 0.389566 0.294305
v -0.003943 0.390966 0.309586
v 0.002779 0.393238 0.306917
v 0.000140 0.401199 0.307275
v -0.006536 0.398789 0.309937
v -0.026149 0.348407 0.186074
v -0.017557 0.334214 0.186966
v -0.025181 0.343386 0.200294
v -0.015070 0.346773 0.189924
v -0.014484 0.336447 0.174233
v -0.028998 0.344135 0.189378
v -0.028504 0.335422 0.176141
v -0.028009 0.322149 0.184916
v -0.013898 0.320722 0.184621
v -0.014484 0.331047 0.200312
v -0.028504 0.330862 0.198153
v -0.011254 0.366289 0.189573
v -0.025856 0.366238 0.189724
v -0.011182 0.363454 0.202945
v -0.034887 0.358120 0.190005
v -0.011705 0.352600 0.187652
v -0.034772 0.356404 0.198886
v -0.011626 0.350404 0.198589
v -0.025880 0.363541 0.202863
v -0.041573 0.381863 0.204332
v -0.041535 0.383691 0.195512
v -0.037813 0.394992 0.197461
v -0.031056 0.386075 0.193859
v -0.026774 0.385191 0.194262
v -0.028174 0.397659 0.197079
v -0.037908 0.393338 0.206780
v -0.031164 0.383329 0.207207
v -0.026527 0.382788 0.206138
v -0.028156 0.395583 0.208454
v -0.003440 0.502408 0.221701
v -0.003362 0.507610 0.230276
v 0.003818 0.484045 0.233900
v -0.005097 0.511805 0.224371
v -0.011757 0.515696 0.226824
v -0.014029 0.515664 0.214026
v -0.008020 0.511639 0.213640
v -0.017146 0.498806 0.223512
v -0.011526 0.480978 0.236051
v 0.009379 0.466095 0.247509
v 0.007378 0.471320 0.255310
v 0.002422 0.491555 0.243128
v -0.009916 0.510080 0.234784
v -0.019820 0.516156 0.229066
v -0.021918 0.515220 0.214627
v -0.028625 0.512592 0.216728
v -0.032925 0.506599 0.217624
v -0.032450 0.506236 0.228538
v -0.031059 0.496759 0.225974
v -0.026775 0.477812 0.238585
v -0.005743 0.462667 0.249071
v -0.020750 0.459887 0.252183
v -0.005734 0.472042 0.261904
v -0.018856 0.465933 0.259388
v -0.026087 0.485729 0.247513
v -0.011866 0.492946 0.250759
v -0.016953 0.509549 0.238537
v -0.025477 0.506679 0.237743
v -0.027351 0.512322 0.229752
v -0.030697 0.501954 0.234408
v -0.012265 0.384778 0.217725
v -0.011602 0.375919 0.186340
v -0.013077 0.402511 0.222929
v -0.030391 0.401897 0.222256
v -0.029883 0.384553 0.217077
v -0.030385 0.375311 0.185256
v -0.032946 0.392099 0.189719
v -0.012280 0.390392 0.192328
v -0.034480 0.375886 0.185982
v -0.033152 0.375148 0.173936
v -0.011459 0.375566 0.172705
v -0.012727 0.402637 0.176213
v -0.011911 0.384281 0.173144
v -0.020810 0.383907 0.173078
v -0.032201 0.383656 0.169726
v -0.035317 0.396882 0.175687
v -0.038142 0.414409 0.180798
v -0.041876 0.455998 0.191503
v -0.031031 0.460141 0.164734
v -0.032686 0.463711 0.168223
v -0.032824 0.460084 0.191166
v -0.015381 0.461339 0.192283
v -0.015673 0.469073 0.187607
v -0.032806 0.467671 0.186985
v -0.032793 0.469616 0.175165
v -0.015324 0.465123 0.167633
v -0.015651 0.471145 0.175096
v -0.015085 0.460253 0.164400
v -0.013271 0.419640 0.157677
v 0.001009 0.420132 0.157872
v 0.010564 0.419607 0.161940
v 0.016447 0.418784 0.168038
v 0.016400 0.417357 0.176627
v 0.011514 0.416506 0.181249
v 0.009753 0.398609 0.176420
v 0.013321 0.399234 0.173352
v 0.008400 0.385383 0.170222
v -0.002883 0.384670 0.173215
v -0.011841 0.384412 0.167824
v -0.011973 0.388285 0.163846
v -0.032395 0.387946 0.163965
v -0.038276 0.396960 0.172859
v -0.042959 0.414836 0.176150
v -0.042981 0.416279 0.167480
v -0.038106 0.398057 0.165139
v -0.037140 0.417549 0.161548
v -0.045244 0.458780 0.175191
v -0.041879 0.459934 0.167959
v -0.027514 0.418866 0.157607
v -0.045269 0.457270 0.184328
v -0.012423 0.400571 0.154871
v -0.002410 0.401082 0.155008
v 0.013194 0.400344 0.165570
v 0.008226 0.389676 0.164218
v -0.022444 0.400217 0.154830
v -0.049375 0.443445 0.216100
v -0.049323 0.446244 0.203441
v -0.030642 0.450828 0.200211
v -0.030845 0.435623 0.188108
v -0.048805 0.445779 0.197473
v -0.029900 0.422379 0.194249
v -0.048502 0.425057 0.198259
v -0.048559 0.422051 0.211846
v -0.049482 0.430670 0.219663
v -0.050460 0.437140 0.208505
v 0.027304 0.407300 0.270081
v 0.023182 0.403293 0.284964
v 0.032683 0.403466 0.275311
v 0.017797 0.407131 0.279727
v 0.015596 0.403219 0.277505
v 0.011585 0.400393 0.280611
v 0.012998 0.397543 0.276120
v 0.019583 0.392849 0.282523
v 0.017418 0.396234 0.286283
v 0.022264 0.398467 0.283988
v 0.031850 0.399548 0.274423
v 0.032527 0.397675 0.275057
v 0.023035 0.397509 0.284697
v 0.030669 0.392451 0.273138
v 0.021177 0.392285 0.282778
v 0.029203 0.392105 0.271689
v 0.016675 0.386884 0.279297
v 0.026844 0.387045 0.269279
v 0.011552 0.390536 0.274315
v 0.009366 0.393170 0.277874
v 0.014980 0.389168 0.283333
v -0.000915 0.389059 0.298218
v -0.000787 0.395222 0.302235
v -0.004999 0.398230 0.298143
v -0.005433 0.392279 0.293825
v 0.021465 0.390878 0.264049
v 0.022931 0.396576 0.265590
v 0.022255 0.398448 0.264956
v 0.012763 0.398283 0.274597
v 0.024112 0.403673 0.266875
v 0.014621 0.403507 0.276515
v 0.025578 0.404019 0.268324
v -0.000195 0.396775 0.302777
v 0.004042 0.403182 0.303448
v -0.000456 0.406388 0.299074
v -0.004430 0.399793 0.298658
v 0.203013 0.454326 -0.285536
v 0.184661 0.458405 -0.288662
v 0.183668 0.459159 -0.267965
v 0.184944 0.442149 -0.297113
v 0.183509 0.429396 -0.288352
v 0.191056 0.427402 -0.278146
v 0.190678 0.415952 -0.254907
v 0.190257 0.408616 -0.300394
v 0.185282 0.463115 -0.296313
v 0.188603 0.443061 -0.258272
v 0.168074 0.444151 -0.258114
v 0.147756 0.444066 -0.258162
v 0.168557 0.464157 -0.296320
v 0.152372 0.462817 -0.277969
v 0.144243 0.428671 -0.278250
v 0.168554 0.462583 -0.277548
v 0.184701 0.461981 -0.277929
v 0.168475 0.459548 -0.267928
v 0.126341 0.248607 -0.297975
v 0.124881 0.228432 -0.292713
v 0.125412 0.237441 -0.299532
v 0.143349 0.247258 -0.298447
v 0.127125 0.255387 -0.288955
v 0.144312 0.252462 -0.278227
v 0.127303 0.253811 -0.277755
v 0.125844 0.233635 -0.272493
v 0.125061 0.226855 -0.281514
v 0.142068 0.225507 -0.281985
v 0.142852 0.232287 -0.272965
v 0.126773 0.244801 -0.270936
v 0.142420 0.236093 -0.300004
v 0.135940 0.136009 -0.304577
v 0.117750 0.135481 -0.306931
v 0.134637 0.164651 -0.333475
v 0.141726 0.142795 -0.332476
v 0.121956 0.164685 -0.334116
v 0.122718 0.189205 -0.341286
v 0.114576 0.142932 -0.333779
v 0.139840 0.152785 -0.366338
v 0.119750 0.152878 -0.367330
v 0.135120 0.191720 -0.350099
v 0.123319 0.191771 -0.350672
v 0.134786 0.189155 -0.340701
v 0.167730 0.381198 -0.214597
v 0.168794 0.382624 -0.209765
v 0.155730 0.388247 -0.207924
v 0.157781 0.393977 -0.217234
v 0.159127 0.395899 -0.210907
v 0.154418 0.386400 -0.214271
v 0.129289 0.242160 -0.288473
v 0.136820 0.224377 -0.320717
v 0.128202 0.225086 -0.320588
v 0.139596 0.241306 -0.288630
v 0.142995 0.215213 -0.312438
v 0.132820 0.170654 -0.346737
v 0.133484 0.180054 -0.356340
v 0.123221 0.180898 -0.356189
v 0.120861 0.217028 -0.312100
v 0.122607 0.171494 -0.346588
v 0.128696 0.230378 -0.277910
v 0.138562 0.229564 -0.278062
v 0.146676 0.382303 -0.211628
v 0.148037 0.391263 -0.223389
v 0.145177 0.384120 -0.220438
v 0.144639 0.379941 -0.218546
v 0.143077 0.382174 -0.225758
v 0.150589 0.394812 -0.224674
v 0.152430 0.396682 -0.217561
v 0.159893 0.393300 -0.218519
v 0.134615 0.425232 -0.270121
v 0.121715 0.441529 -0.279403
v 0.131813 0.440573 -0.264893
v 0.118786 0.442192 -0.275222
v 0.117732 0.413725 -0.274074
v 0.108942 0.410328 -0.264403
v 0.112711 0.406460 -0.269762
v 0.107374 0.400302 -0.259098
v 0.117612 0.399354 -0.251598
v 0.123356 0.414802 -0.257440
v 0.111535 0.416131 -0.266689
v 0.128403 0.431155 -0.261410
v 0.114676 0.432664 -0.272238
v 0.167338 0.383304 -0.191586
v 0.171429 0.396475 -0.200988
v 0.176161 0.386772 -0.212357
v 0.172443 0.396061 -0.196850
v 0.171900 0.376122 -0.207962
v 0.170357 0.397019 -0.196283
v 0.165289 0.381140 -0.194660
v 0.161373 0.397236 -0.210183
v 0.158415 0.392133 -0.222184
v 0.146077 0.381055 -0.215503
v 0.150350 0.385416 -0.200763
v 0.151723 0.395165 -0.221325
v 0.152769 0.378023 -0.216361
v 0.156003 0.399544 -0.206593
v 0.154924 0.381117 -0.203552
v 0.165318 0.384429 -0.191088
v 0.150271 0.385108 -0.201313
v 0.155973 0.399380 -0.207194
v 0.222148 0.386999 -0.210196
v 0.222440 0.379852 -0.210007
v 0.230561 0.385617 -0.188290
v 0.217113 0.385928 -0.193605
v 0.237642 0.379501 -0.204011
v 0.232932 0.403438 -0.196499
v 0.221511 0.403617 -0.201023
v 0.219575 0.404778 -0.196090
v 0.216742 0.387844 -0.192907
v 0.216755 0.389240 -0.196923
v 0.233212 0.388922 -0.190413
v 0.230422 0.387628 -0.187492
v 0.230996 0.404600 -0.191567
v 0.238272 0.386625 -0.203824
v 0.137019 0.335083 -0.267906
v 0.149265 0.334030 -0.268237
v 0.135179 0.324495 -0.265177
v 0.137673 0.336813 -0.291016
v 0.132163 0.291944 -0.266769
v 0.128790 0.244691 -0.272871
v 0.146361 0.290303 -0.267382
v 0.235156 0.397622 -0.229508
v 0.235632 0.387911 -0.230825
v 0.174091 0.502034 -0.289703
v 0.172093 0.496708 -0.274667
v 0.173992 0.514260 -0.291849
v 0.166789 0.496859 -0.274711
v 0.165786 0.514149 -0.292130
v 0.166671 0.502037 -0.289907
v 0.173618 0.362594 -0.284646
v 0.161714 0.399655 -0.281690
v 0.158293 0.362993 -0.284646
v 0.161170 0.378816 -0.259345
v 0.161153 0.344185 -0.259604
v 0.169783 0.343960 -0.259604
v 0.171568 0.378545 -0.259345
v 0.172110 0.399384 -0.281690
v 0.155757 0.334818 -0.258939
v 0.171898 0.325479 -0.276303
v 0.158079 0.325839 -0.276303
v 0.171336 0.342012 -0.297098
v 0.173148 0.341897 -0.277785
v 0.172318 0.332561 -0.291114
v 0.181499 0.355605 -0.281544
v 0.171264 0.359639 -0.262828
v 0.174532 0.366723 -0.289390
v 0.175607 0.360630 -0.281788
v 0.159501 0.342321 -0.297098
v 0.157594 0.367164 -0.289389
v 0.160473 0.359847 -0.262692
v 0.180565 0.353553 -0.266602
v 0.174685 0.334325 -0.258939
v 0.238638 0.394238 -0.245211
v 0.240336 0.393030 -0.245045
v 0.238519 0.396695 -0.244809
v 0.240096 0.397943 -0.244241
v 0.168749 0.468141 -0.235305
v 0.178588 0.468276 -0.235228
v 0.180471 0.456368 -0.282356
v 0.173861 0.463625 -0.285605
v 0.174904 0.499159 -0.287143
v 0.174889 0.496808 -0.294852
v 0.180250 0.503694 -0.289687
v 0.159145 0.504294 -0.289679
v 0.164064 0.497083 -0.294842
v 0.163457 0.463881 -0.285592
v 0.164174 0.499430 -0.287143
v 0.156436 0.458757 -0.276262
v 0.180671 0.458102 -0.276338
v 0.156385 0.456823 -0.282217
v 0.163469 0.466324 -0.277759
v 0.173980 0.466069 -0.277766
v 0.159072 0.502472 -0.295384
v 0.180216 0.501899 -0.295377
v 0.244951 0.394314 -0.243795
v 0.244830 0.396771 -0.243394
v 0.243133 0.397979 -0.243560
v 0.243373 0.393067 -0.244364
v 0.181187 0.487045 -0.308287
v 0.175183 0.508908 -0.298247
v 0.182449 0.509174 -0.298577
v 0.173991 0.486217 -0.301994
v 0.174474 0.492255 -0.300248
v 0.157582 0.486855 -0.301993
v 0.157427 0.487605 -0.308259
v 0.163539 0.487904 -0.309478
v 0.164002 0.486524 -0.302013
v 0.163851 0.496383 -0.309549
v 0.176806 0.513933 -0.308728
v 0.175001 0.487617 -0.309431
v 0.180847 0.486060 -0.301894
v 0.175205 0.496079 -0.309413
v 0.169431 0.496205 -0.310079
v 0.164520 0.492698 -0.300344
v 0.184600 0.501346 -0.298636
v 0.184826 0.510097 -0.298735
v 0.184704 0.505706 -0.300580
v 0.154764 0.506486 -0.300580
v 0.154641 0.502126 -0.298636
v 0.154645 0.502157 -0.290942
v 0.184706 0.505769 -0.289103
v 0.154766 0.506548 -0.289103
v 0.154603 0.500566 -0.294775
v 0.154870 0.510905 -0.291053
v 0.184829 0.510125 -0.291053
v 0.184867 0.511686 -0.294908
v 0.154872 0.510877 -0.298735
v 0.154913 0.512467 -0.294908
v 0.184598 0.501377 -0.290942
v 0.184557 0.499786 -0.294775
v 0.187509 0.399253 -0.286844
v 0.184475 0.397346 -0.258508
v 0.184660 0.415389 -0.256953
v 0.190897 0.521058 -0.315775
v 0.187191 0.467998 -0.306246
v 0.190274 0.467554 -0.311979
v 0.191953 0.522947 -0.317599
v 0.187831 0.536949 -0.315227
v 0.184002 0.521227 -0.315769
v 0.182595 0.468052 -0.312782
v 0.183042 0.523173 -0.317599
v 0.187466 0.521897 -0.310220
v 0.187521 0.523936 -0.309166
v 0.184409 0.352144 -0.277443
v 0.184105 0.340780 -0.288610
v 0.170369 0.354671 -0.277150
v 0.170087 0.341284 -0.264083
v 0.183824 0.329696 -0.277356
v 0.184117 0.340918 -0.266161
v 0.169788 0.328136 -0.277587
v 0.170078 0.341521 -0.290688
v 0.194212 0.497116 -0.313991
v 0.194046 0.465793 -0.312270
v 0.187507 0.497288 -0.313992
v 0.190879 0.497890 -0.308548
v 0.195562 0.499150 -0.315835
v 0.190933 0.500026 -0.307354
v 0.191249 0.513167 -0.313588
v 0.186263 0.499386 -0.315835
v 0.186407 0.466303 -0.313025
v 0.190915 0.466187 -0.306445
v 0.184257 0.467224 -0.319513
v 0.195087 0.461175 -0.318488
v 0.184213 0.460835 -0.321959
v 0.191702 0.467352 -0.317152
v 0.198877 0.461390 -0.310136
v 0.195728 0.467607 -0.310794
v 0.184565 0.472671 -0.310817
v 0.191589 0.468046 -0.304152
v 0.184260 0.468103 -0.301803
v 0.184222 0.462139 -0.298284
v 0.194971 0.461931 -0.301557
v 0.196912 0.392311 -0.279461
v 0.183400 0.406278 -0.269147
v 0.183274 0.406105 -0.280729
v 0.192997 0.403725 -0.279820
v 0.190545 0.366202 -0.270839
v 0.196956 0.392318 -0.270445
v 0.181562 0.373749 -0.268162
v 0.181635 0.373878 -0.281566
v 0.167643 0.359732 -0.280834
v 0.166907 0.373557 -0.281724
v 0.190535 0.366110 -0.279667
v 0.167620 0.359828 -0.269692
v 0.166935 0.373457 -0.268062
v 0.186443 0.394289 -0.267917
v 0.182044 0.393255 -0.280956
v 0.186447 0.394077 -0.281553
v 0.193032 0.403993 -0.270332
v 0.182075 0.393416 -0.268757
v 0.195174 0.462368 -0.298025
v 0.185985 0.465001 -0.322393
v 0.185966 0.472683 -0.304823
v 0.249339 0.394882 -0.263787
v 0.250686 0.404097 -0.267741
v 0.243452 0.404009 -0.269364
v 0.242797 0.402932 -0.263836
v 0.243862 0.395611 -0.270738
v 0.251096 0.395698 -0.269116
v 0.244982 0.393531 -0.265790
v 0.248019 0.393568 -0.265109
v 0.243017 0.400226 -0.265059
v 0.243194 0.394808 -0.265165
v 0.243137 0.397770 -0.265461
v 0.248943 0.403006 -0.262458
v 0.244351 0.406475 -0.263673
v 0.247388 0.406511 -0.262992
v 0.249449 0.397847 -0.264045
v 0.249328 0.400303 -0.263644
v 0.196138 0.341873 -0.261255
v 0.192722 0.357322 -0.278323
v 0.192602 0.351962 -0.289719
v 0.193896 0.340208 -0.294045
v 0.195847 0.328943 -0.288770
v 0.182072 0.322631 -0.275909
v 0.197311 0.324762 -0.276983
v 0.182192 0.327990 -0.264513
v 0.197432 0.330116 -0.265586
v 0.180897 0.339744 -0.260187
v 0.178947 0.351010 -0.265462
v 0.194187 0.353143 -0.266532
v 0.177483 0.355191 -0.277248
v 0.178656 0.338079 -0.292976
v 0.177362 0.349836 -0.288646
v 0.180607 0.326809 -0.287700
v 0.197562 0.455388 -0.273606
v 0.202327 0.446679 -0.278809
v 0.200078 0.438530 -0.285867
v 0.198606 0.453536 -0.273822
v 0.190443 0.398019 -0.285340
v 0.188043 0.379443 -0.298865
v 0.202738 0.434311 -0.285356
v 0.202699 0.433842 -0.270921
v 0.224664 0.432924 -0.274943
v 0.226157 0.434472 -0.268938
v 0.248205 0.412469 -0.268746
v 0.244475 0.409941 -0.265975
v 0.222009 0.430339 -0.266410
v 0.241044 0.407688 -0.272422
v 0.220209 0.428481 -0.272604
v 0.246934 0.412336 -0.273879
v 0.226309 0.419574 -0.278086
v 0.238320 0.406947 -0.279778
v 0.231482 0.424785 -0.274897
v 0.230556 0.424554 -0.271837
v 0.244952 0.413627 -0.275690
v 0.251006 0.413720 -0.273100
v 0.247974 0.410767 -0.263353
v 0.234933 0.403647 -0.268891
v 0.234873 0.397569 -0.271429
v 0.237906 0.400523 -0.281176
v 0.256950 0.407789 -0.273048
v 0.253917 0.404835 -0.263301
v 0.243850 0.394591 -0.281124
v 0.248857 0.391308 -0.268975
v 0.240817 0.391637 -0.271377
v 0.251890 0.394262 -0.278722
v 0.254284 0.396775 -0.265630
v 0.257316 0.399729 -0.275377
v 0.223760 0.417090 -0.269892
v 0.224050 0.418023 -0.273070
v 0.229832 0.423847 -0.269507
v 0.228933 0.422301 -0.266703
v 0.241565 0.410328 -0.264802
v 0.224775 0.418730 -0.275401
v 0.226674 0.435305 -0.268382
v 0.213929 0.447241 -0.268859
v 0.211817 0.445150 -0.275311
v 0.207607 0.440956 -0.272745
v 0.224383 0.432944 -0.275859
v 0.219583 0.428209 -0.273083
v 0.209135 0.442523 -0.266638
v 0.220846 0.429540 -0.266221
v 0.189102 0.451202 -0.280526
v 0.189384 0.444997 -0.282319
v 0.191953 0.456449 -0.278049
v 0.197173 0.459333 -0.275551
v 0.193676 0.455928 -0.264313
v 0.188457 0.453044 -0.266811
v 0.185887 0.441591 -0.271081
v 0.185648 0.447796 -0.269373
v 0.203363 0.459080 -0.273702
v 0.192652 0.439637 -0.282968
v 0.199866 0.455674 -0.262464
v 0.205691 0.451987 -0.261776
v 0.189594 0.435773 -0.271699
v 0.205334 0.445678 -0.262939
v 0.196316 0.436576 -0.282505
v 0.195436 0.435707 -0.269041
v 0.211688 0.452058 -0.273029
v 0.208745 0.455850 -0.273047
v 0.215684 0.443096 -0.274351
v 0.213291 0.440722 -0.265974
v 0.202481 0.429832 -0.272637
v 0.205190 0.432526 -0.280820
v 0.210383 0.426612 -0.283491
v 0.211546 0.445869 -0.272982
v 0.214054 0.445600 -0.277391
v 0.209524 0.443090 -0.266062
v 0.200350 0.434590 -0.279883
v 0.203260 0.434726 -0.284045
v 0.223427 0.415315 -0.279672
v 0.221619 0.438215 -0.276572
v 0.233075 0.425219 -0.273657
v 0.217907 0.435080 -0.265349
v 0.206706 0.423438 -0.272445
v 0.198793 0.432279 -0.272677
v 0.228142 0.424607 -0.265237
v 0.218949 0.415022 -0.270863
v 0.221298 0.413028 -0.272812
v 0.228194 0.410483 -0.279599
v 0.245580 0.413052 -0.272480
v 0.231196 0.423000 -0.266710
v 0.243895 0.411412 -0.267067
v 0.226023 0.408368 -0.272620
v 0.237790 0.404503 -0.277789
v 0.235952 0.402713 -0.271881
v 0.199890 0.291920 -0.267041
v 0.202571 0.305262 -0.241424
v 0.209428 0.262633 -0.220910
v 0.193365 0.329135 -0.285907
v 0.197117 0.333165 -0.257703
v 0.194427 0.340423 -0.265648
v 0.191536 0.335496 -0.286755
v 0.190452 0.290592 -0.266334
v 0.197842 0.254290 -0.235666
v 0.208130 0.255783 -0.236434
v 0.188250 0.295713 -0.255239
v 0.196975 0.260863 -0.219960
v 0.188480 0.302781 -0.240354
v 0.185162 0.332656 -0.256458
v 0.183588 0.308090 -0.244340
v 0.180686 0.331747 -0.257247
v 0.182616 0.329006 -0.276175
v 0.181988 0.329851 -0.277740
v 0.183868 0.327746 -0.285219
v 0.183454 0.334229 -0.286191
v 0.182050 0.334852 -0.278648
v 0.182304 0.338628 -0.264730
v 0.185834 0.300717 -0.260298
v 0.213179 0.253763 -0.214648
v 0.211421 0.263928 -0.219407
v 0.210031 0.262871 -0.240326
v 0.211214 0.252269 -0.244231
v 0.212972 0.242105 -0.239472
v 0.197585 0.240832 -0.217334
v 0.214361 0.243161 -0.218553
v 0.214276 0.238332 -0.228836
v 0.196402 0.251434 -0.213429
v 0.194644 0.261598 -0.218188
v 0.193340 0.265371 -0.228824
v 0.210117 0.267701 -0.230043
v 0.194438 0.249940 -0.243013
v 0.193255 0.260542 -0.239107
v 0.196195 0.239775 -0.238253
v 0.197499 0.236002 -0.227617
v 0.220018 0.162018 -0.245810
v 0.209898 0.160646 -0.244949
v 0.200806 0.246238 -0.216696
v 0.196919 0.215825 -0.238310
v 0.198702 0.250654 -0.231753
v 0.202237 0.219650 -0.250466
v 0.218528 0.164973 -0.258850
v 0.208359 0.163594 -0.257986
v 0.210776 0.220810 -0.251189
v 0.218851 0.218800 -0.240160
v 0.208914 0.252047 -0.232619
v 0.210582 0.247569 -0.217522
v 0.230367 0.144651 -0.220391
v 0.228224 0.152068 -0.193470
v 0.210116 0.153003 -0.190811
v 0.221412 0.162779 -0.231732
v 0.208749 0.162379 -0.230486
v 0.206511 0.179348 -0.249309
v 0.203334 0.144079 -0.217847
v 0.205869 0.176668 -0.258587
v 0.223900 0.135474 -0.253963
v 0.203867 0.135066 -0.252064
v 0.217775 0.177084 -0.259753
v 0.218758 0.179776 -0.250508
v 0.170562 0.387562 -0.217082
v 0.171617 0.388971 -0.212244
v 0.120479 0.394489 -0.256217
v 0.131147 0.420390 -0.267893
v 0.120327 0.395677 -0.251064
v 0.125068 0.423223 -0.267610
v 0.113805 0.398036 -0.257353
v 0.126539 0.425119 -0.261341
v 0.116210 0.398870 -0.250147
v 0.132246 0.422331 -0.261919
v 0.130651 0.420299 -0.269210
v 0.133231 0.422325 -0.261387
v 0.131796 0.438421 -0.273827
v 0.124448 0.423589 -0.268019
v 0.132905 0.440374 -0.267774
v 0.125826 0.425747 -0.261208
v 0.139351 0.437422 -0.267813
v 0.137595 0.435587 -0.274414
v 0.120941 0.426838 -0.281093
v 0.124936 0.436589 -0.284418
v 0.138414 0.435494 -0.274155
v 0.135125 0.439824 -0.268716
v 0.128934 0.412670 -0.265183
v 0.115115 0.412211 -0.272048
v 0.127062 0.410726 -0.262576
v 0.120535 0.396354 -0.255756
v 0.110565 0.397028 -0.263636
v 0.149738 0.387377 -0.232465
v 0.146294 0.379524 -0.229025
v 0.157048 0.386474 -0.225066
v 0.146688 0.390323 -0.229335
v 0.158184 0.391370 -0.225648
v 0.154139 0.378922 -0.212585
v 0.152231 0.376501 -0.219520
v 0.154481 0.380071 -0.222436
v 0.106663 0.381008 -0.257873
v 0.107517 0.393850 -0.266540
v 0.104304 0.386665 -0.263614
v 0.099041 0.392067 -0.256129
v 0.113213 0.380194 -0.252681
v 0.114852 0.390102 -0.243593
v 0.120116 0.384700 -0.251078
v 0.118065 0.397287 -0.246518
v 0.115475 0.401712 -0.250651
v 0.123329 0.391885 -0.254004
v 0.113350 0.396674 -0.265358
v 0.120168 0.412206 -0.269693
v 0.118369 0.414313 -0.267854
v 0.126412 0.411430 -0.264743
v 0.125346 0.413446 -0.262322
v 0.121354 0.395678 -0.259012
v 0.102254 0.399252 -0.259055
v 0.101400 0.386410 -0.250388
v 0.107949 0.385596 -0.245195
v 0.117110 0.415605 -0.266064
v 0.124087 0.414738 -0.260532
v 0.115743 0.416748 -0.263400
v 0.121987 0.415972 -0.258449
v 0.107472 0.402708 -0.256997
v 0.180508 0.386368 -0.209123
v 0.176246 0.375718 -0.204728
v 0.141890 0.227083 -0.293185
v 0.143781 0.243452 -0.271408
v 0.144132 0.254039 -0.289426
v 0.130138 0.439300 -0.287472
v 0.120013 0.438034 -0.275644
v 0.147044 0.441341 -0.275937
v 0.142085 0.437814 -0.278000
v 0.127617 0.443757 -0.291341
v 0.121778 0.450544 -0.282908
v 0.131473 0.449353 -0.292678
v 0.120507 0.446301 -0.281066
v 0.124280 0.433438 -0.282141
v 0.137327 0.431817 -0.271797
v 0.132678 0.436459 -0.265602
v 0.139058 0.443993 -0.266357
v 0.141202 0.448130 -0.267508
v 0.142277 0.453485 -0.270670
v 0.125405 0.455582 -0.284047
v 0.130719 0.459050 -0.282814
v 0.140460 0.457840 -0.275090
v 0.148346 0.447256 -0.279301
v 0.146529 0.451612 -0.283721
v 0.136230 0.459877 -0.279535
v 0.136788 0.452822 -0.291444
v 0.142299 0.453649 -0.288166
v 0.133183 0.381945 -0.242002
v 0.135750 0.387667 -0.243048
v 0.137343 0.384269 -0.239718
v 0.130794 0.391664 -0.235474
v 0.153377 0.386444 -0.220082
v 0.156733 0.390161 -0.228793
v 0.156692 0.383769 -0.225148
v 0.153189 0.393019 -0.223376
v 0.139484 0.391671 -0.241999
v 0.123273 0.395956 -0.253989
v 0.136894 0.394779 -0.244831
v 0.119542 0.398965 -0.248286
v 0.117881 0.394250 -0.246214
v 0.122017 0.388591 -0.253728
v 0.136719 0.386840 -0.243184
v 0.135135 0.382160 -0.241751
v 0.117892 0.380066 -0.249125
v 0.152757 0.385008 -0.219606
v 0.156118 0.382181 -0.224695
v 0.151903 0.375736 -0.224322
v 0.130701 0.377915 -0.240252
v 0.132766 0.387960 -0.232724
v 0.126476 0.381321 -0.233796
v 0.148374 0.378582 -0.218929
v 0.114161 0.383075 -0.243422
v 0.120099 0.383891 -0.250565
v 0.115198 0.386327 -0.243789
v 0.113731 0.383856 -0.253825
v 0.110017 0.386850 -0.248150
v 0.114551 0.388653 -0.243308
v 0.128002 0.386123 -0.234084
v 0.130838 0.391582 -0.234195
v 0.129253 0.386902 -0.232763
v 0.135079 0.395224 -0.235267
v 0.132874 0.398020 -0.238688
v 0.116136 0.393333 -0.244739
v 0.122127 0.390827 -0.252703
v 0.112641 0.394602 -0.250522
v 0.116355 0.391607 -0.256198
v 0.120433 0.383910 -0.252295
v 0.239835 0.387091 -0.210149
v 0.239174 0.400335 -0.204797
v 0.232209 0.401293 -0.207087
v 0.231540 0.388235 -0.212869
v 0.230492 0.399739 -0.202487
v 0.229242 0.386148 -0.206887
v 0.237441 0.398786 -0.200204
v 0.237613 0.384990 -0.204133
v 0.237431 0.379176 -0.203529
v 0.242918 0.385596 -0.217064
v 0.241901 0.392295 -0.214098
v 0.226769 0.392646 -0.220078
v 0.227786 0.385947 -0.223044
v 0.238217 0.384509 -0.201735
v 0.222279 0.379527 -0.209517
v 0.220694 0.384907 -0.208679
v 0.151650 0.324345 -0.265766
v 0.149397 0.333813 -0.283962
v 0.147184 0.324307 -0.264564
v 0.150778 0.297351 -0.267883
v 0.148065 0.299755 -0.285335
v 0.146243 0.292534 -0.283797
v 0.141369 0.243633 -0.273205
v 0.140050 0.246652 -0.289925
v 0.148914 0.332189 -0.283104
v 0.148581 0.336173 -0.279640
v 0.147262 0.341964 -0.288600
v 0.147265 0.335991 -0.291333
v 0.134251 0.294962 -0.295541
v 0.143774 0.294178 -0.295800
v 0.129668 0.247543 -0.289617
v 0.139086 0.342699 -0.288271
v 0.152331 0.356787 -0.282145
v 0.151478 0.349256 -0.292164
v 0.150444 0.336856 -0.293893
v 0.134464 0.328065 -0.285856
v 0.149835 0.326853 -0.286319
v 0.150859 0.332637 -0.263867
v 0.152504 0.355038 -0.269718
v 0.136108 0.350464 -0.291697
v 0.136960 0.357995 -0.281683
v 0.135073 0.338068 -0.293425
v 0.136522 0.346245 -0.261671
v 0.135489 0.333845 -0.263400
v 0.134636 0.326315 -0.273419
v 0.150007 0.325106 -0.273881
v 0.151893 0.345033 -0.262138
v 0.137132 0.356249 -0.269245
v 0.153088 0.468919 -0.301806
v 0.142041 0.463444 -0.301702
v 0.152816 0.462950 -0.298277
v 0.145654 0.469202 -0.304177
v 0.153013 0.473492 -0.310817
v 0.141611 0.469041 -0.310528
v 0.145708 0.468584 -0.317182
v 0.153029 0.468032 -0.319515
v 0.152739 0.461663 -0.321954
v 0.141932 0.462387 -0.318628
v 0.138147 0.462993 -0.309921
v 0.240892 0.397892 -0.228620
v 0.241116 0.386433 -0.222787
v 0.232818 0.395926 -0.222228
v 0.241196 0.388245 -0.230451
v 0.233403 0.386665 -0.225897
v 0.227691 0.394732 -0.223099
v 0.226506 0.383980 -0.219969
v 0.228845 0.387132 -0.226464
v 0.241927 0.383622 -0.213875
v 0.239410 0.395776 -0.219430
v 0.244787 0.386758 -0.220157
v 0.225372 0.391451 -0.216661
v 0.240792 0.391094 -0.210567
v 0.243634 0.394361 -0.216790
v 0.156209 0.361133 -0.281788
v 0.150062 0.356425 -0.281544
v 0.157672 0.342139 -0.277794
v 0.158027 0.332933 -0.291114
v 0.150884 0.354327 -0.266602
v 0.161056 0.354831 -0.277443
v 0.160710 0.341531 -0.290716
v 0.146681 0.341897 -0.288639
v 0.146389 0.330671 -0.277357
v 0.160364 0.328229 -0.277356
v 0.160710 0.341529 -0.264083
v 0.146681 0.341894 -0.266160
v 0.146974 0.353119 -0.277443
v 0.166197 0.373557 -0.281743
v 0.166263 0.373486 -0.268073
v 0.164780 0.359828 -0.280849
v 0.164863 0.359889 -0.269694
v 0.142200 0.367401 -0.270505
v 0.151606 0.374584 -0.268171
v 0.137268 0.393878 -0.279453
v 0.137230 0.393878 -0.270446
v 0.141783 0.405050 -0.279835
v 0.152077 0.394056 -0.280981
v 0.151577 0.406903 -0.280750
v 0.141708 0.405326 -0.270375
v 0.151628 0.374560 -0.281584
v 0.142123 0.367391 -0.278875
v 0.152328 0.394093 -0.268865
v 0.147755 0.395162 -0.267928
v 0.147861 0.395138 -0.281556
v 0.151613 0.407174 -0.269190
v 0.184053 0.517070 -0.285097
v 0.184148 0.519425 -0.292163
v 0.178242 0.524957 -0.292294
v 0.177856 0.521289 -0.304757
v 0.182813 0.516391 -0.302780
v 0.184036 0.509528 -0.291709
v 0.169758 0.509051 -0.291775
v 0.185226 0.494983 -0.273661
v 0.169438 0.495389 -0.273889
v 0.184672 0.481554 -0.254749
v 0.182798 0.489226 -0.249291
v 0.184242 0.505136 -0.267380
v 0.177641 0.521903 -0.282881
v 0.170248 0.527456 -0.291949
v 0.170063 0.522396 -0.305665
v 0.169899 0.514567 -0.309567
v 0.182659 0.512806 -0.306056
v 0.162710 0.521737 -0.304315
v 0.163380 0.514356 -0.308854
v 0.157052 0.513377 -0.306062
v 0.157104 0.517147 -0.302670
v 0.156969 0.510068 -0.298635
v 0.155533 0.510265 -0.291706
v 0.169101 0.481401 -0.255383
v 0.177325 0.473871 -0.231203
v 0.168912 0.476452 -0.229523
v 0.169375 0.494191 -0.245955
v 0.155716 0.489912 -0.249263
v 0.154824 0.505893 -0.267403
v 0.169687 0.511250 -0.263495
v 0.170203 0.523777 -0.280633
v 0.161455 0.522289 -0.282301
v 0.162034 0.525363 -0.291757
v 0.155935 0.520159 -0.292229
v 0.155842 0.517709 -0.285167
v 0.153666 0.495808 -0.273710
v 0.153565 0.482320 -0.254721
v 0.158940 0.468778 -0.235234
v 0.160363 0.474306 -0.231210
v 0.164244 0.509292 -0.298252
v 0.185259 0.381856 -0.287801
v 0.166856 0.397380 -0.257922
v 0.167336 0.415812 -0.256420
v 0.150012 0.416288 -0.256954
v 0.147670 0.382837 -0.287798
v 0.149256 0.398264 -0.258511
v 0.146330 0.400318 -0.286830
v 0.167346 0.416177 -0.254179
v 0.144033 0.417167 -0.254907
v 0.143327 0.399220 -0.285370
v 0.166865 0.397730 -0.283929
v 0.144738 0.380583 -0.298850
v 0.166464 0.382335 -0.286860
v 0.143635 0.383832 -0.287204
v 0.166389 0.379223 -0.300141
v 0.167030 0.406465 -0.302191
v 0.157638 0.388101 -0.301465
v 0.144087 0.409865 -0.300337
v 0.144093 0.402320 -0.301540
v 0.142550 0.420671 -0.300088
v 0.151786 0.463943 -0.296263
v 0.141830 0.463723 -0.298034
v 0.151196 0.465907 -0.322393
v 0.151135 0.467012 -0.299191
v 0.168637 0.467242 -0.298353
v 0.168810 0.473873 -0.304499
v 0.151592 0.473087 -0.316792
v 0.168603 0.465952 -0.323258
v 0.168797 0.473365 -0.317170
v 0.185963 0.472192 -0.316792
v 0.168462 0.460524 -0.325436
v 0.184438 0.460732 -0.325090
v 0.167390 0.419365 -0.323789
v 0.181672 0.418885 -0.323698
v 0.191226 0.418525 -0.319608
v 0.195166 0.461433 -0.321936
v 0.197124 0.418543 -0.313469
v 0.198588 0.461852 -0.314516
v 0.198607 0.462218 -0.305368
v 0.197101 0.418888 -0.304769
v 0.192235 0.419334 -0.300071
v 0.189182 0.400998 -0.301173
v 0.192740 0.400738 -0.304303
v 0.186837 0.386920 -0.304562
v 0.175576 0.387618 -0.301486
v 0.166542 0.387857 -0.301476
v 0.166545 0.386904 -0.306713
v 0.146210 0.387976 -0.304697
v 0.166623 0.389892 -0.311393
v 0.146229 0.391015 -0.311208
v 0.141107 0.402031 -0.304325
v 0.137709 0.420487 -0.304726
v 0.137663 0.420145 -0.313508
v 0.141243 0.401530 -0.312108
v 0.143492 0.419777 -0.319574
v 0.141763 0.462808 -0.321887
v 0.153128 0.419593 -0.323701
v 0.152552 0.461598 -0.325086
v 0.138429 0.463380 -0.314571
v 0.138431 0.463753 -0.305317
v 0.166889 0.400111 -0.322672
v 0.176914 0.399936 -0.322641
v 0.192579 0.400259 -0.312149
v 0.186872 0.389911 -0.311311
v 0.156868 0.400459 -0.322641
v 0.151615 0.473577 -0.304823
v 0.186103 0.466102 -0.299192
v 0.153282 0.459950 -0.267965
v 0.133838 0.456960 -0.271403
v 0.152805 0.459647 -0.288458
v 0.151388 0.442361 -0.297229
v 0.151509 0.430600 -0.288531
v 0.133194 0.435328 -0.285146
v 0.133124 0.435144 -0.271233
v 0.132906 0.445207 -0.265325
v 0.132215 0.449341 -0.277562
v 0.134302 0.455433 -0.290117
v 0.133902 0.457131 -0.284367
v 0.189300 0.382617 -0.287183
v 0.250365 0.390681 -0.261460
v 0.239001 0.387583 -0.250699
v 0.242222 0.390266 -0.263579
v 0.247647 0.392851 -0.247433
v 0.247154 0.388000 -0.248576
v 0.245546 0.394527 -0.242285
v 0.246757 0.398864 -0.245448
v 0.236714 0.394077 -0.244583
v 0.236787 0.398355 -0.248043
v 0.237552 0.392335 -0.250060
v 0.241154 0.394188 -0.263027
v 0.239411 0.395325 -0.263226
v 0.236199 0.392642 -0.250360
v 0.238843 0.401069 -0.262169
v 0.235632 0.398385 -0.249303
v 0.240345 0.402371 -0.261522
v 0.237232 0.405582 -0.246619
v 0.240436 0.408319 -0.260259
v 0.244989 0.405977 -0.244600
v 0.244675 0.402438 -0.241171
v 0.236175 0.402004 -0.243384
v 0.238455 0.391091 -0.219376
v 0.238655 0.398336 -0.220650
v 0.231815 0.397987 -0.222430
v 0.232058 0.390765 -0.221040
v 0.248579 0.408735 -0.258139
v 0.249840 0.402856 -0.259051
v 0.251583 0.401719 -0.258853
v 0.248371 0.399035 -0.245987
v 0.252151 0.395976 -0.259909
v 0.248939 0.393291 -0.247044
v 0.250649 0.394673 -0.260556
v 0.232231 0.389064 -0.221403
v 0.233346 0.382452 -0.225209
v 0.240157 0.382800 -0.223437
v 0.238643 0.389391 -0.219734
v 0.152860 0.410907 -0.228075
v 0.168089 0.414743 -0.225384
v 0.168167 0.410939 -0.225836
v 0.155011 0.414027 -0.228331
v 0.155067 0.419240 -0.225464
v 0.146533 0.414075 -0.230194
v 0.137501 0.418696 -0.228946
v 0.136237 0.418071 -0.223210
v 0.137026 0.409346 -0.227028
v 0.137990 0.413304 -0.231305
v 0.151399 0.414046 -0.229125
v 0.144382 0.410956 -0.229938
v 0.153209 0.410905 -0.227999
v 0.152816 0.410394 -0.223433
v 0.151294 0.410403 -0.223768
v 0.152609 0.412838 -0.217436
v 0.153615 0.418522 -0.218881
v 0.165682 0.413553 -0.214463
v 0.165737 0.409738 -0.214813
v 0.150903 0.409939 -0.219198
v 0.166079 0.418450 -0.216142
v 0.167530 0.419168 -0.222725
v 0.135944 0.412293 -0.222025
v 0.142818 0.410450 -0.225632
v 0.144132 0.412888 -0.219299
v 0.142426 0.409988 -0.221061
v 0.151253 0.409937 -0.219121
v 0.148999 0.412858 -0.218230
v 0.183958 0.421281 -0.222209
v 0.165463 0.421387 -0.226274
v 0.184723 0.410891 -0.223677
v 0.165270 0.411004 -0.227952
v 0.162347 0.409558 -0.214690
v 0.162749 0.420045 -0.213963
v 0.181245 0.419939 -0.209898
v 0.181800 0.409446 -0.210415
v 0.208867 0.404507 -0.219876
v 0.202662 0.404345 -0.221262
v 0.206978 0.411262 -0.211699
v 0.207491 0.396089 -0.213240
v 0.201284 0.395974 -0.214621
v 0.205601 0.402892 -0.205058
v 0.199396 0.402729 -0.206443
v 0.200771 0.411148 -0.213080
v 0.244307 0.412539 -0.208683
v 0.202934 0.413751 -0.217799
v 0.204379 0.410196 -0.211978
v 0.243202 0.407996 -0.203773
v 0.241959 0.411378 -0.198030
v 0.200532 0.412561 -0.206904
v 0.242296 0.418012 -0.199390
v 0.196009 0.418278 -0.209563
v 0.190725 0.412618 -0.209059
v 0.189018 0.409716 -0.210829
v 0.189410 0.410181 -0.215391
v 0.173800 0.408395 -0.219026
v 0.172558 0.411778 -0.213283
v 0.172895 0.418411 -0.214644
v 0.197460 0.418996 -0.216147
v 0.174346 0.419129 -0.221227
v 0.174906 0.412939 -0.223936
v 0.243747 0.418729 -0.205974
v 0.190971 0.410682 -0.219693
v 0.204759 0.410611 -0.216658
v 0.202808 0.409653 -0.207801
v 0.193127 0.413805 -0.219954
v 0.207300 0.413308 -0.216114
v 0.208477 0.405507 -0.221674
v 0.195618 0.405667 -0.225238
v 0.164493 0.406325 -0.232041
v 0.196575 0.413380 -0.222641
v 0.192775 0.411501 -0.205403
v 0.162218 0.413578 -0.230157
v 0.162667 0.414508 -0.225202
v 0.133531 0.405968 -0.238422
v 0.127274 0.404942 -0.229696
v 0.132617 0.396899 -0.234502
v 0.157004 0.406397 -0.233677
v 0.153098 0.397755 -0.229275
v 0.154940 0.398976 -0.233872
v 0.186411 0.397845 -0.227418
v 0.196913 0.397768 -0.224282
v 0.195044 0.413858 -0.219057
v 0.205234 0.412287 -0.206742
v 0.192853 0.412775 -0.209116
v 0.150940 0.396998 -0.215721
v 0.182260 0.395793 -0.208589
v 0.151881 0.393232 -0.220978
v 0.184799 0.396521 -0.211480
v 0.194492 0.395697 -0.220280
v 0.205523 0.395664 -0.208490
v 0.207589 0.396685 -0.217863
v 0.204346 0.403465 -0.202930
v 0.191175 0.403471 -0.205085
v 0.192666 0.394794 -0.211996
v 0.193108 0.395887 -0.207018
v 0.187482 0.397848 -0.223652
v 0.198466 0.396448 -0.209356
v 0.193512 0.389568 -0.209829
v 0.166927 0.391170 -0.215656
v 0.166685 0.389686 -0.216111
v 0.169754 0.392568 -0.228482
v 0.169412 0.391035 -0.228484
v 0.153780 0.394172 -0.229597
v 0.152559 0.404199 -0.213510
v 0.151232 0.396832 -0.220811
v 0.130494 0.395849 -0.224868
v 0.129283 0.403868 -0.219153
v 0.130197 0.412937 -0.223071
v 0.132321 0.413987 -0.232705
v 0.160857 0.413613 -0.216998
v 0.160045 0.404125 -0.211861
v 0.158433 0.411706 -0.212985
v 0.191414 0.391769 -0.223960
v 0.196398 0.390995 -0.222922
v 0.200783 0.397594 -0.219868
v 0.197628 0.388166 -0.210323
v 0.199995 0.389337 -0.221061
v 0.192755 0.373421 -0.212899
v 0.181875 0.369434 -0.215236
v 0.184492 0.370728 -0.227108
v 0.195166 0.374614 -0.223836
v 0.189342 0.379349 -0.225595
v 0.183530 0.378954 -0.226636
v 0.186519 0.377953 -0.212788
v 0.181833 0.379078 -0.227358
v 0.178978 0.377666 -0.214403
v 0.180825 0.377616 -0.214363
v 0.186399 0.392169 -0.224914
v 0.188519 0.390338 -0.210822
v 0.183548 0.390759 -0.211979
v 0.176845 0.365558 -0.217128
v 0.163350 0.365920 -0.220157
v 0.158430 0.377273 -0.231576
v 0.156048 0.376095 -0.220765
v 0.165777 0.367120 -0.231171
v 0.179311 0.366777 -0.228319
v 0.245113 0.403840 -0.210632
v 0.256445 0.403691 -0.207344
v 0.244309 0.409169 -0.206834
v 0.254492 0.407771 -0.198355
v 0.242898 0.408471 -0.200431
v 0.242291 0.402444 -0.197827
v 0.243095 0.397115 -0.201625
v 0.244506 0.397813 -0.208028
v 0.253958 0.402461 -0.196060
v 0.254666 0.397765 -0.199407
v 0.255910 0.398380 -0.205049
v 0.255736 0.408386 -0.203997
v 0.241461 0.404091 -0.213385
v 0.248057 0.396876 -0.207932
v 0.242306 0.409859 -0.209211
v 0.240333 0.410847 -0.208415
v 0.238575 0.409954 -0.200314
v 0.237834 0.402306 -0.196848
v 0.246403 0.396058 -0.200427
v 0.240694 0.396286 -0.210023
v 0.238872 0.395385 -0.201757
v 0.245452 0.402315 -0.195969
v 0.248766 0.403947 -0.210987
v 0.246581 0.407298 -0.198242
v 0.238091 0.413792 -0.199918
v 0.239917 0.414686 -0.208196
v 0.240037 0.408719 -0.199010
v 0.248792 0.414637 -0.206245
v 0.248616 0.408312 -0.207484
v 0.247122 0.418427 -0.200164
v 0.247806 0.418766 -0.203268
v 0.238924 0.418474 -0.201965
v 0.239608 0.418813 -0.205070
v 0.246969 0.413743 -0.197966
v 0.244014 0.412142 -0.207612
v 0.245064 0.405185 -0.212571
v 0.204486 0.412370 -0.216299
v 0.205536 0.405413 -0.221258
v 0.201852 0.403591 -0.204540
v 0.204555 0.402159 -0.219698
v 0.245265 0.401925 -0.210751
v 0.241379 0.403363 -0.195853
v 0.242171 0.411232 -0.199253
v 0.202644 0.411459 -0.207940
v 0.201756 0.400775 -0.207000
v 0.242027 0.386628 -0.199816
v 0.203322 0.396602 -0.205988
v 0.206587 0.398217 -0.220802
v 0.242466 0.400541 -0.198053
v 0.244764 0.387982 -0.212230
v 0.209475 0.386201 -0.206712
v 0.200751 0.390687 -0.208368
v 0.212347 0.387621 -0.219741
v 0.203738 0.399137 -0.220057
v 0.201002 0.397784 -0.207643
v 0.203530 0.392062 -0.220978
v 0.185981 0.413673 -0.241613
v 0.182157 0.398580 -0.221730
v 0.181799 0.411862 -0.220361
v 0.166076 0.413728 -0.245990
v 0.166413 0.401420 -0.247261
v 0.186317 0.401364 -0.242877
v 0.161296 0.398632 -0.226322
v 0.160938 0.411915 -0.224954
v -0.297392 0.454326 0.138027
v -0.314977 0.458405 0.131917
v -0.319370 0.459159 0.152167
v -0.313304 0.442149 0.123628
v -0.316164 0.429396 0.132033
v -0.310404 0.427402 0.143343
v -0.314610 0.415952 0.166202
v -0.307523 0.408616 0.121269
v -0.313102 0.463115 0.124473
v -0.316102 0.443061 0.162540
v -0.336375 0.444151 0.159310
v -0.356408 0.444066 0.155912
v -0.329598 0.464157 0.121708
v -0.348587 0.462817 0.137137
v -0.356559 0.428671 0.135520
v -0.332696 0.462583 0.140222
v -0.316708 0.461981 0.142510
v -0.334361 0.459548 0.149697
v -0.375327 0.250454 0.109261
v -0.381350 0.230833 0.113212
v -0.376867 0.239411 0.107357
v -0.360043 0.247144 0.116099
v -0.377631 0.257494 0.117810
v -0.367147 0.253096 0.134833
v -0.382431 0.256407 0.127995
v -0.388454 0.236786 0.131946
v -0.386149 0.229746 0.123397
v -0.370865 0.226436 0.130235
v -0.373170 0.233476 0.138784
v -0.386914 0.247829 0.133850
v -0.361583 0.236100 0.114195
v -0.377725 0.137316 0.106393
v -0.393095 0.138774 0.096479
v -0.363080 0.164606 0.079973
v -0.359831 0.142147 0.083714
v -0.374172 0.166065 0.073970
v -0.367430 0.189993 0.068034
v -0.383601 0.145339 0.070922
v -0.345885 0.150772 0.052391
v -0.363464 0.153124 0.042901
v -0.352252 0.190674 0.065397
v -0.362582 0.192053 0.059831
v -0.356865 0.188585 0.073726
v -0.381510 0.380269 0.182838
v -0.385680 0.380542 0.185848
v -0.394465 0.381694 0.174571
v -0.387919 0.390098 0.171369
v -0.393418 0.390493 0.175261
v -0.388963 0.381383 0.170690
v -0.377518 0.244140 0.119053
v -0.359225 0.224195 0.092972
v -0.366920 0.225892 0.089409
v -0.368316 0.242104 0.123312
v -0.358337 0.214760 0.103016
v -0.358328 0.170182 0.067263
v -0.352493 0.179007 0.058952
v -0.361655 0.181029 0.054705
v -0.378102 0.219115 0.093867
v -0.367446 0.172193 0.063036
v -0.383991 0.232985 0.128241
v -0.375181 0.231039 0.132316
v -0.392749 0.374785 0.165607
v -0.385599 0.386657 0.160280
v -0.386593 0.378482 0.159986
v -0.386865 0.373959 0.160887
v -0.382232 0.377583 0.155903
v -0.384810 0.390974 0.161503
v -0.390755 0.391239 0.166200
v -0.385753 0.390398 0.172706
v -0.366276 0.423177 0.134066
v -0.369509 0.441440 0.120869
v -0.377860 0.434815 0.135005
v -0.374337 0.440194 0.119588
v -0.364204 0.413850 0.115579
v -0.374090 0.406431 0.110140
v -0.366680 0.405289 0.111435
v -0.375084 0.395061 0.109228
v -0.377461 0.391386 0.121178
v -0.376737 0.408036 0.126471
v -0.373588 0.412739 0.112505
v -0.378204 0.424700 0.131838
v -0.374459 0.430167 0.115588
v -0.401808 0.375771 0.192930
v -0.397109 0.391616 0.190597
v -0.382104 0.387072 0.190619
v -0.400039 0.390369 0.193457
v -0.383582 0.374885 0.190180
v -0.401694 0.390533 0.191776
v -0.399238 0.374067 0.189960
v -0.393629 0.392133 0.177411
v -0.382825 0.389931 0.169846
v -0.389266 0.374538 0.163430
v -0.401584 0.375658 0.173509
v -0.387309 0.390685 0.164012
v -0.384782 0.373785 0.169264
v -0.399624 0.391825 0.174091
v -0.395847 0.373695 0.176736
v -0.403440 0.376126 0.191255
v -0.401038 0.375504 0.173220
v -0.399070 0.391831 0.173805
v -0.380992 0.388435 0.205528
v -0.381158 0.381295 0.205960
v -0.395308 0.387584 0.224154
v -0.397790 0.387784 0.209906
v -0.378341 0.381070 0.222060
v -0.386679 0.405193 0.221683
v -0.388781 0.405276 0.209579
v -0.393973 0.406562 0.210489
v -0.398535 0.389715 0.209935
v -0.395074 0.391013 0.207830
v -0.392041 0.390832 0.225269
v -0.396016 0.389615 0.224429
v -0.391871 0.406480 0.222592
v -0.378016 0.388196 0.222611
v -0.367942 0.336386 0.141781
v -0.356951 0.333921 0.146711
v -0.372052 0.326210 0.143365
v -0.357308 0.337000 0.121188
v -0.378071 0.294181 0.140345
v -0.384296 0.247403 0.132964
v -0.365282 0.290897 0.145850
v -0.357502 0.398557 0.206420
v -0.356344 0.388815 0.206253
v -0.325230 0.502034 0.129146
v -0.329682 0.496708 0.143647
v -0.324974 0.514260 0.127014
v -0.334905 0.496859 0.142729
v -0.333021 0.514149 0.125383
v -0.332515 0.502037 0.127722
v -0.326531 0.362594 0.134057
v -0.338760 0.399655 0.135008
v -0.341647 0.362993 0.131529
v -0.342982 0.378816 0.156958
v -0.342956 0.344185 0.156699
v -0.334444 0.343960 0.158123
v -0.332726 0.378545 0.158673
v -0.328506 0.399384 0.136723
v -0.348388 0.334818 0.156466
v -0.329603 0.325479 0.142001
v -0.343234 0.325839 0.139722
v -0.326729 0.342012 0.121399
v -0.328255 0.341693 0.141212
v -0.326747 0.332561 0.127462
v -0.319269 0.355605 0.138416
v -0.332359 0.359670 0.155311
v -0.324847 0.366723 0.129529
v -0.325041 0.360630 0.137203
v -0.338401 0.342321 0.119447
v -0.341553 0.367164 0.126735
v -0.343117 0.359847 0.153542
v -0.322655 0.353553 0.152999
v -0.329719 0.334325 0.159588
v -0.342369 0.394780 0.201234
v -0.341651 0.393573 0.202783
v -0.342720 0.397245 0.201314
v -0.342354 0.398505 0.202940
v -0.339472 0.468141 0.181918
v -0.329780 0.468276 0.183618
v -0.320150 0.456368 0.137445
v -0.326133 0.463625 0.133150
v -0.324851 0.499159 0.131806
v -0.323594 0.496808 0.124200
v -0.319159 0.503694 0.130178
v -0.339976 0.504294 0.126706
v -0.334273 0.497083 0.122424
v -0.336397 0.463881 0.131447
v -0.335434 0.499430 0.130036
v -0.344861 0.458757 0.139492
v -0.320945 0.458102 0.143414
v -0.343928 0.456823 0.133610
v -0.337678 0.466324 0.139176
v -0.327309 0.466069 0.140902
v -0.339107 0.502472 0.121067
v -0.318254 0.501899 0.124561
v -0.340279 0.394882 0.207356
v -0.340630 0.397347 0.207434
v -0.341348 0.398554 0.205886
v -0.340646 0.393622 0.205728
v -0.315166 0.487045 0.111988
v -0.322744 0.508908 0.120900
v -0.315524 0.509174 0.121772
v -0.323301 0.486217 0.117008
v -0.323114 0.492255 0.118809
v -0.339486 0.486855 0.114302
v -0.338605 0.487605 0.108096
v -0.332376 0.487904 0.107903
v -0.333151 0.486524 0.115342
v -0.332057 0.496383 0.107884
v -0.319415 0.513933 0.110831
v -0.321079 0.487617 0.109839
v -0.316556 0.486060 0.118237
v -0.320881 0.496079 0.109890
v -0.326466 0.496205 0.108281
v -0.332916 0.492698 0.117072
v -0.313392 0.501346 0.122069
v -0.313153 0.510097 0.122009
v -0.312968 0.505706 0.120169
v -0.342498 0.506486 0.115231
v -0.342940 0.502126 0.117128
v -0.344206 0.502157 0.124718
v -0.314860 0.505769 0.131490
v -0.344390 0.506548 0.126551
v -0.343615 0.500566 0.120930
v -0.343966 0.510905 0.124645
v -0.314417 0.510125 0.129587
v -0.313744 0.511686 0.125791
v -0.342697 0.510877 0.117069
v -0.343287 0.512467 0.120850
v -0.314663 0.501377 0.129658
v -0.314071 0.499786 0.125871
v -0.312468 0.399253 0.134179
v -0.320134 0.397346 0.161627
v -0.320208 0.415389 0.163192
v -0.304355 0.521058 0.106203
v -0.309581 0.467998 0.114991
v -0.305595 0.467554 0.109845
v -0.303012 0.522947 0.104579
v -0.307469 0.536949 0.106239
v -0.311156 0.521227 0.105072
v -0.313036 0.468052 0.107787
v -0.311801 0.523173 0.103109
v -0.308655 0.521897 0.111117
v -0.308774 0.523936 0.112165
v -0.317076 0.352144 0.142940
v -0.315659 0.340776 0.131929
v -0.331073 0.354501 0.141301
v -0.333406 0.341284 0.153755
v -0.317667 0.329696 0.142930
v -0.319225 0.340918 0.154020
v -0.331581 0.327987 0.140728
v -0.328965 0.341406 0.127769
v -0.301379 0.497116 0.108510
v -0.301827 0.465793 0.110180
v -0.307992 0.497288 0.107404
v -0.305564 0.497890 0.113329
v -0.299744 0.499150 0.106914
v -0.305708 0.500026 0.114515
v -0.304368 0.513167 0.108419
v -0.308915 0.499386 0.105380
v -0.309237 0.466303 0.108175
v -0.305875 0.466187 0.115409
v -0.310287 0.467224 0.101422
v -0.299774 0.461175 0.104219
v -0.309926 0.460835 0.099002
v -0.303333 0.467352 0.104979
v -0.297413 0.461390 0.113081
v -0.300411 0.467607 0.111914
v -0.311418 0.472671 0.110050
v -0.305589 0.468046 0.117782
v -0.313205 0.468103 0.118890
v -0.313823 0.462139 0.122355
v -0.302682 0.461931 0.120899
v -0.304411 0.392311 0.143012
v -0.319439 0.406278 0.150956
v -0.317653 0.406105 0.139512
v -0.308213 0.403725 0.142013
v -0.312060 0.366202 0.150433
v -0.305855 0.392318 0.151912
v -0.321415 0.373749 0.151625
v -0.319132 0.373878 0.138416
v -0.333053 0.359732 0.136831
v -0.333632 0.373557 0.135832
v -0.310717 0.366096 0.141709
v -0.334913 0.359828 0.147817
v -0.335858 0.373457 0.149311
v -0.316641 0.394289 0.152672
v -0.318829 0.393255 0.139086
v -0.314388 0.394077 0.139224
v -0.309744 0.403993 0.151377
v -0.320811 0.393416 0.151122
v -0.303064 0.462368 0.124416
v -0.308108 0.465001 0.098866
v -0.311024 0.472683 0.116192
v -0.320930 0.394947 0.200658
v -0.316653 0.404059 0.199636
v -0.319048 0.403942 0.192619
v -0.324127 0.403002 0.194959
v -0.317847 0.395511 0.192350
v -0.315452 0.395628 0.199366
v -0.321526 0.393553 0.195912
v -0.320521 0.393602 0.198858
v -0.323029 0.400267 0.194540
v -0.322965 0.394847 0.194698
v -0.322677 0.397801 0.194461
v -0.322092 0.403102 0.200919
v -0.323377 0.406546 0.196327
v -0.322372 0.406595 0.199273
v -0.320588 0.397904 0.200582
v -0.320939 0.400369 0.200661
v -0.305185 0.342014 0.159806
v -0.308483 0.357176 0.142460
v -0.309003 0.351570 0.131195
v -0.308158 0.339688 0.127114
v -0.306442 0.328488 0.132606
v -0.320132 0.322894 0.145883
v -0.304861 0.324528 0.144454
v -0.319612 0.328500 0.157148
v -0.304340 0.330130 0.155721
v -0.320458 0.340382 0.161228
v -0.322173 0.351582 0.155737
v -0.306901 0.353219 0.154311
v -0.323754 0.355542 0.143889
v -0.323430 0.338056 0.128537
v -0.324275 0.349941 0.132622
v -0.321714 0.326852 0.134031
v -0.304736 0.455388 0.148895
v -0.299179 0.446679 0.144549
v -0.300232 0.438530 0.137216
v -0.303670 0.453536 0.148854
v -0.309822 0.398019 0.136147
v -0.309959 0.379443 0.122412
v -0.297693 0.434311 0.138160
v -0.300112 0.433842 0.152390
v -0.301520 0.431168 0.172343
v -0.306116 0.434878 0.174750
v -0.312753 0.412955 0.195861
v -0.316749 0.412116 0.192499
v -0.310609 0.432518 0.170887
v -0.312279 0.407761 0.188088
v -0.306007 0.428477 0.168138
v -0.308330 0.410867 0.193847
v -0.304018 0.417601 0.173074
v -0.306278 0.404348 0.184291
v -0.304114 0.423169 0.178826
v -0.307081 0.424283 0.178352
v -0.306400 0.411485 0.191664
v -0.307969 0.412075 0.198033
v -0.318351 0.413616 0.196370
v -0.317874 0.406069 0.182432
v -0.318110 0.399516 0.181804
v -0.307728 0.397975 0.183467
v -0.309759 0.406165 0.203724
v -0.320141 0.407706 0.202060
v -0.309518 0.392065 0.189158
v -0.321235 0.393557 0.195785
v -0.319899 0.393607 0.187495
v -0.310854 0.392016 0.197449
v -0.321335 0.399398 0.201819
v -0.310953 0.397856 0.203482
v -0.312746 0.418897 0.171676
v -0.309457 0.418430 0.171527
v -0.309564 0.424652 0.177955
v -0.312841 0.424464 0.177428
v -0.317997 0.413207 0.189806
v -0.306975 0.418062 0.171925
v -0.306210 0.435814 0.175370
v -0.302368 0.447625 0.163088
v -0.297668 0.443296 0.159985
v -0.302227 0.440902 0.156064
v -0.300719 0.430839 0.171931
v -0.305763 0.428092 0.167439
v -0.306904 0.444667 0.158521
v -0.311250 0.431973 0.169739
v -0.293189 0.448732 0.136959
v -0.294109 0.442335 0.136773
v -0.292907 0.454253 0.140312
v -0.293338 0.457419 0.145933
v -0.305308 0.459196 0.144015
v -0.304877 0.456030 0.138394
v -0.306079 0.444112 0.134855
v -0.305158 0.450496 0.135038
v -0.294366 0.457381 0.152316
v -0.295351 0.436902 0.139735
v -0.306336 0.459158 0.150398
v -0.307783 0.455558 0.156138
v -0.307486 0.438235 0.138241
v -0.309391 0.449380 0.155409
v -0.296596 0.433976 0.143326
v -0.309208 0.438727 0.144403
v -0.296881 0.450517 0.160417
v -0.295647 0.454224 0.157628
v -0.298920 0.441469 0.163882
v -0.307749 0.442924 0.162669
v -0.307550 0.431290 0.150650
v -0.298727 0.430176 0.152215
v -0.298142 0.423246 0.156765
v -0.299505 0.444920 0.160082
v -0.295336 0.442660 0.161905
v -0.307142 0.445381 0.159008
v -0.299299 0.432870 0.147635
v -0.295137 0.431043 0.149905
v -0.304698 0.413344 0.169854
v -0.298225 0.435594 0.169265
v -0.304860 0.423923 0.180597
v -0.310095 0.437630 0.167141
v -0.309864 0.425172 0.154647
v -0.306944 0.433832 0.147077
v -0.313304 0.427227 0.176936
v -0.313306 0.417055 0.166710
v -0.312091 0.414239 0.168681
v -0.306193 0.408549 0.174420
v -0.309458 0.412208 0.192737
v -0.312274 0.424893 0.179687
v -0.315225 0.413063 0.191813
v -0.313626 0.409652 0.173229
v -0.309148 0.402980 0.183979
v -0.315442 0.403914 0.182970
v -0.303079 0.291853 0.155094
v -0.299460 0.305674 0.180339
v -0.293480 0.263322 0.201684
v -0.308857 0.328821 0.135513
v -0.304398 0.333362 0.163536
v -0.307031 0.340521 0.155483
v -0.310509 0.335216 0.134557
v -0.312536 0.290833 0.156021
v -0.305620 0.255015 0.187359
v -0.295309 0.256171 0.186351
v -0.314350 0.296267 0.167038
v -0.305959 0.261959 0.202925
v -0.313595 0.303655 0.181748
v -0.316335 0.333251 0.165033
v -0.318405 0.309022 0.177740
v -0.320860 0.332461 0.164347
v -0.319400 0.329242 0.145460
v -0.320035 0.330071 0.143889
v -0.318376 0.327742 0.136424
v -0.318612 0.334212 0.135312
v -0.319546 0.334982 0.142317
v -0.319181 0.339122 0.156685
v -0.316716 0.301229 0.161914
v -0.289873 0.254482 0.208072
v -0.291419 0.264588 0.203117
v -0.293274 0.263108 0.182260
v -0.292497 0.252390 0.178576
v -0.290951 0.242285 0.183531
v -0.305906 0.241983 0.205997
v -0.289095 0.243764 0.204387
v -0.289542 0.238712 0.194222
v -0.306684 0.252701 0.209680
v -0.308230 0.262806 0.204726
v -0.309639 0.266379 0.194034
v -0.292828 0.268161 0.192425
v -0.309307 0.250608 0.180184
v -0.310085 0.261327 0.183869
v -0.307762 0.240502 0.185140
v -0.306353 0.236930 0.195832
v -0.286483 0.161897 0.178893
v -0.296620 0.160858 0.179988
v -0.302509 0.247299 0.206446
v -0.307770 0.216546 0.185618
v -0.304790 0.251441 0.191337
v -0.302592 0.219933 0.173273
v -0.288153 0.164605 0.165821
v -0.298339 0.163560 0.166921
v -0.294038 0.220811 0.172352
v -0.285801 0.218799 0.183259
v -0.294560 0.252498 0.190234
v -0.292717 0.248308 0.205393
v -0.276142 0.144789 0.204490
v -0.277498 0.152868 0.231272
v -0.295509 0.154423 0.234272
v -0.284774 0.162928 0.192919
v -0.297415 0.162948 0.194428
v -0.299525 0.179554 0.175269
v -0.303121 0.145111 0.207590
v -0.300442 0.176688 0.166070
v -0.283583 0.135069 0.171275
v -0.303575 0.135324 0.173585
v -0.288555 0.176709 0.164656
v -0.287298 0.179575 0.173815
v -0.380633 0.387589 0.183417
v -0.384805 0.387843 0.186423
v -0.370591 0.389000 0.121754
v -0.367422 0.417738 0.130977
v -0.375481 0.387914 0.123457
v -0.370931 0.419995 0.125718
v -0.373396 0.392479 0.115554
v -0.376482 0.419135 0.129394
v -0.378984 0.390294 0.120288
v -0.372872 0.417031 0.134213
v -0.366446 0.418192 0.130067
v -0.372975 0.416835 0.135310
v -0.369445 0.436607 0.131779
v -0.370949 0.420479 0.125047
v -0.374962 0.435877 0.135051
v -0.377097 0.419626 0.128845
v -0.371483 0.433423 0.140720
v -0.365776 0.434467 0.136675
v -0.362593 0.428691 0.117669
v -0.362151 0.439163 0.121637
v -0.365671 0.434301 0.137516
v -0.373166 0.435845 0.136753
v -0.367377 0.409526 0.128879
v -0.366223 0.411543 0.113617
v -0.369454 0.406610 0.127756
v -0.371713 0.390500 0.122182
v -0.368811 0.394094 0.110324
v -0.375859 0.386029 0.158019
v -0.377236 0.376907 0.157523
v -0.378862 0.385134 0.167977
v -0.380783 0.387062 0.156447
v -0.379720 0.390118 0.168124
v -0.387748 0.373944 0.172113
v -0.381777 0.373104 0.167505
v -0.379743 0.377809 0.167704
v -0.368593 0.377018 0.106662
v -0.366140 0.392330 0.106131
v -0.366843 0.384481 0.103231
v -0.377192 0.386076 0.101423
v -0.370363 0.374313 0.114412
v -0.381468 0.379547 0.120134
v -0.371119 0.377952 0.121943
v -0.380765 0.387396 0.123034
v -0.379961 0.393060 0.119772
v -0.370416 0.385801 0.124842
v -0.366236 0.394584 0.112320
v -0.366444 0.410714 0.119127
v -0.369479 0.411797 0.118302
v -0.368133 0.408136 0.126515
v -0.371365 0.408916 0.126558
v -0.368400 0.391279 0.121792
v -0.376489 0.393926 0.104323
v -0.378942 0.378613 0.104853
v -0.380713 0.375909 0.112604
v -0.371953 0.412178 0.117869
v -0.373840 0.409298 0.126126
v -0.375145 0.412055 0.117606
v -0.376834 0.409476 0.124995
v -0.377796 0.396366 0.110300
v -0.382958 0.386983 0.195984
v -0.384435 0.374795 0.195545
v -0.366066 0.227523 0.120050
v -0.371629 0.244519 0.140688
v -0.362348 0.254184 0.124648
v -0.358840 0.443069 0.125822
v -0.371875 0.436638 0.120101
v -0.363500 0.440631 0.145705
v -0.362070 0.438136 0.139959
v -0.358247 0.448654 0.122716
v -0.370156 0.451091 0.120847
v -0.358021 0.454417 0.126553
v -0.370449 0.446428 0.119759
v -0.363035 0.435328 0.121399
v -0.366563 0.429941 0.136838
v -0.375300 0.431408 0.135088
v -0.375465 0.438765 0.141712
v -0.375409 0.443071 0.143833
v -0.374516 0.449289 0.144434
v -0.369954 0.456256 0.124467
v -0.370535 0.459057 0.130265
v -0.373170 0.455035 0.141793
v -0.362584 0.447450 0.146519
v -0.361237 0.453196 0.143878
v -0.371712 0.458610 0.136607
v -0.358603 0.457218 0.132350
v -0.359780 0.456771 0.138692
v -0.372390 0.379172 0.139703
v -0.372594 0.385433 0.140793
v -0.373519 0.381811 0.144140
v -0.382398 0.385697 0.139487
v -0.384500 0.382743 0.167073
v -0.377203 0.389477 0.165534
v -0.377942 0.382564 0.167947
v -0.384215 0.389665 0.164600
v -0.373469 0.389847 0.144084
v -0.371365 0.392724 0.123780
v -0.373251 0.392794 0.140127
v -0.378747 0.392922 0.122797
v -0.379418 0.387553 0.122860
v -0.369379 0.385516 0.123671
v -0.371793 0.384969 0.141679
v -0.371908 0.379828 0.141507
v -0.371757 0.375270 0.123197
v -0.384619 0.381119 0.166920
v -0.377967 0.380820 0.167842
v -0.377584 0.373632 0.165078
v -0.373366 0.374302 0.138814
v -0.382573 0.382055 0.142934
v -0.381724 0.374526 0.137701
v -0.384566 0.373820 0.164148
v -0.379139 0.375468 0.122214
v -0.371154 0.379242 0.123957
v -0.379613 0.378850 0.122569
v -0.370839 0.378937 0.116913
v -0.378186 0.379134 0.115934
v -0.381129 0.380689 0.121949
v -0.382640 0.379448 0.138338
v -0.383428 0.385281 0.140128
v -0.383542 0.380141 0.139957
v -0.382183 0.390082 0.142923
v -0.381203 0.393008 0.139068
v -0.381014 0.385829 0.122121
v -0.371019 0.387327 0.123979
v -0.377995 0.387648 0.116219
v -0.370648 0.387450 0.117198
v -0.369494 0.380376 0.123500
v -0.371797 0.388502 0.220638
v -0.376415 0.401876 0.222713
v -0.378077 0.402787 0.215565
v -0.373782 0.389591 0.212130
v -0.382929 0.401350 0.216520
v -0.380128 0.387656 0.213317
v -0.381269 0.400443 0.223650
v -0.378132 0.386554 0.221907
v -0.378870 0.380757 0.222135
v -0.364324 0.386832 0.219676
v -0.367236 0.393604 0.220278
v -0.370029 0.393828 0.204246
v -0.367116 0.387057 0.203644
v -0.379872 0.386132 0.223679
v -0.381666 0.380982 0.206083
v -0.383090 0.386384 0.205105
v -0.357052 0.324146 0.149878
v -0.350166 0.332991 0.132552
v -0.361572 0.324674 0.149053
v -0.360245 0.297363 0.147349
v -0.354955 0.299284 0.130437
v -0.358129 0.292395 0.130983
v -0.373005 0.244896 0.138033
v -0.366701 0.247300 0.122385
v -0.351164 0.331473 0.133107
v -0.352051 0.336173 0.134865
v -0.349107 0.341120 0.127520
v -0.348674 0.335070 0.124998
v -0.363584 0.295658 0.115259
v -0.355032 0.293776 0.119093
v -0.376032 0.249388 0.118229
v -0.356487 0.342801 0.124326
v -0.345491 0.355535 0.135656
v -0.342916 0.347714 0.126168
v -0.344628 0.335450 0.124052
v -0.363454 0.328916 0.124401
v -0.349625 0.325929 0.130548
v -0.357552 0.332550 0.151330
v -0.350839 0.354335 0.146941
v -0.356746 0.350697 0.120025
v -0.359320 0.358518 0.129508
v -0.358459 0.338437 0.117909
v -0.369671 0.347798 0.147303
v -0.371383 0.335533 0.145187
v -0.368807 0.327712 0.135699
v -0.354978 0.324729 0.141847
v -0.355840 0.344810 0.153446
v -0.364674 0.357318 0.140808
v -0.343949 0.468919 0.113746
v -0.354863 0.463444 0.112026
v -0.344800 0.462950 0.117181
v -0.350891 0.469202 0.110181
v -0.342537 0.473492 0.104846
v -0.353831 0.469041 0.103249
v -0.348692 0.468584 0.097363
v -0.341087 0.468032 0.096269
v -0.340971 0.461663 0.093816
v -0.352178 0.462387 0.095314
v -0.357347 0.462993 0.103277
v -0.355258 0.398841 0.211773
v -0.360367 0.387529 0.215142
v -0.364967 0.397045 0.208245
v -0.353750 0.389151 0.211190
v -0.361736 0.387695 0.206938
v -0.366927 0.395838 0.203432
v -0.370450 0.385168 0.204180
v -0.363622 0.388154 0.202748
v -0.367604 0.384939 0.220518
v -0.363915 0.396955 0.215329
v -0.360685 0.387913 0.219642
v -0.373698 0.392721 0.204852
v -0.370852 0.392492 0.221190
v -0.363991 0.395599 0.220327
v -0.344173 0.361133 0.134003
v -0.350276 0.356425 0.133230
v -0.343389 0.342139 0.138184
v -0.340841 0.332933 0.125105
v -0.351930 0.354327 0.148104
v -0.340109 0.354831 0.139089
v -0.338261 0.341531 0.125941
v -0.352441 0.341897 0.125675
v -0.354590 0.330671 0.136755
v -0.340806 0.328229 0.139060
v -0.342654 0.341529 0.152208
v -0.356148 0.341894 0.147846
v -0.353999 0.353119 0.136766
v -0.334330 0.373557 0.135696
v -0.336518 0.373486 0.149189
v -0.335874 0.359828 0.136344
v -0.337632 0.359889 0.147360
v -0.359858 0.367407 0.142808
v -0.350959 0.374584 0.146675
v -0.363240 0.393878 0.133183
v -0.364763 0.393878 0.142060
v -0.358724 0.405050 0.133551
v -0.348381 0.394056 0.134119
v -0.348913 0.406903 0.134264
v -0.360358 0.405326 0.142869
v -0.348725 0.374560 0.133450
v -0.358476 0.367419 0.134488
v -0.350132 0.394093 0.146110
v -0.354798 0.395162 0.146279
v -0.352445 0.395138 0.132856
v -0.350785 0.407174 0.145672
v -0.316165 0.517070 0.135333
v -0.314905 0.519425 0.128380
v -0.320709 0.524957 0.127276
v -0.319034 0.521289 0.114920
v -0.314471 0.516391 0.117687
v -0.315091 0.509528 0.128809
v -0.329163 0.509051 0.126388
v -0.316894 0.494983 0.146806
v -0.332428 0.495389 0.143977
v -0.320560 0.481554 0.165367
v -0.323309 0.489226 0.170442
v -0.318901 0.505136 0.152838
v -0.322854 0.521903 0.136461
v -0.328650 0.527456 0.126298
v -0.326571 0.522396 0.112739
v -0.326089 0.514567 0.108863
v -0.314083 0.512806 0.114431
v -0.334045 0.521737 0.112857
v -0.332637 0.514356 0.108491
v -0.339338 0.513377 0.110202
v -0.339846 0.517147 0.113555
v -0.340644 0.510068 0.117513
v -0.343204 0.510265 0.124110
v -0.335813 0.481401 0.162174
v -0.331690 0.473871 0.187379
v -0.340265 0.476452 0.187648
v -0.337098 0.494191 0.171518
v -0.350024 0.489912 0.166002
v -0.347911 0.505893 0.147964
v -0.333897 0.511250 0.154270
v -0.330562 0.523777 0.137451
v -0.338914 0.522289 0.134363
v -0.336783 0.525363 0.125132
v -0.342721 0.520159 0.123661
v -0.343978 0.517709 0.130610
v -0.348014 0.495808 0.141552
v -0.351245 0.482320 0.160264
v -0.349158 0.468778 0.180371
v -0.348418 0.474306 0.184574
v -0.333533 0.509292 0.119091
v -0.314529 0.381856 0.132864
v -0.337608 0.397380 0.159299
v -0.337383 0.415812 0.160860
v -0.354381 0.416288 0.157476
v -0.351604 0.382837 0.126668
v -0.354870 0.398264 0.155816
v -0.353085 0.400318 0.127402
v -0.337743 0.416177 0.163072
v -0.360616 0.417167 0.158508
v -0.356288 0.399220 0.128346
v -0.333310 0.397730 0.133650
v -0.352673 0.380583 0.115284
v -0.333222 0.382335 0.130693
v -0.355682 0.383832 0.126588
v -0.331106 0.379223 0.117582
v -0.330135 0.406465 0.115665
v -0.339518 0.388101 0.114832
v -0.353070 0.409865 0.113710
v -0.352865 0.402320 0.112524
v -0.354626 0.420671 0.113702
v -0.346148 0.463943 0.118997
v -0.355676 0.463723 0.115609
v -0.342420 0.465907 0.093128
v -0.346307 0.467012 0.116002
v -0.329183 0.467242 0.119716
v -0.327999 0.473873 0.113682
v -0.342953 0.473087 0.098718
v -0.325108 0.465952 0.095146
v -0.325922 0.473365 0.101183
v -0.309053 0.472192 0.104387
v -0.324888 0.460524 0.092974
v -0.309189 0.460732 0.095951
v -0.326217 0.419365 0.094422
v -0.312146 0.418885 0.096867
v -0.303398 0.418525 0.102478
v -0.299128 0.461433 0.100831
v -0.298593 0.418543 0.109505
v -0.296976 0.461852 0.108714
v -0.298467 0.462218 0.117740
v -0.300050 0.418888 0.118082
v -0.305625 0.419334 0.121913
v -0.308455 0.400998 0.120323
v -0.304428 0.400738 0.117822
v -0.310209 0.386920 0.116594
v -0.321823 0.387618 0.117770
v -0.330734 0.387857 0.116289
v -0.329868 0.386904 0.111125
v -0.350257 0.387976 0.109759
v -0.329019 0.389892 0.106522
v -0.349164 0.391015 0.103341
v -0.355351 0.402031 0.109284
v -0.358637 0.420487 0.108328
v -0.357233 0.420145 0.099659
v -0.353934 0.401530 0.101631
v -0.350483 0.419777 0.094638
v -0.351808 0.462808 0.092071
v -0.340299 0.419593 0.092157
v -0.340639 0.461598 0.090695
v -0.356302 0.463380 0.098738
v -0.357827 0.463753 0.107865
v -0.326896 0.400111 0.095441
v -0.317013 0.399936 0.097126
v -0.303293 0.400259 0.110058
v -0.309060 0.389911 0.109943
v -0.336785 0.400459 0.093819
v -0.344905 0.473577 0.110526
v -0.311818 0.466102 0.121769
v -0.349340 0.459950 0.147155
v -0.367951 0.456960 0.140557
v -0.346430 0.459647 0.126864
v -0.346381 0.442361 0.117980
v -0.347696 0.430600 0.126578
v -0.366319 0.435328 0.126895
v -0.368683 0.435144 0.140607
v -0.369873 0.445207 0.146397
v -0.368536 0.449341 0.134214
v -0.364407 0.455433 0.122176
v -0.365750 0.457131 0.127781
v -0.310645 0.382617 0.134141
v -0.322471 0.390803 0.202797
v -0.337647 0.387990 0.198756
v -0.324924 0.390347 0.194750
v -0.335802 0.393324 0.207775
v -0.335191 0.388447 0.206813
v -0.341252 0.395130 0.208650
v -0.337827 0.399386 0.207981
v -0.343912 0.394636 0.199923
v -0.340830 0.398828 0.198129
v -0.338843 0.392759 0.197799
v -0.325866 0.394284 0.194082
v -0.326582 0.395418 0.192479
v -0.339287 0.393059 0.196485
v -0.327653 0.401187 0.192478
v -0.340359 0.398828 0.196485
v -0.327392 0.402503 0.194081
v -0.341654 0.406086 0.199167
v -0.328291 0.408480 0.194749
v -0.339317 0.406521 0.206833
v -0.342482 0.403068 0.208395
v -0.345043 0.402592 0.199996
v -0.364562 0.392274 0.214599
v -0.363213 0.399485 0.214019
v -0.365273 0.399102 0.207260
v -0.366490 0.391916 0.208277
v -0.325838 0.408936 0.202796
v -0.324532 0.403035 0.203464
v -0.323816 0.401901 0.205067
v -0.336521 0.399541 0.209074
v -0.322744 0.396132 0.205068
v -0.335450 0.393772 0.209074
v -0.323005 0.394816 0.203465
v -0.366127 0.390207 0.208256
v -0.362445 0.383500 0.207297
v -0.360393 0.383882 0.214027
v -0.364195 0.390566 0.214592
v -0.377070 0.410598 0.159968
v -0.377098 0.414471 0.175424
v -0.376684 0.410661 0.175433
v -0.376418 0.413716 0.162038
v -0.379174 0.418962 0.162566
v -0.376018 0.413740 0.153367
v -0.378725 0.418372 0.144666
v -0.384599 0.417814 0.144394
v -0.380803 0.409045 0.144544
v -0.376379 0.412953 0.144760
v -0.376248 0.413725 0.158343
v -0.376670 0.410622 0.151297
v -0.377087 0.410597 0.160326
v -0.381658 0.410139 0.160712
v -0.381586 0.410144 0.159156
v -0.387575 0.412654 0.161519
v -0.385916 0.418321 0.162253
v -0.388282 0.413408 0.174905
v -0.387972 0.409588 0.174909
v -0.386161 0.409734 0.159546
v -0.386504 0.418285 0.175001
v -0.379762 0.418926 0.175314
v -0.385883 0.412049 0.144318
v -0.381185 0.410167 0.150486
v -0.387175 0.412679 0.152849
v -0.385761 0.409758 0.150875
v -0.386178 0.409733 0.159903
v -0.387404 0.412663 0.157826
v -0.377464 0.421050 0.191587
v -0.376591 0.421103 0.172669
v -0.376007 0.410645 0.192116
v -0.375088 0.410700 0.172219
v -0.388670 0.409409 0.171589
v -0.389198 0.419904 0.172084
v -0.390071 0.419852 0.191001
v -0.389588 0.409354 0.191485
v -0.375735 0.404313 0.216569
v -0.375423 0.404133 0.210220
v -0.384036 0.411163 0.216078
v -0.382604 0.395973 0.216357
v -0.382297 0.395840 0.210006
v -0.390910 0.402870 0.215864
v -0.390598 0.402690 0.209515
v -0.383728 0.411030 0.209727
v -0.380669 0.412487 0.253375
v -0.378681 0.413579 0.211052
v -0.384213 0.410093 0.213471
v -0.385746 0.408002 0.253128
v -0.391578 0.411451 0.252868
v -0.389838 0.412516 0.210535
v -0.390104 0.418068 0.252955
v -0.387918 0.418200 0.205613
v -0.389375 0.412544 0.200504
v -0.387954 0.409621 0.198528
v -0.383386 0.410033 0.198140
v -0.382469 0.408200 0.182145
v -0.388300 0.411649 0.181885
v -0.386826 0.418266 0.181972
v -0.381176 0.418841 0.205926
v -0.380084 0.418907 0.182285
v -0.377391 0.412685 0.182392
v -0.383362 0.418708 0.253268
v -0.378877 0.410484 0.198949
v -0.379532 0.410453 0.213052
v -0.388602 0.409598 0.212632
v -0.378218 0.413605 0.201022
v -0.379607 0.413157 0.215642
v -0.374017 0.405292 0.215878
v -0.372682 0.405406 0.202600
v -0.371244 0.405973 0.170772
v -0.374990 0.413149 0.203966
v -0.392644 0.411470 0.203146
v -0.373403 0.413248 0.168833
v -0.378199 0.414236 0.170112
v -0.370206 0.405532 0.139177
v -0.379877 0.404606 0.134491
v -0.374327 0.396510 0.138962
v -0.370900 0.406024 0.163114
v -0.375999 0.397433 0.160030
v -0.371143 0.398601 0.161064
v -0.372183 0.397556 0.193175
v -0.373495 0.397519 0.204058
v -0.378777 0.413669 0.203064
v -0.389204 0.412245 0.215196
v -0.388956 0.412701 0.202591
v -0.389731 0.396834 0.160201
v -0.391466 0.395723 0.192280
v -0.384433 0.393008 0.160247
v -0.388178 0.396418 0.194290
v -0.377874 0.395494 0.202354
v -0.387624 0.395603 0.215223
v -0.378025 0.396515 0.215669
v -0.393213 0.403468 0.214987
v -0.393320 0.403444 0.201642
v -0.386357 0.394688 0.201960
v -0.391175 0.395839 0.203237
v -0.375713 0.397603 0.194869
v -0.387957 0.396375 0.208119
v -0.388409 0.389488 0.203173
v -0.387153 0.391013 0.175981
v -0.386762 0.389524 0.175669
v -0.374018 0.392262 0.176591
v -0.374092 0.390728 0.176257
v -0.375607 0.393847 0.160656
v -0.391552 0.404061 0.162154
v -0.384667 0.396609 0.159627
v -0.384193 0.395572 0.138503
v -0.389939 0.403657 0.138260
v -0.385818 0.412679 0.138476
v -0.375952 0.413617 0.138934
v -0.386600 0.413437 0.169721
v -0.391909 0.404009 0.169812
v -0.390988 0.411575 0.168015
v -0.374814 0.391523 0.198707
v -0.375001 0.390762 0.203796
v -0.377192 0.397398 0.208619
v -0.387241 0.388082 0.207149
v -0.376244 0.389127 0.207660
v -0.385697 0.373306 0.201944
v -0.385284 0.369288 0.190834
v -0.373125 0.370444 0.191399
v -0.374497 0.374371 0.202464
v -0.373696 0.379083 0.196415
v -0.373659 0.378675 0.190512
v -0.386811 0.377837 0.195806
v -0.373234 0.378789 0.188717
v -0.386500 0.377528 0.188101
v -0.386228 0.377479 0.189929
v -0.374718 0.391910 0.193601
v -0.388268 0.390244 0.198082
v -0.387965 0.390650 0.192986
v -0.384315 0.365388 0.185566
v -0.383612 0.365710 0.171752
v -0.373063 0.376927 0.164943
v -0.384134 0.375875 0.164429
v -0.372334 0.366782 0.172275
v -0.372855 0.366477 0.186098
v -0.378711 0.403766 0.253859
v -0.380033 0.403659 0.265584
v -0.382529 0.409139 0.253698
v -0.389175 0.407844 0.265174
v -0.389086 0.408516 0.253393
v -0.391825 0.402519 0.253250
v -0.388006 0.397147 0.253412
v -0.381449 0.397770 0.253716
v -0.391588 0.402560 0.265047
v -0.388224 0.397827 0.265190
v -0.382446 0.398376 0.265458
v -0.383398 0.408393 0.265442
v -0.376614 0.403984 0.249793
v -0.380953 0.396835 0.257234
v -0.380518 0.409801 0.251319
v -0.381625 0.410798 0.249507
v -0.389917 0.409999 0.249149
v -0.393545 0.402391 0.249024
v -0.388639 0.396105 0.256877
v -0.380147 0.396218 0.249625
v -0.388612 0.395413 0.249232
v -0.393121 0.402414 0.256680
v -0.377741 0.403870 0.257399
v -0.390632 0.407370 0.257397
v -0.390345 0.413841 0.248730
v -0.381867 0.414638 0.249125
v -0.390968 0.408779 0.250814
v -0.382287 0.414615 0.258203
v -0.381168 0.408276 0.257834
v -0.388520 0.418476 0.257579
v -0.385340 0.418778 0.257726
v -0.388132 0.418499 0.249194
v -0.384953 0.418801 0.249341
v -0.390764 0.413818 0.257811
v -0.381778 0.412103 0.253268
v -0.376793 0.405089 0.253479
v -0.379912 0.412216 0.212840
v -0.374926 0.405201 0.213051
v -0.392047 0.403574 0.212256
v -0.376668 0.401966 0.212355
v -0.378590 0.401850 0.253993
v -0.393914 0.403461 0.252684
v -0.390339 0.411290 0.252871
v -0.388472 0.411402 0.212442
v -0.389672 0.400730 0.211751
v -0.390090 0.386682 0.252690
v -0.390452 0.396570 0.213476
v -0.375281 0.398012 0.214180
v -0.391594 0.400614 0.253389
v -0.377377 0.387890 0.253280
v -0.388815 0.386163 0.219441
v -0.388610 0.390626 0.210552
v -0.375473 0.387431 0.220061
v -0.376487 0.398940 0.211496
v -0.389200 0.397731 0.210906
v -0.375696 0.391854 0.211152
v -0.358086 0.413217 0.190311
v -0.378501 0.398356 0.189945
v -0.379758 0.411653 0.189793
v -0.357144 0.413214 0.169951
v -0.355976 0.400892 0.170097
v -0.356925 0.400894 0.190456
v -0.377509 0.398348 0.168607
v -0.378766 0.411646 0.168456
v 0.357444 0.455223 0.098688
v 0.346525 0.459692 0.083721
v 0.331009 0.457596 0.097316
v 0.354351 0.444751 0.076562
v 0.348370 0.430915 0.080339
v 0.346534 0.427538 0.092599
v 0.330840 0.413006 0.107221
v 0.363692 0.411987 0.074929
v 0.351943 0.465408 0.079355
v 0.329119 0.440320 0.105998
v 0.314642 0.441378 0.091440
v 0.300575 0.441300 0.076779
v 0.340230 0.466441 0.067415
v 0.316045 0.462594 0.068265
v 0.313973 0.428810 0.058965
v 0.327004 0.462304 0.080176
v 0.338549 0.461760 0.091475
v 0.320393 0.457977 0.086447
v 0.294034 0.251594 0.031253
v 0.281066 0.235323 0.033235
v 0.290465 0.240901 0.030320
v 0.300905 0.247976 0.046452
v 0.289684 0.261138 0.035488
v 0.286831 0.260324 0.055743
v 0.279961 0.263943 0.040543
v 0.266992 0.247671 0.042524
v 0.271344 0.238127 0.038290
v 0.278214 0.234508 0.053489
v 0.273863 0.244053 0.057724
v 0.270562 0.258364 0.043458
v 0.297336 0.237282 0.045519
v 0.266007 0.139469 0.043532
v 0.259214 0.140267 0.026505
v 0.297688 0.159233 0.027321
v 0.293932 0.137830 0.034850
v 0.292235 0.160444 0.015919
v 0.305609 0.181899 0.012172
v 0.282217 0.140502 0.010468
v 0.324116 0.138467 0.016451
v 0.315468 0.140429 -0.001604
v 0.319538 0.180610 0.018664
v 0.314449 0.181761 0.008063
v 0.310815 0.180723 0.023012
v 0.297901 0.377177 0.105741
v 0.298590 0.376494 0.110799
v 0.285061 0.372109 0.112645
v 0.282170 0.381515 0.107459
v 0.283003 0.380632 0.114098
v 0.284211 0.373071 0.106029
v 0.284971 0.249068 0.038329
v 0.308276 0.220271 0.031983
v 0.304897 0.222082 0.024231
v 0.289011 0.246896 0.047599
v 0.300502 0.213892 0.041445
v 0.308280 0.161820 0.019229
v 0.320048 0.167074 0.015366
v 0.316028 0.169230 0.006132
v 0.291819 0.218539 0.021537
v 0.304280 0.163965 0.010040
v 0.271545 0.241933 0.042755
v 0.275415 0.239857 0.051628
v 0.280672 0.364683 0.105119
v 0.275039 0.377046 0.099131
v 0.277234 0.369188 0.097975
v 0.279456 0.365152 0.097644
v 0.275943 0.369160 0.092073
v 0.274885 0.381503 0.100063
v 0.276252 0.380497 0.107452
v 0.284091 0.382843 0.106403
v 0.300341 0.424593 0.057183
v 0.296463 0.442870 0.044182
v 0.295117 0.439572 0.061524
v 0.291562 0.443418 0.045662
v 0.289559 0.415209 0.042058
v 0.276584 0.411788 0.043562
v 0.282827 0.408094 0.041268
v 0.271857 0.401508 0.045320
v 0.275045 0.398865 0.057353
v 0.283437 0.414161 0.058518
v 0.280132 0.417501 0.044201
v 0.290122 0.430246 0.060811
v 0.286338 0.434098 0.044113
v 0.299469 0.367656 0.126740
v 0.293934 0.383327 0.125201
v 0.301802 0.384683 0.111709
v 0.295547 0.381685 0.128810
v 0.305077 0.372969 0.109982
v 0.293388 0.380899 0.129372
v 0.298645 0.366459 0.122713
v 0.284145 0.382471 0.115732
v 0.283077 0.382924 0.102410
v 0.280386 0.365303 0.101062
v 0.283309 0.363806 0.116675
v 0.276048 0.380821 0.103351
v 0.287415 0.367406 0.100122
v 0.278966 0.379344 0.118967
v 0.289097 0.364753 0.113099
v 0.297258 0.367052 0.127328
v 0.283349 0.363809 0.116040
v 0.278954 0.379496 0.118362
v 0.315289 0.386787 0.141988
v 0.317231 0.380243 0.140086
v 0.308584 0.376308 0.161934
v 0.301724 0.378929 0.149473
v 0.325103 0.377256 0.154129
v 0.310487 0.395908 0.163619
v 0.304690 0.398059 0.153002
v 0.299927 0.397071 0.155403
v 0.300507 0.380381 0.150301
v 0.302576 0.383327 0.148044
v 0.310949 0.380175 0.163318
v 0.307446 0.377804 0.163015
v 0.305723 0.394920 0.166019
v 0.323513 0.383645 0.156929
v 0.308374 0.340829 0.049360
v 0.313281 0.338151 0.060312
v 0.301151 0.332417 0.049418
v 0.328250 0.333516 0.039929
v 0.288207 0.302405 0.047687
v 0.272934 0.257265 0.044450
v 0.293916 0.298830 0.060307
v 0.343522 0.390923 0.138188
v 0.341839 0.381421 0.136414
v 0.333950 0.503040 0.077300
v 0.333562 0.494953 0.091189
v 0.333880 0.515450 0.077526
v 0.328293 0.495112 0.091791
v 0.325694 0.515397 0.078185
v 0.326557 0.503083 0.077965
v 0.345462 0.364238 0.069400
v 0.331426 0.400541 0.066402
v 0.334779 0.364633 0.058411
v 0.317182 0.376831 0.079394
v 0.320777 0.342564 0.075900
v 0.326792 0.342341 0.082088
v 0.324429 0.376563 0.086850
v 0.338672 0.400273 0.073857
v 0.317481 0.333194 0.071582
v 0.341989 0.326329 0.070361
v 0.332357 0.326685 0.060451
v 0.354785 0.345561 0.057229
v 0.341866 0.342533 0.072120
v 0.352137 0.335377 0.061151
v 0.349415 0.356889 0.076538
v 0.328634 0.358399 0.082694
v 0.349069 0.368979 0.067188
v 0.345000 0.361900 0.072609
v 0.346537 0.345867 0.048743
v 0.337263 0.369416 0.055043
v 0.320957 0.358501 0.074781
v 0.338319 0.352805 0.085949
v 0.330674 0.332706 0.085154
v 0.357317 0.389455 0.132545
v 0.358080 0.387868 0.133671
v 0.357028 0.391810 0.133303
v 0.357502 0.392580 0.135188
v 0.334097 0.459426 0.124568
v 0.343881 0.459542 0.123525
v 0.340264 0.456869 0.076393
v 0.333465 0.464561 0.075170
v 0.335012 0.499864 0.079352
v 0.334062 0.498814 0.071417
v 0.340116 0.504755 0.076976
v 0.319168 0.505348 0.079551
v 0.323318 0.499085 0.072738
v 0.323508 0.464806 0.076104
v 0.324361 0.500133 0.080651
v 0.317144 0.458224 0.085565
v 0.341191 0.457588 0.082549
v 0.316369 0.457297 0.079421
v 0.324102 0.465934 0.084513
v 0.334535 0.465681 0.083235
v 0.318403 0.504490 0.073672
v 0.339391 0.503922 0.071112
v 0.359702 0.387879 0.138349
v 0.359412 0.390236 0.139106
v 0.358649 0.391822 0.137980
v 0.359228 0.387110 0.136464
v 0.338542 0.491854 0.055524
v 0.334213 0.511412 0.070139
v 0.341397 0.511735 0.069022
v 0.332095 0.489847 0.062341
v 0.332908 0.495443 0.065127
v 0.315811 0.490477 0.064371
v 0.314959 0.492404 0.058420
v 0.320896 0.492927 0.056578
v 0.322178 0.490154 0.063542
v 0.321388 0.501266 0.058072
v 0.334740 0.518337 0.060679
v 0.332279 0.492635 0.055235
v 0.338912 0.489672 0.061611
v 0.332673 0.500939 0.056827
v 0.326865 0.501191 0.056873
v 0.323020 0.495899 0.066275
v 0.343358 0.503912 0.067317
v 0.343740 0.512560 0.068624
v 0.343322 0.508533 0.066113
v 0.313602 0.509305 0.069743
v 0.313620 0.504685 0.070948
v 0.314512 0.503449 0.078490
v 0.344649 0.506705 0.077366
v 0.314929 0.507478 0.080996
v 0.313997 0.502510 0.074481
v 0.314892 0.512095 0.079786
v 0.344630 0.511323 0.076154
v 0.344253 0.513498 0.072629
v 0.314007 0.513333 0.072256
v 0.314521 0.514270 0.076260
v 0.344245 0.502676 0.074859
v 0.343731 0.501738 0.070849
v 0.353052 0.400851 0.081379
v 0.330938 0.395070 0.098506
v 0.328175 0.412729 0.101430
v 0.363987 0.525475 0.075534
v 0.359866 0.471610 0.074361
v 0.366137 0.471957 0.072593
v 0.365834 0.527597 0.075220
v 0.359897 0.541141 0.075221
v 0.359178 0.525642 0.070593
v 0.361327 0.472561 0.066564
v 0.359623 0.527821 0.068829
v 0.357562 0.525544 0.076966
v 0.356648 0.527419 0.077926
v 0.348855 0.352898 0.081122
v 0.357432 0.343084 0.072113
v 0.338606 0.355233 0.071551
v 0.330460 0.340306 0.078971
v 0.350605 0.330651 0.078620
v 0.341720 0.340228 0.087602
v 0.340596 0.328884 0.068580
v 0.349303 0.343851 0.060918
v 0.367384 0.501516 0.076864
v 0.369138 0.470253 0.074940
v 0.362711 0.501686 0.072055
v 0.361113 0.501534 0.078283
v 0.369435 0.503783 0.076760
v 0.360089 0.503486 0.079347
v 0.363452 0.517359 0.076539
v 0.362953 0.504017 0.070091
v 0.364320 0.470862 0.068972
v 0.362773 0.469843 0.076732
v 0.367360 0.472665 0.063051
v 0.374749 0.466533 0.070971
v 0.369705 0.466672 0.060727
v 0.370835 0.472467 0.070044
v 0.371407 0.465598 0.079464
v 0.369074 0.471847 0.077339
v 0.360838 0.476866 0.069774
v 0.361422 0.471369 0.078971
v 0.354653 0.471103 0.075319
v 0.352708 0.464712 0.077143
v 0.362526 0.464956 0.082606
v 0.355006 0.392961 0.092562
v 0.336892 0.405378 0.091266
v 0.345076 0.406799 0.083192
v 0.351416 0.404316 0.090587
v 0.347208 0.365936 0.091290
v 0.348610 0.391730 0.098795
v 0.338128 0.373023 0.087519
v 0.347719 0.374991 0.078363
v 0.338878 0.360879 0.067450
v 0.337636 0.374695 0.067627
v 0.353348 0.366967 0.085018
v 0.330912 0.359444 0.075107
v 0.327927 0.372720 0.077034
v 0.339312 0.393335 0.093159
v 0.345653 0.394101 0.080926
v 0.349055 0.394997 0.083761
v 0.344651 0.403278 0.097164
v 0.336964 0.392585 0.089354
v 0.360106 0.464904 0.085223
v 0.370833 0.470859 0.062101
v 0.357538 0.476055 0.074906
v 0.378701 0.389567 0.130904
v 0.383136 0.398575 0.132148
v 0.380403 0.400380 0.125496
v 0.375422 0.398892 0.127761
v 0.381392 0.392324 0.122904
v 0.384125 0.390519 0.129556
v 0.377844 0.389512 0.125997
v 0.378992 0.388754 0.128790
v 0.376435 0.396361 0.126564
v 0.376379 0.391100 0.125254
v 0.376724 0.394006 0.125806
v 0.377744 0.397359 0.133412
v 0.376320 0.401927 0.129991
v 0.377468 0.401170 0.132784
v 0.379109 0.392431 0.131609
v 0.378820 0.394787 0.132367
v 0.353111 0.342761 0.101116
v 0.356917 0.358008 0.083950
v 0.361097 0.352480 0.073435
v 0.363700 0.340640 0.070030
v 0.363202 0.329422 0.075727
v 0.345385 0.323556 0.082292
v 0.359895 0.325395 0.087190
v 0.341204 0.329084 0.092807
v 0.355715 0.330919 0.097707
v 0.338601 0.340924 0.096212
v 0.339099 0.352142 0.090515
v 0.353609 0.353983 0.095416
v 0.342406 0.356169 0.079052
v 0.349191 0.338803 0.065126
v 0.346586 0.350645 0.068535
v 0.348693 0.327581 0.070826
v 0.345050 0.454636 0.103074
v 0.352928 0.446724 0.102092
v 0.357203 0.439622 0.094842
v 0.346113 0.452832 0.103499
v 0.354140 0.399423 0.084408
v 0.363948 0.382880 0.071605
v 0.359102 0.435373 0.096705
v 0.348834 0.432926 0.106561
v 0.367288 0.430552 0.117152
v 0.363902 0.430243 0.122548
v 0.381652 0.406590 0.132334
v 0.377380 0.403861 0.130824
v 0.359694 0.426094 0.120151
v 0.379808 0.403840 0.123577
v 0.363035 0.426192 0.114329
v 0.384414 0.407991 0.128045
v 0.372184 0.418441 0.112660
v 0.383199 0.405426 0.116645
v 0.372939 0.421964 0.119809
v 0.370155 0.421028 0.121091
v 0.384166 0.409943 0.125809
v 0.386544 0.408631 0.131809
v 0.377869 0.403539 0.135235
v 0.373509 0.399738 0.120471
v 0.375958 0.394615 0.117131
v 0.384633 0.399708 0.113705
v 0.391329 0.402255 0.134447
v 0.382654 0.397162 0.137872
v 0.389419 0.393331 0.116343
v 0.384687 0.386344 0.126936
v 0.380744 0.388239 0.119769
v 0.393362 0.391436 0.123511
v 0.385478 0.390040 0.134435
v 0.394153 0.395132 0.131010
v 0.364892 0.414159 0.115540
v 0.367237 0.415872 0.113921
v 0.368081 0.419810 0.121910
v 0.365647 0.417683 0.122688
v 0.374477 0.404255 0.129636
v 0.369312 0.417090 0.113102
v 0.363775 0.430830 0.123502
v 0.353863 0.443853 0.117395
v 0.357195 0.443834 0.111121
v 0.352923 0.439623 0.108689
v 0.367738 0.430850 0.116359
v 0.362968 0.426135 0.113500
v 0.349488 0.439302 0.114182
v 0.358841 0.425415 0.119236
v 0.344357 0.453664 0.093279
v 0.346532 0.448181 0.090633
v 0.343993 0.457684 0.098330
v 0.345535 0.459162 0.104433
v 0.335533 0.453290 0.108382
v 0.333991 0.451812 0.102280
v 0.336530 0.442309 0.094583
v 0.334446 0.447798 0.097199
v 0.348571 0.457703 0.109951
v 0.349882 0.442850 0.091075
v 0.338569 0.451831 0.113901
v 0.342564 0.447444 0.117476
v 0.340216 0.436481 0.095232
v 0.343859 0.441766 0.114762
v 0.352459 0.439373 0.093144
v 0.342416 0.435024 0.101082
v 0.354701 0.449840 0.114385
v 0.352229 0.453812 0.113315
v 0.359447 0.441162 0.113930
v 0.352121 0.436918 0.117070
v 0.350544 0.429555 0.102132
v 0.357916 0.434015 0.099429
v 0.364102 0.428475 0.099762
v 0.355275 0.443926 0.112646
v 0.360175 0.444564 0.111466
v 0.349286 0.439643 0.114986
v 0.353643 0.436300 0.097174
v 0.358601 0.437211 0.096550
v 0.371785 0.415131 0.108436
v 0.365714 0.436402 0.115361
v 0.373123 0.421860 0.121862
v 0.355542 0.430819 0.119221
v 0.354084 0.422899 0.103521
v 0.347721 0.432334 0.100157
v 0.363794 0.419584 0.123709
v 0.362461 0.413002 0.110944
v 0.365706 0.411346 0.110795
v 0.375608 0.409936 0.110552
v 0.382398 0.408457 0.128194
v 0.367150 0.418089 0.124474
v 0.377580 0.405628 0.130097
v 0.369397 0.406290 0.113005
v 0.381701 0.402617 0.116909
v 0.376443 0.399530 0.118986
v 0.357683 0.292666 0.097584
v 0.350539 0.306345 0.122147
v 0.347957 0.263915 0.144012
v 0.359811 0.329702 0.077404
v 0.352442 0.334092 0.104831
v 0.353201 0.341276 0.096413
v 0.358596 0.336082 0.075870
v 0.348680 0.291519 0.094589
v 0.342802 0.255560 0.125978
v 0.352616 0.256855 0.129245
v 0.342470 0.296848 0.103929
v 0.336071 0.262384 0.140076
v 0.337080 0.304135 0.117691
v 0.340928 0.333817 0.101351
v 0.334233 0.309470 0.112084
v 0.337083 0.332968 0.098868
v 0.346133 0.329916 0.082213
v 0.346178 0.330748 0.080521
v 0.350759 0.328496 0.074369
v 0.350900 0.334970 0.073268
v 0.347931 0.335858 0.078764
v 0.341631 0.339714 0.092577
v 0.342315 0.301817 0.098294
v 0.348790 0.255075 0.151300
v 0.349241 0.265196 0.146160
v 0.356034 0.263848 0.126344
v 0.358398 0.253168 0.123276
v 0.357947 0.243047 0.128416
v 0.335165 0.242387 0.142873
v 0.351153 0.244395 0.148231
v 0.354946 0.239413 0.138752
v 0.332802 0.253067 0.145941
v 0.333253 0.263188 0.140802
v 0.336253 0.266822 0.130465
v 0.352241 0.268830 0.135823
v 0.342410 0.251161 0.117917
v 0.340046 0.261840 0.120986
v 0.341958 0.241039 0.123057
v 0.338958 0.237405 0.133394
v 0.364437 0.162441 0.127809
v 0.354744 0.161272 0.124694
v 0.337945 0.247998 0.144772
v 0.341864 0.216869 0.124209
v 0.341999 0.251884 0.129970
v 0.351605 0.220149 0.114987
v 0.368228 0.164932 0.115143
v 0.358488 0.163756 0.112012
v 0.359783 0.221137 0.117619
v 0.362867 0.219406 0.130974
v 0.351780 0.253072 0.133115
v 0.347306 0.249133 0.147786
v 0.368883 0.136837 0.145443
v 0.359555 0.137022 0.171850
v 0.341395 0.138473 0.169868
v 0.363224 0.157889 0.137554
v 0.350694 0.158052 0.135313
v 0.353526 0.179501 0.121880
v 0.342163 0.137487 0.140627
v 0.355405 0.179409 0.112426
v 0.371710 0.137309 0.110160
v 0.351905 0.137802 0.106608
v 0.367186 0.179293 0.114550
v 0.365638 0.179377 0.124104
v 0.296194 0.384271 0.106947
v 0.296887 0.383569 0.112000
v 0.280105 0.394201 0.054931
v 0.296167 0.419923 0.056083
v 0.276754 0.394907 0.058963
v 0.291321 0.423296 0.052889
v 0.275705 0.398472 0.050370
v 0.288535 0.424441 0.058888
v 0.273035 0.398385 0.057531
v 0.293280 0.421177 0.061629
v 0.296613 0.420006 0.054748
v 0.293707 0.421025 0.062653
v 0.300708 0.438285 0.054346
v 0.291105 0.423758 0.052237
v 0.297779 0.439541 0.059961
v 0.287908 0.425120 0.058631
v 0.302754 0.435992 0.063555
v 0.305530 0.434966 0.057131
v 0.296718 0.428563 0.040448
v 0.302046 0.438135 0.041667
v 0.306000 0.434770 0.057829
v 0.300087 0.438868 0.060547
v 0.292616 0.412235 0.055750
v 0.286227 0.413773 0.041782
v 0.289487 0.410246 0.056328
v 0.279888 0.395999 0.055573
v 0.277142 0.398380 0.043376
v 0.277426 0.379590 0.089739
v 0.279623 0.370690 0.088586
v 0.284839 0.379641 0.097090
v 0.273691 0.378420 0.093269
v 0.282863 0.383890 0.098996
v 0.288511 0.367029 0.104070
v 0.287431 0.367539 0.096576
v 0.286802 0.372601 0.096039
v 0.270220 0.382345 0.043223
v 0.276561 0.395803 0.038811
v 0.272106 0.388720 0.038093
v 0.263387 0.393880 0.041298
v 0.272007 0.380412 0.051197
v 0.267702 0.389212 0.060549
v 0.276421 0.384053 0.057344
v 0.272156 0.396294 0.061268
v 0.272828 0.401320 0.057066
v 0.280876 0.391134 0.058063
v 0.280384 0.397920 0.043740
v 0.288658 0.413054 0.046747
v 0.286136 0.415144 0.047324
v 0.290362 0.411211 0.054349
v 0.288040 0.413083 0.055818
v 0.282568 0.395557 0.053486
v 0.267842 0.400962 0.042016
v 0.261500 0.387505 0.046428
v 0.263288 0.385572 0.054402
v 0.284051 0.416377 0.048090
v 0.285955 0.414318 0.056585
v 0.281328 0.417392 0.049442
v 0.283032 0.415548 0.057044
v 0.270645 0.403684 0.047321
v 0.305978 0.385347 0.115121
v 0.309252 0.373633 0.113393
v 0.287937 0.231704 0.048434
v 0.277432 0.254745 0.058657
v 0.296554 0.257520 0.050687
v 0.308051 0.440602 0.042926
v 0.292713 0.439219 0.045544
v 0.313911 0.439891 0.062628
v 0.311311 0.437074 0.057471
v 0.308611 0.445628 0.038974
v 0.298870 0.452127 0.042735
v 0.312536 0.450923 0.041103
v 0.296653 0.447873 0.042790
v 0.300049 0.434862 0.042586
v 0.303609 0.431011 0.058471
v 0.296169 0.435480 0.060964
v 0.301714 0.442394 0.065377
v 0.304170 0.446392 0.066386
v 0.307087 0.451891 0.065342
v 0.302483 0.456872 0.044799
v 0.305881 0.459675 0.049531
v 0.308539 0.456799 0.061392
v 0.317140 0.445942 0.061646
v 0.318593 0.450850 0.057696
v 0.308098 0.459648 0.055605
v 0.315934 0.453726 0.045836
v 0.318151 0.453699 0.051910
v 0.279068 0.376958 0.071278
v 0.281903 0.382215 0.073460
v 0.280687 0.378165 0.076161
v 0.273306 0.385969 0.076605
v 0.279346 0.374737 0.101334
v 0.287840 0.378936 0.098032
v 0.285081 0.372221 0.099233
v 0.281691 0.381622 0.100281
v 0.284112 0.385302 0.077543
v 0.280445 0.394019 0.059226
v 0.284246 0.389180 0.074488
v 0.273972 0.396846 0.061595
v 0.271154 0.392270 0.060970
v 0.279037 0.387033 0.056966
v 0.282674 0.381252 0.073811
v 0.280345 0.376783 0.072780
v 0.272536 0.378843 0.055726
v 0.279801 0.373419 0.100839
v 0.284288 0.370716 0.098835
v 0.280662 0.365143 0.094930
v 0.275891 0.373240 0.070036
v 0.272748 0.381633 0.079066
v 0.268562 0.376441 0.072717
v 0.274540 0.367817 0.097170
v 0.266063 0.381670 0.058095
v 0.275406 0.382550 0.056973
v 0.267210 0.384702 0.059225
v 0.272802 0.383922 0.050444
v 0.266359 0.386736 0.052800
v 0.266505 0.387019 0.059667
v 0.270080 0.380884 0.074567
v 0.272472 0.385709 0.077543
v 0.270143 0.381238 0.076513
v 0.276471 0.388640 0.080338
v 0.277273 0.392225 0.077039
v 0.268834 0.391489 0.060699
v 0.278519 0.389052 0.058276
v 0.270218 0.394139 0.054507
v 0.276660 0.391325 0.052151
v 0.276707 0.382563 0.055935
v 0.329589 0.382198 0.153595
v 0.329353 0.395642 0.158465
v 0.326832 0.398298 0.152041
v 0.326583 0.385367 0.145951
v 0.322005 0.397959 0.153806
v 0.320245 0.384882 0.148190
v 0.324522 0.395310 0.160214
v 0.323271 0.381683 0.155910
v 0.320978 0.376321 0.155478
v 0.336012 0.378937 0.150825
v 0.335275 0.385974 0.152981
v 0.329990 0.389975 0.138118
v 0.330728 0.382938 0.135961
v 0.322293 0.381112 0.157784
v 0.315739 0.380303 0.140578
v 0.314777 0.385131 0.141045
v 0.308375 0.329920 0.064022
v 0.326120 0.331940 0.053684
v 0.305532 0.330922 0.060513
v 0.298965 0.304517 0.063711
v 0.313089 0.300416 0.053642
v 0.308194 0.294628 0.053032
v 0.277980 0.254539 0.055701
v 0.292326 0.251098 0.047172
v 0.324569 0.330843 0.053701
v 0.327118 0.337379 0.052308
v 0.332290 0.337909 0.049347
v 0.332143 0.331400 0.048483
v 0.313825 0.293927 0.037049
v 0.317656 0.291876 0.045563
v 0.288142 0.253376 0.037899
v 0.328938 0.339767 0.042081
v 0.335021 0.353281 0.055930
v 0.339861 0.342678 0.051242
v 0.335896 0.330803 0.050204
v 0.319208 0.327892 0.039704
v 0.325449 0.324614 0.053424
v 0.309806 0.338336 0.063698
v 0.324214 0.356399 0.061518
v 0.333615 0.345954 0.037525
v 0.328778 0.356555 0.042210
v 0.329651 0.334083 0.036486
v 0.307525 0.353488 0.051019
v 0.303560 0.341612 0.049981
v 0.308400 0.331010 0.045293
v 0.314643 0.327735 0.059013
v 0.313769 0.350208 0.064736
v 0.317971 0.359677 0.047799
v 0.332927 0.471912 0.052966
v 0.325722 0.466475 0.044565
v 0.330813 0.465514 0.054627
v 0.329426 0.472518 0.046012
v 0.338845 0.477680 0.047149
v 0.331162 0.473230 0.038718
v 0.338795 0.473692 0.037046
v 0.345595 0.473465 0.040656
v 0.347762 0.467492 0.038163
v 0.337815 0.467752 0.032744
v 0.328921 0.467157 0.036067
v 0.346625 0.389602 0.142920
v 0.339179 0.379489 0.145690
v 0.336354 0.390996 0.141345
v 0.345217 0.380142 0.140675
v 0.336546 0.381569 0.138078
v 0.333349 0.391266 0.136945
v 0.327138 0.381873 0.136931
v 0.334186 0.383283 0.134498
v 0.332523 0.377796 0.152079
v 0.338520 0.389282 0.147954
v 0.339748 0.379064 0.150163
v 0.326315 0.389721 0.139337
v 0.331700 0.385644 0.154484
v 0.338911 0.387051 0.152610
v 0.331479 0.362398 0.058699
v 0.327502 0.357701 0.053995
v 0.331526 0.343035 0.060688
v 0.342176 0.335746 0.050903
v 0.317631 0.353571 0.064665
v 0.332372 0.355559 0.064575
v 0.342905 0.344208 0.053928
v 0.331647 0.344285 0.045297
v 0.324512 0.331616 0.051777
v 0.334458 0.329197 0.061599
v 0.323924 0.340548 0.072247
v 0.315626 0.341194 0.060758
v 0.322761 0.353864 0.054279
v 0.337155 0.374698 0.067103
v 0.327466 0.372750 0.076546
v 0.336892 0.360977 0.065389
v 0.328993 0.359504 0.073127
v 0.313156 0.367102 0.056928
v 0.317249 0.373851 0.066037
v 0.313426 0.394511 0.049800
v 0.306979 0.393275 0.055968
v 0.315730 0.405631 0.053852
v 0.324781 0.394898 0.059422
v 0.322999 0.407591 0.060446
v 0.308907 0.404604 0.060332
v 0.326826 0.375670 0.056825
v 0.319571 0.368302 0.050888
v 0.316317 0.393270 0.067941
v 0.312367 0.394201 0.065396
v 0.322156 0.396049 0.056096
v 0.314758 0.406272 0.068450
v 0.344705 0.516924 0.083471
v 0.344046 0.520579 0.077014
v 0.338289 0.526036 0.078617
v 0.336401 0.524804 0.065816
v 0.341440 0.519618 0.066243
v 0.343765 0.510776 0.075602
v 0.329566 0.510323 0.077108
v 0.346683 0.493065 0.090317
v 0.330985 0.493511 0.092007
v 0.347991 0.476287 0.106288
v 0.346924 0.482782 0.113276
v 0.346649 0.501840 0.098472
v 0.338698 0.521249 0.087289
v 0.330444 0.528425 0.080355
v 0.328581 0.526065 0.066047
v 0.327799 0.519121 0.060783
v 0.340834 0.516722 0.062391
v 0.321419 0.525163 0.068094
v 0.321400 0.518779 0.062197
v 0.315413 0.517289 0.065471
v 0.315935 0.520346 0.069484
v 0.316104 0.512629 0.072098
v 0.315472 0.511506 0.079059
v 0.332450 0.476261 0.107451
v 0.343210 0.464270 0.128652
v 0.335104 0.466487 0.131756
v 0.334085 0.487026 0.119028
v 0.320045 0.483457 0.116582
v 0.317446 0.502594 0.102014
v 0.332773 0.507107 0.105108
v 0.331608 0.522663 0.090700
v 0.322696 0.521521 0.089810
v 0.322261 0.526337 0.081102
v 0.316033 0.521318 0.080370
v 0.316692 0.517570 0.086804
v 0.315350 0.493892 0.094095
v 0.317116 0.477041 0.110078
v 0.324376 0.460041 0.125898
v 0.326373 0.464703 0.130700
v 0.323355 0.511792 0.071479
v 0.353891 0.383750 0.077443
v 0.318281 0.395023 0.086235
v 0.315722 0.413074 0.089371
v 0.304026 0.413620 0.076585
v 0.327688 0.384722 0.050492
v 0.306391 0.395980 0.073250
v 0.324340 0.401904 0.051861
v 0.314096 0.413128 0.090955
v 0.298328 0.414209 0.073774
v 0.321323 0.400616 0.050599
v 0.336789 0.398943 0.068385
v 0.333752 0.384007 0.040565
v 0.340121 0.384095 0.064612
v 0.324364 0.385626 0.048092
v 0.349841 0.382837 0.055126
v 0.349056 0.410103 0.056775
v 0.343831 0.391813 0.048765
v 0.331465 0.413216 0.041866
v 0.333073 0.405907 0.040323
v 0.329153 0.423885 0.041963
v 0.328564 0.466222 0.055366
v 0.322934 0.466247 0.046963
v 0.346584 0.471756 0.037155
v 0.329896 0.469664 0.053177
v 0.341430 0.469777 0.066369
v 0.345275 0.477188 0.062897
v 0.342158 0.478099 0.041978
v 0.359285 0.471919 0.049090
v 0.354347 0.478426 0.054124
v 0.366115 0.477212 0.066623
v 0.361275 0.466842 0.046972
v 0.372102 0.467001 0.058725
v 0.363425 0.425847 0.043408
v 0.373325 0.425358 0.053701
v 0.377080 0.424441 0.063355
v 0.377235 0.467262 0.068681
v 0.376799 0.423615 0.071823
v 0.374282 0.466657 0.076288
v 0.367739 0.465764 0.082629
v 0.370549 0.422762 0.077824
v 0.363776 0.422558 0.077597
v 0.364254 0.404547 0.072893
v 0.368982 0.404720 0.073276
v 0.366432 0.391069 0.067532
v 0.356351 0.391338 0.061611
v 0.350046 0.391573 0.055141
v 0.353875 0.391348 0.051450
v 0.338211 0.392133 0.038307
v 0.356969 0.394951 0.048572
v 0.342564 0.396038 0.034132
v 0.333013 0.406004 0.036232
v 0.329115 0.424340 0.035271
v 0.335376 0.425207 0.029164
v 0.338703 0.406577 0.030928
v 0.343784 0.425676 0.029151
v 0.339979 0.468617 0.030420
v 0.353435 0.426060 0.033228
v 0.349871 0.467858 0.035867
v 0.332393 0.468178 0.033109
v 0.325762 0.467277 0.039510
v 0.364183 0.406622 0.041979
v 0.371140 0.406445 0.049198
v 0.374509 0.405323 0.067717
v 0.370971 0.394958 0.063201
v 0.357167 0.406962 0.034823
v 0.333595 0.476941 0.050274
v 0.354269 0.468763 0.078250
v 0.309829 0.458380 0.075527
v 0.299072 0.455890 0.058886
v 0.324134 0.460894 0.061059
v 0.331109 0.444977 0.052357
v 0.326156 0.432132 0.057306
v 0.310558 0.436352 0.046906
v 0.300611 0.434258 0.056409
v 0.295254 0.443414 0.061275
v 0.303088 0.449190 0.052755
v 0.312883 0.456948 0.046201
v 0.308339 0.457840 0.050031
v 0.356182 0.384419 0.080849
v 0.377169 0.385015 0.131927
v 0.361754 0.383541 0.128085
v 0.374320 0.386772 0.124195
v 0.364156 0.386224 0.138096
v 0.364606 0.381782 0.135826
v 0.358799 0.387779 0.139711
v 0.362286 0.392024 0.140033
v 0.355709 0.389685 0.131327
v 0.358799 0.394176 0.130567
v 0.360625 0.388403 0.128511
v 0.373440 0.390752 0.124662
v 0.372674 0.392284 0.123464
v 0.360125 0.389051 0.127352
v 0.371739 0.397848 0.125073
v 0.359190 0.394615 0.128962
v 0.372108 0.398679 0.126955
v 0.358196 0.400892 0.133563
v 0.371382 0.404262 0.129253
v 0.360910 0.399218 0.140928
v 0.357744 0.395501 0.141668
v 0.354770 0.397336 0.133598
v 0.335745 0.383650 0.145897
v 0.337231 0.390730 0.147206
v 0.334838 0.392207 0.140712
v 0.333504 0.385025 0.139820
v 0.374230 0.402505 0.136985
v 0.375429 0.396630 0.135970
v 0.376195 0.395099 0.137168
v 0.363646 0.391866 0.141057
v 0.377130 0.389534 0.135559
v 0.364581 0.386301 0.139448
v 0.376761 0.388702 0.133677
v 0.333825 0.383381 0.139320
v 0.337299 0.377148 0.136398
v 0.339682 0.375679 0.142865
v 0.336068 0.381998 0.145407
v 0.286964 0.400268 0.085413
v 0.293174 0.405452 0.099141
v 0.294047 0.401721 0.099089
v 0.288038 0.403604 0.086875
v 0.285127 0.408564 0.088399
v 0.284609 0.402912 0.078931
v 0.277795 0.406462 0.072189
v 0.272521 0.405279 0.074569
v 0.277117 0.396996 0.073307
v 0.280636 0.401343 0.071409
v 0.286577 0.403308 0.083490
v 0.283535 0.399576 0.077469
v 0.287105 0.400296 0.085740
v 0.283265 0.399404 0.088130
v 0.282650 0.399280 0.086704
v 0.278019 0.401355 0.091396
v 0.279073 0.407205 0.091131
v 0.283132 0.403199 0.103673
v 0.283910 0.399447 0.103663
v 0.278800 0.398436 0.089097
v 0.284115 0.408223 0.102810
v 0.290169 0.409582 0.100078
v 0.272101 0.399428 0.075260
v 0.279221 0.398587 0.078761
v 0.274590 0.400664 0.083452
v 0.275371 0.397744 0.081153
v 0.278942 0.398464 0.089424
v 0.276559 0.401059 0.088012
v 0.299036 0.413345 0.113562
v 0.291554 0.411835 0.096231
v 0.301930 0.403232 0.113730
v 0.294060 0.401644 0.095501
v 0.281864 0.398907 0.101006
v 0.280233 0.409294 0.101340
v 0.287715 0.410804 0.118671
v 0.289734 0.400495 0.119233
v 0.321566 0.401416 0.156885
v 0.312518 0.399933 0.134624
v 0.313064 0.407303 0.159904
v 0.316453 0.392424 0.160016
v 0.307394 0.390988 0.137754
v 0.307939 0.398358 0.163034
v 0.298891 0.396875 0.140773
v 0.304005 0.405867 0.137642
v 0.324264 0.409927 0.170600
v 0.307425 0.407518 0.131779
v 0.304014 0.403703 0.136514
v 0.320224 0.404937 0.172778
v 0.314467 0.407729 0.175020
v 0.297407 0.405266 0.136301
v 0.314948 0.414446 0.174228
v 0.296223 0.410667 0.130855
v 0.293439 0.404466 0.127112
v 0.294226 0.401544 0.124807
v 0.298069 0.402390 0.122419
v 0.292148 0.399271 0.107747
v 0.286391 0.402063 0.109989
v 0.286872 0.408780 0.109196
v 0.302278 0.412025 0.128123
v 0.292927 0.410138 0.106464
v 0.296188 0.404261 0.105569
v 0.321003 0.415804 0.171495
v 0.302377 0.403373 0.121128
v 0.307951 0.404507 0.134049
v 0.299805 0.402686 0.137726
v 0.303459 0.406714 0.122590
v 0.308659 0.407405 0.136314
v 0.314770 0.400210 0.134303
v 0.310151 0.399300 0.121815
v 0.297471 0.397231 0.092654
v 0.307676 0.406853 0.123809
v 0.291824 0.403296 0.130963
v 0.293748 0.404046 0.091638
v 0.289907 0.404642 0.094879
v 0.284669 0.394141 0.063913
v 0.274137 0.391815 0.064038
v 0.282090 0.384757 0.065844
v 0.294430 0.396648 0.085641
v 0.289672 0.387339 0.085423
v 0.294293 0.389089 0.084156
v 0.307513 0.390751 0.113410
v 0.311098 0.391530 0.123740
v 0.303843 0.406899 0.124664
v 0.300041 0.405471 0.140203
v 0.294702 0.404848 0.128790
v 0.277602 0.385343 0.091689
v 0.290198 0.386865 0.121224
v 0.282840 0.382103 0.089505
v 0.293910 0.388069 0.121543
v 0.306723 0.388922 0.124223
v 0.303644 0.389147 0.140070
v 0.312262 0.391081 0.136181
v 0.297533 0.396342 0.142082
v 0.291619 0.395142 0.130179
v 0.299105 0.387212 0.127660
v 0.295221 0.387967 0.130904
v 0.305104 0.390581 0.116492
v 0.300146 0.389257 0.133832
v 0.298490 0.381955 0.129827
v 0.287545 0.381220 0.104868
v 0.287952 0.379757 0.104464
v 0.299340 0.383867 0.099546
v 0.299330 0.382311 0.099329
v 0.290765 0.383881 0.085928
v 0.275884 0.392486 0.094011
v 0.281889 0.385592 0.088936
v 0.273231 0.382769 0.069842
v 0.266949 0.390165 0.071909
v 0.269527 0.399548 0.069979
v 0.278387 0.401537 0.065981
v 0.282362 0.402948 0.098283
v 0.278914 0.393067 0.101029
v 0.277957 0.400502 0.098763
v 0.308377 0.384985 0.119729
v 0.310530 0.384656 0.124394
v 0.309813 0.391426 0.129469
v 0.301449 0.381029 0.132916
v 0.311324 0.383245 0.128460
v 0.302491 0.366094 0.128053
v 0.298540 0.361185 0.118052
v 0.309458 0.363635 0.113125
v 0.312549 0.368351 0.123514
v 0.310005 0.372575 0.117588
v 0.307516 0.371658 0.112298
v 0.298228 0.369932 0.122902
v 0.307096 0.371659 0.110498
v 0.295183 0.368985 0.115874
v 0.296229 0.369125 0.117391
v 0.306184 0.384932 0.115101
v 0.296296 0.382274 0.125181
v 0.294289 0.382262 0.120469
v 0.297615 0.356961 0.113031
v 0.292172 0.356146 0.100337
v 0.297121 0.367755 0.089191
v 0.287179 0.365524 0.093678
v 0.302300 0.358419 0.095767
v 0.307907 0.359270 0.108387
v 0.336546 0.402309 0.193794
v 0.340498 0.403090 0.204884
v 0.332371 0.407224 0.195168
v 0.331631 0.406257 0.208436
v 0.326483 0.405902 0.197825
v 0.324769 0.399666 0.199108
v 0.328944 0.394751 0.197734
v 0.334832 0.396072 0.195077
v 0.330121 0.400762 0.209567
v 0.333800 0.396431 0.208356
v 0.338988 0.397595 0.206015
v 0.336819 0.407421 0.206095
v 0.336610 0.402386 0.189214
v 0.336931 0.395505 0.198038
v 0.325574 0.407101 0.172312
v 0.331129 0.408594 0.190960
v 0.323697 0.406916 0.194344
v 0.321411 0.398992 0.196090
v 0.330030 0.393956 0.201153
v 0.334410 0.394312 0.190886
v 0.326809 0.392606 0.194316
v 0.325126 0.399727 0.202759
v 0.338939 0.402821 0.196530
v 0.327003 0.404957 0.202134
v 0.315166 0.409863 0.174222
v 0.322780 0.411563 0.170788
v 0.316185 0.404966 0.176531
v 0.333833 0.413068 0.198916
v 0.335500 0.406870 0.198296
v 0.327506 0.416195 0.200996
v 0.330361 0.416836 0.199708
v 0.316726 0.414747 0.173503
v 0.319581 0.415388 0.172215
v 0.326220 0.411368 0.202353
v 0.332463 0.410201 0.194353
v 0.337913 0.403784 0.192559
v 0.316472 0.406974 0.157315
v 0.321923 0.400557 0.155521
v 0.306548 0.397107 0.162459
v 0.320493 0.397110 0.155777
v 0.336962 0.400434 0.193923
v 0.322539 0.400334 0.199497
v 0.324776 0.408476 0.197822
v 0.308785 0.405249 0.160784
v 0.308816 0.394490 0.161047
v 0.328147 0.384104 0.198355
v 0.309420 0.390438 0.163073
v 0.323043 0.393495 0.156925
v 0.325285 0.397814 0.199192
v 0.339564 0.386666 0.193203
v 0.314845 0.380817 0.168030
v 0.310564 0.384484 0.159832
v 0.326827 0.383505 0.162623
v 0.320677 0.394055 0.155026
v 0.309261 0.391494 0.160178
v 0.322161 0.387086 0.154599
v 0.316758 0.407473 0.104077
v 0.300375 0.390609 0.113295
v 0.297445 0.403641 0.113281
v 0.308714 0.405789 0.085426
v 0.311435 0.393714 0.085441
v 0.319471 0.395396 0.104095
v 0.291950 0.388839 0.093745
v 0.289019 0.401872 0.093732
vn 0.9949 0.0833 0.0572
vn 0.9992 -0.0390 -0.0030
vn 0.9879 0.0991 -0.1192
vn 0.9827 0.1803 0.0422
vn 0.0322 0.1255 0.9916
vn 0.0150 0.1389 0.9902
vn -0.0029 0.1394 0.9902
vn -0.0257 0.1236 0.9920
vn -0.9876 0.1442 0.0622
vn -0.9995 0.0297 0.0057
vn -0.0125 0.9980 0.0619
vn -0.9896 0.1379 0.0402
vn -0.9551 0.2289 -0.1882
vn -0.9990 0.0370 -0.0244
vn 0.0122 0.9964 0.0835
vn 0.0619 0.9946 0.0834
vn 0.0387 0.9973 0.0627
vn 0.0424 0.9601 0.2763
vn 0.0252 0.9533 0.3010
vn 0.0059 0.9536 0.3009
vn 0.0248 0.9616 0.2733
vn 0.0117 0.5222 0.8528
vn -0.0043 0.5375 0.8432
vn 0.0350 0.5365 0.8432
vn 0.0154 0.5192 0.8545
vn 0.0573 -0.9727 -0.2247
vn 0.9137 0.3085 0.2646
vn -0.1113 0.7033 0.7021
vn -0.0350 0.6836 0.7290
vn -0.0476 0.2817 0.9583
vn -0.9977 0.0456 0.0501
vn -0.9460 0.3202 -0.0510
vn 0.0087 -0.9591 -0.2830
vn 0.0080 -0.9633 -0.2683
vn -0.9273 0.3177 0.1978
vn 0.0095 -0.9589 -0.2834
vn 0.0472 0.3896 -0.9198
vn 0.0463 0.3893 -0.9199
vn -0.0086 0.9648 0.2630
vn -0.0087 0.9647 0.2632
vn -0.9938 0.1060 -0.0346
vn -0.0453 0.2828 0.9581
vn 0.9890 0.0363 0.1435
vn 0.9936 0.0949 0.0612
vn 0.9500 0.3099 0.0385
vn -0.3360 -0.8807 0.3339
vn -0.3345 -0.8841 0.3264
vn 0.2425 0.2571 0.9355
vn 0.2429 0.2574 0.9353
vn 0.4268 0.8360 -0.3448
vn 0.4255 0.8397 -0.3374
vn -0.1417 -0.3047 -0.9418
vn -0.1423 -0.3051 -0.9416
vn 0.0653 0.8802 -0.4702
vn 0.0658 0.8802 -0.4701
vn 0.8936 0.3605 -0.2675
vn 0.9926 0.0202 0.1196
vn 0.8631 -0.4167 0.2853
vn 0.9836 -0.1579 -0.0866
vn 0.8875 0.2462 -0.3895
vn 0.0396 0.6242 -0.7803
vn 0.0399 0.6242 -0.7803
vn -0.8467 0.3884 -0.3636
vn -0.9983 0.0058 -0.0582
vn -0.9088 -0.2734 0.3150
vn -0.0526 -0.7558 0.6527
vn -0.0523 -0.7558 0.6527
vn -0.9713 0.1840 0.1507
vn -0.8300 0.5037 -0.2397
vn -0.3376 -0.8559 0.3917
vn 0.2473 0.2834 0.9266
vn -0.8638 0.4440 0.2382
vn -0.8636 0.4443 0.2385
vn -0.9541 0.2166 0.2069
vn -0.8985 0.4167 0.1380
vn -0.8696 0.4619 0.1743
vn -0.8020 0.5951 0.0511
vn 0.3560 0.8770 -0.3228
vn 0.8221 -0.0830 0.5632
vn 0.7823 -0.0868 0.6168
vn 0.7526 -0.0292 0.6578
vn 0.1650 0.9850 -0.0499
vn 0.1585 0.9863 -0.0453
vn -0.7962 0.1607 -0.5833
vn -0.7779 0.1191 -0.6170
vn -0.7771 0.1070 -0.6202
vn -0.8258 -0.0321 -0.5631
vn -0.7803 -0.1358 -0.6105
vn -0.6849 0.2889 -0.6689
vn -0.7865 0.1121 -0.6074
vn -0.7853 0.0845 -0.6133
vn -0.8533 -0.1332 -0.5040
vn -0.8534 -0.1332 -0.5039
vn -0.4980 0.4652 0.7319
vn -0.4957 0.4624 0.7352
vn 0.7932 -0.0660 0.6054
vn 0.7847 -0.0637 0.6167
vn 0.8117 0.0018 0.5841
vn 0.7942 -0.0996 0.5995
vn -0.5514 0.3536 0.7556
vn -0.4976 0.5012 0.7080
vn -0.5538 0.3576 0.7519
vn -0.5214 0.4516 0.7240
vn -0.5177 0.4553 0.7243
vn 0.7746 -0.1051 0.6237
vn 0.0791 -0.8392 0.5380
vn 0.8037 -0.0782 0.5899
vn -0.8570 0.4480 0.2547
vn -0.8565 0.4484 0.2555
vn -0.8629 0.1459 -0.4839
vn -0.8631 0.1458 -0.4836
vn 0.4269 0.7679 -0.4776
vn 0.6987 0.7083 -0.1003
vn -0.2563 -0.9395 0.2270
vn 0.9309 -0.2722 0.2437
vn 0.1480 0.9857 -0.0803
vn 0.5644 -0.4978 -0.6585
vn 0.5656 -0.4970 -0.6580
vn 0.9181 -0.3919 -0.0597
vn 0.3242 0.8392 -0.4367
vn -0.2473 -0.2834 -0.9266
vn 0.9180 -0.3920 -0.0597
vn -0.5599 -0.7789 0.2823
vn 0.5841 0.0987 0.8056
vn -0.8988 0.4163 0.1374
vn -0.3471 -0.8672 0.3572
vn 0.1795 0.9275 -0.3278
vn 0.5821 0.0991 0.8070
vn -0.5225 -0.1371 -0.8415
vn -0.3925 -0.7535 0.5275
vn -0.5028 -0.6339 0.5877
vn 0.9310 -0.2723 0.2431
vn -0.4738 0.4912 0.7309
vn -0.4745 0.4907 0.7308
vn -0.5212 -0.1388 -0.8421
vn 0.2823 0.9446 -0.1677
vn 0.0781 0.9871 -0.1396
vn 0.0733 0.9878 -0.1370
vn -0.9282 -0.0477 -0.3690
vn -0.9353 -0.2956 -0.1942
vn -0.1416 -0.9424 0.3031
vn -0.1413 -0.9425 0.3030
vn 0.8057 -0.3306 0.4915
vn -0.2623 0.6617 0.7024
vn -0.2622 0.6688 0.6957
vn 0.3374 -0.3584 -0.8705
vn 0.3387 -0.3599 -0.8694
vn 0.0920 0.9767 -0.1937
vn -0.9210 0.0825 -0.3808
vn -0.9327 0.3415 0.1156
vn 0.1142 -0.9385 -0.3259
vn -0.3550 0.2296 0.9062
vn 0.9337 0.0535 0.3540
vn 0.6125 0.3157 0.7247
vn 0.1066 -0.9429 -0.3156
vn 0.0920 0.9767 -0.1939
vn -0.3552 0.2298 0.9061
vn 0.9264 -0.0915 0.3652
vn 0.0548 0.3425 0.9379
vn -0.0452 0.2567 0.9654
vn -0.9861 0.1611 -0.0398
vn -0.9738 0.2271 0.0143
vn -0.9947 0.0872 -0.0544
vn -0.9935 0.0951 -0.0621
vn -0.9941 0.0882 -0.0629
vn -0.9963 0.0762 -0.0393
vn 0.0155 -0.1291 0.9915
vn 0.0281 -0.1267 0.9915
vn 0.0370 -0.0522 0.9979
vn -0.0521 -0.0812 0.9953
vn 0.2595 -0.0860 0.9619
vn 0.2432 -0.0837 0.9664
vn 0.0582 0.1369 -0.9889
vn 0.1416 0.1889 -0.9717
vn 0.0087 -0.9429 -0.3329
vn 0.9891 0.0331 0.1432
vn -0.0244 -0.9463 -0.3223
vn -0.9969 -0.0762 -0.0182
vn 0.9977 0.0362 0.0580
vn 0.0021 0.0802 -0.9968
vn -0.9944 0.0881 0.0580
vn -0.9936 -0.0003 0.1132
vn -0.0002 -0.0075 1.0000
vn 0.9922 -0.0521 0.1132
vn 0.0190 0.7310 0.6821
vn 0.0154 0.1539 0.9880
vn 0.0038 0.1476 0.9890
vn -0.0232 -0.8893 0.4567
vn -0.0235 -0.9017 -0.4318
vn -0.0140 -0.5359 -0.8442
vn 0.9947 0.0445 -0.0931
vn 0.8409 -0.5348 -0.0821
vn 0.4569 0.5001 -0.7356
vn 0.6386 0.7560 0.1437
vn 0.5879 0.7895 0.1759
vn 0.8739 0.4320 0.2228
vn 0.0219 0.9653 0.2602
vn 0.0251 0.9648 0.2617
vn 0.0077 0.2969 -0.9549
vn 0.9791 -0.0668 -0.1920
vn -0.9814 -0.0159 -0.1915
vn -0.8512 0.4755 0.2221
vn 0.4761 0.1960 0.8573
vn 0.9048 -0.3645 -0.2202
vn 0.8516 -0.5239 -0.0187
vn 0.9896 -0.0857 -0.1151
vn 0.9970 -0.0767 -0.0084
vn -0.2139 -0.1678 0.9623
vn -0.2137 -0.1678 0.9624
vn 0.0016 -0.5837 0.8120
vn -0.0112 -0.5709 0.8209
vn -0.0188 -0.5707 0.8209
vn -0.0320 -0.5828 0.8120
vn 0.7676 0.6087 -0.2008
vn 0.7673 0.6088 -0.2014
vn 0.9995 -0.0324 -0.0050
vn 0.9996 -0.0262 0.0060
vn 0.6862 -0.6962 0.2109
vn 0.6892 -0.6922 0.2142
vn 0.0139 0.4768 0.8789
vn 0.0119 0.4719 0.8816
vn -0.7321 -0.6486 0.2082
vn -0.9998 0.0205 0.0081
vn -0.0077 -0.2682 -0.9633
vn -0.0078 -0.2682 -0.9633
vn -0.0116 -0.4220 -0.9065
vn -0.0132 -0.4186 -0.9081
vn -0.0165 -0.9607 0.2773
vn -0.0247 -0.9508 0.3089
vn 0.0081 0.1868 0.9824
vn -0.7370 0.6447 -0.2031
vn -0.7383 0.6442 -0.1998
vn -0.9998 0.0200 -0.0047
vn 0.0073 0.2726 0.9621
vn 0.0051 0.1806 0.9835
vn 0.0069 0.2724 0.9621
vn -0.0036 -0.1033 -0.9946
vn -0.0024 -0.1001 -0.9950
vn -0.7269 -0.6515 0.2173
vn -0.2138 -0.1678 0.9623
vn -0.2137 -0.1679 0.9624
vn 0.4233 0.0541 -0.9044
vn 0.9984 -0.0571 0.0004
vn 0.9963 -0.0750 0.0415
vn 0.0502 -0.1453 0.9881
vn -0.0180 -0.1620 0.9866
vn 0.9764 -0.0157 -0.2154
vn -0.0046 -0.1191 0.9929
vn -0.0152 -0.1253 0.9920
vn -0.0656 -0.1259 0.9899
vn -0.3066 -0.2243 0.9250
vn -0.0043 -0.1433 0.9897
vn -0.9993 -0.0294 0.0212
vn 0.0247 -0.9925 -0.1194
vn -0.0512 -0.9826 -0.1784
vn 0.9969 -0.0373 -0.0687
vn -0.5983 0.0153 -0.8011
vn -0.1098 0.0355 -0.9933
vn -0.0935 0.0301 -0.9952
vn 0.1228 0.0245 -0.9921
vn 0.1151 0.0278 -0.9930
vn 0.4833 -0.0097 -0.8754
vn 0.1831 0.0137 -0.9830
vn -0.0551 -0.9799 -0.1919
vn -0.0204 -0.9880 -0.1534
vn -0.9873 0.1115 -0.1130
vn -0.9973 0.0242 -0.0695
vn 0.0240 -0.9233 -0.3833
vn -0.0381 -0.9338 -0.3556
vn -0.0645 -0.9280 -0.3669
vn 0.9938 -0.0576 -0.0952
vn -0.1965 0.0219 -0.9803
vn -0.4120 0.0715 -0.9084
vn -0.9998 -0.0131 -0.0170
vn 0.9997 -0.0250 -0.0023
vn 0.9996 -0.0279 0.0009
vn 0.0101 0.3872 -0.9220
vn -0.0106 -0.4070 -0.9134
vn -0.0241 -0.9268 -0.3747
vn -0.0240 -0.9232 0.3835
vn -0.0101 -0.3860 0.9225
vn -0.0100 -0.3860 0.9225
vn -0.9996 0.0274 0.0003
vn -0.9997 0.0254 0.0003
vn -0.9997 0.0246 0.0017
vn 0.0106 0.4083 0.9128
vn 0.9996 -0.0292 -0.0020
vn 0.0241 0.9265 0.3756
vn 0.0241 0.9264 0.3756
vn 0.0240 0.9232 -0.3836
vn -0.9996 0.0263 -0.0043
vn -0.9997 0.0263 -0.0000
vn -0.9996 0.0265 -0.0006
vn 0.9997 -0.0253 0.0020
vn 0.9997 -0.0260 -0.0000
vn 0.9997 -0.0260 0.0006
vn 0.9864 -0.1329 0.0967
vn 0.9943 -0.0193 0.1051
vn 0.8813 0.0232 0.4721
vn 0.8526 0.0341 0.5214
vn 0.8524 0.0275 0.5222
vn 0.8397 -0.2672 0.4727
vn 0.8788 0.1841 0.4403
vn 0.0043 0.1683 -0.9857
vn -0.0174 -0.6896 -0.7240
vn -0.0175 -0.6894 -0.7242
vn -0.0026 -0.0707 -0.9975
vn 0.1000 -0.0585 -0.9933
vn -0.8500 0.0519 0.5242
vn -0.8169 0.0465 0.5748
vn -0.8500 0.0712 0.5219
vn -0.8528 -0.2213 0.4730
vn -0.8686 0.2260 0.4409
vn 0.1102 0.6951 -0.7104
vn 0.1406 0.7000 0.7001
vn 0.1234 0.6918 0.7114
vn 0.0859 -0.7048 0.7042
vn 0.0681 -0.7155 0.6952
vn 0.0905 -0.7107 -0.6977
vn 0.0686 -0.6986 -0.7122
vn 0.1399 0.7088 -0.6915
vn -0.0013 -0.0548 -0.9985
vn 0.8540 0.0240 0.5196
vn 0.8448 -0.0809 0.5289
vn 0.8272 -0.2899 0.4814
vn 0.8693 0.1947 0.4543
vn 0.0041 0.1595 -0.9872
vn -0.0169 -0.6657 -0.7460
vn -0.0170 -0.6655 -0.7462
vn -0.8477 -0.0379 0.5292
vn -0.8515 0.0465 0.5223
vn 0.0961 -0.0344 -0.9948
vn -0.8241 0.0366 0.5653
vn 0.8813 0.0323 0.4715
vn -0.8406 -0.2478 0.4816
vn -0.8586 0.2364 0.4550
vn 0.2760 0.3421 -0.8982
vn 0.2782 0.3463 -0.8960
vn 0.7800 0.5068 -0.3670
vn 0.7869 0.3444 -0.5120
vn 0.3963 0.8724 -0.2860
vn 0.1532 0.8350 -0.5284
vn 0.4050 0.8936 0.1934
vn 0.1514 0.8796 0.4509
vn 0.2698 0.4882 0.8300
vn 0.2618 0.4961 0.8279
vn 0.7146 0.5683 0.4079
vn 0.8218 0.4528 0.3457
vn 0.9479 0.3186 -0.0049
vn 0.9460 0.3240 -0.0126
vn 0.2274 0.9734 -0.0283
vn 0.2392 0.9708 -0.0171
vn 0.1165 0.0984 -0.9883
vn 0.2021 0.0385 -0.9786
vn 0.1896 -0.0385 -0.9811
vn 0.9716 -0.2365 0.0013
vn 0.9712 -0.2383 -0.0045
vn 0.2211 -0.0689 0.9728
vn 0.2329 -0.0669 0.9702
vn -0.9729 0.2312 -0.0039
vn -0.9728 0.2318 -0.0031
vn -0.0219 0.9997 0.0095
vn 0.0121 -0.0636 -0.9979
vn 0.0891 -0.1391 -0.9863
vn 0.1743 -0.0409 -0.9838
vn 0.2679 -0.9634 0.0088
vn 0.2683 -0.9633 0.0097
vn 0.0813 -0.1143 0.9901
vn 0.0129 -0.3206 0.9471
vn -0.0200 0.9998 0.0074
vn 0.1854 -0.9825 0.0154
vn 0.1937 -0.9810 0.0124
vn -0.2485 0.3895 0.8869
vn 0.1260 0.0171 0.9919
vn 0.2462 0.0733 0.9664
vn -0.1399 0.0308 -0.9897
vn -0.0415 0.9983 -0.0399
vn -0.0375 0.9985 -0.0390
vn 0.0685 0.9969 -0.0390
vn -0.0412 0.9958 -0.0812
vn 0.9628 -0.2701 -0.0059
vn 0.9377 -0.3473 0.0117
vn 0.9999 0.0158 -0.0058
vn 1.0000 0.0034 -0.0004
vn 0.9499 -0.0048 0.3125
vn -0.0534 0.9813 0.1850
vn -0.0534 0.9813 0.1849
vn -0.9920 -0.0282 -0.1230
vn -0.9920 -0.0283 -0.1230
vn 0.0427 -0.9896 -0.1375
vn 0.0427 -0.9896 -0.1374
vn 0.1661 0.6116 -0.7736
vn 0.1661 0.6115 -0.7736
vn 0.9933 0.0302 0.1118
vn 0.9933 0.0302 0.1117
vn 0.2191 -0.0513 -0.9743
vn 0.2191 -0.0514 -0.9743
vn -0.9462 0.0068 -0.3236
vn -0.9465 0.0065 -0.3225
vn 0.9782 -0.1795 -0.1043
vn 0.8875 0.2569 0.3826
vn 0.8691 0.4938 -0.0306
vn 0.6892 0.3123 0.6538
vn 0.9999 0.0036 -0.0099
vn 0.9960 -0.0668 -0.0594
vn 0.9932 -0.0798 -0.0852
vn 0.6880 0.3572 -0.6317
vn 0.9995 0.0313 0.0037
vn 0.9067 0.2395 0.3470
vn 0.6665 0.6649 -0.3371
vn 0.3717 0.3799 0.8471
vn 0.2573 0.3030 0.9176
vn -0.5774 -0.6248 0.5256
vn -0.6535 -0.6515 0.3854
vn -0.1317 -0.1406 -0.9813
vn -0.2132 -0.2790 -0.9363
vn 0.6719 0.7172 -0.1850
vn -0.6453 -0.5417 -0.5387
vn 0.2249 0.3364 -0.9145
vn -0.6572 0.7400 -0.1430
vn 0.6269 0.7394 0.2455
vn 0.6083 0.7933 0.0232
vn 0.2248 0.3364 -0.9145
vn 0.3851 0.1725 -0.9066
vn -0.1796 -0.3776 0.9084
vn 0.2854 0.2779 -0.9172
vn 0.2854 0.2780 -0.9172
vn 0.2853 0.2779 -0.9172
vn -0.2854 -0.2780 0.9172
vn -0.3438 -0.2177 0.9135
vn -0.7654 -0.6407 -0.0606
vn -0.7556 -0.6066 -0.2471
vn -0.7415 0.6591 0.1258
vn -0.7414 0.6591 0.1258
vn 0.5055 0.6767 0.5353
vn 0.4266 0.5625 0.7083
vn -0.3438 -0.2176 0.9135
vn -0.6573 0.7400 -0.1429
vn -0.5924 -0.4272 -0.6830
vn 0.6292 0.6551 -0.4183
vn -0.7054 0.7088 0.0012
vn -0.2965 -0.2641 -0.9178
vn 0.6287 0.6653 -0.4027
vn -0.2900 -0.2480 -0.9243
vn -0.6817 -0.6494 0.3371
vn -0.7216 -0.6427 0.2575
vn 0.2171 0.2264 0.9495
vn 0.1557 0.2049 0.9663
vn -0.7030 0.7112 -0.0066
vn -0.8509 0.5139 -0.1091
vn -0.5165 0.8508 0.0971
vn -0.2711 -0.3013 0.9142
vn -0.2850 -0.2877 0.9144
vn -0.2994 -0.2639 0.9169
vn 0.2809 0.2824 -0.9172
vn -0.2846 -0.2787 0.9172
vn -0.4113 -0.1426 0.9003
vn -0.4112 -0.1428 0.9003
vn 0.2961 0.2673 -0.9170
vn 0.3194 0.2434 -0.9158
vn 0.3192 0.2435 -0.9158
vn 0.2810 0.2824 -0.9172
vn 0.0001 -0.5221 0.8529
vn 0.0001 -0.5220 0.8529
vn 0.7089 -0.7053 0.0025
vn 0.7089 -0.7053 0.0026
vn 0.2960 0.2673 -0.9170
vn 0.3327 0.2295 -0.9147
vn -0.5451 0.7590 -0.3561
vn 0.6429 0.6944 0.3233
vn 0.6374 0.6324 0.4402
vn -0.7271 0.6837 0.0621
vn -0.5451 0.7590 -0.3562
vn -0.6465 -0.5998 -0.4716
vn -0.6541 -0.6408 -0.4019
vn -0.4878 -0.7824 -0.3872
vn -0.5674 -0.7613 -0.3138
vn 0.4008 0.1577 -0.9025
vn 0.4008 0.1507 -0.9037
vn 0.3253 0.2316 -0.9168
vn 0.6431 0.6556 0.3958
vn 0.6171 0.6810 0.3943
vn -0.3149 -0.2481 0.9161
vn -0.3131 -0.2562 0.9145
vn -0.6929 -0.6295 -0.3516
vn -0.2928 -0.2763 0.9154
vn -0.2954 -0.2568 0.9202
vn 0.0941 -0.5696 0.8165
vn 0.1317 -0.6092 0.7820
vn -0.7633 -0.5035 -0.4048
vn -0.6304 -0.6563 -0.4145
vn -0.6500 -0.6472 -0.3983
vn 0.2911 0.2732 -0.9168
vn 0.3338 0.2553 -0.9074
vn 0.6245 0.6791 0.3858
vn 0.5684 0.7267 0.3858
vn 0.6454 0.6352 0.4242
vn 0.6245 0.6720 0.3980
vn -0.2408 -0.2924 0.9255
vn -0.2351 -0.2915 0.9273
vn -0.4356 -0.8149 -0.3824
vn 0.3328 0.2597 -0.9065
vn -0.2984 -0.2649 0.9169
vn 0.9851 0.0870 -0.1484
vn 0.9837 0.0951 -0.1525
vn 0.9835 0.1070 -0.1461
vn 0.9696 0.1888 -0.1560
vn 0.9503 0.2483 -0.1881
vn -0.0503 -0.1460 -0.9880
vn 0.0016 -0.4529 -0.8916
vn -0.0031 -0.4526 -0.8917
vn 0.0328 -0.6411 -0.7668
vn 0.0358 -0.6411 -0.7666
vn 0.9848 0.1127 -0.1321
vn -0.9636 -0.2574 -0.0724
vn -0.9771 -0.2102 0.0340
vn -0.9837 -0.1559 0.0893
vn 0.0062 0.4385 0.8987
vn -0.0078 0.4326 0.9016
vn -0.0164 0.4730 0.8809
vn -0.2268 0.4425 0.8676
vn -0.2422 0.4416 0.8639
vn -0.1697 0.9727 -0.1581
vn 0.8056 0.5925 -0.0036
vn 0.8993 -0.1135 -0.4224
vn -0.9710 -0.2213 -0.0906
vn -0.9691 -0.2240 -0.1029
vn -0.9887 -0.0818 -0.1254
vn -0.9720 -0.1650 -0.1674
vn -0.9901 -0.0388 0.1350
vn -0.9449 -0.3113 0.1017
vn 0.0256 0.8147 0.5793
vn 0.0673 0.5126 0.8560
vn -0.0560 0.7276 0.6837
vn -0.0452 -0.1509 -0.9875
vn 0.7323 -0.2760 -0.6226
vn -0.9420 -0.2972 0.1557
vn -0.7841 -0.5980 0.1659
vn -0.9854 -0.1570 -0.0662
vn -0.9861 -0.1589 -0.0479
vn 0.1207 -0.2996 0.9464
vn 0.1211 -0.2995 0.9464
vn -0.8237 -0.2547 0.5066
vn -0.9891 0.0234 0.1450
vn -0.9229 0.1164 -0.3671
vn -0.9101 -0.0441 -0.4121
vn -0.9699 -0.2355 0.0612
vn -0.1004 0.1215 -0.9875
vn -0.1001 0.1216 -0.9875
vn 0.8084 0.1887 -0.5575
vn 0.7850 0.3505 -0.5109
vn -0.1407 0.4997 -0.8547
vn -0.1402 0.4999 -0.8547
vn 0.9567 0.2904 -0.0195
vn 0.9321 -0.0169 0.3619
vn 0.9938 0.0310 -0.1065
vn -0.0109 -0.9642 0.2648
vn 0.9063 0.4204 -0.0437
vn 0.0871 0.9632 0.2542
vn -0.0081 0.9731 0.2302
vn 0.0420 0.7446 0.6662
vn -0.9959 -0.0415 0.0810
vn -0.9883 0.0689 0.1364
vn -0.9692 0.2338 -0.0767
vn 0.0444 -0.9659 0.2551
vn 0.0486 -0.9521 0.3021
vn -0.9279 0.3545 0.1157
vn 0.0439 -0.9658 0.2556
vn -0.0903 -0.1500 -0.9846
vn -0.0911 -0.1504 -0.9844
vn 0.9888 0.1375 -0.0582
vn 0.9930 0.0290 -0.1141
vn -0.0603 0.9601 -0.2732
vn 0.0394 0.7436 0.6675
vn 0.9206 0.2936 -0.2576
vn 0.9006 -0.4288 -0.0716
vn 0.9006 -0.4287 -0.0719
vn 0.9353 -0.3377 0.1054
vn -0.1984 -0.3337 -0.9216
vn -0.0348 -0.3636 -0.9309
vn -0.8976 0.4337 0.0794
vn -0.8651 0.4417 0.2377
vn 0.2398 0.2995 0.9235
vn 0.3633 0.2074 0.9083
vn 0.9077 -0.4185 -0.0310
vn 0.8740 -0.4550 -0.1704
vn -0.2084 -0.2290 -0.9509
vn -0.2945 -0.2184 -0.9304
vn -0.8930 0.4497 0.0186
vn -0.8926 0.4492 0.0382
vn 0.1607 0.3384 0.9272
vn 0.1729 0.3256 0.9296
vn 0.9003 -0.4175 -0.1234
vn 0.3896 0.8553 -0.3415
vn 0.3834 0.8561 -0.3464
vn 0.5147 -0.4580 -0.7248
vn 0.3866 0.8211 -0.4200
vn 0.4599 0.7623 -0.4555
vn 0.5173 -0.4721 -0.7138
vn 0.5055 -0.5001 -0.7032
vn 0.5072 -0.5041 -0.6990
vn 0.2209 -0.8962 -0.3847
vn 0.2540 -0.8540 -0.4542
vn 0.5023 -0.4925 -0.7107
vn 0.4992 -0.5460 -0.6728
vn 0.4948 -0.5497 -0.6730
vn -0.7102 0.0057 -0.7040
vn -0.7135 0.0059 -0.7007
vn 0.5544 -0.5258 -0.6452
vn 0.5859 -0.4976 -0.6396
vn 0.4051 0.8655 -0.2947
vn 0.5290 0.8115 -0.2483
vn -0.2162 -0.0657 -0.9741
vn 0.9565 -0.2413 -0.1639
vn 0.9266 -0.3759 -0.0107
vn 0.9267 -0.3756 -0.0116
vn 0.8321 -0.5535 -0.0357
vn -0.3189 -0.4708 -0.8226
vn -0.3401 -0.3511 -0.8724
vn -0.2835 -0.8604 0.4236
vn -0.2778 -0.8615 0.4249
vn -0.2112 -0.1949 -0.9578
vn 0.4895 -0.4927 -0.7195
vn 0.4895 -0.4928 -0.7194
vn 0.9965 -0.0792 -0.0271
vn 0.9965 -0.0791 -0.0271
vn 0.9965 -0.0791 -0.0270
vn 0.3162 -0.7915 -0.5230
vn 0.5575 -0.3413 -0.7568
vn 0.5575 -0.3416 -0.7566
vn 0.4949 -0.5093 -0.7040
vn 0.4949 -0.5092 -0.7041
vn -0.5011 0.4953 0.7096
vn -0.3846 -0.8536 0.3512
vn -0.3846 -0.8537 0.3512
vn 0.3162 -0.7916 -0.5229
vn 0.7970 -0.0077 0.6039
vn -0.4929 0.5137 0.7022
vn -0.5133 0.4663 0.7205
vn -0.5132 0.4665 0.7204
vn -0.5010 0.4954 0.7096
vn -0.4953 0.5084 0.7044
vn -0.4954 0.5083 0.7044
vn 0.4954 -0.5083 -0.7045
vn 0.4953 -0.5084 -0.7044
vn 0.4953 -0.5083 -0.7045
vn -0.1562 0.3370 0.9284
vn 0.2085 0.0847 0.9744
vn 0.6020 -0.3967 -0.6930
vn 0.7887 0.5772 0.2116
vn -0.3677 -0.9000 0.2342
vn -0.3678 -0.8998 0.2345
vn 0.8655 0.2439 0.4375
vn 0.8655 0.2440 0.4376
vn 0.2983 0.9108 -0.2854
vn 0.5270 -0.4236 -0.7368
vn 0.5737 -0.3398 -0.7452
vn 0.5304 -0.2855 -0.7983
vn 0.5176 -0.2855 -0.8066
vn 0.2796 0.9125 -0.2985
vn -0.8254 0.0433 -0.5629
vn -0.8254 0.0432 -0.5629
vn 0.4995 -0.3140 -0.8074
vn 0.5966 0.3099 -0.7403
vn -0.9156 0.2039 -0.3466
vn 0.5009 -0.4039 -0.7655
vn 0.4867 0.6633 -0.5685
vn -0.0970 -0.9948 -0.0299
vn 0.1536 -0.8866 -0.4362
vn 0.4124 -0.5196 -0.7482
vn -0.7634 0.2106 -0.6106
vn -0.3327 -0.9063 0.2605
vn -0.3046 -0.9101 0.2809
vn 0.6596 -0.3945 0.6398
vn 0.6595 -0.3816 0.6476
vn 0.3222 0.9018 -0.2881
vn 0.3181 0.9084 -0.2712
vn 0.5453 -0.3993 -0.7370
vn 0.5016 -0.4628 -0.7309
vn 0.6156 -0.6006 -0.5102
vn 0.4050 -0.5623 -0.7209
vn -0.3919 0.4048 0.8261
vn -0.3275 0.1600 0.9312
vn -0.4841 0.3276 0.8114
vn -0.4775 0.4077 0.7784
vn -0.5851 0.2326 0.7769
vn -0.5691 0.2691 0.7770
vn -0.7669 0.1750 -0.6175
vn -0.1249 -0.9590 0.2544
vn -0.3193 -0.9083 0.2703
vn -0.5626 0.4102 0.7178
vn -0.6396 -0.0187 -0.7685
vn -0.6391 -0.0188 -0.7689
vn -0.5763 -0.3162 0.7536
vn -0.5746 -0.3396 0.7447
vn 0.7585 -0.4900 -0.4297
vn 0.9407 -0.3348 -0.0537
vn 0.1498 0.9870 0.0577
vn -0.4844 0.5158 0.7066
vn -0.4634 0.5159 0.7205
vn -0.4385 0.4837 0.7574
vn -0.4561 0.3881 0.8008
vn 0.7155 0.6909 0.1036
vn 0.7155 0.6909 0.1037
vn -0.4864 0.4894 0.7238
vn -0.1614 0.9123 0.3765
vn -0.5009 0.4038 0.7655
vn 0.2967 0.9110 -0.2866
vn 0.4411 -0.3796 -0.8132
vn -0.9575 0.2239 -0.1818
vn 0.4208 -0.3928 -0.8177
vn 0.3352 0.3673 -0.8676
vn 0.3358 0.3669 -0.8675
vn -0.9376 0.1798 -0.2975
vn -0.9399 0.1803 -0.2899
vn -0.3335 -0.2625 0.9055
vn -0.3342 -0.2620 0.9054
vn 0.9413 -0.0816 0.3276
vn 0.0221 0.9447 0.3271
vn 0.0222 0.9446 0.3274
vn 0.9439 -0.0822 0.3199
vn 0.1296 -0.9152 -0.3816
vn 0.9300 -0.0213 0.3669
vn 0.9665 -0.1974 0.1637
vn -0.1728 0.8559 0.4875
vn 0.3414 0.4234 -0.8392
vn 0.3415 0.4233 -0.8392
vn -0.8751 -0.1885 -0.4457
vn -0.3619 -0.2467 0.8990
vn -0.3610 -0.2491 0.8987
vn -0.1739 0.8554 0.4880
vn -0.8968 0.0580 -0.4385
vn 0.3516 0.3535 -0.8668
vn 0.3508 0.3494 -0.8688
vn 0.1128 0.8871 0.4476
vn 0.9908 -0.0215 -0.1339
vn 0.9869 -0.0323 -0.1579
vn 0.9429 -0.2772 -0.1848
vn 0.8422 -0.5334 -0.0786
vn 0.9944 -0.1037 -0.0213
vn 0.9878 -0.1200 -0.0996
vn 0.9715 -0.1026 -0.2139
vn 0.9762 -0.0592 -0.2089
vn 0.9728 -0.0616 -0.2234
vn 0.9772 0.1797 -0.1128
vn 0.9923 0.0520 -0.1125
vn 0.0056 0.4160 -0.9093
vn -0.0234 0.1094 -0.9937
vn -0.0182 0.1077 -0.9940
vn -0.0369 -0.1204 -0.9920
vn -0.0397 -0.1195 -0.9920
vn 0.0015 0.4224 -0.9064
vn 0.9926 0.1158 -0.0378
vn 0.9781 -0.2083 0.0027
vn -0.9516 0.3048 0.0408
vn -0.9091 0.0522 -0.4132
vn -0.7784 0.0633 -0.6246
vn -0.2410 0.5020 0.8306
vn -0.2441 0.5082 0.8259
vn -0.1100 0.8860 0.4505
vn -0.3519 0.9143 0.2007
vn -0.3553 0.8918 -0.2801
vn -0.1051 0.8422 -0.5289
vn -0.2593 0.3556 -0.8979
vn -0.2518 0.3628 -0.8972
vn -0.7014 0.5368 -0.4688
vn -0.8170 0.4293 -0.3851
vn -0.7478 0.4749 0.4639
vn -0.7365 0.5980 0.3160
vn 0.0632 -0.9714 -0.2290
vn 0.9995 0.0283 0.0172
vn 0.9766 0.1124 0.1834
vn -0.0787 0.9742 0.2116
vn -0.9232 -0.0957 0.3721
vn 0.2742 0.7465 -0.6062
vn -0.0018 -0.7317 0.6816
vn -0.5260 0.2843 -0.8015
vn 0.0709 0.3713 -0.9258
vn -0.2691 0.8939 0.3586
vn -0.9418 0.0059 -0.3362
vn 0.1542 0.4195 -0.8946
vn -0.0360 -0.8939 -0.4468
vn 0.1009 -0.9451 -0.3107
vn 0.0955 -0.9468 -0.3073
vn 0.3028 -0.9007 -0.3116
vn 0.5187 0.3714 -0.7701
vn 0.5783 0.4021 -0.7099
vn 0.0048 0.8845 0.4665
vn -0.1701 0.8601 0.4809
vn -0.1765 0.8689 0.4624
vn -0.3415 -0.4233 0.8392
vn -0.9418 0.0060 -0.3362
vn -0.3414 -0.4234 0.8392
vn 0.9163 -0.0374 0.3987
vn 0.9164 -0.0374 0.3986
vn -0.4301 0.5234 -0.7356
vn -0.8696 -0.4861 -0.0870
vn -0.9910 0.0963 -0.0930
vn -0.9996 -0.0257 -0.0089
vn -0.9928 -0.0352 -0.1145
vn -0.9238 -0.3157 -0.2164
vn -0.4732 0.2172 0.8538
vn -0.5442 0.8201 0.1767
vn -0.5982 0.7884 0.1436
vn -0.8805 -0.4738 -0.0181
vn -0.0857 0.7049 -0.7041
vn -0.0858 0.7048 -0.7042
vn -0.1222 -0.7020 -0.7016
vn -0.1226 -0.7017 -0.7018
vn -0.1222 -0.6995 0.7041
vn -0.1224 -0.6994 0.7042
vn -0.0855 0.7074 0.7016
vn -0.0859 0.7071 0.7018
vn 0.0688 0.9976 0.0048
vn -0.0321 -0.3158 -0.9483
vn -0.1045 -0.0538 -0.9931
vn -0.3163 -0.9486 0.0040
vn -0.3149 -0.9491 0.0075
vn -0.0977 -0.1894 0.9770
vn -0.2105 -0.0417 0.9767
vn -0.9828 -0.1845 0.0092
vn -0.9836 -0.1804 -0.0042
vn -0.9272 0.3746 -0.0039
vn -0.1999 0.0473 -0.9787
vn 0.2011 0.2859 -0.9369
vn -0.0956 0.0142 -0.9953
vn -0.1885 0.9816 -0.0301
vn -0.9311 0.3643 -0.0180
vn -0.2419 0.0886 0.9662
vn -0.2261 -0.0538 0.9726
vn 0.9829 0.1840 0.0013
vn 0.9836 0.1801 0.0074
vn -0.1907 -0.0336 -0.9811
vn -0.2292 -0.0632 -0.9713
vn -0.2277 -0.9737 -0.0001
vn 0.2085 0.0357 0.9774
vn -0.1449 0.1492 0.9781
vn -0.1808 0.9833 -0.0225
vn -0.2496 -0.9683 0.0081
vn 0.0747 0.9972 -0.0017
vn -0.0154 -0.1168 0.9930
vn 0.0005 -0.8872 0.4613
vn 0.0138 -0.8838 0.4677
vn 0.0329 -0.0861 0.9957
vn 0.0287 -0.0820 0.9962
vn -0.0329 -0.0803 0.9962
vn -0.0375 -0.0844 0.9957
vn -0.9987 0.0390 0.0335
vn -0.0599 -0.8818 0.4677
vn -0.0467 -0.8860 0.4613
vn -0.9825 -0.0845 0.1663
vn 0.0968 -0.9790 -0.1797
vn 0.9664 -0.1479 0.2101
vn 0.8858 -0.1900 0.4234
vn 0.9273 0.0139 0.3740
vn -0.2280 0.6145 0.7552
vn -0.2279 0.6147 0.7552
vn -0.9887 -0.0839 -0.1246
vn -0.9571 -0.2842 -0.0561
vn -0.9252 -0.2428 -0.2917
vn -0.9358 -0.2155 -0.2789
vn -0.5070 -0.8223 -0.2583
vn -0.1632 -0.9569 -0.2404
vn -0.9666 -0.0493 -0.2516
vn -0.9666 -0.0492 -0.2516
vn -0.6539 0.7566 -0.0054
vn -0.2205 0.9492 0.2246
vn -0.9689 0.1039 -0.2247
vn -0.9743 0.0610 -0.2166
vn -0.0954 0.9801 0.1743
vn -0.2152 0.6893 0.6918
vn -0.9732 0.1006 -0.2068
vn -0.9790 0.0769 -0.1890
vn -0.9791 -0.0698 -0.1911
vn 0.1141 -0.9614 -0.2503
vn 0.1142 -0.9614 -0.2503
vn 0.9311 0.1383 0.3377
vn 0.9580 0.0239 0.2858
vn -0.0939 0.9812 0.1686
vn -0.0940 0.9812 0.1686
vn -0.2563 0.1744 0.9507
vn -0.2562 0.1743 0.9508
vn 0.9362 0.1980 0.2902
vn 0.9366 0.1983 0.2887
vn 0.9508 0.1631 0.2634
vn 0.4849 0.8034 0.3457
vn -0.0388 0.9801 0.1948
vn 0.9666 0.0494 0.2516
vn 0.9666 0.0493 0.2516
vn 0.6540 -0.7565 0.0054
vn 0.3367 -0.9401 -0.0535
vn 0.9716 -0.1160 0.2062
vn -0.9667 -0.1365 -0.2165
vn -0.9741 -0.0357 -0.2233
vn 0.0958 -0.9797 -0.1760
vn 0.9642 -0.0177 0.2647
vn 0.9519 0.0487 0.3025
vn -0.0997 0.9763 0.1918
vn -0.1914 -0.5138 0.8363
vn 0.7753 0.4373 -0.4557
vn 0.4099 0.9065 0.1011
vn 0.6290 0.6505 0.4258
vn 0.3887 0.6398 -0.6630
vn 0.6574 0.2531 -0.7098
vn 0.1957 0.7788 0.5960
vn 0.4391 0.2318 0.8680
vn 0.8541 0.3948 0.3386
vn 0.4390 0.2318 0.8681
vn 0.7473 -0.4670 0.4727
vn 0.9182 -0.3956 -0.0228
vn 0.7879 -0.3727 -0.4902
vn 0.2821 -0.7102 -0.6450
vn 0.5453 0.0059 -0.8382
vn -0.6152 0.4431 -0.6521
vn -0.6917 -0.6167 -0.3757
vn -0.5739 0.7993 -0.1783
vn -0.6640 -0.1434 -0.7338
vn 0.6409 0.3434 -0.6865
vn 0.6822 0.6996 -0.2126
vn 0.6918 0.6167 0.3757
vn -0.5644 0.7165 0.4101
vn -0.5921 0.2432 0.7683
vn -0.6409 -0.3434 0.6865
vn -0.6821 -0.6996 0.2126
vn 0.5643 -0.7165 -0.4100
vn 0.5740 -0.7992 0.1784
vn 0.6152 -0.4431 0.6521
vn 0.6640 0.1435 0.7338
vn 0.5922 -0.2431 -0.7683
vn 0.6636 -0.4841 -0.5704
vn 0.6736 0.1252 0.7284
vn 0.7357 -0.4296 0.5236
vn 0.5816 0.6573 0.4792
vn 0.5137 0.8545 -0.0776
vn 0.5097 0.6014 -0.6152
vn 0.5718 0.0471 -0.8191
vn -0.6736 -0.1252 -0.7284
vn -0.5816 -0.6574 -0.4792
vn -0.5136 -0.8545 0.0776
vn 0.7315 -0.6817 -0.0145
vn -0.5096 -0.6014 0.6152
vn -0.5718 -0.0472 0.8191
vn -0.6636 0.4840 0.5704
vn -0.7315 0.6817 0.0146
vn -0.7357 0.4296 -0.5236
vn 0.4082 0.7009 -0.5849
vn -0.0707 0.2180 0.9734
vn 0.4163 0.8645 -0.2817
vn 0.0638 0.5212 0.8510
vn -0.7071 -0.4247 0.5653
vn -0.2401 0.0448 -0.9697
vn -0.8661 -0.4156 0.2777
vn -0.5137 -0.0722 -0.8549
vn 0.8537 0.4322 -0.2905
vn 0.4939 0.0818 0.8657
vn -0.0733 -0.5016 -0.8620
vn 0.1357 -0.8753 0.4641
vn -0.4331 -0.8520 0.2943
vn 0.4956 -0.5249 -0.6920
vn 0.5197 -0.4885 0.7009
vn 0.8795 -0.1381 -0.4554
vn -0.0331 0.8912 -0.4524
vn -0.7221 0.3410 0.6019
vn -0.4070 0.5238 0.7483
vn -0.8976 0.0403 0.4389
vn -0.5226 0.3983 -0.7538
vn -0.8769 -0.3465 0.3331
vn -0.5083 0.0201 -0.8610
vn -0.5607 -0.7785 0.2819
vn -0.3174 -0.2623 -0.9113
vn 0.3399 0.8772 -0.3391
vn -0.0254 0.5111 0.8592
vn 0.6392 0.6971 -0.3247
vn 0.4178 0.2034 0.8855
vn -0.1014 -0.5172 -0.8499
vn -0.3332 -0.6824 0.6506
vn 0.2881 -0.6357 -0.7161
vn 0.8563 0.4467 -0.2593
vn 0.1837 -0.1615 0.9696
vn 0.9510 0.0319 -0.3076
vn 0.7360 -0.1556 0.6589
vn -0.0868 -0.9846 0.1516
vn 0.6635 -0.4843 -0.5703
vn 0.6738 0.1254 0.7282
vn 0.7358 -0.4292 0.5239
vn 0.5818 0.6571 0.4793
vn 0.5138 0.8544 -0.0772
vn 0.5096 0.6018 -0.6150
vn 0.5716 0.0473 -0.8192
vn -0.6738 -0.1254 -0.7282
vn -0.5818 -0.6571 -0.4793
vn -0.5138 -0.8545 0.0772
vn 0.7315 -0.6817 -0.0140
vn -0.5095 -0.6018 0.6150
vn -0.5716 -0.0473 0.8192
vn -0.6635 0.4843 0.5703
vn -0.7315 0.6817 0.0140
vn -0.7357 0.4292 -0.5239
vn -0.1940 -0.9054 -0.3777
vn 0.7513 -0.6502 0.1129
vn 0.2695 -0.9630 -0.0103
vn -0.3609 -0.5051 -0.7840
vn -0.1428 0.0278 -0.9894
vn -0.9873 0.1278 0.0940
vn -0.8188 -0.2748 0.5041
vn -0.3515 -0.3355 0.8740
vn 0.1471 -0.0221 0.9889
vn 0.4233 0.4990 0.7562
vn 0.0518 0.5901 0.8057
vn 0.9946 -0.0873 -0.0563
vn 0.8923 -0.2549 -0.3725
vn 0.0916 -0.1697 -0.9812
vn 0.9371 0.1236 -0.3265
vn 0.1308 0.2239 -0.9658
vn -0.1093 0.5859 -0.8030
vn -0.3247 -0.3386 -0.8831
vn 0.8892 0.4573 -0.0141
vn 0.9392 -0.3338 0.0810
vn -0.7437 0.6548 -0.1350
vn -0.7357 0.6441 0.2098
vn -0.4851 0.8719 -0.0673
vn 0.3000 0.7762 0.5546
vn 0.3632 0.2396 0.9004
vn 0.6754 0.6838 0.2761
vn -0.3093 0.8061 -0.5046
vn -0.9553 0.2953 0.0142
vn 0.0287 -0.6234 -0.7814
vn -0.5228 -0.7041 -0.4806
vn -0.9267 -0.2194 0.3049
vn -0.3339 -0.3847 -0.8605
vn -0.8930 0.4501 0.0041
vn -0.0479 0.0512 -0.9975
vn -0.9886 0.1336 0.0699
vn 0.6529 -0.7011 -0.2868
vn 0.1668 -0.0107 0.9859
vn -0.1269 -0.3189 0.9392
vn 0.8454 -0.5289 0.0747
vn 0.2604 0.3087 0.9148
vn 0.3365 0.5913 0.7329
vn -0.6884 0.7210 -0.0790
vn 0.2792 0.2656 -0.9228
vn -0.3680 0.9298 -0.0025
vn 0.2224 0.8565 0.4657
vn 0.9808 -0.0774 -0.1791
vn 0.8698 0.1922 -0.4544
vn -0.0338 0.9799 0.1964
vn 0.6132 0.3159 -0.7240
vn 0.6407 0.3437 -0.6866
vn 0.6820 0.6998 -0.2122
vn 0.5919 -0.2434 -0.7684
vn -0.6154 0.4429 -0.6521
vn -0.6641 -0.1431 -0.7338
vn -0.6918 -0.6164 -0.3762
vn 0.5643 -0.7168 -0.4096
vn 0.5741 -0.7991 0.1788
vn 0.6154 -0.4428 0.6521
vn 0.6641 0.1432 0.7338
vn 0.6919 0.6165 0.3758
vn -0.5740 0.7991 -0.1788
vn -0.5642 0.7168 0.4097
vn -0.5919 0.2434 0.7684
vn -0.6407 -0.3437 0.6866
vn -0.6821 -0.6998 0.2121
vn 0.8034 -0.5270 -0.2770
vn 0.8880 0.4133 0.2014
vn 0.7367 -0.5507 -0.3925
vn 0.9028 0.4290 -0.0290
vn 0.4885 0.8725 0.0109
vn 0.4425 0.6743 -0.5912
vn 0.8815 0.3126 -0.3539
vn 0.8745 -0.4251 0.2335
vn 0.0306 -0.7403 0.6716
vn -0.0280 -0.9460 -0.3229
vn -0.0159 -0.7987 -0.6015
vn 0.7904 -0.5534 -0.2626
vn 0.7845 0.3945 0.4784
vn 0.8225 0.4252 0.3778
vn 0.4714 0.7763 0.4185
vn 0.0301 0.9995 0.0017
vn -0.0027 0.7397 -0.6729
vn 0.0056 0.2600 -0.9656
vn 0.3023 0.2512 -0.9195
vn 0.8085 0.2080 -0.5506
vn -0.3903 0.7296 -0.5616
vn -0.2561 0.2783 -0.9257
vn -0.8105 0.1946 -0.5524
vn -0.8664 0.3975 -0.3023
vn -0.9043 -0.3687 0.2150
vn -0.8770 0.4769 -0.0585
vn -0.8246 -0.4914 -0.2802
vn -0.7524 -0.5099 -0.4169
vn -0.0163 -0.8175 -0.5757
vn -0.8086 -0.5335 -0.2480
vn -0.5914 -0.7783 0.2109
vn -0.0252 -0.9835 0.1789
vn 0.5550 -0.8039 0.2139
vn 0.5337 -0.0124 0.8456
vn 0.0043 0.1715 0.9852
vn 0.0191 0.7057 0.7082
vn -0.7587 0.4262 0.4927
vn -0.8059 0.4644 0.3674
vn 0.0175 0.7649 0.6439
vn 0.0499 0.8685 0.4932
vn -0.4457 0.7886 0.4235
vn -0.4459 0.8951 -0.0058
vn -0.8956 0.4128 0.1657
vn -0.5393 0.0124 0.8420
vn -0.0834 -0.7317 0.6765
vn -0.0072 -0.5674 0.8234
vn -0.6359 -0.3015 0.7105
vn -0.8597 -0.2946 0.4173
vn -0.0106 -0.4283 0.9036
vn 0.6196 -0.3360 0.7094
vn 0.8399 -0.3366 0.4258
vn -0.0154 -0.7743 0.6326
vn -0.6516 -0.5109 0.5607
vn -0.5729 -0.6592 -0.4870
vn -0.0254 -0.7970 -0.6034
vn -0.9179 -0.0666 0.3912
vn -0.4022 -0.9102 0.0983
vn 0.5365 -0.6917 -0.4834
vn 0.9576 -0.1113 0.2656
vn -0.0305 -0.6338 0.7729
vn -0.0618 -0.6363 0.7689
vn -0.5515 -0.7800 0.2958
vn -0.1902 -0.1900 0.9632
vn -0.4732 -0.0516 0.8795
vn -0.4896 0.7306 0.4759
vn -0.4824 0.6165 0.6223
vn -0.2459 0.3522 -0.9031
vn -0.7591 0.2579 -0.5977
vn -0.7651 0.3715 0.5260
vn 0.0146 0.8617 0.5072
vn 0.0040 0.6201 0.7845
vn 0.5199 0.7117 0.4724
vn 0.0205 0.9229 0.3845
vn -0.6028 0.7371 0.3056
vn -0.6122 0.7101 -0.3477
vn 0.0132 0.5059 -0.8625
vn 0.0233 0.8948 -0.4458
vn 0.6505 0.6760 -0.3463
vn 0.7737 0.2174 -0.5950
vn 0.0046 0.1796 -0.9837
vn 0.2644 0.3303 -0.9061
vn -0.0011 -0.0463 -0.9989
vn 0.2107 -0.0777 -0.9745
vn 0.5620 -0.1519 -0.8131
vn 0.5037 0.5882 -0.6327
vn 0.9226 -0.1584 -0.3518
vn 0.7288 0.6582 -0.1888
vn 0.7300 0.6684 0.1422
vn 0.9177 -0.1329 0.3745
vn 0.5028 0.5902 0.6315
vn 0.4510 -0.0916 0.8878
vn 0.3945 -0.1881 0.8994
vn 0.8713 -0.2842 0.4000
vn 0.4910 -0.8180 0.2998
vn 0.0356 -0.6606 0.7499
vn -0.0245 -0.9760 -0.2164
vn -0.0212 -0.8061 -0.5914
vn -0.5480 -0.6634 -0.5096
vn -0.8872 -0.2549 0.3845
vn -0.9194 -0.0683 0.3874
vn -0.9268 -0.0941 -0.3637
vn -0.8509 -0.3247 -0.4129
vn -0.5815 -0.1156 -0.8053
vn -0.7023 0.6819 -0.2046
vn -0.4889 0.6176 -0.6161
vn -0.2101 -0.0727 -0.9750
vn -0.7010 0.6954 0.1578
vn -0.0112 -0.4324 -0.9016
vn 0.1852 -0.4141 -0.8912
vn 0.8346 -0.3490 -0.4263
vn 0.4684 -0.7050 -0.5326
vn -0.2071 -0.4049 -0.8906
vn 0.6450 0.7031 0.2992
vn 0.7951 0.3181 0.5163
vn -0.0855 0.7979 0.5967
vn -0.3371 0.9382 0.0786
vn -0.6691 0.6459 0.3676
vn -0.6631 0.6982 -0.2699
vn -0.2349 0.7400 -0.6302
vn -0.5406 -0.1442 -0.8288
vn -0.3904 0.6204 -0.6803
vn -0.4185 -0.5881 -0.6921
vn -0.7226 -0.4850 -0.4926
vn -0.9396 -0.3385 -0.0512
vn -0.7054 -0.6035 0.3716
vn -0.3267 0.2111 0.9213
vn -0.7658 0.0075 0.6431
vn -0.9975 0.0679 -0.0215
vn 0.6120 -0.5434 0.5747
vn 0.1435 0.1196 -0.9824
vn 0.2259 -0.2333 -0.9458
vn 0.1689 0.4735 -0.8645
vn 0.1918 0.4713 -0.8609
vn 0.1920 0.4711 -0.8609
vn 0.1504 0.5210 -0.8402
vn -0.0500 0.9940 0.0973
vn -0.9767 0.0056 -0.2147
vn -0.9767 0.0056 -0.2146
vn -0.9766 0.0056 -0.2148
vn 0.0817 0.4058 -0.9103
vn 0.1451 -0.8288 -0.5404
vn -0.8098 0.5394 -0.2308
vn 0.2081 -0.2216 -0.9527
vn 0.8027 0.5474 0.2366
vn -0.6281 -0.7165 -0.3035
vn -0.1178 0.8221 0.5570
vn 0.1179 -0.8221 -0.5570
vn -0.8097 0.5394 -0.2311
vn 0.6526 -0.7427 0.1502
vn 0.0877 0.9235 -0.3735
vn -0.0872 -0.9235 0.3735
vn -0.2050 0.2750 0.9393
vn -0.2274 0.2775 0.9334
vn -0.2160 -0.0922 0.9720
vn -0.2669 -0.3809 0.8853
vn -0.8219 0.5568 -0.1205
vn -0.2006 0.3321 0.9217
vn -0.0173 0.9944 0.1046
vn 0.1858 0.5232 -0.8317
vn -0.2363 0.3298 0.9140
vn -0.3225 0.2059 0.9239
vn -0.0998 -0.8667 0.4888
vn 0.0963 -0.9355 0.3401
vn 0.6532 -0.7422 0.1501
vn -0.8218 0.5569 -0.1204
vn -0.1969 -0.4220 0.8849
vn -0.1970 -0.4219 0.8850
vn 0.7917 0.5071 0.3406
vn -0.2047 0.2747 0.9395
vn 0.2882 -0.7343 -0.6146
vn 0.9748 0.0407 0.2193
vn 0.9748 0.0408 0.2193
vn 0.2130 0.1521 -0.9651
vn -0.9764 0.0520 -0.2095
vn -0.9764 0.0520 -0.2096
vn -0.2146 -0.0594 0.9749
vn 0.1172 0.7788 -0.6162
vn 0.1853 -0.6269 -0.7568
vn 0.1798 -0.6294 -0.7560
vn -0.1230 -0.7769 0.6175
vn -0.1172 -0.7788 0.6162
vn -0.1853 0.6269 0.7568
vn -0.1798 0.6294 0.7560
vn 0.1230 0.7769 -0.6175
vn 0.1234 -0.7421 -0.6589
vn 0.0645 -0.8444 -0.5318
vn -0.1500 -0.8658 0.4774
vn -0.1026 -0.9291 0.3552
vn -0.1993 0.2066 0.9579
vn -0.2049 0.2749 0.9394
vn -0.2048 0.2750 0.9394
vn -0.1965 -0.4263 0.8830
vn -0.1961 -0.4240 0.8842
vn -0.8217 0.5570 -0.1204
vn 0.6523 -0.7429 0.1503
vn 0.0243 -0.9347 0.3546
vn -0.0748 -0.8663 0.4940
vn -0.2307 0.2067 0.9508
vn -0.2049 0.2750 0.9394
vn -0.0172 0.9944 0.1045
vn -0.0173 0.9944 0.1045
vn 0.1982 0.4079 -0.8912
vn 0.1636 0.4910 -0.8557
vn 0.2022 0.4799 -0.8537
vn 0.2081 -0.2234 -0.9522
vn 0.2083 -0.2247 -0.9519
vn 0.8006 0.5509 0.2359
vn -0.5790 -0.7518 -0.3155
vn 0.7853 0.5032 0.3607
vn -0.8097 0.5394 -0.2312
vn 0.1561 -0.8315 -0.5332
vn 0.2318 -0.7395 -0.6320
vn 0.2228 0.5879 -0.7776
vn 0.2124 0.5981 -0.7728
vn 0.8790 -0.2465 0.4082
vn 0.2103 0.2884 -0.9341
vn 0.2051 0.3058 -0.9297
vn -0.0171 0.9944 0.1046
vn 0.2264 0.9534 -0.1994
vn -0.9324 -0.3304 0.1464
vn 0.1675 0.6539 -0.7378
vn 0.1355 0.6690 -0.7308
vn 0.1845 0.5888 -0.7869
vn -0.7981 0.2653 -0.5410
vn -0.7904 -0.1742 -0.5873
vn 0.2420 -0.4053 -0.8816
vn 0.1794 -0.5097 -0.8414
vn -0.9177 0.2631 -0.2978
vn 0.2130 -0.0336 -0.9765
vn 0.2003 -0.0163 -0.9796
vn 0.2139 0.0204 -0.9766
vn 0.2850 -0.0690 -0.9561
vn 0.7891 0.1998 0.5809
vn 0.1947 -0.4543 -0.8693
vn 0.2395 -0.4053 -0.8822
vn 0.9767 -0.0056 0.2147
vn 0.0177 0.9935 0.1122
vn -0.1568 0.4050 0.9008
vn -0.1467 0.4154 0.8977
vn 0.9793 -0.1970 -0.0470
vn -0.2104 0.0805 0.9743
vn -0.2112 -0.2429 0.9468
vn -0.2250 -0.1760 0.9583
vn -0.1580 -0.8159 0.5562
vn 0.1353 -0.9824 -0.1286
vn -0.2118 0.9755 0.0596
vn -0.1392 -0.9807 -0.1376
vn 0.1133 -0.9087 -0.4018
vn 0.0911 -0.9919 -0.0880
vn -0.1753 -0.5888 0.7890
vn -0.1256 -0.6312 0.7654
vn 0.9492 0.2790 -0.1456
vn -0.1354 -0.2769 0.9513
vn -0.0229 -0.9761 0.2163
vn -0.2119 0.9755 0.0596
vn -0.0112 0.9943 0.1059
vn -0.1532 0.0423 0.9873
vn -0.1971 -0.0143 0.9803
vn -0.2293 -0.0345 0.9727
vn -0.2167 -0.0375 0.9755
vn -0.2149 -0.2543 0.9429
vn -0.9585 0.2143 -0.1879
vn 0.2083 -0.0453 -0.9770
vn 0.2104 0.1737 -0.9621
vn 0.1071 0.4509 -0.8861
vn 0.1139 -0.9930 -0.0317
vn 0.1246 -0.6762 -0.7261
vn -0.9064 -0.1368 -0.3996
vn -0.9597 -0.1623 -0.2292
vn -0.0903 -0.9877 -0.1275
vn -0.0902 -0.9877 -0.1276
vn -0.2915 0.2538 0.9223
vn -0.9833 -0.1748 -0.0508
vn -0.9693 0.2375 -0.0635
vn -0.1073 -0.6900 0.7158
vn 0.0654 -0.9934 -0.0939
vn 0.0655 -0.9934 -0.0939
vn -0.8685 -0.4343 -0.2388
vn -0.9543 -0.2551 0.1559
vn -0.1825 -0.5888 0.7874
vn -0.2208 0.4055 0.8870
vn -0.9619 0.1842 0.2021
vn -0.8838 0.4444 -0.1464
vn -0.0416 0.9942 0.0992
vn -0.1808 0.4779 0.8596
vn -0.1842 0.4801 0.8577
vn -0.2109 -0.2432 0.9468
vn -0.7712 -0.2508 -0.5851
vn -0.2140 0.0986 0.9719
vn -0.0802 0.9181 0.3881
vn 0.0244 0.9932 0.1137
vn 0.1976 0.1766 -0.9642
vn 0.2291 0.1964 -0.9534
vn 0.2693 0.2513 -0.9297
vn 0.9720 -0.1218 0.2010
vn 0.0766 -0.1233 0.9894
vn -0.3362 -0.9254 -0.1750
vn 0.9720 -0.1217 0.2010
vn 0.4865 0.0794 -0.8701
vn 0.9749 -0.0848 0.2056
vn -0.2176 -0.1724 0.9607
vn -0.0861 -0.1426 0.9860
vn -0.1326 -0.2062 0.9695
vn 0.3488 -0.9369 -0.0252
vn 0.9749 -0.0848 0.2057
vn 0.3110 0.0296 -0.9499
vn 0.2167 0.0918 -0.9719
vn -0.9636 0.1861 -0.1921
vn -0.0835 0.9925 0.0898
vn 0.1836 -0.1358 -0.9736
vn 0.2633 0.0859 -0.9609
vn 0.3957 0.0987 -0.9131
vn 0.0241 0.9932 0.1136
vn 0.0243 0.9932 0.1136
vn 0.9213 -0.3521 0.1647
vn -0.0560 -0.9911 -0.1204
vn -0.0561 -0.9911 -0.1204
vn -0.2309 -0.0986 0.9680
vn -0.2571 -0.1268 0.9580
vn -0.2526 -0.1699 0.9525
vn -0.2205 -0.1003 0.9702
vn -0.7829 -0.5759 -0.2353
vn 0.1705 0.0842 -0.9818
vn 0.1667 0.1245 -0.9781
vn 0.2015 0.0589 -0.9777
vn -0.7667 0.6342 -0.0998
vn -0.7667 0.6342 -0.0999
vn 0.2069 0.0340 -0.9778
vn 0.2020 0.0351 -0.9788
vn 0.5991 -0.7994 0.0449
vn -0.2562 -0.1350 0.9572
vn -0.2567 -0.1350 0.9570
vn -0.0271 -0.2150 0.9762
vn -0.0023 -0.9941 -0.1088
vn -0.0022 -0.9941 -0.1088
vn 0.2781 -0.4043 -0.8713
vn 0.2726 0.5375 -0.7979
vn -0.0309 0.5889 -0.8076
vn 0.5035 0.8391 0.2058
vn 0.5191 0.8299 0.2042
vn -0.7754 -0.4411 0.4519
vn -0.1046 0.4189 0.9020
vn -0.0922 -0.5851 0.8057
vn -0.0896 -0.5869 0.8047
vn 0.1036 -0.9910 -0.0852
vn 0.1037 -0.9910 -0.0852
vn 0.9766 -0.0046 0.2148
vn 0.9766 -0.0050 0.2150
vn 0.9712 -0.1287 0.2004
vn -0.0158 0.4179 0.9083
vn -0.0844 0.1440 0.9860
vn -0.8917 -0.3848 -0.2382
vn -0.8890 -0.3893 -0.2412
vn 0.2065 0.2981 -0.9319
vn 0.2997 0.1753 -0.9378
vn 0.9759 -0.0678 0.2075
vn 0.9724 0.0723 0.2219
vn 0.9724 0.0720 0.2221
vn -0.0172 0.9944 0.1046
vn -0.9750 0.0835 -0.2058
vn -0.9750 0.0832 -0.2061
vn 0.9759 -0.0676 0.2074
vn -0.2147 -0.0289 0.9762
vn 0.9715 -0.1270 0.2000
vn 0.3446 0.5947 -0.7263
vn 0.2798 -0.4029 -0.8714
vn -0.9614 0.1988 -0.1902
vn -0.9614 0.1987 -0.1903
vn 0.9547 0.1877 0.2309
vn 0.9767 -0.0057 0.2147
vn -0.2138 -0.1162 0.9699
vn -0.1046 0.1972 0.9748
vn -0.8888 -0.3914 -0.2386
vn 0.2023 0.3594 -0.9110
vn 0.2420 0.0938 -0.9657
vn 0.9763 -0.0572 0.2089
vn 0.9547 0.1878 0.2309
vn 0.9763 -0.0573 0.2089
vn 0.0344 -0.9943 -0.1008
vn -0.2013 -0.1860 0.9617
vn -0.2993 -0.2413 0.9231
vn -0.4204 -0.8874 -0.1894
vn 0.1228 -0.0326 -0.9919
vn -0.2104 0.1322 -0.9686
vn 0.3438 0.9223 0.1763
vn -0.9763 0.0559 -0.2091
vn -0.5998 -0.0603 0.7978
vn 0.2254 0.0250 -0.9740
vn 0.9810 0.0069 0.1939
vn 0.9811 0.0065 0.1936
vn -0.0153 0.9965 0.0819
vn 0.2138 0.1061 -0.9711
vn 0.2142 0.1055 -0.9711
vn 0.0249 -0.9918 -0.1257
vn 0.0252 -0.9917 -0.1259
vn -0.9713 -0.0021 -0.2377
vn -0.9714 -0.0018 -0.2374
vn -0.0155 0.9965 0.0821
vn 0.2784 0.1052 -0.9547
vn 0.6912 0.7026 -0.1689
vn 0.7854 0.0782 -0.6140
vn 0.1567 0.9117 -0.3798
vn 0.5258 0.6209 0.5814
vn -0.0568 0.8061 0.5891
vn 0.4547 -0.0853 0.8866
vn -0.1487 -0.1060 0.9832
vn -0.0270 -0.9124 0.4083
vn 0.5489 -0.7098 0.4415
vn 0.1866 -0.8068 -0.5606
vn 0.7143 -0.6280 -0.3088
vn -0.3970 0.0904 -0.9133
vn 0.6688 0.7209 -0.1820
vn 0.7443 0.0839 -0.6625
vn -0.5229 0.7277 -0.4439
vn -0.7087 -0.1159 -0.6959
vn 0.9145 -0.0382 -0.4029
vn -0.6925 0.6438 0.3255
vn 0.3970 -0.0879 0.9136
vn 0.4991 0.6370 0.5875
vn -0.7444 -0.0813 0.6628
vn 0.6606 -0.1684 0.7316
vn -0.9210 -0.2388 0.3077
vn 0.9328 -0.0699 -0.3535
vn 0.8720 -0.4160 -0.2579
vn 0.9132 0.2963 -0.2798
vn 0.9207 0.2929 -0.2580
vn 0.9208 0.2927 -0.2578
vn 0.8929 0.3486 -0.2850
vn 0.0870 0.9961 -0.0127
vn -0.2830 0.0461 -0.9580
vn -0.2831 0.0462 -0.9580
vn -0.2829 0.0461 -0.9580
vn 0.8975 0.2287 -0.3771
vn 0.3700 -0.9210 -0.1220
vn -0.0849 0.5533 -0.8287
vn 0.8717 -0.4043 -0.2770
vn 0.2890 0.5141 0.8076
vn -0.1812 -0.7059 -0.6847
vn -0.3724 0.9152 0.1540
vn 0.3725 -0.9152 -0.1540
vn -0.0847 0.5532 -0.8287
vn 0.0389 -0.7542 0.6555
vn 0.5421 0.8317 -0.1196
vn -0.5419 -0.8318 0.1202
vn -0.8483 0.4541 0.2723
vn -0.8535 0.4572 0.2498
vn -0.9533 0.1007 0.2846
vn -0.9599 -0.1939 0.2027
vn -0.1818 0.5910 -0.7859
vn -0.8200 0.5065 0.2667
vn 0.0965 0.9951 0.0195
vn 0.0965 0.9951 0.0194
vn 0.9030 0.3495 -0.2499
vn -0.8310 0.5057 0.2318
vn -0.9049 0.3930 0.1633
vn -0.6354 -0.7545 0.1643
vn -0.4278 -0.8643 0.2645
vn 0.0394 -0.7538 0.6560
vn -0.9342 -0.2397 0.2644
vn 0.1869 0.4941 0.8491
vn -0.8484 0.4538 0.2726
vn 0.5205 -0.8531 -0.0345
vn 0.2872 0.0003 0.9579
vn 0.9577 -0.0405 -0.2849
vn -0.2782 0.0925 -0.9561
vn -0.9487 0.1333 0.2867
vn 0.7357 0.6441 -0.2095
vn 0.6139 -0.7649 -0.1951
vn 0.6101 -0.7668 -0.1996
vn -0.7392 -0.6416 0.2050
vn -0.7357 -0.6441 0.2095
vn -0.6139 0.7649 0.1952
vn -0.6101 0.7668 0.1996
vn 0.7392 0.6416 -0.2050
vn 0.4780 -0.8553 -0.1999
vn 0.3210 -0.9282 -0.1880
vn -0.6496 -0.7516 0.1148
vn -0.5347 -0.8394 0.0979
vn -0.8749 0.3898 0.2875
vn -0.8483 0.4540 0.2725
vn -0.9331 -0.2443 0.2639
vn -0.9335 -0.2419 0.2648
vn -0.1817 0.5912 -0.7858
vn 0.0387 -0.7544 0.6553
vn -0.4745 -0.8552 0.2087
vn -0.6278 -0.7552 0.1886
vn -0.8838 0.3912 0.2566
vn 0.0966 0.9951 0.0194
vn 0.9374 0.2248 -0.2661
vn 0.9066 0.3154 -0.2804
vn 0.9207 0.2928 -0.2580
vn 0.9212 0.3017 -0.2456
vn 0.8709 -0.4061 -0.2768
vn 0.8705 -0.4071 -0.2764
vn 0.2892 0.5175 0.8053
vn -0.1541 -0.7469 -0.6469
vn 0.1656 0.4943 0.8534
vn -0.0847 0.5531 -0.8288
vn 0.3686 -0.9232 -0.1088
vn 0.5074 -0.8568 -0.0921
vn 0.8871 0.4196 -0.1924
vn 0.8799 0.4312 -0.1993
vn 0.0235 -0.2399 0.9705
vn 0.9565 0.0989 -0.2744
vn 0.9537 0.1172 -0.2771
vn 0.0966 0.9951 0.0196
vn 0.4653 0.8810 0.0855
vn -0.6365 -0.2224 -0.7385
vn 0.8394 0.4959 -0.2224
vn 0.8210 0.5145 -0.2473
vn 0.8769 0.4219 -0.2304
vn 0.1326 0.2280 -0.9646
vn 0.0900 -0.2117 -0.9732
vn 0.7911 -0.5745 -0.2099
vn 0.7064 -0.6646 -0.2434
vn -0.1332 0.2789 -0.9510
vn 0.9311 -0.2246 -0.2873
vn 0.9311 -0.2072 -0.3003
vn 0.9423 -0.1717 -0.2875
vn 0.9412 -0.2615 -0.2139
vn -0.0801 0.2359 0.9685
vn 0.7484 -0.6165 -0.2444
vn 0.7905 -0.5745 -0.2124
vn 0.2830 -0.0462 0.9580
vn 0.1066 0.9929 0.0537
vn -0.7668 0.5707 0.2936
vn -0.7574 0.5796 0.3008
vn 0.4708 -0.2808 0.8364
vn -0.9189 0.2700 0.2878
vn -0.9589 -0.0520 0.2790
vn -0.9623 0.0167 0.2715
vn -0.7111 -0.6880 0.1452
vn -0.0171 -0.9973 0.0718
vn 0.0381 0.9843 -0.1722
vn -0.1406 -0.9749 -0.1724
vn 0.2205 -0.9720 -0.0812
vn -0.0749 -0.9958 0.0531
vn -0.0748 -0.9958 0.0531
vn 0.2831 -0.0461 0.9580
vn -0.8743 -0.4223 0.2395
vn -0.8385 -0.4721 0.2722
vn 0.6338 0.1708 0.7544
vn -0.9331 -0.0906 0.3480
vn -0.3868 -0.9166 0.1009
vn 0.0381 0.9843 -0.1721
vn 0.0983 0.9948 0.0254
vn -0.9100 0.2303 0.3447
vn -0.9361 0.1771 0.3039
vn -0.9490 0.1585 0.2724
vn -0.9460 0.1551 0.2848
vn -0.9596 -0.0637 0.2741
vn -0.2564 0.2540 -0.9326
vn -0.2564 0.2542 -0.9325
vn 0.9271 -0.2357 -0.2915
vn 0.9580 -0.0185 -0.2860
vn 0.8977 0.2752 -0.3439
vn -0.1123 -0.9886 0.1004
vn 0.5490 -0.8028 -0.2326
vn -0.1189 -0.1321 -0.9841
vn -0.2952 -0.1224 -0.9476
vn -0.2953 -0.1225 -0.9475
vn -0.1271 -0.9840 -0.1247
vn -0.8793 0.4372 0.1889
vn -0.4616 -0.1010 -0.8813
vn -0.3636 0.2999 -0.8820
vn -0.7988 -0.5401 0.2650
vn -0.0825 -0.9962 0.0279
vn -0.0824 -0.9962 0.0279
vn -0.2966 -0.3983 -0.8680
vn -0.6404 -0.1451 -0.7542
vn -0.8763 -0.4219 0.2324
vn -0.7856 0.5740 0.2310
vn -0.5977 0.2946 -0.7456
vn -0.2112 0.4812 -0.8508
vn 0.0895 0.9960 -0.0044
vn -0.7289 0.6368 0.2515
vn -0.7284 0.6389 0.2476
vn -0.9588 -0.0523 0.2793
vn 0.0824 -0.2880 -0.9541
vn -0.9149 0.2876 0.2832
vn -0.1911 0.9761 0.1033
vn 0.1085 0.9923 0.0603
vn 0.0894 0.9960 -0.0044
vn 0.9544 -0.0150 -0.2983
vn 0.9640 0.0038 -0.2658
vn 0.9737 0.0585 -0.2201
vn 0.2698 -0.1621 0.9492
vn -0.8341 0.0496 0.5494
vn -0.1921 -0.9115 -0.3636
vn 0.9931 -0.1169 0.0015
vn 0.2744 -0.1253 0.9534
vn -0.9601 0.0201 0.2791
vn -0.9129 0.0432 0.4058
vn -0.9335 -0.0183 0.3581
vn 0.0056 -0.9514 0.3079
vn 0.9677 -0.1658 -0.1898
vn 0.9535 -0.1011 -0.2840
vn -0.2608 0.2261 -0.9385
vn 0.0771 0.9960 -0.0456
vn 0.8946 -0.3219 -0.3099
vn 0.9652 -0.1087 -0.2378
vn 0.9902 -0.0984 -0.0991
vn 0.1084 0.9923 0.0600
vn 0.1085 0.9923 0.0602
vn 0.2316 -0.3904 0.8910
vn -0.1175 -0.9889 -0.0912
vn -0.1175 -0.9889 -0.0913
vn -0.9583 0.0949 0.2697
vn -0.9678 0.0676 0.2425
vn -0.9694 0.0240 0.2444
vn -0.9555 0.0928 0.2800
vn -0.2862 -0.5434 -0.7892
vn -0.2862 -0.5435 -0.7892
vn 0.9383 -0.1066 -0.3290
vn 0.9412 -0.0662 -0.3312
vn 0.9448 -0.1332 -0.2995
vn -0.1579 0.6661 -0.7290
vn 0.9425 -0.1581 -0.2944
vn 0.9413 -0.1568 -0.2991
vn 0.0923 -0.8243 0.5586
vn -0.9682 0.0593 0.2430
vn -0.9683 0.0593 0.2425
vn -0.8905 -0.0342 0.4538
vn -0.1022 -0.9940 -0.0386
vn 0.8895 0.4189 -0.1825
vn 0.1127 0.9908 0.0746
vn -0.7605 0.5693 0.3122
vn -0.8569 -0.4242 0.2928
vn -0.0801 -0.9961 0.0357
vn 0.2830 -0.0461 0.9580
vn 0.2829 -0.0463 0.9580
vn 0.7931 -0.5746 -0.2019
vn 0.7999 -0.5746 -0.1733
vn 0.9185 0.3625 -0.1579
vn 0.7914 0.4358 -0.4288
vn 0.2291 0.8189 0.5263
vn 0.2361 0.8083 0.5393
vn -0.8441 -0.2893 -0.4514
vn -0.7402 0.5803 0.3396
vn -0.8480 -0.4224 0.3201
vn -0.8462 -0.4245 0.3220
vn -0.0711 -0.9953 0.0654
vn -0.0711 -0.9953 0.0655
vn 0.2831 -0.0451 0.9580
vn 0.2828 -0.0455 0.9581
vn 0.2686 -0.1690 0.9483
vn -0.7032 0.5734 0.4204
vn -0.8561 0.3242 0.4026
vn -0.2984 -0.3478 -0.8888
vn -0.2955 -0.3529 -0.8878
vn 0.9547 0.1092 -0.2768
vn 0.9804 -0.0198 -0.1962
vn 0.2766 -0.1084 0.9549
vn 0.2900 0.0319 0.9565
vn 0.2897 0.0315 0.9566
vn -0.2745 0.1240 -0.9535
vn -0.2744 0.1237 -0.9536
vn 0.2767 -0.1081 0.9548
vn -0.9440 0.1634 0.2868
vn 0.2694 -0.1674 0.9484
vn 0.9029 0.4255 -0.0611
vn 0.8011 -0.5734 -0.1719
vn 0.8746 0.4223 -0.2380
vn 0.8747 0.4222 -0.2380
vn -0.2830 0.0462 -0.9580
vn -0.2589 0.2387 -0.9360
vn -0.2588 0.2386 -0.9360
vn 0.7358 -0.6302 -0.2478
vn 0.7358 -0.6302 -0.2477
vn 0.2964 0.1481 0.9435
vn -0.7781 0.5729 0.2575
vn 0.2830 -0.0463 0.9580
vn -0.8441 -0.4863 0.2259
vn -0.8441 -0.4862 0.2259
vn -0.9552 0.0766 0.2859
vn -0.8458 0.3760 0.3786
vn -0.2980 -0.3545 -0.8863
vn 0.9468 0.1733 -0.2713
vn 0.9607 -0.1001 -0.2589
vn 0.2776 -0.0978 0.9557
vn 0.2964 0.1480 0.9435
vn -0.0915 -0.9958 -0.0026
vn -0.0916 -0.9958 -0.0026
vn -0.9558 0.0056 0.2940
vn -0.9805 -0.0475 0.1905
vn -0.2127 -0.8700 -0.4449
vn 0.9013 -0.2190 -0.3737
vn 0.7541 -0.0263 -0.6563
vn 0.1940 0.9081 0.3711
vn -0.2778 0.0964 -0.9558
vn -0.9819 0.1319 -0.1360
vn 0.9463 -0.1677 -0.2763
vn 0.3053 -0.0380 0.9515
vn 0.3055 -0.0384 0.9514
vn 0.1173 0.9930 0.0102
vn 0.9542 -0.0867 -0.2863
vn 0.9543 -0.0873 -0.2859
vn -0.0743 -0.9970 -0.0231
vn -0.0740 -0.9970 -0.0229
vn -0.2623 0.0341 -0.9644
vn -0.2625 0.0345 -0.9643
vn 0.1170 0.9931 0.0100
vn 0.3589 0.8843 0.2986
vn 0.1911 0.9753 -0.1110
vn 0.1660 0.2013 -0.9653
vn 0.3975 0.4327 0.8092
vn 0.2951 0.8334 0.4672
vn 0.7125 0.1613 0.6829
vn 0.1013 -0.8865 0.4515
vn 0.5561 -0.8080 -0.1946
vn 0.3452 -0.7621 -0.5478
vn 0.3052 -0.3765 -0.8747
vn 0.5918 0.4820 -0.6461
vn 0.5814 0.5490 -0.6005
vn 0.9866 0.1380 0.0869
vn 0.9995 0.0311 0.0034
vn 0.9786 0.1887 -0.0826
vn 0.9677 0.2350 0.0917
vn 0.0233 -0.0761 0.9968
vn 0.0052 -0.0640 0.9979
vn -0.0127 -0.0647 0.9978
vn -0.0343 -0.0821 0.9960
vn -0.9953 0.0605 0.0760
vn -0.9992 -0.0407 -0.0027
vn -0.0824 0.9615 0.2622
vn -0.9969 0.0586 0.0532
vn -0.9688 0.1963 -0.1515
vn -0.9992 -0.0275 -0.0306
vn -0.0576 0.9573 0.2834
vn -0.0079 0.9589 0.2836
vn -0.0313 0.9641 0.2636
vn -0.0250 0.8848 0.4653
vn -0.0417 0.8720 0.4878
vn -0.0609 0.8710 0.4875
vn -0.0427 0.8856 0.4624
vn -0.0249 0.3381 0.9408
vn -0.0419 0.3539 0.9343
vn -0.0027 0.3556 0.9346
vn -0.0210 0.3351 0.9420
vn -0.9982 -0.0400 -0.0451
vn 0.0557 -0.3514 -0.9345
vn 0.0241 0.4129 -0.9104
vn 0.0242 0.4129 -0.9105
vn -0.0216 0.9354 -0.3530
vn -0.9982 -0.0400 -0.0452
vn -0.9982 -0.0401 -0.0450
vn 0.0216 -0.9354 0.3530
vn -0.0242 -0.4129 0.9104
vn -0.0242 -0.4129 0.9105
vn -0.0557 0.3514 0.9346
vn -0.0546 0.9099 0.4112
vn -0.0547 0.9099 0.4112
vn 0.0547 -0.9099 -0.4112
vn 0.0557 -0.3514 -0.9346
vn 0.0220 -0.9897 0.1418
vn 0.9390 0.3393 0.0567
vn -0.0342 0.9143 0.4037
vn 0.0440 0.9020 0.4295
vn 0.0475 0.6115 0.7898
vn -0.9877 0.1082 0.1128
vn -0.9419 0.3248 -0.0853
vn -0.0317 -0.9957 0.0868
vn -0.0311 -0.9943 0.1020
vn -0.8998 0.4116 0.1447
vn -0.0310 -0.9958 0.0863
vn -0.0348 0.0275 -0.9990
vn -0.0357 0.0272 -0.9990
vn 0.0300 0.9938 -0.1074
vn 0.0299 0.9938 -0.1073
vn -0.9910 0.1336 0.0119
vn 0.0499 0.6123 0.7890
vn 0.9986 0.0385 0.0375
vn 0.9962 0.0631 -0.0606
vn 0.9536 0.2571 -0.1565
vn -0.1582 -0.9635 -0.2161
vn -0.1561 -0.9620 -0.2239
vn 0.1884 -0.2487 0.9501
vn 0.1888 -0.2482 0.9501
vn 0.2560 0.9473 0.1927
vn 0.2539 0.9462 0.2007
vn -0.0804 0.2291 -0.9701
vn -0.0809 0.2286 -0.9702
vn 0.0482 0.7431 -0.6675
vn 0.0487 0.7432 -0.6673
vn 0.8878 0.3624 -0.2836
vn 0.9740 0.1355 0.1817
vn 0.8597 -0.2582 0.4407
vn 0.9959 -0.0872 0.0259
vn 0.9006 0.2220 -0.3736
vn 0.0682 0.4186 -0.9056
vn 0.0686 0.4187 -0.9055
vn -0.8344 0.2134 -0.5082
vn -0.9870 -0.0960 -0.1292
vn -0.9132 -0.2681 0.3069
vn -0.0607 -0.5778 0.8139
vn -0.0603 -0.5777 0.8140
vn -0.9912 0.1290 0.0304
vn -0.8368 0.3562 -0.4158
vn -0.1645 -0.9742 -0.1544
vn 0.1881 -0.2213 0.9569
vn -0.9335 0.0980 0.3450
vn -0.9333 0.0981 0.3454
vn -0.9779 -0.0883 0.1897
vn -0.9623 0.1234 0.2424
vn -0.9427 0.1461 0.2999
vn -0.9024 0.3336 0.2729
vn 0.1786 0.9577 0.2256
vn 0.1786 0.9577 0.2255
vn 0.3050 0.1422 0.9417
vn 0.2461 0.1180 0.9620
vn 0.1801 0.1558 0.9712
vn -0.2011 0.9780 -0.0551
vn -0.2092 0.9763 -0.0554
vn -0.3020 -0.0585 -0.9515
vn -0.2543 -0.0865 -0.9632
vn -0.2562 -0.0835 -0.9630
vn -0.2772 -0.2497 -0.9278
vn -0.1677 -0.3321 -0.9282
vn -0.2166 0.1102 -0.9700
vn -0.2636 -0.0971 -0.9597
vn -0.2495 -0.1216 -0.9607
vn -0.2852 -0.3611 -0.8878
vn -0.2853 -0.3612 -0.8878
vn -0.9551 0.1645 0.2465
vn -0.9544 0.1623 0.2507
vn 0.2533 0.1425 0.9568
vn 0.2397 0.1402 0.9607
vn 0.2550 0.2145 0.9428
vn 0.2694 0.1124 0.9564
vn -0.9682 0.0393 0.2470
vn -0.9538 0.2011 0.2234
vn -0.9693 0.0426 0.2422
vn -0.9629 0.1447 0.2280
vn -0.9617 0.1494 0.2300
vn 0.2429 0.0974 0.9651
vn 0.2411 -0.9703 0.0212
vn 0.8039 -0.2488 0.5402
vn -0.9276 0.0936 0.3617
vn -0.9272 0.0936 0.3628
vn -0.8751 0.2383 -0.4213
vn -0.8752 0.2380 -0.4211
vn 0.2692 0.9620 0.0448
vn 0.5477 0.7552 0.3603
vn -0.0686 -0.9419 -0.3289
vn 0.9662 -0.2030 0.1591
vn -0.0464 0.8836 0.4659
vn 0.6500 0.0335 -0.7592
vn 0.6511 0.0341 -0.7583
vn 0.9767 -0.1416 -0.1613
vn 0.1547 0.9822 0.1061
vn -0.1881 0.2213 -0.9569
vn 0.9767 -0.1417 -0.1614
vn -0.3977 -0.8884 -0.2293
vn 0.5543 -0.2540 0.7926
vn -0.9625 0.1234 0.2417
vn -0.1717 -0.9666 -0.1904
vn -0.0045 0.9733 0.2296
vn 0.5523 -0.2548 0.7938
vn -0.4864 0.2516 -0.8367
vn -0.2382 -0.9712 0.0084
vn -0.3697 -0.9225 0.1108
vn 0.9663 -0.2027 0.1586
vn -0.5598 -0.0629 0.8262
vn -0.5604 -0.0634 0.8258
vn -0.4847 0.2507 -0.8379
vn 0.0932 0.9185 0.3844
vn 0.2281 0.9565 -0.1816
vn 0.2280 0.9566 -0.1816
vn -0.3830 -0.1528 -0.9110
vn -0.5301 -0.3657 -0.7650
vn -0.3865 -0.8903 0.2408
vn -0.3862 -0.8904 0.2410
vn 0.1814 -0.2076 0.9612
vn -0.6255 0.7572 0.1883
vn -0.6253 0.7574 0.1881
vn 0.7827 -0.5602 -0.2710
vn 0.7827 -0.5602 -0.2711
vn 0.3660 0.9009 -0.2333
vn -0.3532 -0.0218 -0.9353
vn -0.6704 0.3556 -0.6513
vn 0.1460 -0.9888 0.0307
vn -0.8439 0.4401 0.3068
vn 0.4039 0.1470 0.9029
vn -0.0435 0.4944 0.8681
vn 0.1454 -0.9889 0.0308
vn 0.3662 0.9008 -0.2334
vn -0.8438 0.4399 0.3073
vn 0.3740 0.0149 0.9273
vn -0.0577 0.7511 0.6576
vn -0.1514 0.6772 0.7201
vn -0.9897 0.0009 -0.1429
vn -0.9882 0.0856 -0.1270
vn -0.9902 -0.0715 -0.1203
vn -0.9891 -0.0682 -0.1308
vn -0.9889 -0.0746 -0.1282
vn -0.9920 -0.0741 -0.1018
vn -0.0577 0.3609 0.9308
vn -0.0454 0.3646 0.9301
vn -0.0440 0.4336 0.9000
vn -0.1295 0.3962 0.9090
vn 0.1829 0.4143 0.8916
vn 0.1661 0.4164 0.8939
vn 0.7595 -0.0148 -0.6504
vn 0.8089 0.0435 -0.5863
vn 0.1005 -0.7859 -0.6101
vn 0.9775 0.2109 0.0047
vn 0.0714 -0.7994 -0.5966
vn -0.9525 -0.2877 0.1002
vn 0.9927 0.0921 0.0783
vn -0.0035 0.2805 -0.9599
vn -0.0036 0.2805 -0.9599
vn -0.9982 0.0061 0.0605
vn -0.9911 -0.0914 0.0967
vn 0.0003 -0.2100 0.9777
vn 0.9934 -0.0058 0.1144
vn -0.0322 0.5771 0.8160
vn -0.0170 -0.0627 0.9979
vn -0.0065 -0.0560 0.9984
vn 0.0392 -0.9629 0.2671
vn 0.0397 -0.7949 -0.6054
vn 0.0397 -0.7949 -0.6055
vn 0.0236 -0.3533 -0.9352
vn 0.9891 0.1305 -0.0681
vn 0.8760 -0.4492 -0.1758
vn 0.4208 0.6689 -0.6128
vn 0.5842 0.7531 0.3026
vn 0.5264 0.7777 0.3435
vn 0.8422 0.4362 0.3170
vn -0.0366 0.8901 0.4544
vn -0.0425 0.8911 0.4517
vn -0.0131 0.4841 -0.8749
vn 0.9814 0.0408 -0.1876
vn 0.0236 -0.3534 -0.9352
vn -0.9778 -0.0440 -0.2047
vn -0.8824 0.3611 0.3015
vn 0.4769 0.0456 0.8778
vn 0.9280 -0.2494 -0.2768
vn 0.8855 -0.4508 -0.1127
vn 0.9932 0.0076 -0.1160
vn 0.9999 -0.0044 -0.0092
vn -0.7278 -0.0263 0.6853
vn -0.7279 -0.0262 0.6852
vn 0.2645 -0.7717 0.5784
vn 0.2518 -0.7651 0.5927
vn 0.2444 -0.7666 0.5938
vn 0.2320 -0.7783 0.5835
vn 0.7217 0.6787 0.1358
vn 0.7214 0.6791 0.1353
vn 0.9992 0.0400 0.0014
vn 0.9991 0.0401 0.0141
vn 0.7347 -0.6642 -0.1381
vn 0.7374 -0.6622 -0.1333
vn -0.0070 -0.0094 0.9999
vn -0.0087 -0.0150 0.9998
vn -0.6835 -0.7148 -0.1479
vn -0.9986 -0.0519 -0.0045
vn -0.0023 0.2372 -0.9714
vn 0.0138 0.2332 -0.9723
vn 0.0243 0.0339 -0.9991
vn 0.0034 0.0743 -0.9972
vn 0.0525 -0.9733 -0.2233
vn 0.0441 -0.9806 -0.1910
vn 0.0083 -0.3128 0.9498
vn -0.7817 0.6122 0.1189
vn -0.7803 0.6145 0.1161
vn -0.9988 -0.0462 -0.0158
vn 0.0014 -0.2282 0.9736
vn 0.0057 -0.3189 0.9478
vn 0.0009 -0.2284 0.9736
vn -0.0096 0.3919 -0.9200
vn -0.0086 0.3950 -0.9187
vn -0.6780 -0.7214 -0.1413
vn -0.7278 -0.0262 0.6853
vn -0.7277 -0.0263 0.6854
vn 0.2162 0.3973 -0.8919
vn 0.9728 0.1685 -0.1590
vn 0.9821 0.1399 -0.1258
vn 0.2729 -0.4005 0.8747
vn 0.2096 -0.4309 0.8777
vn 0.9010 0.2626 -0.3455
vn 0.2165 -0.3896 0.8952
vn 0.2072 -0.3975 0.8939
vn 0.1582 -0.4087 0.8989
vn -0.0708 -0.5361 0.8412
vn 0.2203 -0.4112 0.8845
vn -0.9547 -0.2556 0.1522
vn 0.1676 -0.8883 -0.4276
vn 0.0807 -0.8794 -0.4691
vn 0.9541 0.2060 -0.2175
vn -0.7418 0.1050 -0.6624
vn -0.3128 0.2862 -0.9056
vn -0.2966 0.2853 -0.9114
vn -0.0864 0.3273 -0.9410
vn -0.0945 0.3289 -0.9396
vn 0.2910 0.3429 -0.8932
vn -0.0245 0.3281 -0.9443
vn 0.0738 -0.8739 -0.4804
vn 0.1163 -0.8845 -0.4517
vn -0.9941 -0.0838 0.0689
vn -0.9801 -0.1797 0.0837
vn 0.1018 -0.7501 -0.6535
vn 0.0492 -0.7815 -0.6220
vn 0.0205 -0.7788 -0.6270
vn 0.9491 0.1937 -0.2483
vn -0.3915 0.2506 -0.8854
vn -0.5932 0.2289 -0.7718
vn -0.9656 -0.2298 0.1216
vn 0.9989 0.0452 0.0074
vn 0.9991 0.0410 0.0087
vn -0.0284 0.7853 -0.6185
vn 0.0051 0.0871 -0.9962
vn 0.0051 0.0872 -0.9962
vn 0.0341 -0.6283 -0.7772
vn 0.0439 -0.9927 -0.1126
vn 0.0439 -0.9927 -0.1125
vn 0.0283 -0.7845 0.6195
vn -0.9991 -0.0420 -0.0080
vn -0.9990 -0.0439 -0.0090
vn -0.9989 -0.0452 -0.0082
vn -0.0052 -0.0857 0.9963
vn 0.9991 0.0414 0.0056
vn -0.0340 0.6275 0.7779
vn -0.0439 0.9927 0.1123
vn -0.9991 -0.0409 -0.0125
vn -0.9990 -0.0429 -0.0088
vn -0.9991 -0.0425 -0.0092
vn 0.9990 0.0429 0.0109
vn 0.9990 0.0431 0.0090
vn 0.9990 0.0429 0.0095
vn 0.9933 -0.0817 0.0818
vn 0.9932 0.0281 0.1132
vn 0.8775 -0.0125 0.4795
vn 0.8481 -0.0139 0.5296
vn 0.8483 -0.0205 0.5291
vn 0.8564 -0.2993 0.4207
vn 0.8638 0.1509 0.4808
vn -0.0075 0.3645 -0.9312
vn 0.0309 -0.5281 -0.8486
vn 0.0308 -0.5278 -0.8488
vn 0.0024 0.1329 -0.9911
vn 0.1038 0.1511 -0.9831
vn -0.8516 -0.1138 0.5117
vn -0.8182 -0.1271 0.5607
vn -0.8529 -0.0946 0.5134
vn -0.8352 -0.3704 0.4064
vn -0.8823 0.0718 0.4652
vn 0.0939 0.8365 -0.5399
vn 0.0641 0.5520 0.8314
vn 0.0719 0.5573 0.8272
vn 0.1350 -0.8253 0.5483
vn 0.1349 -0.8253 0.5483
vn 0.1172 -0.5391 -0.8340
vn 0.1432 -0.5537 -0.8203
vn 0.0665 0.8249 -0.5613
vn 0.0025 0.1487 -0.9889
vn 0.8503 -0.0233 0.5258
vn 0.8484 -0.1283 0.5135
vn 0.8454 -0.3240 0.4246
vn 0.8535 0.1577 0.4966
vn -0.0071 0.3562 -0.9344
vn 0.0298 -0.5002 -0.8654
vn 0.0297 -0.5000 -0.8655
vn -0.8429 -0.2024 0.4985
vn -0.8527 -0.1188 0.5087
vn 0.0982 0.1746 -0.9797
vn -0.8247 -0.1354 0.5492
vn 0.8769 -0.0036 0.4807
vn -0.8212 -0.3973 0.4096
vn -0.8730 0.0799 0.4811
vn 0.2514 0.5351 -0.8065
vn 0.2532 0.5389 -0.8034
vn 0.7426 0.6230 -0.2459
vn 0.7608 0.4942 -0.4206
vn 0.3342 0.9374 -0.0980
vn 0.0944 0.9333 -0.3465
vn 0.3414 0.8615 0.3758
vn 0.0894 0.7783 0.6215
vn 0.2350 0.3271 0.9153
vn 0.2264 0.3348 0.9147
vn 0.6730 0.5215 0.5245
vn 0.7881 0.4287 0.4418
vn 0.9232 0.3772 0.0731
vn 0.9210 0.3839 0.0666
vn 0.1587 0.9722 0.1723
vn 0.1706 0.9682 0.1830
vn 0.1093 0.3044 -0.9463
vn 0.1989 0.2498 -0.9476
vn 0.1891 0.1483 -0.9707
vn 0.9866 -0.1602 -0.0314
vn 0.9862 -0.1610 -0.0379
vn 0.2278 -0.2294 0.9463
vn 0.1875 -0.2405 0.9524
vn -0.9867 0.1599 0.0291
vn -0.9866 0.1603 0.0300
vn -0.0919 0.9731 0.2111
vn 0.0165 0.1409 -0.9899
vn 0.1441 0.0300 -0.9891
vn 0.2402 0.1583 -0.9577
vn 0.3356 -0.9242 -0.1822
vn 0.3280 -0.9226 -0.2032
vn 0.0655 -0.3100 0.9485
vn 0.0295 -0.4442 0.8955
vn -0.0899 0.9738 0.2090
vn 0.2538 -0.9502 -0.1810
vn 0.2620 -0.9475 -0.1834
vn -0.2752 0.1837 0.9437
vn 0.1245 -0.1757 0.9765
vn 0.2405 -0.1073 0.9647
vn -0.1418 0.2211 -0.9649
vn -0.1112 0.9805 0.1622
vn -0.1075 0.9807 0.1631
vn -0.0015 0.9864 0.1643
vn -0.1108 0.9864 0.1212
vn 0.9794 -0.1966 -0.0467
vn 0.9597 -0.2773 -0.0454
vn 0.9963 0.0852 0.0117
vn 0.9973 0.0720 0.0145
vn -0.6743 0.4885 -0.5537
vn -0.6743 0.4886 -0.5537
vn -0.3397 -0.8697 -0.3580
vn -0.3397 -0.8697 -0.3581
vn 0.5311 -0.4937 0.6886
vn 0.5310 -0.4937 0.6887
vn 0.3038 0.8684 0.3919
vn 0.3037 0.8684 0.3919
vn 0.4910 -0.3855 -0.7812
vn 0.4909 -0.3858 -0.7811
vn -0.5222 0.4934 -0.6956
vn -0.5219 0.4934 -0.6958
vn 0.7804 0.2154 -0.5870
vn 0.6819 -0.4877 0.5451
vn 0.6814 -0.4876 0.5458
vn 0.9894 0.1429 0.0273
vn 0.9894 0.1430 0.0273
vn 0.9893 0.1430 0.0273
vn 0.9894 0.1430 0.0272
vn -0.0972 0.8120 -0.5755
vn 0.0076 0.1739 -0.9847
vn 0.1081 -0.5662 -0.8171
vn 0.1079 -0.5660 -0.8173
vn 0.1453 -0.9745 -0.1708
vn 0.1450 -0.9745 -0.1711
vn 0.0974 -0.8119 0.5756
vn -0.9894 -0.1430 -0.0273
vn -0.0076 -0.1739 0.9847
vn 0.0971 -0.8122 0.5753
vn -0.0075 -0.1738 0.9847
vn -0.1080 0.5660 0.8173
vn -0.1079 0.5663 0.8171
vn -0.1453 0.9745 0.1711
vn -0.1449 0.9746 0.1707
vn -0.0974 0.8121 -0.5754
vn -0.9894 -0.1430 -0.0272
vn -0.9893 -0.1430 -0.0273
vn -0.9894 -0.1429 -0.0273
vn 0.9884 -0.0872 -0.1245
vn 0.8673 0.2343 0.4392
vn 0.8323 0.5482 0.0820
vn 0.6656 0.2199 0.7132
vn 0.9972 0.0741 0.0053
vn 0.9982 0.0151 -0.0575
vn 0.9963 0.0074 -0.0855
vn 0.6613 0.5242 -0.5366
vn 0.9949 0.0984 0.0242
vn 0.8878 0.2259 0.4011
vn -0.3069 0.6517 0.6936
vn -0.9529 -0.2687 0.1406
vn -0.9330 -0.3594 0.0167
vn 0.1212 -0.7468 -0.6540
vn 0.2594 -0.6725 -0.6931
vn 0.8521 0.5112 0.1122
vn 0.9226 0.3848 0.0294
vn -0.4549 0.5978 0.6601
vn 0.8819 -0.0173 -0.4712
vn 0.4268 0.8017 0.4185
vn -0.2140 0.7376 -0.6405
vn -0.7818 0.3543 0.5131
vn -0.6448 0.5357 0.5452
vn 0.4889 0.6513 0.5803
vn -0.7633 0.6049 -0.2268
vn -0.4061 -0.8351 -0.3711
vn -0.4062 -0.8350 -0.3712
vn 0.3286 0.3609 -0.8728
vn 0.4889 0.6514 0.5803
vn 0.4523 0.7511 0.4809
vn 0.4524 0.7511 0.4809
vn -0.8452 0.1890 0.4999
vn -0.8452 0.1889 0.5000
vn -0.4522 -0.7511 -0.4810
vn -0.4523 -0.7511 -0.4809
vn -0.4523 -0.7511 -0.4808
vn 0.7989 -0.5809 0.1558
vn 0.7989 -0.5809 0.1559
vn 0.2847 -0.6325 0.7203
vn 0.2847 -0.6326 0.7203
vn -0.3964 -0.3137 0.8628
vn 0.8452 -0.1890 -0.5000
vn 0.8452 -0.1890 -0.4999
vn -0.4746 -0.6954 -0.5396
vn 0.6111 -0.3763 -0.6963
vn 0.7276 -0.2356 -0.6442
vn -0.3468 0.5180 -0.7819
vn -0.9337 0.1401 0.3297
vn -0.9749 -0.0469 0.2177
vn -0.4747 -0.6954 -0.5396
vn 0.9071 0.1551 -0.3913
vn -0.2317 0.6984 0.6772
vn -0.2922 0.6297 -0.7198
vn 0.9173 0.3942 -0.0566
vn -0.2497 0.6967 0.6724
vn 0.9107 0.4101 -0.0496
vn 0.3003 -0.6380 -0.7091
vn 0.3645 -0.5791 -0.7292
vn -0.9004 -0.4343 -0.0261
vn -0.8863 -0.4546 -0.0886
vn -0.2884 0.6361 -0.7157
vn 0.4523 0.7511 0.4808
vn 0.4523 0.7512 0.4807
vn -0.0563 0.5621 -0.8251
vn -0.4937 0.6599 -0.5664
vn -0.4938 0.6599 -0.5663
vn -0.4517 -0.7520 -0.4801
vn -0.4519 -0.7515 -0.4807
vn -0.4527 -0.7504 -0.4816
vn 0.3942 0.3140 -0.8637
vn -0.0565 0.5624 -0.8250
vn 0.3963 0.3137 -0.8629
vn 0.7539 -0.0340 -0.6562
vn 0.7365 -0.0285 -0.6758
vn 0.4506 0.7551 0.4763
vn -0.7989 0.5809 -0.1558
vn -0.7989 0.5809 -0.1559
vn -0.8901 0.3464 0.2961
vn -0.8939 0.3240 0.3097
vn -0.4521 -0.7518 -0.4801
vn -0.4520 -0.7518 -0.4800
vn -0.4972 -0.6213 -0.6057
vn -0.4971 -0.6214 -0.6056
vn 0.6679 -0.7398 0.0816
vn 0.7209 -0.6133 -0.3228
vn 0.4565 0.7415 0.4917
vn 0.4656 0.7195 0.5153
vn 0.4656 0.7197 0.5151
vn 0.4505 0.7551 0.4763
vn 0.8755 -0.2570 -0.4091
vn -0.8032 0.1183 0.5838
vn -0.4529 -0.4900 0.7448
vn -0.7773 -0.2795 0.5636
vn -0.8546 0.2638 0.4474
vn -0.3129 -0.9332 -0.1765
vn -0.3130 -0.9332 -0.1765
vn 0.8287 -0.1126 -0.5482
vn 0.2864 -0.6296 0.7222
vn 0.2865 -0.6297 0.7221
vn 0.4566 0.7415 0.4916
vn 0.4706 0.7066 0.5285
vn -0.0902 0.8715 -0.4820
vn -0.8154 0.2695 0.5124
vn -0.8631 0.1496 0.4824
vn -0.3175 0.5749 -0.7541
vn -0.0902 0.8715 -0.4819
vn 0.8681 -0.1039 -0.4854
vn 0.8432 -0.1780 -0.5073
vn 0.8849 -0.3157 -0.3425
vn 0.8339 -0.3357 -0.4381
vn 0.4917 0.6355 0.5953
vn 0.4969 0.6308 0.5960
vn 0.4724 0.7103 0.5218
vn -0.8455 0.1945 0.4973
vn -0.8547 0.2180 0.4712
vn -0.4639 -0.7239 -0.5107
vn -0.4580 -0.7294 -0.5081
vn 0.8068 -0.1958 -0.5574
vn -0.4505 -0.7478 -0.4877
vn -0.4657 -0.7353 -0.4924
vn -0.2763 -0.9582 -0.0743
vn -0.2336 -0.9719 -0.0276
vn 0.7830 -0.0570 -0.6194
vn 0.8573 -0.1848 -0.4805
vn 0.8436 -0.1855 -0.5038
vn 0.4538 0.7466 0.4865
vn 0.4487 0.7220 0.5266
vn -0.8487 0.2211 0.4805
vn -0.8664 0.2643 0.4237
vn -0.8546 0.1608 0.4938
vn -0.8534 0.2079 0.4779
vn -0.4592 -0.7724 -0.4388
vn -0.4623 -0.7734 -0.4338
vn 0.8904 -0.3498 -0.2913
vn 0.8904 -0.3497 -0.2913
vn 0.4455 0.7250 0.5252
vn -0.4575 -0.7393 -0.4940
vn 0.9875 0.1454 -0.0616
vn 0.9862 0.1544 -0.0602
vn 0.9859 0.1604 -0.0482
vn 0.9724 0.2331 -0.0093
vn 0.9538 0.3005 -0.0015
vn -0.0364 0.4497 -0.8924
vn 0.0130 0.1427 -0.9897
vn 0.0083 0.1431 -0.9897
vn 0.0417 -0.0833 -0.9957
vn 0.0447 -0.0835 -0.9955
vn 0.9870 0.1570 -0.0334
vn -0.9634 -0.1578 -0.2169
vn -0.9782 -0.1803 -0.1028
vn -0.9855 -0.1677 -0.0265
vn -0.0054 -0.1587 0.9873
vn -0.0194 -0.1650 0.9861
vn -0.0276 -0.1200 0.9924
vn -0.2378 -0.1349 0.9619
vn -0.2486 -0.1338 0.9593
vn -0.1594 0.8892 0.4288
vn 0.8084 0.4771 0.3449
vn 0.9049 0.1401 -0.4020
vn -0.9704 -0.1178 -0.2110
vn -0.9683 -0.1130 -0.2226
vn -0.9871 0.0165 -0.1594
vn -0.9832 0.0043 -0.1824
vn -0.9922 -0.0964 0.0791
vn -0.9486 -0.3006 -0.0995
vn 0.0201 0.3325 0.9429
vn 0.0566 -0.0743 0.9956
vn -0.0634 0.2022 0.9773
vn -0.0313 0.4454 -0.8948
vn 0.7403 0.1242 -0.6607
vn -0.9453 -0.3220 -0.0531
vn -0.7886 -0.5756 -0.2163
vn -0.9849 -0.0787 -0.1542
vn -0.9860 -0.0912 -0.1399
vn 0.9894 0.1425 0.0293
vn 0.9894 0.1424 0.0293
vn -0.0992 0.8118 -0.5755
vn 0.0050 0.1735 -0.9848
vn 0.1063 -0.5664 -0.8173
vn 0.1453 -0.9745 -0.1709
vn 0.9894 0.1424 0.0292
vn 0.0993 -0.8117 0.5755
vn -0.9894 -0.1424 -0.0294
vn -0.0050 -0.1735 0.9848
vn 0.0992 -0.8118 0.5754
vn -0.1063 0.5664 0.8173
vn -0.1062 0.5664 0.8172
vn -0.1453 0.9745 0.1710
vn -0.1453 0.9745 0.1709
vn -0.9894 -0.1425 -0.0293
vn -0.9894 -0.1424 -0.0292
vn -0.9894 -0.1425 -0.0292
vn 0.2837 -0.9060 -0.3142
vn 0.2840 -0.9059 -0.3141
vn -0.7236 -0.6580 -0.2082
vn -0.9388 -0.3345 0.0824
vn -0.9677 0.1811 0.1754
vn -0.9738 0.2271 0.0148
vn -0.9521 -0.2496 -0.1764
vn -0.2827 0.9496 0.1355
vn -0.2824 0.9497 0.1356
vn 0.6947 0.7048 0.1436
vn 0.6908 0.6551 0.3061
vn -0.2731 0.8129 0.5143
vn -0.2726 0.8130 0.5145
vn 0.9507 0.2063 0.2316
vn 0.9818 -0.1738 -0.0766
vn 0.9542 0.2978 -0.0288
vn -0.0342 0.2503 -0.9676
vn 0.9070 -0.2377 0.3476
vn 0.0658 -0.7043 0.7068
vn -0.0270 -0.6815 0.7313
vn -0.0144 -0.9487 0.3159
vn -0.9992 0.0225 -0.0322
vn -0.9962 -0.0793 0.0349
vn -0.9590 0.0217 0.2826
vn 0.0218 0.2554 -0.9666
vn 0.0219 0.2076 -0.9780
vn -0.9341 -0.2077 0.2905
vn 0.0212 0.2550 -0.9667
vn -0.0060 0.9328 0.3604
vn -0.0069 0.9329 0.3601
vn 0.9903 -0.0908 0.1056
vn 0.9992 0.0110 0.0389
vn -0.0360 -0.2358 0.9711
vn -0.0348 -0.2343 0.9715
vn -0.0187 -0.9493 0.3137
vn 0.9394 0.0092 0.3427
vn 0.9667 -0.1686 -0.1926
vn 0.9667 -0.1684 -0.1928
vn 0.7443 0.0030 0.6679
vn 0.5082 -0.2642 -0.8197
vn 0.6441 -0.2331 -0.7285
vn -0.8580 0.0762 -0.5080
vn -0.9289 0.0753 -0.3626
vn -0.4668 0.2468 0.8492
vn -0.3347 0.2068 0.9193
vn 0.8320 -0.0646 0.5511
vn 0.9012 -0.0929 0.4234
vn 0.4806 -0.1670 -0.8609
vn 0.4019 -0.1900 -0.8958
vn -0.8251 0.1002 -0.5560
vn -0.8360 0.0974 -0.5400
vn -0.5408 0.2546 0.8017
vn -0.5287 0.2467 0.8122
vn 0.8797 -0.0547 0.4723
vn 0.1787 0.9733 -0.1443
vn 0.1767 0.9725 -0.1520
vn 0.9594 -0.1631 -0.2300
vn 0.2342 0.9502 -0.2054
vn 0.3294 0.9260 -0.1846
vn 0.9596 -0.1674 -0.2262
vn 0.9558 -0.1924 -0.2224
vn 0.9567 -0.2016 -0.2102
vn 0.7043 -0.7054 -0.0799
vn 0.7538 -0.6458 -0.1212
vn 0.9557 -0.1910 -0.2238
vn 0.9505 -0.2465 -0.1891
vn 0.9488 -0.2514 -0.1914
vn -0.6982 0.2653 -0.6649
vn -0.7014 0.2631 -0.6624
vn 0.6456 0.0015 -0.7637
vn 0.6711 0.0270 -0.7409
vn 0.2289 0.9412 0.2483
vn 0.3610 0.8920 0.2719
vn -0.1999 0.4322 -0.8794
vn 0.9851 0.0453 -0.1662
vn 0.9820 -0.1532 -0.1106
vn 0.9820 -0.1525 -0.1113
vn 0.9237 -0.3025 -0.2350
vn -0.2218 -0.0014 -0.9751
vn -0.2660 0.1210 -0.9564
vn -0.1106 -0.9861 -0.1242
vn -0.1050 -0.9868 -0.1231
vn -0.1699 0.3172 -0.9330
vn 0.9526 -0.2090 -0.2210
vn -0.2470 -0.1075 -0.9630
vn -0.3002 -0.7633 -0.5720
vn -0.1775 -0.9720 0.1541
vn 0.0492 -0.6113 0.7899
vn 0.2470 0.1075 0.9630
vn -0.9149 0.2206 0.3380
vn 0.2950 0.8114 0.5046
vn 0.9758 -0.1942 -0.1007
vn 0.9427 -0.2565 -0.2132
vn 0.9641 -0.1267 -0.2332
vn -0.0837 -0.0632 -0.9945
vn 0.1008 -0.0515 -0.9936
vn 0.3127 0.9318 -0.1843
vn 0.3128 0.9318 -0.1842
vn 0.4031 0.1483 0.9030
vn 0.5945 0.1494 0.7901
vn 0.9198 -0.3074 -0.2438
vn -0.0241 0.6726 -0.7396
vn -0.2470 -0.1076 -0.9630
vn -0.9619 0.2044 0.1817
vn -0.9616 0.1848 0.2029
vn -0.9580 0.1764 0.2260
vn -0.9490 0.1783 0.2601
vn -0.9683 0.0657 0.2410
vn -0.9343 0.2900 0.2073
vn -0.1226 0.2683 0.9555
vn 0.1061 0.2537 0.9614
vn 0.0331 0.9923 -0.1193
vn 0.0333 0.9923 -0.1193
vn -0.3787 0.0341 -0.9249
vn -0.5511 0.0617 -0.8322
vn -0.0240 0.6726 -0.7396
vn 0.2951 0.8114 0.5046
vn 0.5754 0.0581 -0.8158
vn 0.5755 0.0580 -0.8158
vn 0.9982 0.0400 0.0451
vn 0.9982 0.0400 0.0452
vn -0.2558 -0.0163 -0.9666
vn 0.8170 -0.5574 -0.1474
vn 0.9690 -0.0256 -0.2457
vn 0.9690 -0.0259 -0.2457
vn 0.9524 -0.2101 -0.2209
vn 0.9524 -0.2100 -0.2209
vn -0.1865 0.1228 -0.9747
vn -0.2720 -0.2193 -0.9370
vn -0.0870 -0.8129 -0.5759
vn -0.0069 -0.5064 -0.8623
vn -0.9552 0.1942 0.2234
vn -0.1813 -0.9712 0.1549
vn -0.1812 -0.9712 0.1549
vn 0.8170 -0.5575 -0.1473
vn 0.2362 0.1981 0.9513
vn 0.4314 -0.3168 0.8447
vn 0.2409 -0.6711 0.7011
vn 0.2186 -0.0057 0.9758
vn 0.2972 0.3530 0.8872
vn -0.9515 0.2151 0.2201
vn -0.9515 0.2150 0.2201
vn -0.9601 0.1616 0.2282
vn -0.9601 0.1618 0.2283
vn -0.9552 0.1943 0.2234
vn -0.1926 0.1482 -0.9700
vn -0.0492 0.6113 -0.7899
vn -0.0492 0.6112 -0.7899
vn -0.9526 0.2091 0.2210
vn -0.9526 0.2089 0.2210
vn 0.3002 0.7633 0.5720
vn 0.2820 0.3343 0.8993
vn 0.3002 0.7633 0.5721
vn 0.2354 0.9667 0.1004
vn 0.1075 0.9110 -0.3980
vn 0.2354 0.9667 0.1005
vn 0.9527 -0.2087 -0.2211
vn 0.9526 -0.2090 -0.2211
vn -0.7463 0.3100 0.5889
vn -0.3880 0.3564 0.8500
vn 0.9732 -0.0351 -0.2273
vn 0.1760 0.9701 0.1671
vn 0.0531 -0.8757 0.4800
vn 0.0560 -0.8765 0.4780
vn 0.2751 0.8033 0.5282
vn 0.2768 0.8023 0.5288
vn -0.0818 0.8316 -0.5493
vn 0.9550 -0.1101 -0.2755
vn 0.9522 -0.0184 -0.3050
vn 0.9220 -0.0134 -0.3869
vn 0.9172 -0.0228 -0.3978
vn -0.0893 0.8190 -0.5668
vn -0.3228 -0.5808 -0.7473
vn -0.3228 -0.5809 -0.7473
vn 0.9184 -0.0560 -0.3917
vn 0.6525 0.4892 -0.5788
vn -0.5749 -0.4802 -0.6625
vn 0.9415 -0.1163 -0.3164
vn 0.3161 0.7162 -0.6222
vn 0.7017 -0.6903 0.1767
vn 0.7379 -0.6619 0.1320
vn 0.9261 -0.2651 -0.2685
vn -0.3350 -0.4268 -0.8400
vn 0.0677 -0.8541 0.5157
vn 0.0678 -0.8541 0.5157
vn 0.0793 -0.8358 0.5432
vn 0.0792 -0.8358 0.5433
vn 0.3351 0.2226 0.9155
vn 0.3247 0.2337 0.9165
vn -0.2672 0.8859 -0.3791
vn -0.0738 0.8447 -0.5302
vn 0.9564 -0.0801 -0.2807
vn 0.9528 -0.1549 -0.2611
vn 0.9883 -0.1510 0.0208
vn 0.9269 -0.2896 -0.2386
vn -0.8951 0.1958 0.4005
vn -0.7844 0.0681 0.6165
vn -0.8925 0.0753 0.4446
vn -0.9278 0.3071 0.2117
vn -0.9246 -0.0649 0.3753
vn -0.9309 -0.0271 0.3644
vn -0.3217 -0.4531 -0.8314
vn 0.1206 -0.8265 0.5498
vn 0.0733 -0.8455 0.5289
vn -0.9642 0.0743 0.2544
vn -0.0558 -0.5444 -0.8370
vn -0.0551 -0.5442 -0.8371
vn -0.6416 -0.4791 0.5990
vn -0.6248 -0.4970 0.6022
vn 0.9958 0.0363 0.0840
vn 0.8594 0.3311 0.3896
vn -0.3991 0.8523 -0.3382
vn -0.9538 0.2018 0.2226
vn -0.9459 0.2174 0.2407
vn -0.9314 0.2149 0.2937
vn -0.9195 0.1365 0.3686
vn 0.1238 0.9923 0.0034
vn 0.1237 0.9923 0.0036
vn -0.9512 0.1834 0.2481
vn -0.7469 0.6518 -0.1313
vn -0.9415 0.1162 0.3164
vn -0.9643 0.0743 0.2543
vn -0.0825 0.8306 -0.5508
vn -0.0824 0.8305 -0.5509
vn 0.9124 -0.1522 -0.3799
vn -0.6324 -0.4749 -0.6120
vn 0.9098 -0.1617 -0.3823
vn 0.7067 0.6160 -0.3480
vn 0.7071 0.6158 -0.3475
vn -0.4032 -0.0379 -0.9143
vn -0.4104 -0.0396 -0.9111
vn -0.7688 -0.5250 0.3651
vn -0.7693 -0.5248 0.3645
vn 0.3503 0.1247 0.9283
vn -0.5452 0.8248 0.1497
vn -0.5454 0.8247 0.1499
vn 0.3576 0.1265 0.9253
vn 0.2943 -0.9551 -0.0337
vn 0.3801 0.0846 0.9211
vn 0.5378 -0.1187 0.8347
vn -0.4046 0.9107 0.0832
vn 0.8701 0.3059 -0.3865
vn 0.8702 0.3057 -0.3864
vn -0.3014 -0.3008 -0.9048
vn -0.9138 -0.1234 0.3869
vn -0.9132 -0.1258 0.3877
vn -0.4058 0.9102 0.0828
vn -0.3030 -0.0577 -0.9513
vn 0.8917 0.2331 -0.3879
vn 0.8923 0.2287 -0.3892
vn -0.0084 0.9994 -0.0325
vn 0.9963 0.0387 -0.0764
vn 0.9956 0.0175 -0.0923
vn 0.9768 -0.2141 0.0009
vn 0.8915 -0.3990 0.2143
vn 0.9979 0.0211 0.0620
vn 0.9995 -0.0312 0.0011
vn 0.9915 -0.0723 -0.1079
vn 0.9917 -0.0316 -0.1243
vn 0.9899 -0.0410 -0.1360
vn 0.9799 0.1318 -0.1498
vn 0.9862 0.1104 -0.1235
vn 0.0451 -0.0694 -0.9966
vn 0.0519 -0.3802 -0.9235
vn 0.0573 -0.3811 -0.9228
vn 0.0596 -0.5812 -0.8116
vn 0.0567 -0.5808 -0.8121
vn 0.0402 -0.0629 -0.9972
vn 0.9807 0.1898 -0.0477
vn 0.9893 -0.0606 0.1329
vn -0.9756 0.1686 -0.1405
vn -0.8713 -0.2621 -0.4149
vn -0.7246 -0.3370 -0.6012
vn 0.9981 0.0406 0.0471
vn 0.0220 0.4129 -0.9105
vn 0.0531 -0.3515 -0.9347
vn 0.0528 -0.9099 -0.4115
vn 0.0530 -0.9100 -0.4112
vn 0.9981 0.0406 0.0472
vn 0.9981 0.0403 0.0474
vn 0.9981 0.0406 0.0468
vn -0.0220 0.9356 -0.3524
vn 0.0222 0.4127 -0.9106
vn -0.9981 -0.0406 -0.0472
vn -0.9981 -0.0405 -0.0471
vn -0.9981 -0.0406 -0.0471
vn 0.0217 -0.9354 0.3528
vn 0.0219 -0.9353 0.3531
vn -0.0222 -0.4129 0.9105
vn -0.0220 -0.4127 0.9106
vn -0.0530 0.3516 0.9347
vn -0.0531 0.3515 0.9347
vn -0.0528 0.9100 0.4112
vn -0.0531 0.9099 0.4115
vn -0.0212 0.9353 -0.3531
vn -0.2755 0.3055 0.9115
vn -0.2791 0.3123 0.9081
vn -0.1718 0.7666 0.6187
vn -0.4150 0.8283 0.3764
vn -0.4169 0.9036 -0.0990
vn -0.1638 0.9226 -0.3492
vn -0.2836 0.5116 -0.8111
vn -0.2766 0.5190 -0.8088
vn -0.7373 0.5713 -0.3606
vn -0.8450 0.4413 -0.3019
vn -0.7792 0.3186 0.5397
vn -0.7766 0.4696 0.4199
vn 0.1347 -0.9904 0.0304
vn 0.6826 0.0831 0.7260
vn 0.5540 0.1906 0.8104
vn -0.1328 0.9897 -0.0538
vn -0.9139 -0.0854 -0.3967
vn 0.6809 0.6572 -0.3232
vn -0.5450 -0.6166 0.5682
vn 0.2313 0.1289 -0.9643
vn 0.7408 0.2269 -0.6323
vn -0.3761 0.9232 -0.0789
vn -0.4114 -0.0956 -0.9064
vn 0.7798 0.2836 -0.5581
vn 0.2279 -0.9529 -0.2001
vn 0.2214 -0.9752 -0.0018
vn 0.2150 -0.9766 -0.0032
vn 0.3653 -0.9209 0.1362
vn 0.9396 0.2746 -0.2045
vn 0.9400 0.3172 -0.1252
vn -0.2643 0.9450 0.1925
vn -0.3978 0.9140 0.0801
vn -0.3882 0.9195 0.0616
vn -0.8701 -0.3058 0.3865
vn 0.3466 0.0729 0.9352
vn 0.3467 0.0728 0.9351
vn -0.4657 0.6308 -0.6206
vn -0.8334 -0.5168 -0.1958
vn -0.9953 0.0450 -0.0857
vn -0.9954 -0.0919 -0.0281
vn -0.9879 -0.0793 -0.1334
vn -0.8995 -0.3279 -0.2889
vn -0.4873 0.0067 0.8732
vn -0.6003 0.7280 0.3312
vn -0.6520 0.7000 0.2915
vn -0.8451 -0.5195 -0.1260
vn -0.1349 0.8254 -0.5482
vn -0.1350 0.8253 -0.5483
vn -0.0727 -0.5519 -0.8307
vn -0.0731 -0.5516 -0.8309
vn -0.0730 -0.8344 0.5463
vn -0.0731 -0.8343 0.5464
vn -0.1348 0.5430 0.8289
vn -0.1352 0.5426 0.8290
vn -0.0013 0.9783 0.2074
vn -0.0103 -0.0231 -0.9997
vn -0.0667 0.1408 -0.9878
vn -0.2452 -0.9525 -0.1809
vn -0.2487 -0.9500 -0.1890
vn -0.0909 -0.3959 0.9138
vn -0.2138 -0.2586 0.9420
vn -0.9674 -0.2507 -0.0360
vn -0.9692 -0.2404 -0.0540
vn -0.9511 0.3031 0.0587
vn -0.2027 0.2308 -0.9516
vn 0.1804 0.4829 -0.8569
vn -0.0964 0.2090 -0.9731
vn -0.2568 0.9521 0.1663
vn -0.9543 0.2957 0.0428
vn -0.2476 -0.1259 0.9607
vn -0.2218 -0.2652 0.9383
vn 0.9676 0.2468 0.0524
vn 0.9686 0.2419 0.0576
vn -0.1879 0.1530 -0.9702
vn -0.1768 0.1631 -0.9706
vn -0.1588 -0.9668 -0.2002
vn 0.2055 -0.1489 0.9673
vn -0.1550 -0.0624 0.9859
vn -0.2492 0.9527 0.1742
vn -0.1810 -0.9647 -0.1914
vn 0.0047 0.9796 0.2011
vn -0.0072 -0.3164 0.9486
vn 0.9498 0.2635 -0.1685
vn 0.9684 0.2093 -0.1358
vn 0.5660 0.7415 0.3604
vn 0.4785 0.8738 -0.0871
vn 0.5422 0.8248 -0.1604
vn 0.9536 0.1484 -0.2620
vn 0.8982 0.2592 -0.3551
vn 0.2146 -0.9359 -0.2794
vn 0.2108 -0.9390 -0.2718
vn 0.0322 -0.5442 -0.8383
vn 0.0003 -0.5752 -0.8180
vn 0.0086 -0.6024 -0.7981
vn 0.9479 0.3170 0.0308
vn 0.9750 0.2199 -0.0314
vn 0.9568 0.2789 -0.0822
vn 0.5887 0.6237 0.5142
vn 0.5486 0.7377 0.3935
vn 0.1956 0.8221 0.5347
vn 0.0536 0.9985 -0.0120
vn -0.0604 0.9966 -0.0558
vn -0.0935 0.6920 -0.7158
vn -0.1113 0.7019 -0.7035
vn 0.3785 0.6301 -0.6780
vn 0.1712 0.8448 -0.5070
vn 0.9726 0.1763 -0.1516
vn -0.4446 0.6113 -0.6547
vn -0.3648 0.6929 -0.6219
vn -0.6389 0.5463 -0.5416
vn -0.7967 0.5275 -0.2949
vn -0.9681 -0.2054 0.1437
vn -0.9729 -0.2288 0.0347
vn -0.9901 -0.1335 -0.0435
vn 0.0886 -0.9525 -0.2912
vn -0.0630 -0.5628 -0.8242
vn -0.0155 -0.5785 -0.8156
vn -0.0142 -0.5824 -0.8128
vn -0.0496 -0.6142 -0.7876
vn -0.0424 -0.6347 -0.7716
vn -0.0267 -0.6367 -0.7706
vn 0.0450 -0.6221 -0.7817
vn 0.0579 -0.6141 -0.7871
vn 0.9776 0.1395 0.1573
vn 0.9807 0.1351 0.1415
vn 0.3476 0.5099 0.7869
vn 0.4159 0.4761 0.7748
vn -0.3220 0.3254 0.8890
vn -0.3443 0.3873 0.8553
vn -0.3733 0.3488 0.8596
vn 0.4413 0.5195 0.7316
vn 0.4162 0.6183 0.6667
vn 0.3530 0.5695 0.7424
vn 0.2120 0.8305 0.5151
vn -0.3040 0.7357 0.6052
vn -0.3208 0.7367 0.5953
vn -0.4483 0.8917 0.0624
vn -0.3667 0.9303 -0.0070
vn -0.8027 0.5894 0.0908
vn -0.7707 0.6348 0.0547
vn -0.7063 0.4897 0.5113
vn -0.7294 0.4305 0.5317
vn -0.9705 -0.1844 0.1552
vn -0.9823 -0.1376 0.1270
vn -0.9743 -0.1260 0.1868
vn -0.9632 -0.1599 0.2160
vn -0.9275 -0.1280 0.3513
vn -0.8671 -0.2452 0.4337
vn -0.8744 -0.2534 0.4138
vn -0.2722 0.3827 0.8828
vn -0.6983 0.3191 0.6408
vn -0.2226 0.4173 0.8811
vn -0.4113 0.4553 0.7897
vn 0.4011 0.5426 0.7381
vn 0.0443 -0.5696 -0.8207
vn 0.0740 -0.9669 -0.2441
vn 0.1337 -0.9392 -0.3161
vn 0.0627 -0.9602 0.2724
vn 0.0757 -0.9572 0.2795
vn 0.0389 -0.2837 0.9581
vn 0.0343 -0.2800 0.9594
vn -0.0272 -0.2826 0.9588
vn -0.0315 -0.2868 0.9575
vn -0.9990 -0.0372 0.0266
vn 0.0020 -0.9603 0.2789
vn 0.0154 -0.9622 0.2719
vn -0.9741 -0.1836 0.1318
vn -0.0251 -0.9464 0.3221
vn 0.0070 -0.9391 0.3437
vn 0.0678 -0.9364 0.3442
vn 0.1011 -0.9410 0.3230
vn 0.0740 -0.3783 0.9227
vn -0.0139 -0.3828 0.9237
vn -0.0597 -0.3221 0.9448
vn -0.9927 -0.0584 -0.1059
vn 0.0005 -0.9981 0.0612
vn 0.0207 -0.9994 0.0261
vn -0.0589 0.1469 -0.9874
vn -0.0857 0.1241 -0.9886
vn 0.0646 0.1312 -0.9892
vn 0.0863 0.1502 -0.9849
vn -0.0834 -0.1679 0.9823
vn -0.0004 -0.1649 0.9863
vn 0.0802 -0.1982 0.9769
vn -0.2481 -0.4168 0.8745
vn 0.3869 -0.3016 0.8714
vn -0.6805 -0.3041 0.6667
vn -0.1767 -0.2587 0.9497
vn -0.1699 -0.2599 0.9506
vn -0.0774 0.9895 0.1218
vn -0.9307 -0.3579 -0.0751
vn -0.9631 -0.2648 -0.0476
vn -0.0546 0.5265 0.8484
vn -0.9930 -0.0795 -0.0868
vn -0.0047 0.3696 0.9292
vn -0.0856 0.3655 0.9269
vn -0.0915 0.5127 0.8537
vn -0.0711 0.4815 0.8735
vn -1.0000 0.0020 -0.0007
vn -0.9999 -0.0094 -0.0075
vn -0.0837 0.7584 -0.6464
vn -0.0716 0.7748 -0.6282
vn 0.0158 0.7785 -0.6274
vn 0.0295 0.7632 -0.6454
vn 0.0402 0.5540 -0.8316
vn -0.0257 0.6912 -0.7222
vn 0.0250 0.1644 -0.9861
vn 0.0076 0.1701 -0.9854
vn 0.3942 0.1579 -0.9054
vn 0.2906 0.1369 -0.9470
vn 0.7228 0.0880 -0.6854
vn 0.9088 0.1069 -0.4033
vn 0.9993 0.0357 0.0067
vn 0.9994 0.0339 0.0111
vn 0.9049 -0.0488 0.4227
vn 0.6924 -0.1783 0.6991
vn 0.1697 -0.2449 0.9546
vn 0.1636 -0.2466 0.9552
vn 0.8536 -0.2124 0.4757
vn 0.6555 -0.2562 0.7104
vn 0.6406 -0.3786 0.6681
vn 0.2567 -0.4315 0.8648
vn 0.0968 -0.3056 0.9472
vn 0.0034 -0.2530 0.9675
vn 0.0431 -0.9988 -0.0239
vn 0.0422 -0.9988 -0.0239
vn 0.0335 -0.9987 -0.0388
vn -0.0385 -0.7165 -0.6965
vn 0.0098 -0.8018 -0.5974
vn -0.9038 -0.3572 -0.2355
vn -0.6271 -0.4380 0.6441
vn -0.6632 -0.2999 0.6857
vn -0.9684 -0.2466 -0.0386
vn -0.9663 -0.2512 -0.0570
vn -0.6989 -0.0959 -0.7088
vn -0.7191 0.0868 -0.6895
vn -0.9038 -0.0366 -0.4264
vn -0.3884 0.0952 -0.9166
vn -0.2846 0.1395 -0.9484
vn 0.0302 0.9859 0.1648
vn 0.0210 0.9861 0.1649
vn 0.0125 0.9865 0.1632
vn -0.9986 -0.0522 -0.0113
vn -0.9986 -0.0521 -0.0062
vn -0.6918 -0.1728 0.7011
vn -0.6752 -0.3047 0.6717
vn -0.9010 -0.1822 0.3937
vn -0.0044 0.1698 -0.9855
vn -0.0218 0.1623 -0.9865
vn -0.0200 0.6941 -0.7196
vn -0.0730 0.5491 -0.8326
vn -0.0030 0.1454 -0.9894
vn 0.0085 0.1459 -0.9893
vn 0.0061 0.1476 -0.9890
vn 0.3940 0.0671 -0.9167
vn 0.5561 -0.0800 -0.8272
vn 0.7171 -0.0333 -0.6962
vn 0.9851 -0.1707 -0.0230
vn 0.9863 -0.1605 -0.0390
vn 0.6888 -0.2406 0.6839
vn 0.9448 -0.3218 -0.0614
vn 0.8806 -0.3730 -0.2922
vn 0.0665 -0.8108 -0.5816
vn 0.1164 -0.7096 -0.6949
vn 0.0526 -0.9978 -0.0396
vn 0.0557 -0.5952 -0.8016
vn 0.0412 -0.5884 -0.8075
vn 0.0241 -0.5892 -0.8077
vn 0.0053 -0.5999 -0.8001
vn -0.5199 -0.1971 -0.8312
vn -0.5330 -0.1277 -0.8364
vn -0.3827 0.0335 -0.9233
vn -0.0011 0.1470 -0.9891
vn -0.8717 -0.4821 -0.0878
vn 0.5491 -0.1515 -0.8219
vn -0.0010 0.9867 0.1625
vn -0.0016 0.9866 0.1634
vn -0.0863 0.9829 0.1626
vn -0.0870 0.9830 0.1617
vn 0.0132 0.5177 0.8555
vn 0.0331 0.4861 0.8733
vn 0.0316 0.5224 0.8521
vn -0.2601 0.8449 0.4675
vn -0.3639 0.9098 0.1997
vn -0.2531 0.9624 -0.0982
vn -0.2770 0.6007 -0.7500
vn 0.4815 0.8760 -0.0266
vn -0.5864 -0.3748 -0.7181
vn -0.2161 -0.0402 -0.9755
vn -0.2337 -0.8030 -0.5482
vn -0.4481 -0.8725 -0.1948
vn -0.0145 -0.8970 0.4418
vn -0.3791 -0.6436 0.6649
vn -0.9925 -0.1214 0.0167
vn -0.9907 -0.1322 -0.0334
vn -0.9862 -0.0207 -0.1641
vn -0.9931 0.0730 -0.0918
vn -0.9900 0.1385 0.0266
vn -0.9932 0.0389 0.1097
vn -0.3901 0.2503 0.8861
vn -0.2664 0.3783 0.8865
vn 0.0646 -0.9976 0.0265
vn 0.0832 -0.9947 0.0602
vn 0.0239 -0.3173 0.9480
vn 0.3164 0.8904 0.3274
vn 0.3163 0.8904 0.3273
vn -0.5618 0.6243 -0.5428
vn -0.7081 0.6050 -0.3640
vn -0.7231 0.4573 -0.5178
vn -0.6968 -0.6843 0.2150
vn -0.6968 -0.6844 0.2148
vn 0.5423 -0.4448 0.7128
vn 0.5090 -0.2624 0.8198
vn 0.6957 -0.2671 0.6669
vn 0.6833 -0.2966 0.6672
vn 0.6078 0.4429 0.6591
vn 0.4747 0.7377 0.4801
vn 0.6384 -0.4551 0.6207
vn 0.1265 -0.9861 0.1076
vn -0.2982 -0.9332 -0.2007
vn 0.5846 -0.5875 0.5595
vn 0.5885 -0.5546 0.5884
vn -0.3124 -0.8903 -0.3314
vn -0.6611 -0.7372 0.1396
vn -0.6611 -0.7372 0.1395
vn 0.5712 -0.5881 0.5726
vn 0.5627 -0.5721 0.5967
vn 0.5943 -0.4478 0.6680
vn 0.3685 0.8884 0.2739
vn 0.3681 0.8888 0.2730
vn -0.7180 0.3566 -0.5978
vn -0.6591 0.4726 -0.5851
vn -0.3082 -0.8902 -0.3357
vn -0.3081 -0.8902 -0.3356
vn -0.7688 -0.3379 0.5430
vn -0.7688 -0.3378 0.5430
vn -0.6899 0.3108 -0.6537
vn -0.6889 0.3109 -0.6548
vn -0.3123 -0.8903 -0.3313
vn -0.6652 0.3497 -0.6597
vn -0.6719 -0.4437 -0.5931
vn -0.3543 -0.8616 -0.3636
vn -0.6384 0.4550 -0.6208
vn -0.6384 0.4550 -0.6207
vn -0.1265 0.9861 -0.1075
vn 0.0960 0.9772 0.1895
vn -0.5670 0.6002 -0.5642
vn 0.6250 -0.3834 0.6800
vn 0.6138 -0.4722 0.6327
vn 0.3136 0.8903 0.3301
vn -0.6355 0.5097 -0.5800
vn -0.6772 0.4449 -0.5861
vn -0.3253 -0.8904 -0.3183
vn -0.3253 -0.8905 -0.3182
vn -0.5557 0.2857 0.7808
vn -0.5557 0.2856 0.7808
vn 0.9879 0.0991 -0.1191
vn -0.3359 -0.8807 0.3339
vn -0.7779 0.1190 -0.6170
vn 0.6861 -0.6962 0.2109
vn 0.9996 -0.0279 0.0008
vn -0.9996 0.0275 0.0003
vn -0.9997 0.0245 0.0017
vn -0.8586 0.2364 0.4549
vn 0.1661 0.6114 -0.7737
vn 0.9933 0.0302 0.1119
vn -0.9466 0.0065 -0.3224
vn 0.8691 0.4937 -0.0306
vn 0.6269 0.7394 0.2456
vn -0.1796 -0.3775 0.9084
vn -0.7654 -0.6407 -0.0605
vn -0.8509 0.5138 -0.1091
vn 0.9696 0.1888 -0.1559
vn 0.8993 -0.1134 -0.4224
vn -0.9720 -0.1650 -0.1673
vn -0.9891 0.0234 0.1451
vn -0.9279 0.3545 0.1158
vn -0.1562 0.3370 0.9285
vn 0.6020 -0.3967 -0.6929
vn 0.8655 0.2439 0.4376
vn -0.6390 -0.0188 -0.7689
vn 0.9408 -0.3348 -0.0536
vn -0.9575 0.2239 -0.1819
vn 0.9666 -0.1974 0.1637
vn 0.3515 0.3535 -0.8668
vn -0.7365 0.5980 0.3161
vn -0.5071 -0.8223 -0.2583
vn 0.6918 0.6168 0.3756
vn 0.6640 0.1434 0.7338
vn 0.8537 0.4321 -0.2905
vn 0.1358 -0.8753 0.4641
vn 0.8796 -0.1380 -0.4553
vn -0.7358 0.4292 -0.5239
vn -0.7357 0.6441 0.2097
vn -0.3093 0.8061 -0.5045
vn -0.9268 -0.2194 0.3049
vn -0.0479 0.0513 -0.9975
vn 0.2225 0.8565 0.4658
vn 0.9808 -0.0774 -0.1792
vn 0.8697 0.1923 -0.4546
vn -0.6642 -0.1431 -0.7338
vn -0.1969 -0.4220 0.8850
vn 0.2850 -0.0690 -0.9560
vn -0.1580 -0.8159 0.5561
vn -0.9585 0.2142 -0.1879
vn -0.9064 -0.1369 -0.3996
vn 0.2633 0.0860 -0.9609
vn 0.2726 0.5376 -0.7979
vn -0.0922 -0.5852 0.8057
vn 0.9759 -0.0678 0.2076
vn 0.9715 -0.1270 0.1999
vn 0.6687 0.7209 -0.1819
vn 0.9718 0.0833 0.2205
vn 0.9860 -0.0390 0.1619
vn 0.9940 0.0991 0.0454
vn 0.9623 0.1803 0.2037
vn -0.1318 0.1255 0.9833
vn -0.1485 0.1389 0.9791
vn -0.1662 0.1394 0.9762
vn -0.1890 0.1236 0.9742
vn -0.9843 0.1442 -0.1016
vn -0.9868 0.0297 -0.1593
vn -0.0225 0.9980 0.0589
vn -0.9827 0.1379 -0.1235
vn -0.9110 0.2289 -0.3431
vn -0.9813 0.0370 -0.1888
vn -0.0017 0.9964 0.0844
vn 0.0473 0.9946 0.0924
vn 0.0278 0.9973 0.0683
vn -0.0038 0.9601 0.2795
vn -0.0248 0.9533 0.3010
vn -0.0438 0.9536 0.2978
vn -0.0207 0.9616 0.2736
vn -0.1291 0.5222 0.8430
vn -0.1433 0.5376 0.8310
vn -0.1046 0.5365 0.8374
vn -0.1257 0.5192 0.8453
vn 0.0277 -0.9819 -0.1873
vn 0.7445 0.2131 0.6328
vn -0.3123 0.7420 0.5933
vn -0.2578 0.7149 0.6500
vn -0.4160 0.3276 0.8483
vn -0.9102 0.1619 -0.3812
vn -0.7872 0.4240 -0.4479
vn 0.0106 -0.9654 -0.2606
vn 0.0032 -0.9688 -0.2477
vn -0.8766 0.4304 -0.2151
vn 0.0115 -0.9654 -0.2607
vn 0.4816 0.3403 -0.8076
vn 0.4808 0.3401 -0.8082
vn -0.0013 0.9701 0.2427
vn -0.0015 0.9701 0.2428
vn -0.8632 0.2176 -0.4555
vn -0.4136 0.3284 0.8491
vn 0.8301 -0.0710 0.5531
vn 0.8764 -0.0170 0.4812
vn 0.8733 0.2003 0.4440
vn -0.0907 -0.9952 -0.0356
vn -0.0827 -0.9959 -0.0374
vn -0.7858 0.0451 0.6168
vn -0.7856 0.0455 0.6170
vn 0.1523 0.9816 0.1155
vn 0.1442 0.9826 0.1174
vn 0.8486 -0.0601 -0.5256
vn 0.8483 -0.0607 -0.5260
vn 0.3667 0.8451 -0.3891
vn 0.3670 0.8450 -0.3888
vn 0.9592 0.2434 0.1437
vn 0.8415 -0.0885 0.5329
vn 0.6013 -0.4998 0.6234
vn 0.8994 -0.2734 0.3411
vn 0.9917 0.1252 0.0299
vn 0.4442 0.5802 -0.6827
vn 0.4444 0.5802 -0.6826
vn -0.5568 0.4664 -0.6874
vn -0.8696 0.1176 -0.4796
vn -0.9824 -0.1531 -0.1065
vn -0.4177 -0.7150 0.5606
vn -0.4174 -0.7151 0.5608
vn -0.9124 0.3007 -0.2777
vn -0.5803 0.5844 -0.5672
vn -0.1492 -0.9887 -0.0131
vn -0.7861 0.0731 0.6137
vn -0.7054 0.1108 -0.7001
vn -0.7056 0.1110 -0.6998
vn -0.6313 -0.1147 -0.7670
vn -0.6247 0.1038 -0.7739
vn -0.6606 0.1433 -0.7370
vn -0.5789 0.3185 -0.7507
vn 0.0907 0.9941 0.0588
vn -0.7861 0.0732 0.6138
vn -0.1551 -0.2849 0.9459
vn -0.2128 -0.3121 0.9259
vn -0.2810 -0.2780 0.9185
vn -0.2970 0.9200 0.2557
vn -0.3037 0.9190 0.2513
vn 0.1498 0.3647 -0.9190
vn 0.2015 0.3416 -0.9180
vn 0.2032 0.3395 -0.9184
vn 0.1916 0.1802 -0.9648
vn 0.2988 0.1012 -0.9489
vn 0.2095 0.5204 -0.8278
vn 0.1932 0.3310 -0.9236
vn 0.2097 0.3084 -0.9278
vn 0.1812 0.0629 -0.9814
vn 0.1811 0.0629 -0.9814
vn -0.9807 0.0993 -0.1687
vn -0.9815 0.0955 -0.1659
vn -0.2077 -0.2881 0.9348
vn -0.2212 -0.2910 0.9308
vn -0.2106 -0.2170 0.9532
vn -0.1888 -0.3161 0.9297
vn -0.9744 -0.0135 -0.2243
vn -0.9748 0.1421 -0.1720
vn -0.9738 -0.0085 -0.2272
vn -0.9767 0.0896 -0.1949
vn -0.9772 0.0929 -0.1909
vn -0.2140 -0.3319 0.9187
vn -0.1136 -0.9010 0.4186
vn -0.1497 -0.0175 0.9886
vn -0.7181 0.1118 -0.6869
vn -0.7187 0.1121 -0.6862
vn 0.0122 0.0348 -0.9993
vn 0.0119 0.0346 -0.9993
vn 0.2892 0.9553 0.0620
vn 0.1010 0.8698 0.4829
vn 0.0523 -0.9986 -0.0084
vn 0.2633 -0.0668 0.9624
vn -0.2357 0.9715 -0.0241
vn 0.9604 -0.1255 0.2486
vn 0.9603 -0.1247 0.2497
vn 0.5575 -0.0972 0.8245
vn 0.1879 0.9820 -0.0176
vn 0.7861 -0.0732 -0.6138
vn 0.5575 -0.0973 0.8244
vn -0.1734 -0.9476 -0.2682
vn -0.4831 0.0270 0.8751
vn -0.6242 0.1036 -0.7744
vn -0.1197 -0.9921 -0.0361
vn 0.7861 -0.0732 -0.6137
vn 0.0066 0.9945 -0.1044
vn -0.4853 0.0264 0.8740
vn 0.5518 -0.0359 -0.8332
vn -0.3228 -0.9464 -0.0104
vn -0.4611 -0.8824 -0.0934
vn 0.2638 -0.0667 0.9623
vn -0.9831 0.1240 -0.1346
vn -0.9831 0.1234 -0.1352
vn 0.5535 -0.0370 -0.8320
vn -0.0938 0.9939 0.0581
vn 0.1814 0.9832 -0.0178
vn 0.1768 0.9840 -0.0205
vn -0.1710 -0.0555 -0.9837
vn -0.3292 -0.2990 -0.8957
vn -0.3530 -0.9344 0.0484
vn -0.3528 -0.9344 0.0486
vn -0.0057 -0.3195 0.9476
vn -0.7213 0.6793 0.1352
vn -0.7154 0.6862 0.1316
vn 0.9105 -0.3804 -0.1623
vn 0.9101 -0.3819 -0.1607
vn 0.2346 0.9715 -0.0340
vn -0.1543 0.0741 -0.9852
vn -0.5789 0.3459 -0.7384
vn 0.3174 -0.9463 -0.0617
vn -0.9530 0.2525 0.1673
vn 0.1868 0.0609 0.9805
vn -0.2913 0.3327 0.8969
vn 0.3041 -0.9506 -0.0628
vn 0.2348 0.9714 -0.0341
vn -0.9530 0.2526 0.1672
vn 0.1703 -0.0838 0.9818
vn -0.3080 0.3753 0.8742
vn -0.4200 0.3028 0.8555
vn -0.8474 0.2712 -0.4564
vn -0.8513 0.3377 -0.4016
vn -0.8580 0.1982 -0.4740
vn -0.8527 0.2055 -0.4803
vn -0.8537 0.1988 -0.4813
vn -0.8672 0.1881 -0.4610
vn -0.4239 -0.0859 0.9016
vn -0.4123 -0.0849 0.9071
vn -0.3979 -0.0117 0.9173
vn -0.4803 -0.0304 0.8766
vn -0.1873 -0.0723 0.9796
vn -0.2035 -0.0680 0.9767
vn 0.8765 0.1122 -0.4681
vn 0.9066 0.1645 -0.3886
vn 0.0635 -0.9429 -0.3269
vn 0.9520 0.0331 0.3044
vn 0.0291 -0.9463 -0.3219
vn -0.9803 -0.0762 -0.1824
vn 0.9744 0.0362 0.2217
vn 0.1665 0.0802 -0.9828
vn -0.9904 0.0881 -0.1068
vn -0.9986 -0.0003 -0.0522
vn -0.1651 -0.0075 0.9862
vn 0.9599 -0.0521 0.2753
vn -0.0937 0.7310 0.6759
vn -0.1581 0.1483 0.9762
vn -0.1593 0.1476 0.9761
vn -0.0982 -0.8893 0.4467
vn 0.0481 -0.9017 -0.4297
vn 0.0481 -0.9017 -0.4298
vn 0.1255 -0.5359 -0.8349
vn 0.9958 0.0478 0.0775
vn 0.8438 -0.5337 0.0564
vn 0.5720 0.5001 -0.6502
vn 0.6062 0.7560 0.2471
vn 0.5586 0.7852 0.2674
vn 0.8312 0.4250 0.3584
vn -0.0263 0.9662 0.2566
vn -0.0184 0.9648 0.2623
vn 0.1651 0.2969 -0.9405
vn 0.9974 -0.0668 -0.0279
vn -0.9363 -0.0159 -0.3508
vn -0.8762 0.4755 0.0787
vn 0.3397 0.1908 0.9210
vn 0.9278 -0.3658 -0.0728
vn 0.8447 -0.5209 0.1228
vn 0.9956 -0.0805 0.0471
vn 0.9848 -0.0742 0.1573
vn -0.9358 -0.1436 0.3219
vn -0.1324 -0.5837 0.8011
vn -0.1465 -0.5709 0.8078
vn -0.1539 -0.5708 0.8066
vn -0.1655 -0.5828 0.7956
vn 0.7902 0.6087 -0.0715
vn 0.7901 0.6088 -0.0721
vn 0.9866 -0.0324 0.1599
vn 0.9850 -0.0262 0.1708
vn 0.6420 -0.6962 0.3212
vn 0.6444 -0.6922 0.3250
vn -0.1313 0.4767 0.8692
vn -0.1337 0.4719 0.8714
vn -0.7564 -0.6486 0.0846
vn -0.9874 0.0205 -0.1569
vn 0.1513 -0.2682 -0.9514
vn 0.1512 -0.2682 -0.9514
vn 0.1381 -0.4220 -0.8960
vn 0.1368 -0.4186 -0.8978
vn -0.0620 -0.9607 0.2707
vn -0.0754 -0.9508 0.3006
vn -0.1540 0.1868 0.9703
vn -0.6934 0.6447 -0.3218
vn -0.6953 0.6442 -0.3188
vn -0.9853 0.0200 -0.1696
vn -0.1515 0.2726 0.9501
vn -0.1572 0.1806 0.9709
vn -0.1519 0.2724 0.9501
vn 0.1605 -0.1033 -0.9816
vn 0.1618 -0.1000 -0.9817
vn -0.7528 -0.6515 0.0944
vn -0.9358 -0.1436 0.3220
vn 0.5666 0.0541 -0.8222
vn 0.9846 -0.0571 0.1651
vn 0.9758 -0.0750 0.2052
vn -0.1134 -0.1453 0.9829
vn -0.1805 -0.1620 0.9702
vn 0.9986 -0.0157 -0.0514
vn -0.1683 -0.1191 0.9785
vn -0.1786 -0.1253 0.9759
vn -0.2280 -0.1259 0.9655
vn -0.4550 -0.2243 0.8618
vn -0.1675 -0.1433 0.9754
vn -0.9891 -0.0294 -0.1440
vn 0.0441 -0.9925 -0.1137
vn -0.0210 -0.9826 -0.1844
vn 0.9946 -0.0373 0.0966
vn -0.4580 0.0153 -0.8888
vn 0.0556 0.0355 -0.9978
vn 0.0719 0.0301 -0.9970
vn 0.2848 0.0245 -0.9583
vn 0.2773 0.0278 -0.9604
vn 0.6211 -0.0097 -0.7837
vn 0.3427 0.0137 -0.9393
vn -0.0227 -0.9799 -0.1984
vn 0.0052 -0.9880 -0.1546
vn -0.9552 0.1115 -0.2743
vn -0.9722 0.0242 -0.2330
vn 0.0869 -0.9233 -0.3741
vn 0.0211 -0.9338 -0.3571
vn -0.0031 -0.9280 -0.3725
vn 0.9959 -0.0576 0.0700
vn -0.0321 0.0219 -0.9992
vn -0.2565 0.0715 -0.9639
vn -0.9833 -0.0131 -0.1817
vn 0.9864 -0.0250 0.1627
vn 0.9858 -0.0279 0.1657
vn 0.1620 0.3871 -0.9077
vn 0.1402 -0.4070 -0.9026
vn 0.0380 -0.9268 -0.3736
vn -0.0870 -0.9232 0.3743
vn -0.1621 -0.3859 0.9082
vn -0.1621 -0.3860 0.9082
vn -0.9860 0.0274 -0.1646
vn -0.9860 0.0254 -0.1645
vn -0.9863 0.0246 -0.1632
vn -0.1401 0.4083 0.9020
vn 0.9862 -0.0292 0.1629
vn -0.0382 0.9265 0.3745
vn -0.0382 0.9264 0.3745
vn 0.0870 0.9232 -0.3744
vn 0.1620 0.3872 -0.9077
vn -0.9852 0.0263 -0.1691
vn -0.9860 0.0263 -0.1649
vn -0.9859 0.0265 -0.1655
vn 0.9857 -0.0253 0.1668
vn 0.9860 -0.0260 0.1649
vn 0.9859 -0.0260 0.1655
vn 0.9570 -0.1329 0.2580
vn 0.9633 -0.0193 0.2677
vn 0.7913 0.0232 0.6109
vn 0.7549 0.0341 0.6549
vn 0.7545 0.0275 0.6557
vn 0.7503 -0.2672 0.6047
vn 0.7941 0.1841 0.5792
vn 0.1668 0.1683 -0.9715
vn 0.1022 -0.6896 -0.7169
vn 0.1021 -0.6894 -0.7171
vn 0.1620 -0.0707 -0.9843
vn 0.2625 -0.0585 -0.9632
vn -0.9248 0.0519 0.3768
vn -0.9006 0.0465 0.4322
vn -0.9245 0.0712 0.3745
vn -0.9192 -0.2213 0.3259
vn -0.9295 0.2260 0.2916
vn 0.1979 0.6946 -0.6916
vn 0.0339 0.6988 0.7145
vn 0.0041 0.6854 0.7281
vn -0.0315 -0.7048 0.7087
vn -0.0266 -0.7014 0.7123
vn 0.1944 -0.7087 -0.6782
vn 0.1823 -0.7012 -0.6893
vn 0.2389 0.7161 -0.6558
vn 0.1634 -0.0548 -0.9850
vn 0.7566 0.0240 0.6534
vn 0.7460 -0.0809 0.6610
vn 0.7364 -0.2899 0.6112
vn 0.7825 0.1947 0.5915
vn 0.1668 0.1595 -0.9730
vn 0.1064 -0.6657 -0.7386
vn 0.1063 -0.6655 -0.7388
vn -0.9233 -0.0379 0.3821
vn -0.9260 0.0465 0.3747
vn 0.2588 -0.0344 -0.9653
vn -0.9060 0.0366 0.4216
vn 0.7915 0.0323 0.6104
vn -0.9085 -0.2478 0.3364
vn -0.9218 0.2364 0.3071
vn 0.4204 0.3421 -0.8404
vn 0.4221 0.3463 -0.8378
vn 0.8299 0.5068 -0.2334
vn 0.8606 0.3444 -0.3752
vn 0.4381 0.8724 -0.2167
vn 0.2383 0.8350 -0.4959
vn 0.3675 0.8936 0.2576
vn 0.0749 0.8796 0.4697
vn 0.1292 0.4882 0.8631
vn 0.1216 0.4961 0.8597
vn 0.6375 0.5683 0.5202
vn 0.7536 0.4528 0.4765
vn 0.9357 0.3186 0.1515
vn 0.9351 0.3240 0.1436
vn 0.2290 0.9734 0.0096
vn 0.2387 0.9708 0.0226
vn 0.2779 0.0984 -0.9556
vn 0.3607 0.0385 -0.9319
vn 0.3490 -0.0374 -0.9364
vn 0.9594 -0.2383 0.1506
vn 0.9590 -0.2367 0.1558
vn 0.0574 -0.0700 0.9959
vn 0.0723 -0.0675 0.9951
vn -0.9589 0.2312 -0.1643
vn -0.9589 0.2318 -0.1635
vn -0.0232 0.9997 0.0057
vn 0.1765 -0.0636 -0.9822
vn 0.2484 -0.1370 -0.9589
vn 0.3316 -0.0402 -0.9426
vn 0.2629 -0.9634 0.0529
vn 0.2627 -0.9635 0.0522
vn -0.0815 -0.1142 0.9901
vn -0.1432 -0.3250 0.9348
vn -0.0209 0.9998 0.0040
vn 0.1803 -0.9825 0.0457
vn 0.1890 -0.9810 0.0442
vn -0.3914 0.3895 0.8337
vn -0.0393 0.0171 0.9991
vn 0.0834 0.0733 0.9938
vn 0.0252 0.0309 -0.9992
vn -0.0344 0.9983 -0.0462
vn -0.0305 0.9985 -0.0447
vn 0.0740 0.9969 -0.0272
vn -0.0272 0.9958 -0.0869
vn 0.9506 -0.2701 0.1530
vn 0.9229 -0.3473 0.1662
vn 0.9871 0.0158 0.1592
vn 0.9864 0.0034 0.1645
vn 0.2294 0.0016 0.9733
vn -0.1640 0.9857 0.0396
vn -0.1641 0.9857 0.0396
vn -0.4137 -0.0299 -0.9099
vn -0.4136 -0.0298 -0.9100
vn 0.1178 -0.9928 -0.0237
vn 0.7597 0.5920 -0.2692
vn 0.7596 0.5920 -0.2692
vn 0.4239 0.0314 0.9052
vn 0.4236 0.0315 0.9053
vn 0.9440 -0.0758 -0.3210
vn -0.2182 0.0001 -0.9759
vn -0.2186 -0.0000 -0.9758
vn 0.9820 -0.1795 0.0585
vn 0.8122 0.2569 0.5237
vn 0.8622 0.4938 0.1132
vn 0.5720 0.3123 0.7585
vn 0.9879 0.0036 0.1552
vn 0.9921 -0.0668 0.1057
vn 0.9936 -0.0798 0.0798
vn 0.7828 0.3572 -0.5095
vn 0.9852 0.0313 0.1685
vn 0.8371 0.2395 0.4918
vn 0.6598 0.4080 0.6311
vn -0.5620 0.6557 0.5042
vn -0.6713 0.6247 0.3989
vn -0.8025 -0.3030 -0.5140
vn -0.6962 -0.3773 -0.6107
vn 0.8111 -0.5141 -0.2789
vn 0.7034 -0.6144 -0.3573
vn 0.5448 0.5167 0.6604
vn 0.1839 -0.6531 -0.7346
vn 0.9914 -0.0853 0.0990
vn 0.3565 0.6743 -0.6467
vn 0.1602 0.7157 0.6798
vn 0.3809 0.6762 0.6306
vn 0.9914 -0.0853 0.0989
vn 0.9356 -0.2458 0.2533
vn -0.9976 0.0412 -0.0564
vn -0.9975 0.0413 -0.0565
vn 0.9357 -0.2456 0.2532
vn 0.9770 -0.1450 0.1566
vn 0.9770 -0.1450 0.1565
vn -0.9770 0.1450 -0.1566
vn -0.9770 0.1450 -0.1565
vn -0.9556 0.2035 -0.2129
vn -0.3030 -0.5383 -0.7864
vn -0.1193 -0.5839 -0.8030
vn 0.0703 0.7173 -0.6932
vn 0.0704 0.7174 -0.6931
vn -0.1416 0.7871 0.6003
vn -0.3545 0.7605 0.5440
vn -0.9556 0.2036 -0.2129
vn 0.3679 -0.6123 -0.6998
vn 0.7245 0.3695 0.5819
vn 0.2077 0.7087 -0.6742
vn 0.6829 -0.5858 -0.4364
vn 0.7146 0.3851 0.5840
vn 0.6962 -0.5744 -0.4305
vn -0.6552 -0.3924 -0.6455
vn -0.5854 -0.4150 -0.6965
vn -0.7367 0.5716 0.3614
vn -0.7681 0.5644 0.3024
vn 0.2160 0.7075 -0.6729
vn 0.2089 0.4998 -0.8406
vn 0.2027 0.8598 -0.4687
vn -0.9771 0.1444 -0.1562
vn -0.9770 0.1448 -0.1566
vn -0.9768 0.1454 -0.1569
vn 0.9783 -0.1406 0.1523
vn -0.9772 0.1443 -0.1558
vn -0.9208 0.2726 -0.2791
vn -0.9208 0.2724 -0.2790
vn 0.9736 -0.1556 0.1668
vn 0.9655 -0.1790 0.1893
vn 0.9655 -0.1788 0.1891
vn -0.9857 -0.1289 0.1084
vn -0.9857 -0.1288 0.1083
vn -0.2092 -0.7043 0.6783
vn -0.2093 -0.7043 0.6783
vn 0.9737 -0.1556 0.1667
vn 0.9603 -0.1923 0.2021
vn 0.5702 0.5950 -0.5665
vn 0.0735 0.7048 0.7056
vn -0.0585 0.6963 0.7153
vn 0.1398 0.7126 -0.6875
vn 0.0991 -0.6786 -0.7278
vn 0.0184 -0.6870 -0.7265
vn -0.0335 -0.8247 -0.5645
vn -0.1005 -0.7686 -0.6318
vn 0.9277 -0.2588 0.2689
vn 0.9259 -0.2657 0.2686
vn 0.9622 -0.1906 0.1946
vn -0.0080 0.6989 0.7151
vn 0.0007 0.7238 0.6901
vn -0.9672 0.1744 -0.1849
vn -0.9688 0.1662 -0.1836
vn -0.0269 -0.6527 -0.7571
vn -0.9755 0.1465 -0.1640
vn -0.9721 0.1664 -0.1654
vn -0.9613 -0.1953 0.1944
vn -0.9420 -0.2487 0.2251
vn 0.0648 -0.5534 -0.8304
vn 0.0262 -0.7083 -0.7054
vn 0.0131 -0.6917 -0.7221
vn 0.9754 -0.1497 0.1621
vn 0.9646 -0.1660 0.2051
vn 0.0085 0.7179 0.6960
vn 0.0215 0.7663 0.6421
vn -0.0419 0.6917 0.7209
vn -0.0055 0.7165 0.6976
vn -0.9850 0.1313 -0.1117
vn -0.9856 0.1323 -0.1058
vn -0.0450 -0.8571 -0.5132
vn 0.9655 -0.1616 0.2044
vn -0.9729 0.1579 -0.1690
vn 0.9840 0.0531 -0.1702
vn 0.9828 0.0612 -0.1744
vn 0.9830 0.0732 -0.1683
vn 0.9714 0.1551 -0.1797
vn 0.9533 0.2145 -0.2128
vn -0.0753 -0.1664 -0.9832
vn -0.0308 -0.4725 -0.8808
vn -0.0355 -0.4721 -0.8808
vn -0.0027 -0.6588 -0.7523
vn 0.0003 -0.6589 -0.7522
vn 0.9848 0.0792 -0.1544
vn -0.9723 -0.2290 -0.0471
vn -0.9821 -0.1790 0.0585
vn -0.9860 -0.1234 0.1126
vn 0.0383 0.4581 0.8881
vn 0.0242 0.4526 0.8914
vn 0.0163 0.4928 0.8700
vn -0.1951 0.4686 0.8616
vn -0.2118 0.4681 0.8579
vn -0.1432 0.9737 -0.1770
vn 0.8229 0.5673 -0.0331
vn 0.8865 -0.1506 -0.4376
vn -0.9790 -0.1931 -0.0659
vn -0.9774 -0.1962 -0.0782
vn -0.9932 -0.0540 -0.1036
vn -0.9883 -0.0918 -0.1217
vn -0.9882 0.0536 0.1438
vn -0.9471 -0.3013 0.1109
vn 0.0625 0.8262 0.5598
vn 0.1007 0.5292 0.8425
vn -0.0196 0.7441 0.6678
vn -0.0703 -0.1715 -0.9827
vn 0.7104 -0.3124 -0.6306
vn -0.9472 -0.2644 0.1814
vn -0.7984 -0.5696 0.1953
vn -0.9908 -0.1281 -0.0426
vn -0.9913 -0.1296 -0.0248
vn 0.1312 -0.2820 0.9504
vn 0.1316 -0.2819 0.9504
vn -0.8204 -0.2177 0.5287
vn -0.9847 0.0572 0.1643
vn -0.9263 0.1367 -0.3511
vn -0.9194 -0.0251 -0.3925
vn -0.9752 -0.2040 0.0861
vn -0.1172 0.1025 -0.9878
vn -0.1169 0.1026 -0.9878
vn 0.8020 0.1511 -0.5778
vn 0.7845 0.3145 -0.5345
vn -0.1431 0.4846 -0.8629
vn -0.1427 0.4848 -0.8629
vn 0.9645 0.2601 -0.0454
vn 0.9385 -0.0376 0.3434
vn 0.9919 -0.0021 -0.1272
vn -0.0348 -0.9573 0.2870
vn 0.9176 0.3911 -0.0715
vn 0.1217 0.9655 0.2302
vn 0.0264 0.9778 0.2080
vn 0.0785 0.7576 0.6480
vn -0.9948 -0.0089 0.1019
vn -0.9826 0.1025 0.1546
vn -0.9630 0.2620 -0.0625
vn 0.0203 -0.9609 0.2763
vn 0.0258 -0.9461 0.3228
vn -0.9140 0.3855 0.1262
vn 0.0197 -0.9607 0.2767
vn -0.1152 -0.1691 -0.9788
vn -0.1161 -0.1694 -0.9787
vn 0.9911 0.1055 -0.0812
vn 0.9909 -0.0043 -0.1346
vn -0.0366 0.9551 -0.2939
vn 0.0759 0.7567 0.6493
vn 0.9235 0.2592 -0.2827
vn 0.5742 -0.1327 0.8079
vn 0.5744 -0.1325 0.8078
vn 0.3743 -0.3205 0.8701
vn 0.8443 0.0771 -0.5302
vn 0.9216 0.0592 -0.3837
vn -0.5561 0.3314 -0.7622
vn -0.6818 0.2734 -0.6786
vn -0.8177 -0.1076 0.5655
vn -0.7245 -0.1808 0.6651
vn 0.5126 -0.3376 0.7895
vn 0.6333 -0.3134 0.7076
vn 0.8235 0.1840 -0.5367
vn 0.7717 0.1823 -0.6093
vn -0.5095 0.3715 -0.7762
vn -0.5258 0.3629 -0.7694
vn -0.8642 -0.0763 0.4973
vn -0.8568 -0.0886 0.5080
vn 0.5876 -0.2982 0.7522
vn 0.0804 0.9318 0.3541
vn 0.0821 0.9344 0.3467
vn 0.9769 -0.1105 0.1827
vn 0.1596 0.9335 0.3212
vn 0.2389 0.8973 0.3711
vn 0.9771 -0.1097 0.1825
vn 0.9758 -0.1306 0.1752
vn 0.9718 -0.1482 0.1836
vn 0.7638 -0.6449 -0.0275
vn 0.8171 -0.5763 -0.0144
vn 0.9753 -0.1328 0.1765
vn 0.9637 -0.1974 0.1798
vn 0.9639 -0.2008 0.1751
vn 0.3093 0.0073 -0.9509
vn 0.3053 0.0057 -0.9522
vn 0.9555 -0.1578 0.2492
vn 0.9530 -0.1248 0.2762
vn 0.0907 0.9891 0.1163
vn 0.1206 0.9599 0.2529
vn 0.7585 0.1492 -0.6344
vn 0.6052 0.0809 0.7919
vn 0.5137 -0.0936 0.8528
vn 0.5145 -0.0931 0.8524
vn 0.5626 -0.2762 0.7793
vn 0.7390 -0.2940 -0.6061
vn 0.7286 -0.1756 -0.6621
vn -0.1530 -0.9870 0.0497
vn -0.1515 -0.9869 0.0554
vn 0.7942 0.0268 -0.6071
vn 0.9802 -0.1243 0.1538
vn 0.9802 -0.1244 0.1539
vn 0.8952 -0.1940 0.4011
vn 0.8952 -0.1941 0.4012
vn 0.8953 -0.1940 0.4011
vn 0.8952 -0.1941 0.4011
vn 0.8719 -0.4888 0.0286
vn 0.9726 0.0254 0.2310
vn 0.9726 0.0251 0.2310
vn 0.9738 -0.1511 0.1698
vn -0.9751 0.1359 -0.1754
vn -0.0876 -0.9341 -0.3460
vn -0.0876 -0.9342 -0.3459
vn 0.8719 -0.4889 0.0286
vn -0.2286 -0.2345 0.9449
vn -0.9734 0.1560 -0.1680
vn -0.9734 0.1559 -0.1680
vn -0.9768 0.1046 -0.1867
vn -0.9768 0.1048 -0.1866
vn -0.9751 0.1360 -0.1753
vn -0.9739 0.1502 -0.1701
vn -0.9739 0.1501 -0.1702
vn 0.9739 -0.1499 0.1703
vn 0.9739 -0.1501 0.1702
vn -0.9671 0.0131 0.2541
vn -0.7688 -0.1338 0.6253
vn 0.9672 -0.0126 0.2536
vn -0.0777 0.6873 0.7222
vn -0.0124 -0.9941 -0.1075
vn -0.0128 -0.9941 -0.1074
vn -0.1153 0.3383 0.9339
vn -0.1153 0.3384 0.9339
vn 0.0240 0.9995 0.0215
vn 0.9843 -0.0456 0.1706
vn 0.9791 0.0466 0.1977
vn 0.9867 0.0996 0.1286
vn 0.9886 0.0984 0.1136
vn 0.0270 0.9996 -0.0012
vn 0.1312 -0.0280 -0.9910
vn 0.1313 -0.0281 -0.9909
vn 0.9926 0.0675 0.1006
vn 0.7456 0.6508 0.1432
vn -0.1458 0.0363 -0.9887
vn 0.9909 -0.0266 0.1320
vn 0.4278 0.8999 0.0847
vn 0.5729 -0.8179 0.0519
vn 0.7276 -0.6838 0.0541
vn 0.9835 -0.1638 0.0765
vn 0.1345 0.1666 -0.9768
vn -0.0183 -0.9978 -0.0638
vn -0.0183 -0.9978 -0.0637
vn -0.0229 -0.9993 -0.0291
vn -0.0230 -0.9993 -0.0292
vn -0.1326 -0.3619 0.9227
vn -0.1440 -0.3523 0.9247
vn 0.0390 0.9983 0.0423
vn 0.0208 0.9987 0.0457
vn 0.9828 -0.0182 0.1837
vn 0.9837 -0.0904 0.1556
vn 0.8936 -0.2475 0.3746
vn 0.9736 -0.2110 0.0873
vn -0.9992 0.0402 -0.0083
vn -0.9722 -0.1973 0.1260
vn -0.9949 -0.0519 -0.0869
vn -0.9938 0.0329 -0.1059
vn -0.9709 -0.1574 -0.1804
vn -0.9781 -0.1194 -0.1705
vn 0.1550 0.1247 -0.9800
vn 0.0389 -0.9982 0.0450
vn -0.0205 -0.9987 -0.0472
vn -0.9775 0.0289 -0.2091
vn 0.4006 0.0216 -0.9160
vn 0.4012 0.0217 -0.9157
vn -0.7464 -0.6549 -0.1184
vn -0.7297 -0.6734 -0.1183
vn 0.8417 -0.1290 0.5242
vn 0.5403 -0.0401 0.8405
vn -0.3516 0.9353 0.0414
vn -0.9759 0.1505 -0.1581
vn -0.9793 0.1524 -0.1332
vn -0.9887 0.1194 -0.0904
vn -0.9971 0.0144 -0.0744
vn -0.0576 0.8022 0.5942
vn -0.0577 0.8022 0.5943
vn -0.9815 0.1208 -0.1488
vn -0.7156 0.6945 -0.0748
vn -0.9909 0.0265 -0.1320
vn 0.0243 0.9995 0.0195
vn 0.9984 -0.0169 0.0543
vn -0.2703 0.0071 -0.9627
vn 0.9987 -0.0239 0.0458
vn 0.9228 0.3452 -0.1712
vn 0.9230 0.3448 -0.1707
vn -0.2319 0.1737 -0.9571
vn -0.2396 0.1744 -0.9551
vn -0.9519 -0.2394 0.1911
vn -0.9521 -0.2390 0.1906
vn 0.2103 -0.0748 0.9748
vn -0.2467 0.9525 0.1785
vn -0.2468 0.9524 0.1787
vn 0.2182 -0.0756 0.9730
vn 0.3729 -0.9246 -0.0779
vn 0.1722 -0.0135 0.9850
vn 0.3607 -0.1947 0.9121
vn -0.4871 0.8679 0.0970
vn 0.9030 0.4020 -0.1517
vn 0.9031 0.4018 -0.1517
vn -0.0810 -0.1982 -0.9768
vn -0.9608 -0.2238 0.1634
vn -0.9602 -0.2262 0.1641
vn -0.4881 0.8675 0.0963
vn -0.0930 0.0485 -0.9945
vn 0.9304 0.3314 -0.1567
vn 0.9316 0.3272 -0.1584
vn 0.0195 0.8873 0.4607
vn 0.9426 -0.1410 0.3026
vn 0.9481 -0.1522 0.2792
vn 0.8900 -0.3914 0.2339
vn 0.7231 -0.6294 0.2846
vn 0.8878 -0.2179 0.4053
vn 0.9132 -0.2368 0.3315
vn 0.9494 -0.2227 0.2214
vn 0.9568 -0.1800 0.2283
vn 0.9597 -0.1827 0.2137
vn 0.9464 0.0600 0.3173
vn 0.9413 -0.0702 0.3301
vn 0.4431 0.3718 -0.8158
vn 0.4153 0.0670 -0.9072
vn 0.4200 0.0648 -0.9052
vn 0.3744 -0.1593 -0.9135
vn 0.3720 -0.1582 -0.9147
vn 0.4389 0.3787 -0.8148
vn 0.9217 0.0293 0.3868
vn 0.8502 -0.3188 0.4190
vn -0.8331 0.4133 -0.3676
vn -0.6329 0.1377 -0.7619
vn -0.4244 0.1244 -0.8969
vn -0.3747 0.5020 0.7795
vn -0.3770 0.5082 0.7744
vn -0.1828 0.8860 0.4262
vn -0.3802 0.9143 0.1399
vn -0.3042 0.8918 -0.3348
vn -0.0164 0.8422 -0.5390
vn -0.1077 0.3556 -0.9284
vn -0.1004 0.3628 -0.9265
vn -0.6145 0.5368 -0.5781
vn -0.7423 0.4293 -0.5145
vn -0.8141 0.4749 0.3342
vn -0.7786 0.5980 0.1902
vn 0.2069 -0.9768 -0.0543
vn 0.5077 0.0272 0.8611
vn 0.3559 0.1155 0.9274
vn -0.2002 0.9792 0.0319
vn -0.8014 -0.0851 -0.5921
vn 0.6764 0.7309 -0.0913
vn -0.5981 -0.7146 0.3628
vn 0.4150 0.2651 -0.8703
vn 0.8345 0.3481 -0.4270
vn -0.4267 0.9029 -0.0527
vn -0.2048 -0.0010 -0.9788
vn 0.8525 0.3969 -0.3403
vn 0.3425 -0.9047 -0.2533
vn 0.2969 -0.9527 -0.0651
vn 0.2911 -0.9543 -0.0679
vn 0.4040 -0.9086 0.1062
vn 0.9355 0.3514 0.0362
vn 0.9160 0.3835 0.1181
vn -0.3758 0.8958 0.2373
vn -0.4800 0.8720 0.0958
vn -0.4673 0.8804 0.0806
vn -0.9030 -0.4019 0.1517
vn 0.1376 -0.0289 0.9901
vn 0.1377 -0.0289 0.9901
vn -0.3029 0.5234 -0.7965
vn -0.8433 -0.4861 -0.2292
vn -0.9621 0.0963 -0.2552
vn -0.9845 -0.0257 -0.1736
vn -0.9603 -0.0352 -0.2767
vn -0.8755 -0.3157 -0.3659
vn -0.6075 0.2172 0.7640
vn -0.5659 0.8201 0.0846
vn -0.6137 0.7884 0.0430
vn -0.8654 -0.4738 -0.1631
vn 0.0316 0.7049 -0.7086
vn 0.0315 0.7048 -0.7087
vn -0.0048 -0.7020 -0.7122
vn -0.0051 -0.7017 -0.7124
vn -0.2367 -0.6995 0.6743
vn -0.2369 -0.6994 0.6744
vn -0.2000 0.7074 0.6779
vn -0.2005 0.7071 0.6781
vn 0.0670 0.9976 0.0161
vn 0.1256 -0.3086 -0.9429
vn 0.0636 -0.0542 -0.9965
vn -0.3140 -0.9479 -0.0535
vn -0.3119 -0.9491 -0.0446
vn -0.2583 -0.1901 0.9472
vn -0.3694 -0.0422 0.9283
vn -0.9696 -0.1842 -0.1613
vn -0.9690 -0.1827 -0.1663
vn -0.9138 0.3746 -0.1568
vn -0.0357 0.0473 -0.9982
vn 0.3529 0.2859 -0.8909
vn 0.0698 0.0142 -0.9975
vn -0.1809 0.9816 -0.0607
vn -0.9154 0.3643 -0.1713
vn -0.3980 0.0886 0.9131
vn -0.3834 -0.0538 0.9220
vn 0.9693 0.1840 0.1634
vn 0.9689 0.1801 0.1695
vn -0.0263 -0.0336 -0.9991
vn -0.0619 -0.0603 -0.9963
vn -0.2245 -0.9737 -0.0376
vn 0.0444 0.0357 0.9984
vn -0.3042 0.1492 0.9408
vn -0.1746 0.9833 -0.0520
vn -0.2475 -0.9683 -0.0332
vn 0.0740 0.9972 0.0107
vn -0.1790 -0.1168 0.9769
vn -0.0756 -0.8872 0.4551
vn -0.0635 -0.8838 0.4636
vn -0.1318 -0.0861 0.9875
vn -0.1360 -0.0820 0.9873
vn -0.1968 -0.0804 0.9771
vn -0.2013 -0.0844 0.9759
vn -0.9905 0.0390 -0.1316
vn -0.1363 -0.8818 0.4515
vn -0.1222 -0.8860 0.4473
vn -0.9964 -0.0845 0.0020
vn 0.1822 -0.9833 0.0002
vn 0.3221 -0.1441 0.9357
vn 0.0972 -0.1808 0.9787
vn 0.1655 0.0218 0.9860
vn -0.7495 0.6334 0.1926
vn -0.7494 0.6335 0.1926
vn -0.4118 -0.0855 -0.9073
vn -0.4581 -0.2840 -0.8423
vn -0.2396 -0.2485 -0.9385
vn -0.2555 -0.2209 -0.9412
vn -0.0625 -0.8276 -0.5578
vn 0.0988 -0.9623 -0.2534
vn -0.2912 -0.0541 -0.9551
vn -0.3202 0.7571 -0.5695
vn -0.2858 0.9548 -0.0818
vn -0.3119 0.0997 -0.9449
vn -0.3226 0.0570 -0.9448
vn -0.1769 0.9842 -0.0019
vn -0.6871 0.7065 0.1694
vn -0.6871 0.7066 0.1694
vn -0.3296 0.0969 -0.9391
vn -0.3483 0.0736 -0.9345
vn -0.3497 -0.0730 -0.9340
vn 0.2519 -0.9675 -0.0220
vn 0.2012 0.1453 0.9687
vn 0.2569 0.0296 0.9660
vn -0.1713 0.9852 -0.0036
vn -0.9406 0.1982 0.2755
vn -0.9406 0.1982 0.2756
vn 0.2456 0.2038 0.9477
vn 0.2471 0.2041 0.9472
vn 0.2754 0.1682 0.9465
vn -0.0240 0.8110 0.5845
vn -0.1649 0.9847 0.0571
vn 0.2912 0.0542 0.9551
vn 0.2912 0.0541 0.9551
vn 0.3202 -0.7571 0.5695
vn 0.2008 -0.9416 0.2703
vn 0.3289 -0.1122 0.9377
vn -0.3231 -0.1403 -0.9359
vn -0.3189 -0.0398 -0.9469
vn 0.1786 -0.9839 0.0014
vn 0.1786 -0.9839 0.0013
vn 0.2773 -0.0125 0.9607
vn 0.2401 0.0548 0.9692
vn -0.1942 0.9810 0.0037
vn -0.1942 0.9809 0.0036
vn -0.8243 -0.4925 0.2792
vn 0.8399 0.4373 -0.3216
vn 0.3876 0.9065 0.1673
vn 0.5501 0.6505 0.5237
vn 0.4927 0.6398 -0.5898
vn 0.7654 0.2531 -0.5917
vn 0.0948 0.7788 0.6201
vn 0.2899 0.2318 0.9286
vn 0.7866 0.3948 0.4748
vn 0.2898 0.2318 0.9286
vn 0.6591 -0.4670 0.5895
vn 0.9093 -0.3956 0.1290
vn 0.8580 -0.3727 -0.3535
vn 0.3846 -0.7102 -0.5896
vn 0.6761 0.0059 -0.7368
vn -0.2197 0.4813 -0.8486
vn -0.5359 -0.5494 -0.6410
vn -0.3406 0.8511 -0.3995
vn -0.3006 -0.0988 -0.9486
vn 0.9089 0.2368 -0.3432
vn 0.7879 0.6066 0.1059
vn 0.5360 0.5494 0.6410
vn -0.5926 0.7940 0.1356
vn -0.8280 0.3434 0.4433
vn -0.9089 -0.2368 0.3432
vn -0.7879 -0.6066 -0.1059
vn 0.5926 -0.7940 -0.1356
vn 0.3406 -0.8512 0.3994
vn 0.2197 -0.4812 0.8486
vn 0.3006 0.0988 0.9486
vn 0.8280 -0.3434 -0.4433
vn 0.6365 -0.5170 -0.5724
vn 0.6921 0.1205 0.7117
vn 0.7330 -0.4404 0.5185
vn 0.6112 0.6496 0.4522
vn 0.5378 0.8362 -0.1075
vn 0.5149 0.5715 -0.6390
vn 0.5558 0.0111 -0.8313
vn -0.6921 -0.1206 -0.7116
vn -0.6112 -0.6496 -0.4522
vn -0.5377 -0.8363 0.1075
vn 0.7099 -0.7041 -0.0136
vn -0.5148 -0.5715 0.6390
vn -0.5558 -0.0112 0.8312
vn -0.6366 0.5169 0.5724
vn -0.7099 0.7041 0.0136
vn -0.7330 0.4403 -0.5184
vn 0.8672 0.3634 0.3405
vn -0.7963 0.5996 0.0800
vn 0.6624 0.6345 0.3983
vn -0.5441 0.8136 0.2050
vn -0.7711 -0.0931 -0.6299
vn 0.8645 -0.3310 -0.3782
vn -0.5270 -0.1873 -0.8290
vn 0.6795 -0.3663 -0.6357
vn 0.5439 0.1983 0.8154
vn -0.6877 0.3811 0.6180
vn 0.5610 -0.7994 -0.2153
vn -0.7651 -0.6200 0.1740
vn -0.6706 -0.6165 -0.4127
vn 0.4665 -0.8028 0.3714
vn -0.7721 -0.2067 0.6009
vn 0.4594 -0.3896 0.7982
vn 0.7734 0.6300 -0.0701
vn -0.4772 0.6273 -0.6155
vn -0.5031 0.8194 -0.2748
vn -0.4939 0.2925 -0.8189
vn 0.7823 0.1035 -0.6142
vn -0.5495 -0.1043 -0.8290
vn -0.4772 0.6274 -0.6154
vn 0.7239 -0.2852 -0.6282
vn -0.6444 -0.5432 -0.5382
vn 0.6752 -0.5797 -0.4560
vn 0.7102 0.6297 0.3148
vn -0.5662 0.8157 0.1184
vn 0.6587 0.4447 0.6069
vn -0.6643 0.5066 0.5496
vn 0.5402 -0.8061 -0.2418
vn -0.9098 -0.3267 -0.2560
vn 0.4173 -0.8947 0.1591
vn 0.5221 0.2239 0.8230
vn -0.9195 0.2300 0.3188
vn 0.4050 -0.1815 0.8961
vn -0.5703 0.0594 0.8193
vn -0.5552 -0.8262 -0.0956
vn 0.6364 -0.5172 -0.5723
vn 0.6923 0.1207 0.7115
vn 0.7331 -0.4400 0.5187
vn 0.6114 0.6493 0.4523
vn 0.5379 0.8362 -0.1071
vn 0.5148 0.5719 -0.6387
vn 0.5556 0.0113 -0.8314
vn -0.6922 -0.1207 -0.7115
vn -0.6114 -0.6493 -0.4523
vn -0.5379 -0.8362 0.1071
vn 0.7099 -0.7042 -0.0131
vn -0.5147 -0.5719 0.6388
vn -0.5556 -0.0113 0.8313
vn -0.6364 0.5172 0.5723
vn -0.7100 0.7041 0.0131
vn -0.7331 0.4400 -0.5187
vn 0.6164 -0.6694 -0.4146
vn 0.4295 -0.6131 0.6630
vn 0.4911 -0.8608 0.1338
vn 0.7402 -0.1413 -0.6573
vn 0.7754 0.4353 -0.4574
vn -0.4765 0.0448 -0.8780
vn -0.6021 -0.4870 -0.6328
vn -0.7269 -0.6821 -0.0803
vn -0.7758 -0.4298 0.4619
vn -0.6924 0.1495 0.7058
vn -0.9010 0.1995 0.3853
vn 0.4308 -0.0236 0.9021
vn 0.7300 -0.0464 0.6819
vn 0.9302 0.2602 -0.2588
vn 0.5542 0.2792 0.7842
vn 0.7722 0.6122 -0.1699
vn 0.4047 0.8646 -0.2977
vn 0.7696 0.0524 -0.6363
vn 0.1387 0.4495 0.8825
vn 0.3948 -0.3066 0.8661
vn -0.4100 0.6268 -0.6626
vn -0.6944 0.4729 -0.5425
vn -0.4642 0.8037 -0.3722
vn -0.6768 0.4815 0.5569
vn -0.7308 -0.1483 0.6663
vn -0.2727 0.5264 0.8053
vn -0.0065 0.9329 -0.3600
vn -0.4653 0.2313 -0.8544
vn 0.9220 -0.2372 -0.3059
vn 0.5072 -0.4542 -0.7324
vn -0.4938 -0.3567 -0.7930
vn 0.7659 0.0008 -0.6430
vn -0.4974 0.3780 -0.7808
vn 0.8062 0.4631 -0.3683
vn -0.4589 0.0602 -0.8864
vn 0.7535 -0.4949 0.4328
vn -0.7711 -0.4176 0.4807
vn -0.7101 -0.6871 0.1535
vn 0.4458 -0.4841 0.7529
vn -0.8069 -0.0949 0.5831
vn -0.7404 0.2401 0.6279
vn -0.4647 0.6652 -0.5845
vn 0.7709 0.6368 -0.0118
vn -0.5015 0.8329 -0.2341
vn -0.6612 0.5890 0.4647
vn 0.5259 0.0364 0.8497
vn 0.6113 0.3931 0.6869
vn -0.5728 0.8059 0.1502
vn 0.6996 0.6098 0.3725
vn 0.9088 0.2371 -0.3434
vn 0.7877 0.6068 0.1063
vn 0.8278 -0.3436 -0.4434
vn -0.2199 0.4811 -0.8486
vn -0.3007 -0.0984 -0.9486
vn -0.5357 -0.5491 -0.6415
vn 0.5924 -0.7942 -0.1352
vn 0.3406 -0.8509 0.4000
vn 0.2199 -0.4811 0.8487
vn 0.3007 0.0987 0.9486
vn 0.5361 0.5493 0.6411
vn -0.3405 0.8509 -0.4000
vn -0.5923 0.7943 0.1353
vn -0.8278 0.3436 0.4434
vn -0.9088 -0.2370 0.3433
vn -0.7877 -0.6068 -0.1063
vn 0.8381 -0.5270 -0.1407
vn 0.8427 0.4133 0.3451
vn 0.7913 -0.5507 -0.2656
vn 0.8953 0.4290 0.1203
vn 0.4800 0.8725 0.0913
vn 0.5339 0.6743 -0.5101
vn 0.9278 0.3126 -0.2036
vn 0.8240 -0.4251 0.3745
vn -0.0806 -0.7403 0.6675
vn 0.0257 -0.9460 -0.3230
vn 0.0836 -0.7987 -0.5958
vn 0.8229 -0.5534 -0.1287
vn 0.6949 0.3945 0.6013
vn 0.7489 0.4252 0.5082
vn 0.3959 0.7763 0.4905
vn 0.0294 0.9995 0.0066
vn 0.1083 0.7397 -0.6642
vn 0.1648 0.2600 -0.9514
vn 0.4499 0.2512 -0.8571
vn 0.8882 0.2080 -0.4097
vn -0.2923 0.7296 -0.6183
vn -0.0999 0.2783 -0.9553
vn -0.7083 0.1946 -0.6785
vn -0.8046 0.3975 -0.4410
vn -0.9274 -0.3687 0.0629
vn -0.8553 0.4769 -0.2024
vn -0.7671 -0.4914 -0.4124
vn -0.6734 -0.5099 -0.5353
vn 0.0788 -0.8175 -0.5705
vn -0.7566 -0.5335 -0.3780
vn -0.6181 -0.7783 0.1105
vn -0.0544 -0.9835 0.1723
vn 0.5121 -0.8039 0.3025
vn 0.3869 -0.0124 0.9220
vn -0.1583 0.1715 0.9724
vn -0.0979 0.7057 0.7017
vn -0.8296 0.4262 0.3608
vn -0.8554 0.4644 0.2294
vn -0.0889 0.7649 0.6380
vn -0.0321 0.8685 0.4947
vn -0.5094 0.7886 0.3442
vn -0.4388 0.8951 -0.0792
vn -0.9107 0.4128 0.0157
vn -0.6708 0.0124 0.7415
vn -0.1938 -0.7317 0.6535
vn -0.1429 -0.5675 0.8109
vn -0.7443 -0.3015 0.5959
vn -0.9167 -0.2946 0.2697
vn -0.1595 -0.4283 0.8895
vn 0.4941 -0.3359 0.8019
vn 0.7581 -0.3366 0.5585
vn -0.1195 -0.7743 0.6214
vn -0.7352 -0.5109 0.4456
vn -0.4848 -0.6592 -0.5748
vn 0.0745 -0.7970 -0.5993
vn -0.9699 -0.0666 0.2344
vn -0.4129 -0.9103 0.0306
vn 0.6089 -0.6917 -0.3883
vn 0.9007 -0.1113 0.4199
vn -0.1576 -0.6338 0.7573
vn -0.1878 -0.6363 0.7482
vn -0.5927 -0.7800 0.2008
vn -0.3464 -0.1900 0.9186
vn -0.6118 -0.0516 0.7894
vn -0.5614 0.7306 0.3887
vn -0.5785 0.6165 0.5342
vn -0.0935 0.3522 -0.9313
vn -0.6501 0.2580 -0.7148
vn -0.8414 0.3715 0.3926
vn -0.0693 0.8617 0.5027
vn -0.1254 0.6201 0.7745
vn 0.4349 0.7117 0.5517
vn -0.0432 0.9229 0.3826
vn -0.6449 0.7371 0.2020
vn -0.5465 0.7101 -0.4440
vn 0.1552 0.5059 -0.8485
vn 0.0965 0.8948 -0.4359
vn 0.6987 0.6760 -0.2342
vn 0.8613 0.2174 -0.4593
vn 0.1668 0.1796 -0.9695
vn 0.4102 0.3303 -0.8501
vn 0.1637 -0.0463 -0.9854
vn 0.3686 -0.0777 -0.9264
vn 0.6884 -0.1519 -0.7093
vn 0.6011 0.5882 -0.5409
vn 0.9680 -0.1584 -0.1949
vn 0.7500 0.6582 -0.0660
vn 0.6966 0.6684 0.2607
vn 0.8433 -0.1329 0.5207
vn 0.3918 0.5902 0.7058
vn 0.2984 -0.0916 0.9501
vn 0.2408 -0.1881 0.9522
vn 0.7934 -0.2842 0.5383
vn 0.4348 -0.8180 0.3767
vn -0.0885 -0.6606 0.7455
vn 0.0115 -0.9760 -0.2175
vn 0.0766 -0.8061 -0.5868
vn -0.4564 -0.6634 -0.5930
vn -0.9385 -0.2549 0.2329
vn -0.9707 -0.0683 0.2305
vn -0.8541 -0.0941 -0.5115
vn -0.7712 -0.3247 -0.5476
vn -0.4407 -0.1156 -0.8902
vn -0.6589 0.6818 -0.3176
vn -0.3806 0.6176 -0.6883
vn -0.0464 -0.0727 -0.9963
vn -0.7175 0.6954 0.0400
vn 0.1376 -0.4324 -0.8911
vn 0.3296 -0.4141 -0.8485
vn 0.8934 -0.3490 -0.2828
vn 0.5498 -0.7050 -0.4480
vn -0.0574 -0.4049 -0.9126
vn 0.5869 0.7031 0.4015
vn 0.6991 0.3181 0.6404
vn -0.1828 0.7979 0.5744
vn -0.3455 0.9382 0.0219
vn -0.7206 0.6459 0.2522
vn -0.6095 0.6982 -0.3756
vn -0.1277 0.7400 -0.6603
vn -0.3965 -0.1442 -0.9066
vn -0.2728 0.6204 -0.7353
vn -0.2987 -0.5881 -0.7516
vn -0.6315 -0.4850 -0.6050
vn -0.9183 -0.3385 -0.2055
vn -0.7571 -0.6035 0.2502
vn -0.4742 0.2111 0.8547
vn -0.8614 0.0075 0.5079
vn -0.9803 0.0679 -0.1857
vn 0.5088 -0.5434 0.6678
vn 0.9938 0.1081 -0.0253
vn 0.9677 -0.2442 0.0629
vn 0.8859 0.4634 0.0189
vn 0.8863 0.4613 0.0421
vn 0.8863 0.4611 0.0423
vn 0.8595 0.5112 0.0047
vn -0.0929 0.9951 -0.0351
vn 0.0461 0.0028 -0.9989
vn 0.0462 0.0028 -0.9989
vn 0.9156 0.3951 -0.0746
vn 0.5476 -0.8350 0.0533
vn 0.0964 0.5365 -0.8384
vn 0.9716 -0.2327 0.0442
vn 0.9715 -0.2327 0.0442
vn -0.0909 0.5504 0.8299
vn 0.1844 -0.7202 -0.6688
vn -0.5593 0.8286 -0.0234
vn 0.5593 -0.8286 0.0235
vn 0.0968 0.5364 -0.8384
vn -0.0460 -0.7407 0.6703
vn 0.3935 0.9191 0.0211
vn -0.3935 -0.9191 -0.0205
vn -0.9573 0.2859 -0.0435
vn -0.9552 0.2883 -0.0667
vn -0.9956 -0.0809 -0.0480
vn -0.9220 -0.3706 -0.1122
vn -0.0141 0.5551 -0.8317
vn -0.9385 0.3428 -0.0424
vn -0.0946 0.9955 -0.0016
vn 0.8571 0.5135 0.0410
vn -0.0930 0.9950 -0.0351
vn -0.9370 0.3404 -0.0788
vn -0.9628 0.2166 -0.1618
vn -0.5086 -0.8609 -0.0135
vn -0.3296 -0.9314 0.1547
vn -0.0458 -0.7402 0.6709
vn -0.0141 0.5552 -0.8316
vn -0.9103 -0.4116 -0.0432
vn -0.9104 -0.4116 -0.0432
vn -0.1957 0.5113 0.8368
vn -0.9573 0.2857 -0.0433
vn 0.6461 -0.7413 0.1816
vn -0.0505 0.0436 0.9978
vn 0.9890 0.1409 0.0460
vn 0.9890 0.1408 0.0461
vn 0.0416 0.0492 -0.9979
vn 0.0417 0.0492 -0.9979
vn -0.9978 -0.0480 -0.0462
vn 0.6361 0.7715 0.0093
vn 0.7700 -0.6356 0.0559
vn 0.7682 -0.6382 0.0506
vn -0.6383 -0.7697 -0.0148
vn -0.6361 -0.7715 -0.0093
vn -0.7700 0.6356 -0.0559
vn -0.7683 0.6381 -0.0505
vn 0.6383 0.7696 0.0149
vn 0.6617 -0.7497 0.0117
vn 0.5253 -0.8506 -0.0245
vn -0.5058 -0.8602 -0.0649
vn -0.3781 -0.9250 -0.0388
vn -0.9754 0.2177 -0.0346
vn -0.9573 0.2859 -0.0434
vn -0.9084 -0.4160 -0.0431
vn -0.9095 -0.4136 -0.0425
vn -0.0142 0.5552 -0.8316
vn -0.0461 -0.7408 0.6702
vn -0.3561 -0.9305 0.0862
vn -0.5094 -0.8604 0.0120
vn -0.9737 0.2178 -0.0667
vn -0.0945 0.9955 -0.0016
vn 0.9166 0.3975 0.0434
vn 0.8766 0.4810 0.0152
vn 0.8863 0.4612 0.0421
vn 0.8811 0.4699 0.0535
vn 0.9711 -0.2344 0.0443
vn 0.9708 -0.2356 0.0446
vn -0.0905 0.5539 0.8277
vn 0.2042 -0.7557 -0.6222
vn -0.2167 0.5076 0.8339
vn 0.0967 0.5364 -0.8384
vn 0.5424 -0.8376 0.0654
vn 0.6536 -0.7467 0.1231
vn 0.8108 0.5789 0.0865
vn 0.8044 0.5890 0.0770
vn -0.2562 -0.2415 0.9360
vn 0.9595 0.2776 0.0483
vn 0.9545 0.2950 0.0440
vn -0.0946 0.9955 -0.0015
vn 0.2457 0.9511 0.1871
vn -0.3060 -0.3290 -0.8934
vn 0.7629 0.6453 0.0386
vn 0.7508 0.6605 0.0082
vn 0.8135 0.5796 0.0471
vn 0.4010 0.2587 -0.8788
vn 0.4428 -0.1813 -0.8781
vn 0.9051 -0.4155 0.0900
vn 0.8538 -0.5195 0.0354
vn 0.1410 0.2593 -0.9554
vn 0.9980 -0.0450 0.0446
vn 0.9991 -0.0277 0.0315
vn 0.9989 0.0091 0.0453
vn 0.9897 -0.0801 0.1191
vn -0.4365 0.2069 0.8756
vn 0.8844 -0.4644 0.0457
vn 0.9053 -0.4156 0.0875
vn -0.0461 -0.0028 0.9989
vn -0.0462 -0.0028 0.9989
vn -0.0961 0.9948 0.0341
vn -0.0962 0.9948 0.0341
vn -0.9096 0.4155 -0.0029
vn -0.9048 0.4258 0.0065
vn 0.2099 -0.1972 0.9576
vn -0.9949 0.0918 -0.0425
vn -0.9716 -0.2319 -0.0472
vn -0.9845 -0.1649 -0.0590
vn -0.5842 -0.8094 -0.0596
vn 0.1384 -0.9838 0.1138
vn -0.0835 0.9760 -0.2009
vn 0.1007 -0.9823 -0.1582
vn 0.4047 -0.9133 0.0457
vn 0.0908 -0.9929 0.0772
vn -0.8140 -0.5796 -0.0377
vn -0.7828 -0.6222 0.0074
vn 0.3076 0.2776 0.9101
vn -0.9636 -0.2657 0.0283
vn -0.2282 -0.9735 0.0163
vn -0.0835 0.9760 -0.2010
vn -0.0949 0.9955 0.0046
vn -0.9984 0.0539 0.0161
vn -0.9996 -0.0028 -0.0281
vn -0.9979 -0.0232 -0.0612
vn -0.9985 -0.0261 -0.0482
vn -0.9686 -0.2434 -0.0514
vn 0.0253 0.2116 -0.9770
vn 0.0252 0.2118 -0.9770
vn 0.9976 -0.0567 0.0399
vn 0.9857 0.1625 0.0439
vn 0.8966 0.4405 -0.0456
vn 0.0392 -0.9933 0.1092
vn 0.7289 -0.6846 0.0013
vn 0.2386 -0.1418 -0.9607
vn 0.0614 -0.1652 -0.9843
vn 0.0614 -0.1653 -0.9843
vn 0.0991 -0.9892 -0.1083
vn -0.9554 0.2644 -0.1316
vn -0.1185 -0.1758 -0.9773
vn -0.0990 0.2363 -0.9666
vn -0.7315 -0.6816 0.0171
vn 0.0922 -0.9944 0.0509
vn 0.0832 -0.4374 -0.8954
vn -0.3183 -0.2536 -0.9135
vn -0.8137 -0.5796 -0.0451
vn -0.9069 0.4158 -0.0683
vn -0.3600 0.1863 -0.9142
vn -0.0004 0.4424 -0.8968
vn -0.0934 0.9953 -0.0265
vn -0.8723 0.4878 -0.0337
vn -0.8709 0.4900 -0.0373
vn -0.9715 -0.2322 -0.0469
vn 0.4431 -0.2579 -0.8586
vn -0.9929 0.1099 -0.0465
vn -0.3855 0.9226 -0.0154
vn -0.0965 0.9945 0.0411
vn 0.9857 0.1654 0.0310
vn 0.9806 0.1853 0.0638
vn 0.9647 0.2405 0.1073
vn -0.0948 0.9955 0.0046
vn -0.0347 -0.1191 0.9923
vn -0.9635 -0.1117 0.2435
vn 0.1048 -0.9275 -0.3588
vn -0.0348 -0.1191 0.9923
vn 0.9408 0.0693 0.3319
vn -0.0384 -0.0821 0.9959
vn -0.9856 -0.1613 -0.0512
vn -0.9879 -0.1311 0.0825
vn -0.9802 -0.1949 0.0340
vn 0.0732 -0.9370 0.3416
vn -0.0385 -0.0821 0.9959
vn 0.9892 0.0186 0.1455
vn 0.9956 0.0805 0.0487
vn 0.0282 0.1835 -0.9826
vn -0.0912 0.9934 -0.0693
vn 0.9890 -0.1472 0.0164
vn 0.9925 0.0748 0.0965
vn 0.9680 0.0881 0.2350
vn -0.0965 0.9945 0.0407
vn -0.0964 0.9945 0.0409
vn -0.0102 -0.3499 0.9367
vn 0.0978 -0.9925 -0.0733
vn 0.0977 -0.9925 -0.0734
vn -0.9942 -0.0873 -0.0634
vn -0.9891 -0.1157 -0.0908
vn -0.9835 -0.1588 -0.0872
vn -0.9946 -0.0890 -0.0527
vn 0.0926 -0.5789 -0.8101
vn 0.0927 -0.5789 -0.8101
vn 0.9974 0.0727 0.0015
vn 0.9936 0.1130 -0.0017
vn 0.9983 0.0475 0.0328
vn -0.0242 0.6327 -0.7740
vn 0.9990 0.0226 0.0381
vn 0.9992 0.0237 0.0333
vn 0.0480 -0.7986 0.5999
vn 0.0481 -0.7986 0.5999
vn -0.9882 -0.1238 -0.0900
vn -0.9882 -0.1239 -0.0905
vn -0.0912 0.9934 -0.0694
vn -0.9691 -0.2035 0.1391
vn 0.0955 -0.9953 -0.0184
vn 0.9011 -0.4144 0.1274
vn 0.8387 0.5282 0.1323
vn 0.7974 0.5794 -0.1685
vn -0.1078 0.8417 0.5291
vn -0.1037 0.8325 0.5443
vn -0.5816 -0.4361 -0.6866
vn -0.9018 0.4293 0.0487
vn -0.8163 -0.5757 0.0469
vn -0.8149 -0.5774 0.0494
vn 0.0901 -0.9919 0.0900
vn -0.0462 -0.0017 0.9989
vn -0.0465 -0.0022 0.9989
vn -0.0344 -0.1261 0.9914
vn -0.8930 0.4286 0.1373
vn -0.9843 0.1555 0.0835
vn 0.0793 -0.3878 -0.9183
vn 0.0826 -0.3924 -0.9161
vn 0.9568 0.2873 0.0449
vn 0.9770 0.1644 0.1360
vn -0.0400 -0.0650 0.9971
vn -0.0531 0.0751 0.9958
vn -0.0533 0.0749 0.9958
vn 0.0386 0.0808 -0.9960
vn 0.0389 0.0805 -0.9960
vn -0.0398 -0.0648 0.9971
vn -0.9988 -0.0175 -0.0461
vn -0.0339 -0.1243 0.9917
vn 0.7810 0.5863 0.2152
vn 0.9016 -0.4130 0.1290
vn 0.0269 0.1962 -0.9802
vn -0.0636 0.1906 0.9796
vn -0.9934 -0.1049 -0.0462
vn -0.9761 0.2086 0.0616
vn 0.0800 -0.3944 -0.9154
vn 0.0800 -0.3945 -0.9154
vn 0.9362 0.3487 0.0442
vn 0.9938 0.0826 0.0746
vn -0.0411 -0.0545 0.9977
vn -0.0636 0.1908 0.9796
vn 0.0938 -0.9954 0.0191
vn 0.0937 -0.9954 0.0191
vn -0.9840 -0.1748 -0.0350
vn -0.9632 -0.2306 -0.1380
vn 0.1052 -0.8897 -0.4443
vn 0.1052 -0.8896 -0.4444
vn 0.9979 -0.0441 -0.0469
vn 0.9205 0.1208 -0.3717
vn -0.1049 0.9245 0.3666
vn -0.1049 0.9244 0.3666
vn 0.0413 0.0531 -0.9977
vn -0.8886 -0.0511 -0.4559
vn 0.9983 0.0137 0.0570
vn -0.0248 0.0094 0.9996
vn -0.0245 0.0091 0.9997
vn -0.0719 0.9974 -0.0035
vn 0.9944 0.0949 0.0460
vn 0.9945 0.0942 0.0464
vn 0.1167 -0.9932 0.0055
vn 0.1169 -0.9931 0.0058
vn 0.0696 -0.0052 -0.9976
vn 0.0694 -0.0048 -0.9976
vn -0.0721 0.9974 -0.0037
vn 0.9892 0.0942 0.1124
vn 0.2916 0.7008 0.6510
vn 0.7391 0.0713 0.6699
vn 0.4113 0.9072 0.0880
vn -0.4767 0.6278 0.6153
vn -0.5809 0.8129 0.0420
vn -0.7976 -0.0748 0.5985
vn -0.9953 -0.0945 0.0203
vn -0.4175 -0.9076 0.0447
vn -0.3502 -0.7044 0.6174
vn 0.5748 -0.8132 0.0908
vn 0.4181 -0.6314 0.6531
vn 0.8338 0.0796 -0.5462
vn 0.3010 0.7189 0.6266
vn 0.7799 0.0764 0.6212
vn 0.3573 0.7223 -0.5921
vn 0.5644 -0.1243 -0.8161
vn 0.5516 -0.0426 0.8330
vn -0.4308 0.6474 -0.6288
vn -0.8341 -0.0771 0.5462
vn -0.4870 0.6441 0.5900
vn -0.7802 -0.0738 -0.6212
vn -0.6109 -0.1595 0.7755
vn -0.4620 -0.2356 -0.8550
vn 0.6419 0.0746 0.7631
vn 0.6999 -0.0382 0.7132
vn 0.7612 0.1145 0.6383
vn 0.6346 0.1728 0.7533
vn -0.6968 -0.0118 0.7172
vn -0.7090 0.0016 0.7052
vn -0.7216 0.0021 0.6923
vn -0.7371 -0.0138 0.6756
vn -0.7444 0.1343 -0.6541
vn -0.7011 0.0287 -0.7125
vn -0.1514 0.9801 0.1288
vn -0.7295 0.1310 -0.6713
vn -0.5518 0.2526 -0.7948
vn -0.6800 0.0400 -0.7321
vn -0.1495 0.9755 0.1613
vn -0.1147 0.9737 0.1968
vn -0.1164 0.9792 0.1661
vn -0.2624 0.9131 0.3121
vn -0.2912 0.9029 0.3161
vn -0.3046 0.9033 0.3022
vn -0.2727 0.9150 0.2975
vn -0.6513 0.4001 0.6448
vn -0.6571 0.4166 0.6282
vn -0.6297 0.4156 0.6563
vn -0.6496 0.3970 0.6484
vn -0.0650 -0.9977 -0.0209
vn 0.3003 0.2692 0.9151
vn -0.4355 0.8742 0.2147
vn -0.4275 0.8545 0.2952
vn -0.7399 0.5329 0.4105
vn -0.5004 0.1635 -0.8502
vn -0.3130 0.3935 -0.8644
vn -0.0356 -0.9951 -0.0920
vn -0.0494 -0.9951 -0.0854
vn -0.5121 0.4562 -0.7278
vn -0.0348 -0.9952 -0.0915
vn 0.9004 0.1200 -0.4182
vn 0.9000 0.1198 -0.4190
vn 0.0539 0.9952 0.0822
vn 0.0537 0.9952 0.0822
vn -0.4107 0.1980 -0.8900
vn -0.7383 0.5337 0.4124
vn 0.3586 -0.0320 0.9330
vn 0.4461 0.0015 0.8950
vn 0.5062 0.2058 0.8375
vn 0.2801 -0.9455 -0.1659
vn 0.2822 -0.9435 -0.1736
vn 0.1737 -0.1246 0.9769
vn 0.1738 -0.1241 0.9769
vn -0.1825 0.9714 0.1521
vn -0.1847 0.9697 0.1600
vn -0.0658 0.1519 -0.9862
vn -0.0660 0.1511 -0.9863
vn 0.7461 0.6424 -0.1751
vn 0.7462 0.6424 -0.1746
vn 0.7235 0.1253 0.6789
vn 0.3151 -0.0668 0.9467
vn -0.0387 -0.3970 0.9170
vn 0.4167 -0.3034 0.8569
vn 0.7800 -0.0228 0.6254
vn 0.8983 0.2993 -0.3216
vn 0.8984 0.2992 -0.3213
vn 0.1001 0.3411 -0.9347
vn -0.3589 0.1132 -0.9265
vn -0.7369 -0.0259 -0.6755
vn -0.8465 -0.4645 0.2601
vn -0.8464 -0.4646 0.2604
vn -0.4553 0.3485 -0.8193
vn 0.0467 0.4894 -0.8708
vn 0.2723 -0.9565 -0.1043
vn 0.1612 -0.0998 0.9819
vn -0.9204 -0.2951 0.2566
vn -0.9203 -0.2949 0.2570
vn -0.8668 -0.4863 0.1104
vn 0.2723 -0.9565 -0.1044
vn -0.9462 -0.2864 0.1504
vn -0.9440 -0.2563 0.2078
vn -0.9826 -0.0699 0.1722
vn -0.2603 0.9491 0.1774
vn -0.2603 0.9491 0.1773
vn 0.1613 -0.0997 0.9819
vn 0.2806 -0.2154 0.9353
vn 0.2158 -0.2203 0.9513
vn 0.1678 -0.1642 0.9720
vn 0.1754 0.9646 0.1970
vn 0.1674 0.9661 0.1967
vn -0.2465 0.2917 -0.9242
vn -0.2118 0.2518 -0.9443
vn -0.2087 0.2370 -0.9488
vn -0.2830 0.1008 -0.9538
vn -0.2213 0.0010 -0.9752
vn -0.1042 0.4159 -0.9034
vn -0.2246 0.2449 -0.9432
vn -0.2204 0.2179 -0.9507
vn -0.3457 -0.0014 -0.9384
vn -0.3458 -0.0014 -0.9383
vn -0.8406 0.4404 0.3153
vn -0.8410 0.4371 0.3188
vn 0.2318 -0.1997 0.9520
vn 0.2181 -0.1976 0.9557
vn 0.2606 -0.1323 0.9563
vn 0.2357 -0.2325 0.9436
vn -0.8988 0.3329 0.2852
vn -0.8246 0.4783 0.3020
vn -0.8983 0.3374 0.2814
vn -0.8540 0.4300 0.2928
vn -0.8513 0.4333 0.2959
vn 0.2052 -0.2383 0.9493
vn 0.6187 -0.7786 0.1048
vn 0.7729 0.1243 0.6222
vn -0.9150 -0.2962 0.2740
vn -0.9147 -0.2960 0.2750
vn -0.8454 -0.1609 -0.5094
vn -0.8454 -0.1612 -0.5092
vn -0.1612 0.9869 0.0051
vn 0.1432 0.9234 0.3561
vn 0.3638 -0.8910 -0.2718
vn 0.9406 0.2252 0.2543
vn -0.4580 0.7929 0.4019
vn 0.6532 0.2858 -0.7011
vn 0.6538 0.2868 -0.7002
vn 0.9583 0.2778 -0.0673
vn -0.2795 0.9586 0.0550
vn -0.1613 0.0997 -0.9819
vn 0.9583 0.2778 -0.0674
vn 0.0338 -0.9783 -0.2044
vn 0.5231 0.0205 0.8520
vn -0.9463 -0.2866 0.1497
vn 0.2665 -0.9534 -0.1413
vn -0.1612 0.0998 -0.9819
vn -0.4324 0.8865 0.1646
vn 0.5214 0.0190 0.8531
vn -0.4561 0.0048 -0.8899
vn 0.1873 -0.9810 0.0510
vn 0.0376 -0.9897 0.1383
vn 0.9406 0.2254 0.2537
vn -0.5665 -0.2731 0.7775
vn -0.5668 -0.2738 0.7770
vn -0.4541 0.0047 -0.8910
vn -0.3377 0.8813 0.3305
vn -0.1262 0.9545 0.2702
vn -0.1315 0.9541 0.2690
vn -0.4537 0.1220 -0.8828
vn -0.4983 -0.1790 -0.8483
vn -0.0313 -0.9814 -0.1892
vn -0.0335 -0.9812 -0.1900
vn 0.3906 -0.5127 0.7646
vn -0.8038 0.3101 0.5077
vn -0.8016 0.3193 0.5054
vn 0.8794 0.0349 -0.4749
vn 0.8800 0.0331 -0.4738
vn -0.0800 0.9675 0.2397
vn -0.4762 0.2419 -0.8454
vn -0.8590 0.2697 -0.4352
vn 0.5405 -0.7169 -0.4403
vn -0.8793 -0.1668 0.4461
vn 0.4649 -0.1074 0.8788
vn -0.0717 -0.0212 0.9972
vn 0.5290 -0.7257 -0.4398
vn -0.0799 0.9676 0.2397
vn -0.8792 -0.1669 0.4462
vn 0.4923 -0.2437 0.8356
vn -0.6082 0.6640 0.4349
vn -0.7064 0.6089 0.3609
vn -0.3103 0.2601 -0.9144
vn -0.3231 0.3396 -0.8834
vn -0.3314 0.1880 -0.9246
vn -0.3214 0.1921 -0.9272
vn -0.3238 0.1856 -0.9277
vn -0.3488 0.1839 -0.9190
vn -0.8567 0.2578 0.4467
vn -0.8506 0.2584 0.4580
vn -0.8224 0.3279 0.4649
vn -0.8686 0.3119 0.3850
vn -0.7145 0.2544 0.6517
vn -0.7239 0.2604 0.6388
vn 0.7803 -0.0215 -0.6251
vn 0.8368 0.0053 -0.5474
vn -0.0504 -0.8625 -0.5036
vn 0.9995 0.0051 0.0309
vn -0.0821 -0.8678 -0.4900
vn -0.9939 -0.0711 0.0838
vn 0.6479 0.0279 0.7612
vn 0.7040 0.2163 -0.6765
vn -0.7406 0.0793 -0.6672
vn -0.7706 -0.0159 -0.6371
vn -0.7121 -0.1448 0.6870
vn 0.6135 -0.0671 0.7868
vn -0.5452 0.6304 0.5526
vn -0.7176 0.0097 0.6964
vn -0.7168 0.0103 0.6972
vn -0.2537 -0.9436 0.2127
vn 0.3806 -0.8338 -0.3999
vn 0.6449 -0.4149 -0.6418
vn 0.7479 0.0601 0.6611
vn 0.6952 -0.5187 0.4977
vn 0.7922 0.5964 -0.1295
vn 0.2664 0.7291 0.6305
vn 0.2236 0.7495 0.6230
vn 0.4232 0.3848 0.8203
vn -0.2701 0.9230 0.2740
vn -0.2644 0.9197 0.2901
vn 0.6566 0.4252 -0.6230
vn 0.8234 -0.0398 0.5661
vn -0.5434 0.0106 -0.8394
vn -0.7964 0.4405 -0.4144
vn -0.2816 0.0693 0.9570
vn 0.8247 -0.3318 0.4580
vn 0.6568 -0.5149 0.5509
vn 0.7798 -0.0617 0.6230
vn 0.7045 -0.0713 0.7061
vn -0.9223 -0.2162 0.3203
vn -0.9223 -0.2163 0.3203
vn 0.0813 -0.7274 0.6814
vn 0.0698 -0.7165 0.6941
vn 0.0623 -0.7163 0.6950
vn 0.0479 -0.7265 0.6855
vn 0.7509 0.6334 -0.1870
vn 0.7506 0.6336 -0.1875
vn 0.9914 -0.0312 -0.1271
vn 0.9930 -0.0270 -0.1153
vn 0.6923 -0.7215 0.0126
vn 0.6958 -0.7181 0.0160
vn 0.1244 0.3256 0.9373
vn 0.1227 0.3204 0.9393
vn -0.7156 -0.6739 0.1835
vn -0.9915 0.0072 0.1297
vn -0.1239 -0.0976 -0.9875
vn -0.0955 -0.1068 -0.9897
vn -0.0963 -0.3242 -0.9411
vn -0.1259 -0.2634 -0.9564
vn -0.0030 -0.9932 0.1165
vn -0.0073 -0.9886 0.1501
vn 0.1250 0.0225 0.9919
vn -0.7429 0.6694 -0.0073
vn -0.7328 0.6793 -0.0393
vn -0.9975 0.0153 0.0684
vn 0.1235 0.1104 0.9862
vn 0.1220 0.0162 0.9924
vn 0.1231 0.1103 0.9862
vn -0.1203 0.0619 -0.9908
vn -0.1191 0.0652 -0.9907
vn -0.7095 -0.6783 0.1913
vn -0.9222 -0.2164 0.3204
vn -0.9223 -0.2162 0.3202
vn 0.3184 0.2250 -0.9209
vn 0.9904 -0.0563 -0.1265
vn 0.9926 -0.0817 -0.0896
vn 0.1595 -0.3304 0.9302
vn 0.0912 -0.3465 0.9336
vn 0.9449 0.0253 -0.3265
vn 0.1060 -0.3057 0.9462
vn 0.0954 -0.3116 0.9454
vn 0.0450 -0.3117 0.9491
vn -0.2040 -0.3960 0.8953
vn 0.1055 -0.3287 0.9385
vn -0.9908 -0.0327 0.1313
vn -0.0112 -0.9518 -0.3066
vn -0.0931 -0.9308 -0.3535
vn 0.9815 -0.0238 -0.1900
vn -0.6854 0.1674 -0.7086
vn -0.2217 0.2237 -0.9491
vn -0.2058 0.2187 -0.9538
vn 0.0093 0.2126 -0.9771
vn 0.0017 0.2160 -0.9764
vn 0.3797 0.1567 -0.9118
vn 0.0700 0.2003 -0.9772
vn -0.0985 -0.9255 -0.3657
vn -0.0598 -0.9408 -0.3336
vn -0.9910 0.1312 0.0257
vn -0.9979 0.0372 0.0528
vn -0.0405 -0.8336 -0.5508
vn -0.0993 -0.8492 -0.5186
vn -0.1266 -0.8414 -0.5254
vn 0.9749 -0.0387 -0.2193
vn -0.3066 0.2079 -0.9289
vn -0.5113 0.2429 -0.8244
vn -0.9952 -0.0094 0.0972
vn 0.9921 -0.0244 -0.1232
vn 0.9923 -0.0279 -0.1206
vn -0.0888 0.5336 -0.8410
vn -0.1238 -0.2510 -0.9600
vn -0.0851 -0.8525 -0.5157
vn -0.0851 -0.8525 -0.5158
vn 0.0025 -0.9738 0.2275
vn 0.0889 -0.5326 0.8417
vn -0.9922 0.0271 0.1217
vn -0.9923 0.0252 0.1214
vn -0.9922 0.0241 0.1225
vn 0.1238 0.2525 0.9597
vn 0.1238 0.2524 0.9597
vn 0.9919 -0.0285 -0.1237
vn 0.0852 0.8520 0.5166
vn 0.0852 0.8519 0.5166
vn -0.0025 0.9737 -0.2277
vn -0.0025 0.9737 -0.2276
vn -0.0888 0.5336 -0.8411
vn -0.9928 0.0267 0.1170
vn -0.9923 0.0260 0.1212
vn -0.9923 0.0263 0.1207
vn 0.9926 -0.0254 -0.1192
vn 0.9923 -0.0258 -0.1211
vn 0.9924 -0.0259 -0.1207
vn 0.6292 -0.1449 0.7636
vn 0.6174 -0.0335 0.7859
vn 0.2733 -0.0418 0.9610
vn 0.2171 -0.0378 0.9754
vn 0.2169 -0.0444 0.9752
vn 0.2727 -0.3296 0.9039
vn 0.2783 0.1219 0.9527
vn 0.6889 0.3021 -0.6589
vn 0.5720 -0.5836 -0.5763
vn 0.5721 -0.5834 -0.5765
vn 0.7162 0.0669 -0.6947
vn 0.7831 0.0785 -0.6169
vn -0.9690 -0.0205 -0.2460
vn -0.9816 -0.0329 -0.1879
vn -0.9693 -0.0011 -0.2458
vn -0.9075 -0.2841 -0.3093
vn -0.9398 0.1633 -0.3002
vn 0.5134 0.7791 -0.3598
vn -0.4705 0.5972 0.6496
vn -0.4898 0.5875 0.6442
vn -0.3726 -0.7948 0.4790
vn -0.3664 -0.7828 0.5030
vn 0.6154 -0.6034 -0.5072
vn 0.6194 -0.6120 -0.4917
vn 0.5199 0.7907 -0.3234
vn 0.7161 0.0828 -0.6930
vn 0.2203 -0.0476 0.9743
vn 0.2177 -0.1528 0.9640
vn 0.2599 -0.3533 0.8987
vn 0.2606 0.1304 0.9566
vn 0.6906 0.2936 -0.6609
vn 0.5857 -0.5569 -0.5889
vn 0.5858 -0.5568 -0.5889
vn -0.9621 -0.1102 -0.2495
vn -0.9681 -0.0256 -0.2491
vn 0.7791 0.1025 -0.6184
vn -0.9788 -0.0414 -0.2007
vn 0.2728 -0.0328 0.9615
vn -0.9025 -0.3116 -0.2972
vn -0.9438 0.1717 -0.2823
vn 0.7981 0.4622 -0.3866
vn 0.7975 0.4660 -0.3831
vn 0.7532 0.5524 0.3571
vn 0.8773 0.4115 0.2468
vn 0.3928 0.9034 0.1717
vn 0.4005 0.8997 -0.1736
vn 0.0550 0.8586 0.5097
vn -0.3032 0.8094 0.5030
vn -0.4524 0.3695 0.8117
vn -0.4573 0.3777 0.8051
vn 0.1494 0.5069 0.8490
vn 0.2796 0.4011 0.8723
vn 0.6302 0.3162 0.7091
vn 0.6339 0.3227 0.7029
vn 0.0819 0.9681 0.2370
vn 0.0823 0.9640 0.2530
vn 0.7755 0.2332 -0.5866
vn 0.8340 0.1725 -0.5241
vn 0.8349 0.1036 -0.5406
vn 0.7134 -0.2369 0.6595
vn 0.7013 -0.2340 0.6734
vn -0.5331 -0.2095 0.8197
vn -0.5066 -0.2031 0.8379
vn -0.6957 0.2296 -0.6807
vn -0.6963 0.2300 -0.6800
vn -0.1207 0.9889 0.0861
vn 0.7259 0.0740 -0.6838
vn 0.7700 0.0110 -0.6380
vn 0.8156 0.0994 -0.5701
vn 0.2738 -0.9559 0.1057
vn 0.2723 -0.9560 0.1094
vn -0.6309 -0.2485 0.7350
vn -0.6256 -0.4704 0.6223
vn -0.1179 0.9893 0.0860
vn 0.2149 -0.9753 0.0503
vn 0.2226 -0.9734 0.0544
vn -0.8432 0.2640 0.4683
vn -0.6211 -0.1193 0.7746
vn -0.5251 -0.0601 0.8489
vn 0.6051 0.1665 -0.7786
vn -0.0991 0.9944 0.0379
vn -0.0969 0.9944 0.0414
vn -0.0232 0.9928 0.1175
vn -0.0691 0.9976 0.0095
vn 0.6995 -0.2667 0.6630
vn 0.6771 -0.3456 0.6497
vn 0.6969 0.0164 0.7169
vn 0.6944 0.0034 0.7196
vn 0.2760 -0.2635 0.9243
vn 0.2761 -0.2635 0.9243
vn -0.1389 0.9399 0.3120
vn -0.1388 0.9399 0.3120
vn -0.4576 0.2209 -0.8613
vn 0.0933 -0.9505 -0.2963
vn 0.0932 -0.9506 -0.2962
vn 0.7594 0.6354 -0.1397
vn 0.7596 0.6352 -0.1397
vn 0.4674 -0.2182 0.8567
vn 0.4676 -0.2183 0.8565
vn 0.9254 0.0047 -0.3790
vn 0.9254 0.0048 -0.3790
vn -0.2647 0.2658 -0.9270
vn -0.2658 0.2653 -0.9268
vn 0.7713 -0.1635 0.6150
vn 0.3182 0.2019 0.9263
vn 0.5765 0.4932 0.6514
vn -0.0182 0.2195 0.9754
vn 0.7011 0.0050 0.7131
vn 0.7406 -0.0580 0.6695
vn 0.7583 -0.0674 0.6484
vn 0.8927 0.4406 0.0947
vn 0.6884 0.0305 0.7247
vn 0.3587 0.1896 0.9140
vn 0.6273 0.6489 0.4307
vn -0.3837 0.0922 0.9189
vn -0.5046 0.0130 0.8633
vn -0.7032 -0.6715 -0.2337
vn -0.6539 -0.6505 -0.3862
vn 0.6187 0.1448 -0.7722
vn 0.5459 0.0098 -0.8378
vn 0.5174 0.6573 0.5479
vn -0.0068 -0.2980 -0.9545
vn 0.7655 0.5414 -0.3476
vn -0.4416 0.8224 -0.3587
vn 0.1789 0.5680 0.8033
vn 0.3170 0.6815 0.6595
vn 0.7655 0.5414 -0.3477
vn 0.8904 0.3639 -0.2734
vn -0.7249 -0.5845 0.3646
vn -0.7250 -0.5844 0.3646
vn 0.8164 0.4792 -0.3224
vn 0.8163 0.4792 -0.3224
vn -0.8164 -0.4792 0.3223
vn -0.8163 -0.4792 0.3224
vn -0.8163 -0.4793 0.3224
vn -0.8613 -0.4138 0.2949
vn -0.4176 -0.5073 -0.7539
vn -0.2826 -0.4256 -0.8597
vn -0.6813 0.6825 -0.2645
vn -0.6813 0.6826 -0.2645
vn -0.1037 0.4443 0.8899
vn -0.2680 0.2978 0.9162
vn -0.4417 0.8224 -0.3587
vn 0.1192 -0.1559 -0.9806
vn 0.6599 0.6657 0.3485
vn -0.5736 0.7594 -0.3070
vn 0.4730 0.0289 -0.8806
vn 0.6473 0.6713 0.3611
vn 0.4803 0.0452 -0.8759
vn -0.6397 -0.6322 -0.4371
vn -0.6119 -0.5998 -0.5156
vn -0.5465 -0.0642 0.8350
vn -0.5987 -0.0821 0.7967
vn -0.5667 0.7635 -0.3097
vn 0.8163 0.4793 -0.3224
vn -0.5748 0.6196 -0.5345
vn -0.5260 0.8474 -0.0723
vn -0.8022 -0.5014 0.3242
vn -0.8131 -0.4874 0.3184
vn -0.8270 -0.4647 0.3164
vn 0.8128 0.4840 -0.3243
vn 0.8164 0.4792 -0.3223
vn -0.8157 -0.4800 0.3227
vn -0.8157 -0.4801 0.3227
vn -0.9076 -0.3306 0.2588
vn -0.9075 -0.3308 0.2588
vn 0.8249 0.4677 -0.3175
vn 0.8430 0.4419 -0.3067
vn 0.8429 0.4420 -0.3068
vn -0.5439 -0.7285 0.4164
vn -0.5440 -0.7285 0.4165
vn 0.5731 -0.7574 0.3129
vn 0.5730 -0.7575 0.3129
vn 0.8248 0.4678 -0.3176
vn 0.8530 0.4267 -0.3004
vn -0.2147 0.8848 -0.4135
vn 0.1401 0.5022 0.8533
vn 0.0606 0.4121 0.9091
vn -0.6290 0.7216 -0.2893
vn -0.2146 0.8848 -0.4135
vn -0.0485 -0.3714 -0.9272
vn -0.0984 -0.4286 -0.8981
vn 0.0233 -0.5872 -0.8091
vn -0.0865 -0.5775 -0.8118
vn 0.9001 0.3469 -0.2636
vn 0.9018 0.3404 -0.2662
vn 0.8492 0.4301 -0.3063
vn 0.0933 0.4456 0.8903
vn 0.0734 0.4733 0.8778
vn -0.8396 -0.4469 0.3089
vn -0.8362 -0.4545 0.3069
vn -0.1624 -0.4267 -0.8897
vn -0.8204 -0.4762 0.3164
vn -0.8279 -0.4586 0.3229
vn -0.4472 -0.7751 0.4464
vn -0.3920 -0.8081 0.4397
vn -0.1881 -0.2838 -0.9403
vn -0.0712 -0.4427 -0.8938
vn -0.0973 -0.4360 -0.8946
vn 0.8206 0.4739 -0.3194
vn 0.8457 0.4493 -0.2878
vn 0.0848 0.4730 0.8770
vn 0.0402 0.5250 0.8502
vn 0.0772 0.4182 0.9051
vn 0.0770 0.4629 0.8830
vn -0.7894 -0.5004 0.3555
vn -0.7868 -0.5007 0.3609
vn 0.0601 -0.6256 -0.7778
vn 0.8439 0.4534 -0.2868
vn -0.8267 -0.4652 0.3165
vn 0.9674 0.0669 0.2441
vn 0.9679 0.0750 0.2398
vn 0.9655 0.0870 0.2455
vn 0.9583 0.1688 0.2305
vn 0.9543 0.2282 0.1930
vn 0.3328 -0.1601 -0.9293
vn 0.3364 -0.4663 -0.8182
vn 0.3321 -0.4659 -0.8201
vn 0.3126 -0.6531 -0.6897
vn 0.3153 -0.6532 -0.6884
vn 0.9614 0.0929 0.2589
vn -0.8660 -0.2410 -0.4382
vn -0.9185 -0.1919 -0.3456
vn -0.9448 -0.1368 -0.2977
vn -0.3323 0.4519 0.8279
vn -0.3464 0.4463 0.8251
vn -0.3455 0.4865 0.8024
vn -0.5349 0.4596 0.7090
vn -0.5512 0.4588 0.6969
vn -0.0737 0.9731 -0.2184
vn 0.7564 0.5786 0.3050
vn 0.9899 -0.1362 -0.0404
vn -0.8650 -0.2050 -0.4581
vn -0.8585 -0.2080 -0.4687
vn -0.8647 -0.0659 -0.4980
vn -0.8804 -0.0088 -0.4742
vn -0.9510 0.1231 -0.2837
vn -0.8853 -0.3500 -0.3061
vn -0.1823 0.8228 0.5383
vn -0.2578 0.5242 0.8116
vn -0.2999 0.7388 0.6035
vn 0.3372 -0.1651 -0.9269
vn 0.9098 -0.2986 -0.2884
vn -0.9353 -0.2778 -0.2192
vn -0.8005 -0.5812 -0.1466
vn -0.8863 -0.1408 -0.4413
vn -0.8936 -0.1423 -0.4258
vn -0.2661 -0.2661 0.9265
vn -0.2657 -0.2660 0.9266
vn -0.9631 -0.2218 0.1522
vn -0.9665 0.0453 -0.2528
vn -0.7033 0.1181 -0.7010
vn -0.6789 -0.0442 -0.7329
vn -0.9239 -0.2168 -0.3153
vn 0.2955 0.0862 -0.9515
vn 0.2957 0.0863 -0.9514
vn 0.9669 0.1542 -0.2032
vn 0.9320 0.3180 -0.1739
vn 0.2180 0.4698 -0.8554
vn 0.2185 0.4699 -0.8552
vn 0.8972 0.2734 0.3470
vn 0.7168 -0.0190 0.6970
vn 0.9574 0.0104 0.2886
vn -0.0775 -0.9968 -0.0204
vn 0.8829 0.3533 0.3094
vn 0.0114 0.8537 0.5207
vn -0.0739 0.8761 0.4765
vn -0.1416 0.5388 0.8305
vn -0.9808 0.0073 -0.1951
vn -0.9889 0.0988 -0.1114
vn -0.9140 0.3123 -0.2589
vn -0.0215 -0.9996 -0.0154
vn -0.0302 -0.9990 0.0329
vn -0.9264 0.3748 -0.0370
vn -0.0222 -0.9996 -0.0151
vn 0.1782 0.1216 -0.9765
vn 0.1773 0.1212 -0.9767
vn 0.9675 0.0792 0.2402
vn 0.9871 -0.0107 0.1600
vn 0.0112 0.9999 -0.0070
vn 0.0117 0.9999 -0.0074
vn -0.1470 0.5366 0.8309
vn 0.9546 0.2867 0.0803
vn 0.9637 0.2484 -0.0976
vn 0.9636 0.2486 -0.0978
vn 0.6532 -0.4356 0.6193
vn 0.4225 -0.2245 -0.8781
vn 0.5548 -0.2691 -0.7873
vn -0.7391 0.5096 -0.4405
vn -0.8137 0.4995 -0.2973
vn -0.3922 0.1864 0.9008
vn -0.2883 0.0846 0.9538
vn 0.7166 -0.5001 0.4861
vn 0.7779 -0.5199 0.3529
vn 0.4350 -0.1171 -0.8928
vn 0.3554 -0.1000 -0.9293
vn -0.6969 0.5307 -0.4823
vn -0.7090 0.5284 -0.4671
vn -0.4552 0.2323 0.8595
vn -0.4474 0.2182 0.8673
vn 0.7692 -0.4897 0.4106
vn 0.5315 0.8417 0.0953
vn 0.5299 0.8435 0.0877
vn 0.8496 -0.4349 -0.2984
vn 0.5782 0.8154 0.0283
vn 0.6565 0.7533 0.0389
vn 0.8442 -0.4510 -0.2898
vn 0.8276 -0.4789 -0.2928
vn 0.8264 -0.4831 -0.2894
vn 0.3996 -0.8732 -0.2789
vn 0.4698 -0.8280 -0.3061
vn 0.8302 -0.4699 -0.3000
vn 0.8030 -0.5262 -0.2799
vn 0.7996 -0.5294 -0.2834
vn -0.6712 -0.0678 -0.7382
vn -0.6734 -0.0710 -0.7358
vn 0.6630 0.2549 -0.7039
vn 0.6730 0.2892 -0.6808
vn -0.2103 0.9558 0.2054
vn -0.0730 0.9672 0.2434
vn -0.2677 0.2879 -0.9195
vn 0.8887 0.4509 -0.0836
vn 0.9625 0.2707 -0.0157
vn 0.9623 0.2714 -0.0165
vn 0.9850 0.1081 -0.1346
vn -0.0973 -0.1169 -0.9884
vn -0.1900 -0.0240 -0.9815
vn 0.3228 -0.9440 -0.0689
vn 0.3281 -0.9422 -0.0673
vn -0.1872 0.1949 -0.9628
vn 0.5816 0.2755 -0.7654
vn 0.4020 -0.2119 0.8908
vn 0.4021 -0.2119 0.8907
vn 0.5625 -0.7657 -0.3118
vn 0.9045 -0.3212 -0.2806
vn 0.9044 -0.3215 -0.2806
vn 0.8199 -0.4865 -0.3017
vn 0.8200 -0.4864 -0.3017
vn -0.8285 0.4727 0.3003
vn -0.5338 -0.8414 -0.0844
vn -0.5337 -0.8414 -0.0844
vn 0.5624 -0.7658 -0.3117
vn 0.2367 -0.1422 0.9611
vn -0.8172 0.4908 0.3022
vn -0.8453 0.4441 0.2971
vn -0.8452 0.4443 0.2972
vn -0.8284 0.4728 0.3003
vn -0.8205 0.4856 0.3016
vn -0.8205 0.4855 0.3016
vn 0.8207 -0.4853 -0.3016
vn 0.8205 -0.4856 -0.3016
vn 0.8205 -0.4855 -0.3016
vn -0.7278 0.2302 0.6461
vn -0.5007 -0.0874 0.8612
vn 0.8947 -0.4005 -0.1978
vn 0.4622 0.3919 0.7955
vn -0.4665 -0.8426 -0.2692
vn -0.4677 -0.8422 -0.2683
vn 0.3526 0.0225 0.9355
vn 0.3524 0.0231 0.9356
vn 0.4504 0.8726 0.1892
vn 0.4503 0.8726 0.1892
vn 0.8679 -0.4073 -0.2844
vn 0.9115 -0.3329 -0.2415
vn 0.9176 -0.2650 -0.2962
vn 0.9139 -0.2616 -0.3105
vn 0.4455 0.8794 0.1679
vn -0.2261 0.2670 -0.9368
vn -0.2261 0.2669 -0.9368
vn 0.8999 -0.2859 -0.3293
vn 0.9521 0.2953 -0.0792
vn -0.4319 0.4103 -0.8032
vn 0.8689 -0.3795 -0.3179
vn 0.7700 0.6360 0.0519
vn 0.8689 -0.3794 -0.3179
vn -0.2106 -0.9377 -0.2763
vn 0.3800 -0.8244 -0.4195
vn 0.7872 -0.4787 -0.3887
vn -0.1470 0.4155 -0.8976
vn -0.4587 -0.8587 -0.2287
vn -0.4519 -0.8702 -0.1964
vn -0.4520 -0.8702 -0.1964
vn 0.0375 -0.5898 0.8067
vn 0.0273 -0.5655 0.8243
vn 0.5539 0.8222 0.1307
vn 0.4552 0.8648 0.2118
vn 0.8826 -0.3869 -0.2672
vn 0.8436 -0.4418 -0.3054
vn 0.7728 -0.6265 -0.1015
vn 0.7615 -0.5227 -0.3832
vn -0.8295 0.3526 0.4331
vn -0.8632 0.0881 0.4971
vn -0.8896 0.2497 0.3824
vn -0.7859 0.4974 0.3675
vn -0.9458 0.2261 0.2332
vn -0.9325 0.2588 0.2519
vn -0.1461 0.3937 -0.9075
vn -0.2762 -0.9568 -0.0909
vn -0.4555 -0.8643 -0.2133
vn -0.8819 0.4032 0.2444
vn 0.0470 0.2011 -0.9784
vn 0.0473 0.2011 -0.9784
vn -0.9464 -0.3069 0.1007
vn -0.9401 -0.3286 0.0903
vn 0.8283 -0.5553 0.0745
vn 0.7150 -0.4879 0.5007
vn 0.1128 0.9269 0.3580
vn -0.8123 0.4935 0.3107
vn -0.8062 0.4880 0.3345
vn -0.8142 0.4471 0.3704
vn -0.8611 0.3496 0.3691
vn 0.4859 0.5306 0.6946
vn 0.4858 0.5305 0.6947
vn -0.8265 0.4658 0.3160
vn -0.3351 0.8666 0.3697
vn -0.8689 0.3794 0.3179
vn -0.8689 0.3794 0.3178
vn -0.8818 0.4033 0.2444
vn 0.4499 0.8732 0.1874
vn 0.4500 0.8732 0.1873
vn 0.8600 -0.3346 -0.3852
vn -0.5695 0.4149 -0.7096
vn 0.8444 -0.3456 -0.4094
vn 0.9399 0.1308 -0.3154
vn 0.9401 0.1303 -0.3151
vn -0.3318 0.4072 -0.8509
vn -0.3385 0.4094 -0.8472
vn -0.9342 -0.0271 0.3558
vn -0.9344 -0.0264 0.3553
vn 0.3423 -0.3114 0.8865
vn 0.0660 0.9310 0.3590
vn 0.0659 0.9309 0.3592
vn 0.3492 -0.3138 0.8830
vn 0.0788 -0.9558 -0.2831
vn 0.3253 -0.2457 0.9131
vn 0.4573 -0.4845 0.7458
vn -0.2232 0.9185 0.3265
vn 0.9405 0.1858 -0.2844
vn 0.9406 0.1857 -0.2844
vn 0.0800 -0.9550 -0.2855
vn -0.2994 0.0326 -0.9536
vn -0.9091 -0.2156 0.3564
vn -0.9323 0.0869 0.3511
vn -0.2300 0.9178 0.3236
vn -0.2611 0.2577 -0.9303
vn 0.7191 0.6761 -0.1606
vn 0.8071 0.4743 -0.3516
vn 0.0346 0.9680 0.2485
vn 0.5101 -0.1992 0.8367
vn 0.5239 -0.2176 0.8235
vn 0.4298 -0.4464 0.7848
vn 0.1991 -0.6273 0.7529
vn 0.3866 -0.2319 0.8926
vn 0.4414 -0.2759 0.8538
vn 0.5352 -0.3013 0.7891
vn 0.5504 -0.2603 0.7933
vn 0.5599 -0.2677 0.7841
vn 0.5691 -0.0470 0.8209
vn 0.5025 -0.1250 0.8555
vn 0.9128 0.0334 -0.4071
vn 0.8474 -0.2758 -0.4538
vn 0.8491 -0.2781 -0.4491
vn 0.7487 -0.4837 -0.4534
vn 0.7479 -0.4825 -0.4559
vn 0.9112 0.0408 -0.4099
vn 0.5002 -0.0106 0.8658
vn 0.3185 -0.3164 0.8936
vn -0.3046 0.4177 -0.8560
vn -0.0164 0.0081 -0.9998
vn 0.2151 -0.0793 -0.9734
vn -0.8090 0.3831 0.4459
vn -0.8084 0.3900 0.4409
vn -0.4851 0.8157 0.3152
vn -0.4778 0.8780 -0.0279
vn -0.1353 0.9218 -0.3632
vn 0.2208 0.9068 -0.3591
vn 0.4248 0.4756 -0.7703
vn 0.4288 0.4825 -0.7638
vn -0.2060 0.5961 -0.7760
vn -0.3353 0.4781 -0.8118
vn -0.8969 0.4067 -0.1737
vn -0.7958 0.5490 -0.2555
vn -0.0894 -0.9682 -0.2337
vn 0.6327 -0.2667 0.7270
vn 0.5255 -0.1579 0.8360
vn 0.0926 0.9731 0.2110
vn -0.8809 0.2330 -0.4120
vn 0.8296 0.5428 -0.1312
vn -0.7051 -0.5992 0.3791
vn 0.3196 0.3161 -0.8933
vn 0.8141 0.2049 -0.5434
vn -0.1571 0.9733 0.1672
vn -0.3592 0.2388 -0.9022
vn 0.8595 0.2301 -0.4565
vn 0.0254 -0.8951 -0.4452
vn 0.0006 -0.9656 -0.2601
vn -0.0058 -0.9651 -0.2618
vn 0.1431 -0.9834 -0.1115
vn 0.9887 0.0935 -0.1168
vn 0.9932 0.1131 -0.0290
vn -0.0621 0.8980 0.4355
vn -0.1910 0.9287 0.3179
vn -0.1793 0.9364 0.3016
vn -0.9405 -0.1858 0.2844
vn 0.2892 -0.2526 0.9233
vn 0.2893 -0.2527 0.9233
vn 0.1739 0.6194 -0.7655
vn -0.4939 -0.4695 -0.7319
vn -0.6314 0.1082 -0.7678
vn -0.6853 -0.0243 -0.7278
vn -0.6043 -0.0192 -0.7965
vn -0.4561 -0.2830 -0.8437
vn -0.9586 0.0979 0.2675
vn -0.5849 0.7881 -0.1918
vn -0.5957 0.7612 -0.2564
vn -0.5517 -0.4668 -0.6911
vn 0.3727 0.7949 -0.4787
vn 0.3726 0.7948 -0.4789
vn 0.4846 -0.5990 -0.6375
vn 0.4844 -0.5987 -0.6379
vn -0.5176 -0.7896 0.3296
vn -0.5178 -0.7895 0.3296
vn -0.6294 0.6043 0.4886
vn -0.6298 0.6040 0.4884
vn -0.0543 0.9875 0.1480
vn 0.6955 -0.1129 -0.7096
vn 0.6597 0.0807 -0.7472
vn -0.1274 -0.9382 -0.3218
vn -0.1312 -0.9407 -0.3129
vn -0.7479 -0.3266 0.5780
vn -0.8407 -0.1797 0.5108
vn -0.6558 -0.1816 -0.7327
vn -0.6606 -0.1851 -0.7275
vn -0.6781 0.3716 -0.6341
vn 0.5541 0.1813 -0.8125
vn 0.7791 0.4118 -0.4726
vn 0.6416 0.1508 -0.7521
vn -0.2065 0.9764 -0.0627
vn -0.6698 0.3634 -0.6476
vn -0.8654 -0.0449 0.4990
vn -0.8449 -0.1869 0.5012
vn 0.6635 0.1820 0.7257
vn 0.6600 0.1774 0.7300
vn 0.5701 0.1015 -0.8153
vn 0.5679 0.0992 -0.8171
vn -0.0618 -0.9645 -0.2567
vn -0.5554 -0.0989 0.8257
vn -0.8125 0.0135 0.5828
vn -0.2067 0.9770 -0.0518
vn -0.0834 -0.9603 -0.2664
vn -0.0455 0.9880 0.1478
vn -0.7069 -0.2521 0.6609
vn -0.2407 -0.9422 0.2331
vn -0.2364 -0.9396 0.2474
vn -0.6783 -0.2221 0.7004
vn -0.6820 -0.2180 0.6981
vn -0.7250 -0.2164 0.6539
vn -0.7274 -0.2204 0.6499
vn -0.7213 0.0340 -0.6918
vn -0.2878 -0.9377 0.1945
vn -0.2737 -0.9410 0.1992
vn -0.7924 -0.1066 -0.6006
vn 0.1590 -0.9485 -0.2741
vn 0.3635 -0.3945 0.8440
vn 0.1400 -0.4393 0.8873
vn 0.2133 -0.2469 0.9453
vn -0.7242 0.5650 0.3953
vn -0.7242 0.5651 0.3953
vn -0.4570 0.1667 -0.8737
vn -0.5048 -0.0417 -0.8622
vn -0.2904 0.0164 -0.9568
vn -0.3057 0.0439 -0.9511
vn -0.1087 -0.6456 -0.7559
vn 0.0638 -0.8590 -0.5080
vn -0.3381 0.2086 -0.9177
vn -0.3294 0.8858 -0.3268
vn -0.2669 0.9441 0.1935
vn -0.3547 0.3541 -0.8653
vn -0.3664 0.3131 -0.8762
vn -0.1537 0.9498 0.2725
vn -0.6614 0.6410 0.3894
vn -0.6614 0.6411 0.3894
vn -0.3721 0.3500 -0.8597
vn -0.3911 0.3266 -0.8605
vn -0.3960 0.1852 -0.8994
vn 0.2281 -0.9281 -0.2942
vn 0.2276 -0.9280 -0.2949
vn 0.2511 -0.1236 0.9600
vn 0.3038 -0.2345 0.9234
vn -0.1481 0.9512 0.2708
vn -0.9213 0.1254 0.3680
vn -0.9213 0.1252 0.3681
vn 0.2958 -0.0621 0.9532
vn 0.2973 -0.0617 0.9528
vn 0.3246 -0.0963 0.9409
vn 0.0232 0.6232 0.7817
vn -0.1389 0.9342 0.3285
vn 0.3381 -0.2086 0.9177
vn 0.3295 -0.8857 0.3270
vn 0.1915 -0.9815 -0.0041
vn 0.3711 -0.3644 0.8541
vn -0.3711 0.1207 -0.9207
vn -0.3651 0.2204 -0.9045
vn 0.1554 -0.9494 -0.2730
vn 0.3230 -0.2742 0.9058
vn 0.2878 -0.2113 0.9341
vn -0.1708 0.9453 0.2779
vn -0.1709 0.9453 0.2778
vn -0.8211 -0.5418 0.1794
vn -0.8212 -0.5417 0.1794
vn 0.8200 0.4957 0.2861
vn 0.1229 0.8840 0.4509
vn 0.0690 0.5857 0.8076
vn 0.6792 0.7248 -0.1154
vn 0.9374 0.3482 0.0089
vn -0.3658 0.6896 0.6251
vn -0.3367 0.1104 0.9351
vn 0.3128 0.3445 0.8851
vn 0.2281 -0.5274 0.8184
vn 0.6929 -0.3887 0.6072
vn 0.9334 -0.3019 0.1941
vn 0.7258 -0.6149 -0.3084
vn 0.9755 0.1209 -0.1837
vn 0.4566 0.2367 -0.8576
vn -0.2244 -0.6181 -0.7534
vn 0.2282 0.7380 -0.6351
vn 0.2692 -0.3250 -0.9066
vn 0.9637 -0.0305 0.2652
vn 0.7351 0.4709 0.4877
vn 0.2245 0.6181 0.7534
vn -0.2825 0.8853 -0.3693
vn -0.7762 0.5923 -0.2161
vn -0.9637 0.0305 -0.2651
vn -0.7352 -0.4709 -0.4876
vn 0.2825 -0.8853 0.3694
vn -0.2280 -0.7381 0.6350
vn -0.4566 -0.2367 0.8576
vn -0.2691 0.3250 0.9066
vn 0.7762 -0.5922 0.2162
vn 0.8216 -0.5046 -0.2654
vn 0.3417 0.1240 0.9316
vn 0.4657 -0.4349 0.7707
vn 0.3654 0.6539 0.6625
vn 0.5228 0.8437 0.1214
vn 0.7215 0.5827 -0.3740
vn 0.8452 0.0244 -0.5340
vn -0.3418 -0.1241 -0.9316
vn -0.3653 -0.6540 -0.6625
vn -0.5227 -0.8438 -0.1214
vn 0.6645 -0.6949 0.2747
vn -0.7215 -0.5827 0.3740
vn -0.8452 -0.0245 0.5339
vn -0.8216 0.5045 0.2654
vn -0.6646 0.6949 -0.2747
vn -0.4658 0.4348 -0.7707
vn 0.6185 0.7799 0.0957
vn -0.7630 -0.0451 0.6448
vn 0.3909 0.8539 0.3437
vn -0.6173 0.2621 0.7418
vn -0.8445 -0.4759 -0.2454
vn 0.5137 0.3316 -0.7913
vn -0.7529 -0.3714 -0.5433
vn 0.2551 0.2205 -0.9414
vn 0.7514 0.3921 0.5306
vn -0.2776 -0.2121 0.9370
vn 0.6163 -0.2393 -0.7503
vn -0.1338 -0.9775 0.1632
vn -0.4130 -0.8432 -0.3441
vn 0.8952 -0.3734 -0.2433
vn -0.0778 -0.7159 0.6938
vn 0.9512 -0.1119 0.2875
vn 0.1954 0.9776 -0.0785
vn -0.9682 0.2487 -0.0260
vn -0.8731 0.3471 0.3424
vn -0.9411 0.0241 -0.3374
vn 0.1235 0.6444 -0.7547
vn -0.8074 -0.3189 -0.4963
vn -0.9682 0.2488 -0.0259
vn 0.2527 0.3099 -0.9166
vn -0.5015 -0.7550 -0.4225
vn 0.4537 0.0311 -0.8906
vn 0.3768 0.8903 0.2556
vn -0.6841 0.2606 0.6813
vn 0.5958 0.6795 0.4280
vn -0.3585 -0.0922 0.9289
vn 0.5899 -0.2542 -0.7664
vn -0.6148 -0.7887 0.0053
vn 0.7804 -0.4487 -0.4355
vn 0.7295 0.3973 0.5567
vn -0.5396 -0.4365 0.7199
vn 0.8771 0.0025 0.4804
vn 0.0646 -0.4115 0.9091
vn -0.0554 -0.9721 -0.2279
vn 0.8214 -0.5048 -0.2654
vn 0.3419 0.1242 0.9315
vn 0.4657 -0.4344 0.7710
vn 0.3655 0.6537 0.6626
vn 0.5227 0.8438 0.1219
vn 0.7213 0.5831 -0.3738
vn 0.8451 0.0245 -0.5341
vn -0.3419 -0.1242 -0.9315
vn -0.3656 -0.6537 -0.6626
vn -0.5227 -0.8438 -0.1219
vn 0.6643 -0.6949 0.2752
vn -0.7213 -0.5831 0.3738
vn -0.8450 -0.0245 0.5341
vn -0.8214 0.5048 0.2654
vn -0.6644 0.6949 -0.2752
vn -0.4657 0.4344 -0.7710
vn 0.0734 -0.8425 -0.5336
vn 0.5008 -0.7280 0.4682
vn 0.1998 -0.9794 0.0307
vn 0.2069 -0.3914 -0.8966
vn 0.5143 0.1347 -0.8470
vn -0.8228 0.2139 -0.5265
vn -0.9575 -0.2400 -0.1597
vn -0.8297 -0.3805 0.4084
vn -0.5106 -0.1294 0.8500
vn -0.1411 0.3820 0.9133
vn -0.4588 0.5037 0.7319
vn 0.8053 -0.1780 0.5655
vn 0.9229 -0.3043 0.2357
vn 0.6877 -0.0846 -0.7210
vn 0.9347 0.0620 0.3500
vn 0.7147 0.3002 -0.6317
vn 0.4316 0.6668 -0.6076
vn 0.3003 -0.2207 -0.9280
vn 0.7057 0.3679 0.6055
vn 0.6717 -0.4298 0.6035
vn -0.4808 0.7339 -0.4798
vn -0.6924 0.6900 -0.2109
vn -0.3195 0.9174 -0.2372
vn -0.1049 0.6876 0.7185
vn -0.2829 0.1172 0.9520
vn 0.3605 0.5857 0.7260
vn 0.0917 0.8763 -0.4729
vn -0.7449 0.3843 -0.5453
vn 0.5054 -0.5468 -0.6675
vn -0.1134 -0.6014 -0.7909
vn -0.9147 -0.1558 -0.3730
vn 0.2781 -0.2676 -0.9225
vn -0.6877 0.5326 -0.4934
vn 0.5934 0.1495 -0.7909
vn -0.8085 0.2221 -0.5450
vn 0.6759 -0.7311 0.0924
vn -0.4932 -0.1197 0.8616
vn -0.6965 -0.3921 0.6010
vn 0.5998 -0.6134 0.5138
vn -0.3706 0.1943 0.9083
vn -0.1923 0.4840 0.8537
vn -0.4722 0.7888 -0.3934
vn 0.8033 0.3228 -0.5004
vn -0.2687 0.9573 -0.1064
vn -0.1076 0.7830 0.6126
vn 0.8723 -0.1553 0.4636
vn 0.9644 0.1487 0.2185
vn -0.1343 0.9557 0.2618
vn 0.9377 0.3214 -0.1321
vn 0.9638 -0.0303 0.2649
vn 0.7348 0.4712 0.4878
vn 0.7761 -0.5925 0.2159
vn 0.4565 0.2365 -0.8577
vn 0.2692 -0.3247 -0.9067
vn -0.2240 -0.6180 -0.7536
vn 0.2820 -0.8854 0.3695
vn -0.2284 -0.7376 0.6354
vn -0.4565 -0.2365 0.8577
vn -0.2692 0.3248 0.9067
vn 0.2240 0.6180 0.7536
vn 0.2285 0.7377 -0.6353
vn -0.2820 0.8854 -0.3694
vn -0.7761 0.5925 -0.2159
vn -0.9638 0.0303 -0.2649
vn -0.7348 -0.4712 -0.4878
vn 0.7546 -0.4650 -0.4631
vn 0.9142 0.3673 0.1712
vn 0.6746 -0.4662 -0.5724
vn 0.9030 0.4265 -0.0524
vn 0.5059 0.8544 0.1185
vn 0.3870 0.7743 -0.5006
vn 0.8421 0.3740 -0.3886
vn 0.8857 -0.4619 0.0457
vn 0.0906 -0.8544 0.5116
vn -0.0858 -0.8674 -0.4901
vn -0.1022 -0.6699 -0.7354
vn 0.7427 -0.4936 -0.4525
vn 0.8426 0.2962 0.4497
vn 0.8695 0.3455 0.3530
vn 0.5333 0.6825 0.4998
vn 0.0524 0.9810 0.1868
vn -0.0630 0.8541 -0.5163
vn -0.0988 0.4388 -0.8932
vn 0.2009 0.4213 -0.8844
vn 0.7448 0.3087 -0.5917
vn -0.4354 0.8231 -0.3645
vn -0.3538 0.4493 -0.8203
vn -0.8638 0.2962 -0.4076
vn -0.8861 0.4479 -0.1190
vn -0.8819 -0.4026 0.2452
vn -0.8671 0.4795 0.1350
vn -0.8620 -0.4290 -0.2701
vn -0.8063 -0.4212 -0.4153
vn -0.1002 -0.6932 -0.7137
vn -0.8433 -0.4765 -0.2485
vn -0.5807 -0.8041 0.1277
vn -0.0266 -0.9996 -0.0082
vn 0.5576 -0.8301 -0.0077
vn 0.6263 -0.1730 0.7601
vn 0.1205 -0.0189 0.9925
vn 0.1156 0.5582 0.8216
vn -0.6878 0.3250 0.6491
vn -0.7481 0.3862 0.5396
vn 0.1080 0.6286 0.7702
vn 0.1253 0.7589 0.6391
vn -0.3767 0.6939 0.6137
vn -0.4235 0.8799 0.2152
vn -0.8614 0.3739 0.3437
vn -0.4393 -0.1478 0.8861
vn -0.0220 -0.8469 0.5313
vn -0.5358 -0.6752 0.5071
vn -0.9182 -0.3962 0.0024
vn -0.8653 -0.3491 -0.3596
vn -0.6091 -0.5483 0.5730
vn -0.0422 -0.4301 0.9018
vn 0.3130 -0.3919 0.8651
vn -0.3851 -0.8538 0.3502
vn -0.8017 -0.5830 -0.1319
vn 0.0144 -0.5861 -0.8101
vn 0.4912 -0.7066 -0.5094
vn -0.9096 -0.1197 -0.3978
vn -0.2590 -0.9151 -0.3091
vn 0.7855 -0.6187 -0.0125
vn 0.4868 -0.1467 0.8611
vn -0.5094 -0.7339 0.4492
vn -0.5281 -0.7359 0.4238
vn -0.5167 -0.8132 -0.2677
vn -0.7997 -0.3205 0.5076
vn -0.9503 -0.1719 0.2595
vn -0.7514 0.6583 0.0447
vn -0.8395 0.5252 0.1397
vn 0.4381 0.4729 -0.7645
vn -0.1266 0.3376 -0.9327
vn -0.9429 0.2957 -0.1533
vn -0.4365 0.7838 0.4417
vn -0.6176 0.5064 0.6017
vn -0.0459 0.6400 0.7670
vn -0.3510 0.8614 0.3672
vn -0.7092 0.6881 -0.1532
vn -0.2475 0.7512 -0.6120
vn 0.5739 0.6196 -0.5355
vn 0.2455 0.9476 -0.2046
vn 0.6318 0.7171 0.2943
vn 0.9399 0.2972 0.1682
vn 0.6866 0.3131 -0.6562
vn 0.7968 0.4516 -0.4015
vn 0.7158 0.0913 -0.6923
vn 0.8485 0.0569 -0.5261
vn 0.9848 -0.0388 -0.1694
vn 0.7426 0.6696 -0.0166
vn 0.9071 -0.1086 0.4067
vn 0.5756 0.6779 0.4574
vn 0.3396 0.6426 0.6868
vn 0.3835 -0.1830 0.9052
vn -0.1593 0.4980 0.8525
vn -0.3106 -0.2127 0.9264
vn -0.3485 -0.3098 0.8846
vn 0.3480 -0.3365 0.8750
vn 0.2081 -0.8514 0.4815
vn -0.4444 -0.7573 0.4785
vn 0.2337 -0.9370 -0.2596
vn 0.4865 -0.7172 -0.4990
vn 0.0482 -0.5871 -0.8081
vn -0.8650 -0.3053 -0.3982
vn -0.9078 -0.1208 -0.4015
vn -0.3751 -0.0433 -0.9260
vn -0.2646 -0.2649 -0.9273
vn 0.1816 -0.0039 -0.9834
vn -0.4093 0.7035 -0.5810
vn 0.0385 0.6964 -0.7167
vn 0.5561 0.0619 -0.8288
vn -0.6680 0.6672 -0.3296
vn 0.6775 -0.3045 -0.6695
vn 0.8047 -0.2877 -0.5193
vn 0.9179 -0.2871 0.2740
vn 0.7745 -0.6251 -0.0965
vn 0.5309 -0.2787 -0.8003
vn 0.1652 0.6553 0.7371
vn 0.1528 0.2441 0.9576
vn -0.5635 0.7084 0.4250
vn -0.3829 0.9185 -0.0991
vn -0.7905 0.5893 -0.1670
vn -0.3371 0.7286 -0.5962
vn 0.2129 0.8196 -0.5319
vn 0.2295 -0.0290 -0.9729
vn 0.1524 0.7079 -0.6896
vn 0.2607 -0.4875 -0.8333
vn -0.1028 -0.4128 -0.9050
vn -0.5825 -0.3282 -0.7436
vn -0.6951 -0.6489 -0.3096
vn -0.9043 0.0826 0.4188
vn -0.9909 -0.0809 -0.1080
vn -0.6841 0.0703 -0.7260
vn 0.0691 -0.6172 0.7838
vn 0.8595 0.2075 -0.4672
vn 0.9209 -0.1366 -0.3650
vn 0.7360 0.5523 -0.3914
vn 0.7468 0.5522 -0.3706
vn 0.7469 0.5522 -0.3705
vn 0.7001 0.5956 -0.3939
vn -0.2286 0.9732 -0.0228
vn -0.3951 -0.0797 -0.9152
vn -0.3950 -0.0797 -0.9152
vn 0.7307 0.4796 -0.4860
vn 0.6204 -0.7661 -0.1679
vn -0.3503 0.4682 -0.8112
vn 0.9147 -0.1263 -0.3840
vn 0.9147 -0.1264 -0.3839
vn 0.2089 0.6085 0.7656
vn -0.0331 -0.7529 -0.6573
vn -0.6170 0.7612 0.2000
vn 0.6171 -0.7611 -0.1998
vn -0.3500 0.4683 -0.8113
vn 0.3487 -0.6801 0.6449
vn 0.2389 0.9531 -0.1858
vn -0.2386 -0.9531 0.1863
vn -0.9087 0.1807 0.3763
vn -0.9172 0.1812 0.3547
vn -0.8966 -0.1871 0.4014
vn -0.8210 -0.4723 0.3208
vn -0.4483 0.4759 -0.7567
vn -0.8989 0.2390 0.3673
vn -0.2155 0.9765 0.0080
vn -0.2156 0.9765 0.0080
vn 0.7135 0.6009 -0.3604
vn -0.2287 0.9732 -0.0227
vn -0.9131 0.2336 0.3341
vn -0.9561 0.1010 0.2752
vn -0.3456 -0.9067 0.2417
vn -0.1037 -0.9433 0.3152
vn 0.3491 -0.6795 0.6454
vn -0.4482 0.4760 -0.7566
vn -0.7752 -0.5056 0.3787
vn 0.1237 0.5595 0.8195
vn -0.9086 0.1804 0.3767
vn 0.7516 -0.6520 -0.0998
vn 0.3846 0.1252 0.9145
vn 0.8820 0.2457 -0.4022
vn -0.4047 -0.0341 -0.9138
vn -0.9021 -0.1546 0.4029
vn -0.9021 -0.1547 0.4029
vn 0.4880 0.8351 -0.2540
vn 0.7877 -0.5468 -0.2838
vn 0.7856 -0.5495 -0.2843
vn -0.4910 -0.8335 0.2536
vn -0.4880 -0.8351 0.2540
vn -0.7877 0.5468 0.2838
vn -0.7856 0.5495 0.2843
vn 0.4910 0.8334 -0.2535
vn 0.6925 -0.6734 -0.2586
vn 0.5685 -0.7907 -0.2272
vn -0.3657 -0.9102 0.1944
vn -0.2321 -0.9589 0.1633
vn -0.9120 0.1119 0.3947
vn -0.9086 0.1806 0.3765
vn -0.7728 -0.5097 0.3780
vn -0.7738 -0.5075 0.3790
vn -0.4483 0.4761 -0.7566
vn 0.3485 -0.6803 0.6448
vn -0.1573 -0.9512 0.2656
vn -0.3353 -0.9041 0.2649
vn -0.9245 0.1094 0.3652
vn 0.7827 0.4923 -0.3808
vn 0.7238 0.5684 -0.3911
vn 0.7460 0.5612 -0.3584
vn 0.9146 -0.1283 -0.3836
vn 0.9146 -0.1294 -0.3832
vn 0.2079 0.6117 0.7633
vn 0.0095 -0.7820 -0.6232
vn 0.1043 0.5534 0.8263
vn -0.3500 0.4682 -0.8114
vn 0.6213 -0.7682 -0.1547
vn 0.7335 -0.6617 -0.1554
vn 0.6836 0.6648 -0.3013
vn 0.6724 0.6734 -0.3072
vn 0.2120 -0.1839 0.9598
vn 0.8388 0.3783 -0.3916
vn 0.8301 0.3947 -0.3938
vn -0.2155 0.9765 0.0081
vn 0.1756 0.9841 0.0274
vn -0.6190 -0.4356 -0.6535
vn 0.6113 0.7215 -0.3251
vn 0.5853 0.7326 -0.3474
vn 0.6687 0.6624 -0.3377
vn -0.0603 0.2209 -0.9734
vn 0.0349 -0.2106 -0.9770
vn 0.8995 -0.3104 -0.3074
vn 0.8436 -0.4234 -0.3301
vn -0.3252 0.1879 -0.9268
vn 0.9138 0.0624 -0.4014
vn 0.9068 0.0785 -0.4142
vn 0.9078 0.1161 -0.4030
vn 0.9434 0.0333 -0.3299
vn -0.0337 0.2364 0.9711
vn 0.8682 -0.3648 -0.3363
vn 0.8986 -0.3106 -0.3098
vn 0.3951 0.0797 0.9152
vn -0.2013 0.9787 0.0407
vn -0.8655 0.3175 0.3875
vn -0.8585 0.3291 0.3934
vn 0.6306 -0.0900 0.7709
vn -0.9162 -0.0155 0.4004
vn -0.8551 -0.3342 0.3965
vn -0.8805 -0.2702 0.3895
vn -0.4398 -0.8675 0.2323
vn 0.3020 -0.9505 0.0727
vn -0.2901 0.9409 -0.1749
vn 0.1495 -0.9766 -0.1543
vn 0.5000 -0.8591 -0.1088
vn 0.1496 -0.9766 -0.1543
vn 0.2448 -0.9676 0.0613
vn -0.6650 -0.6616 0.3464
vn -0.6120 -0.6967 0.3743
vn 0.6344 0.3863 0.6696
vn -0.8106 -0.3603 0.4617
vn -0.0683 -0.9867 0.1478
vn 0.3951 0.0798 0.9152
vn -0.2900 0.9409 -0.1748
vn -0.2130 0.9769 0.0137
vn -0.8888 -0.0483 0.4557
vn -0.9017 -0.1085 0.4185
vn -0.9119 -0.1313 0.3887
vn -0.9065 -0.1332 0.4007
vn -0.8527 -0.3458 0.3917
vn -0.4315 0.1269 -0.8931
vn -0.4316 0.1271 -0.8931
vn 0.9129 0.0504 -0.4051
vn 0.8753 0.2667 -0.4034
vn 0.7204 0.5251 -0.4531
vn 0.2129 -0.9705 0.1129
vn 0.7393 -0.6029 -0.2998
vn -0.1880 -0.1998 -0.9616
vn -0.3531 -0.2435 -0.9034
vn -0.3531 -0.2434 -0.9034
vn 0.1708 -0.9793 -0.1086
vn -0.9426 0.1519 0.2974
vn -0.5088 -0.2718 -0.8169
vn -0.5408 0.1396 -0.8295
vn -0.5543 -0.7494 0.3622
vn 0.2348 -0.9713 0.0372
vn -0.2592 -0.5030 -0.8245
vn -0.6486 -0.3639 -0.6685
vn -0.6680 -0.6622 0.3396
vn -0.8917 0.3124 0.3277
vn -0.7438 0.0675 -0.6650
vn -0.4497 0.3600 -0.8175
vn -0.2253 0.9742 -0.0148
vn -0.8552 0.3903 0.3409
vn -0.8559 0.3923 0.3370
vn -0.8549 -0.3345 0.3967
vn 0.0537 -0.2847 -0.9571
vn -0.9185 0.0023 0.3954
vn -0.4709 0.8730 0.1271
vn -0.1985 0.9790 0.0471
vn 0.8693 0.2684 -0.4150
vn 0.8764 0.2905 -0.3840
vn 0.8740 0.3472 -0.3398
vn -0.2131 0.9769 0.0137
vn 0.4176 -0.0349 0.9080
vn -0.7368 -0.1889 0.6492
vn 0.0585 -0.9395 -0.3375
vn 0.9732 0.1948 -0.1225
vn 0.4110 0.0017 0.9116
vn -0.8786 -0.2660 0.3967
vn -0.8262 -0.2247 0.5166
vn -0.8322 -0.2913 0.4718
vn 0.3372 -0.8910 0.3041
vn 0.9416 0.1333 -0.3092
vn 0.8969 0.1868 -0.4008
vn -0.4277 0.0989 -0.8985
vn -0.2418 0.9688 -0.0541
vn 0.9068 -0.0422 -0.4194
vn 0.9158 0.1850 -0.3564
vn 0.9527 0.2078 -0.2219
vn -0.1986 0.9790 0.0468
vn -0.1985 0.9790 0.0469
vn 0.4455 -0.2659 0.8549
vn 0.1853 -0.9797 -0.0766
vn -0.9012 -0.1947 0.3872
vn -0.9050 -0.2247 0.3614
vn -0.8927 -0.2665 0.3635
vn -0.8967 -0.1955 0.3971
vn -0.1950 -0.6348 -0.7477
vn 0.8789 0.1752 -0.4436
vn 0.8689 0.2145 -0.4461
vn 0.8968 0.1530 -0.4151
vn -0.4423 0.5568 -0.7031
vn 0.9030 0.1289 -0.4099
vn 0.9009 0.1295 -0.4143
vn 0.4093 -0.7339 0.5421
vn -0.9027 -0.2326 0.3619
vn -0.9029 -0.2327 0.3615
vn -0.2419 0.9688 -0.0541
vn -0.7753 -0.2895 0.5614
vn 0.2076 -0.9779 -0.0263
vn 0.2076 -0.9779 -0.0262
vn 0.9122 -0.3064 -0.2722
vn 0.6869 0.6790 -0.2591
vn -0.6868 -0.6791 0.2590
vn 0.2263 -0.9740 0.0106
vn 0.2253 -0.9742 0.0116
vn 0.9043 -0.2364 -0.3555
vn -0.8379 0.3365 0.4298
vn -0.6307 -0.6506 0.4231
vn -0.6281 -0.6520 0.4247
vn 0.2497 -0.9656 0.0731
vn 0.3949 0.0808 0.9152
vn 0.3947 0.0803 0.9153
vn 0.4185 -0.0419 0.9073
vn -0.8618 0.3529 0.3643
vn -0.9211 -0.0082 0.3892
vn -0.2791 -0.4563 -0.8449
vn -0.2747 -0.4603 -0.8442
vn 0.8425 0.4069 -0.3529
vn 0.8988 0.2757 -0.3409
vn 0.4080 0.0185 0.9128
vn 0.3773 0.1560 0.9129
vn 0.3772 0.1556 0.9130
vn -0.2062 0.9781 0.0294
vn -0.2063 0.9781 0.0294
vn -0.4108 -0.0030 -0.9117
vn -0.4105 -0.0033 -0.9119
vn 0.4080 0.0188 0.9128
vn -0.9211 -0.1251 0.3687
vn 0.4188 -0.0400 0.9072
vn 0.6799 0.6881 -0.2536
vn 0.9131 -0.3048 -0.2710
vn -0.4295 0.1115 -0.8962
vn -0.4294 0.1114 -0.8962
vn 0.3457 0.2680 0.8993
vn -0.3951 -0.0798 -0.9152
vn -0.8907 -0.2105 0.4029
vn -0.8694 0.1112 0.4814
vn -0.2764 -0.4625 -0.8424
vn 0.8069 0.4460 -0.3872
vn 0.9064 0.1909 -0.3768
vn 0.4058 0.0289 0.9135
vn 0.3457 0.2679 0.8993
vn 0.2224 -0.9749 0.0081
vn -0.8683 -0.2778 0.4110
vn -0.8874 -0.3400 0.3113
vn 0.0166 -0.9094 -0.4155
vn 0.8737 0.0552 -0.4834
vn 0.6413 0.1823 -0.7453
vn -0.0548 0.9371 0.3446
vn -0.0547 0.9371 0.3447
vn -0.4055 -0.0303 -0.9136
vn -0.9832 -0.1823 -0.0123
vn 0.9118 0.1216 -0.3923
vn 0.4128 0.0941 0.9059
vn 0.4131 0.0938 0.9058
vn -0.1964 0.9805 -0.0038
vn 0.8929 0.2007 -0.4032
vn 0.8931 0.2001 -0.4028
vn 0.2366 -0.9715 -0.0143
vn 0.2370 -0.9714 -0.0142
vn -0.3726 -0.0851 -0.9241
vn -0.3728 -0.0848 -0.9240
vn -0.1967 0.9805 -0.0040
vn 0.9173 0.2053 -0.3413
vn 0.4516 0.7814 0.4307
vn 0.9408 0.2055 0.2696
vn 0.2855 0.9490 -0.1334
vn -0.2383 0.6266 0.7420
vn -0.6055 0.7491 0.2687
vn -0.4391 -0.1042 0.8924
vn -0.8648 -0.1947 0.4629
vn -0.2330 -0.9385 0.2550
vn 0.0501 -0.6802 0.7314
vn 0.6580 -0.7385 -0.1471
vn 0.7400 -0.5253 0.4200
vn 0.4936 0.1173 -0.8618
vn 0.4469 0.7981 0.4041
vn 0.9553 0.2105 0.2077
vn -0.0351 0.7008 -0.7125
vn 0.1626 -0.1362 -0.9772
vn 0.8601 0.0875 0.5026
vn -0.7427 0.5420 -0.3931
vn -0.4941 -0.1148 0.8618
vn -0.2607 0.6393 0.7234
vn -0.9558 -0.2080 -0.2077
vn -0.1846 -0.1534 0.9708
vn -0.7533 -0.3558 -0.5530
vt 0.083042 0.598594
vt 0.042517 0.634096
vt 0.051827 0.563990
vt 0.148547 0.574239
vt 0.158764 0.747627
vt 0.038420 0.747708
vt 0.124280 0.690094
vt 0.038608 0.690148
vt 0.001173 0.563990
vt 0.001173 0.634096
vt 0.115660 0.541552
vt 0.000897 0.749124
vt 0.037601 0.749300
vt 0.037565 0.700767
vt 0.000959 0.700767
vt 0.037596 0.749124
vt 0.037540 0.700611
vt 0.037864 0.671777
vt 0.001173 0.671777
vt 0.464455 0.791108
vt 0.497050 0.793214
vt 0.497050 0.802147
vt 0.321564 0.784398
vt 0.376958 0.750977
vt 0.333605 0.750977
vt 0.487382 0.780304
vt 0.423682 0.775558
vt 0.487805 0.758941
vt 0.423682 0.765033
vt 0.419593 0.871572
vt 0.419593 0.886765
vt 0.428124 0.886765
vt 0.285103 0.750977
vt 0.306715 0.806503
vt 0.464455 0.804252
vt 0.497080 0.802597
vt 0.497080 0.792763
vt 0.262429 0.787328
vt 0.278382 0.751528
vt 0.256035 0.751871
vt 0.272874 0.787328
vt 0.428124 0.865354
vt 0.419593 0.865354
vt 0.428124 0.871572
vt 0.292650 0.806609
vt 0.354345 0.780607
vt 0.357525 0.780576
vt 0.353892 0.805750
vt 0.359280 0.805698
vt 0.344777 0.805849
vt 0.343552 0.780230
vt 0.335405 0.805849
vt 0.335908 0.780202
vt 0.497456 0.749053
vt 0.485890 0.663969
vt 0.496926 0.664001
vt 0.485940 0.748894
vt 0.470171 0.730239
vt 0.466088 0.665701
vt 0.452588 0.717130
vt 0.454217 0.535082
vt 0.468762 0.535082
vt 0.486008 0.535867
vt 0.498347 0.535867
vt 0.445639 0.748703
vt 0.445663 0.503129
vt 0.434255 0.503129
vt 0.434268 0.748703
vt 0.380788 0.880683
vt 0.380788 0.870929
vt 0.371710 0.870929
vt 0.365102 2.182174
vt 0.368954 2.151326
vt 0.378799 2.152558
vt 0.344531 0.885468
vt 0.365618 0.873540
vt 0.335760 0.873540
vt 0.356681 0.885468
vt 0.365618 0.882459
vt 0.371601 0.880683
vt 0.344531 0.903716
vt 0.356681 0.903716
vt 0.335760 0.882459
vt 0.374849 2.183366
vt 0.365005 2.182134
vt 0.378702 2.152518
vt 0.294868 0.941755
vt 0.306242 0.941755
vt 0.295222 0.925794
vt 0.311937 0.925794
vt 0.313862 0.939232
vt 0.293742 0.947176
vt 0.262528 0.944649
vt 0.262528 0.947176
vt 0.293742 0.944649
vt 0.304738 0.941970
vt 0.310742 0.925543
vt 0.310800 0.940452
vt 0.292848 0.941970
vt 0.294602 0.925543
vt 0.304037 0.889037
vt 0.294735 0.894981
vt 0.298096 0.889037
vt 0.304037 0.866791
vt 0.298096 0.866791
vt 0.298275 0.839534
vt 0.304216 0.839534
vt 0.278219 0.842168
vt 0.262528 0.887399
vt 0.287065 0.867243
vt 0.262528 0.842168
vt 0.304153 0.889227
vt 0.304153 0.839849
vt 0.298825 0.839849
vt 0.298825 0.889227
vt 0.295572 0.895171
vt 0.287065 0.887399
vt 0.262528 0.922961
vt 0.293742 0.922961
vt 0.298373 0.843938
vt 0.298373 0.868921
vt 0.302419 0.868921
vt 0.334744 0.810757
vt 0.363250 0.810757
vt 0.360278 0.780315
vt 2.347663 2.115950
vt 2.351084 2.090054
vt 2.351128 2.115944
vt 2.347300 2.090103
vt 2.350765 2.090097
vt 2.347344 2.115994
vt 0.337715 0.780315
vt 0.302320 0.843635
vt -1.664028 1.857001
vt -1.668548 1.856305
vt -1.659612 1.831491
vt 0.303618 0.844293
vt 0.303666 0.865137
vt 0.299003 0.844429
vt 0.333757 0.842692
vt 0.336394 0.811159
vt 0.361730 0.811159
vt 0.364304 0.842692
vt 0.332971 0.872644
vt 0.334452 0.842614
vt 0.365221 0.842614
vt 0.303432 0.870600
vt 0.297851 0.870212
vt 0.303071 0.840365
vt -0.390442 2.182688
vt -0.394200 2.152596
vt -0.382899 2.181744
vt 0.367257 0.873015
vt 0.298090 0.840365
vt 0.366891 2.181823
vt 0.370649 2.151732
vt 0.376660 2.152484
vt -0.383012 2.181784
vt -0.394313 2.152636
vt -0.386770 2.151692
vt 0.372798 2.182545
vt 0.366788 2.181793
vt 0.376557 2.152454
vt 1.646976 1.859360
vt 1.641803 1.829480
vt 1.646940 1.828553
vt 0.303633 0.865135
vt 0.298912 0.864971
vt 0.303617 0.844293
vt 0.303667 0.865135
vt -1.668279 1.856397
vt -1.663834 1.830719
vt -1.659343 1.831583
vt 0.333780 0.842438
vt 0.361810 0.811358
vt 0.336307 0.811358
vt 0.364336 0.842438
vt 1.652103 1.858449
vt 0.303632 0.865137
vt 0.303211 0.844429
vt 0.303302 0.864971
vt 2.173701 1.193377
vt 2.199372 1.197732
vt 2.198675 1.201848
vt 2.173009 1.197477
vt 2.173706 1.193362
vt 0.363341 0.811127
vt 0.334648 0.811126
vt 0.302678 0.869229
vt 0.904700 3.623205
vt 0.881976 3.610835
vt 0.883666 3.607549
vt 0.302679 0.869229
vt 0.907443 3.619775
vt 0.905605 3.622980
vt 0.884566 3.607331
vt 0.460065 0.972621
vt 0.435834 0.941568
vt 0.434696 0.973164
vt 0.458102 0.940950
vt 0.491994 0.981699
vt 0.494434 0.957439
vt 0.491626 0.883941
vt 0.458815 0.883243
vt 0.484872 0.823340
vt 0.455642 0.811459
vt 0.437634 0.811429
vt 0.436064 0.883505
vt 0.429404 0.937883
vt 0.429938 0.894285
vt 0.323179 0.885390
vt 0.332755 0.905013
vt 0.336565 0.885536
vt 0.325699 0.905795
vt 0.134209 0.825792
vt 0.113802 0.825624
vt 0.134224 0.836200
vt 0.189642 0.790651
vt 0.144455 0.790523
vt 0.189427 0.775672
vt 0.113929 0.836180
vt 0.320431 0.632355
vt 0.320228 0.747205
vt 0.269085 0.671628
vt 0.322414 0.715918
vt 0.324568 0.654418
vt 0.309695 0.654418
vt 0.311849 0.715918
vt 0.272245 0.612732
vt 0.252226 0.682588
vt 0.252226 0.580487
vt 0.261166 0.580487
vt 0.261166 0.682970
vt 0.252226 0.735168
vt 0.261166 0.735168
vt 0.348198 0.516100
vt 0.318601 0.504886
vt 0.348198 0.504886
vt 0.318601 0.516100
vt 0.417406 0.620856
vt 0.429905 0.620856
vt 0.416672 0.588157
vt 0.430639 0.588157
vt 0.416672 0.620972
vt 0.430640 0.620972
vt 0.417845 0.637644
vt 0.345447 0.589634
vt 0.318807 0.580089
vt 0.343201 0.571296
vt 0.321004 0.606180
vt 0.376600 0.596663
vt 0.401385 0.595949
vt 0.404269 0.632605
vt 0.401618 0.552419
vt 0.378646 0.551974
vt 0.347894 0.640310
vt 0.280404 0.610437
vt 0.343541 0.621986
vt 0.433147 0.587725
vt 0.412203 0.636680
vt 0.433147 0.636680
vt 0.412203 0.587725
vt 0.435292 0.587648
vt 0.413566 0.634944
vt 0.408467 0.587648
vt 0.430193 0.634944
vt 0.368781 0.600601
vt 0.429466 0.637644
vt 0.369143 0.600526
vt 0.343618 0.622153
vt 0.348020 0.640682
vt 0.279769 0.610473
vt 0.404556 0.513361
vt 0.298081 0.594343
vt 0.288068 0.567878
vt 0.322840 0.555231
vt 1.658433 2.217340
vt 1.663222 2.215067
vt 1.660762 2.227475
vt 1.656926 2.223631
vt 1.658156 2.217427
vt 1.660485 2.227563
vt 0.230044 0.772968
vt 0.249824 0.750599
vt 0.227210 0.750599
vt 0.249695 0.780437
vt 0.173564 0.814889
vt 0.162829 0.830571
vt 0.163016 0.814603
vt 0.173382 0.830609
vt 0.170737 0.940277
vt 0.160886 0.894801
vt 0.171438 0.894840
vt 0.160184 0.940238
vt 0.172199 0.903383
vt 0.162129 0.862383
vt 0.172681 0.862422
vt 0.161641 0.903309
vt 0.213891 0.791654
vt 0.148644 0.797096
vt 0.120809 0.791775
vt 0.186109 0.797096
vt 0.161659 0.903434
vt 0.186109 0.807282
vt 0.148644 0.807282
vt 0.185986 0.816040
vt 0.149134 0.815799
vt 0.179080 0.867319
vt 0.154826 0.864099
vt 0.179000 0.864464
vt 0.154782 0.866949
vt 0.148946 0.816040
vt 0.173567 0.814641
vt 0.120809 0.791741
vt 0.172211 0.903472
vt 1.670576 2.216769
vt 1.674135 2.220700
vt 1.672904 2.226904
vt 1.668393 2.229088
vt 1.670853 2.216681
vt 1.673182 2.226816
vt 0.002706 0.784089
vt 0.002656 0.752885
vt 0.072785 0.752789
vt 0.072772 0.784088
vt 0.002707 0.784089
vt 0.002656 0.752883
vt 0.072785 0.752789
vt 0.002705 0.784088
vt -2.209188 2.334244
vt -2.207021 2.296553
vt -2.205043 2.283697
vt 0.041884 0.998487
vt 0.083727 0.973790
vt 0.083749 0.998143
vt 0.042575 0.974154
vt 0.002703 0.784088
vt 0.002658 0.752884
vt 0.047677 0.784082
vt 0.072772 0.784088
vt 0.095858 0.776756
vt 0.074908 0.755858
vt 0.074808 0.776887
vt 0.095940 0.755780
vt 0.039991 0.784079
vt 1.164236 2.274447
vt 1.164433 2.237146
vt 1.165825 2.219651
vt 0.126174 0.814901
vt 0.148929 0.753836
vt 0.148905 0.815102
vt 0.126198 0.753912
vt 0.102161 0.815131
vt 0.102186 0.753825
vt 1.903951 2.245262
vt 1.902463 2.190531
vt 1.903503 2.207963
vt 0.074515 0.776892
vt 0.096023 0.755672
vt 0.095828 0.776765
vt 0.074815 0.755655
vt 0.040118 0.752833
vt 0.039993 0.784081
vt 0.062047 0.974157
vt 0.063191 0.986613
vt 0.084172 0.974157
vt 1.428660 -0.651452
vt 1.452938 -0.651000
vt 1.440469 -0.634993
vt 0.063191 0.974157
vt 0.040127 0.752835
vt 0.002704 0.784087
vt 0.218198 0.764743
vt 0.203949 0.779729
vt 0.213299 0.753524
vt 0.213364 0.775917
vt 0.157017 0.786117
vt 0.153215 0.786117
vt 0.153215 0.751578
vt 0.180843 0.786117
vt 0.176998 0.786117
vt 0.180843 0.751578
vt 0.176998 0.751578
vt 0.173890 0.751578
vt 0.173890 0.786117
vt 0.170826 0.786117
vt 0.170826 0.751578
vt 0.167029 0.786117
vt 0.167029 0.751578
vt 0.194388 0.753398
vt 0.189573 0.764567
vt 0.203821 0.749581
vt 0.194491 0.775781
vt 0.163180 0.751578
vt 0.163180 0.786117
vt 0.160077 0.786117
vt 0.160077 0.751578
vt 0.157017 0.751578
vt 0.096621 0.512793
vt 0.096322 0.545900
vt 0.042308 0.530467
vt 0.042952 0.562820
vt 0.078190 0.936809
vt 0.076506 0.887059
vt 0.078190 0.887059
vt 0.076506 0.936809
vt -2.611650 2.079779
vt -2.617758 2.077278
vt -2.615157 2.076934
vt -2.610606 2.060841
vt -2.618571 2.061515
vt -2.616709 2.058325
vt -2.603997 2.207185
vt -2.607004 2.230202
vt -2.611964 2.207829
vt 0.080965 0.852390
vt 0.078884 0.915704
vt 0.076358 0.915704
vt 0.074823 0.936809
vt 0.074823 0.887059
vt 0.081062 0.834494
vt 1.283820 2.826787
vt 1.289924 2.824269
vt 1.291784 2.827461
vt 0.081038 0.838968
vt 0.459150 0.808658
vt 0.459150 0.780305
vt 0.428431 0.780305
vt 0.428431 0.808658
vt 0.078833 0.915577
vt 0.077570 0.915577
vt 0.080762 0.851878
vt 0.076307 0.915577
vt 0.114924 0.986104
vt 0.132115 0.968770
vt 0.114924 0.968621
vt 0.129129 0.985590
vt 0.148606 0.968615
vt 0.143506 0.986277
vt 0.114924 0.997887
vt 0.431564 0.571191
vt 0.420828 0.580064
vt 0.420724 0.571211
vt 0.431218 0.579517
vt 0.420807 0.585733
vt 0.431474 0.585186
vt 0.412771 0.582861
vt 0.429008 0.581873
vt 0.420869 0.571059
vt 0.431451 0.503785
vt 0.420958 0.503793
vt 0.420823 0.571078
vt 0.431453 0.503785
vt 0.431326 0.571081
vt 0.420823 0.571079
vt 0.431312 0.571072
vt 0.431457 0.503785
vt 0.445724 0.550043
vt 0.445725 0.532647
vt 0.434954 0.550043
vt 0.445724 0.532647
vt 0.434954 0.532648
vt 0.445725 0.550044
vt 0.434938 0.532647
vt 0.434947 0.550044
vt 0.434954 0.532647
vt 0.445724 0.550042
vt 0.413837 0.550414
vt 0.405242 0.568104
vt 0.413837 0.567744
vt 0.405242 0.550774
vt 0.429044 0.582267
vt 0.412853 0.571399
vt 0.412807 0.583256
vt 0.412853 0.571222
vt 0.170679 0.996128
vt 0.187247 0.989282
vt 0.180438 0.996128
vt 0.163695 0.989282
vt 0.189966 0.972086
vt 0.160961 0.972087
vt 0.216794 0.968646
vt 0.200959 0.984911
vt 0.198924 0.968790
vt 0.215145 0.984797
vt 0.204376 0.997240
vt 0.211517 0.997182
vt 0.325149 0.905690
vt 0.335330 0.885569
vt 0.333281 0.905690
vt 0.323100 0.885569
vt 2.586272 1.831269
vt 2.584860 1.826210
vt 2.606738 1.826919
vt 2.604610 1.819293
vt -2.714028 0.226808
vt -2.721538 0.206228
vt -2.709865 0.223608
vt -2.714095 0.227058
vt -2.727867 0.211293
vt -2.721607 0.206478
vt -1.679693 2.215135
vt -1.687436 2.216673
vt -1.681211 2.207480
vt -1.681361 2.207374
vt -1.687585 2.216567
vt -1.689103 2.208913
vt -1.673735 2.223562
vt -1.677294 2.227493
vt -1.679755 2.215086
vt -1.673846 2.223619
vt -1.679866 2.215143
vt -1.675076 2.217416
vt -1.677404 2.227499
vt -1.682642 2.241667
vt -1.685147 2.229037
vt -1.674841 2.240153
vt -1.677346 2.227524
vt -1.685009 2.229122
vt -1.691028 2.220646
vt -1.687469 2.216714
vt -1.689806 2.226854
vt 0.108623 0.664615
vt 0.094717 0.640214
vt 0.122698 0.640214
vt 0.080473 0.664615
vt 0.066398 0.640214
vt 0.247223 0.654173
vt 0.248737 0.616123
vt 0.204266 0.658713
vt 0.122997 0.506848
vt 0.148547 0.503145
vt 0.108623 0.615813
vt 0.080473 0.615813
vt 0.320867 0.903098
vt 0.318733 0.903098
vt 0.318733 0.834891
vt 0.317438 0.837564
vt 0.317438 0.903098
vt 0.318733 0.839941
vt 0.320867 0.837564
vt 0.325292 0.877805
vt 0.326191 0.841325
vt 0.322354 0.877876
vt 0.274564 0.879238
vt 0.266684 0.879238
vt 0.276976 0.843211
vt 1.197390 3.142714
vt 1.194859 3.142680
vt 1.194989 3.132961
vt 0.322312 0.841375
vt 0.264285 0.843211
vt 0.277389 0.841897
vt 0.263194 0.841897
vt 0.253166 0.831764
vt 0.287423 0.831764
vt 0.287423 0.817433
vt 0.277389 0.807301
vt 0.263200 0.807301
vt 0.253166 0.817433
vt 0.316326 0.841443
vt 0.312230 0.841443
vt 0.313347 0.877890
vt 0.316488 0.877772
vt 1.206705 3.142828
vt 1.203993 3.133070
vt 1.206836 3.133108
vt 1.206401 3.142948
vt 1.203559 3.142910
vt 1.203691 3.133190
vt 1.197712 3.142591
vt 1.195310 3.132838
vt 1.197841 3.132872
vt 0.322696 0.943945
vt 0.318733 0.943945
vt 0.318733 0.903535
vt 1.200191 3.154545
vt 1.196028 3.149394
vt 1.200313 3.145488
vt 0.322696 0.903535
vt 0.314980 0.943945
vt 0.314980 0.903535
vt 1.200104 3.154571
vt 1.200226 3.145514
vt 1.204404 3.149534
vt 0.289792 0.991473
vt 0.267215 0.991473
vt 0.298056 0.983586
vt 0.278504 0.994359
vt 0.305723 0.997390
vt 0.324864 0.997390
vt 0.324864 0.994217
vt 0.409688 0.800206
vt 0.389549 0.800206
vt 0.399619 0.802906
vt 0.382176 0.792827
vt 0.417061 0.792827
vt 0.258951 0.983586
vt 0.301081 0.972813
vt 0.379478 0.782748
vt 0.419759 0.782748
vt 0.386819 0.775363
vt 0.412437 0.775363
vt 0.299788 0.964919
vt 0.257219 0.964919
vt 0.292873 0.947388
vt 0.255926 0.972813
vt 0.443261 0.991918
vt 0.417643 0.975518
vt 0.417643 0.991918
vt 0.443261 0.975518
vt 0.339971 0.997495
vt 0.339971 0.959745
vt 0.355604 0.959745
vt 0.355604 0.997495
vt 0.264276 0.947006
vt 0.424215 0.763597
vt 0.424215 0.777851
vt 0.449014 0.777768
vt 0.391893 0.997787
vt 0.414027 0.976149
vt 0.391846 0.976115
vt 0.414073 0.997820
vt 0.449014 0.763597
vt 0.448312 0.976198
vt 0.448348 0.993296
vt 0.455049 0.976210
vt 0.455085 0.993308
vt 0.496922 0.987312
vt 0.496899 0.976273
vt 0.470876 0.993331
vt 0.460209 0.973093
vt 0.498923 0.957168
vt 0.498527 0.884213
vt 0.493952 0.823883
vt 0.395646 0.884001
vt 0.404482 0.821015
vt 0.407896 0.884149
vt 0.404091 0.951642
vt 0.408911 0.942942
vt 0.392030 0.957164
vt 0.395159 0.981237
vt 0.403924 0.977225
vt 0.434469 0.973394
vt 0.497174 0.981970
vt 0.410769 0.894223
vt -2.582092 1.752943
vt -2.584249 1.752620
vt -2.580936 1.745200
vt -2.584803 1.752453
vt -2.583647 1.744711
vt -2.581491 1.745033
vt -1.453415 -0.445016
vt -1.461877 -0.445065
vt -1.457617 -0.450135
vt -1.453416 -0.444862
vt -1.457670 -0.440924
vt -1.461879 -0.444911
vt 0.332711 0.905795
vt 0.325844 0.905066
vt 0.337287 0.885568
vt 0.322458 0.885437
vt 0.277848 0.808037
vt 0.254689 0.831202
vt 0.254689 0.817633
vt 0.264282 0.840797
vt 0.277848 0.840797
vt 0.287441 0.831202
vt 0.287441 0.817633
vt 0.264282 0.808037
vt 0.264263 0.945466
vt 0.357078 0.959268
vt 0.340985 0.998128
vt 0.340985 0.959268
vt 0.357078 0.998128
vt -1.462088 3.107305
vt -1.480624 3.087300
vt -1.467727 3.087359
vt -1.556209 1.887768
vt -1.559117 1.877784
vt -1.555338 1.881504
vt -1.560661 1.890258
vt -1.558918 1.877729
vt -1.556010 1.887713
vt 0.356973 0.959335
vt 0.343396 0.959335
vt 0.356973 0.949067
vt 0.401471 0.964068
vt 0.392785 0.964068
vt 0.401088 0.952508
vt 0.401088 0.889689
vt 0.393953 0.889689
vt 0.372626 0.895598
vt 0.379363 0.886274
vt 0.372471 0.886274
vt 0.379670 0.895598
vt 0.379828 0.952292
vt 0.371484 0.952292
vt 0.336067 0.949067
vt 0.336067 0.889659
vt 0.343396 0.885601
vt 0.328402 0.959335
vt 0.328402 0.998950
vt 0.371219 0.959742
vt 0.371219 0.998137
vt 0.379828 0.998137
vt 1.545871 1.903020
vt 1.551916 1.889179
vt 1.553689 1.901931
vt 1.545728 1.902959
vt 1.543954 1.890207
vt 1.551772 1.889118
vt 0.343396 0.998950
vt 0.346790 0.998950
vt 1.544346 1.890291
vt 1.539696 1.887746
vt 1.538824 1.881481
vt 0.353579 0.998950
vt 0.346790 0.959335
vt 0.353579 0.959335
vt 0.356973 0.998950
vt 0.365741 0.998950
vt 1.542521 1.877947
vt 1.541445 1.870218
vt 1.549263 1.869129
vt 0.379828 0.959742
vt 0.372393 0.891287
vt 0.379828 0.891287
vt 0.379670 0.885195
vt 0.372626 0.885195
vt 0.393333 0.952508
vt 0.356973 0.885601
vt 0.365740 0.889659
vt 0.365740 0.959335
vt 1.542369 1.877834
vt 1.549112 1.869015
vt 1.550187 1.876745
vt -0.701982 -1.828773
vt -0.696938 -1.834851
vt -0.685076 -1.816436
vt -0.686169 -1.816068
vt -0.698038 -1.834478
vt -0.682817 -1.820110
vt 1.551872 1.889210
vt 1.550130 1.876681
vt 1.555651 1.885490
vt 1.555225 1.885760
vt 1.549703 1.876951
vt 1.554353 1.879496
vt -1.568656 1.889271
vt -1.571564 1.879287
vt -1.566913 1.876743
vt -1.568154 1.889131
vt -1.571933 1.885411
vt -1.571061 1.879147
vt 2.690398 0.601204
vt 2.676187 0.584539
vt 2.694587 0.594507
vt 2.690445 0.602166
vt 2.673453 0.589948
vt 2.676240 0.585496
vt 1.544245 1.890354
vt 1.538723 1.881545
vt 1.542503 1.877826
vt 2.422321 0.205082
vt 2.415234 0.201117
vt 2.422835 0.202961
vt 2.421918 0.205278
vt 2.414317 0.203436
vt 2.414830 0.201314
vt -1.918463 2.680435
vt -1.948285 2.685793
vt -1.919805 2.672946
vt -1.919978 2.672663
vt -1.948458 2.685508
vt -1.949801 2.678020
vt 1.902006 2.679591
vt 1.903075 2.673624
vt 1.931828 2.684949
vt 1.903158 2.673472
vt 1.932981 2.678829
vt 1.931911 2.684796
vt -2.187443 1.197765
vt -2.217315 1.202833
vt -2.218168 1.197679
vt -2.187443 1.197723
vt -2.218168 1.197638
vt -2.188281 1.192567
vt 0.488128 0.954842
vt 0.487344 0.947523
vt 0.493727 0.947517
vt 0.491445 0.895165
vt 0.483757 0.895172
vt 0.483243 0.852466
vt 0.475198 0.852473
vt 0.492409 0.954837
vt 1.901651 2.681551
vt 1.903403 2.671777
vt 1.932223 2.687043
vt 1.903360 2.671840
vt 1.933932 2.677333
vt 1.932179 2.687106
vt 0.376988 0.597297
vt 0.404926 0.633717
vt 0.402010 0.596579
vt 0.345546 0.589435
vt 0.318605 0.579783
vt 0.320828 0.606167
vt 0.343274 0.570891
vt 0.322684 0.554645
vt 0.287520 0.567435
vt 0.297646 0.594198
vt 0.379014 0.552108
vt 0.402245 0.552558
vt 0.405217 0.513059
vt 0.445721 0.532647
vt 0.431328 0.571088
vt 0.431453 0.503786
vt 0.431331 0.571081
vt 0.161958 0.626915
vt 0.203139 0.748337
vt 0.203152 0.627378
vt 0.161949 0.748454
vt 0.001414 0.530600
vt 0.001433 0.562639
vt 0.249133 0.579884
vt 0.204381 0.596624
vt 0.204266 0.574315
vt 0.249133 0.538844
vt 0.204042 0.617007
vt 0.247223 0.693087
vt 0.204358 0.722859
vt 0.248737 0.744375
vt 0.204101 0.744244
vt 0.204266 0.537393
vt 0.249133 0.502199
vt 0.204101 0.502464
vt 0.320275 0.809903
vt 0.320275 0.837901
vt 0.328871 0.809876
vt 0.310371 0.837866
vt 0.310371 0.809867
vt 0.300718 0.837902
vt 0.300718 0.809904
vt 0.291419 0.809857
vt 0.291419 0.837855
vt 0.328871 0.837875
vt 0.400648 0.777885
vt 0.388813 0.777885
vt 0.380444 0.786256
vt 0.380444 0.798094
vt 0.409017 0.798094
vt 0.400648 0.806465
vt 0.409017 0.786256
vt 0.388813 0.806465
vt 0.298914 0.808839
vt 0.298862 0.838793
vt 0.291948 0.809048
vt 0.291791 0.838618
vt 0.322489 0.838790
vt 0.322863 0.808697
vt 0.330522 0.838700
vt 0.330646 0.808833
vt 0.314420 0.838602
vt 0.314685 0.808917
vt 0.306703 0.838624
vt 0.306956 0.808817
vt 0.305723 0.994217
vt 0.305723 0.985548
vt 0.324864 0.985548
vt 0.305723 0.973707
vt 0.324864 0.973707
vt 0.324864 0.965031
vt 0.305722 0.965031
vt 0.324864 0.945762
vt 0.311671 0.945821
vt -1.264812 -0.509439
vt -1.283082 -0.489190
vt -1.277707 -0.509209
vt 0.311611 0.945762
vt -1.451638 -0.428451
vt -1.454481 -0.428467
vt -1.454426 -0.438187
vt -1.451828 -0.428319
vt -1.454616 -0.438056
vt -1.451773 -0.438039
vt -1.460125 -0.428915
vt -1.462599 -0.438650
vt -1.460067 -0.438635
vt -1.460676 -0.428543
vt -1.463208 -0.428558
vt -1.463152 -0.438278
vt 0.311514 0.945466
vt 0.045480 0.943984
vt 0.031937 0.944246
vt 0.044348 0.876019
vt 0.042211 0.957164
vt 0.056649 0.957164
vt 0.021769 0.957164
vt 0.021842 0.986613
vt 0.042211 0.986613
vt 0.056172 0.986613
vt 0.048358 0.943722
vt 0.042211 0.974157
vt 0.084172 0.944246
vt 0.050369 0.891979
vt 0.084172 0.892212
vt 0.052381 0.840235
vt 0.031937 0.840177
vt 0.043216 0.840072
vt 0.031937 0.893316
vt 0.016633 0.944246
vt 0.001328 0.957164
vt 0.001474 0.986613
vt 0.001267 0.998644
vt 0.022856 0.998644
vt 0.042211 0.998644
vt 0.021739 0.998644
vt 0.084172 0.840177
vt 0.061960 0.786754
vt 0.084172 0.786754
vt 0.043216 0.789788
vt 0.031937 0.789788
vt 0.001328 0.789788
vt 0.001328 0.840177
vt 0.001328 0.900492
vt 0.001328 0.944246
vt 0.016633 0.957164
vt 0.031937 0.957164
vt -0.823310 3.099484
vt -0.830545 3.120375
vt -0.846880 3.105328
vt 0.001173 0.541552
vt 0.001173 0.505379
vt 0.461502 0.539561
vt 0.489319 0.538555
vt 0.489310 0.598433
vt 0.461722 0.598938
vt 0.202129 0.500294
vt 0.148885 0.500360
vt 0.202129 0.574680
vt 0.096693 0.850551
vt 0.096719 0.809435
vt 0.118823 0.850543
vt 0.118998 0.809581
vt 0.190199 0.809560
vt 0.148269 0.826970
vt 0.143081 0.863853
vt 0.118931 0.967522
vt 0.139637 0.967763
vt 0.118659 0.981594
vt 0.079774 0.967713
vt 0.079501 0.981367
vt 0.079632 0.998005
vt 0.118371 0.998650
vt 0.218134 0.998729
vt 0.249385 0.985381
vt 0.218134 0.985035
vt 0.249385 0.998737
vt 0.218134 0.998737
vt 0.218134 0.985381
vt 0.249385 0.967409
vt 0.218134 0.967409
vt 0.248645 0.865792
vt 0.220891 0.865792
vt 0.191775 0.866976
vt 0.186404 0.967500
vt 0.175990 0.864519
vt 0.169222 0.967441
vt 0.156723 0.967484
vt 0.163819 0.863522
vt 0.173449 0.827151
vt 0.229159 0.798050
vt 0.248298 0.798050
vt 0.248307 0.801587
vt 0.207806 0.801589
vt 0.248316 0.809712
vt 0.207528 0.809710
vt 0.185594 0.828876
vt 0.248316 0.832542
vt 0.227826 0.832532
vt 0.249385 0.985035
vt 0.094411 0.640747
vt 0.080300 0.616572
vt 0.066355 0.640747
vt 0.108190 0.616572
vt 0.122135 0.640747
vt 0.108190 0.664923
vt 0.080300 0.664923
vt 0.712787 0.787603
vt 0.747455 0.778841
vt 0.747455 0.787603
vt 0.712787 0.778841
vt 0.712787 0.772829
vt 0.699260 0.778841
vt 0.689206 0.778841
vt 0.670272 0.772829
vt 0.669923 0.766928
vt 0.670262 0.772786
vt 0.664292 0.764702
vt 0.660651 0.769734
vt 0.664341 0.774730
vt 0.670272 0.778841
vt 0.689141 0.782489
vt 2.225782 1.867159
vt 2.225162 1.859047
vt 2.230290 1.863367
vt 0.711034 0.778841
vt 0.720398 0.778841
vt 0.711034 0.787603
vt 0.720398 0.787603
vt -1.184456 1.867222
vt -1.193394 1.858404
vt -1.183836 1.859110
vt -1.188959 1.863437
vt 0.712775 0.783042
vt 0.699359 0.783031
vt 2.225932 1.867209
vt 2.225312 1.859097
vt 2.230439 1.863416
vt 2.234628 1.867482
vt 2.229606 1.864393
vt 2.224478 1.860073
vt 0.712787 0.755592
vt 0.712787 0.761342
vt 0.699260 0.755576
vt 0.699260 0.761140
vt 0.712499 0.767091
vt 0.747455 0.761342
vt 0.747455 0.752031
vt 0.712787 0.752031
vt 2.235358 1.866492
vt 2.225209 1.859083
vt 2.234766 1.858378
vt 0.747455 0.767091
vt 0.747455 0.772829
vt 0.689206 0.761140
vt 0.670272 0.761140
vt 0.670272 0.755592
vt 0.689206 0.755592
vt 2.235103 1.866700
vt 2.230081 1.863611
vt 2.224954 1.859291
vt 2.235255 1.866494
vt 2.225105 1.859086
vt 2.234662 1.858381
vt 0.711082 0.761575
vt 0.711082 0.751857
vt 0.721137 0.761575
vt 0.721137 0.751857
vt -1.193970 1.866503
vt -1.188950 1.863429
vt 0.670439 0.782489
vt 0.645776 0.806368
vt 0.624867 0.823614
vt 0.624743 0.806390
vt 0.646186 0.823676
vt 0.684781 0.806368
vt 0.684781 0.783907
vt 0.645776 0.783907
vt 0.706474 0.823639
vt 0.706661 0.806288
vt 0.684760 0.823668
vt 0.588516 0.959996
vt 0.600504 0.959708
vt 0.588594 0.967325
vt 0.588437 0.952667
vt 0.600426 0.952379
vt 0.600583 0.967037
vt 0.722746 0.995288
vt 0.719008 0.995288
vt 0.722746 0.879137
vt 0.719008 0.879109
vt 0.722746 0.995471
vt 0.719008 0.995471
vt 0.722746 0.879430
vt 0.719008 0.879500
vt 0.739487 0.879511
vt 0.739487 0.995663
vt 0.733698 0.995663
vt 0.733725 0.867657
vt 0.739366 0.855813
vt 0.749529 0.879427
vt 0.749529 0.855732
vt 0.750954 0.896923
vt 0.741031 0.908916
vt 0.741031 0.896923
vt 0.746773 0.902151
vt 0.719008 0.855470
vt 0.722746 0.855470
vt 0.719008 0.803391
vt 0.722746 0.803391
vt 0.733578 0.803329
vt 0.739366 0.803301
vt 0.728794 0.867303
vt 0.733692 0.867562
vt 0.728794 0.803391
vt 0.728794 0.995288
vt 0.733700 0.995536
vt 0.713932 0.855470
vt 0.713932 0.879164
vt 0.713991 0.889431
vt 0.719114 0.884161
vt 0.722985 0.889410
vt 0.750334 0.908916
vt 0.532610 0.855630
vt 0.500864 0.871193
vt 0.500864 0.855619
vt 0.532498 0.871193
vt 0.595569 0.929010
vt 0.599795 0.929015
vt 0.595569 0.921745
vt 0.616490 0.855630
vt 0.532723 0.871182
vt 0.616490 0.871171
vt 0.532383 0.871184
vt 0.616395 0.871184
vt 0.532383 0.905073
vt 0.616395 0.879656
vt 0.583254 0.778959
vt 0.583254 0.771699
vt 0.587480 0.778970
vt 0.637254 0.855619
vt 0.616490 0.871193
vt 0.698065 0.855619
vt 0.698065 0.871193
vt 0.639164 0.778096
vt 0.631630 0.765124
vt 0.646698 0.765124
vt 0.639164 0.752152
vt 0.637254 0.840045
vt 0.698065 0.840045
vt 0.667200 0.828683
vt 0.667200 0.835793
vt 0.662974 0.835959
vt 0.637254 0.840401
vt 0.557554 0.840401
vt 0.532600 0.840401
vt 0.599795 0.914464
vt 0.595569 0.914630
vt 0.500864 0.840045
vt 0.532498 0.840045
vt 0.532798 0.771230
vt 0.532798 0.756679
vt 0.528573 0.763955
vt 0.541249 0.771230
vt 0.500864 0.887041
vt 0.532426 0.887041
vt -1.137783 1.844783
vt -1.146161 1.844149
vt -1.145075 1.829748
vt 0.637254 0.832331
vt 0.557492 0.834846
vt 0.516045 0.839268
vt 0.502725 0.837024
vt 0.505342 0.833928
vt -1.967727 -0.766301
vt -1.991867 -0.771677
vt -1.971951 -0.799436
vt -1.991942 -0.771549
vt -1.994054 -0.788116
vt -1.972026 -0.799309
vt 0.532239 0.837667
vt 0.500870 0.837840
vt 0.545475 0.763955
vt 0.541249 0.756679
vt -1.178079 1.843184
vt -1.177022 1.829081
vt -1.168620 1.829371
vt 0.514359 0.834540
vt 0.556435 0.840401
vt 0.519709 0.835601
vt 0.529849 0.820319
vt 0.520452 0.830057
vt 0.537890 0.821482
vt 0.557431 0.823990
vt 0.597317 0.824145
vt 0.596145 0.815042
vt 0.609742 0.814594
vt 0.609998 0.824369
vt 0.662908 0.839563
vt 0.654523 0.835959
vt 0.654589 0.839563
vt 0.636024 0.827263
vt 0.619106 0.828311
vt 0.636381 0.831834
vt 0.619962 0.824048
vt 0.650297 0.835793
vt 0.650297 0.828683
vt 0.637254 0.825876
vt 0.698065 0.825876
vt 0.654233 0.752152
vt 0.661767 0.765124
vt 0.654233 0.778096
vt 0.698065 0.888600
vt 0.595931 0.778970
vt 0.600156 0.771699
vt 0.600156 0.778959
vt 0.616395 0.896601
vt 0.616395 0.905073
vt 0.616897 0.888600
vt 0.514417 0.829404
vt 0.515771 0.818485
vt 0.521674 0.819268
vt 0.530540 0.816159
vt 0.522198 0.814983
vt 0.526605 0.814382
vt 0.530596 0.815114
vt 0.536976 0.777826
vt 0.543574 0.781582
vt 0.564090 0.767917
vt 0.554036 0.769923
vt 0.533603 0.778011
vt 0.532007 0.777799
vt 0.545523 0.822741
vt 0.551545 0.783589
vt 0.564350 0.777939
vt 0.572700 0.782648
vt -0.848765 -1.044023
vt -0.850148 -1.035268
vt -0.865360 -1.046615
vt -0.850365 -1.035034
vt -0.866961 -1.037625
vt -0.865578 -1.046380
vt 0.564222 0.780029
vt 0.549930 0.821682
vt 0.556723 0.817779
vt 0.546925 0.821482
vt 0.556210 0.822531
vt 0.547679 0.815936
vt 0.624471 0.779240
vt 0.577578 0.758554
vt 0.609202 0.758976
vt 0.622986 0.758976
vt 0.636965 0.779217
vt 0.552441 0.768017
vt 0.577578 0.752604
vt 0.567008 0.782383
vt 0.609852 0.752622
vt 0.712896 0.903509
vt 0.698407 0.903509
vt 0.698407 0.892432
vt 0.705257 0.914427
vt 0.712896 0.914285
vt 0.705434 0.926106
vt 0.713007 0.926110
vt 0.712896 0.892432
vt 0.698756 0.881337
vt 0.712896 0.881337
vt 0.659239 0.892053
vt 0.670431 0.898550
vt 0.670367 0.911433
vt 0.659111 0.917820
vt 0.648000 0.898359
vt 0.698407 0.914569
vt 0.705257 0.933594
vt 0.628721 0.898265
vt 0.647936 0.911405
vt 0.628657 0.911311
vt 0.698407 0.933594
vt 0.623098 0.900412
vt 0.623055 0.909109
vt 0.698407 0.939133
vt 0.705257 0.939133
vt 0.698407 0.945600
vt 0.704962 0.945600
vt 0.533244 0.771506
vt 0.529149 0.764455
vt 0.545529 0.764455
vt 0.543482 0.760930
vt 0.531196 0.760930
vt 0.530649 0.792698
vt 0.499978 0.792698
vt 0.526815 0.786097
vt 0.507645 0.805900
vt 0.541434 0.771506
vt 0.522981 0.805900
vt 0.599329 0.950083
vt 0.501898 0.916451
vt 0.501898 0.950083
vt 0.599329 0.934333
vt 0.543482 0.752474
vt 0.531196 0.752474
vt 0.503812 0.786097
vt 0.526815 0.752291
vt 0.503812 0.752291
vt 0.501898 0.906081
vt 0.584680 0.906081
vt 0.584680 0.916451
vt 0.603639 0.925325
vt 0.604266 0.906218
vt 0.604266 0.915963
vt 0.603639 0.934333
vt 0.599561 0.942289
vt 0.604135 0.942035
vt 0.612229 0.934151
vt 0.611776 0.925330
vt 0.637267 0.947804
vt 0.608290 0.999070
vt 0.608467 0.947977
vt 0.636905 0.998938
vt 0.679122 0.947772
vt 0.678660 0.919438
vt 0.637031 0.919382
vt 0.679167 0.998951
vt 0.711324 0.947815
vt 0.711324 0.998950
vt 0.701643 0.903509
vt 0.675915 0.910098
vt 0.675915 0.903509
vt 0.701643 0.910098
vt 0.675566 0.917033
vt 0.701991 0.917033
vt 0.701643 0.896920
vt 0.675915 0.896920
vt 0.701643 0.889985
vt 0.675915 0.889985
vt 0.654315 0.912650
vt 0.663363 0.912621
vt 0.667861 0.904817
vt 0.663311 0.897043
vt 0.649765 0.904876
vt 0.654264 0.897072
vt 0.599329 0.956650
vt 0.501898 0.969785
vt 0.501898 0.956650
vt 0.599329 0.969785
vt 0.599329 0.981603
vt 0.501898 0.981603
vt 0.712787 0.786452
vt 0.747455 0.777644
vt 0.747455 0.786452
vt 0.712787 0.777644
vt 0.712787 0.771599
vt 0.699260 0.777644
vt 0.689206 0.777644
vt 0.670272 0.771599
vt 0.669923 0.765666
vt 0.670262 0.771556
vt 0.664292 0.763427
vt 0.660651 0.768487
vt 0.664341 0.773510
vt 0.670272 0.777644
vt 0.689141 0.781311
vt 2.225782 1.871854
vt 2.225162 1.863698
vt 2.230290 1.868041
vt 0.711034 0.777644
vt 0.720398 0.777644
vt 0.711034 0.786452
vt 0.720398 0.786452
vt -1.184456 1.871917
vt -1.193394 1.863052
vt -1.183836 1.863761
vt -1.188959 1.868112
vt 0.712775 0.781867
vt 0.699359 0.781856
vt 2.225932 1.871904
vt 2.225312 1.863748
vt 2.230439 1.868090
vt 2.234628 1.872179
vt 2.229606 1.869072
vt 2.224478 1.864730
vt 0.712787 0.754268
vt 0.712787 0.760050
vt 0.699260 0.754252
vt 0.699260 0.759846
vt 0.712499 0.765830
vt 0.747455 0.760050
vt 0.747455 0.750688
vt 0.712787 0.750688
vt 2.235358 1.871183
vt 2.225209 1.863734
vt 2.234766 1.863026
vt 0.747455 0.765830
vt 0.747455 0.771599
vt 0.689206 0.759846
vt 0.670272 0.759846
vt 0.670272 0.754268
vt 0.689206 0.754268
vt 2.235103 1.871392
vt 2.230081 1.868286
vt 2.224954 1.863943
vt 2.235255 1.871186
vt 2.225105 1.863737
vt 2.234662 1.863028
vt 0.711082 0.760284
vt 0.711082 0.750513
vt 0.721137 0.760284
vt 0.721137 0.750513
vt -1.193970 1.871194
vt -1.188950 1.868103
vt 0.670439 0.781311
vt 0.645776 0.805319
vt 0.624867 0.822659
vt 0.624743 0.805341
vt 0.646186 0.822722
vt 0.684781 0.805319
vt 0.684781 0.782736
vt 0.645776 0.782736
vt 0.706474 0.822684
vt 0.706661 0.805239
vt 0.684760 0.822713
vt 0.588516 0.959779
vt 0.600504 0.959490
vt 0.588594 0.967147
vt 0.588437 0.952411
vt 0.600426 0.952121
vt 0.600583 0.966858
vt 0.722746 0.995262
vt 0.719008 0.995262
vt 0.722746 0.878482
vt 0.719008 0.878454
vt 0.722746 0.995446
vt 0.719008 0.995446
vt 0.722746 0.878777
vt 0.719008 0.878847
vt 0.739487 0.878858
vt 0.739487 0.995639
vt 0.733698 0.995639
vt 0.733725 0.866940
vt 0.739366 0.855032
vt 0.749529 0.878774
vt 0.749529 0.854951
vt 0.750954 0.896365
vt 0.741031 0.908423
vt 0.741031 0.896365
vt 0.746773 0.901621
vt 0.719008 0.854687
vt 0.722746 0.854687
vt 0.719008 0.802326
vt 0.722746 0.802326
vt 0.733578 0.802264
vt 0.739366 0.802236
vt 0.728794 0.866585
vt 0.733692 0.866844
vt 0.728794 0.802326
vt 0.728794 0.995262
vt 0.733700 0.995512
vt 0.713932 0.854687
vt 0.713932 0.878510
vt 0.713991 0.888832
vt 0.719114 0.883534
vt 0.722985 0.888811
vt 0.750334 0.908423
vt 0.532610 0.854848
vt 0.500864 0.870496
vt 0.500864 0.854837
vt 0.532498 0.870496
vt 0.595569 0.928625
vt 0.599795 0.928631
vt 0.595569 0.921321
vt 0.616490 0.854848
vt 0.532723 0.870484
vt 0.616490 0.870473
vt 0.532383 0.870486
vt 0.616395 0.870486
vt 0.532383 0.904559
vt 0.616395 0.879004
vt 0.583254 0.777762
vt 0.583254 0.770463
vt 0.587480 0.777773
vt 0.637254 0.854837
vt 0.616490 0.870496
vt 0.698065 0.854837
vt 0.698065 0.870496
vt 0.639164 0.776895
vt 0.631630 0.763852
vt 0.646698 0.763852
vt 0.639164 0.750810
vt 0.637254 0.839178
vt 0.698065 0.839178
vt 0.667200 0.827756
vt 0.667200 0.834903
vt 0.662974 0.835071
vt 0.637254 0.839537
vt 0.557554 0.839537
vt 0.532600 0.839537
vt 0.599795 0.914001
vt 0.595569 0.914168
vt 0.500864 0.839178
vt 0.532498 0.839178
vt 0.532798 0.769991
vt 0.532798 0.755361
vt 0.528573 0.762676
vt 0.541249 0.769991
vt 0.500864 0.886430
vt 0.532426 0.886430
vt -1.137783 1.849357
vt -1.146161 1.848719
vt -1.145075 1.834240
vt 0.637254 0.831423
vt 0.557492 0.833951
vt 0.516045 0.838397
vt 0.502725 0.836142
vt 0.505342 0.833029
vt -1.967727 -0.775864
vt -1.991867 -0.781269
vt -1.971951 -0.809179
vt -1.991942 -0.781141
vt -1.994054 -0.797798
vt -1.972026 -0.809051
vt 0.532239 0.836788
vt 0.500870 0.836962
vt 0.545475 0.762676
vt 0.541249 0.755361
vt -1.178079 1.847749
vt -1.177022 1.833569
vt -1.168620 1.833861
vt 0.514359 0.833644
vt 0.556435 0.839536
vt 0.519709 0.834711
vt 0.529849 0.819346
vt 0.520452 0.829136
vt 0.537890 0.820516
vt 0.557431 0.823036
vt 0.597317 0.823192
vt 0.596145 0.814041
vt 0.609742 0.813590
vt 0.609998 0.823418
vt 0.662908 0.838694
vt 0.654523 0.835071
vt 0.654589 0.838694
vt 0.636024 0.826328
vt 0.619106 0.827381
vt 0.636381 0.830923
vt 0.619962 0.823095
vt 0.650297 0.834903
vt 0.650297 0.827756
vt 0.637254 0.824933
vt 0.698065 0.824933
vt 0.654233 0.750810
vt 0.661767 0.763852
vt 0.654233 0.776895
vt 0.698065 0.887997
vt 0.595931 0.777773
vt 0.600156 0.770463
vt 0.600156 0.777762
vt 0.616395 0.896041
vt 0.616395 0.904559
vt 0.616897 0.887997
vt 0.514417 0.828480
vt 0.515771 0.817502
vt 0.521674 0.818289
vt 0.530540 0.815164
vt 0.522198 0.813981
vt 0.526605 0.813377
vt 0.530596 0.814113
vt 0.536976 0.776623
vt 0.543574 0.780399
vt 0.564090 0.766660
vt 0.554036 0.768677
vt 0.533603 0.776809
vt 0.532007 0.776596
vt 0.545523 0.821781
vt 0.551545 0.782417
vt 0.564350 0.776736
vt 0.572700 0.781471
vt -0.848765 -1.055089
vt -0.850148 -1.046288
vt -0.865360 -1.057696
vt -0.850365 -1.046052
vt -0.866961 -1.048657
vt -0.865578 -1.057459
vt 0.564222 0.778838
vt 0.549930 0.820716
vt 0.556723 0.816792
vt 0.546925 0.820516
vt 0.556210 0.821570
vt 0.547679 0.814939
vt 0.624471 0.778044
vt 0.577578 0.757246
vt 0.609202 0.757671
vt 0.622986 0.757671
vt 0.636965 0.778021
vt 0.552441 0.766761
vt 0.577578 0.751265
vt 0.567008 0.781204
vt 0.609852 0.751283
vt 0.701643 0.902986
vt 0.675915 0.909611
vt 0.675915 0.902986
vt 0.701643 0.909611
vt 0.675566 0.916583
vt 0.701991 0.916583
vt 0.701643 0.896361
vt 0.675915 0.896361
vt 0.701643 0.889389
vt 0.675915 0.889389
vt 0.654315 0.912177
vt 0.663363 0.912148
vt 0.667861 0.904301
vt 0.663311 0.896485
vt 0.649765 0.904361
vt 0.654264 0.896515
vt 0.712896 0.902986
vt 0.698407 0.902986
vt 0.698407 0.891850
vt 0.705257 0.913963
vt 0.712896 0.913821
vt 0.705434 0.925706
vt 0.713007 0.925710
vt 0.712896 0.891850
vt 0.698756 0.880695
vt 0.712896 0.880695
vt 0.659239 0.891468
vt 0.670431 0.898000
vt 0.670367 0.910954
vt 0.659111 0.917375
vt 0.648000 0.897809
vt 0.698407 0.914106
vt 0.705257 0.933235
vt 0.628721 0.897714
vt 0.647936 0.910925
vt 0.628657 0.910830
vt 0.698407 0.933235
vt 0.623098 0.899873
vt 0.623055 0.908617
vt 0.698407 0.938803
vt 0.705257 0.938803
vt 0.698407 0.945305
vt 0.704962 0.945305
vt 0.599329 0.956415
vt 0.501898 0.969621
vt 0.501898 0.956415
vt 0.599329 0.969621
vt 0.533244 0.770269
vt 0.529149 0.763180
vt 0.545529 0.763180
vt 0.543482 0.759635
vt 0.531196 0.759635
vt 0.599329 0.949813
vt 0.501898 0.949813
vt 0.530649 0.791576
vt 0.499978 0.791576
vt 0.526815 0.784939
vt 0.507645 0.804849
vt 0.541434 0.770269
vt 0.599329 0.981503
vt 0.501898 0.981503
vt 0.522981 0.804849
vt 0.501898 0.915998
vt 0.599329 0.933978
vt 0.543482 0.751134
vt 0.531196 0.751134
vt 0.503812 0.784939
vt 0.526815 0.750949
vt 0.503812 0.750949
vt 0.501898 0.905573
vt 0.584680 0.905573
vt 0.584680 0.915998
vt 0.603639 0.924920
vt 0.604266 0.905710
vt 0.604266 0.915508
vt 0.603639 0.933978
vt 0.599561 0.941976
vt 0.604135 0.941721
vt 0.612229 0.933795
vt 0.611776 0.924925
vt 0.637267 0.947521
vt 0.608290 0.999065
vt 0.608467 0.947696
vt 0.636905 0.998932
vt 0.679122 0.947489
vt 0.678660 0.919001
vt 0.637031 0.918945
vt 0.679167 0.998945
vt 0.711324 0.947533
vt 0.711324 0.998944
vt 0.249133 0.580490
vt 0.204381 0.597206
vt 0.248737 0.616677
vt 0.204266 0.574929
vt 0.249133 0.539510
vt 0.204042 0.617560
vt 0.204266 0.659205
vt 0.247223 0.654672
vt 0.247223 0.693530
vt 0.204358 0.723258
vt 0.248737 0.744744
vt 0.204101 0.744613
vt 0.204266 0.538060
vt 0.249133 0.502917
vt 0.204101 0.503181
vt 0.083042 0.599173
vt 0.042517 0.634624
vt 0.051827 0.564619
vt 0.148547 0.574853
vt 0.158764 0.747991
vt 0.038420 0.748072
vt 0.124280 0.690541
vt 0.038608 0.690595
vt 0.001173 0.564619
vt 0.001173 0.634624
vt 0.115660 0.542214
vt 0.000897 0.749486
vt 0.037601 0.749662
vt 0.037565 0.701199
vt 0.000959 0.701199
vt 0.037596 0.749486
vt 0.037540 0.701043
vt 0.037864 0.672250
vt 0.001173 0.672250
vt 0.287441 0.831446
vt 0.277848 0.808314
vt 0.277848 0.841027
vt 0.287441 0.817896
vt 0.320275 0.810177
vt 0.320275 0.838135
vt 0.328871 0.810150
vt 0.310371 0.838100
vt 0.310371 0.810141
vt 0.300718 0.838136
vt 0.300718 0.810178
vt 0.264282 0.841027
vt 0.254689 0.831446
vt 0.254689 0.817896
vt 0.264282 0.808314
vt 0.291419 0.810131
vt 0.291419 0.838089
vt 0.328871 0.838109
vt 0.464455 0.791409
vt 0.497050 0.793512
vt 0.497050 0.802433
vt 0.321564 0.784709
vt 0.376958 0.751336
vt 0.333605 0.751336
vt 0.487382 0.780621
vt 0.423682 0.775882
vt 0.487805 0.759289
vt 0.423682 0.765372
vt 0.419593 0.871758
vt 0.419593 0.886928
vt 0.428124 0.886928
vt 0.285103 0.751336
vt 0.306715 0.806782
vt 0.464455 0.804534
vt 0.497080 0.802881
vt 0.497080 0.793062
vt 0.262429 0.787635
vt 0.278382 0.751887
vt 0.256035 0.752229
vt 0.272874 0.787635
vt 0.428124 0.865549
vt 0.419593 0.865549
vt 0.428124 0.871758
vt 0.292650 0.806888
vt 0.354345 0.780923
vt 0.357525 0.780892
vt 0.353892 0.806030
vt 0.359280 0.805979
vt 0.344777 0.806129
vt 0.343552 0.780547
vt 0.335405 0.806129
vt 0.335908 0.780519
vt 0.497456 0.749415
vt 0.485890 0.664453
vt 0.496926 0.664486
vt 0.485940 0.749256
vt 0.470171 0.730628
vt 0.466088 0.666183
vt 0.452588 0.717538
vt 0.454217 0.535753
vt 0.468762 0.535753
vt 0.486008 0.536536
vt 0.498347 0.536536
vt 0.445639 0.749066
vt 0.445663 0.503846
vt 0.434255 0.503846
vt 0.434268 0.749066
vt 0.380788 0.880855
vt 0.380788 0.871116
vt 0.371710 0.871116
vt 0.365102 2.180469
vt 0.368954 2.149666
vt 0.378799 2.150896
vt 0.344531 0.885634
vt 0.365618 0.873723
vt 0.335760 0.873723
vt 0.356681 0.885634
vt 0.365618 0.882628
vt 0.371601 0.880855
vt 0.344531 0.903855
vt 0.356681 0.903855
vt 0.335760 0.882628
vt 0.374849 2.181659
vt 0.365005 2.180429
vt 0.378702 2.150856
vt 0.294868 0.941839
vt 0.306242 0.941839
vt 0.295222 0.925902
vt 0.311937 0.925902
vt 0.313862 0.939320
vt 0.293742 0.947252
vt 0.262528 0.944729
vt 0.262528 0.947252
vt 0.293742 0.944729
vt 0.304738 0.942054
vt 0.310742 0.925650
vt 0.310800 0.940538
vt 0.292848 0.942054
vt 0.294602 0.925650
vt 0.304037 0.889197
vt 0.294735 0.895133
vt 0.298096 0.889197
vt 0.304037 0.866983
vt 0.298096 0.866983
vt 0.298275 0.839766
vt 0.304216 0.839766
vt 0.278219 0.842395
vt 0.262528 0.887561
vt 0.287065 0.867435
vt 0.262528 0.842395
vt 0.304153 0.889387
vt 0.304153 0.840080
vt 0.298825 0.840080
vt 0.298825 0.889387
vt 0.295572 0.895322
vt 0.287065 0.887561
vt 0.262528 0.923072
vt 0.293742 0.923072
vt 0.298373 0.844163
vt 0.298373 0.869110
vt 0.302419 0.869110
vt 0.334744 0.811030
vt 0.363250 0.811030
vt 0.360278 0.780632
vt 2.347663 2.114341
vt 2.351084 2.088481
vt 2.351128 2.114335
vt 2.347300 2.088531
vt 2.350765 2.088525
vt 2.347344 2.114385
vt 0.337715 0.780632
vt 0.302320 0.843860
vt -1.664028 1.855766
vt -1.668548 1.855070
vt -1.659612 1.830291
vt 0.303618 0.844518
vt 0.303666 0.865332
vt 0.299003 0.844653
vt 0.333757 0.842919
vt 0.336394 0.811431
vt 0.361730 0.811432
vt 0.364304 0.842918
vt 0.332971 0.872828
vt 0.334452 0.842841
vt 0.365221 0.842841
vt 0.303432 0.870787
vt 0.297851 0.870399
vt 0.303071 0.840596
vt -0.390442 2.180982
vt -0.394200 2.150934
vt -0.382899 2.180040
vt 0.367257 0.873198
vt 0.298090 0.840596
vt 0.366891 2.180119
vt 0.370649 2.150071
vt 0.376660 2.150822
vt -0.383012 2.180079
vt -0.394313 2.150973
vt -0.386770 2.150031
vt 0.372798 2.180840
vt 0.366788 2.180089
vt 0.376557 2.150792
vt 1.646976 1.858121
vt 1.641803 1.828284
vt 1.646940 1.827358
vt 0.303633 0.865330
vt 0.298912 0.865166
vt 0.303617 0.844518
vt 0.303667 0.865330
vt -1.668279 1.855162
vt -1.663834 1.829521
vt -1.659343 1.830384
vt 0.333780 0.842665
vt 0.361810 0.811630
vt 0.336307 0.811630
vt 0.364336 0.842665
vt 1.652103 1.857211
vt 0.303632 0.865332
vt 0.303211 0.844653
vt 0.303302 0.865166
vt 2.173701 1.193098
vt 2.199372 1.197447
vt 2.198675 1.201557
vt 2.173009 1.197192
vt 2.173706 1.193083
vt 0.363341 0.811399
vt 0.334648 0.811399
vt 0.302678 0.869418
vt 0.904700 3.619423
vt 0.881976 3.607070
vt 0.883666 3.603789
vt 0.302679 0.869417
vt 0.907443 3.615997
vt 0.905605 3.619198
vt 0.884566 3.603571
vt 0.460065 0.972660
vt 0.435834 0.941652
vt 0.434696 0.973203
vt 0.458102 0.941035
vt 0.491994 0.981725
vt 0.494434 0.957500
vt 0.491626 0.884108
vt 0.458815 0.883411
vt 0.484872 0.823595
vt 0.455642 0.811731
vt 0.437634 0.811701
vt 0.436064 0.883673
vt 0.429404 0.937972
vt 0.429938 0.894437
vt 0.323179 0.885555
vt 0.332755 0.905150
vt 0.336565 0.885702
vt 0.325699 0.905930
vt 0.134209 0.826043
vt 0.113802 0.825876
vt 0.134224 0.836436
vt 0.189642 0.790953
vt 0.144455 0.790825
vt 0.189427 0.775996
vt 0.113929 0.836416
vt 0.320431 0.632885
vt 0.320228 0.747570
vt 0.269085 0.672101
vt 0.322414 0.716328
vt 0.324568 0.654916
vt 0.309695 0.654916
vt 0.311849 0.716328
vt 0.272245 0.613290
vt 0.252226 0.683046
vt 0.252226 0.581092
vt 0.261166 0.581092
vt 0.261166 0.683428
vt 0.252226 0.735550
vt 0.261166 0.735550
vt 0.348198 0.516798
vt 0.318601 0.505600
vt 0.348198 0.505600
vt 0.318601 0.516798
vt 0.417406 0.621403
vt 0.429905 0.621403
vt 0.416672 0.588751
vt 0.430639 0.588751
vt 0.416672 0.621519
vt 0.430640 0.621519
vt 0.417845 0.638167
vt 0.345447 0.590226
vt 0.318807 0.580695
vt 0.343201 0.571914
vt 0.321004 0.606748
vt 0.376600 0.597245
vt 0.401385 0.596532
vt 0.404269 0.633135
vt 0.401618 0.553065
vt 0.378646 0.552620
vt 0.347894 0.640829
vt 0.280404 0.610999
vt 0.343541 0.622532
vt 0.433147 0.588319
vt 0.412203 0.637204
vt 0.433147 0.637204
vt 0.412203 0.588319
vt 0.435292 0.588243
vt 0.413566 0.635471
vt 0.408467 0.588243
vt 0.430193 0.635471
vt 0.368781 0.601177
vt 0.429466 0.638167
vt 0.369143 0.601102
vt 0.343618 0.622698
vt 0.348020 0.641200
vt 0.279769 0.611034
vt 0.404556 0.514062
vt 0.298081 0.594928
vt 0.288068 0.568502
vt 0.322840 0.555872
vt 1.658433 2.215584
vt 1.663222 2.213315
vt 1.660762 2.225705
vt 1.656926 2.221866
vt 1.658156 2.215672
vt 1.660485 2.225792
vt 0.230044 0.773296
vt 0.249824 0.750958
vt 0.227210 0.750958
vt 0.249695 0.780754
vt 0.173564 0.815156
vt 0.162829 0.830815
vt 0.163016 0.814870
vt 0.173382 0.830854
vt 0.170737 0.940364
vt 0.160886 0.894953
vt 0.171438 0.894992
vt 0.160184 0.940325
vt 0.172199 0.903522
vt 0.162129 0.862582
vt 0.172681 0.862620
vt 0.161641 0.903448
vt 0.213891 0.791955
vt 0.148644 0.797389
vt 0.120809 0.792076
vt 0.186109 0.797389
vt 0.161659 0.903573
vt 0.186109 0.807560
vt 0.148644 0.807560
vt 0.185986 0.816305
vt 0.149134 0.816065
vt 0.179080 0.867510
vt 0.154826 0.864295
vt 0.179000 0.864660
vt 0.154782 0.867141
vt 0.148946 0.816305
vt 0.173567 0.814909
vt 0.120809 0.792041
vt 0.172211 0.903612
vt 1.670576 2.215014
vt 1.674135 2.218940
vt 1.672904 2.225134
vt 1.668393 2.227316
vt 1.670853 2.214927
vt 1.673182 2.225047
vt 0.002706 0.784400
vt 0.002656 0.753241
vt 0.072785 0.753146
vt 0.072772 0.784399
vt 0.002707 0.784400
vt 0.002656 0.753239
vt 0.072785 0.753146
vt 0.002705 0.784400
vt -2.209188 2.332320
vt -2.207021 2.294684
vt -2.205043 2.281846
vt 0.041884 0.998489
vt 0.083727 0.973828
vt 0.083749 0.998146
vt 0.042575 0.974191
vt 0.002703 0.784400
vt 0.002658 0.753240
vt 0.047677 0.784393
vt 0.072772 0.784400
vt 0.095858 0.777078
vt 0.074908 0.756210
vt 0.074808 0.777209
vt 0.095940 0.756132
vt 0.039991 0.784390
vt 1.164236 2.272609
vt 1.164433 2.235362
vt 1.165825 2.217892
vt 0.126174 0.815168
vt 0.148929 0.754192
vt 0.148905 0.815369
vt 0.126198 0.754267
vt 0.102161 0.815398
vt 0.102186 0.754181
vt 1.903951 2.243466
vt 1.902463 2.188815
vt 1.903503 2.206221
vt 0.074515 0.777214
vt 0.096023 0.756024
vt 0.095828 0.777088
vt 0.074815 0.756008
vt 0.040118 0.753190
vt 0.039993 0.784392
vt 0.062047 0.974194
vt 0.063191 0.986632
vt 0.084172 0.974194
vt 1.428660 -0.649070
vt 1.452938 -0.648620
vt 1.440469 -0.632635
vt 0.063191 0.974194
vt 0.040127 0.753191
vt 0.002704 0.784399
vt 0.218198 0.765082
vt 0.203949 0.780047
vt 0.213299 0.753879
vt 0.213364 0.776240
vt 0.157017 0.786426
vt 0.153215 0.786426
vt 0.153215 0.751937
vt 0.180843 0.786426
vt 0.176998 0.786426
vt 0.180843 0.751937
vt 0.176998 0.751937
vt 0.173890 0.751937
vt 0.173890 0.786426
vt 0.170826 0.786426
vt 0.170826 0.751937
vt 0.167029 0.786426
vt 0.167029 0.751937
vt 0.194388 0.753754
vt 0.189573 0.764907
vt 0.203821 0.749942
vt 0.194491 0.776105
vt 0.163180 0.751937
vt 0.163180 0.786426
vt 0.160077 0.786426
vt 0.160077 0.751937
vt 0.157017 0.751937
vt 0.096621 0.513496
vt 0.096322 0.546555
vt 0.042308 0.531145
vt 0.042952 0.563451
vt 0.078190 0.936900
vt 0.076506 0.887222
vt 0.078190 0.887222
vt 0.076506 0.936900
vt -2.611650 2.078222
vt -2.617758 2.075724
vt -2.615157 2.075381
vt -2.610606 2.059312
vt -2.618571 2.059985
vt -2.616709 2.056798
vt -2.603997 2.205444
vt -2.607004 2.228428
vt -2.611964 2.206087
vt 0.080965 0.852603
vt 0.078884 0.915826
vt 0.076358 0.915826
vt 0.074823 0.936900
vt 0.074823 0.887222
vt 0.081062 0.834733
vt 1.283820 2.824153
vt 1.289924 2.821638
vt 1.291784 2.824826
vt 0.081038 0.839200
vt 0.459150 0.808933
vt 0.459150 0.780622
vt 0.428431 0.780622
vt 0.428431 0.808933
vt 0.078833 0.915699
vt 0.077570 0.915699
vt 0.080762 0.852091
vt 0.076307 0.915699
vt 0.114924 0.986125
vt 0.132115 0.968815
vt 0.114924 0.968666
vt 0.129129 0.985610
vt 0.148606 0.968660
vt 0.143506 0.986296
vt 0.114924 0.997890
vt 0.431564 0.571809
vt 0.420828 0.580670
vt 0.420724 0.571829
vt 0.431218 0.580123
vt 0.420807 0.586331
vt 0.431474 0.585785
vt 0.412771 0.583463
vt 0.429008 0.582476
vt 0.420869 0.571678
vt 0.431451 0.504500
vt 0.420958 0.504508
vt 0.420823 0.571697
vt 0.431453 0.504501
vt 0.431326 0.571700
vt 0.420823 0.571697
vt 0.431312 0.571690
vt 0.431457 0.504500
vt 0.445724 0.550692
vt 0.445725 0.533321
vt 0.434954 0.550692
vt 0.445724 0.533321
vt 0.434954 0.533322
vt 0.445725 0.550693
vt 0.434938 0.533321
vt 0.434947 0.550693
vt 0.434954 0.533321
vt 0.445724 0.550691
vt 0.413837 0.551062
vt 0.405242 0.568727
vt 0.413837 0.568368
vt 0.405242 0.551422
vt 0.429044 0.582869
vt 0.412853 0.572017
vt 0.412807 0.583857
vt 0.412853 0.571841
vt 0.170679 0.996134
vt 0.187247 0.989297
vt 0.180438 0.996134
vt 0.163695 0.989297
vt 0.189966 0.972127
vt 0.160961 0.972127
vt 0.216794 0.968692
vt 0.200959 0.984933
vt 0.198924 0.968836
vt 0.215145 0.984819
vt 0.204376 0.997244
vt 0.211517 0.997187
vt 0.325149 0.905826
vt 0.335330 0.885735
vt 0.333281 0.905826
vt 0.323100 0.885735
vt 2.586272 1.830070
vt 2.584860 1.825019
vt 2.606738 1.825726
vt 2.604610 1.818112
vt -2.714028 0.227923
vt -2.721538 0.207373
vt -2.709865 0.224727
vt -2.714095 0.228173
vt -2.727867 0.212430
vt -2.721607 0.207623
vt -1.679693 2.213382
vt -1.687436 2.214918
vt -1.681211 2.205739
vt -1.681361 2.205633
vt -1.687585 2.214812
vt -1.689103 2.207170
vt -1.673735 2.221797
vt -1.677294 2.225722
vt -1.679755 2.213334
vt -1.673846 2.221854
vt -1.679866 2.213391
vt -1.675076 2.215660
vt -1.677404 2.225729
vt -1.682642 2.239876
vt -1.685147 2.227264
vt -1.674841 2.238364
vt -1.677346 2.225754
vt -1.685009 2.227349
vt -1.691028 2.218886
vt -1.687469 2.214959
vt -1.689806 2.225085
vt 0.400648 0.778205
vt 0.388813 0.778205
vt 0.380444 0.786564
vt 0.380444 0.798385
vt 0.409017 0.798385
vt 0.400648 0.806744
vt 0.409017 0.786564
vt 0.388813 0.806744
vt 0.108623 0.665099
vt 0.094717 0.640733
vt 0.122698 0.640733
vt 0.080473 0.665099
vt 0.066398 0.640733
vt 0.122997 0.507560
vt 0.148547 0.503861
vt 0.108623 0.616367
vt 0.080473 0.616367
vt 0.320867 0.903238
vt 0.318733 0.903238
vt 0.318733 0.835129
vt 0.317438 0.837799
vt 0.317438 0.903238
vt 0.318733 0.840172
vt 0.320867 0.837799
vt 0.325292 0.877982
vt 0.326191 0.841554
vt 0.322354 0.878052
vt 0.274564 0.879413
vt 0.266684 0.879413
vt 0.276976 0.843437
vt 1.197390 3.139624
vt 1.194859 3.139590
vt 1.194989 3.129885
vt 0.322312 0.841604
vt 0.264285 0.843437
vt 0.277389 0.842125
vt 0.263194 0.842125
vt 0.253166 0.832006
vt 0.298914 0.809114
vt 0.298862 0.839026
vt 0.291948 0.809323
vt 0.291791 0.838851
vt 0.287423 0.832006
vt 0.322489 0.839022
vt 0.322863 0.808973
vt 0.330522 0.838933
vt 0.330646 0.809109
vt 0.287423 0.817697
vt 0.277389 0.807579
vt 0.263200 0.807579
vt 0.253166 0.817697
vt 0.314420 0.838835
vt 0.314685 0.809192
vt 0.306703 0.838857
vt 0.306956 0.809092
vt 0.316326 0.841672
vt 0.312230 0.841672
vt 0.313347 0.878066
vt 0.316488 0.877949
vt 1.206705 3.139738
vt 1.203993 3.129993
vt 1.206836 3.130032
vt 1.206401 3.139857
vt 1.203559 3.139820
vt 1.203691 3.130113
vt 1.197712 3.139501
vt 1.195310 3.129762
vt 1.197841 3.129796
vt 0.322696 0.944026
vt 0.318733 0.944026
vt 0.318733 0.903674
vt 1.200191 3.151438
vt 1.196028 3.146295
vt 1.200313 3.142394
vt 0.322696 0.903674
vt 0.314980 0.944026
vt 0.314980 0.903674
vt 1.200104 3.151464
vt 1.200226 3.142420
vt 1.204404 3.146434
vt 0.289792 0.991485
vt 0.267215 0.991485
vt 0.298056 0.983610
vt 0.278504 0.994368
vt 0.305723 0.997394
vt 0.324864 0.997394
vt 0.324864 0.994225
vt 0.305723 0.994225
vt 0.409688 0.800494
vt 0.389549 0.800494
vt 0.399619 0.803191
vt 0.382176 0.793126
vt 0.417061 0.793126
vt 0.305723 0.985569
vt 0.324864 0.985569
vt 0.305723 0.973745
vt 0.324864 0.973745
vt 0.258951 0.983610
vt 0.301081 0.972852
vt 0.379478 0.783062
vt 0.419759 0.783062
vt 0.386819 0.775687
vt 0.412437 0.775687
vt 0.324864 0.965081
vt 0.305722 0.965081
vt 0.324864 0.945840
vt 0.299788 0.964970
vt 0.257219 0.964970
vt 0.292873 0.947464
vt 0.255926 0.972852
vt 0.311671 0.945899
vt -1.264812 -0.507262
vt -1.283082 -0.487043
vt -1.277707 -0.507033
vt 0.443261 0.991929
vt 0.417643 0.975553
vt 0.417643 0.991929
vt 0.443261 0.975553
vt 0.311611 0.945840
vt 0.339971 0.997498
vt 0.339971 0.959803
vt 0.355604 0.959803
vt 0.355604 0.997498
vt 0.264276 0.947083
vt 0.424215 0.763938
vt 0.424215 0.778171
vt 0.449014 0.778089
vt 0.391893 0.997790
vt 0.414027 0.976183
vt 0.391846 0.976150
vt 0.414073 0.997823
vt 0.449014 0.763938
vt 0.448312 0.976233
vt 0.448348 0.993306
vt 0.455049 0.976244
vt 0.455085 0.993318
vt 0.496922 0.987330
vt 0.496899 0.976307
vt 0.470876 0.993341
vt 0.460209 0.973132
vt 0.498923 0.957230
vt 0.498527 0.884380
vt 0.493952 0.824137
vt 0.395646 0.884169
vt 0.404482 0.821273
vt 0.407896 0.884316
vt 0.404091 0.951711
vt 0.408911 0.943025
vt 0.392030 0.957225
vt 0.395159 0.981264
vt 0.403924 0.977258
vt 0.434469 0.973433
vt 0.497174 0.981996
vt 0.410769 0.894376
vt -2.582092 1.751857
vt -2.584249 1.751535
vt -2.580936 1.744126
vt -2.584803 1.751368
vt -2.583647 1.743637
vt -2.581491 1.743959
vt -1.453415 -0.442932
vt -1.461877 -0.442981
vt -1.457617 -0.448043
vt -1.453416 -0.442779
vt -1.457670 -0.438846
vt -1.461879 -0.442827
vt 0.332711 0.905930
vt 0.325844 0.905203
vt 0.337287 0.885733
vt 0.322458 0.885603
vt -1.451638 -0.426391
vt -1.454481 -0.426407
vt -1.454426 -0.436113
vt -1.451828 -0.426259
vt -1.454616 -0.435982
vt -1.451773 -0.435965
vt -1.460125 -0.426854
vt -1.462599 -0.436576
vt -1.460067 -0.436560
vt -1.460676 -0.426483
vt -1.463208 -0.426497
vt -1.463152 -0.436204
vt 0.264263 0.945544
vt 0.357078 0.959327
vt 0.340985 0.998131
vt 0.340985 0.959327
vt 0.357078 0.998131
vt -1.462088 3.104266
vt -1.480624 3.084291
vt -1.467727 3.084349
vt 0.311514 0.945544
vt -1.556209 1.886488
vt -1.559117 1.876518
vt -1.555338 1.880233
vt -1.560661 1.888974
vt -1.558918 1.876463
vt -1.556010 1.886433
vt 0.356973 0.959394
vt 0.343396 0.959394
vt 0.356973 0.949141
vt 0.401471 0.964120
vt 0.392785 0.964120
vt 0.401088 0.952577
vt 0.401088 0.889848
vt 0.393953 0.889848
vt 0.372626 0.895749
vt 0.379363 0.886438
vt 0.372471 0.886438
vt 0.379670 0.895749
vt 0.379828 0.952361
vt 0.371484 0.952361
vt 0.336067 0.949141
vt 0.336067 0.889818
vt 0.343396 0.885767
vt 0.328402 0.959394
vt 0.328402 0.998952
vt 0.371219 0.959800
vt 0.371219 0.998140
vt 0.379828 0.998140
vt 1.545871 1.901718
vt 1.551916 1.887896
vt 1.553689 1.900630
vt 1.545728 1.901657
vt 1.543954 1.888923
vt 1.551772 1.887836
vt 0.343396 0.998952
vt 0.346790 0.998952
vt 1.544346 1.889007
vt 1.539696 1.886466
vt 1.538824 1.880210
vt 0.353579 0.998952
vt 0.346790 0.959394
vt 0.353579 0.959394
vt 0.356973 0.998952
vt 0.365741 0.998952
vt 1.542521 1.876681
vt 1.541445 1.868963
vt 1.549263 1.867876
vt 0.379828 0.959800
vt 0.372393 0.891444
vt 0.379828 0.891444
vt 0.379670 0.885360
vt 0.372626 0.885360
vt 0.393333 0.952577
vt 0.356973 0.885767
vt 0.365740 0.889818
vt 0.365740 0.959394
vt 1.542369 1.876568
vt 1.549112 1.867762
vt 1.550187 1.875480
vt -0.701982 -1.824694
vt -0.696938 -1.830762
vt -0.685076 -1.812374
vt -0.686169 -1.812007
vt -0.698038 -1.830390
vt -0.682817 -1.816043
vt 1.551872 1.887928
vt 1.550130 1.875417
vt 1.555651 1.884213
vt 1.555225 1.884483
vt 1.549703 1.875687
vt 1.554353 1.878228
vt -1.568656 1.887989
vt -1.571564 1.878019
vt -1.566913 1.875479
vt -1.568154 1.887849
vt -1.571933 1.884134
vt -1.571061 1.877879
vt 2.690398 0.601779
vt 2.676187 0.585138
vt 2.694587 0.595092
vt 2.690445 0.602740
vt 2.673453 0.590539
vt 2.676240 0.586094
vt 1.544245 1.889070
vt 1.538723 1.880274
vt 1.542503 1.876560
vt 2.422321 0.206229
vt 2.415234 0.202269
vt 2.422835 0.204111
vt 2.421918 0.206424
vt 2.414317 0.204585
vt 2.414830 0.202466
vt -1.918463 2.678012
vt -1.948285 2.683362
vt -1.919805 2.670534
vt -1.919978 2.670251
vt -1.948458 2.683077
vt -1.949801 2.675600
vt 1.902006 2.677169
vt 1.903075 2.671210
vt 1.931828 2.682519
vt 1.903158 2.671059
vt 1.932981 2.676408
vt 1.931911 2.682366
vt -2.187443 1.197479
vt -2.217315 1.202541
vt -2.218168 1.197394
vt -2.187443 1.197438
vt -2.218168 1.197353
vt -2.188281 1.192290
vt 0.488128 0.954908
vt 0.487344 0.947599
vt 0.493727 0.947593
vt 0.491445 0.895316
vt 0.483757 0.895323
vt 0.483243 0.852679
vt 0.475198 0.852686
vt 0.492409 0.954903
vt 1.901651 2.679126
vt 1.903403 2.669366
vt 1.932223 2.684610
vt 1.903360 2.669429
vt 1.933932 2.674914
vt 1.932179 2.684673
vt 0.376988 0.597878
vt 0.404926 0.634245
vt 0.402010 0.597161
vt 0.345546 0.590027
vt 0.318605 0.580389
vt 0.320828 0.606735
vt 0.343274 0.571509
vt 0.322684 0.555287
vt 0.287520 0.568059
vt 0.297646 0.594783
vt 0.379014 0.552754
vt 0.402245 0.553204
vt 0.405217 0.513762
vt 0.445721 0.533321
vt 0.431328 0.571707
vt 0.431453 0.504501
vt 0.431331 0.571700
vt 0.045480 0.944065
vt 0.031937 0.944327
vt 0.044348 0.876198
vt 0.042211 0.957226
vt 0.056649 0.957226
vt 0.021769 0.957226
vt 0.021842 0.986632
vt 0.042211 0.986632
vt 0.056172 0.986632
vt 0.048358 0.943803
vt 0.042211 0.974194
vt 0.084172 0.944327
vt 0.050369 0.892135
vt 0.084172 0.892367
vt 0.052381 0.840465
vt 0.031937 0.840407
vt 0.043216 0.840302
vt 0.031937 0.893470
vt 0.016633 0.944327
vt 0.001328 0.957226
vt 0.001474 0.986632
vt 0.001267 0.998646
vt 0.022856 0.998646
vt 0.042211 0.998646
vt 0.021739 0.998646
vt 0.084172 0.840407
vt 0.061960 0.787062
vt 0.084172 0.787062
vt 0.043216 0.790091
vt 0.031937 0.790091
vt 0.001328 0.790091
vt 0.001328 0.840407
vt 0.001328 0.900635
vt 0.001328 0.944327
vt 0.016633 0.957226
vt 0.031937 0.957226
vt -0.823310 3.096457
vt -0.830545 3.117317
vt -0.846880 3.102292
vt 0.161958 0.627453
vt 0.203139 0.748700
vt 0.203152 0.627915
vt 0.161949 0.748816
vt 0.001414 0.531277
vt 0.001433 0.563269
vt 0.001173 0.542214
vt 0.001173 0.506092
vt 0.461502 0.540225
vt 0.489319 0.539221
vt 0.489310 0.599012
vt 0.461722 0.599517
vt 0.202129 0.501015
vt 0.148885 0.501081
vt 0.202129 0.575293
vt 0.096693 0.850766
vt 0.096719 0.809710
vt 0.118823 0.850758
vt 0.118998 0.809856
vt 0.190199 0.809835
vt 0.148269 0.827219
vt 0.143081 0.864049
vt 0.118931 0.967569
vt 0.139637 0.967810
vt 0.118659 0.981621
vt 0.079774 0.967760
vt 0.079501 0.981394
vt 0.079632 0.998008
vt 0.118371 0.998652
vt 0.218134 0.998731
vt 0.249385 0.985402
vt 0.218134 0.985056
vt 0.249385 0.998739
vt 0.218134 0.998739
vt 0.218134 0.985402
vt 0.249385 0.967456
vt 0.218134 0.967456
vt 0.248645 0.865986
vt 0.220891 0.865986
vt 0.191775 0.867168
vt 0.186404 0.967547
vt 0.175990 0.864715
vt 0.169222 0.967488
vt 0.156723 0.967531
vt 0.163819 0.863719
vt 0.173449 0.827400
vt 0.229159 0.798341
vt 0.248298 0.798341
vt 0.248307 0.801873
vt 0.207806 0.801875
vt 0.248316 0.809986
vt 0.207528 0.809985
vt 0.185594 0.829123
vt 0.248316 0.832784
vt 0.227826 0.832774
vt 0.249385 0.985056
vt 0.094411 0.641265
vt 0.080300 0.617125
vt 0.066355 0.641265
vt 0.108190 0.617125
vt 0.122135 0.641265
vt 0.108190 0.665406
vt 0.080300 0.665406
vt 0.083042 0.599423
vt 0.042517 0.634852
vt 0.051827 0.564890
vt 0.148547 0.575118
vt 0.158764 0.748149
vt 0.038420 0.748230
vt 0.124280 0.690734
vt 0.038608 0.690788
vt 0.001173 0.564890
vt 0.001173 0.634852
vt 0.115660 0.542499
vt 0.000897 0.749642
vt 0.037601 0.749818
vt 0.037565 0.701385
vt 0.000959 0.701385
vt 0.037596 0.749642
vt 0.037540 0.701230
vt 0.037864 0.672455
vt 0.001173 0.672455
vt 0.464455 0.791539
vt 0.497050 0.793641
vt 0.497050 0.802556
vt 0.321564 0.784843
vt 0.376958 0.751491
vt 0.333605 0.751491
vt 0.487382 0.780757
vt 0.423682 0.776022
vt 0.487805 0.759439
vt 0.423682 0.765518
vt 0.419593 0.871838
vt 0.419593 0.886999
vt 0.428124 0.886999
vt 0.285103 0.751491
vt 0.306715 0.806902
vt 0.464455 0.804656
vt 0.497080 0.803004
vt 0.497080 0.793191
vt 0.262429 0.787768
vt 0.278382 0.752042
vt 0.256035 0.752384
vt 0.272874 0.787768
vt 0.428124 0.865632
vt 0.419593 0.865632
vt 0.428124 0.871838
vt 0.292650 0.807009
vt 0.354345 0.781060
vt 0.357525 0.781029
vt 0.353892 0.806151
vt 0.359280 0.806100
vt 0.344777 0.806250
vt 0.343552 0.780684
vt 0.335405 0.806250
vt 0.335908 0.780656
vt 0.497456 0.749571
vt 0.485890 0.664662
vt 0.496926 0.664695
vt 0.485940 0.749413
vt 0.470171 0.730796
vt 0.466088 0.666391
vt 0.452588 0.717714
vt 0.454217 0.536042
vt 0.468762 0.536042
vt 0.486008 0.536825
vt 0.498347 0.536825
vt 0.445639 0.749222
vt 0.445663 0.504156
vt 0.434255 0.504156
vt 0.434268 0.749222
vt 0.380788 0.880930
vt 0.380788 0.871196
vt 0.371710 0.871196
vt 0.365102 2.179733
vt 0.368954 2.148949
vt 0.378799 2.150178
vt 0.344531 0.885705
vt 0.365618 0.873801
vt 0.335760 0.873801
vt 0.356681 0.885705
vt 0.365618 0.882701
vt 0.371601 0.880930
vt 0.344531 0.903915
vt 0.356681 0.903915
vt 0.335760 0.882701
vt 0.374849 2.180922
vt 0.365005 2.179693
vt 0.378702 2.150138
vt 0.294868 0.941875
vt 0.306242 0.941875
vt 0.295222 0.925948
vt 0.311937 0.925948
vt 0.313862 0.939358
vt 0.293742 0.947285
vt 0.262528 0.944764
vt 0.262528 0.947285
vt 0.293742 0.944764
vt 0.304738 0.942090
vt 0.310742 0.925697
vt 0.310800 0.940575
vt 0.292848 0.942090
vt 0.294602 0.925697
vt 0.304037 0.889266
vt 0.294735 0.895198
vt 0.298096 0.889266
vt 0.304037 0.867066
vt 0.298096 0.867066
vt 0.298275 0.839866
vt 0.304216 0.839866
vt 0.278219 0.842494
vt 0.262528 0.887631
vt 0.287065 0.867517
vt 0.262528 0.842494
vt 0.304153 0.889456
vt 0.304153 0.840180
vt 0.298825 0.840180
vt 0.298825 0.889456
vt 0.295572 0.895388
vt 0.287065 0.887631
vt 0.262528 0.923120
vt 0.293742 0.923120
vt 0.298373 0.844261
vt 0.298373 0.869192
vt 0.302419 0.869192
vt 0.334744 0.811148
vt 0.363250 0.811148
vt 0.360278 0.780768
vt 2.347663 2.113646
vt 2.351084 2.087803
vt 2.351128 2.113640
vt 2.347300 2.087852
vt 2.350765 2.087846
vt 2.347344 2.113690
vt 0.337715 0.780768
vt 0.302320 0.843958
vt -1.664028 1.855232
vt -1.668548 1.854536
vt -1.659612 1.829773
vt 0.303618 0.844615
vt 0.303666 0.865416
vt 0.299003 0.844750
vt 0.333757 0.843017
vt 0.336394 0.811549
vt 0.361730 0.811549
vt 0.364304 0.843017
vt 0.332971 0.872907
vt 0.334452 0.842939
vt 0.365221 0.842939
vt 0.303432 0.870867
vt 0.297851 0.870480
vt 0.303071 0.840695
vt -0.390442 2.180246
vt -0.394200 2.150217
vt -0.382899 2.179304
vt 0.367257 0.873277
vt 0.298090 0.840695
vt 0.366891 2.179383
vt 0.370649 2.149354
vt 0.376660 2.150104
vt -0.383012 2.179343
vt -0.394313 2.150255
vt -0.386770 2.149313
vt 0.372798 2.180103
vt 0.366788 2.179353
vt 0.376557 2.150074
vt 1.646976 1.857585
vt 1.641803 1.827767
vt 1.646940 1.826842
vt 0.303633 0.865414
vt 0.298912 0.865250
vt 0.303617 0.844615
vt 0.303667 0.865414
vt -1.668279 1.854629
vt -1.663834 1.829003
vt -1.659343 1.829866
vt 0.333780 0.842763
vt 0.361810 0.811748
vt 0.336307 0.811748
vt 0.364336 0.842763
vt 1.652103 1.856676
vt 0.303632 0.865416
vt 0.303211 0.844750
vt 0.303302 0.865250
vt 2.173701 1.192977
vt 2.199372 1.197324
vt 2.198675 1.201431
vt 2.173009 1.197069
vt 2.173706 1.192962
vt 0.363341 0.811517
vt 0.334648 0.811516
vt 0.302678 0.869499
vt 0.904700 3.617789
vt 0.881976 3.605444
vt 0.883666 3.602165
vt 0.302679 0.869499
vt 0.907443 3.614365
vt 0.905605 3.617564
vt 0.884566 3.601947
vt 0.460065 0.972678
vt 0.435834 0.941688
vt 0.434696 0.973220
vt 0.458102 0.941072
vt 0.491994 0.981736
vt 0.494434 0.957527
vt 0.491626 0.884181
vt 0.458815 0.883484
vt 0.484872 0.823705
vt 0.455642 0.811849
vt 0.437634 0.811819
vt 0.436064 0.883745
vt 0.429404 0.938011
vt 0.429938 0.894503
vt 0.323179 0.885627
vt 0.332755 0.905209
vt 0.336565 0.885773
vt 0.325699 0.905989
vt 0.134209 0.826152
vt 0.113802 0.825984
vt 0.134224 0.836538
vt 0.189642 0.791083
vt 0.144455 0.790956
vt 0.189427 0.776135
vt 0.113929 0.836519
vt 0.320431 0.633114
vt 0.320228 0.747728
vt 0.269085 0.672306
vt 0.322414 0.716505
vt 0.324568 0.655132
vt 0.309695 0.655132
vt 0.311849 0.716505
vt 0.272245 0.613531
vt 0.252226 0.683243
vt 0.252226 0.581354
vt 0.261166 0.581354
vt 0.261166 0.683625
vt 0.252226 0.735715
vt 0.261166 0.735715
vt 0.348198 0.517099
vt 0.318601 0.505909
vt 0.348198 0.505909
vt 0.318601 0.517099
vt 0.417406 0.621639
vt 0.429905 0.621639
vt 0.416672 0.589007
vt 0.430639 0.589007
vt 0.416672 0.621755
vt 0.430640 0.621755
vt 0.417845 0.638393
vt 0.345447 0.590481
vt 0.318807 0.580956
vt 0.343201 0.572181
vt 0.321004 0.606993
vt 0.376600 0.597496
vt 0.401385 0.596784
vt 0.404269 0.633364
vt 0.401618 0.553343
vt 0.378646 0.552899
vt 0.347894 0.641053
vt 0.280404 0.611242
vt 0.343541 0.622767
vt 0.433147 0.588576
vt 0.412203 0.637430
vt 0.433147 0.637430
vt 0.412203 0.588576
vt 0.435292 0.588500
vt 0.413566 0.635698
vt 0.408467 0.588500
vt 0.430193 0.635698
vt 0.368781 0.601426
vt 0.429466 0.638393
vt 0.369143 0.601351
vt 0.343618 0.622933
vt 0.348020 0.641424
vt 0.279769 0.611277
vt 0.404556 0.514366
vt 0.298081 0.595181
vt 0.288068 0.568771
vt 0.322840 0.556149
vt 1.658433 2.214826
vt 1.663222 2.212558
vt 1.660762 2.224940
vt 1.656926 2.221104
vt 1.658156 2.214913
vt 1.660485 2.225028
vt 0.230044 0.773437
vt 0.249824 0.751114
vt 0.227210 0.751114
vt 0.249695 0.780891
vt 0.173564 0.815271
vt 0.162829 0.830921
vt 0.163016 0.814986
vt 0.173382 0.830959
vt 0.170737 0.940401
vt 0.160886 0.895019
vt 0.171438 0.895057
vt 0.160184 0.940362
vt 0.172199 0.903583
vt 0.162129 0.862667
vt 0.172681 0.862706
vt 0.161641 0.903509
vt 0.213891 0.792085
vt 0.148644 0.797515
vt 0.120809 0.792206
vt 0.186109 0.797515
vt 0.161659 0.903633
vt 0.186109 0.807680
vt 0.148644 0.807680
vt 0.185986 0.816420
vt 0.149134 0.816180
vt 0.179080 0.867593
vt 0.154826 0.864379
vt 0.179000 0.864744
vt 0.154782 0.867224
vt 0.148946 0.816420
vt 0.173567 0.815024
vt 0.120809 0.792171
vt 0.172211 0.903672
vt 1.670576 2.214256
vt 1.674135 2.218179
vt 1.672904 2.224370
vt 1.668393 2.226551
vt 1.670853 2.214169
vt 1.673182 2.224283
vt 0.002706 0.784535
vt 0.002656 0.753395
vt 0.072785 0.753300
vt 0.072772 0.784534
vt 0.002707 0.784535
vt 0.002656 0.753393
vt 0.072785 0.753300
vt 0.002705 0.784534
vt -2.209188 2.331489
vt -2.207021 2.293876
vt -2.205043 2.281046
vt 0.041884 0.998490
vt 0.083727 0.973844
vt 0.083749 0.998147
vt 0.042575 0.974207
vt 0.002703 0.784534
vt 0.002658 0.753394
vt 0.047677 0.784528
vt 0.072772 0.784534
vt 0.095858 0.777217
vt 0.074908 0.756362
vt 0.074808 0.777348
vt 0.095940 0.756284
vt 0.039991 0.784525
vt 1.164236 2.271815
vt 1.164433 2.234591
vt 1.165825 2.217132
vt 0.126174 0.815283
vt 0.148929 0.754345
vt 0.148905 0.815484
vt 0.126198 0.754420
vt 0.102161 0.815513
vt 0.102186 0.754334
vt 1.903951 2.242691
vt 1.902463 2.188073
vt 1.903503 2.205468
vt 0.074515 0.777353
vt 0.096023 0.756176
vt 0.095828 0.777227
vt 0.074815 0.756160
vt 0.040118 0.753344
vt 0.039993 0.784527
vt 0.062047 0.974210
vt 0.063191 0.986641
vt 0.084172 0.974210
vt 1.428660 -0.648041
vt 1.452938 -0.647591
vt 1.440469 -0.631617
vt 0.063191 0.974210
vt 0.040127 0.753345
vt 0.002704 0.784533
vt 0.218198 0.765229
vt 0.203949 0.780184
vt 0.213299 0.754033
vt 0.213364 0.776380
vt 0.157017 0.786559
vt 0.153215 0.786559
vt 0.153215 0.752092
vt 0.180843 0.786559
vt 0.176998 0.786559
vt 0.180843 0.752092
vt 0.176998 0.752092
vt 0.173890 0.752092
vt 0.173890 0.786559
vt 0.170826 0.786559
vt 0.170826 0.752092
vt 0.167029 0.786559
vt 0.167029 0.752092
vt 0.194388 0.753907
vt 0.189573 0.765053
vt 0.203821 0.750098
vt 0.194491 0.776244
vt 0.163180 0.752092
vt 0.163180 0.786559
vt 0.160077 0.786559
vt 0.160077 0.752092
vt 0.157017 0.752092
vt 0.096621 0.513799
vt 0.096322 0.546838
vt 0.042308 0.531437
vt 0.042952 0.563723
vt 0.078190 0.936940
vt 0.076506 0.887292
vt 0.078190 0.887292
vt 0.076506 0.936940
vt -2.611650 2.077549
vt -2.617758 2.075053
vt -2.615157 2.074710
vt -2.610606 2.058651
vt -2.618571 2.059323
vt -2.616709 2.056139
vt -2.603997 2.204692
vt -2.607004 2.227662
vt -2.611964 2.205334
vt 0.080965 0.852695
vt 0.078884 0.915879
vt 0.076358 0.915879
vt 0.074823 0.936940
vt 0.074823 0.887292
vt 0.081062 0.834836
vt 1.283820 2.823015
vt 1.289924 2.820502
vt 1.291784 2.823688
vt 0.081038 0.839301
vt 0.459150 0.809053
vt 0.459150 0.780759
vt 0.428431 0.780759
vt 0.428431 0.809053
vt 0.078833 0.915751
vt 0.077570 0.915751
vt 0.080762 0.852184
vt 0.076307 0.915751
vt 0.114924 0.986133
vt 0.132115 0.968835
vt 0.114924 0.968686
vt 0.129129 0.985619
vt 0.148606 0.968680
vt 0.143506 0.986305
vt 0.114924 0.997891
vt 0.431564 0.572076
vt 0.420828 0.580931
vt 0.420724 0.572096
vt 0.431218 0.580385
vt 0.420807 0.586589
vt 0.431474 0.586043
vt 0.412771 0.583723
vt 0.429008 0.582736
vt 0.420869 0.571945
vt 0.431451 0.504809
vt 0.420958 0.504817
vt 0.420823 0.571964
vt 0.431453 0.504810
vt 0.431326 0.571967
vt 0.420823 0.571965
vt 0.431312 0.571958
vt 0.431457 0.504809
vt 0.445724 0.550972
vt 0.445725 0.533613
vt 0.434954 0.550972
vt 0.445724 0.533613
vt 0.434954 0.533613
vt 0.445725 0.550973
vt 0.434938 0.533613
vt 0.434947 0.550973
vt 0.434954 0.533613
vt 0.445724 0.550972
vt 0.413837 0.551342
vt 0.405242 0.568996
vt 0.413837 0.568637
vt 0.405242 0.551701
vt 0.429044 0.583130
vt 0.412853 0.572284
vt 0.412807 0.584116
vt 0.412853 0.572108
vt 0.170679 0.996136
vt 0.187247 0.989304
vt 0.180438 0.996136
vt 0.163695 0.989304
vt 0.189966 0.972144
vt 0.160961 0.972145
vt 0.216794 0.968711
vt 0.200959 0.984943
vt 0.198924 0.968855
vt 0.215145 0.984828
vt 0.204376 0.997246
vt 0.211517 0.997188
vt 0.325149 0.905885
vt 0.335330 0.885806
vt 0.333281 0.905885
vt 0.323100 0.885806
vt 2.586272 1.829553
vt 2.584860 1.824504
vt 2.606738 1.825211
vt 2.604610 1.817602
vt -2.714028 0.228405
vt -2.721538 0.207867
vt -2.709865 0.225211
vt -2.714095 0.228654
vt -2.727867 0.212921
vt -2.721607 0.208117
vt -1.679693 2.212626
vt -1.687436 2.214160
vt -1.681211 2.204987
vt -1.681361 2.204881
vt -1.687585 2.214054
vt -1.689103 2.206417
vt -1.673735 2.221035
vt -1.677294 2.224958
vt -1.679755 2.212577
vt -1.673846 2.221092
vt -1.679866 2.212634
vt -1.675076 2.214901
vt -1.677404 2.224964
vt -1.682642 2.239103
vt -1.685147 2.226499
vt -1.674841 2.237592
vt -1.677346 2.224989
vt -1.685009 2.226583
vt -1.691028 2.218125
vt -1.687469 2.214201
vt -1.689806 2.224321
vt 0.108623 0.665308
vt 0.094717 0.640957
vt 0.122698 0.640957
vt 0.080473 0.665308
vt 0.066398 0.640957
vt 0.247223 0.654887
vt 0.248737 0.616916
vt 0.204266 0.659418
vt 0.122997 0.507867
vt 0.148547 0.504171
vt 0.108623 0.616606
vt 0.080473 0.616606
vt 0.320867 0.903298
vt 0.318733 0.903298
vt 0.318733 0.835232
vt 0.317438 0.837900
vt 0.317438 0.903298
vt 0.318733 0.840272
vt 0.320867 0.837900
vt 0.325292 0.878058
vt 0.326191 0.841653
vt 0.322354 0.878128
vt 0.274564 0.879488
vt 0.266684 0.879488
vt 0.276976 0.843534
vt 1.197390 3.138289
vt 1.194859 3.138255
vt 1.194989 3.128556
vt 0.322312 0.841703
vt 0.264285 0.843534
vt 0.277389 0.842224
vt 0.263194 0.842224
vt 0.253166 0.832111
vt 0.287423 0.832111
vt 0.287423 0.817811
vt 0.277389 0.807699
vt 0.263200 0.807699
vt 0.253166 0.817811
vt 0.316326 0.841770
vt 0.312230 0.841770
vt 0.313347 0.878142
vt 0.316488 0.878025
vt 1.206705 3.138403
vt 1.203993 3.128665
vt 1.206836 3.128704
vt 1.206401 3.138523
vt 1.203559 3.138485
vt 1.203691 3.128785
vt 1.197712 3.138167
vt 1.195310 3.128433
vt 1.197841 3.128467
vt 0.322696 0.944061
vt 0.318733 0.944061
vt 0.318733 0.903734
vt 1.200191 3.150096
vt 1.196028 3.144956
vt 1.200313 3.141057
vt 0.322696 0.903734
vt 0.314980 0.944061
vt 0.314980 0.903734
vt 1.200104 3.150122
vt 1.200226 3.141083
vt 1.204404 3.145095
vt 0.289792 0.991490
vt 0.267215 0.991490
vt 0.298056 0.983620
vt 0.278504 0.994371
vt 0.305723 0.997396
vt 0.324864 0.997396
vt 0.324864 0.994229
vt 0.409688 0.800619
vt 0.389549 0.800619
vt 0.399619 0.803313
vt 0.382176 0.793255
vt 0.417061 0.793255
vt 0.258951 0.983620
vt 0.301081 0.972869
vt 0.379478 0.783197
vt 0.419759 0.783197
vt 0.386819 0.775827
vt 0.412437 0.775827
vt 0.299788 0.964992
vt 0.257219 0.964992
vt 0.292873 0.947497
vt 0.255926 0.972869
vt 0.443261 0.991934
vt 0.417643 0.975568
vt 0.417643 0.991934
vt 0.443261 0.975568
vt 0.339971 0.997500
vt 0.339971 0.959829
vt 0.355604 0.959829
vt 0.355604 0.997500
vt 0.264276 0.947116
vt 0.424215 0.764085
vt 0.424215 0.778310
vt 0.449014 0.778227
vt 0.391893 0.997792
vt 0.414027 0.976198
vt 0.391846 0.976165
vt 0.414073 0.997825
vt 0.449014 0.764085
vt 0.448312 0.976247
vt 0.448348 0.993310
vt 0.455049 0.976259
vt 0.455085 0.993322
vt 0.496922 0.987338
vt 0.496899 0.976322
vt 0.470876 0.993345
vt 0.460209 0.973149
vt 0.498923 0.957257
vt 0.498527 0.884452
vt 0.493952 0.824247
vt 0.395646 0.884241
vt 0.404482 0.821384
vt 0.407896 0.884388
vt 0.404091 0.951742
vt 0.408911 0.943060
vt 0.392030 0.957252
vt 0.395159 0.981276
vt 0.403924 0.977272
vt 0.434469 0.973449
vt 0.497174 0.982007
vt 0.410769 0.894442
vt -2.582092 1.751388
vt -2.584249 1.751066
vt -2.580936 1.743661
vt -2.584803 1.750899
vt -2.583647 1.743173
vt -2.581491 1.743495
vt -1.453415 -0.442032
vt -1.461877 -0.442080
vt -1.457617 -0.447140
vt -1.453416 -0.441879
vt -1.457670 -0.437948
vt -1.461879 -0.441927
vt 0.332711 0.905989
vt 0.325844 0.905262
vt 0.337287 0.885805
vt 0.322458 0.885674
vt 0.277848 0.808434
vt 0.254689 0.831551
vt 0.254689 0.818009
vt 0.264282 0.841126
vt 0.277848 0.841126
vt 0.287441 0.831551
vt 0.287441 0.818009
vt 0.264282 0.808434
vt 0.264263 0.945578
vt 0.357078 0.959353
vt 0.340985 0.998132
vt 0.340985 0.959353
vt 0.357078 0.998132
vt -1.462088 3.102953
vt -1.480624 3.082990
vt -1.467727 3.083049
vt -1.556209 1.885935
vt -1.559117 1.875972
vt -1.555338 1.879683
vt -1.560661 1.888419
vt -1.558918 1.875916
vt -1.556010 1.885880
vt 0.356973 0.959419
vt 0.343396 0.959419
vt 0.356973 0.949173
vt 0.401471 0.964143
vt 0.392785 0.964143
vt 0.401088 0.952607
vt 0.401088 0.889916
vt 0.393953 0.889916
vt 0.372626 0.895814
vt 0.379363 0.886509
vt 0.372471 0.886509
vt 0.379670 0.895814
vt 0.379828 0.952390
vt 0.371484 0.952390
vt 0.336067 0.949173
vt 0.336067 0.889886
vt 0.343396 0.885838
vt 0.328402 0.959419
vt 0.328402 0.998953
vt 0.371219 0.959826
vt 0.371219 0.998141
vt 0.379828 0.998141
vt 1.545871 1.901155
vt 1.551916 1.887342
vt 1.553689 1.900069
vt 1.545728 1.901094
vt 1.543954 1.888369
vt 1.551772 1.887282
vt 0.343396 0.998953
vt 0.346790 0.998953
vt 1.544346 1.888452
vt 1.539696 1.885913
vt 1.538824 1.879661
vt 0.353579 0.998953
vt 0.346790 0.959419
vt 0.353579 0.959419
vt 0.356973 0.998953
vt 0.365741 0.998953
vt 1.542521 1.876135
vt 1.541445 1.868421
vt 1.549263 1.867334
vt 0.379828 0.959826
vt 0.372393 0.891512
vt 0.379828 0.891512
vt 0.379670 0.885432
vt 0.372626 0.885432
vt 0.393333 0.952607
vt 0.356973 0.885838
vt 0.365740 0.889886
vt 0.365740 0.959419
vt 1.542369 1.876021
vt 1.549112 1.867221
vt 1.550187 1.874934
vt -0.701982 -1.822932
vt -0.696938 -1.828996
vt -0.685076 -1.810619
vt -0.686169 -1.810252
vt -0.698038 -1.828624
vt -0.682817 -1.814286
vt 1.551872 1.887374
vt 1.550130 1.874871
vt 1.555651 1.883662
vt 1.555225 1.883931
vt 1.549703 1.875140
vt 1.554353 1.877680
vt -1.568656 1.887435
vt -1.571564 1.877472
vt -1.566913 1.874933
vt -1.568154 1.887295
vt -1.571933 1.883583
vt -1.571061 1.877332
vt 2.690398 0.602027
vt 2.676187 0.585397
vt 2.694587 0.595344
vt 2.690445 0.602988
vt 2.673453 0.590795
vt 2.676240 0.586352
vt 1.544245 1.888516
vt 1.538723 1.879725
vt 1.542503 1.876013
vt 2.422321 0.206724
vt 2.415234 0.202766
vt 2.422835 0.204607
vt 2.421918 0.206919
vt 2.414317 0.205081
vt 2.414830 0.202964
vt -1.918463 2.676965
vt -1.948285 2.682312
vt -1.919805 2.669492
vt -1.919978 2.669209
vt -1.948458 2.682028
vt -1.949801 2.674554
vt 1.902006 2.676123
vt 1.903075 2.670168
vt 1.931828 2.681469
vt 1.903158 2.670017
vt 1.932981 2.675363
vt 1.931911 2.681317
vt -2.187443 1.197356
vt -2.217315 1.202414
vt -2.218168 1.197271
vt -2.187443 1.197315
vt -2.218168 1.197230
vt -2.188281 1.192170
vt 0.488128 0.954936
vt 0.487344 0.947632
vt 0.493727 0.947625
vt 0.491445 0.895382
vt 0.483757 0.895389
vt 0.483243 0.852771
vt 0.475198 0.852778
vt 0.492409 0.954931
vt 1.901651 2.678079
vt 1.903403 2.668325
vt 1.932223 2.683559
vt 1.903360 2.668388
vt 1.933932 2.673869
vt 1.932179 2.683622
vt 0.376988 0.598129
vt 0.404926 0.634473
vt 0.402010 0.597412
vt 0.345546 0.590283
vt 0.318605 0.580650
vt 0.320828 0.606981
vt 0.343274 0.571777
vt 0.322684 0.555564
vt 0.287520 0.568328
vt 0.297646 0.595036
vt 0.379014 0.553033
vt 0.402245 0.553482
vt 0.405217 0.514065
vt 0.445721 0.533613
vt 0.431328 0.571974
vt 0.431453 0.504810
vt 0.431331 0.571967
vt 0.161958 0.627686
vt 0.203139 0.748857
vt 0.203152 0.628147
vt 0.161949 0.748973
vt 0.001414 0.531569
vt 0.001433 0.563542
vt 0.249133 0.580751
vt 0.204381 0.597457
vt 0.204266 0.575194
vt 0.249133 0.539797
vt 0.204042 0.617798
vt 0.247223 0.693721
vt 0.204358 0.723431
vt 0.248737 0.744903
vt 0.204101 0.744772
vt 0.204266 0.538348
vt 0.249133 0.503227
vt 0.204101 0.503491
vt 0.320275 0.810296
vt 0.320275 0.838236
vt 0.328871 0.810269
vt 0.310371 0.838201
vt 0.310371 0.810260
vt 0.300718 0.838237
vt 0.300718 0.810296
vt 0.291419 0.810249
vt 0.291419 0.838190
vt 0.328871 0.838210
vt 0.400648 0.778344
vt 0.388813 0.778344
vt 0.380444 0.786698
vt 0.380444 0.798511
vt 0.409017 0.798511
vt 0.400648 0.806865
vt 0.409017 0.786698
vt 0.388813 0.806865
vt 0.298914 0.809234
vt 0.298862 0.839126
vt 0.291948 0.809442
vt 0.291791 0.838952
vt 0.322489 0.839123
vt 0.322863 0.809092
vt 0.330522 0.839034
vt 0.330646 0.809228
vt 0.314420 0.838936
vt 0.314685 0.809311
vt 0.306703 0.838958
vt 0.306956 0.809212
vt 0.305723 0.994229
vt 0.305723 0.985578
vt 0.324864 0.985578
vt 0.305723 0.973761
vt 0.324864 0.973761
vt 0.324864 0.965103
vt 0.305722 0.965103
vt 0.324864 0.945874
vt 0.311671 0.945933
vt -1.264812 -0.506322
vt -1.283082 -0.486115
vt -1.277707 -0.506092
vt 0.311611 0.945874
vt -1.451638 -0.425501
vt -1.454481 -0.425517
vt -1.454426 -0.435217
vt -1.451828 -0.425370
vt -1.454616 -0.435086
vt -1.451773 -0.435070
vt -1.460125 -0.425964
vt -1.462599 -0.435679
vt -1.460067 -0.435664
vt -1.460676 -0.425593
vt -1.463208 -0.425608
vt -1.463152 -0.435308
vt 0.311514 0.945578
vt 0.045480 0.944100
vt 0.031937 0.944362
vt 0.044348 0.876275
vt 0.042211 0.957253
vt 0.056649 0.957253
vt 0.021769 0.957253
vt 0.021842 0.986641
vt 0.042211 0.986641
vt 0.056172 0.986641
vt 0.048358 0.943838
vt 0.042211 0.974210
vt 0.084172 0.944362
vt 0.050369 0.892202
vt 0.084172 0.892435
vt 0.052381 0.840565
vt 0.031937 0.840507
vt 0.043216 0.840402
vt 0.031937 0.893536
vt 0.016633 0.944362
vt 0.001328 0.957253
vt 0.001474 0.986641
vt 0.001267 0.998647
vt 0.022856 0.998647
vt 0.042211 0.998647
vt 0.021739 0.998647
vt 0.084172 0.840507
vt 0.061960 0.787195
vt 0.084172 0.787195
vt 0.043216 0.790222
vt 0.031937 0.790222
vt 0.001328 0.790222
vt 0.001328 0.840507
vt 0.001328 0.900697
vt 0.001328 0.944362
vt 0.016633 0.957253
vt 0.031937 0.957253
vt -0.823310 3.095149
vt -0.830545 3.115996
vt -0.846880 3.100980
vt 0.001173 0.542499
vt 0.001173 0.506400
vt 0.461502 0.540511
vt 0.489319 0.539508
vt 0.489310 0.599263
vt 0.461722 0.599767
vt 0.202129 0.501326
vt 0.148885 0.501392
vt 0.202129 0.575558
vt 0.096693 0.850859
vt 0.096719 0.809828
vt 0.118823 0.850851
vt 0.118998 0.809975
vt 0.190199 0.809953
vt 0.148269 0.827327
vt 0.143081 0.864134
vt 0.118931 0.967589
vt 0.139637 0.967830
vt 0.118659 0.981633
vt 0.079774 0.967780
vt 0.079501 0.981406
vt 0.079632 0.998009
vt 0.118371 0.998653
vt 0.218134 0.998731
vt 0.249385 0.985412
vt 0.218134 0.985066
vt 0.249385 0.998739
vt 0.218134 0.998739
vt 0.218134 0.985412
vt 0.249385 0.967476
vt 0.218134 0.967476
vt 0.248645 0.866069
vt 0.220891 0.866069
vt 0.191775 0.867251
vt 0.186404 0.967568
vt 0.175990 0.864799
vt 0.169222 0.967509
vt 0.156723 0.967552
vt 0.163819 0.863804
vt 0.173449 0.827508
vt 0.229159 0.798467
vt 0.248298 0.798467
vt 0.248307 0.801997
vt 0.207806 0.801999
vt 0.248316 0.810105
vt 0.207528 0.810103
vt 0.185594 0.829230
vt 0.248316 0.832888
vt 0.227826 0.832878
vt 0.249385 0.985066
vt 0.094411 0.641489
vt 0.080300 0.617363
vt 0.066355 0.641489
vt 0.108190 0.617363
vt 0.122135 0.641489
vt 0.108190 0.665615
vt 0.080300 0.665615
vt 0.712787 0.787265
vt 0.747455 0.778490
vt 0.747455 0.787265
vt 0.712787 0.778490
vt 0.712787 0.772468
vt 0.699260 0.778490
vt 0.689206 0.778490
vt 0.670272 0.772468
vt 0.669923 0.766558
vt 0.670262 0.772425
vt 0.664292 0.764328
vt 0.660651 0.769368
vt 0.664341 0.774373
vt 0.670272 0.778490
vt 0.689141 0.782143
vt 2.225782 1.868536
vt 2.225162 1.860411
vt 2.230290 1.864738
vt 0.711034 0.778490
vt 0.720398 0.778490
vt 0.711034 0.787265
vt 0.720398 0.787265
vt -1.184456 1.868598
vt -1.193394 1.859767
vt -1.183836 1.860474
vt -1.188959 1.864808
vt 0.712775 0.782697
vt 0.699359 0.782686
vt 2.225932 1.868586
vt 2.225312 1.860460
vt 2.230439 1.864787
vt 2.234628 1.868859
vt 2.229606 1.865765
vt 2.224478 1.861439
vt 0.712787 0.755203
vt 0.712787 0.760963
vt 0.699260 0.755187
vt 0.699260 0.760761
vt 0.712499 0.766722
vt 0.747455 0.760963
vt 0.747455 0.751637
vt 0.712787 0.751637
vt 2.235358 1.867867
vt 2.225209 1.860447
vt 2.234766 1.859741
vt 0.747455 0.766722
vt 0.747455 0.772468
vt 0.689206 0.760761
vt 0.670272 0.760761
vt 0.670272 0.755203
vt 0.689206 0.755203
vt 2.235103 1.868076
vt 2.230081 1.864982
vt 2.224954 1.860656
vt 2.235255 1.867870
vt 2.225105 1.860450
vt 2.234662 1.859744
vt 0.711082 0.761197
vt 0.711082 0.751463
vt 0.721137 0.761197
vt 0.721137 0.751463
vt -1.193970 1.867879
vt -1.188950 1.864799
vt 0.670439 0.782143
vt 0.645776 0.806060
vt 0.624867 0.823334
vt 0.624743 0.806082
vt 0.646186 0.823396
vt 0.684781 0.806060
vt 0.684781 0.783563
vt 0.645776 0.783563
vt 0.706474 0.823359
vt 0.706661 0.805980
vt 0.684760 0.823388
vt 0.588516 0.959932
vt 0.600504 0.959644
vt 0.588594 0.967273
vt 0.588437 0.952592
vt 0.600426 0.952304
vt 0.600583 0.966984
vt 0.722746 0.995280
vt 0.719008 0.995280
vt 0.722746 0.878945
vt 0.719008 0.878917
vt 0.722746 0.995464
vt 0.719008 0.995464
vt 0.722746 0.879238
vt 0.719008 0.879309
vt 0.739487 0.879319
vt 0.739487 0.995656
vt 0.733698 0.995656
vt 0.733725 0.867447
vt 0.739366 0.855584
vt 0.749529 0.879235
vt 0.749529 0.855503
vt 0.750954 0.896759
vt 0.741031 0.908771
vt 0.741031 0.896759
vt 0.746773 0.901995
vt 0.719008 0.855240
vt 0.722746 0.855240
vt 0.719008 0.803079
vt 0.722746 0.803079
vt 0.733578 0.803017
vt 0.739366 0.802989
vt 0.728794 0.867092
vt 0.733692 0.867351
vt 0.728794 0.803079
vt 0.728794 0.995280
vt 0.733700 0.995529
vt 0.713932 0.855240
vt 0.713932 0.878973
vt 0.713991 0.889256
vt 0.719114 0.883977
vt 0.722985 0.889234
vt 0.750334 0.908771
vt 0.532610 0.855401
vt 0.500864 0.870989
vt 0.500864 0.855390
vt 0.532498 0.870989
vt 0.595569 0.928897
vt 0.599795 0.928902
vt 0.595569 0.921621
vt 0.616490 0.855401
vt 0.532723 0.870977
vt 0.616490 0.870966
vt 0.532383 0.870979
vt 0.616395 0.870979
vt 0.532383 0.904922
vt 0.616395 0.879465
vt 0.583254 0.778608
vt 0.583254 0.771337
vt 0.587480 0.778619
vt 0.637254 0.855390
vt 0.616490 0.870989
vt 0.698065 0.855390
vt 0.698065 0.870989
vt 0.639164 0.777744
vt 0.631630 0.764751
vt 0.646698 0.764751
vt 0.639164 0.751758
vt 0.637254 0.839791
vt 0.698065 0.839791
vt 0.667200 0.828411
vt 0.667200 0.835532
vt 0.662974 0.835699
vt 0.637254 0.840148
vt 0.557554 0.840148
vt 0.532600 0.840148
vt 0.599795 0.914328
vt 0.595569 0.914495
vt 0.500864 0.839791
vt 0.532498 0.839791
vt 0.532798 0.770867
vt 0.532798 0.756293
vt 0.528573 0.763580
vt 0.541249 0.770867
vt 0.500864 0.886862
vt 0.532426 0.886862
vt -1.137783 1.846124
vt -1.146161 1.845489
vt -1.145075 1.831065
vt 0.637254 0.832065
vt 0.557492 0.834584
vt 0.516045 0.839013
vt 0.502725 0.836765
vt 0.505342 0.833665
vt -1.967727 -0.769105
vt -1.991867 -0.774490
vt -1.971951 -0.802293
vt -1.991942 -0.774362
vt -1.994054 -0.790956
vt -1.972026 -0.802166
vt 0.532239 0.837410
vt 0.500870 0.837583
vt 0.545475 0.763580
vt 0.541249 0.756293
vt -1.178079 1.844522
vt -1.177022 1.830397
vt -1.168620 1.830688
vt 0.514359 0.834277
vt 0.556435 0.840147
vt 0.519709 0.835340
vt 0.529849 0.820034
vt 0.520452 0.829787
vt 0.537890 0.821199
vt 0.557431 0.823710
vt 0.597317 0.823865
vt 0.596145 0.814749
vt 0.609742 0.814300
vt 0.609998 0.824090
vt 0.662908 0.839308
vt 0.654523 0.835699
vt 0.654589 0.839308
vt 0.636024 0.826989
vt 0.619106 0.828038
vt 0.636381 0.831567
vt 0.619962 0.823768
vt 0.650297 0.835532
vt 0.650297 0.828411
vt 0.637254 0.825600
vt 0.698065 0.825600
vt 0.654233 0.751758
vt 0.661767 0.764751
vt 0.654233 0.777744
vt 0.698065 0.888423
vt 0.595931 0.778619
vt 0.600156 0.771337
vt 0.600156 0.778608
vt 0.616395 0.896437
vt 0.616395 0.904922
vt 0.616897 0.888423
vt 0.514417 0.829133
vt 0.515771 0.818197
vt 0.521674 0.818981
vt 0.530540 0.815867
vt 0.522198 0.814689
vt 0.526605 0.814087
vt 0.530596 0.814820
vt 0.536976 0.777474
vt 0.543574 0.781235
vt 0.564090 0.767548
vt 0.554036 0.769558
vt 0.533603 0.777658
vt 0.532007 0.777446
vt 0.545523 0.822459
vt 0.551545 0.783245
vt 0.564350 0.777586
vt 0.572700 0.782302
vt -0.848765 -1.047268
vt -0.850148 -1.038500
vt -0.865360 -1.049864
vt -0.850365 -1.038265
vt -0.866961 -1.040860
vt -0.865578 -1.049629
vt 0.564222 0.779680
vt 0.549930 0.821399
vt 0.556723 0.817490
vt 0.546925 0.821199
vt 0.556210 0.822249
vt 0.547679 0.815644
vt 0.624471 0.778889
vt 0.577578 0.758170
vt 0.609202 0.758593
vt 0.622986 0.758593
vt 0.636965 0.778866
vt 0.552441 0.767649
vt 0.577578 0.752211
vt 0.567008 0.782037
vt 0.609852 0.752229
vt 0.712896 0.903355
vt 0.698407 0.903355
vt 0.698407 0.892261
vt 0.705257 0.914291
vt 0.712896 0.914149
vt 0.705434 0.925989
vt 0.713007 0.925993
vt 0.712896 0.892261
vt 0.698756 0.881149
vt 0.712896 0.881149
vt 0.659239 0.891882
vt 0.670431 0.898389
vt 0.670367 0.911293
vt 0.659111 0.917690
vt 0.648000 0.898198
vt 0.698407 0.914433
vt 0.705257 0.933489
vt 0.628721 0.898103
vt 0.647936 0.911264
vt 0.628657 0.911170
vt 0.698407 0.933489
vt 0.623098 0.900254
vt 0.623055 0.908965
vt 0.698407 0.939036
vt 0.705257 0.939036
vt 0.698407 0.945514
vt 0.704962 0.945514
vt 0.533244 0.771143
vt 0.529149 0.764081
vt 0.545529 0.764081
vt 0.543482 0.760550
vt 0.531196 0.760550
vt 0.530649 0.792369
vt 0.499978 0.792369
vt 0.526815 0.785757
vt 0.507645 0.805592
vt 0.541434 0.771143
vt 0.522981 0.805592
vt 0.599329 0.950004
vt 0.501898 0.916318
vt 0.501898 0.950004
vt 0.599329 0.934229
vt 0.543482 0.752081
vt 0.531196 0.752081
vt 0.503812 0.785757
vt 0.526815 0.751897
vt 0.503812 0.751897
vt 0.501898 0.905932
vt 0.584680 0.905932
vt 0.584680 0.916318
vt 0.603639 0.925206
vt 0.604266 0.906069
vt 0.604266 0.915830
vt 0.603639 0.934229
vt 0.599561 0.942197
vt 0.604135 0.941943
vt 0.612229 0.934047
vt 0.611776 0.925211
vt 0.637267 0.947721
vt 0.608290 0.999069
vt 0.608467 0.947895
vt 0.636905 0.998936
vt 0.679122 0.947689
vt 0.678660 0.919310
vt 0.637031 0.919253
vt 0.679167 0.998949
vt 0.711324 0.947733
vt 0.711324 0.998948
vt 0.701643 0.903355
vt 0.675915 0.909956
vt 0.675915 0.903355
vt 0.701643 0.909956
vt 0.675566 0.916901
vt 0.701991 0.916901
vt 0.701643 0.896756
vt 0.675915 0.896756
vt 0.701643 0.889811
vt 0.675915 0.889811
vt 0.654315 0.912511
vt 0.663363 0.912482
vt 0.667861 0.904666
vt 0.663311 0.896879
vt 0.649765 0.904725
vt 0.654264 0.896909
vt 0.599329 0.956581
vt 0.501898 0.969737
vt 0.501898 0.956581
vt 0.599329 0.969737
vt 0.599329 0.981574
vt 0.501898 0.981574
vt 0.083042 0.599664
vt 0.042517 0.635072
vt 0.051827 0.565152
vt 0.148547 0.575374
vt 0.158764 0.748300
vt 0.038420 0.748381
vt 0.124280 0.690920
vt 0.038608 0.690974
vt 0.001173 0.565152
vt 0.001173 0.635072
vt 0.115660 0.542774
vt 0.000897 0.749793
vt 0.037601 0.749968
vt 0.037565 0.701565
vt 0.000959 0.701565
vt 0.037596 0.749793
vt 0.037540 0.701409
vt 0.037864 0.672652
vt 0.001173 0.672652
vt 0.464455 0.791665
vt 0.497050 0.793765
vt 0.497050 0.802675
vt 0.321564 0.784973
vt 0.376958 0.751641
vt 0.333605 0.751641
vt 0.487382 0.780889
vt 0.423682 0.776157
vt 0.487805 0.759584
vt 0.423682 0.765659
vt 0.419593 0.871915
vt 0.419593 0.887067
vt 0.428124 0.887067
vt 0.285103 0.751641
vt 0.306715 0.807018
vt 0.464455 0.804774
vt 0.497080 0.803123
vt 0.497080 0.793316
vt 0.262429 0.787895
vt 0.278382 0.752191
vt 0.256035 0.752533
vt 0.272874 0.787895
vt 0.428124 0.865713
vt 0.419593 0.865713
vt 0.428124 0.871915
vt 0.292650 0.807125
vt 0.354345 0.781192
vt 0.357525 0.781161
vt 0.353892 0.806268
vt 0.359280 0.806216
vt 0.344777 0.806367
vt 0.343552 0.780816
vt 0.335405 0.806367
vt 0.335908 0.780788
vt 0.497456 0.749722
vt 0.485890 0.664864
vt 0.496926 0.664897
vt 0.485940 0.749563
vt 0.470171 0.730958
vt 0.466088 0.666592
vt 0.452588 0.717884
vt 0.454217 0.536321
vt 0.468762 0.536321
vt 0.486008 0.537104
vt 0.498347 0.537104
vt 0.445639 0.749373
vt 0.445663 0.504454
vt 0.434255 0.504454
vt 0.434268 0.749373
vt 0.380788 0.881001
vt 0.380788 0.871273
vt 0.371710 0.871273
vt 0.365102 2.179023
vt 0.368954 2.148258
vt 0.378799 2.149486
vt 0.344531 0.885774
vt 0.365618 0.873877
vt 0.335760 0.873877
vt 0.356681 0.885774
vt 0.365618 0.882772
vt 0.371601 0.881001
vt 0.344531 0.903972
vt 0.356681 0.903972
vt 0.335760 0.882772
vt 0.374849 2.180212
vt 0.365005 2.178983
vt 0.378702 2.149446
vt 0.294868 0.941910
vt 0.306242 0.941910
vt 0.295222 0.925992
vt 0.311937 0.925992
vt 0.313862 0.939395
vt 0.293742 0.947317
vt 0.262528 0.944797
vt 0.262528 0.947317
vt 0.293742 0.944797
vt 0.304738 0.942125
vt 0.310742 0.925741
vt 0.310800 0.940611
vt 0.292848 0.942125
vt 0.294602 0.925741
vt 0.304037 0.889333
vt 0.294735 0.895261
vt 0.298096 0.889333
vt 0.304037 0.867146
vt 0.298096 0.867146
vt 0.298275 0.839962
vt 0.304216 0.839962
vt 0.278219 0.842588
vt 0.262528 0.887699
vt 0.287065 0.867597
vt 0.262528 0.842588
vt 0.304153 0.889522
vt 0.304153 0.840276
vt 0.298825 0.840276
vt 0.298825 0.889522
vt 0.295572 0.895451
vt 0.287065 0.887699
vt 0.262528 0.923166
vt 0.293742 0.923166
vt 0.298373 0.844354
vt 0.298373 0.869271
vt 0.302419 0.869271
vt 0.334744 0.811261
vt 0.363250 0.811261
vt 0.360278 0.780900
vt 2.347663 2.112976
vt 2.351084 2.087148
vt 2.351128 2.112970
vt 2.347300 2.087198
vt 2.350765 2.087192
vt 2.347344 2.113020
vt 0.337715 0.780900
vt 0.302320 0.844052
vt -1.664028 1.854717
vt -1.668548 1.854023
vt -1.659612 1.829274
vt 0.303618 0.844708
vt 0.303666 0.865497
vt 0.299003 0.844844
vt 0.333757 0.843111
vt 0.336394 0.811662
vt 0.361730 0.811663
vt 0.364304 0.843111
vt 0.332971 0.872984
vt 0.334452 0.843034
vt 0.365221 0.843034
vt 0.303432 0.870945
vt 0.297851 0.870558
vt 0.303071 0.840791
vt -0.390442 2.179536
vt -0.394200 2.149525
vt -0.382899 2.178594
vt 0.367257 0.873354
vt 0.298090 0.840791
vt 0.366891 2.178673
vt 0.370649 2.148662
vt 0.376660 2.149412
vt -0.383012 2.178634
vt -0.394313 2.149564
vt -0.386770 2.148622
vt 0.372798 2.179393
vt 0.366788 2.178643
vt 0.376557 2.149382
vt 1.646976 1.857069
vt 1.641803 1.827269
vt 1.646940 1.826344
vt 0.303633 0.865495
vt 0.298912 0.865331
vt 0.303617 0.844708
vt 0.303667 0.865495
vt -1.668279 1.854115
vt -1.663834 1.828505
vt -1.659343 1.829367
vt 0.333780 0.842858
vt 0.361810 0.811861
vt 0.336307 0.811861
vt 0.364336 0.842858
vt 1.652103 1.856161
vt 0.303632 0.865497
vt 0.303211 0.844844
vt 0.303302 0.865331
vt 2.173701 1.192861
vt 2.199372 1.197206
vt 2.198675 1.201310
vt 2.173009 1.196951
vt 2.173706 1.192846
vt 0.363341 0.811630
vt 0.334648 0.811630
vt 0.302678 0.869578
vt 0.904700 3.616214
vt 0.881976 3.603877
vt 0.883666 3.600599
vt 0.302679 0.869578
vt 0.907443 3.612792
vt 0.905605 3.615989
vt 0.884566 3.600381
vt 0.460065 0.972694
vt 0.435834 0.941723
vt 0.434696 0.973236
vt 0.458102 0.941108
vt 0.491994 0.981747
vt 0.494434 0.957552
vt 0.491626 0.884250
vt 0.458815 0.883554
vt 0.484872 0.823811
vt 0.455642 0.811962
vt 0.437634 0.811932
vt 0.436064 0.883815
vt 0.429404 0.938048
vt 0.429938 0.894567
vt 0.323179 0.885695
vt 0.332755 0.905266
vt 0.336565 0.885842
vt 0.325699 0.906046
vt 0.134209 0.826256
vt 0.113802 0.826089
vt 0.134224 0.836636
vt 0.189642 0.791209
vt 0.144455 0.791082
vt 0.189427 0.776270
vt 0.113929 0.836617
vt 0.320431 0.633335
vt 0.320228 0.747879
vt 0.269085 0.672503
vt 0.322414 0.716675
vt 0.324568 0.655339
vt 0.309695 0.655339
vt 0.311849 0.716675
vt 0.272245 0.613764
vt 0.252226 0.683434
vt 0.252226 0.581605
vt 0.261166 0.581605
vt 0.261166 0.683816
vt 0.252226 0.735874
vt 0.261166 0.735874
vt 0.348198 0.517390
vt 0.318601 0.506206
vt 0.348198 0.506206
vt 0.318601 0.517390
vt 0.417406 0.621867
vt 0.429905 0.621867
vt 0.416672 0.589254
vt 0.430639 0.589254
vt 0.416672 0.621982
vt 0.430640 0.621982
vt 0.417845 0.638610
vt 0.345447 0.590728
vt 0.318807 0.581208
vt 0.343201 0.572439
vt 0.321004 0.607230
vt 0.376600 0.597738
vt 0.401385 0.597026
vt 0.404269 0.633584
vt 0.401618 0.553612
vt 0.378646 0.553168
vt 0.347894 0.641269
vt 0.280404 0.611476
vt 0.343541 0.622994
vt 0.433147 0.588824
vt 0.412203 0.637648
vt 0.433147 0.637648
vt 0.412203 0.588824
vt 0.435292 0.588747
vt 0.413566 0.635917
vt 0.408467 0.588747
vt 0.430193 0.635917
vt 0.368781 0.601665
vt 0.429466 0.638610
vt 0.369143 0.601591
vt 0.343618 0.623160
vt 0.348020 0.641640
vt 0.279769 0.611511
vt 0.404556 0.514658
vt 0.298081 0.595424
vt 0.288068 0.569030
vt 0.322840 0.556416
vt 1.658433 2.214095
vt 1.663222 2.211829
vt 1.660762 2.224204
vt 1.656926 2.220369
vt 1.658156 2.214182
vt 1.660485 2.224291
vt 0.230044 0.773573
vt 0.249824 0.751263
vt 0.227210 0.751263
vt 0.249695 0.781023
vt 0.173564 0.815383
vt 0.162829 0.831022
vt 0.163016 0.815097
vt 0.173382 0.831061
vt 0.170737 0.940437
vt 0.160886 0.895082
vt 0.171438 0.895121
vt 0.160184 0.940398
vt 0.172199 0.903641
vt 0.162129 0.862750
vt 0.172681 0.862788
vt 0.161641 0.903567
vt 0.213891 0.792210
vt 0.148644 0.797637
vt 0.120809 0.792331
vt 0.186109 0.797637
vt 0.161659 0.903691
vt 0.186109 0.807796
vt 0.148644 0.807796
vt 0.185986 0.816530
vt 0.149134 0.816291
vt 0.179080 0.867673
vt 0.154826 0.864461
vt 0.179000 0.864825
vt 0.154782 0.867304
vt 0.148946 0.816530
vt 0.173567 0.815136
vt 0.120809 0.792296
vt 0.172211 0.903730
vt 1.670576 2.213526
vt 1.674135 2.217447
vt 1.672904 2.223634
vt 1.668393 2.225812
vt 1.670853 2.213439
vt 1.673182 2.223546
vt 0.002706 0.784665
vt 0.002656 0.753543
vt 0.072785 0.753448
vt 0.072772 0.784663
vt 0.002707 0.784664
vt 0.002656 0.753541
vt 0.072785 0.753448
vt 0.002705 0.784664
vt -2.209188 2.330688
vt -2.207021 2.293098
vt -2.205043 2.280276
vt 0.041884 0.998491
vt 0.083727 0.973860
vt 0.083749 0.998148
vt 0.042575 0.974223
vt 0.002703 0.784664
vt 0.002658 0.753542
vt 0.047677 0.784657
vt 0.072772 0.784664
vt 0.095858 0.777351
vt 0.074908 0.756509
vt 0.074808 0.777482
vt 0.095940 0.756431
vt 0.039991 0.784654
vt 1.164236 2.271050
vt 1.164433 2.233849
vt 1.165825 2.216400
vt 0.126174 0.815395
vt 0.148929 0.754493
vt 0.148905 0.815595
vt 0.126198 0.754568
vt 0.102161 0.815624
vt 0.102186 0.754482
vt 1.903951 2.241943
vt 1.902463 2.187358
vt 1.903503 2.204743
vt 0.074515 0.777487
vt 0.096023 0.756323
vt 0.095828 0.777361
vt 0.074815 0.756306
vt 0.040118 0.753492
vt 0.039993 0.784656
vt 0.062047 0.974226
vt 0.063191 0.986649
vt 0.084172 0.974226
vt 1.428660 -0.647050
vt 1.452938 -0.646600
vt 1.440469 -0.630635
vt 0.063191 0.974226
vt 0.040127 0.753493
vt 0.002704 0.784663
vt 0.218198 0.765370
vt 0.203949 0.780316
vt 0.213299 0.754181
vt 0.213364 0.776514
vt 0.157017 0.786688
vt 0.153215 0.786688
vt 0.153215 0.752241
vt 0.180843 0.786688
vt 0.176998 0.786688
vt 0.180843 0.752241
vt 0.176998 0.752241
vt 0.173890 0.752241
vt 0.173890 0.786688
vt 0.170826 0.786688
vt 0.170826 0.752241
vt 0.167029 0.786688
vt 0.167029 0.752241
vt 0.194388 0.754055
vt 0.189573 0.765195
vt 0.203821 0.750248
vt 0.194491 0.776379
vt 0.163180 0.752241
vt 0.163180 0.786688
vt 0.160077 0.786688
vt 0.160077 0.752241
vt 0.157017 0.752241
vt 0.096621 0.514092
vt 0.096322 0.547110
vt 0.042308 0.531719
vt 0.042952 0.563986
vt 0.078190 0.936978
vt 0.076506 0.887360
vt 0.078190 0.887360
vt 0.076506 0.936978
vt -2.611650 2.076901
vt -2.617758 2.074406
vt -2.615157 2.074063
vt -2.610606 2.058014
vt -2.618571 2.058686
vt -2.616709 2.055504
vt -2.603997 2.203968
vt -2.607004 2.226923
vt -2.611964 2.204609
vt 0.080965 0.852783
vt 0.078884 0.915929
vt 0.076358 0.915929
vt 0.074823 0.936978
vt 0.074823 0.887360
vt 0.081062 0.834935
vt 1.283820 2.821918
vt 1.289924 2.819407
vt 1.291784 2.822591
vt 0.081038 0.839397
vt 0.459150 0.809168
vt 0.459150 0.780891
vt 0.428431 0.780891
vt 0.428431 0.809168
vt 0.078833 0.915802
vt 0.077570 0.915802
vt 0.080762 0.852273
vt 0.076307 0.915802
vt 0.114924 0.986142
vt 0.132115 0.968853
vt 0.114924 0.968705
vt 0.129129 0.985628
vt 0.148606 0.968699
vt 0.143506 0.986313
vt 0.114924 0.997892
vt 0.431564 0.572334
vt 0.420828 0.581183
vt 0.420724 0.572354
vt 0.431218 0.580638
vt 0.420807 0.586838
vt 0.431474 0.586292
vt 0.412771 0.583973
vt 0.429008 0.582987
vt 0.420869 0.572203
vt 0.431451 0.505107
vt 0.420958 0.505115
vt 0.420823 0.572222
vt 0.431453 0.505108
vt 0.431326 0.572225
vt 0.420823 0.572222
vt 0.431312 0.572215
vt 0.431457 0.505107
vt 0.445724 0.551242
vt 0.445725 0.533893
vt 0.434954 0.551242
vt 0.445724 0.533893
vt 0.434954 0.533894
vt 0.445725 0.551243
vt 0.434938 0.533893
vt 0.434947 0.551243
vt 0.434954 0.533893
vt 0.445724 0.551242
vt 0.413837 0.551612
vt 0.405242 0.569255
vt 0.413837 0.568897
vt 0.405242 0.551971
vt 0.429044 0.583380
vt 0.412853 0.572541
vt 0.412807 0.584367
vt 0.412853 0.572365
vt 0.170679 0.996139
vt 0.187247 0.989310
vt 0.180438 0.996139
vt 0.163695 0.989310
vt 0.189966 0.972161
vt 0.160961 0.972161
vt 0.216794 0.968730
vt 0.200959 0.984952
vt 0.198924 0.968874
vt 0.215145 0.984837
vt 0.204376 0.997247
vt 0.211517 0.997190
vt 0.325149 0.905941
vt 0.335330 0.885875
vt 0.333281 0.905941
vt 0.323100 0.885875
vt 2.586272 1.829054
vt 2.584860 1.824008
vt 2.606738 1.824715
vt 2.604610 1.817110
vt -2.714028 0.228869
vt -2.721538 0.208344
vt -2.709865 0.225677
vt -2.714095 0.229118
vt -2.727867 0.213395
vt -2.721607 0.208593
vt -1.679693 2.211896
vt -1.687436 2.213430
vt -1.681211 2.204262
vt -1.681361 2.204156
vt -1.687585 2.213324
vt -1.689103 2.205691
vt -1.673735 2.220301
vt -1.677294 2.224221
vt -1.679755 2.211848
vt -1.673846 2.220357
vt -1.679866 2.211905
vt -1.675076 2.214171
vt -1.677404 2.224227
vt -1.682642 2.238358
vt -1.685147 2.225761
vt -1.674841 2.236848
vt -1.677346 2.224253
vt -1.685009 2.225845
vt -1.691028 2.217392
vt -1.687469 2.213471
vt -1.689806 2.223584
vt 0.108623 0.665509
vt 0.094717 0.641173
vt 0.122698 0.641173
vt 0.080473 0.665509
vt 0.066398 0.641173
vt 0.247223 0.655095
vt 0.248737 0.617146
vt 0.204266 0.659623
vt 0.122997 0.508163
vt 0.148547 0.504469
vt 0.108623 0.616837
vt 0.080473 0.616837
vt 0.320867 0.903356
vt 0.318733 0.903356
vt 0.318733 0.835331
vt 0.317438 0.837997
vt 0.317438 0.903356
vt 0.318733 0.840368
vt 0.320867 0.837997
vt 0.325292 0.878131
vt 0.326191 0.841748
vt 0.322354 0.878201
vt 0.274564 0.879560
vt 0.266684 0.879560
vt 0.276976 0.843629
vt 1.197390 3.137003
vt 1.194859 3.136969
vt 1.194989 3.127276
vt 0.322312 0.841798
vt 0.264285 0.843629
vt 0.277389 0.842319
vt 0.263194 0.842319
vt 0.253166 0.832212
vt 0.287423 0.832212
vt 0.287423 0.817920
vt 0.277389 0.807815
vt 0.263200 0.807815
vt 0.253166 0.817920
vt 0.316326 0.841866
vt 0.312230 0.841866
vt 0.313347 0.878216
vt 0.316488 0.878098
vt 1.206705 3.137117
vt 1.203993 3.127384
vt 1.206836 3.127423
vt 1.206401 3.137236
vt 1.203559 3.137198
vt 1.203691 3.127504
vt 1.197712 3.136880
vt 1.195310 3.127153
vt 1.197841 3.127187
vt 0.322696 0.944094
vt 0.318733 0.944094
vt 0.318733 0.903792
vt 1.200191 3.148802
vt 1.196028 3.143665
vt 1.200313 3.139770
vt 0.322696 0.903792
vt 0.314980 0.944094
vt 0.314980 0.903792
vt 1.200104 3.148828
vt 1.200226 3.139796
vt 1.204404 3.143805
vt 0.289792 0.991496
vt 0.267215 0.991496
vt 0.298056 0.983630
vt 0.278504 0.994375
vt 0.305723 0.997397
vt 0.324864 0.997397
vt 0.324864 0.994232
vt 0.409688 0.800739
vt 0.389549 0.800739
vt 0.399619 0.803432
vt 0.382176 0.793380
vt 0.417061 0.793380
vt 0.258951 0.983630
vt 0.301081 0.972885
vt 0.379478 0.783328
vt 0.419759 0.783328
vt 0.386819 0.775962
vt 0.412437 0.775962
vt 0.299788 0.965013
vt 0.257219 0.965013
vt 0.292873 0.947529
vt 0.255926 0.972885
vt 0.443261 0.991939
vt 0.417643 0.975583
vt 0.417643 0.991939
vt 0.443261 0.975583
vt 0.339971 0.997501
vt 0.339971 0.959853
vt 0.355604 0.959853
vt 0.355604 0.997501
vt 0.264276 0.947148
vt 0.424215 0.764227
vt 0.424215 0.778443
vt 0.449014 0.778361
vt 0.391893 0.997793
vt 0.414027 0.976213
vt 0.391846 0.976179
vt 0.414073 0.997826
vt 0.449014 0.764227
vt 0.448312 0.976262
vt 0.448348 0.993314
vt 0.455049 0.976274
vt 0.455085 0.993326
vt 0.496922 0.987345
vt 0.496899 0.976337
vt 0.470876 0.993349
vt 0.460209 0.973165
vt 0.498923 0.957282
vt 0.498527 0.884521
vt 0.493952 0.824353
vt 0.395646 0.884311
vt 0.404482 0.821492
vt 0.407896 0.884458
vt 0.404091 0.951771
vt 0.408911 0.943094
vt 0.392030 0.957278
vt 0.395159 0.981287
vt 0.403924 0.977286
vt 0.434469 0.973465
vt 0.497174 0.982018
vt 0.410769 0.894505
vt -2.582092 1.750937
vt -2.584249 1.750614
vt -2.580936 1.743214
vt -2.584803 1.750448
vt -2.583647 1.742726
vt -2.581491 1.743047
vt -1.453415 -0.441164
vt -1.461877 -0.441213
vt -1.457617 -0.446270
vt -1.453416 -0.441011
vt -1.457670 -0.437083
vt -1.461879 -0.441060
vt 0.332711 0.906046
vt 0.325844 0.905319
vt 0.337287 0.885874
vt 0.322458 0.885743
vt 0.277848 0.808549
vt 0.254689 0.831652
vt 0.254689 0.818119
vt 0.264282 0.841222
vt 0.277848 0.841222
vt 0.287441 0.831652
vt 0.287441 0.818119
vt 0.264282 0.808549
vt 0.264263 0.945611
vt 0.357078 0.959377
vt 0.340985 0.998133
vt 0.340985 0.959377
vt 0.357078 0.998133
vt -1.462088 3.101688
vt -1.480624 3.081737
vt -1.467727 3.081796
vt -1.556209 1.885402
vt -1.559117 1.875445
vt -1.555338 1.879154
vt -1.560661 1.887885
vt -1.558918 1.875390
vt -1.556010 1.885347
vt 0.356973 0.959443
vt 0.343396 0.959443
vt 0.356973 0.949203
vt 0.401471 0.964164
vt 0.392785 0.964164
vt 0.401088 0.952635
vt 0.401088 0.889983
vt 0.393953 0.889983
vt 0.372626 0.895877
vt 0.379363 0.886577
vt 0.372471 0.886577
vt 0.379670 0.895877
vt 0.379828 0.952419
vt 0.371484 0.952419
vt 0.336067 0.949203
vt 0.336067 0.889953
vt 0.343396 0.885906
vt 0.328402 0.959443
vt 0.328402 0.998953
vt 0.371219 0.959850
vt 0.371219 0.998142
vt 0.379828 0.998142
vt 1.545871 1.900613
vt 1.551916 1.886809
vt 1.553689 1.899527
vt 1.545728 1.900552
vt 1.543954 1.887834
vt 1.551772 1.886748
vt 0.343396 0.998953
vt 0.346790 0.998953
vt 1.544346 1.887918
vt 1.539696 1.885380
vt 1.538824 1.879132
vt 0.353579 0.998953
vt 0.346790 0.959443
vt 0.353579 0.959443
vt 0.356973 0.998953
vt 0.365741 0.998953
vt 1.542521 1.875608
vt 1.541445 1.867899
vt 1.549263 1.866813
vt 0.379828 0.959850
vt 0.372393 0.891577
vt 0.379828 0.891577
vt 0.379670 0.885501
vt 0.372626 0.885501
vt 0.393333 0.952635
vt 0.356973 0.885906
vt 0.365740 0.889953
vt 0.365740 0.959443
vt 1.542369 1.875494
vt 1.549112 1.866699
vt 1.550187 1.874408
vt -0.701982 -1.821234
vt -0.696938 -1.827295
vt -0.685076 -1.808929
vt -0.686169 -1.808562
vt -0.698038 -1.826923
vt -0.682817 -1.812594
vt 1.551872 1.886840
vt 1.550130 1.874345
vt 1.555651 1.883130
vt 1.555225 1.883399
vt 1.549703 1.874614
vt 1.554353 1.877152
vt -1.568656 1.886901
vt -1.571564 1.876944
vt -1.566913 1.874406
vt -1.568154 1.886761
vt -1.571933 1.883051
vt -1.571061 1.876804
vt 2.690398 0.602267
vt 2.676187 0.585646
vt 2.694587 0.595588
vt 2.690445 0.603227
vt 2.673453 0.591041
vt 2.676240 0.586601
vt 1.544245 1.887981
vt 1.538723 1.879195
vt 1.542503 1.875486
vt 2.422321 0.207201
vt 2.415234 0.203246
vt 2.422835 0.205086
vt 2.421918 0.207397
vt 2.414317 0.205559
vt 2.414830 0.203443
vt -1.918463 2.675956
vt -1.948285 2.681300
vt -1.919805 2.668488
vt -1.919978 2.668205
vt -1.948458 2.681016
vt -1.949801 2.673547
vt 1.902006 2.675114
vt 1.903075 2.669163
vt 1.931828 2.680458
vt 1.903158 2.669012
vt 1.932981 2.674355
vt 1.931911 2.680305
vt -2.187443 1.197237
vt -2.217315 1.202293
vt -2.218168 1.197153
vt -2.187443 1.197196
vt -2.218168 1.197112
vt -2.188281 1.192054
vt 0.488128 0.954963
vt 0.487344 0.947663
vt 0.493727 0.947657
vt 0.491445 0.895445
vt 0.483757 0.895452
vt 0.483243 0.852860
vt 0.475198 0.852867
vt 0.492409 0.954958
vt 1.901651 2.677069
vt 1.903403 2.667322
vt 1.932223 2.682547
vt 1.903360 2.667384
vt 1.933932 2.672862
vt 1.932179 2.682610
vt 0.376988 0.598371
vt 0.404926 0.634693
vt 0.402010 0.597654
vt 0.345546 0.590529
vt 0.318605 0.580903
vt 0.320828 0.607217
vt 0.343274 0.572035
vt 0.322684 0.555832
vt 0.287520 0.568588
vt 0.297646 0.595279
vt 0.379014 0.553302
vt 0.402245 0.553751
vt 0.405217 0.514357
vt 0.445721 0.533893
vt 0.431328 0.572232
vt 0.431453 0.505108
vt 0.431331 0.572225
vt 0.161958 0.627910
vt 0.203139 0.749008
vt 0.203152 0.628371
vt 0.161949 0.749124
vt 0.001414 0.531851
vt 0.001433 0.563805
vt 0.249133 0.581004
vt 0.204381 0.597699
vt 0.204266 0.575450
vt 0.249133 0.540074
vt 0.204042 0.618028
vt 0.247223 0.693905
vt 0.204358 0.723597
vt 0.248737 0.745057
vt 0.204101 0.744926
vt 0.204266 0.538626
vt 0.249133 0.503526
vt 0.204101 0.503790
vt 0.320275 0.810410
vt 0.320275 0.838333
vt 0.328871 0.810383
vt 0.310371 0.838298
vt 0.310371 0.810374
vt 0.300718 0.838334
vt 0.300718 0.810410
vt 0.291419 0.810364
vt 0.291419 0.838288
vt 0.328871 0.838307
vt 0.400648 0.778477
vt 0.388813 0.778477
vt 0.380444 0.786826
vt 0.380444 0.798632
vt 0.409017 0.798632
vt 0.400648 0.806981
vt 0.409017 0.786826
vt 0.388813 0.806981
vt 0.298914 0.809348
vt 0.298862 0.839223
vt 0.291948 0.809557
vt 0.291791 0.839049
vt 0.322489 0.839219
vt 0.322863 0.809207
vt 0.330522 0.839130
vt 0.330646 0.809343
vt 0.314420 0.839033
vt 0.314685 0.809426
vt 0.306703 0.839055
vt 0.306956 0.809326
vt 0.305723 0.994232
vt 0.305723 0.985587
vt 0.324864 0.985587
vt 0.305723 0.973777
vt 0.324864 0.973777
vt 0.324864 0.965124
vt 0.305722 0.965124
vt 0.324864 0.945907
vt 0.311671 0.945965
vt -1.264812 -0.505416
vt -1.283082 -0.485221
vt -1.277707 -0.505186
vt 0.311611 0.945907
vt -1.451638 -0.424643
vt -1.454481 -0.424659
vt -1.454426 -0.434353
vt -1.451828 -0.424512
vt -1.454616 -0.434223
vt -1.451773 -0.434206
vt -1.460125 -0.425106
vt -1.462599 -0.434816
vt -1.460067 -0.434800
vt -1.460676 -0.424736
vt -1.463208 -0.424750
vt -1.463152 -0.434445
vt 0.311514 0.945611
vt 0.045480 0.944134
vt 0.031937 0.944395
vt 0.044348 0.876350
vt 0.042211 0.957278
vt 0.056649 0.957278
vt 0.021769 0.957278
vt 0.021842 0.986649
vt 0.042211 0.986649
vt 0.056172 0.986649
vt 0.048358 0.943872
vt 0.042211 0.974226
vt 0.084172 0.944395
vt 0.050369 0.892267
vt 0.084172 0.892499
vt 0.052381 0.840661
vt 0.031937 0.840603
vt 0.043216 0.840498
vt 0.031937 0.893600
vt 0.016633 0.944395
vt 0.001328 0.957278
vt 0.001474 0.986649
vt 0.001267 0.998647
vt 0.022856 0.998647
vt 0.042211 0.998647
vt 0.021739 0.998647
vt 0.084172 0.840603
vt 0.061960 0.787323
vt 0.084172 0.787323
vt 0.043216 0.790349
vt 0.031937 0.790349
vt 0.001328 0.790349
vt 0.001328 0.840603
vt 0.001328 0.900757
vt 0.001328 0.944395
vt 0.016633 0.957278
vt 0.031937 0.957278
vt -0.823310 3.093888
vt -0.830545 3.114723
vt -0.846880 3.099716
vt 0.001173 0.542774
vt 0.001173 0.506697
vt 0.461502 0.540788
vt 0.489319 0.539785
vt 0.489310 0.599504
vt 0.461722 0.600007
vt 0.202129 0.501626
vt 0.148885 0.501692
vt 0.202129 0.575814
vt 0.096693 0.850949
vt 0.096719 0.809943
vt 0.118823 0.850941
vt 0.118998 0.810089
vt 0.190199 0.810068
vt 0.148269 0.827431
vt 0.143081 0.864216
vt 0.118931 0.967609
vt 0.139637 0.967849
vt 0.118659 0.981644
vt 0.079774 0.967800
vt 0.079501 0.981417
vt 0.079632 0.998010
vt 0.118371 0.998654
vt 0.218134 0.998732
vt 0.249385 0.985420
vt 0.218134 0.985075
vt 0.249385 0.998740
vt 0.218134 0.998740
vt 0.218134 0.985420
vt 0.249385 0.967496
vt 0.218134 0.967496
vt 0.248645 0.866150
vt 0.220891 0.866150
vt 0.191775 0.867331
vt 0.186404 0.967587
vt 0.175990 0.864880
vt 0.169222 0.967528
vt 0.156723 0.967571
vt 0.163819 0.863886
vt 0.173449 0.827612
vt 0.229159 0.798588
vt 0.248298 0.798588
vt 0.248307 0.802116
vt 0.207806 0.802118
vt 0.248316 0.810219
vt 0.207528 0.810217
vt 0.185594 0.829332
vt 0.248316 0.832989
vt 0.227826 0.832978
vt 0.249385 0.985075
vt 0.094411 0.641705
vt 0.080300 0.617594
vt 0.066355 0.641705
vt 0.108190 0.617594
vt 0.122135 0.641705
vt 0.108190 0.665816
vt 0.080300 0.665816
vt 0.712787 0.788370
vt 0.747455 0.779640
vt 0.747455 0.788370
vt 0.712787 0.779640
vt 0.712787 0.773649
vt 0.699260 0.779640
vt 0.689206 0.779640
vt 0.670272 0.773649
vt 0.669923 0.767770
vt 0.670262 0.773607
vt 0.664292 0.765552
vt 0.660651 0.770566
vt 0.664341 0.775544
vt 0.670272 0.779640
vt 0.689141 0.783274
vt 2.225782 1.864027
vt 2.225162 1.855945
vt 2.230290 1.860249
vt 0.711034 0.779640
vt 0.720398 0.779640
vt 0.711034 0.788370
vt 0.720398 0.788370
vt -1.184456 1.864089
vt -1.193394 1.855304
vt -1.183836 1.856007
vt -1.188959 1.860318
vt 0.712775 0.783826
vt 0.699359 0.783815
vt 2.225932 1.864077
vt 2.225312 1.855994
vt 2.230439 1.860297
vt 2.234628 1.864349
vt 2.229606 1.861270
vt 2.224478 1.856967
vt 0.712787 0.756474
vt 0.712787 0.762204
vt 0.699260 0.756459
vt 0.699260 0.762003
vt 0.712499 0.767933
vt 0.747455 0.762204
vt 0.747455 0.752927
vt 0.712787 0.752927
vt 2.235358 1.863362
vt 2.225209 1.855980
vt 2.234766 1.855278
vt 0.747455 0.767933
vt 0.747455 0.773649
vt 0.689206 0.762003
vt 0.670272 0.762003
vt 0.670272 0.756474
vt 0.689206 0.756474
vt 2.235103 1.863569
vt 2.230081 1.860491
vt 2.224954 1.856188
vt 2.235255 1.863365
vt 2.225105 1.855983
vt 2.234662 1.855280
vt 0.711082 0.762437
vt 0.711082 0.752753
vt 0.721137 0.762437
vt 0.721137 0.752753
vt -1.193970 1.863374
vt -1.188950 1.860310
vt 0.670439 0.783274
vt 0.645776 0.807067
vt 0.624867 0.824251
vt 0.624743 0.807089
vt 0.646186 0.824313
vt 0.684781 0.807067
vt 0.684781 0.784687
vt 0.645776 0.784687
vt 0.706474 0.824276
vt 0.706661 0.806987
vt 0.684760 0.824306
vt 0.588516 0.960140
vt 0.600504 0.959854
vt 0.588594 0.967443
vt 0.588437 0.952838
vt 0.600426 0.952551
vt 0.600583 0.967156
vt 0.722746 0.995305
vt 0.719008 0.995305
vt 0.722746 0.879573
vt 0.719008 0.879546
vt 0.722746 0.995488
vt 0.719008 0.995488
vt 0.722746 0.879866
vt 0.719008 0.879935
vt 0.739487 0.879946
vt 0.739487 0.995678
vt 0.733698 0.995678
vt 0.733725 0.868135
vt 0.739366 0.856334
vt 0.749529 0.879863
vt 0.749529 0.856253
vt 0.750954 0.897295
vt 0.741031 0.909245
vt 0.741031 0.897295
vt 0.746773 0.902504
vt 0.719008 0.855992
vt 0.722746 0.855992
vt 0.719008 0.804101
vt 0.722746 0.804101
vt 0.733578 0.804040
vt 0.739366 0.804012
vt 0.728794 0.867783
vt 0.733692 0.868040
vt 0.728794 0.804101
vt 0.728794 0.995305
vt 0.733700 0.995553
vt 0.713932 0.855992
vt 0.713932 0.879601
vt 0.713991 0.889831
vt 0.719114 0.884580
vt 0.722985 0.889809
vt 0.750334 0.909245
vt 0.532610 0.856152
vt 0.500864 0.871659
vt 0.500864 0.856141
vt 0.532498 0.871659
vt 0.595569 0.929266
vt 0.599795 0.929272
vt 0.595569 0.922028
vt 0.616490 0.856152
vt 0.532723 0.871647
vt 0.616490 0.871636
vt 0.532383 0.871649
vt 0.616395 0.871649
vt 0.532383 0.905416
vt 0.616395 0.880091
vt 0.583254 0.779757
vt 0.583254 0.772524
vt 0.587480 0.779768
vt 0.637254 0.856141
vt 0.616490 0.871659
vt 0.698065 0.856141
vt 0.698065 0.871659
vt 0.639164 0.778898
vt 0.631630 0.765973
vt 0.646698 0.765973
vt 0.639164 0.753047
vt 0.637254 0.840623
vt 0.698065 0.840623
vt 0.667200 0.829302
vt 0.667200 0.836386
vt 0.662974 0.836552
vt 0.637254 0.840978
vt 0.557554 0.840978
vt 0.532600 0.840978
vt 0.599795 0.914773
vt 0.595569 0.914939
vt 0.500864 0.840623
vt 0.532498 0.840623
vt 0.532798 0.772057
vt 0.532798 0.757558
vt 0.528573 0.764807
vt 0.541249 0.772057
vt 0.500864 0.887450
vt 0.532426 0.887450
vt -1.137783 1.841732
vt -1.146161 1.841100
vt -1.145075 1.826751
vt 0.637254 0.832937
vt 0.557492 0.835442
vt 0.516045 0.839849
vt 0.502725 0.837613
vt 0.505342 0.834528
vt -1.967727 -0.759921
vt -1.991867 -0.765277
vt -1.971951 -0.792936
vt -1.991942 -0.765150
vt -1.994054 -0.781657
vt -1.972026 -0.792810
vt 0.532239 0.838254
vt 0.500870 0.838426
vt 0.545475 0.764807
vt 0.541249 0.757558
vt -1.178079 1.840138
vt -1.177022 1.826086
vt -1.168620 1.826375
vt 0.514359 0.835138
vt 0.556435 0.840977
vt 0.519709 0.836195
vt 0.529849 0.820969
vt 0.520452 0.830671
vt 0.537890 0.822127
vt 0.557431 0.824625
vt 0.597317 0.824780
vt 0.596145 0.815711
vt 0.609742 0.815264
vt 0.609998 0.825003
vt 0.662908 0.840142
vt 0.654523 0.836552
vt 0.654589 0.840142
vt 0.636024 0.827888
vt 0.619106 0.828931
vt 0.636381 0.832441
vt 0.619962 0.824683
vt 0.650297 0.836386
vt 0.650297 0.829302
vt 0.637254 0.826505
vt 0.698065 0.826505
vt 0.654233 0.753047
vt 0.661767 0.765973
vt 0.654233 0.778898
vt 0.698065 0.889003
vt 0.595931 0.779768
vt 0.600156 0.772524
vt 0.600156 0.779757
vt 0.616395 0.896975
vt 0.616395 0.905416
vt 0.616897 0.889003
vt 0.514417 0.830021
vt 0.515771 0.819141
vt 0.521674 0.819921
vt 0.530540 0.816823
vt 0.522198 0.815651
vt 0.526605 0.815052
vt 0.530596 0.815782
vt 0.536976 0.778629
vt 0.543574 0.782371
vt 0.564090 0.768755
vt 0.554036 0.770754
vt 0.533603 0.778813
vt 0.532007 0.778602
vt 0.545523 0.823381
vt 0.551545 0.784370
vt 0.564350 0.778741
vt 0.572700 0.783433
vt -0.848765 -1.036639
vt -0.850148 -1.027917
vt -0.865360 -1.039222
vt -0.850365 -1.027683
vt -0.866961 -1.030264
vt -0.865578 -1.038988
vt 0.564222 0.780824
vt 0.549930 0.822326
vt 0.556723 0.818437
vt 0.546925 0.822127
vt 0.556210 0.823172
vt 0.547679 0.816601
vt 0.624471 0.780038
vt 0.577578 0.759426
vt 0.609202 0.759847
vt 0.622986 0.759847
vt 0.636965 0.780015
vt 0.552441 0.768855
vt 0.577578 0.753498
vt 0.567008 0.783169
vt 0.609852 0.753516
vt 0.712896 0.903857
vt 0.698407 0.903857
vt 0.698407 0.892821
vt 0.705257 0.914736
vt 0.712896 0.914595
vt 0.705434 0.926373
vt 0.713007 0.926377
vt 0.712896 0.892821
vt 0.698756 0.881766
vt 0.712896 0.881766
vt 0.659239 0.892443
vt 0.670431 0.898916
vt 0.670367 0.911754
vt 0.659111 0.918117
vt 0.648000 0.898727
vt 0.698407 0.914877
vt 0.705257 0.933834
vt 0.628721 0.898633
vt 0.647936 0.911725
vt 0.628657 0.911631
vt 0.698407 0.933834
vt 0.623098 0.900772
vt 0.623055 0.909438
vt 0.698407 0.939353
vt 0.705257 0.939353
vt 0.698407 0.945797
vt 0.704962 0.945797
vt 0.533244 0.772332
vt 0.529149 0.765306
vt 0.545529 0.765306
vt 0.543482 0.761793
vt 0.531196 0.761793
vt 0.530649 0.793447
vt 0.499978 0.793447
vt 0.526815 0.786870
vt 0.507645 0.806602
vt 0.541434 0.772332
vt 0.522981 0.806602
vt 0.599329 0.950264
vt 0.501898 0.916753
vt 0.501898 0.950264
vt 0.599329 0.934571
vt 0.543482 0.753368
vt 0.531196 0.753368
vt 0.503812 0.786870
vt 0.526815 0.753186
vt 0.503812 0.753186
vt 0.501898 0.906421
vt 0.584680 0.906421
vt 0.584680 0.916753
vt 0.603639 0.925595
vt 0.604266 0.906557
vt 0.604266 0.916267
vt 0.603639 0.934571
vt 0.599561 0.942497
vt 0.604135 0.942244
vt 0.612229 0.934389
vt 0.611776 0.925599
vt 0.637267 0.947992
vt 0.608290 0.999074
vt 0.608467 0.948166
vt 0.636905 0.998942
vt 0.679122 0.947961
vt 0.678660 0.919729
vt 0.637031 0.919673
vt 0.679167 0.998955
vt 0.711324 0.948004
vt 0.711324 0.998954
vt 0.701643 0.903857
vt 0.675915 0.910423
vt 0.675915 0.903857
vt 0.701643 0.910423
vt 0.675566 0.917332
vt 0.701991 0.917332
vt 0.701643 0.897292
vt 0.675915 0.897292
vt 0.701643 0.890383
vt 0.675915 0.890383
vt 0.654315 0.912966
vt 0.663363 0.912937
vt 0.667861 0.905161
vt 0.663311 0.897415
vt 0.649765 0.905220
vt 0.654264 0.897444
vt 0.599329 0.956807
vt 0.501898 0.969894
vt 0.501898 0.956807
vt 0.599329 0.969894
vt 0.599329 0.981670
vt 0.501898 0.981670
s 0
f 136/135/99 140/136/99 137/137/99
f 138/138/100 136/135/100 137/137/100
f 138/139/101 139/140/101 136/141/101
f 139/140/102 147/142/102 136/141/102
f 140/136/103 868/143/103 137/137/103
f 140/136/104 141/144/104 868/143/104
f 142/136/105 868/143/105 141/144/105
f 142/136/106 869/137/106 868/143/106
f 145/135/107 869/137/107 142/136/107
f 870/145/108 869/137/108 145/135/108
f 143/146/109 881/147/109 144/148/109
f 878/139/110 144/142/110 881/140/110
f 878/139/111 145/141/111 144/142/111
f 878/138/112 870/145/112 145/135/112
f 146/149/113 143/146/113 144/148/113
f 139/150/114 143/146/114 146/149/114
f 147/151/115 139/150/115 146/149/115
f 147/151/116 146/149/116 133/152/116
f 133/152/117 146/149/117 148/153/117
f 146/149/118 144/148/118 148/153/118
f 148/153/119 144/148/119 928/152/119
f 928/152/120 142/136/120 148/153/120
f 148/153/121 142/136/121 141/144/121
f 140/136/122 148/153/122 141/144/122
f 148/153/123 140/136/123 133/152/123
f 165/154/124 162/155/124 163/156/124
f 164/157/125 162/158/125 165/159/125
f 162/160/126 164/161/126 163/162/126
f 164/161/127 166/163/127 163/162/127
f 167/164/128 166/165/128 164/166/128
f 170/167/129 166/157/129 167/168/129
f 170/167/130 168/159/130 166/157/130
f 165/154/131 168/169/131 170/170/131
f 165/154/132 163/156/132 168/169/132
f 166/157/133 168/159/133 163/158/133
f 165/154/134 170/170/134 169/171/134
f 172/172/135 169/173/135 170/174/135
f 172/172/136 171/175/136 169/173/136
f 171/176/137 172/177/137 173/178/137
f 173/178/138 172/177/138 167/164/138
f 170/167/139 167/168/139 172/179/139
f 167/164/140 164/166/140 173/178/140
f 169/167/141 173/168/141 164/157/141
f 169/167/142 171/179/142 173/168/142
f 169/167/143 164/157/143 165/159/143
f 174/180/144 175/181/144 179/182/144
f 175/181/145 176/183/145 179/182/145
f 176/184/146 175/185/146 178/186/146
f 178/186/147 175/185/147 592/187/147
f 592/180/148 177/183/148 178/182/148
f 591/181/149 177/183/149 592/180/149
f 177/186/150 591/187/150 174/185/150
f 179/184/151 177/186/151 174/185/151
f 180/188/152 181/189/152 182/190/152
f 180/188/153 183/191/153 181/189/153
f 181/189/154 183/192/154 184/193/154
f 184/193/155 183/192/155 191/194/155
f 185/195/156 184/193/156 191/194/156
f 186/196/157 184/193/157 185/195/157
f 186/196/158 181/189/158 184/193/158
f 182/190/159 181/189/159 186/197/159
f 182/190/160 186/197/160 187/198/160
f 187/196/161 188/193/161 182/189/161
f 187/196/162 189/195/162 188/193/162
f 189/195/163 190/194/163 188/193/163
f 190/199/164 189/200/164 185/201/164
f 190/199/165 185/201/165 191/202/165
f 188/193/166 190/194/166 180/192/166
f 182/189/167 188/193/167 180/192/167
f 624/203/168 623/204/168 192/205/168
f 198/206/169 192/207/169 623/208/169
f 193/209/170 192/210/170 198/211/170
f 194/212/171 192/210/171 193/209/171
f 194/212/172 195/213/172 192/210/172
f 624/203/168 192/205/168 195/214/168
f 621/215/173 194/212/173 193/209/173
f 196/216/174 194/212/174 621/215/174
f 193/209/175 198/211/175 197/217/175
f 199/205/176 197/203/176 198/204/176
f 622/214/176 197/203/176 199/205/176
f 199/218/169 198/219/169 623/220/169
f 611/221/177 612/222/177 200/223/177
f 612/222/178 211/224/178 200/223/178
f 612/222/179 202/225/179 211/224/179
f 201/226/180 202/227/180 612/228/180
f 201/226/181 203/229/181 202/227/181
f 201/230/182 212/231/182 203/232/182
f 201/230/183 610/233/183 212/231/183
f 610/233/184 609/234/184 212/231/184
f 609/234/185 210/235/185 212/231/185
f 609/234/186 204/236/186 210/235/186
f 204/236/187 614/237/187 210/235/187
f 614/237/188 205/238/188 210/235/188
f 614/237/189 206/239/189 205/238/189
f 206/239/190 617/240/190 205/238/190
f 205/238/191 617/240/191 207/241/191
f 207/242/192 209/243/192 205/244/192
f 207/242/193 208/245/193 209/243/193
f 209/246/194 208/247/194 616/248/194
f 615/249/195 209/246/195 616/248/195
f 613/250/196 209/246/196 615/249/196
f 211/224/197 209/246/197 613/250/197
f 210/251/198 209/243/198 211/252/198
f 205/244/199 209/243/199 210/251/199
f 210/251/200 211/252/200 212/253/200
f 212/253/201 211/252/201 203/229/201
f 203/229/202 211/252/202 202/227/202
f 200/223/203 211/224/203 613/250/203
f 651/254/204 213/255/204 219/256/204
f 216/257/205 213/258/205 651/259/205
f 214/260/206 213/261/206 216/262/206
f 219/263/207 213/264/207 214/265/207
f 214/257/208 217/259/208 219/258/208
f 215/266/209 217/259/209 214/257/209
f 650/254/210 215/267/210 214/256/210
f 650/254/211 214/256/211 216/255/211
f 650/266/205 216/257/205 651/259/205
f 651/254/212 219/256/212 217/267/212
f 214/268/213 218/269/213 219/270/213
f 214/271/214 220/272/214 218/273/214
f 220/274/215 214/275/215 219/276/215
f 227/277/216 220/274/216 219/276/216
f 221/278/217 220/279/217 227/280/217
f 221/281/218 224/282/218 220/283/218
f 221/284/219 225/285/219 224/286/219
f 225/287/220 221/278/220 227/280/220
f 225/281/221 227/283/221 223/288/221
f 226/289/222 223/290/222 227/291/222
f 222/287/223 223/280/223 226/279/223
f 225/281/224 223/288/224 222/282/224
f 224/292/219 225/293/219 222/294/219
f 222/287/223 226/279/223 224/278/223
f 224/282/225 226/288/225 220/283/225
f 220/295/226 226/296/226 227/297/226
f 220/298/227 227/299/227 229/300/227
f 227/301/228 228/273/228 229/302/228
f 219/303/229 228/273/229 227/304/229
f 218/305/230 228/306/230 219/307/230
f 230/308/231 228/309/231 218/310/231
f 229/311/232 228/309/232 230/308/232
f 220/298/233 229/300/233 230/312/233
f 220/313/234 230/302/234 218/273/234
f 244/308/235 231/311/235 241/310/235
f 231/311/236 240/309/236 241/310/236
f 240/314/237 231/315/237 232/302/237
f 240/314/238 232/302/238 234/273/238
f 232/311/239 233/310/239 234/309/239
f 235/308/240 233/310/240 232/311/240
f 241/314/241 233/273/241 235/302/241
f 234/316/242 233/317/242 241/318/242
f 240/319/243 234/320/243 241/318/243
f 240/321/244 236/266/244 241/322/244
f 237/259/245 236/266/245 240/321/245
f 236/266/246 237/259/246 238/258/246
f 238/254/247 237/267/247 239/255/247
f 237/267/248 240/323/248 239/255/248
f 242/324/249 239/325/249 240/326/249
f 239/258/250 242/257/250 243/266/250
f 243/254/251 242/255/251 236/267/251
f 236/267/252 242/255/252 241/327/252
f 241/328/253 242/329/253 240/330/253
f 236/266/254 238/258/254 243/257/254
f 238/259/255 239/258/255 243/266/255
f 241/314/256 235/302/256 244/315/256
f 245/331/257 735/332/257 246/333/257
f 245/331/258 247/334/258 735/332/258
f 245/331/259 748/335/259 247/334/259
f 248/336/260 247/334/260 748/335/260
f 248/336/261 745/337/261 247/334/261
f 745/337/262 249/338/262 247/334/262
f 745/337/263 747/339/263 249/338/263
f 747/339/264 250/340/264 249/338/264
f 249/338/265 250/340/265 739/341/265
f 249/338/266 739/341/266 251/342/266
f 247/334/267 249/338/267 251/342/267
f 247/334/268 251/342/268 735/332/268
f 735/332/269 251/342/269 733/343/269
f 733/343/270 251/342/270 736/344/270
f 252/345/271 779/346/271 253/347/271
f 252/345/272 776/348/272 779/346/272
f 254/349/273 255/350/273 259/351/273
f 256/352/274 255/353/274 254/354/274
f 255/350/275 257/355/275 259/351/275
f 258/352/276 259/354/276 257/353/276
f 260/356/277 267/357/277 266/358/277
f 267/359/278 260/360/278 262/361/278
f 267/359/278 262/361/278 261/362/278
f 262/356/279 263/358/279 261/357/279
f 262/356/280 264/363/280 263/358/280
f 263/364/281 264/365/281 265/366/281
f 263/364/281 265/366/281 266/367/281
f 260/356/282 266/358/282 265/363/282
f 261/368/283 263/364/283 266/367/283
f 261/368/283 266/367/283 267/369/283
f 280/370/284 282/371/284 275/372/284
f 280/370/285 268/373/285 282/371/285
f 282/374/286 268/375/286 269/376/286
f 269/376/286 268/375/286 270/377/286
f 269/376/287 270/377/287 273/378/287
f 273/378/287 270/377/287 793/379/287
f 271/380/288 273/378/288 793/379/288
f 271/381/289 272/382/289 273/383/289
f 271/381/290 274/384/290 272/382/290
f 277/385/291 274/386/291 271/387/291
f 274/386/292 277/385/292 281/388/292
f 281/388/293 277/385/293 275/389/293
f 276/390/294 275/391/294 277/392/294
f 276/393/295 280/394/295 275/395/295
f 276/393/296 279/396/296 280/394/296
f 276/397/297 278/398/297 279/399/297
f 276/397/297 271/400/297 278/398/297
f 271/401/298 276/390/298 277/392/298
f 271/380/288 793/379/288 278/402/288
f 278/403/299 790/404/299 279/405/299
f 279/405/300 790/404/300 280/406/300
f 275/389/301 282/407/301 281/388/301
f 272/382/302 281/408/302 282/409/302
f 274/384/303 281/408/303 272/382/303
f 272/382/304 282/409/304 269/410/304
f 273/383/305 272/382/305 269/410/305
f 283/411/306 284/412/306 286/413/306
f 285/414/307 283/415/307 286/416/307
f 845/417/308 287/418/308 288/419/308
f 845/417/309 846/420/309 287/418/309
f 846/420/310 859/417/310 287/418/310
f 859/417/311 858/419/311 287/418/311
f 289/421/312 302/422/312 299/423/312
f 289/421/313 290/424/313 302/422/313
f 292/425/314 302/426/314 290/427/314
f 292/425/315 291/428/315 302/426/315
f 304/429/316 291/430/316 292/431/316
f 304/429/317 293/432/317 291/430/317
f 294/433/318 291/434/318 293/435/318
f 294/433/319 297/436/319 291/434/319
f 295/431/320 297/430/320 294/437/320
f 295/425/321 296/427/321 297/428/321
f 292/434/322 296/438/322 295/436/322
f 292/434/323 290/439/323 296/438/323
f 290/439/324 300/440/324 296/438/324
f 290/439/325 289/441/325 300/440/325
f 299/442/326 300/443/326 289/444/326
f 299/442/327 298/445/327 300/443/327
f 301/438/328 298/440/328 299/446/328
f 300/447/329 298/423/329 301/422/329
f 296/424/330 300/447/330 301/422/330
f 297/428/331 296/427/331 301/426/331
f 297/436/332 301/438/332 302/439/332
f 302/439/333 301/438/333 299/446/333
f 291/434/334 297/436/334 302/439/334
f 303/433/335 292/434/335 295/436/335
f 304/448/336 292/434/336 303/433/336
f 303/449/337 295/431/337 294/437/337
f 308/450/338 305/451/338 306/452/338
f 307/453/339 308/454/339 306/455/339
f 319/456/340 837/457/340 309/458/340
f 309/459/341 837/460/341 311/461/341
f 309/459/342 311/461/342 321/462/342
f 310/457/343 321/459/343 311/463/343
f 310/457/344 312/462/344 321/459/344
f 310/464/345 313/465/345 312/466/345
f 860/467/346 313/468/346 310/469/346
f 860/467/347 324/470/347 313/468/347
f 860/471/348 842/472/348 324/473/348
f 842/472/349 317/459/349 324/473/349
f 842/472/350 314/462/350 317/459/350
f 315/474/351 314/462/351 842/472/351
f 316/475/352 314/476/352 315/477/352
f 317/478/353 314/476/353 316/475/353
f 316/459/354 318/479/354 317/462/354
f 839/480/355 318/481/355 316/482/355
f 836/483/356 318/484/356 839/485/356
f 836/483/357 323/486/357 318/484/357
f 836/483/358 319/487/358 323/486/358
f 319/487/359 322/488/359 323/486/359
f 319/489/360 320/490/360 322/491/360
f 319/456/361 309/458/361 320/459/361
f 309/492/362 312/493/362 320/494/362
f 309/492/363 321/495/363 312/493/363
f 320/459/364 312/462/364 313/496/364
f 320/459/365 313/496/365 322/497/365
f 322/498/366 313/499/366 323/500/366
f 313/501/367 324/502/367 323/503/367
f 323/500/368 324/499/368 318/504/368
f 318/479/369 324/505/369 317/462/369
f 839/456/370 316/459/370 315/458/370
f 839/456/371 315/458/371 840/457/371
f 315/474/372 842/472/372 840/506/372
f 327/507/373 336/508/373 325/509/373
f 327/507/374 326/510/374 336/508/374
f 326/511/375 327/512/375 328/513/375
f 327/514/376 325/515/376 328/516/376
f 328/516/376 325/515/376 329/517/376
f 325/515/377 333/518/377 329/517/377
f 340/519/377 333/518/377 325/515/377
f 339/520/378 333/518/378 340/519/378
f 339/520/378 330/521/378 333/518/378
f 331/522/379 330/521/379 339/520/379
f 332/523/380 330/521/380 331/522/380
f 329/509/381 330/524/381 332/525/381
f 329/509/382 333/526/382 330/524/382
f 329/509/383 332/525/383 334/527/383
f 334/528/384 332/523/384 331/522/384
f 334/528/384 331/522/384 335/529/384
f 336/508/385 335/527/385 331/525/385
f 336/530/386 334/528/386 335/529/386
f 336/530/387 338/531/387 334/528/387
f 326/511/388 338/531/388 336/530/388
f 326/511/388 337/532/388 338/531/388
f 326/511/375 328/513/375 337/532/375
f 328/507/389 329/509/389 337/510/389
f 337/510/390 329/509/390 338/508/390
f 329/509/391 334/527/391 338/508/391
f 336/508/392 331/525/392 339/524/392
f 336/508/393 339/524/393 340/526/393
f 325/509/394 336/508/394 340/526/394
f 861/533/395 341/534/395 342/535/395
f 341/534/396 343/536/396 342/535/396
f 344/537/397 345/538/397 346/539/397
f 344/537/398 352/540/398 345/538/398
f 347/541/399 352/542/399 344/543/399
f 347/544/400 353/545/400 352/546/400
f 347/547/401 348/548/401 353/549/401
f 348/550/402 347/551/402 351/552/402
f 347/551/403 349/553/403 351/552/403
f 347/551/404 344/537/404 349/553/404
f 344/537/405 346/539/405 349/553/405
f 349/553/406 346/539/406 350/554/406
f 349/553/407 350/554/407 352/540/407
f 352/540/408 350/554/408 345/538/408
f 351/552/409 349/553/409 352/555/409
f 351/556/410 352/557/410 353/558/410
f 351/552/411 353/559/411 348/550/411
f 356/560/412 354/561/412 355/562/412
f 354/562/413 356/563/413 359/561/413
f 359/561/414 356/563/414 357/560/414
f 357/563/415 358/561/415 359/562/415
f 357/563/416 360/560/416 358/561/416
f 358/562/417 360/563/417 355/561/417
f 355/561/418 360/563/418 361/560/418
f 356/560/419 355/562/419 361/563/419
f 362/537/420 363/539/420 364/553/420
f 362/537/421 365/540/421 363/539/421
f 362/537/422 366/564/422 365/540/422
f 366/564/423 367/565/423 365/540/423
f 366/564/424 368/566/424 367/565/424
f 368/566/425 366/564/425 369/567/425
f 366/564/426 364/553/426 369/567/426
f 366/564/427 362/537/427 364/553/427
f 369/567/428 364/553/428 365/540/428
f 364/553/429 370/554/429 365/540/429
f 364/553/430 363/539/430 370/554/430
f 365/540/431 370/554/431 371/538/431
f 365/540/432 371/538/432 363/539/432
f 369/567/433 365/540/433 367/565/433
f 369/567/434 367/565/434 368/566/434
f 372/568/435 373/569/435 374/570/435
f 372/568/436 375/571/436 373/569/436
f 373/569/437 375/571/437 376/572/437
f 375/571/438 377/573/438 376/572/438
f 377/573/439 375/571/439 378/574/439
f 375/571/440 372/568/440 378/574/440
f 377/573/441 378/574/441 379/571/441
f 379/571/442 378/574/442 380/568/442
f 380/568/443 381/570/443 379/571/443
f 379/571/444 381/570/444 382/569/444
f 377/573/445 379/571/445 382/569/445
f 377/573/446 382/569/446 376/572/446
f 383/575/447 399/576/447 388/577/447
f 383/575/448 386/578/448 399/576/448
f 399/576/449 386/578/449 384/579/449
f 386/578/450 385/580/450 384/579/450
f 385/581/451 386/582/451 398/583/451
f 386/582/452 383/575/452 398/583/452
f 398/583/453 383/575/453 393/584/453
f 393/585/454 383/586/454 387/587/454
f 383/586/455 388/588/455 387/587/455
f 396/589/456 387/587/456 388/588/456
f 396/589/457 389/585/457 387/587/457
f 398/590/458 389/585/458 396/589/458
f 390/591/459 389/585/459 398/590/459
f 390/592/460 392/593/460 389/594/460
f 390/594/461 391/595/461 392/596/461
f 390/594/462 393/597/462 391/595/462
f 398/583/463 393/584/463 390/585/463
f 393/597/464 394/598/464 391/595/464
f 387/599/465 394/598/465 393/597/465
f 395/600/466 394/595/466 387/601/466
f 389/594/467 395/600/467 387/601/467
f 389/594/468 392/593/468 395/600/468
f 396/602/469 397/603/469 398/604/469
f 396/602/470 400/605/470 397/603/470
f 399/606/471 400/607/471 396/589/471
f 384/608/472 400/607/472 399/606/472
f 399/606/473 396/589/473 388/588/473
f 385/581/474 398/583/474 397/609/474
f 898/610/475 401/611/475 899/612/475
f 898/610/476 896/613/476 401/611/476
f 896/613/477 139/614/477 401/611/477
f 896/613/478 892/615/478 139/614/478
f 892/616/479 927/617/479 139/618/479
f 892/616/480 402/619/480 927/617/480
f 402/619/481 403/620/481 927/617/481
f 402/619/482 890/621/482 403/620/482
f 405/622/483 404/623/483 409/624/483
f 405/622/483 415/625/483 404/623/483
f 405/626/484 406/627/484 415/628/484
f 406/627/485 407/629/485 415/628/485
f 406/622/486 408/624/486 407/625/486
f 407/625/487 408/624/487 413/623/487
f 409/630/488 413/631/488 408/632/488
f 409/633/489 404/634/489 413/635/489
f 413/636/490 404/637/490 410/638/490
f 410/639/491 404/640/491 411/641/491
f 412/642/492 407/643/492 413/644/492
f 412/645/493 413/646/493 414/647/493
f 407/648/494 417/649/494 415/650/494
f 416/651/495 417/649/495 407/652/495
f 415/653/496 418/654/496 404/655/496
f 415/653/497 419/656/497 418/654/497
f 131/657/498 437/658/498 438/659/498
f 131/657/499 436/660/499 437/658/499
f 437/658/500 436/660/500 439/661/500
f 439/662/501 436/663/501 140/664/501
f 138/138/502 137/137/502 440/145/502
f 138/138/503 440/145/503 939/665/503
f 138/138/504 939/665/504 441/666/504
f 437/658/505 442/667/505 438/659/505
f 442/667/506 437/658/506 443/668/506
f 437/658/507 439/661/507 443/668/507
f 444/669/508 445/670/508 446/671/508
f 445/670/509 447/672/509 446/671/509
f 448/673/510 447/672/510 445/670/510
f 448/673/511 449/674/511 447/672/511
f 450/670/512 449/674/512 448/673/512
f 450/670/513 451/675/513 449/674/513
f 450/670/514 444/669/514 451/675/514
f 444/669/515 446/671/515 451/675/515
f 452/676/516 453/677/516 475/678/516
f 452/679/517 454/680/517 453/681/517
f 455/682/518 454/683/518 452/684/518
f 454/676/519 455/678/519 456/677/519
f 456/677/520 455/678/520 522/685/520
f 454/680/521 456/686/521 453/681/521
f 453/687/522 456/688/522 457/689/522
f 459/687/523 458/689/523 474/688/523
f 459/687/523 460/690/523 458/689/523
f 453/687/522 457/689/522 461/690/522
f 461/690/524 457/689/524 464/691/524
f 464/691/525 457/689/525 467/692/525
f 457/689/525 469/693/525 467/692/525
f 457/689/526 462/694/526 469/693/526
f 458/689/527 468/693/527 463/694/527
f 458/689/527 465/692/527 468/693/527
f 466/691/527 465/692/527 458/689/527
f 460/690/527 466/691/527 458/689/527
f 470/679/528 459/681/528 474/686/528
f 527/695/529 459/696/529 470/697/529
f 471/698/530 527/695/530 470/697/530
f 473/699/531 471/700/531 470/701/531
f 473/702/532 472/703/532 471/704/532
f 472/698/533 473/697/533 524/695/533
f 524/695/534 473/697/534 474/696/534
f 470/679/535 474/686/535 473/680/535
f 455/705/536 452/706/536 475/707/536
f 453/677/537 526/685/537 475/678/537
f 478/708/538 477/709/538 476/710/538
f 477/711/539 478/712/539 479/713/539
f 479/709/540 478/708/540 480/714/540
f 478/708/541 476/710/541 480/714/541
f 479/709/542 480/714/542 481/710/542
f 479/709/543 481/710/543 482/715/543
f 481/710/544 483/716/544 482/715/544
f 482/715/545 483/716/545 477/709/545
f 477/709/546 483/716/546 476/710/546
f 477/717/547 479/718/547 482/719/547
f 484/720/525 487/721/525 485/722/525
f 484/720/524 486/723/524 487/721/524
f 489/724/548 486/725/548 484/726/548
f 486/725/549 489/724/549 487/726/549
f 491/727/550 488/728/550 489/729/550
f 491/727/551 494/730/551 488/728/551
f 491/727/552 490/731/552 494/730/552
f 485/722/553 492/732/553 493/733/553
f 485/722/525 487/721/525 492/732/525
f 490/731/554 495/734/554 494/730/554
f 490/731/554 496/735/554 495/734/554
f 496/735/555 497/736/555 495/734/555
f 496/735/556 499/737/556 497/736/556
f 498/738/557 500/739/557 505/740/557
f 498/738/558 501/741/558 500/739/558
f 493/733/559 501/741/559 498/738/559
f 493/733/560 492/732/560 501/741/560
f 499/742/561 503/743/561 497/744/561
f 499/742/562 504/745/562 503/743/562
f 503/746/563 504/747/563 505/748/563
f 503/746/564 505/748/564 502/749/564
f 505/740/565 500/739/565 502/750/565
f 511/229/566 508/227/566 506/253/566
f 511/229/567 507/228/567 508/227/567
f 508/225/568 507/222/568 513/224/568
f 513/224/569 507/222/569 509/221/569
f 509/751/570 507/752/570 510/753/570
f 507/228/571 511/229/571 510/226/571
f 511/232/572 506/231/572 510/230/572
f 506/231/573 516/234/573 510/230/573
f 506/231/574 519/236/574 516/234/574
f 506/231/575 512/235/575 519/236/575
f 506/253/576 514/243/576 512/251/576
f 506/253/577 513/252/577 514/243/577
f 506/253/578 508/227/578 513/252/578
f 513/224/579 515/223/579 514/246/579
f 513/224/580 509/221/580 515/223/580
f 517/754/581 515/755/581 509/756/581
f 517/754/582 516/757/582 515/755/582
f 510/230/583 516/234/583 517/233/583
f 509/751/570 510/753/570 517/758/570
f 516/757/584 518/759/584 515/755/584
f 516/757/585 519/760/585 518/759/585
f 519/760/586 523/761/586 518/759/586
f 519/760/587 520/762/587 523/761/587
f 512/235/588 520/237/588 519/236/588
f 512/235/589 525/239/589 520/237/589
f 512/235/590 521/238/590 525/239/590
f 512/251/591 514/243/591 521/244/591
f 521/244/592 514/243/592 522/245/592
f 514/246/593 523/249/593 522/247/593
f 514/246/594 518/250/594 523/249/594
f 514/246/595 515/223/595 518/250/595
f 522/247/596 523/249/596 524/248/596
f 523/761/597 527/763/597 524/764/597
f 525/765/598 527/763/598 523/761/598
f 526/241/599 527/240/599 525/239/599
f 521/238/599 526/241/599 525/239/599
f 521/244/600 522/245/600 526/242/600
f 520/762/601 525/765/601 523/761/601
f 528/337/602 529/338/602 530/340/602
f 528/337/603 531/336/603 529/338/603
f 531/336/604 532/334/604 529/338/604
f 531/336/605 533/766/605 532/334/605
f 531/336/606 534/335/606 533/766/606
f 534/335/607 531/336/607 546/767/607
f 531/336/608 535/768/608 546/767/608
f 531/336/609 528/337/609 535/768/609
f 528/337/610 536/769/610 535/768/610
f 528/337/611 537/339/611 536/769/611
f 528/337/612 530/340/612 537/339/612
f 535/770/613 536/771/613 538/772/613
f 538/772/614 536/771/614 539/341/614
f 538/772/615 539/341/615 540/342/615
f 540/342/616 539/341/616 530/340/616
f 529/338/617 540/342/617 530/340/617
f 541/332/618 540/342/618 529/338/618
f 541/332/619 542/344/619 540/342/619
f 541/332/620 543/343/620 542/344/620
f 544/773/621 543/343/621 541/332/621
f 544/773/622 545/774/622 543/343/622
f 544/773/623 538/772/623 545/774/623
f 544/773/624 535/770/624 538/772/624
f 546/775/625 535/770/625 544/773/625
f 546/775/626 544/773/626 547/776/626
f 547/776/627 544/773/627 548/777/627
f 548/777/628 544/773/628 541/332/628
f 548/777/629 541/332/629 549/778/629
f 549/778/630 541/332/630 532/334/630
f 532/334/631 541/332/631 529/338/631
f 533/766/632 549/778/632 532/334/632
f 534/335/633 546/767/633 547/779/633
f 545/774/634 538/772/634 550/780/634
f 550/780/635 538/772/635 540/342/635
f 550/780/636 540/342/636 542/344/636
f 550/780/637 542/344/637 543/343/637
f 545/774/638 550/780/638 543/343/638
f 578/199/639 569/202/639 567/200/639
f 569/202/640 568/201/640 567/200/640
f 568/195/641 569/194/641 570/193/641
f 570/193/642 569/194/642 571/192/642
f 572/189/643 570/193/643 571/192/643
f 574/196/644 570/193/644 572/189/644
f 574/196/645 568/195/645 570/193/645
f 572/189/646 573/198/646 574/197/646
f 575/190/647 573/198/647 572/189/647
f 573/196/648 575/189/648 576/193/648
f 575/189/649 577/192/649 576/193/649
f 577/188/650 575/190/650 571/191/650
f 571/191/651 575/190/651 572/189/651
f 576/193/652 577/192/652 578/194/652
f 567/195/653 576/193/653 578/194/653
f 573/196/654 576/193/654 567/195/654
f 579/169/655 580/156/655 581/155/655
f 582/157/656 580/158/656 579/159/656
f 580/162/657 582/163/657 581/160/657
f 582/163/658 583/161/658 581/160/658
f 584/178/659 583/166/659 582/165/659
f 586/179/660 583/157/660 584/168/660
f 588/167/661 583/157/661 586/179/661
f 588/167/662 585/159/662 583/157/662
f 579/169/663 585/154/663 588/171/663
f 579/169/664 581/155/664 585/154/664
f 583/157/665 585/159/665 581/158/665
f 579/169/666 588/171/666 587/170/666
f 586/175/667 587/174/667 588/173/667
f 589/172/668 587/174/668 586/175/668
f 587/167/669 589/179/669 582/157/669
f 589/179/670 590/168/670 582/157/670
f 590/164/671 589/177/671 586/176/671
f 590/164/671 586/176/671 584/178/671
f 590/164/672 584/178/672 582/165/672
f 587/167/673 582/157/673 579/159/673
f 591/781/674 592/782/674 174/783/674
f 592/784/675 175/785/675 174/786/675
f 593/672/676 594/673/676 595/671/676
f 593/672/677 596/670/677 594/673/677
f 593/672/678 597/674/678 596/670/678
f 597/674/679 598/669/679 596/670/679
f 597/674/680 599/675/680 598/669/680
f 599/675/681 600/670/681 598/669/681
f 599/675/682 595/671/682 600/670/682
f 595/671/683 594/673/683 600/670/683
f 601/716/684 608/715/684 602/710/684
f 601/716/685 603/709/685 608/715/685
f 603/709/686 601/716/686 604/710/686
f 604/710/687 605/708/687 603/709/687
f 604/710/688 606/714/688 605/708/688
f 606/714/689 607/709/689 605/708/689
f 606/714/690 602/710/690 607/709/690
f 602/710/691 608/715/691 607/709/691
f 608/787/692 605/788/692 607/789/692
f 608/790/693 603/791/693 605/792/693
f 609/757/694 610/754/694 611/756/694
f 610/758/695 612/752/695 611/751/695
f 610/758/696 201/753/696 612/752/696
f 609/757/697 611/756/697 200/755/697
f 204/760/698 609/757/698 200/755/698
f 204/760/699 200/755/699 613/759/699
f 614/762/700 204/760/700 613/759/700
f 614/762/701 613/759/701 615/761/701
f 206/765/702 614/762/702 615/761/702
f 206/765/703 615/761/703 616/764/703
f 617/763/704 206/765/704 616/764/704
f 621/348/705 619/347/705 196/793/705
f 621/348/706 618/345/706 619/347/706
f 619/216/707 618/215/707 625/212/707
f 618/215/708 620/209/708 625/212/708
f 618/794/709 193/795/709 620/796/709
f 618/794/710 621/346/710 193/795/710
f 622/347/711 620/793/711 193/348/711
f 620/209/712 622/217/712 199/211/712
f 625/212/713 620/209/713 199/211/713
f 625/212/714 199/211/714 623/210/714
f 625/212/715 623/210/715 624/213/715
f 625/348/716 624/793/716 195/347/716
f 625/348/717 195/347/717 194/345/717
f 619/794/718 625/796/718 194/795/718
f 619/794/719 194/795/719 196/793/719
f 622/347/720 193/348/720 197/345/720
f 217/259/721 650/257/721 651/258/721
f 217/259/722 215/266/722 650/257/722
f 652/797/723 653/798/723 159/799/723
f 652/797/723 154/800/723 653/798/723
f 652/797/724 654/801/724 154/800/724
f 652/797/724 152/802/724 654/801/724
f 152/802/725 652/797/725 161/803/725
f 652/797/724 159/799/724 158/804/724
f 663/745/726 655/742/726 658/744/726
f 655/737/727 657/734/727 658/736/727
f 659/735/728 657/734/728 655/737/728
f 659/735/729 672/730/729 657/734/729
f 659/735/730 661/731/730 672/730/730
f 656/740/731 665/805/731 662/738/731
f 663/806/732 665/807/732 656/808/732
f 663/806/733 664/809/733 665/807/733
f 663/745/734 658/744/734 664/743/734
f 658/810/735 665/811/735 664/812/735
f 669/722/736 667/741/736 668/732/736
f 660/733/736 667/741/736 669/722/736
f 660/733/737 666/739/737 667/741/737
f 662/738/738 666/739/738 660/733/738
f 662/738/739 665/805/739 666/739/739
f 669/722/740 668/732/740 670/720/740
f 670/720/741 668/732/741 671/721/741
f 670/720/740 671/721/740 674/723/740
f 675/727/742 676/729/742 673/728/742
f 661/731/743 675/727/743 673/728/743
f 661/731/744 673/728/744 672/730/744
f 691/813/745 677/814/745 692/815/745
f 678/816/746 677/817/746 691/818/746
f 677/819/747 678/820/747 679/821/747
f 678/822/748 680/823/748 679/824/748
f 683/825/749 680/823/749 678/822/749
f 683/825/750 681/826/750 680/823/750
f 682/827/751 681/828/751 683/829/751
f 682/827/752 684/830/752 681/828/752
f 682/827/753 710/831/753 684/830/753
f 682/827/753 685/832/753 710/831/753
f 685/833/754 682/834/754 683/835/754
f 678/820/755 685/833/755 683/835/755
f 678/820/756 687/836/756 685/833/756
f 686/837/757 687/836/757 678/820/757
f 687/838/758 686/839/758 688/840/758
f 686/841/759 689/842/759 688/843/759
f 686/844/760 713/845/760 689/846/760
f 713/847/761 686/837/761 678/820/761
f 690/848/762 713/847/762 678/820/762
f 713/849/763 690/850/763 716/851/763
f 716/852/764 690/848/764 691/853/764
f 691/853/765 690/848/765 678/820/765
f 716/852/764 691/853/764 692/854/764
f 692/854/766 702/855/766 716/852/766
f 692/854/767 677/819/767 702/855/767
f 693/856/768 702/855/768 677/819/768
f 702/857/769 693/858/769 701/859/769
f 693/840/770 699/838/770 701/839/770
f 697/860/770 699/838/770 693/840/770
f 697/860/771 700/861/771 699/838/771
f 696/862/771 700/861/771 697/860/771
f 695/863/772 700/861/772 696/862/772
f 695/863/773 694/864/773 700/861/773
f 695/825/774 698/865/774 694/826/774
f 695/825/775 679/824/775 698/865/775
f 679/821/776 695/866/776 696/867/776
f 697/868/777 679/821/777 696/867/777
f 697/868/778 677/819/778 679/821/778
f 693/856/779 677/819/779 697/868/779
f 680/823/748 698/865/748 679/824/748
f 707/819/780 698/821/780 680/820/780
f 699/868/781 698/821/781 707/819/781
f 699/868/782 694/866/782 698/821/782
f 699/868/783 700/867/783 694/866/783
f 703/855/784 699/868/784 707/819/784
f 701/856/785 699/868/785 703/855/785
f 702/869/786 701/870/786 703/871/786
f 702/872/787 703/873/787 704/874/787
f 704/875/788 703/876/788 705/877/788
f 705/624/789 703/623/789 689/625/789
f 689/878/790 703/879/790 712/880/790
f 712/881/791 703/882/791 706/883/791
f 707/819/792 706/852/792 703/855/792
f 707/819/793 709/854/793 706/852/793
f 680/884/794 709/885/794 707/886/794
f 680/887/795 708/888/795 709/889/795
f 680/820/796 689/847/796 708/853/796
f 689/847/797 680/820/797 711/836/797
f 680/820/798 710/833/798 711/836/798
f 680/820/799 684/834/799 710/833/799
f 680/820/800 681/835/800 684/834/800
f 685/832/801 711/860/801 710/831/801
f 685/832/802 687/838/802 711/860/802
f 687/838/758 688/840/758 711/860/758
f 689/847/803 711/836/803 688/837/803
f 689/847/804 712/848/804 708/853/804
f 712/848/805 709/854/805 708/853/805
f 706/852/805 709/854/805 712/848/805
f 705/624/789 689/625/789 714/622/789
f 713/890/806 714/891/806 689/892/806
f 713/893/806 715/894/806 714/895/806
f 715/622/807 713/625/807 702/623/807
f 713/896/808 716/897/808 702/898/808
f 704/624/809 715/622/809 702/623/809
f 717/186/810 720/184/810 718/187/810
f 720/184/811 719/185/811 718/187/811
f 719/180/812 720/182/812 722/183/812
f 719/180/813 722/183/813 721/181/813
f 722/184/814 723/187/814 721/185/814
f 722/184/815 724/186/815 723/187/815
f 718/181/816 723/180/816 724/182/816
f 718/899/817 721/900/817 723/901/817
f 718/902/818 719/903/818 721/904/818
f 718/181/819 724/182/819 717/183/819
f 726/278/820 725/279/820 731/280/820
f 727/281/821 725/288/821 726/282/821
f 727/281/822 730/283/822 725/288/822
f 727/278/823 728/287/823 730/279/823
f 728/905/824 727/906/824 729/907/824
f 729/908/825 727/909/825 726/910/825
f 726/278/820 731/280/820 729/287/820
f 729/282/826 731/288/826 732/283/826
f 732/911/827 731/912/827 730/913/827
f 731/914/828 725/915/828 730/916/828
f 728/287/829 732/280/829 730/279/829
f 728/281/830 729/282/830 732/283/830
f 732/917/831 730/918/831 235/919/831
f 732/920/832 235/921/832 232/922/832
f 733/343/833 734/774/833 735/332/833
f 734/774/834 733/343/834 736/344/834
f 734/774/835 736/344/835 737/780/835
f 737/780/836 736/344/836 738/772/836
f 738/772/837 736/344/837 251/342/837
f 738/772/838 251/342/838 739/341/838
f 738/772/839 739/341/839 740/771/839
f 746/770/840 738/772/840 740/771/840
f 744/775/841 738/772/841 746/770/841
f 744/775/842 741/773/842 738/772/842
f 744/775/843 742/777/843 741/773/843
f 744/775/844 743/776/844 742/777/844
f 743/923/845 744/924/845 248/925/845
f 248/925/846 744/924/846 745/926/846
f 744/924/847 746/927/847 745/926/847
f 745/926/848 746/927/848 747/928/848
f 746/927/849 740/929/849 747/928/849
f 748/930/850 743/923/850 248/925/850
f 742/777/851 246/333/851 741/773/851
f 741/773/852 246/333/852 735/332/852
f 734/774/853 741/773/853 735/332/853
f 741/773/854 734/774/854 737/780/854
f 741/773/855 737/780/855 738/772/855
f 765/568/856 766/569/856 767/570/856
f 765/568/857 768/571/857 766/569/857
f 765/568/858 769/574/858 768/571/858
f 769/574/859 770/573/859 768/571/859
f 769/574/860 771/571/860 770/573/860
f 772/568/861 771/571/861 769/574/861
f 771/571/862 772/568/862 773/570/862
f 771/571/863 773/570/863 774/569/863
f 774/569/864 770/573/864 771/571/864
f 774/569/865 775/572/865 770/573/865
f 770/573/866 775/572/866 768/571/866
f 775/572/867 766/569/867 768/571/867
f 779/216/868 777/209/868 780/212/868
f 779/216/869 776/215/869 777/209/869
f 776/346/870 785/796/870 777/795/870
f 776/346/871 252/794/871 785/796/871
f 252/215/872 253/216/872 785/209/872
f 253/216/873 778/212/873 785/209/873
f 779/346/874 778/796/874 253/794/874
f 778/796/875 779/346/875 780/795/875
f 781/793/876 778/348/876 780/345/876
f 778/212/877 781/213/877 787/210/877
f 781/203/878 783/214/878 787/204/878
f 781/793/879 780/345/879 783/347/879
f 780/212/880 782/210/880 783/213/880
f 780/212/881 784/211/881 782/210/881
f 777/209/882 784/211/882 780/212/882
f 777/209/883 786/217/883 784/211/883
f 785/793/884 786/345/884 777/348/884
f 785/793/885 789/347/885 786/345/885
f 785/209/886 788/211/886 789/217/886
f 785/209/887 787/210/887 788/211/887
f 785/209/888 778/212/888 787/210/888
f 787/931/889 782/932/889 788/933/889
f 787/204/890 783/214/890 782/205/890
f 782/934/891 784/935/891 788/936/891
f 789/214/892 788/205/892 784/204/892
f 789/214/893 784/204/893 786/203/893
f 790/937/894 278/938/894 791/939/894
f 278/940/895 792/941/895 791/942/895
f 278/940/896 793/943/896 792/941/896
f 793/943/897 270/944/897 792/941/897
f 792/941/898 270/944/898 268/945/898
f 792/941/899 268/945/899 794/946/899
f 280/947/900 794/948/900 268/949/900
f 280/947/901 790/937/901 794/948/901
f 790/937/902 791/939/902 794/948/902
f 791/942/903 792/941/903 794/946/903
f 795/560/904 796/563/904 802/561/904
f 802/561/905 796/563/905 797/562/905
f 796/560/906 798/562/906 797/561/906
f 799/563/907 798/562/907 796/560/907
f 800/563/908 798/561/908 799/560/908
f 800/563/909 801/562/909 798/561/909
f 800/560/910 802/562/910 801/561/910
f 795/563/911 802/562/911 800/560/911
f 803/593/912 815/592/912 804/600/912
f 815/594/913 803/596/913 816/592/913
f 803/596/914 805/950/914 816/592/914
f 805/950/915 807/599/915 816/592/915
f 806/598/916 807/599/916 805/950/916
f 808/594/917 807/601/917 806/595/917
f 810/951/918 807/952/918 808/585/918
f 816/585/919 807/952/919 810/951/919
f 816/585/920 810/951/920 809/586/920
f 811/578/921 809/953/921 810/577/921
f 811/582/922 819/583/922 809/953/922
f 811/582/923 812/609/923 819/583/923
f 813/581/924 812/609/924 811/582/924
f 813/580/925 811/578/925 814/576/925
f 811/578/926 810/577/926 814/576/926
f 814/606/927 810/951/927 818/589/927
f 818/589/928 810/951/928 808/585/928
f 815/591/929 818/589/929 808/585/929
f 815/591/930 819/590/930 818/589/930
f 819/583/931 815/585/931 809/953/931
f 809/953/932 815/585/932 816/584/932
f 817/605/933 818/602/933 819/604/933
f 820/608/934 818/589/934 817/607/934
f 820/608/935 814/606/935 818/589/935
f 813/580/936 814/576/936 820/579/936
f 817/605/937 819/604/937 812/603/937
f 804/600/938 815/592/938 808/594/938
f 808/594/939 806/595/939 804/600/939
f 861/954/940 862/955/940 873/956/940
f 861/954/941 342/957/941 862/955/941
f 343/536/942 862/958/942 342/535/942
f 863/959/943 862/958/943 343/536/943
f 864/536/944 862/958/944 863/959/944
f 864/536/945 866/535/945 862/958/945
f 865/665/946 866/535/946 864/536/946
f 862/955/947 866/957/947 865/954/947
f 862/955/948 865/954/948 873/956/948
f 865/665/949 864/536/949 867/145/949
f 940/839/950 941/860/950 942/840/950
f 940/839/950 944/838/950 941/860/950
f 943/819/951 944/868/951 940/856/951
f 943/819/952 945/821/952 944/868/952
f 946/820/953 945/821/953 943/819/953
f 948/822/954 945/865/954 946/823/954
f 948/822/955 947/824/955 945/865/955
f 948/820/956 949/819/956 947/821/956
f 949/819/957 941/868/957 947/821/957
f 950/855/958 941/868/958 949/819/958
f 950/855/959 942/856/959 941/868/959
f 950/855/960 949/819/960 951/852/960
f 951/852/961 949/819/961 952/854/961
f 953/848/962 951/852/962 952/854/962
f 953/848/963 952/854/963 954/853/963
f 955/847/964 953/848/964 954/853/964
f 955/847/965 954/853/965 948/820/965
f 956/836/966 955/847/966 948/820/966
f 957/837/967 955/847/967 956/836/967
f 957/839/968 956/838/968 958/860/968
f 958/860/969 956/838/969 959/831/969
f 956/838/969 960/832/969 959/831/969
f 956/836/970 948/820/970 960/833/970
f 960/833/971 948/820/971 963/834/971
f 948/820/972 964/835/972 963/834/972
f 948/822/973 961/826/973 964/825/973
f 946/823/974 961/826/974 948/822/974
f 959/833/975 961/835/975 946/820/975
f 959/833/976 962/834/976 961/835/976
f 959/831/977 960/832/977 962/830/977
f 960/832/978 963/827/978 962/830/978
f 963/827/979 964/829/979 962/830/979
f 964/829/980 961/828/980 962/830/980
f 958/836/981 959/833/981 946/820/981
f 965/837/982 958/836/982 946/820/982
f 965/840/968 957/839/968 958/860/968
f 965/837/983 946/820/983 966/847/983
f 967/848/984 966/847/984 946/820/984
f 967/848/985 946/820/985 968/853/985
f 967/848/986 968/853/986 969/852/986
f 968/853/987 970/854/987 969/852/987
f 969/852/988 970/854/988 971/855/988
f 971/855/989 970/854/989 943/819/989
f 971/855/990 943/819/990 940/856/990
f 947/821/991 941/868/991 972/866/991
f 941/868/992 973/867/992 972/866/992
f 944/838/993 973/862/993 941/860/993
f 944/838/993 974/861/993 973/862/993
f 945/821/994 974/867/994 944/868/994
f 945/821/995 975/866/995 974/867/995
f 945/865/996 947/824/996 975/826/996
f 947/824/996 972/825/996 975/826/996
f 973/862/997 975/864/997 972/863/997
f 973/862/997 974/861/997 975/864/997
s 1
f 131/960/998 147/961/999 436/663/1000
f 131/960/998 132/962/1001 147/961/999
f 132/962/1001 131/960/998 438/963/1002
f 133/964/1003 140/664/1004 436/663/1000
f 436/663/1000 147/961/999 133/964/1003
f 439/662/1005 140/664/1006 443/965/1007
f 443/965/1007 140/664/1006 136/966/1008
f 443/965/1007 136/966/1008 442/967/1009
f 442/967/1009 136/966/1008 135/968/1010
f 134/969/1011 442/970/1009 135/971/1010
f 442/970/1009 134/969/1011 438/963/1002
f 132/962/1001 438/963/1002 134/969/1011
f 149/802/1012 150/797/1013 153/801/1014
f 149/802/1012 151/803/1015 150/797/1013
f 149/972/1012 152/973/1016 151/974/1015
f 654/975/1017 152/973/1016 149/972/1012
f 153/976/1014 654/975/1017 149/972/1012
f 154/977/1018 654/975/1017 153/976/1014
f 154/977/1018 153/976/1014 155/978/1019
f 153/801/1014 150/797/1013 155/800/1019
f 150/797/1013 160/798/1020 155/800/1019
f 150/797/1013 156/799/1021 160/798/1020
f 150/797/1013 157/804/1022 156/799/1021
f 652/973/1023 157/976/1022 150/972/1013
f 158/975/1024 157/976/1022 652/973/1023
f 156/978/1021 157/976/1022 158/975/1024
f 156/978/1021 158/975/1024 159/977/1025
f 160/979/1020 156/978/1021 159/977/1025
f 160/979/1020 159/977/1025 653/980/1026
f 653/980/1026 155/978/1019 160/979/1020
f 154/977/1018 155/978/1019 653/980/1026
f 161/981/1027 652/973/1023 150/972/1013
f 161/981/1027 150/972/1013 151/974/1015
f 152/973/1016 161/981/1027 151/974/1015
f 424/803/1028 420/799/1029 428/804/1030
f 424/803/1028 431/798/1031 420/799/1029
f 424/803/1028 421/800/1032 431/798/1031
f 424/803/1028 422/801/1033 421/800/1032
f 424/803/1028 423/802/1034 422/801/1033
f 422/976/1033 423/972/1034 433/973/1035
f 423/972/1034 435/981/1036 433/973/1035
f 423/972/1034 424/974/1028 435/981/1036
f 424/974/1028 425/973/1037 435/981/1036
f 426/972/1038 425/973/1037 424/974/1028
f 426/972/1038 427/975/1039 425/973/1037
f 426/972/1038 428/976/1030 427/975/1039
f 424/803/1028 428/804/1030 426/797/1038
f 429/977/1040 427/975/1039 428/976/1030
f 425/982/1037 427/983/1039 429/984/1040
f 425/982/1037 429/984/1040 430/985/1041
f 430/980/1041 429/977/1040 420/978/1029
f 420/978/1029 429/977/1040 428/976/1030
f 431/979/1031 430/980/1041 420/978/1029
f 431/979/1031 432/977/1042 430/980/1041
f 431/979/1031 421/978/1032 432/977/1042
f 421/978/1032 434/975/1043 432/977/1042
f 422/976/1033 434/975/1043 421/978/1032
f 422/976/1033 433/973/1035 434/975/1043
f 433/986/1035 425/982/1037 434/987/1043
f 433/986/1035 435/988/1036 425/982/1037
f 434/987/1043 425/982/1037 432/989/1042
f 425/982/1037 430/985/1041 432/989/1042
f 456/990/1044 474/991/1045 457/992/1046
f 457/992/1046 474/991/1045 458/993/1047
f 459/994/1048 453/995/1049 460/996/1050
f 453/995/1049 461/997/1051 460/996/1050
f 457/992/1046 458/993/1047 462/990/1052
f 462/990/1052 458/993/1047 463/991/1053
f 464/995/1054 465/998/1055 466/994/1056
f 464/995/1054 467/999/1057 465/998/1055
f 468/1000/1058 465/998/1055 467/999/1057
f 468/1000/1058 467/999/1057 469/1001/1059
f 463/991/1053 468/1000/1058 469/1001/1059
f 463/991/1053 469/1001/1059 462/990/1052
f 461/997/1051 464/995/1054 466/994/1056
f 461/997/1051 466/994/1056 460/996/1050
f 487/726/1060 489/724/1061 488/1002/1062
f 491/1002/1063 484/726/1064 490/1003/1065
f 489/724/1061 484/726/1064 491/1002/1063
f 484/726/1064 485/1004/1066 490/1003/1065
f 490/1003/1065 485/1004/1066 496/1005/1067
f 485/1004/1066 493/1006/1068 496/1005/1067
f 487/726/1060 488/1002/1062 492/1004/1069
f 492/1004/1069 488/1002/1062 494/1003/1070
f 492/1004/1069 494/1003/1070 501/1006/1071
f 501/1006/1071 494/1003/1070 495/1005/1072
f 498/1007/1073 499/1008/1074 496/1005/1067
f 498/1007/1073 505/1009/1075 499/1008/1074
f 493/1006/1068 498/1007/1073 496/1005/1067
f 495/1005/1072 500/1007/1076 501/1006/1071
f 495/1005/1072 497/1008/1077 500/1007/1076
f 500/1007/1076 497/1008/1077 502/1010/1078
f 502/1011/1078 497/1012/1077 503/1013/1079
f 505/1009/1075 504/1014/1080 499/1008/1074
f 555/803/1081 551/799/1082 557/804/1083
f 555/803/1081 552/798/1084 551/799/1082
f 555/803/1081 562/800/1085 552/798/1084
f 555/803/1081 553/801/1086 562/800/1085
f 555/803/1081 554/802/1087 553/801/1086
f 553/976/1086 554/972/1087 563/973/1088
f 554/972/1087 565/981/1089 563/973/1088
f 554/972/1087 555/974/1081 565/981/1089
f 555/974/1081 566/973/1090 565/981/1089
f 558/972/1091 566/973/1090 555/974/1081
f 558/972/1091 556/975/1092 566/973/1090
f 558/972/1091 557/976/1083 556/975/1092
f 555/803/1081 557/804/1083 558/797/1091
f 559/977/1093 556/975/1092 557/976/1083
f 556/804/1092 559/799/1093 560/798/1094
f 560/980/1094 559/977/1093 551/978/1082
f 551/978/1082 559/977/1093 557/976/1083
f 552/979/1084 560/980/1094 551/978/1082
f 552/979/1084 561/977/1095 560/980/1094
f 552/979/1084 562/978/1085 561/977/1095
f 562/978/1085 564/975/1096 561/977/1095
f 553/976/1086 564/975/1096 562/978/1085
f 553/976/1086 563/973/1088 564/975/1096
f 563/802/1088 556/804/1092 564/801/1096
f 563/802/1088 565/803/1089 556/804/1092
f 565/803/1089 566/797/1090 556/804/1092
f 564/801/1096 556/804/1092 561/800/1095
f 561/800/1095 556/804/1092 560/798/1094
f 626/692/1097 632/694/1098 630/693/1099
f 626/692/1097 628/691/1100 632/694/1098
f 628/691/1100 627/690/1101 632/694/1098
f 627/996/1101 628/994/1100 629/995/1102
f 628/994/1100 643/999/1103 629/995/1102
f 628/994/1100 626/998/1097 643/999/1103
f 626/998/1097 644/1001/1104 643/999/1103
f 626/998/1097 630/1000/1099 644/1001/1104
f 630/1000/1099 631/990/1105 644/1001/1104
f 630/1000/1099 632/991/1098 631/990/1105
f 633/992/1106 631/990/1105 632/991/1098
f 631/694/1105 633/689/1106 634/688/1107
f 634/990/1107 633/992/1106 635/993/1108
f 635/993/1108 633/992/1106 632/991/1098
f 632/694/1098 641/688/1109 635/689/1108
f 636/687/1110 641/688/1109 632/694/1098
f 636/681/1110 639/680/1111 641/686/1109
f 636/681/1110 637/679/1112 639/680/1111
f 637/697/1112 636/696/1110 638/698/1113
f 638/698/1113 636/696/1110 617/695/1114
f 637/1015/1112 638/1016/1113 640/1017/1115
f 637/1018/1112 640/1019/1115 639/1020/1111
f 639/697/1111 640/698/1115 641/696/1109
f 640/698/1115 616/695/1116 641/696/1109
f 627/690/1101 636/687/1110 632/694/1098
f 627/996/1101 642/997/1117 636/994/1110
f 627/996/1101 629/995/1102 642/997/1117
f 629/691/1102 634/688/1107 642/690/1117
f 629/691/1102 643/692/1103 634/688/1107
f 643/692/1103 644/693/1104 634/688/1107
f 644/693/1104 631/694/1105 634/688/1107
f 642/690/1117 634/688/1107 649/687/1118
f 649/681/1118 634/686/1107 647/679/1119
f 634/686/1107 648/680/1120 647/679/1119
f 648/676/1120 634/677/1107 208/685/1121
f 646/678/1122 648/676/1120 208/685/1121
f 645/1021/1123 648/1022/1120 646/1023/1122
f 645/1024/1123 647/1025/1119 648/1026/1120
f 645/678/1123 207/685/1124 647/676/1119
f 647/676/1119 207/685/1124 649/677/1118
f 636/994/1110 642/997/1117 649/995/1118
f 641/991/1109 634/990/1107 635/993/1108
f 655/1008/1125 663/1014/1126 656/1009/1127
f 659/1005/1128 660/1006/1129 661/1003/1130
f 659/1005/1128 662/1007/1131 660/1006/1129
f 659/1005/1128 655/1008/1125 662/1007/1131
f 662/1007/1131 655/1008/1125 656/1009/1127
f 658/1008/1132 666/1007/1133 665/1027/1134
f 658/1008/1132 657/1005/1135 666/1007/1133
f 657/1005/1135 667/1006/1136 666/1007/1133
f 668/1004/1137 667/1006/1136 657/1005/1135
f 661/1003/1130 660/1006/1129 669/1004/1138
f 661/1003/1130 669/1004/1138 675/1002/1139
f 675/1002/1139 669/1004/1138 670/726/1140
f 671/726/1141 668/1004/1137 672/1003/1142
f 672/1003/1142 668/1004/1137 657/1005/1135
f 673/1002/1143 671/726/1141 672/1003/1142
f 674/725/1144 671/726/1141 673/1002/1143
f 675/1002/1139 670/726/1140 674/725/1144
f 675/1002/1139 674/725/1144 676/724/1145
f 676/724/1145 674/725/1144 673/1002/1143
f 750/986/1146 749/987/1147 751/988/1148
f 749/975/1147 750/973/1146 756/972/1149
f 756/972/1149 750/973/1146 758/974/1150
f 750/973/1146 751/981/1148 758/974/1150
f 751/981/1148 752/972/1151 758/974/1150
f 751/981/1148 753/973/1152 752/972/1151
f 751/988/1148 762/983/1153 753/982/1152
f 751/988/1148 754/984/1154 762/983/1153
f 751/988/1148 763/985/1155 754/984/1154
f 751/988/1148 755/989/1156 763/985/1155
f 751/988/1148 749/987/1147 755/989/1156
f 755/977/1156 749/975/1147 757/976/1157
f 757/976/1157 749/975/1147 756/972/1149
f 756/802/1149 752/797/1151 757/801/1157
f 756/802/1149 758/803/1150 752/797/1151
f 757/801/1157 752/797/1151 764/800/1158
f 752/797/1151 759/798/1159 764/800/1158
f 752/797/1151 760/799/1160 759/798/1159
f 752/797/1151 761/804/1161 760/799/1160
f 753/973/1152 761/976/1161 752/972/1151
f 762/975/1153 761/976/1161 753/973/1152
f 760/978/1160 761/976/1161 762/975/1153
f 760/978/1160 762/975/1153 754/977/1154
f 759/979/1159 760/978/1160 754/977/1154
f 759/979/1159 754/977/1154 763/980/1155
f 763/980/1155 764/978/1158 759/979/1159
f 755/977/1156 764/978/1158 763/980/1155
f 755/977/1156 757/976/1157 764/978/1158
f 826/1028/1162 821/1029/1163 828/1030/1164
f 822/1031/1165 821/1029/1163 826/1032/1162
f 822/1031/1165 823/1033/1166 821/1029/1163
f 822/1031/1165 824/1034/1167 823/1033/1166
f 824/1034/1167 822/1031/1165 825/1035/1168
f 825/1035/1168 822/1031/1165 311/1036/1169
f 311/1036/1169 822/1031/1165 826/1032/1162
f 826/1037/1162 310/504/1170 311/1038/1169
f 826/1037/1162 827/1039/1171 310/504/1170
f 828/1040/1164 827/1039/1171 826/1037/1162
f 828/1040/1164 829/1041/1172 827/1039/1171
f 828/1040/1164 830/1042/1173 829/1041/1172
f 828/1030/1164 831/1043/1174 830/1044/1173
f 828/1030/1164 832/1045/1175 831/1043/1174
f 821/1029/1163 832/1045/1175 828/1030/1164
f 832/1045/1175 821/1029/1163 833/1046/1176
f 821/1029/1163 823/1033/1166 833/1046/1176
f 823/1033/1166 834/1047/1177 833/1046/1176
f 823/1033/1166 824/1034/1167 834/1047/1177
f 824/1034/1167 835/1048/1178 834/1047/1177
f 835/1048/1178 824/1034/1167 836/1049/1179
f 824/1034/1167 319/1050/1180 836/1049/1179
f 824/1034/1167 825/1035/1168 319/1050/1180
f 825/1035/1168 837/1051/1181 319/1050/1180
f 837/1051/1181 825/1035/1168 311/1036/1169
f 835/1048/1178 836/1049/1179 838/1034/1182
f 838/1034/1182 836/1049/1179 839/1052/1183
f 838/1034/1182 839/1052/1183 840/1051/1184
f 840/1051/1184 841/1035/1185 838/1034/1182
f 840/1051/1184 842/1036/1186 841/1035/1185
f 841/1035/1185 842/1036/1186 854/1031/1187
f 842/1036/1186 843/1032/1188 854/1031/1187
f 827/1039/1171 843/1037/1188 842/1038/1186
f 827/1039/1171 856/1040/1189 843/1037/1188
f 829/1041/1172 856/1040/1189 827/1039/1171
f 844/1053/1190 856/1040/1189 829/1041/1172
f 844/1053/1190 857/1042/1191 856/1040/1189
f 844/1053/1190 858/1054/1192 857/1042/1191
f 287/1055/1193 858/1054/1192 844/1053/1190
f 288/1054/1194 287/1055/1193 844/1053/1190
f 830/1042/1173 288/1054/1194 844/1053/1190
f 830/1044/1173 831/1043/1174 288/1056/1194
f 831/1043/1174 845/1057/1195 288/1056/1194
f 831/1043/1174 846/1058/1196 845/1057/1195
f 847/1059/1197 846/1058/1196 831/1043/1174
f 847/1059/1197 848/1043/1198 846/1058/1196
f 847/1059/1197 849/1045/1199 848/1043/1198
f 847/1059/1197 850/1060/1200 849/1045/1199
f 832/1045/1175 850/1060/1200 847/1059/1197
f 832/1045/1175 851/1061/1201 850/1060/1200
f 832/1045/1175 833/1046/1176 851/1061/1201
f 833/1046/1176 834/1047/1177 851/1061/1201
f 834/1047/1177 852/1046/1202 851/1061/1201
f 834/1047/1177 853/1062/1203 852/1046/1202
f 834/1047/1177 838/1034/1182 853/1033/1203
f 835/1048/1178 838/1034/1182 834/1047/1177
f 838/1034/1182 841/1035/1185 853/1033/1203
f 853/1033/1203 841/1035/1185 854/1031/1187
f 853/1062/1203 854/1063/1187 852/1046/1202
f 854/1063/1187 855/1029/1204 852/1046/1202
f 854/1031/1187 843/1032/1188 855/1029/1204
f 843/1028/1188 856/1030/1189 855/1029/1204
f 855/1029/1204 856/1030/1189 849/1045/1199
f 856/1030/1189 857/1044/1191 849/1045/1199
f 849/1045/1199 857/1044/1191 848/1043/1198
f 857/1044/1191 858/1056/1192 848/1043/1198
f 848/1043/1198 858/1056/1192 859/1057/1205
f 846/1058/1196 848/1043/1198 859/1057/1205
f 855/1029/1204 849/1045/1199 852/1046/1202
f 851/1061/1201 852/1046/1202 849/1045/1199
f 851/1061/1201 849/1045/1199 850/1060/1200
f 832/1045/1175 847/1059/1197 831/1043/1174
f 830/1042/1173 844/1053/1190 829/1041/1172
f 827/1039/1171 842/1038/1186 860/504/1206
f 310/1064/1170 827/1065/1171 860/1066/1206
f 871/1067/1207 869/137/1208 870/145/1209
f 868/959/1210 869/137/1208 871/1067/1207
f 137/137/1211 868/143/1210 871/1067/1207
f 137/137/1211 871/1067/1207 440/145/1212
f 871/1067/1207 873/1068/1213 440/145/1212
f 871/1067/1207 874/665/1214 873/1068/1213
f 870/145/1209 874/665/1214 871/1067/1207
f 872/666/1215 874/665/1214 870/145/1209
f 873/1069/1213 874/1070/1214 872/1071/1215
f 873/1069/1213 872/1071/1215 875/1072/1216
f 878/138/1217 875/1073/1216 872/1074/1215
f 876/1075/1218 875/1073/1216 878/138/1217
f 876/1075/1218 441/1074/1219 875/1073/1216
f 876/1075/1218 138/138/1220 441/1074/1219
f 876/1076/1218 906/1077/1221 138/1078/1220
f 876/1076/1218 877/1079/1222 906/1077/1221
f 876/1076/1218 878/1078/1217 877/1079/1222
f 878/1078/1217 908/1080/1223 877/1079/1222
f 878/1078/1217 879/1081/1224 908/1080/1223
f 879/1081/1224 878/1078/1217 880/1082/1225
f 881/1083/1226 880/1082/1225 878/1078/1217
f 881/1083/1226 882/1084/1227 880/1082/1225
f 881/615/1226 918/614/1228 882/613/1227
f 918/618/1228 881/616/1226 883/617/1229
f 883/617/1229 881/616/1226 884/619/1230
f 884/1085/1230 881/1083/1226 143/1086/1231
f 878/138/1217 872/666/1215 870/145/1209
f 885/1087/1232 143/1086/1231 139/1083/1233
f 884/1085/1230 143/1086/1231 885/1087/1232
f 886/1088/1234 884/1085/1230 885/1087/1232
f 926/1089/1235 884/1085/1230 886/1088/1234
f 887/620/1236 884/619/1230 926/621/1235
f 883/617/1229 884/619/1230 887/620/1236
f 887/1090/1236 888/1091/1237 883/1092/1229
f 889/1093/1238 888/1091/1237 887/1090/1236
f 890/1094/1239 888/1091/1237 889/1093/1238
f 890/1094/1239 402/1095/1240 888/1091/1237
f 402/1095/1240 891/1096/1241 888/1091/1237
f 402/1095/1240 892/1097/1242 891/1096/1241
f 892/1097/1242 893/1098/1243 891/1096/1241
f 892/1097/1242 894/1099/1244 893/1098/1243
f 892/1097/1242 895/1100/1245 894/1099/1244
f 896/1101/1246 895/1100/1245 892/1097/1242
f 896/1101/1246 897/1102/1247 895/1100/1245
f 896/1101/1246 898/1103/1248 897/1102/1247
f 898/1103/1248 899/1104/1249 897/1102/1247
f 897/1102/1247 899/1104/1249 900/1105/1250
f 900/1105/1250 899/1104/1249 401/1084/1251
f 401/1084/1251 901/1082/1252 900/1105/1250
f 139/1083/1233 901/1082/1252 401/1084/1251
f 139/1083/1233 138/1078/1220 901/1082/1252
f 902/1081/1253 901/1082/1252 138/1078/1220
f 901/1082/1252 902/1081/1253 903/1106/1254
f 902/1081/1253 904/1080/1255 903/1106/1254
f 902/1081/1253 905/1079/1256 904/1080/1255
f 138/1078/1220 905/1079/1256 902/1081/1253
f 138/1078/1220 906/1077/1221 905/1079/1256
f 905/1107/1256 906/1108/1221 907/1109/1257
f 906/1108/1221 877/1107/1222 907/1109/1257
f 907/1109/1257 877/1107/1222 908/1110/1223
f 907/1109/1257 908/1110/1223 909/1111/1258
f 909/1111/1258 908/1110/1223 910/1112/1259
f 910/1112/1259 908/1080/1223 911/1106/1260
f 879/1081/1224 911/1106/1260 908/1080/1223
f 912/1105/1261 911/1106/1260 879/1081/1224
f 913/1102/1262 911/1106/1260 912/1105/1261
f 913/1102/1262 914/1113/1263 911/1106/1260
f 913/1102/1262 915/1100/1264 914/1113/1263
f 919/1103/1265 915/1100/1264 913/1102/1262
f 916/1101/1266 915/1100/1264 919/1103/1265
f 916/1101/1266 917/1099/1267 915/1100/1264
f 916/1101/1266 918/1097/1228 917/1099/1267
f 918/614/1228 916/611/1266 882/613/1227
f 916/611/1266 920/610/1268 882/613/1227
f 916/611/1266 919/612/1265 920/610/1268
f 919/1103/1265 912/1105/1261 920/1104/1268
f 919/1103/1265 913/1102/1262 912/1105/1261
f 920/1104/1268 912/1105/1261 880/1082/1225
f 880/1082/1225 912/1105/1261 879/1081/1224
f 920/1104/1268 880/1082/1225 882/1084/1227
f 918/1097/1228 893/1098/1243 917/1099/1267
f 891/1096/1241 893/1098/1243 918/1097/1228
f 883/1092/1229 891/1096/1241 918/1097/1228
f 888/1091/1237 891/1096/1241 883/1092/1229
f 893/1098/1243 921/1114/1269 917/1099/1267
f 894/1099/1244 921/1114/1269 893/1098/1243
f 894/1099/1244 922/1115/1270 921/1114/1269
f 895/1100/1245 922/1115/1270 894/1099/1244
f 895/1100/1245 923/1113/1271 922/1115/1270
f 897/1102/1247 923/1113/1271 895/1100/1245
f 897/1102/1247 900/1105/1250 923/1113/1271
f 923/1113/1271 900/1105/1250 903/1106/1254
f 901/1082/1252 903/1106/1254 900/1105/1250
f 923/1113/1271 903/1106/1254 904/1080/1255
f 923/1113/1271 904/1080/1255 924/1112/1272
f 904/1110/1255 909/1111/1258 924/1112/1272
f 904/1110/1255 907/1109/1257 909/1111/1258
f 904/1110/1255 905/1107/1256 907/1109/1257
f 924/1112/1272 909/1111/1258 922/1115/1270
f 922/1115/1270 909/1111/1258 921/1114/1269
f 909/1111/1258 925/1115/1273 921/1114/1269
f 909/1111/1258 910/1112/1259 925/1115/1273
f 914/1113/1263 925/1115/1273 910/1112/1259
f 915/1100/1264 925/1115/1273 914/1113/1263
f 915/1100/1264 917/1099/1267 925/1115/1273
f 917/1099/1267 921/1114/1269 925/1115/1273
f 914/1113/1263 910/1112/1259 911/1106/1260
f 923/1113/1271 924/1112/1272 922/1115/1270
f 890/1092/1239 889/1116/1238 403/1090/1274
f 403/1090/1274 889/1116/1238 886/1093/1234
f 889/1116/1238 926/1094/1235 886/1093/1234
f 889/1116/1238 887/1092/1236 926/1094/1235
f 886/1088/1234 885/1087/1232 403/1089/1274
f 403/1089/1274 885/1087/1232 927/1085/1275
f 885/1087/1232 139/1083/1233 927/1085/1275
f 928/964/1276 144/961/1277 929/663/1278
f 144/961/1277 938/960/1279 929/663/1278
f 930/962/1280 938/960/1279 144/961/1277
f 930/962/1280 931/969/1281 938/960/1279
f 931/969/1281 937/963/1282 938/960/1279
f 937/963/1282 931/969/1281 932/971/1283
f 937/963/1282 932/971/1283 933/970/1284
f 932/968/1283 145/966/1285 933/967/1284
f 145/966/1285 934/965/1286 933/967/1284
f 142/664/1287 934/965/1286 145/966/1285
f 935/662/1288 934/965/1286 142/664/1287
f 936/1117/1289 934/1118/1286 935/1119/1288
f 933/1120/1284 934/1118/1286 936/1117/1289
f 937/1121/1282 933/1120/1284 936/1117/1289
f 937/1121/1282 936/1117/1289 938/1122/1279
f 938/1122/1279 936/1117/1289 929/1123/1278
f 936/1117/1289 935/1119/1288 929/1123/1278
f 929/663/1278 935/662/1288 142/664/1287
f 928/964/1276 929/663/1278 142/664/1287
f 441/1071/1219 873/1069/1213 875/1072/1216
f 939/1070/1290 873/1069/1213 441/1071/1219
f 440/145/1212 873/1068/1213 939/665/1290
s 0
f 976/1124/1291 977/1125/1291 978/1126/1291
f 976/1124/1292 979/1127/1292 977/1125/1292
f 979/1127/1293 980/1128/1293 977/1125/1293
f 986/1129/1294 980/1128/1294 979/1127/1294
f 981/1130/1295 980/1128/1295 986/1129/1295
f 982/1131/1296 980/1128/1296 981/1130/1296
f 980/1128/1297 982/1131/1297 983/1132/1297
f 982/1133/1298 998/1134/1298 983/1132/1298
f 982/1133/1299 984/1135/1299 998/1134/1299
f 982/1133/1300 985/1136/1300 984/1135/1300
f 985/1137/1301 982/1131/1301 981/1130/1301
f 981/1130/1302 999/1138/1302 985/1137/1302
f 981/1139/1303 987/1140/1303 999/1141/1303
f 981/1142/1304 986/1143/1304 987/1144/1304
f 987/1144/1304 986/1143/1304 988/1145/1304
f 986/1146/1305 1002/1147/1305 988/1148/1305
f 986/1146/1306 989/1149/1306 1002/1147/1306
f 986/1129/1307 990/1150/1307 989/1151/1307
f 979/1127/1308 990/1150/1308 986/1129/1308
f 979/1152/1309 976/1153/1309 990/1154/1309
f 991/1155/1310 990/1156/1310 976/1157/1310
f 990/1158/1311 991/1159/1311 989/1160/1311
f 989/1160/1312 991/1159/1312 1003/1161/1312
f 1003/1161/1313 991/1159/1313 992/1162/1313
f 992/1162/1314 991/1159/1314 993/1163/1314
f 991/1159/1315 994/1164/1315 993/1163/1315
f 991/1159/1316 995/1165/1316 994/1164/1316
f 991/1166/1317 976/1167/1317 995/1168/1317
f 992/1162/1318 993/1163/1318 996/1169/1318
f 997/1170/1319 992/1162/1319 996/1169/1319
f 997/1170/1319 980/1128/1319 992/1162/1319
f 980/1128/1320 997/1170/1320 977/1125/1320
f 980/1128/1297 983/1132/1297 992/1162/1297
f 983/1132/1321 1000/1171/1321 992/1162/1321
f 983/1132/1322 998/1172/1322 1000/1171/1322
f 984/1173/1323 1000/1171/1323 998/1172/1323
f 999/1174/1324 1000/1171/1324 984/1173/1324
f 1000/1175/1325 999/1176/1325 987/1177/1325
f 1000/1178/1326 987/1179/1326 1001/1180/1326
f 1000/1181/1327 1001/1182/1327 1003/1183/1327
f 1001/1182/1328 1002/1184/1328 1003/1183/1328
f 1003/1185/1329 1002/1147/1329 989/1186/1329
f 1000/1171/1330 1003/1161/1330 992/1162/1330
f 985/1137/1331 999/1138/1331 984/1187/1331
f 1004/1188/1332 1011/1189/1332 1006/1190/1332
f 1004/1188/1333 1010/1191/1333 1011/1189/1333
f 1004/1188/1319 1005/1192/1319 1010/1191/1319
f 1005/1192/1334 1004/1188/1334 1007/1193/1334
f 1007/1193/1334 1004/1188/1334 1006/1194/1334
f 1005/1195/1335 1007/1196/1335 1008/1192/1335
f 1005/1195/1336 1008/1192/1336 1009/1197/1336
f 1009/1192/1337 1008/1193/1337 1010/1188/1337
f 1008/1193/1337 1011/1194/1337 1010/1188/1337
f 1005/1192/1319 1009/1197/1319 1010/1191/1319
f 1012/1198/1338 1013/1199/1338 1014/1200/1338
f 1013/1199/1339 1012/1198/1339 1015/1201/1339
f 1013/1199/1340 1015/1201/1340 1016/1202/1340
f 1015/1201/1341 1017/1198/1341 1016/1202/1341
f 1016/1202/1342 1017/1198/1342 1018/1199/1342
f 1019/1203/1343 1018/1199/1343 1017/1198/1343
f 1019/1203/1344 1017/1198/1344 1014/1200/1344
f 1013/1199/1345 1019/1203/1345 1014/1200/1345
f 1020/1204/1346 1023/1205/1346 1021/1206/1346
f 1023/1205/1347 1022/1207/1347 1021/1206/1347
f 1023/1208/1348 1024/1209/1348 1022/1210/1348
f 1024/1209/1349 1025/1211/1349 1022/1210/1349
f 1025/1212/1350 1024/1213/1350 1026/1214/1350
f 1027/1215/1351 1025/1212/1351 1026/1214/1351
f 1028/1216/1352 1025/1212/1352 1027/1215/1352
f 1028/1216/1353 1040/1217/1353 1025/1212/1353
f 1028/1216/1354 1029/1218/1354 1040/1217/1354
f 1028/1219/1355 1038/1220/1355 1029/1221/1355
f 1028/1219/1356 1030/1222/1356 1038/1220/1356
f 1030/1223/1357 1028/1224/1357 1031/1225/1357
f 1031/1225/1358 1028/1224/1358 1032/1226/1358
f 1033/1227/1359 1032/1228/1359 1028/1216/1359
f 1033/1227/1360 1028/1216/1360 1027/1215/1360
f 1034/1229/1361 1033/1227/1361 1027/1230/1361
f 1034/1229/1362 1035/1231/1362 1033/1227/1362
f 1036/1226/1363 1035/1231/1363 1034/1229/1363
f 1036/1226/1364 1034/1229/1364 1041/1224/1364
f 1041/1224/1294 1034/1229/1294 1021/1206/1294
f 1034/1229/1365 1020/1204/1365 1021/1206/1365
f 1020/1204/1363 1034/1229/1363 1037/1232/1363
f 1037/1232/1361 1034/1229/1361 1027/1230/1361
f 1037/1232/1361 1027/1230/1361 1026/1233/1361
f 1041/1224/1366 1021/1206/1366 1038/1234/1366
f 1038/1234/1367 1021/1206/1367 1039/1235/1367
f 1021/1206/1368 1040/1236/1368 1039/1235/1368
f 1021/1206/1369 1022/1237/1369 1040/1236/1369
f 1025/1238/1370 1040/1236/1370 1022/1237/1370
f 1041/1239/1371 1038/1220/1371 1030/1222/1371
f 1041/1224/1372 1030/1223/1372 1036/1226/1372
f 1036/1226/1373 1030/1223/1373 1031/1225/1373
f 1044/1240/1374 1042/1241/1374 1043/1242/1374
f 1044/1240/1375 1058/1243/1375 1042/1241/1375
f 1046/1244/1376 1058/1245/1376 1044/1246/1376
f 1044/1240/1377 1045/1247/1377 1046/1248/1377
f 1048/1249/1378 1046/1248/1378 1045/1247/1378
f 1046/1250/1379 1048/1251/1379 1047/1252/1379
f 1048/1251/1380 1049/1253/1380 1047/1252/1380
f 1048/1254/1381 1045/1255/1381 1049/1256/1381
f 1053/1257/1382 1049/1258/1382 1045/1247/1382
f 1050/1259/1383 1049/1258/1383 1053/1257/1383
f 1050/1259/1384 1085/1260/1384 1049/1258/1384
f 1085/1261/1385 1050/1262/1385 1051/1263/1385
f 1050/1262/1386 1052/1264/1386 1051/1263/1386
f 1050/1259/1387 1054/1265/1387 1052/1266/1387
f 1050/1259/1388 1053/1257/1388 1054/1265/1388
f 1053/1267/1389 1055/1268/1389 1054/1269/1389
f 1053/1257/1390 1045/1247/1390 1055/1270/1390
f 1055/1270/1391 1045/1247/1391 1056/1271/1391
f 1045/1247/1392 1044/1240/1392 1056/1271/1392
f 1056/1271/1393 1044/1240/1393 1057/1272/1393
f 1044/1246/1394 1065/1273/1394 1057/1274/1394
f 1044/1240/1395 1067/1275/1395 1065/1276/1395
f 1044/1240/1396 1043/1242/1396 1067/1275/1396
f 1042/1277/1397 1067/1278/1397 1043/1279/1397
f 1042/1277/1397 1059/1280/1397 1067/1278/1397
f 1042/1281/1398 1058/1282/1398 1059/1241/1398
f 1058/1282/1398 1060/1243/1398 1059/1241/1398
f 1060/1243/1399 1068/1242/1399 1059/1241/1399
f 1060/1243/1400 1069/1240/1400 1068/1242/1400
f 1060/1283/1401 1047/1284/1401 1069/1285/1401
f 1087/1247/1402 1069/1240/1402 1047/1248/1402
f 1061/1270/1403 1069/1240/1403 1087/1247/1403
f 1061/1270/1404 1062/1271/1404 1069/1240/1404
f 1063/1286/1405 1062/1271/1405 1061/1270/1405
f 1064/1287/1406 1062/1271/1406 1063/1286/1406
f 1056/1288/1407 1062/1289/1407 1064/1290/1407
f 1056/1291/1408 1065/1292/1408 1062/1293/1408
f 1057/1272/1409 1065/1276/1409 1056/1271/1409
f 1065/1294/1408 1070/1295/1408 1062/1296/1408
f 1065/1297/1410 1066/1275/1410 1070/1276/1410
f 1067/1298/1410 1066/1275/1410 1065/1297/1410
f 1068/1299/1397 1066/1300/1397 1067/1278/1397
f 1070/1276/1411 1066/1275/1411 1068/1242/1411
f 1070/1276/1412 1068/1242/1412 1069/1240/1412
f 1069/1301/1413 1071/1302/1413 1070/1303/1413
f 1062/1271/1414 1071/1272/1414 1069/1240/1414
f 1070/1276/1415 1071/1272/1415 1062/1271/1415
f 1059/1280/1397 1068/1299/1397 1067/1278/1397
f 1056/1288/1416 1064/1290/1416 1072/1304/1416
f 1072/1287/1417 1064/1305/1417 1073/1306/1417
f 1064/1287/1418 1074/1307/1418 1073/1308/1418
f 1064/1287/1419 1105/1309/1419 1074/1307/1419
f 1064/1287/1420 1106/1310/1420 1105/1309/1420
f 1075/1311/1421 1106/1310/1421 1064/1287/1421
f 1075/1311/1422 1076/1312/1422 1106/1310/1422
f 1077/1311/1423 1076/1313/1423 1075/1314/1423
f 1077/1311/1423 1078/1312/1423 1076/1313/1423
f 1077/1311/1424 1104/1310/1424 1078/1312/1424
f 1077/1311/1425 1072/1287/1425 1104/1310/1425
f 1079/1286/1426 1072/1287/1426 1077/1311/1426
f 1056/1271/1427 1072/1287/1427 1079/1286/1427
f 1055/1270/1428 1056/1271/1428 1079/1286/1428
f 1055/1268/1429 1079/1315/1429 1054/1269/1429
f 1054/1269/1430 1079/1315/1430 1081/1316/1430
f 1081/1316/1430 1079/1315/1430 1063/1317/1430
f 1079/1318/1431 1075/1319/1431 1063/1320/1431
f 1077/1321/1432 1075/1319/1432 1079/1318/1432
f 1063/1286/1433 1075/1311/1433 1064/1287/1433
f 1081/1316/1434 1063/1317/1434 1061/1322/1434
f 1080/1323/1435 1081/1316/1435 1061/1322/1435
f 1082/1266/1436 1081/1265/1436 1080/1257/1436
f 1052/1266/1437 1081/1324/1437 1082/1325/1437
f 1054/1265/1438 1081/1324/1438 1052/1266/1438
f 1051/1263/1439 1052/1264/1439 1082/1326/1439
f 1051/1263/1440 1082/1326/1440 1083/1327/1440
f 1082/1266/1441 1080/1257/1441 1083/1259/1441
f 1084/1260/1442 1083/1259/1442 1080/1257/1442
f 1084/1328/1443 1051/1263/1443 1083/1327/1443
f 1085/1261/1444 1051/1263/1444 1084/1328/1444
f 1085/1329/1445 1084/1260/1445 1086/1258/1445
f 1084/1260/1446 1080/1257/1446 1086/1258/1446
f 1080/1257/1447 1087/1247/1447 1086/1258/1447
f 1080/1257/1448 1061/1270/1448 1087/1247/1448
f 1086/1330/1449 1087/1331/1449 1088/1332/1449
f 1088/1249/1450 1087/1247/1450 1047/1248/1450
f 1086/1333/1451 1088/1334/1451 1047/1252/1451
f 1049/1253/1452 1086/1333/1452 1047/1252/1452
f 1049/1335/1445 1085/1329/1445 1086/1258/1445
f 1072/1287/1453 1089/1309/1453 1104/1310/1453
f 1072/1287/1454 1090/1307/1454 1089/1309/1454
f 1072/1287/1455 1091/1308/1455 1090/1307/1455
f 1091/1308/1417 1072/1287/1417 1073/1306/1417
f 1091/1308/1456 1073/1336/1456 1092/1337/1456
f 1074/1307/1457 1092/1338/1457 1073/1308/1457
f 1090/1339/1458 1092/1338/1458 1074/1307/1458
f 1093/1340/1458 1092/1338/1458 1090/1339/1458
f 1091/1308/1459 1092/1337/1459 1093/1338/1459
f 1090/1307/1460 1091/1308/1460 1093/1338/1460
f 1090/1341/1461 1074/1342/1461 1094/1343/1461
f 1105/1309/1462 1094/1343/1462 1074/1307/1462
f 1100/1344/1463 1094/1343/1463 1105/1309/1463
f 1095/1345/1464 1094/1343/1464 1100/1344/1464
f 1096/1346/1465 1094/1343/1465 1095/1345/1465
f 1097/1347/1465 1094/1343/1465 1096/1346/1465
f 1090/1341/1466 1094/1343/1466 1097/1348/1466
f 1098/1344/1467 1090/1307/1467 1097/1343/1467
f 1098/1344/1468 1089/1309/1468 1090/1307/1468
f 1089/1349/1469 1098/1350/1469 1100/1344/1469
f 1098/1344/1470 1099/1351/1470 1100/1350/1470
f 1099/1351/1471 1098/1344/1471 1097/1343/1471
f 1099/1351/1472 1097/1343/1472 1096/1345/1472
f 1101/1352/1473 1099/1351/1473 1096/1345/1473
f 1099/1353/1474 1101/1354/1474 1103/1355/1474
f 1101/1356/1475 1102/1357/1475 1103/1358/1475
f 1104/1310/1476 1102/1359/1476 1101/1352/1476
f 1104/1310/1476 1106/1360/1476 1102/1359/1476
f 1104/1361/1477 1105/1362/1477 1106/1363/1477
f 1089/1364/1478 1105/1362/1478 1104/1361/1478
f 1089/1349/1469 1100/1344/1469 1105/1309/1469
f 1076/1312/1479 1102/1352/1479 1106/1310/1479
f 1110/1365/1480 1102/1352/1480 1076/1312/1480
f 1110/1365/1481 1107/1366/1481 1102/1352/1481
f 1110/1365/1482 1108/1367/1482 1107/1366/1482
f 1109/1365/1483 1108/1368/1483 1110/1369/1483
f 1109/1365/1483 1111/1367/1483 1108/1368/1483
f 1109/1365/1484 1101/1352/1484 1111/1367/1484
f 1109/1365/1485 1104/1310/1485 1101/1352/1485
f 1109/1365/1486 1078/1312/1486 1104/1310/1486
f 1078/1312/1487 1109/1365/1487 1110/1369/1487
f 1078/1312/1488 1110/1369/1488 1076/1313/1488
f 1111/1367/1489 1101/1352/1489 1112/1366/1489
f 1112/1366/1490 1101/1352/1490 1096/1345/1490
f 1096/1370/1491 1095/1345/1491 1112/1371/1491
f 1112/1371/1491 1095/1345/1491 1107/1366/1491
f 1107/1366/1492 1095/1345/1492 1103/1351/1492
f 1103/1351/1493 1095/1345/1493 1100/1344/1493
f 1099/1351/1470 1103/1372/1470 1100/1350/1470
f 1107/1366/1494 1103/1351/1494 1102/1352/1494
f 1112/1371/1495 1107/1366/1495 1111/1373/1495
f 1111/1373/1496 1107/1366/1496 1108/1367/1496
f 1125/1374/1497 1135/1375/1497 1126/1376/1497
f 1125/1374/1498 1127/1377/1498 1135/1375/1498
f 1125/1374/1499 1128/1378/1499 1127/1377/1499
f 1127/1377/1500 1128/1378/1500 1139/1379/1500
f 1128/1378/1501 1129/1380/1501 1139/1379/1501
f 1129/1378/1502 1134/1375/1502 1139/1377/1502
f 1129/1378/1503 1130/1374/1503 1134/1375/1503
f 1133/1381/1504 1134/1375/1504 1130/1374/1504
f 1133/1381/1505 1131/1376/1505 1134/1375/1505
f 1132/1381/1506 1131/1382/1506 1133/1383/1506
f 1126/1376/1507 1131/1382/1507 1132/1381/1507
f 1134/1384/1508 1131/1385/1508 1126/1386/1508
f 1135/1387/1509 1134/1384/1509 1126/1386/1509
f 1136/1388/1510 1134/1384/1510 1135/1387/1510
f 1139/1377/1511 1134/1375/1511 1136/1389/1511
f 1137/1390/1512 1139/1377/1512 1136/1389/1512
f 1138/1391/1513 1139/1392/1513 1137/1393/1513
f 1138/1391/1514 1127/1388/1514 1139/1392/1514
f 1138/1390/1515 1140/1394/1515 1127/1377/1515
f 1127/1377/1516 1140/1394/1516 1141/1389/1516
f 1140/1393/1517 1146/1391/1517 1141/1392/1517
f 1142/1395/1518 1146/1391/1518 1140/1393/1518
f 1143/1396/1519 1142/1395/1519 1140/1393/1519
f 1143/1397/1520 1145/1398/1520 1142/1399/1520
f 1145/1398/1319 1144/1400/1319 1142/1399/1319
f 1145/1395/1521 1137/1393/1521 1144/1396/1521
f 1145/1395/1522 1138/1391/1522 1137/1393/1522
f 1146/1391/1523 1136/1388/1523 1141/1392/1523
f 1137/1390/1524 1136/1389/1524 1146/1394/1524
f 1141/1392/1525 1136/1388/1525 1135/1387/1525
f 1127/1377/1526 1141/1389/1526 1135/1375/1526
f 1125/1374/1527 1126/1376/1527 1132/1381/1527
f 1149/1401/1299 1150/1402/1299 1151/1403/1299
f 1150/1402/1528 1157/1404/1528 1151/1403/1528
f 1150/1402/1529 1152/1405/1529 1157/1404/1529
f 1148/1406/1530 1154/1407/1530 1153/1408/1530
f 1155/1409/1397 1154/1407/1397 1148/1406/1397
f 1149/1401/1298 1151/1403/1298 1156/1410/1298
f 1147/1411/1531 1155/1409/1531 1148/1406/1531
f 1157/1412/1532 1158/1413/1532 1161/1414/1532
f 1157/1412/1533 1159/1415/1533 1158/1413/1533
f 1152/1405/1534 1159/1416/1534 1157/1404/1534
f 1152/1405/1534 1160/1417/1534 1159/1416/1534
f 1152/1412/1535 1153/1414/1535 1160/1415/1535
f 1160/1415/1536 1153/1414/1536 1162/1413/1536
f 1153/1408/1537 1161/1418/1537 1162/1419/1537
f 1154/1407/1538 1161/1418/1538 1153/1408/1538
f 1161/1418/1539 1158/1420/1539 1162/1419/1539
f 1162/1421/1540 1158/1413/1540 1165/1422/1540
f 1165/1422/1540 1158/1413/1540 1163/1423/1540
f 1159/1415/1541 1163/1423/1541 1158/1413/1541
f 1164/1424/1542 1163/1423/1542 1159/1415/1542
f 1168/1425/1543 1163/1423/1543 1164/1426/1543
f 1165/1422/1543 1163/1423/1543 1168/1425/1543
f 1168/1424/1544 1160/1415/1544 1165/1423/1544
f 1166/1427/1545 1160/1415/1545 1168/1424/1545
f 1160/1415/1546 1166/1427/1546 1159/1428/1546
f 1166/1427/1546 1167/1429/1546 1159/1428/1546
f 1166/1430/1547 1164/1424/1547 1167/1427/1547
f 1166/1430/1547 1168/1431/1547 1164/1424/1547
f 1167/1427/1548 1164/1424/1548 1159/1415/1548
f 1160/1415/1549 1162/1413/1549 1165/1423/1549
f 1169/1432/1550 1170/1433/1550 1174/1434/1550
f 1169/1432/1551 1171/1435/1551 1170/1433/1551
f 1169/1432/1552 1172/1436/1552 1171/1435/1552
f 1172/1436/1553 1169/1432/1553 1173/1437/1553
f 1173/1437/1554 1169/1432/1554 1174/1438/1554
f 1174/1432/1555 1170/1435/1555 1173/1436/1555
f 1173/1436/1556 1170/1435/1556 1175/1439/1556
f 1172/1436/1557 1173/1440/1557 1175/1441/1557
f 1172/1436/1558 1175/1441/1558 1176/1439/1558
f 1172/1436/1559 1176/1439/1559 1171/1435/1559
s 1
f 1113/1442/1560 1124/1443/1561 1114/1444/1562
f 1113/1442/1560 1115/1445/1563 1124/1443/1561
f 1124/1443/1561 1115/1445/1563 1116/1446/1564
f 1115/1445/1563 1117/1447/1565 1116/1446/1564
f 1117/1445/1565 1121/1444/1566 1116/1443/1564
f 1117/1445/1565 1118/1442/1567 1121/1444/1566
f 1119/1448/1568 1121/1444/1566 1118/1442/1567
f 1119/1448/1568 1122/1449/1569 1121/1444/1566
f 1120/1450/1570 1122/1449/1569 1119/1448/1568
f 1123/1451/1571 1122/1449/1569 1120/1450/1570
f 1121/1452/1566 1122/1453/1569 1123/1454/1571
f 1114/1455/1562 1121/1452/1566 1123/1454/1571
f 1116/1456/1564 1121/1452/1566 1114/1455/1562
f 1124/1457/1561 1116/1456/1564 1114/1455/1562
f 1113/1442/1560 1114/1444/1562 1123/1449/1571
f 1113/1442/1560 1123/1449/1571 1120/1448/1570
f 1150/1458/1572 1147/1459/1573 1148/1460/1574
f 1150/1458/1572 1149/1461/1575 1147/1459/1573
f 1150/1458/1572 1148/1460/1574 1152/1412/1576
f 1152/1412/1576 1148/1460/1574 1153/1414/1577
f 1156/1461/1578 1154/1460/1579 1155/1459/1580
f 1156/1461/1578 1151/1458/1581 1154/1460/1579
f 1149/1461/1575 1156/1462/1578 1155/1463/1580
f 1147/1459/1573 1149/1461/1575 1155/1463/1580
f 1151/1458/1581 1161/1414/1582 1154/1460/1579
f 1157/1412/1583 1161/1414/1582 1151/1458/1581
s 0
f 1177/1464/1584 1178/1465/1584 1179/1466/1584
f 1177/1464/1585 1180/1467/1585 1178/1465/1585
f 1180/1467/1586 1181/1468/1586 1178/1465/1586
f 1182/1469/1587 1181/1468/1587 1180/1467/1587
f 1183/1470/1588 1181/1468/1588 1182/1469/1588
f 1184/1471/1589 1181/1468/1589 1183/1470/1589
f 1181/1468/1590 1184/1471/1590 1185/1472/1590
f 1184/1473/1591 1186/1474/1591 1185/1472/1591
f 1184/1473/1592 1187/1475/1592 1186/1474/1592
f 1184/1473/1593 1188/1476/1593 1187/1475/1593
f 1188/1477/1594 1184/1471/1594 1183/1470/1594
f 1183/1470/1595 1189/1478/1595 1188/1477/1595
f 1183/1479/1596 1190/1480/1596 1189/1481/1596
f 1183/1482/1597 1182/1483/1597 1190/1484/1597
f 1190/1484/1597 1182/1483/1597 1191/1485/1597
f 1182/1486/1598 1192/1487/1598 1191/1488/1598
f 1182/1486/1599 1193/1489/1599 1192/1487/1599
f 1182/1469/1600 1194/1490/1600 1193/1491/1600
f 1180/1467/1601 1194/1490/1601 1182/1469/1601
f 1180/1492/1602 1177/1493/1602 1194/1494/1602
f 1195/1495/1603 1194/1496/1603 1177/1497/1603
f 1194/1498/1604 1195/1499/1604 1193/1500/1604
f 1193/1500/1605 1195/1499/1605 1196/1501/1605
f 1196/1501/1606 1195/1499/1606 1197/1502/1606
f 1197/1502/1607 1195/1499/1607 1198/1503/1607
f 1195/1499/1608 1199/1504/1608 1198/1503/1608
f 1195/1499/1609 1200/1505/1609 1199/1504/1609
f 1195/1506/1610 1177/1507/1610 1200/1508/1610
f 1197/1502/1611 1198/1503/1611 1201/1509/1611
f 1202/1510/1612 1197/1502/1612 1201/1509/1612
f 1202/1510/1613 1181/1468/1613 1197/1502/1613
f 1181/1468/1614 1202/1510/1614 1178/1465/1614
f 1181/1468/1590 1185/1472/1590 1197/1502/1590
f 1185/1472/1615 1203/1511/1615 1197/1502/1615
f 1185/1472/1616 1186/1512/1616 1203/1511/1616
f 1187/1513/1617 1203/1511/1617 1186/1512/1617
f 1189/1514/1618 1203/1511/1618 1187/1513/1618
f 1203/1515/1619 1189/1516/1619 1190/1517/1619
f 1203/1518/1610 1190/1519/1610 1204/1520/1610
f 1203/1521/1620 1204/1522/1620 1196/1523/1620
f 1204/1522/1620 1192/1524/1620 1196/1523/1620
f 1196/1525/1621 1192/1487/1621 1193/1526/1621
f 1203/1511/1622 1196/1501/1622 1197/1502/1622
f 1188/1477/1623 1189/1478/1623 1187/1527/1623
f 1205/1528/1624 1206/1529/1624 1207/1530/1624
f 1205/1528/1624 1208/1531/1624 1206/1529/1624
f 1205/1528/1613 1209/1532/1613 1208/1531/1613
f 1209/1532/1625 1205/1528/1625 1210/1533/1625
f 1210/1533/1625 1205/1528/1625 1207/1534/1625
f 1209/1535/1626 1210/1536/1626 1211/1532/1626
f 1209/1535/1626 1211/1532/1626 1212/1537/1626
f 1212/1532/1627 1211/1533/1627 1208/1528/1627
f 1211/1533/1627 1206/1534/1627 1208/1528/1627
f 1209/1532/1613 1212/1537/1613 1208/1531/1613
f 1213/1538/1628 1214/1539/1628 1215/1540/1628
f 1214/1539/1629 1213/1538/1629 1216/1541/1629
f 1214/1539/1630 1216/1541/1630 1217/1542/1630
f 1216/1541/1631 1218/1538/1631 1217/1542/1631
f 1217/1542/1632 1218/1538/1632 1219/1539/1632
f 1220/1543/1633 1219/1539/1633 1218/1538/1633
f 1220/1543/1634 1218/1538/1634 1215/1540/1634
f 1214/1539/1635 1220/1543/1635 1215/1540/1635
f 1221/1544/1636 1222/1545/1636 1223/1546/1636
f 1222/1545/1637 1224/1547/1637 1223/1546/1637
f 1222/1548/1638 1225/1549/1638 1224/1550/1638
f 1225/1549/1639 1226/1551/1639 1224/1550/1639
f 1226/1552/1640 1225/1553/1640 1227/1554/1640
f 1228/1555/1641 1226/1552/1641 1227/1554/1641
f 1229/1556/1641 1226/1552/1641 1228/1555/1641
f 1229/1556/1642 1230/1557/1642 1226/1552/1642
f 1229/1556/1643 1231/1558/1643 1230/1557/1643
f 1229/1559/1644 1232/1560/1644 1231/1561/1644
f 1229/1559/1645 1233/1562/1645 1232/1560/1645
f 1233/1563/1646 1229/1564/1646 1234/1565/1646
f 1234/1565/1647 1229/1564/1647 1235/1566/1647
f 1236/1567/1648 1235/1568/1648 1229/1556/1648
f 1236/1567/1641 1229/1556/1641 1228/1555/1641
f 1237/1569/1649 1236/1567/1649 1228/1570/1649
f 1237/1569/1649 1238/1571/1649 1236/1567/1649
f 1239/1566/1650 1238/1571/1650 1237/1569/1650
f 1239/1566/1651 1237/1569/1651 1240/1564/1651
f 1240/1564/1652 1237/1569/1652 1223/1546/1652
f 1237/1569/1653 1221/1544/1653 1223/1546/1653
f 1221/1544/1650 1237/1569/1650 1241/1572/1650
f 1241/1572/1649 1237/1569/1649 1228/1570/1649
f 1241/1572/1649 1228/1570/1649 1227/1573/1649
f 1240/1564/1654 1223/1546/1654 1232/1574/1654
f 1232/1574/1655 1223/1546/1655 1242/1575/1655
f 1223/1546/1656 1230/1576/1656 1242/1575/1656
f 1223/1546/1657 1224/1577/1657 1230/1576/1657
f 1226/1578/1658 1230/1576/1658 1224/1577/1658
f 1240/1579/1659 1232/1560/1659 1233/1562/1659
f 1240/1564/1660 1233/1563/1660 1239/1566/1660
f 1239/1566/1661 1233/1563/1661 1234/1565/1661
f 1243/1580/1662 1244/1581/1662 1245/1582/1662
f 1243/1580/1663 1246/1583/1663 1244/1581/1663
f 1247/1584/1664 1246/1585/1664 1243/1586/1664
f 1243/1580/1665 1248/1587/1665 1247/1588/1665
f 1249/1589/1666 1247/1588/1666 1248/1587/1666
f 1247/1590/1667 1249/1591/1667 1250/1592/1667
f 1249/1591/1668 1251/1593/1668 1250/1592/1668
f 1249/1594/1669 1248/1595/1669 1251/1596/1669
f 1252/1597/1670 1251/1598/1670 1248/1587/1670
f 1253/1599/1671 1251/1598/1671 1252/1597/1671
f 1253/1599/1672 1254/1600/1672 1251/1598/1672
f 1254/1601/1673 1253/1602/1673 1255/1603/1673
f 1253/1602/1674 1256/1604/1674 1255/1603/1674
f 1253/1599/1675 1257/1605/1675 1256/1606/1675
f 1253/1599/1676 1252/1597/1676 1257/1605/1676
f 1252/1607/1677 1258/1608/1677 1257/1609/1677
f 1252/1597/1678 1248/1587/1678 1258/1610/1678
f 1258/1610/1679 1248/1587/1679 1259/1611/1679
f 1248/1587/1680 1243/1580/1680 1259/1611/1680
f 1259/1611/1681 1243/1580/1681 1260/1612/1681
f 1243/1586/1682 1261/1613/1682 1260/1614/1682
f 1243/1580/1683 1262/1615/1683 1261/1616/1683
f 1243/1580/1684 1245/1582/1684 1262/1615/1684
f 1244/1617/1685 1262/1618/1685 1245/1619/1685
f 1244/1617/1685 1263/1620/1685 1262/1618/1685
f 1244/1621/1686 1246/1622/1686 1263/1581/1686
f 1246/1622/1686 1264/1583/1686 1263/1581/1686
f 1264/1583/1687 1265/1582/1687 1263/1581/1687
f 1264/1583/1688 1266/1580/1688 1265/1582/1688
f 1264/1623/1689 1250/1624/1689 1266/1625/1689
f 1267/1587/1690 1266/1580/1690 1250/1588/1690
f 1268/1610/1691 1266/1580/1691 1267/1587/1691
f 1268/1610/1692 1269/1611/1692 1266/1580/1692
f 1270/1626/1693 1269/1611/1693 1268/1610/1693
f 1271/1627/1694 1269/1611/1694 1270/1626/1694
f 1259/1628/1695 1269/1629/1695 1271/1630/1695
f 1259/1631/1696 1261/1632/1696 1269/1633/1696
f 1260/1612/1697 1261/1616/1697 1259/1611/1697
f 1261/1634/1696 1272/1635/1696 1269/1636/1696
f 1261/1637/1698 1273/1615/1698 1272/1616/1698
f 1262/1638/1699 1273/1615/1699 1261/1637/1699
f 1265/1639/1700 1273/1640/1700 1262/1618/1700
f 1272/1616/1701 1273/1615/1701 1265/1582/1701
f 1272/1616/1702 1265/1582/1702 1266/1580/1702
f 1266/1641/1703 1274/1642/1703 1272/1643/1703
f 1269/1611/1704 1274/1612/1704 1266/1580/1704
f 1272/1616/1705 1274/1612/1705 1269/1611/1705
f 1263/1620/1685 1265/1639/1685 1262/1618/1685
f 1259/1628/1706 1271/1630/1706 1275/1644/1706
f 1275/1627/1707 1271/1645/1707 1276/1646/1707
f 1271/1627/1708 1277/1647/1708 1276/1648/1708
f 1271/1627/1709 1278/1649/1709 1277/1647/1709
f 1271/1627/1710 1279/1650/1710 1278/1649/1710
f 1280/1651/1711 1279/1650/1711 1271/1627/1711
f 1280/1651/1712 1281/1652/1712 1279/1650/1712
f 1282/1651/1713 1281/1653/1713 1280/1654/1713
f 1282/1651/1714 1283/1652/1714 1281/1653/1714
f 1282/1651/1715 1284/1650/1715 1283/1652/1715
f 1282/1651/1716 1275/1627/1716 1284/1650/1716
f 1285/1626/1717 1275/1627/1717 1282/1651/1717
f 1259/1611/1718 1275/1627/1718 1285/1626/1718
f 1258/1610/1719 1259/1611/1719 1285/1626/1719
f 1258/1608/1720 1285/1655/1720 1257/1609/1720
f 1257/1609/1721 1285/1655/1721 1286/1656/1721
f 1286/1656/1722 1285/1655/1722 1270/1657/1722
f 1285/1658/1723 1280/1659/1723 1270/1660/1723
f 1282/1661/1723 1280/1659/1723 1285/1658/1723
f 1270/1626/1724 1280/1651/1724 1271/1627/1724
f 1286/1656/1725 1270/1657/1725 1268/1662/1725
f 1287/1663/1726 1286/1656/1726 1268/1662/1726
f 1288/1606/1727 1286/1605/1727 1287/1597/1727
f 1256/1606/1728 1286/1664/1728 1288/1665/1728
f 1257/1605/1729 1286/1664/1729 1256/1606/1729
f 1255/1603/1730 1256/1604/1730 1288/1666/1730
f 1255/1603/1731 1288/1666/1731 1289/1667/1731
f 1288/1606/1732 1287/1597/1732 1289/1599/1732
f 1290/1600/1733 1289/1599/1733 1287/1597/1733
f 1290/1668/1734 1255/1603/1734 1289/1667/1734
f 1254/1601/1735 1255/1603/1735 1290/1668/1735
f 1254/1669/1736 1290/1600/1736 1291/1598/1736
f 1290/1600/1737 1287/1597/1737 1291/1598/1737
f 1287/1597/1738 1267/1587/1738 1291/1598/1738
f 1287/1597/1739 1268/1610/1739 1267/1587/1739
f 1291/1670/1740 1267/1671/1740 1292/1672/1740
f 1292/1589/1741 1267/1587/1741 1250/1588/1741
f 1291/1673/1742 1292/1674/1742 1250/1592/1742
f 1251/1593/1743 1291/1673/1743 1250/1592/1743
f 1251/1675/1744 1254/1669/1744 1291/1598/1744
f 1275/1627/1745 1293/1649/1745 1284/1650/1745
f 1275/1627/1746 1294/1647/1746 1293/1649/1746
f 1275/1627/1747 1295/1648/1747 1294/1647/1747
f 1295/1648/1707 1275/1627/1707 1276/1646/1707
f 1295/1648/1748 1276/1676/1748 1296/1677/1748
f 1277/1647/1749 1296/1678/1749 1276/1648/1749
f 1294/1679/1750 1296/1678/1750 1277/1647/1750
f 1297/1680/1750 1296/1678/1750 1294/1679/1750
f 1295/1648/1748 1296/1677/1748 1297/1678/1748
f 1294/1647/1751 1295/1648/1751 1297/1678/1751
f 1294/1681/1752 1277/1682/1752 1298/1683/1752
f 1278/1649/1753 1298/1683/1753 1277/1647/1753
f 1299/1684/1754 1298/1683/1754 1278/1649/1754
f 1300/1685/1755 1298/1683/1755 1299/1684/1755
f 1301/1686/1756 1298/1683/1756 1300/1685/1756
f 1302/1687/1756 1298/1683/1756 1301/1686/1756
f 1294/1681/1752 1298/1683/1752 1302/1688/1752
f 1303/1684/1757 1294/1647/1757 1302/1683/1757
f 1303/1684/1758 1293/1649/1758 1294/1647/1758
f 1293/1689/1759 1303/1690/1759 1299/1684/1759
f 1303/1684/1760 1304/1691/1760 1299/1690/1760
f 1304/1691/1761 1303/1684/1761 1302/1683/1761
f 1304/1691/1762 1302/1683/1762 1301/1685/1762
f 1305/1692/1763 1304/1691/1763 1301/1685/1763
f 1304/1693/1764 1305/1694/1764 1306/1695/1764
f 1305/1696/1765 1307/1697/1765 1306/1698/1765
f 1284/1650/1766 1307/1699/1766 1305/1692/1766
f 1284/1650/1766 1279/1700/1766 1307/1699/1766
f 1284/1701/1767 1278/1702/1767 1279/1703/1767
f 1293/1704/1768 1278/1702/1768 1284/1701/1768
f 1293/1689/1759 1299/1684/1759 1278/1649/1759
f 1281/1652/1769 1307/1692/1769 1279/1650/1769
f 1308/1705/1770 1307/1692/1770 1281/1652/1770
f 1308/1705/1771 1309/1706/1771 1307/1692/1771
f 1308/1705/1772 1310/1707/1772 1309/1706/1772
f 1311/1705/1773 1310/1708/1773 1308/1709/1773
f 1311/1705/1774 1312/1707/1774 1310/1708/1774
f 1311/1705/1775 1305/1692/1775 1312/1707/1775
f 1311/1705/1776 1284/1650/1776 1305/1692/1776
f 1311/1705/1777 1283/1652/1777 1284/1650/1777
f 1283/1652/1778 1311/1705/1778 1308/1709/1778
f 1283/1652/1778 1308/1709/1778 1281/1653/1778
f 1312/1707/1779 1305/1692/1779 1313/1706/1779
f 1313/1706/1780 1305/1692/1780 1301/1685/1780
f 1301/1710/1781 1300/1685/1781 1313/1711/1781
f 1313/1711/1781 1300/1685/1781 1309/1706/1781
f 1309/1706/1782 1300/1685/1782 1306/1691/1782
f 1306/1691/1783 1300/1685/1783 1299/1684/1783
f 1304/1691/1760 1306/1712/1760 1299/1690/1760
f 1309/1706/1784 1306/1691/1784 1307/1692/1784
f 1313/1711/1785 1309/1706/1785 1312/1713/1785
f 1312/1713/1785 1309/1706/1785 1310/1707/1785
f 1314/1714/1786 1315/1715/1786 1316/1716/1786
f 1314/1714/1786 1317/1717/1786 1315/1715/1786
f 1315/1715/1787 1317/1717/1787 1318/1718/1787
f 1317/1717/1787 1319/1719/1787 1318/1718/1787
f 1319/1717/1788 1320/1716/1788 1318/1715/1788
f 1319/1717/1788 1321/1714/1788 1320/1716/1788
f 1322/1720/1789 1320/1716/1789 1321/1714/1789
f 1322/1720/1789 1323/1721/1789 1320/1716/1789
f 1324/1722/1790 1323/1721/1790 1322/1720/1790
f 1325/1723/1790 1323/1721/1790 1324/1722/1790
f 1320/1724/1685 1323/1725/1685 1325/1726/1685
f 1316/1727/1791 1320/1724/1791 1325/1726/1791
f 1318/1728/1685 1320/1724/1685 1316/1727/1685
f 1315/1729/1792 1318/1728/1792 1316/1727/1792
f 1314/1714/1793 1316/1716/1793 1325/1721/1793
f 1314/1714/1793 1325/1721/1793 1324/1720/1793
f 1326/1730/1794 1327/1731/1794 1328/1732/1794
f 1326/1730/1795 1329/1733/1795 1327/1731/1795
f 1326/1730/1796 1330/1734/1796 1329/1733/1796
f 1329/1733/1797 1330/1734/1797 1331/1735/1797
f 1330/1734/1798 1332/1736/1798 1331/1735/1798
f 1332/1734/1799 1333/1731/1799 1331/1733/1799
f 1332/1734/1800 1334/1730/1800 1333/1731/1800
f 1335/1737/1801 1333/1731/1801 1334/1730/1801
f 1335/1737/1802 1336/1732/1802 1333/1731/1802
f 1337/1737/1803 1336/1738/1803 1335/1739/1803
f 1328/1732/1804 1336/1738/1804 1337/1737/1804
f 1333/1740/1805 1336/1741/1805 1328/1742/1805
f 1327/1743/1806 1333/1740/1806 1328/1742/1806
f 1338/1744/1807 1333/1740/1807 1327/1743/1807
f 1331/1733/1808 1333/1731/1808 1338/1745/1808
f 1339/1746/1809 1331/1733/1809 1338/1745/1809
f 1340/1747/1810 1331/1748/1810 1339/1749/1810
f 1340/1747/1811 1329/1744/1811 1331/1748/1811
f 1340/1746/1812 1341/1750/1812 1329/1733/1812
f 1329/1733/1813 1341/1750/1813 1342/1745/1813
f 1341/1749/1814 1343/1747/1814 1342/1748/1814
f 1344/1751/1815 1343/1747/1815 1341/1749/1815
f 1345/1752/1816 1344/1751/1816 1341/1749/1816
f 1345/1753/1612 1346/1754/1612 1344/1755/1612
f 1346/1754/1612 1347/1756/1612 1344/1755/1612
f 1346/1751/1817 1339/1749/1817 1347/1752/1817
f 1346/1751/1818 1340/1747/1818 1339/1749/1818
f 1343/1747/1819 1338/1744/1819 1342/1748/1819
f 1339/1746/1820 1338/1745/1820 1343/1750/1820
f 1342/1748/1821 1338/1744/1821 1327/1743/1821
f 1329/1733/1822 1342/1745/1822 1327/1731/1822
f 1326/1730/1823 1328/1732/1823 1337/1737/1823
f 1348/1757/1824 1349/1758/1824 1350/1759/1824
f 1348/1757/1825 1351/1760/1825 1349/1758/1825
f 1351/1761/1826 1348/1762/1826 1352/1763/1826
f 1348/1762/1827 1353/1764/1827 1352/1763/1827
f 1348/1762/1828 1354/1765/1828 1353/1764/1828
f 1348/1757/1829 1350/1759/1829 1354/1766/1829
f 1354/1766/1830 1350/1759/1830 1355/1767/1830
f 1350/1768/1831 1356/1769/1831 1355/1770/1831
f 1357/1771/1791 1356/1769/1791 1350/1768/1791
f 1358/1760/1832 1356/1759/1832 1357/1758/1832
f 1358/1760/1832 1352/1757/1832 1356/1759/1832
f 1351/1761/1826 1352/1763/1826 1358/1772/1826
f 1351/1760/1613 1358/1773/1613 1357/1774/1613
f 1349/1758/1613 1351/1760/1613 1357/1774/1613
f 1349/1775/1833 1357/1771/1833 1350/1768/1833
f 1352/1757/1834 1359/1767/1834 1356/1759/1834
f 1353/1766/1835 1359/1767/1835 1352/1757/1835
f 1353/1766/1836 1360/1776/1836 1359/1767/1836
f 1353/1766/1837 1361/1777/1837 1360/1776/1837
f 1354/1765/1838 1361/1778/1838 1353/1764/1838
f 1354/1765/1838 1362/1779/1838 1361/1778/1838
f 1354/1766/1839 1355/1767/1839 1362/1777/1839
f 1362/1777/1840 1355/1767/1840 1363/1776/1840
f 1355/1770/1841 1359/1780/1841 1363/1781/1841
f 1356/1769/1842 1359/1780/1842 1355/1770/1842
f 1359/1780/1841 1360/1782/1841 1363/1781/1841
f 1363/1783/1843 1360/1776/1843 1364/1784/1843
f 1364/1784/1844 1360/1776/1844 1365/1785/1844
f 1361/1777/1845 1365/1785/1845 1360/1776/1845
f 1366/1786/1846 1365/1785/1846 1361/1777/1846
f 1367/1787/1847 1365/1785/1847 1366/1788/1847
f 1364/1784/1847 1365/1785/1847 1367/1787/1847
f 1367/1786/1848 1362/1777/1848 1364/1785/1848
f 1368/1789/1849 1362/1777/1849 1367/1786/1849
f 1362/1777/1850 1368/1789/1850 1361/1790/1850
f 1368/1789/1850 1369/1791/1850 1361/1790/1850
f 1368/1792/1851 1366/1786/1851 1369/1789/1851
f 1368/1792/1851 1367/1793/1851 1366/1786/1851
f 1369/1789/1852 1366/1786/1852 1361/1777/1852
f 1362/1777/1853 1363/1776/1853 1364/1785/1853
f 1370/1794/1854 1371/1795/1854 1372/1796/1854
f 1370/1794/1855 1373/1797/1855 1371/1795/1855
f 1370/1794/1856 1374/1798/1856 1373/1797/1856
f 1374/1798/1857 1370/1794/1857 1375/1799/1857
f 1375/1799/1858 1370/1794/1858 1372/1800/1858
f 1372/1794/1859 1371/1797/1859 1375/1798/1859
f 1375/1798/1860 1371/1797/1860 1376/1801/1860
f 1374/1798/1861 1375/1802/1861 1376/1803/1861
f 1374/1798/1862 1376/1803/1862 1377/1801/1862
f 1374/1798/1863 1377/1801/1863 1373/1797/1863
f 1378/1804/1864 1379/1805/1864 1380/1806/1864
f 1378/1804/1865 1381/1807/1865 1379/1805/1865
f 1381/1807/1866 1378/1804/1866 1382/1808/1866
f 1383/1809/1867 1384/1810/1867 1380/1806/1867
f 1380/1806/1868 1379/1805/1868 1383/1809/1868
f 1385/1811/1869 1384/1810/1869 1386/1812/1869
f 1386/1812/1870 1384/1810/1870 1387/1813/1870
f 1386/1812/1871 1387/1813/1871 1388/1814/1871
f 1388/1814/1872 1387/1813/1872 1389/1815/1872
f 1390/1816/1873 1388/1817/1873 1389/1818/1873
f 1388/1817/1874 1390/1816/1874 1382/1808/1874
f 1381/1807/1875 1382/1808/1875 1390/1816/1875
f 1387/1819/1876 1384/1820/1876 1391/1821/1876
f 1392/1822/1877 1387/1819/1877 1391/1821/1877
f 1392/1823/1878 1393/1824/1878 1387/1825/1878
f 1393/1824/1879 1379/1826/1879 1387/1825/1879
f 1384/1820/1880 1394/1827/1880 1391/1821/1880
f 1384/1820/1881 1395/1828/1881 1394/1827/1881
f 1396/1820/1882 1394/1827/1882 1395/1828/1882
f 1396/1820/1883 1397/1821/1883 1394/1827/1883
f 1398/1819/1884 1397/1821/1884 1396/1820/1884
f 1399/1829/1885 1397/1821/1885 1398/1819/1885
f 1400/1830/1886 1401/1831/1886 1402/1832/1886
f 1403/1823/1887 1402/1826/1887 1401/1824/1887
f 1403/1823/1888 1398/1825/1888 1402/1826/1888
f 1403/1822/1889 1399/1829/1889 1398/1819/1889
f 1404/1833/1890 1400/1830/1890 1402/1832/1890
f 1393/1834/1891 1400/1830/1891 1404/1833/1891
f 1379/1835/1892 1393/1834/1892 1404/1833/1892
f 1379/1835/1893 1404/1833/1893 1383/1836/1893
f 1383/1836/1894 1404/1833/1894 1405/1837/1894
f 1404/1833/1895 1402/1832/1895 1405/1837/1895
f 1405/1837/1896 1402/1832/1896 1406/1836/1896
f 1406/1836/1897 1396/1820/1897 1405/1837/1897
f 1405/1837/1898 1396/1820/1898 1395/1828/1898
f 1384/1820/1899 1405/1837/1899 1395/1828/1899
f 1405/1837/1900 1384/1820/1900 1383/1836/1900
f 1407/1838/1901 1408/1839/1901 1409/1840/1901
f 1407/1838/1901 1410/1841/1901 1408/1839/1901
f 1407/1842/1902 1411/1843/1902 1410/1844/1902
f 1412/1845/1903 1411/1843/1903 1407/1842/1903
f 1409/1846/1904 1412/1845/1904 1407/1842/1904
f 1413/1847/1905 1412/1845/1905 1409/1846/1905
f 1413/1847/1905 1409/1846/1905 1414/1848/1905
f 1409/1840/1901 1408/1839/1901 1414/1849/1901
f 1408/1839/1901 1415/1850/1901 1414/1849/1901
f 1408/1839/1906 1416/1851/1906 1415/1850/1906
f 1408/1839/1907 1417/1852/1907 1416/1851/1907
f 1418/1843/1908 1417/1846/1908 1408/1842/1908
f 1419/1845/1908 1417/1846/1908 1418/1843/1908
f 1416/1848/1909 1417/1846/1909 1419/1845/1909
f 1416/1848/1910 1419/1845/1910 1420/1847/1910
f 1415/1853/1911 1416/1848/1911 1420/1847/1911
f 1415/1853/1911 1420/1847/1911 1421/1854/1911
f 1421/1854/1912 1414/1848/1912 1415/1853/1912
f 1413/1847/1913 1414/1848/1913 1421/1854/1913
f 1422/1855/1914 1418/1843/1914 1408/1842/1914
f 1422/1855/1914 1408/1842/1914 1410/1844/1914
f 1411/1843/1915 1422/1855/1915 1410/1844/1915
f 1423/1856/1916 1424/1857/1916 1425/1858/1916
f 1426/1859/1917 1424/1860/1917 1423/1861/1917
f 1424/1862/1918 1426/1863/1918 1425/1864/1918
f 1426/1863/1919 1427/1865/1919 1425/1864/1919
f 1428/1866/1920 1427/1867/1920 1426/1868/1920
f 1429/1869/1921 1427/1859/1921 1428/1870/1921
f 1429/1869/1922 1430/1861/1922 1427/1859/1922
f 1423/1856/1923 1430/1871/1923 1429/1872/1923
f 1423/1856/1924 1425/1858/1924 1430/1871/1924
f 1427/1859/1925 1430/1861/1925 1425/1860/1925
f 1423/1856/1926 1429/1872/1926 1431/1873/1926
f 1432/1874/1927 1431/1875/1927 1429/1876/1927
f 1432/1874/1928 1433/1877/1928 1431/1875/1928
f 1433/1878/1929 1432/1879/1929 1434/1880/1929
f 1434/1880/1930 1432/1879/1930 1428/1866/1930
f 1429/1869/1931 1428/1870/1931 1432/1881/1931
f 1428/1866/1932 1426/1868/1932 1434/1880/1932
f 1431/1869/1933 1434/1870/1933 1426/1859/1933
f 1431/1869/1934 1433/1881/1934 1434/1870/1934
f 1431/1869/1935 1426/1859/1935 1423/1861/1935
f 1435/1882/1936 1436/1883/1936 1437/1884/1936
f 1436/1883/1937 1438/1885/1937 1437/1884/1937
f 1438/1886/1938 1436/1887/1938 1439/1888/1938
f 1439/1888/1939 1436/1887/1939 1440/1889/1939
f 1440/1882/1940 1441/1885/1940 1439/1884/1940
f 1442/1883/1941 1441/1885/1941 1440/1882/1941
f 1441/1888/1942 1442/1889/1942 1435/1887/1942
f 1437/1886/1943 1441/1888/1943 1435/1887/1943
f 1443/1890/1944 1444/1891/1944 1445/1892/1944
f 1443/1890/1945 1446/1893/1945 1444/1891/1945
f 1444/1891/1946 1446/1894/1946 1447/1895/1946
f 1447/1895/1947 1446/1894/1947 1448/1896/1947
f 1449/1897/1948 1447/1895/1948 1448/1896/1948
f 1450/1898/1949 1447/1895/1949 1449/1897/1949
f 1450/1898/1950 1444/1891/1950 1447/1895/1950
f 1445/1892/1951 1444/1891/1951 1450/1899/1951
f 1445/1892/1952 1450/1899/1952 1451/1900/1952
f 1451/1898/1953 1452/1895/1953 1445/1891/1953
f 1451/1898/1954 1453/1897/1954 1452/1895/1954
f 1453/1897/1955 1454/1896/1955 1452/1895/1955
f 1454/1901/1956 1453/1902/1956 1449/1903/1956
f 1454/1901/1957 1449/1903/1957 1448/1904/1957
f 1452/1895/1958 1454/1896/1958 1443/1894/1958
f 1445/1891/1959 1452/1895/1959 1443/1894/1959
f 1455/1905/1960 1456/1906/1960 1457/1907/1960
f 1458/1908/1961 1457/1909/1961 1456/1910/1961
f 1459/1911/1962 1457/1912/1962 1458/1913/1962
f 1460/1914/1963 1457/1912/1963 1459/1911/1963
f 1460/1914/1964 1461/1915/1964 1457/1912/1964
f 1455/1905/1960 1457/1907/1960 1461/1916/1960
f 1462/1917/1965 1460/1914/1965 1459/1911/1965
f 1463/1918/1966 1460/1914/1966 1462/1917/1966
f 1459/1911/1967 1458/1913/1967 1464/1919/1967
f 1465/1907/1968 1464/1905/1968 1458/1906/1968
f 1466/1916/1969 1464/1905/1969 1465/1907/1969
f 1465/1920/1961 1458/1921/1961 1456/1922/1961
f 1467/1923/1970 1468/1924/1970 1469/1925/1970
f 1468/1924/1971 1470/1926/1971 1469/1925/1971
f 1468/1924/1972 1471/1927/1972 1470/1926/1972
f 1472/1928/1973 1471/1929/1973 1468/1930/1973
f 1472/1928/1974 1473/1931/1974 1471/1929/1974
f 1472/1932/1975 1474/1933/1975 1473/1934/1975
f 1472/1932/1976 1475/1935/1976 1474/1933/1976
f 1475/1935/1977 1476/1936/1977 1474/1933/1977
f 1476/1936/1978 1477/1937/1978 1474/1933/1978
f 1476/1936/1979 1478/1938/1979 1477/1937/1979
f 1478/1938/1980 1479/1939/1980 1477/1937/1980
f 1479/1939/1981 1480/1940/1981 1477/1937/1981
f 1479/1939/1982 1481/1941/1982 1480/1940/1982
f 1481/1941/1983 1482/1942/1983 1480/1940/1983
f 1480/1940/1984 1482/1942/1984 1483/1943/1984
f 1483/1944/1985 1484/1945/1985 1480/1946/1985
f 1483/1944/1986 1485/1947/1986 1484/1945/1986
f 1484/1948/1987 1485/1949/1987 1486/1950/1987
f 1487/1951/1988 1484/1948/1988 1486/1950/1988
f 1488/1952/1989 1484/1948/1989 1487/1951/1989
f 1470/1926/1990 1484/1948/1990 1488/1952/1990
f 1477/1953/1991 1484/1945/1991 1470/1954/1991
f 1480/1946/1992 1484/1945/1992 1477/1953/1992
f 1477/1953/1993 1470/1954/1993 1474/1955/1993
f 1474/1955/1994 1470/1954/1994 1473/1931/1994
f 1473/1931/1995 1470/1954/1995 1471/1929/1995
f 1469/1925/1996 1470/1926/1996 1488/1952/1996
f 1489/1956/1997 1490/1957/1997 1491/1958/1997
f 1492/1959/1998 1490/1960/1998 1489/1961/1998
f 1493/1962/1999 1490/1963/1999 1492/1964/1999
f 1491/1965/2000 1490/1966/2000 1493/1967/2000
f 1493/1959/2001 1494/1961/2001 1491/1960/2001
f 1495/1968/2002 1494/1961/2002 1493/1959/2002
f 1496/1956/2003 1495/1969/2003 1493/1958/2003
f 1496/1956/2004 1493/1958/2004 1492/1957/2004
f 1496/1968/1998 1492/1959/1998 1489/1961/1998
f 1489/1956/2005 1491/1958/2005 1494/1969/2005
f 1493/1970/2006 1497/1971/2006 1491/1972/2006
f 1493/1973/2007 1498/1974/2007 1497/1975/2007
f 1498/1976/2008 1493/1977/2008 1491/1978/2008
f 1499/1979/2009 1498/1976/2009 1491/1978/2009
f 1500/1980/2010 1498/1981/2010 1499/1982/2010
f 1500/1983/2011 1501/1984/2011 1498/1985/2011
f 1500/1986/2012 1502/1987/2012 1501/1988/2012
f 1502/1989/2013 1500/1980/2013 1499/1982/2013
f 1502/1983/2014 1499/1985/2014 1503/1990/2014
f 1504/1991/2015 1503/1992/2015 1499/1993/2015
f 1505/1989/2016 1503/1982/2016 1504/1981/2016
f 1502/1983/2017 1503/1990/2017 1505/1984/2017
f 1501/1994/2012 1502/1995/2012 1505/1996/2012
f 1505/1989/2016 1504/1981/2016 1501/1980/2016
f 1501/1984/2018 1504/1990/2018 1498/1985/2018
f 1498/1997/2019 1504/1998/2019 1499/1999/2019
f 1498/2000/2020 1499/2001/2020 1506/2002/2020
f 1499/2003/2021 1507/1975/2021 1506/2004/2021
f 1491/2005/2022 1507/1975/2022 1499/2006/2022
f 1497/2007/2023 1507/2008/2023 1491/2009/2023
f 1508/2010/2024 1507/2011/2024 1497/2012/2024
f 1506/2013/2025 1507/2011/2025 1508/2010/2025
f 1498/2000/2026 1506/2002/2026 1508/2014/2026
f 1498/2015/2027 1508/2004/2027 1497/1975/2027
f 1509/2010/2028 1510/2013/2028 1511/2012/2028
f 1510/2013/2029 1512/2011/2029 1511/2012/2029
f 1512/2016/2030 1510/2017/2030 1513/2004/2030
f 1512/2016/2031 1513/2004/2031 1514/1975/2031
f 1513/2013/2032 1515/2012/2032 1514/2011/2032
f 1516/2010/2033 1515/2012/2033 1513/2013/2033
f 1511/2016/2034 1515/1975/2034 1516/2004/2034
f 1514/2018/2035 1515/2019/2035 1511/2020/2035
f 1512/2021/2036 1514/2022/2036 1511/2020/2036
f 1512/2023/2037 1517/1968/2037 1511/2024/2037
f 1518/1961/2038 1517/1968/2038 1512/2023/2038
f 1517/1968/2039 1518/1961/2039 1519/1960/2039
f 1519/1956/2040 1518/1969/2040 1520/1957/2040
f 1518/1969/2041 1512/2025/2041 1520/1957/2041
f 1521/2026/2042 1520/2027/2042 1512/2028/2042
f 1520/1960/2043 1521/1959/2043 1522/1968/2043
f 1522/1956/2044 1521/1957/2044 1517/1969/2044
f 1517/1969/2045 1521/1957/2045 1511/2029/2045
f 1511/2030/2046 1521/2031/2046 1512/2032/2046
f 1517/1968/2047 1519/1960/2047 1522/1959/2047
f 1519/1961/2048 1520/1960/2048 1522/1968/2048
f 1511/2016/2049 1516/2004/2049 1509/2017/2049
f 1523/2033/2050 1524/2034/2050 1525/2035/2050
f 1523/2033/2051 1526/2036/2051 1524/2034/2051
f 1523/2033/2052 1527/2037/2052 1526/2036/2052
f 1528/2038/2053 1526/2036/2053 1527/2037/2053
f 1528/2038/2054 1529/2039/2054 1526/2036/2054
f 1529/2039/2055 1530/2040/2055 1526/2036/2055
f 1529/2039/2056 1531/2041/2056 1530/2040/2056
f 1531/2041/2057 1532/2042/2057 1530/2040/2057
f 1530/2040/2058 1532/2042/2058 1533/2043/2058
f 1530/2040/2059 1533/2043/2059 1534/2044/2059
f 1526/2036/2060 1530/2040/2060 1534/2044/2060
f 1526/2036/2061 1534/2044/2061 1524/2034/2061
f 1524/2034/2062 1534/2044/2062 1535/2045/2062
f 1535/2045/2063 1534/2044/2063 1536/2046/2063
f 1537/2047/2064 1538/2048/2064 1539/2049/2064
f 1537/2047/2065 1540/2050/2065 1538/2048/2065
f 1541/2051/2066 1542/2052/2066 1543/2053/2066
f 1544/2054/2067 1542/2055/2067 1541/2056/2067
f 1542/2052/2068 1545/2057/2068 1543/2053/2068
f 1546/2054/2069 1543/2056/2069 1545/2055/2069
f 1547/2058/2070 1548/2059/2070 1549/2060/2070
f 1548/2061/2071 1547/2062/2071 1550/2063/2071
f 1548/2061/2072 1550/2063/2072 1551/2064/2072
f 1550/2058/2073 1552/2060/2073 1551/2059/2073
f 1550/2058/2074 1553/2065/2074 1552/2060/2074
f 1552/2066/2075 1553/2067/2075 1554/2068/2075
f 1552/2066/2075 1554/2068/2075 1549/2069/2075
f 1547/2058/2076 1549/2060/2076 1554/2065/2076
f 1551/2070/2077 1552/2066/2077 1549/2069/2077
f 1551/2070/2077 1549/2069/2077 1548/2071/2077
f 1555/2072/2078 1556/2073/2078 1557/2074/2078
f 1555/2072/2079 1558/2075/2079 1556/2073/2079
f 1556/2076/2080 1558/2077/2080 1559/2078/2080
f 1559/2078/2080 1558/2077/2080 1560/2079/2080
f 1559/2078/2081 1560/2079/2081 1561/2080/2081
f 1561/2080/2082 1560/2079/2082 1562/2081/2082
f 1563/2082/2083 1561/2080/2083 1562/2081/2083
f 1563/2083/2084 1564/2084/2084 1561/2085/2084
f 1563/2083/2085 1565/2086/2085 1564/2084/2085
f 1566/2087/2086 1565/2088/2086 1563/2089/2086
f 1565/2088/2087 1566/2087/2087 1567/2090/2087
f 1567/2090/2088 1566/2087/2088 1557/2091/2088
f 1568/2092/2089 1557/2093/2089 1566/2094/2089
f 1568/2095/2090 1555/2096/2090 1557/2097/2090
f 1568/2095/2091 1569/2098/2091 1555/2096/2091
f 1568/2099/2092 1570/2100/2092 1569/2101/2092
f 1568/2099/2092 1563/2102/2092 1570/2100/2092
f 1563/2103/2093 1568/2092/2093 1566/2094/2093
f 1563/2082/2094 1562/2081/2094 1570/2104/2094
f 1570/2105/2095 1571/2106/2095 1569/2107/2095
f 1569/2107/2096 1571/2106/2096 1555/2108/2096
f 1557/2091/2097 1556/2109/2097 1567/2090/2097
f 1564/2084/2098 1567/2110/2098 1556/2111/2098
f 1565/2086/2099 1567/2110/2099 1564/2084/2099
f 1564/2084/2100 1556/2111/2100 1559/2112/2100
f 1561/2085/2101 1564/2084/2101 1559/2112/2101
f 1572/2113/2102 1573/2114/2102 1574/2115/2102
f 1575/2116/2103 1572/2117/2103 1574/2118/2103
f 1576/2119/2104 1577/2120/2104 1578/2121/2104
f 1576/2119/2105 1579/2122/2105 1577/2120/2105
f 1579/2122/2106 1580/2119/2106 1577/2120/2106
f 1580/2119/2107 1581/2121/2107 1577/2120/2107
f 1582/2123/2108 1583/2124/2108 1584/2125/2108
f 1582/2123/2109 1585/2126/2109 1583/2124/2109
f 1586/2127/2110 1583/2128/2110 1585/2129/2110
f 1586/2127/2111 1587/2130/2111 1583/2128/2111
f 1588/2131/2112 1587/2132/2112 1586/2133/2112
f 1588/2131/2113 1589/2134/2113 1587/2132/2113
f 1590/2135/2114 1587/2136/2114 1589/2137/2114
f 1590/2135/2115 1591/2138/2115 1587/2136/2115
f 1592/2133/2116 1591/2132/2116 1590/2139/2116
f 1592/2127/2117 1593/2129/2117 1591/2130/2117
f 1586/2136/2118 1593/2140/2118 1592/2138/2118
f 1586/2136/2119 1585/2141/2119 1593/2140/2119
f 1585/2141/2120 1594/2142/2120 1593/2140/2120
f 1585/2141/2121 1582/2143/2121 1594/2142/2121
f 1584/2144/2122 1594/2145/2122 1582/2146/2122
f 1584/2144/2123 1595/2147/2123 1594/2145/2123
f 1596/2140/2124 1595/2142/2124 1584/2148/2124
f 1594/2149/2125 1595/2125/2125 1596/2124/2125
f 1593/2126/2126 1594/2149/2126 1596/2124/2126
f 1591/2130/2127 1593/2129/2127 1596/2128/2127
f 1591/2138/2128 1596/2140/2128 1583/2141/2128
f 1583/2141/2129 1596/2140/2129 1584/2148/2129
f 1587/2136/2130 1591/2138/2130 1583/2141/2130
f 1597/2135/2131 1586/2136/2131 1592/2138/2131
f 1588/2150/2132 1586/2136/2132 1597/2135/2132
f 1597/2151/2133 1592/2133/2133 1590/2139/2133
f 1598/2152/2134 1599/2153/2134 1600/2154/2134
f 1601/2155/2135 1598/2156/2135 1600/2157/2135
f 1602/2158/2136 1603/2159/2136 1604/2160/2136
f 1604/2161/2137 1603/2162/2137 1605/2163/2137
f 1604/2161/2138 1605/2163/2138 1606/2164/2138
f 1607/2159/2139 1606/2161/2139 1605/2165/2139
f 1607/2159/2140 1608/2164/2140 1606/2161/2140
f 1607/2166/2141 1609/2167/2141 1608/2168/2141
f 1610/2169/2142 1609/2170/2142 1607/2171/2142
f 1610/2169/2143 1611/2172/2143 1609/2170/2143
f 1610/2173/2144 1612/2174/2144 1611/2175/2144
f 1612/2174/2145 1613/2161/2145 1611/2175/2145
f 1612/2174/2146 1614/2164/2146 1613/2161/2146
f 1615/2176/2147 1614/2164/2147 1612/2174/2147
f 1616/2177/2148 1614/2178/2148 1615/2179/2148
f 1613/2180/2149 1614/2178/2149 1616/2177/2149
f 1616/2161/2150 1617/2181/2150 1613/2164/2150
f 1618/2182/2151 1617/2183/2151 1616/2184/2151
f 1619/2185/2152 1617/2186/2152 1618/2187/2152
f 1619/2185/2153 1620/2188/2153 1617/2186/2153
f 1619/2185/2154 1602/2189/2154 1620/2188/2154
f 1602/2189/2155 1621/2190/2155 1620/2188/2155
f 1602/2191/2156 1622/2192/2156 1621/2193/2156
f 1602/2158/2157 1604/2160/2157 1622/2161/2157
f 1604/2194/2158 1608/2195/2158 1622/2196/2158
f 1604/2194/2159 1606/2197/2159 1608/2195/2159
f 1622/2161/2160 1608/2164/2160 1609/2198/2160
f 1622/2161/2161 1609/2198/2161 1621/2199/2161
f 1621/2200/2162 1609/2201/2162 1620/2202/2162
f 1609/2203/2163 1611/2204/2163 1620/2205/2163
f 1620/2202/2164 1611/2201/2164 1617/2206/2164
f 1617/2181/2165 1611/2207/2165 1613/2164/2165
f 1618/2158/2166 1616/2161/2166 1615/2160/2166
f 1618/2158/2167 1615/2160/2167 1623/2159/2167
f 1615/2176/2168 1612/2174/2168 1623/2208/2168
f 1624/2209/2169 1625/2210/2169 1626/2211/2169
f 1624/2209/2170 1627/2212/2170 1625/2210/2170
f 1627/2213/2171 1624/2214/2171 1628/2215/2171
f 1624/2216/2172 1626/2217/2172 1628/2218/2172
f 1628/2218/2173 1626/2217/2173 1629/2219/2173
f 1626/2217/2174 1630/2220/2174 1629/2219/2174
f 1631/2221/2174 1630/2220/2174 1626/2217/2174
f 1632/2222/2175 1630/2220/2175 1631/2221/2175
f 1632/2222/2176 1633/2223/2176 1630/2220/2176
f 1634/2224/2177 1633/2223/2177 1632/2222/2177
f 1635/2225/2177 1633/2223/2177 1634/2224/2177
f 1629/2211/2178 1633/2226/2178 1635/2227/2178
f 1629/2211/2179 1630/2228/2179 1633/2226/2179
f 1629/2211/2180 1635/2227/2180 1636/2229/2180
f 1636/2230/2181 1635/2225/2181 1634/2224/2181
f 1636/2230/2181 1634/2224/2181 1637/2231/2181
f 1625/2210/2182 1637/2229/2182 1634/2227/2182
f 1625/2232/2183 1636/2230/2183 1637/2231/2183
f 1625/2232/2183 1638/2233/2183 1636/2230/2183
f 1627/2213/2184 1638/2233/2184 1625/2232/2184
f 1627/2213/2184 1639/2234/2184 1638/2233/2184
f 1627/2213/2171 1628/2215/2171 1639/2234/2171
f 1628/2209/2185 1629/2211/2185 1639/2212/2185
f 1639/2212/2186 1629/2211/2186 1638/2210/2186
f 1629/2211/2187 1636/2229/2187 1638/2210/2187
f 1625/2210/2188 1634/2227/2188 1632/2226/2188
f 1625/2210/2189 1632/2226/2189 1631/2228/2189
f 1626/2211/2190 1625/2210/2190 1631/2228/2190
f 1640/2235/2191 1641/2236/2191 1642/2237/2191
f 1641/2236/2192 1643/2238/2192 1642/2237/2192
f 1644/2239/2193 1645/2240/2193 1646/2241/2193
f 1644/2239/2194 1647/2242/2194 1645/2240/2194
f 1648/2243/2195 1647/2244/2195 1644/2245/2195
f 1648/2246/2196 1649/2247/2196 1647/2248/2196
f 1648/2249/2197 1650/2250/2197 1649/2251/2197
f 1650/2252/2198 1648/2253/2198 1651/2254/2198
f 1648/2253/2199 1652/2255/2199 1651/2254/2199
f 1648/2253/2200 1644/2239/2200 1652/2255/2200
f 1644/2239/2201 1646/2241/2201 1652/2255/2201
f 1652/2255/2202 1646/2241/2202 1653/2256/2202
f 1652/2255/2203 1653/2256/2203 1647/2242/2203
f 1647/2242/2204 1653/2256/2204 1645/2240/2204
f 1651/2254/2205 1652/2255/2205 1647/2257/2205
f 1651/2258/2206 1647/2259/2206 1649/2260/2206
f 1651/2254/2207 1649/2261/2207 1650/2252/2207
f 1654/2262/2208 1655/2263/2208 1656/2264/2208
f 1655/2264/2209 1654/2265/2209 1657/2263/2209
f 1657/2263/2210 1654/2265/2210 1658/2262/2210
f 1658/2265/2211 1659/2263/2211 1657/2264/2211
f 1658/2265/2212 1660/2262/2212 1659/2263/2212
f 1659/2264/2213 1660/2265/2213 1656/2263/2213
f 1656/2263/2214 1660/2265/2214 1661/2262/2214
f 1654/2262/2215 1656/2264/2215 1661/2265/2215
f 1662/2239/2216 1663/2241/2216 1664/2255/2216
f 1662/2239/2217 1665/2242/2217 1663/2241/2217
f 1662/2239/2218 1666/2266/2218 1665/2242/2218
f 1666/2266/2219 1667/2267/2219 1665/2242/2219
f 1666/2266/2220 1668/2268/2220 1667/2267/2220
f 1668/2268/2221 1666/2266/2221 1669/2269/2221
f 1666/2266/2222 1664/2255/2222 1669/2269/2222
f 1666/2266/2223 1662/2239/2223 1664/2255/2223
f 1669/2269/2224 1664/2255/2224 1665/2242/2224
f 1664/2255/2225 1670/2256/2225 1665/2242/2225
f 1664/2255/2226 1663/2241/2226 1670/2256/2226
f 1665/2242/2227 1670/2256/2227 1671/2240/2227
f 1665/2242/2228 1671/2240/2228 1663/2241/2228
f 1669/2269/2229 1665/2242/2229 1667/2267/2229
f 1669/2269/2230 1667/2267/2230 1668/2268/2230
f 1672/2270/2231 1673/2271/2231 1674/2272/2231
f 1672/2270/2232 1675/2273/2232 1673/2271/2232
f 1673/2271/2233 1675/2273/2233 1676/2274/2233
f 1675/2273/2234 1677/2275/2234 1676/2274/2234
f 1677/2275/2235 1675/2273/2235 1678/2276/2235
f 1675/2273/2236 1672/2270/2236 1678/2276/2236
f 1677/2275/2237 1678/2276/2237 1679/2273/2237
f 1679/2273/2238 1678/2276/2238 1680/2270/2238
f 1680/2270/2239 1681/2272/2239 1679/2273/2239
f 1679/2273/2240 1681/2272/2240 1682/2271/2240
f 1677/2275/2241 1679/2273/2241 1682/2271/2241
f 1677/2275/2242 1682/2271/2242 1676/2274/2242
f 1683/2277/2243 1684/2278/2243 1685/2279/2243
f 1683/2277/2244 1686/2280/2244 1684/2278/2244
f 1684/2278/2245 1686/2280/2245 1687/2281/2245
f 1686/2280/2246 1688/2282/2246 1687/2281/2246
f 1688/2283/2247 1686/2284/2247 1689/2285/2247
f 1686/2284/2248 1683/2277/2248 1689/2285/2248
f 1689/2285/2249 1683/2277/2249 1690/2286/2249
f 1690/2287/2250 1683/2288/2250 1691/2289/2250
f 1683/2288/2251 1685/2290/2251 1691/2289/2251
f 1692/2291/2252 1691/2289/2252 1685/2290/2252
f 1692/2291/2253 1693/2287/2253 1691/2289/2253
f 1689/2292/2254 1693/2287/2254 1692/2291/2254
f 1694/2293/2255 1693/2287/2255 1689/2292/2255
f 1694/2294/2256 1695/2295/2256 1693/2296/2256
f 1694/2296/2257 1696/2297/2257 1695/2298/2257
f 1694/2296/2258 1690/2299/2258 1696/2297/2258
f 1689/2285/2259 1690/2286/2259 1694/2287/2259
f 1690/2299/2260 1697/2300/2260 1696/2297/2260
f 1691/2301/2261 1697/2300/2261 1690/2299/2261
f 1698/2302/2262 1697/2297/2262 1691/2303/2262
f 1693/2296/2263 1698/2302/2263 1691/2303/2263
f 1693/2296/2264 1695/2295/2264 1698/2302/2264
f 1692/2304/2265 1699/2305/2265 1689/2306/2265
f 1692/2304/2266 1700/2307/2266 1699/2305/2266
f 1684/2308/2267 1700/2309/2267 1692/2291/2267
f 1687/2310/2268 1700/2309/2268 1684/2308/2268
f 1684/2308/2269 1692/2291/2269 1685/2290/2269
f 1688/2283/2270 1689/2285/2270 1699/2311/2270
f 1701/2312/2271 1702/2313/2271 1703/2314/2271
f 1701/2312/2272 1704/2315/2272 1702/2313/2272
f 1704/2315/2273 1393/2316/2273 1702/2313/2273
f 1704/2315/2274 1705/2317/2274 1393/2316/2274
f 1705/2318/2275 1706/2319/2275 1393/2320/2275
f 1705/2318/2276 1707/2321/2276 1706/2319/2276
f 1707/2321/2277 1708/2322/2277 1706/2319/2277
f 1707/2321/2278 1709/2323/2278 1708/2322/2278
f 1710/2324/2279 1711/2325/2279 1712/2326/2279
f 1710/2324/2280 1713/2327/2280 1711/2325/2280
f 1710/2328/2281 1714/2329/2281 1713/2330/2281
f 1714/2329/2282 1715/2331/2282 1713/2330/2282
f 1714/2324/2283 1716/2326/2283 1715/2327/2283
f 1715/2327/2284 1716/2326/2284 1717/2325/2284
f 1712/2332/2285 1717/2333/2285 1716/2334/2285
f 1712/2335/2286 1711/2336/2286 1717/2337/2286
f 1717/2338/2287 1711/2339/2287 1718/2340/2287
f 1718/2341/2288 1711/2342/2288 1719/2343/2288
f 1720/2344/2289 1715/2345/2289 1717/2346/2289
f 1720/2347/2290 1717/2348/2290 1721/2349/2290
f 1715/2350/2291 1722/2351/2291 1713/2352/2291
f 1723/2353/2291 1722/2351/2291 1715/2354/2291
f 1713/2355/2292 1724/2356/2292 1711/2357/2292
f 1713/2355/2293 1725/2358/2293 1724/2356/2293
f 1726/1841/2294 1727/1851/2294 1728/1852/2294
f 1726/1841/2295 1729/1850/2295 1727/1851/2295
f 1726/1841/2296 1730/1849/2296 1729/1850/2296
f 1726/1841/2294 1731/1840/2294 1730/1849/2294
f 1726/1841/2297 1732/1838/2297 1731/1840/2297
f 1731/1846/2298 1732/1842/2298 1733/1843/2298
f 1732/1842/2299 1734/1855/2299 1733/1843/2299
f 1732/1842/2299 1726/1844/2299 1734/1855/2299
f 1726/1844/2300 1735/1843/2300 1734/1855/2300
f 1736/1842/2301 1735/1843/2301 1726/1844/2301
f 1736/1842/2302 1737/1845/2302 1735/1843/2302
f 1736/1842/2303 1728/1846/2303 1737/1845/2303
f 1726/1841/2296 1728/1852/2296 1736/1839/2296
f 1738/1847/2304 1737/1845/2304 1728/1846/2304
f 1735/2359/2305 1737/2360/2305 1738/2361/2305
f 1735/2359/2305 1738/2361/2305 1739/2362/2305
f 1739/1854/2306 1738/1847/2306 1727/1848/2306
f 1727/1848/2307 1738/1847/2307 1728/1846/2307
f 1729/1853/2308 1739/1854/2308 1727/1848/2308
f 1729/1853/2309 1740/1847/2309 1739/1854/2309
f 1729/1853/2310 1730/1848/2310 1740/1847/2310
f 1730/1848/2311 1741/1845/2311 1740/1847/2311
f 1731/1846/2312 1741/1845/2312 1730/1848/2312
f 1731/1846/2313 1733/1843/2313 1741/1845/2313
f 1733/2363/2314 1735/2359/2314 1741/2364/2314
f 1733/2363/2315 1734/2365/2315 1735/2359/2315
f 1741/2364/2305 1735/2359/2305 1740/2366/2305
f 1735/2359/2316 1739/2362/2316 1740/2366/2316
f 1378/2367/2317 1742/2368/2317 1382/2369/2317
f 1378/2367/2318 1380/2370/2318 1742/2368/2318
f 1742/2368/2319 1380/2370/2319 1385/2371/2319
f 1385/1811/2320 1380/1806/2320 1384/1810/2320
f 1392/1822/2321 1391/1821/2321 1743/1829/2321
f 1392/1822/2322 1743/1829/2322 1744/2372/2322
f 1392/1822/2323 1744/2372/2323 1745/2373/2323
f 1742/2368/2324 1388/2374/2324 1382/2369/2324
f 1388/2374/2325 1742/2368/2325 1386/2375/2325
f 1742/2368/2326 1385/2371/2326 1386/2375/2326
f 1746/2376/2327 1747/2377/2327 1748/2378/2327
f 1747/2377/2328 1749/2379/2328 1748/2378/2328
f 1750/2380/2329 1749/2379/2329 1747/2377/2329
f 1750/2380/2330 1751/2381/2330 1749/2379/2330
f 1752/2377/2331 1751/2381/2331 1750/2380/2331
f 1752/2377/2332 1753/2382/2332 1751/2381/2332
f 1752/2377/2333 1746/2376/2333 1753/2382/2333
f 1746/2376/2334 1748/2378/2334 1753/2382/2334
f 1754/2383/2335 1755/2384/2335 1756/2385/2335
f 1754/2386/2336 1757/2387/2336 1755/2388/2336
f 1758/2389/2337 1757/2390/2337 1754/2391/2337
f 1757/2383/2338 1758/2385/2338 1759/2384/2338
f 1759/2384/2339 1758/2385/2339 1760/2392/2339
f 1757/2387/2336 1759/2393/2336 1755/2388/2336
f 1755/2394/2340 1759/2395/2340 1761/2396/2340
f 1759/2397/2341 1762/2398/2341 1761/2399/2341
f 1761/2399/2341 1762/2398/2341 1763/2400/2341
f 1764/2394/2342 1763/2396/2342 1762/2395/2342
f 1764/2394/2343 1765/2401/2343 1763/2396/2343
f 1764/2402/2344 1755/2403/2344 1765/2404/2344
f 1755/2403/2344 1766/2405/2344 1765/2404/2344
f 1755/2394/2345 1761/2396/2345 1766/2401/2345
f 1766/2401/2346 1761/2396/2346 1767/2406/2346
f 1767/2406/2347 1761/2396/2347 1768/2407/2347
f 1761/2396/2346 1769/2408/2346 1768/2407/2346
f 1761/2396/2347 1770/2409/2347 1769/2408/2347
f 1761/2399/2348 1763/2400/2348 1770/2397/2348
f 1770/2397/2349 1763/2400/2349 1771/2398/2349
f 1763/2396/2350 1772/2408/2350 1771/2409/2350
f 1763/2396/2351 1773/2407/2351 1772/2408/2351
f 1774/2406/2352 1773/2407/2352 1763/2396/2352
f 1767/2403/2353 1773/2410/2353 1774/2402/2353
f 1767/2403/2354 1768/2411/2354 1773/2410/2354
f 1772/2412/2355 1773/2410/2355 1768/2411/2355
f 1772/2412/2356 1768/2411/2356 1769/2413/2356
f 1771/2398/2357 1772/2412/2357 1769/2413/2357
f 1771/2398/2357 1769/2413/2357 1770/2397/2357
f 1766/2405/2358 1767/2403/2358 1774/2402/2358
f 1766/2405/2359 1774/2402/2359 1765/2404/2359
f 1765/2401/2352 1774/2406/2352 1763/2396/2352
f 1775/2386/2360 1764/2388/2360 1762/2393/2360
f 1776/2414/2361 1764/2415/2361 1775/2416/2361
f 1777/2417/2362 1776/2414/2362 1775/2416/2362
f 1778/2418/2363 1777/2419/2363 1775/2420/2363
f 1778/2421/2363 1779/2422/2363 1777/2423/2363
f 1779/2417/2364 1778/2416/2364 1780/2414/2364
f 1780/2414/2365 1778/2416/2365 1762/2415/2365
f 1775/2386/2366 1762/2393/2366 1778/2387/2366
f 1758/2424/2337 1754/2425/2337 1756/2426/2337
f 1755/2384/2367 1781/2392/2367 1756/2385/2367
f 1782/2427/2368 1783/2428/2368 1784/2429/2368
f 1783/2430/2369 1782/2431/2369 1785/2432/2369
f 1785/2428/2370 1782/2427/2370 1786/2433/2370
f 1782/2427/2371 1784/2429/2371 1786/2433/2371
f 1785/2428/2372 1786/2433/2372 1787/2429/2372
f 1785/2428/2373 1787/2429/2373 1788/2434/2373
f 1787/2429/2374 1789/2435/2374 1788/2434/2374
f 1788/2434/2375 1789/2435/2375 1783/2428/2375
f 1783/2428/2376 1789/2435/2376 1784/2429/2376
f 1783/2436/2377 1785/2437/2377 1788/2438/2377
f 1790/2439/2378 1791/2440/2378 1792/2441/2378
f 1790/2439/2379 1793/2442/2379 1791/2440/2379
f 1794/2443/2380 1793/2444/2380 1790/2445/2380
f 1793/2444/2381 1794/2443/2381 1791/2445/2381
f 1791/2445/2382 1794/2443/2382 1795/2446/2382
f 1796/2447/2383 1795/2448/2383 1794/2449/2383
f 1796/2447/2384 1797/2450/2384 1795/2448/2384
f 1796/2447/2385 1798/2451/2385 1797/2450/2385
f 1796/2446/2386 1790/2445/2386 1798/2452/2386
f 1794/2443/2387 1790/2445/2387 1796/2446/2387
f 1790/2445/2388 1792/2453/2388 1798/2452/2388
f 1798/2452/2389 1792/2453/2389 1799/2454/2389
f 1792/2453/2390 1800/2455/2390 1799/2454/2390
f 1792/2441/2391 1801/2456/2391 1800/2457/2391
f 1792/2441/2347 1791/2440/2347 1801/2456/2347
f 1791/2445/2392 1795/2446/2392 1801/2453/2392
f 1801/2453/2393 1795/2446/2393 1797/2452/2393
f 1801/2453/2394 1797/2452/2394 1802/2455/2394
f 1802/2455/2395 1797/2452/2395 1803/2454/2395
f 1798/2451/2396 1803/2458/2396 1797/2450/2396
f 1798/2451/2397 1799/2459/2397 1803/2458/2397
f 1799/2459/2398 1804/2460/2398 1803/2458/2398
f 1799/2459/2399 1805/2461/2399 1804/2460/2399
f 1806/2462/2400 1805/2463/2400 1799/2454/2400
f 1806/2462/2401 1807/2464/2401 1805/2463/2401
f 1806/2465/2402 1808/2466/2402 1807/2467/2402
f 1806/2465/2403 1802/2468/2403 1808/2466/2403
f 1800/2457/2404 1802/2468/2404 1806/2465/2404
f 1800/2457/2405 1801/2456/2405 1802/2468/2405
f 1800/2455/2406 1806/2462/2406 1799/2454/2406
f 1803/2454/2407 1808/2462/2407 1802/2455/2407
f 1803/2454/2408 1804/2463/2408 1808/2462/2408
f 1808/2462/2409 1804/2463/2409 1809/2469/2409
f 1809/2470/2410 1804/2471/2410 1810/2472/2410
f 1805/2473/2411 1810/2474/2411 1804/2475/2411
f 1805/2473/2412 1811/2476/2412 1810/2474/2412
f 1807/2464/2413 1811/2477/2413 1805/2463/2413
f 1810/2478/2414 1811/2479/2414 1807/2480/2414
f 1810/2478/2415 1807/2480/2415 1809/2481/2415
f 1807/2467/2416 1808/2466/2416 1809/2482/2416
f 1812/1931/2417 1813/1929/2417 1814/1955/2417
f 1812/1931/2418 1815/1930/2418 1813/1929/2418
f 1813/1927/2419 1815/1924/2419 1816/1926/2419
f 1816/1926/2420 1815/1924/2420 1817/1923/2420
f 1817/2483/2421 1815/2484/2421 1818/2485/2421
f 1815/1930/2422 1812/1931/2422 1818/1928/2422
f 1812/1934/2423 1814/1933/2423 1818/1932/2423
f 1814/1933/2424 1819/1936/2424 1818/1932/2424
f 1814/1933/2425 1820/1938/2425 1819/1936/2425
f 1814/1933/2426 1821/1937/2426 1820/1938/2426
f 1814/1955/2427 1822/1945/2427 1821/1953/2427
f 1814/1955/2428 1816/1954/2428 1822/1945/2428
f 1814/1955/2429 1813/1929/2429 1816/1954/2429
f 1816/1926/2430 1823/1925/2430 1822/1948/2430
f 1816/1926/2431 1817/1923/2431 1823/1925/2431
f 1824/2486/2432 1823/2487/2432 1817/2488/2432
f 1824/2486/2433 1819/2489/2433 1823/2487/2433
f 1818/1932/2434 1819/1936/2434 1824/1935/2434
f 1817/2483/2421 1818/2485/2421 1824/2490/2421
f 1819/2489/2435 1825/2491/2435 1823/2487/2435
f 1819/2489/2436 1820/2492/2436 1825/2491/2436
f 1820/2492/2437 1826/2493/2437 1825/2491/2437
f 1820/2492/2438 1827/2494/2438 1826/2493/2438
f 1821/1937/2439 1827/1939/2439 1820/1938/2439
f 1821/1937/2440 1828/1941/2440 1827/1939/2440
f 1821/1937/2441 1829/1940/2441 1828/1941/2441
f 1821/1953/2442 1822/1945/2442 1829/1946/2442
f 1829/1946/2443 1822/1945/2443 1760/1947/2443
f 1822/1948/2444 1826/1951/2444 1760/1949/2444
f 1822/1948/2445 1825/1952/2445 1826/1951/2445
f 1822/1948/2446 1823/1925/2446 1825/1952/2446
f 1760/1949/2447 1826/1951/2447 1780/1950/2447
f 1826/2493/2448 1776/2495/2448 1780/2496/2448
f 1828/2497/2449 1776/2495/2449 1826/2493/2449
f 1781/1943/2450 1776/1942/2450 1828/1941/2450
f 1829/1940/2451 1781/1943/2451 1828/1941/2451
f 1829/1946/2452 1760/1947/2452 1781/1944/2452
f 1827/2494/2453 1828/2497/2453 1826/2493/2453
f 1830/2039/2454 1831/2040/2454 1832/2042/2454
f 1830/2039/2455 1833/2038/2455 1831/2040/2455
f 1833/2038/2456 1834/2036/2456 1831/2040/2456
f 1833/2038/2457 1835/2498/2457 1834/2036/2457
f 1833/2038/2458 1836/2037/2458 1835/2498/2458
f 1836/2037/2459 1833/2038/2459 1837/2499/2459
f 1833/2038/2460 1838/2500/2460 1837/2499/2460
f 1833/2038/2461 1830/2039/2461 1838/2500/2461
f 1830/2039/2462 1839/2501/2462 1838/2500/2462
f 1830/2039/2463 1840/2041/2463 1839/2501/2463
f 1830/2039/2464 1832/2042/2464 1840/2041/2464
f 1838/2502/2465 1839/2503/2465 1841/2504/2465
f 1841/2504/2466 1839/2503/2466 1842/2043/2466
f 1841/2504/2467 1842/2043/2467 1843/2044/2467
f 1843/2044/2468 1842/2043/2468 1832/2042/2468
f 1831/2040/2469 1843/2044/2469 1832/2042/2469
f 1844/2034/2470 1843/2044/2470 1831/2040/2470
f 1844/2034/2471 1845/2046/2471 1843/2044/2471
f 1844/2034/2472 1846/2045/2472 1845/2046/2472
f 1847/2505/2473 1846/2045/2473 1844/2034/2473
f 1847/2505/2474 1848/2506/2474 1846/2045/2474
f 1847/2505/2475 1841/2504/2475 1848/2506/2475
f 1847/2505/2476 1838/2502/2476 1841/2504/2476
f 1837/2507/2477 1838/2502/2477 1847/2505/2477
f 1837/2507/2478 1847/2505/2478 1849/2508/2478
f 1849/2508/2479 1847/2505/2479 1850/2509/2479
f 1850/2509/2480 1847/2505/2480 1844/2034/2480
f 1850/2509/2481 1844/2034/2481 1851/2510/2481
f 1851/2510/2482 1844/2034/2482 1834/2036/2482
f 1834/2036/2483 1844/2034/2483 1831/2040/2483
f 1835/2498/2484 1851/2510/2484 1834/2036/2484
f 1836/2037/2485 1837/2499/2485 1849/2511/2485
f 1848/2506/2486 1841/2504/2486 1852/2512/2486
f 1852/2512/2487 1841/2504/2487 1843/2044/2487
f 1852/2512/2488 1843/2044/2488 1845/2046/2488
f 1852/2512/2489 1845/2046/2489 1846/2045/2489
f 1848/2506/2490 1852/2512/2490 1846/2045/2490
f 1853/1841/2491 1854/1851/2491 1855/1852/2491
f 1853/1841/2491 1856/1850/2491 1854/1851/2491
f 1853/1841/2491 1857/1849/2491 1856/1850/2491
f 1853/1841/2492 1858/1840/2492 1857/1849/2492
f 1853/1841/2492 1859/1838/2492 1858/1840/2492
f 1858/1846/2493 1859/1842/2493 1860/1843/2493
f 1859/1842/2494 1861/1855/2494 1860/1843/2494
f 1859/1842/2494 1853/1844/2494 1861/1855/2494
f 1853/1844/2495 1862/1843/2495 1861/1855/2495
f 1863/1842/2495 1862/1843/2495 1853/1844/2495
f 1863/1842/2496 1864/1845/2496 1862/1843/2496
f 1863/1842/2496 1855/1846/2496 1864/1845/2496
f 1853/1841/2497 1855/1852/2497 1863/1839/2497
f 1865/1847/2498 1864/1845/2498 1855/1846/2498
f 1864/1852/2499 1865/1851/2499 1866/1850/2499
f 1866/1854/2500 1865/1847/2500 1854/1848/2500
f 1854/1848/2501 1865/1847/2501 1855/1846/2501
f 1856/1853/2500 1866/1854/2500 1854/1848/2500
f 1856/1853/2502 1867/1847/2502 1866/1854/2502
f 1856/1853/2503 1857/1848/2503 1867/1847/2503
f 1857/1848/2504 1868/1845/2504 1867/1847/2504
f 1858/1846/2505 1868/1845/2505 1857/1848/2505
f 1858/1846/2493 1860/1843/2493 1868/1845/2493
f 1860/1838/2506 1864/1852/2506 1868/1840/2506
f 1860/1838/2507 1861/1841/2507 1864/1852/2507
f 1861/1841/2506 1862/1839/2506 1864/1852/2506
f 1868/1840/2506 1864/1852/2506 1867/1849/2506
f 1867/1849/2508 1864/1852/2508 1866/1850/2508
f 1869/1901/2509 1870/1904/2509 1871/1902/2509
f 1870/1904/2510 1872/1903/2510 1871/1902/2510
f 1872/1897/2511 1870/1896/2511 1873/1895/2511
f 1873/1895/2512 1870/1896/2512 1874/1894/2512
f 1875/1891/2513 1873/1895/2513 1874/1894/2513
f 1876/1898/2514 1873/1895/2514 1875/1891/2514
f 1876/1898/2515 1872/1897/2515 1873/1895/2515
f 1875/1891/2516 1877/1900/2516 1876/1899/2516
f 1878/1892/2517 1877/1900/2517 1875/1891/2517
f 1877/1898/2518 1878/1891/2518 1879/1895/2518
f 1878/1891/2519 1880/1894/2519 1879/1895/2519
f 1880/1890/2520 1878/1892/2520 1874/1893/2520
f 1874/1893/2521 1878/1892/2521 1875/1891/2521
f 1879/1895/2522 1880/1894/2522 1869/1896/2522
f 1871/1897/2523 1879/1895/2523 1869/1896/2523
f 1877/1898/2524 1879/1895/2524 1871/1897/2524
f 1881/1871/2525 1882/1858/2525 1883/1857/2525
f 1884/1859/2526 1882/1860/2526 1881/1861/2526
f 1882/1864/2527 1884/1865/2527 1883/1862/2527
f 1884/1865/2528 1885/1863/2528 1883/1862/2528
f 1886/1880/2529 1885/1868/2529 1884/1867/2529
f 1887/1881/2530 1885/1859/2530 1886/1870/2530
f 1888/1869/2531 1885/1859/2531 1887/1881/2531
f 1888/1869/2532 1889/1861/2532 1885/1859/2532
f 1881/1871/2533 1889/1856/2533 1888/1873/2533
f 1881/1871/2534 1883/1857/2534 1889/1856/2534
f 1885/1859/2535 1889/1861/2535 1883/1860/2535
f 1881/1871/2536 1888/1873/2536 1890/1872/2536
f 1887/1877/2537 1890/1876/2537 1888/1875/2537
f 1891/1874/2538 1890/1876/2538 1887/1877/2538
f 1890/1869/2539 1891/1881/2539 1884/1859/2539
f 1891/1881/2540 1892/1870/2540 1884/1859/2540
f 1892/1866/2541 1891/1879/2541 1887/1878/2541
f 1892/1866/2542 1887/1878/2542 1886/1880/2542
f 1892/1866/2543 1886/1880/2543 1884/1867/2543
f 1890/1869/2544 1884/1859/2544 1881/1861/2544
f 1442/2513/2545 1440/2514/2545 1435/2515/2545
f 1440/2516/2546 1436/2517/2546 1435/2518/2546
f 1893/2379/2547 1894/2380/2547 1895/2378/2547
f 1893/2379/2548 1896/2377/2548 1894/2380/2548
f 1893/2379/2549 1897/2381/2549 1896/2377/2549
f 1897/2381/2550 1898/2376/2550 1896/2377/2550
f 1897/2381/2551 1899/2382/2551 1898/2376/2551
f 1899/2382/2552 1900/2377/2552 1898/2376/2552
f 1899/2382/2553 1895/2378/2553 1900/2377/2553
f 1895/2378/2554 1894/2380/2554 1900/2377/2554
f 1901/2435/2555 1902/2434/2555 1903/2429/2555
f 1901/2435/2556 1904/2428/2556 1902/2434/2556
f 1904/2428/2557 1901/2435/2557 1905/2429/2557
f 1905/2429/2558 1906/2427/2558 1904/2428/2558
f 1905/2429/2559 1907/2433/2559 1906/2427/2559
f 1907/2433/2560 1908/2428/2560 1906/2427/2560
f 1907/2433/2561 1903/2429/2561 1908/2428/2561
f 1903/2429/2562 1902/2434/2562 1908/2428/2562
f 1902/2519/2563 1906/2520/2563 1908/2521/2563
f 1902/2522/2564 1904/2523/2564 1906/2524/2564
f 1476/2489/2565 1475/2486/2565 1467/2488/2565
f 1475/2490/2566 1468/2484/2566 1467/2483/2566
f 1475/2490/2567 1472/2485/2567 1468/2484/2567
f 1476/2489/2568 1467/2488/2568 1469/2487/2568
f 1478/2492/2569 1476/2489/2569 1469/2487/2569
f 1478/2492/2570 1469/2487/2570 1488/2491/2570
f 1479/2494/2571 1478/2492/2571 1488/2491/2571
f 1479/2494/2572 1488/2491/2572 1487/2493/2572
f 1481/2497/2573 1479/2494/2573 1487/2493/2573
f 1481/2497/2574 1487/2493/2574 1486/2496/2574
f 1482/2495/2575 1481/2497/2575 1486/2496/2575
f 1462/2050/2576 1909/2049/2576 1463/2525/2576
f 1462/2050/2577 1910/2047/2577 1909/2049/2577
f 1909/1918/2578 1910/1917/2578 1911/1914/2578
f 1910/1917/2579 1912/1911/2579 1911/1914/2579
f 1910/2526/2580 1459/2527/2580 1912/2528/2580
f 1910/2526/2581 1462/2048/2581 1459/2527/2581
f 1466/2049/2582 1912/2525/2582 1459/2050/2582
f 1912/1911/2583 1466/1919/2583 1465/1913/2583
f 1911/1914/2584 1912/1911/2584 1465/1913/2584
f 1911/1914/2585 1465/1913/2585 1456/1912/2585
f 1911/1914/2586 1456/1912/2586 1455/1915/2586
f 1911/2050/2587 1455/2525/2587 1461/2049/2587
f 1911/2050/2588 1461/2049/2588 1460/2047/2588
f 1909/2526/2589 1911/2528/2589 1460/2527/2589
f 1909/2526/2590 1460/2527/2590 1463/2525/2590
f 1466/2049/2591 1459/2050/2591 1464/2047/2591
f 1913/2407/2592 1914/2409/2592 1915/2408/2592
f 1913/2407/2592 1916/2406/2592 1914/2409/2592
f 1916/2406/2592 1917/2401/2592 1914/2409/2592
f 1917/2404/2593 1916/2402/2593 1918/2403/2593
f 1916/2402/2594 1919/2411/2594 1918/2403/2594
f 1916/2402/2594 1913/2410/2594 1919/2411/2594
f 1913/2410/2595 1920/2413/2595 1919/2411/2595
f 1913/2410/2595 1915/2412/2595 1920/2413/2595
f 1915/2412/2596 1921/2397/2596 1920/2413/2596
f 1915/2412/2596 1914/2398/2596 1921/2397/2596
f 1922/2399/2597 1921/2397/2597 1914/2398/2597
f 1921/2409/2598 1922/2396/2598 1923/2395/2598
f 1923/2397/2599 1922/2399/2599 1924/2400/2599
f 1924/2400/2597 1922/2399/2597 1914/2398/2597
f 1914/2409/2600 1925/2395/2600 1924/2396/2600
f 1926/2394/2601 1925/2395/2601 1914/2409/2601
f 1926/2388/2602 1927/2387/2602 1925/2393/2602
f 1926/2388/2602 1928/2386/2602 1927/2387/2602
f 1928/2416/2603 1926/2415/2603 1929/2417/2603
f 1929/2417/2604 1926/2415/2604 1482/2414/2604
f 1928/2529/2605 1929/2530/2605 1930/2531/2605
f 1928/2532/2606 1930/2533/2606 1927/2534/2606
f 1927/2416/2607 1930/2417/2607 1925/2415/2607
f 1930/2417/2608 1486/2414/2608 1925/2415/2608
f 1917/2401/2609 1926/2394/2609 1914/2409/2609
f 1917/2404/2610 1931/2405/2610 1926/2402/2610
f 1917/2404/2611 1918/2403/2611 1931/2405/2611
f 1918/2406/2612 1923/2395/2612 1931/2401/2612
f 1918/2406/2613 1919/2407/2613 1923/2395/2613
f 1919/2407/2614 1920/2408/2614 1923/2395/2614
f 1920/2408/2615 1921/2409/2615 1923/2395/2615
f 1931/2401/2616 1923/2395/2616 1932/2394/2616
f 1932/2388/2617 1923/2393/2617 1933/2386/2617
f 1923/2393/2617 1934/2387/2617 1933/2386/2617
f 1934/2383/2618 1923/2384/2618 1485/2392/2618
f 1935/2385/2619 1934/2383/2619 1485/2392/2619
f 1936/2535/2620 1934/2536/2620 1935/2537/2620
f 1936/2538/2621 1933/2539/2621 1934/2540/2621
f 1936/2385/2622 1483/2392/2622 1933/2383/2622
f 1933/2383/2623 1483/2392/2623 1932/2384/2623
f 1926/2402/2624 1931/2405/2624 1932/2403/2624
f 1925/2398/2625 1923/2397/2625 1924/2400/2625
f 1494/1961/2626 1496/1959/2626 1489/1960/2626
f 1494/1961/2627 1495/1968/2627 1496/1959/2627
f 1418/1839/2628 1421/1850/2628 1420/1851/2628
f 1418/1839/2629 1413/1849/2629 1421/1850/2629
f 1418/1839/2628 1412/1840/2628 1413/1849/2628
f 1418/1839/2628 1411/1838/2628 1412/1840/2628
f 1411/1838/2628 1418/1839/2628 1422/1841/2628
f 1418/1839/2628 1420/1851/2628 1419/1852/2628
f 1937/2463/2630 1938/2477/2630 1939/2464/2630
f 1938/2476/2631 1937/2473/2631 1940/2475/2631
f 1937/2461/2632 1941/2458/2632 1940/2460/2632
f 1942/2459/2633 1941/2458/2633 1937/2461/2633
f 1942/2459/2634 1943/2450/2634 1941/2458/2634
f 1942/2459/2635 1944/2451/2635 1943/2450/2635
f 1942/2454/2636 1945/2455/2636 1944/2452/2636
f 1942/2454/2637 1946/2462/2637 1945/2455/2637
f 1942/2454/2638 1937/2463/2638 1946/2462/2638
f 1946/2462/2639 1937/2463/2639 1939/2464/2639
f 1939/2467/2640 1947/2541/2640 1946/2465/2640
f 1938/2542/2641 1947/2543/2641 1939/2544/2641
f 1938/2542/2642 1948/2545/2642 1947/2543/2642
f 1938/2476/2643 1940/2475/2643 1948/2474/2643
f 1940/2546/2644 1947/2547/2644 1948/2548/2644
f 1940/2463/2645 1949/2462/2645 1947/2549/2645
f 1940/2463/2646 1941/2454/2646 1949/2462/2646
f 1941/2454/2647 1950/2455/2647 1949/2462/2647
f 1951/2453/2648 1950/2455/2648 1941/2454/2648
f 1952/2441/2649 1950/2468/2649 1951/2456/2649
f 1945/2457/2650 1950/2468/2650 1952/2441/2650
f 1945/2457/2651 1949/2466/2651 1950/2468/2651
f 1946/2465/2652 1949/2466/2652 1945/2457/2652
f 1946/2465/2653 1947/2541/2653 1949/2466/2653
f 1944/2452/2654 1945/2455/2654 1952/2453/2654
f 1944/2452/2655 1952/2453/2655 1953/2446/2655
f 1953/2446/2656 1952/2453/2656 1954/2445/2656
f 1952/2441/2657 1951/2456/2657 1954/2439/2657
f 1954/2439/2658 1951/2456/2658 1955/2440/2658
f 1955/2445/2659 1951/2453/2659 1943/2452/2659
f 1943/2452/2660 1951/2453/2660 1941/2454/2660
f 1956/2446/2661 1955/2445/2661 1943/2452/2661
f 1957/2444/2662 1955/2445/2662 1956/2446/2662
f 1954/2439/2657 1955/2440/2657 1957/2442/2657
f 1953/2446/2663 1954/2445/2663 1957/2444/2663
f 1953/2446/2663 1957/2444/2663 1958/2443/2663
f 1958/2443/2664 1957/2444/2664 1956/2446/2664
f 1953/2447/2665 1958/2449/2665 1956/2448/2665
f 1944/2451/2666 1953/2447/2666 1956/2448/2666
f 1944/2451/2592 1956/2448/2592 1943/2450/2592
f 1959/2550/2667 1960/2551/2667 1961/2552/2667
f 1962/2553/2668 1960/2554/2668 1959/2555/2668
f 1960/2556/2669 1962/2557/2669 1963/2558/2669
f 1962/2559/2670 1964/2560/2670 1963/2561/2670
f 1965/2562/2671 1964/2560/2671 1962/2559/2671
f 1965/2562/2672 1966/2563/2672 1964/2560/2672
f 1967/2564/2673 1966/2565/2673 1965/2566/2673
f 1967/2564/2674 1968/2567/2674 1966/2565/2674
f 1967/2564/2675 1969/2568/2675 1968/2567/2675
f 1967/2564/2675 1970/2569/2675 1969/2568/2675
f 1970/2570/2676 1967/2571/2676 1965/2572/2676
f 1962/2557/2677 1970/2570/2677 1965/2572/2677
f 1962/2557/2678 1971/2573/2678 1970/2570/2678
f 1972/2574/2679 1971/2573/2679 1962/2557/2679
f 1971/2575/2680 1972/2576/2680 1973/2577/2680
f 1972/2578/2681 1974/2579/2681 1973/2580/2681
f 1972/2581/2682 1975/2582/2682 1974/2583/2682
f 1975/2584/2683 1972/2574/2683 1962/2557/2683
f 1976/2585/2684 1975/2584/2684 1962/2557/2684
f 1975/2586/2685 1976/2587/2685 1977/2588/2685
f 1977/2589/2686 1976/2585/2686 1959/2590/2686
f 1959/2590/2687 1976/2585/2687 1962/2557/2687
f 1977/2589/2686 1959/2590/2686 1961/2591/2686
f 1961/2591/2688 1978/2592/2688 1977/2589/2688
f 1961/2591/2689 1960/2556/2689 1978/2592/2689
f 1979/2593/2690 1978/2592/2690 1960/2556/2690
f 1978/2594/2691 1979/2595/2691 1980/2596/2691
f 1979/2577/2692 1981/2575/2692 1980/2576/2692
f 1982/2597/2693 1981/2575/2693 1979/2577/2693
f 1982/2597/2694 1983/2598/2694 1981/2575/2694
f 1984/2599/2695 1983/2598/2695 1982/2597/2695
f 1985/2600/2696 1983/2598/2696 1984/2599/2696
f 1985/2600/2697 1986/2601/2697 1983/2598/2697
f 1985/2562/2698 1987/2602/2698 1986/2563/2698
f 1985/2562/2699 1963/2561/2699 1987/2602/2699
f 1963/2558/2700 1985/2603/2700 1984/2604/2700
f 1982/2605/2701 1963/2558/2701 1984/2604/2701
f 1982/2605/2702 1960/2556/2702 1963/2558/2702
f 1979/2593/2703 1960/2556/2703 1982/2605/2703
f 1964/2560/2670 1987/2602/2670 1963/2561/2670
f 1988/2556/2704 1987/2558/2704 1964/2557/2704
f 1981/2605/2705 1987/2558/2705 1988/2556/2705
f 1981/2605/2706 1986/2603/2706 1987/2558/2706
f 1981/2605/2707 1983/2604/2707 1986/2603/2707
f 1989/2592/2708 1981/2605/2708 1988/2556/2708
f 1980/2593/2709 1981/2605/2709 1989/2592/2709
f 1978/2606/2710 1980/2607/2710 1989/2608/2710
f 1978/2609/2711 1989/2610/2711 1990/2611/2711
f 1990/2612/2712 1989/2613/2712 1991/2614/2712
f 1991/2326/2713 1989/2325/2713 1974/2327/2713
f 1974/2615/2714 1989/2616/2714 1992/2617/2714
f 1992/2618/2715 1989/2619/2715 1993/2620/2715
f 1988/2556/2716 1993/2589/2716 1989/2592/2716
f 1988/2556/2717 1994/2591/2717 1993/2589/2717
f 1964/2621/2718 1994/2622/2718 1988/2623/2718
f 1964/2624/2719 1995/2625/2719 1994/2626/2719
f 1964/2557/2720 1974/2584/2720 1995/2590/2720
f 1974/2584/2721 1964/2557/2721 1996/2573/2721
f 1964/2557/2722 1969/2570/2722 1996/2573/2722
f 1964/2557/2723 1968/2571/2723 1969/2570/2723
f 1964/2557/2724 1966/2572/2724 1968/2571/2724
f 1970/2569/2725 1996/2597/2725 1969/2568/2725
f 1970/2569/2726 1971/2575/2726 1996/2597/2726
f 1971/2575/2680 1973/2577/2680 1996/2597/2680
f 1974/2584/2727 1996/2573/2727 1973/2574/2727
f 1974/2584/2728 1992/2585/2728 1995/2590/2728
f 1992/2585/2729 1994/2591/2729 1995/2590/2729
f 1993/2589/2729 1994/2591/2729 1992/2585/2729
f 1991/2326/2730 1974/2327/2730 1997/2324/2730
f 1975/2627/2731 1997/2628/2731 1974/2629/2731
f 1975/2630/2732 1998/2631/2732 1997/2632/2732
f 1998/2324/2733 1975/2327/2733 1978/2325/2733
f 1975/2633/2734 1977/2634/2734 1978/2635/2734
f 1990/2326/2735 1998/2324/2735 1978/2325/2735
f 1999/1888/2736 2000/1886/2736 2001/1889/2736
f 2000/1886/2737 2002/1887/2737 2001/1889/2737
f 2002/1882/2738 2000/1884/2738 2003/1885/2738
f 2002/1882/2739 2003/1885/2739 2004/1883/2739
f 2003/1886/2740 2005/1889/2740 2004/1887/2740
f 2003/1886/2741 2006/1888/2741 2005/1889/2741
f 2001/1883/2742 2005/1882/2742 2006/1884/2742
f 2001/2636/2743 2004/2637/2743 2005/2638/2743
f 2001/2639/2744 2002/2640/2744 2004/2641/2744
f 2001/1883/2745 2006/1884/2745 1999/1885/2745
f 2007/1980/2746 2008/1981/2746 2009/1982/2746
f 2010/1983/2747 2008/1990/2747 2007/1984/2747
f 2010/1983/2748 2011/1985/2748 2008/1990/2748
f 2010/1980/2749 2012/1989/2749 2011/1981/2749
f 2012/2642/2750 2010/2643/2750 2013/2644/2750
f 2013/2645/2751 2010/2646/2751 2007/2647/2751
f 2007/1980/2746 2009/1982/2746 2013/1989/2746
f 2013/1984/2752 2009/1990/2752 2014/1985/2752
f 2014/2648/2753 2009/2649/2753 2011/2650/2753
f 2009/2651/2754 2008/2652/2754 2011/2653/2754
f 2012/1989/2755 2014/1982/2755 2011/1981/2755
f 2012/1983/2756 2013/1984/2756 2014/1985/2756
f 2014/2654/2757 2011/2655/2757 1516/2656/2757
f 2014/2657/2758 1516/2658/2758 1513/2659/2758
f 1535/2045/2759 2015/2506/2759 1524/2034/2759
f 2015/2506/2760 1535/2045/2760 1536/2046/2760
f 2015/2506/2761 1536/2046/2761 2016/2512/2761
f 2016/2512/2762 1536/2046/2762 2017/2504/2762
f 2017/2504/2763 1536/2046/2763 1534/2044/2763
f 2017/2504/2764 1534/2044/2764 1533/2043/2764
f 2017/2504/2765 1533/2043/2765 2018/2503/2765
f 2019/2502/2766 2017/2504/2766 2018/2503/2766
f 2020/2507/2767 2017/2504/2767 2019/2502/2767
f 2020/2507/2768 2021/2505/2768 2017/2504/2768
f 2020/2507/2769 2022/2509/2769 2021/2505/2769
f 2020/2507/2770 2023/2508/2770 2022/2509/2770
f 2023/2660/2771 2020/2661/2771 1528/2662/2771
f 1528/2662/2772 2020/2661/2772 1529/2663/2772
f 2020/2661/2773 2019/2664/2773 1529/2663/2773
f 1529/2663/2774 2019/2664/2774 1531/2665/2774
f 2019/2664/2775 2018/2666/2775 1531/2665/2775
f 1527/2667/2776 2023/2660/2776 1528/2662/2776
f 2022/2509/2777 1525/2035/2777 2021/2505/2777
f 2021/2505/2778 1525/2035/2778 1524/2034/2778
f 2015/2506/2779 2021/2505/2779 1524/2034/2779
f 2021/2505/2780 2015/2506/2780 2016/2512/2780
f 2021/2505/2781 2016/2512/2781 2017/2504/2781
f 2024/2363/2782 2025/2364/2782 2026/2365/2782
f 2025/1845/2783 2024/1843/2783 2027/1842/2783
f 2027/1842/2784 2024/1843/2784 2028/1844/2784
f 2024/1843/2784 2026/1855/2784 2028/1844/2784
f 2026/1855/2785 2029/1842/2785 2028/1844/2785
f 2026/1855/2786 2030/1843/2786 2029/1842/2786
f 2026/2365/2787 2031/2360/2787 2030/2359/2787
f 2026/2365/2787 2032/2361/2787 2031/2360/2787
f 2026/2365/2787 2033/2362/2787 2032/2361/2787
f 2026/2365/2788 2034/2366/2788 2033/2362/2788
f 2026/2365/2789 2025/2364/2789 2034/2366/2789
f 2034/1847/2790 2025/1845/2790 2035/1846/2790
f 2035/1846/2791 2025/1845/2791 2027/1842/2791
f 2027/1838/2792 2029/1839/2792 2035/1840/2792
f 2027/1838/2793 2028/1841/2793 2029/1839/2793
f 2035/1840/2792 2029/1839/2792 2036/1849/2792
f 2029/1839/2792 2037/1850/2792 2036/1849/2792
f 2029/1839/2794 2038/1851/2794 2037/1850/2794
f 2029/1839/2792 2039/1852/2792 2038/1851/2792
f 2030/1843/2795 2039/1846/2795 2029/1842/2795
f 2031/1845/2796 2039/1846/2796 2030/1843/2796
f 2038/1848/2797 2039/1846/2797 2031/1845/2797
f 2038/1848/2798 2031/1845/2798 2032/1847/2798
f 2037/1853/2799 2038/1848/2799 2032/1847/2799
f 2037/1853/2800 2032/1847/2800 2033/1854/2800
f 2033/1854/2801 2036/1848/2801 2037/1853/2801
f 2034/1847/2802 2036/1848/2802 2033/1854/2802
f 2034/1847/2803 2035/1846/2803 2036/1848/2803
f 2040/2270/2804 2041/2271/2804 2042/2272/2804
f 2040/2270/2805 2043/2273/2805 2041/2271/2805
f 2040/2270/2806 2044/2276/2806 2043/2273/2806
f 2044/2276/2807 2045/2275/2807 2043/2273/2807
f 2044/2276/2808 2046/2273/2808 2045/2275/2808
f 2047/2270/2809 2046/2273/2809 2044/2276/2809
f 2046/2273/2810 2047/2270/2810 2048/2272/2810
f 2046/2273/2811 2048/2272/2811 2049/2271/2811
f 2049/2271/2812 2045/2275/2812 2046/2273/2812
f 2049/2271/2813 2050/2274/2813 2045/2275/2813
f 2045/2275/2814 2050/2274/2814 2043/2273/2814
f 2050/2274/2815 2041/2271/2815 2043/2273/2815
f 1538/1918/2816 2051/1911/2816 2052/1914/2816
f 1538/1918/2817 1540/1917/2817 2051/1911/2817
f 1540/2048/2818 2053/2528/2818 2051/2527/2818
f 1540/2048/2819 1537/2526/2819 2053/2528/2819
f 1537/1917/2820 1539/1918/2820 2053/1911/2820
f 1539/1918/2821 2054/1914/2821 2053/1911/2821
f 1538/2048/2822 2054/2528/2822 1539/2526/2822
f 2054/2528/2823 1538/2048/2823 2052/2527/2823
f 2055/2525/2824 2054/2050/2824 2052/2047/2824
f 2054/1914/2825 2055/1915/2825 2056/1912/2825
f 2055/1905/2826 2057/1916/2826 2056/1906/2826
f 2055/2525/2827 2052/2047/2827 2057/2049/2827
f 2052/1914/2828 2058/1912/2828 2057/1915/2828
f 2052/1914/2829 2059/1913/2829 2058/1912/2829
f 2051/1911/2830 2059/1913/2830 2052/1914/2830
f 2051/1911/2831 2060/1919/2831 2059/1913/2831
f 2053/2525/2832 2060/2047/2832 2051/2050/2832
f 2053/2525/2833 2061/2049/2833 2060/2047/2833
f 2053/1911/2834 2062/1913/2834 2061/1919/2834
f 2053/1911/2835 2056/1912/2835 2062/1913/2835
f 2053/1911/2836 2054/1914/2836 2056/1912/2836
f 2056/2668/2837 2058/2669/2837 2062/2670/2837
f 2056/1906/2826 2057/1916/2826 2058/1907/2826
f 2058/2671/2837 2059/2672/2837 2062/2673/2837
f 2061/1916/2838 2062/1907/2838 2059/1906/2838
f 2061/1916/2839 2059/1906/2839 2060/1905/2839
f 1571/2674/2840 1570/2675/2840 2063/2676/2840
f 1570/2677/2841 2064/2678/2841 2063/2679/2841
f 1570/2677/2842 1562/2680/2842 2064/2678/2842
f 1562/2680/2843 1560/2681/2843 2064/2678/2843
f 2064/2678/2844 1560/2681/2844 1558/2682/2844
f 2064/2678/2845 1558/2682/2845 2065/2683/2845
f 1555/2684/2846 2065/2685/2846 1558/2686/2846
f 1555/2684/2847 1571/2674/2847 2065/2685/2847
f 1571/2674/2848 2063/2676/2848 2065/2685/2848
f 2063/2679/2849 2064/2678/2849 2065/2683/2849
f 2066/2262/2850 2067/2265/2850 2068/2263/2850
f 2068/2263/2851 2067/2265/2851 2069/2264/2851
f 2067/2262/2852 2070/2264/2852 2069/2263/2852
f 2071/2265/2853 2070/2264/2853 2067/2262/2853
f 2072/2265/2854 2070/2263/2854 2071/2262/2854
f 2072/2265/2855 2073/2264/2855 2070/2263/2855
f 2072/2262/2856 2068/2264/2856 2073/2263/2856
f 2066/2265/2857 2068/2264/2857 2072/2262/2857
f 2074/2295/2858 2075/2294/2858 2076/2302/2858
f 2075/2296/2859 2074/2298/2859 2077/2294/2859
f 2074/2298/2860 2078/2687/2860 2077/2294/2860
f 2078/2687/2861 2079/2301/2861 2077/2294/2861
f 2080/2300/2862 2079/2301/2862 2078/2687/2862
f 2081/2296/2863 2079/2303/2863 2080/2297/2863
f 2082/2688/2864 2079/2689/2864 2081/2287/2864
f 2077/2287/2865 2079/2689/2865 2082/2688/2865
f 2077/2287/2866 2082/2688/2866 2083/2288/2866
f 2084/2280/2867 2083/2690/2867 2082/2279/2867
f 2084/2284/2868 2085/2285/2868 2083/2690/2868
f 2084/2284/2869 2086/2311/2869 2085/2285/2869
f 2087/2283/2870 2086/2311/2870 2084/2284/2870
f 2087/2282/2871 2084/2280/2871 2088/2278/2871
f 2084/2280/2872 2082/2279/2872 2088/2278/2872
f 2088/2308/2873 2082/2688/2873 2089/2291/2873
f 2089/2291/2874 2082/2688/2874 2081/2287/2874
f 2075/2293/2875 2089/2291/2875 2081/2287/2875
f 2075/2293/2876 2085/2292/2876 2089/2291/2876
f 2085/2285/2877 2075/2287/2877 2083/2690/2877
f 2083/2690/2878 2075/2287/2878 2077/2286/2878
f 2090/2307/2879 2089/2304/2879 2085/2306/2879
f 2091/2310/2880 2089/2291/2880 2090/2309/2880
f 2091/2310/2881 2088/2308/2881 2089/2291/2881
f 2087/2282/2882 2088/2278/2882 2091/2281/2882
f 2090/2307/2883 2085/2306/2883 2086/2305/2883
f 2076/2302/2884 2075/2294/2884 2081/2296/2884
f 2081/2296/2885 2080/2297/2885 2076/2302/2885
f 2092/2691/2886 2093/2692/2886 2094/2693/2886
f 2095/2694/2887 2093/2692/2887 2092/2695/2887
f 2095/2694/2888 2096/2696/2888 2093/2692/2888
f 2095/2694/2889 2097/2697/2889 2096/2696/2889
f 2097/2697/2890 2095/2694/2890 2098/2698/2890
f 2098/2698/2891 2095/2694/2891 1605/2699/2891
f 1605/2699/2892 2095/2694/2892 2092/2695/2892
f 2092/2700/2893 1607/2206/2893 1605/2701/2893
f 2092/2700/2894 2099/2702/2894 1607/2206/2894
f 2094/2703/2895 2099/2702/2895 2092/2700/2895
f 2094/2703/2896 2100/2704/2896 2099/2702/2896
f 2094/2703/2897 2101/2705/2897 2100/2704/2897
f 2094/2693/2898 2102/2706/2898 2101/2707/2898
f 2094/2693/2899 2103/2708/2899 2102/2706/2899
f 2093/2692/2900 2103/2708/2900 2094/2693/2900
f 2103/2708/2901 2093/2692/2901 2104/2709/2901
f 2093/2692/2902 2096/2696/2902 2104/2709/2902
f 2096/2696/2903 2105/2710/2903 2104/2709/2903
f 2096/2696/2904 2097/2697/2904 2105/2710/2904
f 2097/2697/2905 2106/2711/2905 2105/2710/2905
f 2106/2711/2906 2097/2697/2906 1619/2712/2906
f 2097/2697/2907 1602/2713/2907 1619/2712/2907
f 2097/2697/2908 2098/2698/2908 1602/2713/2908
f 2098/2698/2909 1603/2714/2909 1602/2713/2909
f 1603/2714/2910 2098/2698/2910 1605/2699/2910
f 2106/2711/2911 1619/2712/2911 2107/2697/2911
f 2107/2697/2912 1619/2712/2912 1618/2715/2912
f 2107/2697/2913 1618/2715/2913 1623/2714/2913
f 1623/2714/2914 2108/2698/2914 2107/2697/2914
f 1623/2714/2915 1612/2699/2915 2108/2698/2915
f 2108/2698/2916 1612/2699/2916 2109/2694/2916
f 1612/2699/2917 2110/2695/2917 2109/2694/2917
f 2099/2702/2918 2110/2700/2918 1612/2701/2918
f 2099/2702/2919 2111/2703/2919 2110/2700/2919
f 2100/2704/2920 2111/2703/2920 2099/2702/2920
f 2112/2716/2921 2111/2703/2921 2100/2704/2921
f 2112/2716/2922 2113/2705/2922 2111/2703/2922
f 2112/2716/2923 1581/2717/2923 2113/2705/2923
f 1577/2718/2924 1581/2717/2924 2112/2716/2924
f 1578/2717/2925 1577/2718/2925 2112/2716/2925
f 2101/2705/2926 1578/2717/2926 2112/2716/2926
f 2101/2707/2927 2102/2706/2927 1578/2719/2927
f 2102/2706/2928 1576/2720/2928 1578/2719/2928
f 2102/2706/2929 1579/2721/2929 1576/2720/2929
f 2114/2722/2930 1579/2721/2930 2102/2706/2930
f 2114/2722/2931 2115/2706/2931 1579/2721/2931
f 2114/2722/2932 2116/2708/2932 2115/2706/2932
f 2114/2722/2933 2117/2723/2933 2116/2708/2933
f 2103/2708/2934 2117/2723/2934 2114/2722/2934
f 2103/2708/2935 2118/2724/2935 2117/2723/2935
f 2103/2708/2936 2104/2709/2936 2118/2724/2936
f 2104/2709/2937 2105/2710/2937 2118/2724/2937
f 2105/2710/2938 2119/2709/2938 2118/2724/2938
f 2105/2710/2939 2120/2725/2939 2119/2709/2939
f 2105/2710/2940 2107/2697/2940 2120/2696/2940
f 2106/2711/2941 2107/2697/2941 2105/2710/2941
f 2107/2697/2942 2108/2698/2942 2120/2696/2942
f 2120/2696/2943 2108/2698/2943 2109/2694/2943
f 2120/2725/2944 2109/2726/2944 2119/2709/2944
f 2109/2726/2945 2121/2692/2945 2119/2709/2945
f 2109/2694/2946 2110/2695/2946 2121/2692/2946
f 2110/2691/2947 2111/2693/2947 2121/2692/2947
f 2121/2692/2948 2111/2693/2948 2116/2708/2948
f 2111/2693/2949 2113/2707/2949 2116/2708/2949
f 2116/2708/2950 2113/2707/2950 2115/2706/2950
f 2113/2707/2951 1581/2719/2951 2115/2706/2951
f 2115/2706/2952 1581/2719/2952 1580/2720/2952
f 1579/2721/2953 2115/2706/2953 1580/2720/2953
f 2121/2692/2954 2116/2708/2954 2119/2709/2954
f 2118/2724/2955 2119/2709/2955 2116/2708/2955
f 2118/2724/2956 2116/2708/2956 2117/2723/2956
f 2103/2708/2957 2114/2722/2957 2102/2706/2957
f 2101/2705/2958 2112/2716/2958 2100/2704/2958
f 2099/2702/2959 1612/2701/2959 1610/2206/2959
f 1607/2727/2960 2099/2728/2960 1610/2729/2960
f 1640/2730/2961 2122/2731/2961 2123/2732/2961
f 1640/2730/2962 1642/2733/2962 2122/2731/2962
f 1643/2238/2963 2122/2734/2963 1642/2237/2963
f 2124/2735/2964 2122/2734/2964 1643/2238/2964
f 2125/2238/2965 2122/2734/2965 2124/2735/2965
f 2125/2238/2966 2126/2237/2966 2122/2734/2966
f 2127/2372/2967 2126/2237/2967 2125/2238/2967
f 2122/2731/2968 2126/2733/2968 2127/2730/2968
f 2122/2731/2969 2127/2730/2969 2123/2732/2969
f 2127/2372/2970 2125/2238/2970 2128/1829/2970
f 2129/2736/2971 1397/1821/2971 1399/1829/2971
f 1394/2735/2972 1397/1821/2972 2129/2736/2972
f 1391/1821/2973 1394/1827/2973 2129/2736/2973
f 1391/1821/2974 2129/2736/2974 1743/1829/2974
f 2129/2736/2975 2123/2737/2975 1743/1829/2975
f 2129/2736/2976 2130/2372/2976 2123/2737/2976
f 1399/1829/2977 2130/2372/2977 2129/2736/2977
f 2131/2373/2978 2130/2372/2978 1399/1829/2978
f 2123/2738/2979 2130/2739/2979 2131/2740/2979
f 2123/2738/2980 2131/2740/2980 2132/2741/2980
f 1403/1822/2981 2132/2742/2981 2131/2743/2981
f 2133/2744/2982 2132/2742/2982 1403/1822/2982
f 2133/2744/2983 1745/2743/2983 2132/2742/2983
f 2133/2744/2984 1392/1822/2984 1745/2743/2984
f 2133/2745/2985 2134/2746/2985 1392/2747/2985
f 2133/2745/2986 2135/2748/2986 2134/2746/2986
f 2133/2745/2987 1403/2747/2987 2135/2748/2987
f 1403/2747/2988 2136/2749/2988 2135/2748/2988
f 1403/2747/2989 2137/2750/2989 2136/2749/2989
f 2137/2750/2990 1403/2747/2990 2138/2751/2990
f 1401/2752/2991 2138/2751/2991 1403/2747/2991
f 1401/2752/2992 2139/2753/2992 2138/2751/2992
f 1401/2317/2993 2140/2316/2993 2139/2315/2993
f 2140/2320/2994 1401/2318/2994 2141/2319/2994
f 2141/2319/2995 1401/2318/2995 2142/2321/2995
f 2142/2754/2996 1401/2752/2996 1400/2755/2996
f 1403/1822/2997 2131/2373/2997 1399/1829/2997
f 2143/2756/2998 1400/2755/2998 1393/2752/2998
f 2142/2754/2999 1400/2755/2999 2143/2756/2999
f 2144/2757/3000 2142/2754/3000 2143/2756/3000
f 2145/2758/3001 2142/2754/3001 2144/2757/3001
f 2146/2322/3002 2142/2321/3002 2145/2323/3002
f 2141/2319/3003 2142/2321/3003 2146/2322/3003
f 2146/2759/3004 2147/2760/3004 2141/2761/3004
f 2148/2762/3005 2147/2760/3005 2146/2759/3005
f 1709/2763/3006 2147/2760/3006 2148/2762/3006
f 1709/2763/3007 1707/2764/3007 2147/2760/3007
f 1707/2764/3008 2149/2765/3008 2147/2760/3008
f 1707/2764/3009 1705/2766/3009 2149/2765/3009
f 1705/2766/3010 2150/2767/3010 2149/2765/3010
f 1705/2766/3011 2151/2768/3011 2150/2767/3011
f 1705/2766/3012 2152/2769/3012 2151/2768/3012
f 1704/2770/3013 2152/2769/3013 1705/2766/3013
f 1704/2770/3014 2153/2771/3014 2152/2769/3014
f 1704/2770/3015 1701/2772/3015 2153/2771/3015
f 1701/2772/3016 1703/2773/3016 2153/2771/3016
f 2153/2771/3017 1703/2773/3017 2154/2774/3017
f 2154/2774/3018 1703/2773/3018 1702/2753/3018
f 1702/2753/3019 2155/2751/3019 2154/2774/3019
f 1393/2752/3020 2155/2751/3020 1702/2753/3020
f 1393/2752/3021 1392/2747/3021 2155/2751/3021
f 2156/2750/3022 2155/2751/3022 1392/2747/3022
f 2155/2751/3023 2156/2750/3023 2157/2775/3023
f 2156/2750/3024 2158/2749/3024 2157/2775/3024
f 2156/2750/3025 2159/2748/3025 2158/2749/3025
f 1392/2747/3026 2159/2748/3026 2156/2750/3026
f 1392/2747/3027 2134/2746/3027 2159/2748/3027
f 2159/2776/3028 2134/2777/3028 2160/2778/3028
f 2134/2777/3029 2135/2776/3029 2160/2778/3029
f 2160/2778/3030 2135/2776/3030 2136/2779/3030
f 2160/2778/3031 2136/2779/3031 2161/2780/3031
f 2161/2780/3032 2136/2779/3032 2162/2781/3032
f 2162/2781/3033 2136/2749/3033 2163/2775/3033
f 2137/2750/3034 2163/2775/3034 2136/2749/3034
f 2164/2774/3035 2163/2775/3035 2137/2750/3035
f 2165/2771/3036 2163/2775/3036 2164/2774/3036
f 2165/2771/3037 2166/2782/3037 2163/2775/3037
f 2165/2771/3038 2167/2769/3038 2166/2782/3038
f 2168/2772/3039 2167/2769/3039 2165/2771/3039
f 2169/2770/3040 2167/2769/3040 2168/2772/3040
f 2169/2770/3041 2170/2768/3041 2167/2769/3041
f 2169/2770/3042 2140/2766/3042 2170/2768/3042
f 2140/2316/3043 2169/2313/3043 2139/2315/3043
f 2169/2313/3044 2171/2312/3044 2139/2315/3044
f 2169/2313/3045 2168/2314/3045 2171/2312/3045
f 2168/2772/3046 2164/2774/3046 2171/2773/3046
f 2168/2772/3047 2165/2771/3047 2164/2774/3047
f 2171/2773/3048 2164/2774/3048 2138/2751/3048
f 2138/2751/3049 2164/2774/3049 2137/2750/3049
f 2171/2773/3050 2138/2751/3050 2139/2753/3050
f 2140/2766/3051 2150/2767/3051 2170/2768/3051
f 2149/2765/3052 2150/2767/3052 2140/2766/3052
f 2141/2761/3053 2149/2765/3053 2140/2766/3053
f 2147/2760/3054 2149/2765/3054 2141/2761/3054
f 2150/2767/3055 2172/2783/3055 2170/2768/3055
f 2151/2768/3056 2172/2783/3056 2150/2767/3056
f 2151/2768/3057 2173/2784/3057 2172/2783/3057
f 2152/2769/3058 2173/2784/3058 2151/2768/3058
f 2152/2769/3059 2174/2782/3059 2173/2784/3059
f 2153/2771/3060 2174/2782/3060 2152/2769/3060
f 2153/2771/3061 2154/2774/3061 2174/2782/3061
f 2174/2782/3062 2154/2774/3062 2157/2775/3062
f 2155/2751/3063 2157/2775/3063 2154/2774/3063
f 2174/2782/3064 2157/2775/3064 2158/2749/3064
f 2174/2782/3065 2158/2749/3065 2175/2781/3065
f 2158/2779/3066 2161/2780/3066 2175/2781/3066
f 2158/2779/3067 2160/2778/3067 2161/2780/3067
f 2158/2779/3068 2159/2776/3068 2160/2778/3068
f 2175/2781/3069 2161/2780/3069 2173/2784/3069
f 2173/2784/3070 2161/2780/3070 2172/2783/3070
f 2161/2780/3071 2176/2784/3071 2172/2783/3071
f 2161/2780/3072 2162/2781/3072 2176/2784/3072
f 2166/2782/3073 2176/2784/3073 2162/2781/3073
f 2167/2769/3074 2176/2784/3074 2166/2782/3074
f 2167/2769/3075 2170/2768/3075 2176/2784/3075
f 2170/2768/3076 2172/2783/3076 2176/2784/3076
f 2166/2782/3077 2162/2781/3077 2163/2775/3077
f 2174/2782/3078 2175/2781/3078 2173/2784/3078
f 1709/2761/3079 2148/2785/3079 1708/2759/3079
f 1708/2759/3080 2148/2785/3080 2144/2762/3080
f 2148/2785/3081 2145/2763/3081 2144/2762/3081
f 2148/2785/3082 2146/2761/3082 2145/2763/3082
f 2144/2757/3083 2143/2756/3083 1708/2758/3083
f 1708/2758/3084 2143/2756/3084 1706/2754/3084
f 2143/2756/3085 1393/2752/3085 1706/2754/3085
f 1406/1809/3086 1402/1805/3086 2177/1806/3086
f 1402/1805/3087 2178/1804/3087 2177/1806/3087
f 2179/1807/3088 2178/1804/3088 1402/1805/3088
f 2179/1807/3089 2180/1816/3089 2178/1804/3089
f 2180/1816/3090 2181/1808/3090 2178/1804/3090
f 2181/1808/3091 2180/1816/3091 2182/1818/3091
f 2181/1808/3092 2182/1818/3092 2183/1817/3092
f 2182/1815/3093 1398/1813/3093 2183/1814/3093
f 1398/1813/3094 2184/1812/3094 2183/1814/3094
f 1396/1810/3095 2184/1812/3095 1398/1813/3095
f 2185/1811/3096 2184/1812/3096 1396/1810/3096
f 2186/2786/3097 2184/2787/3097 2185/2788/3097
f 2183/2789/3098 2184/2787/3098 2186/2786/3098
f 2181/2790/3099 2183/2789/3099 2186/2786/3099
f 2181/2790/3100 2186/2786/3100 2178/2791/3100
f 2178/2791/3101 2186/2786/3101 2177/2792/3101
f 2186/2786/3102 2185/2788/3102 2177/2792/3102
f 2177/1806/3103 2185/1811/3103 1396/1810/3103
f 1406/1809/3104 2177/1806/3104 1396/1810/3104
f 1745/2740/3105 2123/2738/3105 2132/2741/3105
f 1744/2739/3106 2123/2738/3106 1745/2740/3106
f 1743/1829/3107 2123/2737/3107 1744/2372/3107
f 2187/2576/3108 2188/2597/3108 2189/2577/3108
f 2187/2576/3109 2190/2575/3109 2188/2597/3109
f 2191/2556/3110 2190/2605/3110 2187/2593/3110
f 2191/2556/3111 2192/2558/3111 2190/2605/3111
f 2193/2557/3112 2192/2558/3112 2191/2556/3112
f 2194/2559/3113 2192/2602/3113 2193/2560/3113
f 2194/2559/3114 2195/2561/3114 2192/2602/3114
f 2194/2557/3115 2196/2556/3115 2195/2558/3115
f 2196/2556/3116 2188/2605/3116 2195/2558/3116
f 2197/2592/3117 2188/2605/3117 2196/2556/3117
f 2197/2592/3118 2189/2593/3118 2188/2605/3118
f 2197/2592/3119 2196/2556/3119 2198/2589/3119
f 2198/2589/3120 2196/2556/3120 2199/2591/3120
f 2200/2585/3121 2198/2589/3121 2199/2591/3121
f 2200/2585/3121 2199/2591/3121 2201/2590/3121
f 2202/2584/3122 2200/2585/3122 2201/2590/3122
f 2202/2584/3123 2201/2590/3123 2194/2557/3123
f 2203/2573/3124 2202/2584/3124 2194/2557/3124
f 2204/2574/3125 2202/2584/3125 2203/2573/3125
f 2204/2576/3126 2203/2575/3126 2205/2597/3126
f 2205/2597/3127 2203/2575/3127 2206/2568/3127
f 2203/2575/3128 2207/2569/3128 2206/2568/3128
f 2203/2573/3129 2194/2557/3129 2207/2570/3129
f 2207/2570/3130 2194/2557/3130 2208/2571/3130
f 2194/2557/3131 2209/2572/3131 2208/2571/3131
f 2194/2559/3132 2210/2563/3132 2209/2562/3132
f 2193/2560/3133 2210/2563/3133 2194/2559/3133
f 2206/2570/3134 2210/2572/3134 2193/2557/3134
f 2206/2570/3135 2211/2571/3135 2210/2572/3135
f 2206/2568/3136 2207/2569/3136 2211/2567/3136
f 2207/2569/3137 2208/2564/3137 2211/2567/3137
f 2208/2564/3138 2209/2566/3138 2211/2567/3138
f 2209/2566/3139 2210/2565/3139 2211/2567/3139
f 2205/2573/3140 2206/2570/3140 2193/2557/3140
f 2212/2574/3141 2205/2573/3141 2193/2557/3141
f 2212/2577/3142 2204/2576/3142 2205/2597/3142
f 2212/2574/3143 2193/2557/3143 2213/2584/3143
f 2214/2585/3144 2213/2584/3144 2193/2557/3144
f 2214/2585/3145 2193/2557/3145 2215/2590/3145
f 2214/2585/3146 2215/2590/3146 2216/2589/3146
f 2215/2590/3147 2217/2591/3147 2216/2589/3147
f 2216/2589/3148 2217/2591/3148 2218/2592/3148
f 2218/2592/3149 2217/2591/3149 2191/2556/3149
f 2218/2592/3150 2191/2556/3150 2187/2593/3150
f 2195/2558/3151 2188/2605/3151 2219/2603/3151
f 2188/2605/3152 2220/2604/3152 2219/2603/3152
f 2190/2575/3153 2220/2599/3153 2188/2597/3153
f 2190/2575/3153 2221/2598/3153 2220/2599/3153
f 2192/2558/3154 2221/2604/3154 2190/2605/3154
f 2192/2558/3155 2222/2603/3155 2221/2604/3155
f 2192/2602/3156 2195/2561/3156 2222/2563/3156
f 2195/2561/3157 2219/2562/3157 2222/2563/3157
f 2220/2599/3158 2222/2601/3158 2219/2600/3158
f 2220/2599/3159 2221/2598/3159 2222/2601/3159
f 2228/135/99 2232/136/99 2229/137/99
f 2230/138/100 2228/135/100 2229/137/100
f 2230/139/3160 2231/140/3160 2228/141/3160
f 2231/140/102 2239/142/102 2228/141/102
f 2232/136/103 2960/143/103 2229/137/103
f 2232/136/104 2233/144/104 2960/143/104
f 2234/136/105 2960/143/105 2233/144/105
f 2234/136/106 2961/137/106 2960/143/106
f 2237/135/107 2961/137/107 2234/136/107
f 2962/145/108 2961/137/108 2237/135/108
f 2235/146/109 2973/147/109 2236/148/109
f 2970/139/110 2236/142/110 2973/140/110
f 2970/139/111 2237/141/111 2236/142/111
f 2970/138/112 2962/145/112 2237/135/112
f 2238/149/113 2235/146/113 2236/148/113
f 2231/150/114 2235/146/114 2238/149/114
f 2239/151/115 2231/150/115 2238/149/115
f 2239/151/116 2238/149/116 2225/152/116
f 2225/152/117 2238/149/117 2240/153/117
f 2238/149/118 2236/148/118 2240/153/118
f 2240/153/119 2236/148/119 3020/152/119
f 3020/152/120 2234/136/120 2240/153/120
f 2240/153/121 2234/136/121 2233/144/121
f 2232/136/122 2240/153/122 2233/144/122
f 2240/153/123 2232/136/123 2225/152/123
f 2257/154/124 2254/155/124 2255/156/124
f 2256/157/125 2254/158/125 2257/159/125
f 2254/160/126 2256/161/126 2255/162/126
f 2256/161/127 2258/163/127 2255/162/127
f 2259/164/128 2258/165/128 2256/166/128
f 2262/167/129 2258/157/129 2259/168/129
f 2262/167/130 2260/159/130 2258/157/130
f 2257/154/131 2260/169/131 2262/170/131
f 2257/154/132 2255/156/132 2260/169/132
f 2258/157/133 2260/159/133 2255/158/133
f 2257/154/134 2262/170/134 2261/171/134
f 2264/172/135 2261/173/135 2262/174/135
f 2264/172/136 2263/175/136 2261/173/136
f 2263/176/137 2264/177/137 2265/178/137
f 2265/178/138 2264/177/138 2259/164/138
f 2262/167/139 2259/168/139 2264/179/139
f 2259/164/140 2256/166/140 2265/178/140
f 2261/167/141 2265/168/141 2256/157/141
f 2261/167/142 2263/179/142 2265/168/142
f 2261/167/143 2256/157/143 2257/159/143
f 2266/180/3161 2267/181/3161 2271/182/3161
f 2267/181/145 2268/183/145 2271/182/145
f 2268/184/146 2267/185/146 2270/186/146
f 2270/186/147 2267/185/147 2684/187/147
f 2684/180/148 2269/183/148 2270/182/148
f 2683/181/149 2269/183/149 2684/180/149
f 2269/186/150 2683/187/150 2266/185/150
f 2271/184/151 2269/186/151 2266/185/151
f 2272/188/152 2273/189/152 2274/190/152
f 2272/188/153 2275/191/153 2273/189/153
f 2273/189/154 2275/192/154 2276/193/154
f 2276/193/155 2275/192/155 2283/194/155
f 2277/195/156 2276/193/156 2283/194/156
f 2278/196/157 2276/193/157 2277/195/157
f 2278/196/158 2273/189/158 2276/193/158
f 2274/190/159 2273/189/159 2278/197/159
f 2274/190/160 2278/197/160 2279/198/160
f 2279/196/161 2280/193/161 2274/189/161
f 2279/196/162 2281/195/162 2280/193/162
f 2281/195/163 2282/194/163 2280/193/163
f 2282/199/164 2281/200/164 2277/201/164
f 2282/199/165 2277/201/165 2283/202/165
f 2280/193/166 2282/194/166 2272/192/166
f 2274/189/167 2280/193/167 2272/192/167
f 2716/203/168 2715/204/168 2284/205/168
f 2290/206/169 2284/207/169 2715/208/169
f 2285/209/170 2284/210/170 2290/211/170
f 2286/212/171 2284/210/171 2285/209/171
f 2286/212/172 2287/213/172 2284/210/172
f 2716/203/168 2284/205/168 2287/214/168
f 2713/215/173 2286/212/173 2285/209/173
f 2288/216/174 2286/212/174 2713/215/174
f 2285/209/175 2290/211/175 2289/217/175
f 2291/205/176 2289/203/176 2290/204/176
f 2714/214/176 2289/203/176 2291/205/176
f 2291/218/169 2290/219/169 2715/220/169
f 2703/221/177 2704/222/177 2292/223/177
f 2704/222/178 2303/224/178 2292/223/178
f 2704/222/179 2294/225/179 2303/224/179
f 2293/226/180 2294/227/180 2704/228/180
f 2293/226/181 2295/229/181 2294/227/181
f 2293/230/182 2304/231/182 2295/232/182
f 2293/230/3162 2702/233/3162 2304/231/3162
f 2702/233/184 2701/234/184 2304/231/184
f 2701/234/185 2302/235/185 2304/231/185
f 2701/234/186 2296/236/186 2302/235/186
f 2296/236/187 2706/237/187 2302/235/187
f 2706/237/188 2297/238/188 2302/235/188
f 2706/237/189 2298/239/189 2297/238/189
f 2298/239/190 2709/240/190 2297/238/190
f 2297/238/191 2709/240/191 2299/241/191
f 2299/242/192 2301/243/192 2297/244/192
f 2299/242/193 2300/245/193 2301/243/193
f 2301/246/194 2300/247/194 2708/248/194
f 2707/249/195 2301/246/195 2708/248/195
f 2705/250/196 2301/246/196 2707/249/196
f 2303/224/197 2301/246/197 2705/250/197
f 2302/251/198 2301/243/198 2303/252/198
f 2297/244/199 2301/243/199 2302/251/199
f 2302/251/200 2303/252/200 2304/253/200
f 2304/253/201 2303/252/201 2295/229/201
f 2295/229/202 2303/252/202 2294/227/202
f 2292/223/203 2303/224/203 2705/250/203
f 2743/254/204 2305/255/204 2311/256/204
f 2308/257/205 2305/258/205 2743/259/205
f 2306/260/206 2305/261/206 2308/262/206
f 2311/263/207 2305/264/207 2306/265/207
f 2306/257/208 2309/259/208 2311/258/208
f 2307/266/209 2309/259/209 2306/257/209
f 2742/254/210 2307/267/210 2306/256/210
f 2742/254/211 2306/256/211 2308/255/211
f 2742/266/205 2308/257/205 2743/259/205
f 2743/254/212 2311/256/212 2309/267/212
f 2306/268/213 2310/269/213 2311/270/213
f 2306/271/214 2312/272/214 2310/273/214
f 2312/274/215 2306/275/215 2311/276/215
f 2319/277/216 2312/274/216 2311/276/216
f 2313/278/217 2312/279/217 2319/280/217
f 2313/281/218 2316/282/218 2312/283/218
f 2313/284/219 2317/285/219 2316/286/219
f 2317/287/220 2313/278/220 2319/280/220
f 2317/281/221 2319/283/221 2315/288/221
f 2318/289/222 2315/290/222 2319/291/222
f 2314/287/223 2315/280/223 2318/279/223
f 2317/281/224 2315/288/224 2314/282/224
f 2316/292/219 2317/293/219 2314/294/219
f 2314/287/223 2318/279/223 2316/278/223
f 2316/282/225 2318/288/225 2312/283/225
f 2312/295/226 2318/296/226 2319/297/226
f 2312/298/227 2319/299/227 2321/300/227
f 2319/301/228 2320/273/228 2321/302/228
f 2311/303/229 2320/273/229 2319/304/229
f 2310/305/230 2320/306/230 2311/307/230
f 2322/308/231 2320/309/231 2310/310/231
f 2321/311/232 2320/309/232 2322/308/232
f 2312/298/233 2321/300/233 2322/312/233
f 2312/313/234 2322/302/234 2310/273/234
f 2336/308/235 2323/311/235 2333/310/235
f 2323/311/236 2332/309/236 2333/310/236
f 2332/314/237 2323/315/237 2324/302/237
f 2332/314/238 2324/302/238 2326/273/238
f 2324/311/239 2325/310/239 2326/309/239
f 2327/308/240 2325/310/240 2324/311/240
f 2333/314/241 2325/273/241 2327/302/241
f 2326/316/242 2325/317/242 2333/318/242
f 2332/319/243 2326/320/243 2333/318/243
f 2332/321/244 2328/266/244 2333/322/244
f 2329/259/245 2328/266/245 2332/321/245
f 2328/266/246 2329/259/246 2330/258/246
f 2330/254/247 2329/267/247 2331/255/247
f 2329/267/248 2332/323/248 2331/255/248
f 2334/324/249 2331/325/249 2332/326/249
f 2331/258/250 2334/257/250 2335/266/250
f 2335/254/251 2334/255/251 2328/267/251
f 2328/267/252 2334/255/252 2333/327/252
f 2333/328/253 2334/329/253 2332/330/253
f 2328/266/254 2330/258/254 2335/257/254
f 2330/259/255 2331/258/255 2335/266/255
f 2333/314/256 2327/302/256 2336/315/256
f 2337/331/257 2827/332/257 2338/333/257
f 2337/331/258 2339/334/258 2827/332/258
f 2337/331/259 2840/335/259 2339/334/259
f 2340/336/260 2339/334/260 2840/335/260
f 2340/336/261 2837/337/261 2339/334/261
f 2837/337/262 2341/338/262 2339/334/262
f 2837/337/263 2839/339/263 2341/338/263
f 2839/339/264 2342/340/264 2341/338/264
f 2341/338/265 2342/340/265 2831/341/265
f 2341/338/266 2831/341/266 2343/342/266
f 2339/334/267 2341/338/267 2343/342/267
f 2339/334/268 2343/342/268 2827/332/268
f 2827/332/269 2343/342/269 2825/343/269
f 2825/343/270 2343/342/270 2828/344/270
f 2344/345/271 2871/346/271 2345/347/271
f 2344/345/272 2868/348/272 2871/346/272
f 2346/349/273 2347/350/273 2351/351/273
f 2348/352/274 2347/353/274 2346/354/274
f 2347/350/275 2349/355/275 2351/351/275
f 2350/352/276 2351/354/276 2349/353/276
f 2352/356/277 2359/357/277 2358/358/277
f 2359/359/278 2352/360/278 2354/361/278
f 2359/359/278 2354/361/278 2353/362/278
f 2354/356/279 2355/358/279 2353/357/279
f 2354/356/280 2356/363/280 2355/358/280
f 2355/364/281 2356/365/281 2357/366/281
f 2355/364/281 2357/366/281 2358/367/281
f 2352/356/282 2358/358/282 2357/363/282
f 2353/368/283 2355/364/283 2358/367/283
f 2353/368/283 2358/367/283 2359/369/283
f 2372/370/284 2374/371/284 2367/372/284
f 2372/370/285 2360/373/285 2374/371/285
f 2374/374/286 2360/375/286 2361/376/286
f 2361/376/286 2360/375/286 2362/377/286
f 2361/376/287 2362/377/287 2365/378/287
f 2365/378/287 2362/377/287 2885/379/287
f 2363/380/288 2365/378/288 2885/379/288
f 2363/381/289 2364/382/289 2365/383/289
f 2363/381/290 2366/384/290 2364/382/290
f 2369/385/291 2366/386/291 2363/387/291
f 2366/386/292 2369/385/292 2373/388/292
f 2373/388/293 2369/385/293 2367/389/293
f 2368/390/294 2367/391/294 2369/392/294
f 2368/393/295 2372/394/295 2367/395/295
f 2368/393/296 2371/396/296 2372/394/296
f 2368/397/297 2370/398/297 2371/399/297
f 2368/397/297 2363/400/297 2370/398/297
f 2363/401/298 2368/390/298 2369/392/298
f 2363/380/288 2885/379/288 2370/402/288
f 2370/403/299 2882/404/299 2371/405/299
f 2371/405/300 2882/404/300 2372/406/300
f 2367/389/301 2374/407/301 2373/388/301
f 2364/382/302 2373/408/302 2374/409/302
f 2366/384/303 2373/408/303 2364/382/303
f 2364/382/304 2374/409/304 2361/410/304
f 2365/383/305 2364/382/305 2361/410/305
f 2375/411/306 2376/412/306 2378/413/306
f 2377/414/339 2375/415/339 2378/416/339
f 2937/417/308 2379/418/308 2380/419/308
f 2937/417/309 2938/420/309 2379/418/309
f 2938/420/310 2951/417/310 2379/418/310
f 2951/417/311 2950/419/311 2379/418/311
f 2381/421/312 2394/422/312 2391/423/312
f 2381/421/313 2382/424/313 2394/422/313
f 2384/425/314 2394/426/314 2382/427/314
f 2384/425/315 2383/428/315 2394/426/315
f 2396/429/3163 2383/430/3163 2384/431/3163
f 2396/429/317 2385/432/317 2383/430/317
f 2386/433/318 2383/434/318 2385/435/318
f 2386/433/319 2389/436/319 2383/434/319
f 2387/431/320 2389/430/320 2386/437/320
f 2387/425/321 2388/427/321 2389/428/321
f 2384/434/322 2388/438/322 2387/436/322
f 2384/434/323 2382/439/323 2388/438/323
f 2382/439/324 2392/440/324 2388/438/324
f 2382/439/325 2381/441/325 2392/440/325
f 2391/442/326 2392/443/326 2381/444/326
f 2391/442/327 2390/445/327 2392/443/327
f 2393/438/328 2390/440/328 2391/446/328
f 2392/447/329 2390/423/329 2393/422/329
f 2388/424/330 2392/447/330 2393/422/330
f 2389/428/331 2388/427/331 2393/426/331
f 2389/436/332 2393/438/332 2394/439/332
f 2394/439/333 2393/438/333 2391/446/333
f 2383/434/334 2389/436/334 2394/439/334
f 2395/433/335 2384/434/335 2387/436/335
f 2396/448/336 2384/434/336 2395/433/336
f 2395/449/337 2387/431/337 2386/437/337
f 2400/450/338 2397/451/338 2398/452/338
f 2399/453/339 2400/454/339 2398/455/339
f 2411/456/340 2929/457/340 2401/458/340
f 2401/459/341 2929/460/341 2403/461/341
f 2401/459/342 2403/461/342 2413/462/342
f 2402/457/343 2413/459/343 2403/463/343
f 2402/457/344 2404/462/344 2413/459/344
f 2402/464/345 2405/465/345 2404/466/345
f 2952/467/346 2405/468/346 2402/469/346
f 2952/467/347 2416/470/347 2405/468/347
f 2952/471/348 2934/472/348 2416/473/348
f 2934/472/349 2409/459/349 2416/473/349
f 2934/472/350 2406/462/350 2409/459/350
f 2407/474/351 2406/462/351 2934/472/351
f 2408/475/352 2406/476/352 2407/477/352
f 2409/478/353 2406/476/353 2408/475/353
f 2408/459/354 2410/479/354 2409/462/354
f 2931/480/355 2410/481/355 2408/482/355
f 2928/483/356 2410/484/356 2931/485/356
f 2928/483/357 2415/486/357 2410/484/357
f 2928/483/358 2411/487/358 2415/486/358
f 2411/487/359 2414/488/359 2415/486/359
f 2411/489/360 2412/490/360 2414/491/360
f 2411/456/361 2401/458/361 2412/459/361
f 2401/492/362 2404/493/362 2412/494/362
f 2401/492/363 2413/495/363 2404/493/363
f 2412/459/364 2404/462/364 2405/496/364
f 2412/459/365 2405/496/365 2414/497/365
f 2414/498/366 2405/499/366 2415/500/366
f 2405/501/367 2416/502/367 2415/503/367
f 2415/500/368 2416/499/368 2410/504/368
f 2410/479/369 2416/505/369 2409/462/369
f 2931/456/370 2408/459/370 2407/458/370
f 2931/456/371 2407/458/371 2932/457/371
f 2407/474/372 2934/472/372 2932/506/372
f 2419/507/373 2428/508/373 2417/509/373
f 2419/507/3164 2418/510/3164 2428/508/3164
f 2418/511/375 2419/512/375 2420/513/375
f 2419/514/376 2417/515/376 2420/516/376
f 2420/516/376 2417/515/376 2421/517/376
f 2417/515/377 2425/518/377 2421/517/377
f 2432/519/377 2425/518/377 2417/515/377
f 2431/520/378 2425/518/378 2432/519/378
f 2431/520/378 2422/521/378 2425/518/378
f 2423/522/379 2422/521/379 2431/520/379
f 2424/523/380 2422/521/380 2423/522/380
f 2421/509/3165 2422/524/3165 2424/525/3165
f 2421/509/382 2425/526/382 2422/524/382
f 2421/509/3166 2424/525/3166 2426/527/3166
f 2426/528/384 2424/523/384 2423/522/384
f 2426/528/384 2423/522/384 2427/529/384
f 2428/508/385 2427/527/385 2423/525/385
f 2428/530/386 2426/528/386 2427/529/386
f 2428/530/387 2430/531/387 2426/528/387
f 2418/511/388 2430/531/388 2428/530/388
f 2418/511/388 2429/532/388 2430/531/388
f 2418/511/375 2420/513/375 2429/532/375
f 2420/507/389 2421/509/389 2429/510/389
f 2429/510/390 2421/509/390 2430/508/390
f 2421/509/391 2426/527/391 2430/508/391
f 2428/508/392 2423/525/392 2431/524/392
f 2428/508/393 2431/524/393 2432/526/393
f 2417/509/394 2428/508/394 2432/526/394
f 2953/533/395 2433/534/395 2434/535/395
f 2433/534/396 2435/536/396 2434/535/396
f 2436/537/397 2437/538/397 2438/539/397
f 2436/537/398 2444/540/398 2437/538/398
f 2439/541/399 2444/542/399 2436/543/399
f 2439/544/400 2445/545/400 2444/546/400
f 2439/547/401 2440/548/401 2445/549/401
f 2440/550/402 2439/551/402 2443/552/402
f 2439/551/403 2441/553/403 2443/552/403
f 2439/551/404 2436/537/404 2441/553/404
f 2436/537/405 2438/539/405 2441/553/405
f 2441/553/406 2438/539/406 2442/554/406
f 2441/553/407 2442/554/407 2444/540/407
f 2444/540/408 2442/554/408 2437/538/408
f 2443/552/409 2441/553/409 2444/555/409
f 2443/556/410 2444/557/410 2445/558/410
f 2443/552/411 2445/559/411 2440/550/411
f 2448/560/412 2446/561/412 2447/562/412
f 2446/562/413 2448/563/413 2451/561/413
f 2451/561/414 2448/563/414 2449/560/414
f 2449/563/415 2450/561/415 2451/562/415
f 2449/563/416 2452/560/416 2450/561/416
f 2450/562/417 2452/563/417 2447/561/417
f 2447/561/418 2452/563/418 2453/560/418
f 2448/560/419 2447/562/419 2453/563/419
f 2454/537/420 2455/539/420 2456/553/420
f 2454/537/421 2457/540/421 2455/539/421
f 2454/537/422 2458/564/422 2457/540/422
f 2458/564/423 2459/565/423 2457/540/423
f 2458/564/424 2460/566/424 2459/565/424
f 2460/566/425 2458/564/425 2461/567/425
f 2458/564/426 2456/553/426 2461/567/426
f 2458/564/427 2454/537/427 2456/553/427
f 2461/567/428 2456/553/428 2457/540/428
f 2456/553/429 2462/554/429 2457/540/429
f 2456/553/430 2455/539/430 2462/554/430
f 2457/540/431 2462/554/431 2463/538/431
f 2457/540/432 2463/538/432 2455/539/432
f 2461/567/433 2457/540/433 2459/565/433
f 2461/567/3167 2459/565/3167 2460/566/3167
f 2464/568/435 2465/569/435 2466/570/435
f 2464/568/436 2467/571/436 2465/569/436
f 2465/569/437 2467/571/437 2468/572/437
f 2467/571/438 2469/573/438 2468/572/438
f 2469/573/439 2467/571/439 2470/574/439
f 2467/571/440 2464/568/440 2470/574/440
f 2469/573/441 2470/574/441 2471/571/441
f 2471/571/442 2470/574/442 2472/568/442
f 2472/568/443 2473/570/443 2471/571/443
f 2471/571/444 2473/570/444 2474/569/444
f 2469/573/445 2471/571/445 2474/569/445
f 2469/573/446 2474/569/446 2468/572/446
f 2475/575/447 2491/576/447 2480/577/447
f 2475/575/448 2478/578/448 2491/576/448
f 2491/576/449 2478/578/449 2476/579/449
f 2478/578/450 2477/580/450 2476/579/450
f 2477/581/451 2478/582/451 2490/583/451
f 2478/582/452 2475/575/452 2490/583/452
f 2490/583/453 2475/575/453 2485/584/453
f 2485/585/454 2475/586/454 2479/587/454
f 2475/586/455 2480/588/455 2479/587/455
f 2488/589/456 2479/587/456 2480/588/456
f 2488/589/457 2481/585/457 2479/587/457
f 2490/590/458 2481/585/458 2488/589/458
f 2482/591/459 2481/585/459 2490/590/459
f 2482/592/460 2484/593/460 2481/594/460
f 2482/594/461 2483/595/461 2484/596/461
f 2482/594/462 2485/597/462 2483/595/462
f 2490/583/463 2485/584/463 2482/585/463
f 2485/597/464 2486/598/464 2483/595/464
f 2479/599/465 2486/598/465 2485/597/465
f 2487/600/466 2486/595/466 2479/601/466
f 2481/594/467 2487/600/467 2479/601/467
f 2481/594/468 2484/593/468 2487/600/468
f 2488/602/469 2489/603/469 2490/604/469
f 2488/602/470 2492/605/470 2489/603/470
f 2491/606/471 2492/607/471 2488/589/471
f 2476/608/472 2492/607/472 2491/606/472
f 2491/606/473 2488/589/473 2480/588/473
f 2477/581/474 2490/583/474 2489/609/474
f 2990/610/475 2493/611/475 2991/612/475
f 2990/610/476 2988/613/476 2493/611/476
f 2988/613/477 2231/614/477 2493/611/477
f 2988/613/478 2984/615/478 2231/614/478
f 2984/616/479 3019/617/479 2231/618/479
f 2984/616/480 2494/619/480 3019/617/480
f 2494/619/481 2495/620/481 3019/617/481
f 2494/619/482 2982/621/482 2495/620/482
f 2497/622/483 2496/623/483 2501/624/483
f 2497/622/483 2507/625/483 2496/623/483
f 2497/626/484 2498/627/484 2507/628/484
f 2498/627/485 2499/629/485 2507/628/485
f 2498/622/486 2500/624/486 2499/625/486
f 2499/625/487 2500/624/487 2505/623/487
f 2501/630/488 2505/631/488 2500/632/488
f 2501/633/489 2496/634/489 2505/635/489
f 2505/636/490 2496/637/490 2502/638/490
f 2502/639/3168 2496/640/3168 2503/641/3168
f 2504/642/493 2499/643/493 2505/644/493
f 2504/645/3169 2505/646/3169 2506/647/3169
f 2499/648/494 2509/649/494 2507/650/494
f 2508/651/495 2509/649/495 2499/652/495
f 2507/653/496 2510/654/496 2496/655/496
f 2507/653/3170 2511/656/3170 2510/654/3170
f 2223/657/498 2529/658/498 2530/659/498
f 2223/657/499 2528/660/499 2529/658/499
f 2529/658/3171 2528/660/3171 2531/661/3171
f 2531/662/501 2528/663/501 2232/664/501
f 2230/138/502 2229/137/502 2532/145/502
f 2230/138/503 2532/145/503 3031/665/503
f 2230/138/504 3031/665/504 2533/666/504
f 2529/658/505 2534/667/505 2530/659/505
f 2534/667/506 2529/658/506 2535/668/506
f 2529/658/507 2531/661/507 2535/668/507
f 2536/669/508 2537/670/508 2538/671/508
f 2537/670/509 2539/672/509 2538/671/509
f 2540/673/510 2539/672/510 2537/670/510
f 2540/673/511 2541/674/511 2539/672/511
f 2542/670/512 2541/674/512 2540/673/512
f 2542/670/513 2543/675/513 2541/674/513
f 2542/670/514 2536/669/514 2543/675/514
f 2536/669/515 2538/671/515 2543/675/515
f 2544/676/516 2545/677/516 2567/678/516
f 2544/679/521 2546/680/521 2545/681/521
f 2547/682/518 2546/683/518 2544/684/518
f 2546/676/3172 2547/678/3172 2548/677/3172
f 2548/677/520 2547/678/520 2614/685/520
f 2546/680/521 2548/686/521 2545/681/521
f 2545/687/522 2548/688/522 2549/689/522
f 2551/687/523 2550/689/523 2566/688/523
f 2551/687/3173 2552/690/3173 2550/689/3173
f 2545/687/522 2549/689/522 2553/690/522
f 2553/690/524 2549/689/524 2556/691/524
f 2556/691/525 2549/689/525 2559/692/525
f 2549/689/525 2561/693/525 2559/692/525
f 2549/689/526 2554/694/526 2561/693/526
f 2550/689/527 2560/693/527 2555/694/527
f 2550/689/527 2557/692/527 2560/693/527
f 2558/691/527 2557/692/527 2550/689/527
f 2552/690/527 2558/691/527 2550/689/527
f 2562/679/528 2551/681/528 2566/686/528
f 2619/695/3174 2551/696/3174 2562/697/3174
f 2563/698/530 2619/695/530 2562/697/530
f 2565/699/531 2563/700/531 2562/701/531
f 2565/702/532 2564/703/532 2563/704/532
f 2564/698/533 2565/697/533 2616/695/533
f 2616/695/534 2565/697/534 2566/696/534
f 2562/679/535 2566/686/535 2565/680/535
f 2547/705/536 2544/706/536 2567/707/536
f 2545/677/537 2618/685/537 2567/678/537
f 2570/708/538 2569/709/538 2568/710/538
f 2569/711/539 2570/712/539 2571/713/539
f 2571/709/540 2570/708/540 2572/714/540
f 2570/708/541 2568/710/541 2572/714/541
f 2571/709/542 2572/714/542 2573/710/542
f 2571/709/543 2573/710/543 2574/715/543
f 2573/710/544 2575/716/544 2574/715/544
f 2574/715/545 2575/716/545 2569/709/545
f 2569/709/546 2575/716/546 2568/710/546
f 2569/717/547 2571/718/547 2574/719/547
f 2576/720/525 2579/721/525 2577/722/525
f 2576/720/524 2578/723/524 2579/721/524
f 2581/724/3175 2578/725/3175 2576/726/3175
f 2578/725/549 2581/724/549 2579/726/549
f 2583/727/550 2580/728/550 2581/729/550
f 2583/727/551 2586/730/551 2580/728/551
f 2583/727/552 2582/731/552 2586/730/552
f 2577/722/553 2584/732/553 2585/733/553
f 2577/722/525 2579/721/525 2584/732/525
f 2582/731/554 2587/734/554 2586/730/554
f 2582/731/554 2588/735/554 2587/734/554
f 2588/735/555 2589/736/555 2587/734/555
f 2588/735/556 2591/737/556 2589/736/556
f 2590/738/557 2592/739/557 2597/740/557
f 2590/738/558 2593/741/558 2592/739/558
f 2585/733/559 2593/741/559 2590/738/559
f 2585/733/560 2584/732/560 2593/741/560
f 2591/742/561 2595/743/561 2589/744/561
f 2591/742/562 2596/745/562 2595/743/562
f 2595/746/564 2596/747/564 2597/748/564
f 2595/746/564 2597/748/564 2594/749/564
f 2597/740/565 2592/739/565 2594/750/565
f 2603/229/566 2600/227/566 2598/253/566
f 2603/229/571 2599/228/571 2600/227/571
f 2600/225/568 2599/222/568 2605/224/568
f 2605/224/569 2599/222/569 2601/221/569
f 2601/751/570 2599/752/570 2602/753/570
f 2599/228/567 2603/229/567 2602/226/567
f 2603/232/572 2598/231/572 2602/230/572
f 2598/231/573 2608/234/573 2602/230/573
f 2598/231/574 2611/236/574 2608/234/574
f 2598/231/575 2604/235/575 2611/236/575
f 2598/253/576 2606/243/576 2604/251/576
f 2598/253/577 2605/252/577 2606/243/577
f 2598/253/578 2600/227/578 2605/252/578
f 2605/224/579 2607/223/579 2606/246/579
f 2605/224/580 2601/221/580 2607/223/580
f 2609/754/581 2607/755/581 2601/756/581
f 2609/754/582 2608/757/582 2607/755/582
f 2602/230/583 2608/234/583 2609/233/583
f 2601/751/570 2602/753/570 2609/758/570
f 2608/757/584 2610/759/584 2607/755/584
f 2608/757/585 2611/760/585 2610/759/585
f 2611/760/586 2615/761/586 2610/759/586
f 2611/760/587 2612/762/587 2615/761/587
f 2604/235/588 2612/237/588 2611/236/588
f 2604/235/589 2617/239/589 2612/237/589
f 2604/235/590 2613/238/590 2617/239/590
f 2604/251/591 2606/243/591 2613/244/591
f 2613/244/592 2606/243/592 2614/245/592
f 2606/246/593 2615/249/593 2614/247/593
f 2606/246/594 2610/250/594 2615/249/594
f 2606/246/595 2607/223/595 2610/250/595
f 2614/247/596 2615/249/596 2616/248/596
f 2615/761/597 2619/763/597 2616/764/597
f 2617/765/598 2619/763/598 2615/761/598
f 2618/241/599 2619/240/599 2617/239/599
f 2613/238/599 2618/241/599 2617/239/599
f 2613/244/600 2614/245/600 2618/242/600
f 2612/762/601 2617/765/601 2615/761/601
f 2620/337/602 2621/338/602 2622/340/602
f 2620/337/603 2623/336/603 2621/338/603
f 2623/336/604 2624/334/604 2621/338/604
f 2623/336/3176 2625/766/3176 2624/334/3176
f 2623/336/606 2626/335/606 2625/766/606
f 2626/335/607 2623/336/607 2638/767/607
f 2623/336/608 2627/768/608 2638/767/608
f 2623/336/609 2620/337/609 2627/768/609
f 2620/337/610 2628/769/610 2627/768/610
f 2620/337/611 2629/339/611 2628/769/611
f 2620/337/612 2622/340/612 2629/339/612
f 2627/770/613 2628/771/613 2630/772/613
f 2630/772/614 2628/771/614 2631/341/614
f 2630/772/615 2631/341/615 2632/342/615
f 2632/342/616 2631/341/616 2622/340/616
f 2621/338/617 2632/342/617 2622/340/617
f 2633/332/618 2632/342/618 2621/338/618
f 2633/332/619 2634/344/619 2632/342/619
f 2633/332/620 2635/343/620 2634/344/620
f 2636/773/621 2635/343/621 2633/332/621
f 2636/773/622 2637/774/622 2635/343/622
f 2636/773/3177 2630/772/3177 2637/774/3177
f 2636/773/624 2627/770/624 2630/772/624
f 2638/775/625 2627/770/625 2636/773/625
f 2638/775/626 2636/773/626 2639/776/626
f 2639/776/3178 2636/773/3178 2640/777/3178
f 2640/777/628 2636/773/628 2633/332/628
f 2640/777/629 2633/332/629 2641/778/629
f 2641/778/630 2633/332/630 2624/334/630
f 2624/334/631 2633/332/631 2621/338/631
f 2625/766/632 2641/778/632 2624/334/632
f 2626/335/633 2638/767/633 2639/779/633
f 2637/774/634 2630/772/634 2642/780/634
f 2642/780/635 2630/772/635 2632/342/635
f 2642/780/636 2632/342/636 2634/344/636
f 2642/780/637 2634/344/637 2635/343/637
f 2637/774/638 2642/780/638 2635/343/638
f 2670/199/639 2661/202/639 2659/200/639
f 2661/202/640 2660/201/640 2659/200/640
f 2660/195/641 2661/194/641 2662/193/641
f 2662/193/3179 2661/194/3179 2663/192/3179
f 2664/189/643 2662/193/643 2663/192/643
f 2666/196/644 2662/193/644 2664/189/644
f 2666/196/645 2660/195/645 2662/193/645
f 2664/189/646 2665/198/646 2666/197/646
f 2667/190/647 2665/198/647 2664/189/647
f 2665/196/648 2667/189/648 2668/193/648
f 2667/189/649 2669/192/649 2668/193/649
f 2669/188/650 2667/190/650 2663/191/650
f 2663/191/651 2667/190/651 2664/189/651
f 2668/193/652 2669/192/652 2670/194/652
f 2659/195/653 2668/193/653 2670/194/653
f 2665/196/654 2668/193/654 2659/195/654
f 2671/169/655 2672/156/655 2673/155/655
f 2674/157/656 2672/158/656 2671/159/656
f 2672/162/657 2674/163/657 2673/160/657
f 2674/163/658 2675/161/658 2673/160/658
f 2676/178/659 2675/166/659 2674/165/659
f 2678/179/660 2675/157/660 2676/168/660
f 2680/167/661 2675/157/661 2678/179/661
f 2680/167/662 2677/159/662 2675/157/662
f 2671/169/663 2677/154/663 2680/171/663
f 2671/169/664 2673/155/664 2677/154/664
f 2675/157/3180 2677/159/3180 2673/158/3180
f 2671/169/666 2680/171/666 2679/170/666
f 2678/175/667 2679/174/667 2680/173/667
f 2681/172/668 2679/174/668 2678/175/668
f 2679/167/669 2681/179/669 2674/157/669
f 2681/179/670 2682/168/670 2674/157/670
f 2682/164/671 2681/177/671 2678/176/671
f 2682/164/671 2678/176/671 2676/178/671
f 2682/164/672 2676/178/672 2674/165/672
f 2679/167/673 2674/157/673 2671/159/673
f 2683/781/674 2684/782/674 2266/783/674
f 2684/784/675 2267/785/675 2266/786/675
f 2685/672/676 2686/673/676 2687/671/676
f 2685/672/677 2688/670/677 2686/673/677
f 2685/672/678 2689/674/678 2688/670/678
f 2689/674/679 2690/669/679 2688/670/679
f 2689/674/680 2691/675/680 2690/669/680
f 2691/675/681 2692/670/681 2690/669/681
f 2691/675/682 2687/671/682 2692/670/682
f 2687/671/683 2686/673/683 2692/670/683
f 2693/716/684 2700/715/684 2694/710/684
f 2693/716/685 2695/709/685 2700/715/685
f 2695/709/686 2693/716/686 2696/710/686
f 2696/710/687 2697/708/687 2695/709/687
f 2696/710/688 2698/714/688 2697/708/688
f 2698/714/689 2699/709/689 2697/708/689
f 2698/714/690 2694/710/690 2699/709/690
f 2694/710/691 2700/715/691 2699/709/691
f 2700/787/692 2697/788/692 2699/789/692
f 2700/790/693 2695/791/693 2697/792/693
f 2701/757/694 2702/754/694 2703/756/694
f 2702/758/695 2704/752/695 2703/751/695
f 2702/758/696 2293/753/696 2704/752/696
f 2701/757/697 2703/756/697 2292/755/697
f 2296/760/698 2701/757/698 2292/755/698
f 2296/760/699 2292/755/699 2705/759/699
f 2706/762/700 2296/760/700 2705/759/700
f 2706/762/701 2705/759/701 2707/761/701
f 2298/765/702 2706/762/702 2707/761/702
f 2298/765/703 2707/761/703 2708/764/703
f 2709/763/704 2298/765/704 2708/764/704
f 2713/348/705 2711/347/705 2288/793/705
f 2713/348/706 2710/345/706 2711/347/706
f 2711/216/707 2710/215/707 2717/212/707
f 2710/215/708 2712/209/708 2717/212/708
f 2710/794/709 2285/795/709 2712/796/709
f 2710/794/710 2713/346/710 2285/795/710
f 2714/347/711 2712/793/711 2285/348/711
f 2712/209/712 2714/217/712 2291/211/712
f 2717/212/713 2712/209/713 2291/211/713
f 2717/212/714 2291/211/714 2715/210/714
f 2717/212/715 2715/210/715 2716/213/715
f 2717/348/716 2716/793/716 2287/347/716
f 2717/348/717 2287/347/717 2286/345/717
f 2711/794/718 2717/796/718 2286/795/718
f 2711/794/719 2286/795/719 2288/793/719
f 2714/347/720 2285/348/720 2289/345/720
f 2309/259/721 2742/257/721 2743/258/721
f 2309/259/722 2307/266/722 2742/257/722
f 2744/797/723 2745/798/723 2251/799/723
f 2744/797/723 2246/800/723 2745/798/723
f 2744/797/724 2746/801/724 2246/800/724
f 2744/797/724 2244/802/724 2746/801/724
f 2244/802/725 2744/797/725 2253/803/725
f 2744/797/724 2251/799/724 2250/804/724
f 2755/745/726 2747/742/726 2750/744/726
f 2747/737/727 2749/734/727 2750/736/727
f 2751/735/728 2749/734/728 2747/737/728
f 2751/735/729 2764/730/729 2749/734/729
f 2751/735/730 2753/731/730 2764/730/730
f 2748/740/731 2757/805/731 2754/738/731
f 2755/806/732 2757/807/732 2748/808/732
f 2755/806/733 2756/809/733 2757/807/733
f 2755/745/734 2750/744/734 2756/743/734
f 2750/810/735 2757/811/735 2756/812/735
f 2761/722/736 2759/741/736 2760/732/736
f 2752/733/736 2759/741/736 2761/722/736
f 2752/733/737 2758/739/737 2759/741/737
f 2754/738/738 2758/739/738 2752/733/738
f 2754/738/739 2757/805/739 2758/739/739
f 2761/722/740 2760/732/740 2762/720/740
f 2762/720/741 2760/732/741 2763/721/741
f 2762/720/740 2763/721/740 2766/723/740
f 2767/727/742 2768/729/742 2765/728/742
f 2753/731/743 2767/727/743 2765/728/743
f 2753/731/744 2765/728/744 2764/730/744
f 2783/813/3181 2769/814/3181 2784/815/3181
f 2770/816/746 2769/817/746 2783/818/746
f 2769/819/3182 2770/820/3182 2771/821/3182
f 2770/822/748 2772/823/748 2771/824/748
f 2775/825/749 2772/823/749 2770/822/749
f 2775/825/750 2773/826/750 2772/823/750
f 2774/827/3183 2773/828/3183 2775/829/3183
f 2774/827/752 2776/830/752 2773/828/752
f 2774/827/753 2802/831/753 2776/830/753
f 2774/827/753 2777/832/753 2802/831/753
f 2777/833/754 2774/834/754 2775/835/754
f 2770/820/755 2777/833/755 2775/835/755
f 2770/820/756 2779/836/756 2777/833/756
f 2778/837/757 2779/836/757 2770/820/757
f 2779/838/758 2778/839/758 2780/840/758
f 2778/841/759 2781/842/759 2780/843/759
f 2778/844/760 2805/845/760 2781/846/760
f 2805/847/761 2778/837/761 2770/820/761
f 2782/848/762 2805/847/762 2770/820/762
f 2805/849/763 2782/850/763 2808/851/763
f 2808/852/764 2782/848/764 2783/853/764
f 2783/853/765 2782/848/765 2770/820/765
f 2808/852/764 2783/853/764 2784/854/764
f 2784/854/766 2794/855/766 2808/852/766
f 2784/854/767 2769/819/767 2794/855/767
f 2785/856/768 2794/855/768 2769/819/768
f 2794/857/769 2785/858/769 2793/859/769
f 2785/840/770 2791/838/770 2793/839/770
f 2789/860/770 2791/838/770 2785/840/770
f 2789/860/771 2792/861/771 2791/838/771
f 2788/862/771 2792/861/771 2789/860/771
f 2787/863/772 2792/861/772 2788/862/772
f 2787/863/773 2786/864/773 2792/861/773
f 2787/825/774 2790/865/774 2786/826/774
f 2787/825/775 2771/824/775 2790/865/775
f 2771/821/776 2787/866/776 2788/867/776
f 2789/868/777 2771/821/777 2788/867/777
f 2789/868/778 2769/819/778 2771/821/778
f 2785/856/779 2769/819/779 2789/868/779
f 2772/823/748 2790/865/748 2771/824/748
f 2799/819/780 2790/821/780 2772/820/780
f 2791/868/781 2790/821/781 2799/819/781
f 2791/868/782 2786/866/782 2790/821/782
f 2791/868/783 2792/867/783 2786/866/783
f 2795/855/784 2791/868/784 2799/819/784
f 2793/856/785 2791/868/785 2795/855/785
f 2794/869/786 2793/870/786 2795/871/786
f 2794/872/787 2795/873/787 2796/874/787
f 2796/875/788 2795/876/788 2797/877/788
f 2797/624/789 2795/623/789 2781/625/789
f 2781/878/790 2795/879/790 2804/880/790
f 2804/881/3184 2795/882/3184 2798/883/3184
f 2799/819/792 2798/852/792 2795/855/792
f 2799/819/793 2801/854/793 2798/852/793
f 2772/884/794 2801/885/794 2799/886/794
f 2772/887/3185 2800/888/3185 2801/889/3185
f 2772/820/796 2781/847/796 2800/853/796
f 2781/847/797 2772/820/797 2803/836/797
f 2772/820/798 2802/833/798 2803/836/798
f 2772/820/799 2776/834/799 2802/833/799
f 2772/820/800 2773/835/800 2776/834/800
f 2777/832/801 2803/860/801 2802/831/801
f 2777/832/802 2779/838/802 2803/860/802
f 2779/838/758 2780/840/758 2803/860/758
f 2781/847/803 2803/836/803 2780/837/803
f 2781/847/804 2804/848/804 2800/853/804
f 2804/848/805 2801/854/805 2800/853/805
f 2798/852/805 2801/854/805 2804/848/805
f 2797/624/789 2781/625/789 2806/622/789
f 2805/890/806 2806/891/806 2781/892/806
f 2805/893/806 2807/894/806 2806/895/806
f 2807/622/807 2805/625/807 2794/623/807
f 2805/896/3186 2808/897/3186 2794/898/3186
f 2796/624/809 2807/622/809 2794/623/809
f 2809/186/810 2812/184/810 2810/187/810
f 2812/184/811 2811/185/811 2810/187/811
f 2811/180/812 2812/182/812 2814/183/812
f 2811/180/813 2814/183/813 2813/181/813
f 2814/184/814 2815/187/814 2813/185/814
f 2814/184/815 2816/186/815 2815/187/815
f 2810/181/816 2815/180/816 2816/182/816
f 2810/899/817 2813/900/817 2815/901/817
f 2810/902/818 2811/903/818 2813/904/818
f 2810/181/819 2816/182/819 2809/183/819
f 2818/278/820 2817/279/820 2823/280/820
f 2819/281/821 2817/288/821 2818/282/821
f 2819/281/3187 2822/283/3187 2817/288/3187
f 2819/278/823 2820/287/823 2822/279/823
f 2820/905/824 2819/906/824 2821/907/824
f 2821/908/825 2819/909/825 2818/910/825
f 2818/278/820 2823/280/820 2821/287/820
f 2821/282/826 2823/288/826 2824/283/826
f 2824/911/827 2823/912/827 2822/913/827
f 2823/914/828 2817/915/828 2822/916/828
f 2820/287/829 2824/280/829 2822/279/829
f 2820/281/830 2821/282/830 2824/283/830
f 2824/917/3188 2822/918/3188 2327/919/3188
f 2824/920/832 2327/921/832 2324/922/832
f 2825/343/833 2826/774/833 2827/332/833
f 2826/774/834 2825/343/834 2828/344/834
f 2826/774/835 2828/344/835 2829/780/835
f 2829/780/836 2828/344/836 2830/772/836
f 2830/772/837 2828/344/837 2343/342/837
f 2830/772/838 2343/342/838 2831/341/838
f 2830/772/839 2831/341/839 2832/771/839
f 2838/770/840 2830/772/840 2832/771/840
f 2836/775/841 2830/772/841 2838/770/841
f 2836/775/842 2833/773/842 2830/772/842
f 2836/775/843 2834/777/843 2833/773/843
f 2836/775/844 2835/776/844 2834/777/844
f 2835/923/845 2836/924/845 2340/925/845
f 2340/925/846 2836/924/846 2837/926/846
f 2836/924/847 2838/927/847 2837/926/847
f 2837/926/848 2838/927/848 2839/928/848
f 2838/927/849 2832/929/849 2839/928/849
f 2840/930/850 2835/923/850 2340/925/850
f 2834/777/851 2338/333/851 2833/773/851
f 2833/773/852 2338/333/852 2827/332/852
f 2826/774/853 2833/773/853 2827/332/853
f 2833/773/854 2826/774/854 2829/780/854
f 2833/773/855 2829/780/855 2830/772/855
f 2857/568/856 2858/569/856 2859/570/856
f 2857/568/857 2860/571/857 2858/569/857
f 2857/568/858 2861/574/858 2860/571/858
f 2861/574/859 2862/573/859 2860/571/859
f 2861/574/860 2863/571/860 2862/573/860
f 2864/568/861 2863/571/861 2861/574/861
f 2863/571/862 2864/568/862 2865/570/862
f 2863/571/863 2865/570/863 2866/569/863
f 2866/569/864 2862/573/864 2863/571/864
f 2866/569/865 2867/572/865 2862/573/865
f 2862/573/866 2867/572/866 2860/571/866
f 2867/572/3189 2858/569/3189 2860/571/3189
f 2871/216/868 2869/209/868 2872/212/868
f 2871/216/869 2868/215/869 2869/209/869
f 2868/346/870 2877/796/870 2869/795/870
f 2868/346/871 2344/794/871 2877/796/871
f 2344/215/872 2345/216/872 2877/209/872
f 2345/216/873 2870/212/873 2877/209/873
f 2871/346/874 2870/796/874 2345/794/874
f 2870/796/875 2871/346/875 2872/795/875
f 2873/793/876 2870/348/876 2872/345/876
f 2870/212/877 2873/213/877 2879/210/877
f 2873/203/878 2875/214/878 2879/204/878
f 2873/793/879 2872/345/879 2875/347/879
f 2872/212/880 2874/210/880 2875/213/880
f 2872/212/881 2876/211/881 2874/210/881
f 2869/209/882 2876/211/882 2872/212/882
f 2869/209/883 2878/217/883 2876/211/883
f 2877/793/884 2878/345/884 2869/348/884
f 2877/793/885 2881/347/885 2878/345/885
f 2877/209/886 2880/211/886 2881/217/886
f 2877/209/887 2879/210/887 2880/211/887
f 2877/209/888 2870/212/888 2879/210/888
f 2879/931/889 2874/932/889 2880/933/889
f 2879/204/890 2875/214/890 2874/205/890
f 2874/934/891 2876/935/891 2880/936/891
f 2881/214/892 2880/205/892 2876/204/892
f 2881/214/893 2876/204/893 2878/203/893
f 2882/937/894 2370/938/894 2883/939/894
f 2370/940/895 2884/941/895 2883/942/895
f 2370/940/896 2885/943/896 2884/941/896
f 2885/943/897 2362/944/897 2884/941/897
f 2884/941/898 2362/944/898 2360/945/898
f 2884/941/899 2360/945/899 2886/946/899
f 2372/947/900 2886/948/900 2360/949/900
f 2372/947/901 2882/937/901 2886/948/901
f 2882/937/902 2883/939/902 2886/948/902
f 2883/942/903 2884/941/903 2886/946/903
f 2887/560/904 2888/563/904 2894/561/904
f 2894/561/905 2888/563/905 2889/562/905
f 2888/560/906 2890/562/906 2889/561/906
f 2891/563/907 2890/562/907 2888/560/907
f 2892/563/908 2890/561/908 2891/560/908
f 2892/563/909 2893/562/909 2890/561/909
f 2892/560/910 2894/562/910 2893/561/910
f 2887/563/911 2894/562/911 2892/560/911
f 2895/593/912 2907/592/912 2896/600/912
f 2907/594/913 2895/596/913 2908/592/913
f 2895/596/914 2897/950/914 2908/592/914
f 2897/950/915 2899/599/915 2908/592/915
f 2898/598/916 2899/599/916 2897/950/916
f 2900/594/917 2899/601/917 2898/595/917
f 2902/951/918 2899/952/918 2900/585/918
f 2908/585/919 2899/952/919 2902/951/919
f 2908/585/920 2902/951/920 2901/586/920
f 2903/578/921 2901/953/921 2902/577/921
f 2903/582/922 2911/583/922 2901/953/922
f 2903/582/923 2904/609/923 2911/583/923
f 2905/581/924 2904/609/924 2903/582/924
f 2905/580/925 2903/578/925 2906/576/925
f 2903/578/926 2902/577/926 2906/576/926
f 2906/606/927 2902/951/927 2910/589/927
f 2910/589/928 2902/951/928 2900/585/928
f 2907/591/929 2910/589/929 2900/585/929
f 2907/591/930 2911/590/930 2910/589/930
f 2911/583/931 2907/585/931 2901/953/931
f 2901/953/932 2907/585/932 2908/584/932
f 2909/605/933 2910/602/933 2911/604/933
f 2912/608/934 2910/589/934 2909/607/934
f 2912/608/935 2906/606/935 2910/589/935
f 2905/580/936 2906/576/936 2912/579/936
f 2909/605/937 2911/604/937 2904/603/937
f 2896/600/938 2907/592/938 2900/594/938
f 2900/594/939 2898/595/939 2896/600/939
f 2953/954/940 2954/955/940 2965/956/940
f 2953/954/941 2434/957/941 2954/955/941
f 2435/536/942 2954/958/942 2434/535/942
f 2955/959/943 2954/958/943 2435/536/943
f 2956/536/944 2954/958/944 2955/959/944
f 2956/536/945 2958/535/945 2954/958/945
f 2957/665/946 2958/535/946 2956/536/946
f 2954/955/947 2958/957/947 2957/954/947
f 2954/955/948 2957/954/948 2965/956/948
f 2957/665/949 2956/536/949 2959/145/949
f 3032/839/950 3033/860/950 3034/840/950
f 3032/839/950 3036/838/950 3033/860/950
f 3035/819/951 3036/868/951 3032/856/951
f 3035/819/952 3037/821/952 3036/868/952
f 3038/820/953 3037/821/953 3035/819/953
f 3040/822/954 3037/865/954 3038/823/954
f 3040/822/955 3039/824/955 3037/865/955
f 3040/820/956 3041/819/956 3039/821/956
f 3041/819/957 3033/868/957 3039/821/957
f 3042/855/958 3033/868/958 3041/819/958
f 3042/855/959 3034/856/959 3033/868/959
f 3042/855/3190 3041/819/3190 3043/852/3190
f 3043/852/961 3041/819/961 3044/854/961
f 3045/848/962 3043/852/962 3044/854/962
f 3045/848/963 3044/854/963 3046/853/963
f 3047/847/964 3045/848/964 3046/853/964
f 3047/847/965 3046/853/965 3040/820/965
f 3048/836/966 3047/847/966 3040/820/966
f 3049/837/967 3047/847/967 3048/836/967
f 3049/839/968 3048/838/968 3050/860/968
f 3050/860/969 3048/838/969 3051/831/969
f 3048/838/969 3052/832/969 3051/831/969
f 3048/836/970 3040/820/970 3052/833/970
f 3052/833/971 3040/820/971 3055/834/971
f 3040/820/972 3056/835/972 3055/834/972
f 3040/822/973 3053/826/973 3056/825/973
f 3038/823/974 3053/826/974 3040/822/974
f 3051/833/975 3053/835/975 3038/820/975
f 3051/833/976 3054/834/976 3053/835/976
f 3051/831/977 3052/832/977 3054/830/977
f 3052/832/978 3055/827/978 3054/830/978
f 3055/827/979 3056/829/979 3054/830/979
f 3056/829/980 3053/828/980 3054/830/980
f 3050/836/981 3051/833/981 3038/820/981
f 3057/837/982 3050/836/982 3038/820/982
f 3057/840/968 3049/839/968 3050/860/968
f 3057/837/983 3038/820/983 3058/847/983
f 3059/848/984 3058/847/984 3038/820/984
f 3059/848/985 3038/820/985 3060/853/985
f 3059/848/986 3060/853/986 3061/852/986
f 3060/853/987 3062/854/987 3061/852/987
f 3061/852/988 3062/854/988 3063/855/988
f 3063/855/989 3062/854/989 3035/819/989
f 3063/855/990 3035/819/990 3032/856/990
f 3039/821/991 3033/868/991 3064/866/991
f 3033/868/992 3065/867/992 3064/866/992
f 3036/838/993 3065/862/993 3033/860/993
f 3036/838/993 3066/861/993 3065/862/993
f 3037/821/994 3066/867/994 3036/868/994
f 3037/821/995 3067/866/995 3066/867/995
f 3037/865/996 3039/824/996 3067/826/996
f 3039/824/996 3064/825/996 3067/826/996
f 3065/862/997 3067/864/997 3064/863/997
f 3065/862/997 3066/861/997 3067/864/997
s 1
f 2223/960/998 2239/961/999 2528/663/1000
f 2223/960/998 2224/962/1001 2239/961/999
f 2224/962/1001 2223/960/998 2530/963/1002
f 2225/964/1003 2232/664/1004 2528/663/1000
f 2528/663/1000 2239/961/999 2225/964/1003
f 2531/662/1005 2232/664/1006 2535/965/1007
f 2535/965/1007 2232/664/1006 2228/966/1008
f 2535/965/1007 2228/966/1008 2534/967/1009
f 2534/967/1009 2228/966/1008 2227/968/1010
f 2226/969/1011 2534/970/1009 2227/971/1010
f 2534/970/1009 2226/969/1011 2530/963/1002
f 2224/962/1001 2530/963/1002 2226/969/1011
f 2241/802/1012 2242/797/1013 2245/801/1014
f 2241/802/1012 2243/803/1015 2242/797/1013
f 2241/972/1012 2244/973/1016 2243/974/1015
f 2746/975/1017 2244/973/1016 2241/972/1012
f 2245/976/1014 2746/975/1017 2241/972/1012
f 2246/977/3191 2746/975/1017 2245/976/1014
f 2246/977/3191 2245/976/1014 2247/978/1019
f 2245/801/1014 2242/797/1013 2247/800/1019
f 2242/797/1013 2252/798/1020 2247/800/1019
f 2242/797/1013 2248/799/1021 2252/798/1020
f 2242/797/1013 2249/804/1022 2248/799/1021
f 2744/973/1023 2249/976/1022 2242/972/1013
f 2250/975/1024 2249/976/1022 2744/973/1023
f 2248/978/1021 2249/976/1022 2250/975/1024
f 2248/978/1021 2250/975/1024 2251/977/1025
f 2252/979/1020 2248/978/1021 2251/977/1025
f 2252/979/1020 2251/977/1025 2745/980/3192
f 2745/980/3192 2247/978/1019 2252/979/1020
f 2246/977/3191 2247/978/1019 2745/980/3192
f 2253/981/1027 2744/973/1023 2242/972/1013
f 2253/981/1027 2242/972/1013 2243/974/1015
f 2244/973/1016 2253/981/1027 2243/974/1015
f 2516/803/1028 2512/799/1029 2520/804/1030
f 2516/803/1028 2523/798/1031 2512/799/1029
f 2516/803/1028 2513/800/1032 2523/798/1031
f 2516/803/1028 2514/801/1033 2513/800/1032
f 2516/803/1028 2515/802/1034 2514/801/1033
f 2514/976/1033 2515/972/1034 2525/973/1035
f 2515/972/1034 2527/981/1036 2525/973/1035
f 2515/972/1034 2516/974/1028 2527/981/1036
f 2516/974/1028 2517/973/1037 2527/981/1036
f 2518/972/1038 2517/973/1037 2516/974/1028
f 2518/972/1038 2519/975/1039 2517/973/1037
f 2518/972/1038 2520/976/1030 2519/975/1039
f 2516/803/1028 2520/804/1030 2518/797/1038
f 2521/977/1040 2519/975/1039 2520/976/1030
f 2517/982/1037 2519/983/1039 2521/984/1040
f 2517/982/1037 2521/984/1040 2522/985/1041
f 2522/980/1041 2521/977/1040 2512/978/1029
f 2512/978/1029 2521/977/1040 2520/976/1030
f 2523/979/1031 2522/980/1041 2512/978/1029
f 2523/979/1031 2524/977/1042 2522/980/1041
f 2523/979/1031 2513/978/1032 2524/977/1042
f 2513/978/1032 2526/975/1043 2524/977/1042
f 2514/976/1033 2526/975/1043 2513/978/1032
f 2514/976/1033 2525/973/1035 2526/975/1043
f 2525/986/1035 2517/982/1037 2526/987/1043
f 2525/986/1035 2527/988/1036 2517/982/1037
f 2526/987/1043 2517/982/1037 2524/989/1042
f 2517/982/1037 2522/985/1041 2524/989/1042
f 2548/990/1044 2566/991/1045 2549/992/1046
f 2549/992/1046 2566/991/1045 2550/993/1047
f 2551/994/1048 2545/995/1049 2552/996/1050
f 2545/995/1049 2553/997/1051 2552/996/1050
f 2549/992/1046 2550/993/1047 2554/990/3193
f 2554/990/3193 2550/993/1047 2555/991/1053
f 2556/995/1054 2557/998/3194 2558/994/1056
f 2556/995/1054 2559/999/1057 2557/998/3194
f 2560/1000/1058 2557/998/3194 2559/999/1057
f 2560/1000/1058 2559/999/1057 2561/1001/3195
f 2555/991/1053 2560/1000/1058 2561/1001/3195
f 2555/991/1053 2561/1001/3195 2554/990/3193
f 2553/997/1051 2556/995/1054 2558/994/1056
f 2553/997/1051 2558/994/1056 2552/996/1050
f 2579/726/1060 2581/724/1061 2580/1002/1062
f 2583/1002/1063 2576/726/1064 2582/1003/1065
f 2581/724/1061 2576/726/1064 2583/1002/1063
f 2576/726/1064 2577/1004/1066 2582/1003/1065
f 2582/1003/1065 2577/1004/1066 2588/1005/1067
f 2577/1004/1066 2585/1006/1068 2588/1005/1067
f 2579/726/1060 2580/1002/1062 2584/1004/1069
f 2584/1004/1069 2580/1002/1062 2586/1003/1070
f 2584/1004/1069 2586/1003/1070 2593/1006/1071
f 2593/1006/1071 2586/1003/1070 2587/1005/1072
f 2590/1007/1073 2591/1008/1074 2588/1005/1067
f 2590/1007/1073 2597/1009/1075 2591/1008/1074
f 2585/1006/1068 2590/1007/1073 2588/1005/1067
f 2587/1005/1072 2592/1007/1076 2593/1006/1071
f 2587/1005/1072 2589/1008/1077 2592/1007/1076
f 2592/1007/1076 2589/1008/1077 2594/1010/1078
f 2594/1011/1078 2589/1012/1077 2595/1013/1079
f 2597/1009/1075 2596/1014/1080 2591/1008/1074
f 2647/803/1081 2643/799/1082 2649/804/1083
f 2647/803/1081 2644/798/1084 2643/799/1082
f 2647/803/1081 2654/800/1085 2644/798/1084
f 2647/803/1081 2645/801/1086 2654/800/1085
f 2647/803/1081 2646/802/1087 2645/801/1086
f 2645/976/1086 2646/972/1087 2655/973/1088
f 2646/972/1087 2657/981/1089 2655/973/1088
f 2646/972/1087 2647/974/1081 2657/981/1089
f 2647/974/1081 2658/973/1090 2657/981/1089
f 2650/972/1091 2658/973/1090 2647/974/1081
f 2650/972/1091 2648/975/1092 2658/973/1090
f 2650/972/1091 2649/976/1083 2648/975/1092
f 2647/803/1081 2649/804/1083 2650/797/1091
f 2651/977/1093 2648/975/1092 2649/976/1083
f 2648/804/1092 2651/799/1093 2652/798/1094
f 2652/980/1094 2651/977/1093 2643/978/1082
f 2643/978/1082 2651/977/1093 2649/976/1083
f 2644/979/1084 2652/980/1094 2643/978/1082
f 2644/979/1084 2653/977/1095 2652/980/1094
f 2644/979/1084 2654/978/1085 2653/977/1095
f 2654/978/1085 2656/975/3196 2653/977/1095
f 2645/976/1086 2656/975/3196 2654/978/1085
f 2645/976/1086 2655/973/1088 2656/975/3196
f 2655/802/1088 2648/804/1092 2656/801/3196
f 2655/802/1088 2657/803/1089 2648/804/1092
f 2657/803/1089 2658/797/1090 2648/804/1092
f 2656/801/3196 2648/804/1092 2653/800/1095
f 2653/800/1095 2648/804/1092 2652/798/1094
f 2718/692/1097 2724/694/1098 2722/693/1099
f 2718/692/1097 2720/691/1100 2724/694/1098
f 2720/691/1100 2719/690/1101 2724/694/1098
f 2719/996/1101 2720/994/1100 2721/995/1102
f 2720/994/1100 2735/999/1103 2721/995/1102
f 2720/994/1100 2718/998/1097 2735/999/1103
f 2718/998/1097 2736/1001/1104 2735/999/1103
f 2718/998/1097 2722/1000/1099 2736/1001/1104
f 2722/1000/1099 2723/990/1105 2736/1001/1104
f 2722/1000/1099 2724/991/1098 2723/990/1105
f 2725/992/1106 2723/990/1105 2724/991/1098
f 2723/694/1105 2725/689/1106 2726/688/1107
f 2726/990/1107 2725/992/1106 2727/993/1108
f 2727/993/1108 2725/992/1106 2724/991/1098
f 2724/694/1098 2733/688/1109 2727/689/1108
f 2728/687/1110 2733/688/1109 2724/694/1098
f 2728/681/1110 2731/680/1111 2733/686/1109
f 2728/681/1110 2729/679/1112 2731/680/1111
f 2729/697/1112 2728/696/1110 2730/698/1113
f 2730/698/1113 2728/696/1110 2709/695/1114
f 2729/1015/1112 2730/1016/1113 2732/1017/1115
f 2729/1018/1112 2732/1019/1115 2731/1020/1111
f 2731/697/1111 2732/698/1115 2733/696/1109
f 2732/698/1115 2708/695/1116 2733/696/1109
f 2719/690/1101 2728/687/1110 2724/694/1098
f 2719/996/1101 2734/997/1117 2728/994/1110
f 2719/996/1101 2721/995/1102 2734/997/1117
f 2721/691/1102 2726/688/1107 2734/690/1117
f 2721/691/1102 2735/692/1103 2726/688/1107
f 2735/692/1103 2736/693/1104 2726/688/1107
f 2736/693/1104 2723/694/1105 2726/688/1107
f 2734/690/1117 2726/688/1107 2741/687/3197
f 2741/681/3197 2726/686/1107 2739/679/1119
f 2726/686/1107 2740/680/1120 2739/679/1119
f 2740/676/1120 2726/677/1107 2300/685/1121
f 2738/678/1122 2740/676/1120 2300/685/1121
f 2737/1021/3198 2740/1022/1120 2738/1023/1122
f 2737/1024/3198 2739/1025/1119 2740/1026/1120
f 2737/678/3198 2299/685/1124 2739/676/1119
f 2739/676/1119 2299/685/1124 2741/677/3197
f 2728/994/1110 2734/997/1117 2741/995/3197
f 2733/991/1109 2726/990/1107 2727/993/1108
f 2747/1008/1125 2755/1014/1126 2748/1009/3199
f 2751/1005/1128 2752/1006/1129 2753/1003/3200
f 2751/1005/1128 2754/1007/1131 2752/1006/1129
f 2751/1005/1128 2747/1008/1125 2754/1007/1131
f 2754/1007/1131 2747/1008/1125 2748/1009/3199
f 2750/1008/1132 2758/1007/1133 2757/1027/1134
f 2750/1008/1132 2749/1005/1135 2758/1007/1133
f 2749/1005/1135 2759/1006/1136 2758/1007/1133
f 2760/1004/1137 2759/1006/1136 2749/1005/1135
f 2753/1003/3200 2752/1006/1129 2761/1004/1138
f 2753/1003/3200 2761/1004/1138 2767/1002/1139
f 2767/1002/1139 2761/1004/1138 2762/726/1140
f 2763/726/3201 2760/1004/1137 2764/1003/3202
f 2764/1003/3202 2760/1004/1137 2749/1005/1135
f 2765/1002/3203 2763/726/3201 2764/1003/3202
f 2766/725/1144 2763/726/3201 2765/1002/3203
f 2767/1002/1139 2762/726/1140 2766/725/1144
f 2767/1002/1139 2766/725/1144 2768/724/1145
f 2768/724/1145 2766/725/1144 2765/1002/3203
f 2842/986/1146 2841/987/1147 2843/988/1148
f 2841/975/1147 2842/973/1146 2848/972/1149
f 2848/972/1149 2842/973/1146 2850/974/3204
f 2842/973/1146 2843/981/1148 2850/974/3204
f 2843/981/1148 2844/972/1151 2850/974/3204
f 2843/981/1148 2845/973/1152 2844/972/1151
f 2843/988/1148 2854/983/1153 2845/982/1152
f 2843/988/1148 2846/984/1154 2854/983/1153
f 2843/988/1148 2855/985/1155 2846/984/1154
f 2843/988/1148 2847/989/1156 2855/985/1155
f 2843/988/1148 2841/987/1147 2847/989/1156
f 2847/977/1156 2841/975/1147 2849/976/1157
f 2849/976/1157 2841/975/1147 2848/972/1149
f 2848/802/1149 2844/797/1151 2849/801/1157
f 2848/802/1149 2850/803/3204 2844/797/1151
f 2849/801/1157 2844/797/1151 2856/800/1158
f 2844/797/1151 2851/798/1159 2856/800/1158
f 2844/797/1151 2852/799/1160 2851/798/1159
f 2844/797/1151 2853/804/1161 2852/799/1160
f 2845/973/1152 2853/976/1161 2844/972/1151
f 2854/975/1153 2853/976/1161 2845/973/1152
f 2852/978/1160 2853/976/1161 2854/975/1153
f 2852/978/1160 2854/975/1153 2846/977/1154
f 2851/979/1159 2852/978/1160 2846/977/1154
f 2851/979/1159 2846/977/1154 2855/980/1155
f 2855/980/1155 2856/978/1158 2851/979/1159
f 2847/977/1156 2856/978/1158 2855/980/1155
f 2847/977/1156 2849/976/1157 2856/978/1158
f 2918/1028/1162 2913/1029/1163 2920/1030/1164
f 2914/1031/1165 2913/1029/1163 2918/1032/1162
f 2914/1031/1165 2915/1033/1166 2913/1029/1163
f 2914/1031/1165 2916/1034/1167 2915/1033/1166
f 2916/1034/1167 2914/1031/1165 2917/1035/1168
f 2917/1035/1168 2914/1031/1165 2403/1036/1169
f 2403/1036/1169 2914/1031/1165 2918/1032/1162
f 2918/1037/1162 2402/504/1170 2403/1038/1169
f 2918/1037/1162 2919/1039/1171 2402/504/1170
f 2920/1040/1164 2919/1039/1171 2918/1037/1162
f 2920/1040/1164 2921/1041/1172 2919/1039/1171
f 2920/1040/1164 2922/1042/1173 2921/1041/1172
f 2920/1030/1164 2923/1043/1174 2922/1044/1173
f 2920/1030/1164 2924/1045/1175 2923/1043/1174
f 2913/1029/1163 2924/1045/1175 2920/1030/1164
f 2924/1045/1175 2913/1029/1163 2925/1046/1176
f 2913/1029/1163 2915/1033/1166 2925/1046/1176
f 2915/1033/1166 2926/1047/1177 2925/1046/1176
f 2915/1033/1166 2916/1034/1167 2926/1047/1177
f 2916/1034/1167 2927/1048/1178 2926/1047/1177
f 2927/1048/1178 2916/1034/1167 2928/1049/1179
f 2916/1034/1167 2411/1050/1180 2928/1049/1179
f 2916/1034/1167 2917/1035/1168 2411/1050/1180
f 2917/1035/1168 2929/1051/1181 2411/1050/1180
f 2929/1051/1181 2917/1035/1168 2403/1036/1169
f 2927/1048/1178 2928/1049/1179 2930/1034/1182
f 2930/1034/1182 2928/1049/1179 2931/1052/1183
f 2930/1034/1182 2931/1052/1183 2932/1051/1184
f 2932/1051/1184 2933/1035/1185 2930/1034/1182
f 2932/1051/1184 2934/1036/1186 2933/1035/1185
f 2933/1035/1185 2934/1036/1186 2946/1031/1187
f 2934/1036/1186 2935/1032/1188 2946/1031/1187
f 2919/1039/1171 2935/1037/1188 2934/1038/1186
f 2919/1039/1171 2948/1040/1189 2935/1037/1188
f 2921/1041/1172 2948/1040/1189 2919/1039/1171
f 2936/1053/1190 2948/1040/1189 2921/1041/1172
f 2936/1053/1190 2949/1042/1191 2948/1040/1189
f 2936/1053/1190 2950/1054/1192 2949/1042/1191
f 2379/1055/1193 2950/1054/1192 2936/1053/1190
f 2380/1054/1194 2379/1055/1193 2936/1053/1190
f 2922/1042/1173 2380/1054/1194 2936/1053/1190
f 2922/1044/1173 2923/1043/1174 2380/1056/1194
f 2923/1043/1174 2937/1057/1195 2380/1056/1194
f 2923/1043/1174 2938/1058/1196 2937/1057/1195
f 2939/1059/1197 2938/1058/1196 2923/1043/1174
f 2939/1059/1197 2940/1043/1198 2938/1058/1196
f 2939/1059/1197 2941/1045/1199 2940/1043/1198
f 2939/1059/1197 2942/1060/1200 2941/1045/1199
f 2924/1045/1175 2942/1060/1200 2939/1059/1197
f 2924/1045/1175 2943/1061/1201 2942/1060/1200
f 2924/1045/1175 2925/1046/1176 2943/1061/1201
f 2925/1046/1176 2926/1047/1177 2943/1061/1201
f 2926/1047/1177 2944/1046/1202 2943/1061/1201
f 2926/1047/1177 2945/1062/1203 2944/1046/1202
f 2926/1047/1177 2930/1034/1182 2945/1033/1203
f 2927/1048/1178 2930/1034/1182 2926/1047/1177
f 2930/1034/1182 2933/1035/1185 2945/1033/1203
f 2945/1033/1203 2933/1035/1185 2946/1031/1187
f 2945/1062/1203 2946/1063/1187 2944/1046/1202
f 2946/1063/1187 2947/1029/1204 2944/1046/1202
f 2946/1031/1187 2935/1032/1188 2947/1029/1204
f 2935/1028/1188 2948/1030/1189 2947/1029/1204
f 2947/1029/1204 2948/1030/1189 2941/1045/1199
f 2948/1030/1189 2949/1044/1191 2941/1045/1199
f 2941/1045/1199 2949/1044/1191 2940/1043/1198
f 2949/1044/1191 2950/1056/1192 2940/1043/1198
f 2940/1043/1198 2950/1056/1192 2951/1057/1205
f 2938/1058/1196 2940/1043/1198 2951/1057/1205
f 2947/1029/1204 2941/1045/1199 2944/1046/1202
f 2943/1061/1201 2944/1046/1202 2941/1045/1199
f 2943/1061/1201 2941/1045/1199 2942/1060/1200
f 2924/1045/1175 2939/1059/1197 2923/1043/1174
f 2922/1042/1173 2936/1053/1190 2921/1041/1172
f 2919/1039/1171 2934/1038/1186 2952/504/1206
f 2402/1064/1170 2919/1065/1171 2952/1066/1206
f 2963/1067/1207 2961/137/1208 2962/145/1209
f 2960/959/1210 2961/137/1208 2963/1067/1207
f 2229/137/1211 2960/143/1210 2963/1067/1207
f 2229/137/1211 2963/1067/1207 2532/145/1212
f 2963/1067/1207 2965/1068/1213 2532/145/1212
f 2963/1067/1207 2966/665/1214 2965/1068/1213
f 2962/145/1209 2966/665/1214 2963/1067/1207
f 2964/666/1215 2966/665/1214 2962/145/1209
f 2965/1069/1213 2966/1070/1214 2964/1071/1215
f 2965/1069/1213 2964/1071/1215 2967/1072/1216
f 2970/138/1217 2967/1073/1216 2964/1074/1215
f 2968/1075/1218 2967/1073/1216 2970/138/1217
f 2968/1075/1218 2533/1074/1219 2967/1073/1216
f 2968/1075/1218 2230/138/1220 2533/1074/1219
f 2968/1076/1218 2998/1077/1221 2230/1078/1220
f 2968/1076/1218 2969/1079/1222 2998/1077/1221
f 2968/1076/1218 2970/1078/1217 2969/1079/1222
f 2970/1078/1217 3000/1080/1223 2969/1079/1222
f 2970/1078/1217 2971/1081/1224 3000/1080/1223
f 2971/1081/1224 2970/1078/1217 2972/1082/1225
f 2973/1083/1226 2972/1082/1225 2970/1078/1217
f 2973/1083/1226 2974/1084/1227 2972/1082/1225
f 2973/615/1226 3010/614/1228 2974/613/1227
f 3010/618/1228 2973/616/1226 2975/617/1229
f 2975/617/1229 2973/616/1226 2976/619/1230
f 2976/1085/1230 2973/1083/1226 2235/1086/1231
f 2970/138/1217 2964/666/1215 2962/145/1209
f 2977/1087/1232 2235/1086/1231 2231/1083/1233
f 2976/1085/1230 2235/1086/1231 2977/1087/1232
f 2978/1088/1234 2976/1085/1230 2977/1087/1232
f 3018/1089/1235 2976/1085/1230 2978/1088/1234
f 2979/620/1236 2976/619/1230 3018/621/1235
f 2975/617/1229 2976/619/1230 2979/620/1236
f 2979/1090/1236 2980/1091/1237 2975/1092/1229
f 2981/1093/1238 2980/1091/1237 2979/1090/1236
f 2982/1094/1239 2980/1091/1237 2981/1093/1238
f 2982/1094/1239 2494/1095/1240 2980/1091/1237
f 2494/1095/1240 2983/1096/1241 2980/1091/1237
f 2494/1095/1240 2984/1097/1242 2983/1096/1241
f 2984/1097/1242 2985/1098/1243 2983/1096/1241
f 2984/1097/1242 2986/1099/1244 2985/1098/1243
f 2984/1097/1242 2987/1100/1245 2986/1099/1244
f 2988/1101/1246 2987/1100/1245 2984/1097/1242
f 2988/1101/1246 2989/1102/1247 2987/1100/1245
f 2988/1101/1246 2990/1103/1248 2989/1102/1247
f 2990/1103/1248 2991/1104/1249 2989/1102/1247
f 2989/1102/1247 2991/1104/1249 2992/1105/1250
f 2992/1105/1250 2991/1104/1249 2493/1084/1251
f 2493/1084/1251 2993/1082/1252 2992/1105/1250
f 2231/1083/1233 2993/1082/1252 2493/1084/1251
f 2231/1083/1233 2230/1078/1220 2993/1082/1252
f 2994/1081/1253 2993/1082/1252 2230/1078/1220
f 2993/1082/1252 2994/1081/1253 2995/1106/1254
f 2994/1081/1253 2996/1080/1255 2995/1106/1254
f 2994/1081/1253 2997/1079/1256 2996/1080/1255
f 2230/1078/1220 2997/1079/1256 2994/1081/1253
f 2230/1078/1220 2998/1077/1221 2997/1079/1256
f 2997/1107/1256 2998/1108/1221 2999/1109/1257
f 2998/1108/1221 2969/1107/1222 2999/1109/1257
f 2999/1109/1257 2969/1107/1222 3000/1110/1223
f 2999/1109/1257 3000/1110/1223 3001/1111/1258
f 3001/1111/1258 3000/1110/1223 3002/1112/1259
f 3002/1112/1259 3000/1080/1223 3003/1106/1260
f 2971/1081/1224 3003/1106/1260 3000/1080/1223
f 3004/1105/1261 3003/1106/1260 2971/1081/1224
f 3005/1102/1262 3003/1106/1260 3004/1105/1261
f 3005/1102/1262 3006/1113/1263 3003/1106/1260
f 3005/1102/1262 3007/1100/1264 3006/1113/1263
f 3011/1103/1265 3007/1100/1264 3005/1102/1262
f 3008/1101/1266 3007/1100/1264 3011/1103/1265
f 3008/1101/1266 3009/1099/1267 3007/1100/1264
f 3008/1101/1266 3010/1097/1228 3009/1099/1267
f 3010/614/1228 3008/611/1266 2974/613/1227
f 3008/611/1266 3012/610/1268 2974/613/1227
f 3008/611/1266 3011/612/1265 3012/610/1268
f 3011/1103/1265 3004/1105/1261 3012/1104/1268
f 3011/1103/1265 3005/1102/1262 3004/1105/1261
f 3012/1104/1268 3004/1105/1261 2972/1082/1225
f 2972/1082/1225 3004/1105/1261 2971/1081/1224
f 3012/1104/1268 2972/1082/1225 2974/1084/1227
f 3010/1097/1228 2985/1098/1243 3009/1099/1267
f 2983/1096/1241 2985/1098/1243 3010/1097/1228
f 2975/1092/1229 2983/1096/1241 3010/1097/1228
f 2980/1091/1237 2983/1096/1241 2975/1092/1229
f 2985/1098/1243 3013/1114/1269 3009/1099/1267
f 2986/1099/1244 3013/1114/1269 2985/1098/1243
f 2986/1099/1244 3014/1115/1270 3013/1114/1269
f 2987/1100/1245 3014/1115/1270 2986/1099/1244
f 2987/1100/1245 3015/1113/1271 3014/1115/1270
f 2989/1102/1247 3015/1113/1271 2987/1100/1245
f 2989/1102/1247 2992/1105/1250 3015/1113/1271
f 3015/1113/1271 2992/1105/1250 2995/1106/1254
f 2993/1082/1252 2995/1106/1254 2992/1105/1250
f 3015/1113/1271 2995/1106/1254 2996/1080/1255
f 3015/1113/1271 2996/1080/1255 3016/1112/1272
f 2996/1110/1255 3001/1111/1258 3016/1112/1272
f 2996/1110/1255 2999/1109/1257 3001/1111/1258
f 2996/1110/1255 2997/1107/1256 2999/1109/1257
f 3016/1112/1272 3001/1111/1258 3014/1115/1270
f 3014/1115/1270 3001/1111/1258 3013/1114/1269
f 3001/1111/1258 3017/1115/1273 3013/1114/1269
f 3001/1111/1258 3002/1112/1259 3017/1115/1273
f 3006/1113/1263 3017/1115/1273 3002/1112/1259
f 3007/1100/1264 3017/1115/1273 3006/1113/1263
f 3007/1100/1264 3009/1099/1267 3017/1115/1273
f 3009/1099/1267 3013/1114/1269 3017/1115/1273
f 3006/1113/1263 3002/1112/1259 3003/1106/1260
f 3015/1113/1271 3016/1112/1272 3014/1115/1270
f 2982/1092/1239 2981/1116/1238 2495/1090/1274
f 2495/1090/1274 2981/1116/1238 2978/1093/1234
f 2981/1116/1238 3018/1094/1235 2978/1093/1234
f 2981/1116/1238 2979/1092/1236 3018/1094/1235
f 2978/1088/1234 2977/1087/1232 2495/1089/1274
f 2495/1089/1274 2977/1087/1232 3019/1085/1275
f 2977/1087/1232 2231/1083/1233 3019/1085/1275
f 3020/964/1276 2236/961/1277 3021/663/1278
f 2236/961/1277 3030/960/1279 3021/663/1278
f 3022/962/1280 3030/960/1279 2236/961/1277
f 3022/962/1280 3023/969/1281 3030/960/1279
f 3023/969/1281 3029/963/1282 3030/960/1279
f 3029/963/1282 3023/969/1281 3024/971/1283
f 3029/963/1282 3024/971/1283 3025/970/1284
f 3024/968/1283 2237/966/1285 3025/967/1284
f 2237/966/1285 3026/965/1286 3025/967/1284
f 2234/664/1287 3026/965/1286 2237/966/1285
f 3027/662/1288 3026/965/1286 2234/664/1287
f 3028/1117/1289 3026/1118/1286 3027/1119/1288
f 3025/1120/1284 3026/1118/1286 3028/1117/1289
f 3029/1121/1282 3025/1120/1284 3028/1117/1289
f 3029/1121/1282 3028/1117/1289 3030/1122/1279
f 3030/1122/1279 3028/1117/1289 3021/1123/1278
f 3028/1117/1289 3027/1119/1288 3021/1123/1278
f 3021/663/1278 3027/662/1288 2234/664/1287
f 3020/964/1276 3021/663/1278 2234/664/1287
f 2533/1071/1219 2965/1069/1213 2967/1072/1216
f 3031/1070/1290 2965/1069/1213 2533/1071/1219
f 2532/145/1212 2965/1068/1213 3031/665/1290
s 0
f 3068/1124/1291 3069/1125/1291 3070/1126/1291
f 3068/1124/1292 3071/1127/1292 3069/1125/1292
f 3071/1127/1293 3072/1128/1293 3069/1125/1293
f 3078/1129/1294 3072/1128/1294 3071/1127/1294
f 3073/1130/1295 3072/1128/1295 3078/1129/1295
f 3074/1131/1296 3072/1128/1296 3073/1130/1296
f 3072/1128/1297 3074/1131/1297 3075/1132/1297
f 3074/1133/1298 3090/1134/1298 3075/1132/1298
f 3074/1133/1299 3076/1135/1299 3090/1134/1299
f 3074/1133/1300 3077/1136/1300 3076/1135/1300
f 3077/1137/1301 3074/1131/1301 3073/1130/1301
f 3073/1130/1302 3091/1138/1302 3077/1137/1302
f 3073/1139/1303 3079/1140/1303 3091/1141/1303
f 3073/1142/1304 3078/1143/1304 3079/1144/1304
f 3079/1144/1304 3078/1143/1304 3080/1145/1304
f 3078/1146/1305 3094/1147/1305 3080/1148/1305
f 3078/1146/1306 3081/1149/1306 3094/1147/1306
f 3078/1129/1307 3082/1150/1307 3081/1151/1307
f 3071/1127/1308 3082/1150/1308 3078/1129/1308
f 3071/1152/1309 3068/1153/1309 3082/1154/1309
f 3083/1155/1310 3082/1156/1310 3068/1157/1310
f 3082/1158/1311 3083/1159/1311 3081/1160/1311
f 3081/1160/1312 3083/1159/1312 3095/1161/1312
f 3095/1161/1313 3083/1159/1313 3084/1162/1313
f 3084/1162/1314 3083/1159/1314 3085/1163/1314
f 3083/1159/1315 3086/1164/1315 3085/1163/1315
f 3083/1159/1316 3087/1165/1316 3086/1164/1316
f 3083/1166/1317 3068/1167/1317 3087/1168/1317
f 3084/1162/1318 3085/1163/1318 3088/1169/1318
f 3089/1170/1319 3084/1162/1319 3088/1169/1319
f 3089/1170/1319 3072/1128/1319 3084/1162/1319
f 3072/1128/1320 3089/1170/1320 3069/1125/1320
f 3072/1128/1297 3075/1132/1297 3084/1162/1297
f 3075/1132/1321 3092/1171/1321 3084/1162/1321
f 3075/1132/1322 3090/1172/1322 3092/1171/1322
f 3076/1173/1323 3092/1171/1323 3090/1172/1323
f 3091/1174/1324 3092/1171/1324 3076/1173/1324
f 3092/1175/1325 3091/1176/1325 3079/1177/1325
f 3092/1178/1326 3079/1179/1326 3093/1180/1326
f 3092/1181/3205 3093/1182/3205 3095/1183/3205
f 3093/1182/1328 3094/1184/1328 3095/1183/1328
f 3095/1185/1329 3094/1147/1329 3081/1186/1329
f 3092/1171/1330 3095/1161/1330 3084/1162/1330
f 3077/1137/1331 3091/1138/1331 3076/1187/1331
f 3096/1188/1332 3103/1189/1332 3098/1190/1332
f 3096/1188/1333 3102/1191/1333 3103/1189/1333
f 3096/1188/1319 3097/1192/1319 3102/1191/1319
f 3097/1192/1334 3096/1188/1334 3099/1193/1334
f 3099/1193/1334 3096/1188/1334 3098/1194/1334
f 3097/1195/1335 3099/1196/1335 3100/1192/1335
f 3097/1195/1336 3100/1192/1336 3101/1197/1336
f 3101/1192/1337 3100/1193/1337 3102/1188/1337
f 3100/1193/1337 3103/1194/1337 3102/1188/1337
f 3097/1192/1319 3101/1197/1319 3102/1191/1319
f 3104/1198/1338 3105/1199/1338 3106/1200/1338
f 3105/1199/1339 3104/1198/1339 3107/1201/1339
f 3105/1199/1340 3107/1201/1340 3108/1202/1340
f 3107/1201/1341 3109/1198/1341 3108/1202/1341
f 3108/1202/1342 3109/1198/1342 3110/1199/1342
f 3111/1203/1343 3110/1199/1343 3109/1198/1343
f 3111/1203/1344 3109/1198/1344 3106/1200/1344
f 3105/1199/1345 3111/1203/1345 3106/1200/1345
f 3112/1204/1346 3115/1205/1346 3113/1206/1346
f 3115/1205/1347 3114/1207/1347 3113/1206/1347
f 3115/1208/1348 3116/1209/1348 3114/1210/1348
f 3116/1209/1349 3117/1211/1349 3114/1210/1349
f 3117/1212/1350 3116/1213/1350 3118/1214/1350
f 3119/1215/1351 3117/1212/1351 3118/1214/1351
f 3120/1216/1352 3117/1212/1352 3119/1215/1352
f 3120/1216/1353 3132/1217/1353 3117/1212/1353
f 3120/1216/1354 3121/1218/1354 3132/1217/1354
f 3120/1219/1355 3130/1220/1355 3121/1221/1355
f 3120/1219/1356 3122/1222/1356 3130/1220/1356
f 3122/1223/1357 3120/1224/1357 3123/1225/1357
f 3123/1225/1358 3120/1224/1358 3124/1226/1358
f 3125/1227/1359 3124/1228/1359 3120/1216/1359
f 3125/1227/1360 3120/1216/1360 3119/1215/1360
f 3126/1229/1361 3125/1227/1361 3119/1230/1361
f 3126/1229/1362 3127/1231/1362 3125/1227/1362
f 3128/1226/1363 3127/1231/1363 3126/1229/1363
f 3128/1226/1364 3126/1229/1364 3133/1224/1364
f 3133/1224/1294 3126/1229/1294 3113/1206/1294
f 3126/1229/1365 3112/1204/1365 3113/1206/1365
f 3112/1204/1363 3126/1229/1363 3129/1232/1363
f 3129/1232/1361 3126/1229/1361 3119/1230/1361
f 3129/1232/1361 3119/1230/1361 3118/1233/1361
f 3133/1224/1366 3113/1206/1366 3130/1234/1366
f 3130/1234/1367 3113/1206/1367 3131/1235/1367
f 3113/1206/1368 3132/1236/1368 3131/1235/1368
f 3113/1206/1369 3114/1237/1369 3132/1236/1369
f 3117/1238/1370 3132/1236/1370 3114/1237/1370
f 3133/1239/1371 3130/1220/1371 3122/1222/1371
f 3133/1224/1372 3122/1223/1372 3128/1226/1372
f 3128/1226/1373 3122/1223/1373 3123/1225/1373
f 3136/1240/1374 3134/1241/1374 3135/1242/1374
f 3136/1240/1375 3150/1243/1375 3134/1241/1375
f 3138/1244/1376 3150/1245/1376 3136/1246/1376
f 3136/1240/1377 3137/1247/1377 3138/1248/1377
f 3140/1249/1378 3138/1248/1378 3137/1247/1378
f 3138/1250/1379 3140/1251/1379 3139/1252/1379
f 3140/1251/1380 3141/1253/1380 3139/1252/1380
f 3140/1254/1381 3137/1255/1381 3141/1256/1381
f 3145/1257/1382 3141/1258/1382 3137/1247/1382
f 3142/1259/1383 3141/1258/1383 3145/1257/1383
f 3142/1259/1384 3177/1260/1384 3141/1258/1384
f 3177/1261/1385 3142/1262/1385 3143/1263/1385
f 3142/1262/1386 3144/1264/1386 3143/1263/1386
f 3142/1259/1387 3146/1265/1387 3144/1266/1387
f 3142/1259/1388 3145/1257/1388 3146/1265/1388
f 3145/1267/1389 3147/1268/1389 3146/1269/1389
f 3145/1257/1390 3137/1247/1390 3147/1270/1390
f 3147/1270/1391 3137/1247/1391 3148/1271/1391
f 3137/1247/1392 3136/1240/1392 3148/1271/1392
f 3148/1271/3206 3136/1240/3206 3149/1272/3206
f 3136/1246/1394 3157/1273/1394 3149/1274/1394
f 3136/1240/1395 3159/1275/1395 3157/1276/1395
f 3136/1240/1396 3135/1242/1396 3159/1275/1396
f 3134/1277/1397 3159/1278/1397 3135/1279/1397
f 3134/1277/1397 3151/1280/1397 3159/1278/1397
f 3134/1281/1398 3150/1282/1398 3151/1241/1398
f 3150/1282/1398 3152/1243/1398 3151/1241/1398
f 3152/1243/1399 3160/1242/1399 3151/1241/1399
f 3152/1243/1400 3161/1240/1400 3160/1242/1400
f 3152/1283/1401 3139/1284/1401 3161/1285/1401
f 3179/1247/1402 3161/1240/1402 3139/1248/1402
f 3153/1270/1403 3161/1240/1403 3179/1247/1403
f 3153/1270/1404 3154/1271/1404 3161/1240/1404
f 3155/1286/3207 3154/1271/3207 3153/1270/3207
f 3156/1287/1406 3154/1271/1406 3155/1286/1406
f 3148/1288/1407 3154/1289/1407 3156/1290/1407
f 3148/1291/1408 3157/1292/1408 3154/1293/1408
f 3149/1272/1409 3157/1276/1409 3148/1271/1409
f 3157/1294/1408 3162/1295/1408 3154/1296/1408
f 3157/1297/1410 3158/1275/1410 3162/1276/1410
f 3159/1298/1410 3158/1275/1410 3157/1297/1410
f 3160/1299/1397 3158/1300/1397 3159/1278/1397
f 3162/1276/1411 3158/1275/1411 3160/1242/1411
f 3162/1276/1412 3160/1242/1412 3161/1240/1412
f 3161/1301/1413 3163/1302/1413 3162/1303/1413
f 3154/1271/1414 3163/1272/1414 3161/1240/1414
f 3162/1276/1415 3163/1272/1415 3154/1271/1415
f 3151/1280/1397 3160/1299/1397 3159/1278/1397
f 3148/1288/1416 3156/1290/1416 3164/1304/1416
f 3164/1287/1417 3156/1305/1417 3165/1306/1417
f 3156/1287/1418 3166/1307/1418 3165/1308/1418
f 3156/1287/1419 3197/1309/1419 3166/1307/1419
f 3156/1287/1420 3198/1310/1420 3197/1309/1420
f 3167/1311/1421 3198/1310/1421 3156/1287/1421
f 3167/1311/1422 3168/1312/1422 3198/1310/1422
f 3169/1311/3208 3168/1313/3208 3167/1314/3208
f 3169/1311/1423 3170/1312/1423 3168/1313/1423
f 3169/1311/1424 3196/1310/1424 3170/1312/1424
f 3169/1311/1425 3164/1287/1425 3196/1310/1425
f 3171/1286/1426 3164/1287/1426 3169/1311/1426
f 3148/1271/1427 3164/1287/1427 3171/1286/1427
f 3147/1270/1428 3148/1271/1428 3171/1286/1428
f 3147/1268/3209 3171/1315/3209 3146/1269/3209
f 3146/1269/1430 3171/1315/1430 3173/1316/1430
f 3173/1316/1430 3171/1315/1430 3155/1317/1430
f 3171/1318/1431 3167/1319/1431 3155/1320/1431
f 3169/1321/1432 3167/1319/1432 3171/1318/1432
f 3155/1286/1433 3167/1311/1433 3156/1287/1433
f 3173/1316/1434 3155/1317/1434 3153/1322/1434
f 3172/1323/1435 3173/1316/1435 3153/1322/1435
f 3174/1266/1436 3173/1265/1436 3172/1257/1436
f 3144/1266/1437 3173/1324/1437 3174/1325/1437
f 3146/1265/1438 3173/1324/1438 3144/1266/1438
f 3143/1263/1439 3144/1264/1439 3174/1326/1439
f 3143/1263/1440 3174/1326/1440 3175/1327/1440
f 3174/1266/1441 3172/1257/1441 3175/1259/1441
f 3176/1260/1442 3175/1259/1442 3172/1257/1442
f 3176/1328/1443 3143/1263/1443 3175/1327/1443
f 3177/1261/1444 3143/1263/1444 3176/1328/1444
f 3177/1329/1445 3176/1260/1445 3178/1258/1445
f 3176/1260/1446 3172/1257/1446 3178/1258/1446
f 3172/1257/1447 3179/1247/1447 3178/1258/1447
f 3172/1257/1448 3153/1270/1448 3179/1247/1448
f 3178/1330/1449 3179/1331/1449 3180/1332/1449
f 3180/1249/1450 3179/1247/1450 3139/1248/1450
f 3178/1333/1451 3180/1334/1451 3139/1252/1451
f 3141/1253/1452 3178/1333/1452 3139/1252/1452
f 3141/1335/1445 3177/1329/1445 3178/1258/1445
f 3164/1287/1453 3181/1309/1453 3196/1310/1453
f 3164/1287/1454 3182/1307/1454 3181/1309/1454
f 3164/1287/1455 3183/1308/1455 3182/1307/1455
f 3183/1308/1417 3164/1287/1417 3165/1306/1417
f 3183/1308/1456 3165/1336/1456 3184/1337/1456
f 3166/1307/1457 3184/1338/1457 3165/1308/1457
f 3182/1339/1458 3184/1338/1458 3166/1307/1458
f 3185/1340/1458 3184/1338/1458 3182/1339/1458
f 3183/1308/1459 3184/1337/1459 3185/1338/1459
f 3182/1307/1460 3183/1308/1460 3185/1338/1460
f 3182/1341/1461 3166/1342/1461 3186/1343/1461
f 3197/1309/1462 3186/1343/1462 3166/1307/1462
f 3192/1344/1463 3186/1343/1463 3197/1309/1463
f 3187/1345/1464 3186/1343/1464 3192/1344/1464
f 3188/1346/1465 3186/1343/1465 3187/1345/1465
f 3189/1347/1465 3186/1343/1465 3188/1346/1465
f 3182/1341/1466 3186/1343/1466 3189/1348/1466
f 3190/1344/1467 3182/1307/1467 3189/1343/1467
f 3190/1344/1468 3181/1309/1468 3182/1307/1468
f 3181/1349/1469 3190/1350/1469 3192/1344/1469
f 3190/1344/1470 3191/1351/1470 3192/1350/1470
f 3191/1351/1471 3190/1344/1471 3189/1343/1471
f 3191/1351/3210 3189/1343/3210 3188/1345/3210
f 3193/1352/1473 3191/1351/1473 3188/1345/1473
f 3191/1353/1474 3193/1354/1474 3195/1355/1474
f 3193/1356/1475 3194/1357/1475 3195/1358/1475
f 3196/1310/1476 3194/1359/1476 3193/1352/1476
f 3196/1310/1476 3198/1360/1476 3194/1359/1476
f 3196/1361/1477 3197/1362/1477 3198/1363/1477
f 3181/1364/1478 3197/1362/1478 3196/1361/1478
f 3181/1349/1469 3192/1344/1469 3197/1309/1469
f 3168/1312/1479 3194/1352/1479 3198/1310/1479
f 3202/1365/1480 3194/1352/1480 3168/1312/1480
f 3202/1365/1481 3199/1366/1481 3194/1352/1481
f 3202/1365/1482 3200/1367/1482 3199/1366/1482
f 3201/1365/1483 3200/1368/1483 3202/1369/1483
f 3201/1365/1483 3203/1367/1483 3200/1368/1483
f 3201/1365/1484 3193/1352/1484 3203/1367/1484
f 3201/1365/1485 3196/1310/1485 3193/1352/1485
f 3201/1365/1486 3170/1312/1486 3196/1310/1486
f 3170/1312/1487 3201/1365/1487 3202/1369/1487
f 3170/1312/1487 3202/1369/1487 3168/1313/1487
f 3203/1367/1489 3193/1352/1489 3204/1366/1489
f 3204/1366/1490 3193/1352/1490 3188/1345/1490
f 3188/1370/1491 3187/1345/1491 3204/1371/1491
f 3204/1371/1491 3187/1345/1491 3199/1366/1491
f 3199/1366/1492 3187/1345/1492 3195/1351/1492
f 3195/1351/1493 3187/1345/1493 3192/1344/1493
f 3191/1351/1470 3195/1372/1470 3192/1350/1470
f 3199/1366/1494 3195/1351/1494 3194/1352/1494
f 3204/1371/1495 3199/1366/1495 3203/1373/1495
f 3203/1373/1496 3199/1366/1496 3200/1367/1496
f 3217/1374/1497 3227/1375/1497 3218/1376/1497
f 3217/1374/3211 3219/1377/3211 3227/1375/3211
f 3217/1374/1499 3220/1378/1499 3219/1377/1499
f 3219/1377/1500 3220/1378/1500 3231/1379/1500
f 3220/1378/1501 3221/1380/1501 3231/1379/1501
f 3221/1378/1502 3226/1375/1502 3231/1377/1502
f 3221/1378/1503 3222/1374/1503 3226/1375/1503
f 3225/1381/3212 3226/1375/3212 3222/1374/3212
f 3225/1381/1505 3223/1376/1505 3226/1375/1505
f 3224/1381/1506 3223/1382/1506 3225/1383/1506
f 3218/1376/1507 3223/1382/1507 3224/1381/1507
f 3226/1384/1508 3223/1385/1508 3218/1386/1508
f 3227/1387/1509 3226/1384/1509 3218/1386/1509
f 3228/1388/1510 3226/1384/1510 3227/1387/1510
f 3231/1377/1511 3226/1375/1511 3228/1389/1511
f 3229/1390/1512 3231/1377/1512 3228/1389/1512
f 3230/1391/1513 3231/1392/1513 3229/1393/1513
f 3230/1391/1514 3219/1388/1514 3231/1392/1514
f 3230/1390/1515 3232/1394/1515 3219/1377/1515
f 3219/1377/1516 3232/1394/1516 3233/1389/1516
f 3232/1393/3213 3238/1391/3213 3233/1392/3213
f 3234/1395/1518 3238/1391/1518 3232/1393/1518
f 3235/1396/1519 3234/1395/1519 3232/1393/1519
f 3235/1397/1520 3237/1398/1520 3234/1399/1520
f 3237/1398/1319 3236/1400/1319 3234/1399/1319
f 3237/1395/1521 3229/1393/1521 3236/1396/1521
f 3237/1395/1522 3230/1391/1522 3229/1393/1522
f 3238/1391/1523 3228/1388/1523 3233/1392/1523
f 3229/1390/1524 3228/1389/1524 3238/1394/1524
f 3233/1392/3214 3228/1388/3214 3227/1387/3214
f 3219/1377/1526 3233/1389/1526 3227/1375/1526
f 3217/1374/1527 3218/1376/1527 3224/1381/1527
f 3241/1401/1299 3242/1402/1299 3243/1403/1299
f 3242/1402/1528 3249/1404/1528 3243/1403/1528
f 3242/1402/1529 3244/1405/1529 3249/1404/1529
f 3240/1406/1530 3246/1407/1530 3245/1408/1530
f 3247/1409/1397 3246/1407/1397 3240/1406/1397
f 3241/1401/1298 3243/1403/1298 3248/1410/1298
f 3239/1411/1531 3247/1409/1531 3240/1406/1531
f 3249/1412/1532 3250/1413/1532 3253/1414/1532
f 3249/1412/1533 3251/1415/1533 3250/1413/1533
f 3244/1405/1534 3251/1416/1534 3249/1404/1534
f 3244/1405/1534 3252/1417/1534 3251/1416/1534
f 3244/1412/1535 3245/1414/1535 3252/1415/1535
f 3252/1415/1536 3245/1414/1536 3254/1413/1536
f 3245/1408/1537 3253/1418/1537 3254/1419/1537
f 3246/1407/1538 3253/1418/1538 3245/1408/1538
f 3253/1418/1539 3250/1420/1539 3254/1419/1539
f 3254/1421/1540 3250/1413/1540 3257/1422/1540
f 3257/1422/1540 3250/1413/1540 3255/1423/1540
f 3251/1415/1541 3255/1423/1541 3250/1413/1541
f 3256/1424/1542 3255/1423/1542 3251/1415/1542
f 3260/1425/1543 3255/1423/1543 3256/1426/1543
f 3257/1422/1543 3255/1423/1543 3260/1425/1543
f 3260/1424/1544 3252/1415/1544 3257/1423/1544
f 3258/1427/1545 3252/1415/1545 3260/1424/1545
f 3252/1415/1546 3258/1427/1546 3251/1428/1546
f 3258/1427/1546 3259/1429/1546 3251/1428/1546
f 3258/1430/1547 3256/1424/1547 3259/1427/1547
f 3258/1430/1547 3260/1431/1547 3256/1424/1547
f 3259/1427/1548 3256/1424/1548 3251/1415/1548
f 3252/1415/1549 3254/1413/1549 3257/1423/1549
f 3261/1432/1550 3262/1433/1550 3266/1434/1550
f 3261/1432/1551 3263/1435/1551 3262/1433/1551
f 3261/1432/1552 3264/1436/1552 3263/1435/1552
f 3264/1436/1553 3261/1432/1553 3265/1437/1553
f 3265/1437/1554 3261/1432/1554 3266/1438/1554
f 3266/1432/1555 3262/1435/1555 3265/1436/1555
f 3265/1436/1556 3262/1435/1556 3267/1439/1556
f 3264/1436/1557 3265/1440/1557 3267/1441/1557
f 3264/1436/1558 3267/1441/1558 3268/1439/1558
f 3264/1436/1559 3268/1439/1559 3263/1435/1559
s 1
f 3205/1442/1560 3216/1443/1561 3206/1444/1562
f 3205/1442/1560 3207/1445/1563 3216/1443/1561
f 3216/1443/1561 3207/1445/1563 3208/1446/1564
f 3207/1445/1563 3209/1447/1565 3208/1446/1564
f 3209/1445/1565 3213/1444/1566 3208/1443/1564
f 3209/1445/1565 3210/1442/1567 3213/1444/1566
f 3211/1448/1568 3213/1444/1566 3210/1442/1567
f 3211/1448/1568 3214/1449/1569 3213/1444/1566
f 3212/1450/1570 3214/1449/1569 3211/1448/1568
f 3215/1451/1571 3214/1449/1569 3212/1450/1570
f 3213/1452/1566 3214/1453/1569 3215/1454/1571
f 3206/1455/1562 3213/1452/1566 3215/1454/1571
f 3208/1456/1564 3213/1452/1566 3206/1455/1562
f 3216/1457/1561 3208/1456/1564 3206/1455/1562
f 3205/1442/1560 3206/1444/1562 3215/1449/1571
f 3205/1442/1560 3215/1449/1571 3212/1448/1570
f 3242/1458/1572 3239/1459/3215 3240/1460/1574
f 3242/1458/1572 3241/1461/1575 3239/1459/3215
f 3242/1458/1572 3240/1460/1574 3244/1412/1576
f 3244/1412/1576 3240/1460/1574 3245/1414/1577
f 3248/1461/1578 3246/1460/1579 3247/1459/1580
f 3248/1461/1578 3243/1458/1581 3246/1460/1579
f 3241/1461/1575 3248/1462/1578 3247/1463/1580
f 3239/1459/3215 3241/1461/1575 3247/1463/1580
f 3243/1458/1581 3253/1414/1582 3246/1460/1579
f 3249/1412/1583 3253/1414/1582 3243/1458/1581
s 0
f 3274/2793/3216 3278/2794/3216 3275/2795/3216
f 3276/2796/3217 3274/2793/3217 3275/2795/3217
f 3276/2797/3218 3277/2798/3218 3274/2799/3218
f 3277/2798/3219 3285/2800/3219 3274/2799/3219
f 3278/2794/3220 4006/2801/3220 3275/2795/3220
f 3278/2794/3221 3279/2802/3221 4006/2801/3221
f 3280/2794/3222 4006/2801/3222 3279/2802/3222
f 3280/2794/3223 4007/2795/3223 4006/2801/3223
f 3283/2793/3224 4007/2795/3224 3280/2794/3224
f 4008/2803/3225 4007/2795/3225 3283/2793/3225
f 3281/2804/3226 4019/2805/3226 3282/2806/3226
f 4016/2797/3227 3282/2800/3227 4019/2798/3227
f 4016/2797/3228 3283/2799/3228 3282/2800/3228
f 4016/2796/3229 4008/2803/3229 3283/2793/3229
f 3284/2807/3230 3281/2804/3230 3282/2806/3230
f 3277/2808/3231 3281/2804/3231 3284/2807/3231
f 3285/2809/3232 3277/2808/3232 3284/2807/3232
f 3285/2809/3233 3284/2807/3233 3271/2810/3233
f 3271/2810/3234 3284/2807/3234 3286/2811/3234
f 3284/2807/3235 3282/2806/3235 3286/2811/3235
f 3286/2811/3236 3282/2806/3236 4066/2810/3236
f 4066/2810/3237 3280/2794/3237 3286/2811/3237
f 3286/2811/3238 3280/2794/3238 3279/2802/3238
f 3278/2794/3239 3286/2811/3239 3279/2802/3239
f 3286/2811/3240 3278/2794/3240 3271/2810/3240
f 3303/2812/3241 3300/2813/3241 3301/2814/3241
f 3302/2815/3242 3300/2816/3242 3303/2817/3242
f 3300/2818/3243 3302/2819/3243 3301/2820/3243
f 3302/2819/3244 3304/2821/3244 3301/2820/3244
f 3305/2822/3245 3304/2823/3245 3302/2824/3245
f 3308/2825/3246 3304/2815/3246 3305/2826/3246
f 3308/2825/3247 3306/2817/3247 3304/2815/3247
f 3303/2812/3248 3306/2827/3248 3308/2828/3248
f 3303/2812/3249 3301/2814/3249 3306/2827/3249
f 3304/2815/3250 3306/2817/3250 3301/2816/3250
f 3303/2812/3251 3308/2828/3251 3307/2829/3251
f 3310/2830/3252 3307/2831/3252 3308/2832/3252
f 3310/2830/3253 3309/2833/3253 3307/2831/3253
f 3309/2834/3254 3310/2835/3254 3311/2836/3254
f 3311/2836/3255 3310/2835/3255 3305/2822/3255
f 3308/2825/3256 3305/2826/3256 3310/2837/3256
f 3305/2822/3257 3302/2824/3257 3311/2836/3257
f 3307/2825/3258 3311/2826/3258 3302/2815/3258
f 3307/2825/3259 3309/2837/3259 3311/2826/3259
f 3307/2825/3260 3302/2815/3260 3303/2817/3260
f 3312/2838/3261 3313/2839/3261 3317/2840/3261
f 3313/2839/3262 3314/2841/3262 3317/2840/3262
f 3314/2842/3263 3313/2843/3263 3316/2844/3263
f 3316/2844/3264 3313/2843/3264 3730/2845/3264
f 3730/2838/3265 3315/2841/3265 3316/2840/3265
f 3729/2839/3266 3315/2841/3266 3730/2838/3266
f 3315/2844/3267 3729/2845/3267 3312/2843/3267
f 3317/2842/3268 3315/2844/3268 3312/2843/3268
f 3318/2846/3269 3319/2847/3269 3320/2848/3269
f 3318/2846/3270 3321/2849/3270 3319/2847/3270
f 3319/2847/3271 3321/2850/3271 3322/2851/3271
f 3322/2851/3272 3321/2850/3272 3329/2852/3272
f 3323/2853/3273 3322/2851/3273 3329/2852/3273
f 3324/2854/3274 3322/2851/3274 3323/2853/3274
f 3324/2854/3275 3319/2847/3275 3322/2851/3275
f 3320/2848/3276 3319/2847/3276 3324/2855/3276
f 3320/2848/3277 3324/2855/3277 3325/2856/3277
f 3325/2854/3278 3326/2851/3278 3320/2847/3278
f 3325/2854/3279 3327/2853/3279 3326/2851/3279
f 3327/2853/3280 3328/2852/3280 3326/2851/3280
f 3328/2857/3281 3327/2858/3281 3323/2859/3281
f 3328/2857/3282 3323/2859/3282 3329/2860/3282
f 3326/2851/3283 3328/2852/3283 3318/2850/3283
f 3320/2847/3284 3326/2851/3284 3318/2850/3284
f 3762/2861/3285 3761/2862/3285 3330/2863/3285
f 3336/2864/3286 3330/2865/3286 3761/2866/3286
f 3331/2867/3287 3330/2868/3287 3336/2869/3287
f 3332/2870/3288 3330/2868/3288 3331/2867/3288
f 3332/2870/3289 3333/2871/3289 3330/2868/3289
f 3762/2861/3285 3330/2863/3285 3333/2872/3285
f 3759/2873/3290 3332/2870/3290 3331/2867/3290
f 3334/2874/3291 3332/2870/3291 3759/2873/3291
f 3331/2867/3292 3336/2869/3292 3335/2875/3292
f 3337/2863/3293 3335/2861/3293 3336/2862/3293
f 3760/2872/3293 3335/2861/3293 3337/2863/3293
f 3337/2876/3294 3336/2877/3294 3761/2878/3294
f 3749/2879/3295 3750/2880/3295 3338/2881/3295
f 3750/2880/3296 3349/2882/3296 3338/2881/3296
f 3750/2880/3297 3340/2883/3297 3349/2882/3297
f 3339/2884/3298 3340/2885/3298 3750/2886/3298
f 3339/2884/3299 3341/2887/3299 3340/2885/3299
f 3339/2888/3300 3350/2889/3300 3341/2890/3300
f 3339/2888/3301 3748/2891/3301 3350/2889/3301
f 3748/2891/3302 3747/2892/3302 3350/2889/3302
f 3747/2892/3303 3348/2893/3303 3350/2889/3303
f 3747/2892/3304 3342/2894/3304 3348/2893/3304
f 3342/2894/3305 3752/2895/3305 3348/2893/3305
f 3752/2895/3306 3343/2896/3306 3348/2893/3306
f 3752/2895/3307 3344/2897/3307 3343/2896/3307
f 3344/2897/3308 3755/2898/3308 3343/2896/3308
f 3343/2896/3309 3755/2898/3309 3345/2899/3309
f 3345/2900/3310 3347/2901/3310 3343/2902/3310
f 3345/2900/3311 3346/2903/3311 3347/2901/3311
f 3347/2904/3312 3346/2905/3312 3754/2906/3312
f 3753/2907/3313 3347/2904/3313 3754/2906/3313
f 3751/2908/3314 3347/2904/3314 3753/2907/3314
f 3349/2882/3315 3347/2904/3315 3751/2908/3315
f 3348/2909/3316 3347/2901/3316 3349/2910/3316
f 3343/2902/3317 3347/2901/3317 3348/2909/3317
f 3348/2909/3318 3349/2910/3318 3350/2911/3318
f 3350/2911/3319 3349/2910/3319 3341/2887/3319
f 3341/2887/3320 3349/2910/3320 3340/2885/3320
f 3338/2881/3321 3349/2882/3321 3751/2908/3321
f 3789/2912/3322 3351/2913/3322 3357/2914/3322
f 3354/2915/3323 3351/2916/3323 3789/2917/3323
f 3352/2918/3324 3351/2919/3324 3354/2920/3324
f 3357/2921/3325 3351/2922/3325 3352/2923/3325
f 3352/2915/3326 3355/2917/3326 3357/2916/3326
f 3353/2924/3327 3355/2917/3327 3352/2915/3327
f 3788/2912/3328 3353/2925/3328 3352/2914/3328
f 3788/2912/3329 3352/2914/3329 3354/2913/3329
f 3788/2924/3323 3354/2915/3323 3789/2917/3323
f 3789/2912/3330 3357/2914/3330 3355/2925/3330
f 3352/2926/3331 3356/2927/3331 3357/2928/3331
f 3352/2929/3332 3358/2930/3332 3356/2931/3332
f 3358/2932/3333 3352/2933/3333 3357/2934/3333
f 3365/2935/3334 3358/2932/3334 3357/2934/3334
f 3359/2936/3335 3358/2937/3335 3365/2938/3335
f 3359/2939/3336 3362/2940/3336 3358/2941/3336
f 3359/2942/3337 3363/2943/3337 3362/2944/3337
f 3363/2945/3338 3359/2936/3338 3365/2938/3338
f 3363/2939/3339 3365/2941/3339 3361/2946/3339
f 3364/2947/3340 3361/2948/3340 3365/2949/3340
f 3360/2945/3341 3361/2938/3341 3364/2937/3341
f 3363/2939/3342 3361/2946/3342 3360/2940/3342
f 3362/2950/3343 3363/2951/3343 3360/2952/3343
f 3360/2945/3341 3364/2937/3341 3362/2936/3341
f 3362/2940/3344 3364/2946/3344 3358/2941/3344
f 3358/2953/3345 3364/2954/3345 3365/2955/3345
f 3358/2956/3346 3365/2957/3346 3367/2958/3346
f 3365/2959/3347 3366/2931/3347 3367/2960/3347
f 3357/2961/3348 3366/2931/3348 3365/2962/3348
f 3356/2963/3349 3366/2964/3349 3357/2965/3349
f 3368/2966/3350 3366/2967/3350 3356/2968/3350
f 3367/2969/3351 3366/2967/3351 3368/2966/3351
f 3358/2956/3352 3367/2958/3352 3368/2970/3352
f 3358/2971/3353 3368/2960/3353 3356/2931/3353
f 3382/2966/3354 3369/2969/3354 3379/2968/3354
f 3369/2969/3355 3378/2967/3355 3379/2968/3355
f 3378/2972/3356 3369/2973/3356 3370/2960/3356
f 3378/2972/3357 3370/2960/3357 3372/2931/3357
f 3370/2969/3358 3371/2968/3358 3372/2967/3358
f 3373/2966/3359 3371/2968/3359 3370/2969/3359
f 3379/2972/3360 3371/2931/3360 3373/2960/3360
f 3372/2974/3361 3371/2975/3361 3379/2976/3361
f 3378/2977/3362 3372/2978/3362 3379/2976/3362
f 3378/2979/3363 3374/2924/3363 3379/2980/3363
f 3375/2917/3364 3374/2924/3364 3378/2979/3364
f 3374/2924/3365 3375/2917/3365 3376/2916/3365
f 3376/2912/3366 3375/2925/3366 3377/2913/3366
f 3375/2925/3367 3378/2981/3367 3377/2913/3367
f 3380/2982/3368 3377/2983/3368 3378/2984/3368
f 3377/2916/3369 3380/2915/3369 3381/2924/3369
f 3381/2912/3370 3380/2913/3370 3374/2925/3370
f 3374/2925/3371 3380/2913/3371 3379/2985/3371
f 3379/2986/3372 3380/2987/3372 3378/2988/3372
f 3374/2924/3373 3376/2916/3373 3381/2915/3373
f 3376/2917/3374 3377/2916/3374 3381/2924/3374
f 3379/2972/3375 3373/2960/3375 3382/2973/3375
f 3383/2989/3376 3873/2990/3376 3384/2991/3376
f 3383/2989/3377 3385/2992/3377 3873/2990/3377
f 3383/2989/3378 3886/2993/3378 3385/2992/3378
f 3386/2994/3379 3385/2992/3379 3886/2993/3379
f 3386/2994/3380 3883/2995/3380 3385/2992/3380
f 3883/2995/3381 3387/2996/3381 3385/2992/3381
f 3883/2995/3382 3885/2997/3382 3387/2996/3382
f 3885/2997/3383 3388/2998/3383 3387/2996/3383
f 3387/2996/3384 3388/2998/3384 3877/2999/3384
f 3387/2996/3385 3877/2999/3385 3389/3000/3385
f 3385/2992/3386 3387/2996/3386 3389/3000/3386
f 3385/2992/3387 3389/3000/3387 3873/2990/3387
f 3873/2990/3388 3389/3000/3388 3871/3001/3388
f 3871/3001/3389 3389/3000/3389 3874/3002/3389
f 3390/3003/3390 3917/3004/3390 3391/3005/3390
f 3390/3003/3391 3914/3006/3391 3917/3004/3391
f 3392/3007/3392 3393/3008/3392 3397/3009/3392
f 3394/3010/3393 3393/3011/3393 3392/3012/3393
f 3393/3008/3394 3395/3013/3394 3397/3009/3394
f 3396/3010/3395 3397/3012/3395 3395/3011/3395
f 3398/3014/3396 3405/3015/3396 3404/3016/3396
f 3405/3017/3397 3398/3018/3397 3400/3019/3397
f 3405/3017/3397 3400/3019/3397 3399/3020/3397
f 3400/3014/3398 3401/3016/3398 3399/3015/3398
f 3400/3014/3399 3402/3021/3399 3401/3016/3399
f 3401/3022/3400 3402/3023/3400 3403/3024/3400
f 3401/3022/3400 3403/3024/3400 3404/3025/3400
f 3398/3014/3401 3404/3016/3401 3403/3021/3401
f 3399/3026/3402 3401/3022/3402 3404/3025/3402
f 3399/3026/3402 3404/3025/3402 3405/3027/3402
f 3418/3028/3403 3420/3029/3403 3413/3030/3403
f 3418/3028/3404 3406/3031/3404 3420/3029/3404
f 3420/3032/3405 3406/3033/3405 3407/3034/3405
f 3407/3034/3405 3406/3033/3405 3408/3035/3405
f 3407/3034/3406 3408/3035/3406 3411/3036/3406
f 3411/3036/3407 3408/3035/3407 3931/3037/3407
f 3409/3038/3408 3411/3036/3408 3931/3037/3408
f 3409/3039/3409 3410/3040/3409 3411/3041/3409
f 3409/3039/3410 3412/3042/3410 3410/3040/3410
f 3415/3043/3411 3412/3044/3411 3409/3045/3411
f 3412/3044/3412 3415/3043/3412 3419/3046/3412
f 3419/3046/3413 3415/3043/3413 3413/3047/3413
f 3414/3048/3414 3413/3049/3414 3415/3050/3414
f 3414/3051/3415 3418/3052/3415 3413/3053/3415
f 3414/3051/3416 3417/3054/3416 3418/3052/3416
f 3414/3055/3417 3416/3056/3417 3417/3057/3417
f 3414/3055/3417 3409/3058/3417 3416/3056/3417
f 3409/3059/3418 3414/3048/3418 3415/3050/3418
f 3409/3038/3408 3931/3037/3408 3416/3060/3408
f 3416/3061/3419 3928/3062/3419 3417/3063/3419
f 3417/3063/3420 3928/3062/3420 3418/3064/3420
f 3413/3047/3421 3420/3065/3421 3419/3046/3421
f 3410/3040/3422 3419/3066/3422 3420/3067/3422
f 3412/3042/3423 3419/3066/3423 3410/3040/3423
f 3410/3040/3424 3420/3067/3424 3407/3068/3424
f 3411/3041/3425 3410/3040/3425 3407/3068/3425
f 3421/3069/3426 3422/3070/3426 3424/3071/3426
f 3423/3072/3426 3421/3073/3426 3424/3074/3426
f 3983/3075/3427 3425/3076/3427 3426/3077/3427
f 3983/3075/3428 3984/3078/3428 3425/3076/3428
f 3984/3078/3429 3997/3075/3429 3425/3076/3429
f 3997/3075/3430 3996/3077/3430 3425/3076/3430
f 3427/3079/3431 3440/3080/3431 3437/3081/3431
f 3427/3079/3432 3428/3082/3432 3440/3080/3432
f 3430/3083/3433 3440/3084/3433 3428/3085/3433
f 3430/3083/3434 3429/3086/3434 3440/3084/3434
f 3442/3087/3435 3429/3088/3435 3430/3089/3435
f 3442/3087/3436 3431/3090/3436 3429/3088/3436
f 3432/3091/3437 3429/3092/3437 3431/3093/3437
f 3432/3091/3438 3435/3094/3438 3429/3092/3438
f 3433/3089/3439 3435/3088/3439 3432/3095/3439
f 3433/3083/3440 3434/3085/3440 3435/3086/3440
f 3430/3092/3441 3434/3096/3441 3433/3094/3441
f 3430/3092/3442 3428/3097/3442 3434/3096/3442
f 3428/3097/3443 3438/3098/3443 3434/3096/3443
f 3428/3097/3444 3427/3099/3444 3438/3098/3444
f 3437/3100/3445 3438/3101/3445 3427/3102/3445
f 3437/3100/3446 3436/3103/3446 3438/3101/3446
f 3439/3096/3447 3436/3098/3447 3437/3104/3447
f 3438/3105/3448 3436/3081/3448 3439/3080/3448
f 3434/3082/3449 3438/3105/3449 3439/3080/3449
f 3435/3086/3450 3434/3085/3450 3439/3084/3450
f 3435/3094/3451 3439/3096/3451 3440/3097/3451
f 3440/3097/3452 3439/3096/3452 3437/3104/3452
f 3429/3092/3453 3435/3094/3453 3440/3097/3453
f 3441/3091/3454 3430/3092/3454 3433/3094/3454
f 3442/3106/3455 3430/3092/3455 3441/3091/3455
f 3441/3107/3456 3433/3089/3456 3432/3095/3456
f 3446/3108/3457 3443/3109/3457 3444/3110/3457
f 3445/3111/3426 3446/3112/3426 3444/3113/3426
f 3457/3114/3458 3975/3115/3458 3447/3116/3458
f 3447/3117/3459 3975/3118/3459 3449/3119/3459
f 3447/3117/3460 3449/3119/3460 3459/3120/3460
f 3448/3115/3461 3459/3117/3461 3449/3121/3461
f 3448/3115/3462 3450/3120/3462 3459/3117/3462
f 3448/3122/3463 3451/3123/3463 3450/3124/3463
f 3998/3125/3464 3451/3126/3464 3448/3127/3464
f 3998/3125/3465 3462/3128/3465 3451/3126/3465
f 3998/3129/3466 3980/3130/3466 3462/3131/3466
f 3980/3130/3467 3455/3117/3467 3462/3131/3467
f 3980/3130/3468 3452/3120/3468 3455/3117/3468
f 3453/3132/3469 3452/3120/3469 3980/3130/3469
f 3454/3133/3470 3452/3134/3470 3453/3135/3470
f 3455/3136/3471 3452/3134/3471 3454/3133/3471
f 3454/3117/3472 3456/3137/3472 3455/3120/3472
f 3977/3138/3473 3456/3139/3473 3454/3140/3473
f 3974/3141/3474 3456/3142/3474 3977/3143/3474
f 3974/3141/3475 3461/3144/3475 3456/3142/3475
f 3974/3141/3476 3457/3145/3476 3461/3144/3476
f 3457/3145/3477 3460/3146/3477 3461/3144/3477
f 3457/3147/3478 3458/3148/3478 3460/3149/3478
f 3457/3114/3479 3447/3116/3479 3458/3117/3479
f 3447/3150/3480 3450/3151/3480 3458/3152/3480
f 3447/3150/3481 3459/3153/3481 3450/3151/3481
f 3458/3117/3482 3450/3120/3482 3451/3154/3482
f 3458/3117/3483 3451/3154/3483 3460/3155/3483
f 3460/3156/3484 3451/3157/3484 3461/3158/3484
f 3451/3159/3485 3462/3160/3485 3461/3161/3485
f 3461/3158/3486 3462/3157/3486 3456/3162/3486
f 3456/3137/3487 3462/3163/3487 3455/3120/3487
f 3977/3114/3488 3454/3117/3488 3453/3116/3488
f 3977/3114/3489 3453/3116/3489 3978/3115/3489
f 3453/3132/3490 3980/3130/3490 3978/3164/3490
f 3465/3165/3491 3474/3166/3491 3463/3167/3491
f 3465/3165/3492 3464/3168/3492 3474/3166/3492
f 3464/3169/3493 3465/3170/3493 3466/3171/3493
f 3465/3172/3494 3463/3173/3494 3466/3174/3494
f 3466/3174/3494 3463/3173/3494 3467/3175/3494
f 3463/3173/3495 3471/3176/3495 3467/3175/3495
f 3478/3177/3495 3471/3176/3495 3463/3173/3495
f 3477/3178/3496 3471/3176/3496 3478/3177/3496
f 3477/3178/3496 3468/3179/3496 3471/3176/3496
f 3469/3180/3497 3468/3179/3497 3477/3178/3497
f 3470/3181/3498 3468/3179/3498 3469/3180/3498
f 3467/3167/3499 3468/3182/3499 3470/3183/3499
f 3467/3167/3500 3471/3184/3500 3468/3182/3500
f 3467/3167/3501 3470/3183/3501 3472/3185/3501
f 3472/3186/3502 3470/3181/3502 3469/3180/3502
f 3472/3186/3502 3469/3180/3502 3473/3187/3502
f 3474/3166/3503 3473/3185/3503 3469/3183/3503
f 3474/3188/3504 3472/3186/3504 3473/3187/3504
f 3474/3188/3505 3476/3189/3505 3472/3186/3505
f 3464/3169/3506 3476/3189/3506 3474/3188/3506
f 3464/3169/3506 3475/3190/3506 3476/3189/3506
f 3464/3169/3507 3466/3171/3507 3475/3190/3507
f 3466/3165/3508 3467/3167/3508 3475/3168/3508
f 3475/3168/3509 3467/3167/3509 3476/3166/3509
f 3467/3167/3510 3472/3185/3510 3476/3166/3510
f 3474/3166/3511 3469/3183/3511 3477/3182/3511
f 3474/3166/3512 3477/3182/3512 3478/3184/3512
f 3463/3167/3513 3474/3166/3513 3478/3184/3513
f 3999/3191/3514 3479/3192/3514 3480/3193/3514
f 3479/3192/3515 3481/3194/3515 3480/3193/3515
f 3482/3195/3516 3483/3196/3516 3484/3197/3516
f 3482/3195/3517 3490/3198/3517 3483/3196/3517
f 3485/3199/3518 3490/3200/3518 3482/3201/3518
f 3485/3202/3519 3491/3203/3519 3490/3204/3519
f 3485/3205/3520 3486/3206/3520 3491/3207/3520
f 3486/3208/3521 3485/3209/3521 3489/3210/3521
f 3485/3209/3522 3487/3211/3522 3489/3210/3522
f 3485/3209/3523 3482/3195/3523 3487/3211/3523
f 3482/3195/3524 3484/3197/3524 3487/3211/3524
f 3487/3211/3525 3484/3197/3525 3488/3212/3525
f 3487/3211/3526 3488/3212/3526 3490/3198/3526
f 3490/3198/3527 3488/3212/3527 3483/3196/3527
f 3489/3210/3528 3487/3211/3528 3490/3213/3528
f 3489/3214/3529 3490/3215/3529 3491/3216/3529
f 3489/3210/3530 3491/3217/3530 3486/3208/3530
f 3494/3218/3531 3492/3219/3531 3493/3220/3531
f 3492/3220/3532 3494/3221/3532 3497/3219/3532
f 3497/3219/3533 3494/3221/3533 3495/3218/3533
f 3495/3221/3534 3496/3219/3534 3497/3220/3534
f 3495/3221/3535 3498/3218/3535 3496/3219/3535
f 3496/3220/3536 3498/3221/3536 3493/3219/3536
f 3493/3219/3537 3498/3221/3537 3499/3218/3537
f 3494/3218/3538 3493/3220/3538 3499/3221/3538
f 3500/3195/3539 3501/3197/3539 3502/3211/3539
f 3500/3195/3540 3503/3198/3540 3501/3197/3540
f 3500/3195/3541 3504/3222/3541 3503/3198/3541
f 3504/3222/3542 3505/3223/3542 3503/3198/3542
f 3504/3222/3543 3506/3224/3543 3505/3223/3543
f 3506/3224/3544 3504/3222/3544 3507/3225/3544
f 3504/3222/3545 3502/3211/3545 3507/3225/3545
f 3504/3222/3546 3500/3195/3546 3502/3211/3546
f 3507/3225/3547 3502/3211/3547 3503/3198/3547
f 3502/3211/3548 3508/3212/3548 3503/3198/3548
f 3502/3211/3549 3501/3197/3549 3508/3212/3549
f 3503/3198/3550 3508/3212/3550 3509/3196/3550
f 3503/3198/3551 3509/3196/3551 3501/3197/3551
f 3507/3225/3552 3503/3198/3552 3505/3223/3552
f 3507/3225/3553 3505/3223/3553 3506/3224/3553
f 3510/3226/3554 3511/3227/3554 3512/3228/3554
f 3510/3226/3555 3513/3229/3555 3511/3227/3555
f 3511/3227/3556 3513/3229/3556 3514/3230/3556
f 3513/3229/3557 3515/3231/3557 3514/3230/3557
f 3515/3231/3558 3513/3229/3558 3516/3232/3558
f 3513/3229/3559 3510/3226/3559 3516/3232/3559
f 3515/3231/3560 3516/3232/3560 3517/3229/3560
f 3517/3229/3561 3516/3232/3561 3518/3226/3561
f 3518/3226/3562 3519/3228/3562 3517/3229/3562
f 3517/3229/3563 3519/3228/3563 3520/3227/3563
f 3515/3231/3564 3517/3229/3564 3520/3227/3564
f 3515/3231/3565 3520/3227/3565 3514/3230/3565
f 3521/3233/3566 3537/3234/3566 3526/3235/3566
f 3521/3233/3567 3524/3236/3567 3537/3234/3567
f 3537/3234/3568 3524/3236/3568 3522/3237/3568
f 3524/3236/3569 3523/3238/3569 3522/3237/3569
f 3523/3239/3570 3524/3240/3570 3536/3241/3570
f 3524/3240/3571 3521/3233/3571 3536/3241/3571
f 3536/3241/3572 3521/3233/3572 3531/3242/3572
f 3531/3243/3573 3521/3244/3573 3525/3245/3573
f 3521/3244/3574 3526/3246/3574 3525/3245/3574
f 3534/3247/3575 3525/3245/3575 3526/3246/3575
f 3534/3247/3576 3527/3243/3576 3525/3245/3576
f 3536/3248/3577 3527/3243/3577 3534/3247/3577
f 3528/3249/3578 3527/3243/3578 3536/3248/3578
f 3528/3250/3579 3530/3251/3579 3527/3252/3579
f 3528/3252/3580 3529/3253/3580 3530/3254/3580
f 3528/3252/3581 3531/3255/3581 3529/3253/3581
f 3536/3241/3582 3531/3242/3582 3528/3243/3582
f 3531/3255/3583 3532/3256/3583 3529/3253/3583
f 3525/3257/3584 3532/3256/3584 3531/3255/3584
f 3533/3258/3585 3532/3253/3585 3525/3259/3585
f 3527/3252/3586 3533/3258/3586 3525/3259/3586
f 3527/3252/3587 3530/3251/3587 3533/3258/3587
f 3534/3260/3588 3535/3261/3588 3536/3262/3588
f 3534/3260/3589 3538/3263/3589 3535/3261/3589
f 3537/3264/3590 3538/3265/3590 3534/3247/3590
f 3522/3266/3591 3538/3265/3591 3537/3264/3591
f 3537/3264/3592 3534/3247/3592 3526/3246/3592
f 3523/3239/3593 3536/3241/3593 3535/3267/3593
f 4036/3268/3594 3539/3269/3594 4037/3270/3594
f 4036/3268/3595 4034/3271/3595 3539/3269/3595
f 4034/3271/3596 3277/3272/3596 3539/3269/3596
f 4034/3271/3597 4030/3273/3597 3277/3272/3597
f 4030/3274/3598 4065/3275/3598 3277/3276/3598
f 4030/3274/3599 3540/3277/3599 4065/3275/3599
f 3540/3277/3600 3541/3278/3600 4065/3275/3600
f 3540/3277/3601 4028/3279/3601 3541/3278/3601
f 3543/3280/3602 3542/3281/3602 3547/3282/3602
f 3543/3280/3602 3553/3283/3602 3542/3281/3602
f 3543/3284/3603 3544/3285/3603 3553/3286/3603
f 3544/3285/3604 3545/3287/3604 3553/3286/3604
f 3544/3280/3605 3546/3282/3605 3545/3283/3605
f 3545/3283/3606 3546/3282/3606 3551/3281/3606
f 3547/3288/3607 3551/3289/3607 3546/3290/3607
f 3547/3291/3607 3542/3292/3607 3551/3293/3607
f 3551/3294/3608 3542/3295/3608 3548/3296/3608
f 3548/3297/3609 3542/3298/3609 3549/3299/3609
f 3550/3300/3610 3545/3301/3610 3551/3302/3610
f 3550/3303/3611 3551/3304/3611 3552/3305/3611
f 3545/3306/3612 3555/3307/3612 3553/3308/3612
f 3554/3309/3612 3555/3307/3612 3545/3310/3612
f 3553/3311/3613 3556/3312/3613 3542/3313/3613
f 3553/3311/3614 3557/3314/3614 3556/3312/3614
f 3269/3315/3615 3575/3316/3615 3576/3317/3615
f 3269/3315/3616 3574/3318/3616 3575/3316/3616
f 3575/3316/3617 3574/3318/3617 3577/3319/3617
f 3577/3320/3618 3574/3321/3618 3278/3322/3618
f 3276/2796/3619 3275/2795/3619 3578/2803/3619
f 3276/2796/3620 3578/2803/3620 4077/3323/3620
f 3276/2796/3621 4077/3323/3621 3579/3324/3621
f 3575/3316/3622 3580/3325/3622 3576/3317/3622
f 3580/3325/3623 3575/3316/3623 3581/3326/3623
f 3575/3316/3624 3577/3319/3624 3581/3326/3624
f 3582/3327/3625 3583/3328/3625 3584/3329/3625
f 3583/3328/3626 3585/3330/3626 3584/3329/3626
f 3586/3331/3627 3585/3330/3627 3583/3328/3627
f 3586/3331/3628 3587/3332/3628 3585/3330/3628
f 3588/3328/3629 3587/3332/3629 3586/3331/3629
f 3588/3328/3630 3589/3333/3630 3587/3332/3630
f 3588/3328/3631 3582/3327/3631 3589/3333/3631
f 3582/3327/3632 3584/3329/3632 3589/3333/3632
f 3590/3334/3633 3591/3335/3633 3613/3336/3633
f 3590/3337/3634 3592/3338/3634 3591/3339/3634
f 3593/3340/3635 3592/3341/3635 3590/3342/3635
f 3592/3334/3636 3593/3336/3636 3594/3335/3636
f 3594/3335/3637 3593/3336/3637 3660/3343/3637
f 3592/3338/3638 3594/3344/3638 3591/3339/3638
f 3591/3345/3639 3594/3346/3639 3595/3347/3639
f 3597/3345/3640 3596/3347/3640 3612/3346/3640
f 3597/3345/3641 3598/3348/3641 3596/3347/3641
f 3591/3345/3642 3595/3347/3642 3599/3348/3642
f 3599/3348/3643 3595/3347/3643 3602/3349/3643
f 3602/3349/3643 3595/3347/3643 3605/3350/3643
f 3595/3347/3644 3607/3351/3644 3605/3350/3644
f 3595/3347/3643 3600/3352/3643 3607/3351/3643
f 3596/3347/3645 3606/3351/3645 3601/3352/3645
f 3596/3347/3645 3603/3350/3645 3606/3351/3645
f 3604/3349/3646 3603/3350/3646 3596/3347/3646
f 3598/3348/3646 3604/3349/3646 3596/3347/3646
f 3608/3337/3647 3597/3339/3647 3612/3344/3647
f 3665/3353/3648 3597/3354/3648 3608/3355/3648
f 3609/3356/3649 3665/3353/3649 3608/3355/3649
f 3611/3357/3650 3609/3358/3650 3608/3359/3650
f 3611/3360/3651 3610/3361/3651 3609/3362/3651
f 3610/3356/3652 3611/3355/3652 3662/3353/3652
f 3662/3353/3653 3611/3355/3653 3612/3354/3653
f 3608/3337/3654 3612/3344/3654 3611/3338/3654
f 3593/3363/3635 3590/3364/3635 3613/3365/3635
f 3591/3335/3655 3664/3343/3655 3613/3336/3655
f 3616/3366/3656 3615/3367/3656 3614/3368/3656
f 3615/3369/3657 3616/3370/3657 3617/3371/3657
f 3617/3367/3658 3616/3366/3658 3618/3372/3658
f 3616/3366/3659 3614/3368/3659 3618/3372/3659
f 3617/3367/3660 3618/3372/3660 3619/3368/3660
f 3617/3367/3661 3619/3368/3661 3620/3373/3661
f 3619/3368/3662 3621/3374/3662 3620/3373/3662
f 3620/3373/3663 3621/3374/3663 3615/3367/3663
f 3615/3367/3664 3621/3374/3664 3614/3368/3664
f 3615/3375/3665 3617/3376/3665 3620/3377/3665
f 3622/3378/3644 3625/3379/3644 3623/3380/3644
f 3622/3378/3644 3624/3381/3644 3625/3379/3644
f 3627/3382/3666 3624/3383/3666 3622/3384/3666
f 3624/3383/3667 3627/3382/3667 3625/3384/3667
f 3629/3385/3668 3626/3386/3668 3627/3387/3668
f 3629/3385/3669 3632/3388/3669 3626/3386/3669
f 3629/3385/3670 3628/3389/3670 3632/3388/3670
f 3623/3380/3671 3630/3390/3671 3631/3391/3671
f 3623/3380/3643 3625/3379/3643 3630/3390/3643
f 3628/3389/3672 3633/3392/3672 3632/3388/3672
f 3628/3389/3672 3634/3393/3672 3633/3392/3672
f 3634/3393/3673 3635/3394/3673 3633/3392/3673
f 3634/3393/3674 3637/3395/3674 3635/3394/3674
f 3636/3396/3675 3638/3397/3675 3643/3398/3675
f 3636/3396/3676 3639/3399/3676 3638/3397/3676
f 3631/3391/3677 3639/3399/3677 3636/3396/3677
f 3631/3391/3671 3630/3390/3671 3639/3399/3671
f 3637/3400/3678 3641/3401/3678 3635/3402/3678
f 3637/3400/3679 3642/3403/3679 3641/3401/3679
f 3641/3404/3680 3642/3405/3680 3643/3406/3680
f 3641/3404/3681 3643/3406/3681 3640/3407/3681
f 3643/3398/3682 3638/3397/3682 3640/3408/3682
f 3649/2887/3683 3646/2885/3683 3644/2911/3683
f 3649/2887/3684 3645/2886/3684 3646/2885/3684
f 3646/2883/3685 3645/2880/3685 3651/2882/3685
f 3651/2882/3686 3645/2880/3686 3647/2879/3686
f 3647/3409/3687 3645/3410/3687 3648/3411/3687
f 3645/2886/3684 3649/2887/3684 3648/2884/3684
f 3649/2890/3688 3644/2889/3688 3648/2888/3688
f 3644/2889/3689 3654/2892/3689 3648/2888/3689
f 3644/2889/3690 3657/2894/3690 3654/2892/3690
f 3644/2889/3691 3650/2893/3691 3657/2894/3691
f 3644/2911/3692 3652/2901/3692 3650/2909/3692
f 3644/2911/3693 3651/2910/3693 3652/2901/3693
f 3644/2911/3694 3646/2885/3694 3651/2910/3694
f 3651/2882/3695 3653/2881/3695 3652/2904/3695
f 3651/2882/3696 3647/2879/3696 3653/2881/3696
f 3655/3412/3697 3653/3413/3697 3647/3414/3697
f 3655/3412/3698 3654/3415/3698 3653/3413/3698
f 3648/2888/3699 3654/2892/3699 3655/2891/3699
f 3647/3409/3687 3648/3411/3687 3655/3416/3687
f 3654/3415/3700 3656/3417/3700 3653/3413/3700
f 3654/3415/3701 3657/3418/3701 3656/3417/3701
f 3657/3418/3702 3661/3419/3702 3656/3417/3702
f 3657/3418/3703 3658/3420/3703 3661/3419/3703
f 3650/2893/3704 3658/2895/3704 3657/2894/3704
f 3650/2893/3705 3663/2897/3705 3658/2895/3705
f 3650/2893/3706 3659/2896/3706 3663/2897/3706
f 3650/2909/3707 3652/2901/3707 3659/2902/3707
f 3659/2902/3708 3652/2901/3708 3660/2903/3708
f 3652/2904/3709 3661/2907/3709 3660/2905/3709
f 3652/2904/3710 3656/2908/3710 3661/2907/3710
f 3652/2904/3711 3653/2881/3711 3656/2908/3711
f 3660/2905/3712 3661/2907/3712 3662/2906/3712
f 3661/3419/3713 3665/3421/3713 3662/3422/3713
f 3663/3423/3714 3665/3421/3714 3661/3419/3714
f 3664/2899/3715 3665/2898/3715 3663/2897/3715
f 3659/2896/3715 3664/2899/3715 3663/2897/3715
f 3659/2902/3716 3660/2903/3716 3664/2900/3716
f 3658/3420/3717 3663/3423/3717 3661/3419/3717
f 3666/2995/3718 3667/2996/3718 3668/2998/3718
f 3666/2995/3719 3669/2994/3719 3667/2996/3719
f 3669/2994/3720 3670/2992/3720 3667/2996/3720
f 3669/2994/3721 3671/3424/3721 3670/2992/3721
f 3669/2994/3722 3672/2993/3722 3671/3424/3722
f 3672/2993/3723 3669/2994/3723 3684/3425/3723
f 3669/2994/3724 3673/3426/3724 3684/3425/3724
f 3669/2994/3725 3666/2995/3725 3673/3426/3725
f 3666/2995/3726 3674/3427/3726 3673/3426/3726
f 3666/2995/3727 3675/2997/3727 3674/3427/3727
f 3666/2995/3728 3668/2998/3728 3675/2997/3728
f 3673/3428/3729 3674/3429/3729 3676/3430/3729
f 3676/3430/3730 3674/3429/3730 3677/2999/3730
f 3676/3430/3731 3677/2999/3731 3678/3000/3731
f 3678/3000/3732 3677/2999/3732 3668/2998/3732
f 3667/2996/3733 3678/3000/3733 3668/2998/3733
f 3679/2990/3734 3678/3000/3734 3667/2996/3734
f 3679/2990/3735 3680/3002/3735 3678/3000/3735
f 3679/2990/3736 3681/3001/3736 3680/3002/3736
f 3682/3431/3737 3681/3001/3737 3679/2990/3737
f 3682/3431/3738 3683/3432/3738 3681/3001/3738
f 3682/3431/3739 3676/3430/3739 3683/3432/3739
f 3682/3431/3740 3673/3428/3740 3676/3430/3740
f 3684/3433/3741 3673/3428/3741 3682/3431/3741
f 3684/3433/3742 3682/3431/3742 3685/3434/3742
f 3685/3434/3743 3682/3431/3743 3686/3435/3743
f 3686/3435/3744 3682/3431/3744 3679/2990/3744
f 3686/3435/3745 3679/2990/3745 3687/3436/3745
f 3687/3436/3746 3679/2990/3746 3670/2992/3746
f 3670/2992/3747 3679/2990/3747 3667/2996/3747
f 3671/3424/3748 3687/3436/3748 3670/2992/3748
f 3672/2993/3749 3684/3425/3749 3685/3437/3749
f 3683/3432/3750 3676/3430/3750 3688/3438/3750
f 3688/3438/3751 3676/3430/3751 3678/3000/3751
f 3688/3438/3752 3678/3000/3752 3680/3002/3752
f 3688/3438/3753 3680/3002/3753 3681/3001/3753
f 3683/3432/3754 3688/3438/3754 3681/3001/3754
f 3716/2857/3755 3707/2860/3755 3705/2858/3755
f 3707/2860/3756 3706/2859/3756 3705/2858/3756
f 3706/2853/3757 3707/2852/3757 3708/2851/3757
f 3708/2851/3758 3707/2852/3758 3709/2850/3758
f 3710/2847/3759 3708/2851/3759 3709/2850/3759
f 3712/2854/3760 3708/2851/3760 3710/2847/3760
f 3712/2854/3761 3706/2853/3761 3708/2851/3761
f 3710/2847/3762 3711/2856/3762 3712/2855/3762
f 3713/2848/3763 3711/2856/3763 3710/2847/3763
f 3711/2854/3764 3713/2847/3764 3714/2851/3764
f 3713/2847/3765 3715/2850/3765 3714/2851/3765
f 3715/2846/3766 3713/2848/3766 3709/2849/3766
f 3709/2849/3767 3713/2848/3767 3710/2847/3767
f 3714/2851/3768 3715/2850/3768 3716/2852/3768
f 3705/2853/3769 3714/2851/3769 3716/2852/3769
f 3711/2854/3770 3714/2851/3770 3705/2853/3770
f 3717/2827/3771 3718/2814/3771 3719/2813/3771
f 3720/2815/3772 3718/2816/3772 3717/2817/3772
f 3718/2820/3773 3720/2821/3773 3719/2818/3773
f 3720/2821/3774 3721/2819/3774 3719/2818/3774
f 3722/2836/3775 3721/2824/3775 3720/2823/3775
f 3724/2837/3776 3721/2815/3776 3722/2826/3776
f 3726/2825/3777 3721/2815/3777 3724/2837/3777
f 3726/2825/3778 3723/2817/3778 3721/2815/3778
f 3717/2827/3779 3723/2812/3779 3726/2829/3779
f 3717/2827/3780 3719/2813/3780 3723/2812/3780
f 3721/2815/3781 3723/2817/3781 3719/2816/3781
f 3717/2827/3782 3726/2829/3782 3725/2828/3782
f 3724/2833/3783 3725/2832/3783 3726/2831/3783
f 3727/2830/3784 3725/2832/3784 3724/2833/3784
f 3725/2825/3785 3727/2837/3785 3720/2815/3785
f 3727/2837/3786 3728/2826/3786 3720/2815/3786
f 3728/2822/3787 3727/2835/3787 3724/2834/3787
f 3728/2822/3787 3724/2834/3787 3722/2836/3787
f 3728/2822/3788 3722/2836/3788 3720/2823/3788
f 3725/2825/3789 3720/2815/3789 3717/2817/3789
f 3729/3439/3790 3730/3440/3790 3312/3441/3790
f 3730/3442/3791 3313/3443/3791 3312/3444/3791
f 3731/3330/3792 3732/3331/3792 3733/3329/3792
f 3731/3330/3793 3734/3328/3793 3732/3331/3793
f 3731/3330/3794 3735/3332/3794 3734/3328/3794
f 3735/3332/3795 3736/3327/3795 3734/3328/3795
f 3735/3332/3796 3737/3333/3796 3736/3327/3796
f 3737/3333/3797 3738/3328/3797 3736/3327/3797
f 3737/3333/3798 3733/3329/3798 3738/3328/3798
f 3733/3329/3799 3732/3331/3799 3738/3328/3799
f 3739/3374/3800 3746/3373/3800 3740/3368/3800
f 3739/3374/3801 3741/3367/3801 3746/3373/3801
f 3741/3367/3802 3739/3374/3802 3742/3368/3802
f 3742/3368/3803 3743/3366/3803 3741/3367/3803
f 3742/3368/3804 3744/3372/3804 3743/3366/3804
f 3744/3372/3805 3745/3367/3805 3743/3366/3805
f 3744/3372/3806 3740/3368/3806 3745/3367/3806
f 3740/3368/3807 3746/3373/3807 3745/3367/3807
f 3746/3445/3808 3743/3446/3808 3745/3447/3808
f 3746/3448/3809 3741/3449/3809 3743/3450/3809
f 3747/3415/3810 3748/3412/3810 3749/3414/3810
f 3748/3416/3811 3750/3410/3811 3749/3409/3811
f 3748/3416/3812 3339/3411/3812 3750/3410/3812
f 3747/3415/3813 3749/3414/3813 3338/3413/3813
f 3342/3418/3814 3747/3415/3814 3338/3413/3814
f 3342/3418/3815 3338/3413/3815 3751/3417/3815
f 3752/3420/3816 3342/3418/3816 3751/3417/3816
f 3752/3420/3817 3751/3417/3817 3753/3419/3817
f 3344/3423/3818 3752/3420/3818 3753/3419/3818
f 3344/3423/3819 3753/3419/3819 3754/3422/3819
f 3755/3421/3820 3344/3423/3820 3754/3422/3820
f 3759/3006/3821 3757/3005/3821 3334/3451/3821
f 3759/3006/3822 3756/3003/3822 3757/3005/3822
f 3757/2874/3823 3756/2873/3823 3763/2870/3823
f 3756/2873/3824 3758/2867/3824 3763/2870/3824
f 3756/3452/3825 3331/3453/3825 3758/3454/3825
f 3756/3452/3826 3759/3004/3826 3331/3453/3826
f 3760/3005/3827 3758/3451/3827 3331/3006/3827
f 3758/2867/3828 3760/2875/3828 3337/2869/3828
f 3763/2870/3829 3758/2867/3829 3337/2869/3829
f 3763/2870/3830 3337/2869/3830 3761/2868/3830
f 3763/2870/3831 3761/2868/3831 3762/2871/3831
f 3763/3006/3832 3762/3451/3832 3333/3005/3832
f 3763/3006/3833 3333/3005/3833 3332/3003/3833
f 3757/3452/3834 3763/3454/3834 3332/3453/3834
f 3757/3452/3835 3332/3453/3835 3334/3451/3835
f 3760/3005/3836 3331/3006/3836 3335/3003/3836
f 3355/2917/3837 3788/2915/3837 3789/2916/3837
f 3355/2917/3838 3353/2924/3838 3788/2915/3838
f 3790/3455/3839 3791/3456/3839 3297/3457/3839
f 3790/3455/3840 3292/3458/3840 3791/3456/3840
f 3790/3455/3841 3792/3459/3841 3292/3458/3841
f 3790/3455/3839 3290/3460/3839 3792/3459/3839
f 3290/3460/3839 3790/3455/3839 3299/3461/3839
f 3790/3455/3842 3297/3457/3842 3296/3462/3842
f 3801/3403/3843 3793/3400/3843 3796/3402/3843
f 3793/3395/3844 3795/3392/3844 3796/3394/3844
f 3797/3393/3845 3795/3392/3845 3793/3395/3845
f 3797/3393/3846 3810/3388/3846 3795/3392/3846
f 3797/3393/3846 3799/3389/3846 3810/3388/3846
f 3794/3398/3847 3803/3463/3847 3800/3396/3847
f 3801/3464/3848 3803/3465/3848 3794/3466/3848
f 3801/3464/3849 3802/3467/3849 3803/3465/3849
f 3801/3403/3850 3796/3402/3850 3802/3401/3850
f 3796/3468/3851 3803/3469/3851 3802/3470/3851
f 3807/3380/3852 3805/3399/3852 3806/3390/3852
f 3798/3391/3853 3805/3399/3853 3807/3380/3853
f 3798/3391/3854 3804/3397/3854 3805/3399/3854
f 3800/3396/3855 3804/3397/3855 3798/3391/3855
f 3800/3396/3856 3803/3463/3856 3804/3397/3856
f 3807/3380/3857 3806/3390/3857 3808/3378/3857
f 3808/3378/3858 3806/3390/3858 3809/3379/3858
f 3808/3378/3858 3809/3379/3858 3812/3381/3858
f 3813/3385/3859 3814/3387/3859 3811/3386/3859
f 3799/3389/3860 3813/3385/3860 3811/3386/3860
f 3799/3389/3860 3811/3386/3860 3810/3388/3860
f 3829/3471/3861 3815/3472/3861 3830/3473/3861
f 3816/3474/3862 3815/3475/3862 3829/3476/3862
f 3815/3477/3863 3816/3478/3863 3817/3479/3863
f 3816/3480/3864 3818/3481/3864 3817/3482/3864
f 3821/3483/3865 3818/3481/3865 3816/3480/3865
f 3821/3483/3866 3819/3484/3866 3818/3481/3866
f 3820/3485/3867 3819/3486/3867 3821/3487/3867
f 3820/3485/3868 3822/3488/3868 3819/3486/3868
f 3820/3485/3869 3848/3489/3869 3822/3488/3869
f 3820/3485/3869 3823/3490/3869 3848/3489/3869
f 3823/3491/3870 3820/3492/3870 3821/3493/3870
f 3816/3478/3871 3823/3491/3871 3821/3493/3871
f 3816/3478/3872 3825/3494/3872 3823/3491/3872
f 3824/3495/3873 3825/3494/3873 3816/3478/3873
f 3825/3496/3874 3824/3497/3874 3826/3498/3874
f 3824/3499/3875 3827/3500/3875 3826/3501/3875
f 3824/3502/3876 3851/3503/3876 3827/3504/3876
f 3851/3505/3877 3824/3495/3877 3816/3478/3877
f 3828/3506/3878 3851/3505/3878 3816/3478/3878
f 3851/3507/3879 3828/3508/3879 3854/3509/3879
f 3854/3510/3880 3828/3506/3880 3829/3511/3880
f 3829/3511/3881 3828/3506/3881 3816/3478/3881
f 3854/3510/3880 3829/3511/3880 3830/3512/3880
f 3830/3512/3882 3840/3513/3882 3854/3510/3882
f 3830/3512/3883 3815/3477/3883 3840/3513/3883
f 3831/3514/3884 3840/3513/3884 3815/3477/3884
f 3840/3515/3885 3831/3516/3885 3839/3517/3885
f 3831/3498/3886 3837/3496/3886 3839/3497/3886
f 3835/3518/3887 3837/3496/3887 3831/3498/3887
f 3835/3518/3888 3838/3519/3888 3837/3496/3888
f 3834/3520/3889 3838/3519/3889 3835/3518/3889
f 3833/3521/3890 3838/3519/3890 3834/3520/3890
f 3833/3521/3891 3832/3522/3891 3838/3519/3891
f 3833/3483/3892 3836/3523/3892 3832/3484/3892
f 3833/3483/3893 3817/3482/3893 3836/3523/3893
f 3817/3479/3894 3833/3524/3894 3834/3525/3894
f 3835/3526/3895 3817/3479/3895 3834/3525/3895
f 3835/3526/3896 3815/3477/3896 3817/3479/3896
f 3831/3514/3897 3815/3477/3897 3835/3526/3897
f 3818/3481/3864 3836/3523/3864 3817/3482/3864
f 3845/3477/3898 3836/3479/3898 3818/3478/3898
f 3837/3526/3899 3836/3479/3899 3845/3477/3899
f 3837/3526/3900 3832/3524/3900 3836/3479/3900
f 3837/3526/3901 3838/3525/3901 3832/3524/3901
f 3841/3513/3902 3837/3526/3902 3845/3477/3902
f 3839/3514/3903 3837/3526/3903 3841/3513/3903
f 3840/3527/3904 3839/3528/3904 3841/3529/3904
f 3840/3530/3905 3841/3531/3905 3842/3532/3905
f 3842/3533/3906 3841/3534/3906 3843/3535/3906
f 3843/3282/3907 3841/3281/3907 3827/3283/3907
f 3827/3536/3908 3841/3537/3908 3850/3538/3908
f 3850/3539/3909 3841/3540/3909 3844/3541/3909
f 3845/3477/3910 3844/3510/3910 3841/3513/3910
f 3845/3477/3911 3847/3512/3911 3844/3510/3911
f 3818/3542/3912 3847/3543/3912 3845/3544/3912
f 3818/3545/3913 3846/3546/3913 3847/3547/3913
f 3818/3478/3914 3827/3505/3914 3846/3511/3914
f 3827/3505/3915 3818/3478/3915 3849/3494/3915
f 3818/3478/3916 3848/3491/3916 3849/3494/3916
f 3818/3478/3917 3822/3492/3917 3848/3491/3917
f 3818/3478/3918 3819/3493/3918 3822/3492/3918
f 3823/3490/3919 3849/3518/3919 3848/3489/3919
f 3823/3490/3920 3825/3496/3920 3849/3518/3920
f 3825/3496/3874 3826/3498/3874 3849/3518/3874
f 3827/3505/3921 3849/3494/3921 3826/3495/3921
f 3827/3505/3922 3850/3506/3922 3846/3511/3922
f 3850/3506/3923 3847/3512/3923 3846/3511/3923
f 3844/3510/3923 3847/3512/3923 3850/3506/3923
f 3843/3282/3907 3827/3283/3907 3852/3280/3907
f 3851/3548/3924 3852/3549/3924 3827/3550/3924
f 3851/3551/3924 3853/3552/3924 3852/3553/3924
f 3853/3280/3925 3851/3283/3925 3840/3281/3925
f 3851/3554/3926 3854/3555/3926 3840/3556/3926
f 3842/3282/3927 3853/3280/3927 3840/3281/3927
f 3855/2844/3928 3858/2842/3928 3856/2845/3928
f 3858/2842/3929 3857/2843/3929 3856/2845/3929
f 3857/2838/3930 3858/2840/3930 3860/2841/3930
f 3857/2838/3931 3860/2841/3931 3859/2839/3931
f 3860/2842/3932 3861/2845/3932 3859/2843/3932
f 3860/2842/3933 3862/2844/3933 3861/2845/3933
f 3856/2839/3934 3861/2838/3934 3862/2840/3934
f 3856/3557/3935 3859/3558/3935 3861/3559/3935
f 3856/3560/3936 3857/3561/3936 3859/3562/3936
f 3856/2839/3937 3862/2840/3937 3855/2841/3937
f 3864/2936/3938 3863/2937/3938 3869/2938/3938
f 3865/2939/3939 3863/2946/3939 3864/2940/3939
f 3865/2939/3940 3868/2941/3940 3863/2946/3940
f 3865/2936/3941 3866/2945/3941 3868/2937/3941
f 3866/3563/3942 3865/3564/3942 3867/3565/3942
f 3867/3566/3943 3865/3567/3943 3864/3568/3943
f 3864/2936/3938 3869/2938/3938 3867/2945/3938
f 3867/2940/3944 3869/2946/3944 3870/2941/3944
f 3870/3569/3945 3869/3570/3945 3868/3571/3945
f 3869/3572/3946 3863/3573/3946 3868/3574/3946
f 3866/2945/3947 3870/2938/3947 3868/2937/3947
f 3866/2939/3948 3867/2940/3948 3870/2941/3948
f 3870/3575/3949 3868/3576/3949 3373/3577/3949
f 3870/3578/3950 3373/3579/3950 3370/3580/3950
f 3871/3001/3951 3872/3432/3951 3873/2990/3951
f 3872/3432/3952 3871/3001/3952 3874/3002/3952
f 3872/3432/3953 3874/3002/3953 3875/3438/3953
f 3875/3438/3954 3874/3002/3954 3876/3430/3954
f 3876/3430/3955 3874/3002/3955 3389/3000/3955
f 3876/3430/3956 3389/3000/3956 3877/2999/3956
f 3876/3430/3957 3877/2999/3957 3878/3429/3957
f 3884/3428/3958 3876/3430/3958 3878/3429/3958
f 3882/3433/3959 3876/3430/3959 3884/3428/3959
f 3882/3433/3960 3879/3431/3960 3876/3430/3960
f 3882/3433/3961 3880/3435/3961 3879/3431/3961
f 3882/3433/3962 3881/3434/3962 3880/3435/3962
f 3881/3581/3963 3882/3582/3963 3386/3583/3963
f 3386/3583/3964 3882/3582/3964 3883/3584/3964
f 3882/3582/3965 3884/3585/3965 3883/3584/3965
f 3883/3584/3966 3884/3585/3966 3885/3586/3966
f 3884/3585/3967 3878/3587/3967 3885/3586/3967
f 3886/3588/3968 3881/3581/3968 3386/3583/3968
f 3880/3435/3969 3384/2991/3969 3879/3431/3969
f 3879/3431/3970 3384/2991/3970 3873/2990/3970
f 3872/3432/3971 3879/3431/3971 3873/2990/3971
f 3879/3431/3972 3872/3432/3972 3875/3438/3972
f 3879/3431/3973 3875/3438/3973 3876/3430/3973
f 3903/3226/3974 3904/3227/3974 3905/3228/3974
f 3903/3226/3975 3906/3229/3975 3904/3227/3975
f 3903/3226/3976 3907/3232/3976 3906/3229/3976
f 3907/3232/3977 3908/3231/3977 3906/3229/3977
f 3907/3232/3978 3909/3229/3978 3908/3231/3978
f 3910/3226/3979 3909/3229/3979 3907/3232/3979
f 3909/3229/3980 3910/3226/3980 3911/3228/3980
f 3909/3229/3981 3911/3228/3981 3912/3227/3981
f 3912/3227/3982 3908/3231/3982 3909/3229/3982
f 3912/3227/3983 3913/3230/3983 3908/3231/3983
f 3908/3231/3984 3913/3230/3984 3906/3229/3984
f 3913/3230/3985 3904/3227/3985 3906/3229/3985
f 3917/2874/3986 3915/2867/3986 3918/2870/3986
f 3917/2874/3987 3914/2873/3987 3915/2867/3987
f 3914/3004/3988 3923/3454/3988 3915/3453/3988
f 3914/3004/3989 3390/3452/3989 3923/3454/3989
f 3390/2873/3990 3391/2874/3990 3923/2867/3990
f 3391/2874/3991 3916/2870/3991 3923/2867/3991
f 3917/3004/3992 3916/3454/3992 3391/3452/3992
f 3916/3454/3993 3917/3004/3993 3918/3453/3993
f 3919/3451/3994 3916/3006/3994 3918/3003/3994
f 3916/2870/3995 3919/2871/3995 3925/2868/3995
f 3919/2861/3996 3921/2872/3996 3925/2862/3996
f 3919/3451/3997 3918/3003/3997 3921/3005/3997
f 3918/2870/3998 3920/2868/3998 3921/2871/3998
f 3918/2870/3999 3922/2869/3999 3920/2868/3999
f 3915/2867/4000 3922/2869/4000 3918/2870/4000
f 3915/2867/4001 3924/2875/4001 3922/2869/4001
f 3923/3451/4002 3924/3003/4002 3915/3006/4002
f 3923/3451/4003 3927/3005/4003 3924/3003/4003
f 3923/2867/4004 3926/2869/4004 3927/2875/4004
f 3923/2867/4005 3925/2868/4005 3926/2869/4005
f 3923/2867/4006 3916/2870/4006 3925/2868/4006
f 3925/3589/4007 3920/3590/4007 3926/3591/4007
f 3925/2862/3996 3921/2872/3996 3920/2863/3996
f 3920/3592/4007 3922/3593/4007 3926/3594/4007
f 3927/2872/4008 3926/2863/4008 3922/2862/4008
f 3927/2872/4009 3922/2862/4009 3924/2861/4009
f 3928/3595/4010 3416/3596/4010 3929/3597/4010
f 3416/3598/4011 3930/3599/4011 3929/3600/4011
f 3416/3598/4012 3931/3601/4012 3930/3599/4012
f 3931/3601/4013 3408/3602/4013 3930/3599/4013
f 3930/3599/4014 3408/3602/4014 3406/3603/4014
f 3930/3599/4015 3406/3603/4015 3932/3604/4015
f 3418/3605/4016 3932/3606/4016 3406/3607/4016
f 3418/3605/4017 3928/3595/4017 3932/3606/4017
f 3928/3595/4018 3929/3597/4018 3932/3606/4018
f 3929/3600/4019 3930/3599/4019 3932/3604/4019
f 3933/3218/4020 3934/3221/4020 3940/3219/4020
f 3940/3219/4021 3934/3221/4021 3935/3220/4021
f 3934/3218/4022 3936/3220/4022 3935/3219/4022
f 3937/3221/4023 3936/3220/4023 3934/3218/4023
f 3938/3221/4024 3936/3219/4024 3937/3218/4024
f 3938/3221/4025 3939/3220/4025 3936/3219/4025
f 3938/3218/4026 3940/3220/4026 3939/3219/4026
f 3933/3221/4027 3940/3220/4027 3938/3218/4027
f 3941/3251/4028 3953/3250/4028 3942/3258/4028
f 3953/3252/4029 3941/3254/4029 3954/3250/4029
f 3941/3254/4030 3943/3608/4030 3954/3250/4030
f 3943/3608/4031 3945/3257/4031 3954/3250/4031
f 3944/3256/4032 3945/3257/4032 3943/3608/4032
f 3946/3252/4033 3945/3259/4033 3944/3253/4033
f 3948/3609/4034 3945/3610/4034 3946/3243/4034
f 3954/3243/4035 3945/3610/4035 3948/3609/4035
f 3954/3243/4036 3948/3609/4036 3947/3244/4036
f 3949/3236/4037 3947/3611/4037 3948/3235/4037
f 3949/3240/4038 3957/3241/4038 3947/3611/4038
f 3949/3240/4039 3950/3267/4039 3957/3241/4039
f 3951/3239/4040 3950/3267/4040 3949/3240/4040
f 3951/3238/4041 3949/3236/4041 3952/3234/4041
f 3949/3236/4042 3948/3235/4042 3952/3234/4042
f 3952/3264/4043 3948/3609/4043 3956/3247/4043
f 3956/3247/4044 3948/3609/4044 3946/3243/4044
f 3953/3249/4045 3956/3247/4045 3946/3243/4045
f 3953/3249/4046 3957/3248/4046 3956/3247/4046
f 3957/3241/4047 3953/3243/4047 3947/3611/4047
f 3947/3611/4048 3953/3243/4048 3954/3242/4048
f 3955/3263/4049 3956/3260/4049 3957/3262/4049
f 3958/3266/4050 3956/3247/4050 3955/3265/4050
f 3958/3266/4051 3952/3264/4051 3956/3247/4051
f 3951/3238/4052 3952/3234/4052 3958/3237/4052
f 3955/3263/4053 3957/3262/4053 3950/3261/4053
f 3942/3258/4054 3953/3250/4054 3946/3252/4054
f 3946/3252/4055 3944/3253/4055 3942/3258/4055
f 3999/3612/4056 4000/3613/4056 4011/3614/4056
f 3999/3612/4057 3480/3615/4057 4000/3613/4057
f 3481/3194/4058 4000/3616/4058 3480/3193/4058
f 4001/3617/4059 4000/3616/4059 3481/3194/4059
f 4002/3194/4060 4000/3616/4060 4001/3617/4060
f 4002/3194/4061 4004/3193/4061 4000/3616/4061
f 4003/3323/4062 4004/3193/4062 4002/3194/4062
f 4000/3613/4063 4004/3615/4063 4003/3612/4063
f 4000/3613/4064 4003/3612/4064 4011/3614/4064
f 4003/3323/4065 4002/3194/4065 4005/2803/4065
f 4078/3497/4066 4079/3518/4066 4080/3498/4066
f 4078/3497/4066 4082/3496/4066 4079/3518/4066
f 4081/3477/4067 4082/3526/4067 4078/3514/4067
f 4081/3477/4068 4083/3479/4068 4082/3526/4068
f 4084/3478/4069 4083/3479/4069 4081/3477/4069
f 4086/3480/4070 4083/3523/4070 4084/3481/4070
f 4086/3480/4071 4085/3482/4071 4083/3523/4071
f 4086/3478/4072 4087/3477/4072 4085/3479/4072
f 4087/3477/4073 4079/3526/4073 4085/3479/4073
f 4088/3513/4074 4079/3526/4074 4087/3477/4074
f 4088/3513/4075 4080/3514/4075 4079/3526/4075
f 4088/3513/4076 4087/3477/4076 4089/3510/4076
f 4089/3510/4077 4087/3477/4077 4090/3512/4077
f 4091/3506/4078 4089/3510/4078 4090/3512/4078
f 4091/3506/4078 4090/3512/4078 4092/3511/4078
f 4093/3505/4079 4091/3506/4079 4092/3511/4079
f 4093/3505/4080 4092/3511/4080 4086/3478/4080
f 4094/3494/4081 4093/3505/4081 4086/3478/4081
f 4095/3495/4082 4093/3505/4082 4094/3494/4082
f 4095/3497/4083 4094/3496/4083 4096/3518/4083
f 4096/3518/4084 4094/3496/4084 4097/3489/4084
f 4094/3496/4085 4098/3490/4085 4097/3489/4085
f 4094/3494/4086 4086/3478/4086 4098/3491/4086
f 4098/3491/4087 4086/3478/4087 4101/3492/4087
f 4086/3478/4088 4102/3493/4088 4101/3492/4088
f 4086/3480/4089 4099/3484/4089 4102/3483/4089
f 4084/3481/4089 4099/3484/4089 4086/3480/4089
f 4097/3491/4090 4099/3493/4090 4084/3478/4090
f 4097/3491/4091 4100/3492/4091 4099/3493/4091
f 4097/3489/4092 4098/3490/4092 4100/3488/4092
f 4098/3490/4092 4101/3485/4092 4100/3488/4092
f 4101/3485/4093 4102/3487/4093 4100/3488/4093
f 4102/3487/4094 4099/3486/4094 4100/3488/4094
f 4096/3494/4095 4097/3491/4095 4084/3478/4095
f 4103/3495/4096 4096/3494/4096 4084/3478/4096
f 4103/3498/4083 4095/3497/4083 4096/3518/4083
f 4103/3495/4097 4084/3478/4097 4104/3505/4097
f 4105/3506/4098 4104/3505/4098 4084/3478/4098
f 4105/3506/4099 4084/3478/4099 4106/3511/4099
f 4105/3506/4100 4106/3511/4100 4107/3510/4100
f 4106/3511/4101 4108/3512/4101 4107/3510/4101
f 4107/3510/4102 4108/3512/4102 4109/3513/4102
f 4109/3513/4103 4108/3512/4103 4081/3477/4103
f 4109/3513/4104 4081/3477/4104 4078/3514/4104
f 4085/3479/4105 4079/3526/4105 4110/3524/4105
f 4079/3526/4106 4111/3525/4106 4110/3524/4106
f 4082/3496/4107 4111/3520/4107 4079/3518/4107
f 4082/3496/4108 4112/3519/4108 4111/3520/4108
f 4083/3479/4109 4112/3525/4109 4082/3526/4109
f 4083/3479/4110 4113/3524/4110 4112/3525/4110
f 4083/3523/4111 4085/3482/4111 4113/3484/4111
f 4085/3482/4112 4110/3483/4112 4113/3484/4112
f 4111/3520/4113 4113/3522/4113 4110/3521/4113
f 4111/3520/4113 4112/3519/4113 4113/3522/4113
s 1
f 3269/3618/4114 3285/3619/4115 3574/3321/4116
f 3269/3618/4114 3270/3620/4117 3285/3619/4115
f 3270/3620/4117 3269/3618/4114 3576/3621/4118
f 3271/3622/4119 3278/3322/4120 3574/3321/4116
f 3574/3321/4116 3285/3619/4115 3271/3622/4119
f 3577/3320/4121 3278/3322/4122 3581/3623/4123
f 3581/3623/4123 3278/3322/4122 3274/3624/4124
f 3581/3623/4123 3274/3624/4124 3580/3625/4125
f 3580/3625/4125 3274/3624/4124 3273/3626/4126
f 3272/3627/4127 3580/3628/4125 3273/3629/4126
f 3580/3628/4125 3272/3627/4127 3576/3621/4118
f 3270/3620/4117 3576/3621/4118 3272/3627/4127
f 3287/3460/4128 3288/3455/4129 3291/3459/4130
f 3287/3460/4128 3289/3461/4131 3288/3455/4129
f 3287/3630/4128 3290/3631/4132 3289/3632/4131
f 3792/3633/4133 3290/3631/4132 3287/3630/4128
f 3291/3634/4130 3792/3633/4133 3287/3630/4128
f 3292/3635/4134 3792/3633/4133 3291/3634/4130
f 3292/3635/4134 3291/3634/4130 3293/3636/4135
f 3291/3459/4130 3288/3455/4129 3293/3458/4135
f 3288/3455/4129 3298/3456/4136 3293/3458/4135
f 3288/3455/4129 3294/3457/4137 3298/3456/4136
f 3288/3455/4129 3295/3462/4138 3294/3457/4137
f 3790/3631/4139 3295/3634/4138 3288/3630/4129
f 3296/3633/4140 3295/3634/4138 3790/3631/4139
f 3294/3636/4137 3295/3634/4138 3296/3633/4140
f 3294/3636/4137 3296/3633/4140 3297/3635/4141
f 3298/3637/4136 3294/3636/4137 3297/3635/4141
f 3298/3637/4136 3297/3635/4141 3791/3638/4142
f 3791/3638/4142 3293/3636/4135 3298/3637/4136
f 3292/3635/4134 3293/3636/4135 3791/3638/4142
f 3299/3639/4143 3790/3631/4139 3288/3630/4129
f 3299/3639/4143 3288/3630/4129 3289/3632/4131
f 3290/3631/4132 3299/3639/4143 3289/3632/4131
f 3562/3461/4144 3558/3457/4145 3566/3462/4146
f 3562/3461/4144 3569/3456/4147 3558/3457/4145
f 3562/3461/4144 3559/3458/4148 3569/3456/4147
f 3562/3461/4144 3560/3459/4149 3559/3458/4148
f 3562/3461/4144 3561/3460/4150 3560/3459/4149
f 3560/3634/4149 3561/3630/4150 3571/3631/4151
f 3561/3630/4150 3573/3639/4152 3571/3631/4151
f 3561/3630/4150 3562/3632/4144 3573/3639/4152
f 3562/3632/4144 3563/3631/4153 3573/3639/4152
f 3564/3630/4154 3563/3631/4153 3562/3632/4144
f 3564/3630/4154 3565/3633/4155 3563/3631/4153
f 3564/3630/4154 3566/3634/4146 3565/3633/4155
f 3562/3461/4144 3566/3462/4146 3564/3455/4154
f 3567/3635/4156 3565/3633/4155 3566/3634/4146
f 3563/3640/4153 3565/3641/4155 3567/3642/4156
f 3563/3640/4153 3567/3642/4156 3568/3643/4157
f 3568/3638/4157 3567/3635/4156 3558/3636/4145
f 3558/3636/4145 3567/3635/4156 3566/3634/4146
f 3569/3637/4147 3568/3638/4157 3558/3636/4145
f 3569/3637/4147 3570/3635/4158 3568/3638/4157
f 3569/3637/4147 3559/3636/4148 3570/3635/4158
f 3559/3636/4148 3572/3633/4159 3570/3635/4158
f 3560/3634/4149 3572/3633/4159 3559/3636/4148
f 3560/3634/4149 3571/3631/4151 3572/3633/4159
f 3571/3644/4151 3563/3640/4153 3572/3645/4159
f 3571/3644/4151 3573/3646/4152 3563/3640/4153
f 3572/3645/4159 3563/3640/4153 3570/3647/4158
f 3563/3640/4153 3568/3643/4157 3570/3647/4158
f 3594/3648/4160 3612/3649/4161 3595/3650/4162
f 3595/3650/4162 3612/3649/4161 3596/3651/4163
f 3597/3652/4164 3591/3653/4165 3598/3654/4166
f 3591/3653/4165 3599/3655/4167 3598/3654/4166
f 3595/3650/4162 3596/3651/4163 3600/3648/4168
f 3600/3648/4168 3596/3651/4163 3601/3649/4169
f 3602/3653/4170 3603/3656/4171 3604/3652/4172
f 3602/3653/4170 3605/3657/4173 3603/3656/4171
f 3606/3658/4174 3603/3656/4171 3605/3657/4173
f 3606/3658/4174 3605/3657/4173 3607/3659/4175
f 3601/3649/4169 3606/3658/4174 3607/3659/4175
f 3601/3649/4169 3607/3659/4175 3600/3648/4168
f 3599/3655/4167 3602/3653/4170 3604/3652/4172
f 3599/3655/4167 3604/3652/4172 3598/3654/4166
f 3625/3384/4176 3627/3382/4177 3626/3660/4178
f 3629/3660/4179 3622/3384/4180 3628/3661/4181
f 3627/3382/4182 3622/3384/4180 3629/3660/4179
f 3622/3384/4180 3623/3662/4183 3628/3661/4181
f 3628/3661/4181 3623/3662/4183 3634/3663/4184
f 3623/3662/4183 3631/3664/4185 3634/3663/4184
f 3625/3384/4176 3626/3660/4178 3630/3662/4186
f 3630/3662/4186 3626/3660/4178 3632/3661/4187
f 3630/3662/4186 3632/3661/4187 3639/3664/4188
f 3639/3664/4188 3632/3661/4187 3633/3663/4189
f 3636/3665/4190 3637/3666/4191 3634/3663/4184
f 3636/3665/4190 3643/3667/4192 3637/3666/4191
f 3631/3664/4185 3636/3665/4190 3634/3663/4184
f 3633/3663/4189 3638/3665/4193 3639/3664/4188
f 3633/3663/4189 3635/3666/4194 3638/3665/4193
f 3638/3665/4193 3635/3666/4194 3640/3668/4195
f 3640/3669/4195 3635/3670/4194 3641/3671/4196
f 3643/3667/4192 3642/3672/4197 3637/3666/4191
f 3693/3461/4198 3689/3457/4199 3695/3462/4200
f 3693/3461/4198 3690/3456/4201 3689/3457/4199
f 3693/3461/4198 3700/3458/4202 3690/3456/4201
f 3693/3461/4198 3691/3459/4203 3700/3458/4202
f 3693/3461/4198 3692/3460/4204 3691/3459/4203
f 3691/3634/4203 3692/3630/4204 3701/3631/4205
f 3692/3630/4204 3703/3639/4206 3701/3631/4205
f 3692/3630/4204 3693/3632/4198 3703/3639/4206
f 3693/3632/4198 3704/3631/4207 3703/3639/4206
f 3696/3630/4208 3704/3631/4207 3693/3632/4198
f 3696/3630/4208 3694/3633/4209 3704/3631/4207
f 3696/3630/4208 3695/3634/4200 3694/3633/4209
f 3693/3461/4198 3695/3462/4200 3696/3455/4208
f 3697/3635/4210 3694/3633/4209 3695/3634/4200
f 3694/3462/4209 3697/3457/4210 3698/3456/4211
f 3698/3638/4211 3697/3635/4210 3689/3636/4199
f 3689/3636/4199 3697/3635/4210 3695/3634/4200
f 3690/3637/4201 3698/3638/4211 3689/3636/4199
f 3690/3637/4201 3699/3635/4212 3698/3638/4211
f 3690/3637/4201 3700/3636/4202 3699/3635/4212
f 3700/3636/4202 3702/3633/4213 3699/3635/4212
f 3691/3634/4203 3702/3633/4213 3700/3636/4202
f 3691/3634/4203 3701/3631/4205 3702/3633/4213
f 3701/3460/4205 3694/3462/4209 3702/3459/4213
f 3701/3460/4205 3703/3461/4206 3694/3462/4209
f 3703/3461/4206 3704/3455/4207 3694/3462/4209
f 3702/3459/4213 3694/3462/4209 3699/3458/4212
f 3699/3458/4212 3694/3462/4209 3698/3456/4211
f 3764/3350/4214 3770/3352/4215 3768/3351/4216
f 3764/3350/4214 3766/3349/4217 3770/3352/4215
f 3766/3349/4217 3765/3348/4218 3770/3352/4215
f 3765/3654/4218 3766/3652/4217 3767/3653/4219
f 3766/3652/4217 3781/3657/4220 3767/3653/4219
f 3766/3652/4217 3764/3656/4214 3781/3657/4220
f 3764/3656/4214 3782/3659/4221 3781/3657/4220
f 3764/3656/4214 3768/3658/4216 3782/3659/4221
f 3768/3658/4216 3769/3648/4222 3782/3659/4221
f 3768/3658/4216 3770/3649/4215 3769/3648/4222
f 3771/3650/4223 3769/3648/4222 3770/3649/4215
f 3769/3352/4222 3771/3347/4223 3772/3346/4224
f 3772/3648/4224 3771/3650/4223 3773/3651/4225
f 3773/3651/4225 3771/3650/4223 3770/3649/4215
f 3770/3352/4215 3779/3346/4226 3773/3347/4225
f 3774/3345/4227 3779/3346/4226 3770/3352/4215
f 3774/3339/4227 3777/3338/4228 3779/3344/4226
f 3774/3339/4227 3775/3337/4229 3777/3338/4228
f 3775/3355/4229 3774/3354/4227 3776/3356/4230
f 3776/3356/4230 3774/3354/4227 3755/3353/4231
f 3775/3673/4229 3776/3674/4230 3778/3675/4232
f 3775/3676/4229 3778/3677/4232 3777/3678/4228
f 3777/3355/4228 3778/3356/4232 3779/3354/4226
f 3778/3356/4232 3754/3353/4233 3779/3354/4226
f 3765/3348/4218 3774/3345/4227 3770/3352/4215
f 3765/3654/4218 3780/3655/4234 3774/3652/4227
f 3765/3654/4218 3767/3653/4219 3780/3655/4234
f 3767/3349/4219 3772/3346/4224 3780/3348/4234
f 3767/3349/4219 3781/3350/4220 3772/3346/4224
f 3781/3350/4220 3782/3351/4221 3772/3346/4224
f 3782/3351/4221 3769/3352/4222 3772/3346/4224
f 3780/3348/4234 3772/3346/4224 3787/3345/4235
f 3787/3339/4235 3772/3344/4224 3785/3337/4236
f 3772/3344/4224 3786/3338/4237 3785/3337/4236
f 3786/3334/4237 3772/3335/4224 3346/3343/4238
f 3784/3336/4239 3786/3334/4237 3346/3343/4238
f 3783/3679/4240 3786/3680/4237 3784/3681/4239
f 3783/3682/4240 3785/3683/4236 3786/3684/4237
f 3783/3336/4240 3345/3343/4241 3785/3334/4236
f 3785/3334/4236 3345/3343/4241 3787/3335/4235
f 3774/3652/4227 3780/3655/4234 3787/3653/4235
f 3779/3649/4226 3772/3648/4224 3773/3651/4225
f 3793/3666/4242 3801/3672/4243 3794/3667/4244
f 3797/3663/4245 3798/3664/4246 3799/3661/4247
f 3797/3663/4245 3800/3665/4248 3798/3664/4246
f 3797/3663/4245 3793/3666/4242 3800/3665/4248
f 3800/3665/4248 3793/3666/4242 3794/3667/4244
f 3796/3666/4249 3804/3665/4250 3803/3685/4251
f 3796/3666/4249 3795/3663/4252 3804/3665/4250
f 3795/3663/4252 3805/3664/4253 3804/3665/4250
f 3806/3662/4254 3805/3664/4253 3795/3663/4252
f 3799/3661/4247 3798/3664/4246 3807/3662/4255
f 3799/3661/4247 3807/3662/4255 3813/3660/4256
f 3813/3660/4256 3807/3662/4255 3808/3384/4257
f 3809/3384/4258 3806/3662/4254 3810/3661/4259
f 3810/3661/4259 3806/3662/4254 3795/3663/4252
f 3811/3660/4260 3809/3384/4258 3810/3661/4259
f 3812/3383/4261 3809/3384/4258 3811/3660/4260
f 3813/3660/4256 3808/3384/4257 3812/3383/4261
f 3813/3660/4256 3812/3383/4261 3814/3382/4262
f 3814/3382/4262 3812/3383/4261 3811/3660/4260
f 3888/3644/4263 3887/3645/4264 3889/3646/4265
f 3887/3633/4264 3888/3631/4263 3894/3630/4266
f 3894/3630/4266 3888/3631/4263 3896/3632/4267
f 3888/3631/4263 3889/3639/4265 3896/3632/4267
f 3889/3639/4265 3890/3630/4268 3896/3632/4267
f 3889/3639/4265 3891/3631/4269 3890/3630/4268
f 3889/3646/4265 3900/3641/4270 3891/3640/4269
f 3889/3646/4265 3892/3642/4271 3900/3641/4270
f 3889/3646/4265 3901/3643/4272 3892/3642/4271
f 3889/3646/4265 3893/3647/4273 3901/3643/4272
f 3889/3646/4265 3887/3645/4264 3893/3647/4273
f 3893/3635/4273 3887/3633/4264 3895/3634/4274
f 3895/3634/4274 3887/3633/4264 3894/3630/4266
f 3894/3460/4266 3890/3455/4268 3895/3459/4274
f 3894/3460/4266 3896/3461/4267 3890/3455/4268
f 3895/3459/4274 3890/3455/4268 3902/3458/4275
f 3890/3455/4268 3897/3456/4276 3902/3458/4275
f 3890/3455/4268 3898/3457/4277 3897/3456/4276
f 3890/3455/4268 3899/3462/4278 3898/3457/4277
f 3891/3631/4269 3899/3634/4278 3890/3630/4268
f 3900/3633/4270 3899/3634/4278 3891/3631/4269
f 3898/3636/4277 3899/3634/4278 3900/3633/4270
f 3898/3636/4277 3900/3633/4270 3892/3635/4271
f 3897/3637/4276 3898/3636/4277 3892/3635/4271
f 3897/3637/4276 3892/3635/4271 3901/3638/4272
f 3901/3638/4272 3902/3636/4275 3897/3637/4276
f 3893/3635/4273 3902/3636/4275 3901/3638/4272
f 3893/3635/4273 3895/3634/4274 3902/3636/4275
f 3964/3686/4279 3959/3687/4280 3966/3688/4281
f 3960/3689/4282 3959/3687/4280 3964/3690/4279
f 3960/3689/4282 3961/3691/4283 3959/3687/4280
f 3960/3689/4282 3962/3692/4284 3961/3691/4283
f 3962/3692/4284 3960/3689/4282 3963/3693/4285
f 3963/3693/4285 3960/3689/4282 3449/3694/4286
f 3449/3694/4286 3960/3689/4282 3964/3690/4279
f 3964/3695/4279 3448/3162/4287 3449/3696/4286
f 3964/3695/4279 3965/3697/4288 3448/3162/4287
f 3966/3698/4281 3965/3697/4288 3964/3695/4279
f 3966/3698/4281 3967/3699/4289 3965/3697/4288
f 3966/3698/4281 3968/3700/4290 3967/3699/4289
f 3966/3688/4281 3969/3701/4291 3968/3702/4290
f 3966/3688/4281 3970/3703/4292 3969/3701/4291
f 3959/3687/4280 3970/3703/4292 3966/3688/4281
f 3970/3703/4292 3959/3687/4280 3971/3704/4293
f 3959/3687/4280 3961/3691/4283 3971/3704/4293
f 3961/3691/4283 3972/3705/4294 3971/3704/4293
f 3961/3691/4283 3962/3692/4284 3972/3705/4294
f 3962/3692/4284 3973/3706/4295 3972/3705/4294
f 3973/3706/4295 3962/3692/4284 3974/3707/4296
f 3962/3692/4284 3457/3708/4297 3974/3707/4296
f 3962/3692/4284 3963/3693/4285 3457/3708/4297
f 3963/3693/4285 3975/3709/4298 3457/3708/4297
f 3975/3709/4298 3963/3693/4285 3449/3694/4286
f 3973/3706/4295 3974/3707/4296 3976/3692/4299
f 3976/3692/4299 3974/3707/4296 3977/3710/4300
f 3976/3692/4299 3977/3710/4300 3978/3709/4301
f 3978/3709/4301 3979/3693/4302 3976/3692/4299
f 3978/3709/4301 3980/3694/4303 3979/3693/4302
f 3979/3693/4302 3980/3694/4303 3992/3689/4304
f 3980/3694/4303 3981/3690/4305 3992/3689/4304
f 3965/3697/4288 3981/3695/4305 3980/3696/4303
f 3965/3697/4288 3994/3698/4306 3981/3695/4305
f 3967/3699/4289 3994/3698/4306 3965/3697/4288
f 3982/3711/4307 3994/3698/4306 3967/3699/4289
f 3982/3711/4307 3995/3700/4308 3994/3698/4306
f 3982/3711/4307 3996/3712/4309 3995/3700/4308
f 3425/3713/4310 3996/3712/4309 3982/3711/4307
f 3426/3712/4311 3425/3713/4310 3982/3711/4307
f 3968/3700/4290 3426/3712/4311 3982/3711/4307
f 3968/3702/4290 3969/3701/4291 3426/3714/4311
f 3969/3701/4291 3983/3715/4312 3426/3714/4311
f 3969/3701/4291 3984/3716/4313 3983/3715/4312
f 3985/3717/4314 3984/3716/4313 3969/3701/4291
f 3985/3717/4314 3986/3701/4315 3984/3716/4313
f 3985/3717/4314 3987/3703/4316 3986/3701/4315
f 3985/3717/4314 3988/3718/4317 3987/3703/4316
f 3970/3703/4292 3988/3718/4317 3985/3717/4314
f 3970/3703/4292 3989/3719/4318 3988/3718/4317
f 3970/3703/4292 3971/3704/4293 3989/3719/4318
f 3971/3704/4293 3972/3705/4294 3989/3719/4318
f 3972/3705/4294 3990/3704/4319 3989/3719/4318
f 3972/3705/4294 3991/3720/4320 3990/3704/4319
f 3972/3705/4294 3976/3692/4299 3991/3691/4320
f 3973/3706/4295 3976/3692/4299 3972/3705/4294
f 3976/3692/4299 3979/3693/4302 3991/3691/4320
f 3991/3691/4320 3979/3693/4302 3992/3689/4304
f 3991/3720/4320 3992/3721/4304 3990/3704/4319
f 3992/3721/4304 3993/3687/4321 3990/3704/4319
f 3992/3689/4304 3981/3690/4305 3993/3687/4321
f 3981/3686/4305 3994/3688/4306 3993/3687/4321
f 3993/3687/4321 3994/3688/4306 3987/3703/4316
f 3994/3688/4306 3995/3702/4308 3987/3703/4316
f 3987/3703/4316 3995/3702/4308 3986/3701/4315
f 3995/3702/4308 3996/3714/4309 3986/3701/4315
f 3986/3701/4315 3996/3714/4309 3997/3715/4322
f 3984/3716/4313 3986/3701/4315 3997/3715/4322
f 3993/3687/4321 3987/3703/4316 3990/3704/4319
f 3989/3719/4318 3990/3704/4319 3987/3703/4316
f 3989/3719/4318 3987/3703/4316 3988/3718/4317
f 3970/3703/4292 3985/3717/4314 3969/3701/4291
f 3968/3700/4290 3982/3711/4307 3967/3699/4289
f 3965/3697/4288 3980/3696/4303 3998/3162/4323
f 3448/3722/4287 3965/3723/4288 3998/3724/4323
f 4009/3725/4324 4007/2795/4325 4008/2803/4326
f 4006/3617/4327 4007/2795/4325 4009/3725/4324
f 3275/2795/4328 4006/2801/4327 4009/3725/4324
f 3275/2795/4328 4009/3725/4324 3578/2803/4329
f 4009/3725/4324 4011/3726/4330 3578/2803/4329
f 4009/3725/4324 4012/3323/4331 4011/3726/4330
f 4008/2803/4326 4012/3323/4331 4009/3725/4324
f 4010/3324/4332 4012/3323/4331 4008/2803/4326
f 4011/3727/4330 4012/3728/4331 4010/3729/4332
f 4011/3727/4330 4010/3729/4332 4013/3730/4333
f 4016/2796/4334 4013/3731/4333 4010/3732/4332
f 4014/3733/4335 4013/3731/4333 4016/2796/4334
f 4014/3733/4335 3579/3732/4336 4013/3731/4333
f 4014/3733/4335 3276/2796/4337 3579/3732/4336
f 4014/3734/4335 4044/3735/4338 3276/3736/4337
f 4014/3734/4335 4015/3737/4339 4044/3735/4338
f 4014/3734/4335 4016/3736/4334 4015/3737/4339
f 4016/3736/4334 4046/3738/4340 4015/3737/4339
f 4016/3736/4334 4017/3739/4341 4046/3738/4340
f 4017/3739/4341 4016/3736/4334 4018/3740/4342
f 4019/3741/4343 4018/3740/4342 4016/3736/4334
f 4019/3741/4343 4020/3742/4344 4018/3740/4342
f 4019/3273/4343 4056/3272/4345 4020/3271/4344
f 4056/3276/4345 4019/3274/4343 4021/3275/4346
f 4021/3275/4346 4019/3274/4343 4022/3277/4347
f 4022/3743/4347 4019/3741/4343 3281/3744/4348
f 4016/2796/4334 4010/3324/4332 4008/2803/4326
f 4023/3745/4349 3281/3744/4348 3277/3741/4350
f 4022/3743/4347 3281/3744/4348 4023/3745/4349
f 4024/3746/4351 4022/3743/4347 4023/3745/4349
f 4064/3747/4352 4022/3743/4347 4024/3746/4351
f 4025/3278/4353 4022/3277/4347 4064/3279/4352
f 4021/3275/4346 4022/3277/4347 4025/3278/4353
f 4025/3748/4353 4026/3749/4354 4021/3750/4346
f 4027/3751/4355 4026/3749/4354 4025/3748/4353
f 4028/3752/4356 4026/3749/4354 4027/3751/4355
f 4028/3752/4356 3540/3753/4357 4026/3749/4354
f 3540/3753/4357 4029/3754/4358 4026/3749/4354
f 3540/3753/4357 4030/3755/4359 4029/3754/4358
f 4030/3755/4359 4031/3756/4360 4029/3754/4358
f 4030/3755/4359 4032/3757/4361 4031/3756/4360
f 4030/3755/4359 4033/3758/4362 4032/3757/4361
f 4034/3759/4363 4033/3758/4362 4030/3755/4359
f 4034/3759/4363 4035/3760/4364 4033/3758/4362
f 4034/3759/4363 4036/3761/4365 4035/3760/4364
f 4036/3761/4365 4037/3762/4366 4035/3760/4364
f 4035/3760/4364 4037/3762/4366 4038/3763/4367
f 4038/3763/4367 4037/3762/4366 3539/3742/4368
f 3539/3742/4368 4039/3740/4369 4038/3763/4367
f 3277/3741/4350 4039/3740/4369 3539/3742/4368
f 3277/3741/4350 3276/3736/4337 4039/3740/4369
f 4040/3739/4370 4039/3740/4369 3276/3736/4337
f 4039/3740/4369 4040/3739/4370 4041/3764/4371
f 4040/3739/4370 4042/3738/4372 4041/3764/4371
f 4040/3739/4370 4043/3737/4373 4042/3738/4372
f 3276/3736/4337 4043/3737/4373 4040/3739/4370
f 3276/3736/4337 4044/3735/4338 4043/3737/4373
f 4043/3765/4373 4044/3766/4338 4045/3767/4374
f 4044/3766/4338 4015/3765/4339 4045/3767/4374
f 4045/3767/4374 4015/3765/4339 4046/3768/4340
f 4045/3767/4374 4046/3768/4340 4047/3769/4375
f 4047/3769/4375 4046/3768/4340 4048/3770/4376
f 4048/3770/4376 4046/3738/4340 4049/3764/4377
f 4017/3739/4341 4049/3764/4377 4046/3738/4340
f 4050/3763/4378 4049/3764/4377 4017/3739/4341
f 4051/3760/4379 4049/3764/4377 4050/3763/4378
f 4051/3760/4379 4052/3771/4380 4049/3764/4377
f 4051/3760/4379 4053/3758/4381 4052/3771/4380
f 4057/3761/4382 4053/3758/4381 4051/3760/4379
f 4054/3759/4383 4053/3758/4381 4057/3761/4382
f 4054/3759/4383 4055/3757/4384 4053/3758/4381
f 4054/3759/4383 4056/3755/4345 4055/3757/4384
f 4056/3272/4345 4054/3269/4383 4020/3271/4344
f 4054/3269/4383 4058/3268/4385 4020/3271/4344
f 4054/3269/4383 4057/3270/4382 4058/3268/4385
f 4057/3761/4382 4050/3763/4378 4058/3762/4385
f 4057/3761/4382 4051/3760/4379 4050/3763/4378
f 4058/3762/4385 4050/3763/4378 4018/3740/4342
f 4018/3740/4342 4050/3763/4378 4017/3739/4341
f 4058/3762/4385 4018/3740/4342 4020/3742/4344
f 4056/3755/4345 4031/3756/4360 4055/3757/4384
f 4029/3754/4358 4031/3756/4360 4056/3755/4345
f 4021/3750/4346 4029/3754/4358 4056/3755/4345
f 4026/3749/4354 4029/3754/4358 4021/3750/4346
f 4031/3756/4360 4059/3772/4386 4055/3757/4384
f 4032/3757/4361 4059/3772/4386 4031/3756/4360
f 4032/3757/4361 4060/3773/4387 4059/3772/4386
f 4033/3758/4362 4060/3773/4387 4032/3757/4361
f 4033/3758/4362 4061/3771/4388 4060/3773/4387
f 4035/3760/4364 4061/3771/4388 4033/3758/4362
f 4035/3760/4364 4038/3763/4367 4061/3771/4388
f 4061/3771/4388 4038/3763/4367 4041/3764/4371
f 4039/3740/4369 4041/3764/4371 4038/3763/4367
f 4061/3771/4388 4041/3764/4371 4042/3738/4372
f 4061/3771/4388 4042/3738/4372 4062/3770/4389
f 4042/3768/4372 4047/3769/4375 4062/3770/4389
f 4042/3768/4372 4045/3767/4374 4047/3769/4375
f 4042/3768/4372 4043/3765/4373 4045/3767/4374
f 4062/3770/4389 4047/3769/4375 4060/3773/4387
f 4060/3773/4387 4047/3769/4375 4059/3772/4386
f 4047/3769/4375 4063/3773/4390 4059/3772/4386
f 4047/3769/4375 4048/3770/4376 4063/3773/4390
f 4052/3771/4380 4063/3773/4390 4048/3770/4376
f 4053/3758/4381 4063/3773/4390 4052/3771/4380
f 4053/3758/4381 4055/3757/4384 4063/3773/4390
f 4055/3757/4384 4059/3772/4386 4063/3773/4390
f 4052/3771/4380 4048/3770/4376 4049/3764/4377
f 4061/3771/4388 4062/3770/4389 4060/3773/4387
f 4028/3750/4356 4027/3774/4355 3541/3748/4391
f 3541/3748/4391 4027/3774/4355 4024/3751/4351
f 4027/3774/4355 4064/3752/4352 4024/3751/4351
f 4027/3774/4355 4025/3750/4353 4064/3752/4352
f 4024/3746/4351 4023/3745/4349 3541/3747/4391
f 3541/3747/4391 4023/3745/4349 4065/3743/4392
f 4023/3745/4349 3277/3741/4350 4065/3743/4392
f 4066/3622/4393 3282/3619/4394 4067/3321/4395
f 3282/3619/4394 4076/3618/4396 4067/3321/4395
f 4068/3620/4397 4076/3618/4396 3282/3619/4394
f 4068/3620/4397 4069/3627/4398 4076/3618/4396
f 4069/3627/4398 4075/3621/4399 4076/3618/4396
f 4075/3621/4399 4069/3627/4398 4070/3629/4400
f 4075/3621/4399 4070/3629/4400 4071/3628/4401
f 4070/3626/4400 3283/3624/4402 4071/3625/4401
f 3283/3624/4402 4072/3623/4403 4071/3625/4401
f 3280/3322/4404 4072/3623/4403 3283/3624/4402
f 4073/3320/4405 4072/3623/4403 3280/3322/4404
f 4074/3775/4406 4072/3776/4403 4073/3777/4405
f 4071/3778/4401 4072/3776/4403 4074/3775/4406
f 4075/3779/4399 4071/3778/4401 4074/3775/4406
f 4075/3779/4399 4074/3775/4406 4076/3780/4396
f 4076/3780/4396 4074/3775/4406 4067/3781/4395
f 4074/3775/4406 4073/3777/4405 4067/3781/4395
f 4067/3321/4395 4073/3320/4405 3280/3322/4404
f 4066/3622/4393 4067/3321/4395 3280/3322/4404
f 3579/3729/4336 4011/3727/4330 4013/3730/4333
f 4077/3728/4407 4011/3727/4330 3579/3729/4336
f 3578/2803/4329 4011/3726/4330 4077/3323/4407
s 0
f 4114/3782/4408 4115/3783/4408 4116/3784/4408
f 4114/3782/4409 4117/3785/4409 4115/3783/4409
f 4117/3785/4410 4118/3786/4410 4115/3783/4410
f 4124/3787/4411 4118/3786/4411 4117/3785/4411
f 4119/3788/4412 4118/3786/4412 4124/3787/4412
f 4120/3789/4413 4118/3786/4413 4119/3788/4413
f 4118/3786/4414 4120/3789/4414 4121/3790/4414
f 4120/3791/4415 4136/3792/4415 4121/3790/4415
f 4120/3791/4415 4122/3793/4415 4136/3792/4415
f 4120/3791/4416 4123/3794/4416 4122/3793/4416
f 4123/3795/4417 4120/3789/4417 4119/3788/4417
f 4119/3788/4418 4137/3796/4418 4123/3795/4418
f 4119/3797/4419 4125/3798/4419 4137/3799/4419
f 4119/3800/4420 4124/3801/4420 4125/3802/4420
f 4125/3802/4421 4124/3801/4421 4126/3803/4421
f 4124/3804/4422 4140/3805/4422 4126/3806/4422
f 4124/3804/4423 4127/3807/4423 4140/3805/4423
f 4124/3787/4424 4128/3808/4424 4127/3809/4424
f 4117/3785/4425 4128/3808/4425 4124/3787/4425
f 4117/3810/4426 4114/3811/4426 4128/3812/4426
f 4129/3813/4427 4128/3814/4427 4114/3815/4427
f 4128/3816/4428 4129/3817/4428 4127/3818/4428
f 4127/3818/4429 4129/3817/4429 4141/3819/4429
f 4141/3819/4430 4129/3817/4430 4130/3820/4430
f 4130/3820/4431 4129/3817/4431 4131/3821/4431
f 4129/3817/4432 4132/3822/4432 4131/3821/4432
f 4129/3817/4433 4133/3823/4433 4132/3822/4433
f 4129/3824/4434 4114/3825/4434 4133/3826/4434
f 4130/3820/4435 4131/3821/4435 4134/3827/4435
f 4135/3828/4436 4130/3820/4436 4134/3827/4436
f 4135/3828/4436 4118/3786/4436 4130/3820/4436
f 4118/3786/4437 4135/3828/4437 4115/3783/4437
f 4118/3786/4438 4121/3790/4438 4130/3820/4438
f 4121/3790/4439 4138/3829/4439 4130/3820/4439
f 4121/3790/4440 4136/3830/4440 4138/3829/4440
f 4122/3831/4441 4138/3829/4441 4136/3830/4441
f 4137/3832/4442 4138/3829/4442 4122/3831/4442
f 4138/3833/4443 4137/3834/4443 4125/3835/4443
f 4138/3836/4444 4125/3837/4444 4139/3838/4444
f 4138/3839/4445 4139/3840/4445 4141/3841/4445
f 4139/3840/4446 4140/3842/4446 4141/3841/4446
f 4141/3843/4447 4140/3805/4447 4127/3844/4447
f 4138/3829/4448 4141/3819/4448 4130/3820/4448
f 4123/3795/4449 4137/3796/4449 4122/3845/4449
f 4142/3846/4450 4149/3847/4450 4144/3848/4450
f 4142/3846/4450 4148/3849/4450 4149/3847/4450
f 4142/3846/4436 4143/3850/4436 4148/3849/4436
f 4143/3850/4451 4142/3846/4451 4145/3851/4451
f 4145/3851/4452 4142/3846/4452 4144/3852/4452
f 4143/3853/4453 4145/3854/4453 4146/3850/4453
f 4143/3853/4454 4146/3850/4454 4147/3855/4454
f 4147/3850/4455 4146/3851/4455 4148/3846/4455
f 4146/3851/4455 4149/3852/4455 4148/3846/4455
f 4143/3850/4436 4147/3855/4436 4148/3849/4436
f 4150/3856/4456 4151/3857/4456 4152/3858/4456
f 4151/3857/4457 4150/3856/4457 4153/3859/4457
f 4151/3857/4458 4153/3859/4458 4154/3860/4458
f 4153/3859/4459 4155/3856/4459 4154/3860/4459
f 4154/3860/4460 4155/3856/4460 4156/3857/4460
f 4157/3861/4461 4156/3857/4461 4155/3856/4461
f 4157/3861/4462 4155/3856/4462 4152/3858/4462
f 4151/3857/4463 4157/3861/4463 4152/3858/4463
f 4158/3862/4464 4161/3863/4464 4159/3864/4464
f 4161/3863/4465 4160/3865/4465 4159/3864/4465
f 4161/3866/4466 4162/3867/4466 4160/3868/4466
f 4162/3867/4467 4163/3869/4467 4160/3868/4467
f 4163/3870/4468 4162/3871/4468 4164/3872/4468
f 4165/3873/4469 4163/3870/4469 4164/3872/4469
f 4166/3874/4469 4163/3870/4469 4165/3873/4469
f 4166/3874/4470 4178/3875/4470 4163/3870/4470
f 4166/3874/4471 4167/3876/4471 4178/3875/4471
f 4166/3877/4472 4176/3878/4472 4167/3879/4472
f 4166/3877/4473 4168/3880/4473 4176/3878/4473
f 4168/3881/4474 4166/3882/4474 4169/3883/4474
f 4169/3883/4475 4166/3882/4475 4170/3884/4475
f 4171/3885/4476 4170/3886/4476 4166/3874/4476
f 4171/3885/4469 4166/3874/4469 4165/3873/4469
f 4172/3887/4436 4171/3885/4436 4165/3888/4436
f 4172/3887/4477 4173/3889/4477 4171/3885/4477
f 4174/3884/4478 4173/3889/4478 4172/3887/4478
f 4174/3884/4479 4172/3887/4479 4179/3882/4479
f 4179/3882/4480 4172/3887/4480 4159/3864/4480
f 4172/3887/4481 4158/3862/4481 4159/3864/4481
f 4158/3862/4478 4172/3887/4478 4175/3890/4478
f 4175/3890/4436 4172/3887/4436 4165/3888/4436
f 4175/3890/4477 4165/3888/4477 4164/3891/4477
f 4179/3882/4482 4159/3864/4482 4176/3892/4482
f 4176/3892/4483 4159/3864/4483 4177/3893/4483
f 4159/3864/4484 4178/3894/4484 4177/3893/4484
f 4159/3864/4485 4160/3895/4485 4178/3894/4485
f 4163/3896/4486 4178/3894/4486 4160/3895/4486
f 4179/3897/4487 4176/3878/4487 4168/3880/4487
f 4179/3882/4488 4168/3881/4488 4174/3884/4488
f 4174/3884/4489 4168/3881/4489 4169/3883/4489
f 4182/3898/4490 4180/3899/4490 4181/3900/4490
f 4182/3898/4491 4196/3901/4491 4180/3899/4491
f 4184/3902/4492 4196/3903/4492 4182/3904/4492
f 4182/3898/4493 4183/3905/4493 4184/3906/4493
f 4186/3907/4494 4184/3906/4494 4183/3905/4494
f 4184/3908/4495 4186/3909/4495 4185/3910/4495
f 4186/3909/4496 4187/3911/4496 4185/3910/4496
f 4186/3912/4497 4183/3913/4497 4187/3914/4497
f 4191/3915/4498 4187/3916/4498 4183/3905/4498
f 4188/3917/4499 4187/3916/4499 4191/3915/4499
f 4188/3917/4500 4223/3918/4500 4187/3916/4500
f 4223/3919/4501 4188/3920/4501 4189/3921/4501
f 4188/3920/4502 4190/3922/4502 4189/3921/4502
f 4188/3917/4503 4192/3923/4503 4190/3924/4503
f 4188/3917/4504 4191/3915/4504 4192/3923/4504
f 4191/3925/4505 4193/3926/4505 4192/3927/4505
f 4191/3915/4506 4183/3905/4506 4193/3928/4506
f 4193/3928/4507 4183/3905/4507 4194/3929/4507
f 4183/3905/4508 4182/3898/4508 4194/3929/4508
f 4194/3929/4509 4182/3898/4509 4195/3930/4509
f 4182/3904/4510 4203/3931/4510 4195/3932/4510
f 4182/3898/4511 4205/3933/4511 4203/3934/4511
f 4182/3898/4512 4181/3900/4512 4205/3933/4512
f 4180/3935/4513 4205/3936/4513 4181/3937/4513
f 4180/3935/4514 4197/3938/4514 4205/3936/4514
f 4180/3939/4515 4196/3940/4515 4197/3899/4515
f 4196/3940/4516 4198/3901/4516 4197/3899/4516
f 4198/3901/4517 4206/3900/4517 4197/3899/4517
f 4198/3901/4518 4207/3898/4518 4206/3900/4518
f 4198/3941/4519 4185/3942/4519 4207/3943/4519
f 4225/3905/4520 4207/3898/4520 4185/3906/4520
f 4199/3928/4521 4207/3898/4521 4225/3905/4521
f 4199/3928/4522 4200/3929/4522 4207/3898/4522
f 4201/3944/4523 4200/3929/4523 4199/3928/4523
f 4202/3945/4524 4200/3929/4524 4201/3944/4524
f 4194/3946/4525 4200/3947/4525 4202/3948/4525
f 4194/3949/4526 4203/3950/4526 4200/3951/4526
f 4195/3930/4527 4203/3934/4527 4194/3929/4527
f 4203/3952/4526 4208/3953/4526 4200/3954/4526
f 4203/3955/4528 4204/3933/4528 4208/3934/4528
f 4205/3956/4528 4204/3933/4528 4203/3955/4528
f 4206/3957/4513 4204/3958/4513 4205/3936/4513
f 4208/3934/4529 4204/3933/4529 4206/3900/4529
f 4208/3934/4530 4206/3900/4530 4207/3898/4530
f 4207/3959/4531 4209/3960/4531 4208/3961/4531
f 4200/3929/4532 4209/3930/4532 4207/3898/4532
f 4208/3934/4533 4209/3930/4533 4200/3929/4533
f 4197/3938/4513 4206/3957/4513 4205/3936/4513
f 4194/3946/4534 4202/3948/4534 4210/3962/4534
f 4210/3945/4535 4202/3963/4535 4211/3964/4535
f 4202/3945/4536 4212/3965/4536 4211/3966/4536
f 4202/3945/4537 4243/3967/4537 4212/3965/4537
f 4202/3945/4538 4244/3968/4538 4243/3967/4538
f 4213/3969/4539 4244/3968/4539 4202/3945/4539
f 4213/3969/4540 4214/3970/4540 4244/3968/4540
f 4215/3969/4541 4214/3971/4541 4213/3972/4541
f 4215/3969/4542 4216/3970/4542 4214/3971/4542
f 4215/3969/4543 4242/3968/4543 4216/3970/4543
f 4215/3969/4544 4210/3945/4544 4242/3968/4544
f 4217/3944/4545 4210/3945/4545 4215/3969/4545
f 4194/3929/4546 4210/3945/4546 4217/3944/4546
f 4193/3928/4547 4194/3929/4547 4217/3944/4547
f 4193/3926/4548 4217/3973/4548 4192/3927/4548
f 4192/3927/4549 4217/3973/4549 4219/3974/4549
f 4219/3974/4550 4217/3973/4550 4201/3975/4550
f 4217/3976/4551 4213/3977/4551 4201/3978/4551
f 4215/3979/4551 4213/3977/4551 4217/3976/4551
f 4201/3944/4552 4213/3969/4552 4202/3945/4552
f 4219/3974/4553 4201/3975/4553 4199/3980/4553
f 4218/3981/4554 4219/3974/4554 4199/3980/4554
f 4220/3924/4555 4219/3923/4555 4218/3915/4555
f 4190/3924/4556 4219/3982/4556 4220/3983/4556
f 4192/3923/4556 4219/3982/4556 4190/3924/4556
f 4189/3921/4557 4190/3922/4557 4220/3984/4557
f 4189/3921/4558 4220/3984/4558 4221/3985/4558
f 4220/3924/4559 4218/3915/4559 4221/3917/4559
f 4222/3918/4560 4221/3917/4560 4218/3915/4560
f 4222/3986/4561 4189/3921/4561 4221/3985/4561
f 4223/3919/4562 4189/3921/4562 4222/3986/4562
f 4223/3987/4563 4222/3918/4563 4224/3916/4563
f 4222/3918/4564 4218/3915/4564 4224/3916/4564
f 4218/3915/4565 4225/3905/4565 4224/3916/4565
f 4218/3915/4566 4199/3928/4566 4225/3905/4566
f 4224/3988/4567 4225/3989/4567 4226/3990/4567
f 4226/3907/4568 4225/3905/4568 4185/3906/4568
f 4224/3991/4569 4226/3992/4569 4185/3910/4569
f 4187/3911/4570 4224/3991/4570 4185/3910/4570
f 4187/3993/4563 4223/3987/4563 4224/3916/4563
f 4210/3945/4571 4227/3967/4571 4242/3968/4571
f 4210/3945/4572 4228/3965/4572 4227/3967/4572
f 4210/3945/4573 4229/3966/4573 4228/3965/4573
f 4229/3966/4574 4210/3945/4574 4211/3964/4574
f 4229/3966/4575 4211/3994/4575 4230/3995/4575
f 4212/3965/4576 4230/3996/4576 4211/3966/4576
f 4228/3997/4577 4230/3996/4577 4212/3965/4577
f 4231/3998/4577 4230/3996/4577 4228/3997/4577
f 4229/3966/4578 4230/3995/4578 4231/3996/4578
f 4228/3965/4579 4229/3966/4579 4231/3996/4579
f 4228/3999/4580 4212/4000/4580 4232/4001/4580
f 4243/3967/4581 4232/4001/4581 4212/3965/4581
f 4238/4002/4582 4232/4001/4582 4243/3967/4582
f 4233/4003/4583 4232/4001/4583 4238/4002/4583
f 4234/4004/4584 4232/4001/4584 4233/4003/4584
f 4235/4005/4584 4232/4001/4584 4234/4004/4584
f 4228/3999/4585 4232/4001/4585 4235/4006/4585
f 4236/4002/4586 4228/3965/4586 4235/4001/4586
f 4236/4002/4587 4227/3967/4587 4228/3965/4587
f 4227/4007/4588 4236/4008/4588 4238/4002/4588
f 4236/4002/4589 4237/4009/4589 4238/4008/4589
f 4237/4009/4590 4236/4002/4590 4235/4001/4590
f 4237/4009/4591 4235/4001/4591 4234/4003/4591
f 4239/4010/4592 4237/4009/4592 4234/4003/4592
f 4237/4011/4593 4239/4012/4593 4241/4013/4593
f 4239/4014/4594 4240/4015/4594 4241/4016/4594
f 4242/3968/4595 4240/4017/4595 4239/4010/4595
f 4242/3968/4595 4244/4018/4595 4240/4017/4595
f 4242/4019/4596 4243/4020/4596 4244/4021/4596
f 4227/4022/4597 4243/4020/4597 4242/4019/4597
f 4227/4007/4588 4238/4002/4588 4243/3967/4588
f 4214/3970/4598 4240/4010/4598 4244/3968/4598
f 4248/4023/4599 4240/4010/4599 4214/3970/4599
f 4248/4023/4600 4245/4024/4600 4240/4010/4600
f 4248/4023/4601 4246/4025/4601 4245/4024/4601
f 4247/4023/4602 4246/4026/4602 4248/4027/4602
f 4247/4023/4603 4249/4025/4603 4246/4026/4603
f 4247/4023/4604 4239/4010/4604 4249/4025/4604
f 4247/4023/4605 4242/3968/4605 4239/4010/4605
f 4247/4023/4606 4216/3970/4606 4242/3968/4606
f 4216/3970/4607 4247/4023/4607 4248/4027/4607
f 4216/3970/4607 4248/4027/4607 4214/3971/4607
f 4249/4025/4608 4239/4010/4608 4250/4024/4608
f 4250/4024/4609 4239/4010/4609 4234/4003/4609
f 4234/4028/4610 4233/4003/4610 4250/4029/4610
f 4250/4029/4611 4233/4003/4611 4245/4024/4611
f 4245/4024/4612 4233/4003/4612 4241/4009/4612
f 4241/4009/4613 4233/4003/4613 4238/4002/4613
f 4237/4009/4614 4241/4030/4614 4238/4008/4614
f 4245/4024/4615 4241/4009/4615 4240/4010/4615
f 4250/4029/4616 4245/4024/4616 4249/4031/4616
f 4249/4031/4616 4245/4024/4616 4246/4025/4616
f 4263/4032/4617 4273/4033/4617 4264/4034/4617
f 4263/4032/4618 4265/4035/4618 4273/4033/4618
f 4263/4032/4619 4266/4036/4619 4265/4035/4619
f 4265/4035/4620 4266/4036/4620 4277/4037/4620
f 4266/4036/4621 4267/4038/4621 4277/4037/4621
f 4267/4036/4622 4272/4033/4622 4277/4035/4622
f 4267/4036/4623 4268/4032/4623 4272/4033/4623
f 4271/4039/4624 4272/4033/4624 4268/4032/4624
f 4271/4039/4625 4269/4034/4625 4272/4033/4625
f 4270/4039/4626 4269/4040/4626 4271/4041/4626
f 4264/4034/4626 4269/4040/4626 4270/4039/4626
f 4272/4042/4627 4269/4043/4627 4264/4044/4627
f 4273/4045/4628 4272/4042/4628 4264/4044/4628
f 4274/4046/4629 4272/4042/4629 4273/4045/4629
f 4277/4035/4630 4272/4033/4630 4274/4047/4630
f 4275/4048/4631 4277/4035/4631 4274/4047/4631
f 4276/4049/4632 4277/4050/4632 4275/4051/4632
f 4276/4049/4633 4265/4046/4633 4277/4050/4633
f 4276/4048/4634 4278/4052/4634 4265/4035/4634
f 4265/4035/4635 4278/4052/4635 4279/4047/4635
f 4278/4051/4636 4284/4049/4636 4279/4050/4636
f 4280/4053/4637 4284/4049/4637 4278/4051/4637
f 4281/4054/4638 4280/4053/4638 4278/4051/4638
f 4281/4055/4436 4283/4056/4436 4280/4057/4436
f 4283/4056/4477 4282/4058/4477 4280/4057/4477
f 4283/4053/4639 4275/4051/4639 4282/4054/4639
f 4283/4053/4640 4276/4049/4640 4275/4051/4640
f 4284/4049/4641 4274/4046/4641 4279/4050/4641
f 4275/4048/4642 4274/4047/4642 4284/4052/4642
f 4279/4050/4643 4274/4046/4643 4273/4045/4643
f 4265/4035/4644 4279/4047/4644 4273/4033/4644
f 4263/4032/4645 4264/4034/4645 4270/4039/4645
f 4287/4059/4415 4288/4060/4415 4289/4061/4415
f 4288/4060/4646 4295/4062/4646 4289/4061/4646
f 4288/4060/4646 4290/4063/4646 4295/4062/4646
f 4286/4064/4647 4292/4065/4647 4291/4066/4647
f 4293/4067/4513 4292/4065/4513 4286/4064/4513
f 4287/4059/4415 4289/4061/4415 4294/4068/4415
f 4285/4069/4513 4293/4067/4513 4286/4064/4513
f 4295/4070/4648 4296/4071/4648 4299/4072/4648
f 4295/4070/4649 4297/4073/4649 4296/4071/4649
f 4290/4063/4650 4297/4074/4650 4295/4062/4650
f 4290/4063/4651 4298/4075/4651 4297/4074/4651
f 4290/4070/4652 4291/4072/4652 4298/4073/4652
f 4298/4073/4653 4291/4072/4653 4300/4071/4653
f 4291/4066/4654 4299/4076/4654 4300/4077/4654
f 4292/4065/4655 4299/4076/4655 4291/4066/4655
f 4299/4076/4654 4296/4078/4654 4300/4077/4654
f 4300/4079/4656 4296/4071/4656 4303/4080/4656
f 4303/4080/4657 4296/4071/4657 4301/4081/4657
f 4297/4073/4658 4301/4081/4658 4296/4071/4658
f 4302/4082/4659 4301/4081/4659 4297/4073/4659
f 4306/4083/4660 4301/4081/4660 4302/4084/4660
f 4303/4080/4661 4301/4081/4661 4306/4083/4661
f 4306/4082/4662 4298/4073/4662 4303/4081/4662
f 4304/4085/4663 4298/4073/4663 4306/4082/4663
f 4298/4073/4664 4304/4085/4664 4297/4086/4664
f 4304/4085/4665 4305/4087/4665 4297/4086/4665
f 4304/4088/4666 4302/4082/4666 4305/4085/4666
f 4304/4088/4666 4306/4089/4666 4302/4082/4666
f 4305/4085/4667 4302/4082/4667 4297/4073/4667
f 4298/4073/4668 4300/4071/4668 4303/4081/4668
f 4307/4090/4669 4308/4091/4669 4312/4092/4669
f 4307/4090/4670 4309/4093/4670 4308/4091/4670
f 4307/4090/4671 4310/4094/4671 4309/4093/4671
f 4310/4094/4672 4307/4090/4672 4311/4095/4672
f 4311/4095/4673 4307/4090/4673 4312/4096/4673
f 4312/4090/4674 4308/4093/4674 4311/4094/4674
f 4311/4094/4675 4308/4093/4675 4313/4097/4675
f 4310/4094/4676 4311/4098/4676 4313/4099/4676
f 4310/4094/4677 4313/4099/4677 4314/4097/4677
f 4310/4094/4678 4314/4097/4678 4309/4093/4678
s 1
f 4251/4100/4679 4262/4101/4680 4252/4102/4681
f 4251/4100/4679 4253/4103/4682 4262/4101/4680
f 4262/4101/4680 4253/4103/4682 4254/4104/4683
f 4253/4103/4682 4255/4105/4684 4254/4104/4683
f 4255/4103/4684 4259/4102/4685 4254/4101/4683
f 4255/4103/4684 4256/4100/4686 4259/4102/4685
f 4257/4106/4687 4259/4102/4685 4256/4100/4686
f 4257/4106/4687 4260/4107/4688 4259/4102/4685
f 4258/4108/4689 4260/4107/4688 4257/4106/4687
f 4261/4109/4690 4260/4107/4688 4258/4108/4689
f 4259/4110/4685 4260/4111/4688 4261/4112/4690
f 4252/4113/4681 4259/4110/4685 4261/4112/4690
f 4254/4114/4683 4259/4110/4685 4252/4113/4681
f 4262/4115/4680 4254/4114/4683 4252/4113/4681
f 4251/4100/4679 4252/4102/4681 4261/4107/4690
f 4251/4100/4679 4261/4107/4690 4258/4106/4689
f 4288/4116/4691 4285/4117/4692 4286/4118/4693
f 4288/4116/4691 4287/4119/4694 4285/4117/4692
f 4288/4116/4691 4286/4118/4693 4290/4070/4695
f 4290/4070/4695 4286/4118/4693 4291/4072/4696
f 4294/4119/4697 4292/4118/4698 4293/4117/4699
f 4294/4119/4697 4289/4116/4700 4292/4118/4698
f 4287/4119/4694 4294/4120/4697 4293/4121/4699
f 4285/4117/4692 4287/4119/4694 4293/4121/4699
f 4289/4116/4700 4299/4072/4701 4292/4118/4698
f 4295/4070/4702 4299/4072/4701 4289/4116/4700
s 0
f 4320/4122/4703 4324/4123/4703 4321/4124/4703
f 4322/4125/4704 4320/4122/4704 4321/4124/4704
f 4322/4126/4705 4323/4127/4705 4320/4128/4705
f 4323/4127/4706 4331/4129/4706 4320/4128/4706
f 4324/4123/4707 5052/4130/4707 4321/4124/4707
f 4324/4123/4708 4325/4131/4708 5052/4130/4708
f 4326/4123/4709 5052/4130/4709 4325/4131/4709
f 4326/4123/4710 5053/4124/4710 5052/4130/4710
f 4329/4122/4711 5053/4124/4711 4326/4123/4711
f 5054/4132/4712 5053/4124/4712 4329/4122/4712
f 4327/4133/4713 5065/4134/4713 4328/4135/4713
f 5062/4126/4714 4328/4129/4714 5065/4127/4714
f 5062/4126/4715 4329/4128/4715 4328/4129/4715
f 5062/4125/4716 5054/4132/4716 4329/4122/4716
f 4330/4136/4717 4327/4133/4717 4328/4135/4717
f 4323/4137/4718 4327/4133/4718 4330/4136/4718
f 4331/4138/4719 4323/4137/4719 4330/4136/4719
f 4331/4138/4720 4330/4136/4720 4317/4139/4720
f 4317/4139/4721 4330/4136/4721 4332/4140/4721
f 4330/4136/4722 4328/4135/4722 4332/4140/4722
f 4332/4140/4723 4328/4135/4723 5112/4139/4723
f 5112/4139/4724 4326/4123/4724 4332/4140/4724
f 4332/4140/4725 4326/4123/4725 4325/4131/4725
f 4324/4123/4726 4332/4140/4726 4325/4131/4726
f 4332/4140/4727 4324/4123/4727 4317/4139/4727
f 4349/4141/4728 4346/4142/4728 4347/4143/4728
f 4348/4144/4729 4346/4145/4729 4349/4146/4729
f 4346/4147/4730 4348/4148/4730 4347/4149/4730
f 4348/4148/4731 4350/4150/4731 4347/4149/4731
f 4351/4151/4732 4350/4152/4732 4348/4153/4732
f 4354/4154/4733 4350/4144/4733 4351/4155/4733
f 4354/4154/4734 4352/4146/4734 4350/4144/4734
f 4349/4141/4735 4352/4156/4735 4354/4157/4735
f 4349/4141/4736 4347/4143/4736 4352/4156/4736
f 4350/4144/4737 4352/4146/4737 4347/4145/4737
f 4349/4141/4738 4354/4157/4738 4353/4158/4738
f 4356/4159/4739 4353/4160/4739 4354/4161/4739
f 4356/4159/4740 4355/4162/4740 4353/4160/4740
f 4355/4163/4741 4356/4164/4741 4357/4165/4741
f 4357/4165/4742 4356/4164/4742 4351/4151/4742
f 4354/4154/4743 4351/4155/4743 4356/4166/4743
f 4351/4151/4744 4348/4153/4744 4357/4165/4744
f 4353/4154/4745 4357/4155/4745 4348/4144/4745
f 4353/4154/4746 4355/4166/4746 4357/4155/4746
f 4353/4154/4747 4348/4144/4747 4349/4146/4747
f 4358/4167/4748 4359/4168/4748 4363/4169/4748
f 4359/4168/4749 4360/4170/4749 4363/4169/4749
f 4360/4171/4750 4359/4172/4750 4362/4173/4750
f 4362/4173/4751 4359/4172/4751 4776/4174/4751
f 4776/4167/4752 4361/4170/4752 4362/4169/4752
f 4775/4168/4753 4361/4170/4753 4776/4167/4753
f 4361/4173/4754 4775/4174/4754 4358/4172/4754
f 4363/4171/4755 4361/4173/4755 4358/4172/4755
f 4364/4175/4756 4365/4176/4756 4366/4177/4756
f 4364/4175/4757 4367/4178/4757 4365/4176/4757
f 4365/4176/4758 4367/4179/4758 4368/4180/4758
f 4368/4180/4759 4367/4179/4759 4375/4181/4759
f 4369/4182/4760 4368/4180/4760 4375/4181/4760
f 4370/4183/4761 4368/4180/4761 4369/4182/4761
f 4370/4183/4762 4365/4176/4762 4368/4180/4762
f 4366/4177/4763 4365/4176/4763 4370/4184/4763
f 4366/4177/4764 4370/4184/4764 4371/4185/4764
f 4371/4183/4765 4372/4180/4765 4366/4176/4765
f 4371/4183/4766 4373/4182/4766 4372/4180/4766
f 4373/4182/4767 4374/4181/4767 4372/4180/4767
f 4374/4186/4768 4373/4187/4768 4369/4188/4768
f 4374/4186/4769 4369/4188/4769 4375/4189/4769
f 4372/4180/4770 4374/4181/4770 4364/4179/4770
f 4366/4176/4771 4372/4180/4771 4364/4179/4771
f 4808/4190/4772 4807/4191/4772 4376/4192/4772
f 4382/4193/4773 4376/4194/4773 4807/4195/4773
f 4377/4196/4774 4376/4197/4774 4382/4198/4774
f 4378/4199/4775 4376/4197/4775 4377/4196/4775
f 4378/4199/4776 4379/4200/4776 4376/4197/4776
f 4808/4190/4777 4376/4192/4777 4379/4201/4777
f 4805/4202/4778 4378/4199/4778 4377/4196/4778
f 4380/4203/4779 4378/4199/4779 4805/4202/4779
f 4377/4196/4780 4382/4198/4780 4381/4204/4780
f 4383/4192/4781 4381/4190/4781 4382/4191/4781
f 4806/4201/4782 4381/4190/4782 4383/4192/4782
f 4383/4205/4783 4382/4206/4783 4807/4207/4783
f 4795/4208/4784 4796/4209/4784 4384/4210/4784
f 4796/4209/4785 4395/4211/4785 4384/4210/4785
f 4796/4209/4786 4386/4212/4786 4395/4211/4786
f 4385/4213/4787 4386/4214/4787 4796/4215/4787
f 4385/4213/4788 4387/4216/4788 4386/4214/4788
f 4385/4217/4789 4396/4218/4789 4387/4219/4789
f 4385/4217/4790 4794/4220/4790 4396/4218/4790
f 4794/4220/4791 4793/4221/4791 4396/4218/4791
f 4793/4221/4792 4394/4222/4792 4396/4218/4792
f 4793/4221/4793 4388/4223/4793 4394/4222/4793
f 4388/4223/4794 4798/4224/4794 4394/4222/4794
f 4798/4224/4795 4389/4225/4795 4394/4222/4795
f 4798/4224/4796 4390/4226/4796 4389/4225/4796
f 4390/4226/4797 4801/4227/4797 4389/4225/4797
f 4389/4225/4798 4801/4227/4798 4391/4228/4798
f 4391/4229/4799 4393/4230/4799 4389/4231/4799
f 4391/4229/4800 4392/4232/4800 4393/4230/4800
f 4393/4233/4801 4392/4234/4801 4800/4235/4801
f 4799/4236/4802 4393/4233/4802 4800/4235/4802
f 4797/4237/4803 4393/4233/4803 4799/4236/4803
f 4395/4211/4804 4393/4233/4804 4797/4237/4804
f 4394/4238/4805 4393/4230/4805 4395/4239/4805
f 4389/4231/4806 4393/4230/4806 4394/4238/4806
f 4394/4238/4807 4395/4239/4807 4396/4240/4807
f 4396/4240/4808 4395/4239/4808 4387/4216/4808
f 4387/4216/4809 4395/4239/4809 4386/4214/4809
f 4384/4210/4810 4395/4211/4810 4797/4237/4810
f 4835/4241/4811 4397/4242/4811 4403/4243/4811
f 4400/4244/4812 4397/4245/4812 4835/4246/4812
f 4398/4247/4813 4397/4248/4813 4400/4249/4813
f 4403/4250/4814 4397/4251/4814 4398/4252/4814
f 4398/4244/4815 4401/4246/4815 4403/4245/4815
f 4399/4253/4816 4401/4246/4816 4398/4244/4816
f 4834/4241/4817 4399/4254/4817 4398/4243/4817
f 4834/4241/4818 4398/4243/4818 4400/4242/4818
f 4834/4253/4812 4400/4244/4812 4835/4246/4812
f 4835/4241/4819 4403/4243/4819 4401/4254/4819
f 4398/4255/4820 4402/4256/4820 4403/4257/4820
f 4398/4258/4821 4404/4259/4821 4402/4260/4821
f 4404/4261/4822 4398/4262/4822 4403/4263/4822
f 4411/4264/4823 4404/4261/4823 4403/4263/4823
f 4405/4265/4824 4404/4266/4824 4411/4267/4824
f 4405/4268/4825 4408/4269/4825 4404/4270/4825
f 4405/4271/4826 4409/4272/4826 4408/4273/4826
f 4409/4274/4827 4405/4265/4827 4411/4267/4827
f 4409/4268/4828 4411/4270/4828 4407/4275/4828
f 4410/4276/4829 4407/4277/4829 4411/4278/4829
f 4406/4274/4830 4407/4267/4830 4410/4266/4830
f 4409/4268/4831 4407/4275/4831 4406/4269/4831
f 4408/4279/4832 4409/4280/4832 4406/4281/4832
f 4406/4274/4830 4410/4266/4830 4408/4265/4830
f 4408/4269/4833 4410/4275/4833 4404/4270/4833
f 4404/4282/4834 4410/4283/4834 4411/4284/4834
f 4404/4285/4835 4411/4286/4835 4413/4287/4835
f 4411/4288/4836 4412/4260/4836 4413/4289/4836
f 4403/4290/4837 4412/4260/4837 4411/4291/4837
f 4402/4292/4838 4412/4293/4838 4403/4294/4838
f 4414/4295/4839 4412/4296/4839 4402/4297/4839
f 4413/4298/4840 4412/4296/4840 4414/4295/4840
f 4404/4285/4841 4413/4287/4841 4414/4299/4841
f 4404/4300/4842 4414/4289/4842 4402/4260/4842
f 4428/4295/4843 4415/4298/4843 4425/4297/4843
f 4415/4298/4844 4424/4296/4844 4425/4297/4844
f 4424/4301/4845 4415/4302/4845 4416/4289/4845
f 4424/4301/4846 4416/4289/4846 4418/4260/4846
f 4416/4298/4847 4417/4297/4847 4418/4296/4847
f 4419/4295/4848 4417/4297/4848 4416/4298/4848
f 4425/4301/4849 4417/4260/4849 4419/4289/4849
f 4418/4303/4850 4417/4304/4850 4425/4305/4850
f 4424/4306/4851 4418/4307/4851 4425/4305/4851
f 4424/4308/4852 4420/4253/4852 4425/4309/4852
f 4421/4246/4853 4420/4253/4853 4424/4308/4853
f 4420/4253/4854 4421/4246/4854 4422/4245/4854
f 4422/4241/4855 4421/4254/4855 4423/4242/4855
f 4421/4254/4856 4424/4310/4856 4423/4242/4856
f 4426/4311/4857 4423/4312/4857 4424/4313/4857
f 4423/4245/4858 4426/4244/4858 4427/4253/4858
f 4427/4241/4859 4426/4242/4859 4420/4254/4859
f 4420/4254/4860 4426/4242/4860 4425/4314/4860
f 4425/4315/4861 4426/4316/4861 4424/4317/4861
f 4420/4253/4862 4422/4245/4862 4427/4244/4862
f 4422/4246/4863 4423/4245/4863 4427/4253/4863
f 4425/4301/4864 4419/4289/4864 4428/4302/4864
f 4429/4318/4865 4919/4319/4865 4430/4320/4865
f 4429/4318/4866 4431/4321/4866 4919/4319/4866
f 4429/4318/4867 4932/4322/4867 4431/4321/4867
f 4432/4323/4868 4431/4321/4868 4932/4322/4868
f 4432/4323/4869 4929/4324/4869 4431/4321/4869
f 4929/4324/4870 4433/4325/4870 4431/4321/4870
f 4929/4324/4871 4931/4326/4871 4433/4325/4871
f 4931/4326/4872 4434/4327/4872 4433/4325/4872
f 4433/4325/4873 4434/4327/4873 4923/4328/4873
f 4433/4325/4874 4923/4328/4874 4435/4329/4874
f 4431/4321/4875 4433/4325/4875 4435/4329/4875
f 4431/4321/4876 4435/4329/4876 4919/4319/4876
f 4919/4319/4877 4435/4329/4877 4917/4330/4877
f 4917/4330/4878 4435/4329/4878 4920/4331/4878
f 4436/4332/4879 4963/4333/4879 4437/4334/4879
f 4436/4332/4880 4960/4335/4880 4963/4333/4880
f 4438/4336/4881 4439/4337/4881 4443/4338/4881
f 4440/4339/4882 4439/4340/4882 4438/4341/4882
f 4439/4337/4883 4441/4342/4883 4443/4338/4883
f 4442/4339/4884 4443/4341/4884 4441/4340/4884
f 4444/4343/4885 4451/4344/4885 4450/4345/4885
f 4451/4346/4886 4444/4347/4886 4446/4348/4886
f 4451/4346/4886 4446/4348/4886 4445/4349/4886
f 4446/4343/4887 4447/4345/4887 4445/4344/4887
f 4446/4343/4888 4448/4350/4888 4447/4345/4888
f 4447/4351/4889 4448/4352/4889 4449/4353/4889
f 4447/4351/4889 4449/4353/4889 4450/4354/4889
f 4444/4343/4890 4450/4345/4890 4449/4350/4890
f 4445/4355/4891 4447/4351/4891 4450/4354/4891
f 4445/4355/4891 4450/4354/4891 4451/4356/4891
f 4464/4357/4892 4466/4358/4892 4459/4359/4892
f 4464/4357/4893 4452/4360/4893 4466/4358/4893
f 4466/4361/4894 4452/4362/4894 4453/4363/4894
f 4453/4363/4894 4452/4362/4894 4454/4364/4894
f 4453/4363/4895 4454/4364/4895 4457/4365/4895
f 4457/4365/4895 4454/4364/4895 4977/4366/4895
f 4455/4367/4896 4457/4365/4896 4977/4366/4896
f 4455/4368/4897 4456/4369/4897 4457/4370/4897
f 4455/4368/4898 4458/4371/4898 4456/4369/4898
f 4461/4372/4899 4458/4373/4899 4455/4374/4899
f 4458/4373/4900 4461/4372/4900 4465/4375/4900
f 4465/4375/4901 4461/4372/4901 4459/4376/4901
f 4460/4377/4902 4459/4378/4902 4461/4379/4902
f 4460/4380/4903 4464/4381/4903 4459/4382/4903
f 4460/4380/4904 4463/4383/4904 4464/4381/4904
f 4460/4384/4905 4462/4385/4905 4463/4386/4905
f 4460/4384/4905 4455/4387/4905 4462/4385/4905
f 4455/4388/4906 4460/4377/4906 4461/4379/4906
f 4455/4367/4896 4977/4366/4896 4462/4389/4896
f 4462/4390/4907 4974/4391/4907 4463/4392/4907
f 4463/4392/4908 4974/4391/4908 4464/4393/4908
f 4459/4376/4909 4466/4394/4909 4465/4375/4909
f 4456/4369/4910 4465/4395/4910 4466/4396/4910
f 4458/4371/4911 4465/4395/4911 4456/4369/4911
f 4456/4369/4912 4466/4396/4912 4453/4397/4912
f 4457/4370/4913 4456/4369/4913 4453/4397/4913
f 4467/4398/4914 4468/4399/4914 4470/4400/4914
f 4469/4401/4915 4467/4402/4915 4470/4403/4915
f 5029/4404/4916 4471/4405/4916 4472/4406/4916
f 5029/4404/4917 5030/4407/4917 4471/4405/4917
f 5030/4407/4918 5043/4404/4918 4471/4405/4918
f 5043/4404/4919 5042/4406/4919 4471/4405/4919
f 4473/4408/4920 4486/4409/4920 4483/4410/4920
f 4473/4408/4921 4474/4411/4921 4486/4409/4921
f 4476/4412/4922 4486/4413/4922 4474/4414/4922
f 4476/4412/4923 4475/4415/4923 4486/4413/4923
f 4488/4416/4924 4475/4417/4924 4476/4418/4924
f 4488/4416/4925 4477/4419/4925 4475/4417/4925
f 4478/4420/4926 4475/4421/4926 4477/4422/4926
f 4478/4420/4927 4481/4423/4927 4475/4421/4927
f 4479/4418/4928 4481/4417/4928 4478/4424/4928
f 4479/4412/4929 4480/4414/4929 4481/4415/4929
f 4476/4421/4930 4480/4425/4930 4479/4423/4930
f 4476/4421/4931 4474/4426/4931 4480/4425/4931
f 4474/4426/4932 4484/4427/4932 4480/4425/4932
f 4474/4426/4933 4473/4428/4933 4484/4427/4933
f 4483/4429/4934 4484/4430/4934 4473/4431/4934
f 4483/4429/4935 4482/4432/4935 4484/4430/4935
f 4485/4425/4936 4482/4427/4936 4483/4433/4936
f 4484/4434/4937 4482/4410/4937 4485/4409/4937
f 4480/4411/4938 4484/4434/4938 4485/4409/4938
f 4481/4415/4939 4480/4414/4939 4485/4413/4939
f 4481/4423/4940 4485/4425/4940 4486/4426/4940
f 4486/4426/4941 4485/4425/4941 4483/4433/4941
f 4475/4421/4942 4481/4423/4942 4486/4426/4942
f 4487/4420/4943 4476/4421/4943 4479/4423/4943
f 4488/4435/4944 4476/4421/4944 4487/4420/4944
f 4487/4436/4945 4479/4418/4945 4478/4424/4945
f 4492/4437/4946 4489/4438/4946 4490/4439/4946
f 4491/4440/4947 4492/4441/4947 4490/4442/4947
f 4503/4443/4948 5021/4444/4948 4493/4445/4948
f 4493/4446/4949 5021/4447/4949 4495/4448/4949
f 4493/4446/4950 4495/4448/4950 4505/4449/4950
f 4494/4444/4951 4505/4446/4951 4495/4450/4951
f 4494/4444/4952 4496/4449/4952 4505/4446/4952
f 4494/4451/4953 4497/4452/4953 4496/4453/4953
f 5044/4454/4954 4497/4455/4954 4494/4456/4954
f 5044/4454/4955 4508/4457/4955 4497/4455/4955
f 5044/4458/4956 5026/4459/4956 4508/4460/4956
f 5026/4459/4957 4501/4446/4957 4508/4460/4957
f 5026/4459/4958 4498/4449/4958 4501/4446/4958
f 4499/4461/4959 4498/4449/4959 5026/4459/4959
f 4500/4462/4960 4498/4463/4960 4499/4464/4960
f 4501/4465/4961 4498/4463/4961 4500/4462/4961
f 4500/4446/4962 4502/4466/4962 4501/4449/4962
f 5023/4467/4963 4502/4468/4963 4500/4469/4963
f 5020/4470/4964 4502/4471/4964 5023/4472/4964
f 5020/4470/4965 4507/4473/4965 4502/4471/4965
f 5020/4470/4966 4503/4474/4966 4507/4473/4966
f 4503/4474/4967 4506/4475/4967 4507/4473/4967
f 4503/4476/4968 4504/4477/4968 4506/4478/4968
f 4503/4443/4969 4493/4445/4969 4504/4446/4969
f 4493/4479/4970 4496/4480/4970 4504/4481/4970
f 4493/4479/4971 4505/4482/4971 4496/4480/4971
f 4504/4446/4972 4496/4449/4972 4497/4483/4972
f 4504/4446/4973 4497/4483/4973 4506/4484/4973
f 4506/4485/4974 4497/4486/4974 4507/4487/4974
f 4497/4488/4975 4508/4489/4975 4507/4490/4975
f 4507/4487/4976 4508/4486/4976 4502/4491/4976
f 4502/4466/4977 4508/4492/4977 4501/4449/4977
f 5023/4443/4978 4500/4446/4978 4499/4445/4978
f 5023/4443/4979 4499/4445/4979 5024/4444/4979
f 4499/4461/4980 5026/4459/4980 5024/4493/4980
f 4511/4494/4981 4520/4495/4981 4509/4496/4981
f 4511/4494/4982 4510/4497/4982 4520/4495/4982
f 4510/4498/4983 4511/4499/4983 4512/4500/4983
f 4511/4501/4984 4509/4502/4984 4512/4503/4984
f 4512/4503/4984 4509/4502/4984 4513/4504/4984
f 4509/4502/4985 4517/4505/4985 4513/4504/4985
f 4524/4506/4986 4517/4505/4986 4509/4502/4986
f 4523/4507/4987 4517/4505/4987 4524/4506/4987
f 4523/4507/4987 4514/4508/4987 4517/4505/4987
f 4515/4509/4988 4514/4508/4988 4523/4507/4988
f 4516/4510/4988 4514/4508/4988 4515/4509/4988
f 4513/4496/4989 4514/4511/4989 4516/4512/4989
f 4513/4496/4990 4517/4513/4990 4514/4511/4990
f 4513/4496/4991 4516/4512/4991 4518/4514/4991
f 4518/4515/4992 4516/4510/4992 4515/4509/4992
f 4518/4515/4993 4515/4509/4993 4519/4516/4993
f 4520/4495/4994 4519/4514/4994 4515/4512/4994
f 4520/4517/4995 4518/4515/4995 4519/4516/4995
f 4520/4517/4996 4522/4518/4996 4518/4515/4996
f 4510/4498/4997 4522/4518/4997 4520/4517/4997
f 4510/4498/4998 4521/4519/4998 4522/4518/4998
f 4510/4498/4999 4512/4500/4999 4521/4519/4999
f 4512/4494/5000 4513/4496/5000 4521/4497/5000
f 4521/4497/5001 4513/4496/5001 4522/4495/5001
f 4513/4496/5002 4518/4514/5002 4522/4495/5002
f 4520/4495/5003 4515/4512/5003 4523/4511/5003
f 4520/4495/5004 4523/4511/5004 4524/4513/5004
f 4509/4496/5005 4520/4495/5005 4524/4513/5005
f 5045/4520/5006 4525/4521/5006 4526/4522/5006
f 4525/4521/5007 4527/4523/5007 4526/4522/5007
f 4528/4524/5008 4529/4525/5008 4530/4526/5008
f 4528/4524/5009 4536/4527/5009 4529/4525/5009
f 4531/4528/5010 4536/4529/5010 4528/4530/5010
f 4531/4531/5011 4537/4532/5011 4536/4533/5011
f 4531/4534/5012 4532/4535/5012 4537/4536/5012
f 4532/4537/5013 4531/4538/5013 4535/4539/5013
f 4531/4538/5014 4533/4540/5014 4535/4539/5014
f 4531/4538/5015 4528/4524/5015 4533/4540/5015
f 4528/4524/5016 4530/4526/5016 4533/4540/5016
f 4533/4540/5017 4530/4526/5017 4534/4541/5017
f 4533/4540/5018 4534/4541/5018 4536/4527/5018
f 4536/4527/5019 4534/4541/5019 4529/4525/5019
f 4535/4539/5020 4533/4540/5020 4536/4542/5020
f 4535/4543/5021 4536/4544/5021 4537/4545/5021
f 4535/4539/5022 4537/4546/5022 4532/4537/5022
f 4540/4547/5023 4538/4548/5023 4539/4549/5023
f 4538/4549/5024 4540/4550/5024 4543/4548/5024
f 4543/4548/5025 4540/4550/5025 4541/4547/5025
f 4541/4550/5026 4542/4548/5026 4543/4549/5026
f 4541/4550/5027 4544/4547/5027 4542/4548/5027
f 4542/4549/5028 4544/4550/5028 4539/4548/5028
f 4539/4548/5029 4544/4550/5029 4545/4547/5029
f 4540/4547/5030 4539/4549/5030 4545/4550/5030
f 4546/4524/5031 4547/4526/5031 4548/4540/5031
f 4546/4524/5032 4549/4527/5032 4547/4526/5032
f 4546/4524/5033 4550/4551/5033 4549/4527/5033
f 4550/4551/5034 4551/4552/5034 4549/4527/5034
f 4550/4551/5035 4552/4553/5035 4551/4552/5035
f 4552/4553/5036 4550/4551/5036 4553/4554/5036
f 4550/4551/5037 4548/4540/5037 4553/4554/5037
f 4550/4551/5038 4546/4524/5038 4548/4540/5038
f 4553/4554/5039 4548/4540/5039 4549/4527/5039
f 4548/4540/5040 4554/4541/5040 4549/4527/5040
f 4548/4540/5041 4547/4526/5041 4554/4541/5041
f 4549/4527/5042 4554/4541/5042 4555/4525/5042
f 4549/4527/5043 4555/4525/5043 4547/4526/5043
f 4553/4554/5044 4549/4527/5044 4551/4552/5044
f 4553/4554/5045 4551/4552/5045 4552/4553/5045
f 4556/4555/5046 4557/4556/5046 4558/4557/5046
f 4556/4555/5047 4559/4558/5047 4557/4556/5047
f 4557/4556/5048 4559/4558/5048 4560/4559/5048
f 4559/4558/5049 4561/4560/5049 4560/4559/5049
f 4561/4560/5050 4559/4558/5050 4562/4561/5050
f 4559/4558/5051 4556/4555/5051 4562/4561/5051
f 4561/4560/5052 4562/4561/5052 4563/4558/5052
f 4563/4558/5053 4562/4561/5053 4564/4555/5053
f 4564/4555/5054 4565/4557/5054 4563/4558/5054
f 4563/4558/5055 4565/4557/5055 4566/4556/5055
f 4561/4560/5056 4563/4558/5056 4566/4556/5056
f 4561/4560/5057 4566/4556/5057 4560/4559/5057
f 4567/4562/5058 4583/4563/5058 4572/4564/5058
f 4567/4562/5059 4570/4565/5059 4583/4563/5059
f 4583/4563/5060 4570/4565/5060 4568/4566/5060
f 4570/4565/5061 4569/4567/5061 4568/4566/5061
f 4569/4568/5062 4570/4569/5062 4582/4570/5062
f 4570/4569/5063 4567/4562/5063 4582/4570/5063
f 4582/4570/5064 4567/4562/5064 4577/4571/5064
f 4577/4572/5065 4567/4573/5065 4571/4574/5065
f 4567/4573/5066 4572/4575/5066 4571/4574/5066
f 4580/4576/5067 4571/4574/5067 4572/4575/5067
f 4580/4576/5068 4573/4572/5068 4571/4574/5068
f 4582/4577/5069 4573/4572/5069 4580/4576/5069
f 4574/4578/5070 4573/4572/5070 4582/4577/5070
f 4574/4579/5071 4576/4580/5071 4573/4581/5071
f 4574/4581/5072 4575/4582/5072 4576/4583/5072
f 4574/4581/5073 4577/4584/5073 4575/4582/5073
f 4582/4570/5074 4577/4571/5074 4574/4572/5074
f 4577/4584/5075 4578/4585/5075 4575/4582/5075
f 4571/4586/5076 4578/4585/5076 4577/4584/5076
f 4579/4587/5077 4578/4582/5077 4571/4588/5077
f 4573/4581/5078 4579/4587/5078 4571/4588/5078
f 4573/4581/5079 4576/4580/5079 4579/4587/5079
f 4580/4589/5080 4581/4590/5080 4582/4591/5080
f 4580/4589/5081 4584/4592/5081 4581/4590/5081
f 4583/4593/5082 4584/4594/5082 4580/4576/5082
f 4568/4595/5083 4584/4594/5083 4583/4593/5083
f 4583/4593/5084 4580/4576/5084 4572/4575/5084
f 4569/4568/5085 4582/4570/5085 4581/4596/5085
f 5082/4597/5086 4585/4598/5086 5083/4599/5086
f 5082/4597/5087 5080/4600/5087 4585/4598/5087
f 5080/4600/5088 4323/4601/5088 4585/4598/5088
f 5080/4600/5089 5076/4602/5089 4323/4601/5089
f 5076/4603/5090 5111/4604/5090 4323/4605/5090
f 5076/4603/5091 4586/4606/5091 5111/4604/5091
f 4586/4606/5092 4587/4607/5092 5111/4604/5092
f 4586/4606/5093 5074/4608/5093 4587/4607/5093
f 4589/4609/5094 4588/4610/5094 4593/4611/5094
f 4589/4609/5095 4599/4612/5095 4588/4610/5095
f 4589/4613/5096 4590/4614/5096 4599/4615/5096
f 4590/4614/5097 4591/4616/5097 4599/4615/5097
f 4590/4609/5098 4592/4611/5098 4591/4612/5098
f 4591/4612/5098 4592/4611/5098 4597/4610/5098
f 4593/4617/5099 4597/4618/5099 4592/4619/5099
f 4593/4620/5100 4588/4621/5100 4597/4622/5100
f 4597/4623/5101 4588/4624/5101 4594/4625/5101
f 4594/4626/5102 4588/4627/5102 4595/4628/5102
f 4596/4629/5103 4591/4630/5103 4597/4631/5103
f 4596/4632/5104 4597/4633/5104 4598/4634/5104
f 4591/4635/5105 4601/4636/5105 4599/4637/5105
f 4600/4638/5106 4601/4636/5106 4591/4639/5106
f 4599/4640/5107 4602/4641/5107 4588/4642/5107
f 4599/4640/5108 4603/4643/5108 4602/4641/5108
f 4315/4644/5109 4621/4645/5109 4622/4646/5109
f 4315/4644/5110 4620/4647/5110 4621/4645/5110
f 4621/4645/5111 4620/4647/5111 4623/4648/5111
f 4623/4649/5112 4620/4650/5112 4324/4651/5112
f 4322/4125/5113 4321/4124/5113 4624/4132/5113
f 4322/4125/5114 4624/4132/5114 5123/4652/5114
f 4322/4125/5115 5123/4652/5115 4625/4653/5115
f 4621/4645/5116 4626/4654/5116 4622/4646/5116
f 4626/4654/5117 4621/4645/5117 4627/4655/5117
f 4621/4645/5118 4623/4648/5118 4627/4655/5118
f 4628/4656/5119 4629/4657/5119 4630/4658/5119
f 4629/4657/5120 4631/4659/5120 4630/4658/5120
f 4632/4660/5121 4631/4659/5121 4629/4657/5121
f 4632/4660/5122 4633/4661/5122 4631/4659/5122
f 4634/4657/5123 4633/4661/5123 4632/4660/5123
f 4634/4657/5124 4635/4662/5124 4633/4661/5124
f 4634/4657/5125 4628/4656/5125 4635/4662/5125
f 4628/4656/5126 4630/4658/5126 4635/4662/5126
f 4636/4663/5127 4637/4664/5127 4659/4665/5127
f 4636/4666/5128 4638/4667/5128 4637/4668/5128
f 4639/4669/5129 4638/4670/5129 4636/4671/5129
f 4638/4663/5130 4639/4665/5130 4640/4664/5130
f 4640/4664/5131 4639/4665/5131 4706/4672/5131
f 4638/4667/5132 4640/4673/5132 4637/4668/5132
f 4637/4674/5133 4640/4675/5133 4641/4676/5133
f 4643/4674/5134 4642/4676/5134 4658/4675/5134
f 4643/4674/5135 4644/4677/5135 4642/4676/5135
f 4637/4674/5133 4641/4676/5133 4645/4677/5133
f 4645/4677/5136 4641/4676/5136 4648/4678/5136
f 4648/4678/5136 4641/4676/5136 4651/4679/5136
f 4641/4676/5137 4653/4680/5137 4651/4679/5137
f 4641/4676/5137 4646/4681/5137 4653/4680/5137
f 4642/4676/5138 4652/4680/5138 4647/4681/5138
f 4642/4676/5138 4649/4679/5138 4652/4680/5138
f 4650/4678/5139 4649/4679/5139 4642/4676/5139
f 4644/4677/5140 4650/4678/5140 4642/4676/5140
f 4654/4666/5141 4643/4668/5141 4658/4673/5141
f 4711/4682/5142 4643/4683/5142 4654/4684/5142
f 4655/4685/5143 4711/4682/5143 4654/4684/5143
f 4657/4686/5144 4655/4687/5144 4654/4688/5144
f 4657/4689/5145 4656/4690/5145 4655/4691/5145
f 4656/4685/5146 4657/4684/5146 4708/4682/5146
f 4708/4682/5147 4657/4684/5147 4658/4683/5147
f 4654/4666/5141 4658/4673/5141 4657/4667/5141
f 4639/4692/5148 4636/4693/5148 4659/4694/5148
f 4637/4664/5149 4710/4672/5149 4659/4665/5149
f 4662/4695/5150 4661/4696/5150 4660/4697/5150
f 4661/4698/5151 4662/4699/5151 4663/4700/5151
f 4663/4696/5152 4662/4695/5152 4664/4701/5152
f 4662/4695/5153 4660/4697/5153 4664/4701/5153
f 4663/4696/5154 4664/4701/5154 4665/4697/5154
f 4663/4696/5155 4665/4697/5155 4666/4702/5155
f 4665/4697/5156 4667/4703/5156 4666/4702/5156
f 4666/4702/5157 4667/4703/5157 4661/4696/5157
f 4661/4696/5158 4667/4703/5158 4660/4697/5158
f 4661/4704/5159 4663/4705/5159 4666/4706/5159
f 4668/4707/5160 4671/4708/5160 4669/4709/5160
f 4668/4707/5136 4670/4710/5136 4671/4708/5136
f 4673/4711/5161 4670/4712/5161 4668/4713/5161
f 4670/4712/5162 4673/4711/5162 4671/4713/5162
f 4675/4714/5163 4672/4715/5163 4673/4716/5163
f 4675/4714/5164 4678/4717/5164 4672/4715/5164
f 4675/4714/5165 4674/4718/5165 4678/4717/5165
f 4669/4709/5166 4676/4719/5166 4677/4720/5166
f 4669/4709/5167 4671/4708/5167 4676/4719/5167
f 4674/4718/5168 4679/4721/5168 4678/4717/5168
f 4674/4718/5169 4680/4722/5169 4679/4721/5169
f 4680/4722/5170 4681/4723/5170 4679/4721/5170
f 4680/4722/5171 4683/4724/5171 4681/4723/5171
f 4682/4725/5172 4684/4726/5172 4689/4727/5172
f 4682/4725/5173 4685/4728/5173 4684/4726/5173
f 4677/4720/5174 4685/4728/5174 4682/4725/5174
f 4677/4720/5166 4676/4719/5166 4685/4728/5166
f 4683/4729/5175 4687/4730/5175 4681/4731/5175
f 4683/4729/5176 4688/4732/5176 4687/4730/5176
f 4687/4733/5177 4688/4734/5177 4689/4735/5177
f 4687/4733/5178 4689/4735/5178 4686/4736/5178
f 4689/4727/5179 4684/4726/5179 4686/4737/5179
f 4695/4216/5180 4692/4214/5180 4690/4240/5180
f 4695/4216/5181 4691/4215/5181 4692/4214/5181
f 4692/4212/5182 4691/4209/5182 4697/4211/5182
f 4697/4211/5183 4691/4209/5183 4693/4208/5183
f 4693/4738/5184 4691/4739/5184 4694/4740/5184
f 4691/4215/5185 4695/4216/5185 4694/4213/5185
f 4695/4219/5186 4690/4218/5186 4694/4217/5186
f 4690/4218/5187 4700/4221/5187 4694/4217/5187
f 4690/4218/5188 4703/4223/5188 4700/4221/5188
f 4690/4218/5189 4696/4222/5189 4703/4223/5189
f 4690/4240/5190 4698/4230/5190 4696/4238/5190
f 4690/4240/5191 4697/4239/5191 4698/4230/5191
f 4690/4240/5192 4692/4214/5192 4697/4239/5192
f 4697/4211/5193 4699/4210/5193 4698/4233/5193
f 4697/4211/5194 4693/4208/5194 4699/4210/5194
f 4701/4741/5195 4699/4742/5195 4693/4743/5195
f 4701/4741/5196 4700/4744/5196 4699/4742/5196
f 4694/4217/5197 4700/4221/5197 4701/4220/5197
f 4693/4738/5184 4694/4740/5184 4701/4745/5184
f 4700/4744/5198 4702/4746/5198 4699/4742/5198
f 4700/4744/5199 4703/4747/5199 4702/4746/5199
f 4703/4747/5200 4707/4748/5200 4702/4746/5200
f 4703/4747/5201 4704/4749/5201 4707/4748/5201
f 4696/4222/5202 4704/4224/5202 4703/4223/5202
f 4696/4222/5203 4709/4226/5203 4704/4224/5203
f 4696/4222/5204 4705/4225/5204 4709/4226/5204
f 4696/4238/5205 4698/4230/5205 4705/4231/5205
f 4705/4231/5206 4698/4230/5206 4706/4232/5206
f 4698/4233/5207 4707/4236/5207 4706/4234/5207
f 4698/4233/5208 4702/4237/5208 4707/4236/5208
f 4698/4233/5209 4699/4210/5209 4702/4237/5209
f 4706/4234/5210 4707/4236/5210 4708/4235/5210
f 4707/4748/5211 4711/4750/5211 4708/4751/5211
f 4709/4752/5212 4711/4750/5212 4707/4748/5212
f 4710/4228/5213 4711/4227/5213 4709/4226/5213
f 4705/4225/5213 4710/4228/5213 4709/4226/5213
f 4705/4231/5214 4706/4232/5214 4710/4229/5214
f 4704/4749/5215 4709/4752/5215 4707/4748/5215
f 4712/4324/5216 4713/4325/5216 4714/4327/5216
f 4712/4324/5217 4715/4323/5217 4713/4325/5217
f 4715/4323/5218 4716/4321/5218 4713/4325/5218
f 4715/4323/5219 4717/4753/5219 4716/4321/5219
f 4715/4323/5220 4718/4322/5220 4717/4753/5220
f 4718/4322/5221 4715/4323/5221 4730/4754/5221
f 4715/4323/5222 4719/4755/5222 4730/4754/5222
f 4715/4323/5223 4712/4324/5223 4719/4755/5223
f 4712/4324/5224 4720/4756/5224 4719/4755/5224
f 4712/4324/5225 4721/4326/5225 4720/4756/5225
f 4712/4324/5226 4714/4327/5226 4721/4326/5226
f 4719/4757/5227 4720/4758/5227 4722/4759/5227
f 4722/4759/5228 4720/4758/5228 4723/4328/5228
f 4722/4759/5229 4723/4328/5229 4724/4329/5229
f 4724/4329/5230 4723/4328/5230 4714/4327/5230
f 4713/4325/5231 4724/4329/5231 4714/4327/5231
f 4725/4319/5232 4724/4329/5232 4713/4325/5232
f 4725/4319/5233 4726/4331/5233 4724/4329/5233
f 4725/4319/5234 4727/4330/5234 4726/4331/5234
f 4728/4760/5235 4727/4330/5235 4725/4319/5235
f 4728/4760/5236 4729/4761/5236 4727/4330/5236
f 4728/4760/5237 4722/4759/5237 4729/4761/5237
f 4728/4760/5238 4719/4757/5238 4722/4759/5238
f 4730/4762/5239 4719/4757/5239 4728/4760/5239
f 4730/4762/5240 4728/4760/5240 4731/4763/5240
f 4731/4763/5241 4728/4760/5241 4732/4764/5241
f 4732/4764/5242 4728/4760/5242 4725/4319/5242
f 4732/4764/5243 4725/4319/5243 4733/4765/5243
f 4733/4765/5244 4725/4319/5244 4716/4321/5244
f 4716/4321/5245 4725/4319/5245 4713/4325/5245
f 4717/4753/5246 4733/4765/5246 4716/4321/5246
f 4718/4322/5247 4730/4754/5247 4731/4766/5247
f 4729/4761/5248 4722/4759/5248 4734/4767/5248
f 4734/4767/5249 4722/4759/5249 4724/4329/5249
f 4734/4767/5250 4724/4329/5250 4726/4331/5250
f 4734/4767/5251 4726/4331/5251 4727/4330/5251
f 4729/4761/5252 4734/4767/5252 4727/4330/5252
f 4762/4186/5253 4753/4189/5253 4751/4187/5253
f 4753/4189/5254 4752/4188/5254 4751/4187/5254
f 4752/4182/5255 4753/4181/5255 4754/4180/5255
f 4754/4180/5256 4753/4181/5256 4755/4179/5256
f 4756/4176/5257 4754/4180/5257 4755/4179/5257
f 4758/4183/5258 4754/4180/5258 4756/4176/5258
f 4758/4183/5259 4752/4182/5259 4754/4180/5259
f 4756/4176/5260 4757/4185/5260 4758/4184/5260
f 4759/4177/5261 4757/4185/5261 4756/4176/5261
f 4757/4183/5262 4759/4176/5262 4760/4180/5262
f 4759/4176/5263 4761/4179/5263 4760/4180/5263
f 4761/4175/5264 4759/4177/5264 4755/4178/5264
f 4755/4178/5265 4759/4177/5265 4756/4176/5265
f 4760/4180/5266 4761/4179/5266 4762/4181/5266
f 4751/4182/5267 4760/4180/5267 4762/4181/5267
f 4757/4183/5268 4760/4180/5268 4751/4182/5268
f 4763/4156/5269 4764/4143/5269 4765/4142/5269
f 4766/4144/5270 4764/4145/5270 4763/4146/5270
f 4764/4149/5271 4766/4150/5271 4765/4147/5271
f 4766/4150/5272 4767/4148/5272 4765/4147/5272
f 4768/4165/5273 4767/4153/5273 4766/4152/5273
f 4770/4166/5274 4767/4144/5274 4768/4155/5274
f 4772/4154/5275 4767/4144/5275 4770/4166/5275
f 4772/4154/5276 4769/4146/5276 4767/4144/5276
f 4763/4156/5277 4769/4141/5277 4772/4158/5277
f 4763/4156/5278 4765/4142/5278 4769/4141/5278
f 4767/4144/5279 4769/4146/5279 4765/4145/5279
f 4763/4156/5280 4772/4158/5280 4771/4157/5280
f 4770/4162/5281 4771/4161/5281 4772/4160/5281
f 4773/4159/5282 4771/4161/5282 4770/4162/5282
f 4771/4154/5283 4773/4166/5283 4766/4144/5283
f 4773/4166/5284 4774/4155/5284 4766/4144/5284
f 4774/4151/5285 4773/4164/5285 4770/4163/5285
f 4774/4151/5286 4770/4163/5286 4768/4165/5286
f 4774/4151/5287 4768/4165/5287 4766/4152/5287
f 4771/4154/5288 4766/4144/5288 4763/4146/5288
f 4775/4768/5289 4776/4769/5289 4358/4770/5289
f 4776/4771/5290 4359/4772/5290 4358/4773/5290
f 4777/4659/5291 4778/4660/5291 4779/4658/5291
f 4777/4659/5292 4780/4657/5292 4778/4660/5292
f 4777/4659/5293 4781/4661/5293 4780/4657/5293
f 4781/4661/5294 4782/4656/5294 4780/4657/5294
f 4781/4661/5295 4783/4662/5295 4782/4656/5295
f 4783/4662/5296 4784/4657/5296 4782/4656/5296
f 4783/4662/5297 4779/4658/5297 4784/4657/5297
f 4779/4658/5298 4778/4660/5298 4784/4657/5298
f 4785/4703/5299 4792/4702/5299 4786/4697/5299
f 4785/4703/5300 4787/4696/5300 4792/4702/5300
f 4787/4696/5301 4785/4703/5301 4788/4697/5301
f 4788/4697/5302 4789/4695/5302 4787/4696/5302
f 4788/4697/5303 4790/4701/5303 4789/4695/5303
f 4790/4701/5304 4791/4696/5304 4789/4695/5304
f 4790/4701/5305 4786/4697/5305 4791/4696/5305
f 4786/4697/5306 4792/4702/5306 4791/4696/5306
f 4792/4774/5307 4789/4775/5307 4791/4776/5307
f 4792/4777/5308 4787/4778/5308 4789/4779/5308
f 4793/4744/5309 4794/4741/5309 4795/4743/5309
f 4794/4745/5310 4796/4739/5310 4795/4738/5310
f 4794/4745/5311 4385/4740/5311 4796/4739/5311
f 4793/4744/5312 4795/4743/5312 4384/4742/5312
f 4388/4747/5313 4793/4744/5313 4384/4742/5313
f 4388/4747/5314 4384/4742/5314 4797/4746/5314
f 4798/4749/5315 4388/4747/5315 4797/4746/5315
f 4798/4749/5316 4797/4746/5316 4799/4748/5316
f 4390/4752/5317 4798/4749/5317 4799/4748/5317
f 4390/4752/5318 4799/4748/5318 4800/4751/5318
f 4801/4750/5319 4390/4752/5319 4800/4751/5319
f 4805/4335/5320 4803/4334/5320 4380/4780/5320
f 4805/4335/5321 4802/4332/5321 4803/4334/5321
f 4803/4203/5322 4802/4202/5322 4809/4199/5322
f 4802/4202/5323 4804/4196/5323 4809/4199/5323
f 4802/4781/5324 4377/4782/5324 4804/4783/5324
f 4802/4781/5325 4805/4333/5325 4377/4782/5325
f 4806/4334/5326 4804/4780/5326 4377/4335/5326
f 4804/4196/5327 4806/4204/5327 4383/4198/5327
f 4809/4199/5328 4804/4196/5328 4383/4198/5328
f 4809/4199/5329 4383/4198/5329 4807/4197/5329
f 4809/4199/5330 4807/4197/5330 4808/4200/5330
f 4809/4335/5331 4808/4780/5331 4379/4334/5331
f 4809/4335/5332 4379/4334/5332 4378/4332/5332
f 4803/4781/5333 4809/4783/5333 4378/4782/5333
f 4803/4781/5334 4378/4782/5334 4380/4780/5334
f 4806/4334/5335 4377/4335/5335 4381/4332/5335
f 4401/4246/5336 4834/4244/5336 4835/4245/5336
f 4401/4246/5336 4399/4253/5336 4834/4244/5336
f 4836/4784/5337 4837/4785/5337 4343/4786/5337
f 4836/4784/5337 4338/4787/5337 4837/4785/5337
f 4836/4784/5338 4838/4788/5338 4338/4787/5338
f 4836/4784/5337 4336/4789/5337 4838/4788/5337
f 4336/4789/5337 4836/4784/5337 4345/4790/5337
f 4836/4784/5337 4343/4786/5337 4342/4791/5337
f 4847/4732/5339 4839/4729/5339 4842/4731/5339
f 4839/4724/5340 4841/4721/5340 4842/4723/5340
f 4843/4722/5341 4841/4721/5341 4839/4724/5341
f 4843/4722/5342 4856/4717/5342 4841/4721/5342
f 4843/4722/5343 4845/4718/5343 4856/4717/5343
f 4840/4727/5344 4849/4792/5344 4846/4725/5344
f 4847/4793/5345 4849/4794/5345 4840/4795/5345
f 4847/4793/5346 4848/4796/5346 4849/4794/5346
f 4847/4732/5347 4842/4731/5347 4848/4730/5347
f 4842/4797/5348 4849/4798/5348 4848/4799/5348
f 4853/4709/5349 4851/4728/5349 4852/4719/5349
f 4844/4720/5349 4851/4728/5349 4853/4709/5349
f 4844/4720/5350 4850/4726/5350 4851/4728/5350
f 4846/4725/5351 4850/4726/5351 4844/4720/5351
f 4846/4725/5352 4849/4792/5352 4850/4726/5352
f 4853/4709/5353 4852/4719/5353 4854/4707/5353
f 4854/4707/5354 4852/4719/5354 4855/4708/5354
f 4854/4707/5353 4855/4708/5353 4858/4710/5353
f 4859/4714/5355 4860/4716/5355 4857/4715/5355
f 4845/4718/5356 4859/4714/5356 4857/4715/5356
f 4845/4718/5357 4857/4715/5357 4856/4717/5357
f 4875/4800/5358 4861/4801/5358 4876/4802/5358
f 4862/4803/5359 4861/4804/5359 4875/4805/5359
f 4861/4806/5360 4862/4807/5360 4863/4808/5360
f 4862/4809/5361 4864/4810/5361 4863/4811/5361
f 4867/4812/5362 4864/4810/5362 4862/4809/5362
f 4867/4812/5363 4865/4813/5363 4864/4810/5363
f 4866/4814/5364 4865/4815/5364 4867/4816/5364
f 4866/4814/5365 4868/4817/5365 4865/4815/5365
f 4866/4814/5366 4894/4818/5366 4868/4817/5366
f 4866/4814/5367 4869/4819/5367 4894/4818/5367
f 4869/4820/5368 4866/4821/5368 4867/4822/5368
f 4862/4807/5369 4869/4820/5369 4867/4822/5369
f 4862/4807/5370 4871/4823/5370 4869/4820/5370
f 4870/4824/5371 4871/4823/5371 4862/4807/5371
f 4871/4825/5372 4870/4826/5372 4872/4827/5372
f 4870/4828/5373 4873/4829/5373 4872/4830/5373
f 4870/4831/5374 4897/4832/5374 4873/4833/5374
f 4897/4834/5375 4870/4824/5375 4862/4807/5375
f 4874/4835/5376 4897/4834/5376 4862/4807/5376
f 4897/4836/5377 4874/4837/5377 4900/4838/5377
f 4900/4839/5378 4874/4835/5378 4875/4840/5378
f 4875/4840/5379 4874/4835/5379 4862/4807/5379
f 4900/4839/5380 4875/4840/5380 4876/4841/5380
f 4876/4841/5381 4886/4842/5381 4900/4839/5381
f 4876/4841/5382 4861/4806/5382 4886/4842/5382
f 4877/4843/5383 4886/4842/5383 4861/4806/5383
f 4886/4844/5384 4877/4845/5384 4885/4846/5384
f 4877/4827/5385 4883/4825/5385 4885/4826/5385
f 4881/4847/5385 4883/4825/5385 4877/4827/5385
f 4881/4847/5386 4884/4848/5386 4883/4825/5386
f 4880/4849/5387 4884/4848/5387 4881/4847/5387
f 4879/4850/5388 4884/4848/5388 4880/4849/5388
f 4879/4850/5389 4878/4851/5389 4884/4848/5389
f 4879/4812/5390 4882/4852/5390 4878/4813/5390
f 4879/4812/5391 4863/4811/5391 4882/4852/5391
f 4863/4808/5392 4879/4853/5392 4880/4854/5392
f 4881/4855/5393 4863/4808/5393 4880/4854/5393
f 4881/4855/5394 4861/4806/5394 4863/4808/5394
f 4877/4843/5395 4861/4806/5395 4881/4855/5395
f 4864/4810/5361 4882/4852/5361 4863/4811/5361
f 4891/4806/5396 4882/4808/5396 4864/4807/5396
f 4883/4855/5397 4882/4808/5397 4891/4806/5397
f 4883/4855/5398 4878/4853/5398 4882/4808/5398
f 4883/4855/5399 4884/4854/5399 4878/4853/5399
f 4887/4842/5400 4883/4855/5400 4891/4806/5400
f 4885/4843/5401 4883/4855/5401 4887/4842/5401
f 4886/4856/5402 4885/4857/5402 4887/4858/5402
f 4886/4859/5403 4887/4860/5403 4888/4861/5403
f 4888/4862/5404 4887/4863/5404 4889/4864/5404
f 4889/4611/5405 4887/4610/5405 4873/4612/5405
f 4873/4865/5406 4887/4866/5406 4896/4867/5406
f 4896/4868/5407 4887/4869/5407 4890/4870/5407
f 4891/4806/5408 4890/4839/5408 4887/4842/5408
f 4891/4806/5409 4893/4841/5409 4890/4839/5409
f 4864/4871/5410 4893/4872/5410 4891/4873/5410
f 4864/4874/5411 4892/4875/5411 4893/4876/5411
f 4864/4807/5412 4873/4834/5412 4892/4840/5412
f 4873/4834/5413 4864/4807/5413 4895/4823/5413
f 4864/4807/5414 4894/4820/5414 4895/4823/5414
f 4864/4807/5415 4868/4821/5415 4894/4820/5415
f 4864/4807/5416 4865/4822/5416 4868/4821/5416
f 4869/4819/5417 4895/4847/5417 4894/4818/5417
f 4869/4819/5418 4871/4825/5418 4895/4847/5418
f 4871/4825/5372 4872/4827/5372 4895/4847/5372
f 4873/4834/5419 4895/4823/5419 4872/4824/5419
f 4873/4834/5420 4896/4835/5420 4892/4840/5420
f 4896/4835/5421 4893/4841/5421 4892/4840/5421
f 4890/4839/5422 4893/4841/5422 4896/4835/5422
f 4889/4611/5423 4873/4612/5423 4898/4609/5423
f 4897/4877/5424 4898/4878/5424 4873/4879/5424
f 4897/4880/5425 4899/4881/5425 4898/4882/5425
f 4899/4609/5426 4897/4612/5426 4886/4610/5426
f 4897/4883/5427 4900/4884/5427 4886/4885/5427
f 4888/4611/5428 4899/4609/5428 4886/4610/5428
f 4901/4173/5429 4904/4171/5429 4902/4174/5429
f 4904/4171/5430 4903/4172/5430 4902/4174/5430
f 4903/4167/5431 4904/4169/5431 4906/4170/5431
f 4903/4167/5432 4906/4170/5432 4905/4168/5432
f 4906/4171/5433 4907/4174/5433 4905/4172/5433
f 4906/4171/5434 4908/4173/5434 4907/4174/5434
f 4902/4168/5435 4907/4167/5435 4908/4169/5435
f 4902/4886/5436 4905/4887/5436 4907/4888/5436
f 4902/4889/5437 4903/4890/5437 4905/4891/5437
f 4902/4168/5438 4908/4169/5438 4901/4170/5438
f 4910/4265/5439 4909/4266/5439 4915/4267/5439
f 4911/4268/5440 4909/4275/5440 4910/4269/5440
f 4911/4268/5441 4914/4270/5441 4909/4275/5441
f 4911/4265/5442 4912/4274/5442 4914/4266/5442
f 4912/4892/5443 4911/4893/5443 4913/4894/5443
f 4913/4895/5444 4911/4896/5444 4910/4897/5444
f 4910/4265/5445 4915/4267/5445 4913/4274/5445
f 4913/4269/5446 4915/4275/5446 4916/4270/5446
f 4916/4898/5447 4915/4899/5447 4914/4900/5447
f 4915/4901/5448 4909/4902/5448 4914/4903/5448
f 4912/4274/5449 4916/4267/5449 4914/4266/5449
f 4912/4268/5450 4913/4269/5450 4916/4270/5450
f 4916/4904/5451 4914/4905/5451 4419/4906/5451
f 4916/4907/5452 4419/4908/5452 4416/4909/5452
f 4917/4330/5453 4918/4761/5453 4919/4319/5453
f 4918/4761/5454 4917/4330/5454 4920/4331/5454
f 4918/4761/5455 4920/4331/5455 4921/4767/5455
f 4921/4767/5456 4920/4331/5456 4922/4759/5456
f 4922/4759/5457 4920/4331/5457 4435/4329/5457
f 4922/4759/5458 4435/4329/5458 4923/4328/5458
f 4922/4759/5459 4923/4328/5459 4924/4758/5459
f 4930/4757/5460 4922/4759/5460 4924/4758/5460
f 4928/4762/5461 4922/4759/5461 4930/4757/5461
f 4928/4762/5462 4925/4760/5462 4922/4759/5462
f 4928/4762/5463 4926/4764/5463 4925/4760/5463
f 4928/4762/5464 4927/4763/5464 4926/4764/5464
f 4927/4910/5465 4928/4911/5465 4432/4912/5465
f 4432/4912/5466 4928/4911/5466 4929/4913/5466
f 4928/4911/5467 4930/4914/5467 4929/4913/5467
f 4929/4913/5468 4930/4914/5468 4931/4915/5468
f 4930/4914/5469 4924/4916/5469 4931/4915/5469
f 4932/4917/5470 4927/4910/5470 4432/4912/5470
f 4926/4764/5471 4430/4320/5471 4925/4760/5471
f 4925/4760/5472 4430/4320/5472 4919/4319/5472
f 4918/4761/5473 4925/4760/5473 4919/4319/5473
f 4925/4760/5474 4918/4761/5474 4921/4767/5474
f 4925/4760/5475 4921/4767/5475 4922/4759/5475
f 4949/4555/5476 4950/4556/5476 4951/4557/5476
f 4949/4555/5477 4952/4558/5477 4950/4556/5477
f 4949/4555/5478 4953/4561/5478 4952/4558/5478
f 4953/4561/5479 4954/4560/5479 4952/4558/5479
f 4953/4561/5480 4955/4558/5480 4954/4560/5480
f 4956/4555/5481 4955/4558/5481 4953/4561/5481
f 4955/4558/5482 4956/4555/5482 4957/4557/5482
f 4955/4558/5483 4957/4557/5483 4958/4556/5483
f 4958/4556/5484 4954/4560/5484 4955/4558/5484
f 4958/4556/5485 4959/4559/5485 4954/4560/5485
f 4954/4560/5486 4959/4559/5486 4952/4558/5486
f 4959/4559/5487 4950/4556/5487 4952/4558/5487
f 4963/4203/5488 4961/4196/5488 4964/4199/5488
f 4963/4203/5489 4960/4202/5489 4961/4196/5489
f 4960/4333/5490 4969/4783/5490 4961/4782/5490
f 4960/4333/5491 4436/4781/5491 4969/4783/5491
f 4436/4202/5492 4437/4203/5492 4969/4196/5492
f 4437/4203/5493 4962/4199/5493 4969/4196/5493
f 4963/4333/5494 4962/4783/5494 4437/4781/5494
f 4962/4783/5495 4963/4333/5495 4964/4782/5495
f 4965/4780/5496 4962/4335/5496 4964/4332/5496
f 4962/4199/5497 4965/4200/5497 4971/4197/5497
f 4965/4190/5498 4967/4201/5498 4971/4191/5498
f 4965/4780/5499 4964/4332/5499 4967/4334/5499
f 4964/4199/5500 4966/4197/5500 4967/4200/5500
f 4964/4199/5501 4968/4198/5501 4966/4197/5501
f 4961/4196/5502 4968/4198/5502 4964/4199/5502
f 4961/4196/5503 4970/4204/5503 4968/4198/5503
f 4969/4780/5504 4970/4332/5504 4961/4335/5504
f 4969/4780/5505 4973/4334/5505 4970/4332/5505
f 4969/4196/5506 4972/4198/5506 4973/4204/5506
f 4969/4196/5507 4971/4197/5507 4972/4198/5507
f 4969/4196/5508 4962/4199/5508 4971/4197/5508
f 4971/4918/5509 4966/4919/5509 4972/4920/5509
f 4971/4191/5498 4967/4201/5498 4966/4192/5498
f 4966/4921/5509 4968/4922/5509 4972/4923/5509
f 4973/4201/5510 4972/4192/5510 4968/4191/5510
f 4973/4201/5511 4968/4191/5511 4970/4190/5511
f 4974/4924/5512 4462/4925/5512 4975/4926/5512
f 4462/4927/5513 4976/4928/5513 4975/4929/5513
f 4462/4927/5514 4977/4930/5514 4976/4928/5514
f 4977/4930/5515 4454/4931/5515 4976/4928/5515
f 4976/4928/5516 4454/4931/5516 4452/4932/5516
f 4976/4928/5517 4452/4932/5517 4978/4933/5517
f 4464/4934/5518 4978/4935/5518 4452/4936/5518
f 4464/4934/5519 4974/4924/5519 4978/4935/5519
f 4974/4924/5520 4975/4926/5520 4978/4935/5520
f 4975/4929/5521 4976/4928/5521 4978/4933/5521
f 4979/4547/5522 4980/4550/5522 4986/4548/5522
f 4986/4548/5523 4980/4550/5523 4981/4549/5523
f 4980/4547/5524 4982/4549/5524 4981/4548/5524
f 4983/4550/5525 4982/4549/5525 4980/4547/5525
f 4984/4550/5526 4982/4548/5526 4983/4547/5526
f 4984/4550/5527 4985/4549/5527 4982/4548/5527
f 4984/4547/5528 4986/4549/5528 4985/4548/5528
f 4979/4550/5529 4986/4549/5529 4984/4547/5529
f 4987/4580/5530 4999/4579/5530 4988/4587/5530
f 4999/4581/5531 4987/4583/5531 5000/4579/5531
f 4987/4583/5532 4989/4937/5532 5000/4579/5532
f 4989/4937/5533 4991/4586/5533 5000/4579/5533
f 4990/4585/5534 4991/4586/5534 4989/4937/5534
f 4992/4581/5535 4991/4588/5535 4990/4582/5535
f 4994/4938/5536 4991/4939/5536 4992/4572/5536
f 5000/4572/5537 4991/4939/5537 4994/4938/5537
f 5000/4572/5538 4994/4938/5538 4993/4573/5538
f 4995/4565/5539 4993/4940/5539 4994/4564/5539
f 4995/4569/5540 5003/4570/5540 4993/4940/5540
f 4995/4569/5541 4996/4596/5541 5003/4570/5541
f 4997/4568/5542 4996/4596/5542 4995/4569/5542
f 4997/4567/5543 4995/4565/5543 4998/4563/5543
f 4995/4565/5544 4994/4564/5544 4998/4563/5544
f 4998/4593/5545 4994/4938/5545 5002/4576/5545
f 5002/4576/5546 4994/4938/5546 4992/4572/5546
f 4999/4578/5547 5002/4576/5547 4992/4572/5547
f 4999/4578/5548 5003/4577/5548 5002/4576/5548
f 5003/4570/5549 4999/4572/5549 4993/4940/5549
f 4993/4940/5550 4999/4572/5550 5000/4571/5550
f 5001/4592/5551 5002/4589/5551 5003/4591/5551
f 5004/4595/5552 5002/4576/5552 5001/4594/5552
f 5004/4595/5553 4998/4593/5553 5002/4576/5553
f 4997/4567/5554 4998/4563/5554 5004/4566/5554
f 5001/4592/5555 5003/4591/5555 4996/4590/5555
f 4988/4587/5556 4999/4579/5556 4992/4581/5556
f 4992/4581/5557 4990/4582/5557 4988/4587/5557
f 5045/4941/5558 5046/4942/5558 5057/4943/5558
f 5045/4941/5559 4526/4944/5559 5046/4942/5559
f 4527/4523/5560 5046/4945/5560 4526/4522/5560
f 5047/4946/5561 5046/4945/5561 4527/4523/5561
f 5048/4523/5562 5046/4945/5562 5047/4946/5562
f 5048/4523/5563 5050/4522/5563 5046/4945/5563
f 5049/4652/5564 5050/4522/5564 5048/4523/5564
f 5046/4942/5565 5050/4944/5565 5049/4941/5565
f 5046/4942/5566 5049/4941/5566 5057/4943/5566
f 5049/4652/5567 5048/4523/5567 5051/4132/5567
f 5124/4826/5568 5125/4847/5568 5126/4827/5568
f 5124/4826/5568 5128/4825/5568 5125/4847/5568
f 5127/4806/5569 5128/4855/5569 5124/4843/5569
f 5127/4806/5570 5129/4808/5570 5128/4855/5570
f 5130/4807/5571 5129/4808/5571 5127/4806/5571
f 5132/4809/5572 5129/4852/5572 5130/4810/5572
f 5132/4809/5573 5131/4811/5573 5129/4852/5573
f 5132/4807/5574 5133/4806/5574 5131/4808/5574
f 5133/4806/5575 5125/4855/5575 5131/4808/5575
f 5134/4842/5576 5125/4855/5576 5133/4806/5576
f 5134/4842/5577 5126/4843/5577 5125/4855/5577
f 5134/4842/5578 5133/4806/5578 5135/4839/5578
f 5135/4839/5579 5133/4806/5579 5136/4841/5579
f 5137/4835/5580 5135/4839/5580 5136/4841/5580
f 5137/4835/5580 5136/4841/5580 5138/4840/5580
f 5139/4834/5581 5137/4835/5581 5138/4840/5581
f 5139/4834/5582 5138/4840/5582 5132/4807/5582
f 5140/4823/5583 5139/4834/5583 5132/4807/5583
f 5141/4824/5584 5139/4834/5584 5140/4823/5584
f 5141/4826/5585 5140/4825/5585 5142/4847/5585
f 5142/4847/5586 5140/4825/5586 5143/4818/5586
f 5140/4825/5587 5144/4819/5587 5143/4818/5587
f 5140/4823/5588 5132/4807/5588 5144/4820/5588
f 5144/4820/5589 5132/4807/5589 5147/4821/5589
f 5132/4807/5590 5148/4822/5590 5147/4821/5590
f 5132/4809/5591 5145/4813/5591 5148/4812/5591
f 5130/4810/5592 5145/4813/5592 5132/4809/5592
f 5143/4820/5593 5145/4822/5593 5130/4807/5593
f 5143/4820/5594 5146/4821/5594 5145/4822/5594
f 5143/4818/5595 5144/4819/5595 5146/4817/5595
f 5144/4819/5595 5147/4814/5595 5146/4817/5595
f 5147/4814/5596 5148/4816/5596 5146/4817/5596
f 5148/4816/5597 5145/4815/5597 5146/4817/5597
f 5142/4823/5598 5143/4820/5598 5130/4807/5598
f 5149/4824/5599 5142/4823/5599 5130/4807/5599
f 5149/4827/5585 5141/4826/5585 5142/4847/5585
f 5149/4824/5600 5130/4807/5600 5150/4834/5600
f 5151/4835/5601 5150/4834/5601 5130/4807/5601
f 5151/4835/5602 5130/4807/5602 5152/4840/5602
f 5151/4835/5603 5152/4840/5603 5153/4839/5603
f 5152/4840/5603 5154/4841/5603 5153/4839/5603
f 5153/4839/5604 5154/4841/5604 5155/4842/5604
f 5155/4842/5605 5154/4841/5605 5127/4806/5605
f 5155/4842/5606 5127/4806/5606 5124/4843/5606
f 5131/4808/5607 5125/4855/5607 5156/4853/5607
f 5125/4855/5608 5157/4854/5608 5156/4853/5608
f 5128/4825/5609 5157/4849/5609 5125/4847/5609
f 5128/4825/5609 5158/4848/5609 5157/4849/5609
f 5129/4808/5610 5158/4854/5610 5128/4855/5610
f 5129/4808/5611 5159/4853/5611 5158/4854/5611
f 5129/4852/5612 5131/4811/5612 5159/4813/5612
f 5131/4811/5613 5156/4812/5613 5159/4813/5613
f 5157/4849/5614 5159/4851/5614 5156/4850/5614
f 5157/4849/5615 5158/4848/5615 5159/4851/5615
s 1
f 4315/4947/5616 4331/4948/5617 4620/4650/5618
f 4315/4947/5616 4316/4949/5619 4331/4948/5617
f 4316/4949/5619 4315/4947/5616 4622/4950/5620
f 4317/4951/5621 4324/4651/5622 4620/4650/5618
f 4620/4650/5618 4331/4948/5617 4317/4951/5621
f 4623/4649/5623 4324/4651/5622 4627/4952/5624
f 4627/4952/5624 4324/4651/5622 4320/4953/5625
f 4627/4952/5624 4320/4953/5625 4626/4954/5626
f 4626/4954/5626 4320/4953/5625 4319/4955/5627
f 4318/4956/5628 4626/4957/5626 4319/4958/5627
f 4626/4957/5626 4318/4956/5628 4622/4950/5620
f 4316/4949/5619 4622/4950/5620 4318/4956/5628
f 4333/4789/5629 4334/4784/5630 4337/4788/5631
f 4333/4789/5629 4335/4790/5632 4334/4784/5630
f 4333/4959/5629 4336/4960/5633 4335/4961/5632
f 4838/4962/5634 4336/4960/5633 4333/4959/5629
f 4337/4963/5631 4838/4962/5634 4333/4959/5629
f 4338/4964/5635 4838/4962/5634 4337/4963/5631
f 4338/4964/5635 4337/4963/5631 4339/4965/5636
f 4337/4788/5631 4334/4784/5630 4339/4787/5636
f 4334/4784/5630 4344/4785/5637 4339/4787/5636
f 4334/4784/5630 4340/4786/5638 4344/4785/5637
f 4334/4784/5630 4341/4791/5639 4340/4786/5638
f 4836/4960/5640 4341/4963/5639 4334/4959/5630
f 4342/4962/5641 4341/4963/5639 4836/4960/5640
f 4340/4965/5638 4341/4963/5639 4342/4962/5641
f 4340/4965/5638 4342/4962/5641 4343/4964/5642
f 4344/4966/5637 4340/4965/5638 4343/4964/5642
f 4344/4966/5637 4343/4964/5642 4837/4967/5643
f 4837/4967/5643 4339/4965/5636 4344/4966/5637
f 4338/4964/5635 4339/4965/5636 4837/4967/5643
f 4345/4968/5644 4836/4960/5640 4334/4959/5630
f 4345/4968/5644 4334/4959/5630 4335/4961/5632
f 4336/4960/5633 4345/4968/5644 4335/4961/5632
f 4608/4790/5645 4604/4786/5646 4612/4791/5647
f 4608/4790/5645 4615/4785/5648 4604/4786/5646
f 4608/4790/5645 4605/4787/5649 4615/4785/5648
f 4608/4790/5645 4606/4788/5650 4605/4787/5649
f 4608/4790/5645 4607/4789/5651 4606/4788/5650
f 4606/4963/5650 4607/4959/5651 4617/4960/5652
f 4607/4959/5651 4619/4968/5653 4617/4960/5652
f 4607/4959/5651 4608/4961/5645 4619/4968/5653
f 4608/4961/5645 4609/4960/5654 4619/4968/5653
f 4610/4959/5655 4609/4960/5654 4608/4961/5645
f 4610/4959/5655 4611/4962/5656 4609/4960/5654
f 4610/4959/5655 4612/4963/5647 4611/4962/5656
f 4608/4790/5645 4612/4791/5647 4610/4784/5655
f 4613/4964/5657 4611/4962/5656 4612/4963/5647
f 4609/4969/5654 4611/4970/5656 4613/4971/5657
f 4609/4969/5654 4613/4971/5657 4614/4972/5658
f 4614/4967/5658 4613/4964/5657 4604/4965/5646
f 4604/4965/5646 4613/4964/5657 4612/4963/5647
f 4615/4966/5648 4614/4967/5658 4604/4965/5646
f 4615/4966/5648 4616/4964/5659 4614/4967/5658
f 4615/4966/5648 4605/4965/5649 4616/4964/5659
f 4605/4965/5649 4618/4962/5660 4616/4964/5659
f 4606/4963/5650 4618/4962/5660 4605/4965/5649
f 4606/4963/5650 4617/4960/5652 4618/4962/5660
f 4617/4973/5652 4609/4969/5654 4618/4974/5660
f 4617/4973/5652 4619/4975/5653 4609/4969/5654
f 4618/4974/5660 4609/4969/5654 4616/4976/5659
f 4609/4969/5654 4614/4972/5658 4616/4976/5659
f 4640/4977/5661 4658/4978/5662 4641/4979/5663
f 4641/4979/5663 4658/4978/5662 4642/4980/5664
f 4643/4981/5665 4637/4982/5666 4644/4983/5667
f 4637/4982/5666 4645/4984/5668 4644/4983/5667
f 4641/4979/5663 4642/4980/5664 4646/4977/5669
f 4646/4977/5669 4642/4980/5664 4647/4978/5670
f 4648/4982/5671 4649/4985/5672 4650/4981/5673
f 4648/4982/5671 4651/4986/5674 4649/4985/5672
f 4652/4987/5675 4649/4985/5672 4651/4986/5674
f 4652/4987/5675 4651/4986/5674 4653/4988/5676
f 4647/4978/5670 4652/4987/5675 4653/4988/5676
f 4647/4978/5670 4653/4988/5676 4646/4977/5669
f 4645/4984/5668 4648/4982/5671 4650/4981/5673
f 4645/4984/5668 4650/4981/5673 4644/4983/5667
f 4671/4713/5677 4673/4711/5678 4672/4989/5679
f 4675/4989/5680 4668/4713/5681 4674/4990/5682
f 4673/4711/5683 4668/4713/5681 4675/4989/5680
f 4668/4713/5681 4669/4991/5684 4674/4990/5682
f 4674/4990/5682 4669/4991/5684 4680/4992/5685
f 4669/4991/5684 4677/4993/5686 4680/4992/5685
f 4671/4713/5677 4672/4989/5679 4676/4991/5687
f 4676/4991/5687 4672/4989/5679 4678/4990/5688
f 4676/4991/5687 4678/4990/5688 4685/4993/5689
f 4685/4993/5689 4678/4990/5688 4679/4992/5690
f 4682/4994/5691 4683/4995/5692 4680/4992/5685
f 4682/4994/5691 4689/4996/5693 4683/4995/5692
f 4677/4993/5686 4682/4994/5691 4680/4992/5685
f 4679/4992/5690 4684/4994/5694 4685/4993/5689
f 4679/4992/5690 4681/4995/5695 4684/4994/5694
f 4684/4994/5694 4681/4995/5695 4686/4997/5696
f 4686/4998/5696 4681/4999/5695 4687/5000/5697
f 4689/4996/5693 4688/5001/5698 4683/4995/5692
f 4739/4790/5699 4735/4786/5700 4741/4791/5701
f 4739/4790/5699 4736/4785/5702 4735/4786/5700
f 4739/4790/5699 4746/4787/5703 4736/4785/5702
f 4739/4790/5699 4737/4788/5704 4746/4787/5703
f 4739/4790/5699 4738/4789/5705 4737/4788/5704
f 4737/4963/5704 4738/4959/5705 4747/4960/5706
f 4738/4959/5705 4749/4968/5707 4747/4960/5706
f 4738/4959/5705 4739/4961/5699 4749/4968/5707
f 4739/4961/5699 4750/4960/5708 4749/4968/5707
f 4742/4959/5709 4750/4960/5708 4739/4961/5699
f 4742/4959/5709 4740/4962/5710 4750/4960/5708
f 4742/4959/5709 4741/4963/5701 4740/4962/5710
f 4739/4790/5699 4741/4791/5701 4742/4784/5709
f 4743/4964/5711 4740/4962/5710 4741/4963/5701
f 4740/4791/5710 4743/4786/5711 4744/4785/5712
f 4744/4967/5712 4743/4964/5711 4735/4965/5700
f 4735/4965/5700 4743/4964/5711 4741/4963/5701
f 4736/4966/5702 4744/4967/5712 4735/4965/5700
f 4736/4966/5702 4745/4964/5713 4744/4967/5712
f 4736/4966/5702 4746/4965/5703 4745/4964/5713
f 4746/4965/5703 4748/4962/5714 4745/4964/5713
f 4737/4963/5704 4748/4962/5714 4746/4965/5703
f 4737/4963/5704 4747/4960/5706 4748/4962/5714
f 4747/4789/5706 4740/4791/5710 4748/4788/5714
f 4747/4789/5706 4749/4790/5707 4740/4791/5710
f 4749/4790/5707 4750/4784/5708 4740/4791/5710
f 4748/4788/5714 4740/4791/5710 4745/4787/5713
f 4745/4787/5713 4740/4791/5710 4744/4785/5712
f 4810/4679/5715 4816/4681/5716 4814/4680/5717
f 4810/4679/5715 4812/4678/5718 4816/4681/5716
f 4812/4678/5718 4811/4677/5719 4816/4681/5716
f 4811/4983/5719 4812/4981/5718 4813/4982/5720
f 4812/4981/5718 4827/4986/5721 4813/4982/5720
f 4812/4981/5718 4810/4985/5715 4827/4986/5721
f 4810/4985/5715 4828/4988/5722 4827/4986/5721
f 4810/4985/5715 4814/4987/5717 4828/4988/5722
f 4814/4987/5717 4815/4977/5723 4828/4988/5722
f 4814/4987/5717 4816/4978/5716 4815/4977/5723
f 4817/4979/5724 4815/4977/5723 4816/4978/5716
f 4815/4681/5723 4817/4676/5724 4818/4675/5725
f 4818/4977/5725 4817/4979/5724 4819/4980/5726
f 4819/4980/5726 4817/4979/5724 4816/4978/5716
f 4816/4681/5716 4825/4675/5727 4819/4676/5726
f 4820/4674/5728 4825/4675/5727 4816/4681/5716
f 4820/4668/5728 4823/4667/5729 4825/4673/5727
f 4820/4668/5728 4821/4666/5730 4823/4667/5729
f 4821/4684/5730 4820/4683/5728 4822/4685/5731
f 4822/4685/5731 4820/4683/5728 4801/4682/5732
f 4821/5002/5730 4822/5003/5731 4824/5004/5733
f 4821/5005/5730 4824/5006/5733 4823/5007/5729
f 4823/4684/5729 4824/4685/5733 4825/4683/5727
f 4824/4685/5733 4800/4682/5734 4825/4683/5727
f 4811/4677/5719 4820/4674/5728 4816/4681/5716
f 4811/4983/5719 4826/4984/5735 4820/4981/5728
f 4811/4983/5719 4813/4982/5720 4826/4984/5735
f 4813/4678/5720 4818/4675/5725 4826/4677/5735
f 4813/4678/5720 4827/4679/5721 4818/4675/5725
f 4827/4679/5721 4828/4680/5722 4818/4675/5725
f 4828/4680/5722 4815/4681/5723 4818/4675/5725
f 4826/4677/5735 4818/4675/5725 4833/4674/5736
f 4833/4668/5736 4818/4673/5725 4831/4666/5737
f 4818/4673/5725 4832/4667/5738 4831/4666/5737
f 4832/4663/5738 4818/4664/5725 4392/4672/5739
f 4830/4665/5740 4832/4663/5738 4392/4672/5739
f 4829/5008/5741 4832/5009/5738 4830/5010/5740
f 4829/5011/5741 4831/5012/5737 4832/5013/5738
f 4829/4665/5741 4391/4672/5742 4831/4663/5737
f 4831/4663/5737 4391/4672/5742 4833/4664/5736
f 4820/4981/5728 4826/4984/5735 4833/4982/5736
f 4825/4978/5727 4818/4977/5725 4819/4980/5726
f 4839/4995/5743 4847/5001/5744 4840/4996/5745
f 4843/4992/5746 4844/4993/5747 4845/4990/5748
f 4843/4992/5746 4846/4994/5749 4844/4993/5747
f 4843/4992/5746 4839/4995/5743 4846/4994/5749
f 4846/4994/5749 4839/4995/5743 4840/4996/5745
f 4842/4995/5750 4850/4994/5751 4849/5014/5752
f 4842/4995/5750 4841/4992/5753 4850/4994/5751
f 4841/4992/5753 4851/4993/5754 4850/4994/5751
f 4852/4991/5755 4851/4993/5754 4841/4992/5753
f 4845/4990/5748 4844/4993/5747 4853/4991/5756
f 4845/4990/5748 4853/4991/5756 4859/4989/5757
f 4859/4989/5757 4853/4991/5756 4854/4713/5758
f 4855/4713/5759 4852/4991/5755 4856/4990/5760
f 4856/4990/5760 4852/4991/5755 4841/4992/5753
f 4857/4989/5761 4855/4713/5759 4856/4990/5760
f 4858/4712/5762 4855/4713/5759 4857/4989/5761
f 4859/4989/5757 4854/4713/5758 4858/4712/5762
f 4859/4989/5757 4858/4712/5762 4860/4711/5763
f 4860/4711/5763 4858/4712/5762 4857/4989/5761
f 4934/4973/5764 4933/4974/5765 4935/4975/5766
f 4933/4962/5765 4934/4960/5764 4940/4959/5767
f 4940/4959/5767 4934/4960/5764 4942/4961/5768
f 4934/4960/5764 4935/4968/5766 4942/4961/5768
f 4935/4968/5766 4936/4959/5769 4942/4961/5768
f 4935/4968/5766 4937/4960/5770 4936/4959/5769
f 4935/4975/5766 4946/4970/5771 4937/4969/5770
f 4935/4975/5766 4938/4971/5772 4946/4970/5771
f 4935/4975/5766 4947/4972/5773 4938/4971/5772
f 4935/4975/5766 4939/4976/5774 4947/4972/5773
f 4935/4975/5766 4933/4974/5765 4939/4976/5774
f 4939/4964/5774 4933/4962/5765 4941/4963/5775
f 4941/4963/5775 4933/4962/5765 4940/4959/5767
f 4940/4789/5767 4936/4784/5769 4941/4788/5775
f 4940/4789/5767 4942/4790/5768 4936/4784/5769
f 4941/4788/5775 4936/4784/5769 4948/4787/5776
f 4936/4784/5769 4943/4785/5777 4948/4787/5776
f 4936/4784/5769 4944/4786/5778 4943/4785/5777
f 4936/4784/5769 4945/4791/5779 4944/4786/5778
f 4937/4960/5770 4945/4963/5779 4936/4959/5769
f 4946/4962/5771 4945/4963/5779 4937/4960/5770
f 4944/4965/5778 4945/4963/5779 4946/4962/5771
f 4944/4965/5778 4946/4962/5771 4938/4964/5772
f 4943/4966/5777 4944/4965/5778 4938/4964/5772
f 4943/4966/5777 4938/4964/5772 4947/4967/5773
f 4947/4967/5773 4948/4965/5776 4943/4966/5777
f 4939/4964/5774 4948/4965/5776 4947/4967/5773
f 4939/4964/5774 4941/4963/5775 4948/4965/5776
f 5010/5015/5780 5005/5016/5781 5012/5017/5782
f 5006/5018/5783 5005/5016/5781 5010/5019/5780
f 5006/5018/5783 5007/5020/5784 5005/5016/5781
f 5006/5018/5783 5008/5021/5785 5007/5020/5784
f 5008/5021/5785 5006/5018/5783 5009/5022/5786
f 5009/5022/5786 5006/5018/5783 4495/5023/5787
f 4495/5023/5787 5006/5018/5783 5010/5019/5780
f 5010/5024/5780 4494/4491/5788 4495/5025/5787
f 5010/5024/5780 5011/5026/5789 4494/4491/5788
f 5012/5027/5782 5011/5026/5789 5010/5024/5780
f 5012/5027/5782 5013/5028/5790 5011/5026/5789
f 5012/5027/5782 5014/5029/5791 5013/5028/5790
f 5012/5017/5782 5015/5030/5792 5014/5031/5791
f 5012/5017/5782 5016/5032/5793 5015/5030/5792
f 5005/5016/5781 5016/5032/5793 5012/5017/5782
f 5016/5032/5793 5005/5016/5781 5017/5033/5794
f 5005/5016/5781 5007/5020/5784 5017/5033/5794
f 5007/5020/5784 5018/5034/5795 5017/5033/5794
f 5007/5020/5784 5008/5021/5785 5018/5034/5795
f 5008/5021/5785 5019/5035/5796 5018/5034/5795
f 5019/5035/5796 5008/5021/5785 5020/5036/5797
f 5008/5021/5785 4503/5037/5798 5020/5036/5797
f 5008/5021/5785 5009/5022/5786 4503/5037/5798
f 5009/5022/5786 5021/5038/5799 4503/5037/5798
f 5021/5038/5799 5009/5022/5786 4495/5023/5787
f 5019/5035/5796 5020/5036/5797 5022/5021/5800
f 5022/5021/5800 5020/5036/5797 5023/5039/5801
f 5022/5021/5800 5023/5039/5801 5024/5038/5802
f 5024/5038/5802 5025/5022/5803 5022/5021/5800
f 5024/5038/5802 5026/5023/5804 5025/5022/5803
f 5025/5022/5803 5026/5023/5804 5038/5018/5805
f 5026/5023/5804 5027/5019/5806 5038/5018/5805
f 5011/5026/5789 5027/5024/5806 5026/5025/5804
f 5011/5026/5789 5040/5027/5807 5027/5024/5806
f 5013/5028/5790 5040/5027/5807 5011/5026/5789
f 5028/5040/5808 5040/5027/5807 5013/5028/5790
f 5028/5040/5808 5041/5029/5809 5040/5027/5807
f 5028/5040/5808 5042/5041/5810 5041/5029/5809
f 4471/5042/5811 5042/5041/5810 5028/5040/5808
f 4472/5041/5812 4471/5042/5811 5028/5040/5808
f 5014/5029/5791 4472/5041/5812 5028/5040/5808
f 5014/5031/5791 5015/5030/5792 4472/5043/5812
f 5015/5030/5792 5029/5044/5813 4472/5043/5812
f 5015/5030/5792 5030/5045/5814 5029/5044/5813
f 5031/5046/5815 5030/5045/5814 5015/5030/5792
f 5031/5046/5815 5032/5030/5816 5030/5045/5814
f 5031/5046/5815 5033/5032/5817 5032/5030/5816
f 5031/5046/5815 5034/5047/5818 5033/5032/5817
f 5016/5032/5793 5034/5047/5818 5031/5046/5815
f 5016/5032/5793 5035/5048/5819 5034/5047/5818
f 5016/5032/5793 5017/5033/5794 5035/5048/5819
f 5017/5033/5794 5018/5034/5795 5035/5048/5819
f 5018/5034/5795 5036/5033/5820 5035/5048/5819
f 5018/5034/5795 5037/5049/5821 5036/5033/5820
f 5018/5034/5795 5022/5021/5800 5037/5020/5821
f 5019/5035/5796 5022/5021/5800 5018/5034/5795
f 5022/5021/5800 5025/5022/5803 5037/5020/5821
f 5037/5020/5821 5025/5022/5803 5038/5018/5805
f 5037/5049/5821 5038/5050/5805 5036/5033/5820
f 5038/5050/5805 5039/5016/5822 5036/5033/5820
f 5038/5018/5805 5027/5019/5806 5039/5016/5822
f 5027/5015/5806 5040/5017/5807 5039/5016/5822
f 5039/5016/5822 5040/5017/5807 5033/5032/5817
f 5040/5017/5807 5041/5031/5809 5033/5032/5817
f 5033/5032/5817 5041/5031/5809 5032/5030/5816
f 5041/5031/5809 5042/5043/5810 5032/5030/5816
f 5032/5030/5816 5042/5043/5810 5043/5044/5823
f 5030/5045/5814 5032/5030/5816 5043/5044/5823
f 5039/5016/5822 5033/5032/5817 5036/5033/5820
f 5035/5048/5819 5036/5033/5820 5033/5032/5817
f 5035/5048/5819 5033/5032/5817 5034/5047/5818
f 5016/5032/5793 5031/5046/5815 5015/5030/5792
f 5014/5029/5791 5028/5040/5808 5013/5028/5790
f 5011/5026/5789 5026/5025/5804 5044/4491/5824
f 4494/5051/5788 5011/5052/5789 5044/5053/5824
f 5055/5054/5825 5053/4124/5826 5054/4132/5827
f 5052/4946/5828 5053/4124/5826 5055/5054/5825
f 4321/4124/5829 5052/4130/5828 5055/5054/5825
f 4321/4124/5829 5055/5054/5825 4624/4132/5830
f 5055/5054/5825 5057/5055/5831 4624/4132/5830
f 5055/5054/5825 5058/4652/5832 5057/5055/5831
f 5054/4132/5827 5058/4652/5832 5055/5054/5825
f 5056/4653/5833 5058/4652/5832 5054/4132/5827
f 5057/5056/5831 5058/5057/5832 5056/5058/5833
f 5057/5056/5831 5056/5058/5833 5059/5059/5834
f 5062/4125/5835 5059/5060/5834 5056/5061/5833
f 5060/5062/5836 5059/5060/5834 5062/4125/5835
f 5060/5062/5836 4625/5061/5837 5059/5060/5834
f 5060/5062/5836 4322/4125/5838 4625/5061/5837
f 5060/5063/5836 5090/5064/5839 4322/5065/5838
f 5060/5063/5836 5061/5066/5840 5090/5064/5839
f 5060/5063/5836 5062/5065/5835 5061/5066/5840
f 5062/5065/5835 5092/5067/5841 5061/5066/5840
f 5062/5065/5835 5063/5068/5842 5092/5067/5841
f 5063/5068/5842 5062/5065/5835 5064/5069/5843
f 5065/5070/5844 5064/5069/5843 5062/5065/5835
f 5065/5070/5844 5066/5071/5845 5064/5069/5843
f 5065/4602/5844 5102/4601/5846 5066/4600/5845
f 5102/4605/5846 5065/4603/5844 5067/4604/5847
f 5067/4604/5847 5065/4603/5844 5068/4606/5848
f 5068/5072/5848 5065/5070/5844 4327/5073/5849
f 5062/4125/5835 5056/4653/5833 5054/4132/5827
f 5069/5074/5850 4327/5073/5849 4323/5070/5851
f 5068/5072/5848 4327/5073/5849 5069/5074/5850
f 5070/5075/5852 5068/5072/5848 5069/5074/5850
f 5110/5076/5853 5068/5072/5848 5070/5075/5852
f 5071/4607/5854 5068/4606/5848 5110/4608/5853
f 5067/4604/5847 5068/4606/5848 5071/4607/5854
f 5071/5077/5854 5072/5078/5855 5067/5079/5847
f 5073/5080/5856 5072/5078/5855 5071/5077/5854
f 5074/5081/5857 5072/5078/5855 5073/5080/5856
f 5074/5081/5857 4586/5082/5858 5072/5078/5855
f 4586/5082/5858 5075/5083/5859 5072/5078/5855
f 4586/5082/5858 5076/5084/5860 5075/5083/5859
f 5076/5084/5860 5077/5085/5861 5075/5083/5859
f 5076/5084/5860 5078/5086/5862 5077/5085/5861
f 5076/5084/5860 5079/5087/5863 5078/5086/5862
f 5080/5088/5864 5079/5087/5863 5076/5084/5860
f 5080/5088/5864 5081/5089/5865 5079/5087/5863
f 5080/5088/5864 5082/5090/5866 5081/5089/5865
f 5082/5090/5866 5083/5091/5867 5081/5089/5865
f 5081/5089/5865 5083/5091/5867 5084/5092/5868
f 5084/5092/5868 5083/5091/5867 4585/5071/5869
f 4585/5071/5869 5085/5069/5870 5084/5092/5868
f 4323/5070/5851 5085/5069/5870 4585/5071/5869
f 4323/5070/5851 4322/5065/5838 5085/5069/5870
f 5086/5068/5871 5085/5069/5870 4322/5065/5838
f 5085/5069/5870 5086/5068/5871 5087/5093/5872
f 5086/5068/5871 5088/5067/5873 5087/5093/5872
f 5086/5068/5871 5089/5066/5874 5088/5067/5873
f 4322/5065/5838 5089/5066/5874 5086/5068/5871
f 4322/5065/5838 5090/5064/5839 5089/5066/5874
f 5089/5094/5874 5090/5095/5839 5091/5096/5875
f 5090/5095/5839 5061/5094/5840 5091/5096/5875
f 5091/5096/5875 5061/5094/5840 5092/5097/5841
f 5091/5096/5875 5092/5097/5841 5093/5098/5876
f 5093/5098/5876 5092/5097/5841 5094/5099/5877
f 5094/5099/5877 5092/5067/5841 5095/5093/5878
f 5063/5068/5842 5095/5093/5878 5092/5067/5841
f 5096/5092/5879 5095/5093/5878 5063/5068/5842
f 5097/5089/5880 5095/5093/5878 5096/5092/5879
f 5097/5089/5880 5098/5100/5881 5095/5093/5878
f 5097/5089/5880 5099/5087/5882 5098/5100/5881
f 5103/5090/5883 5099/5087/5882 5097/5089/5880
f 5100/5088/5884 5099/5087/5882 5103/5090/5883
f 5100/5088/5884 5101/5086/5885 5099/5087/5882
f 5100/5088/5884 5102/5084/5846 5101/5086/5885
f 5102/4601/5846 5100/4598/5884 5066/4600/5845
f 5100/4598/5884 5104/4597/5886 5066/4600/5845
f 5100/4598/5884 5103/4599/5883 5104/4597/5886
f 5103/5090/5883 5096/5092/5879 5104/5091/5886
f 5103/5090/5883 5097/5089/5880 5096/5092/5879
f 5104/5091/5886 5096/5092/5879 5064/5069/5843
f 5064/5069/5843 5096/5092/5879 5063/5068/5842
f 5104/5091/5886 5064/5069/5843 5066/5071/5845
f 5102/5084/5846 5077/5085/5861 5101/5086/5885
f 5075/5083/5859 5077/5085/5861 5102/5084/5846
f 5067/5079/5847 5075/5083/5859 5102/5084/5846
f 5072/5078/5855 5075/5083/5859 5067/5079/5847
f 5077/5085/5861 5105/5101/5887 5101/5086/5885
f 5078/5086/5862 5105/5101/5887 5077/5085/5861
f 5078/5086/5862 5106/5102/5888 5105/5101/5887
f 5079/5087/5863 5106/5102/5888 5078/5086/5862
f 5079/5087/5863 5107/5100/5889 5106/5102/5888
f 5081/5089/5865 5107/5100/5889 5079/5087/5863
f 5081/5089/5865 5084/5092/5868 5107/5100/5889
f 5107/5100/5889 5084/5092/5868 5087/5093/5872
f 5085/5069/5870 5087/5093/5872 5084/5092/5868
f 5107/5100/5889 5087/5093/5872 5088/5067/5873
f 5107/5100/5889 5088/5067/5873 5108/5099/5890
f 5088/5097/5873 5093/5098/5876 5108/5099/5890
f 5088/5097/5873 5091/5096/5875 5093/5098/5876
f 5088/5097/5873 5089/5094/5874 5091/5096/5875
f 5108/5099/5890 5093/5098/5876 5106/5102/5888
f 5106/5102/5888 5093/5098/5876 5105/5101/5887
f 5093/5098/5876 5109/5102/5891 5105/5101/5887
f 5093/5098/5876 5094/5099/5877 5109/5102/5891
f 5098/5100/5881 5109/5102/5891 5094/5099/5877
f 5099/5087/5882 5109/5102/5891 5098/5100/5881
f 5099/5087/5882 5101/5086/5885 5109/5102/5891
f 5101/5086/5885 5105/5101/5887 5109/5102/5891
f 5098/5100/5881 5094/5099/5877 5095/5093/5878
f 5107/5100/5889 5108/5099/5890 5106/5102/5888
f 5074/5079/5857 5073/5103/5856 4587/5077/5892
f 4587/5077/5892 5073/5103/5856 5070/5080/5852
f 5073/5103/5856 5110/5081/5853 5070/5080/5852
f 5073/5103/5856 5071/5079/5854 5110/5081/5853
f 5070/5075/5852 5069/5074/5850 4587/5076/5892
f 4587/5076/5892 5069/5074/5850 5111/5072/5893
f 5069/5074/5850 4323/5070/5851 5111/5072/5893
f 5112/4951/5894 4328/4948/5895 5113/4650/5896
f 4328/4948/5895 5122/4947/5897 5113/4650/5896
f 5114/4949/5898 5122/4947/5897 4328/4948/5895
f 5114/4949/5898 5115/4956/5899 5122/4947/5897
f 5115/4956/5899 5121/4950/5900 5122/4947/5897
f 5121/4950/5900 5115/4956/5899 5116/4958/5901
f 5121/4950/5900 5116/4958/5901 5117/4957/5902
f 5116/4955/5901 4329/4953/5903 5117/4954/5902
f 4329/4953/5903 5118/4952/5904 5117/4954/5902
f 4326/4651/5905 5118/4952/5904 4329/4953/5903
f 5119/4649/5906 5118/4952/5904 4326/4651/5905
f 5120/5104/5907 5118/5105/5904 5119/5106/5906
f 5117/5107/5902 5118/5105/5904 5120/5104/5907
f 5121/5108/5900 5117/5107/5902 5120/5104/5907
f 5121/5108/5900 5120/5104/5907 5122/5109/5897
f 5122/5109/5897 5120/5104/5907 5113/5110/5896
f 5120/5104/5907 5119/5106/5906 5113/5110/5896
f 5113/4650/5896 5119/4649/5906 4326/4651/5905
f 5112/4951/5894 5113/4650/5896 4326/4651/5905
f 4625/5058/5837 5057/5056/5831 5059/5059/5834
f 5123/5057/5908 5057/5056/5831 4625/5058/5837
f 4624/4132/5830 5057/5055/5831 5123/4652/5908
s 0
f 5160/5111/5909 5161/5112/5909 5162/5113/5909
f 5160/5111/5910 5163/5114/5910 5161/5112/5910
f 5163/5114/5911 5164/5115/5911 5161/5112/5911
f 5170/5116/5912 5164/5115/5912 5163/5114/5912
f 5165/5117/5913 5164/5115/5913 5170/5116/5913
f 5166/5118/5914 5164/5115/5914 5165/5117/5914
f 5164/5115/5915 5166/5118/5915 5167/5119/5915
f 5166/5120/5916 5182/5121/5916 5167/5119/5916
f 5166/5120/5916 5168/5122/5916 5182/5121/5916
f 5166/5120/5917 5169/5123/5917 5168/5122/5917
f 5169/5124/5918 5166/5118/5918 5165/5117/5918
f 5165/5117/5919 5183/5125/5919 5169/5124/5919
f 5165/5126/5920 5171/5127/5920 5183/5128/5920
f 5165/5129/5921 5170/5130/5921 5171/5131/5921
f 5171/5131/5922 5170/5130/5922 5172/5132/5922
f 5170/5133/5923 5186/5134/5923 5172/5135/5923
f 5170/5133/5924 5173/5136/5924 5186/5134/5924
f 5170/5116/5925 5174/5137/5925 5173/5138/5925
f 5163/5114/5926 5174/5137/5926 5170/5116/5926
f 5163/5139/5927 5160/5140/5927 5174/5141/5927
f 5175/5142/5928 5174/5143/5928 5160/5144/5928
f 5174/5145/5929 5175/5146/5929 5173/5147/5929
f 5173/5147/5930 5175/5146/5930 5187/5148/5930
f 5187/5148/5931 5175/5146/5931 5176/5149/5931
f 5176/5149/5932 5175/5146/5932 5177/5150/5932
f 5175/5146/5933 5178/5151/5933 5177/5150/5933
f 5175/5146/5934 5179/5152/5934 5178/5151/5934
f 5175/5153/5935 5160/5154/5935 5179/5155/5935
f 5176/5149/5936 5177/5150/5936 5180/5156/5936
f 5181/5157/5937 5176/5149/5937 5180/5156/5937
f 5181/5157/5938 5164/5115/5938 5176/5149/5938
f 5164/5115/5939 5181/5157/5939 5161/5112/5939
f 5164/5115/5940 5167/5119/5940 5176/5149/5940
f 5167/5119/5941 5184/5158/5941 5176/5149/5941
f 5167/5119/5942 5182/5159/5942 5184/5158/5942
f 5168/5160/5943 5184/5158/5943 5182/5159/5943
f 5183/5161/5944 5184/5158/5944 5168/5160/5944
f 5184/5162/5945 5183/5163/5945 5171/5164/5945
f 5184/5165/5946 5171/5166/5946 5185/5167/5946
f 5184/5168/5947 5185/5169/5947 5187/5170/5947
f 5185/5169/5947 5186/5171/5947 5187/5170/5947
f 5187/5172/5948 5186/5134/5948 5173/5173/5948
f 5184/5158/5949 5187/5148/5949 5176/5149/5949
f 5169/5124/5950 5183/5125/5950 5168/5174/5950
f 5188/5175/5951 5195/5176/5951 5190/5177/5951
f 5188/5175/5951 5194/5178/5951 5195/5176/5951
f 5188/5175/5937 5189/5179/5937 5194/5178/5937
f 5189/5179/5952 5188/5175/5952 5191/5180/5952
f 5191/5180/5952 5188/5175/5952 5190/5181/5952
f 5189/5182/5953 5191/5183/5953 5192/5179/5953
f 5189/5182/5953 5192/5179/5953 5193/5184/5953
f 5193/5179/5954 5192/5180/5954 5194/5175/5954
f 5192/5180/5955 5195/5181/5955 5194/5175/5955
f 5189/5179/5937 5193/5184/5937 5194/5178/5937
f 5196/5185/5956 5197/5186/5956 5198/5187/5956
f 5197/5186/5957 5196/5185/5957 5199/5188/5957
f 5197/5186/5958 5199/5188/5958 5200/5189/5958
f 5199/5188/5959 5201/5185/5959 5200/5189/5959
f 5200/5189/5960 5201/5185/5960 5202/5186/5960
f 5203/5190/5961 5202/5186/5961 5201/5185/5961
f 5203/5190/5962 5201/5185/5962 5198/5187/5962
f 5197/5186/5963 5203/5190/5963 5198/5187/5963
f 5204/5191/5964 5207/5192/5964 5205/5193/5964
f 5207/5192/5965 5206/5194/5965 5205/5193/5965
f 5207/5195/5966 5208/5196/5966 5206/5197/5966
f 5208/5196/5967 5209/5198/5967 5206/5197/5967
f 5209/5199/5968 5208/5200/5968 5210/5201/5968
f 5211/5202/5969 5209/5199/5969 5210/5201/5969
f 5212/5203/5969 5209/5199/5969 5211/5202/5969
f 5212/5203/5970 5224/5204/5970 5209/5199/5970
f 5212/5203/5971 5213/5205/5971 5224/5204/5971
f 5212/5206/5972 5222/5207/5972 5213/5208/5972
f 5212/5206/5973 5214/5209/5973 5222/5207/5973
f 5214/5210/5974 5212/5211/5974 5215/5212/5974
f 5215/5212/5975 5212/5211/5975 5216/5213/5975
f 5217/5214/5976 5216/5215/5976 5212/5203/5976
f 5217/5214/5969 5212/5203/5969 5211/5202/5969
f 5218/5216/5937 5217/5214/5937 5211/5217/5937
f 5218/5216/5937 5219/5218/5937 5217/5214/5937
f 5220/5213/5977 5219/5218/5977 5218/5216/5977
f 5220/5213/5978 5218/5216/5978 5225/5211/5978
f 5225/5211/5912 5218/5216/5912 5205/5193/5912
f 5218/5216/5979 5204/5191/5979 5205/5193/5979
f 5204/5191/5977 5218/5216/5977 5221/5219/5977
f 5221/5219/5937 5218/5216/5937 5211/5217/5937
f 5221/5219/5937 5211/5217/5937 5210/5220/5937
f 5225/5211/5980 5205/5193/5980 5222/5221/5980
f 5222/5221/5981 5205/5193/5981 5223/5222/5981
f 5205/5193/5982 5224/5223/5982 5223/5222/5982
f 5205/5193/5983 5206/5224/5983 5224/5223/5983
f 5209/5225/5984 5224/5223/5984 5206/5224/5984
f 5225/5226/5985 5222/5207/5985 5214/5209/5985
f 5225/5211/5986 5214/5210/5986 5220/5213/5986
f 5220/5213/5987 5214/5210/5987 5215/5212/5987
f 5228/5227/5988 5226/5228/5988 5227/5229/5988
f 5228/5227/5989 5242/5230/5989 5226/5228/5989
f 5230/5231/5990 5242/5232/5990 5228/5233/5990
f 5228/5227/5991 5229/5234/5991 5230/5235/5991
f 5232/5236/5992 5230/5235/5992 5229/5234/5992
f 5230/5237/5993 5232/5238/5993 5231/5239/5993
f 5232/5238/5994 5233/5240/5994 5231/5239/5994
f 5232/5241/5995 5229/5242/5995 5233/5243/5995
f 5237/5244/5996 5233/5245/5996 5229/5234/5996
f 5234/5246/5997 5233/5245/5997 5237/5244/5997
f 5234/5246/5998 5269/5247/5998 5233/5245/5998
f 5269/5248/5999 5234/5249/5999 5235/5250/5999
f 5234/5249/6000 5236/5251/6000 5235/5250/6000
f 5234/5246/6001 5238/5252/6001 5236/5253/6001
f 5234/5246/6002 5237/5244/6002 5238/5252/6002
f 5237/5254/6003 5239/5255/6003 5238/5256/6003
f 5237/5244/6004 5229/5234/6004 5239/5257/6004
f 5239/5257/6005 5229/5234/6005 5240/5258/6005
f 5229/5234/6006 5228/5227/6006 5240/5258/6006
f 5240/5258/6007 5228/5227/6007 5241/5259/6007
f 5228/5233/6008 5249/5260/6008 5241/5261/6008
f 5228/5227/6009 5251/5262/6009 5249/5263/6009
f 5228/5227/6010 5227/5229/6010 5251/5262/6010
f 5226/5264/6011 5251/5265/6011 5227/5266/6011
f 5226/5264/6011 5243/5267/6011 5251/5265/6011
f 5226/5268/6012 5242/5269/6012 5243/5228/6012
f 5242/5269/6012 5244/5230/6012 5243/5228/6012
f 5244/5230/6013 5252/5229/6013 5243/5228/6013
f 5244/5230/6014 5253/5227/6014 5252/5229/6014
f 5244/5270/6015 5231/5271/6015 5253/5272/6015
f 5271/5234/6016 5253/5227/6016 5231/5235/6016
f 5245/5257/6017 5253/5227/6017 5271/5234/6017
f 5245/5257/6018 5246/5258/6018 5253/5227/6018
f 5247/5273/6019 5246/5258/6019 5245/5257/6019
f 5248/5274/6020 5246/5258/6020 5247/5273/6020
f 5240/5275/6021 5246/5276/6021 5248/5277/6021
f 5240/5278/6022 5249/5279/6022 5246/5280/6022
f 5241/5259/6023 5249/5263/6023 5240/5258/6023
f 5249/5281/6024 5254/5282/6024 5246/5283/6024
f 5249/5284/6025 5250/5262/6025 5254/5263/6025
f 5251/5285/6025 5250/5262/6025 5249/5284/6025
f 5252/5286/6011 5250/5287/6011 5251/5265/6011
f 5254/5263/6026 5250/5262/6026 5252/5229/6026
f 5254/5263/6027 5252/5229/6027 5253/5227/6027
f 5253/5288/6028 5255/5289/6028 5254/5290/6028
f 5246/5258/6029 5255/5259/6029 5253/5227/6029
f 5254/5263/6030 5255/5259/6030 5246/5258/6030
f 5243/5267/6031 5252/5286/6031 5251/5265/6031
f 5240/5275/6032 5248/5277/6032 5256/5291/6032
f 5256/5274/6033 5248/5292/6033 5257/5293/6033
f 5248/5274/6034 5258/5294/6034 5257/5295/6034
f 5248/5274/6035 5289/5296/6035 5258/5294/6035
f 5248/5274/6036 5290/5297/6036 5289/5296/6036
f 5259/5298/6037 5290/5297/6037 5248/5274/6037
f 5259/5298/6038 5260/5299/6038 5290/5297/6038
f 5261/5298/6039 5260/5300/6039 5259/5301/6039
f 5261/5298/6040 5262/5299/6040 5260/5300/6040
f 5261/5298/6041 5288/5297/6041 5262/5299/6041
f 5261/5298/6042 5256/5274/6042 5288/5297/6042
f 5263/5273/6043 5256/5274/6043 5261/5298/6043
f 5240/5258/6044 5256/5274/6044 5263/5273/6044
f 5239/5257/6045 5240/5258/6045 5263/5273/6045
f 5239/5255/6046 5263/5302/6046 5238/5256/6046
f 5238/5256/6047 5263/5302/6047 5265/5303/6047
f 5265/5303/6048 5263/5302/6048 5247/5304/6048
f 5263/5305/6049 5259/5306/6049 5247/5307/6049
f 5261/5308/6049 5259/5306/6049 5263/5305/6049
f 5247/5273/6050 5259/5298/6050 5248/5274/6050
f 5265/5303/6051 5247/5304/6051 5245/5309/6051
f 5264/5310/6052 5265/5303/6052 5245/5309/6052
f 5266/5253/6053 5265/5252/6053 5264/5244/6053
f 5236/5253/6054 5265/5311/6054 5266/5312/6054
f 5238/5252/6054 5265/5311/6054 5236/5253/6054
f 5235/5250/6055 5236/5251/6055 5266/5313/6055
f 5235/5250/6056 5266/5313/6056 5267/5314/6056
f 5266/5253/6057 5264/5244/6057 5267/5246/6057
f 5268/5247/6058 5267/5246/6058 5264/5244/6058
f 5268/5315/6059 5235/5250/6059 5267/5314/6059
f 5269/5248/6060 5235/5250/6060 5268/5315/6060
f 5269/5316/6061 5268/5247/6061 5270/5245/6061
f 5268/5247/6062 5264/5244/6062 5270/5245/6062
f 5264/5244/6063 5271/5234/6063 5270/5245/6063
f 5264/5244/6064 5245/5257/6064 5271/5234/6064
f 5270/5317/6065 5271/5318/6065 5272/5319/6065
f 5272/5236/6066 5271/5234/6066 5231/5235/6066
f 5270/5320/6067 5272/5321/6067 5231/5239/6067
f 5233/5240/6068 5270/5320/6068 5231/5239/6068
f 5233/5322/6061 5269/5316/6061 5270/5245/6061
f 5256/5274/6069 5273/5296/6069 5288/5297/6069
f 5256/5274/6070 5274/5294/6070 5273/5296/6070
f 5256/5274/6071 5275/5295/6071 5274/5294/6071
f 5275/5295/6072 5256/5274/6072 5257/5293/6072
f 5275/5295/6073 5257/5323/6073 5276/5324/6073
f 5258/5294/6074 5276/5325/6074 5257/5295/6074
f 5274/5326/6075 5276/5325/6075 5258/5294/6075
f 5277/5327/6075 5276/5325/6075 5274/5326/6075
f 5275/5295/6073 5276/5324/6073 5277/5325/6073
f 5274/5294/6076 5275/5295/6076 5277/5325/6076
f 5274/5328/6077 5258/5329/6077 5278/5330/6077
f 5289/5296/6078 5278/5330/6078 5258/5294/6078
f 5284/5331/6079 5278/5330/6079 5289/5296/6079
f 5279/5332/6080 5278/5330/6080 5284/5331/6080
f 5280/5333/6081 5278/5330/6081 5279/5332/6081
f 5281/5334/6081 5278/5330/6081 5280/5333/6081
f 5274/5328/6077 5278/5330/6077 5281/5335/6077
f 5282/5331/6082 5274/5294/6082 5281/5330/6082
f 5282/5331/6083 5273/5296/6083 5274/5294/6083
f 5273/5336/6084 5282/5337/6084 5284/5331/6084
f 5282/5331/6085 5283/5338/6085 5284/5337/6085
f 5283/5338/6086 5282/5331/6086 5281/5330/6086
f 5283/5338/6087 5281/5330/6087 5280/5332/6087
f 5285/5339/6088 5283/5338/6088 5280/5332/6088
f 5283/5340/6089 5285/5341/6089 5287/5342/6089
f 5285/5343/6090 5286/5344/6090 5287/5345/6090
f 5288/5297/6091 5286/5346/6091 5285/5339/6091
f 5288/5297/6091 5290/5347/6091 5286/5346/6091
f 5288/5348/6092 5289/5349/6092 5290/5350/6092
f 5273/5351/6092 5289/5349/6092 5288/5348/6092
f 5273/5336/6084 5284/5331/6084 5289/5296/6084
f 5260/5299/6093 5286/5339/6093 5290/5297/6093
f 5294/5352/6094 5286/5339/6094 5260/5299/6094
f 5294/5352/6095 5291/5353/6095 5286/5339/6095
f 5294/5352/6096 5292/5354/6096 5291/5353/6096
f 5293/5352/6097 5292/5355/6097 5294/5356/6097
f 5293/5352/6097 5295/5354/6097 5292/5355/6097
f 5293/5352/6098 5285/5339/6098 5295/5354/6098
f 5293/5352/6099 5288/5297/6099 5285/5339/6099
f 5293/5352/6100 5262/5299/6100 5288/5297/6100
f 5262/5299/6101 5293/5352/6101 5294/5356/6101
f 5262/5299/6101 5294/5356/6101 5260/5300/6101
f 5295/5354/6102 5285/5339/6102 5296/5353/6102
f 5296/5353/6103 5285/5339/6103 5280/5332/6103
f 5280/5357/6104 5279/5332/6104 5296/5358/6104
f 5296/5358/6104 5279/5332/6104 5291/5353/6104
f 5291/5353/6105 5279/5332/6105 5287/5338/6105
f 5287/5338/6106 5279/5332/6106 5284/5331/6106
f 5283/5338/6107 5287/5359/6107 5284/5337/6107
f 5291/5353/6108 5287/5338/6108 5286/5339/6108
f 5296/5358/6109 5291/5353/6109 5295/5360/6109
f 5295/5360/6110 5291/5353/6110 5292/5354/6110
f 5309/5361/6111 5319/5362/6111 5310/5363/6111
f 5309/5361/6112 5311/5364/6112 5319/5362/6112
f 5309/5361/6113 5312/5365/6113 5311/5364/6113
f 5311/5364/6114 5312/5365/6114 5323/5366/6114
f 5312/5365/6115 5313/5367/6115 5323/5366/6115
f 5313/5365/6116 5318/5362/6116 5323/5364/6116
f 5313/5365/6117 5314/5361/6117 5318/5362/6117
f 5317/5368/6118 5318/5362/6118 5314/5361/6118
f 5317/5368/6119 5315/5363/6119 5318/5362/6119
f 5316/5368/6120 5315/5369/6120 5317/5370/6120
f 5310/5363/6120 5315/5369/6120 5316/5368/6120
f 5318/5371/6121 5315/5372/6121 5310/5373/6121
f 5319/5374/6122 5318/5371/6122 5310/5373/6122
f 5320/5375/6123 5318/5371/6123 5319/5374/6123
f 5323/5364/6124 5318/5362/6124 5320/5376/6124
f 5321/5377/6125 5323/5364/6125 5320/5376/6125
f 5322/5378/6126 5323/5379/6126 5321/5380/6126
f 5322/5378/6127 5311/5375/6127 5323/5379/6127
f 5322/5377/6128 5324/5381/6128 5311/5364/6128
f 5311/5364/6129 5324/5381/6129 5325/5376/6129
f 5324/5380/6130 5330/5378/6130 5325/5379/6130
f 5326/5382/6131 5330/5378/6131 5324/5380/6131
f 5327/5383/6132 5326/5382/6132 5324/5380/6132
f 5327/5384/6133 5329/5385/6133 5326/5386/6133
f 5329/5385/6134 5328/5387/6134 5326/5386/6134
f 5329/5382/6135 5321/5380/6135 5328/5383/6135
f 5329/5382/6136 5322/5378/6136 5321/5380/6136
f 5330/5378/6137 5320/5375/6137 5325/5379/6137
f 5321/5377/6138 5320/5376/6138 5330/5381/6138
f 5325/5379/6139 5320/5375/6139 5319/5374/6139
f 5311/5364/6140 5325/5376/6140 5319/5362/6140
f 5309/5361/6141 5310/5363/6141 5316/5368/6141
f 5333/5388/5916 5334/5389/5916 5335/5390/5916
f 5334/5389/6142 5341/5391/6142 5335/5390/6142
f 5334/5389/6143 5336/5392/6143 5341/5391/6143
f 5332/5393/6144 5338/5394/6144 5337/5395/6144
f 5339/5396/6031 5338/5394/6031 5332/5393/6031
f 5333/5388/6145 5335/5390/6145 5340/5397/6145
f 5331/5398/6011 5339/5396/6011 5332/5393/6011
f 5341/5399/6146 5342/5400/6146 5345/5401/6146
f 5341/5399/6147 5343/5402/6147 5342/5400/6147
f 5336/5392/6148 5343/5403/6148 5341/5391/6148
f 5336/5392/6148 5344/5404/6148 5343/5403/6148
f 5336/5399/6149 5337/5401/6149 5344/5402/6149
f 5344/5402/6150 5337/5401/6150 5346/5400/6150
f 5337/5395/6151 5345/5405/6151 5346/5406/6151
f 5338/5394/6152 5345/5405/6152 5337/5395/6152
f 5345/5405/6151 5342/5407/6151 5346/5406/6151
f 5346/5408/6153 5342/5400/6153 5349/5409/6153
f 5349/5409/6153 5342/5400/6153 5347/5410/6153
f 5343/5402/6154 5347/5410/6154 5342/5400/6154
f 5348/5411/6155 5347/5410/6155 5343/5402/6155
f 5352/5412/6156 5347/5410/6156 5348/5413/6156
f 5349/5409/6156 5347/5410/6156 5352/5412/6156
f 5352/5411/6157 5344/5402/6157 5349/5410/6157
f 5350/5414/6158 5344/5402/6158 5352/5411/6158
f 5344/5402/6159 5350/5414/6159 5343/5415/6159
f 5350/5414/6160 5351/5416/6160 5343/5415/6160
f 5350/5417/6161 5348/5411/6161 5351/5414/6161
f 5350/5417/6161 5352/5418/6161 5348/5411/6161
f 5351/5414/6162 5348/5411/6162 5343/5402/6162
f 5344/5402/6163 5346/5400/6163 5349/5410/6163
f 5353/5419/6164 5354/5420/6164 5358/5421/6164
f 5353/5419/6165 5355/5422/6165 5354/5420/6165
f 5353/5419/6166 5356/5423/6166 5355/5422/6166
f 5356/5423/6167 5353/5419/6167 5357/5424/6167
f 5357/5424/6168 5353/5419/6168 5358/5425/6168
f 5358/5419/6169 5354/5422/6169 5357/5423/6169
f 5357/5423/6170 5354/5422/6170 5359/5426/6170
f 5356/5423/6171 5357/5427/6171 5359/5428/6171
f 5356/5423/6172 5359/5428/6172 5360/5426/6172
f 5356/5423/6173 5360/5426/6173 5355/5422/6173
s 1
f 5297/5429/6174 5308/5430/6175 5298/5431/6176
f 5297/5429/6174 5299/5432/6177 5308/5430/6175
f 5308/5430/6175 5299/5432/6177 5300/5433/6178
f 5299/5432/6177 5301/5434/6179 5300/5433/6178
f 5301/5432/6179 5305/5431/6180 5300/5430/6178
f 5301/5432/6179 5302/5429/6181 5305/5431/6180
f 5303/5435/6182 5305/5431/6180 5302/5429/6181
f 5303/5435/6182 5306/5436/6183 5305/5431/6180
f 5304/5437/6184 5306/5436/6183 5303/5435/6182
f 5307/5438/6185 5306/5436/6183 5304/5437/6184
f 5305/5439/6180 5306/5440/6183 5307/5441/6185
f 5298/5442/6176 5305/5439/6180 5307/5441/6185
f 5300/5443/6178 5305/5439/6180 5298/5442/6176
f 5308/5444/6175 5300/5443/6178 5298/5442/6176
f 5297/5429/6174 5298/5431/6176 5307/5436/6185
f 5297/5429/6174 5307/5436/6185 5304/5435/6184
f 5334/5445/6186 5331/5446/6187 5332/5447/6188
f 5334/5445/6186 5333/5448/6189 5331/5446/6187
f 5334/5445/6186 5332/5447/6188 5336/5399/6190
f 5336/5399/6190 5332/5447/6188 5337/5401/6191
f 5340/5448/6192 5338/5447/6193 5339/5446/6194
f 5340/5448/6192 5335/5445/6195 5338/5447/6193
f 5333/5448/6189 5340/5449/6192 5339/5450/6194
f 5331/5446/6187 5333/5448/6189 5339/5450/6194
f 5335/5445/6195 5345/5401/6196 5338/5447/6193
f 5341/5399/6197 5345/5401/6196 5335/5445/6195
