# Blender 4.2.3 LTS
# www.blender.org
o cir_25
v -0.277785 0.000000 0.415735
v -0.353553 0.000000 0.353554
v 0.000000 0.000000 0.000000
v -0.191341 0.000000 0.461940
v -0.417745 0.119773 0.173036
v -0.375960 0.119773 0.251209
v -0.373428 0.127400 0.249517
v -0.414931 0.127400 0.171870
v 0.251209 0.119773 -0.375960
v 0.173036 0.119773 -0.417745
v 0.171870 0.127400 -0.414931
v 0.249516 0.127400 -0.373428
v 0.000000 0.119773 0.452164
v 0.088213 0.119773 0.443475
v 0.087618 0.127400 0.440488
v 0.000000 0.127400 0.449118
v -0.319728 0.119773 0.319729
v -0.317573 0.127400 0.317575
v 0.088212 0.119773 -0.443475
v 0.087618 0.127400 -0.440488
v 0.173036 0.119773 0.417745
v 0.171870 0.127400 0.414931
v -0.251208 0.119773 0.375961
v -0.249516 0.127400 0.373429
v 0.000000 0.119773 -0.452164
v 0.000000 0.127400 -0.449118
v 0.251209 0.119773 0.375960
v 0.249516 0.127400 0.373428
v -0.173035 0.119773 0.417745
v -0.171869 0.127400 0.414931
v -0.088213 0.119773 -0.443475
v -0.087618 0.127400 -0.440488
v 0.319729 0.119773 0.319729
v 0.317575 0.127400 0.317575
v -0.088212 0.119773 0.443475
v -0.087618 0.127400 0.440489
v -0.173036 0.119773 -0.417745
v -0.171870 0.127400 -0.414931
v 0.375960 0.119773 0.251209
v 0.373428 0.127400 0.249516
v -0.251209 0.119773 -0.375960
v -0.249516 0.127400 -0.373428
v 0.417745 0.119773 0.173036
v 0.414931 0.127400 0.171870
v -0.319729 0.119773 -0.319728
v -0.317575 0.127400 -0.317575
v 0.443475 0.119773 0.088213
v 0.440488 0.127400 0.087618
v -0.375961 0.119773 -0.251208
v -0.373428 0.127400 -0.249516
v 0.452164 0.119773 -0.000000
v 0.449118 0.127400 -0.000000
v -0.417745 0.119773 -0.173036
v -0.414931 0.127400 -0.171869
v 0.443475 0.119773 -0.088212
v 0.440488 0.127400 -0.087618
v -0.443475 0.119773 -0.088212
v -0.440489 0.127400 -0.087618
v 0.417745 0.119773 -0.173036
v 0.414931 0.127400 -0.171869
v -0.452164 0.119773 -0.000000
v -0.449118 0.127400 -0.000000
v 0.375960 0.119773 -0.251209
v 0.373428 0.127400 -0.249516
v -0.443475 0.119773 0.088213
v -0.440488 0.127400 0.087619
v 0.319729 0.119773 -0.319729
v 0.317575 0.127400 -0.317575
v 0.277785 -0.000000 -0.415735
v 0.353553 -0.000000 -0.353553
v 0.191342 -0.000000 -0.461940
v 0.000000 0.127400 -0.000000
v -0.415735 0.000000 0.277786
v -0.461940 0.000000 0.191342
v -0.490393 0.000000 0.097546
v -0.500000 0.000000 0.000000
v 0.415735 -0.000000 -0.277785
v 0.461940 -0.000000 -0.191342
v -0.490393 -0.000000 -0.097545
v -0.461940 -0.000000 -0.191342
v 0.490393 -0.000000 -0.097545
v 0.500000 0.000000 0.000000
v -0.415735 -0.000000 -0.277785
v -0.353554 -0.000000 -0.353553
v 0.490393 0.000000 0.097545
v 0.461940 0.000000 0.191342
v 0.097545 0.000000 0.490393
v 0.000000 0.000000 0.500000
v 0.191342 0.000000 0.461940
v -0.277786 -0.000000 -0.415735
v -0.191342 -0.000000 -0.461940
v 0.415735 0.000000 0.277785
v 0.353553 0.000000 0.353553
v -0.097545 0.000000 0.490393
v 0.277785 0.000000 0.415735
v 0.097545 -0.000000 -0.490393
v 0.000000 -0.000000 -0.500000
v -0.097545 -0.000000 -0.490393
v 0.350702 0.010098 -0.350702
v 0.275545 0.010098 -0.412382
v -0.486437 0.010098 0.096759
v -0.458213 0.010098 0.189799
v 0.412382 0.010098 -0.275545
v -0.495967 0.010098 -0.000000
v 0.458214 0.010098 -0.189798
v -0.486438 0.010098 -0.096758
v 0.486438 0.010098 -0.096758
v -0.458214 0.010098 -0.189798
v 0.495967 0.010098 -0.000000
v -0.412382 0.010098 -0.275544
v 0.486437 0.010098 0.096758
v -0.350702 0.010098 -0.350701
v 0.458214 0.010098 0.189798
v -0.275545 0.010098 -0.412382
v 0.412382 0.010098 0.275545
v -0.189799 0.010098 -0.458213
v -0.096757 0.010098 0.486438
v 0.000000 0.010098 0.495967
v 0.350702 0.010098 0.350702
v -0.096758 0.010098 -0.486437
v -0.189798 0.010098 0.458214
v 0.275545 0.010098 0.412382
v 0.000000 0.010098 -0.495967
v -0.275544 0.010098 0.412382
v 0.189798 0.010098 0.458214
v 0.096758 0.010098 -0.486438
v -0.350701 0.010098 0.350702
v 0.096758 0.010098 0.486437
v 0.189798 0.010098 -0.458214
v -0.412382 0.010098 0.275545
vn -0.4645 -0.5486 0.6952
vn -0.5912 -0.5486 0.5912
vn -0.0000 -1.0000 -0.0000
vn -0.3199 -0.5487 0.7724
vn -0.8580 0.3709 0.3554
vn -0.7722 0.3709 0.5159
vn -0.4814 0.8153 0.3217
vn -0.5349 0.8153 0.2216
vn 0.5159 0.3709 -0.7722
vn 0.3554 0.3709 -0.8580
vn 0.2216 0.8153 -0.5349
vn 0.3217 0.8153 -0.4814
vn -0.0000 0.3709 0.9287
vn 0.1812 0.3709 0.9108
vn 0.1130 0.8153 0.5679
vn -0.0000 0.8153 0.5790
vn -0.6567 0.3709 0.6567
vn -0.4094 0.8153 0.4094
vn 0.1812 0.3709 -0.9108
vn 0.1130 0.8153 -0.5679
vn 0.3554 0.3709 0.8580
vn 0.2216 0.8153 0.5349
vn -0.5159 0.3709 0.7722
vn -0.3217 0.8153 0.4814
vn -0.0000 0.3709 -0.9287
vn -0.0000 0.8153 -0.5790
vn 0.5159 0.3709 0.7722
vn 0.3217 0.8153 0.4814
vn -0.3554 0.3709 0.8580
vn -0.2216 0.8153 0.5350
vn -0.1812 0.3709 -0.9108
vn -0.1130 0.8153 -0.5679
vn 0.6567 0.3709 0.6567
vn 0.4094 0.8153 0.4094
vn -0.1812 0.3709 0.9108
vn -0.1130 0.8153 0.5679
vn -0.3554 0.3709 -0.8580
vn -0.2216 0.8153 -0.5349
vn 0.7722 0.3709 0.5159
vn 0.4814 0.8153 0.3217
vn -0.5159 0.3709 -0.7722
vn -0.3217 0.8153 -0.4814
vn 0.8580 0.3709 0.3554
vn 0.5349 0.8153 0.2216
vn -0.6567 0.3709 -0.6567
vn -0.4094 0.8153 -0.4094
vn 0.9108 0.3709 0.1812
vn 0.5679 0.8153 0.1130
vn -0.7722 0.3709 -0.5159
vn -0.4814 0.8153 -0.3217
vn 0.9287 0.3709 -0.0000
vn 0.5790 0.8153 -0.0000
vn -0.8580 0.3709 -0.3554
vn -0.5349 0.8153 -0.2216
vn 0.9108 0.3709 -0.1812
vn 0.5679 0.8153 -0.1130
vn -0.9108 0.3709 -0.1812
vn -0.5679 0.8153 -0.1130
vn 0.8580 0.3709 -0.3554
vn 0.5349 0.8153 -0.2216
vn -0.9287 0.3709 -0.0000
vn -0.5790 0.8153 -0.0000
vn 0.7722 0.3709 -0.5159
vn 0.4814 0.8153 -0.3217
vn -0.9108 0.3709 0.1812
vn -0.5679 0.8153 0.1130
vn 0.6567 0.3709 -0.6567
vn 0.4094 0.8153 -0.4094
vn 0.4645 -0.5487 -0.6951
vn 0.5912 -0.5487 -0.5912
vn 0.3199 -0.5487 -0.7724
vn -0.0000 1.0000 -0.0000
vn -0.6952 -0.5486 0.4645
vn -0.7724 -0.5486 0.3199
vn -0.8200 -0.5486 0.1631
vn -0.8360 -0.5487 -0.0000
vn 0.6951 -0.5487 -0.4645
vn 0.7724 -0.5487 -0.3199
vn -0.8200 -0.5487 -0.1631
vn -0.7724 -0.5487 -0.3199
vn 0.8200 -0.5487 -0.1631
vn 0.8360 -0.5487 -0.0000
vn -0.6952 -0.5486 -0.4645
vn -0.5912 -0.5486 -0.5912
vn 0.8200 -0.5486 0.1631
vn 0.7724 -0.5487 0.3199
vn 0.1631 -0.5486 0.8200
vn -0.0000 -0.5487 0.8360
vn 0.3199 -0.5487 0.7724
vn -0.4645 -0.5486 -0.6952
vn -0.3199 -0.5486 -0.7724
vn 0.6951 -0.5487 0.4645
vn 0.5912 -0.5487 0.5912
vn -0.1631 -0.5487 0.8200
vn 0.4645 -0.5487 0.6951
vn 0.1631 -0.5487 -0.8200
vn -0.0000 -0.5487 -0.8360
vn -0.1631 -0.5486 -0.8200
vt 0.962263 0.030648
vt 0.962264 0.030648
vt 0.962264 0.030648
vt 0.962263 0.030648
vt 0.962263 0.030644
vt 0.962262 0.030644
vt 0.962267 0.030644
vt 0.962262 0.030645
vt 0.962263 0.030645
vt 0.962263 0.030645
vt 0.962266 0.030644
vt 0.962264 0.030645
vt 0.962265 0.030644
vt 0.962265 0.030645
vt 0.962264 0.030644
vt 0.962266 0.030645
vt 0.962263 0.030644
vt 0.962267 0.030645
vt 0.962265 0.030647
vt 0.962264 0.030647
vt 0.962266 0.030647
vt 0.762639 0.144874
vt 0.760659 0.125001
vt 0.862537 0.124886
vt 0.768459 0.163979
vt 0.947309 0.181390
vt 0.934657 0.196843
vt 0.956704 0.163766
vt 0.919233 0.209530
vt 0.901630 0.218964
vt 0.777765 0.068381
vt 0.790418 0.052929
vt 0.768371 0.086005
vt 0.882525 0.224783
vt 0.862652 0.226763
vt 0.805841 0.040241
vt 0.823444 0.030807
vt 0.919041 0.040114
vt 0.934494 0.052766
vt 0.901418 0.030719
vt 0.842775 0.224828
vt 0.823657 0.219052
vt 0.842549 0.024988
vt 0.862422 0.023008
vt 0.947181 0.068190
vt 0.956616 0.085792
vt 0.806033 0.209658
vt 0.790580 0.197006
vt 0.882299 0.024943
vt 0.962435 0.104897
vt 0.964415 0.124771
vt 0.777893 0.181582
vt 0.962265 0.030648
vt 0.962266 0.030648
vt 0.962263 0.030647
vt 0.962267 0.030648
vt 0.962263 0.030647
vt 0.962267 0.030648
vt 0.962262 0.030647
vt 0.962262 0.030648
vt 0.962262 0.030648
vt 0.962267 0.030647
vt 0.762595 0.105123
vt 0.962479 0.144648
vt 0.999085 0.096285
vt 0.999089 0.103637
vt 0.978659 0.115649
vt 0.978656 0.108947
vt 0.999134 0.191855
vt 0.999138 0.199206
vt 0.978704 0.202779
vt 0.978700 0.196077
vt 0.999082 0.088934
vt 0.978652 0.102245
vt 0.999130 0.184503
vt 0.978697 0.189374
vt 0.999078 0.081582
vt 0.978649 0.095542
vt 0.999127 0.177152
vt 0.978694 0.182672
vt 0.999074 0.074230
vt 0.978645 0.088840
vt 0.999123 0.169800
vt 0.978690 0.175970
vt 0.999070 0.066879
vt 0.978642 0.082138
vt 0.999119 0.162449
vt 0.978687 0.169268
vt 0.999067 0.059527
vt 0.978638 0.075435
vt 0.999116 0.155097
vt 0.978683 0.162565
vt 0.999063 0.052176
vt 0.978635 0.068733
vt 0.999112 0.147746
vt 0.978680 0.155863
vt 0.999059 0.044824
vt 0.978631 0.062031
vt 0.999108 0.140394
vt 0.978676 0.149161
vt 0.999158 0.236127
vt 0.999158 0.243154
vt 0.978723 0.243154
vt 0.978723 0.236127
vt 0.999055 0.037473
vt 0.978628 0.055329
vt 0.999104 0.133043
vt 0.978673 0.142458
vt 0.999153 0.228612
vt 0.999157 0.235964
vt 0.978721 0.236291
vt 0.978718 0.229588
vt 0.999052 0.030121
vt 0.978625 0.048626
vt 0.999101 0.125691
vt 0.978669 0.135756
vt 0.999149 0.221261
vt 0.978714 0.222886
vt 0.999048 0.022770
vt 0.978621 0.041924
vt 0.999097 0.118340
vt 0.978666 0.129054
vt 0.999145 0.213909
vt 0.978711 0.216184
vt 0.999044 0.015418
vt 0.978618 0.035222
vt 0.999093 0.110988
vt 0.978662 0.122352
vt 0.999142 0.206558
vt 0.978707 0.209481
vt 0.999041 0.008067
vt 0.978614 0.028519
vt 0.962262 0.030644
vt 0.962267 0.030644
s 1
f 1/1/1 2/2/2 3/3/3 4/4/4
f 5/5/5 6/6/6 7/6/7 8/5/8
f 9/7/9 10/7/10 11/7/11 12/7/12
f 13/8/13 14/9/14 15/9/15 16/8/16
f 6/6/6 17/6/17 18/6/18 7/6/7
f 10/7/10 19/7/19 20/7/20 11/7/11
f 14/9/14 21/9/21 22/9/22 15/9/15
f 17/6/17 23/6/23 24/6/24 18/6/18
f 19/7/19 25/7/25 26/7/26 20/7/20
f 21/9/21 27/10/27 28/10/28 22/9/22
f 23/6/23 29/6/29 30/6/30 24/6/24
f 25/7/25 31/11/31 32/11/32 26/7/26
f 27/10/27 33/10/33 34/10/34 28/10/28
f 29/6/29 35/6/35 36/6/36 30/6/30
f 31/11/31 37/11/37 38/11/38 32/11/32
f 33/10/33 39/12/39 40/12/40 34/10/34
f 35/6/35 13/8/13 16/8/16 36/6/36
f 37/11/37 41/13/41 42/13/42 38/11/38
f 39/12/39 43/12/43 44/12/44 40/12/40
f 41/13/41 45/13/45 46/13/46 42/13/42
f 43/12/43 47/14/47 48/14/48 44/12/44
f 45/13/45 49/15/49 50/15/50 46/13/46
f 47/14/47 51/14/51 52/14/52 48/14/48
f 49/15/49 53/15/53 54/15/54 50/15/50
f 51/14/51 55/16/55 56/16/56 52/14/52
f 53/15/53 57/17/57 58/17/58 54/15/54
f 55/16/55 59/16/59 60/16/60 56/16/56
f 57/17/57 61/17/61 62/17/62 58/17/58
f 59/16/59 63/18/63 64/18/64 60/16/60
f 61/17/61 65/5/65 66/5/66 62/17/62
f 63/18/63 67/7/67 68/7/68 64/18/64
f 65/5/65 5/5/5 8/5/8 66/5/66
f 67/7/67 9/7/9 12/7/12 68/7/68
f 69/19/69 70/20/70 3/3/3 71/21/71
f 58/22/58 62/23/62 72/24/72 54/25/54
f 64/26/64 68/27/68 72/24/72 60/28/60
f 12/29/12 11/30/11 72/24/72 68/27/68
f 7/31/7 18/32/18 72/24/72 8/33/8
f 20/34/20 26/35/26 72/24/72 11/30/11
f 24/36/24 30/37/30 72/24/72 18/32/18
f 28/38/28 34/39/34 72/24/72 22/40/22
f 32/41/32 38/42/38 72/24/72 26/35/26
f 36/43/36 16/44/16 72/24/72 30/37/30
f 40/45/40 44/46/44 72/24/72 34/39/34
f 42/47/42 46/48/46 72/24/72 38/42/38
f 15/49/15 22/40/22 72/24/72 16/44/16
f 44/46/44 48/50/48 52/51/52 72/24/72
f 46/48/46 50/52/50 54/25/54 72/24/72
f 2/2/2 73/2/73 74/53/74 3/3/3
f 74/53/74 75/54/75 76/54/76 3/3/3
f 77/20/77 78/55/78 3/3/3 70/20/70
f 79/56/79 80/56/80 3/3/3 76/54/76
f 81/57/81 82/57/82 3/3/3 78/55/78
f 83/58/83 84/58/84 3/3/3 80/56/80
f 85/59/85 86/59/86 3/3/3 82/57/82
f 87/60/87 88/60/88 3/3/3 89/61/89
f 90/58/90 91/62/91 3/3/3 84/58/84
f 92/59/92 93/61/93 3/3/3 86/59/86
f 94/4/94 4/4/4 3/3/3 88/60/88
f 95/61/95 89/61/89 3/3/3 93/61/93
f 96/21/96 71/21/71 3/3/3 97/62/97
f 66/63/66 8/33/8 72/24/72 62/23/62
f 56/64/56 60/28/60 72/24/72 52/51/52
f 98/62/98 97/62/97 3/3/3 91/62/91
f 99/65/67 100/66/9 9/67/9 67/68/67
f 101/69/65 102/70/5 5/71/5 65/72/65
f 103/73/63 99/65/67 67/68/67 63/74/63
f 104/75/61 101/69/65 65/72/65 61/76/61
f 105/77/59 103/73/63 63/74/63 59/78/59
f 106/79/57 104/75/61 61/76/61 57/80/57
f 107/81/55 105/77/59 59/78/59 55/82/55
f 108/83/53 106/79/57 57/80/57 53/84/53
f 109/85/51 107/81/55 55/82/55 51/86/51
f 110/87/49 108/83/53 53/84/53 49/88/49
f 111/89/47 109/85/51 51/86/51 47/90/47
f 112/91/45 110/87/49 49/88/49 45/92/45
f 113/93/43 111/89/47 47/90/47 43/94/43
f 114/95/41 112/91/45 45/92/45 41/96/41
f 115/97/39 113/93/43 43/94/43 39/98/39
f 116/99/37 114/95/41 41/96/41 37/100/37
f 117/101/35 118/102/13 13/103/13 35/104/35
f 119/105/33 115/97/39 39/98/39 33/106/33
f 120/107/31 116/99/37 37/100/37 31/108/31
f 121/109/29 117/110/35 35/111/35 29/112/29
f 122/113/27 119/105/33 33/106/33 27/114/27
f 123/115/25 120/107/31 31/108/31 25/116/25
f 124/117/23 121/109/29 29/112/29 23/118/23
f 125/119/21 122/113/27 27/114/27 21/120/21
f 126/121/19 123/115/25 25/116/25 19/122/19
f 127/123/17 124/117/23 23/118/23 17/124/17
f 128/125/14 125/119/21 21/120/21 14/126/14
f 129/127/10 126/121/19 19/122/19 10/128/10
f 130/129/6 127/123/17 17/124/17 6/130/6
f 118/131/13 128/125/14 14/126/14 13/132/13
f 100/66/9 129/127/10 10/128/10 9/67/9
f 102/70/5 130/129/6 6/130/6 5/71/5
f 74/53/74 73/2/73 130/133/6 102/133/5
f 69/19/69 71/21/71 129/7/10 100/7/9
f 88/60/88 87/60/87 128/8/14 118/8/13
f 73/2/73 2/2/2 127/6/17 130/133/6
f 71/21/71 96/21/96 126/7/19 129/7/10
f 87/60/87 89/61/89 125/9/21 128/8/14
f 2/2/2 1/1/1 124/6/23 127/6/17
f 96/21/96 97/62/97 123/134/25 126/7/19
f 89/61/89 95/61/95 122/9/27 125/9/21
f 1/1/1 4/4/4 121/6/29 124/6/23
f 97/62/97 98/62/98 120/134/31 123/134/25
f 95/61/95 93/61/93 119/10/33 122/9/27
f 4/4/4 94/4/94 117/6/35 121/6/29
f 98/62/98 91/62/91 116/11/37 120/134/31
f 93/61/93 92/59/92 115/12/39 119/10/33
f 94/4/94 88/60/88 118/8/13 117/6/35
f 91/62/91 90/58/90 114/11/41 116/11/37
f 92/59/92 86/59/86 113/12/43 115/12/39
f 90/58/90 84/58/84 112/13/45 114/11/41
f 86/59/86 85/59/85 111/14/47 113/12/43
f 84/58/84 83/58/83 110/15/49 112/13/45
f 85/59/85 82/57/82 109/16/51 111/14/47
f 83/58/83 80/56/80 108/15/53 110/15/49
f 82/57/82 81/57/81 107/16/55 109/16/51
f 80/56/80 79/56/79 106/17/57 108/15/53
f 81/57/81 78/55/78 105/18/59 107/16/55
f 79/56/79 76/54/76 104/5/61 106/17/57
f 78/55/78 77/20/77 103/18/63 105/18/59
f 76/54/76 75/54/75 101/5/65 104/5/61
f 77/20/77 70/20/70 99/7/67 103/18/63
f 75/54/75 74/53/74 102/133/5 101/5/65
f 70/20/70 69/19/69 100/7/9 99/7/67
o grevious_cmd
v 0.209037 0.383265 0.004088
v 0.245614 0.251545 0.279901
v 0.209359 0.380449 0.002738
v 0.241484 0.246698 0.278181
v 0.202460 0.375546 0.001348
v 0.205562 0.375993 0.001156
v 0.235015 0.247323 0.279305
v 0.199613 0.376567 0.002190
v 0.197784 0.378782 0.003455
v 0.232675 0.252795 0.282149
v 0.197462 0.381598 0.004805
v 0.234058 0.255689 0.283317
v 0.198734 0.384260 0.005878
v 0.236804 0.257642 0.283870
v 0.201259 0.386055 0.006387
v 0.240178 0.258127 0.283661
v 0.204361 0.386501 0.006195
v 0.243274 0.257017 0.282746
v 0.207207 0.385480 0.005353
v 0.244230 0.248650 0.278734
v 0.208087 0.377788 0.001665
v 0.244574 0.250386 0.282929
v 0.243489 0.248117 0.282014
v 0.241192 0.249203 0.284467
v 0.241337 0.246587 0.281580
v 0.240373 0.248622 0.284302
v 0.238111 0.246212 0.278390
v 0.238693 0.246206 0.281744
v 0.239368 0.248477 0.284364
v 0.236266 0.247077 0.282462
v 0.238444 0.248808 0.284637
v 0.233025 0.249732 0.280681
v 0.234707 0.248965 0.283540
v 0.237852 0.249526 0.285047
v 0.234432 0.251366 0.284691
v 0.237747 0.250439 0.285485
v 0.235517 0.253635 0.285606
v 0.238160 0.251302 0.285833
v 0.237669 0.255164 0.286040
v 0.238979 0.251884 0.285997
v 0.240313 0.255545 0.285876
v 0.239984 0.252029 0.285935
v 0.242740 0.254675 0.285158
v 0.240907 0.251698 0.285663
v 0.244300 0.252786 0.284079
v 0.245264 0.254607 0.281370
v 0.241500 0.250980 0.285252
v 0.241605 0.250067 0.284815
v 0.185631 0.424900 -0.073065
v 0.188086 0.400455 -0.043588
v 0.189659 0.409367 -0.039607
v 0.184093 0.416188 -0.076957
v 0.195697 0.395163 -0.047025
v 0.191533 0.411016 -0.080318
v 0.204880 0.398785 -0.046483
v 0.200510 0.414555 -0.079787
v 0.206453 0.407695 -0.042504
v 0.202047 0.423267 -0.075896
v 0.198843 0.412986 -0.039066
v 0.194607 0.428439 -0.072535
v 0.205733 0.406311 -0.040437
v 0.204328 0.398357 -0.043990
v 0.196133 0.395128 -0.044473
v 0.189342 0.399848 -0.041406
v 0.190745 0.407800 -0.037853
v 0.198940 0.411033 -0.037370
v 0.192775 0.420830 -0.078776
v 0.197884 0.381813 0.015704
v 0.195333 0.378203 0.004386
v 0.203638 0.380682 0.005283
v 0.201979 0.373770 0.001746
v 0.209906 0.376894 0.002213
v 0.211444 0.384554 0.005338
v 0.205981 0.385007 0.016183
v 0.204755 0.395931 -0.025087
v 0.206574 0.408336 -0.039622
v 0.208601 0.401184 -0.024232
v 0.202658 0.403064 -0.040920
v 0.201168 0.412093 -0.037173
v 0.203165 0.404963 -0.021769
v 0.196854 0.407097 -0.038293
v 0.199090 0.399867 -0.022521
v 0.206116 0.387004 -0.010383
v 0.208602 0.379778 -0.009445
v 0.208149 0.381468 -0.013051
v 0.206608 0.385174 -0.006481
v 0.205604 0.377661 -0.007833
v 0.203362 0.382882 -0.004735
v 0.202153 0.377234 -0.009827
v 0.199627 0.382422 -0.006893
v 0.201700 0.378925 -0.013434
v 0.199136 0.384253 -0.010797
v 0.204698 0.381041 -0.015045
v 0.202380 0.386542 -0.012541
v 0.205370 0.378836 -0.011708
v 0.197774 0.386298 -0.001385
v 0.196232 0.390003 0.005186
v 0.195778 0.391694 0.001580
v 0.198264 0.384468 0.002518
v 0.199682 0.390431 0.007180
v 0.201999 0.384928 0.004676
v 0.202682 0.392546 0.005567
v 0.205244 0.387219 0.002931
v 0.202228 0.394238 0.001961
v 0.204754 0.389049 -0.000974
v 0.198776 0.393811 -0.000033
v 0.201018 0.388587 -0.003130
v 0.199011 0.392635 0.003842
v 0.205249 0.384773 0.012105
v 0.201687 0.393569 0.009950
v 0.202349 0.391104 0.015209
v 0.204541 0.387414 0.006476
v 0.195811 0.391253 0.009603
v 0.198280 0.384946 0.006106
v 0.198989 0.382306 0.011736
v 0.196473 0.388787 0.014862
v 0.044286 0.397984 -0.026099
v 0.038484 0.419948 -0.046737
v 0.041812 0.412543 -0.027720
v 0.040848 0.438585 -0.028972
v 0.042750 0.420048 -0.020732
v 0.047258 0.439681 -0.005085
v 0.044170 0.421123 -0.010782
v 0.048866 0.415028 0.009368
v 0.047359 0.409574 -0.001471
v 0.063569 0.409803 -0.003951
v 0.065460 0.415527 0.007187
v 0.073471 0.388452 0.070928
v 0.074550 0.403333 0.086361
v 0.061774 0.439872 -0.007409
v 0.063509 0.421397 -0.013740
v 0.057773 0.439118 -0.031934
v 0.061876 0.421114 -0.024437
v 0.055333 0.420305 -0.049625
v 0.055619 0.391588 -0.047033
v 0.060858 0.413264 -0.031818
v 0.060445 0.403160 0.088452
v 0.057252 0.388372 0.073320
v 0.075537 0.372116 0.081683
v 0.077364 0.371896 0.101355
v 0.063153 0.371695 0.103529
v 0.059011 0.371874 0.084202
v 0.059952 0.342753 0.077437
v 0.062793 0.336054 0.094363
v 0.073429 0.342963 0.075384
v 0.075953 0.336240 0.092349
v 0.039807 0.391491 -0.044354
v 0.064949 0.403788 -0.029049
v 0.064786 0.412082 -0.029297
v 0.066807 0.418350 -0.015490
v 0.058089 0.398619 -0.035035
v 0.055724 0.415472 -0.037237
v 0.026414 0.399600 -0.031420
v 0.028073 0.389470 -0.020900
v 0.057742 0.388985 -0.025967
v 0.065925 0.398110 -0.023126
v 0.068026 0.404826 -0.009536
v 0.067797 0.412670 -0.009539
v 0.059596 0.427453 -0.010849
v 0.057211 0.426980 -0.026488
v 0.027550 0.425712 -0.021566
v 0.029828 0.426164 -0.006629
v 0.031539 0.416050 0.004056
v 0.032265 0.400751 0.005779
v 0.061866 0.402093 0.002436
v 0.061536 0.416858 0.000344
v 0.066615 0.394427 -0.019886
v 0.067370 0.400456 -0.016516
v 0.045518 0.387808 -0.015943
v 0.041355 0.375461 -0.026337
v 0.061369 0.368409 -0.021334
v 0.064954 0.383107 -0.007196
v 0.047200 0.391958 -0.001444
v 0.044821 0.366400 -0.009388
v 0.055201 0.387199 0.018523
v 0.029829 0.388237 -0.010331
v 0.026135 0.414710 -0.031834
v 0.065558 0.418102 -0.023676
v 0.068255 0.434773 -0.024957
v 0.029143 0.411891 -0.040588
v 0.065378 0.412413 -0.046026
v 0.032078 0.434156 -0.019425
v 0.067119 0.442142 -0.032899
v 0.030619 0.443572 -0.029170
v 0.027688 0.421358 -0.050299
v 0.064181 0.419732 -0.054003
v -0.022376 0.614029 0.053868
v -0.022698 0.602759 0.051392
v -0.002416 0.611034 0.058282
v -0.006826 0.606081 0.036699
v -0.007305 0.627290 0.047990
v -0.000582 0.601893 0.057292
v -0.012543 0.631608 0.055750
v -0.007186 0.614069 0.067718
v -0.009261 0.636530 0.063938
v -0.005040 0.615783 0.072186
v 0.006724 0.634118 0.067440
v 0.012739 0.614852 0.077558
v -0.019569 0.630833 0.082325
v -0.028388 0.621172 0.069289
v 0.009992 0.631960 0.089576
v 0.018994 0.642850 0.060125
v 0.035140 0.643208 0.074975
v 0.026394 0.623124 0.068322
v 0.023320 0.638394 0.049395
v 0.044218 0.636995 0.059340
v 0.029180 0.621822 0.062339
v 0.017726 0.631978 0.044414
v 0.038333 0.625125 0.044379
v 0.024216 0.614186 0.052894
v 0.015592 0.611912 0.029829
v 0.020753 0.603655 0.048329
v 0.036965 0.608928 0.033716
v -0.105669 0.158815 -0.225763
v -0.095008 0.138341 -0.237741
v -0.121336 0.136053 -0.226950
v -0.096254 0.137932 -0.213451
v -0.060723 0.643813 -0.082801
v -0.075368 0.634171 -0.089716
v -0.079711 0.651192 -0.082821
v -0.066174 0.624666 -0.075818
v -0.080206 0.636003 -0.070420
v -0.076479 0.651619 -0.075212
v -0.113099 0.642942 0.012075
v -0.108841 0.660334 0.011736
v -0.061629 0.645378 -0.074382
v -0.092515 0.656459 0.017994
v -0.113330 0.663627 0.019825
v -0.093397 0.658897 0.027466
v -0.111239 0.652224 0.038593
v -0.098595 0.637661 0.027880
v -0.118529 0.642392 0.020239
v -0.096772 0.639067 0.018333
v -0.065194 0.629800 -0.069443
v 0.257915 0.649526 -0.159776
v 0.259942 0.625207 -0.154313
v 0.265800 0.635152 -0.169332
v 0.252076 0.639766 -0.148895
v 0.241567 0.641762 -0.165311
v 0.256875 0.620375 -0.169551
v 0.272730 0.631163 -0.170112
v 0.266164 0.622398 -0.154962
v 0.272919 0.616301 -0.166705
v 0.281509 0.630739 -0.153810
v -0.059433 0.163337 -0.223314
v -0.039626 0.144044 -0.222623
v -0.064624 0.141313 -0.236132
v -0.065870 0.140904 -0.211842
v 0.039873 0.163165 0.096078
v 0.022588 0.142355 0.101834
v 0.050232 0.143059 0.108912
v 0.045678 0.140278 0.085179
v -0.059555 0.168473 -0.265092
v -0.063689 0.141038 -0.277794
v -0.040275 0.143418 -0.265877
v -0.045225 0.143270 -0.281989
v -0.108248 0.246372 -0.081399
v -0.118840 0.238051 -0.081630
v -0.105545 0.225763 -0.214841
v -0.129983 0.263605 -0.100204
v -0.125670 0.258955 -0.146408
v -0.117328 0.237269 -0.163182
v -0.105784 0.247381 -0.162742
v -0.095275 0.226125 -0.201121
v -0.097515 0.242064 -0.204580
v -0.104854 0.237678 -0.216933
v -0.095986 0.242030 -0.204789
v -0.086187 0.242603 -0.203873
v -0.074811 0.239434 -0.214127
v -0.084735 0.242813 -0.203395
v -0.072512 0.239886 -0.159002
v -0.073152 0.227670 -0.211840
v -0.086164 0.240011 -0.078547
v -0.069975 0.262155 -0.141472
v -0.074881 0.266802 -0.094855
v -0.085029 0.248591 -0.160809
v -0.085858 0.226688 -0.200314
v -0.085989 0.226339 -0.200424
v -0.084954 0.250260 -0.176443
v -0.103120 0.249215 -0.178148
v -0.101856 0.237531 -0.173336
v -0.094964 0.225825 -0.201247
v -0.097490 0.247042 -0.080362
v -0.085803 0.238443 -0.171818
v -0.087808 0.251050 -0.146303
v -0.106034 0.249987 -0.148066
v -0.106511 0.264416 -0.152093
v -0.116348 0.251642 -0.147144
v -0.102187 0.253490 -0.123274
v -0.119747 0.255682 -0.115549
v -0.116857 0.262997 -0.148705
v -0.102922 0.269006 -0.125425
v -0.097145 0.269343 -0.124886
v -0.088153 0.265454 -0.150377
v -0.078540 0.265193 -0.145177
v -0.081508 0.269536 -0.113501
v -0.078077 0.253866 -0.143623
v -0.081041 0.257921 -0.111934
v -0.095142 0.270289 -0.104312
v -0.097241 0.269469 -0.123941
v -0.096467 0.253824 -0.122740
v -0.102280 0.253615 -0.122403
v -0.103018 0.269131 -0.124480
v -0.120282 0.267291 -0.117127
v -0.108812 0.269497 -0.105597
v -0.096552 0.253949 -0.121868
v -0.108156 0.257531 -0.103997
v -0.094763 0.258299 -0.102746
v 0.016718 0.643210 0.054011
v 0.008595 0.599109 0.064405
v 0.023634 0.649110 0.070317
v 0.027095 0.598423 0.061388
v 0.034725 0.642375 0.057407
v 0.020126 0.605292 0.077211
v -0.162754 0.400876 0.078347
v -0.179498 0.398078 0.067135
v -0.167290 0.382198 0.091843
v -0.172655 0.392730 0.062406
v -0.180027 0.374034 0.074535
v -0.186182 0.379128 0.078936
v -0.134320 0.555015 -0.013295
v -0.139222 0.535342 -0.005289
v -0.143791 0.551509 0.006613
v -0.119204 0.539698 -0.007359
v -0.124983 0.544344 0.012158
v -0.136408 0.557851 0.008351
v -0.078897 0.603888 0.042911
v -0.091424 0.615898 0.038490
v -0.128634 0.560095 -0.007582
v -0.083635 0.618146 0.022522
v -0.088331 0.623859 0.043338
v -0.078820 0.626603 0.023842
v -0.067006 0.629403 0.042261
v -0.063524 0.611939 0.029239
v -0.073035 0.609194 0.048736
v -0.071107 0.606136 0.026943
v -0.116133 0.548112 -0.003170
v -0.145697 0.540948 0.014634
v -0.136759 0.536729 0.009125
v -0.166865 0.403373 0.063682
v -0.126989 0.510588 0.042951
v -0.160416 0.407672 0.075994
v -0.176153 0.408788 0.070443
v 0.004602 0.412616 0.004233
v -0.010250 0.443190 0.022617
v 0.005612 0.398582 0.021969
v -0.029714 0.398788 0.003988
v -0.010438 0.380332 -0.020148
v 0.003430 0.381236 -0.018343
v 0.003295 0.368225 -0.013597
v -0.010011 0.367021 -0.015192
v -0.020494 0.385347 0.019000
v -0.013536 0.424749 0.031669
v -0.025195 0.419589 0.030368
v -0.031594 0.433911 0.021246
v 0.138657 0.544937 -0.076494
v 0.118555 0.544460 -0.072059
v 0.127826 0.563761 -0.078369
v 0.129160 0.547378 -0.054313
v 0.115403 0.551114 -0.065461
v 0.084547 0.588273 0.000024
v 0.071867 0.590915 -0.012344
v 0.079906 0.591015 0.008232
v 0.064423 0.594241 -0.006868
v 0.068405 0.609840 0.008215
v 0.089638 0.609655 0.002235
v 0.074156 0.612881 -0.012865
v 0.092518 0.603539 -0.004888
v 0.136012 0.563710 -0.058023
v 0.143546 0.559734 -0.063040
v 0.123358 0.566347 -0.070362
v 0.079838 0.606181 -0.017255
v -0.002873 0.632062 0.009180
v -0.011096 0.630477 0.015004
v -0.019667 0.624275 0.032802
v -0.017854 0.671225 0.020692
v -0.036406 0.642945 0.044729
v -0.030130 0.633882 -0.014214
v -0.053158 0.618784 0.029562
v -0.007948 0.650138 0.003484
v -0.035869 0.609291 0.028472
v 0.013151 0.578456 0.035315
v -0.001154 0.576302 0.087653
v 0.019737 0.573555 0.087908
v 0.018969 0.599629 0.087920
v 0.003146 0.602165 0.087869
v -0.042830 0.597691 0.066085
v -0.054511 0.609200 0.050145
v -0.030134 0.620589 0.070371
v -0.003773 0.608812 0.065592
v 0.004986 0.603832 0.077828
v -0.001434 0.615842 0.071920
v 0.016222 0.602135 0.077781
v 0.032530 0.603036 0.080087
v 0.025897 0.604448 0.072291
v 0.027170 0.609723 0.057397
v 0.027884 0.616705 0.064155
v 0.010933 0.607504 0.058317
v 0.031419 0.612705 0.044124
v 0.007699 0.631095 0.010212
v 0.032497 0.619819 0.032142
v 0.023620 0.625785 0.020965
v 0.043057 0.645160 0.024051
v 0.053910 0.632291 0.034236
v 0.051719 0.622998 0.048704
v 0.037606 0.577424 0.077340
v 0.061862 0.600695 0.038358
v 0.063506 0.612577 0.018901
v 0.051661 0.621643 0.001844
v 0.013722 0.672111 0.012465
v -0.002834 0.678559 0.014564
v -0.012553 0.635026 -0.027148
v 0.009081 0.634966 -0.024664
v 0.042302 0.620667 0.015801
v -0.014252 0.611372 0.056331
v -0.021432 0.618229 0.046421
v -0.039789 0.629591 0.058917
v 0.014122 0.620669 0.071912
v 0.085568 0.162695 0.087363
v 0.080261 0.142750 0.103184
v 0.103341 0.141523 0.086432
v 0.075707 0.139969 0.079452
v 0.274505 0.647726 -0.155346
v 0.247691 0.653131 -0.159277
v 0.266360 0.637231 -0.146046
v 0.245823 0.638051 -0.166125
v 0.268664 0.635118 -0.163536
v 0.289655 0.627746 -0.151325
v 0.277205 0.629186 -0.143206
v 0.278811 0.627575 -0.161671
v 0.267648 0.612781 -0.152529
v 0.243364 0.640165 -0.150501
v 0.257185 0.644302 -0.164331
v 0.243379 0.653405 -0.149390
v 0.256903 0.651791 -0.146332
v 0.245199 0.645783 -0.163718
v 0.241903 0.643572 -0.148638
v 0.255742 0.642888 -0.145329
v 0.069439 0.228977 0.075875
v 0.050331 0.219684 0.068129
v 0.057084 0.229527 0.078002
v 0.071631 0.218735 0.064461
v 0.077911 0.155387 0.111249
v 0.054585 0.156426 0.115265
v 0.042545 0.158448 0.094764
v 0.059942 0.185759 0.068914
v 0.052517 0.215692 0.054583
v 0.064713 0.215149 0.052484
v 0.082543 0.156667 0.087876
v 0.068587 0.144691 0.099690
v 0.058554 0.145138 0.101419
v 0.053688 0.146402 0.093030
v 0.060406 0.147033 0.081623
v 0.070463 0.145654 0.090141
v 0.058319 0.159611 0.066251
v 0.089005 0.675509 -0.104768
v 0.086066 0.663791 -0.107440
v 0.119672 0.657405 -0.113660
v 0.122316 0.653654 -0.127257
v 0.083035 0.663496 -0.119225
v 0.122917 0.667918 -0.134945
v 0.173958 0.659475 -0.151173
v 0.173764 0.645395 -0.144062
v 0.243852 0.645792 -0.164355
v 0.243034 0.635135 -0.159887
v 0.199793 0.643000 -0.136268
v 0.246073 0.635705 -0.148892
v 0.202702 0.655194 -0.133372
v 0.183058 0.658629 -0.122722
v 0.179620 0.644261 -0.126092
v 0.128862 0.667199 -0.105970
v 0.125629 0.653685 -0.109140
v 0.122323 0.668759 -0.111048
v 0.087713 0.681919 -0.114977
v 0.127678 0.676295 -0.121951
v 0.084046 0.674631 -0.123614
v 0.179118 0.667824 -0.138793
v 0.248677 0.646448 -0.146375
v 0.247387 0.652840 -0.155736
v -0.020099 0.438728 -0.011701
v -0.055135 0.449571 -0.010395
v -0.025171 0.418829 0.011251
v -0.058508 0.441918 -0.017364
v -0.024250 0.429404 -0.020742
v -0.029330 0.409467 0.002256
v -0.063538 0.422073 0.005722
v -0.060225 0.429714 0.012756
v -0.084334 0.257641 -0.092176
v -0.120159 0.255538 -0.095525
v -0.112037 0.244878 -0.080200
v -0.092643 0.268270 -0.106789
v -0.076753 0.222715 -0.221042
v -0.082841 0.232089 -0.224007
v -0.110577 0.267221 -0.108465
v -0.094327 0.231418 -0.225079
v -0.087418 0.220196 -0.229784
v -0.082164 0.212667 -0.219130
v -0.093858 0.245941 -0.078500
v -0.093653 0.211998 -0.220194
v -0.099738 0.221368 -0.223177
v 0.061558 0.403604 -0.009383
v 0.055516 0.410580 0.032180
v 0.064488 0.398438 0.027363
v 0.049201 0.423646 -0.005224
v 0.071202 0.377232 0.061400
v 0.066457 0.384063 0.093919
v 0.055595 0.361015 0.087066
v 0.075281 0.361343 0.083813
v 0.060532 0.367112 0.057381
v 0.043523 0.387778 -0.013019
v 0.037732 0.405219 -0.005351
v 0.046062 0.398338 0.030455
v 0.055024 0.384831 0.025415
v 0.051363 0.376920 0.064638
v 0.064760 0.351411 0.079489
v 0.062047 0.395970 0.070043
v -0.001395 0.467029 0.051434
v -0.019713 0.511008 0.060807
v -0.018051 0.503095 0.071255
v -0.001067 0.471731 0.038044
v -0.034135 0.491506 0.037806
v -0.008883 0.470800 0.033194
v -0.012973 0.461564 0.048498
v -0.041668 0.481550 0.048020
v -0.057974 0.474301 0.020071
v -0.044628 0.482669 0.016705
v -0.011168 0.436415 0.018199
v -0.000055 0.446312 0.025833
v -0.005194 0.449985 0.039892
v -0.023302 0.439641 0.030071
v -0.038104 0.433429 0.008467
v -0.023101 0.431196 0.007166
v -0.019569 0.427691 -0.013577
v -0.038427 0.484351 -0.001328
v -0.049816 0.478788 -0.010759
v -0.023993 0.485241 -0.023015
v -0.011556 0.441259 -0.036872
v -0.021349 0.486368 -0.008108
v -0.006504 0.433687 -0.026040
v -0.033222 0.431411 -0.020157
v -0.079575 0.640831 -0.010512
v -0.091425 0.640189 0.015442
v -0.113758 0.632860 0.034868
v -0.092748 0.651685 0.013244
v -0.086133 0.648172 0.034215
v -0.109280 0.655360 0.042398
v -0.097752 0.669264 0.028449
v -0.094493 0.664655 0.012507
v -0.079522 0.661750 -0.014686
v -0.088276 0.643200 -0.063490
v -0.079003 0.647154 -0.042454
v -0.087661 0.628884 -0.043177
v -0.108004 0.645385 0.009612
v -0.125833 0.653274 0.028983
v -0.123862 0.657630 0.011064
v -0.174844 0.404019 0.069778
v -0.178611 0.374133 0.070926
v -0.184302 0.378776 0.084961
v -0.168233 0.394663 0.057828
v -0.168555 0.378442 0.084704
v -0.159226 0.398604 0.070110
v -0.177284 0.354791 0.087528
v -0.177364 0.361371 0.073394
v -0.166858 0.366349 0.088098
v -0.156322 0.355515 0.071821
v 0.040301 0.492817 0.033310
v 0.028464 0.511799 0.057716
v 0.028278 0.503961 0.068300
v 0.015217 0.471345 0.031826
v 0.016925 0.436797 0.016095
v 0.027250 0.432107 0.003964
v 0.048274 0.484223 0.011075
v 0.049350 0.483219 0.042167
v 0.021208 0.462356 0.046557
v 0.010256 0.467196 0.050665
v 0.008201 0.471920 0.037281
v 0.012633 0.450517 0.038566
v 0.006276 0.446666 0.025512
v 0.030306 0.440481 0.026585
v 0.042483 0.434842 0.003251
v 0.062189 0.476260 0.012499
v 0.050106 0.480252 -0.017161
v 0.039624 0.485572 -0.006230
v 0.021970 0.486951 -0.010638
v 0.022810 0.485838 -0.026177
v 0.034039 0.432663 -0.024520
v 0.021113 0.428463 -0.016222
v 0.006783 0.433768 -0.026670
v 0.010240 0.441726 -0.038341
v -0.165995 0.410101 0.075364
v -0.168016 0.401265 0.079712
v -0.155079 0.404536 0.069128
v -0.175997 0.405707 0.061782
v -0.178016 0.396864 0.066124
v -0.165081 0.400146 0.055545
v -0.157101 0.395700 0.073476
v -0.167099 0.391304 0.059887
v -0.114251 0.273196 -0.063455
v -0.100766 0.274884 -0.043929
v -0.099380 0.281893 -0.056084
v -0.115748 0.265621 -0.050317
v -0.122138 0.250225 -0.060075
v -0.120716 0.257861 -0.072837
v -0.110007 0.240636 -0.079208
v -0.107428 0.239518 -0.063826
v -0.093931 0.268053 -0.046779
v -0.092493 0.275327 -0.059395
v 0.243112 0.642568 -0.151640
v 0.240262 0.648604 -0.164566
v 0.245683 0.654903 -0.150052
v 0.106921 0.683441 -0.112115
v 0.130516 0.671396 -0.149153
v 0.103969 0.672734 -0.114276
v -0.234610 0.568924 -0.049249
v -0.254628 0.562593 -0.045124
v -0.258080 0.582057 -0.033419
v -0.255072 0.575954 -0.027269
v -0.232661 0.580578 -0.033371
v -0.236201 0.587181 -0.039856
v -0.018593 0.643318 0.084584
v -0.019422 0.676864 0.069439
v -0.019731 0.643604 0.084896
v -0.018313 0.676747 0.068968
v 0.062752 0.160207 0.092033
v 0.083296 0.146270 0.099502
v 0.084966 0.159645 0.087836
v 0.079724 0.144089 0.080886
v 0.042553 0.144472 0.087976
v 0.040546 0.160102 0.096308
v 0.046126 0.146653 0.106591
v 0.274010 0.640701 -0.163275
v 0.247926 0.643466 -0.146902
v 0.252022 0.644309 -0.165910
v 0.270853 0.640631 -0.141504
v 0.272261 0.649580 -0.142500
v 0.249727 0.653093 -0.147804
v 0.140819 0.523061 -0.040572
v 0.136625 0.559153 -0.061709
v 0.125614 0.554970 -0.058328
v 0.154855 0.528070 -0.046671
v 0.138832 0.555015 -0.072877
v 0.152345 0.528604 -0.060769
v 0.157966 0.524612 -0.064585
v 0.142789 0.522180 -0.064326
v 0.146750 0.516925 -0.068849
v 0.183214 0.477285 -0.044178
v 0.178280 0.482682 -0.026709
v 0.164416 0.477810 -0.020960
v 0.159659 0.469934 -0.033802
v 0.136094 0.515285 -0.053805
v 0.171298 0.469118 -0.048709
v 0.179954 0.452014 -0.036678
v 0.202242 0.411956 -0.020660
v 0.194832 0.411131 -0.012013
v 0.199316 0.416987 -0.002963
v 0.209485 0.421317 -0.006430
v 0.190036 0.458917 -0.032799
v 0.211146 0.418102 -0.017268
v 0.121281 0.548288 -0.067488
v 0.129396 0.548384 -0.076379
v 0.139662 0.543932 -0.058787
v 0.148659 0.549676 -0.055034
v 0.211874 0.425172 -0.010186
v 0.141477 0.516696 -0.024469
v 0.202495 0.418183 -0.015132
v 0.197993 0.421369 -0.001669
v 0.060251 0.368482 0.119328
v 0.069739 0.365967 0.121597
v 0.052228 0.359472 0.133664
v 0.070750 0.378334 0.129354
v 0.061225 0.380397 0.126802
v 0.053281 0.372350 0.141742
v 0.056107 0.361921 0.157753
v 0.054921 0.349408 0.149678
v 0.073178 0.344276 0.159287
v 0.074444 0.359849 0.159878
v 0.016208 0.443622 0.020948
v 0.037480 0.435043 0.016894
v 0.000157 0.412492 0.004444
v 0.032820 0.420618 0.026676
v 0.021194 0.425409 0.029472
v 0.001800 0.398591 0.022207
v -0.000365 0.381540 -0.018144
v 0.000455 0.368402 -0.013750
v 0.013757 0.367620 -0.017031
v 0.012924 0.381179 -0.021570
v 0.034534 0.399800 -0.000169
v 0.027882 0.386228 0.015961
v 0.061943 0.617752 -0.003296
v 0.085623 0.603282 0.000879
v 0.052881 0.602881 -0.021895
v 0.051203 0.612263 -0.001898
v 0.078701 0.606093 -0.024134
v 0.067171 0.592519 -0.004197
v 0.071250 0.593503 -0.006096
v 0.063599 0.601979 0.012341
v 0.045619 0.601334 -0.001924
v 0.063657 0.575495 -0.005514
v 0.072359 0.580868 0.018451
v 0.051766 0.577921 0.010773
v 0.060099 0.532959 0.008524
v 0.062543 0.539382 0.032390
v 0.046942 0.540275 0.018671
v 0.051778 0.504767 0.017498
v 0.048582 0.512837 0.039536
v 0.038402 0.514310 0.023768
v 0.026371 0.469679 0.024627
v 0.018079 0.478533 0.045430
v 0.014007 0.479853 0.028475
v 0.046329 0.373331 -0.026949
v 0.054719 0.385039 -0.015572
v 0.053882 0.394913 -0.008158
v 0.062045 0.378017 0.043220
v 0.038262 0.377597 0.047761
v 0.037539 0.361539 0.044092
v 0.062115 0.362340 0.039024
v 0.067092 0.360430 0.087907
v 0.051554 0.360176 0.090754
v 0.050888 0.345594 0.085266
v 0.066506 0.346104 0.082500
v 0.029468 0.397985 -0.026515
v 0.033180 0.399332 -0.004595
v 0.050264 0.395965 -0.028822
v 0.014397 0.367927 -0.016564
v 0.048192 0.362074 -0.013494
v 0.018707 0.356872 -0.005440
v 0.016599 0.383801 -0.002549
v -0.060755 0.628048 0.023527
v -0.059685 0.604726 0.044805
v -0.072096 0.600143 0.028399
v -0.064954 0.629641 0.047225
v -0.080088 0.638037 0.034624
v -0.085380 0.612818 0.025392
v -0.111774 0.567848 -0.003761
v -0.091969 0.577038 0.022952
v -0.080190 0.601439 0.036830
v -0.109756 0.563359 0.010290
v -0.102778 0.579435 0.038855
v -0.088098 0.603895 0.047013
v -0.095790 0.628486 0.031245
v -0.134827 0.562747 -0.001945
v -0.079106 0.614449 0.056697
v -0.232608 0.581089 -0.049057
v -0.248700 0.559530 -0.041755
v -0.258118 0.572686 -0.042534
v -0.226798 0.565825 -0.045651
v -0.249586 0.571750 -0.028871
v -0.227112 0.577084 -0.034336
v -0.269437 0.555783 -0.027419
v -0.257355 0.552019 -0.035499
v -0.258835 0.564833 -0.022093
v -0.244955 0.548669 -0.019611
v -0.102048 0.164267 -0.267077
v -0.114757 0.135985 -0.269527
v -0.090336 0.138358 -0.278384
v -0.107909 0.137516 -0.288340
v 0.016109 0.575355 0.083365
v 0.024801 0.576701 0.092643
v 0.020598 0.546420 0.077139
v 0.034959 0.510182 0.056260
v 0.050337 0.587019 0.074094
v 0.031741 0.544015 0.087032
v 0.039845 0.585324 0.064227
v 0.052198 0.595649 0.045973
v 0.047950 0.541341 0.044473
v 0.057537 0.549104 0.024657
v 0.072480 0.547185 0.027519
v 0.060958 0.538050 0.051047
v 0.065419 0.598695 0.051966
v 0.068879 0.607690 0.033221
v 0.079370 0.576651 0.010735
v 0.064060 0.580201 0.008846
v 0.055449 0.571346 -0.006099
v 0.066981 0.562986 -0.014072
v 0.071384 0.544315 0.006733
v 0.056774 0.547085 0.012057
v 0.056076 0.603079 0.031665
v 0.053392 0.528659 0.062799
v 0.042562 0.508823 0.065447
v 0.030225 0.516441 0.078491
v 0.043205 0.531378 0.052395
v 0.020657 0.517286 0.069174
v 0.045274 0.531725 0.001086
v 0.034493 0.568050 -0.015936
v -0.001082 0.547266 -0.023819
v 0.013727 0.567832 -0.033878
v 0.041258 0.560527 -0.028510
v 0.021298 0.558197 -0.045219
v 0.000956 0.540612 -0.037603
v 0.054680 0.526565 -0.008992
v 0.035727 0.489330 -0.020348
v 0.026848 0.490345 -0.009740
v -0.001975 0.507613 -0.023405
v 0.000583 0.509200 -0.036537
v 0.014604 0.466430 -0.040634
v 0.025514 0.450790 -0.035490
v 0.021162 0.449391 -0.024738
v 0.008880 0.466159 -0.026653
v -0.002379 0.472180 -0.030555
v -0.000397 0.472309 -0.043542
v 0.223912 0.394193 -0.018678
v 0.203150 0.409834 -0.000119
v 0.209137 0.412273 -0.019825
v 0.215197 0.391060 0.002662
v 0.229871 0.399106 -0.013715
v 0.215727 0.417624 -0.014606
v -0.059212 0.179950 -0.168031
v -0.075053 0.173115 -0.181457
v -0.055730 0.141411 -0.157848
v -0.056284 0.174622 -0.188743
v -0.052604 0.139323 -0.175144
v -0.069390 0.138223 -0.168322
v 0.024167 0.643233 0.073431
v 0.013103 0.617541 0.022231
v 0.002921 0.643713 0.067874
v 0.008648 0.604072 0.049258
v 0.005968 0.624373 0.098277
v -0.008766 0.616580 0.027866
v -0.082282 0.158348 -0.224570
v -0.099136 0.141808 -0.235268
v -0.104722 0.155816 -0.225765
v -0.100114 0.141487 -0.216216
v -0.059777 0.160212 -0.223385
v -0.061525 0.145486 -0.233276
v -0.062503 0.145165 -0.214224
v -0.172508 0.404770 0.073294
v -0.172927 0.376915 0.073825
v -0.178402 0.382220 0.088137
v -0.165950 0.395777 0.061464
v -0.162321 0.382563 0.086915
v -0.169520 0.358684 0.091615
v -0.171428 0.363757 0.077702
v -0.160469 0.370620 0.091078
v -0.150664 0.364842 0.073833
v -0.143793 0.386864 0.081993
v -0.156342 0.402106 0.072612
v -0.160174 0.387139 0.088853
v -0.157763 0.379030 0.073820
v -0.147132 0.370188 0.087712
v -0.157249 0.379876 0.093629
v -0.155477 0.373514 0.076010
v -0.168072 0.366948 0.088281
v -0.172227 0.396118 0.080528
v -0.169312 0.387465 0.067771
v 0.026956 0.698662 0.068435
v 0.031795 0.697904 0.075296
v 0.028152 0.681948 0.056825
v 0.026100 0.700692 0.067547
v 0.032144 0.699992 0.075231
v 0.028608 0.701663 0.086627
v 0.029004 0.704068 0.086290
v 0.012352 0.707212 0.080216
v 0.016684 0.704227 0.063461
v 0.027106 0.692594 0.058637
v 0.026964 0.690949 0.059056
v 0.028532 0.682807 0.051941
v 0.027151 0.681885 0.052700
v 0.026771 0.681026 0.057585
v 0.035792 0.682130 0.061853
v 0.035424 0.681188 0.062878
v 0.037916 0.677544 0.075770
v 0.038409 0.667877 0.069190
v 0.049195 0.673335 0.082023
v 0.046451 0.675630 0.088678
v 0.036259 0.680680 0.085806
v 0.033425 0.678138 0.095675
v 0.024795 0.698115 0.100890
v 0.024731 0.700616 0.102204
v 0.007283 0.703639 0.099283
v -0.009454 0.701293 0.093244
v -0.005243 0.704746 0.077314
v -0.002706 0.700682 0.066096
v 0.006351 0.701083 0.062371
v 0.019686 0.693275 0.051183
v 0.019543 0.691633 0.051602
v 0.021441 0.681845 0.043621
v 0.021085 0.680874 0.044906
v 0.027199 0.668848 0.047888
v 0.026195 0.668218 0.053344
v 0.035970 0.669624 0.058971
v 0.035128 0.669010 0.060111
v 0.035214 0.659084 0.057281
v 0.024054 0.657546 0.052674
v 0.033546 0.658629 0.058255
v 0.036900 0.658157 0.067342
v 0.033030 0.649834 0.059563
v 0.035933 0.649950 0.071674
v 0.049271 0.652802 0.079300
v 0.050734 0.659390 0.076720
v 0.043460 0.673842 0.095397
v 0.050849 0.666509 0.077206
v 0.041380 0.668389 0.099553
v 0.031693 0.670481 0.101896
v 0.022645 0.688362 0.111279
v 0.022584 0.689822 0.113967
v 0.003456 0.691738 0.112986
v -0.013752 0.690541 0.104443
v -0.008958 0.698784 0.092043
v -0.012540 0.689059 0.102056
v -0.014655 0.679090 0.083073
v -0.016481 0.671435 0.089269
v -0.023416 0.675167 0.077869
v -0.022659 0.676998 0.070563
v -0.012189 0.681639 0.073107
v -0.005152 0.702331 0.077778
v -0.002511 0.698583 0.066304
v -0.008827 0.678470 0.063518
v 0.000016 0.682838 0.052476
v -0.000201 0.681893 0.053541
v -0.006388 0.668765 0.057449
v 0.000811 0.670321 0.049756
v 0.000963 0.669686 0.051156
v -0.004528 0.658977 0.056484
v 0.001908 0.659743 0.048551
v 0.002865 0.659237 0.050213
v 0.002348 0.650442 0.051521
v 0.015751 0.648751 0.052862
v 0.014996 0.657669 0.052121
v 0.013827 0.657748 0.049993
v 0.012370 0.667731 0.052204
v 0.014195 0.668345 0.046963
v 0.015585 0.657948 0.044976
v 0.020808 0.658285 0.044257
v 0.018827 0.648339 0.051065
v 0.021990 0.657531 0.053954
v 0.024991 0.657762 0.047441
v 0.020639 0.648654 0.054143
v 0.007110 0.624653 0.093633
v 0.031238 0.643617 0.085482
v 0.019504 0.634794 0.108192
v 0.030100 0.643560 0.093795
v 0.041848 0.647987 0.095878
v 0.040564 0.651153 0.099252
v 0.029431 0.649205 0.101152
v 0.040068 0.656804 0.101162
v 0.030377 0.656477 0.103709
v 0.036369 0.654452 0.114435
v 0.024066 0.670907 0.118693
v 0.023959 0.670522 0.113546
v 0.001093 0.671604 0.120481
v -0.018060 0.671741 0.107651
v -0.015457 0.671303 0.103214
v -0.016743 0.657410 0.091358
v -0.023844 0.669681 0.082457
v -0.021362 0.654201 0.060786
v -0.022528 0.648803 0.072934
v -0.009032 0.644415 0.074927
v -0.012119 0.644396 0.082729
v -0.010276 0.635384 0.100386
v -0.010045 0.624779 0.105223
v 0.007463 0.615701 0.092156
v 0.016538 0.624252 0.112191
v 0.018598 0.626879 0.116339
v 0.030929 0.634093 0.115409
v 0.022073 0.633728 0.120986
v 0.026750 0.636050 0.119839
v 0.030877 0.651034 0.120027
v 0.025878 0.652289 0.122253
v 0.027264 0.656541 0.120978
v 0.000128 0.648937 0.122448
v -0.022498 0.657527 0.107935
v -0.027295 0.655712 0.097749
v -0.025381 0.652148 0.105281
v -0.023789 0.635176 0.101067
v -0.014934 0.650083 0.089524
v -0.023206 0.649275 0.078827
v -0.023625 0.652424 0.082427
v -0.023920 0.658071 0.084391
v -0.013775 0.627520 0.107854
v -0.010469 0.622008 0.108660
v -0.009225 0.612053 0.107239
v -0.008353 0.612585 0.103950
v -0.008536 0.601340 0.104786
v -0.007421 0.599696 0.101026
v -0.009808 0.596506 0.104188
v -0.006668 0.584166 0.097405
v -0.008968 0.580196 0.100398
v -0.005027 0.583939 0.102369
v -0.006424 0.602770 0.107035
v 0.001135 0.610942 0.115735
v 0.002893 0.584697 0.107048
v 0.003766 0.585228 0.103759
v 0.002930 0.605418 0.108472
v 0.015382 0.599245 0.107003
v 0.015237 0.612117 0.110133
v 0.014364 0.611586 0.113422
v 0.015119 0.621501 0.115367
v 0.003880 0.620487 0.105837
v 0.000180 0.643608 0.121849
v -0.009241 0.638506 0.116176
v -0.004860 0.647283 0.120494
v -0.005298 0.646830 0.115604
v -0.008700 0.641594 0.112056
v -0.016470 0.639946 0.105622
v -0.019284 0.651926 0.107313
v -0.023287 0.651893 0.103448
v -0.022072 0.653238 0.109685
v 0.005369 0.647081 0.123175
v 0.010976 0.638106 0.121475
v 0.012639 0.641171 0.117649
v 0.022498 0.639174 0.115836
v 0.026201 0.640456 0.116562
v 0.008132 0.646564 0.119124
v 0.024563 0.651057 0.118805
v 0.029943 0.650840 0.117400
v -0.019088 0.639090 0.104925
v -0.022250 0.637020 0.106996
v -0.018827 0.634538 0.110266
v 0.011681 0.602412 0.111780
v 0.012055 0.583601 0.106847
v 0.015927 0.583719 0.103327
v 0.016315 0.579695 0.107025
v 0.015792 0.595999 0.110898
v 0.014571 0.600883 0.110843
v -0.006115 0.650782 0.060653
v -0.021127 0.660813 0.057885
v -0.021202 0.667935 0.058320
v -0.021870 0.674742 0.063396
v 0.044130 0.647483 0.090406
v 0.024608 0.667489 0.055412
v 0.025612 0.668119 0.049956
v 0.021377 0.667544 0.042786
v 0.021548 0.658357 0.041442
v 0.013854 0.669113 0.044390
v 0.012029 0.668499 0.049631
v 0.009923 0.681359 0.053169
v 0.012019 0.682184 0.048734
v 0.021943 0.668268 0.040679
v 0.011223 0.683149 0.047403
v 0.009127 0.682325 0.051839
v 0.005095 0.699095 0.062705
v 0.009402 0.691297 0.054453
v 0.009544 0.692941 0.054034
v 0.071329 0.380541 0.125256
v 0.063062 0.378225 0.130530
v 0.083594 0.372779 0.137105
v 0.062051 0.365858 0.122773
v 0.070354 0.368625 0.117782
v 0.082541 0.359901 0.129027
v 0.085030 0.349684 0.145724
v 0.085881 0.361791 0.153664
v 0.069769 0.359404 0.161079
v 0.071059 0.344340 0.159940
v -0.081930 0.141082 -0.200732
v -0.098710 0.155744 -0.172134
v -0.102278 0.139374 -0.211806
v -0.105057 0.175081 -0.188086
v -0.093555 0.162102 -0.207827
v -0.118818 0.153878 -0.182995
v -0.110842 0.168285 -0.175915
v -0.049779 0.160643 -0.179213
v -0.081424 0.141189 -0.200596
v -0.060147 0.143434 -0.209635
v -0.070966 0.158442 -0.170725
v -0.061049 0.173155 -0.173278
v -0.066882 0.178813 -0.185997
v -0.073640 0.164054 -0.206656
v -0.081880 0.159578 -0.230808
v 0.075819 0.162522 0.046686
v 0.065611 0.134415 0.040197
v 0.091116 0.135465 0.045567
v 0.081661 0.133962 0.027917
v 0.104837 0.164476 0.128132
v 0.067538 0.146204 0.117544
v 0.086155 0.144876 0.103720
v 0.086179 0.165768 0.141400
v 0.096357 0.178827 0.134529
v 0.088136 0.183472 0.122754
v 0.075474 0.167100 0.106567
v 0.067008 0.146139 0.117543
v 0.058776 0.166072 0.146685
v 0.044536 0.145372 0.111709
v 0.050391 0.183852 0.129884
v 0.055764 0.167284 0.110209
v 0.036574 0.165149 0.141026
v 0.047146 0.179334 0.143915
v 0.061377 0.160596 0.085825
v -0.059078 0.144525 -0.235695
v -0.082468 0.159836 -0.220176
v -0.079686 0.142380 -0.247190
v -0.070767 0.165081 -0.241925
v -0.060870 0.168440 -0.261652
v -0.065112 0.147311 -0.275347
v -0.044304 0.149260 -0.264258
v -0.051430 0.154296 -0.277415
v -0.092582 0.162949 -0.243098
v -0.100672 0.140442 -0.237874
v -0.100788 0.164537 -0.263800
v -0.113039 0.142534 -0.267927
v -0.078983 0.142462 -0.247193
v -0.091185 0.144765 -0.276711
v -0.105690 0.148990 -0.280288
v 0.054744 0.705822 0.056780
v 0.045036 0.680098 0.076081
v 0.054148 0.707278 0.058749
v 0.045633 0.678642 0.074112
v 0.053888 0.695124 0.066042
v 0.057224 0.706283 0.058805
v 0.055212 0.691750 0.068937
v 0.050275 0.675715 0.080908
v 0.050166 0.674291 0.081164
v 0.066398 0.675871 0.084064
v 0.052286 0.668377 0.086941
v 0.052882 0.666922 0.084972
v 0.055698 0.647683 0.101660
v 0.046941 0.651693 0.097657
v 0.047537 0.650237 0.095688
v 0.043680 0.637493 0.105552
v 0.039954 0.645366 0.100217
v 0.040550 0.643911 0.098248
v 0.032678 0.623834 0.112317
v 0.032083 0.642375 0.100042
v 0.032679 0.640920 0.098073
v 0.016824 0.596820 0.125871
v 0.019218 0.597286 0.127863
v 0.016228 0.598275 0.127840
v -0.089829 0.278374 -0.057024
v -0.091214 0.271366 -0.044870
v -0.087092 0.255064 -0.053138
v -0.099760 0.278005 -0.058680
v -0.085594 0.262640 -0.066276
v -0.092582 0.246805 -0.075751
v -0.094277 0.239448 -0.063368
v -0.112124 0.240721 -0.063741
v -0.101198 0.270730 -0.046064
v -0.112158 0.241085 -0.078899
v -0.048746 0.421198 -0.035529
v -0.046971 0.418027 -0.057021
v -0.052102 0.404879 -0.067799
v -0.018106 0.402376 -0.064834
v -0.028807 0.415874 -0.034876
v -0.021407 0.389485 -0.048205
v -0.036843 0.394008 -0.032784
v -0.054867 0.410227 -0.042047
v -0.055340 0.401342 -0.035975
v -0.076308 0.357280 -0.065369
v -0.053493 0.347737 -0.067983
v -0.025364 0.391848 -0.075154
v -0.053501 0.344366 -0.051633
v -0.075716 0.353314 -0.049382
v -0.090645 0.315479 -0.079802
v -0.075984 0.309663 -0.081537
v -0.076446 0.304566 -0.066803
v -0.091035 0.310445 -0.065336
v -0.093527 0.636319 -0.069791
v -0.126297 0.613824 -0.088312
v -0.098640 0.646152 -0.072074
v -0.229514 0.587413 -0.041567
v -0.226244 0.574958 -0.052241
v -0.224180 0.576479 -0.037921
v 0.230106 0.396033 -0.008299
v 0.210907 0.420288 -0.008836
v 0.215444 0.390655 -0.005667
v 0.203285 0.414205 -0.022187
v 0.221646 0.394997 -0.021547
v 0.229879 0.371868 -0.015161
v 0.217561 0.377946 -0.007785
v 0.224282 0.382968 -0.024547
v 0.205499 0.371117 -0.024739
v 0.197779 0.410236 -0.007994
v 0.056514 0.335438 0.120064
v 0.059963 0.367000 0.140607
v 0.054694 0.386030 0.103720
v 0.060229 0.316113 0.134551
v 0.061886 0.321542 0.154821
v 0.076126 0.316339 0.132119
v 0.080453 0.321805 0.151981
v 0.076781 0.367238 0.138034
v 0.074805 0.335697 0.117266
v 0.071580 0.343594 0.096680
v 0.070256 0.386250 0.101339
v 0.062235 0.343965 0.160201
v 0.081108 0.344232 0.157314
v 0.053219 0.343333 0.099489
v -0.229899 0.588049 -0.041374
v -0.228791 0.572790 -0.048502
v -0.243070 0.585297 -0.037902
v -0.226600 0.581054 -0.034845
v -0.240289 0.579129 -0.031736
v -0.238829 0.568901 -0.048096
v -0.064949 0.614261 0.028199
v -0.088570 0.601077 0.020021
v -0.082168 0.598393 0.045166
v -0.054230 0.609189 0.025286
v -0.056443 0.597570 0.044033
v -0.065450 0.599681 0.009325
v -0.048586 0.598375 0.023175
v -0.067668 0.578854 0.040778
v -0.069112 0.588836 0.027736
v -0.066689 0.572927 0.014853
v -0.057027 0.530538 0.024846
v -0.042121 0.538308 0.030851
v -0.050634 0.576172 0.026567
v -0.053751 0.537011 0.047890
v -0.045227 0.502497 0.030120
v -0.031499 0.512649 0.032629
v -0.037238 0.510495 0.050471
v -0.018412 0.468354 0.028413
v -0.006319 0.479024 0.029901
v -0.005730 0.476397 0.047409
v -0.073402 0.589720 0.028610
v 0.240075 0.653900 -0.149911
v 0.236123 0.640768 -0.148999
v 0.245521 0.638097 -0.146619
v 0.239769 0.638495 -0.165896
v 0.243721 0.651630 -0.166807
v 0.253119 0.648969 -0.164422
v 0.249472 0.651239 -0.147526
v 0.249166 0.635834 -0.163511
v 0.024762 0.424569 -0.020612
v 0.021201 0.410759 -0.011569
v 0.034984 0.405753 -0.013785
v 0.029870 0.397880 -0.027822
v 0.016087 0.402886 -0.025606
v 0.033431 0.411690 -0.036865
v 0.019647 0.416697 -0.034650
v 0.038545 0.419564 -0.022828
v -0.029007 0.409657 -0.042614
v -0.022783 0.420247 -0.017940
v -0.032869 0.399658 -0.043405
v -0.024449 0.419739 -0.032957
v -0.057046 0.420494 -0.040779
v -0.047258 0.408272 -0.042738
v -0.065500 0.393602 -0.026630
v -0.037355 0.384443 -0.030265
v -0.063452 0.395734 -0.011939
v -0.034999 0.386157 -0.015176
v -0.058481 0.406444 -0.001892
v -0.065401 0.412327 -0.010487
v -0.068009 0.406742 -0.015823
v -0.068936 0.406679 -0.023778
v -0.066428 0.416350 -0.034455
v -0.068284 0.403465 -0.045523
v -0.051306 0.394402 -0.038024
v -0.042139 0.417470 -0.055624
v -0.063282 0.416460 -0.060849
v -0.049643 0.401451 -0.063899
v -0.063459 0.376368 -0.041554
v -0.067305 0.413259 -0.028294
v -0.064802 0.419421 -0.030930
v -0.054763 0.429553 -0.031396
v -0.062181 0.425107 -0.025504
v -0.061254 0.425403 -0.017287
v -0.062595 0.420100 -0.011062
v -0.053118 0.421294 -0.002989
v -0.030350 0.396395 -0.005535
v -0.025228 0.410578 -0.006583
v -0.050558 0.431416 -0.014873
v -0.035693 0.434988 -0.040276
v -0.050601 0.440748 -0.038939
v -0.043092 0.418051 -0.032937
v -0.031460 0.437356 -0.012104
v -0.047317 0.443529 -0.010427
v -0.056825 0.427099 -0.016494
v -0.051542 0.426869 0.009000
v -0.058588 0.420147 -0.008388
v -0.060207 0.403629 0.010753
v -0.062260 0.409989 -0.007679
v -0.068835 0.389756 -0.012739
v -0.065250 0.400287 -0.018955
v -0.049926 0.394642 -0.020463
v -0.053036 0.384306 -0.014563
v -0.076118 0.323090 -0.038697
v -0.080930 0.309041 -0.023304
v -0.046502 0.398472 0.009419
v -0.043978 0.403255 -0.009478
v -0.040729 0.412715 -0.010939
v -0.035641 0.420606 0.007143
v -0.094288 0.313890 -0.022017
v -0.091494 0.328653 -0.037332
v -0.081421 0.312590 -0.054709
v -0.089279 0.294467 -0.054015
v -0.102714 0.299416 -0.052692
v -0.097045 0.318337 -0.053163
v -0.096281 0.323793 -0.082549
v -0.102665 0.307593 -0.088574
v -0.083539 0.319107 -0.083823
v -0.090223 0.303009 -0.089798
v -0.039091 0.419300 -0.018685
v 0.064805 0.334329 0.147651
v 0.054929 0.329164 0.155221
v 0.044945 0.225384 0.070351
v 0.038937 0.334920 0.126354
v 0.035207 0.298676 0.097244
v 0.041845 0.270959 0.099737
v 0.052629 0.277490 0.090838
v 0.057455 0.234511 0.077711
v 0.053788 0.243329 0.064349
v 0.044456 0.232187 0.060365
v 0.055006 0.243163 0.064080
v 0.064745 0.243411 0.062581
v 0.074302 0.232987 0.055828
v 0.065981 0.243662 0.062503
v 0.073185 0.278036 0.087711
v 0.086450 0.272149 0.092953
v 0.090540 0.299934 0.088682
v 0.087421 0.330092 0.150267
v 0.093762 0.336516 0.118181
v 0.075503 0.334667 0.146017
v 0.066805 0.234699 0.076225
v 0.077147 0.226239 0.065429
v 0.066682 0.234406 0.076423
v 0.057760 0.234167 0.077780
v 0.055233 0.262666 0.089833
v 0.071194 0.263105 0.087396
v 0.070324 0.268085 0.075727
v 0.052267 0.267583 0.078507
v 0.054836 0.289630 0.099072
v 0.072957 0.290132 0.096283
v 0.070833 0.297455 0.083414
v 0.052582 0.296932 0.086163
v 0.044697 0.292245 0.100311
v 0.062708 0.309276 0.112886
v 0.046748 0.317678 0.119693
v 0.043088 0.299168 0.091306
v 0.060552 0.318732 0.100563
v 0.066296 0.318886 0.099690
v 0.081175 0.300159 0.085483
v 0.083641 0.325811 0.104616
v 0.082736 0.293250 0.094473
v 0.085228 0.318712 0.113820
v 0.071904 0.333920 0.112752
v 0.066363 0.319649 0.100265
v 0.068396 0.309429 0.112022
v 0.062765 0.309987 0.113411
v 0.060619 0.319495 0.101138
v 0.045095 0.324774 0.110506
v 0.058312 0.333552 0.114831
v 0.068459 0.310140 0.112545
v 0.060120 0.326205 0.124264
v 0.073435 0.326572 0.122234
v -0.223555 0.570207 -0.047209
v -0.245307 0.556685 -0.046374
v -0.241835 0.575298 -0.047217
v -0.233740 0.547256 -0.037998
v -0.239578 0.559418 -0.028522
v -0.235884 0.575386 -0.032761
v -0.250272 0.551489 -0.044936
v -0.248661 0.541902 -0.033264
v -0.245607 0.555180 -0.027236
v -0.261759 0.558581 -0.031259
v 0.003832 0.642729 0.072783
v -0.014074 0.640493 0.069513
v -0.010965 0.642518 0.058870
v 0.005509 0.616798 0.086219
v -0.003316 0.617975 0.088010
v 0.004262 0.618141 0.088287
v -0.004204 0.621281 0.090334
v -0.007979 0.647445 0.075545
v -0.005368 0.649867 0.067891
v -0.000500 0.650709 0.068187
v 0.004353 0.643781 0.059895
v -0.000179 0.648385 0.076338
v -0.079811 0.292753 -0.040433
v -0.109759 0.263303 -0.056378
v -0.093860 0.257446 -0.057943
v -0.094522 0.298172 -0.038985
v -0.098606 0.302559 -0.081495
v -0.106487 0.282940 -0.088530
v -0.081247 0.296165 -0.083203
v -0.089195 0.276570 -0.090232
v -0.097350 0.262907 -0.108778
v -0.112378 0.268443 -0.107299
v -0.120034 0.249891 -0.100951
v -0.102481 0.243425 -0.102679
v -0.101931 0.238454 -0.080165
v -0.119772 0.245026 -0.078409
v -0.023351 0.423788 -0.017575
v -0.019791 0.416056 -0.032160
v -0.033574 0.410602 -0.032636
v -0.028459 0.396933 -0.024140
v -0.014676 0.402386 -0.023665
v -0.032020 0.404665 -0.009555
v -0.018237 0.410119 -0.009079
v -0.037135 0.418335 -0.018050
v 0.040202 0.178385 0.129255
v 0.047489 0.149437 0.163412
v 0.045299 0.186537 0.148582
v 0.042304 0.144899 0.147109
v 0.059876 0.146237 0.151462
v 0.059834 0.179565 0.133817
v -0.040818 0.436531 -0.039976
v -0.025682 0.431454 -0.041542
v -0.021426 0.434061 -0.013120
v -0.037870 0.439575 -0.011898
v -0.044741 0.418291 -0.032822
v -0.044724 0.421086 -0.018387
v -0.041893 0.423128 0.007584
v -0.046122 0.414782 -0.010447
v -0.047268 0.399060 0.009618
v -0.049233 0.405358 -0.008759
v -0.055457 0.385193 -0.013852
v -0.052017 0.395457 -0.019882
v -0.036957 0.390023 -0.021586
v -0.039969 0.379549 -0.015538
v -0.067029 0.313219 -0.041097
v -0.068219 0.307286 -0.023855
v -0.033527 0.394146 0.008224
v -0.031206 0.398550 -0.010735
v -0.025510 0.417381 0.006408
v -0.027534 0.408707 -0.011445
v -0.079283 0.320324 -0.019130
v -0.080746 0.320109 -0.040097
v -0.072946 0.313395 -0.081326
v -0.093144 0.320946 -0.079200
v -0.080625 0.289159 -0.089753
v -0.071425 0.293407 -0.026054
v -0.100924 0.305692 -0.023668
v -0.104696 0.303632 -0.054366
v -0.098538 0.287472 -0.032355
v -0.104047 0.277353 -0.073896
v -0.092478 0.286625 -0.068575
v -0.089614 0.292601 -0.041778
v -0.087349 0.291766 -0.042001
v -0.093669 0.287142 -0.068569
v -0.093041 0.295792 -0.076448
v -0.104641 0.295552 -0.088370
v -0.087669 0.295039 -0.076845
v -0.091586 0.272799 -0.075234
v -0.081279 0.281443 -0.034356
v -0.025771 0.415659 -0.019551
v -0.029490 0.414162 -0.034205
v -0.232042 0.584221 -0.046180
v -0.252917 0.564344 -0.037358
v -0.261180 0.577843 -0.037964
v -0.227280 0.568890 -0.042139
v -0.252336 0.576821 -0.024969
v -0.226679 0.580082 -0.031099
v -0.273177 0.562682 -0.021923
v -0.261322 0.557160 -0.030411
v -0.260601 0.570751 -0.017521
v -0.252092 0.551142 -0.011487
v -0.140601 0.547668 -0.004765
v -0.146697 0.519512 0.009683
v -0.137186 0.551643 0.006053
v -0.137195 0.514544 0.004181
v -0.131004 0.542968 -0.010337
v -0.127359 0.509214 0.013136
v -0.121432 0.544169 -0.003068
v -0.130675 0.516519 0.027096
v -0.125306 0.549522 0.007271
v -0.146234 0.518905 0.023912
v -0.152200 0.514392 0.006981
v -0.140885 0.508625 0.000518
v -0.138237 0.461136 0.037167
v -0.141645 0.468452 0.050724
v -0.157020 0.470724 0.047882
v -0.164289 0.464043 0.031730
v -0.152268 0.457915 0.024863
v -0.155205 0.439903 0.038293
v -0.157592 0.397941 0.065141
v -0.161110 0.403054 0.074921
v -0.172476 0.405404 0.073649
v -0.175620 0.401708 0.063314
v -0.165402 0.445103 0.044066
v -0.166605 0.397150 0.058165
v 0.056985 0.609823 -0.007982
v 0.091935 0.569112 -0.028291
v 0.074388 0.585205 -0.012557
v 0.105953 0.570238 -0.061114
v 0.118313 0.563548 -0.046561
v 0.084338 0.587169 -0.006568
v 0.067110 0.584028 0.007186
v 0.068006 0.608807 0.013477
v 0.087043 0.596340 0.015200
v 0.094389 0.589938 0.001377
v 0.110028 0.570244 -0.017051
v 0.130285 0.568601 -0.065933
v 0.091828 0.617836 -0.009987
v 0.083043 0.600915 -0.016316
v 0.076529 0.622501 -0.000600
v -0.096313 0.278211 -0.067285
v -0.109789 0.245995 -0.083632
v -0.130514 0.291762 -0.090369
v -0.066045 0.268014 -0.096715
v -0.072139 0.279425 -0.072770
v -0.085360 0.247078 -0.096554
v -0.087027 0.269665 -0.062923
v -0.086323 0.266992 -0.058665
v -0.109501 0.275530 -0.056384
v -0.107899 0.277372 -0.060817
v -0.114517 0.295063 -0.068664
v -0.129517 0.263408 -0.092258
v -0.119069 0.248863 -0.078679
v -0.118011 0.257429 -0.064245
v -0.092968 0.248205 -0.066710
v -0.100107 0.241904 -0.080541
v -0.114157 0.168962 -0.191807
v -0.111513 0.135956 -0.160802
v -0.114496 0.174544 -0.170958
v -0.112349 0.133480 -0.178308
v -0.096475 0.135574 -0.169756
v -0.096318 0.171036 -0.182583
v 0.014932 0.546107 0.078648
v 0.019831 0.574795 0.082682
v 0.016817 0.575814 0.094963
v 0.010292 0.543244 0.092687
v 0.012593 0.516834 0.071239
v 0.008952 0.515605 0.083997
v -0.005482 0.508837 0.066992
v -0.014719 0.584893 0.091289
v -0.010398 0.583621 0.077516
v -0.016143 0.530965 0.063223
v -0.019708 0.526542 0.081993
v -0.007448 0.507189 0.078697
v -0.032523 0.535060 0.075526
v -0.039810 0.595465 0.079348
v -0.055922 0.543520 0.059436
v -0.044245 0.546200 0.049888
v -0.050364 0.544209 0.036390
v -0.065602 0.540630 0.037995
v -0.071801 0.572513 0.047709
v -0.052901 0.604003 0.064315
v -0.031041 0.593070 0.067681
v -0.042249 0.600130 0.056794
v -0.059476 0.576906 0.039035
v -0.071848 0.559282 0.016713
v -0.056548 0.523814 0.013060
v -0.053664 0.558188 -0.009362
v -0.017787 0.539979 -0.034037
v -0.040247 0.557389 -0.033396
v -0.042781 0.566183 -0.000977
v -0.058579 0.568344 0.019060
v -0.044318 0.529511 0.018719
v -0.026873 0.489433 -0.004604
v -0.037397 0.488154 -0.013891
v -0.008052 0.508767 -0.035586
v -0.010981 0.546880 -0.021713
v -0.029414 0.567234 -0.025600
v -0.002745 0.507573 -0.023306
v -0.000892 0.472284 -0.031279
v -0.011110 0.465621 -0.025171
v -0.021749 0.448684 -0.021519
v -0.027824 0.449939 -0.031344
v -0.018716 0.466104 -0.037989
v -0.005241 0.472556 -0.043598
v -0.024733 0.540400 0.058882
v 0.097398 0.177796 0.118346
v 0.102620 0.148870 0.152897
v 0.101349 0.144292 0.135847
v 0.099936 0.185974 0.138161
v 0.080850 0.179349 0.129809
v 0.086644 0.145962 0.146357
v -0.009791 0.444345 -0.063818
v -0.036941 0.430779 -0.050710
v -0.018448 0.414845 -0.026170
v -0.003739 0.405478 -0.065487
v 0.000156 0.403650 -0.033071
v -0.000036 0.426737 -0.027870
v 0.004857 0.444512 -0.064868
v -0.000014 0.405592 -0.065828
v 0.018908 0.402679 -0.058180
v 0.033849 0.431845 -0.055358
v 0.018942 0.415163 -0.028326
v -0.021493 0.401919 -0.055441
v -0.010476 0.629393 -0.025134
v -0.009285 0.639979 -0.005601
v -0.006533 0.613048 -0.014614
v -0.055028 0.628544 0.009689
v -0.045173 0.623814 -0.019204
v -0.011067 0.614448 -0.027507
v -0.009052 0.595508 -0.021078
v -0.033819 0.593401 -0.017334
v -0.045028 0.611157 -0.009461
v -0.006803 0.627979 0.000525
v -0.039722 0.605772 -0.022230
v -0.048249 0.585145 -0.020212
v -0.044129 0.608551 -0.026553
v -0.013461 0.584103 -0.039360
v -0.015146 0.616089 -0.043656
v 0.019244 0.609894 -0.041626
v -0.011946 0.620593 -0.029986
v 0.017466 0.606963 -0.036006
v -0.012357 0.626952 -0.026291
v 0.021199 0.621920 -0.037385
v -0.004547 0.640041 -0.006754
v -0.003228 0.628138 -0.000416
v -0.009399 0.613011 -0.013856
v 0.026846 0.610189 -0.027877
v 0.014948 0.594888 -0.029129
v -0.008187 0.588615 -0.018302
v -0.031297 0.566643 -0.016110
v -0.029830 0.566997 -0.031226
v -0.010406 0.541768 -0.031894
v 0.005786 0.568007 -0.040047
v 0.026521 0.587397 -0.038439
v 0.014251 0.567930 -0.027327
v 0.043116 0.629289 -0.015811
v 0.039231 0.644501 0.077747
v 0.009366 0.641881 0.073767
v 0.013510 0.640911 0.058413
v 0.024208 0.618343 0.086424
v 0.024838 0.622355 0.094347
v 0.028276 0.655610 0.082056
v 0.026501 0.655897 0.068122
v 0.017131 0.655620 0.067932
v 0.036432 0.640397 0.060532
v 0.015505 0.654252 0.080935
v 0.013057 0.621704 0.094845
v 0.009857 0.617230 0.086535
v 0.079457 0.334915 0.147445
v 0.049944 0.331759 0.133563
v 0.061382 0.334428 0.150191
v 0.085564 0.332723 0.128143
v 0.056240 0.330070 0.114768
v 0.074072 0.330549 0.112057
v 0.072281 0.216544 0.063259
v 0.065140 0.221534 0.055654
v 0.053720 0.221229 0.057391
v 0.060417 0.209457 0.060906
v 0.067991 0.211261 0.072618
v 0.056570 0.210962 0.074359
v 0.049429 0.215938 0.066744
v 0.069358 0.643354 -0.022635
v 0.084993 0.633662 0.001708
v 0.055928 0.643005 -0.006398
v 0.067152 0.654503 -0.051433
v 0.087801 0.654598 -0.079071
v 0.084597 0.653535 -0.019427
v 0.074718 0.660616 -0.075291
v 0.067775 0.654890 -0.020998
v 0.062301 0.672624 -0.046573
v 0.065638 0.667375 -0.017562
v 0.094476 0.666694 -0.008595
v 0.061808 0.666470 -0.001113
v 0.091538 0.656623 0.006869
v 0.071649 0.650784 0.012223
v 0.092964 0.674013 -0.091608
v 0.086695 0.354980 0.107535
v 0.065697 0.357696 0.120482
v 0.077471 0.363074 0.123761
v 0.099866 0.331869 0.113291
v 0.093133 0.329831 0.140894
v 0.081212 0.344070 0.153374
v 0.078952 0.367382 0.125999
v 0.054435 0.367035 0.129750
v 0.055379 0.362812 0.127124
v 0.041861 0.354280 0.114365
v 0.031669 0.330903 0.123723
v 0.071116 0.339907 0.154260
v 0.083023 0.358624 0.145198
v 0.056532 0.358249 0.149250
v 0.061167 0.343781 0.156466
v 0.046397 0.329118 0.147980
v -0.008719 0.643813 0.055469
v -0.005043 0.597862 0.066920
v -0.001245 0.648257 0.071003
v 0.013369 0.599030 0.063732
v 0.009317 0.645373 0.057070
v 0.006784 0.604872 0.079696
v 0.058202 0.141344 0.072105
v 0.063365 0.162249 0.096158
v 0.069924 0.163369 0.071804
v 0.081061 0.142565 0.078221
v 0.088929 0.141982 0.046688
v 0.075068 0.163089 0.050081
v 0.079301 0.146104 0.034874
v 0.065989 0.141027 0.040980
v 0.048360 0.163591 0.075899
v 0.039958 0.142977 0.086086
v 0.035610 0.163491 0.057573
v 0.020990 0.142674 0.059616
v 0.058889 0.141345 0.071932
v 0.040225 0.141298 0.045910
v 0.025676 0.146656 0.045102
v -0.164447 0.395540 0.081469
v -0.175555 0.387049 0.066806
v -0.170047 0.397447 0.059432
v -0.181445 0.392334 0.071038
v -0.176857 0.403283 0.064077
v -0.161455 0.404555 0.072671
v 0.083170 0.675564 -0.131339
v 0.078252 0.658611 -0.120739
v 0.066505 0.677298 -0.117393
v 0.093451 0.668617 -0.110503
v 0.077754 0.659622 -0.110915
v 0.088979 0.650941 -0.015847
v 0.073501 0.642242 -0.018184
v 0.091257 0.648481 -0.006616
v 0.072358 0.637859 -0.009470
v 0.075623 0.649621 0.008906
v 0.080303 0.667167 -0.003621
v 0.061404 0.656545 -0.006474
v 0.080007 0.666245 -0.013393
v 0.084247 0.683573 -0.106136
v 0.086126 0.687658 -0.114940
v 0.068802 0.674893 -0.108468
v 0.064529 0.657546 -0.015730
v 0.220055 0.411913 -0.013964
v 0.199455 0.414731 -0.003151
v 0.206456 0.405460 -0.000164
v 0.211216 0.422372 -0.014436
v 0.204745 0.416613 -0.019892
v 0.214465 0.406805 -0.018967
v -0.226666 0.588924 -0.042040
v -0.220374 0.580165 -0.033519
v -0.227377 0.576519 -0.054268
v -0.235596 0.585951 -0.038505
v -0.236306 0.573545 -0.050733
v -0.221085 0.567757 -0.045746
v -0.229303 0.577181 -0.029982
v -0.230014 0.564783 -0.042211
v -0.099315 0.221920 -0.220565
v -0.094248 0.144258 -0.206981
v -0.096457 0.226311 -0.205988
v -0.102024 0.155035 -0.226800
v -0.084537 0.192174 -0.232426
v -0.093780 0.224886 -0.233401
v -0.081497 0.226044 -0.232299
v -0.077862 0.223943 -0.218640
v -0.084013 0.227485 -0.204871
v -0.070755 0.146474 -0.204873
v -0.085712 0.141033 -0.222845
v -0.088910 0.145830 -0.230745
v -0.080211 0.152106 -0.238529
v -0.072011 0.147423 -0.229228
v -0.075607 0.141986 -0.221938
v -0.061738 0.158834 -0.223184
v -0.081193 0.170302 -0.246703
v -0.014863 0.707613 0.046872
v -0.018426 0.695463 0.052572
v -0.015824 0.680035 0.064582
v -0.017615 0.706758 0.045393
v -0.014518 0.706313 0.044774
v -0.015379 0.678905 0.061909
v -0.021783 0.675698 0.059896
v -0.022834 0.675619 0.066335
v -0.021035 0.692106 0.054224
v -0.038436 0.676194 0.061561
v -0.026764 0.668499 0.064096
v -0.027672 0.667946 0.070786
v -0.038111 0.649541 0.077072
v -0.027983 0.651733 0.075893
v -0.028242 0.649979 0.082290
v -0.029933 0.638951 0.086257
v -0.023388 0.645177 0.081489
v -0.024176 0.624959 0.097415
v -0.023221 0.642939 0.087236
v -0.016560 0.641895 0.085168
v -0.018018 0.597510 0.116738
v -0.016952 0.643346 0.087190
v -0.018410 0.598961 0.118760
v -0.021063 0.598084 0.117305
v 0.203050 0.420591 0.000403
v 0.192321 0.414336 -0.005493
v 0.197544 0.405755 -0.005893
v 0.198386 0.418768 -0.021222
v 0.209117 0.425019 -0.015324
v 0.214337 0.416434 -0.015734
v 0.203606 0.410183 -0.021629
v 0.208273 0.412010 0.000003
v -0.077866 0.645286 -0.068518
v -0.080751 0.645467 -0.080340
v -0.118494 0.632721 -0.069508
v -0.114848 0.619237 -0.077753
v -0.077629 0.634891 -0.085103
v -0.108582 0.611480 -0.065021
v -0.072949 0.628013 -0.076618
v -0.103852 0.622102 -0.056706
v -0.072888 0.634201 -0.066190
v -0.108831 0.632742 -0.058898
v -0.113270 0.633487 -0.051860
v -0.107381 0.620790 -0.049168
v -0.159279 0.598177 -0.039870
v -0.165541 0.611677 -0.042732
v -0.168206 0.611234 -0.061475
v -0.164109 0.598195 -0.069357
v -0.158413 0.590174 -0.056999
v -0.180197 0.589635 -0.040559
v -0.185535 0.601080 -0.043020
v -0.231815 0.582505 -0.044666
v -0.228825 0.572417 -0.049523
v -0.224181 0.565814 -0.041084
v -0.224470 0.571874 -0.031419
v -0.229131 0.581980 -0.033578
v 0.276282 0.649617 -0.148270
v 0.246421 0.653747 -0.155230
v 0.267837 0.639404 -0.139598
v 0.245560 0.638460 -0.161466
v 0.271656 0.637081 -0.156613
v 0.291643 0.630631 -0.142385
v 0.277514 0.631480 -0.135849
v 0.281412 0.629400 -0.154066
v 0.274004 0.611287 -0.143562
v 0.242230 0.640502 -0.146226
v -0.006374 0.625042 -0.004992
v 0.033273 0.610446 0.025047
v 0.027985 0.587879 -0.014559
v 0.060783 0.580193 0.013535
v 0.045703 0.567651 0.054622
v 0.013666 0.587947 0.066557
v 0.016562 0.562945 0.075110
v -0.019085 0.565744 0.071662
v -0.025106 0.608729 0.040508
v -0.053089 0.576895 0.043572
v -0.044333 0.520233 0.032967
v -0.020643 0.516048 0.058354
v -0.019745 0.486228 0.014890
v 0.004386 0.482157 0.033666
v 0.013425 0.515055 0.063342
v 0.041648 0.517663 0.043636
v 0.051215 0.522899 0.010144
v 0.027789 0.525796 -0.015204
v 0.023710 0.487035 0.010741
v 0.001841 0.480960 0.011086
v 0.000262 0.491991 -0.008665
v -0.034584 0.524029 -0.001386
v -0.038766 0.585947 0.002637
v -0.002937 0.529222 -0.021768
v -0.009628 0.589510 -0.022934
v 0.195103 0.411411 -0.003728
v 0.202111 0.391573 -0.013031
v 0.190033 0.390308 0.000540
v 0.208950 0.404751 -0.016777
v 0.206996 0.393320 0.003453
v 0.213591 0.408658 -0.002303
v 0.198464 0.375169 -0.002326
v 0.202837 0.384417 -0.013129
v 0.218802 0.379072 -0.007433
v 0.206139 0.385752 0.005350
v 0.224855 0.395867 -0.002895
v 0.209672 0.418867 -0.004979
v 0.209456 0.391311 -0.000769
v 0.202045 0.413102 -0.018077
v 0.216658 0.394447 -0.016719
v 0.223105 0.371195 -0.008423
v 0.211619 0.378503 -0.002091
v 0.219623 0.381526 -0.018610
v 0.198760 0.376611 -0.017850
v 0.045294 0.678152 0.080814
v 0.035663 0.640721 0.098064
v 0.045077 0.678682 0.081763
v 0.036585 0.640881 0.098790
v 0.046183 0.678351 0.081588
v 0.035502 0.641120 0.099030
v 0.029059 0.391212 -0.042970
v 0.030100 0.397881 -0.024971
v 0.027763 0.419914 -0.045407
v 0.028009 0.412799 -0.026793
v 0.030203 0.438728 -0.027717
v 0.029027 0.420650 -0.019411
v 0.030659 0.420932 -0.008715
v 0.035267 0.414991 0.011653
v 0.033848 0.409382 0.000596
v 0.050058 0.409612 -0.001884
v 0.051855 0.415226 0.009116
v 0.061057 0.386565 0.077101
v 0.061387 0.407617 0.077029
v 0.048247 0.439689 -0.005221
v 0.049998 0.421206 -0.011673
v 0.048409 0.420128 -0.021598
v 0.044708 0.420036 -0.047689
v 0.047422 0.412622 -0.028578
v 0.044946 0.391564 -0.045140
v 0.079318 0.400972 0.095693
v 0.047775 0.400979 0.101920
v 0.048692 0.346083 0.081027
v 0.050698 0.336764 0.106033
v 0.075492 0.336126 0.104532
v 0.070073 0.346521 0.077656
v 0.079997 0.370101 0.097567
v 0.046058 0.386595 0.081630
v 0.072610 0.392394 0.112797
v 0.054393 0.391838 0.115259
v 0.059348 0.350132 0.124640
v 0.059851 0.349198 0.102011
v 0.065163 0.349145 0.102348
v 0.063423 0.356767 0.111337
v 0.072531 0.350429 0.122662
v 0.064127 0.383836 0.105759
v 0.061731 0.383802 0.106126
v 0.064830 0.356684 0.111045
v 0.045949 0.398007 -0.026353
v 0.047248 0.438676 -0.029951
v 0.033695 0.439478 -0.003125
v 0.046808 0.402855 0.087089
v -0.062715 0.405329 -0.025189
v -0.065037 0.368987 -0.043899
v -0.073374 0.369351 -0.029192
v -0.045506 0.405379 -0.042785
v -0.055862 0.363086 -0.030893
v -0.040139 0.396491 -0.025708
v -0.049815 0.398757 -0.006420
v -0.064468 0.363418 -0.017818
v -0.088375 0.337420 -0.048928
v -0.078080 0.339144 -0.060055
v -0.087857 0.318125 -0.074748
v -0.098154 0.316086 -0.063796
v -0.079604 0.327356 -0.030829
v -0.089665 0.304723 -0.041668
v -0.069680 0.330295 -0.050903
v -0.079603 0.309003 -0.065790
v -0.007067 0.571326 -0.026416
v -0.012277 0.499288 -0.015540
v -0.000442 0.499066 -0.013014
v -0.012225 0.559874 -0.012592
v -0.002055 0.501440 -0.035697
v 0.011067 0.499529 -0.017378
v -0.000267 0.446007 -0.025029
v -0.012803 0.448989 -0.028353
v -0.001845 0.441054 -0.048891
v -0.016632 0.424192 -0.037853
v -0.015597 0.431832 -0.013442
v 0.015567 0.424432 -0.039940
v 0.025711 0.434023 -0.031982
v 0.011544 0.451376 -0.030751
v 0.017357 0.432279 -0.015415
v -0.017799 0.407093 -0.040773
v 0.016880 0.407656 -0.042962
v 0.029819 0.412867 -0.023735
v 0.019201 0.418736 -0.003349
v -0.015479 0.418172 -0.001159
v -0.028380 0.411922 -0.020061
v -0.015479 0.398223 -0.006291
v -0.016639 0.392683 -0.026098
v 0.018041 0.393246 -0.028288
v 0.019201 0.398786 -0.008481
v -0.025637 0.433922 -0.029184
v -0.036696 0.594522 -0.015513
v -0.034663 0.578177 -0.004978
v -0.059631 0.595685 0.012262
v -0.061593 0.575247 0.006779
v -0.047788 0.577434 -0.019148
v -0.045186 0.582180 0.014063
v -0.058603 0.577426 0.051254
v -0.063869 0.561601 0.037620
v -0.046223 0.568477 0.037636
v -0.044906 0.546424 0.062968
v -0.056179 0.536439 0.044751
v -0.041098 0.545419 0.045447
v -0.027857 0.518372 0.063438
v -0.042689 0.506445 0.046769
v -0.029339 0.518221 0.046771
v -0.009700 0.490927 0.055650
v -0.008540 0.487515 0.038382
v -0.007769 0.551127 -0.036155
v 0.022945 0.594753 -0.027811
v 0.033058 0.578110 -0.034660
v 0.054870 0.597881 -0.007172
v 0.056258 0.577457 -0.012766
v 0.067054 0.580059 0.030693
v 0.051488 0.570934 0.021387
v 0.042439 0.583993 -0.000841
v 0.025527 0.578836 -0.016671
v 0.003520 0.560271 -0.015317
v 0.058403 0.548842 0.047563
v 0.049855 0.547671 0.032110
v 0.042597 0.520348 0.054144
v 0.019512 0.492397 0.052925
v 0.064816 0.538924 0.026625
v 0.068827 0.564915 0.015422
v 0.053326 0.508492 0.034093
v 0.039625 0.519725 0.037835
v 0.021123 0.476254 0.036316
v 0.016939 0.488048 0.036037
v 0.003887 0.479574 0.034024
v 0.026400 0.469530 0.035354
v 0.020776 0.467175 0.046321
v 0.005450 0.471530 0.054094
v 0.014641 0.445707 0.034324
v 0.004657 0.443529 0.034843
v -0.005137 0.445230 0.036032
v -0.010231 0.466802 0.049041
v 0.005227 0.473218 0.051939
v -0.012679 0.475640 0.039288
v -0.007335 0.489304 0.056792
v -0.003250 0.520119 0.071150
v 0.008651 0.528264 0.077964
v 0.018662 0.520547 0.068665
v 0.006510 0.482922 0.061109
v 0.019218 0.489641 0.054051
v -0.017752 0.468994 0.039138
v 0.003318 0.455402 0.021847
v 0.015767 0.447464 0.023098
v 0.003704 0.444412 0.023417
v -0.008267 0.446975 0.025061
v 0.033781 0.162971 0.054430
v 0.039156 0.134656 0.044405
v 0.020162 0.134611 0.042754
v 0.017449 0.136332 0.059301
v -0.095441 0.681080 0.035919
v -0.101773 0.670998 0.052695
v -0.105668 0.652607 0.056204
v -0.107277 0.689466 0.029734
v -0.086686 0.681323 0.010496
v -0.081163 0.675463 0.022394
v -0.078206 0.658533 0.000176
v -0.077084 0.658652 0.014063
v -0.116749 0.666840 0.015169
v -0.118625 0.649866 0.059949
v -0.115657 0.675030 0.053265
v -0.124163 0.685522 0.017703
v -0.107620 0.678884 0.002353
v -0.101133 0.659702 -0.005512
v -0.135856 0.669227 -0.023040
v -0.167219 0.686080 -0.034665
v -0.161298 0.663348 0.004522
v -0.135371 0.652448 0.040832
v -0.155084 0.674344 0.005681
v -0.133332 0.673013 0.035478
v -0.143654 0.684145 -0.000914
v -0.135574 0.678947 -0.014298
v 0.098022 0.654656 0.012258
v 0.099189 0.637019 -0.000264
v 0.112389 0.635189 -0.009422
v 0.083705 0.679697 -0.023621
v 0.084431 0.672957 0.013362
v 0.112538 0.661589 0.005199
v 0.092858 0.688108 0.006649
v 0.061902 0.672640 0.012014
v 0.059205 0.688433 0.004912
v 0.097436 0.696845 -0.015468
v 0.070377 0.697007 -0.016946
v 0.100226 0.712893 -0.041674
v 0.082032 0.715096 -0.047122
v 0.096520 0.743093 -0.077889
v 0.072943 0.712061 -0.058734
v 0.112773 0.695171 -0.065060
v 0.111652 0.702710 -0.052456
v 0.114181 0.676085 -0.019602
v 0.113630 0.654435 -0.031369
v 0.053690 0.683402 -0.029433
v 0.037946 0.672686 -0.009879
v 0.047252 0.663158 -0.000435
v 0.275306 0.634367 -0.121046
v 0.316202 0.663154 0.182697
v 0.275863 0.631287 -0.120795
v 0.312480 0.657812 0.183747
v 0.269378 0.625858 -0.119374
v 0.272441 0.626374 -0.119830
v 0.305961 0.658437 0.184536
v 0.266447 0.626950 -0.119104
v 0.264433 0.629358 -0.119093
v 0.303165 0.664406 0.184276
v 0.263876 0.632437 -0.119344
v 0.304306 0.667587 0.183792
v 0.264926 0.635362 -0.119789
v 0.306888 0.669748 0.183225
v 0.267299 0.637350 -0.120309
v 0.310219 0.670311 0.182730
v 0.270361 0.637866 -0.120765
v 0.313406 0.669123 0.182436
v 0.273293 0.636775 -0.121035
v 0.315062 0.659973 0.183181
v 0.274815 0.628362 -0.120350
v 0.315193 0.663611 0.185916
v 0.314299 0.661117 0.186295
v 0.311879 0.663120 0.187911
v 0.312275 0.659423 0.186739
v 0.311110 0.662475 0.188080
v 0.309149 0.657249 0.184243
v 0.309665 0.658982 0.187128
v 0.310117 0.662308 0.188227
v 0.307166 0.659913 0.187358
v 0.309166 0.662662 0.188315
v 0.303771 0.661056 0.184548
v 0.305449 0.661966 0.187367
v 0.308513 0.663443 0.188319
v 0.304974 0.664591 0.187153
v 0.308333 0.664441 0.188237
v 0.305869 0.667085 0.186774
v 0.308673 0.665390 0.188093
v 0.307892 0.668779 0.186331
v 0.309443 0.666034 0.187924
v 0.310503 0.669219 0.185942
v 0.310435 0.666202 0.187776
v 0.313001 0.668288 0.185712
v 0.311386 0.665848 0.187689
v 0.314718 0.666235 0.185703
v 0.315597 0.666504 0.182424
v 0.312039 0.665067 0.187685
v 0.312219 0.664068 0.187767
v 0.250374 0.629454 -0.208155
v 0.254068 0.623508 -0.170427
v 0.254895 0.633299 -0.171527
v 0.249566 0.619883 -0.207082
v 0.262118 0.617787 -0.170878
v 0.257435 0.614290 -0.207524
v 0.270994 0.621855 -0.172432
v 0.266111 0.618267 -0.209041
v 0.271820 0.631644 -0.173531
v 0.266919 0.627837 -0.210116
v 0.263770 0.637366 -0.173079
v 0.259050 0.633430 -0.209673
v 0.271164 0.631444 -0.171034
v 0.270426 0.622706 -0.170053
v 0.262505 0.619078 -0.168668
v 0.255323 0.624182 -0.168264
v 0.256060 0.632918 -0.169244
v 0.263980 0.636550 -0.170631
v 0.257912 0.623599 -0.211177
v 0.264068 0.638159 -0.110058
v 0.262014 0.629148 -0.117946
v 0.270093 0.632349 -0.118598
v 0.269023 0.624496 -0.118123
v 0.276684 0.628006 -0.119464
v 0.277586 0.636285 -0.120669
v 0.271894 0.641747 -0.111426
v 0.270663 0.630201 -0.152527
v 0.271836 0.633660 -0.171371
v 0.274089 0.635435 -0.154522
v 0.268350 0.628181 -0.169747
v 0.266118 0.637726 -0.171043
v 0.268340 0.639525 -0.154192
v 0.262211 0.632545 -0.169396
v 0.264672 0.634461 -0.152182
v 0.272398 0.630054 -0.135359
v 0.275397 0.624499 -0.130952
v 0.274890 0.624097 -0.134907
v 0.272949 0.630488 -0.131078
v 0.272534 0.623271 -0.128429
v 0.269850 0.629159 -0.128347
v 0.269165 0.621640 -0.129862
v 0.266202 0.627396 -0.129898
v 0.268657 0.621239 -0.133818
v 0.265652 0.626962 -0.134181
v 0.271520 0.622467 -0.136340
v 0.268750 0.628290 -0.136910
v 0.272289 0.622306 -0.132361
v 0.263958 0.633374 -0.127065
v 0.262016 0.639765 -0.123235
v 0.261508 0.639364 -0.127191
v 0.264506 0.633809 -0.122783
v 0.265385 0.641396 -0.121802
v 0.268154 0.635571 -0.121232
v 0.268249 0.642623 -0.124325
v 0.271253 0.636900 -0.123962
v 0.267741 0.642221 -0.128282
v 0.270704 0.636465 -0.128245
v 0.264371 0.640592 -0.129714
v 0.267055 0.634701 -0.129795
v 0.264617 0.641555 -0.125782
v 0.271261 0.639433 -0.114811
v 0.267096 0.645642 -0.121040
v 0.267836 0.646228 -0.115270
v 0.270468 0.638806 -0.120987
v 0.261417 0.643039 -0.120047
v 0.264417 0.636033 -0.119929
v 0.265210 0.636660 -0.113753
v 0.262157 0.643625 -0.114276
v -0.226907 0.602226 0.004037
v -0.148579 0.809398 0.217826
v -0.226343 0.599931 0.006104
v -0.152177 0.806181 0.222322
v -0.232637 0.597103 0.011197
v -0.229651 0.596973 0.010237
v -0.158544 0.807694 0.223147
v -0.235505 0.598364 0.010996
v -0.237487 0.600417 0.009687
v -0.161313 0.812424 0.219477
v -0.238051 0.602712 0.007621
v -0.160221 0.814515 0.217009
v -0.237046 0.604635 0.005352
v -0.157715 0.815640 0.214980
v -0.234742 0.605670 0.003487
v -0.154467 0.815499 0.213936
v -0.231757 0.605540 0.002528
v -0.151348 0.814127 0.214155
v -0.228889 0.604279 0.002729
v -0.149672 0.807307 0.220294
v -0.227347 0.598008 0.008372
v -0.149180 0.811830 0.220131
v -0.150036 0.810191 0.222066
v -0.152224 0.812954 0.222292
v -0.152000 0.809309 0.223655
v -0.152972 0.812618 0.222896
v -0.155425 0.806323 0.223366
v -0.154546 0.809420 0.224474
v -0.153939 0.812661 0.223207
v -0.156990 0.810494 0.224302
v -0.154870 0.813070 0.223142
v -0.160700 0.809927 0.221724
v -0.158680 0.812245 0.223186
v -0.155512 0.813735 0.222718
v -0.159161 0.814202 0.221425
v -0.155695 0.814479 0.222048
v -0.158304 0.815840 0.219490
v -0.155369 0.815103 0.221312
v -0.156341 0.816723 0.217901
v -0.154622 0.815438 0.220707
v -0.153795 0.816612 0.217083
v -0.153654 0.815396 0.220396
v -0.151350 0.815537 0.217254
v -0.152724 0.814988 0.220461
v -0.149661 0.813787 0.218370
v -0.149193 0.811895 0.215579
v -0.152082 0.814322 0.220886
v -0.151899 0.813578 0.221555
v -0.262451 0.546508 -0.058140
v -0.254158 0.564919 -0.025509
v -0.253411 0.571816 -0.032553
v -0.263181 0.539764 -0.051255
v -0.246263 0.559509 -0.023032
v -0.255463 0.534475 -0.048833
v -0.237621 0.560996 -0.027600
v -0.247016 0.535930 -0.053297
v -0.236874 0.567892 -0.034642
v -0.246287 0.542672 -0.060182
v -0.244769 0.573302 -0.037119
v -0.254005 0.547961 -0.062603
v -0.237218 0.569336 -0.032520
v -0.237885 0.563180 -0.026234
v -0.245596 0.561854 -0.022160
v -0.252641 0.566681 -0.024369
v -0.251975 0.572836 -0.030653
v -0.244265 0.574163 -0.034730
v -0.255382 0.539445 -0.057524
v -0.236676 0.612914 0.011231
v -0.239747 0.601161 0.010931
v -0.231791 0.602594 0.007679
v -0.232844 0.596843 0.013051
v -0.225385 0.598124 0.009109
v -0.224586 0.603770 0.002921
v -0.229057 0.614226 0.007204
v -0.235434 0.579864 -0.017345
v -0.236578 0.570803 -0.034227
v -0.232248 0.582435 -0.022478
v -0.239872 0.567815 -0.029223
v -0.242186 0.574651 -0.035983
v -0.237886 0.586305 -0.024244
v -0.245892 0.571945 -0.031108
v -0.241310 0.583897 -0.019183
v -0.231590 0.590236 -0.004100
v -0.228105 0.588380 0.002509
v -0.229100 0.585658 -0.000260
v -0.230512 0.593180 -0.001102
v -0.230642 0.589217 0.005498
v -0.233258 0.594087 0.002133
v -0.234173 0.587334 0.005717
v -0.237081 0.592050 0.002369
v -0.235169 0.584613 0.002947
v -0.238158 0.589105 -0.000630
v -0.232632 0.583775 -0.000041
v -0.235414 0.588198 -0.003863
v -0.231377 0.586050 0.003074
v -0.238919 0.598656 0.001041
v -0.240331 0.606179 0.000200
v -0.241328 0.603458 -0.002571
v -0.237843 0.601602 0.004039
v -0.236800 0.608063 -0.000020
v -0.234020 0.603639 0.003804
v -0.234263 0.607224 -0.003008
v -0.231274 0.602733 0.000568
v -0.235259 0.604502 -0.005778
v -0.232351 0.599786 -0.002430
v -0.238791 0.602620 -0.005560
v -0.236174 0.597749 -0.002192
v -0.238054 0.605787 -0.003134
v -0.230118 0.610375 0.006084
v -0.234981 0.611711 -0.002239
v -0.233529 0.615680 0.001801
v -0.231673 0.606127 0.001758
v -0.240511 0.610759 0.000683
v -0.237564 0.605114 0.004871
v -0.236009 0.609362 0.009196
v -0.239059 0.614728 0.004723
v -0.140032 0.389144 0.099316
v 0.014720 0.508367 0.337220
v -0.141273 0.386998 0.101242
v 0.009299 0.508040 0.340965
v -0.148664 0.388622 0.105279
v -0.146257 0.386697 0.104684
v 0.005089 0.513114 0.341123
v -0.150128 0.391363 0.104830
v -0.150257 0.394184 0.103459
v 0.006298 0.518517 0.337538
v -0.149016 0.396330 0.101533
v 0.008776 0.519491 0.335400
v -0.146737 0.397226 0.099568
v 0.011719 0.518845 0.333793
v -0.144032 0.396631 0.098091
v 0.014337 0.516751 0.333147
v -0.141625 0.394706 0.097496
v 0.015929 0.513770 0.333634
v -0.140161 0.391965 0.097945
v 0.012242 0.507393 0.339358
v -0.143551 0.386102 0.103207
v 0.015373 0.510688 0.339625
v 0.013430 0.509924 0.341299
v 0.013341 0.513451 0.341479
v 0.011124 0.510431 0.342560
v 0.012464 0.513643 0.341959
v 0.006681 0.510134 0.341611
v 0.009072 0.512072 0.343066
v 0.011683 0.514267 0.342151
v 0.007824 0.514408 0.342684
v 0.011208 0.515156 0.342006
v 0.004948 0.516183 0.339632
v 0.007714 0.516813 0.341515
v 0.011167 0.516071 0.341561
v 0.008772 0.518643 0.339873
v 0.011569 0.516767 0.340936
v 0.010714 0.519407 0.338198
v 0.012308 0.517057 0.340300
v 0.013020 0.518900 0.336939
v 0.013185 0.516864 0.339820
v 0.015072 0.517258 0.336432
v 0.013966 0.516240 0.339627
v 0.016321 0.514922 0.336814
v 0.014440 0.515352 0.339773
v 0.016430 0.512517 0.337983
v 0.016070 0.510702 0.335126
v 0.014482 0.514437 0.340218
v 0.014080 0.513741 0.340842
v -0.192333 0.365820 0.028928
v -0.179536 0.375742 0.063717
v -0.173766 0.380700 0.057401
v -0.197974 0.360973 0.035101
v -0.176953 0.366676 0.066695
v -0.195450 0.352110 0.038012
v -0.168603 0.362567 0.063358
v -0.187287 0.348094 0.034750
v -0.162835 0.367524 0.057044
v -0.181649 0.352941 0.028578
v -0.165417 0.376591 0.054065
v -0.184172 0.361804 0.025667
v -0.162547 0.368902 0.059218
v -0.167697 0.364477 0.064854
v -0.175148 0.368144 0.067830
v -0.177452 0.376233 0.065174
v -0.172303 0.380658 0.059540
v -0.164852 0.376992 0.056560
v -0.191121 0.355923 0.029830
v -0.142330 0.403639 0.106102
v -0.151766 0.396160 0.104473
v -0.144180 0.392437 0.102348
v -0.149255 0.388559 0.107065
v -0.142048 0.385012 0.104185
v -0.137117 0.388952 0.098621
v -0.134966 0.400017 0.103160
v -0.157041 0.376336 0.075303
v -0.160912 0.369662 0.057727
v -0.152239 0.376395 0.070825
v -0.166030 0.369336 0.062030
v -0.162743 0.376106 0.055616
v -0.154079 0.382875 0.068702
v -0.167997 0.376254 0.059763
v -0.158959 0.383089 0.073091
v -0.149728 0.382377 0.089718
v -0.149077 0.378853 0.096532
v -0.151089 0.377266 0.093449
v -0.147550 0.384092 0.093054
v -0.151004 0.381088 0.099245
v -0.149635 0.386512 0.095992
v -0.154942 0.381736 0.098875
v -0.153897 0.387216 0.095590
v -0.156954 0.380150 0.095792
v -0.156075 0.385499 0.092252
v -0.155027 0.377916 0.093079
v -0.153990 0.383080 0.089318
v -0.153131 0.378992 0.096499
v -0.151171 0.393568 0.094589
v -0.147632 0.400395 0.094195
v -0.149644 0.398810 0.091111
v -0.148994 0.395286 0.097925
v -0.143694 0.399747 0.094563
v -0.144732 0.394582 0.098327
v -0.141767 0.397510 0.091851
v -0.142647 0.392163 0.095390
v -0.143780 0.395925 0.088767
v -0.144825 0.390445 0.092053
v -0.147718 0.396575 0.088397
v -0.149087 0.391149 0.091654
v -0.145590 0.398669 0.091144
v -0.137951 0.397589 0.101608
v -0.139745 0.401520 0.092888
v -0.136811 0.403833 0.097384
v -0.141093 0.395115 0.096794
v -0.145088 0.404149 0.095023
v -0.146785 0.397915 0.099068
v -0.143644 0.400391 0.103882
v -0.142154 0.406462 0.099520
vn 0.9877 0.1430 -0.0627
vn 0.1023 -0.8963 -0.4316
vn -0.4054 -0.8472 -0.3433
vn -0.8045 -0.5710 -0.1635
vn -0.9881 -0.1416 0.0597
vn -0.9070 0.3261 0.2666
vn -0.5829 0.7064 0.4016
vn -0.1027 0.8976 0.4286
vn 0.4050 0.8486 0.3403
vn 0.8041 0.5724 0.1605
vn 0.9066 -0.3246 -0.2696
vn 0.5826 -0.7049 -0.4045
vn -0.1161 0.4186 -0.9007
vn 0.8755 -0.4676 0.1218
vn 0.4976 -0.5183 0.6955
vn 0.5795 -0.8150 -0.0016
vn 0.3572 -0.6830 0.6372
vn 0.1409 -0.9897 -0.0263
vn 0.1491 -0.7659 0.6255
vn -0.3228 -0.9449 0.0543
vn -0.0709 -0.7446 0.6637
vn -0.6874 -0.6926 0.2187
vn -0.2438 -0.6250 0.7416
vn -0.8552 -0.3003 0.4224
vn -0.3233 -0.4389 0.8383
vn -0.7811 0.1266 0.6114
vn -0.2884 -0.2365 0.9278
vn -0.4851 0.4742 0.7347
vn -0.1479 -0.0717 0.9864
vn -0.0464 0.6489 0.7594
vn 0.0603 0.0114 0.9981
vn 0.4173 0.6041 0.6789
vn 0.2802 -0.0098 0.9599
vn 0.7819 0.3518 0.5147
vn 0.4532 -0.1296 0.8820
vn 0.9497 -0.0405 0.3107
vn 0.5327 -0.3155 0.7853
vn 0.1160 -0.4187 0.9007
vn 0.9877 0.1429 -0.0627
vn -0.4053 -0.8472 -0.3434
vn -0.8045 -0.5711 -0.1636
vn -0.9881 -0.1414 0.0598
vn -0.9071 0.3259 0.2665
vn -0.5830 0.7063 0.4016
vn -0.1027 0.8977 0.4286
vn 0.4050 0.8486 0.3404
vn 0.5825 -0.7050 -0.4046
vn -0.1163 0.4184 -0.9008
vn -0.1162 0.4187 -0.9007
vn -0.1165 0.4186 -0.9007
vn -0.1159 0.4185 -0.9008
vn -0.1160 0.4185 -0.9008
vn -0.1163 0.4183 -0.9008
vn -0.1162 0.4186 -0.9007
vn -0.1162 0.4185 -0.9008
vn 0.8756 -0.4675 0.1218
vn 0.4976 -0.5181 0.6957
vn 0.5796 -0.8149 -0.0015
vn 0.3570 -0.6833 0.6370
vn 0.1491 -0.7659 0.6254
vn -0.6874 -0.6926 0.2185
vn -0.2437 -0.6251 0.7415
vn -0.8550 -0.3005 0.4226
vn -0.3235 -0.4386 0.8384
vn -0.7810 0.1266 0.6115
vn -0.2884 -0.2363 0.9279
vn -0.4850 0.4742 0.7348
vn -0.1476 -0.0712 0.9865
vn -0.0463 0.6490 0.7594
vn 0.0602 0.0113 0.9981
vn 0.2802 -0.0099 0.9599
vn 0.4532 -0.1296 0.8819
vn 0.9496 -0.0404 0.3108
vn 0.1155 -0.4186 0.9008
vn 0.1170 -0.4182 0.9008
vn 0.1160 -0.4185 0.9008
vn 0.1160 -0.4182 0.9009
vn 0.1162 -0.4182 0.9009
vn 0.1163 -0.4183 0.9008
vn 0.1166 -0.4186 0.9007
vn 0.1161 -0.4189 0.9006
vn 0.1162 -0.4185 0.9008
vn -0.7157 0.6756 -0.1772
vn -0.8917 -0.4376 0.1159
vn -0.7282 0.4340 0.5305
vn -0.8608 -0.1058 -0.4979
vn -0.1313 -0.9705 -0.2021
vn -0.1948 -0.5442 -0.8160
vn 0.7761 -0.6123 -0.1508
vn 0.5909 -0.2357 -0.7716
vn 0.9305 0.2745 0.2424
vn 0.7371 0.5055 -0.4484
vn 0.6990 0.5729 0.4279
vn 0.1433 0.9480 0.2842
vn 0.9384 0.2524 0.2361
vn 0.7762 -0.6175 -0.1272
vn -0.1299 -0.9728 -0.1917
vn -0.8867 -0.4442 0.1286
vn -0.7241 0.4282 0.5406
vn 0.1148 0.9884 0.0994
vn -0.1082 0.4231 -0.8996
vn -0.5496 -0.3487 0.7591
vn -0.7298 -0.5633 0.3875
vn 0.2515 -0.7359 0.6287
vn -0.0548 -0.9734 0.2224
vn 0.6759 -0.6869 0.2671
vn 0.8920 -0.0483 0.4494
vn 0.6073 -0.3130 0.7302
vn 0.6865 -0.5767 0.4430
vn 0.7213 0.3637 -0.5895
vn 0.8968 -0.0828 0.4345
vn 0.4656 -0.1368 -0.8744
vn -0.1490 0.9690 -0.1970
vn 0.0169 0.5405 0.8412
vn -0.6658 0.6546 -0.3581
vn -0.3600 0.1448 0.9216
vn 0.7671 0.4848 -0.4201
vn 0.9129 -0.3890 0.1238
vn 0.8018 -0.0792 -0.5924
vn 0.8798 0.0668 0.4707
vn 0.2794 -0.8196 0.5002
vn 0.1262 -0.4650 0.8763
vn -0.3787 -0.9210 0.0909
vn -0.7310 -0.5697 0.3757
vn -0.5081 -0.5456 -0.6665
vn -0.8436 -0.1516 -0.5151
vn -0.2375 -0.4103 -0.8805
vn -0.3833 0.7615 -0.5227
vn 0.3581 -0.8506 -0.3850
vn -0.8798 -0.0667 -0.4707
vn -0.8036 0.0312 0.5943
vn -0.9134 0.3878 -0.1237
vn -0.7671 -0.4848 0.4201
vn -0.1436 0.1401 0.9797
vn 0.0947 -0.3742 0.9225
vn 0.4753 0.5603 0.6783
vn 0.8436 0.1516 0.5151
vn 0.4103 0.9108 -0.0455
vn 0.7309 0.5697 -0.3757
vn 0.0922 0.9553 -0.2810
vn 0.1914 -0.0574 -0.9798
vn -0.3581 0.8506 0.3849
vn 0.7246 -0.0041 0.6891
vn 0.2630 0.9425 -0.2060
vn 0.4078 0.4372 0.8016
vn 0.5645 0.5902 -0.5771
vn -0.2232 0.9262 -0.3039
vn -0.0209 -0.5786 -0.8153
vn -0.5917 -0.5266 0.6104
vn -0.6747 0.0207 0.7378
vn -0.6604 -0.7430 -0.1086
vn -0.6989 -0.6014 0.3870
vn -0.9820 -0.0288 0.1865
vn -0.9845 -0.1180 0.1295
vn -0.9769 -0.0050 0.2135
vn -0.9863 0.0359 0.1609
vn -0.9785 0.0588 0.1977
vn -0.9801 0.0759 0.1832
vn -0.9823 0.0226 0.1859
vn -0.9746 -0.1137 0.1928
vn 0.0799 -0.8948 0.4392
vn 0.0851 -0.8920 0.4439
vn -0.0234 -0.9212 -0.3884
vn -0.0471 -0.9238 -0.3800
vn -0.0274 -0.9217 -0.3869
vn 0.9893 0.0489 -0.1378
vn 0.9937 0.0552 -0.0978
vn 0.9929 0.0474 -0.1090
vn 0.9879 0.1083 -0.1106
vn 0.9936 0.0476 -0.1022
vn 0.9934 0.1088 -0.0369
vn 0.9693 0.1326 -0.2069
vn 0.9696 0.1363 -0.2034
vn 0.9593 0.0497 -0.2780
vn -0.1367 0.6880 -0.7128
vn -0.1400 0.6896 -0.7106
vn -0.1422 0.6907 -0.7091
vn -0.1664 -0.0900 -0.9820
vn 0.2134 -0.8393 -0.5000
vn -0.1658 -0.0903 -0.9820
vn 0.9529 -0.0178 -0.3027
vn 0.9599 0.0614 -0.2736
vn 0.9810 -0.1620 -0.1070
vn 0.8166 -0.5554 0.1574
vn -0.1455 0.6922 -0.7069
vn -0.0303 0.9991 -0.0302
vn 0.0095 0.9863 0.1646
vn -0.0358 0.9990 -0.0249
vn 0.0129 0.9866 0.1627
vn 0.0419 0.9328 0.3578
vn -0.9870 0.0154 0.1597
vn -0.9830 0.0316 0.1811
vn -0.0512 -0.9242 -0.3785
vn -0.1185 -0.5564 -0.8224
vn -0.1188 -0.5561 -0.8226
vn -0.1172 -0.5558 -0.8230
vn 0.9945 0.0261 -0.1010
vn 0.9953 0.0141 -0.0960
vn 0.1274 0.4372 0.8903
vn 0.1292 0.4366 0.8903
vn 0.1300 0.4363 0.8904
vn 0.1266 0.4375 0.8903
vn -0.9784 -0.0265 0.2052
vn -0.9798 -0.0262 0.1983
vn -0.9844 -0.0448 0.1704
vn -0.9876 -0.0297 0.1541
vn -0.0416 -0.9312 -0.3622
vn -0.0412 -0.9312 -0.3622
vn -0.0406 -0.9314 -0.3618
vn -0.0424 -0.9310 -0.3626
vn 0.9863 -0.0365 -0.1612
vn 0.9903 -0.0289 -0.1358
vn -0.1503 0.2191 -0.9641
vn -0.1502 0.2192 -0.9641
vn -0.1174 -0.5555 -0.8232
vn 0.1499 -0.2477 0.9572
vn 0.1500 -0.2477 0.9572
vn 0.0416 0.9329 0.3578
vn 0.9880 0.0143 -0.1539
vn 0.9884 0.0148 -0.1514
vn 0.9884 0.0144 -0.1510
vn 0.7247 -0.2073 -0.6571
vn 0.6821 0.1544 -0.7148
vn 0.7158 -0.2925 -0.6341
vn 0.6881 0.3153 -0.6535
vn -0.1159 -0.1461 -0.9825
vn -0.1588 -0.0678 -0.9850
vn -0.1336 -0.1140 -0.9845
vn -0.1250 -0.6927 -0.7103
vn -0.1098 -0.7136 -0.6919
vn -0.1017 -0.7245 -0.6817
vn -0.1345 -0.6789 -0.7218
vn 0.7581 -0.5302 -0.3797
vn 0.7593 -0.6125 -0.2198
vn 0.9852 0.0322 -0.1682
vn 0.9874 0.0314 -0.1550
vn 0.9878 0.0215 -0.1540
vn 0.8525 0.3280 0.4070
vn 0.7894 0.6133 0.0260
vn 0.8129 0.5580 0.1671
vn 0.7403 0.6034 -0.2964
vn -0.0465 0.9986 -0.0231
vn -0.9883 -0.0155 0.1518
vn -0.9892 -0.0271 0.1438
vn -0.9885 -0.0076 0.1510
vn -0.9880 -0.0187 0.1533
vn 0.1144 0.1343 0.9843
vn 0.1097 0.1239 0.9862
vn 0.1063 0.1163 0.9875
vn 0.1178 0.1419 0.9828
vn 0.0646 0.7300 0.6804
vn 0.0646 0.7299 0.6805
vn 0.0647 0.7302 0.6802
vn 0.0648 0.7303 0.6800
vn 0.8713 0.2158 0.4408
vn 0.8768 -0.1650 0.4517
vn 0.9355 -0.0605 0.3480
vn 0.9730 -0.1812 0.1428
vn 0.9935 -0.1111 -0.0239
vn 0.9684 0.1603 -0.1913
vn 0.3135 0.4331 -0.8451
vn 0.7292 -0.6794 0.0817
vn 0.2110 -0.9604 0.1819
vn 0.3366 -0.8906 0.3059
vn -0.0030 -0.9895 -0.1446
vn -0.3341 0.6704 -0.6626
vn 0.2441 0.0048 -0.9697
vn 0.9220 -0.3605 0.1411
vn 0.9356 -0.2716 0.2256
vn 0.0691 -0.4424 0.8942
vn -0.8958 0.4443 -0.0081
vn -0.9015 0.4194 0.1064
vn -0.5275 0.8310 -0.1766
vn -0.9808 0.0793 0.1781
vn -0.9689 0.0136 0.2469
vn -0.2029 -0.8802 -0.4291
vn 0.4142 -0.7969 0.4398
vn 0.7538 -0.5417 0.3720
vn 0.4538 0.8906 0.0304
vn -0.9301 -0.0273 0.3662
vn 0.1000 -0.8267 0.5536
vn 0.1335 -0.8134 0.5661
vn 0.1405 -0.8104 0.5688
vn 0.1876 -0.7893 0.5847
vn -0.9875 -0.0095 0.1576
vn -0.9883 -0.0144 0.1520
vn -0.1478 0.6851 -0.7133
vn -0.1477 0.6850 -0.7134
vn -0.1477 0.6849 -0.7135
vn -0.1479 0.6852 -0.7132
vn -0.1788 -0.0303 -0.9834
vn -0.9880 -0.0113 0.1539
vn -0.9863 0.0098 0.1650
vn -0.0502 -0.9892 -0.1379
vn -0.0350 -0.9933 -0.1100
vn 0.7196 0.5395 -0.4372
vn 0.9884 0.0144 -0.1512
vn 0.1187 -0.6904 0.7136
vn 0.1191 -0.6908 0.7132
vn 0.1172 -0.6890 0.7152
vn 0.1206 -0.6922 0.7115
vn 0.0947 0.7234 0.6839
vn 0.0933 0.7368 0.6696
vn 0.0899 0.7365 0.6704
vn 0.0982 0.7229 0.6839
vn -0.9897 -0.0054 0.1430
vn -0.0445 0.6896 -0.7228
vn -0.0449 0.6900 -0.7224
vn -0.0465 0.6916 -0.7207
vn -0.0429 0.6879 -0.7245
vn -0.1018 -0.7199 -0.6866
vn -0.0953 -0.7259 -0.6812
vn -0.0960 -0.7351 -0.6712
vn -0.0893 -0.7405 -0.6661
vn 0.9898 0.0050 -0.1425
vn 0.9896 0.0054 -0.1435
vn 0.9902 0.0037 -0.1397
vn 0.9903 0.0032 -0.1387
vn -0.2767 -0.6849 0.6741
vn -0.2637 -0.1781 0.9480
vn -0.2574 -0.5829 0.7707
vn -0.6720 0.4416 -0.5945
vn -0.6480 0.2870 -0.7055
vn -0.6883 0.1744 -0.7041
vn -0.6519 0.3521 -0.6716
vn 0.9534 0.1583 -0.2569
vn 0.9488 0.3136 0.0371
vn 0.9619 0.1781 -0.2076
vn 0.9385 0.3305 0.1002
vn 0.8380 0.4432 0.3184
vn 0.8464 0.4514 0.2827
vn 0.9198 0.0194 -0.3920
vn 0.9059 0.0124 -0.4234
vn 0.9236 0.0209 -0.3828
vn 0.8999 0.0097 -0.4361
vn 0.0896 -0.3916 -0.9158
vn 0.2171 -0.3842 -0.8974
vn 0.1525 -0.3382 -0.9286
vn -0.0931 -0.4444 -0.8910
vn -0.2134 -0.6360 0.7416
vn -0.2509 -0.7477 0.6148
vn -0.2117 -0.6692 0.7123
vn -0.2617 -0.8146 0.5176
vn -0.6423 0.7561 -0.1259
vn -0.6445 0.7467 -0.1644
vn -0.6954 0.6249 -0.3550
vn -0.1845 0.9572 0.2231
vn 0.0234 0.9904 0.1364
vn -0.0968 0.9648 0.2446
vn -0.2003 0.9718 0.1243
vn -0.4007 0.8963 0.1900
vn -0.2625 0.9284 0.2630
vn 0.6147 -0.4520 0.6464
vn 0.6568 -0.4594 0.5980
vn 0.6273 -0.4771 0.6155
vn 0.6620 -0.3568 0.6592
vn -0.1722 -0.5846 0.7928
vn -0.2907 -0.4581 -0.8400
vn -0.2005 -0.4915 -0.8475
vn -0.8914 -0.4125 -0.1880
vn -0.8788 -0.4312 -0.2045
vn -0.8453 -0.4748 -0.2452
vn 0.2079 0.9360 -0.2841
vn 0.2814 0.8046 -0.5229
vn 0.3568 0.6517 -0.6693
vn 0.2113 0.9442 -0.2525
vn 0.6939 -0.5757 0.4325
vn 0.7059 -0.6420 0.2991
vn -0.8203 -0.5029 -0.2725
vn -0.7698 0.2009 0.6058
vn -0.8599 0.0318 0.5094
vn -0.8409 0.0046 0.5411
vn 0.2636 0.5345 -0.8030
vn 0.2060 0.6226 -0.7549
vn 0.6962 -0.6003 0.3935
vn 0.7002 -0.5653 0.4360
vn -0.9126 -0.0350 0.4073
vn -0.9330 -0.0495 0.3565
vn -0.9294 0.1619 0.3316
vn 0.6999 -0.4591 0.5471
vn 0.6752 -0.4445 0.5886
vn 0.2222 0.5495 -0.8054
vn 0.2233 0.5575 -0.7996
vn -0.7287 0.5117 -0.4551
vn -0.2606 -0.9124 0.3157
vn -0.2603 -0.1554 0.9529
vn -0.3835 0.3094 -0.8702
vn 0.8982 0.4364 0.0534
vn -0.4711 0.2806 0.8363
vn 0.0814 -0.9966 -0.0126
vn 0.1584 0.4052 -0.9004
vn 0.5984 -0.4193 -0.6827
vn -0.6467 -0.7574 -0.0902
vn -0.9618 -0.1536 -0.2266
vn -0.9700 0.1554 -0.1867
vn -0.9731 0.2303 -0.0090
vn -0.8786 0.3188 0.3554
vn -0.8905 0.2074 -0.4049
vn -0.8511 0.1992 -0.4857
vn 0.2674 0.9609 -0.0715
vn 0.3736 0.9193 -0.1238
vn 0.3635 0.9311 -0.0317
vn 0.2858 0.9444 -0.1626
vn 0.3016 0.9297 -0.2112
vn 0.0039 0.8548 0.5189
vn 0.5573 -0.1204 0.8215
vn -0.3865 -0.7403 0.5501
vn -0.9400 0.2349 0.2475
vn -0.8232 0.1911 -0.5347
vn -0.8232 0.1911 -0.5346
vn -0.1637 -0.9710 -0.1742
vn -0.1802 -0.9749 -0.1305
vn -0.1636 -0.9710 -0.1742
vn -0.2256 -0.9731 -0.0464
vn -0.3774 -0.9195 0.1098
vn -0.3790 -0.8584 0.3458
vn -0.3332 -0.7086 0.6220
vn 0.9728 -0.2011 0.1146
vn 0.9639 -0.1891 0.1874
vn 0.9655 -0.2543 0.0563
vn 0.9652 -0.1559 0.2098
vn 0.3801 0.9127 -0.1497
vn 0.3549 0.9128 -0.2021
vn 0.9290 -0.2190 0.2983
vn 0.9505 -0.2285 0.2106
vn 0.9611 -0.2323 0.1492
vn 0.9611 -0.2324 0.1492
vn 0.8540 0.2062 0.4776
vn 0.8006 0.1607 0.5772
vn 0.8724 0.1752 0.4563
vn 0.7782 0.1987 0.5958
vn -0.7396 -0.5989 0.3072
vn -0.5961 -0.7323 0.3293
vn -0.7339 -0.5466 0.4034
vn -0.7252 -0.5375 0.4303
vn -0.5767 -0.7459 0.3332
vn -0.4823 -0.7983 0.3607
vn -0.1370 0.0973 -0.9858
vn -0.0940 0.0726 -0.9929
vn -0.0122 -0.0789 -0.9968
vn 0.0150 0.5593 -0.8289
vn 0.0113 -0.0035 -0.9999
vn 0.4529 0.6725 0.5854
vn 0.4319 0.6760 0.5971
vn 0.4008 0.6934 0.5989
vn 0.3782 0.6971 0.6091
vn -0.3089 -0.8958 0.3195
vn -0.3772 -0.8927 0.2465
vn 0.1160 -0.2202 -0.9685
vn 0.8752 -0.0972 -0.4739
vn -0.4748 0.8352 0.2774
vn 0.3537 -0.7313 0.5832
vn 0.4054 0.3865 -0.8284
vn 0.3179 0.3578 0.8780
vn -0.9661 0.2541 -0.0453
vn 0.1144 -0.9934 -0.0109
vn -0.2337 0.4347 0.8697
vn -0.5537 0.2393 -0.7975
vn 0.9172 0.3351 -0.2153
vn -0.0047 -0.9931 0.1173
vn -0.4002 -0.3347 0.8531
vn -0.2492 0.4376 -0.8640
vn 0.7656 0.5967 -0.2407
vn 0.1141 -0.9931 -0.0260
vn 0.6105 -0.7808 0.1330
vn -0.3629 0.4391 0.8219
vn 0.5491 0.8356 0.0163
vn 0.6313 0.7753 -0.0191
vn 0.6579 0.7531 0.0046
vn -0.9456 -0.3204 -0.0560
vn -0.8384 -0.5442 -0.0294
vn -0.9135 -0.4066 -0.0152
vn -0.3810 0.4696 -0.7965
vn 0.8403 0.5412 0.0311
vn 0.9181 0.3949 0.0327
vn -0.6380 0.7380 -0.2199
vn -0.4004 0.9123 -0.0860
vn -0.2224 0.9528 -0.2065
vn -0.1930 0.9554 -0.2234
vn -0.0271 0.9527 -0.3026
vn -0.0254 0.9485 -0.3157
vn 0.1248 0.9737 -0.1904
vn 0.1442 0.9742 -0.1739
vn 0.3024 0.9529 -0.0204
vn 0.7771 -0.6152 0.1328
vn 0.8684 -0.4763 0.1381
vn 0.9110 -0.3888 0.1374
vn 0.9569 -0.2428 0.1591
vn 0.9396 -0.3163 0.1304
vn -0.5572 0.8184 -0.1402
vn -0.8867 0.4397 -0.1430
vn -0.6616 0.7428 -0.1025
vn 0.4625 0.5153 -0.7215
vn 0.5780 0.8091 -0.1058
vn -0.3324 0.1993 0.9218
vn -0.3368 0.1989 0.9203
vn -0.7871 0.1190 0.6052
vn -0.7995 0.1153 0.5896
vn 0.9990 0.0025 -0.0456
vn 0.9976 -0.0118 0.0679
vn 0.9991 -0.0406 -0.0154
vn -0.0158 0.9098 -0.4148
vn -0.0168 0.9287 -0.3705
vn -0.9696 -0.1492 -0.1939
vn -0.9791 -0.1363 -0.1508
vn -0.9745 -0.1697 -0.1465
vn -0.9748 -0.1045 -0.1969
vn 0.5226 0.2494 0.8153
vn 0.1370 0.2197 0.9659
vn 0.1430 0.2205 0.9649
vn 0.5610 0.2501 0.7891
vn -0.3325 -0.9028 0.2728
vn -0.0519 -0.9973 0.0521
vn -0.1144 -0.9645 0.2379
vn -0.1625 -0.9756 0.1474
vn 0.1352 -0.9896 0.0485
vn -0.7131 -0.7011 -0.0065
vn -0.8470 -0.5315 -0.0064
vn 0.2198 -0.9269 0.3043
vn 0.4046 -0.8340 0.3752
vn 0.1732 -0.9790 0.1075
vn -0.5357 -0.8396 0.0905
vn -0.9465 0.2902 -0.1410
vn -0.7433 0.6610 -0.1024
vn 0.1503 0.4671 0.8714
vn 0.0127 -0.9162 0.4006
vn 0.0110 -0.9016 0.4325
vn 0.0987 -0.9552 0.2792
vn -0.0352 -0.9687 0.2458
vn -0.9926 -0.0600 -0.1053
vn -0.9937 -0.0593 -0.0947
vn -0.1287 -0.2705 -0.9541
vn -0.1886 -0.2439 -0.9513
vn -0.2245 -0.1810 -0.9575
vn -0.0330 -0.9906 0.1329
vn -0.1122 -0.9831 0.1447
vn -0.0536 -0.9853 0.1622
vn -0.1208 0.9806 -0.1544
vn -0.0734 0.9510 -0.3002
vn -0.1764 0.9735 -0.1457
vn 0.0342 0.9895 -0.1404
vn 0.0166 0.9628 -0.2698
vn 0.0878 0.9887 -0.1217
vn 0.0519 0.9951 -0.0844
vn -0.0193 0.9990 -0.0397
vn 0.0179 0.9970 -0.0759
vn -0.1488 0.9835 -0.1030
vn -0.1179 0.9891 -0.0885
vn -0.0882 0.9950 -0.0463
vn 0.0027 -0.9780 0.2088
vn -0.0221 -0.9840 0.1770
vn 0.1031 -0.9769 0.1871
vn 0.0701 -0.9741 0.2150
vn 0.1352 -0.9744 0.1795
vn 0.1209 -0.9818 0.1462
vn 0.1964 -0.9651 0.1734
vn 0.4045 -0.2120 -0.8896
vn 0.3661 -0.1548 -0.9176
vn 0.4579 -0.2318 -0.8582
vn 0.9965 -0.0515 0.0655
vn 0.9969 0.0438 0.0648
vn 0.9975 0.0404 0.0584
vn -0.9217 0.2413 0.3036
vn -0.8224 0.1837 0.5384
vn -0.8951 0.2236 0.3857
vn 0.0965 -0.1400 -0.9854
vn -0.0865 -0.1814 -0.9796
vn -0.1649 -0.1974 -0.9664
vn 0.1786 -0.1195 -0.9766
vn 0.8023 0.0030 0.5970
vn 0.8677 -0.0795 0.4908
vn 0.8899 -0.1145 0.4416
vn 0.7679 0.0391 0.6393
vn -0.7706 0.1588 0.6172
vn -0.5179 0.5801 0.6287
vn -0.5195 0.5787 0.6287
vn -0.5221 0.5767 0.6283
vn 0.8491 -0.4289 -0.3082
vn 0.8219 -0.4730 -0.3174
vn 0.8156 -0.4812 -0.3213
vn 0.7853 -0.5238 -0.3301
vn -0.5229 0.5758 0.6285
vn -0.9054 0.0542 -0.4212
vn -0.0146 -0.3738 -0.9274
vn 0.2321 -0.9286 0.2897
vn -0.4289 -0.6110 0.6653
vn -0.3570 -0.0290 0.9337
vn -0.3885 -0.0907 0.9170
vn -0.2663 0.0461 0.9628
vn -0.4670 -0.1618 0.8693
vn -0.5126 -0.2302 0.8272
vn -0.7274 0.6311 -0.2695
vn -0.6714 0.7067 -0.2233
vn -0.6279 0.7558 -0.1858
vn -0.7743 0.5576 -0.2992
vn -0.8012 0.5059 -0.3196
vn -0.8011 0.5060 -0.3196
vn -0.2509 0.9679 0.0138
vn 0.6807 0.5202 -0.5157
vn 0.8980 -0.1336 0.4193
vn -0.0337 0.3141 0.9488
vn -0.5423 -0.2732 0.7945
vn 0.5679 -0.8067 0.1635
vn 0.6104 -0.7691 0.1896
vn 0.6675 -0.7085 0.2289
vn 0.7425 -0.6097 0.2774
vn 0.7540 -0.5872 0.2945
vn 0.8093 -0.4705 0.3516
vn 0.5426 0.2565 -0.7998
vn 0.4851 0.1722 -0.8573
vn 0.5355 0.2116 -0.8176
vn 0.4908 0.1984 -0.8484
vn -0.5824 0.7969 -0.1606
vn -0.6211 0.7671 -0.1604
vn 0.4063 0.0843 -0.9098
vn 0.3482 0.0183 -0.9372
vn 0.3090 -0.0276 -0.9507
vn 0.4236 0.4651 -0.7773
vn 0.6919 0.1792 0.6994
vn 0.8153 -0.3850 -0.4324
vn 0.8252 -0.3884 -0.4102
vn 0.8663 -0.3840 -0.3196
vn 0.8251 -0.3886 -0.4101
vn -0.4024 0.4066 0.8202
vn -0.2845 0.3756 0.8820
vn -0.4686 0.8654 -0.1773
vn 0.9942 0.1059 0.0211
vn 0.9232 0.3253 0.2048
vn 0.9832 0.1661 0.0758
vn -0.1516 0.4382 -0.8860
vn -0.1280 0.5848 -0.8010
vn -0.1862 0.5141 -0.8373
vn -0.1247 0.6274 -0.7687
vn 0.0677 0.5810 -0.8111
vn 0.9995 -0.0195 -0.0248
vn 0.9991 -0.0137 -0.0391
vn 0.1492 -0.7873 0.5982
vn 0.1836 -0.7798 0.5985
vn -0.0091 -0.7603 0.6495
vn 0.3373 -0.7828 0.5230
vn 0.0303 -0.3114 0.9498
vn 0.0718 -0.3159 0.9461
vn 0.0513 -0.3139 0.9481
vn 0.0316 -0.3110 0.9499
vn -0.2665 0.4464 0.8542
vn -0.2829 0.4221 0.8613
vn -0.2683 0.4437 0.8551
vn -0.9041 -0.3507 0.2442
vn -0.9226 -0.2128 0.3218
vn -0.9237 -0.2077 0.3220
vn -0.8976 -0.3853 0.2143
vn -0.8406 -0.5407 0.0321
vn -0.8366 -0.2146 -0.5041
vn 0.1427 -0.3409 -0.9292
vn 0.1422 -0.3414 -0.9291
vn 0.1432 -0.3405 -0.9293
vn -0.1303 0.4316 -0.8926
vn -0.2555 0.4623 0.8491
vn 0.6695 0.2278 0.7070
vn -0.2057 -0.2135 -0.9551
vn 0.0525 -0.9899 0.1314
vn -0.5527 -0.7040 0.4460
vn -0.5128 -0.7795 0.3596
vn -0.4669 -0.8222 0.3255
vn -0.4178 -0.8774 0.2359
vn -0.3609 -0.9162 0.1744
vn -0.3227 -0.9374 0.1307
vn -0.6783 -0.4139 0.6071
vn 0.2687 0.1650 0.9490
vn 0.0527 0.9862 0.1566
vn 0.5483 0.7311 -0.4060
vn 0.5199 0.7707 -0.3684
vn 0.8057 -0.2475 0.5382
vn 0.7797 -0.2184 0.5868
vn 0.7348 -0.1760 0.6551
vn 0.6613 -0.1075 0.7424
vn 0.6398 -0.0985 0.7622
vn 0.5406 -0.0359 0.8405
vn 0.3808 0.9122 -0.1509
vn 0.3391 0.9311 -0.1341
vn 0.4111 0.8860 -0.2145
vn 0.6997 0.3400 -0.6283
vn 0.7243 -0.5793 0.3739
vn 0.3879 0.8987 -0.2045
vn -0.8045 0.2323 -0.5466
vn -0.7771 0.1988 -0.5972
vn -0.7372 0.1695 -0.6541
vn -0.7948 0.1938 -0.5751
vn -0.6765 0.1233 -0.7261
vn -0.6211 0.0733 -0.7803
vn 0.4759 0.8240 -0.3074
vn -0.5801 0.0411 -0.8135
vn -0.5801 0.0412 -0.8135
vn -0.8943 0.4073 -0.1852
vn 0.1022 0.9063 0.4101
vn 0.0762 0.9296 0.3606
vn 0.1565 0.8911 0.4259
vn 0.6749 0.0299 0.7373
vn 0.7475 0.0325 0.6635
vn 0.2576 -0.0749 0.9633
vn 0.8031 0.1185 0.5839
vn 0.6835 0.1575 0.7128
vn -0.8133 0.5573 -0.1670
vn -0.8580 0.5126 -0.0329
vn -0.8826 0.4414 -0.1619
vn -0.8249 0.5607 0.0715
vn -0.0345 -0.9683 -0.2473
vn -0.2423 -0.7677 -0.5932
vn 0.4830 -0.8580 0.1747
vn -0.3325 -0.6919 -0.6409
vn -0.0018 -0.8314 -0.5557
vn -0.3017 -0.9405 -0.1561
vn -0.0053 -0.9957 -0.0921
vn 0.1703 0.0013 0.9854
vn -0.1638 0.0242 0.9862
vn 0.3378 0.0049 0.9412
vn -0.2910 0.0334 0.9561
vn -0.5227 0.1364 0.8415
vn -0.3436 -0.8764 -0.3374
vn -0.4090 -0.8410 -0.3541
vn -0.6824 0.2257 0.6953
vn -0.6083 0.1697 0.7754
vn 0.2594 0.9486 0.1811
vn 0.3736 0.9270 0.0338
vn 0.4869 0.8716 0.0572
vn 0.1939 0.9618 0.1933
vn -0.8333 -0.1900 0.5192
vn -0.0209 0.3653 0.9307
vn 0.0750 0.4722 0.8783
vn -0.0220 0.3695 0.9290
vn 0.0299 0.9746 0.2221
vn 0.0326 0.9723 0.2315
vn -0.1881 0.9355 0.2990
vn -0.1265 0.9524 0.2775
vn -0.3593 0.9051 0.2275
vn 0.9900 -0.1364 0.0363
vn -0.1515 0.7134 -0.6842
vn -0.1351 0.6962 -0.7050
vn -0.1983 0.7157 -0.6697
vn -0.0487 0.9252 0.3762
vn 0.0595 0.9373 0.3435
vn -0.1231 0.9759 0.1799
vn 0.0150 0.8807 0.4735
vn -0.0531 0.8624 0.5034
vn -0.0505 0.8638 0.5012
vn -0.5125 0.3905 0.7648
vn -0.4597 0.4397 0.7716
vn -0.4216 0.2964 0.8570
vn -0.3206 0.4067 0.8555
vn -0.4873 0.7664 0.4185
vn -0.4873 0.7668 0.4179
vn -0.4427 0.8439 0.3032
vn -0.4787 0.8401 0.2550
vn 0.8528 0.1612 0.4968
vn 0.6170 0.0465 0.7856
vn 0.7400 0.0634 0.6696
vn 0.2480 -0.9578 -0.1451
vn 0.2271 -0.7754 -0.5893
vn 0.9008 0.2198 0.3746
vn 0.9160 0.3790 0.1313
vn 0.8816 0.4646 -0.0836
vn 0.7876 0.5631 -0.2501
vn 0.6852 0.5760 -0.4458
vn 0.5076 0.6417 -0.5749
vn -0.1440 -0.0500 0.9883
vn -0.3117 0.0954 0.9454
vn 0.2539 -0.1115 0.9608
vn -0.5368 0.6431 -0.5461
vn -0.4899 0.6681 -0.5600
vn -0.5097 0.6577 -0.5546
vn 0.1420 0.6832 -0.7163
vn 0.2691 0.6559 -0.7052
vn 0.0856 0.6793 -0.7289
vn -0.2160 -0.9511 -0.2208
vn -0.1173 -0.8029 -0.5845
vn -0.3066 -0.9204 0.2425
vn -0.2595 -0.8550 -0.4490
vn -0.0540 -0.8923 0.4483
vn 0.3332 -0.8645 0.3764
vn -0.4618 0.6820 -0.5672
vn 0.1832 0.9292 0.3209
vn 0.2531 0.8716 0.4197
vn 0.7978 0.5058 0.3280
vn 0.7332 0.4748 0.4868
vn 0.7504 0.4872 0.4467
vn 0.6759 0.4495 0.5841
vn -0.8497 0.4839 0.2095
vn -0.8329 0.5206 0.1877
vn -0.6768 0.1818 0.7134
vn 0.5867 0.7986 0.1342
vn 0.5860 0.7991 0.1342
vn 0.4949 0.8689 -0.0044
vn 0.1423 0.9836 0.1108
vn -0.2461 0.7105 -0.6592
vn -0.2696 0.6922 -0.6694
vn -0.1957 0.7270 -0.6581
vn 0.5330 0.3097 0.7874
vn 0.4582 0.3837 0.8018
vn 0.4583 0.3794 0.8038
vn -0.0899 0.2914 0.9524
vn 0.3433 0.4801 0.8072
vn 0.5460 0.4267 0.7210
vn -0.9253 0.3541 0.1361
vn 0.0278 -0.9934 0.1111
vn 0.2260 0.2313 -0.9463
vn 0.2743 0.6017 0.7501
vn -0.0376 0.6218 0.7823
vn 0.0451 0.6091 0.7918
vn 0.1924 0.4271 -0.8835
vn 0.2091 0.3828 -0.8999
vn 0.3148 0.3929 -0.8640
vn 0.4304 0.4435 -0.7862
vn 0.5518 0.3604 -0.7521
vn 0.3372 0.5106 0.7909
vn 0.5073 0.5226 0.6852
vn -0.5987 -0.8008 0.0178
vn -0.5986 -0.8008 0.0179
vn 0.5500 0.5949 -0.5862
vn 0.5016 -0.6962 -0.5136
vn 0.5016 -0.6961 -0.5137
vn 0.3799 -0.6143 0.6916
vn -0.8267 0.5497 -0.1199
vn -0.1428 -0.9837 0.1091
vn -0.1449 -0.9844 0.0998
vn -0.1419 -0.9846 0.1019
vn -0.0837 0.5776 0.8121
vn -0.1390 -0.9840 0.1113
vn 0.1349 0.8967 -0.4217
vn 0.1415 0.8989 -0.4146
vn 0.1929 0.9070 -0.3744
vn 0.0855 0.8840 -0.4596
vn -0.0826 -0.9885 -0.1264
vn -0.0840 -0.9886 -0.1246
vn -0.1294 -0.9767 -0.1714
vn -0.0313 -0.9966 -0.0766
vn -0.0834 0.7337 -0.6744
vn -0.0834 0.7336 -0.6744
vn 0.9648 0.2052 0.1643
vn 0.9878 0.1432 0.0613
vn 0.9788 0.1760 0.1047
vn 0.1713 0.4428 0.8801
vn -0.8331 0.2853 0.4739
vn -0.8686 0.2583 0.4228
vn -0.8944 0.2270 0.3854
vn -0.8026 0.3208 0.5030
vn -0.6922 -0.2121 -0.6899
vn -0.9590 -0.2734 -0.0742
vn -0.1706 -0.4596 -0.8716
vn 0.8518 -0.3541 -0.3860
vn -0.0061 0.9589 -0.2836
vn 0.4011 -0.2608 -0.8781
vn 0.9489 0.2428 0.2014
vn 0.6894 -0.7194 0.0851
vn 0.6949 -0.7123 0.0987
vn 0.6888 -0.7201 0.0836
vn 0.0768 -0.7619 0.6431
vn -0.7066 -0.6340 0.3143
vn -0.6825 -0.6556 0.3231
vn -0.6839 -0.6544 0.3226
vn -0.6697 -0.6665 0.3275
vn -0.6865 -0.5979 -0.4137
vn -0.6904 -0.5755 -0.4384
vn -0.6874 -0.5933 -0.4189
vn -0.0600 -0.9926 -0.1054
vn -0.0688 -0.9925 -0.1011
vn -0.0624 -0.9930 -0.1005
vn -0.0636 -0.9916 -0.1125
vn -0.0440 -0.9931 -0.1088
vn 0.6786 -0.7321 0.0595
vn 0.4678 -0.6387 -0.6109
vn 0.4557 -0.6480 -0.6102
vn 0.4500 -0.6524 -0.6099
vn 0.4224 -0.6726 -0.6076
vn -0.6848 -0.6068 -0.4036
vn -0.8722 0.1028 -0.4783
vn 0.6679 0.0343 -0.7435
vn -0.1783 -0.9619 0.2075
vn -0.1967 -0.9745 0.1078
vn -0.1386 -0.9613 0.2383
vn -0.2263 -0.9706 0.0825
vn -0.3127 -0.3760 -0.8723
vn -0.3169 -0.4381 -0.8412
vn -0.3072 -0.4236 -0.8522
vn -0.3084 -0.4267 -0.8502
vn -0.2831 -0.3682 -0.8856
vn -0.2594 -0.4441 -0.8576
vn -0.2579 -0.3560 -0.8982
vn -0.1322 -0.9902 0.0458
vn -0.1214 -0.9854 0.1193
vn -0.1208 -0.9926 0.0091
vn -0.1318 -0.9874 0.0876
vn -0.5843 -0.8043 0.1082
vn -0.3105 -0.9470 0.0822
vn -0.3352 -0.9402 0.0598
vn -0.1273 -0.9916 -0.0210
vn 0.2159 0.8267 0.5196
vn 0.2389 0.7659 0.5969
vn 0.2608 0.8323 0.4891
vn 0.2147 0.7510 0.6245
vn 0.0038 0.8301 -0.5576
vn -0.0046 0.7653 -0.6437
vn -0.0287 0.8031 -0.5952
vn -0.0264 0.8438 -0.5361
vn -0.0110 0.8323 -0.5542
vn 0.3152 0.8071 0.4992
vn 0.1844 0.8631 0.4702
vn 0.3103 0.8542 0.4172
vn 0.0156 0.8619 0.5069
vn -0.1827 0.8487 0.4964
vn 0.3253 0.8435 0.4274
vn 0.3036 0.7832 0.5426
vn 0.3030 0.8061 0.5082
vn -0.0004 0.7874 -0.6164
vn 0.0488 0.8248 -0.5633
vn 0.0296 0.7678 -0.6400
vn -0.3158 -0.3230 -0.8922
vn 0.2432 0.7056 0.6655
vn 0.2459 0.7068 0.6633
vn 0.2454 0.7065 0.6638
vn 0.1614 0.6313 -0.7585
vn 0.1663 0.6402 -0.7500
vn 0.1645 0.6235 -0.7643
vn 0.1635 0.6483 -0.7436
vn 0.9381 -0.3361 -0.0841
vn 0.9381 -0.3360 -0.0841
vn 0.9381 -0.3360 -0.0840
vn -0.1597 -0.6298 0.7601
vn -0.1647 -0.6437 0.7473
vn -0.1621 -0.6453 0.7466
vn -0.1627 -0.6291 0.7601
vn 0.2481 0.7077 0.6615
vn -0.9383 0.3357 0.0836
vn -0.9390 0.3343 0.0808
vn -0.9393 0.3338 0.0798
vn -0.9380 0.3362 0.0847
vn -0.3161 -0.6826 -0.6589
vn -0.3184 -0.6835 -0.6569
vn -0.3166 -0.6828 -0.6585
vn -0.3142 -0.6819 -0.6605
vn -0.1033 0.7829 0.6136
vn -0.1033 0.7828 0.6136
vn -0.1028 0.7902 0.6042
vn -0.1037 0.7753 0.6230
vn 0.8500 0.5192 -0.0890
vn 0.8404 0.5335 -0.0953
vn 0.8429 0.5297 -0.0940
vn 0.8480 0.5222 -0.0903
vn -0.0281 0.9545 -0.2970
vn 0.0602 0.4173 -0.9068
vn 0.6062 0.1464 -0.7817
vn 0.6258 -0.4573 -0.6318
vn 0.8807 -0.4416 0.1715
vn 0.8728 -0.4542 0.1784
vn 0.8653 -0.4681 0.1794
vn 0.8569 -0.4812 0.1851
vn -0.1028 0.7901 0.6043
vn 0.0351 -0.9719 0.2329
vn 0.0350 -0.9719 0.2329
vn -0.8232 -0.5672 0.0233
vn -0.8409 -0.5409 0.0166
vn -0.8317 -0.5549 0.0209
vn -0.4417 -0.5196 -0.7314
vn 0.1021 -0.7879 -0.6072
vn -0.4648 0.0835 -0.8815
vn -0.8730 0.4178 -0.2517
vn -0.8711 0.4214 -0.2521
vn -0.8646 0.4342 -0.2529
vn -0.8127 -0.5821 0.0258
vn -0.8664 0.4305 -0.2529
vn -0.1036 0.7752 0.6232
vn 0.8581 0.5124 0.0315
vn 0.0650 0.9341 0.3509
vn 0.8357 0.5480 0.0369
vn 0.0352 0.9506 0.3084
vn -0.7922 0.4877 0.3668
vn 0.8714 0.4826 0.0884
vn 0.8892 0.4530 0.0637
vn 0.9205 0.3857 0.0633
vn 0.9205 0.3865 0.0572
vn -0.8687 0.3371 0.3629
vn -0.8891 0.3224 0.3250
vn 0.9397 0.3353 0.0667
vn -0.0985 -0.8607 -0.4994
vn 0.7343 -0.5038 -0.4549
vn 0.6831 -0.5304 -0.5021
vn 0.0124 -0.9609 -0.2767
vn 0.7266 -0.6142 -0.3079
vn -0.0820 -0.9920 -0.0955
vn 0.6691 -0.7267 -0.1555
vn -0.0679 -0.8260 -0.5596
vn -0.9674 0.0770 0.2414
vn -0.9788 -0.0212 0.2037
vn -0.7968 -0.5563 -0.2360
vn -0.7910 -0.5595 -0.2475
vn -0.8230 0.4190 0.3835
vn 0.9238 0.3478 0.1600
vn 0.9247 0.3634 0.1135
vn 0.9251 0.3588 0.1246
vn 0.9238 0.3535 0.1467
vn 0.3577 0.5895 -0.7242
vn 0.3646 0.6018 -0.7106
vn 0.4242 0.5191 -0.7420
vn 0.2517 0.4988 -0.8293
vn 0.4218 -0.8393 -0.3431
vn 0.3951 -0.8532 -0.3406
vn 0.2996 -0.9024 -0.3096
vn 0.4713 -0.8051 -0.3600
vn -0.2192 -0.4888 0.8444
vn -0.3310 -0.6205 0.7109
vn 0.0042 -0.4801 0.8772
vn -0.4867 -0.5209 0.7013
vn -0.8018 0.4081 0.4366
vn -0.6370 0.7695 0.0459
vn -0.7439 0.6637 0.0788
vn -0.8005 0.5993 -0.0062
vn -0.6383 0.7670 0.0652
vn -0.5099 0.8596 -0.0312
vn 0.6599 0.4552 -0.5977
vn 0.4099 0.4001 -0.8197
vn 0.2812 0.3678 -0.8863
vn 0.9029 0.2981 0.3096
vn 0.9036 0.2143 0.3708
vn 0.8984 0.2028 0.3895
vn 0.8763 0.4351 0.2067
vn -0.3245 -0.5564 0.7649
vn -0.4191 -0.5132 0.7489
vn -0.6549 -0.5082 0.5593
vn 0.1402 -0.9116 0.3865
vn -0.1780 -0.9740 0.1400
vn -0.0529 -0.9492 0.3101
vn -0.2209 -0.9732 0.0634
vn 0.9139 0.3038 0.2691
vn 0.9370 0.3022 0.1752
vn 0.9498 0.2918 0.1125
vn 0.8898 0.3100 0.3349
vn -0.3041 0.9467 -0.1064
vn -0.4225 0.9027 -0.0813
vn -0.2217 0.9688 -0.1112
vn -0.4541 0.1484 -0.8785
vn -0.5231 0.0542 -0.8506
vn -0.5385 0.0425 -0.8416
vn 0.9238 0.3273 -0.1985
vn 0.9277 0.3219 -0.1889
vn 0.9266 0.3235 -0.1920
vn -0.1369 0.9893 -0.0505
vn 0.5193 -0.0658 0.8521
vn 0.3756 -0.0747 0.9238
vn 0.5789 -0.0562 0.8134
vn 0.7003 -0.0452 0.7124
vn -0.0242 -0.8686 -0.4949
vn -0.0240 -0.8908 -0.4537
vn -0.0464 -0.8536 -0.5189
vn -0.2723 -0.9620 0.0214
vn -0.9183 -0.3399 -0.2029
vn -0.9058 -0.4046 -0.1259
vn -0.9191 -0.3352 -0.2072
vn -0.6931 -0.4877 0.5308
vn -0.9214 -0.2667 -0.2826
vn -0.5958 -0.0497 -0.8016
vn -0.0517 -0.8297 -0.5558
vn 0.9229 0.3284 -0.2009
vn 0.5402 0.3663 -0.7576
vn 0.2305 -0.8574 0.4602
vn 0.3140 -0.8387 0.4450
vn 0.3166 -0.8831 0.3464
vn 0.5180 -0.8247 0.2272
vn 0.4123 -0.8980 0.1538
vn 0.5116 -0.8188 0.2605
vn 0.8545 0.4261 0.2972
vn 0.8929 0.1816 0.4121
vn 0.8675 0.4272 0.2547
vn 0.9353 0.2533 -0.2471
vn 0.9548 0.0541 -0.2921
vn 0.9311 0.2611 -0.2548
vn 0.4762 -0.8495 0.2270
vn 0.2145 -0.3481 0.9126
vn 0.4183 0.4466 0.7909
vn 0.8798 0.4284 -0.2058
vn 0.9772 0.1405 0.1592
vn 0.9323 0.1429 0.3324
vn 0.9416 0.1444 0.3042
vn 0.8733 0.1439 0.4654
vn 0.7450 -0.6569 0.1161
vn -0.1522 0.9814 -0.1174
vn 0.7661 0.6277 0.1380
vn 0.9026 -0.4250 -0.0680
vn 0.4662 -0.8618 0.1998
vn -0.8978 -0.1104 -0.4264
vn -0.9058 0.2356 -0.3521
vn -0.8552 0.4174 -0.3072
vn -0.7361 -0.5245 -0.4278
vn -0.6519 -0.6823 -0.3308
vn -0.5588 -0.7875 -0.2599
vn -0.7147 -0.5480 -0.4346
vn -0.6101 -0.7715 -0.1805
vn -0.4681 0.8333 0.2941
vn -0.4659 0.8289 0.3096
vn -0.4866 0.8597 0.1555
vn -0.4423 0.7909 0.4229
vn -0.6130 -0.1383 0.7779
vn -0.2067 0.9278 -0.3105
vn -0.2125 0.9387 -0.2715
vn -0.2381 0.9299 -0.2804
vn -0.2043 0.9512 -0.2312
vn -0.2605 0.9171 -0.3018
vn -0.0612 -0.9980 0.0182
vn 0.2163 -0.9724 0.0874
vn -0.8740 0.1000 -0.4755
vn -0.9109 0.0118 -0.4125
vn -0.9580 -0.1150 -0.2626
vn -0.8419 0.0857 -0.5328
vn 0.7297 -0.5892 -0.3469
vn 0.7293 -0.5896 -0.3471
vn 0.7288 -0.5901 -0.3474
vn 0.7302 -0.5888 -0.3466
vn 0.0935 0.5124 0.8537
vn 0.0521 0.4007 0.9147
vn -0.0924 0.3154 0.9445
vn 0.1444 0.4697 0.8709
vn -0.0481 0.1517 0.9873
vn -0.9294 -0.2391 -0.2811
vn -0.9477 -0.2912 -0.1302
vn 0.8166 -0.0375 -0.5760
vn 0.8157 -0.0412 -0.5770
vn 0.8182 -0.0310 -0.5741
vn 0.8139 -0.0482 -0.5790
vn -0.2944 0.2197 0.9301
vn 0.5273 -0.5092 0.6802
vn -0.2733 -0.8725 -0.4050
vn 0.2092 0.8711 -0.4444
vn 0.9304 0.2865 0.2285
vn -0.4226 0.5850 -0.6922
vn -0.5906 0.4961 -0.6364
vn -0.3732 0.4851 -0.7908
vn -0.4115 0.4206 -0.8085
vn -0.6589 0.4353 -0.6134
vn -0.8103 0.3869 -0.4401
vn 0.6253 0.7778 -0.0633
vn 0.7224 0.6913 0.0178
vn 0.6067 0.7948 -0.0157
vn 0.7162 0.6974 0.0240
vn 0.3434 -0.4800 0.8073
vn 0.3067 -0.5204 0.7970
vn 0.5838 -0.4918 0.6460
vn 0.1169 -0.4755 0.8719
vn -0.9108 0.3170 0.2643
vn -0.9110 0.3246 0.2544
vn -0.9099 0.3485 0.2249
vn -0.4288 -0.8556 -0.2901
vn -0.4644 -0.8551 -0.2305
vn -0.4017 -0.8599 -0.3150
vn -0.3611 -0.8541 -0.3743
vn -0.4699 0.5798 -0.6655
vn -0.9098 0.3410 0.2366
vn -0.8454 0.2297 0.4823
vn -0.8867 0.2649 0.3790
vn -0.8268 0.2634 0.4970
vn -0.8998 0.2313 0.3699
vn -0.1461 -0.7922 0.5925
vn -0.3817 -0.8195 0.4274
vn -0.1005 -0.9027 0.4185
vn -0.4065 0.3619 -0.8389
vn 0.3718 -0.7254 0.5793
vn 0.1359 -0.9619 0.2374
vn 0.7362 -0.4609 0.4956
vn 0.7447 -0.4821 0.4616
vn 0.8953 -0.3000 -0.3293
vn 0.8610 -0.3217 -0.3940
vn 0.8977 -0.2957 -0.3267
vn 0.4737 0.8796 -0.0445
vn 0.2902 0.9494 -0.1200
vn 0.3222 0.9258 -0.1978
vn 0.2029 0.9684 -0.1453
vn 0.2185 0.9741 -0.0579
vn 0.4348 0.0578 -0.8987
vn 0.3204 0.0382 -0.9465
vn 0.4153 0.0658 -0.9073
vn 0.9263 -0.2725 -0.2603
vn 0.2254 -0.9493 0.2190
vn 0.2682 -0.9621 0.0499
vn 0.3454 -0.9363 0.0640
vn -0.9092 0.2963 0.2925
vn -0.9152 0.3396 0.2169
vn -0.8905 0.2530 0.3782
vn -0.8694 0.2030 0.4504
vn -0.4012 -0.1065 0.9098
vn -0.4671 -0.0632 0.8820
vn -0.5777 0.0447 0.8150
vn -0.2523 -0.2125 0.9440
vn -0.9529 0.2941 -0.0745
vn -0.9526 0.2939 -0.0790
vn -0.9530 0.2940 -0.0726
vn -0.9523 0.2939 -0.0817
vn 0.0294 -0.8440 -0.5355
vn 0.0872 -0.8349 -0.5435
vn 0.0050 -0.8588 -0.5123
vn -0.0395 -0.8654 -0.4995
vn 0.5242 0.0843 -0.8474
vn 0.5737 0.2522 0.7792
vn -0.7940 0.4049 0.4535
vn -0.7940 0.4046 0.4537
vn -0.7939 0.4049 0.4537
vn -0.7940 0.4049 0.4534
vn -0.5738 -0.2523 -0.7792
vn -0.5737 -0.2524 -0.7792
vn 0.2010 0.8790 -0.4323
vn 0.2009 0.8792 -0.4321
vn 0.2010 0.8791 -0.4323
vn 0.7939 -0.4051 -0.4534
vn 0.7939 -0.4049 -0.4537
vn 0.7940 -0.4046 -0.4537
vn -0.2010 -0.8789 0.4326
vn -0.2009 -0.8790 0.4324
vn -0.2009 -0.8791 0.4322
vn -0.5737 -0.2523 -0.7792
vn 0.7940 -0.4051 -0.4534
vn 0.2011 0.8789 -0.4325
vn -0.5960 0.7232 0.3491
vn -0.9378 0.3353 0.0905
vn -0.9375 0.3355 0.0921
vn -0.9383 0.3348 0.0861
vn -0.9369 0.3359 0.0966
vn -0.8505 -0.4042 -0.3366
vn -0.5816 -0.8126 0.0385
vn -0.0962 -0.4743 0.8751
vn -0.1066 -0.4805 0.8705
vn -0.1172 -0.4679 0.8760
vn -0.0840 -0.5002 0.8618
vn -0.0919 -0.4603 0.8830
vn 0.7254 0.5573 0.4040
vn 0.1045 0.5330 -0.8396
vn 0.1133 0.4898 -0.8644
vn 0.1337 0.4622 -0.8766
vn 0.1574 0.4466 -0.8808
vn 0.9210 -0.3686 -0.1258
vn 0.9172 -0.3619 -0.1666
vn 0.9156 -0.3597 -0.1796
vn 0.9222 -0.3711 -0.1089
vn 0.2020 0.4477 -0.8710
vn -0.8340 -0.4139 0.3649
vn -0.2770 0.1205 -0.9533
vn -0.2470 -0.9363 -0.2497
vn -0.2423 -0.9309 -0.2733
vn -0.2383 -0.8990 -0.3673
vn -0.2421 -0.9310 -0.2733
vn 0.1406 0.9412 -0.3071
vn 0.1244 0.8924 -0.4337
vn -0.5068 0.6716 0.5404
vn -0.3282 0.4289 -0.8416
vn -0.3141 0.4477 -0.8372
vn -0.3307 0.4239 -0.8432
vn 0.3317 -0.7639 0.5536
vn 0.3286 -0.7676 0.5503
vn 0.3524 -0.7451 0.5663
vn 0.3084 -0.7846 0.5380
vn -0.3441 0.4057 -0.8468
vn 0.3343 0.3948 0.8558
vn 0.3937 0.3863 0.8341
vn 0.3333 0.3948 0.8562
vn 0.3949 0.3861 0.8336
vn -0.3335 -0.3967 -0.8552
vn -0.3344 -0.3966 -0.8549
vn -0.3933 -0.3845 -0.8351
vn -0.3951 -0.3841 -0.8345
vn 0.1586 0.6377 0.7538
vn -0.5995 -0.7735 0.2057
vn -0.1553 0.4461 -0.8814
vn -0.1712 0.4462 -0.8784
vn 0.6176 -0.7860 -0.0264
vn 0.1426 0.6379 0.7568
vn -0.1355 -0.9895 -0.0504
vn -0.1343 -0.9898 -0.0464
vn -0.1525 -0.9853 -0.0766
vn -0.1180 -0.9928 -0.0203
vn 0.2124 0.8979 -0.3855
vn 0.2270 0.9023 -0.3665
vn 0.2105 0.8967 -0.3894
vn 0.1952 0.8919 -0.4080
vn 0.1208 0.4907 0.8629
vn 0.1691 0.5261 0.8334
vn 0.0694 0.5101 0.8573
vn 0.1945 0.4874 0.8512
vn 0.8949 0.4205 -0.1491
vn 0.8655 0.5006 -0.0144
vn 0.8742 0.4855 -0.0079
vn 0.9063 0.3966 -0.1463
vn 0.7697 0.6383 0.0137
vn 0.5476 0.8341 -0.0659
vn 0.7910 0.6117 -0.0071
vn 0.8871 0.4598 0.0393
vn 0.8830 0.4567 0.1083
vn 0.1554 0.4047 0.9011
vn 0.2052 0.4475 0.8704
vn -0.8669 -0.2261 0.4443
vn -0.8409 -0.2646 0.4720
vn -0.8025 -0.2579 0.5380
vn -0.8515 -0.1794 0.4927
vn -0.6501 -0.5892 -0.4798
vn -0.5937 -0.5782 -0.5597
vn -0.6959 -0.4762 -0.5376
vn -0.6334 -0.5999 -0.4888
vn -0.5686 -0.5596 -0.6029
vn -0.5981 -0.5675 -0.5659
vn -0.8154 -0.3172 0.4842
vn -0.7767 -0.2785 0.5650
vn 0.2368 0.4090 0.8813
vn 0.1503 0.3783 0.9134
vn 0.8939 0.4468 -0.0358
vn 0.8888 0.4511 0.0808
vn 0.8883 0.4594 -0.0001
vn -0.7508 -0.3136 -0.5814
vn -0.8059 -0.1061 -0.5825
vn -0.6323 -0.5268 -0.5680
vn -0.5277 -0.5165 -0.6744
vn -0.5112 -0.5394 -0.6691
vn -0.8405 -0.1631 0.5166
vn -0.8793 -0.2021 0.4313
vn -0.6056 -0.5666 -0.5588
vn 0.4456 0.4656 0.7646
vn 0.2700 0.9316 -0.2433
vn -0.7058 -0.0449 0.7070
vn 0.4747 0.4765 0.7400
vn 0.4746 0.4767 0.7399
vn 0.3860 0.4247 0.8189
vn -0.8062 -0.5304 -0.2621
vn -0.8335 -0.5308 -0.1531
vn -0.6419 0.3789 -0.6666
vn -0.0832 -0.8221 -0.5633
vn -0.0523 -0.8457 -0.5310
vn -0.0200 -0.8556 -0.5173
vn 0.3228 0.4838 -0.8135
vn -0.9019 0.2800 -0.3288
vn -0.9869 -0.0158 0.1605
vn -0.9870 -0.0142 0.1604
vn -0.9868 -0.0203 0.1610
vn -0.9871 -0.0097 0.1599
vn -0.5121 -0.4309 0.7430
vn -0.1182 -0.0281 0.9926
vn 0.0586 0.8583 0.5098
vn 0.0530 0.8525 0.5200
vn 0.0372 0.8568 0.5143
vn 0.0830 0.8465 0.5259
vn 0.0548 0.8666 0.4959
vn 0.9919 -0.0212 -0.1253
vn 0.9924 -0.0042 -0.1227
vn 0.9894 -0.0621 -0.1315
vn 0.9882 -0.0753 -0.1335
vn 0.0085 -0.8570 -0.5152
vn 0.0459 -0.8423 -0.5371
vn 0.0170 0.4615 -0.8870
vn 0.0270 0.4484 -0.8934
vn 0.0579 0.4929 -0.8682
vn 0.3584 0.4611 0.8117
vn 0.3608 0.4624 0.8100
vn 0.3391 0.4505 0.8259
vn 0.3861 0.4756 0.7904
vn -0.5824 0.2083 0.7857
vn -0.9746 0.1257 0.1852
vn -0.9835 0.0880 0.1579
vn -0.9011 0.2971 0.3159
vn -0.9969 -0.0368 0.0690
vn -0.9968 -0.0389 0.0699
vn -0.2445 -0.3213 -0.9149
vn -0.2446 -0.3213 -0.9148
vn 0.0014 0.6092 -0.7930
vn -0.1264 0.8080 -0.5755
vn 0.0147 0.6926 -0.7212
vn 0.7616 -0.1631 -0.6271
vn 0.8556 -0.5117 -0.0777
vn 0.9394 -0.3204 0.1219
vn 0.9311 -0.3519 0.0959
vn 0.9633 -0.1811 0.1979
vn 0.9640 -0.1767 0.1986
vn 0.0955 -0.3229 0.9416
vn 0.0686 -0.2946 0.9532
vn 0.0815 -0.3071 0.9482
vn 0.0935 -0.3228 0.9418
vn -0.2019 -0.7463 0.6342
vn -0.0855 -0.8219 0.5633
vn -0.0415 -0.8270 0.5606
vn 0.0640 -0.8807 0.4693
vn 0.1236 0.4565 0.8811
vn 0.7624 -0.5758 -0.2954
vn 0.5775 -0.7934 -0.1922
vn 0.0417 0.9569 -0.2875
vn 0.5893 0.8042 -0.0768
vn -0.5295 0.7225 -0.4446
vn -0.6692 0.6485 -0.3628
vn 0.0579 -0.8405 -0.5388
vn 0.3450 -0.9192 0.1899
vn 0.3771 -0.7759 0.5057
vn 0.1889 0.8668 0.4615
vn -0.0091 0.2632 0.9647
vn -0.5988 0.3041 0.7409
vn -0.6017 0.2856 0.7459
vn -0.4886 0.2423 0.8382
vn -0.8554 0.4377 -0.2771
vn -0.7952 -0.5095 -0.3287
vn -0.7975 -0.3413 -0.4974
vn -0.7851 -0.4936 -0.3740
vn 0.7438 -0.1024 -0.6605
vn 0.8936 0.0032 -0.4488
vn 0.9352 -0.1674 -0.3121
vn 0.9697 -0.0593 -0.2369
vn 0.9252 0.3790 -0.0169
vn -0.5149 0.1901 0.8359
vn -0.3617 0.1176 0.9249
vn -0.7351 -0.2670 -0.6232
vn -0.7159 -0.0911 -0.6922
vn 0.9459 -0.3085 -0.1010
vn 0.9680 -0.2380 0.0791
vn -0.5151 0.3110 0.7987
vn -0.5295 0.3097 0.7898
vn -0.6641 0.4341 0.6087
vn -0.3690 0.2359 0.8990
vn -0.5736 -0.0506 -0.8176
vn -0.4938 -0.0071 -0.8696
vn 0.8719 -0.4574 0.1747
vn 0.8371 -0.4102 0.3620
vn -0.6565 0.4498 0.6056
vn -0.7206 0.5991 0.3491
vn -0.3866 0.0658 -0.9199
vn -0.2715 0.0494 -0.9612
vn 0.7528 -0.5327 0.3867
vn 0.7509 -0.4445 0.4885
vn -0.6472 0.6217 0.4412
vn -0.7093 0.6689 0.2225
vn -0.2582 0.0510 -0.9647
vn 0.4957 -0.4402 -0.7487
vn 0.3924 -0.1722 -0.9036
vn 0.9452 -0.1970 -0.2604
vn 0.8525 0.3550 0.3836
vn 0.9579 0.0804 -0.2755
vn 0.7611 -0.3470 0.5480
vn 0.6604 -0.5552 -0.5055
vn 0.9828 -0.0542 -0.1766
vn 0.8526 0.3550 0.3836
vn 0.0001 0.9776 0.2103
vn 0.0323 0.9637 0.2649
vn 0.0730 0.9499 0.3040
vn -0.9347 -0.1085 0.3385
vn -0.9331 -0.0392 0.3576
vn -0.9440 -0.0390 0.3276
vn -0.9397 -0.1095 0.3239
vn -0.3188 -0.9133 -0.2533
vn 0.0722 -0.9914 -0.1095
vn -0.0045 -0.9767 -0.2147
vn 0.1236 -0.9730 -0.1949
vn 0.9866 0.0411 -0.1576
vn 0.9949 0.0060 -0.1008
vn 0.0513 0.9312 0.3608
vn 0.0509 0.9313 0.3608
vn -0.9587 -0.0483 0.2804
vn -0.9602 -0.0589 0.2730
vn -0.0346 -0.9361 -0.3501
vn -0.0318 -0.9355 -0.3520
vn 0.9948 -0.0024 -0.1014
vn -0.9412 -0.1215 0.3152
vn -0.8406 -0.5050 -0.1958
vn -0.7193 0.1351 -0.6814
vn -0.8940 0.3598 -0.2671
vn -0.5543 0.0123 -0.8322
vn -0.5245 0.6347 0.5675
vn -0.2589 0.3927 0.8825
vn -0.6774 0.7323 0.0697
vn 0.3924 -0.1721 -0.9035
vn 0.4956 -0.4403 -0.7487
vn -0.1855 -0.1018 -0.9774
vn -0.2107 -0.1341 -0.9683
vn -0.0709 -0.7551 -0.6517
vn 0.1608 -0.0418 0.9861
vn 0.7903 -0.4310 -0.4355
vn 0.7810 -0.4010 -0.4788
vn 0.6375 -0.3648 -0.6786
vn 0.9689 0.1894 0.1589
vn 0.4697 0.8825 0.0239
vn -0.1305 0.3600 -0.9238
vn -0.3030 0.3830 -0.8726
vn -0.2154 0.3155 -0.9242
vn -0.4519 0.6567 -0.6038
vn -0.8770 0.4764 0.0626
vn -0.5745 0.6524 -0.4943
vn 0.7839 -0.4910 -0.3801
vn 0.7782 -0.4715 -0.4148
vn 0.5303 -0.5979 0.6011
vn -0.8118 0.0616 0.5807
vn 0.6534 -0.6672 0.3576
vn 0.8303 -0.5221 -0.1951
vn 0.8426 -0.4661 -0.2699
vn 0.6279 -0.6476 0.4317
vn 0.4885 -0.6819 0.5444
vn -0.7793 0.1883 0.5977
vn -0.7442 0.1879 0.6410
vn -0.7579 0.1686 0.6302
vn -0.8086 0.2010 0.5530
vn -0.2335 -0.8219 0.5196
vn 0.1488 0.3184 -0.9362
vn 0.2804 0.2653 -0.9225
vn 0.4265 0.1928 -0.8837
vn -0.3638 0.6278 0.6881
vn -0.4936 0.5832 0.6452
vn -0.3482 0.6326 0.6918
vn -0.7940 0.1321 0.5933
vn 0.3884 -0.7805 0.4899
vn -0.0802 -0.8319 0.5491
vn -0.0147 -0.9155 0.4021
vn -0.0031 -0.9165 0.4001
vn 0.0716 -0.9734 0.2176
vn 0.5331 0.0306 0.8455
vn -0.2296 0.6599 0.7154
vn -0.8971 0.3670 0.2461
vn -0.1366 -0.2190 -0.9661
vn -0.2228 -0.2454 -0.9435
vn -0.3955 -0.2508 -0.8836
vn -0.0987 -0.2524 -0.9626
vn 0.3179 -0.6748 0.6660
vn 0.3173 -0.6702 0.6710
vn 0.3132 -0.6782 0.6648
vn 0.3217 -0.6667 0.6723
vn -0.2091 0.9416 0.2639
vn -0.3322 0.8915 0.3079
vn -0.4740 0.8598 0.1901
vn -0.2178 0.9181 0.3311
vn -0.5769 0.7688 0.2759
vn -0.4681 -0.3308 -0.8194
vn -0.5924 -0.2791 -0.7557
vn 0.7362 -0.4540 0.5019
vn 0.7319 -0.4612 0.5016
vn 0.7446 -0.4395 0.5024
vn 0.7229 -0.4758 0.5010
vn -0.6283 0.7751 -0.0664
vn -0.3395 -0.1489 0.9288
vn -0.2851 -0.9583 0.0208
vn -0.2850 -0.9583 0.0208
vn -0.2851 -0.9583 0.0206
vn 0.7130 0.5445 -0.4417
vn 0.3515 -0.2364 0.9058
vn -0.8659 0.4135 -0.2815
vn 0.0776 -0.9956 -0.0528
vn 0.4044 0.5132 -0.7571
vn -0.9270 0.3732 0.0378
vn 0.1021 -0.2989 0.9488
vn -0.1942 0.3075 0.9315
vn -0.9940 -0.0984 -0.0486
vn -0.0806 -0.5870 0.8055
vn -0.9038 -0.4223 -0.0691
vn 0.4141 -0.9095 -0.0365
vn -0.1806 -0.6601 -0.7291
vn 0.7183 -0.0900 0.6898
vn -0.3375 0.9146 0.2226
vn -0.2833 0.9377 0.2013
vn -0.2342 0.9547 0.1834
vn -0.3537 0.8915 0.2830
vn -0.9138 0.0575 -0.4021
vn -0.8922 0.0593 -0.4478
vn -0.7271 0.1024 -0.6789
vn -0.9670 0.0875 -0.2391
vn -0.0405 -0.9243 -0.3796
vn 0.0415 -0.8533 -0.5198
vn -0.0451 -0.9225 -0.3832
vn 0.1790 -0.8416 -0.5096
vn 0.9634 -0.0747 0.2573
vn 0.9237 -0.0297 0.3820
vn 0.8791 -0.0594 0.4729
vn 0.9597 0.0303 0.2795
vn 0.9918 -0.1265 0.0197
vn 0.1540 0.6735 -0.7230
vn 0.2465 0.7261 -0.6419
vn 0.0515 0.6900 -0.7220
vn 0.1857 0.7998 -0.5708
vn 0.1725 0.8287 -0.5325
vn 0.7597 -0.2705 -0.5914
vn 0.9213 -0.2680 -0.2816
vn -0.1409 -0.9782 0.1525
vn -0.1530 -0.9778 0.1431
vn -0.1422 -0.9782 0.1515
vn -0.1252 -0.9784 0.1643
vn -0.9280 0.2528 0.2737
vn -0.9880 0.1520 0.0258
vn -0.9548 0.0132 -0.2970
vn -0.3689 0.8613 0.3493
vn -0.3358 0.8861 0.3196
vn 0.6841 -0.1151 0.7202
vn 0.6197 -0.1799 0.7639
vn 0.6895 -0.4048 -0.6006
vn 0.5931 -0.4158 -0.6894
vn 0.2749 -0.8296 -0.4860
vn 0.1808 -0.7398 -0.6481
vn -0.7948 0.0886 -0.6004
vn -0.3936 0.9106 0.1262
vn -0.3548 0.8668 0.3505
vn -0.1533 0.6705 -0.7259
vn -0.7421 0.2778 0.6100
vn -0.5801 0.2045 0.7885
vn -0.4501 0.4205 0.7878
vn -0.4562 0.2648 0.8496
vn -0.5039 0.6443 0.5754
vn 0.2569 0.8733 -0.4139
vn 0.3101 0.8398 -0.4457
vn 0.2206 0.8615 -0.4574
vn 0.3114 0.8167 -0.4859
vn 0.4745 -0.7491 -0.4623
vn 0.4303 -0.3160 -0.8456
vn 0.5779 -0.2379 -0.7807
vn 0.4077 -0.1382 -0.9026
vn 0.1636 -0.7122 0.6826
vn 0.2979 -0.6733 0.6767
vn 0.1146 -0.7170 0.6876
vn 0.5707 -0.5151 0.6395
vn 0.5474 -0.4931 0.6762
vn 0.8249 -0.3209 0.4654
vn -0.4849 -0.1049 0.8682
vn -0.4365 -0.1063 0.8934
vn -0.9931 0.0166 -0.1162
vn -0.9822 0.0297 -0.1854
vn -0.9875 0.0206 -0.1560
vn -0.9817 0.0301 -0.1878
vn 0.4931 0.1030 -0.8638
vn 0.4213 0.1310 -0.8974
vn 0.4750 0.1907 -0.8591
vn 0.5928 0.1535 -0.7906
vn 0.7666 -0.3383 0.5458
vn 0.9086 -0.2489 0.3353
vn -0.4446 -0.2189 0.8686
vn -0.4681 -0.2459 0.8488
vn -0.4052 -0.1764 0.8970
vn -0.9814 0.0548 -0.1840
vn -0.9878 0.0416 -0.1503
vn -0.4036 -0.9099 -0.0955
vn -0.4492 -0.8901 -0.0773
vn -0.3725 -0.9163 -0.1472
vn -0.3343 -0.9297 -0.1549
vn -0.6894 -0.6047 -0.3988
vn -0.7570 -0.5926 -0.2753
vn -0.7474 -0.5837 -0.3173
vn -0.7034 -0.6104 -0.3641
vn 0.2527 0.1740 -0.9518
vn -0.7404 0.4324 -0.5146
vn -0.6807 0.6152 -0.3976
vn -0.6875 0.4223 -0.5908
vn -0.7266 0.2020 -0.6567
vn -0.7408 -0.5822 -0.3351
vn -0.7416 -0.5745 -0.3464
vn -0.7298 -0.6153 -0.2979
vn -0.7497 -0.5381 -0.3852
vn 0.5422 0.4520 0.7083
vn 0.5417 0.4480 0.7112
vn 0.5417 0.4498 0.7101
vn 0.5420 0.4527 0.7080
vn -0.6733 0.1314 0.7276
vn -0.6404 0.1615 0.7509
vn -0.6573 0.1533 0.7379
vn -0.1803 0.9461 -0.2689
vn -0.3103 -0.3698 -0.8758
vn -0.3219 -0.3762 -0.8688
vn -0.3150 -0.3724 -0.8730
vn 0.9809 0.1394 0.1359
vn 0.9816 0.1394 0.1304
vn 0.9743 0.1619 0.1565
vn 0.9870 0.1180 0.1092
vn 0.1215 -0.9826 0.1406
vn -0.6248 0.1842 0.7588
vn -0.3270 -0.3790 -0.8657
vn 0.1422 0.8720 -0.4683
vn -0.0946 0.8544 -0.5110
vn 0.0758 0.8722 -0.4832
vn 0.9343 -0.3558 -0.0233
vn 0.8723 -0.4540 0.1817
vn 0.9158 -0.3986 0.0486
vn 0.8391 -0.4848 0.2466
vn -0.9108 -0.3449 0.2270
vn -0.7353 -0.6395 0.2246
vn -0.9613 -0.1634 0.2219
vn -0.9719 0.1419 0.1877
vn -0.1704 0.8379 -0.5185
vn -0.0186 0.5562 -0.8308
vn 0.6926 -0.7209 0.0234
vn -0.1044 0.5280 0.8428
vn -0.0025 0.5578 -0.8300
vn -0.0883 0.5296 0.8436
vn -0.5389 -0.8413 -0.0418
vn -0.9050 0.0141 -0.4251
vn -0.9249 -0.0519 -0.3766
vn -0.9641 -0.1858 -0.1898
vn -0.8734 0.0038 -0.4871
vn 0.7693 -0.5164 -0.3762
vn 0.7593 -0.5255 -0.3839
vn 0.7558 -0.5308 -0.3833
vn 0.7729 -0.5114 -0.3757
vn 0.0867 0.5462 0.8331
vn 0.0728 0.4369 0.8966
vn -0.0393 0.3478 0.9367
vn 0.1218 0.5233 0.8434
vn -0.0302 0.2122 0.9768
vn -0.9342 -0.2998 -0.1936
vn -0.9356 -0.3531 -0.0004
vn 0.7922 -0.0877 -0.6040
vn -0.3040 0.2713 0.9132
vn 0.6776 -0.4891 0.5492
vn -0.0144 -0.9400 -0.3407
vn -0.1179 0.9194 -0.3751
vn 0.3031 0.6490 0.6978
vn 0.2509 0.7053 0.6630
vn 0.1968 0.6647 0.7207
vn 0.5806 -0.2009 -0.7890
vn 0.6667 -0.1434 -0.7314
vn 0.4554 -0.0879 -0.8859
vn 0.6721 -0.2740 -0.6879
vn 0.6015 0.1488 0.7849
vn 0.3157 0.6069 0.7294
vn -0.9335 -0.3566 0.0369
vn -0.9310 -0.3623 0.0439
vn -0.9346 -0.3542 0.0339
vn -0.9294 -0.3660 0.0483
vn 0.8242 0.1221 -0.5530
vn 0.1336 -0.9244 -0.3574
vn 0.1336 -0.9243 -0.3574
vn 0.0932 -0.4463 0.8900
vn -0.6606 0.6825 -0.3129
vn -0.6749 -0.6826 0.2803
vn -0.6748 -0.6803 0.2861
vn -0.6854 -0.6812 0.2575
vn -0.6615 -0.6820 0.3119
vn 0.6057 -0.1196 -0.7866
vn 0.4205 -0.0730 -0.9043
vn 0.5021 -0.0709 -0.8619
vn 0.0677 0.7257 0.6847
vn 0.9292 0.1959 -0.3134
vn 0.7375 0.2668 -0.6205
vn 0.6042 0.5401 -0.5858
vn 0.8755 0.0914 -0.4745
vn 0.7707 -0.1481 -0.6198
vn 0.9415 -0.1297 0.3112
vn 0.9583 0.0683 0.2774
vn 0.9384 -0.1472 0.3128
vn 0.9552 -0.1196 0.2707
vn 0.3462 0.9152 -0.2063
vn 0.0431 0.9990 -0.0065
vn 0.2711 0.9256 -0.2641
vn 0.1505 0.8967 -0.4163
vn 0.4723 0.7768 -0.4166
vn 0.5193 0.6800 -0.5176
vn 0.9902 0.1247 -0.0621
vn 0.9957 -0.0710 0.0593
vn 0.9967 0.0156 0.0803
vn 0.4517 -0.8630 -0.2263
vn 0.5163 -0.8285 -0.2171
vn 0.4712 -0.8615 -0.1892
vn 0.4024 -0.8324 -0.3809
vn 0.4745 -0.7555 -0.4518
vn 0.5509 -0.7036 -0.4488
vn 0.7167 -0.6225 -0.3145
vn 0.9747 0.1337 -0.1791
vn 0.9778 0.1497 -0.1468
vn 0.9747 0.1337 -0.1792
vn 0.5554 0.4870 -0.6740
vn 0.5214 0.5343 -0.6654
vn 0.5214 0.5342 -0.6654
vn 0.4133 0.8998 -0.1398
vn 0.4463 0.8796 -0.1646
vn 0.4782 0.8577 -0.1890
vn 0.9510 0.3040 0.0559
vn 0.9313 0.3132 0.1860
vn 0.9576 0.2880 0.0079
vn 0.8816 0.2679 0.3886
vn 0.9515 0.1062 0.2889
vn 0.9797 -0.0973 0.1753
vn 0.1164 0.9670 0.2264
vn -0.1017 0.9020 0.4196
vn 0.0633 0.8383 0.5415
vn -0.1743 0.9731 0.1503
vn -0.1656 0.9762 -0.1399
vn -0.2175 0.8872 -0.4070
vn -0.1996 0.7578 -0.6212
vn -0.1868 0.6871 -0.7021
vn 0.5451 0.6874 -0.4799
vn 0.6778 -0.2361 -0.6963
vn 0.6776 -0.2367 -0.6963
vn 0.6777 -0.2363 -0.6963
vn 0.6781 0.5533 -0.4838
vn 0.6490 0.5621 -0.5127
vn 0.5936 0.5833 -0.5544
vn 0.5876 0.5767 -0.5675
vn 0.5171 -0.7930 -0.3220
vn 0.5966 -0.7110 -0.3721
vn 0.7533 0.2302 -0.6161
vn 0.7634 0.2393 -0.6000
vn 0.9907 -0.0618 0.1214
vn 0.9970 -0.0234 0.0734
vn 0.9907 -0.0618 0.1213
vn 0.9806 -0.1000 0.1688
vn 0.4720 0.2789 -0.8363
vn 0.5017 0.2515 -0.8277
vn 0.4415 0.3059 -0.8435
vn 0.9703 0.1173 -0.2115
vn 0.3439 -0.9085 -0.2374
vn 0.3055 -0.9135 -0.2686
vn 0.2812 -0.9309 -0.2332
vn 0.9674 -0.0087 -0.2531
vn 0.9396 0.1013 -0.3269
vn 0.9674 -0.0086 -0.2532
vn 0.3536 0.2443 -0.9029
vn 0.3375 0.2608 -0.9045
vn 0.3536 0.2442 -0.9029
vn 0.1906 -0.9735 -0.1265
vn 0.1489 -0.9873 -0.0557
vn 0.0777 -0.9965 -0.0296
vn 0.1932 -0.9735 -0.1221
vn 0.9310 -0.1066 -0.3491
vn 0.9426 -0.1691 -0.2881
vn 0.9468 -0.2302 -0.2248
vn 0.5563 -0.1895 -0.8091
vn 0.5256 -0.4278 -0.7353
vn 0.5141 -0.4470 -0.7320
vn 0.5627 -0.1856 -0.8056
vn 0.9187 -0.0465 0.3923
vn 0.9173 -0.0490 0.3951
vn 0.9166 -0.0510 0.3964
vn 0.9182 -0.0497 0.3930
vn 0.9186 -0.0500 0.3920
vn 0.9156 -0.0588 0.3978
vn 0.4855 0.5795 -0.6546
vn 0.5459 0.0740 -0.8346
vn 0.5518 0.0607 -0.8318
vn 0.9775 -0.1185 -0.1747
vn 0.3247 0.8683 0.3750
vn 0.3521 0.8667 0.3534
vn 0.3790 0.8640 0.3314
vn 0.2775 0.5419 0.7933
vn 0.2769 0.4061 0.8709
vn 0.2475 0.5257 0.8139
vn 0.2783 0.2616 0.9242
vn 0.9542 0.0845 0.2871
vn 0.8437 0.1045 0.5265
vn 0.9998 0.0115 0.0130
vn 0.0373 0.4578 0.8883
vn -0.0744 0.6723 0.7365
vn -0.3247 0.7490 0.5775
vn -0.3171 0.7420 0.5907
vn -0.9628 0.0674 -0.2617
vn -0.9037 0.0054 -0.4281
vn -0.9478 -0.0355 -0.3170
vn -0.8778 0.0441 -0.4769
vn -0.9483 0.3041 -0.0911
vn -0.9730 0.2307 0.0045
vn -0.9890 0.1408 0.0461
vn -0.5164 0.8060 0.2891
vn -0.5907 0.6765 0.4397
vn -0.6581 0.4196 0.6252
vn -0.4210 0.9070 -0.0095
vn -0.3420 0.9188 -0.1972
vn -0.8905 0.3493 -0.2915
vn -0.9567 0.1834 -0.2262
vn -0.9691 -0.0839 -0.2320
vn -0.9263 0.1719 -0.3354
vn -0.8271 0.3234 -0.4598
vn -0.7971 0.3211 -0.5114
vn -0.2207 -0.7385 -0.6371
vn -0.4927 -0.5987 -0.6315
vn -0.2976 -0.6832 -0.6669
vn -0.7559 0.1679 -0.6327
vn -0.7559 0.1679 -0.6328
vn -0.7739 0.1844 -0.6059
vn -0.7368 0.1511 -0.6589
vn -0.1696 -0.9215 -0.3495
vn -0.2168 -0.8974 -0.3844
vn -0.1843 -0.9021 -0.3901
vn -0.7169 0.0209 -0.6969
vn -0.6461 -0.0477 -0.7618
vn -0.7777 0.0891 -0.6223
vn -0.1156 -0.9670 -0.2271
vn -0.1444 -0.9668 -0.2106
vn -0.1355 -0.9817 -0.1338
vn -0.6434 -0.0755 -0.7618
vn -0.6857 -0.1368 -0.7149
vn 0.1130 -0.1106 -0.9874
vn 0.0795 -0.1512 -0.9853
vn 0.1462 -0.0696 -0.9868
vn -0.0497 -0.9966 -0.0656
vn -0.0855 -0.9963 0.0090
vn 0.1442 0.2492 -0.9577
vn 0.1555 0.2352 -0.9594
vn 0.1442 0.2491 -0.9577
vn -0.9405 -0.0629 -0.3340
vn -0.9406 -0.0627 -0.3336
vn -0.9402 -0.0631 -0.3347
vn -0.9411 -0.0624 -0.3323
vn 0.0415 -0.9988 -0.0272
vn -0.0093 -0.9992 -0.0400
vn -0.7694 -0.2493 -0.5881
vn -0.6537 -0.1853 -0.7337
vn 0.9491 -0.2833 -0.1377
vn 0.9221 -0.2165 -0.3206
vn 0.9221 -0.2165 -0.3207
vn -0.0598 -0.9968 -0.0538
vn -0.0098 -0.9999 -0.0086
vn 0.3576 -0.1579 -0.9205
vn 0.3821 -0.1197 -0.9163
vn 0.4059 -0.0812 -0.9103
vn 0.5013 -0.8292 -0.2471
vn 0.0781 -0.9249 -0.3720
vn 0.1912 -0.8665 -0.4611
vn 0.5100 -0.8594 -0.0360
vn 0.7776 -0.5694 0.2668
vn 0.6697 -0.7203 0.1808
vn 0.2838 -0.9525 0.1107
vn 0.1874 -0.7303 0.6569
vn 0.1371 -0.6957 0.7051
vn 0.2363 -0.7604 0.6049
vn 0.2470 -0.1127 0.9624
vn 0.2301 -0.3233 0.9179
vn 0.2109 -0.2964 0.9315
vn 0.2561 -0.1277 0.9582
vn 0.8212 -0.3430 0.4560
vn 0.7969 -0.2900 0.5300
vn 0.7304 -0.4690 -0.4966
vn 0.6441 -0.3341 -0.6881
vn 0.8234 0.5403 -0.1734
vn 0.9099 0.3947 -0.1277
vn 0.7289 0.6201 -0.2901
vn 0.9794 0.1993 -0.0319
vn 0.8316 0.0620 0.5519
vn 0.8331 -0.0067 0.5531
vn 0.0502 0.2286 0.9722
vn 0.0573 0.1637 0.9848
vn -0.4833 0.3007 0.8222
vn -0.5038 0.2172 0.8360
vn -0.5411 0.2252 0.8102
vn -0.4445 0.2487 0.8606
vn -0.8550 0.1086 -0.5072
vn -0.8530 0.1068 -0.5109
vn -0.9924 0.0982 0.0738
vn -0.9969 0.0295 0.0735
vn -0.6870 0.2598 0.6786
vn -0.6927 -0.0921 0.7153
vn -0.9944 -0.0127 -0.1048
vn -0.9942 -0.0128 -0.1065
vn -0.9943 -0.0111 -0.1059
vn -0.9940 -0.0122 -0.1090
vn -0.4320 -0.8308 -0.3510
vn -0.3155 -0.9332 -0.1720
vn -0.2133 -0.8805 -0.4234
vn -0.4102 -0.9043 0.1179
vn -0.8296 -0.5366 -0.1540
vn -0.8281 -0.5296 -0.1838
vn -0.5494 -0.1050 -0.8289
vn -0.6444 -0.2869 -0.7088
vn -0.6101 -0.3397 -0.7158
vn -0.5556 0.1140 -0.8236
vn 0.8807 -0.1179 -0.4589
vn 0.8979 -0.3150 -0.3076
vn 0.8872 0.1090 -0.4484
vn 0.8684 -0.3697 -0.3305
vn 0.8833 -0.4409 -0.1593
vn 0.3560 -0.6897 -0.6305
vn 0.5385 -0.4720 0.6980
vn 0.4396 -0.6114 0.6580
vn 0.4257 -0.6459 0.6337
vn 0.6503 -0.3227 0.6878
vn 0.7243 -0.1834 0.6647
vn 0.7594 -0.2168 0.6134
vn 0.5595 0.2690 0.7840
vn 0.5370 0.2762 0.7971
vn 0.4543 0.4886 0.7449
vn 0.5996 0.1526 0.7856
vn 0.6022 0.2545 0.7567
vn -0.2477 0.1530 0.9567
vn -0.0112 0.2283 0.9735
vn -0.7333 0.2526 0.6313
vn -0.9380 0.1509 0.3122
vn -0.8860 0.2839 0.3667
vn -0.9307 0.0382 0.3639
vn -0.8724 -0.3814 0.3056
vn -0.2676 -0.3131 -0.9112
vn -0.1905 -0.4502 -0.8724
vn -0.4794 -0.2192 -0.8498
vn -0.0339 -0.5440 -0.8384
vn -0.9514 -0.3079 -0.0086
vn -0.9645 -0.2552 0.0683
vn -0.5860 -0.5932 0.5520
vn -0.5077 -0.7963 0.3288
vn -0.6491 -0.4240 0.6316
vn -0.9941 -0.0128 -0.1073
vn -0.9947 -0.0168 -0.1010
vn -0.9940 -0.0125 -0.1086
vn -0.6982 -0.0751 0.7120
vn -0.0263 -0.6822 -0.7307
vn -0.7073 -0.4095 -0.5762
vn -0.7135 -0.4998 -0.4911
vn -0.9672 -0.0993 -0.2337
vn -0.9680 -0.0674 -0.2417
vn -0.9760 -0.0940 -0.1963
vn -0.9620 -0.0377 -0.2703
vn -0.9461 0.0911 -0.3109
vn -0.9045 0.1217 -0.4087
vn -0.8580 0.1500 -0.4913
vn -0.8373 0.0839 -0.5402
vn -0.8396 0.0815 -0.5370
vn 0.7308 -0.6268 -0.2702
vn -0.2797 -0.2409 0.9294
vn -0.2505 -0.2314 0.9401
vn -0.3469 -0.2434 0.9058
vn -0.5787 -0.1851 0.7943
vn -0.7134 -0.0453 0.6993
vn -0.7607 0.1212 0.6377
vn -0.6266 -0.1910 0.7556
vn -0.6140 -0.2205 0.7579
vn -0.5233 -0.2692 0.8085
vn 0.0210 -0.9878 -0.1546
vn 0.1608 -0.9812 -0.1068
vn 0.0186 -0.9892 -0.1457
vn 0.1595 -0.9823 -0.0978
vn 0.2906 0.1138 -0.9501
vn 0.4915 0.2172 -0.8434
vn 0.4889 0.2190 -0.8444
vn -0.0014 0.2310 -0.9729
vn -0.0044 0.2290 -0.9734
vn 0.2238 0.0559 -0.9730
vn 0.9903 0.0529 0.1286
vn 0.9599 -0.1068 0.2591
vn 0.9695 -0.0680 0.2354
vn 0.9550 -0.1353 0.2640
vn 0.9447 -0.1507 0.2914
vn 0.4202 0.1078 -0.9010
vn 0.2525 -0.0361 -0.9669
vn 0.2840 0.0546 -0.9573
vn 0.4846 0.2237 -0.8456
vn 0.0789 0.1144 -0.9903
vn -0.1004 -0.9471 0.3050
vn -0.2954 -0.9233 0.2455
vn -0.0984 -0.9471 0.3055
vn 0.1003 -0.9307 0.3518
vn 0.8435 -0.5306 -0.0829
vn -0.2498 -0.2570 0.9336
vn 0.1040 -0.2145 0.9712
vn -0.1096 -0.4302 0.8961
vn 0.1681 -0.2067 0.9639
vn 0.1549 -0.2357 0.9594
vn -0.5747 -0.2011 0.7933
vn -0.3600 -0.4252 0.8304
vn -0.3064 -0.4269 0.8508
vn -0.4010 -0.0149 0.9160
vn -0.8934 0.4317 0.1247
vn -0.9019 0.4300 0.0411
vn -0.8785 0.4304 0.2071
vn -0.5527 0.6866 0.4724
vn -0.5327 0.7093 0.4616
vn -0.5527 0.6866 0.4723
vn -0.5890 -0.1849 0.7867
vn -0.4926 -0.1320 0.8602
vn -0.6167 -0.1259 0.7770
vn -0.6162 -0.2502 0.7468
vn -0.5082 -0.1348 0.8506
vn -0.3063 -0.9386 0.1589
vn -0.2403 -0.9571 0.1619
vn -0.0885 -0.9700 0.2264
vn -0.3840 -0.9186 0.0938
vn -0.3909 -0.9126 0.1197
vn -0.5723 0.2581 0.7783
vn -0.1005 -0.0209 0.9947
vn -0.1662 -0.4297 0.8876
vn -0.1589 -0.4979 0.8526
vn 0.1346 0.6869 0.7142
vn 0.2800 0.6652 0.6922
vn 0.2971 0.6780 0.6723
vn -0.0825 0.6462 0.7587
vn -0.2527 0.6138 0.7479
vn -0.3370 0.5345 0.7751
vn 0.0524 -0.3976 0.9161
vn 0.0359 -0.5689 0.8216
vn 0.1066 -0.2907 0.9509
vn 0.0697 -0.2034 0.9766
vn 0.7407 0.4243 0.5209
vn 0.7436 0.5003 0.4435
vn 0.0944 -0.9637 0.2496
vn 0.2479 -0.9253 0.2871
vn 0.2543 -0.9312 0.2611
vn -0.0308 0.2926 0.9558
vn 0.1540 -0.9477 0.2796
vn 0.1584 -0.1810 0.9706
vn 0.2430 -0.1647 0.9559
vn -0.8797 0.2560 0.4008
vn -0.8322 0.2604 0.4895
vn -0.9182 0.2490 0.3080
vn -0.1833 -0.9734 0.1371
vn -0.0699 -0.9704 0.2313
vn 0.7291 0.3434 0.5921
vn 0.0564 -0.9782 0.1999
vn 0.6496 0.2939 0.7012
vn 0.5810 0.2567 0.7723
vn 0.5259 0.2222 0.8210
vn 0.4469 0.1915 0.8739
vn -0.8670 -0.3657 0.3386
vn -0.7281 -0.5883 0.3519
vn -0.7053 -0.6236 0.3372
vn -0.2982 -0.4951 0.8161
vn -0.5720 0.6635 0.4823
vn -0.3886 0.6917 0.6087
vn -0.3115 0.7180 0.6224
vn -0.1710 0.7466 0.6429
vn -0.2646 0.0245 0.9641
vn -0.0709 0.7574 0.6491
vn 0.1076 -0.1987 0.9741
vn 0.0492 -0.2805 0.9586
vn -0.1511 -0.2473 0.9571
vn -0.1240 -0.9756 -0.1814
vn -0.1274 -0.9767 -0.1729
vn -0.5269 -0.6021 -0.5999
vn -0.2210 -0.2421 0.9447
vn -0.2514 -0.2313 0.9398
vn 0.3541 0.0991 0.9299
vn 0.2767 -0.0649 0.9588
vn 0.9811 0.1052 0.1626
vn 0.9935 0.1133 -0.0061
vn 0.9971 0.0476 -0.0594
vn -0.0060 0.2302 -0.9731
vn 0.9974 0.0452 -0.0554
vn -0.4847 0.5933 -0.6427
vn -0.5654 0.6200 -0.5440
vn -0.6367 0.6361 -0.4359
vn 0.5177 -0.1784 -0.8368
vn -0.3470 -0.8118 -0.4697
vn -0.3555 -0.8244 -0.4405
vn -0.1101 -0.4142 -0.9035
vn -0.0970 -0.3970 -0.9127
vn -0.1231 -0.4310 -0.8939
vn -0.0737 0.2249 -0.9716
vn -0.0746 0.0838 -0.9937
vn -0.0683 0.0720 -0.9951
vn -0.1031 0.3974 -0.9118
vn -0.9939 -0.0121 -0.1093
vn -0.9940 -0.0086 -0.1091
vn -0.9941 -0.0118 -0.1080
vn -0.9945 -0.0209 -0.1029
vn -0.2853 0.8924 -0.3496
vn -0.2507 0.8896 -0.3819
vn -0.1189 0.5481 -0.8279
vn -0.1583 0.5802 -0.7989
vn -0.7227 -0.1971 -0.6624
vn 0.0273 -0.8631 -0.5043
vn -0.5126 -0.1141 -0.8510
vn 0.8594 -0.1413 -0.4914
vn 0.9187 -0.0487 0.3920
vn 0.9175 -0.0510 0.3946
vn 0.9192 -0.0503 0.3907
vn 0.3464 -0.8984 -0.2699
vn 0.3209 -0.9386 -0.1265
vn 0.4521 -0.8610 -0.2330
vn 0.9198 -0.0456 0.3897
vn 0.9209 -0.0397 0.3877
vn 0.9802 -0.1010 0.1702
vn 0.9803 -0.1008 0.1700
vn 0.9800 -0.1018 0.1713
vn 0.9806 -0.0998 0.1688
vn 0.8561 0.0728 -0.5116
vn 0.8620 0.0802 -0.5006
vn 0.8620 0.0803 -0.5005
vn 0.8677 0.0877 -0.4893
vn -0.5010 0.1060 -0.8589
vn -0.4895 0.1173 -0.8641
vn -0.2573 -0.9146 -0.3120
vn -0.2958 -0.9255 -0.2367
vn -0.3006 -0.9149 -0.2696
vn -0.2762 -0.9305 -0.2407
vn -0.2127 -0.9306 -0.2980
vn 0.1329 0.2630 -0.9556
vn 0.0073 0.2899 -0.9570
vn 0.0332 0.2701 -0.9623
vn -0.9239 -0.0257 -0.3819
vn -0.9238 -0.0257 -0.3819
vn -0.9016 -0.0290 -0.4316
vn -0.9434 -0.0224 -0.3310
vn -0.3616 0.2603 -0.8953
vn -0.3835 0.2423 -0.8912
vn -0.3393 0.2782 -0.8986
vn -0.3160 -0.7846 -0.5334
vn -0.3640 -0.8437 -0.3946
vn -0.3707 -0.8146 -0.4461
vn -0.3078 -0.8481 -0.4312
vn -0.1957 -0.8178 -0.5412
vn -0.0186 0.3094 -0.9508
vn -0.2189 0.5564 -0.8015
vn -0.0155 0.6584 -0.7525
vn -0.4104 0.4244 -0.8072
vn -0.9066 0.0533 -0.4186
vn -0.3981 0.5274 -0.7506
vn -0.4999 0.2130 -0.8395
vn -0.5467 0.2089 -0.8108
vn -0.4021 -0.0206 -0.9154
vn -0.4171 -0.1275 -0.8999
vn -0.9773 -0.1087 -0.1817
vn -0.9365 -0.0083 -0.3506
vn -0.2574 -0.2177 -0.9415
vn -0.2575 -0.2182 -0.9413
vn -0.2574 -0.2176 -0.9415
vn -0.2575 -0.2183 -0.9413
vn -0.2248 0.6527 -0.7235
vn -0.2373 0.5858 -0.7749
vn -0.2206 0.6002 -0.7688
vn -0.3184 0.5785 -0.7510
vn -0.3223 -0.7100 -0.6261
vn 0.7731 0.2483 -0.5837
vn 0.3265 -0.9417 -0.0813
vn 0.3668 -0.9253 -0.0969
vn 0.3566 -0.9212 -0.1556
vn 0.3287 -0.9411 -0.0793
vn 0.2932 -0.9413 -0.1673
vn 0.3696 0.2275 -0.9009
vn 0.4343 -0.8814 -0.1858
vn -0.2653 -0.8876 -0.3764
vn -0.5124 0.0946 -0.8535
vn -0.0123 -0.9995 -0.0287
vn 0.9567 0.2864 -0.0517
vn 0.4069 0.6500 -0.6418
vn 0.0719 0.8669 0.4933
vn 0.0672 0.8614 0.5035
vn 0.0783 0.8534 0.5154
vn -0.5644 0.4713 -0.6777
vn -0.5644 0.4713 -0.6778
vn -0.0662 -0.8218 -0.5659
vn -0.0882 -0.8496 -0.5200
vn -0.0923 -0.8437 -0.5288
vn 0.7544 0.3034 -0.5821
vn 0.7544 0.3035 -0.5821
vn 0.9898 0.0084 -0.1424
vn 0.9906 0.0106 -0.1364
vn 0.9909 0.0117 -0.1337
vn 0.9917 0.0140 -0.1277
vn 0.0933 0.8456 0.5256
vn 0.1234 0.8346 0.5368
vn -0.9817 -0.0827 0.1716
vn -0.9830 -0.0960 0.1566
vn -0.9784 -0.0589 0.1981
vn 0.7117 0.0079 0.7024
vn 0.4197 -0.5182 0.7452
vn -0.1316 -0.8676 -0.4796
vn -0.1444 -0.8711 -0.4693
vn -0.9769 -0.0503 0.2076
vn -0.1348 -0.9116 0.3883
vn -0.1285 -0.9126 0.3881
vn -0.1312 -0.9122 0.3882
vn 0.8357 0.5043 0.2174
vn 0.8375 0.5182 0.1735
vn 0.8415 0.4803 0.2475
vn 0.8068 0.5315 0.2581
vn -0.7537 0.3410 -0.5618
vn -0.7036 0.3725 -0.6051
vn -0.7155 0.3146 -0.6237
vn -0.7550 0.3826 -0.5326
vn -0.1248 -0.9132 0.3880
vn -0.4550 -0.1770 0.8727
vn -0.8456 0.5223 -0.1103
vn 0.4837 0.6460 0.5906
vn -0.8040 0.3875 -0.4510
vn 0.3357 -0.8026 -0.4930
vn 0.7729 0.5400 0.3333
vn 0.2595 -0.8739 0.4110
vn 0.2617 -0.8745 0.4084
vn 0.2644 -0.8752 0.4050
vn 0.2567 -0.8731 0.4144
vn 0.3787 -0.0956 0.9206
vn -0.6534 0.5336 0.5370
vn 0.7342 0.6780 -0.0351
vn 0.7149 0.5031 -0.4857
vn 0.6550 0.5095 -0.5580
vn 0.7122 0.4786 -0.5135
vn 0.7045 0.5290 -0.4732
vn 0.7563 0.5468 -0.3593
vn -0.8984 0.3690 0.2381
vn -0.9161 0.3587 0.1792
vn -0.9394 0.3104 0.1457
vn -0.1290 -0.8479 -0.5142
vn -0.9335 0.3400 0.1137
vn -0.9541 0.2770 0.1142
vn -0.1976 -0.1518 0.9685
vn -0.5570 0.3735 -0.7418
vn 0.7690 0.4534 -0.4506
vn 0.0261 -0.9971 0.0709
vn 0.2786 -0.8392 0.4670
vn 0.2800 -0.8404 0.4640
vn 0.2818 -0.8419 0.4603
vn 0.2767 -0.8377 0.4708
vn 0.5784 -0.0217 0.8155
vn -0.4611 0.6672 0.5851
vn 0.7570 0.5808 -0.2994
vn 0.6166 0.3541 -0.7031
vn 0.5419 0.3581 -0.7603
vn 0.6054 0.3268 -0.7257
vn 0.6116 0.3824 -0.6926
vn 0.6904 0.4083 -0.5972
vn -0.7828 0.4952 0.3768
vn -0.8148 0.4797 0.3255
vn -0.8492 0.4306 0.3056
vn -0.3160 -0.8856 -0.3404
vn -0.8488 0.4551 0.2692
vn -0.8737 0.3953 0.2836
vn -0.1115 -0.8346 0.5394
vn -0.1055 -0.8363 0.5380
vn -0.1081 -0.8356 0.5386
vn 0.9014 0.4297 -0.0534
vn 0.8938 0.4377 -0.0982
vn 0.9122 0.4092 -0.0222
vn 0.8853 0.4648 -0.0117
vn -0.8359 0.3510 -0.4220
vn -0.7952 0.3710 -0.4796
vn -0.8158 0.3129 -0.4863
vn -0.8267 0.3958 -0.3998
vn -0.1020 -0.8373 0.5371
vn -0.2464 -0.0137 0.9691
vn -0.8024 0.5967 0.0066
vn 0.6612 0.6559 0.3641
vn -0.8543 0.4165 -0.3109
vn 0.1424 -0.8909 -0.4313
vn 0.8711 0.4865 0.0671
vn -0.2017 -0.8320 0.5168
vn 0.7053 0.5367 0.4631
vn 0.6814 0.5379 0.4963
vn 0.6920 0.5392 0.4801
vn -0.8459 0.4062 -0.3455
vn -0.8402 0.4119 -0.3527
vn -0.8391 0.4122 -0.3550
vn -0.8393 0.4138 -0.3527
vn -0.8393 0.4042 -0.3637
vn 0.2143 -0.9497 -0.2285
vn 0.1486 -0.9846 -0.0918
vn 0.1540 -0.9837 -0.0926
vn 0.2399 -0.9270 -0.2883
vn 0.7055 0.5485 0.4487
vn 0.7059 0.5489 0.4476
vn 0.7384 0.6579 -0.1481
vn -0.3938 0.5543 -0.7333
vn 0.3365 -0.8041 -0.4900
vn -0.8353 0.3902 0.3874
vn -0.8377 0.3896 0.3828
vn -0.8210 0.3915 0.4155
vn -0.8371 0.4005 0.3726
vn -0.8387 0.3971 0.3727
vn 0.0561 -0.9938 -0.0957
vn 0.0534 -0.9944 -0.0912
vn -0.0014 -0.9703 -0.2420
vn 0.3060 -0.7823 0.5426
vn 0.7691 0.5700 -0.2889
vn 0.7942 0.5570 -0.2427
vn 0.7778 0.5695 -0.2659
vn 0.7763 0.5677 -0.2739
vn 0.7858 0.5571 -0.2687
vn 0.3537 0.6258 -0.6952
vn -0.0269 -0.9515 -0.3064
vn -0.1203 -0.8488 -0.5148
vn -0.8313 0.5060 -0.2300
vn 0.5656 -0.5652 -0.6006
vn 0.4889 -0.5630 -0.6663
vn 0.5184 -0.6035 -0.6059
vn 0.5847 -0.5572 -0.5896
vn 0.1255 0.5085 0.8519
vn 0.0337 0.5476 0.8360
vn 0.1485 0.5065 0.8494
vn -0.0768 0.5868 0.8061
vn -0.1623 0.6180 0.7693
vn -0.1652 0.6152 0.7709
vn 0.3059 -0.5588 -0.7708
vn 0.2628 -0.5303 -0.8061
vn 0.2452 -0.5546 -0.7951
vn -0.1489 0.5945 0.7902
vn -0.1355 0.5748 0.8070
vn 0.2966 -0.5206 -0.8006
vn 0.3358 -0.6034 -0.7233
vn -0.1343 0.5437 0.8285
vn -0.1398 0.5258 0.8391
vn 0.3300 -0.6205 -0.7114
vn 0.3279 -0.6344 -0.7000
vn -0.1412 0.5102 0.8484
vn -0.1631 0.5195 0.8388
vn 0.3075 -0.6286 -0.7143
vn 0.3967 -0.6169 -0.6798
vn -0.0678 0.5166 0.8535
vn -0.1445 0.5430 0.8272
vn 0.3261 -0.6053 -0.7261
vn 0.4895 -0.6032 -0.6297
vn 0.5734 -0.6106 -0.5463
vn 0.0368 0.5013 0.8645
vn 0.1408 0.4462 0.8838
vn 0.9698 0.1464 0.1949
vn 0.9698 0.1464 0.1950
vn -0.1133 0.8663 0.4866
vn -0.1134 0.8663 0.4866
vn 0.1206 0.5271 -0.8412
vn 0.0763 0.4975 -0.8641
vn 0.0776 0.5072 -0.8583
vn 0.9307 -0.3526 -0.0972
vn 0.9288 -0.3582 -0.0947
vn 0.9280 -0.3607 -0.0936
vn 0.9260 -0.3664 -0.0910
vn -0.0823 -0.4887 0.8686
vn -0.0750 -0.5048 0.8599
vn -0.0554 -0.5292 0.8467
vn -0.0853 -0.4729 0.8770
vn -0.9461 0.3230 0.0242
vn -0.9415 0.3368 0.0102
vn -0.9532 0.2982 0.0489
vn 0.2839 -0.9586 -0.0237
vn -0.0502 -0.8556 -0.5152
vn 0.0171 0.4830 -0.8755
vn 0.0007 0.4802 -0.8772
vn -0.9555 0.2892 0.0578
vn -0.1134 0.8662 0.4866
vn -0.0757 -0.4662 0.8814
vn 0.5050 0.8400 -0.1981
vn 0.8922 0.4464 0.0687
vn 0.3398 0.9118 -0.2307
vn 0.3735 0.9093 -0.1834
vn 0.0523 0.9885 -0.1416
vn -0.6207 0.7751 -0.1181
vn 0.1203 0.6301 -0.7671
vn 0.7304 0.1497 -0.6664
vn 0.8417 -0.2106 -0.4972
vn -0.6029 0.6301 -0.4895
vn -0.1725 0.1587 -0.9721
vn -0.2753 0.4515 -0.8487
vn 0.5051 0.8400 -0.1981
vn 0.9508 0.1231 0.2842
vn 0.6692 -0.1769 0.7217
vn -0.5413 -0.7804 -0.3130
vn -0.4201 -0.7746 -0.4728
vn -0.2850 -0.6942 -0.6610
vn -0.0796 -0.5596 -0.8249
vn 0.7392 0.3528 0.5736
vn -0.8954 0.4329 -0.1040
vn -0.8660 0.4623 -0.1906
vn -0.9371 0.3490 0.0108
vn -0.9046 0.4211 -0.0664
vn -0.1302 0.1271 -0.9833
vn -0.0242 0.2134 -0.9767
vn 0.8425 -0.5277 -0.1081
vn 0.8657 -0.4893 -0.1056
vn 0.8393 -0.5167 -0.1694
vn 0.0432 -0.1162 0.9923
vn 0.0439 -0.2142 0.9758
vn -0.0063 -0.2625 0.9649
vn 0.0835 -0.1574 0.9840
vn -0.9465 0.3046 0.1062
vn -0.9486 0.3038 0.0881
vn 0.0188 0.3216 -0.9467
vn 0.0155 0.3216 -0.9468
vn 0.8745 -0.4693 -0.1222
vn 0.8734 -0.4681 -0.1345
vn -0.0404 -0.3355 0.9412
vn -0.0405 -0.3354 0.9412
vn -0.9478 0.3083 0.0818
vn 0.0522 0.9885 -0.1416
vn -0.9409 0.3152 -0.1242
vn -0.6207 0.7751 -0.1180
vn 0.4209 0.9057 -0.0504
vn 0.1045 -0.5414 -0.8342
vn -0.4523 0.5788 -0.6785
vn -0.4539 0.6078 -0.6515
vn -0.4600 0.5051 -0.7303
vn -0.4542 0.6077 -0.6515
vn 0.4125 -0.8991 0.1469
vn 0.3759 -0.9256 0.0441
vn 0.9763 -0.0648 0.2066
vn 0.2853 -0.0820 0.9549
vn 0.0490 0.1216 0.9914
vn 0.1266 0.0373 0.9913
vn 0.6492 0.5375 -0.5382
vn 0.6395 0.4932 -0.5897
vn 0.7287 0.4299 -0.5330
vn 0.8343 0.3521 -0.4242
vn 0.8562 0.1884 -0.4811
vn 0.2612 -0.2077 0.9427
vn 0.4018 -0.2537 0.8799
vn -0.9158 -0.0936 -0.3906
vn -0.9160 -0.0973 -0.3892
vn -0.9154 -0.0870 -0.3931
vn -0.9164 -0.1044 -0.3865
vn 0.9331 0.2651 -0.2429
vn 0.3285 -0.5075 -0.7966
vn -0.1545 -0.8735 0.4617
vn -0.5335 0.8449 0.0393
vn -0.6462 -0.6330 -0.4262
vn -0.6462 -0.6335 -0.4256
vn -0.6463 -0.6326 -0.4268
vn -0.0158 0.1039 0.9945
vn -0.6463 -0.6321 -0.4275
vn -0.9829 -0.0083 0.1842
vn -0.9898 -0.0025 0.1425
vn -0.9881 0.0141 0.1535
vn -0.9906 -0.0212 0.1349
vn -0.9958 -0.0138 0.0904
vn 0.0526 -0.9657 0.2543
vn 0.9859 0.0068 -0.1674
vn 0.9878 0.0267 -0.1533
vn 0.9763 0.0125 -0.2162
vn 0.9937 0.0114 -0.1118
vn -0.1114 -0.6097 -0.7848
vn -0.1114 -0.6097 -0.7847
vn -0.0407 -0.9350 -0.3523
vn 0.9895 0.0457 -0.1375
vn 0.9871 0.0401 -0.1548
vn 0.0564 0.8906 0.4514
vn 0.0760 0.8207 0.5663
vn 0.0930 0.7433 0.6625
vn 0.1059 0.6503 0.7523
vn -0.9945 -0.0095 0.1042
vn 0.9800 0.0185 -0.1979
vn -0.0406 -0.9350 -0.3523
vn -0.9862 0.0178 0.1647
vn -0.3095 0.3839 -0.8700
vn -0.2609 0.4348 -0.8619
vn -0.2713 0.4230 -0.8645
vn 0.2775 -0.8189 0.5024
vn 0.2731 -0.8227 0.4986
vn 0.3264 -0.7881 0.5218
vn 0.2277 -0.8488 0.4771
vn -0.2181 0.4740 -0.8531
vn -0.1806 0.7315 -0.6575
vn -0.9718 0.1030 -0.2120
vn -0.5994 -0.8003 -0.0130
vn -0.0174 0.8929 0.4499
vn -0.7033 0.7015 0.1151
vn 0.6879 0.5774 0.4398
vn 0.5084 0.6513 0.5633
vn -0.0717 0.7385 -0.6705
vn -0.1448 0.8915 -0.4293
vn 0.5900 0.4401 -0.6769
vn 0.8597 0.3825 0.3386
vn 0.7621 -0.2173 0.6099
vn 0.8006 -0.5291 0.2812
vn 0.7688 -0.0187 0.6392
vn -0.9973 0.0720 0.0147
vn -0.9741 -0.0205 0.2254
vn -0.8124 0.4162 0.4085
vn -0.9954 -0.0923 -0.0253
vn -0.9516 -0.2747 0.1378
vn 0.5243 -0.0850 -0.8473
vn 0.4699 0.0041 -0.8827
vn 0.3307 -0.0427 -0.9428
vn 0.5972 -0.1093 -0.7946
vn 0.6156 -0.1769 -0.7680
vn 0.6169 -0.1742 -0.7676
vn 0.7196 0.2152 0.6602
vn 0.7032 0.3502 0.6187
vn -0.8716 -0.3581 0.3347
vn -0.8115 -0.4485 0.3746
vn 0.2249 0.0378 -0.9737
vn 0.1412 0.0665 -0.9877
vn 0.8121 0.3826 0.4406
vn 0.7557 0.4973 0.4261
vn 0.8133 0.5563 0.1704
vn -0.6555 -0.5234 0.5444
vn -0.6316 -0.5761 0.5189
vn 0.0405 0.0836 -0.9957
vn 0.0464 0.0862 -0.9952
vn 0.7460 0.6020 0.2847
vn 0.8013 0.5950 0.0623
vn -0.5540 -0.5667 0.6098
vn -0.9814 0.0058 -0.1918
vn -0.3631 -0.7671 -0.5289
vn -0.2355 -0.9516 -0.1976
vn -0.0071 -0.8791 0.4767
vn -0.2090 0.1299 0.9693
vn -0.2092 0.1302 0.9692
vn -0.2091 0.1300 0.9692
vn -0.9347 0.2648 -0.2373
vn -0.9346 0.2648 -0.2373
vn -0.9347 0.2647 -0.2372
vn 0.2874 0.9555 -0.0663
vn 0.2874 0.9555 -0.0664
vn -0.2091 0.1301 0.9692
vn 0.9347 -0.2647 0.2372
vn 0.9347 -0.2647 0.2373
vn -0.2877 -0.9554 0.0663
vn -0.2871 -0.9556 0.0662
vn -0.2873 -0.9555 0.0662
vn -0.2875 -0.9555 0.0665
vn 0.2091 -0.1301 -0.9692
vn 0.9347 -0.2648 0.2373
vn 0.3029 0.4662 0.8312
vn -0.2109 -0.8178 0.5355
vn -0.2110 -0.8178 0.5355
vn -0.3029 -0.4662 -0.8312
vn 0.2109 0.8178 -0.5355
vn 0.2109 0.8177 -0.5355
vn 0.9327 -0.3504 -0.0849
vn 0.9336 -0.3465 -0.0912
vn 0.9325 -0.3509 -0.0856
vn 0.9376 -0.3351 -0.0927
vn 0.1924 0.6448 -0.7397
vn 0.1948 0.6311 -0.7508
vn 0.1882 0.6684 -0.7196
vn -0.0008 0.1059 -0.9944
vn -0.0977 0.0675 -0.9929
vn -0.3547 -0.1466 -0.9234
vn 0.0008 0.0785 -0.9969
vn -0.3073 -0.5299 -0.7905
vn -0.3048 -0.5368 -0.7867
vn -0.3273 -0.4840 -0.8115
vn -0.2864 -0.5765 -0.7653
vn -0.2949 -0.9420 0.1604
vn -0.2887 -0.9423 0.1695
vn -0.2839 -0.9425 0.1763
vn -0.2995 -0.9416 0.1537
vn -0.1321 -0.6455 0.7522
vn -0.1315 -0.6451 0.7527
vn -0.1330 -0.6461 0.7516
vn -0.7785 0.0027 0.6276
vn -0.8754 -0.2123 0.4343
vn -0.7218 0.1395 0.6779
vn -0.9256 -0.2464 0.2874
vn -0.9793 -0.1955 0.0521
vn -0.9642 -0.2217 -0.1455
vn -0.9941 0.0504 -0.0963
vn -0.9817 -0.0387 -0.1865
vn -0.2813 -0.8671 -0.4112
vn 0.9120 -0.1526 0.3807
vn 0.6210 0.0836 0.7794
vn 0.8966 -0.2749 0.3473
vn 0.9307 -0.3658 0.0058
vn 0.5166 0.5864 0.6238
vn -0.0473 0.9989 -0.0015
vn 0.2060 0.3712 -0.9054
vn 0.8989 -0.4339 -0.0602
vn 0.8340 -0.5435 -0.0945
vn -0.3718 0.0694 0.9257
vn -0.9595 0.0407 -0.2786
vn -0.8564 -0.2208 -0.4668
vn -0.5602 -0.3572 -0.7474
vn -0.4681 -0.2385 -0.8509
vn -0.1026 0.8949 0.4343
vn -0.9744 0.2235 -0.0265
vn -0.9309 0.3489 0.1082
vn -0.8934 0.3828 0.2351
vn -0.9262 0.3612 0.1079
vn -0.7369 0.4398 -0.5134
vn -0.7874 0.0572 -0.6138
vn -0.7431 0.4133 -0.5263
vn -0.6097 0.7341 -0.2989
vn -0.5669 0.8194 -0.0849
vn -0.9331 0.3477 0.0922
vn -0.9320 0.3484 0.0998
vn -0.9338 0.3454 0.0936
vn -0.9342 0.3446 0.0928
vn -0.9344 0.3442 0.0919
vn -0.6123 0.4433 0.6547
vn -0.5701 0.5765 0.5854
vn 0.1367 0.0238 0.9903
vn 0.1368 0.0238 0.9903
vn -0.1337 -0.6465 0.7511
vn 0.9342 -0.3440 -0.0940
vn 0.9347 -0.3412 -0.0998
vn 0.9399 -0.3232 -0.1100
vn 0.9332 -0.3462 -0.0958
vn 0.3441 0.6771 0.6505
vn 0.3440 0.6770 0.6506
vn 0.3179 0.9422 -0.1059
vn 0.3349 0.9295 -0.1548
vn 0.3475 0.9175 -0.1933
vn 0.3036 0.9505 -0.0659
vn 0.1859 0.6816 -0.7077
vn -0.5232 0.8269 0.2061
vn -0.5173 0.7855 0.3396
vn 0.3439 0.6770 0.6507
vn 0.3086 0.3669 -0.8776
vn -0.8554 0.1174 -0.5044
vn -0.5781 0.3416 -0.7410
vn 0.4944 -0.5183 -0.6978
vn 0.3471 0.9287 -0.1302
vn 0.3476 0.9285 -0.1306
vn -0.8875 0.4495 0.1016
vn -0.8757 0.4754 0.0849
vn -0.8935 0.3979 0.2082
vn -0.8948 0.3959 0.2063
vn -0.9313 0.3011 0.2049
vn -0.9346 0.3091 0.1760
vn -0.9462 0.2967 0.1294
vn -0.9496 0.3129 -0.0174
vn -0.2440 -0.4300 -0.8692
vn -0.2467 -0.4234 -0.8717
vn 0.0169 0.3612 -0.9323
vn 0.0423 0.3585 -0.9326
vn 0.0214 0.3607 -0.9324
vn 0.9399 -0.3393 -0.0381
vn 0.9312 -0.3596 -0.0600
vn 0.9278 -0.3704 -0.0438
vn 0.9181 -0.3947 -0.0349
vn 0.9159 -0.3977 -0.0540
vn 0.8986 -0.4386 0.0090
vn 0.9295 -0.3652 -0.0511
vn 0.9128 -0.4000 -0.0823
vn 0.9288 -0.3465 -0.1316
vn 0.3323 0.6745 0.6592
vn 0.3360 0.6748 0.6571
vn 0.3385 0.6750 0.6556
vn 0.3422 0.6752 0.6535
vn 0.1234 0.0365 0.9917
vn 0.0431 -0.1520 0.9874
vn 0.1306 0.0378 0.9907
vn 0.0392 -0.1513 0.9877
vn -0.0304 -0.3331 0.9424
vn -0.9429 0.2975 0.1495
vn -0.9431 0.3065 0.1289
vn 0.0468 0.3580 -0.9326
vn 0.2279 0.7775 -0.5861
vn 0.2293 0.7774 -0.5857
vn 0.2295 0.7771 -0.5860
vn 0.9170 -0.3909 -0.0798
vn 0.9137 -0.3962 -0.0903
vn -0.2616 -0.8430 0.4700
vn -0.2630 -0.8421 0.4708
vn -0.2637 -0.8417 0.4711
vn -0.2609 -0.8434 0.4696
vn -0.9528 0.2922 0.0822
vn -0.9509 0.2985 0.0820
vn -0.9437 0.3250 0.0621
vn -0.9370 0.3409 0.0764
vn 0.0302 0.3379 -0.9407
vn 0.0309 0.3371 -0.9410
vn 0.0306 0.3372 -0.9409
vn 0.3553 0.9174 0.1795
vn 0.3553 0.9173 0.1795
vn 0.3552 0.9174 0.1795
vn 0.2279 0.7773 -0.5864
vn 0.9317 -0.3340 -0.1425
vn 0.9239 -0.3583 -0.1340
vn -0.3561 -0.9110 -0.2081
vn 0.0313 0.3364 -0.9412
vn -0.0301 -0.3332 0.9424
vn 0.9277 -0.3670 -0.0688
vn 0.9293 -0.3527 -0.1100
vn 0.8591 -0.4485 -0.2465
vn 0.6758 -0.5045 0.5374
vn -0.2386 0.9185 0.3153
vn 0.4845 0.5559 -0.6754
vn 0.5637 0.4812 -0.6713
vn 0.5958 0.4802 -0.6438
vn -0.9171 -0.1880 0.3516
vn -0.7898 -0.3376 0.5120
vn -0.8720 -0.2227 0.4360
vn -0.5466 -0.2039 -0.8122
vn 0.7945 0.3347 -0.5067
vn 0.8816 0.2256 -0.4147
vn -0.3569 0.5649 -0.7440
vn -0.2586 0.5099 -0.8205
vn -0.2276 0.4915 -0.8406
vn -0.1445 0.4577 -0.8773
vn -0.1453 0.4466 -0.8829
vn -0.0584 0.4961 -0.8663
vn -0.0184 0.5198 -0.8541
vn 0.0886 0.5769 -0.8120
vn 0.5020 0.5079 -0.7000
vn 0.2882 -0.1868 -0.9392
vn 0.9843 -0.1344 0.1140
vn 0.9451 -0.2496 0.2110
vn 0.9082 -0.3088 0.2826
vn 0.9670 -0.2060 0.1499
vn -0.6263 0.5221 -0.5790
vn -0.9261 0.2791 -0.2538
vn -0.7176 0.5039 -0.4808
vn -0.7926 0.4528 -0.4083
vn -0.9744 0.1794 -0.1355
vn -0.4528 -0.4836 0.7491
vn 0.2558 -0.6266 0.7361
vn 0.5275 -0.3455 0.7761
vn 0.2084 -0.6729 0.7098
vn 0.3325 -0.4543 0.8264
vn -0.0056 -0.5005 0.8657
vn 0.0258 -0.6606 0.7503
vn -0.2143 -0.4181 0.8828
vn -0.0668 -0.5693 0.8194
vn 0.6667 0.6926 0.2753
vn 0.2321 0.8341 0.5004
vn 0.6981 0.6706 0.2510
vn 0.2249 0.8346 0.5028
vn -0.9754 -0.1658 0.1453
vn -0.9849 -0.1339 0.1101
vn -0.9781 -0.1250 0.1667
vn 0.1521 -0.3297 0.9317
vn 0.1487 -0.3625 0.9201
vn 0.9802 -0.1176 -0.1596
vn 0.9917 -0.0396 -0.1221
vn 0.9927 -0.0685 -0.0995
vn 0.9722 -0.1094 -0.2072
vn -0.1540 0.3481 -0.9247
vn -0.1485 0.3925 -0.9077
vn -0.9695 -0.1474 0.1959
vn -0.9885 -0.0375 0.1462
vn 0.0774 -0.5053 0.8595
vn 0.2135 -0.4824 0.8495
vn 0.9866 -0.0025 -0.1633
vn 0.9858 -0.0091 -0.1679
vn -0.0980 0.4861 -0.8684
vn -0.1913 0.4625 -0.8658
vn -0.9874 -0.0300 0.1555
vn -0.2743 -0.8567 -0.4367
vn -0.3361 -0.8309 -0.4434
vn -0.3774 -0.7875 -0.4872
vn 0.0592 -0.6005 0.7974
vn -0.0168 -0.5805 0.8141
vn 0.0441 -0.5744 0.8174
vn -0.2133 0.5902 -0.7785
vn -0.2656 0.5957 -0.7580
vn -0.0595 0.5942 -0.8021
vn -0.0030 0.6029 -0.7978
vn -0.0326 0.6362 -0.7709
vn -0.0948 0.6762 -0.7306
vn -0.0642 0.6462 -0.7605
vn -0.2321 0.6311 -0.7402
vn -0.1994 0.6427 -0.7397
vn -0.1634 0.6745 -0.7200
vn 0.1076 -0.5407 0.8343
vn 0.0771 -0.5657 0.8210
vn 0.2015 -0.5634 0.8012
vn 0.1748 -0.5389 0.8241
vn 0.2318 -0.5694 0.7887
vn 0.2117 -0.5974 0.7735
vn 0.2898 -0.5722 0.7672
vn 0.2538 -0.8069 -0.5334
vn 0.2080 -0.7839 -0.5850
vn 0.3116 -0.8028 -0.5083
vn -0.6370 0.6025 0.4808
vn -0.1380 0.8252 0.5477
vn -0.6493 0.5928 0.4765
vn -0.1337 0.8260 0.5476
vn -0.6505 -0.4423 0.6174
vn -0.7964 -0.3101 0.5192
vn -0.7131 0.4753 -0.5154
vn 0.8258 -0.4035 0.3940
vn 0.2720 0.9318 0.2403
vn -0.0116 -0.0430 -0.9990
vn 0.2494 -0.4540 -0.8554
vn 0.1427 -0.5572 -0.8180
vn 0.2416 -0.6467 -0.7235
vn 0.8013 -0.0997 0.5899
vn 0.6401 -0.1737 0.7484
vn 0.6042 -0.3118 0.7333
vn 0.7601 -0.0033 0.6498
vn -0.9379 0.2330 0.2569
vn -0.9020 0.2233 0.3695
vn -0.9254 0.2815 0.2539
vn -0.9089 0.1864 0.3730
vn -0.6128 0.7898 0.0245
vn -0.7015 0.7029 0.1178
vn -0.6728 0.7357 0.0788
vn 0.1006 -0.6633 -0.7415
vn 0.4950 -0.6367 -0.5913
vn 0.1731 -0.4055 0.8976
vn 0.1551 -0.4515 0.8787
vn -0.5776 0.8161 -0.0179
vn 0.2610 0.9290 -0.2625
vn -0.7570 -0.5521 -0.3496
vn -0.2939 -0.3383 0.8940
vn 0.1119 -0.9883 -0.1041
vn 0.1483 -0.9786 -0.1429
vn 0.1249 -0.9851 -0.1179
vn -0.0718 -0.6138 -0.7862
vn 0.1190 -0.5041 -0.8554
vn 0.2141 -0.4384 -0.8729
vn -0.2317 -0.6812 -0.6945
vn -0.0023 -0.8016 0.5979
vn -0.0171 -0.6170 0.7868
vn -0.0015 -0.8392 0.5438
vn -0.0171 -0.5779 0.8159
vn -0.9762 -0.1949 -0.0956
vn -0.7725 0.1398 0.6194
vn -0.7363 0.6740 -0.0595
vn -0.7369 0.6726 -0.0682
vn -0.7354 0.6766 -0.0367
vn -0.7374 0.6697 -0.0880
vn -0.0601 0.7825 -0.6197
vn -0.0542 0.7797 -0.6238
vn -0.1028 0.8015 -0.5891
vn -0.0195 0.7616 -0.6477
vn 0.8572 0.5093 0.0762
vn 0.8496 0.5184 0.0977
vn 0.8700 0.4430 0.2163
vn 0.8682 0.3784 0.3209
vn -0.1653 0.9496 0.2664
vn -0.1801 0.9441 0.2762
vn -0.1575 0.9515 0.2642
vn -0.1412 0.9567 0.2546
vn 0.2846 0.4798 0.8299
vn -0.1361 0.3467 0.9281
vn -0.0508 0.3803 0.9235
vn 0.8917 0.2734 0.3606
vn 0.8651 0.2830 0.4141
vn 0.3736 0.4967 0.7834
vn 0.0871 -0.9932 -0.0776
vn -0.0665 -0.4220 0.9042
vn -0.1124 -0.5321 0.8392
vn -0.1523 -0.6247 0.7658
vn -0.0664 -0.4220 0.9042
vn -0.9305 0.3443 0.1249
vn -0.9353 0.3362 0.1102
vn -0.9458 0.3110 0.0937
vn -0.9317 0.3515 0.0909
vn 0.0277 0.3275 -0.9444
vn 0.9353 -0.3477 -0.0660
vn 0.9372 -0.3394 -0.0808
vn 0.9218 -0.3770 -0.0901
vn 0.9372 -0.3437 -0.0589
vn 0.9386 -0.3311 -0.0969
vn 0.2101 0.7408 -0.6381
vn -0.1852 -0.2489 -0.9507
vn -0.1852 -0.2488 -0.9507
vn 0.9529 -0.2884 -0.0939
vn 0.9567 -0.2785 -0.0849
vn -0.1947 -0.7096 0.6772
vn -0.9381 0.3364 0.0822
vn -0.9141 0.3960 0.0870
vn -0.9075 0.4082 0.0986
vn -0.3029 0.8094 -0.5031
vn -0.3029 0.8094 -0.5030
vn 0.2109 -0.4578 -0.8636
vn 0.2109 -0.4578 -0.8637
vn 0.2110 -0.4579 -0.8636
vn 0.3029 -0.8094 0.5031
vn -0.2109 0.4578 0.8636
vn -0.2109 0.4579 0.8636
vn -0.2110 0.4578 0.8637
vn -0.9628 0.0635 0.2625
vn -0.9643 0.0627 0.2573
vn -0.9701 0.0385 0.2396
vn -0.9561 0.0889 0.2793
vn 0.2332 -0.4521 -0.8610
vn 0.2410 -0.4475 -0.8612
vn 0.2472 -0.4438 -0.8614
vn 0.2274 -0.4554 -0.8607
vn 0.7143 0.3140 0.6255
vn 0.7301 0.3058 0.6111
vn 0.6975 0.3360 0.6330
vn 0.7469 0.2844 0.6011
vn 0.0370 0.9172 -0.3966
vn 0.0075 -0.9640 0.2659
vn 0.3332 0.3704 -0.8671
vn -0.8114 -0.0136 -0.5843
vn -0.6114 0.3979 -0.6840
vn 0.5556 -0.4254 -0.7144
vn 0.3029 0.9438 -0.1319
vn 0.3061 0.9425 -0.1343
vn -0.9515 0.2991 0.0725
vn -0.9365 0.3498 -0.0237
vn -0.9576 0.2696 0.1017
vn -0.9391 0.3151 0.1372
vn -0.9472 0.2772 0.1613
vn -0.9381 0.3017 0.1700
vn -0.9477 0.2950 0.1221
vn -0.9529 0.3017 -0.0300
vn -0.2520 -0.4260 -0.8689
vn -0.2508 -0.4290 -0.8678
vn 0.0257 0.3503 -0.9363
vn 0.0905 0.3398 -0.9361
vn 0.0354 0.3488 -0.9365
vn 0.9385 -0.3421 -0.0458
vn 0.9504 -0.3091 -0.0344
vn 0.9441 -0.3175 -0.0883
vn 0.9307 -0.3658 -0.0026
vn 0.9206 -0.3871 -0.0524
vn 0.8962 -0.4434 0.0105
vn 0.9594 -0.2811 0.0248
vn 0.9579 -0.2855 0.0317
vn 0.9757 -0.2105 -0.0600
vn 0.2832 0.6992 0.6565
vn 0.2866 0.6995 0.6546
vn 0.2889 0.6998 0.6533
vn 0.2923 0.7001 0.6514
vn 0.0994 0.0506 0.9938
vn 0.0471 -0.1456 0.9882
vn 0.0880 0.0474 0.9950
vn 0.0494 -0.1420 0.9886
vn 0.0052 -0.3332 0.9429
vn -0.9340 0.3496 0.0737
vn -0.9322 0.3566 0.0614
vn 0.1015 0.3379 -0.9357
vn 0.3655 0.9272 -0.0820
vn 0.4142 0.9075 -0.0693
vn 0.4444 0.8937 -0.0615
vn 0.3407 0.9360 -0.0880
vn 0.0210 0.3224 -0.9464
vn 0.0301 0.3255 -0.9451
vn 0.0260 0.3242 -0.9456
vn 0.9550 -0.2695 -0.1239
vn 0.9328 -0.3509 -0.0819
vn 0.8619 -0.4984 -0.0935
vn -0.0061 -0.2692 0.9631
vn -0.0174 -0.3144 0.9491
vn -0.0674 -0.3755 0.9244
vn -0.6176 0.7748 0.1352
vn -0.5811 0.8138 -0.0082
vn -0.5643 0.8250 0.0309
vn -0.9465 0.3168 0.0619
vn -0.9793 -0.1223 0.1613
vn -0.9727 -0.1904 0.1323
vn -0.9912 -0.0978 0.0890
vn 0.6605 -0.7282 -0.1827
vn 0.5856 -0.8021 0.1167
vn 0.6735 -0.6509 -0.3504
vn 0.5846 -0.8029 0.1166
vn -0.3153 -0.9185 0.2385
vn 0.3887 0.8877 -0.2468
vn -0.3129 -0.9194 0.2384
vn 0.3848 0.8895 -0.2464
vn 0.3198 0.6259 0.7113
vn 0.2795 0.6354 0.7198
vn -0.1477 -0.6663 -0.7309
vn 0.6436 -0.4680 -0.6056
vn 0.6388 -0.4660 -0.6122
vn -0.1983 -0.9477 0.2499
vn -0.1269 -0.9815 0.1432
vn -0.2066 -0.9426 0.2623
vn -0.1469 -0.6603 -0.7365
vn -0.8509 0.1121 -0.5133
vn -0.9810 -0.0757 -0.1784
vn -0.8511 0.1082 -0.5138
vn -0.9886 -0.1111 -0.1020
vn 0.8185 -0.5702 -0.0708
vn 0.7969 -0.5996 -0.0741
vn -0.1024 -0.4655 0.8791
vn -0.0834 -0.5208 0.8496
vn -0.3138 -0.6772 -0.6655
vn -0.3137 -0.6771 -0.6657
vn -0.3142 -0.6772 -0.6653
vn -0.3150 -0.6775 -0.6647
vn -0.9030 -0.3133 0.2939
vn -0.9078 -0.3039 0.2892
vn -0.2296 -0.9269 0.2969
vn 0.0325 0.3264 -0.9447
vn -0.7873 0.6138 0.0581
vn -0.9796 0.1948 -0.0490
vn 0.9756 -0.2149 -0.0444
vn 0.9742 -0.1850 -0.1289
vn 0.9758 -0.2105 -0.0600
vn 0.9334 -0.2933 -0.2069
vn -0.1673 -0.2369 -0.9570
vn -0.2768 -0.2520 -0.9273
vn -0.4642 -0.2314 -0.8550
vn -0.1257 -0.2892 -0.9490
vn 0.2499 -0.6872 0.6821
vn 0.2495 -0.6877 0.6818
vn 0.2492 -0.6885 0.6811
vn 0.2503 -0.6867 0.6825
vn -0.1148 0.9646 0.2373
vn -0.2400 0.9320 0.2715
vn -0.3901 0.8993 0.1975
vn -0.1216 0.9453 0.3027
vn -0.4881 0.8142 0.3145
vn -0.5128 -0.3322 -0.7916
vn -0.6393 -0.2599 -0.7237
vn 0.7615 -0.4697 0.4467
vn 0.7593 -0.4730 0.4469
vn 0.7652 -0.4642 0.4461
vn 0.7551 -0.4793 0.4473
vn -0.5542 0.8301 0.0617
vn -0.3912 0.1114 0.9135
vn -0.4561 -0.8879 -0.0600
vn -0.4562 -0.8879 -0.0601
vn 0.8947 0.2815 -0.3468
vn -0.9362 0.2981 0.1860
vn -0.9220 0.3442 0.1772
vn -0.9627 0.2666 0.0460
vn 0.4436 -0.4589 -0.7698
vn 0.5759 -0.4384 -0.6900
vn 0.4317 -0.4831 -0.7617
vn 0.5814 -0.4213 -0.6961
vn 0.9675 -0.0230 0.2520
vn 0.9498 -0.0129 0.3127
vn 0.9608 -0.0724 0.2676
vn 0.9429 0.0449 0.3301
vn -0.0985 0.5099 0.8546
vn -0.0337 0.4850 0.8739
vn -0.1025 0.4822 0.8700
vn -0.0043 0.4798 0.8774
vn -0.9566 0.2881 0.0434
vn -0.6940 0.7180 0.0532
vn -0.8192 0.5595 0.1259
vn -0.8852 0.4165 0.2074
vn 0.6644 -0.2756 -0.6947
vn 0.6812 0.0281 -0.7315
vn 0.6383 -0.3030 -0.7076
vn 0.5933 -0.4739 -0.6507
vn 0.9496 -0.1065 0.2947
vn 0.9269 -0.0962 0.3627
vn -0.1028 0.4344 0.8948
vn -0.0428 0.3929 0.9186
vn -0.9104 0.3054 0.2793
vn -0.9405 0.2827 0.1884
vn 0.6363 -0.4871 -0.5982
vn 0.6156 -0.4890 -0.6180
vn 0.5357 -0.4706 -0.7012
vn 0.9397 -0.1554 0.3047
vn 0.9157 -0.1093 0.3866
vn -0.1232 0.3824 0.9158
vn -0.0311 0.3550 0.9344
vn -0.9498 0.2819 0.1359
vn -0.9388 0.2934 0.1807
vn -0.9189 0.2879 0.2696
vn 0.5666 -0.4667 -0.6791
vn -0.8020 -0.5310 -0.2735
vn -0.7840 -0.5435 -0.3000
vn -0.7816 -0.4594 -0.4219
vn -0.7895 -0.5010 -0.3544
vn -0.3118 -0.9357 -0.1653
vn 0.0619 -0.7468 0.6622
vn 0.0911 -0.7669 0.6353
vn 0.3223 -0.6695 0.6692
vn -0.1968 -0.7867 0.5851
vn 0.3031 -0.9369 0.1740
vn 0.1871 -0.9823 0.0102
vn 0.3144 -0.9334 0.1730
vn -0.7997 -0.5049 -0.3249
vn -0.8881 -0.0827 0.4522
vn -0.2367 -0.2310 0.9437
vn 0.4055 -0.8593 0.3116
vn -0.0586 -0.9173 0.3937
vn -0.1727 -0.8428 0.5098
vn -0.1529 -0.8567 0.4926
vn -0.2595 -0.7617 0.5937
vn -0.5980 -0.7702 -0.2219
vn 0.8884 0.2865 0.3586
vn 0.8819 0.2695 0.3867
vn 0.8621 0.2469 0.4425
vn -0.4065 0.4960 -0.7673
vn -0.7366 -0.0281 -0.6758
vn -0.3667 0.4304 -0.8248
vn -0.7801 -0.2857 -0.5566
vn 0.8036 0.2185 0.5536
vn 0.2587 0.7956 -0.5479
vn -0.0509 0.5989 -0.7992
vn 0.4606 0.8481 -0.2619
vn -0.2367 0.5189 -0.8214
vn -0.0645 0.5746 -0.8159
vn 0.5466 0.5828 0.6013
vn 0.4318 0.5865 0.6853
vn 0.4179 0.5867 0.6937
vn 0.3116 0.5799 0.7528
vn -0.5989 0.7242 0.3419
vn 0.8993 0.2333 0.3699
vn 0.8809 0.2468 0.4038
vn 0.5598 0.8229 -0.0972
vn 0.6229 0.3732 -0.6876
vn 0.5144 0.1043 -0.8512
vn 0.5717 0.2706 -0.7746
vn -0.3421 0.7298 -0.5919
vn -0.3849 0.6231 -0.6809
vn -0.4627 0.4629 -0.7560
vn -0.1475 0.8778 -0.4558
vn 0.6566 -0.6023 0.4541
vn 0.6779 -0.5954 0.4313
vn 0.6687 -0.6001 0.4389
vn 0.6853 -0.5877 0.4301
vn 0.5968 0.6012 -0.5313
vn -0.7982 -0.0679 0.5986
vn -0.8160 -0.0428 0.5764
vn -0.8065 -0.0565 0.5885
vn 0.4544 0.0751 -0.8876
vn -0.8552 0.4709 -0.2168
vn -0.8574 0.4706 -0.2083
vn -0.8720 0.4672 -0.1457
vn -0.8764 0.4656 -0.1233
vn -0.8059 -0.0474 0.5902
vn -0.8123 -0.0460 0.5814
vn 0.6782 -0.5941 0.4326
vn 0.9216 -0.2413 -0.3039
vn 0.9198 -0.2250 -0.3215
vn 0.9108 -0.1738 -0.3745
vn 0.9047 -0.1491 -0.3990
vn -0.4421 0.4017 -0.8020
vn -0.9981 -0.0541 0.0311
vn -0.9982 -0.0543 0.0256
vn -0.9971 -0.0760 0.0041
vn -0.9982 -0.0310 0.0521
vn 0.4706 -0.2991 -0.8301
vn 0.4776 -0.2939 -0.8279
vn 0.4833 -0.2897 -0.8262
vn 0.4653 -0.3029 -0.8317
vn 0.5150 0.2745 0.8121
vn 0.5344 0.2699 0.8010
vn 0.4945 0.2937 0.8180
vn 0.5554 0.2516 0.7926
vn 0.0212 0.9659 -0.2582
vn 0.0566 -0.9889 0.1371
vn 0.8889 0.0159 -0.4578
vn 0.8232 0.3483 -0.4483
vn 0.5684 0.4477 0.6903
vn 0.4623 -0.2343 0.8552
vn 0.7635 -0.3705 -0.5290
vn 0.5389 -0.5896 0.6016
vn -0.3437 -0.7919 -0.5047
vn -0.3197 -0.8732 0.3678
vn 0.3287 0.9397 -0.0941
vn 0.2910 0.9542 0.0689
vn 0.3633 0.9305 0.0464
vn 0.2937 0.9544 0.0533
vn 0.3355 0.1805 -0.9246
vn 0.3849 0.1780 -0.9056
vn 0.6700 0.1430 -0.7284
vn -0.8492 -0.4548 -0.2685
vn -0.8487 -0.5037 -0.1609
vn -0.2850 -0.1254 0.9503
vn -0.2430 -0.1450 0.9591
vn -0.5357 -0.1039 0.8380
vn -0.6156 -0.0795 0.7840
vn -0.7229 -0.1261 0.6793
vn -0.1628 -0.9143 -0.3709
vn -0.0849 -0.9275 -0.3642
vn -0.0978 -0.9292 -0.3564
vn 0.2474 -0.9684 0.0307
vn 0.2392 -0.9705 0.0287
vn 0.2370 -0.9711 0.0281
vn 0.2312 -0.9725 0.0267
vn -0.9351 -0.3147 0.1629
vn -0.8694 -0.1765 0.4615
vn -0.7095 -0.0215 0.7044
vn 0.4179 0.8955 0.1529
vn 0.4302 0.8936 0.1277
vn 0.3834 0.9211 0.0677
vn 0.4252 0.8939 0.1419
vn 0.6847 0.1711 -0.7084
vn 0.6939 0.0666 -0.7170
vn 0.5841 0.1454 -0.7985
vn 0.8825 0.2034 -0.4240
vn -0.5504 0.7250 -0.4140
vn -0.5315 0.7708 -0.3512
vn -0.5338 0.7576 -0.3757
vn -0.4837 0.8017 -0.3512
vn -0.9322 -0.3040 -0.1963
vn -0.8347 -0.2722 -0.4788
vn -0.7194 -0.3363 -0.6077
vn -0.6603 -0.1517 -0.7355
vn -0.5891 -0.7487 -0.3040
vn -0.5051 0.8220 -0.2629
vn -0.4090 0.8444 -0.3459
vn -0.4254 0.8546 -0.2979
vn -0.4403 0.8172 -0.3718
vn 0.9262 0.3096 0.2150
vn 0.9352 0.3035 -0.1826
vn 0.8401 0.2398 0.4866
vn 0.2361 -0.7058 0.6679
vn 0.1982 -0.7409 0.6417
vn 0.0418 -0.7136 0.6993
vn -0.1487 -0.6854 0.7128
vn -0.4321 -0.5332 0.7273
vn -0.6429 -0.5106 0.5709
vn -0.6777 0.1053 -0.7278
vn -0.6003 -0.0012 -0.7998
vn 0.5089 0.4053 -0.7594
vn 0.8355 0.2662 -0.4807
vn 0.8974 0.1790 -0.4032
vn 0.4942 0.4732 -0.7293
vn 0.7002 0.2794 0.6570
vn 0.6483 0.6597 0.3801
vn 0.7047 0.4438 0.5536
vn -0.5406 0.8003 -0.2593
vn 0.2774 0.3901 -0.8780
vn 0.6747 -0.1044 0.7307
vn 0.6210 -0.0155 0.7837
vn 0.6428 -0.1840 0.7437
vn 0.6126 -0.2425 0.7523
vn 0.6243 -0.2312 0.7462
vn -0.6438 -0.4232 0.6375
vn -0.8005 -0.4031 0.4435
vn 0.6599 -0.5385 -0.5240
vn 0.6853 -0.5366 -0.4923
vn 0.7215 -0.5671 -0.3974
vn 0.6964 -0.5711 -0.4347
vn 0.3799 -0.8929 -0.2416
vn 0.4054 -0.8723 -0.2734
vn 0.3993 -0.8976 -0.1869
vn 0.3745 -0.9146 -0.1525
vn -0.5900 0.2475 -0.7686
vn -0.6139 0.2844 -0.7364
vn 0.9197 0.1475 -0.3638
vn 0.9340 0.1448 -0.3266
vn 0.9104 0.1711 -0.3767
vn -0.7233 0.1287 -0.6784
vn -0.3158 0.5839 -0.7479
vn 0.5338 0.1729 -0.8277
vn -0.6378 -0.7138 -0.2893
vn -0.4210 -0.7934 -0.4397
vn -0.4063 -0.8513 -0.3320
vn 0.9929 0.0434 -0.1105
vn 0.9923 0.0426 -0.1159
vn 0.9933 0.0688 -0.0925
vn 0.9908 0.0183 -0.1344
vn -0.1622 0.9193 -0.3586
vn -0.5391 -0.4390 -0.7188
vn -0.5492 -0.4432 -0.7085
vn -0.5432 -0.4407 -0.7146
vn -0.5536 -0.4450 -0.7039
vn 0.0717 -0.9646 0.2537
vn -0.4276 0.3258 0.8432
vn -0.4087 0.3474 0.8440
vn -0.4477 0.3180 0.8357
vn -0.4675 0.2969 0.8327
vn -0.2551 0.7871 0.5616
vn -0.1084 0.7944 0.5976
vn -0.2892 0.7879 0.5436
vn -0.4236 -0.0271 -0.9054
vn -0.4482 -0.0675 -0.8914
vn -0.4568 -0.0772 -0.8862
vn 0.9789 0.1008 -0.1778
vn 0.9792 0.1134 -0.1684
vn 0.9815 0.1575 -0.1091
vn 0.9704 0.0607 -0.2336
vn -0.4412 0.7528 0.4885
vn -0.9962 0.0640 -0.0598
vn -0.9958 0.0754 -0.0520
vn -0.9923 0.0192 -0.1220
vn -0.9922 0.1239 0.0125
vn 0.3392 -0.0376 -0.9400
vn 0.3264 -0.0404 -0.9444
vn 0.3715 -0.0236 -0.9281
vn 0.2891 -0.0557 -0.9557
vn 0.3177 0.7876 0.5280
vn 0.2315 0.8646 0.4460
vn 0.3303 0.7666 0.5506
vn 0.4141 0.6549 0.6322
vn 0.5482 -0.8123 -0.1990
vn 0.7186 -0.4216 0.5530
vn -0.1289 -0.9900 -0.0580
vn 0.1555 -0.9850 -0.0743
vn -0.6276 -0.4411 0.6415
vn -0.4728 -0.1097 -0.8743
vn -0.5455 -0.8284 -0.1268
vn 0.9809 0.1029 -0.1648
vn 0.9803 0.1459 -0.1332
vn 0.9576 0.0391 -0.2855
vn -0.2905 0.8911 -0.3487
vn -0.2624 0.9128 -0.3130
vn -0.3515 0.8319 -0.4294
vn -0.1916 0.9561 -0.2219
vn -0.1914 0.1613 -0.9682
vn -0.2019 0.1306 -0.9707
vn -0.1998 0.1279 -0.9715
vn 0.9596 0.0067 -0.2812
vn 0.9376 0.0018 -0.3476
vn 0.1450 -0.5035 0.8517
vn 0.1484 -0.3354 0.9303
vn 0.1694 -0.3621 0.9166
vn 0.1322 -0.5949 0.7928
vn 0.1308 -0.7075 0.6945
vn 0.1252 -0.7011 0.7019
vn 0.1696 0.4757 0.8631
vn 0.9825 0.1411 -0.1217
vn -0.9301 -0.2315 -0.2852
vn -0.9303 -0.2580 -0.2608
vn -0.9325 -0.2269 -0.2809
vn -0.8937 -0.4064 -0.1902
vn -0.8651 -0.4757 -0.1589
vn -0.3088 0.4935 0.8131
vn -0.2097 0.1255 0.9697
vn -0.1467 -0.0284 0.9888
vn -0.3158 0.5424 0.7785
vn -0.4794 -0.1480 -0.8650
vn -0.2343 -0.1055 -0.9664
vn -0.4824 -0.0708 -0.8731
vn -0.2279 -0.1414 -0.9634
vn 0.0355 -0.1319 -0.9906
vn 0.1861 0.9194 -0.3465
vn -0.3623 0.9072 -0.2141
vn 0.2074 0.4562 0.8654
vn 0.1230 0.4584 0.8802
vn -0.2094 0.0999 -0.9727
vn 0.7920 0.3443 0.5042
vn -0.1697 0.4705 -0.8659
vn -0.2967 0.0170 -0.9548
vn -0.2690 0.0657 -0.9609
vn -0.1082 0.6226 -0.7750
vn 0.0267 0.8701 -0.4921
vn -0.9687 0.0027 0.2482
vn -0.9414 0.0833 0.3267
vn -0.9417 0.0708 0.3290
vn -0.9764 -0.0137 0.2156
vn -0.9916 -0.0830 0.0992
vn -0.9912 -0.0668 0.1141
vn 0.2795 -0.6009 0.7489
vn 0.3091 -0.3447 0.8864
vn 0.2763 -0.4500 0.8492
vn 0.2959 -0.3042 0.9055
vn 0.2053 0.3877 0.8986
vn 0.2324 0.0950 0.9680
vn 0.6352 -0.0505 0.7707
vn 0.1535 -0.0630 0.9861
vn -0.7426 -0.6665 -0.0661
vn -0.7757 -0.6210 -0.1124
vn -0.7250 -0.6834 -0.0859
vn -0.7902 -0.6060 -0.0909
vn -0.2313 -0.1851 -0.9551
vn -0.3805 -0.0741 -0.9218
vn -0.0878 -0.0625 -0.9942
vn 0.0272 -0.0516 -0.9983
vn 0.6352 -0.6438 -0.4267
vn 0.6639 -0.5802 -0.4719
vn 0.6584 -0.6270 -0.4165
vn 0.3228 -0.0620 0.9444
vn 0.6033 0.1518 0.7829
vn 0.2372 -0.2810 0.9299
vn 0.6850 -0.5655 -0.4594
vn 0.6826 0.4697 0.5599
vn 0.9651 -0.2485 -0.0828
vn 0.7028 -0.2462 -0.6674
vn 0.7175 -0.3540 -0.5999
vn 0.6241 -0.2883 -0.7262
vn 0.7205 -0.1930 -0.6661
vn 0.1206 0.8955 -0.4284
vn 0.2666 0.4758 0.8382
vn 0.2414 -0.6977 0.6745
vn 0.2321 -0.6647 0.7102
vn 0.0043 -0.9842 0.1771
vn 0.0761 -0.9936 0.0833
vn 0.0374 -0.9903 0.1341
vn 0.1552 -0.3902 -0.9076
vn 0.0835 -0.4290 -0.8994
vn 0.1246 -0.4105 -0.9033
vn 0.8780 -0.4515 0.1588
vn 0.5545 0.2375 0.7976
vn 0.7252 0.6673 -0.1696
vn 0.6956 0.7146 -0.0739
vn 0.7302 0.6568 -0.1882
vn -0.0686 0.9960 0.0571
vn -0.0304 0.9992 0.0244
vn -0.0730 0.9957 0.0577
vn 0.0009 0.5432 -0.8396
vn 0.0565 0.5069 -0.8601
vn 0.0735 0.4959 -0.8652
vn 0.0913 0.4845 -0.8700
vn 0.7469 0.6091 -0.2667
vn -0.0438 -0.9702 0.2384
vn -0.8835 0.3877 -0.2629
vn -0.9454 0.3184 0.0700
vn -0.8857 0.4387 -0.1520
vn -0.9175 0.3604 0.1682
vn -0.9202 0.1777 0.3489
vn -0.9468 0.1329 0.2930
vn 0.0287 -0.4593 -0.8878
vn 0.0693 -0.8891 0.4524
vn 0.0714 -0.8916 0.4471
vn 0.0725 -0.8918 0.4465
vn 0.0682 -0.8892 0.4524
vn -0.0113 0.3848 0.9229
vn -0.0927 0.3628 0.9273
vn 0.0172 0.3918 0.9199
vn -0.1192 0.3550 0.9272
vn -0.1132 0.9895 0.0900
vn -0.0461 0.9908 -0.1272
vn -0.0444 0.9923 -0.1155
vn -0.0461 0.9908 -0.1274
vn -0.0444 0.9923 -0.1156
vn -0.0426 0.9937 -0.1037
vn -0.0425 0.9937 -0.1039
vn 0.7832 0.2340 -0.5760
vn 0.7717 0.2404 -0.5888
vn 0.7747 0.2385 -0.5857
vn 0.7808 0.2354 -0.5787
vn -0.1453 0.4640 -0.8738
vn -0.1316 -0.3516 -0.9269
vn 0.4450 -0.4978 -0.7445
vn 0.5320 -0.8182 -0.2180
vn 0.9249 -0.2604 0.2769
vn 0.9194 -0.2638 0.2918
vn 0.9131 -0.2722 0.3037
vn 0.9067 -0.2767 0.3183
vn 0.1419 -0.5221 0.8410
vn -0.7655 -0.3164 0.5603
vn -0.7858 -0.3011 0.5402
vn -0.7750 -0.3087 0.5514
vn -0.5294 -0.8465 -0.0567
vn 0.0447 -0.9913 0.1237
vn -0.6197 -0.5264 -0.5821
vn -0.9302 0.1864 -0.3163
vn -0.9287 0.1884 -0.3195
vn -0.9233 0.1964 -0.3302
vn -0.7537 -0.3259 0.5707
vn -0.9248 0.1939 -0.3272
vn -0.0257 -0.9391 -0.3428
vn -0.2937 -0.9301 -0.2204
vn -0.2422 -0.9448 -0.2206
vn -0.3651 -0.8982 -0.2447
vn -0.3274 -0.9118 -0.2477
vn 0.9954 0.0782 0.0549
vn 0.6095 0.7913 0.0486
vn 0.9692 0.2406 0.0524
vn 0.4269 0.9035 0.0390
vn -0.9182 -0.3845 -0.0953
vn -0.5284 -0.8329 -0.1648
vn -0.4487 -0.8810 -0.1503
vn -0.9459 -0.3196 -0.0559
vn -0.9857 -0.1443 -0.0874
vn -0.0128 0.9897 0.1426
vn -0.0115 0.9931 0.1168
vn 0.0313 0.9936 0.1087
vn 0.0061 0.9984 0.0563
vn 0.1221 0.8209 0.5578
vn 0.0608 0.7332 0.6773
vn 0.0667 0.7434 0.6655
vn 0.0125 0.6522 0.7579
vn -0.7736 0.0516 0.6316
vn -0.8459 0.3097 -0.4342
vn -0.8243 0.1651 -0.5415
vn -0.8283 0.1544 -0.5386
vn -0.9676 -0.1021 -0.2309
vn -0.7703 -0.0152 -0.6374
vn -0.9901 -0.1389 0.0220
vn -0.0210 0.9997 -0.0123
vn -0.3915 -0.6835 0.6161
vn 0.3282 -0.2952 0.8973
vn 0.8987 -0.3920 -0.1966
vn 0.9493 -0.2200 -0.2247
vn 0.9068 -0.3267 -0.2663
vn 0.7666 -0.6304 -0.1217
vn 0.6707 -0.7344 -0.1038
vn 0.5401 -0.8374 -0.0837
vn -0.7566 0.4187 -0.5022
vn 0.0814 0.9930 0.0861
vn -0.5067 -0.4690 -0.7234
vn -0.5683 -0.7196 -0.3990
vn -0.5913 -0.6262 -0.5081
vn 0.8171 0.5250 0.2381
vn 0.8346 0.5048 0.2206
vn 0.8282 0.5112 0.2296
vn 0.8375 0.5044 0.2102
vn 0.8341 0.5061 0.2194
vn 0.9486 -0.1980 -0.2469
vn 0.9409 -0.2157 -0.2613
vn 0.9136 -0.2693 -0.3047
vn 0.2820 -0.4600 -0.8420
vn 0.4301 -0.6125 -0.6632
vn 0.4436 -0.7048 -0.5537
vn 0.4815 -0.7875 -0.3847
vn -0.5514 -0.8032 -0.2256
vn -0.4993 -0.8466 -0.1843
vn -0.9501 -0.3117 -0.0148
vn -0.9527 -0.3035 -0.0129
vn -0.9700 -0.2430 0.0005
vn -0.9752 -0.2212 0.0052
vn -0.7329 0.4936 0.4683
vn -0.7369 0.4953 0.4602
vn -0.7423 0.4858 0.4615
vn -0.7466 0.4804 0.4602
vn -0.7211 0.5045 0.4749
vn 0.4469 -0.8305 -0.3325
vn 0.8988 -0.2943 -0.3248
vn -0.9044 0.0337 0.4254
vn -0.7834 0.0087 0.6214
vn -0.8715 0.0260 0.4897
vn 0.0393 -0.1626 -0.9859
vn -0.0927 -0.2247 -0.9700
vn -0.1497 -0.2503 -0.9565
vn 0.0991 -0.1331 -0.9861
vn 0.8330 0.2292 0.5036
vn 0.9088 0.1587 0.3858
vn 0.9325 0.1300 0.3371
vn 0.7950 0.2572 0.5494
vn -0.7339 0.0003 0.6793
vn -0.8683 0.4529 -0.2026
vn -0.8640 0.4569 -0.2117
vn -0.8634 0.4568 -0.2142
vn -0.1392 -0.7325 0.6664
vn 0.8364 0.5072 0.2077
vn 0.8213 0.5152 0.2449
vn 0.8278 0.5132 0.2267
vn 0.8342 0.5170 0.1921
vn 0.8343 0.5172 0.1909
vn 0.7325 0.5463 -0.4063
vn -0.5113 0.4990 -0.6997
vn 0.0885 -0.9770 -0.1942
vn 0.0762 -0.9889 -0.1274
vn 0.1437 -0.8921 -0.4284
vn 0.0423 -0.9988 0.0241
vn 0.0474 -0.9986 0.0221
vn -0.8663 0.4478 -0.2213
vn -0.8629 0.4587 -0.2121
vn -0.6844 0.5277 0.5032
vn -0.6878 0.5268 0.4994
vn -0.6638 0.5309 0.5268
vn -0.6889 0.5362 0.4878
vn -0.6906 0.5330 0.4888
vn -0.0488 -0.9979 0.0426
vn -0.0504 -0.9976 0.0476
vn -0.1375 -0.9865 -0.0888
vn 0.3623 -0.7378 0.5696
vn 0.7215 0.4386 -0.5358
vn 0.7558 0.4287 -0.4950
vn 0.7354 0.4399 -0.5155
vn 0.7318 0.4373 -0.5226
vn 0.7414 0.4265 -0.5181
vn 0.2271 0.4896 -0.8418
vn -0.1760 -0.9732 -0.1479
vn -0.3078 -0.8875 -0.3429
vn -0.8185 0.5640 -0.1094
vn 0.7957 -0.5518 -0.2497
vn 0.7728 -0.5846 -0.2470
vn 0.7960 -0.5508 -0.2509
vn -0.4403 0.6601 0.6086
vn -0.4489 0.6532 0.6097
vn -0.4964 0.6042 0.6233
vn -0.3885 0.7064 0.5917
vn 0.8174 -0.5177 -0.2525
vn -0.6344 -0.2690 -0.7246
vn 0.6855 -0.5184 -0.5111
vn 0.4917 -0.8633 0.1138
vn 0.4910 -0.8711 -0.0075
vn 0.5105 -0.8567 -0.0745
vn 0.4996 -0.8453 -0.1895
vn 0.5022 -0.8189 -0.2778
vn 0.4995 -0.7986 -0.3358
vn 0.4995 -0.7984 -0.3361
vn 0.3857 -0.8067 0.4478
vn 0.6841 0.2940 0.6675
vn -0.4371 0.5969 0.6728
vn -0.4810 0.8741 -0.0679
vn -0.4892 0.8722 -0.0068
vn -0.4810 0.8741 -0.0678
vn 0.8551 0.5132 -0.0743
vn 0.8618 0.5071 -0.0126
vn 0.8668 0.4924 0.0781
vn 0.8551 0.5132 -0.0742
vn 0.8583 0.4687 0.2089
vn 0.8582 0.4555 0.2365
vn 0.8362 0.4073 0.3674
vn -0.4752 0.8325 0.2848
vn -0.4915 0.8083 0.3240
vn -0.4923 0.8441 0.2124
vn -0.3492 0.7831 -0.5146
vn 0.8972 0.2624 -0.3552
vn -0.5022 0.8319 0.2359
vn -0.8518 -0.5206 0.0586
vn -0.8567 -0.5157 -0.0073
vn -0.8634 -0.4981 -0.0805
vn -0.8456 -0.5337 0.0121
vn -0.8623 -0.4726 -0.1821
vn -0.8487 -0.4540 -0.2714
vn -0.4951 0.8647 0.0849
vn -0.8366 -0.4375 -0.3298
vn -0.8365 -0.4375 -0.3298
vn -0.7354 -0.5038 0.4531
vn 0.4574 0.4875 0.7438
vn 0.4561 0.5012 0.7353
vn 0.4437 0.5604 0.6993
vn 0.4652 0.4281 0.7748
vn -0.6801 -0.6627 -0.3136
vn -0.6941 -0.6340 -0.3410
vn -0.6801 -0.6620 -0.3151
vn -0.6665 -0.6877 -0.2879
vn 0.8881 0.2958 -0.3517
vn 0.8882 0.2958 -0.3517
vn 0.0407 0.7116 0.7014
vn 0.0406 0.7114 0.7016
vn 0.0410 0.7117 0.7013
vn -0.4576 0.6373 -0.6200
vn -0.4577 0.6373 -0.6200
vn -0.0407 -0.7115 -0.7015
vn 0.8882 0.2957 -0.3517
vn 0.4579 -0.6374 0.6198
vn 0.4574 -0.6374 0.6201
vn 0.4573 -0.6375 0.6200
vn 0.0410 0.7116 0.7014
vn -0.8882 -0.2957 0.3516
vn -0.8882 -0.2958 0.3516
vn 0.4577 -0.6376 0.6197
vn -0.9479 -0.0157 0.3183
vn -0.9672 -0.0175 0.2533
vn -0.9792 -0.0288 0.2007
vn -0.9303 0.0035 0.3669
vn -0.4918 0.1005 -0.8649
vn -0.8644 -0.2571 -0.4322
vn 0.0898 -0.0043 -0.9960
vn 0.9595 -0.0851 -0.2685
vn -0.1083 0.9778 0.1793
vn -0.0657 0.9589 -0.2760
vn 0.8630 0.1550 0.4808
vn 0.9165 0.1500 0.3709
vn 0.8935 0.1580 0.4203
vn -0.0880 -0.0144 0.9960
vn 0.0703 -0.9695 0.2350
vn 0.0703 -0.9695 0.2349
vn -0.6397 -0.7441 -0.1929
vn -0.6147 -0.7659 -0.1887
vn -0.6161 -0.7647 -0.1890
vn -0.6014 -0.7769 -0.1865
vn -0.4781 -0.3690 -0.7970
vn -0.4805 -0.3377 -0.8093
vn -0.4787 -0.3625 -0.7997
vn 0.1270 -0.8294 -0.5440
vn 0.1267 -0.8366 -0.5329
vn 0.1273 -0.8241 -0.5519
vn 0.7679 -0.6371 -0.0673
vn 0.7677 -0.6371 -0.0691
vn 0.7648 -0.6368 -0.0977
vn 0.7692 -0.6370 -0.0512
vn 0.8338 0.1698 0.5252
vn 0.6094 0.2044 -0.7661
vn 0.7900 0.4152 -0.4510
vn 0.6824 -0.2506 -0.6867
vn 0.6722 -0.2598 -0.6933
vn 0.6673 -0.2641 -0.6964
vn 0.6436 -0.2845 -0.7106
vn -0.4770 -0.3815 -0.7918
vn -0.7611 0.2689 -0.5903
vn -0.5069 0.4836 0.7136
vn -0.4189 0.5183 0.7456
vn -0.2951 0.5595 0.7745
vn -0.5263 0.4827 0.7000
vn -0.2176 0.5834 0.7825
vn -0.2049 0.5925 0.7790
vn -0.2571 0.5521 0.7932
vn 0.0848 -0.4259 -0.9008
vn 0.0668 -0.3639 -0.9290
vn -0.1210 -0.4309 -0.8943
vn 0.2469 -0.3679 -0.8965
vn -0.1506 -0.5020 -0.8517
vn -0.2233 -0.5145 -0.8279
vn -0.2381 -0.5089 -0.8272
vn -0.1112 -0.4866 -0.8665
vn -0.3134 0.5171 0.7965
vn -0.4151 0.4600 0.7849
vn 0.0060 -0.5843 -0.8115
vn 0.0385 -0.6147 -0.7878
vn -0.4172 0.4047 0.8137
vn -0.3846 0.4119 0.8261
vn 0.0342 -0.6286 -0.7770
vn 0.0593 -0.6237 -0.7794
vn -0.0350 -0.6083 -0.7929
vn -0.2344 0.4542 0.8595
vn -0.3405 0.5145 0.7870
vn 0.0496 -0.5998 -0.7986
vn -0.1398 -0.5908 -0.7946
vn -0.1432 0.4971 0.8558
vn -0.4374 0.5107 0.7402
vn -0.5393 0.4597 0.7056
vn -0.2539 -0.5942 -0.7632
vn -0.3480 -0.2539 0.9025
vn -0.5195 0.8535 0.0401
vn -0.5194 0.8536 0.0401
vn -0.5196 0.8535 0.0401
vn -0.5193 0.8537 0.0400
vn 0.7802 0.4553 0.4290
vn 0.7801 0.4553 0.4291
vn 0.7805 0.4548 0.4288
vn 0.3482 0.2537 -0.9024
vn 0.3479 0.2540 -0.9025
vn 0.3481 0.2539 -0.9024
vn 0.5195 -0.8536 -0.0400
vn 0.5194 -0.8536 -0.0399
vn 0.5192 -0.8537 -0.0399
vn 0.5196 -0.8535 -0.0400
vn 0.7805 0.4551 0.4287
vn -0.7803 -0.4552 -0.4289
vn -0.7805 -0.4551 -0.4287
vn -0.7805 -0.4548 -0.4288
vn -0.7801 -0.4553 -0.4290
vn 0.3483 0.2536 -0.9024
vn -0.2747 0.9364 0.2182
vn -0.2963 0.9511 0.0869
vn -0.3098 0.9429 0.1225
vn -0.3503 0.3996 -0.8471
vn -0.3301 0.3593 -0.8729
vn -0.3457 0.4185 -0.8399
vn -0.3090 0.3132 -0.8980
vn 0.1886 -0.7836 -0.5920
vn 0.1828 -0.7492 -0.6367
vn 0.2271 -0.7768 -0.5873
vn 0.1249 -0.7359 -0.6655
vn 0.4693 -0.6905 0.5504
vn 0.4850 -0.7411 0.4643
vn 0.4914 -0.6619 0.5661
vn 0.4416 -0.7727 0.4559
vn -0.2909 0.9199 0.2631
vn -0.2091 0.9778 0.0161
vn 0.0671 0.9957 -0.0631
vn -0.2215 0.9740 0.0476
vn 0.7836 -0.5598 0.2694
vn 0.6469 -0.6708 0.3626
vn 0.5062 -0.7628 0.4023
vn 0.3853 -0.8266 0.4101
vn -0.3919 0.9149 0.0966
vn -0.4246 0.9045 0.0391
vn -0.3500 0.4032 -0.8455
vn -0.3538 0.3357 -0.8730
vn 0.2020 -0.7774 -0.5956
vn 0.1447 -0.7532 -0.6416
vn 0.3922 -0.7779 0.4910
vn 0.3729 -0.8238 0.4269
vn -0.4174 0.9061 0.0688
vn -0.3666 0.9154 0.1662
vn -0.3986 0.3922 -0.8290
vn -0.3716 0.3110 -0.8747
vn 0.1498 -0.8027 -0.5773
vn 0.1023 -0.7551 -0.6476
vn 0.4069 -0.7455 0.5279
vn 0.4046 -0.7693 0.4944
vn -0.3733 0.9181 0.1333
vn 0.1756 0.6227 0.7625
vn -0.1381 0.6370 0.7584
vn -0.0256 0.6277 0.7780
vn 0.2335 0.4133 -0.8801
vn 0.2584 0.3524 -0.8995
vn 0.3612 0.3933 -0.8455
vn 0.4804 0.4625 -0.7452
vn 0.6039 0.3414 -0.7203
vn 0.2352 0.5236 0.8188
vn 0.3799 0.5401 0.7510
vn -0.6192 -0.7843 -0.0387
vn -0.6172 -0.7860 -0.0360
vn -0.6227 -0.7812 -0.0440
vn -0.6135 -0.7891 -0.0300
vn 0.5926 0.5609 -0.5781
vn 0.6506 -0.5621 -0.5106
vn 0.3679 -0.3869 0.8456
vn -0.9402 0.2512 -0.2299
vn -0.0735 -0.9903 0.1180
vn -0.0732 -0.9902 0.1188
vn -0.0737 -0.9903 0.1174
vn -0.1783 0.5911 0.7866
vn -0.0740 -0.9904 0.1166
vn 0.5911 0.6643 -0.4574
vn 0.5512 0.6899 -0.4692
vn 0.5513 0.6900 -0.4691
vn 0.5990 0.6599 -0.4535
vn 0.5989 0.6590 -0.4551
vn 0.5594 0.6858 -0.4655
vn 0.7435 0.5127 0.4294
vn 0.6675 0.5447 0.5077
vn 0.6229 0.4880 0.6114
vn 0.5517 0.4686 0.6900
vn 0.5467 0.4465 0.7084
vn 0.5064 0.3310 0.7963
vn 0.6138 0.4726 0.6324
vn -0.1574 0.4359 0.8861
vn -0.2584 0.4590 0.8500
vn -0.0667 0.3160 0.9464
vn -0.3468 0.5180 0.7820
vn -0.4612 0.4774 0.7479
vn -0.2778 0.4585 0.8442
vn -0.3645 0.5116 0.7781
vn -0.7005 -0.1948 0.6866
vn -0.6991 -0.1977 0.6872
vn -0.6637 -0.2355 0.7100
vn -0.7349 -0.1538 0.6605
vn -0.5654 -0.6858 0.4583
vn -0.2997 -0.5437 0.7839
vn -0.5959 -0.6679 0.4459
vn -0.3464 -0.7044 0.6196
vn -0.1440 -0.4386 0.8871
vn 0.7762 -0.4514 0.4402
vn 0.5537 -0.3935 0.7339
vn 0.5354 -0.6955 0.4792
vn 0.5805 -0.2265 0.7821
vn 0.5843 -0.2295 0.7784
vn -0.1272 -0.2427 0.9617
vn -0.1128 -0.2537 0.9607
vn 0.9496 -0.1605 0.2694
vn 0.9425 -0.1429 0.3023
vn 0.8968 -0.3982 0.1930
vn 0.6894 -0.0292 -0.7238
vn 0.6409 -0.0618 -0.7651
vn 0.6886 -0.0281 -0.7246
vn 0.7347 0.0047 -0.6784
vn 0.3593 -0.2833 -0.8892
vn 0.6152 -0.4822 -0.6237
vn 0.5615 -0.5017 -0.6580
vn 0.6944 -0.6749 0.2496
vn 0.2564 -0.9364 -0.2397
vn 0.0260 -0.9984 0.0500
vn -0.0079 -0.9734 -0.2290
vn -0.2643 -0.9455 -0.1902
vn -0.0266 -0.8736 -0.4858
vn -0.5257 -0.4096 -0.7455
vn -0.7244 -0.4934 -0.4814
vn -0.7830 -0.2605 -0.5648
vn -0.9150 -0.2765 -0.2939
vn -0.9507 -0.0753 -0.3008
vn -0.9402 -0.0415 -0.3382
vn -0.6267 0.1078 -0.7717
vn -0.5605 -0.1159 -0.8200
vn -0.6625 0.1499 -0.7339
vn 0.2076 0.1449 -0.9674
vn 0.1914 -0.1501 -0.9700
vn 0.2198 0.2192 -0.9506
vn 0.2143 0.4246 -0.8797
vn -0.6329 0.3944 -0.6663
vn -0.7756 0.6240 -0.0956
vn -0.7639 0.6364 -0.1074
vn -0.7624 0.6379 -0.1089
vn -0.7514 0.6490 -0.1194
vn 0.3415 -0.4380 -0.8316
vn -0.7405 0.0794 -0.6673
vn -0.6931 0.0196 -0.7206
vn -0.7780 -0.1373 -0.6130
vn -0.6486 0.1231 -0.7511
vn 0.8639 -0.4690 -0.1837
vn 0.8662 -0.4667 -0.1783
vn 0.8460 -0.4952 -0.1978
vn 0.8824 -0.4410 -0.1639
vn -0.0186 0.3583 0.9334
vn -0.1211 0.3034 0.9451
vn -0.0873 0.2006 0.9758
vn -0.1002 0.2909 0.9515
vn -0.1761 0.0156 0.9842
vn -0.1096 0.0644 0.9919
vn -0.1208 -0.2492 0.9609
vn -0.7289 -0.1442 -0.6692
vn -0.7568 -0.3127 -0.5740
vn -0.0194 -0.7556 -0.6547
vn 0.2979 -0.6925 0.6570
vn -0.8259 0.2233 0.5178
vn 0.9785 0.0348 -0.2034
vn 0.9491 -0.1734 -0.2629
vn 0.9644 -0.1027 -0.2438
vn 0.9780 0.1016 -0.1821
vn 0.3564 0.9252 -0.1305
vn 0.2201 -0.0461 0.9744
vn 0.0476 0.1548 0.9868
vn 0.0930 0.0784 0.9926
vn 0.7099 0.4572 -0.5357
vn 0.6992 0.4084 -0.5869
vn 0.7769 0.3343 -0.5336
vn 0.8789 0.2795 -0.3866
vn 0.9030 0.1214 -0.4122
vn 0.2277 -0.1704 0.9587
vn 0.3546 -0.2283 0.9067
vn -0.8893 -0.1187 -0.4417
vn -0.8901 -0.1262 -0.4380
vn -0.8876 -0.1037 -0.4487
vn -0.8915 -0.1416 -0.4303
vn 0.9675 0.2355 -0.0918
vn 0.1320 -0.6731 -0.7277
vn -0.3385 -0.8610 0.3796
vn -0.2264 0.9717 0.0681
vn -0.7027 -0.5697 -0.4262
vn -0.7040 -0.5659 -0.4291
vn -0.7055 -0.5760 -0.4130
vn 0.0076 0.1510 0.9885
vn -0.7037 -0.5810 -0.4089
vn 0.6406 -0.4498 -0.6223
vn 0.5988 -0.4571 -0.6576
vn 0.5981 -0.4572 -0.6582
vn 0.6414 -0.4497 -0.6216
vn 0.2484 0.3516 0.9026
vn 0.2740 0.3424 0.8987
vn 0.2745 0.3422 0.8986
vn 0.2479 0.3518 0.9027
vn -0.5831 -0.7193 -0.3777
vn -0.7115 -0.6614 0.2372
vn -0.6963 0.2499 -0.6728
vn -0.9995 -0.0319 0.0010
vn -0.6332 0.7335 -0.2468
vn -0.9902 0.1042 0.0933
vn -0.6104 0.7559 0.2368
vn -0.9793 0.0700 0.1900
vn -0.9825 0.0172 0.1855
vn -0.9753 -0.1196 0.1858
vn 0.0803 -0.8931 0.4427
vn 0.0804 -0.8931 0.4427
vn -0.0455 -0.9227 -0.3828
vn -0.1019 -0.9265 -0.3623
vn -0.0540 -0.9235 -0.3798
vn 0.9899 -0.0160 -0.1407
vn 0.9869 0.0570 -0.1510
vn 0.6363 0.7673 0.0801
vn 0.0460 0.9685 0.2446
vn 0.9940 0.0490 -0.0979
vn 0.9929 0.1101 -0.0459
vn 0.9903 0.0540 -0.1283
vn 0.5985 0.7059 -0.3788
vn 0.5024 0.2625 -0.8238
vn 0.9942 0.0017 -0.1079
vn 0.5104 -0.6919 -0.5106
vn 0.7149 -0.6722 0.1923
vn 0.7682 0.0876 -0.6342
vn 0.7186 -0.0136 -0.6953
vn 0.7286 -0.0518 -0.6830
vn -0.1088 0.9386 0.3274
vn 0.0689 0.9000 0.4304
vn -0.7759 0.5887 0.2269
vn -0.9931 -0.0375 0.1110
vn -0.9802 -0.0331 0.1953
vn -0.9483 -0.0244 0.3165
vn -0.0400 -0.9356 -0.3508
vn -0.0427 -0.9365 -0.3480
vn -0.0450 -0.9373 -0.3457
vn -0.0367 -0.9345 -0.3540
vn 0.8954 -0.0047 -0.4452
vn 0.9922 -0.0178 -0.1230
vn 0.9912 -0.1326 -0.0002
vn -0.1891 -0.0157 -0.9818
vn -0.2465 -0.0518 -0.9678
vn -0.2883 -0.0781 -0.9543
vn -0.1558 0.0046 -0.9878
vn -0.9635 -0.0424 0.2645
vn -0.1103 -0.9268 -0.3591
vn 0.9225 0.0436 0.3836
vn 0.9452 0.0731 0.3181
vn 0.0823 0.8587 0.5058
vn 0.0349 0.8878 0.4589
vn -0.9166 -0.0066 0.3998
vn -0.9037 -0.0111 0.4280
vn 0.8111 -0.5834 0.0421
vn 0.8098 -0.5852 0.0421
vn 0.9260 -0.2968 0.2333
vn -0.0559 0.3443 0.9372
vn 0.0359 0.2463 0.9685
vn 0.0244 0.2590 0.9656
vn 0.0646 0.2147 0.9746
vn -0.7703 -0.5543 0.3153
vn -0.8115 -0.2573 0.5247
vn -0.7672 -0.5547 0.3220
vn -0.8091 -0.1885 0.5566
vn 0.9562 0.0009 0.2927
vn -0.7209 0.1599 0.6744
vn -0.7215 0.1594 0.6738
vn 0.1170 -0.6973 0.7072
vn 0.1173 -0.6975 0.7069
vn 0.1180 -0.6979 0.7064
vn 0.1168 -0.6972 0.7073
vn 0.9353 -0.1359 0.3267
vn 0.8399 0.1883 0.5091
vn 0.8506 0.1940 0.4887
vn 0.1458 0.1927 0.9704
vn -0.2137 -0.1920 -0.9578
vn 0.1436 0.1927 0.9707
vn -0.2098 -0.1921 -0.9587
vn -0.1213 0.7945 -0.5950
vn -0.0793 0.7886 -0.6097
vn -0.0529 -0.7687 0.6374
vn -0.0484 -0.7664 0.6406
vn -0.8021 0.3499 -0.4839
vn -0.7178 0.4143 -0.5595
vn -0.7270 0.4773 -0.4936
vn -0.6631 0.3757 -0.6474
vn 0.7632 -0.3310 -0.5549
vn 0.9140 -0.3680 -0.1710
vn 0.7461 -0.1121 -0.6564
vn 0.9040 -0.4275 0.0020
vn 0.7901 -0.4331 0.4338
vn 0.7259 -0.4669 0.5050
vn 0.7302 -0.4734 0.4927
vn 0.8612 -0.4536 0.2293
vn -0.7886 0.1693 0.5911
vn -0.7685 0.0559 0.6374
vn -0.7988 0.0935 0.5942
vn -0.7846 0.1660 0.5974
vn -0.8456 0.0831 0.5273
vn -0.6738 0.5891 -0.4460
vn -0.6322 0.6116 -0.4757
vn -0.6144 0.6238 -0.4831
vn -0.6270 0.6180 -0.4744
vn -0.8813 0.1242 0.4560
vn -0.8686 0.1528 0.4714
vn -0.8822 0.1847 0.4332
vn 0.7993 -0.5275 0.2877
vn 0.7749 -0.5112 0.3718
vn 0.8000 -0.5262 0.2882
vn 0.7956 0.0254 -0.6053
vn 0.7694 0.0564 -0.6363
vn 0.7647 0.0874 -0.6385
vn 0.8051 -0.5427 0.2395
vn 0.7727 0.0807 -0.6297
vn -0.4389 0.1401 0.8875
vn -0.2095 -0.0405 0.9770
vn -0.0292 -0.0766 0.9966
vn 0.7571 0.3356 0.5605
vn 0.8523 0.1982 0.4841
vn 0.9414 -0.0172 0.3370
vn -0.7696 -0.6343 0.0728
vn -0.8950 0.0278 -0.4453
vn -0.8837 0.0889 -0.4596
vn -0.9193 -0.3925 -0.0281
vn 0.8986 -0.2237 -0.3774
vn 0.8026 0.1072 -0.5868
vn 0.7992 0.1425 -0.5840
vn 0.8110 -0.5731 -0.1172
vn -0.3827 0.2124 0.8991
vn 0.3707 -0.1373 0.9186
vn -0.4625 0.4464 0.7661
vn 0.0136 -0.1299 0.9914
vn -0.2571 -0.1295 0.9577
vn -0.8411 0.2035 -0.5012
vn -0.8256 0.2133 -0.5224
vn -0.7756 0.3267 -0.5401
vn 0.7468 -0.6556 0.1119
vn 0.7656 -0.6276 0.1414
vn 0.7903 -0.5935 0.1522
vn 0.7141 -0.6933 0.0967
vn -0.7267 -0.6614 0.1854
vn -0.6977 -0.6700 0.2537
vn -0.7105 -0.6724 0.2078
vn 0.5411 0.1185 -0.8326
vn 0.6547 -0.0517 -0.7541
vn 0.6755 0.0820 -0.7328
vn 0.7104 0.2617 -0.6534
vn 0.5431 0.4917 -0.6807
vn 0.6760 0.3032 -0.6716
vn 0.8015 0.4139 0.4316
vn 0.7173 0.5558 0.4202
vn 0.7961 0.4550 0.3989
vn 0.0803 0.6389 0.7651
vn 0.5060 -0.2261 0.8323
vn -0.6788 -0.6836 0.2683
vn -0.0267 0.9527 -0.3029
vn -0.0291 0.9536 -0.2997
vn -0.0285 0.9534 -0.3005
vn -0.0649 0.1720 -0.9829
vn -0.0649 0.1722 -0.9829
vn -0.0650 0.1722 -0.9829
vn -0.0648 0.1720 -0.9830
vn 0.7964 0.1670 -0.5812
vn 0.7369 -0.0207 -0.6757
vn 0.8385 0.3679 0.4020
vn 0.8528 0.4074 0.3269
vn 0.0355 0.6675 0.7438
vn 0.0359 0.6681 0.7432
vn 0.0357 0.6678 0.7435
vn -0.0308 0.9543 -0.2973
vn 0.0360 0.6684 0.7429
vn -0.7952 0.3471 0.4971
vn -0.8174 0.3812 0.4319
vn -0.6800 0.5662 0.4658
vn -0.7922 -0.1520 0.5910
vn -0.8063 -0.5557 0.2027
vn 0.0325 -0.9630 0.2675
vn 0.0650 -0.2486 0.9664
vn 0.8647 -0.1251 0.4864
vn 0.8430 -0.5289 0.0985
vn 0.8108 -0.3843 -0.4415
vn -0.0325 -0.7144 -0.6990
vn -0.8470 -0.4112 -0.3368
vn -0.8680 0.1405 -0.4762
vn -0.8160 -0.0393 -0.5768
vn -0.7326 0.1366 -0.6668
vn -0.6481 0.1101 -0.7536
vn -0.6999 0.5177 0.4921
vn -0.4472 0.8040 0.3920
vn -0.2233 0.1370 0.9651
vn -0.3934 0.3813 -0.8366
vn 0.5948 0.4772 0.6469
vn 0.6828 0.5718 0.4548
vn 0.6878 0.5974 0.4124
vn -0.7438 0.2389 -0.6242
vn -0.7820 0.3371 -0.5243
vn -0.7356 0.4691 -0.4887
vn -0.7493 0.5612 -0.3516
vn 0.2233 -0.9566 0.1872
vn 0.0667 -0.9941 0.0855
vn 0.3467 -0.9319 0.1060
vn -0.1049 -0.9833 0.1487
vn 0.7135 0.6558 0.2467
vn 0.7146 0.5904 0.3751
vn -0.9846 0.1679 0.0486
vn -0.9753 0.0555 0.2140
vn -0.8956 -0.0021 0.4448
vn -0.9943 0.1029 -0.0278
vn 0.4252 -0.8127 -0.3983
vn 0.4135 -0.8288 -0.3771
vn 0.3391 -0.8693 -0.3596
vn 0.5046 -0.7559 -0.4172
vn 0.8639 0.4452 0.2354
vn 0.8586 0.4186 0.2959
vn -0.8278 -0.1875 0.5287
vn -0.6950 -0.2579 0.6711
vn 0.3035 -0.2251 -0.9259
vn 0.0160 -0.2122 -0.9771
vn 0.1297 -0.0921 -0.9873
vn 0.1160 -0.2954 -0.9483
vn 0.9027 0.4286 0.0370
vn 0.8897 0.4523 0.0623
vn -0.5916 -0.4072 0.6958
vn -0.4645 -0.4824 0.7427
vn -0.0491 0.0177 -0.9986
vn -0.0895 0.0585 -0.9943
vn 0.8330 0.5319 -0.1521
vn 0.7117 0.7021 -0.0218
vn -0.5014 -0.5673 0.6533
vn -0.5929 -0.5318 0.6047
vn -0.2469 0.0430 -0.9681
vn -0.3013 0.1654 -0.9391
vn 0.5624 0.8167 -0.1290
vn -0.4594 -0.7567 0.4651
vn -0.4647 -0.7751 0.4280
vn -0.4652 -0.7749 0.4280
vn -0.4628 -0.8444 0.2699
vn -0.1076 0.3483 -0.9312
vn -0.2292 0.3960 -0.8892
vn -0.1929 0.3918 -0.8996
vn -0.1269 0.2845 -0.9502
vn -0.2300 0.3414 -0.9113
vn -0.1584 0.2919 -0.9432
vn 0.5257 0.4681 -0.7103
vn 0.5701 0.3385 -0.7486
vn 0.4147 0.5502 -0.7248
vn 0.6701 0.2381 -0.7030
vn 0.9441 0.2278 -0.2381
vn 0.9600 0.1327 -0.2464
vn 0.9358 0.2410 -0.2572
vn -0.5500 0.6337 0.5441
vn -0.6767 0.4955 0.5446
vn -0.7384 0.4867 0.4667
vn -0.5258 0.5484 0.6502
vn -0.4998 0.5538 0.6659
vn -0.4755 0.4381 0.7629
vn 0.6272 -0.7222 0.2917
vn 0.5978 -0.7826 0.1735
vn -0.0080 -0.9917 0.1280
vn -0.1298 -0.9529 0.2741
vn -0.0474 -0.9987 0.0205
vn -0.0912 -0.9140 0.3953
vn -0.2425 -0.7333 -0.6352
vn -0.4720 -0.8538 -0.2198
vn -0.5209 -0.8417 -0.1423
vn -0.4367 -0.7080 -0.5550
vn 0.9028 0.3532 -0.2454
vn 0.9465 -0.0763 0.3136
vn 0.9604 -0.1340 0.2444
vn 0.9181 -0.1281 0.3751
vn -0.9117 0.2848 -0.2961
vn -0.8492 0.4530 0.2713
vn -0.8287 0.2767 -0.4866
vn -0.8094 0.5867 0.0265
vn -0.3731 0.5813 -0.7231
vn -0.8036 0.5770 0.1461
vn 0.7633 -0.3771 0.5246
vn 0.7893 -0.3989 0.4667
vn 0.6594 -0.5597 -0.5020
vn 0.7118 -0.6020 0.3618
vn 0.7075 -0.4796 -0.5191
vn 0.9170 -0.2449 0.3149
vn -0.0024 0.1428 -0.9897
vn -0.0623 0.3029 -0.9510
vn 0.2060 0.3473 -0.9148
vn 0.7229 0.4990 0.4778
vn 0.5762 0.6325 0.5176
vn 0.5573 0.6063 0.5673
vn 0.4642 0.6479 0.6039
vn 0.0764 -0.5570 0.8270
vn 0.2305 -0.5390 0.8102
vn 0.2607 -0.5267 0.8091
vn 0.0839 -0.5661 0.8200
vn -0.4336 -0.5839 0.6863
vn -0.4484 -0.5367 0.7148
vn -0.3797 0.6259 0.6812
vn -0.4288 0.6548 0.6223
vn -0.4013 0.7005 0.5901
vn -0.5749 0.5404 0.6144
vn -0.4785 -0.4795 0.7356
vn -0.5578 -0.5640 0.6088
vn -0.5134 -0.5819 0.6307
vn -0.5931 -0.5351 0.6015
vn 0.4967 0.8678 -0.0148
vn 0.5056 0.8549 -0.1162
vn -0.7726 0.3494 -0.5301
vn -0.0970 0.6720 -0.7342
vn -0.0963 0.6720 -0.7342
vn -0.0357 0.6715 -0.7402
vn -0.1574 0.6701 -0.7254
vn 0.4987 -0.3226 0.8045
vn 0.5883 -0.4603 0.6648
vn 0.5280 -0.3236 0.7852
vn -0.2959 -0.3205 0.8999
vn -0.3324 -0.3221 0.8864
vn -0.4254 -0.4475 0.7866
vn 0.8019 -0.3486 0.4852
vn 0.6268 -0.5890 0.5102
vn 0.6622 0.3300 -0.6728
vn -0.8248 0.2870 0.4872
vn -0.5960 0.8013 -0.0525
vn 0.3907 0.7440 0.5421
vn -0.4012 0.3575 -0.8434
vn -0.0909 0.2373 -0.9672
vn 0.1866 0.1725 -0.9672
vn 0.9122 -0.3992 0.0922
vn 0.8567 -0.4654 0.2223
vn 0.7899 -0.5410 0.2888
vn 0.9528 -0.2995 0.0487
vn 0.2401 -0.9625 -0.1265
vn 0.2280 -0.9662 -0.1203
vn 0.0505 -0.9953 -0.0830
vn -0.0482 -0.9960 -0.0759
vn -0.1985 -0.9763 -0.0865
vn -0.1825 -0.9778 -0.1034
vn -0.8612 -0.4793 0.1695
vn -0.8615 -0.4412 0.2514
vn -0.6449 0.4788 0.5957
vn -0.3433 0.0505 -0.9379
vn -0.0778 -0.1437 -0.9866
vn 0.0804 0.3462 -0.9347
vn 0.5462 -0.1855 0.8168
vn -0.8521 0.4876 -0.1904
vn -0.0066 -0.9947 0.1024
vn 0.9702 0.1732 0.1698
vn 0.9904 0.1314 -0.0424
vn -0.9977 0.0664 -0.0159
vn 0.1011 -0.1762 -0.9792
vn 0.1016 -0.1774 -0.9789
vn 0.1012 -0.1765 -0.9791
vn 0.1018 -0.1778 -0.9788
vn -0.9740 0.0168 -0.2259
vn -0.9933 -0.0584 -0.0995
vn -0.9933 -0.0582 -0.0994
vn -0.9933 -0.0590 -0.0996
vn -0.2902 -0.1431 -0.9462
vn 0.9949 0.0525 0.0860
vn 0.9949 0.0518 0.0863
vn 0.9949 0.0523 0.0861
vn 0.9949 0.0516 0.0864
vn 0.5589 0.1329 0.8185
vn 0.5569 0.1334 0.8198
vn 0.5563 0.1245 0.8216
vn -0.9941 -0.0563 -0.0930
vn -0.9944 -0.0561 -0.0894
vn -0.9941 -0.0563 -0.0929
vn -0.0998 0.1320 0.9862
vn -0.0999 0.1320 0.9862
vn 0.9939 0.0598 0.0931
vn 0.9935 0.0604 0.0964
vn 0.9935 0.0603 0.0962
vn 0.9939 0.0597 0.0930
vn 0.0996 -0.1274 -0.9868
vn 0.0997 -0.1274 -0.9868
vn -0.7111 0.0623 0.7003
vn -0.7115 0.0548 0.7006
vn -0.7095 0.0627 0.7019
vn -0.7131 0.0544 0.6989
vn -0.0997 0.1261 0.9870
vn -0.0997 0.1262 0.9870
vn -0.0994 0.1265 0.9870
vn -0.1000 0.1258 0.9870
vn 0.5544 0.1250 0.8228
vn -0.9944 -0.0560 -0.0892
vn 0.2952 -0.1180 -0.9481
vn -0.9933 -0.0593 -0.0997
vn 0.2388 0.7966 -0.5554
vn -0.2536 -0.7894 0.5590
vn -0.6672 -0.2044 -0.7163
vn -0.6689 -0.2063 -0.7141
vn -0.6753 -0.2033 -0.7090
vn -0.6607 -0.2075 -0.7214
vn -0.6392 -0.1691 -0.7502
vn -0.6422 -0.1678 -0.7479
vn -0.2103 -0.8835 0.4186
vn 0.9905 -0.1209 0.0659
vn 0.9905 -0.1209 0.0660
vn -0.2159 0.1251 0.9684
vn -0.2141 0.1177 0.9697
vn -0.2033 0.1346 0.9698
vn -0.2262 0.1079 0.9681
vn -0.9723 0.1311 -0.1933
vn 0.1298 -0.2512 0.9592
vn 0.1298 -0.2513 0.9592
vn 0.1299 -0.2511 0.9592
vn 0.2803 -0.2839 0.9170
vn 0.3499 -0.2944 0.8893
vn 0.2136 -0.2720 0.9383
vn 0.3587 -0.2943 0.8858
vn 0.3014 -0.2851 0.9099
vn 0.2437 -0.2764 0.9296
vn 0.2437 -0.2764 0.9297
vn -0.6183 -0.0362 0.7851
vn -0.6186 -0.0365 0.7848
vn 0.1299 -0.2515 0.9591
vn 0.2137 -0.2717 0.9384
vn 0.2257 -0.1746 0.9584
vn 0.2270 -0.1708 0.9588
vn 0.9454 -0.1606 -0.2835
vn 0.0382 0.7179 0.6951
vn 0.0423 0.7120 0.7009
vn 0.0405 0.7191 0.6937
vn 0.0402 0.7105 0.7025
vn 0.9335 0.2250 -0.2794
vn 0.9334 0.2249 -0.2795
vn -0.9423 -0.2787 0.1852
vn -0.9423 -0.2787 0.1854
vn 0.9801 -0.1389 0.1417
vn 0.9801 -0.1389 0.1418
vn -0.2089 0.1399 0.9679
vn -0.2091 0.1306 0.9691
vn -0.2061 0.1402 0.9684
vn -0.2121 0.1297 0.9686
vn -0.9663 0.1612 -0.2008
vn -0.9662 0.1612 -0.2010
vn -0.1099 0.6016 -0.7912
vn -0.1098 0.6009 -0.7918
vn -0.1097 0.6003 -0.7922
vn -0.1096 0.5997 -0.7927
vn 0.4386 -0.1482 -0.8864
vn 0.4653 -0.2011 -0.8620
vn 0.4894 -0.2454 -0.8368
vn 0.4259 -0.1215 -0.8966
vn 0.4581 -0.1817 -0.8701
vn 0.4256 -0.1217 -0.8967
vn 0.4918 -0.2535 -0.8330
vn 0.4469 -0.1740 -0.8775
vn 0.4457 -0.1756 -0.8778
vn 0.4452 -0.1763 -0.8779
vn 0.4474 -0.1733 -0.8774
vn 0.4935 -0.0551 -0.8680
vn 0.4963 -0.0528 -0.8665
vn 0.4382 -0.8308 0.3431
vn 0.5732 -0.8113 0.1149
vn 0.4410 0.2992 -0.8462
vn 0.4401 0.3031 -0.8452
vn 0.4445 0.3099 -0.8405
vn 0.4364 0.2924 -0.8509
vn -0.5895 0.8038 -0.0796
vn 0.7497 0.5115 -0.4200
vn -0.0547 -0.9895 0.1338
vn -0.9327 0.0900 -0.3492
vn -0.7730 -0.5675 0.2836
vn -0.7942 0.0203 0.6074
vn -0.7428 -0.6259 0.2378
vn -0.9014 0.1603 0.4023
vn -0.9727 -0.1958 -0.1244
vn -0.9712 -0.0507 -0.2329
vn -0.9361 0.0799 -0.3425
vn -0.6574 0.4969 -0.5664
vn -0.5397 0.5905 -0.6000
vn -0.4059 0.6718 -0.6196
vn -0.2655 0.7351 -0.6238
vn -0.9270 0.1066 -0.3596
vn -0.2723 -0.8114 0.5172
vn 0.2719 0.8113 -0.5176
vn 0.0712 0.3427 0.9368
vn 0.0697 0.3461 0.9356
vn -0.9068 -0.3851 0.1716
vn 0.9434 0.1941 -0.2688
vn 0.0449 0.6929 0.7196
vn 0.0523 0.7033 0.7090
vn 0.0489 0.7079 0.7046
vn 0.0566 0.7176 0.6941
vn -0.9432 -0.3129 0.1112
vn -0.9433 -0.3129 0.1111
vn 0.9738 0.1589 -0.1624
vn -0.9881 -0.0348 0.1501
vn -0.9881 -0.0346 0.1499
vn -0.9880 -0.0352 0.1503
vn -0.4440 -0.7469 -0.4949
vn 0.9876 0.0209 -0.1553
vn 0.9878 0.0207 -0.1546
vn 0.9877 0.0208 -0.1551
vn 0.9878 0.0206 -0.1544
vn 0.6859 0.6247 0.3732
vn 0.6872 0.6278 0.3657
vn 0.6855 0.6289 0.3669
vn -0.9885 -0.0252 0.1490
vn -0.9883 -0.0229 0.1510
vn -0.9885 -0.0251 0.1491
vn 0.0697 0.7973 0.5995
vn 0.0698 0.7973 0.5995
vn 0.9881 0.0274 -0.1516
vn 0.9883 0.0304 -0.1496
vn 0.9883 0.0305 -0.1495
vn 0.9881 0.0275 -0.1515
vn -0.0704 -0.7945 -0.6032
vn -0.5744 0.5948 0.5624
vn -0.5742 0.5887 0.5690
vn -0.5725 0.5958 0.5632
vn -0.5762 0.5876 0.5681
vn 0.0706 0.7938 0.6041
vn 0.0706 0.7937 0.6042
vn 0.0703 0.7935 0.6045
vn 0.0708 0.7940 0.6038
vn 0.6842 0.6258 0.3744
vn -0.9883 -0.0225 0.1512
vn 0.1326 -0.7746 -0.6183
vn -0.9880 -0.0354 0.1504
vn -0.9852 0.1103 0.1312
vn -0.0639 -0.8253 -0.5611
vn -0.0632 -0.8260 -0.5601
vn -0.0637 -0.8255 -0.5608
vn -0.0629 -0.8263 -0.5598
vn -0.9976 -0.0690 0.0018
vn 0.9554 -0.0168 -0.2949
vn -0.5796 -0.2675 -0.7697
vn -0.5824 -0.2672 -0.7677
vn -0.5834 -0.2673 -0.7670
vn -0.5781 -0.2678 -0.7708
vn -0.1545 0.5867 -0.7949
vn -0.1539 0.5870 -0.7948
vn -0.1552 0.5864 -0.7950
vn -0.1530 0.5874 -0.7947
vn -0.5725 -0.2469 -0.7819
vn -0.5846 -0.3026 -0.7528
vn -0.5934 -0.3589 -0.7205
vn -0.5914 -0.3515 -0.7257
vn -0.5789 -0.2845 -0.7641
vn -0.5649 -0.2197 -0.7954
vn -0.5652 -0.2196 -0.7952
vn 0.1532 0.5762 0.8028
vn 0.5163 0.7612 0.3924
vn 0.3308 0.7423 0.5827
vn 0.3145 0.7609 0.5676
vn 0.2685 0.8085 0.5236
vn 0.1768 0.8846 0.4315
vn 0.3969 0.4921 0.7748
vn -0.4735 -0.7584 -0.4480
vn 0.0063 -0.8601 0.5100
vn -0.2830 -0.8738 0.3954
vn -0.3534 -0.8158 0.4578
vn -0.3415 -0.8265 0.4474
vn -0.4678 -0.6880 0.5548
vn -0.2113 -0.8563 -0.4713
vn -0.2237 0.8154 -0.5339
vn -0.1215 0.5463 -0.8288
vn -0.1918 0.5473 -0.8147
vn -0.1383 0.4937 -0.8586
vn -0.1091 0.6308 -0.7682
vn -0.3153 0.4493 -0.8359
vn 0.0317 0.8150 -0.5786
vn 0.2755 -0.4928 0.8254
vn 0.0572 0.4054 0.9124
vn 0.0407 0.4143 0.9092
vn -0.1301 0.4979 0.8574
vn 0.1361 0.3603 0.9229
vn 0.3700 0.5068 0.7786
vn -0.0022 -0.4992 0.8665
vn -0.2348 -0.7534 0.6142
vn 0.2617 0.7693 -0.5829
vn -0.6630 -0.1741 -0.7281
vn -0.6533 -0.1762 -0.7364
vn -0.6632 -0.1768 -0.7272
vn -0.6731 -0.1748 -0.7186
vn 0.4261 0.3220 -0.8454
vn 0.4269 0.3346 -0.8401
vn 0.4289 0.3338 -0.8394
vn 0.4293 0.3469 -0.8339
vn 0.5679 -0.8022 0.1845
vn -0.6104 0.7851 -0.1046
vn 0.0173 0.8511 -0.5247
vn 0.9900 0.0510 0.1314
vn 0.9899 0.0513 0.1319
vn 0.9885 0.0558 0.1405
vn 0.9884 0.0560 0.1409
vn 0.3005 -0.8595 0.4134
vn 0.4194 -0.8670 0.2691
vn 0.6031 -0.7764 0.1828
vn 0.8110 -0.5792 0.0819
vn 0.8920 -0.4238 0.1571
vn 0.9949 -0.0716 0.0710
vn 0.9987 -0.0032 0.0508
vn 0.9992 -0.0071 0.0384
vn 0.7041 0.6746 0.2216
vn 0.3259 0.9332 0.1512
vn 0.6446 0.7029 0.3008
vn 0.0840 0.9718 -0.2202
vn 0.9875 0.0687 0.1422
vn -0.0567 0.8058 -0.5895
vn -0.0464 -0.8159 0.5763
vn 0.7047 0.6765 0.2140
vn 0.1801 0.2788 0.9433
vn 0.1801 0.2787 0.9434
vn 0.1801 0.2786 0.9434
vn 0.1801 0.2789 0.9433
vn 0.7748 0.4531 0.4408
vn 0.7747 0.4532 0.4409
vn 0.7747 0.4530 0.4412
vn 0.7745 0.4533 0.4412
vn 0.0699 0.2378 0.9688
vn 0.0139 0.2135 0.9768
vn -0.0437 0.1888 0.9810
vn -0.0355 0.1932 0.9805
vn 0.0333 0.2240 0.9740
vn 0.0981 0.2513 0.9629
vn 0.0981 0.2510 0.9630
vn -0.9526 0.1153 -0.2815
vn -0.9645 0.1442 -0.2213
vn -0.9528 0.1158 -0.2806
vn -0.9647 0.1446 -0.2203
vn 0.2487 0.7832 0.5698
vn 0.4379 0.8420 0.3151
vn 0.3463 0.8216 0.4528
vn 0.5010 0.8465 0.1801
vn 0.5043 0.8442 0.1817
vn 0.9240 0.3541 -0.1444
vn 0.9271 0.3471 -0.1415
vn 0.8841 0.4209 -0.2031
vn 0.9589 0.2723 -0.0799
vn 0.6238 -0.2202 0.7499
vn -0.1359 -0.7463 0.6516
vn 0.7430 -0.5443 -0.3894
vn 0.0962 -0.9321 -0.3493
vn 0.1705 -0.9237 -0.3430
vn 0.1670 -0.9004 -0.4017
vn 0.1631 0.2021 0.9657
vn 0.1568 0.1955 0.9681
vn 0.2263 0.2251 0.9477
vn 0.0892 0.1684 0.9817
vn 0.2507 0.7828 0.5695
vn -0.4440 0.8250 0.3496
vn -0.4419 0.8262 0.3495
vn -0.4356 0.8268 0.3558
vn 0.0358 0.9320 -0.3606
vn 0.2407 0.7882 -0.5664
vn 0.1271 0.9475 -0.2933
vn 0.0317 0.9322 -0.3606
vn 0.2563 0.4587 -0.8508
vn 0.3437 0.4643 -0.8163
vn 0.2349 0.4721 -0.8497
vn -0.1565 -0.9776 0.1406
vn -0.2887 -0.9467 0.1428
vn -0.2107 -0.9624 0.1712
vn -0.2014 -0.9792 0.0247
vn -0.4267 -0.8907 0.1568
vn -0.5219 -0.8269 0.2093
vn 0.1776 -0.8703 -0.4593
vn 0.1884 -0.8369 -0.5139
vn 0.2052 -0.9098 -0.3609
vn -0.7262 0.2992 0.6190
vn -0.6913 0.5395 0.4806
vn -0.7755 0.3856 0.4999
vn -0.7333 0.2411 0.6357
vn -0.4433 0.8168 0.3691
vn -0.4519 0.8134 0.3662
vn -0.6996 0.2594 0.6658
vn -0.7039 0.2542 0.6632
vn 0.3390 0.8281 -0.4464
vn 0.2581 0.9427 -0.2115
vn 0.4794 0.5225 -0.7051
vn 0.4526 0.7782 -0.4354
vn -0.6718 0.6333 0.3842
vn 0.9514 -0.1502 0.2688
vn 0.4961 -0.4549 0.7395
vn 0.4467 -0.4981 0.7432
vn 0.5025 -0.4512 0.7375
vn -0.9490 -0.2218 0.2239
vn -0.8021 -0.5901 -0.0918
vn 0.3499 0.2082 0.9134
vn 0.2204 0.2851 0.9328
vn 0.3480 0.2032 0.9152
vn 0.0799 0.3581 0.9303
vn -0.0507 0.4174 0.9073
vn -0.0433 0.4036 0.9139
vn -0.0160 0.9108 0.4124
vn -0.0120 0.9320 0.3622
vn -0.0099 0.9307 0.3656
vn -0.0296 0.8846 0.4654
vn -0.0526 0.8300 0.5552
vn -0.4403 0.8021 0.4035
vn -0.4018 0.7650 0.5034
vn -0.6343 0.7075 0.3116
vn 0.2974 -0.6549 -0.6948
vn 0.0577 -0.7612 -0.6459
vn 0.1788 -0.6946 -0.6968
vn -0.6758 -0.3957 -0.6218
vn -0.6421 -0.4516 -0.6194
vn -0.6049 -0.5077 -0.6135
vn 0.9021 0.3864 0.1922
vn 0.9895 0.1304 -0.0620
vn 0.8992 0.4190 0.1262
vn 0.9276 0.3082 0.2112
vn 0.9996 -0.0260 0.0102
vn 0.9988 -0.0324 0.0363
vn 0.9991 -0.0249 0.0347
vn 0.5493 -0.4072 0.7297
vn -0.6100 -0.5473 -0.5730
vn -0.5766 -0.5609 -0.5941
vn -0.5271 -0.5471 -0.6503
vn 0.7573 0.5396 0.3679
vn 0.7566 0.5414 0.3666
vn 0.7706 0.5153 0.3750
vn 0.7874 0.4962 0.3658
vn 0.0136 -0.8052 -0.5929
vn -0.0471 -0.8160 -0.5761
vn -0.0858 -0.7424 -0.6644
vn 0.4697 -0.8754 0.1140
vn -0.7038 0.1879 0.6851
vn -0.6657 0.1585 0.7292
vn -0.6718 0.1692 0.7212
vn -0.6324 0.1379 0.7622
vn -0.5988 0.8008 0.0081
vn -0.6385 0.7689 0.0314
vn -0.6027 0.7977 -0.0209
vn -0.6195 0.7675 0.1647
vn 0.0246 -0.9834 -0.1797
vn 0.9754 0.1644 -0.1469
vn 0.1772 -0.9811 0.0782
vn -0.3343 -0.9320 0.1401
vn -0.7564 -0.6332 0.1641
vn -0.9758 -0.1648 0.1436
vn -0.9338 0.3478 0.0842
vn -0.6418 0.7669 0.0018
vn -0.1776 0.9807 -0.0815
vn 0.3338 0.9317 -0.1434
vn 0.7559 0.6329 -0.1674
vn 0.9334 -0.3480 -0.0875
vn 0.6413 -0.7673 -0.0051
vn -0.1293 -0.1037 -0.9862
vn 0.9054 -0.2755 0.3230
vn 0.5212 -0.0573 0.8515
vn 0.6386 -0.6585 0.3982
vn 0.3946 -0.2389 0.8872
vn 0.2146 -0.8540 0.4740
vn 0.1932 -0.3315 0.9235
vn -0.2525 -0.8089 0.5309
vn -0.0283 -0.3104 0.9502
vn -0.6379 -0.5361 0.5529
vn -0.2111 -0.1810 0.9606
vn -0.8385 -0.1083 0.5340
vn -0.3060 0.0221 0.9518
vn -0.8001 0.3600 0.4799
vn -0.2881 0.2439 0.9260
vn -0.5334 0.7429 0.4045
vn -0.1613 0.4257 0.8904
vn -0.1095 0.9381 0.3285
vn 0.0398 0.5184 0.8542
vn 0.3579 0.8933 0.2720
vn 0.2610 0.4975 0.8273
vn 0.7433 0.6204 0.2501
vn 0.4442 0.3677 0.8170
vn 0.9438 0.1925 0.2687
vn 0.5394 0.1650 0.8258
vn 0.1292 0.1036 0.9862
vn 0.1773 -0.9810 0.0782
vn -0.9758 -0.1647 0.1436
vn -0.9338 0.3477 0.0842
vn -0.6417 0.7669 0.0018
vn -0.1777 0.9807 -0.0815
vn 0.3339 0.9316 -0.1434
vn 0.6412 -0.7673 -0.0051
vn -0.1291 -0.1037 -0.9862
vn -0.1292 -0.1037 -0.9862
vn -0.1296 -0.1037 -0.9861
vn -0.1292 -0.1039 -0.9862
vn -0.1295 -0.1039 -0.9861
vn -0.1294 -0.1037 -0.9862
vn -0.1295 -0.1037 -0.9861
vn 0.5212 -0.0572 0.8515
vn 0.6386 -0.6584 0.3983
vn 0.3946 -0.2390 0.8872
vn 0.2148 -0.8538 0.4743
vn 0.1935 -0.3316 0.9234
vn -0.0278 -0.3103 0.9502
vn -0.6380 -0.5361 0.5528
vn -0.8385 -0.1080 0.5341
vn -0.3063 0.0223 0.9517
vn -0.8001 0.3601 0.4797
vn -0.2878 0.2442 0.9260
vn -0.5333 0.7429 0.4045
vn -0.1612 0.4260 0.8903
vn -0.1094 0.9382 0.3284
vn 0.0399 0.5185 0.8541
vn 0.3578 0.8933 0.2719
vn 0.2613 0.4972 0.8274
vn 0.7433 0.6205 0.2501
vn 0.4447 0.3675 0.8169
vn 0.9437 0.1926 0.2688
vn 0.5393 0.1647 0.8259
vn 0.1293 0.1036 0.9862
vn 0.1304 0.1043 0.9860
vn 0.1293 0.1040 0.9861
vn 0.1294 0.1040 0.9861
vn 0.1296 0.1041 0.9861
vn 0.1294 0.1039 0.9861
vn 0.1295 0.1037 0.9861
vn 0.1293 0.1034 0.9862
vn 0.1292 0.1037 0.9862
vn -0.7604 0.4383 -0.4792
vn -0.8587 -0.3838 0.3396
vn -0.7687 0.5871 0.2536
vn -0.8406 -0.4064 -0.3581
vn -0.0547 -0.9463 0.3186
vn -0.1377 -0.8946 -0.4251
vn 0.8224 -0.5451 0.1629
vn 0.6217 -0.5487 -0.5589
vn 0.9026 0.4275 0.0510
vn 0.7060 0.2628 -0.6576
vn 0.6459 0.7606 0.0653
vn 0.0667 0.9693 -0.2367
vn 0.9122 0.4059 0.0567
vn 0.8224 -0.5377 0.1860
vn -0.0533 -0.9429 0.3287
vn -0.8534 -0.3828 0.3538
vn -0.7645 0.5876 0.2652
vn 0.0388 0.9086 -0.4159
vn -0.1218 -0.0987 -0.9876
vn -0.5368 0.0429 0.8426
vn -0.6932 -0.3427 0.6340
vn 0.2933 -0.2965 0.9089
vn 0.0136 -0.7287 0.6847
vn 0.7199 -0.4055 0.5633
vn 0.8842 0.2516 0.3936
vn 0.6146 0.1448 0.7755
vn 0.7187 -0.2211 0.6592
vn 0.7035 0.0684 -0.7074
vn 0.8919 0.2149 0.3980
vn 0.4915 -0.5248 -0.6950
vn -0.2170 0.7226 -0.6563
vn -0.0398 0.8909 0.4524
vn -0.7056 0.3325 -0.6258
vn -0.3877 0.5634 0.7296
vn 0.7369 0.2616 -0.6233
vn 0.9368 -0.2042 0.2842
vn 0.8169 -0.3079 -0.4878
vn 0.8629 0.3605 0.3541
vn 0.3299 -0.4313 0.8397
vn 0.1433 0.0522 0.9883
vn -0.3107 -0.7742 0.5515
vn -0.6937 -0.3543 0.6271
vn -0.4529 -0.8435 -0.2889
vn -0.8197 -0.4532 -0.3502
vn -0.1890 -0.8152 -0.5475
vn -0.4287 0.3622 -0.8277
vn 0.4280 -0.8993 0.0900
vn -0.8630 -0.3604 -0.3541
vn -0.8152 0.2674 0.5138
vn -0.9372 0.2032 -0.2836
vn -0.7369 -0.2616 0.6233
vn -0.1728 0.6047 0.7775
vn 0.1043 0.1513 0.9830
vn 0.4189 0.8597 0.2923
vn 0.8197 0.4532 0.3502
vn 0.3421 0.7906 -0.5079
vn 0.6936 0.3543 -0.6272
vn 0.0263 0.6863 -0.7269
vn 0.2143 -0.5302 -0.8203
vn -0.4280 0.8993 -0.0901
vn 0.7093 0.3984 0.5815
vn 0.1960 0.7259 -0.6593
vn 0.3583 0.8111 0.4623
vn 0.5301 0.2578 -0.8078
vn -0.2856 0.6263 -0.7254
vn 0.0382 -0.9110 -0.4107
vn -0.5627 -0.1883 0.8049
vn -0.6886 0.3405 0.6402
vn 0.9507 -0.0426 -0.3070
vn 0.1793 -0.7323 0.6569
vn -0.3204 -0.6136 0.7217
vn -0.7343 -0.3308 0.5928
vn -0.9516 0.0404 0.3047
vn -0.9140 0.4004 -0.0653
vn -0.6316 0.6529 -0.4181
vn -0.1801 0.7301 -0.6592
vn 0.3195 0.6114 -0.7240
vn 0.7334 0.3286 -0.5951
vn 0.9132 -0.4027 0.0630
vn 0.6309 -0.6551 0.4158
vn -0.2510 -0.6809 -0.6880
vn 0.9366 -0.0896 0.3387
vn 0.6221 0.4396 0.6479
vn 0.6787 -0.3203 0.6609
vn 0.4997 0.3304 0.8007
vn 0.2663 -0.3908 0.8811
vn 0.3042 0.2969 0.9052
vn -0.1901 -0.2824 0.9403
vn 0.0875 0.3483 0.9333
vn -0.5682 -0.0239 0.8226
vn -0.0918 0.4708 0.8775
vn -0.7667 0.3150 0.5594
vn -0.1858 0.6317 0.7526
vn -0.7323 0.6439 0.2215
vn -0.1698 0.7875 0.5925
vn -0.4745 0.8744 -0.1008
vn -0.0473 0.8970 0.4395
vn -0.0620 0.9450 -0.3210
vn 0.1484 0.9304 0.3351
vn 0.3944 0.8366 -0.3801
vn 0.3646 0.8792 0.3068
vn 0.7725 0.5783 -0.2623
vn 0.5442 0.7565 0.3627
vn 0.9711 0.2388 0.0007
vn 0.6383 0.5956 0.4876
vn 0.2509 0.6808 0.6881
vn -0.3203 -0.6137 0.7217
vn -0.9516 0.0405 0.3046
vn -0.6317 0.6528 -0.4181
vn 0.7335 0.3285 -0.5951
vn 0.9131 -0.4027 0.0631
vn 0.6308 -0.6551 0.4158
vn -0.2512 -0.6809 -0.6879
vn -0.2511 -0.6808 -0.6880
vn -0.2509 -0.6809 -0.6881
vn -0.2507 -0.6812 -0.6878
vn -0.2512 -0.6811 -0.6878
vn -0.2510 -0.6809 -0.6881
vn 0.6221 0.4399 0.6477
vn 0.6788 -0.3201 0.6609
vn 0.4996 0.3300 0.8009
vn 0.3041 0.2969 0.9052
vn -0.1902 -0.2824 0.9402
vn 0.0877 0.3483 0.9333
vn -0.5681 -0.0241 0.8226
vn -0.0915 0.4707 0.8775
vn -0.7666 0.3152 0.5594
vn -0.1861 0.6320 0.7523
vn -0.7323 0.6439 0.2216
vn -0.1695 0.7877 0.5922
vn -0.4744 0.8745 -0.1008
vn -0.0473 0.8971 0.4394
vn -0.0619 0.9450 -0.3211
vn 0.1482 0.9304 0.3352
vn 0.3945 0.8366 -0.3801
vn 0.3649 0.8790 0.3070
vn 0.7725 0.5783 -0.2624
vn 0.5441 0.7566 0.3627
vn 0.9709 0.2394 0.0007
vn 0.6384 0.5957 0.4874
vn 0.2507 0.6809 0.6881
vn 0.2519 0.6811 0.6875
vn 0.2510 0.6813 0.6876
vn 0.2510 0.6809 0.6880
vn 0.2517 0.6812 0.6875
vn 0.2511 0.6810 0.6879
vn 0.2514 0.6810 0.6878
vn 0.2509 0.6810 0.6880
vn 0.2511 0.6809 0.6879
vn -0.8111 0.1081 -0.5749
vn -0.8125 -0.0190 0.5826
vn -0.7277 0.6787 -0.0988
vn -0.8810 -0.4700 0.0539
vn -0.0209 -0.5373 0.8431
vn -0.1949 -0.9506 0.2418
vn 0.8328 -0.3924 0.3906
vn 0.5443 -0.8256 -0.1484
vn 0.9047 0.2913 -0.3110
vn 0.6209 -0.2599 -0.7395
vn 0.6538 0.5814 -0.4842
vn 0.0431 0.6051 -0.7950
vn 0.9148 0.2771 -0.2940
vn 0.8356 -0.3724 0.4038
vn -0.0182 -0.5286 0.8487
vn -0.8055 -0.0098 0.5925
vn -0.7221 0.6859 -0.0905
vn -0.0071 0.4489 -0.8936
vn -0.2437 -0.6785 -0.6930
vn -0.4282 0.5993 0.6764
vn -0.6117 0.1818 0.7699
vn 0.4016 0.3070 0.8628
vn 0.0935 -0.1463 0.9848
vn 0.7814 -0.0271 0.6234
vn 0.9276 0.3676 0.0662
vn 0.7067 0.5427 0.4540
vn 0.7933 0.1763 0.5827
vn 0.6111 -0.4424 -0.6564
vn 0.9356 0.3409 0.0919
vn 0.3984 -0.8805 -0.2568
vn -0.2919 0.1759 -0.9402
vn 0.0221 0.9792 -0.2018
vn -0.7754 -0.0697 -0.6276
vn -0.2909 0.9235 0.2499
vn 0.6559 -0.2421 -0.7150
vn 0.9634 -0.0605 0.2612
vn 0.7483 -0.6096 -0.2617
vn 0.9024 0.4298 -0.0305
vn 0.4284 0.1560 0.8900
vn 0.2648 0.6409 0.7205
vn -0.2451 -0.2376 0.9399
vn -0.6131 0.1686 0.7718
vn -0.4905 -0.8004 0.3447
vn -0.8596 -0.5034 0.0873
vn -0.2605 -0.9601 0.1021
vn -0.5254 -0.1943 -0.8284
vn 0.4301 -0.6818 0.5918
vn -0.9024 -0.4297 0.0304
vn -0.7436 0.5940 0.3069
vn -0.9637 0.0602 -0.2600
vn -0.6558 0.2422 0.7150
vn -0.0714 0.9678 0.2413
vn 0.2260 0.7181 0.6582
vn 0.4572 0.8180 -0.3490
vn 0.8596 0.5034 -0.0873
vn 0.2817 0.2749 -0.9193
vn 0.6130 -0.1686 -0.7719
vn -0.0594 0.0839 -0.9947
vn 0.1078 -0.9396 -0.3250
vn -0.4301 0.6817 -0.5919
vn 0.7783 0.6128 0.1365
vn 0.1176 0.1426 -0.9828
vn 0.4179 0.8902 -0.1812
vn 0.4278 -0.3423 -0.8366
vn -0.3691 0.0635 -0.9272
vn -0.0187 -0.9689 0.2469
vn -0.4600 0.3975 0.7940
vn -0.6020 0.7189 0.3476
vn 0.7660 -0.6139 -0.1906
vn -0.3961 -0.6843 0.6122
vn -0.7266 -0.2860 0.6247
vn -0.8626 0.1888 0.4694
vn -0.7677 0.6126 0.1881
vn -0.4673 0.8723 -0.1441
vn -0.0419 0.8980 -0.4379
vn 0.3945 0.6829 -0.6148
vn 0.7249 0.2847 -0.6272
vn 0.8609 -0.1900 -0.4719
vn 0.4656 -0.8736 0.1416
vn 0.0402 -0.8993 0.4354
vn -0.5057 -0.3956 -0.7667
vn 0.6319 -0.6363 0.4426
vn 0.6578 -0.0218 0.7529
vn 0.2432 -0.6599 0.7109
vn 0.4737 -0.0329 0.8801
vn -0.1553 -0.4634 0.8724
vn 0.2843 0.0607 0.9568
vn -0.4572 -0.0997 0.8838
vn 0.1413 0.2330 0.9622
vn -0.5812 0.3341 0.7420
vn 0.0823 0.4386 0.8949
vn -0.4948 0.7211 0.4850
vn 0.1236 0.6222 0.7730
vn -0.2200 0.9585 0.1813
vn 0.2534 0.7347 0.6292
vn 0.1683 0.9819 -0.0869
vn 0.4380 0.7459 0.5019
vn 0.5669 0.7855 -0.2483
vn 0.6271 0.6527 0.4251
vn 0.8688 0.4217 -0.2594
vn 0.7702 0.4804 0.4196
vn 0.9930 -0.0117 -0.1179
vn 0.8291 0.2745 0.4871
vn 0.9062 -0.3993 0.1392
vn 0.7881 0.0909 0.6088
vn 0.5056 0.3957 0.7667
vn 0.7659 -0.6140 -0.1905
vn -0.3962 -0.6842 0.6122
vn -0.7266 -0.2861 0.6247
vn -0.8626 0.1886 0.4694
vn -0.7676 0.6127 0.1880
vn -0.0418 0.8980 -0.4380
vn 0.8609 -0.1899 -0.4720
vn 0.4656 -0.8736 0.1415
vn -0.5057 -0.3957 -0.7666
vn -0.5055 -0.3957 -0.7667
vn -0.5057 -0.3959 -0.7665
vn -0.5057 -0.3956 -0.7666
vn -0.5058 -0.3955 -0.7667
vn -0.5058 -0.3957 -0.7666
vn 0.6319 -0.6363 0.4425
vn 0.6580 -0.0216 0.7527
vn 0.2436 -0.6597 0.7109
vn 0.4734 -0.0330 0.8802
vn 0.2845 0.0603 0.9568
vn 0.1415 0.2328 0.9622
vn -0.5814 0.3339 0.7420
vn 0.0824 0.4384 0.8950
vn -0.4945 0.7213 0.4849
vn 0.1235 0.6225 0.7728
vn -0.2202 0.9584 0.1814
vn 0.2533 0.7349 0.6290
vn 0.1684 0.9819 -0.0869
vn 0.4382 0.7459 0.5016
vn 0.5669 0.7854 -0.2484
vn 0.6268 0.6528 0.4253
vn 0.8688 0.4217 -0.2597
vn 0.7702 0.4802 0.4198
vn 0.9930 -0.0119 -0.1179
vn 0.8291 0.2743 0.4871
vn 0.9063 -0.3991 0.1392
vn 0.7880 0.0908 0.6089
vn 0.5068 0.3952 0.7662
vn 0.5057 0.3958 0.7665
vn 0.5059 0.3962 0.7662
vn 0.5062 0.3957 0.7663
vn 0.5060 0.3956 0.7665
vn 0.5061 0.3954 0.7665
vn 0.5055 0.3954 0.7669
vn -0.4875 0.5725 -0.6593
vn -0.7350 0.4839 0.4751
vn -0.1486 0.9801 -0.1318
vn -0.9824 0.1618 -0.0929
vn -0.4634 -0.4059 0.7877
vn -0.7604 -0.6347 0.1380
vn 0.3606 -0.8134 0.4565
vn -0.0474 -0.9880 -0.1471
vn 0.9313 -0.3207 -0.1730
vn 0.4398 -0.5908 -0.6764
vn 0.9342 0.0604 -0.3515
vn 0.5145 0.4468 -0.7319
vn 0.9282 -0.3379 -0.1561
vn 0.3729 -0.7991 0.4716
vn -0.4569 -0.4005 0.7943
vn -0.7254 0.4870 0.4864
vn -0.1411 0.9824 -0.1223
vn 0.3956 0.3522 -0.8482
vn -0.4978 -0.3982 -0.7705
vn -0.0751 0.7429 0.6652
vn -0.4839 0.5233 0.7014
vn 0.3734 0.0089 0.9276
vn -0.1591 -0.1632 0.9737
vn 0.5058 -0.4896 0.7103
vn 0.9398 -0.2703 0.2091
vn 0.8147 0.0069 0.5799
vn 0.6435 -0.3356 0.6880
vn 0.3101 -0.7289 -0.6103
vn 0.9263 -0.2960 0.2333
vn -0.1792 -0.9441 -0.2767
vn 0.0146 0.3075 -0.9514
vn 0.6360 0.7627 -0.1173
vn -0.5587 0.4090 -0.7215
vn 0.2904 0.9130 0.2866
vn 0.4743 -0.5976 -0.6465
vn 0.6818 -0.6301 0.3715
vn 0.2593 -0.9412 -0.2166
vn 0.9716 -0.2064 0.1154
vn 0.2996 -0.1272 0.9455
vn 0.4877 0.3558 0.7972
vn -0.4733 -0.0308 0.8804
vn -0.4933 0.5137 0.7020
vn -0.9172 -0.3349 0.2157
vn -0.9906 0.1226 -0.0599
vn -0.7970 -0.6039 -0.0091
vn -0.4079 0.1562 -0.8996
vn -0.1593 -0.7970 0.5827
vn -0.9716 0.2065 -0.1155
vn -0.2717 0.9264 0.2607
vn -0.6824 0.6302 -0.3705
vn -0.4743 0.5976 0.6465
vn 0.4907 0.8148 0.3086
vn 0.5128 0.4401 0.7371
vn 0.9024 0.3690 -0.2227
vn 0.9906 -0.1226 0.0600
vn 0.5215 0.0383 -0.8524
vn 0.4932 -0.5137 -0.7020
vn 0.1497 0.0928 -0.9844
vn -0.4329 -0.8153 -0.3846
vn 0.1592 0.7969 -0.5827
vn 0.9598 0.0160 0.2803
vn 0.3224 0.0322 -0.9461
vn 0.8903 0.4520 -0.0556
vn 0.2528 -0.5400 -0.8028
vn -0.1156 0.2653 -0.9572
vn -0.6337 -0.7561 0.1632
vn -0.2386 0.6030 0.7612
vn -0.0913 0.9401 0.3284
vt 0.890975 0.752912
vt 0.892520 0.726865
vt 0.892520 0.752922
vt 0.890975 0.752753
vt 0.889428 0.726685
vt 0.890975 0.726695
vt 0.887642 0.752743
vt 0.887642 0.726685
vt 0.886095 0.726695
vt 0.905613 0.726695
vt 0.904066 0.752743
vt 0.904066 0.726685
vt 0.902279 0.752743
vt 0.902279 0.726685
vt 0.900734 0.752753
vt 0.900734 0.726695
vt 0.895854 0.752912
vt 0.897400 0.726865
vt 0.897400 0.752922
vt 0.899186 0.726865
vt 0.899186 0.752922
vt 0.900734 0.752912
vt 0.894307 0.726865
vt 0.894307 0.752922
vt 0.895854 0.726855
vt 0.894779 0.725007
vt 0.899005 0.725454
vt 0.893233 0.725618
vt 0.892694 0.726693
vt 0.894134 0.726693
vt 0.892340 0.725921
vt 0.893897 0.726029
vt 0.892340 0.726074
vt 0.895382 0.726685
vt 0.894201 0.726085
vt 0.893059 0.726205
vt 0.889428 0.752743
vt 0.890502 0.752922
vt 0.889254 0.752914
vt 0.894307 0.726282
vt 0.894724 0.726117
vt 0.887815 0.752914
vt 0.895330 0.726117
vt 0.895747 0.726282
vt 0.886095 0.752753
vt 0.886567 0.752922
vt 0.895854 0.726085
vt 0.896995 0.726206
vt 0.905141 0.752922
vt 0.903893 0.752914
vt 0.896157 0.726029
vt 0.897714 0.726074
vt 0.902452 0.752914
vt 0.897714 0.725921
vt 0.896157 0.725965
vt 0.901206 0.752922
vt 0.895854 0.725910
vt 0.896995 0.725789
vt 0.897574 0.726693
vt 0.895330 0.725878
vt 0.895748 0.725713
vt 0.899014 0.726693
vt 0.894307 0.725713
vt 0.894724 0.725878
vt 0.900260 0.726685
vt 0.900734 0.726855
vt 0.894201 0.725910
vt 0.893061 0.725789
vt 0.890975 0.726855
vt 0.893897 0.725965
vt 0.905613 0.752753
vt 0.892340 0.725454
vt 0.892340 0.725265
vt 0.893233 0.725101
vt 0.896566 0.725007
vt 0.898113 0.725101
vt 0.899005 0.725265
vt 0.898113 0.725618
vt 0.896566 0.725713
vt 0.894779 0.725713
vt 0.896326 0.726685
vt 0.891447 0.726685
vt 0.614325 0.992518
vt 0.638023 0.892785
vt 0.615997 0.892506
vt 0.637744 0.992518
vt 0.660326 0.892785
vt 0.660884 0.992518
vt 0.682351 0.892506
vt 0.684024 0.992239
vt 0.704656 0.891947
vt 0.707443 0.991959
vt 0.727516 0.891109
vt 0.730583 0.991121
vt 0.591185 0.992239
vt 0.593137 0.891947
vt 0.703819 0.884963
vt 0.682072 0.885242
vt 0.660326 0.885522
vt 0.638302 0.885522
vt 0.616556 0.885242
vt 0.595367 0.884963
vt 0.725007 0.884125
vt 0.791359 0.926867
vt 0.791359 0.971566
vt 0.830113 0.949216
vt 0.830113 0.904239
vt 0.868864 0.926867
vt 0.868864 0.971566
vt 0.830113 0.993915
vt 0.876393 0.836353
vt 0.823979 0.817357
vt 0.823699 0.854233
vt 0.792196 0.835515
vt 0.791917 0.872112
vt 0.823420 0.890829
vt 0.876114 0.872950
vt 0.721940 0.712875
vt 0.701309 0.737179
vt 0.680400 0.737458
vt 0.659490 0.737738
vt 0.638302 0.737738
vt 0.617393 0.713433
vt 0.596482 0.713433
vt 0.844331 0.718462
vt 0.758462 0.732989
vt 0.840706 0.732989
vt 0.762365 0.718462
vt 0.758462 0.758690
vt 0.840706 0.758690
vt 0.762365 0.773217
vt 0.844331 0.773217
vt 0.728073 0.731592
vt 0.728073 0.759808
vt 0.871095 0.759808
vt 0.871095 0.731592
vt 0.737831 0.870436
vt 0.775747 0.889432
vt 0.775747 0.870436
vt 0.737831 0.889432
vt 0.775747 0.908150
vt 0.737831 0.908150
vt 0.775747 0.927147
vt 0.737831 0.927147
vt 0.775747 0.946144
vt 0.737831 0.946144
vt 0.775747 0.965140
vt 0.737831 0.965140
vt 0.737831 0.851439
vt 0.775747 0.851439
vt 0.791359 0.880493
vt 0.791359 0.898652
vt 0.791359 0.917090
vt 0.807251 0.907871
vt 0.807251 0.889432
vt 0.785505 0.776569
vt 0.762923 0.814563
vt 0.785505 0.814563
vt 0.762923 0.776569
vt 0.737552 0.814563
vt 0.737552 0.776569
vt 0.811154 0.776569
vt 0.811154 0.814563
vt 0.833737 0.776569
vt 0.833737 0.814563
vt 0.762923 0.839985
vt 0.785505 0.839985
vt 0.117051 0.535190
vt 0.123701 0.528685
vt 0.130186 0.540743
vt 0.130268 0.531461
vt 0.143417 0.535421
vt 0.136884 0.528800
vt 0.148994 0.522343
vt 0.139672 0.522261
vt 0.143649 0.509169
vt 0.136999 0.515674
vt 0.119161 0.528133
vt 0.115374 0.521622
vt 0.115374 0.528133
vt 0.119161 0.521622
vt 0.119161 0.473902
vt 0.158229 0.509211
vt 0.152779 0.457835
vt 0.159306 0.461497
vt 0.152781 0.522343
vt 0.164828 0.515768
vt 0.162104 0.522334
vt 0.158254 0.535464
vt 0.164840 0.528895
vt 0.171443 0.540889
vt 0.152781 0.555828
vt 0.147047 0.555828
vt 0.152781 0.539664
vt 0.147047 0.570132
vt 0.152781 0.570132
vt 0.184622 0.535440
vt 0.171435 0.531607
vt 0.178024 0.528882
vt 0.147047 0.539664
vt 0.149251 0.457836
vt 0.142947 0.461440
vt 0.115374 0.473894
vt 0.119161 0.461776
vt 0.168133 0.449432
vt 0.166793 0.442920
vt 0.148994 0.438458
vt 0.152781 0.438458
vt 0.134209 0.449313
vt 0.135609 0.442812
vt 0.116141 0.446170
vt 0.115874 0.439527
vt 0.119161 0.458646
vt 0.115374 0.452005
vt 0.115374 0.458647
vt 0.119161 0.452005
vt 0.186227 0.446429
vt 0.186553 0.439789
vt 0.115374 0.461774
vt 0.148994 0.418061
vt 0.152781 0.418061
vt 0.147047 0.580472
vt 0.152781 0.580472
vt 0.276003 0.543086
vt 0.282212 0.541269
vt 0.283488 0.529428
vt 0.275411 0.549055
vt 0.286024 0.545974
vt 0.360251 0.480546
vt 0.360270 0.452437
vt 0.373404 0.480491
vt 0.346865 0.452380
vt 0.346748 0.480400
vt 0.265594 0.543793
vt 0.275433 0.549074
vt 0.270320 0.539999
vt 0.271596 0.528158
vt 0.277806 0.526341
vt 0.288215 0.525634
vt 0.291350 0.536256
vt 0.386526 0.452460
vt 0.399902 0.480431
vt 0.386590 0.480480
vt 0.399786 0.452411
vt 0.403203 0.676570
vt 0.395854 0.667378
vt 0.397616 0.673490
vt 0.398274 0.661636
vt 0.426403 0.480336
vt 0.413347 0.452353
vt 0.426374 0.452316
vt 0.413451 0.480374
vt 0.278454 0.520330
vt 0.267733 0.522245
vt 0.263874 0.537291
vt 0.268495 0.533816
vt 0.259206 0.546103
vt 0.242225 0.554984
vt 0.242948 0.546006
vt 0.250012 0.533791
vt 0.255327 0.524290
vt 0.263829 0.556177
vt 0.273542 0.550110
vt 0.246709 0.566373
vt 0.234461 0.541613
vt 0.246127 0.513903
vt 0.275351 0.572570
vt 0.447219 0.471901
vt 0.446237 0.452346
vt 0.407439 0.660669
vt 0.409342 0.674815
vt 0.373427 0.452471
vt 0.412436 0.669253
vt 0.410673 0.663141
vt 0.338280 0.452346
vt 0.339262 0.471901
vt 0.285314 0.535612
vt 0.539764 0.998859
vt 0.586937 0.961193
vt 0.539764 0.961193
vt 0.586937 0.998859
vt 0.544911 0.993949
vt 0.582043 0.993949
vt 0.582043 0.965985
vt 0.544911 0.965985
vt 0.338986 0.418549
vt 0.296098 0.418549
vt 0.345294 0.448150
vt 0.296098 0.416524
vt 0.338000 0.416524
vt 0.296510 0.449860
vt 0.346422 0.449860
vt 0.299610 0.448150
vt 0.309718 0.449860
vt 0.308112 0.448150
vt 0.333754 0.449860
vt 0.331966 0.448150
vt 0.378920 0.449860
vt 0.377617 0.448150
vt 0.325737 0.418549
vt 0.299686 0.418549
vt 0.324631 0.416524
vt 0.381457 0.418549
vt 0.378185 0.416524
vt 0.299896 0.418549
vt 0.299229 0.416524
vt 0.308104 0.448150
vt 0.542819 0.459410
vt 0.551770 0.418987
vt 0.542819 0.424648
vt 0.533867 0.418987
vt 0.394108 0.547094
vt 0.372424 0.539237
vt 0.383319 0.547094
vt 0.361622 0.547094
vt 0.350741 0.547094
vt 0.372483 0.553084
vt 0.383319 0.553084
vt 0.372483 0.646161
vt 0.383319 0.646161
vt 0.394108 0.553084
vt 0.394108 0.646161
vt 0.383319 0.652773
vt 0.394108 0.652773
vt 0.372424 0.661873
vt 0.350741 0.652773
vt 0.361622 0.652773
vt 0.372483 0.652773
vt 0.361622 0.646161
vt 0.361622 0.553084
vt 0.350741 0.553084
vt 0.350741 0.646161
vt 0.426923 0.989206
vt 0.432821 0.974662
vt 0.426923 0.974662
vt 0.432821 0.987166
vt 0.438732 0.990775
vt 0.438732 0.973232
vt 0.444101 0.974662
vt 0.444101 0.989206
vt 0.444101 0.964514
vt 0.426923 0.964514
vt 0.432821 0.964441
vt 0.438732 0.961835
vt 0.438704 0.954540
vt 0.429574 0.954540
vt 0.542431 0.448993
vt 0.551250 0.421787
vt 0.533405 0.421787
vt 0.542411 0.425868
vt 0.568915 0.958957
vt 0.572038 0.958990
vt 0.570061 0.864399
vt 0.584587 0.950093
vt 0.584587 0.917045
vt 0.572781 0.903070
vt 0.570242 0.903044
vt 0.566600 0.868627
vt 0.567078 0.868171
vt 0.569660 0.864088
vt 0.574317 0.496827
vt 0.581244 0.492671
vt 0.578222 0.496827
vt 0.570411 0.496827
vt 0.563495 0.492671
vt 0.566506 0.496827
vt 0.558758 0.903070
vt 0.561879 0.864088
vt 0.564444 0.868171
vt 0.561478 0.864399
vt 0.559500 0.958990
vt 0.546951 0.917045
vt 0.546951 0.950093
vt 0.561296 0.903044
vt 0.566343 0.500116
vt 0.568279 0.500116
vt 0.569688 0.520123
vt 0.575040 0.520123
vt 0.577442 0.520010
vt 0.576010 0.500116
vt 0.578318 0.500116
vt 0.564936 0.868627
vt 0.562624 0.958957
vt 0.566691 0.544016
vt 0.576902 0.544016
vt 0.579770 0.544064
vt 0.587055 0.547301
vt 0.576200 0.558010
vt 0.587055 0.567353
vt 0.568491 0.558010
vt 0.557572 0.546919
vt 0.557559 0.567353
vt 0.567264 0.574952
vt 0.568491 0.562017
vt 0.576200 0.562017
vt 0.577398 0.574952
vt 0.564891 0.544064
vt 0.566846 0.520010
vt 0.446218 0.448441
vt 0.380263 0.448441
vt 0.446218 0.442244
vt 0.446218 0.429695
vt 0.380263 0.435824
vt 0.380263 0.429695
vt 0.446218 0.435824
vt 0.380263 0.442244
vt 0.396249 0.961140
vt 0.397888 0.977777
vt 0.421782 0.957264
vt 0.397882 0.977964
vt 0.423531 0.978029
vt 0.423512 0.977896
vt 0.349721 0.571330
vt 0.329241 0.563249
vt 0.339448 0.571330
vt 0.319236 0.571330
vt 0.308196 0.571330
vt 0.329241 0.577237
vt 0.339448 0.577237
vt 0.329241 0.656516
vt 0.339448 0.656516
vt 0.349721 0.577237
vt 0.349721 0.656516
vt 0.339448 0.663179
vt 0.349721 0.663179
vt 0.329241 0.672349
vt 0.308196 0.663179
vt 0.319236 0.663179
vt 0.329241 0.663179
vt 0.319236 0.656516
vt 0.319236 0.577237
vt 0.308196 0.577237
vt 0.308196 0.656516
vt 0.524280 0.964591
vt 0.543732 0.933160
vt 0.524365 0.818908
vt 0.529358 0.819116
vt 0.524350 0.819167
vt 0.524266 0.964850
vt 0.411886 0.873273
vt 0.423685 0.910064
vt 0.423428 0.873273
vt 0.455262 0.873273
vt 0.441530 0.835422
vt 0.426782 0.835422
vt 0.430928 0.840496
vt 0.437153 0.840496
vt 0.443145 0.873273
vt 0.428555 0.900227
vt 0.436205 0.900227
vt 0.441892 0.910064
vt 0.480594 0.854090
vt 0.468628 0.859406
vt 0.456228 0.875572
vt 0.432881 0.783272
vt 0.428437 0.827304
vt 0.455035 0.841311
vt 0.380652 0.801761
vt 0.381056 0.761936
vt 0.433488 0.728512
vt 0.380699 0.734022
vt 0.455035 0.716051
vt 0.357607 0.722902
vt 0.267239 0.717777
vt 0.281617 0.726579
vt 0.267239 0.726874
vt 0.267239 0.746059
vt 0.283849 0.745901
vt 0.339294 0.732879
vt 0.358171 0.734567
vt 0.336451 0.752241
vt 0.298146 0.769872
vt 0.282498 0.763397
vt 0.464654 0.916824
vt 0.470463 0.931220
vt 0.470002 0.918876
vt 0.480594 0.937048
vt 0.267239 0.759113
vt 0.480594 0.916286
vt 0.456228 0.904604
vt 0.451104 0.890169
vt 0.357841 0.791233
vt 0.357651 0.754823
vt 0.336549 0.782592
vt 0.455035 0.789589
vt 0.455035 0.724834
vt 0.480594 0.919798
vt 0.447963 0.967827
vt 0.447963 0.994917
vt 0.451179 0.968090
vt 0.444848 0.994281
vt 0.444848 0.968734
vt 0.447963 0.948677
vt 0.451179 0.952926
vt 0.444848 0.953082
vt 0.447963 0.934137
vt 0.451179 0.994259
vt 0.394372 0.992096
vt 0.387404 0.978709
vt 0.396523 0.978670
vt 0.387604 0.988845
vt 0.387369 0.978799
vt 0.396511 0.978705
vt 0.406092 0.692048
vt 0.395070 0.685615
vt 0.398209 0.692048
vt 0.409228 0.685615
vt 0.281406 0.512497
vt 0.268130 0.517285
vt 0.274599 0.458033
vt 0.254634 0.458033
vt 0.261102 0.517285
vt 0.247804 0.512497
vt 0.247824 0.457968
vt 0.298198 0.474010
vt 0.281406 0.457968
vt 0.293655 0.509833
vt 0.302743 0.509833
vt 0.315010 0.512497
vt 0.405664 0.679249
vt 0.398635 0.679249
vt 0.314989 0.457968
vt 0.268647 0.450881
vt 0.260585 0.450881
vt 0.257836 0.450855
vt 0.298198 0.450829
vt 0.291418 0.450855
vt 0.257836 0.444508
vt 0.264616 0.436756
vt 0.271397 0.444508
vt 0.271397 0.450855
vt 0.304979 0.450855
vt 0.298198 0.457902
vt 0.519422 0.712165
vt 0.518483 0.659337
vt 0.512843 0.664994
vt 0.523877 0.712168
vt 0.525312 0.659341
vt 0.525353 0.590198
vt 0.518525 0.590194
vt 0.513875 0.498576
vt 0.511599 0.498574
vt 0.510166 0.561423
vt 0.507918 0.498572
vt 0.504573 0.659328
vt 0.504614 0.590186
vt 0.526630 0.712169
vt 0.319183 0.532843
vt 0.319183 0.511969
vt 0.307293 0.517195
vt 0.331628 0.527968
vt 0.429672 0.537985
vt 0.324573 0.537985
vt 0.429743 0.527968
vt 0.331628 0.517687
vt 0.429743 0.517707
vt 0.436250 0.507324
vt 0.429672 0.481690
vt 0.429688 0.489137
vt 0.324573 0.481690
vt 0.315984 0.489137
vt 0.307293 0.527517
vt 0.315984 0.500387
vt 0.429688 0.500387
vt 0.429672 0.507326
vt 0.324573 0.507326
vt 0.269819 0.689705
vt 0.258083 0.653275
vt 0.263883 0.652071
vt 0.258100 0.693583
vt 0.259360 0.612140
vt 0.271686 0.611549
vt 0.262706 0.585405
vt 0.278971 0.584355
vt 0.276893 0.612297
vt 0.270408 0.650835
vt 0.281197 0.692127
vt 0.284610 0.585304
vt 0.263935 0.652318
vt 0.218805 0.592480
vt 0.164611 0.586934
vt 0.176253 0.591963
vt 0.223753 0.586400
vt 0.191075 0.622164
vt 0.226201 0.600429
vt 0.221559 0.604443
vt 0.196931 0.620905
vt 0.202092 0.651153
vt 0.196521 0.649695
vt 0.253881 0.632438
vt 0.246440 0.603005
vt 0.241518 0.607958
vt 0.248045 0.633355
vt 0.249944 0.663308
vt 0.254985 0.663740
vt 0.254093 0.695983
vt 0.195400 0.681620
vt 0.200892 0.681353
vt 0.200905 0.705328
vt 0.247933 0.717631
vt 0.193728 0.706906
vt 0.252984 0.723917
vt 0.249548 0.693209
vt 0.558970 0.886337
vt 0.556296 0.854915
vt 0.546720 0.832771
vt 0.576245 0.789799
vt 0.584787 0.789799
vt 0.584375 0.758172
vt 0.586869 0.805763
vt 0.569099 0.839322
vt 0.558736 0.823025
vt 0.569005 0.805763
vt 0.564156 0.789897
vt 0.568801 0.758360
vt 0.546622 0.715025
vt 0.576245 0.732127
vt 0.584450 0.732127
vt 0.546782 0.912286
vt 0.523611 0.814953
vt 0.534525 0.732716
vt 0.523611 0.732716
vt 0.534525 0.791829
vt 0.546627 0.814953
vt 0.546603 0.798863
vt 0.461613 0.994856
vt 0.458632 0.965348
vt 0.461613 0.964780
vt 0.458632 0.994219
vt 0.464548 0.965325
vt 0.464548 0.994198
vt 0.461613 0.945578
vt 0.458632 0.950183
vt 0.464786 0.950157
vt 0.461613 0.927221
vt 0.495109 0.703369
vt 0.496917 0.703383
vt 0.495109 0.695019
vt 0.511018 0.705468
vt 0.496917 0.705468
vt 0.511018 0.703384
vt 0.513173 0.703370
vt 0.513174 0.695019
vt 0.496917 0.713819
vt 0.511018 0.713818
vt 0.511019 0.692966
vt 0.496917 0.692964
vt 0.496917 0.695033
vt 0.511019 0.695033
vt 0.423309 0.840748
vt 0.414371 0.849114
vt 0.415700 0.852097
vt 0.419642 0.840748
vt 0.419642 0.829090
vt 0.423309 0.829090
vt 0.409792 0.818888
vt 0.412283 0.825802
vt 0.412283 0.847942
vt 0.409792 0.849543
vt 0.519449 0.964715
vt 0.500034 0.933263
vt 0.519500 0.819032
vt 0.514506 0.819235
vt 0.519507 0.819291
vt 0.519456 0.964973
vt 0.397271 0.994506
vt 0.421474 0.998298
vt 0.423661 0.978802
vt 0.423650 0.978838
vt 0.397995 0.978790
vt 0.398031 0.978699
vt 0.158233 0.712456
vt 0.153716 0.771548
vt 0.153716 0.712452
vt 0.158233 0.771552
vt 0.440476 0.495565
vt 0.444608 0.523944
vt 0.440476 0.526695
vt 0.436343 0.523944
vt 0.445838 0.523979
vt 0.441706 0.495599
vt 0.445838 0.492849
vt 0.449971 0.495599
vt 0.481902 0.659333
vt 0.489684 0.710053
vt 0.486897 0.710035
vt 0.488813 0.659376
vt 0.494192 0.710082
vt 0.494480 0.665141
vt 0.502890 0.659466
vt 0.489263 0.589404
vt 0.503339 0.589493
vt 0.482351 0.589360
vt 0.497684 0.560344
vt 0.500407 0.496755
vt 0.496681 0.496731
vt 0.494377 0.496717
vt 0.403953 0.852097
vt 0.396347 0.840748
vt 0.407373 0.847942
vt 0.405283 0.849114
vt 0.400014 0.840748
vt 0.400014 0.829090
vt 0.396347 0.829090
vt 0.407373 0.825802
vt 0.560631 0.705220
vt 0.570484 0.705220
vt 0.560631 0.713635
vt 0.550576 0.705220
vt 0.550576 0.693425
vt 0.560631 0.697333
vt 0.586603 0.705220
vt 0.578142 0.686666
vt 0.586603 0.693425
vt 0.578142 0.700375
vt 0.570484 0.693425
vt 0.560631 0.692796
vt 0.550576 0.672030
vt 0.586603 0.672030
vt 0.570484 0.672030
vt 0.560631 0.672030
vt 0.550576 0.633733
vt 0.570484 0.633733
vt 0.586603 0.633733
vt 0.560631 0.633733
vt 0.550576 0.608711
vt 0.570484 0.608711
vt 0.586603 0.608711
vt 0.560631 0.608711
vt 0.550576 0.576592
vt 0.570484 0.576592
vt 0.586603 0.576592
vt 0.560631 0.576592
vt 0.417591 0.701091
vt 0.400619 0.713486
vt 0.406736 0.700973
vt 0.395464 0.703541
vt 0.419106 0.687143
vt 0.427135 0.642550
vt 0.484187 0.703113
vt 0.455022 0.642452
vt 0.470654 0.644938
vt 0.456245 0.692045
vt 0.448491 0.640787
vt 0.441042 0.682507
vt 0.433631 0.640787
vt 0.438985 0.594299
vt 0.455365 0.594299
vt 0.461796 0.595365
vt 0.450239 0.593302
vt 0.444111 0.593302
vt 0.442859 0.694066
vt 0.462362 0.713486
vt 0.467516 0.703541
vt 0.414158 0.713486
vt 0.427345 0.713486
vt 0.483154 0.708905
vt 0.496933 0.832771
vt 0.474555 0.839322
vt 0.487357 0.854915
vt 0.484917 0.823025
vt 0.497026 0.814953
vt 0.520042 0.814953
vt 0.509128 0.791829
vt 0.520042 0.732716
vt 0.484683 0.886337
vt 0.496870 0.912286
vt 0.467408 0.789799
vt 0.459278 0.758172
vt 0.458866 0.789799
vt 0.459203 0.732127
vt 0.467408 0.732127
vt 0.474852 0.758360
vt 0.479499 0.789897
vt 0.497050 0.798863
vt 0.497031 0.715025
vt 0.509128 0.732716
vt 0.474648 0.805763
vt 0.456785 0.805763
vt 0.551393 0.421787
vt 0.533546 0.421787
vt 0.542385 0.425868
vt 0.269592 0.796849
vt 0.304488 0.798094
vt 0.271802 0.799244
vt 0.304375 0.796424
vt 0.334197 0.793806
vt 0.334415 0.792118
vt 0.343556 0.802960
vt 0.345659 0.803181
vt 0.269315 0.825870
vt 0.266473 0.825577
vt 0.261331 0.856228
vt 0.320655 0.833928
vt 0.319515 0.866642
vt 0.317379 0.867077
vt 0.318592 0.833418
vt 0.264609 0.856416
vt 0.261595 0.875673
vt 0.298280 0.889002
vt 0.296077 0.891348
vt 0.316474 0.910376
vt 0.318709 0.909300
vt 0.328047 0.889337
vt 0.330196 0.888100
vt 0.258337 0.876424
vt 0.326087 0.816257
vt 0.327407 0.817366
vt 0.356832 0.905320
vt 0.328168 0.935081
vt 0.359795 0.960625
vt 0.334007 0.956480
vt 0.331067 0.934523
vt 0.337071 0.954027
vt 0.360071 0.958014
vt 0.355461 0.907968
vt 0.408970 0.922014
vt 0.409523 0.919124
vt 0.398506 0.956031
vt 0.398408 0.953569
vt 0.440374 0.934970
vt 0.452221 0.922138
vt 0.456753 0.920567
vt 0.443243 0.935549
vt 0.440197 0.949756
vt 0.437686 0.947278
vt 0.542732 0.426011
vt 0.550843 0.419513
vt 0.542732 0.451541
vt 0.535641 0.419513
vt 0.535641 0.456981
vt 0.531423 0.419513
vt 0.550843 0.456981
vt 0.531423 0.456981
vt 0.468492 0.994830
vt 0.465379 0.967874
vt 0.468492 0.967422
vt 0.465379 0.994193
vt 0.471292 0.968171
vt 0.471292 0.994172
vt 0.468492 0.948521
vt 0.465379 0.952698
vt 0.471292 0.952994
vt 0.468492 0.934023
vt 0.478161 0.971674
vt 0.478161 0.990674
vt 0.472128 0.973891
vt 0.483920 0.973862
vt 0.478161 0.961598
vt 0.472128 0.964273
vt 0.489892 0.973891
vt 0.483920 0.964241
vt 0.489892 0.964273
vt 0.478200 0.954037
vt 0.486875 0.954037
vt 0.489892 0.985927
vt 0.483920 0.985861
vt 0.472128 0.987129
vt 0.099611 0.882059
vt 0.116515 0.875051
vt 0.095477 0.925831
vt 0.092904 0.882262
vt 0.108284 0.872168
vt 0.116364 0.850522
vt 0.107715 0.850878
vt 0.075407 0.853909
vt 0.075407 0.881551
vt 0.092030 0.903258
vt 0.094759 0.905444
vt 0.090983 0.925831
vt 0.090622 0.928250
vt 0.095203 0.928250
vt 0.116515 0.925831
vt 0.116515 0.928250
vt 0.148094 0.907673
vt 0.142930 0.945823
vt 0.154103 0.927609
vt 0.178663 0.928531
vt 0.151582 0.945381
vt 0.178663 0.914676
vt 0.157990 0.912500
vt 0.148094 0.866086
vt 0.148094 0.829547
vt 0.116357 0.820139
vt 0.107655 0.817461
vt 0.075407 0.816365
vt 0.043159 0.817461
vt 0.043099 0.850878
vt 0.042529 0.872168
vt 0.057910 0.882262
vt 0.075407 0.905703
vt 0.075407 0.908057
vt 0.075407 0.925831
vt 0.075407 0.928250
vt 0.088571 0.949193
vt 0.093207 0.949193
vt 0.116515 0.949193
vt 0.116515 0.951731
vt 0.116515 0.974808
vt 0.089423 0.974808
vt 0.116514 0.977361
vt 0.142930 0.977967
vt 0.116513 0.997844
vt 0.142855 0.997844
vt 0.149031 0.960775
vt 0.178663 0.971845
vt 0.151586 0.974705
vt 0.178663 0.957825
vt 0.230069 0.876945
vt 0.185934 0.899060
vt 0.226496 0.862989
vt 0.199759 0.904948
vt 0.226913 0.890876
vt 0.214647 0.902727
vt 0.178663 0.944302
vt 0.178663 0.900600
vt 0.160534 0.897854
vt 0.178663 0.886798
vt 0.163058 0.884149
vt 0.117710 0.792590
vt 0.148094 0.792626
vt 0.109688 0.788841
vt 0.075407 0.786260
vt 0.041126 0.788841
vt 0.034456 0.820139
vt 0.033102 0.792590
vt 0.002718 0.829547
vt 0.002718 0.792626
vt 0.002718 0.866086
vt 0.034450 0.850522
vt 0.034297 0.875051
vt 0.002718 0.907673
vt 0.034297 0.925831
vt 0.034297 0.928250
vt 0.007884 0.945823
vt 0.034297 0.949193
vt 0.034297 0.951731
vt 0.007884 0.977967
vt 0.034297 0.974808
vt 0.034300 0.977361
vt 0.034301 0.997844
vt 0.066882 0.997844
vt 0.059551 0.977312
vt 0.061389 0.974808
vt 0.057976 0.951731
vt 0.062611 0.951731
vt 0.065683 0.974808
vt 0.075407 0.977278
vt 0.075407 0.997844
vt 0.091263 0.977312
vt 0.085129 0.974808
vt 0.083931 0.997844
vt 0.198820 0.845552
vt 0.224474 0.773056
vt 0.220387 0.845552
vt 0.195113 0.815557
vt 0.197688 0.783453
vt 0.192405 0.805177
vt 0.178663 0.844194
vt 0.158266 0.843795
vt 0.154283 0.833549
vt 0.178663 0.852500
vt 0.161586 0.855099
vt 0.178647 0.863238
vt 0.164021 0.864672
vt 0.184685 0.797576
vt 0.172146 0.793838
vt 0.145831 0.737254
vt 0.137151 0.728054
vt 0.138001 0.673007
vt 0.115161 0.757116
vt 0.121710 0.766559
vt 0.075407 0.753613
vt 0.035653 0.757116
vt 0.029104 0.766559
vt 0.004982 0.737254
vt 0.204305 0.848552
vt 0.154283 0.998181
vt 0.178663 0.998365
vt 0.178663 0.833733
vt 0.202247 0.771373
vt 0.224474 0.764386
vt 0.105943 0.671935
vt 0.106820 0.661594
vt 0.127061 0.685327
vt 0.114002 0.686517
vt 0.121658 0.689889
vt 0.128516 0.720130
vt 0.120665 0.718959
vt 0.122378 0.731199
vt 0.075407 0.713344
vt 0.028436 0.731199
vt 0.013661 0.728054
vt 0.022297 0.720130
vt 0.023753 0.685327
vt 0.012813 0.673007
vt 0.192494 0.847642
vt 0.184360 0.852733
vt 0.044870 0.671935
vt 0.043994 0.661594
vt 0.051283 0.662935
vt 0.053171 0.646978
vt 0.047374 0.643103
vt 0.053628 0.625012
vt 0.045908 0.617837
vt 0.051272 0.620315
vt 0.046105 0.595744
vt 0.051572 0.589484
vt 0.059323 0.596573
vt 0.058922 0.585274
vt 0.058356 0.628660
vt 0.075407 0.646807
vt 0.075407 0.596530
vt 0.075407 0.585274
vt 0.224474 0.747212
vt 0.224474 0.720754
vt 0.205581 0.718071
vt 0.205407 0.737684
vt 0.204749 0.755362
vt 0.104904 0.617837
vt 0.103440 0.643103
vt 0.097641 0.646978
vt 0.099531 0.662935
vt 0.224474 0.758518
vt 0.075407 0.704833
vt 0.056359 0.697414
vt 0.063601 0.709690
vt 0.059758 0.707893
vt 0.055298 0.702386
vt 0.038637 0.694955
vt 0.028663 0.593529
vt 0.004035 0.629644
vt 0.015791 0.601169
vt 0.041391 0.637938
vt 0.040729 0.652680
vt 0.036109 0.713397
vt 0.030149 0.718959
vt 0.027982 0.714317
vt 0.087212 0.709690
vt 0.094454 0.697414
vt 0.095515 0.702386
vt 0.112177 0.694955
vt 0.118121 0.696746
vt 0.135021 0.601169
vt 0.146779 0.629644
vt 0.142646 0.641330
vt 0.122150 0.593529
vt 0.091055 0.707893
vt 0.114705 0.713397
vt 0.109423 0.637938
vt 0.110084 0.652680
vt 0.122832 0.714317
vt 0.032691 0.696746
vt 0.029156 0.689889
vt 0.036812 0.686517
vt 0.008167 0.641330
vt 0.092458 0.628660
vt 0.091491 0.596573
vt 0.091892 0.585274
vt 0.099242 0.589484
vt 0.099542 0.620315
vt 0.097185 0.625012
vt 0.104707 0.595744
vt 0.192817 0.833860
vt 0.007959 0.997844
vt 0.092836 0.951731
vt 0.088202 0.951731
vt 0.075407 0.951731
vt 0.075407 0.974808
vt 0.062242 0.949193
vt 0.057607 0.949193
vt 0.055610 0.928250
vt 0.060191 0.928250
vt 0.075407 0.949193
vt 0.059831 0.925831
vt 0.055335 0.925831
vt 0.051203 0.882059
vt 0.056055 0.905444
vt 0.058782 0.903258
vt 0.535037 0.457456
vt 0.535037 0.419631
vt 0.518370 0.457463
vt 0.542527 0.428912
vt 0.542514 0.457844
vt 0.551720 0.419639
vt 0.551703 0.457463
vt 0.518354 0.419639
vt 0.542532 0.418832
vt 0.542528 0.487783
vt 0.526698 0.487783
vt 0.586275 0.419639
vt 0.569576 0.457456
vt 0.586259 0.457463
vt 0.569567 0.419631
vt 0.560511 0.418832
vt 0.552876 0.419639
vt 0.560515 0.428912
vt 0.552893 0.457463
vt 0.560528 0.457844
vt 0.560514 0.487783
vt 0.577932 0.487783
vt 0.465285 0.450749
vt 0.457133 0.423725
vt 0.448735 0.450691
vt 0.473493 0.450335
vt 0.473436 0.423725
vt 0.481835 0.450691
vt 0.473593 0.479267
vt 0.481968 0.488515
vt 0.448601 0.488515
vt 0.465285 0.488573
vt 0.473827 0.494942
vt 0.456743 0.494942
vt 0.491664 0.450333
vt 0.500006 0.450714
vt 0.491830 0.423739
vt 0.491677 0.479265
vt 0.500022 0.488539
vt 0.516722 0.450721
vt 0.508214 0.423739
vt 0.483323 0.450721
vt 0.483339 0.488546
vt 0.491506 0.494941
vt 0.516705 0.488546
vt 0.508539 0.494941
vt 0.152413 0.826822
vt 0.157826 0.806525
vt 0.153229 0.777005
vt 0.156865 0.826897
vt 0.152419 0.826827
vt 0.153234 0.777010
vt 0.161728 0.800824
vt 0.163751 0.770295
vt 0.163745 0.770290
vt 0.187766 0.774967
vt 0.170894 0.757726
vt 0.170888 0.757721
vt 0.186674 0.723056
vt 0.171779 0.727192
vt 0.171773 0.727187
vt 0.173662 0.702688
vt 0.164434 0.714640
vt 0.164428 0.714635
vt 0.164126 0.676387
vt 0.153888 0.707809
vt 0.153882 0.707804
vt 0.153546 0.626762
vt 0.157860 0.626835
vt 0.153552 0.626768
vt 0.468309 0.554659
vt 0.443438 0.554659
vt 0.447302 0.590762
vt 0.474902 0.535765
vt 0.463374 0.524750
vt 0.482175 0.536039
vt 0.476139 0.519608
vt 0.476139 0.536039
vt 0.482175 0.519608
vt 0.482175 0.554942
vt 0.476139 0.554942
vt 0.482175 0.574857
vt 0.472402 0.575138
vt 0.441365 0.590767
vt 0.435667 0.554604
vt 0.441365 0.554604
vt 0.435667 0.590767
vt 0.435667 0.529573
vt 0.450257 0.529511
vt 0.441365 0.529573
vt 0.476139 0.574857
vt 0.495155 0.681606
vt 0.495155 0.673256
vt 0.496891 0.673270
vt 0.496891 0.683550
vt 0.510992 0.691900
vt 0.496891 0.691901
vt 0.510992 0.683550
vt 0.510992 0.681621
vt 0.496890 0.681620
vt 0.510992 0.673271
vt 0.496891 0.671385
vt 0.510992 0.671385
vt 0.512873 0.681607
vt 0.512874 0.673256
vt 0.526198 0.512422
vt 0.526198 0.506971
vt 0.547525 0.506971
vt 0.547525 0.501598
vt 0.526198 0.501598
vt 0.547525 0.495801
vt 0.526198 0.495801
vt 0.547525 0.490025
vt 0.526198 0.490025
vt 0.547525 0.512422
vt 0.382123 0.696956
vt 0.361819 0.696956
vt 0.365553 0.712573
vt 0.382065 0.662872
vt 0.375397 0.662872
vt 0.384755 0.666749
vt 0.393205 0.662872
vt 0.389476 0.666749
vt 0.388138 0.696956
vt 0.393205 0.696956
vt 0.389143 0.706110
vt 0.393205 0.712573
vt 0.384755 0.706110
vt 0.382123 0.712573
vt 0.384755 0.696956
vt 0.191356 0.430406
vt 0.194429 0.419975
vt 0.198215 0.430406
vt 0.191356 0.419975
vt 0.191356 0.444920
vt 0.198215 0.444920
vt 0.224501 0.468180
vt 0.218281 0.474362
vt 0.212076 0.463043
vt 0.212067 0.471794
vt 0.199641 0.468158
vt 0.205851 0.474351
vt 0.194465 0.480386
vt 0.203271 0.480536
vt 0.199619 0.492909
vt 0.205839 0.486727
vt 0.227295 0.560246
vt 0.230370 0.554225
vt 0.230370 0.560246
vt 0.227295 0.554225
vt 0.227295 0.506431
vt 0.186394 0.492058
vt 0.191356 0.541155
vt 0.185277 0.541199
vt 0.191356 0.480100
vt 0.180386 0.486087
vt 0.182867 0.480108
vt 0.186372 0.468152
vt 0.180374 0.474134
vt 0.174362 0.463212
vt 0.191356 0.461135
vt 0.198215 0.461135
vt 0.194429 0.535750
vt 0.200774 0.542395
vt 0.230370 0.506438
vt 0.227294 0.484062
vt 0.235482 0.484062
vt 0.226006 0.473099
vt 0.164172 0.549284
vt 0.190093 0.547530
vt 0.163298 0.560252
vt 0.202639 0.547602
vt 0.207989 0.557227
vt 0.199543 0.555698
vt 0.212938 0.568624
vt 0.198411 0.569110
vt 0.199543 0.569117
vt 0.198411 0.557338
vt 0.192487 0.557338
vt 0.192487 0.569110
vt 0.199348 0.579157
vt 0.200838 0.584834
vt 0.191555 0.578221
vt 0.190067 0.583539
vt 0.191354 0.569117
vt 0.191354 0.555698
vt 0.172640 0.566963
vt 0.236777 0.471804
vt 0.223264 0.552156
vt 0.223613 0.564851
vt 0.174370 0.471664
vt 0.162360 0.468174
vt 0.168370 0.474145
vt 0.455049 0.994891
vt 0.451869 0.965383
vt 0.455049 0.964815
vt 0.451869 0.994255
vt 0.457880 0.965360
vt 0.457880 0.994233
vt 0.455049 0.945613
vt 0.451869 0.950218
vt 0.457880 0.950192
vt 0.455049 0.927255
vt 0.350975 0.878776
vt 0.350975 0.900221
vt 0.378047 0.886930
vt 0.365361 0.874210
vt 0.365917 0.900930
vt 0.343580 0.890661
vt 0.343580 0.878776
vt 0.567714 0.419513
vt 0.560621 0.451541
vt 0.560621 0.426011
vt 0.567714 0.456981
vt 0.571931 0.456981
vt 0.571931 0.419513
vt 0.552511 0.419513
vt 0.552511 0.456981
vt 0.390199 0.900200
vt 0.407683 0.897188
vt 0.403264 0.906355
vt 0.390199 0.877811
vt 0.380436 0.884703
vt 0.378229 0.891994
vt 0.391850 0.912180
vt 0.400102 0.878960
vt 0.415403 0.887951
vt 0.411037 0.880756
vt 0.393239 0.868011
vt 0.287596 0.950533
vt 0.262612 0.950533
vt 0.287546 0.938829
vt 0.262612 0.998795
vt 0.287596 0.985942
vt 0.312160 0.950533
vt 0.312196 0.938829
vt 0.312110 0.908302
vt 0.287547 0.902327
vt 0.262563 0.938829
vt 0.262563 0.890257
vt 0.257354 0.950533
vt 0.287596 0.993427
vt 0.312160 0.980768
vt 0.312160 0.989548
vt 0.331011 0.857215
vt 0.322202 0.838290
vt 0.331055 0.846856
vt 0.327627 0.860325
vt 0.390259 0.860325
vt 0.359721 0.837365
vt 0.395685 0.838290
vt 0.359721 0.868806
vt 0.359721 0.874169
vt 0.358165 0.874169
vt 0.358165 0.863434
vt 0.358165 0.848702
vt 0.358165 0.838949
vt 0.336060 0.818325
vt 0.377131 0.819640
vt 0.381827 0.818325
vt 0.359721 0.796187
vt 0.358165 0.796187
vt 0.500039 0.450714
vt 0.394185 0.962731
vt 0.396393 0.977896
vt 0.387257 0.977383
vt 0.387263 0.977196
vt 0.396373 0.977763
vt 0.386102 0.965049
vt 0.111613 0.583644
vt 0.055209 0.569223
vt 0.085005 0.539947
vt 0.056736 0.534188
vt 0.028502 0.524870
vt 0.003283 0.548171
vt 0.003283 0.522498
vt 0.056875 0.468758
vt 0.031100 0.467627
vt 0.056773 0.429265
vt 0.003283 0.429265
vt 0.003283 0.467343
vt 0.083053 0.467594
vt 0.003283 0.418040
vt 0.111613 0.429265
vt 0.111613 0.467343
vt 0.111613 0.541472
vt 0.158233 0.712457
vt 0.158233 0.771553
vt 0.306993 0.713496
vt 0.295727 0.645157
vt 0.306993 0.645157
vt 0.295727 0.711912
vt 0.287520 0.643980
vt 0.287520 0.699727
vt 0.306993 0.588161
vt 0.295727 0.587761
vt 0.287520 0.580428
vt 0.287272 0.551225
vt 0.277581 0.551225
vt 0.277581 0.580428
vt 0.295727 0.567248
vt 0.306993 0.558947
vt 0.423898 0.630099
vt 0.405947 0.630099
vt 0.423849 0.616031
vt 0.423849 0.543218
vt 0.405947 0.557779
vt 0.405947 0.543218
vt 0.423849 0.557779
vt 0.433817 0.579592
vt 0.255805 0.526256
vt 0.423849 0.601458
vt 0.405947 0.616031
vt 0.405947 0.601458
vt 0.395815 0.579592
vt 0.405947 0.586891
vt 0.405947 0.572333
vt 0.423849 0.572333
vt 0.423849 0.586891
vt 0.296470 0.526256
vt 0.527831 0.662158
vt 0.532514 0.702793
vt 0.527831 0.708043
vt 0.532514 0.662158
vt 0.527831 0.633110
vt 0.548420 0.633110
vt 0.548420 0.662158
vt 0.536668 0.633110
vt 0.536668 0.662158
vt 0.532514 0.633110
vt 0.527831 0.603371
vt 0.536668 0.603371
vt 0.548420 0.603371
vt 0.532514 0.603371
vt 0.527831 0.575865
vt 0.536668 0.575865
vt 0.548420 0.575865
vt 0.532514 0.575865
vt 0.527831 0.547686
vt 0.536668 0.547686
vt 0.548420 0.547686
vt 0.532514 0.547686
vt 0.527831 0.522922
vt 0.536668 0.515375
vt 0.548420 0.523251
vt 0.532514 0.521938
vt 0.536668 0.712965
vt 0.548420 0.708043
vt 0.565987 0.522642
vt 0.561566 0.510208
vt 0.550786 0.513775
vt 0.565967 0.505356
vt 0.561933 0.507385
vt 0.550786 0.512525
vt 0.556903 0.485963
vt 0.550786 0.484833
vt 0.550786 0.513450
vt 0.556404 0.533311
vt 0.562509 0.528881
vt 0.554797 0.566491
vt 0.550786 0.574087
vt 0.550786 0.531748
vt 0.550786 0.486269
vt 0.557884 0.483957
vt 0.550786 0.482827
vt 0.061000 0.615918
vt 0.014986 0.699969
vt 0.054069 0.613102
vt 0.063667 0.592773
vt 0.005938 0.682817
vt 0.056738 0.589517
vt 0.392994 0.566697
vt 0.394983 0.565890
vt 0.406167 0.590800
vt 0.064218 0.531845
vt 0.113797 0.531845
vt 0.065311 0.539396
vt 0.112704 0.539396
vt 0.393906 0.568230
vt 0.395894 0.567296
vt 0.410456 0.594042
vt 0.400859 0.609374
vt 0.402271 0.608583
vt 0.410020 0.622285
vt 0.061690 0.674636
vt 0.079961 0.681847
vt 0.076454 0.686260
vt 0.406751 0.609308
vt 0.399002 0.623010
vt 0.405339 0.608517
vt 0.397590 0.622219
vt 0.391280 0.603503
vt 0.386454 0.608860
vt 0.390067 0.602434
vt 0.008752 0.766286
vt 0.013504 0.763622
vt 0.014152 0.775833
vt 0.381911 0.565357
vt 0.375874 0.563801
vt 0.381911 0.563801
vt 0.375874 0.565357
vt 0.401879 0.618216
vt 0.398970 0.620189
vt 0.400518 0.617452
vt 0.400332 0.620952
vt 0.425816 0.563801
vt 0.431854 0.565357
vt 0.425816 0.565357
vt 0.431854 0.563801
vt 0.396715 0.578758
vt 0.390649 0.574490
vt 0.391858 0.573417
vt 0.396430 0.579803
vt 0.395168 0.580904
vt 0.390336 0.575576
vt 0.381785 0.563687
vt 0.375928 0.565356
vt 0.375960 0.563687
vt 0.381839 0.565356
vt 0.389876 0.602735
vt 0.386185 0.609118
vt 0.384922 0.608019
vt 0.018903 0.773170
vt 0.417806 0.566557
vt 0.416839 0.565262
vt 0.421335 0.561807
vt 0.408609 0.623077
vt 0.477418 0.800872
vt 0.482392 0.797650
vt 0.482737 0.798269
vt 0.334000 0.801119
vt 0.327336 0.798021
vt 0.327550 0.797618
vt 0.561625 0.757144
vt 0.569494 0.752847
vt 0.569688 0.753260
vt 0.561789 0.756279
vt 0.561475 0.755644
vt 0.569649 0.751967
vt 0.355474 0.794688
vt 0.336943 0.784874
vt 0.355985 0.792790
vt 0.493149 0.799901
vt 0.491980 0.798317
vt 0.555741 0.748122
vt 0.556910 0.749705
vt 0.330812 0.805746
vt 0.331952 0.804141
vt 0.334217 0.805736
vt 0.451421 0.805176
vt 0.447556 0.808047
vt 0.447347 0.807640
vt 0.559446 0.751148
vt 0.562146 0.749439
vt 0.562356 0.749845
vt 0.559106 0.753153
vt 0.558778 0.752524
vt 0.561815 0.751457
vt 0.333083 0.801242
vt 0.330437 0.798790
vt 0.333444 0.800632
vt 0.468532 0.799201
vt 0.467418 0.797359
vt 0.486309 0.786023
vt 0.533173 0.762204
vt 0.531705 0.760057
vt 0.556013 0.744070
vt 0.528485 0.772032
vt 0.536957 0.761038
vt 0.538620 0.763039
vt 0.526188 0.769266
vt 0.497746 0.788471
vt 0.521814 0.767133
vt 0.523894 0.770062
vt 0.495665 0.785541
vt 0.388608 0.793804
vt 0.393679 0.791808
vt 0.393032 0.795338
vt 0.388991 0.791696
vt 0.487422 0.787870
vt 0.557019 0.745533
vt 0.489405 0.798489
vt 0.488298 0.796864
vt 0.553963 0.749165
vt 0.555070 0.750797
vt 0.483597 0.801330
vt 0.482458 0.799727
vt 0.484723 0.798132
vt 0.299890 0.807084
vt 0.288440 0.789571
vt 0.301259 0.805669
vt 0.245282 0.748784
vt 0.236986 0.745326
vt 0.237196 0.744920
vt 0.245180 0.751344
vt 0.237201 0.747286
vt 0.245511 0.750717
vt 0.465022 0.804196
vt 0.464678 0.803576
vt 0.469234 0.800451
vt 0.348489 0.802670
vt 0.354158 0.806586
vt 0.353942 0.806988
vt 0.459476 0.802776
vt 0.454023 0.807095
vt 0.453807 0.806692
vt 0.563086 0.749459
vt 0.570837 0.744963
vt 0.571048 0.745368
vt 0.562785 0.751466
vt 0.562454 0.750839
vt 0.570556 0.747005
vt 0.342453 0.804290
vt 0.338240 0.800546
vt 0.342796 0.803669
vt 0.307076 0.807659
vt 0.303269 0.804940
vt 0.308591 0.806125
vt 0.305795 0.802382
vt 0.309982 0.788471
vt 0.283833 0.770062
vt 0.312062 0.785541
vt 0.272270 0.762055
vt 0.249010 0.744589
vt 0.273812 0.759960
vt 0.250065 0.743151
vt 0.295350 0.768214
vt 0.281962 0.764355
vt 0.283228 0.762085
vt 0.293601 0.771346
vt 0.285914 0.767133
vt 0.330580 0.799459
vt 0.312539 0.789392
vt 0.313786 0.787636
vt 0.329335 0.801220
vt 0.451865 0.793002
vt 0.470906 0.785086
vt 0.452376 0.794900
vt 0.314297 0.799988
vt 0.250536 0.749790
vt 0.315465 0.798406
vt 0.251705 0.748210
vt 0.477189 0.805841
vt 0.473784 0.805833
vt 0.476050 0.804238
vt 0.474001 0.801186
vt 0.480451 0.797686
vt 0.480667 0.798090
vt 0.246132 0.756569
vt 0.237756 0.753320
vt 0.237950 0.752905
vt 0.245694 0.756381
vt 0.237636 0.752484
vt 0.246008 0.755746
vt 0.330031 0.800939
vt 0.324712 0.798336
vt 0.325056 0.797715
vt 0.392390 0.884879
vt 0.398311 0.874857
vt 0.396056 0.879922
vt -0.003241 0.931491
vt 0.001401 0.846460
vt 0.005735 0.931491
vt 0.006907 0.777804
vt -0.002069 0.777804
vt 0.002418 0.773303
vt 0.415091 0.884983
vt 0.411425 0.880026
vt 0.409172 0.874960
vt 0.402660 0.931077
vt 0.414957 0.919239
vt 0.403618 0.931926
vt 0.413998 0.918389
vt 0.423062 0.838178
vt 0.427289 0.836804
vt 0.423795 0.839226
vt 0.426555 0.835760
vt 0.421797 0.892480
vt 0.426162 0.889838
vt 0.422717 0.893370
vt 0.425241 0.888954
vt 0.418642 0.913390
vt 0.426548 0.906456
vt 0.419602 0.914238
vt 0.425590 0.905607
vt 0.415154 0.878741
vt 0.419688 0.876339
vt 0.416020 0.879683
vt 0.418823 0.875396
vt 0.405046 0.826028
vt 0.409442 0.825185
vt 0.405640 0.827159
vt 0.408850 0.824053
vt 0.429526 0.900645
vt 0.448944 0.880875
vt 0.430483 0.901496
vt 0.447987 0.880026
vt 0.422546 0.791706
vt 0.421140 0.792472
vt 0.421025 0.791200
vt 0.384408 0.791639
vt 0.385976 0.791138
vt 0.385861 0.792410
vt 0.507508 0.807072
vt 0.506139 0.805658
vt 0.518957 0.789559
vt 0.319698 0.796762
vt 0.252924 0.750690
vt 0.254031 0.749065
vt 0.318590 0.798384
vt 0.324405 0.801233
vt 0.323279 0.798035
vt 0.325543 0.799630
vt 0.474377 0.801160
vt 0.474016 0.800549
vt 0.477023 0.798709
vt 0.248803 0.752980
vt 0.245889 0.751688
vt 0.249132 0.752352
vt 0.249000 0.750551
vt 0.245759 0.749882
vt 0.245968 0.749474
vt 0.356532 0.805059
vt 0.360606 0.807524
vt 0.360397 0.807929
vt 0.414691 0.566641
vt 0.401519 0.590743
vt 0.412703 0.565834
vt 0.400978 0.609307
vt 0.402390 0.608515
vt 0.410140 0.622217
vt 0.385719 0.563778
vt 0.390959 0.565856
vt 0.389963 0.567128
vt 0.406867 0.609374
vt 0.399118 0.623077
vt 0.405457 0.608583
vt 0.397707 0.622285
vt 0.415957 0.573408
vt 0.417168 0.574479
vt 0.412381 0.579847
vt 0.432189 0.565357
vt 0.426152 0.563801
vt 0.432189 0.563801
vt 0.426152 0.565357
vt 0.375539 0.563801
vt 0.381575 0.565357
vt 0.375539 0.565357
vt 0.381575 0.563801
vt 0.067789 0.729844
vt 0.046467 0.714979
vt 0.050691 0.711242
vt 0.068389 0.732041
vt 0.063973 0.735866
vt 0.046950 0.717344
vt 0.432103 0.563687
vt 0.426225 0.565356
vt 0.426279 0.563687
vt 0.432136 0.565356
vt 0.045724 0.612484
vt 0.033023 0.634820
vt 0.028628 0.630975
vt 0.380525 0.592927
vt 0.385000 0.589492
vt 0.381502 0.594214
vt 0.408728 0.623009
vt 0.386863 0.575167
vt 0.388850 0.574360
vt 0.400053 0.599261
vt 0.371432 0.551010
vt 0.385644 0.551010
vt 0.371745 0.553175
vt 0.385331 0.553175
vt 0.386086 0.568477
vt 0.388072 0.567544
vt 0.402635 0.594290
vt 0.413768 0.568228
vt 0.397220 0.594040
vt 0.411782 0.567295
vt 0.478119 0.801119
vt 0.493667 0.787540
vt 0.494914 0.789297
vt 0.476872 0.799367
vt 0.500319 0.807654
vt 0.501599 0.802377
vt 0.504125 0.804935
vt 0.498804 0.806121
vt 0.497472 0.788375
vt 0.521539 0.767035
vt 0.523619 0.769965
vt 0.495391 0.785446
vt 0.513894 0.771209
vt 0.524268 0.761941
vt 0.525534 0.764212
vt 0.512148 0.768065
vt 0.535176 0.761966
vt 0.533635 0.759871
vt 0.557381 0.743067
vt 0.558436 0.744497
vt 0.390602 0.573752
vt 0.378830 0.566497
vt 0.383162 0.566497
vt 0.383162 0.496010
vt 0.378830 0.496010
vt 0.383162 0.490960
vt 0.374498 0.490960
vt 0.374498 0.496010
vt 0.367058 0.573752
vt 0.374498 0.566497
vt 0.428898 0.508666
vt 0.433229 0.508666
vt 0.440669 0.515860
vt 0.374498 0.633042
vt 0.374498 0.624768
vt 0.378830 0.624768
vt 0.383162 0.633042
vt 0.383162 0.624768
vt 0.417125 0.515860
vt 0.424565 0.508666
vt 0.441005 0.573752
vt 0.429233 0.566497
vt 0.433564 0.566497
vt 0.433564 0.496010
vt 0.424901 0.490960
vt 0.433564 0.490960
vt 0.429233 0.496010
vt 0.424901 0.496010
vt 0.417461 0.573752
vt 0.424901 0.566497
vt 0.366722 0.515860
vt 0.374163 0.508666
vt 0.378495 0.508666
vt 0.105442 0.818008
vt 0.090331 0.789142
vt 0.105442 0.789142
vt 0.075221 0.818008
vt 0.075221 0.789142
vt 0.382826 0.508666
vt 0.390266 0.515860
vt 0.325095 0.797912
vt 0.320187 0.795637
vt 0.320409 0.795238
vt 0.477578 0.800140
vt 0.481293 0.797879
vt 0.481638 0.798500
vt 0.560214 0.755903
vt 0.559884 0.755274
vt 0.562945 0.754230
vt 0.560102 0.756663
vt 0.562836 0.754994
vt 0.563041 0.755403
vt 0.247267 0.756005
vt 0.244329 0.754741
vt 0.247596 0.755376
vt 0.247640 0.756064
vt 0.244371 0.755430
vt 0.244576 0.755021
vt 0.482917 0.797970
vt 0.487603 0.795296
vt 0.487825 0.795695
vt 0.329870 0.800206
vt 0.325812 0.798566
vt 0.326155 0.797948
vt 0.421536 0.792454
vt 0.421421 0.791181
vt 0.422989 0.791683
vt 0.405031 0.931057
vt 0.404073 0.931906
vt 0.393692 0.918370
vt 0.392734 0.919219
vt 0.384867 0.838337
vt 0.384134 0.839385
vt 0.381373 0.835912
vt 0.380640 0.836966
vt 0.381373 0.835918
vt 0.386007 0.892580
vt 0.385086 0.893470
vt 0.382564 0.889049
vt 0.381642 0.889942
vt 0.389051 0.913373
vt 0.388093 0.914221
vt 0.382103 0.905590
vt 0.381145 0.906440
vt 0.391546 0.879554
vt 0.387877 0.876210
vt 0.388743 0.875268
vt 0.398602 0.823926
vt 0.402406 0.825901
vt 0.401812 0.827033
vt 0.378161 0.900620
vt 0.377202 0.901471
vt 0.359699 0.880000
vt 0.398010 0.825060
vt 0.386919 0.792515
vt 0.385512 0.791750
vt 0.387032 0.791243
vt 0.358742 0.880850
vt 0.392411 0.878612
vt 0.340557 0.797235
vt 0.320550 0.787742
vt 0.321664 0.785899
vt 0.339440 0.799073
vt 0.419031 0.793587
vt 0.414606 0.795120
vt 0.418643 0.791472
vt 0.413967 0.791584
vt 0.418650 0.791464
vt 0.312337 0.785446
vt 0.284108 0.769965
vt 0.286188 0.767035
vt 0.310256 0.788375
vt 0.281842 0.769211
vt 0.269410 0.762983
vt 0.271074 0.760981
vt 0.279545 0.771973
vt 0.276289 0.759946
vt 0.250977 0.745428
vt 0.251981 0.743960
vt 0.274822 0.762098
vt 0.414510 0.918326
vt 0.429526 0.901524
vt 0.414960 0.918724
vt 0.429975 0.901922
vt 0.394258 0.998317
vt 0.435920 0.998144
vt 0.435058 0.988288
vt 0.482534 0.988283
vt 0.483213 0.998651
vt 0.516226 0.988202
vt 0.515860 0.998549
vt 0.440412 0.971266
vt 0.357516 0.998215
vt 0.357055 0.988869
vt 0.386115 0.988283
vt 0.435836 0.970103
vt 0.475024 0.971533
vt 0.503709 0.969977
vt 0.488438 0.934637
vt 0.469615 0.902230
vt 0.400543 0.930842
vt 0.365857 0.964070
vt 0.419201 0.934025
vt 0.391771 0.967726
vt 0.442121 0.937262
vt 0.467657 0.936491
vt 0.116022 1.631083
vt 0.041085 1.621447
vt 0.005691 1.595719
vt 0.956783 0.749328
vt 0.958336 0.723280
vt 0.958336 0.749338
vt 0.956783 0.749169
vt 0.955229 0.723101
vt 0.956783 0.723111
vt 0.953434 0.749159
vt 0.953434 0.723101
vt 0.951879 0.723111
vt 0.971493 0.723111
vt 0.969938 0.749159
vt 0.969938 0.723101
vt 0.968143 0.749159
vt 0.968143 0.723101
vt 0.966588 0.749169
vt 0.966588 0.723111
vt 0.961686 0.749328
vt 0.963240 0.723280
vt 0.963240 0.749338
vt 0.965034 0.723280
vt 0.965034 0.749338
vt 0.966588 0.749328
vt 0.960131 0.723280
vt 0.960131 0.749338
vt 0.961685 0.723270
vt 0.961685 0.749328
vt 0.960606 0.721423
vt 0.964853 0.721870
vt 0.959052 0.722034
vt 0.958510 0.723109
vt 0.959958 0.723109
vt 0.958155 0.722337
vt 0.959720 0.722445
vt 0.958155 0.722489
vt 0.961210 0.723101
vt 0.960025 0.722501
vt 0.958878 0.722621
vt 0.955229 0.749159
vt 0.956308 0.749338
vt 0.955054 0.749330
vt 0.960131 0.722698
vt 0.960551 0.722533
vt 0.953607 0.749330
vt 0.961159 0.722533
vt 0.961578 0.722698
vt 0.951879 0.749169
vt 0.952354 0.749338
vt 0.961686 0.722501
vt 0.962832 0.722622
vt 0.971018 0.749338
vt 0.969764 0.749330
vt 0.961991 0.722445
vt 0.963556 0.722489
vt 0.968316 0.749330
vt 0.963556 0.722337
vt 0.961991 0.722381
vt 0.967064 0.749338
vt 0.961686 0.722326
vt 0.962832 0.722205
vt 0.963413 0.723109
vt 0.961160 0.722293
vt 0.961579 0.722128
vt 0.964860 0.723109
vt 0.960131 0.722128
vt 0.960551 0.722293
vt 0.966114 0.723101
vt 0.966588 0.723270
vt 0.960025 0.722326
vt 0.958879 0.722205
vt 0.956783 0.723270
vt 0.959720 0.722381
vt 0.971493 0.749169
vt 0.958155 0.721870
vt 0.958155 0.721681
vt 0.959052 0.721517
vt 0.962401 0.721423
vt 0.963954 0.721517
vt 0.964853 0.721681
vt 0.963954 0.722034
vt 0.962401 0.722128
vt 0.960606 0.722128
vt 0.962159 0.723101
vt 0.957257 0.723101
vt 0.614905 0.994127
vt 0.638718 0.894394
vt 0.616585 0.894115
vt 0.638437 0.994127
vt 0.661129 0.894394
vt 0.661689 0.994127
vt 0.683261 0.894115
vt 0.684941 0.993848
vt 0.705673 0.893556
vt 0.708474 0.993569
vt 0.728645 0.892718
vt 0.731726 0.992730
vt 0.591653 0.993848
vt 0.593614 0.893556
vt 0.704832 0.886572
vt 0.682981 0.886852
vt 0.661129 0.887131
vt 0.638998 0.887131
vt 0.617147 0.886852
vt 0.595854 0.886572
vt 0.726124 0.885734
vt 0.792798 0.928476
vt 0.792798 0.973175
vt 0.831739 0.950826
vt 0.831739 0.905848
vt 0.870679 0.928476
vt 0.870679 0.973175
vt 0.831739 0.995524
vt 0.878243 0.837963
vt 0.825575 0.818966
vt 0.825295 0.855842
vt 0.793638 0.837124
vt 0.793358 0.873722
vt 0.825015 0.892439
vt 0.877963 0.874559
vt 0.723042 0.714484
vt 0.702311 0.738788
vt 0.681300 0.739068
vt 0.660289 0.739347
vt 0.638998 0.739347
vt 0.617987 0.715042
vt 0.596976 0.715042
vt 0.846026 0.720071
vt 0.759740 0.734598
vt 0.842383 0.734598
vt 0.763662 0.720071
vt 0.759740 0.760299
vt 0.842383 0.760299
vt 0.763662 0.774827
vt 0.846026 0.774827
vt 0.729204 0.733201
vt 0.729204 0.761417
vt 0.872920 0.761417
vt 0.872920 0.733201
vt 0.739009 0.872045
vt 0.777110 0.891042
vt 0.777110 0.872045
vt 0.739009 0.891042
vt 0.777110 0.909759
vt 0.739009 0.909759
vt 0.777110 0.928756
vt 0.739009 0.928756
vt 0.777110 0.947753
vt 0.739009 0.947753
vt 0.777110 0.966749
vt 0.739009 0.966749
vt 0.739009 0.853048
vt 0.777110 0.853048
vt 0.792798 0.882102
vt 0.792798 0.900261
vt 0.792798 0.918699
vt 0.808767 0.909480
vt 0.808767 0.891042
vt 0.786914 0.778179
vt 0.764223 0.816172
vt 0.786914 0.816172
vt 0.764223 0.778179
vt 0.738729 0.816172
vt 0.738729 0.778179
vt 0.812689 0.778179
vt 0.812689 0.816172
vt 0.835380 0.778179
vt 0.835380 0.816172
vt 0.764223 0.841595
vt 0.786914 0.841595
vt 0.899584 0.748660
vt 0.901131 0.722613
vt 0.901131 0.748670
vt 0.899584 0.748501
vt 0.898039 0.722433
vt 0.899584 0.722443
vt 0.896252 0.748491
vt 0.896252 0.722433
vt 0.894705 0.722443
vt 0.914220 0.722443
vt 0.912673 0.748491
vt 0.912673 0.722433
vt 0.910887 0.748491
vt 0.910887 0.722433
vt 0.909342 0.748501
vt 0.909342 0.722443
vt 0.904463 0.748660
vt 0.906009 0.722613
vt 0.906009 0.748670
vt 0.907794 0.722613
vt 0.907794 0.748670
vt 0.909342 0.748660
vt 0.902916 0.722613
vt 0.902916 0.748670
vt 0.904463 0.722603
vt 0.903389 0.720755
vt 0.907613 0.721202
vt 0.901843 0.721366
vt 0.901303 0.722441
vt 0.902744 0.722441
vt 0.900949 0.721669
vt 0.902507 0.721777
vt 0.900949 0.721822
vt 0.903990 0.722433
vt 0.902810 0.721833
vt 0.901669 0.721953
vt 0.898039 0.748491
vt 0.899112 0.748670
vt 0.897864 0.748662
vt 0.902916 0.722030
vt 0.903333 0.721865
vt 0.896425 0.748662
vt 0.903939 0.721865
vt 0.904356 0.722030
vt 0.894705 0.748501
vt 0.895178 0.748670
vt 0.904463 0.721833
vt 0.905603 0.721954
vt 0.913748 0.748670
vt 0.912500 0.748662
vt 0.904766 0.721777
vt 0.906323 0.721822
vt 0.911060 0.748662
vt 0.906323 0.721669
vt 0.904766 0.721713
vt 0.909814 0.748670
vt 0.904463 0.721658
vt 0.905603 0.721537
vt 0.906182 0.722441
vt 0.903939 0.721626
vt 0.904356 0.721461
vt 0.907622 0.722441
vt 0.902916 0.721461
vt 0.903333 0.721626
vt 0.908869 0.722433
vt 0.909342 0.722603
vt 0.902810 0.721658
vt 0.901670 0.721537
vt 0.899584 0.722603
vt 0.902507 0.721713
vt 0.914220 0.748501
vt 0.900949 0.721202
vt 0.900949 0.721013
vt 0.901843 0.720849
vt 0.905174 0.720755
vt 0.906721 0.720849
vt 0.907613 0.721013
vt 0.906721 0.721366
vt 0.905174 0.721461
vt 0.903389 0.721461
vt 0.904935 0.722433
vt 0.900056 0.722433
vt 0.614112 0.993320
vt 0.637805 0.893587
vt 0.615784 0.893308
vt 0.637526 0.993320
vt 0.660103 0.893587
vt 0.660662 0.993320
vt 0.682124 0.893308
vt 0.683797 0.993041
vt 0.704422 0.892749
vt 0.707210 0.992761
vt 0.727279 0.891911
vt 0.730344 0.991923
vt 0.590978 0.993041
vt 0.592929 0.892749
vt 0.703587 0.885765
vt 0.681845 0.886044
vt 0.660103 0.886324
vt 0.638084 0.886324
vt 0.616343 0.886044
vt 0.595158 0.885765
vt 0.724770 0.884927
vt 0.791109 0.927669
vt 0.791109 0.972368
vt 0.829853 0.950018
vt 0.829853 0.905041
vt 0.868597 0.927669
vt 0.868597 0.972368
vt 0.829853 0.994717
vt 0.876122 0.837155
vt 0.823720 0.818159
vt 0.823441 0.855035
vt 0.791945 0.836317
vt 0.791665 0.872914
vt 0.823163 0.891631
vt 0.875844 0.873752
vt 0.721704 0.713677
vt 0.701077 0.737981
vt 0.680173 0.738260
vt 0.659267 0.738540
vt 0.638084 0.738540
vt 0.617178 0.714235
vt 0.596274 0.714235
vt 0.844068 0.719264
vt 0.758218 0.733791
vt 0.840444 0.733791
vt 0.762120 0.719264
vt 0.758218 0.759492
vt 0.840444 0.759492
vt 0.762120 0.774019
vt 0.844068 0.774019
vt 0.727835 0.732394
vt 0.727835 0.760610
vt 0.870826 0.760610
vt 0.870826 0.732394
vt 0.737592 0.871238
vt 0.775499 0.890234
vt 0.775499 0.871238
vt 0.737592 0.890234
vt 0.775499 0.908952
vt 0.737592 0.908952
vt 0.775499 0.927949
vt 0.737592 0.927949
vt 0.775499 0.946946
vt 0.737592 0.946946
vt 0.775499 0.965942
vt 0.737592 0.965942
vt 0.737592 0.852241
vt 0.775499 0.852241
vt 0.791109 0.881295
vt 0.791109 0.899454
vt 0.791109 0.917892
vt 0.806996 0.908673
vt 0.806996 0.890234
vt 0.785255 0.777371
vt 0.762678 0.815365
vt 0.785255 0.815365
vt 0.762678 0.777371
vt 0.737313 0.815365
vt 0.737313 0.777371
vt 0.810899 0.777371
vt 0.810899 0.815365
vt 0.833477 0.777371
vt 0.833477 0.815365
vt 0.762678 0.840787
vt 0.785255 0.840787
vt 0.950309 0.751101
vt 0.951878 0.725053
vt 0.951878 0.751111
vt 0.950309 0.750942
vt 0.948742 0.724874
vt 0.950309 0.724884
vt 0.946930 0.750932
vt 0.946930 0.724874
vt 0.945360 0.724884
vt 0.965156 0.724884
vt 0.963586 0.750932
vt 0.963586 0.724874
vt 0.961775 0.750932
vt 0.961775 0.724874
vt 0.960207 0.750942
vt 0.960207 0.724884
vt 0.955258 0.751101
vt 0.956827 0.725053
vt 0.956827 0.751111
vt 0.958637 0.725053
vt 0.958637 0.751111
vt 0.960207 0.751101
vt 0.953690 0.725053
vt 0.953690 0.751111
vt 0.955258 0.725044
vt 0.954169 0.723196
vt 0.958455 0.723643
vt 0.952600 0.723807
vt 0.952053 0.724882
vt 0.953514 0.724882
vt 0.951694 0.724110
vt 0.953275 0.724218
vt 0.951694 0.724263
vt 0.954779 0.724874
vt 0.953582 0.724274
vt 0.952424 0.724394
vt 0.948742 0.750932
vt 0.949830 0.751111
vt 0.948565 0.751103
vt 0.953690 0.724471
vt 0.954112 0.724306
vt 0.947105 0.751103
vt 0.954726 0.724306
vt 0.955149 0.724471
vt 0.945360 0.750942
vt 0.945839 0.751111
vt 0.955258 0.724274
vt 0.956415 0.724395
vt 0.964677 0.751111
vt 0.963412 0.751103
vt 0.955567 0.724218
vt 0.957146 0.724263
vt 0.961951 0.751103
vt 0.957146 0.724110
vt 0.955567 0.724154
vt 0.960685 0.751111
vt 0.955258 0.724099
vt 0.956415 0.723978
vt 0.957002 0.724882
vt 0.954728 0.724067
vt 0.955151 0.723902
vt 0.958463 0.724882
vt 0.953690 0.723902
vt 0.954112 0.724067
vt 0.959728 0.724874
vt 0.960207 0.725044
vt 0.953582 0.724099
vt 0.952425 0.723978
vt 0.950309 0.725044
vt 0.953275 0.724154
vt 0.965156 0.750942
vt 0.951694 0.723643
vt 0.951694 0.723454
vt 0.952600 0.723290
vt 0.955980 0.723196
vt 0.957549 0.723290
vt 0.958455 0.723454
vt 0.957549 0.723807
vt 0.955980 0.723902
vt 0.954169 0.723902
vt 0.955736 0.724874
vt 0.950788 0.724874
vt 0.613509 0.993555
vt 0.637543 0.893822
vt 0.615205 0.893543
vt 0.637259 0.993555
vt 0.660161 0.893822
vt 0.660727 0.993555
vt 0.682499 0.893543
vt 0.684195 0.993276
vt 0.705118 0.892984
vt 0.707946 0.992996
vt 0.728303 0.892146
vt 0.731414 0.992158
vt 0.590041 0.993276
vt 0.592020 0.892984
vt 0.704270 0.886000
vt 0.682216 0.886279
vt 0.660161 0.886559
vt 0.637825 0.886559
vt 0.615771 0.886279
vt 0.594282 0.886000
vt 0.725758 0.885162
vt 0.793052 0.927904
vt 0.793052 0.972603
vt 0.832354 0.950253
vt 0.832354 0.905276
vt 0.871655 0.927904
vt 0.871655 0.972603
vt 0.832354 0.994952
vt 0.879289 0.837390
vt 0.826133 0.818394
vt 0.825849 0.855270
vt 0.793901 0.836552
vt 0.793617 0.873149
vt 0.825567 0.891866
vt 0.879007 0.873987
vt 0.722648 0.713912
vt 0.701725 0.738216
vt 0.680520 0.738495
vt 0.659313 0.738775
vt 0.637825 0.738775
vt 0.616619 0.714470
vt 0.595413 0.714470
vt 0.846774 0.719499
vt 0.759688 0.734026
vt 0.843097 0.734026
vt 0.763645 0.719499
vt 0.759688 0.759727
vt 0.843097 0.759727
vt 0.763645 0.774255
vt 0.846774 0.774255
vt 0.728868 0.732629
vt 0.728868 0.760845
vt 0.873917 0.760845
vt 0.873917 0.732629
vt 0.738764 0.871473
vt 0.777218 0.890470
vt 0.777218 0.871473
vt 0.738764 0.890470
vt 0.777218 0.909187
vt 0.738764 0.909187
vt 0.777218 0.928184
vt 0.738764 0.928184
vt 0.777218 0.947181
vt 0.738764 0.947181
vt 0.777218 0.966177
vt 0.738764 0.966177
vt 0.738764 0.852476
vt 0.777218 0.852476
vt 0.793052 0.881530
vt 0.793052 0.899689
vt 0.793052 0.918127
vt 0.809169 0.908908
vt 0.809169 0.890470
vt 0.787113 0.777607
vt 0.764211 0.815600
vt 0.787113 0.815600
vt 0.764211 0.777607
vt 0.738482 0.815600
vt 0.738482 0.777607
vt 0.813127 0.777607
vt 0.813127 0.815600
vt 0.836030 0.777607
vt 0.836030 0.815600
vt 0.764211 0.841022
vt 0.787113 0.841022
s 0
f 131/135/99 132/136/99 133/137/99
f 134/138/100 135/139/100 136/140/100
f 135/139/101 137/141/101 138/142/101
f 137/141/102 139/143/102 138/142/102
f 139/144/103 140/145/103 141/146/103
f 141/146/104 142/147/104 143/148/104
f 143/148/105 144/149/105 145/150/105
f 145/151/106 146/152/106 147/153/106
f 147/153/107 148/154/107 149/155/107
f 148/154/108 131/156/108 149/155/108
f 133/137/109 150/157/109 151/158/109
f 151/158/110 134/159/110 136/151/110
f 135/160/111 143/161/111 131/162/111
f 150/157/112 152/163/112 153/164/112
f 152/165/113 154/166/113 153/167/113
f 150/157/114 155/168/114 134/159/114
f 153/167/115 156/169/115 155/170/115
f 157/171/116 155/172/116 158/173/116
f 158/174/117 156/169/117 159/175/117
f 157/171/118 160/176/118 137/141/118
f 158/174/119 161/177/119 160/178/119
f 162/179/120 160/176/120 163/180/120
f 160/178/121 164/181/121 163/182/121
f 140/145/122 163/183/122 165/184/122
f 163/182/123 166/185/123 165/186/123
f 140/145/124 167/187/124 142/147/124
f 167/188/125 166/185/125 168/189/125
f 144/149/126 167/187/126 169/190/126
f 167/188/127 170/191/127 169/192/127
f 144/159/128 171/193/128 146/152/128
f 169/192/129 172/194/129 171/195/129
f 148/154/130 171/193/130 173/196/130
f 173/197/131 172/194/131 174/198/131
f 148/154/132 175/199/132 176/200/132
f 173/197/133 177/201/133 175/202/133
f 176/203/134 152/163/134 132/136/134
f 152/165/135 177/201/135 178/204/135
f 174/198/136 166/185/136 156/169/136
f 131/135/137 176/203/137 132/136/137
f 134/138/100 157/171/100 135/139/100
f 135/139/138 157/171/138 137/141/138
f 137/141/139 162/179/139 139/143/139
f 139/144/140 162/205/140 140/145/140
f 141/146/141 140/145/141 142/147/141
f 143/148/142 142/147/142 144/149/142
f 145/151/143 144/159/143 146/152/143
f 147/153/144 146/152/144 148/154/144
f 148/154/108 176/200/108 131/156/108
f 133/137/109 132/136/109 150/157/109
f 151/158/145 150/157/145 134/159/145
f 131/162/146 133/206/146 151/207/146
f 151/207/147 136/208/147 131/162/147
f 135/160/148 138/209/148 143/161/148
f 139/210/149 141/211/149 143/161/149
f 143/161/150 145/212/150 131/162/150
f 147/213/151 149/214/151 131/162/151
f 131/162/152 136/208/152 135/160/152
f 138/209/152 139/210/152 143/161/152
f 145/212/153 147/213/153 131/162/153
f 150/157/154 132/136/154 152/163/154
f 152/165/155 178/204/155 154/166/155
f 150/157/156 153/164/156 155/168/156
f 153/167/157 154/166/157 156/169/157
f 157/171/116 134/138/116 155/172/116
f 158/174/158 155/170/158 156/169/158
f 157/171/118 158/173/118 160/176/118
f 158/174/119 159/175/119 161/177/119
f 162/179/159 137/141/159 160/176/159
f 160/178/160 161/177/160 164/181/160
f 140/145/161 162/205/161 163/183/161
f 163/182/162 164/181/162 166/185/162
f 140/145/163 165/184/163 167/187/163
f 167/188/164 165/186/164 166/185/164
f 144/149/165 142/147/165 167/187/165
f 167/188/166 168/189/166 170/191/166
f 144/159/167 169/215/167 171/193/167
f 169/192/168 170/191/168 172/194/168
f 148/154/130 146/152/130 171/193/130
f 173/197/169 171/195/169 172/194/169
f 148/154/132 173/196/132 175/199/132
f 173/197/170 174/198/170 177/201/170
f 176/203/171 175/216/171 152/163/171
f 152/165/135 175/202/135 177/201/135
f 156/169/172 154/166/172 174/198/172
f 178/204/173 177/201/173 174/198/173
f 174/198/174 172/194/174 170/191/174
f 170/191/175 168/189/175 174/198/175
f 166/185/176 164/181/176 161/177/176
f 161/177/177 159/175/177 166/185/177
f 154/166/178 178/204/178 174/198/178
f 174/198/179 168/189/179 166/185/179
f 166/185/180 159/175/180 156/169/180
s 1
f 179/217/181 180/218/182 181/219/183
f 179/217/181 182/220/184 180/218/182
f 182/220/184 183/221/185 180/218/182
f 182/220/184 184/222/186 183/221/185
f 184/222/186 185/223/187 183/221/185
f 184/222/186 186/224/188 185/223/187
f 186/224/188 187/225/189 185/223/187
f 186/224/188 188/226/190 187/225/189
f 188/226/190 189/227/191 187/225/189
f 188/226/190 190/228/192 189/227/191
f 190/229/192 179/217/181 181/219/183
f 190/229/192 181/219/183 189/230/191
f 185/223/187 187/225/189 191/231/193
f 185/223/187 191/231/193 192/232/194
f 183/221/185 185/223/187 192/232/194
f 183/221/185 192/232/194 193/233/195
f 180/218/182 183/221/185 193/233/195
f 180/218/182 193/233/195 194/234/196
f 181/219/183 180/218/182 194/234/196
f 181/219/183 194/234/196 195/235/197
f 189/230/191 181/219/183 195/235/197
f 189/230/191 195/235/197 196/236/198
f 187/225/189 196/237/198 191/231/193
f 187/225/189 189/227/191 196/237/198
f 182/238/184 179/239/181 197/240/199
f 184/241/186 182/238/184 197/240/199
f 186/242/188 184/241/186 197/240/199
f 188/243/190 186/242/188 197/240/199
f 190/244/192 188/243/190 197/240/199
f 179/239/181 190/244/192 197/240/199
f 198/245/200 199/246/201 200/247/202
f 199/246/201 201/248/203 200/247/202
f 201/248/203 202/249/204 200/247/202
f 202/249/204 203/250/205 200/247/202
f 203/250/205 204/251/206 200/247/202
f 204/251/206 198/245/200 200/247/202
f 191/231/193 204/252/206 203/253/205
f 191/231/193 196/237/198 204/252/206
f 192/232/194 191/231/193 203/253/205
f 192/232/194 203/253/205 202/254/204
f 193/233/195 192/232/194 202/254/204
f 193/233/195 202/254/204 201/255/203
f 194/234/196 193/233/195 201/255/203
f 194/234/196 201/255/203 199/256/201
f 195/235/197 194/234/196 199/256/201
f 195/235/197 199/256/201 198/257/200
f 196/236/198 195/235/197 198/257/200
f 196/236/198 198/257/200 204/258/206
f 205/259/207 206/260/208 207/261/209
f 205/259/207 208/262/210 206/260/208
f 207/261/209 209/263/211 210/264/212
f 207/261/209 206/260/208 209/263/211
f 210/264/212 211/265/213 212/266/214
f 210/264/212 209/263/211 211/265/213
f 208/267/210 209/263/211 206/260/208
f 208/267/210 211/268/213 209/263/211
f 212/269/214 207/261/209 210/264/212
f 212/269/214 205/270/207 207/261/209
f 213/271/215 214/272/216 215/273/217
f 213/271/215 216/274/218 214/272/216
f 216/274/218 217/275/219 214/272/216
f 216/274/218 218/276/220 217/275/219
f 218/276/220 219/277/221 217/275/219
f 218/276/220 220/278/222 219/277/221
f 220/278/222 221/279/223 219/277/221
f 220/278/222 222/280/224 221/279/223
f 222/280/224 223/281/225 221/279/223
f 222/280/224 224/282/226 223/281/225
f 224/283/226 213/271/215 215/273/217
f 224/283/226 215/273/217 223/284/225
f 215/285/217 214/272/216 225/286/227
f 214/272/216 217/275/219 225/286/227
f 217/275/219 219/287/221 225/286/227
f 219/287/221 221/288/223 225/286/227
f 221/288/223 223/289/225 225/286/227
f 223/289/225 215/285/217 225/286/227
f 226/271/228 227/272/229 228/273/230
f 226/271/228 229/274/231 227/272/229
f 229/274/231 230/275/232 227/272/229
f 229/274/231 231/276/233 230/275/232
f 231/276/233 232/277/234 230/275/232
f 231/276/233 233/278/235 232/277/234
f 233/278/235 234/279/236 232/277/234
f 233/278/235 235/280/237 234/279/236
f 235/280/237 236/281/238 234/279/236
f 235/280/237 237/282/239 236/281/238
f 237/283/239 226/271/228 228/273/230
f 237/283/239 228/273/230 236/284/238
f 228/285/230 227/272/229 238/286/240
f 227/272/229 230/275/232 238/286/240
f 230/275/232 232/287/234 238/286/240
f 232/287/234 234/288/236 238/286/240
f 234/288/236 236/289/238 238/286/240
f 236/289/238 228/285/230 238/286/240
f 239/290/241 240/291/242 241/292/243
f 239/290/241 242/293/244 240/291/242
f 242/293/244 243/294/245 240/291/242
f 242/293/244 244/295/246 243/294/245
f 245/296/247 239/290/241 241/292/243
f 245/296/247 241/292/243 246/297/248
f 246/297/248 244/298/246 245/296/247
f 246/297/248 243/299/245 244/298/246
f 241/292/243 243/300/245 246/301/248
f 241/292/243 240/291/242 243/300/245
f 277/302/249 247/303/250 248/304/251
f 247/303/250 249/305/252 248/304/251
f 248/304/251 249/305/252 250/306/253
f 249/305/252 251/307/254 250/306/253
f 251/307/254 252/308/255 250/306/253
f 251/307/254 253/309/256 252/308/255
f 253/309/256 254/310/257 252/308/255
f 255/311/258 254/310/257 253/309/256
f 256/312/259 254/313/259 255/314/259
f 257/315/260 254/313/260 256/312/260
f 257/315/261 258/316/262 254/313/263
f 257/317/264 259/318/265 258/319/266
f 257/317/264 260/320/267 259/318/265
f 256/321/268 260/320/267 257/317/264
f 256/321/268 261/322/269 260/320/267
f 261/322/269 262/323/270 260/320/267
f 263/324/271 262/323/270 261/322/269
f 264/325/272 262/323/270 263/324/271
f 264/326/273 248/327/274 262/328/275
f 264/326/276 277/329/276 248/327/276
f 265/330/277 277/329/249 264/326/278
f 265/331/279 264/325/272 266/332/280
f 264/325/272 263/324/271 266/332/280
f 265/331/277 266/332/281 281/333/282
f 262/328/275 248/327/274 250/334/283
f 250/334/284 260/320/285 262/328/286
f 250/334/284 252/308/287 260/320/285
f 252/308/287 267/335/288 260/320/285
f 252/308/255 268/336/289 267/335/290
f 254/310/257 268/336/289 252/308/255
f 254/313/263 258/316/262 268/337/291
f 258/316/292 269/338/293 268/337/294
f 269/339/295 258/319/266 270/340/296
f 270/340/296 258/319/266 259/318/265
f 259/318/297 271/341/298 270/342/299
f 267/335/300 271/341/298 259/318/297
f 272/343/301 271/344/302 267/335/290
f 273/345/303 271/344/302 272/343/301
f 273/345/303 274/346/304 271/344/302
f 275/347/305 274/348/306 273/349/307
f 275/347/305 276/350/308 274/348/306
f 275/351/309 269/339/295 276/352/310
f 275/347/311 272/353/312 269/338/312
f 275/347/311 273/349/311 272/353/312
f 268/337/294 269/338/293 272/353/313
f 272/343/301 267/335/290 268/336/289
f 276/352/310 269/339/295 270/340/296
f 270/342/314 274/354/315 276/355/315
f 270/342/314 271/341/314 274/354/315
f 260/320/285 267/335/288 259/318/316
f 265/330/277 247/356/250 277/329/249
f 281/357/282 247/356/250 265/330/277
f 278/358/317 279/359/318 280/360/319
f 281/361/320 279/359/321 278/358/322
f 281/361/320 282/362/323 279/359/321
f 281/363/324 283/364/325 282/365/326
f 281/363/327 284/366/328 283/364/329
f 281/363/327 285/367/330 284/366/328
f 285/368/331 281/369/320 278/358/322
f 285/368/331 278/358/322 286/370/332
f 286/370/333 278/358/317 287/371/334
f 278/358/317 288/372/335 287/371/334
f 278/358/317 280/360/319 288/372/335
f 288/372/336 280/360/337 289/373/338
f 290/374/339 289/373/338 280/360/337
f 291/375/340 289/376/340 290/377/340
f 291/375/340 292/378/340 289/376/340
f 291/379/341 293/380/342 292/381/343
f 294/382/344 293/380/342 291/379/341
f 295/383/345 293/384/346 294/385/347
f 296/386/348 293/384/346 295/383/345
f 292/378/349 293/384/350 296/386/351
f 292/378/349 296/386/351 289/376/352
f 288/372/336 289/373/338 296/387/353
f 287/371/354 288/372/336 296/387/353
f 287/371/354 296/387/353 295/388/355
f 297/389/356 287/371/354 295/388/355
f 297/389/357 298/390/358 287/371/334
f 285/368/359 298/390/359 297/389/359
f 285/368/331 286/370/332 298/390/360
f 286/370/333 287/371/334 298/390/358
f 285/368/361 297/389/362 299/391/363
f 297/389/364 300/392/364 299/391/364
f 297/389/365 301/393/365 300/392/365
f 301/393/366 297/389/356 302/394/367
f 302/394/367 297/389/356 295/388/355
f 302/394/368 295/388/368 303/395/368
f 299/391/369 303/396/370 295/397/371
f 300/392/372 303/396/370 299/391/369
f 300/392/372 304/398/373 303/396/370
f 300/392/374 301/393/374 304/399/374
f 301/393/375 305/400/375 304/399/375
f 301/393/366 302/394/367 305/400/376
f 302/394/377 303/395/377 305/400/377
f 304/398/373 305/401/378 303/396/370
f 295/383/379 294/385/380 299/402/381
f 299/402/381 294/385/380 306/403/382
f 306/404/383 294/382/344 291/379/341
f 306/404/383 291/379/341 307/405/384
f 290/377/385 307/406/386 291/375/387
f 282/365/388 307/406/386 290/377/385
f 282/365/326 283/364/325 307/406/389
f 283/407/390 306/404/383 307/405/384
f 284/408/391 306/404/383 283/407/390
f 285/367/361 306/409/392 284/366/393
f 285/367/361 299/410/363 306/409/392
f 282/362/323 290/374/339 308/411/394
f 308/411/394 290/374/339 280/360/337
f 279/359/318 308/411/395 280/360/319
f 282/362/323 308/411/394 279/359/321
f 309/412/396 310/413/397 311/414/398
f 309/412/396 312/415/399 310/413/397
f 313/416/400 312/415/401 309/412/402
f 314/417/403 312/415/401 313/416/400
f 310/413/404 312/415/404 314/417/404
f 310/413/404 314/417/404 315/418/404
f 313/416/405 315/418/406 314/417/407
f 316/419/408 315/418/406 313/416/405
f 315/418/409 316/419/410 310/413/411
f 316/419/410 311/414/412 310/413/411
f 311/414/413 316/419/414 313/416/415
f 311/414/413 313/416/415 309/412/416
f 317/420/417 318/421/418 319/422/419
f 317/420/420 320/423/421 318/421/422
f 321/424/423 320/423/421 317/420/420
f 320/425/424 321/426/425 322/427/426
f 321/426/425 319/422/427 322/427/426
f 323/428/428 319/422/427 321/426/425
f 323/428/428 324/429/429 319/422/427
f 325/430/430 324/429/431 323/428/432
f 325/430/430 326/431/433 324/429/431
f 327/432/434 326/431/435 325/430/436
f 328/433/437 326/431/435 327/432/434
f 329/434/438 326/431/439 328/433/440
f 329/434/438 330/435/441 326/431/439
f 329/434/442 325/436/443 330/435/444
f 331/437/445 325/436/446 329/434/447
f 331/437/445 327/438/448 325/436/446
f 331/437/445 332/436/449 327/438/448
f 331/437/445 333/434/450 332/436/449
f 331/437/451 334/431/452 333/434/453
f 331/437/451 328/433/454 334/431/452
f 331/437/455 329/434/438 328/433/440
f 334/431/456 328/433/437 332/430/457
f 332/430/457 328/433/437 327/432/434
f 332/430/458 335/428/459 334/431/460
f 332/436/461 336/439/462 335/440/463
f 333/434/464 336/439/462 332/436/461
f 333/434/453 334/431/452 336/439/465
f 334/431/452 337/441/466 336/439/465
f 335/428/459 337/441/467 334/431/460
f 335/428/468 338/426/469 337/441/470
f 336/439/462 338/424/471 335/440/463
f 336/439/462 339/420/472 338/424/471
f 336/439/465 337/441/466 339/420/473
f 337/441/466 340/422/474 339/420/473
f 338/426/469 340/422/475 337/441/470
f 341/425/476 340/422/475 338/426/469
f 341/425/476 342/427/477 340/422/475
f 339/420/473 340/422/474 342/427/478
f 339/420/473 342/427/478 343/421/479
f 338/424/471 339/420/472 343/421/480
f 338/424/471 343/421/480 341/423/481
f 325/436/443 323/440/482 330/435/444
f 330/435/444 323/440/482 321/424/423
f 330/435/444 321/424/423 317/420/420
f 330/435/441 317/420/417 324/429/483
f 324/429/483 317/420/417 319/422/419
f 326/431/439 330/435/441 324/429/483
f 319/422/419 318/421/418 322/427/484
f 344/442/485 345/443/485 346/444/485
f 345/443/486 344/442/486 347/445/486
f 344/442/487 346/444/487 347/445/487
f 347/445/488 346/444/488 345/443/488
f 348/446/489 349/447/489 350/448/489
f 351/449/490 349/447/490 348/450/490
f 352/451/491 349/447/491 351/449/491
f 350/448/492 349/447/492 352/451/492
f 352/451/493 353/452/494 350/448/495
f 354/453/496 353/452/494 352/451/493
f 355/454/497 353/452/494 354/453/496
f 355/454/498 356/455/499 353/452/500
f 355/454/498 357/456/501 356/455/499
f 358/457/502 357/456/501 355/454/498
f 358/457/502 359/458/502 357/456/501
f 360/459/503 359/458/503 358/457/503
f 359/460/504 360/459/504 361/461/504
f 360/459/505 362/462/505 361/461/505
f 360/459/506 358/457/506 362/462/506
f 358/457/507 355/454/497 362/462/508
f 362/462/508 355/454/497 354/453/496
f 362/462/509 354/453/510 361/461/511
f 354/453/510 363/463/512 361/461/511
f 354/453/510 352/451/513 363/463/512
f 363/463/512 352/451/513 364/464/514
f 351/449/515 364/464/514 352/451/513
f 348/450/516 364/464/517 351/449/518
f 348/450/516 356/465/519 364/464/517
f 356/455/499 348/446/520 353/452/500
f 353/452/500 348/446/520 350/448/521
f 357/466/522 364/464/517 356/465/519
f 357/466/522 363/463/523 364/464/517
f 359/460/524 363/463/523 357/466/522
f 359/460/524 361/461/525 363/463/523
f 365/467/526 366/468/527 367/469/528
f 365/467/526 368/470/529 366/468/527
f 369/471/530 366/468/531 368/470/532
f 369/471/533 370/472/534 366/468/535
f 369/471/536 367/473/537 370/472/538
f 369/471/539 365/474/539 367/473/539
f 367/473/537 371/475/540 370/472/538
f 371/476/541 367/469/542 372/477/543
f 372/477/543 367/469/542 366/468/544
f 366/468/535 373/478/545 372/477/546
f 370/472/534 373/478/545 366/468/535
f 370/472/538 371/475/540 373/478/547
f 371/475/548 374/479/548 373/478/548
f 374/480/549 371/476/549 372/477/549
f 374/479/550 372/477/550 373/478/550
f 375/442/551 376/444/551 377/443/551
f 375/442/552 378/445/552 376/444/552
f 377/443/553 378/445/553 375/442/553
f 376/444/554 378/445/554 377/443/554
f 379/442/555 380/444/555 381/445/555
f 379/442/556 382/443/556 380/444/556
f 382/443/557 379/442/557 381/445/557
f 381/445/558 380/444/558 382/443/558
f 383/481/559 384/482/559 385/483/559
f 383/481/560 386/484/560 384/482/560
f 386/484/561 383/481/561 385/483/561
f 385/483/562 384/482/562 386/484/562
f 387/485/563 388/486/563 389/487/563
f 387/485/564 390/488/564 388/486/564
f 391/489/565 390/488/566 387/485/567
f 391/489/568 392/490/569 390/488/570
f 391/489/571 393/491/571 392/490/571
f 391/489/565 387/485/567 393/491/572
f 394/492/573 393/491/572 387/485/567
f 393/491/574 395/493/574 392/490/574
f 392/490/575 395/493/576 396/494/577
f 397/495/578 396/496/577 395/497/576
f 398/498/579 396/496/577 397/495/578
f 398/498/579 399/499/580 396/496/577
f 400/500/581 399/499/580 398/498/579
f 401/501/582 399/502/580 400/503/581
f 402/504/583 401/501/584 403/505/585
f 404/506/586 403/505/585 401/501/584
f 404/506/586 405/507/587 403/505/585
f 404/506/588 406/508/589 405/507/590
f 404/506/591 401/501/591 406/508/591
f 406/508/592 401/501/592 400/503/592
f 400/500/593 398/498/594 407/509/595
f 407/509/595 398/498/594 408/510/596
f 398/498/597 409/511/598 408/510/599
f 409/511/600 398/498/579 410/512/601
f 410/512/601 398/498/579 397/495/578
f 397/495/602 411/513/603 410/512/604
f 397/495/602 412/514/605 411/513/603
f 412/514/606 397/495/607 395/497/608
f 412/514/606 395/497/608 394/515/609
f 394/497/610 389/496/611 412/495/612
f 387/485/613 389/487/611 394/492/610
f 412/495/612 389/496/611 402/499/614
f 389/487/615 388/486/616 392/490/569
f 392/490/569 388/486/616 390/488/570
f 412/495/612 402/499/614 408/498/617
f 408/498/617 402/499/614 407/500/618
f 403/505/619 407/516/618 402/504/614
f 413/517/620 407/516/620 403/505/620
f 407/516/621 413/517/622 406/508/589
f 406/508/589 413/517/622 405/507/590
f 405/507/623 413/517/623 403/505/623
f 414/511/624 412/495/612 408/498/617
f 411/512/625 412/495/612 414/511/624
f 415/518/626 411/512/625 414/511/624
f 416/519/627 411/512/625 415/518/626
f 410/512/604 411/513/603 416/520/628
f 410/512/604 416/520/628 417/519/629
f 416/520/630 418/521/631 417/519/632
f 419/522/633 418/521/634 416/519/627
f 420/523/635 418/521/634 419/522/633
f 422/522/636 417/519/637 421/521/638
f 423/524/639 417/519/637 422/522/636
f 423/524/639 424/518/640 417/519/637
f 423/524/639 425/525/641 424/518/640
f 426/526/642 425/525/641 423/524/639
f 429/527/643 426/526/642 430/528/644
f 426/526/642 423/524/639 430/528/644
f 434/523/645 433/529/646 422/522/636
f 435/530/647 433/529/646 434/523/645
f 429/527/643 433/529/646 435/530/647
f 429/527/643 430/528/644 433/529/646
f 437/530/648 432/529/649 436/528/650
f 437/530/648 420/523/635 432/529/649
f 438/527/651 436/528/650 428/526/652
f 437/530/648 436/528/650 438/527/651
f 428/526/652 436/528/650 431/524/653
f 428/526/652 431/524/653 427/525/654
f 431/524/653 415/518/626 427/525/654
f 419/522/633 415/518/626 431/524/653
f 419/522/633 416/519/627 415/518/626
f 425/525/655 415/531/656 424/518/657
f 414/532/658 424/518/659 415/531/660
f 409/511/598 424/518/659 414/532/658
f 424/518/640 409/511/600 417/519/637
f 417/519/637 409/511/600 410/512/601
f 408/510/599 409/511/598 414/532/658
f 434/523/645 422/522/636 421/521/638
f 420/523/635 419/522/633 432/529/649
f 439/533/661 440/534/662 441/535/663
f 439/536/664 442/537/665 440/538/666
f 443/539/667 442/537/665 439/536/664
f 443/539/668 444/540/669 442/537/670
f 443/539/668 441/535/671 444/540/669
f 441/535/663 440/534/662 444/540/672
f 445/541/673 446/542/674 447/543/675
f 445/541/676 447/543/677 448/544/678
f 448/544/678 447/543/677 449/545/679
f 446/542/674 450/546/680 447/543/675
f 451/547/681 452/548/681 453/549/681
f 454/550/682 452/548/682 451/551/682
f 455/552/683 452/548/683 454/550/683
f 453/549/684 452/548/684 455/552/684
f 455/552/685 456/553/686 453/549/687
f 457/554/688 456/553/686 455/552/685
f 458/555/689 456/553/686 457/554/688
f 458/555/690 459/556/691 456/553/692
f 458/555/690 460/557/693 459/556/691
f 461/558/694 460/557/693 458/555/690
f 461/558/694 462/559/695 460/557/693
f 463/560/696 462/559/696 461/558/696
f 462/561/697 463/560/697 464/562/697
f 464/562/698 463/560/698 465/563/698
f 463/560/699 461/558/699 465/563/699
f 461/558/700 458/555/689 465/563/700
f 465/563/700 458/555/689 457/554/688
f 465/563/701 457/554/702 464/562/701
f 457/554/702 466/564/703 464/562/701
f 457/554/702 455/552/704 466/564/703
f 466/564/703 455/552/704 467/565/705
f 454/550/706 467/565/705 455/552/704
f 451/551/707 467/565/708 454/550/709
f 451/551/707 459/566/710 467/565/708
f 459/556/691 451/547/711 456/553/692
f 456/553/692 451/547/711 453/549/712
f 460/567/713 467/565/708 459/566/710
f 460/567/713 466/564/714 467/565/708
f 462/561/715 466/564/714 460/567/713
f 462/561/715 464/562/715 466/564/714
f 469/568/716 471/569/717 470/570/718
f 471/569/719 472/571/720 470/570/721
f 471/569/717 473/572/722 472/571/723
f 468/573/724 473/572/722 471/569/717
f 474/574/725 475/575/726 476/576/727
f 475/575/728 474/574/729 477/577/730
f 474/574/729 478/578/731 477/577/730
f 474/574/729 479/579/732 478/578/731
f 479/579/733 474/574/725 480/580/734
f 480/580/734 474/574/725 476/576/727
f 476/576/735 481/581/736 480/580/737
f 476/576/735 482/582/738 481/581/736
f 483/583/739 482/582/740 476/576/741
f 483/583/739 484/584/742 482/582/740
f 485/585/743 484/584/744 483/583/745
f 477/577/746 484/584/747 485/585/748
f 477/577/746 482/582/749 484/584/747
f 481/581/750 482/582/749 477/577/746
f 478/578/751 481/581/751 477/577/751
f 478/578/752 480/580/752 481/581/753
f 479/579/754 480/580/752 478/578/752
f 475/575/728 477/577/730 485/585/755
f 475/575/756 485/585/743 483/583/745
f 475/575/757 483/583/757 476/576/757
f 486/548/758 487/550/758 488/551/758
f 489/552/759 487/550/759 486/548/759
f 487/550/760 489/552/761 490/565/762
f 491/554/763 490/565/762 489/552/761
f 491/554/763 492/564/764 490/565/762
f 493/563/765 492/564/764 491/554/763
f 493/563/765 494/562/765 492/564/764
f 494/562/766 493/563/766 495/560/766
f 496/558/767 495/560/767 493/563/767
f 496/558/768 497/559/768 495/560/768
f 496/558/769 498/555/770 497/559/769
f 496/558/771 491/554/772 498/555/773
f 496/558/771 493/563/771 491/554/772
f 498/555/773 491/554/772 489/552/774
f 498/555/773 489/552/774 499/553/775
f 500/549/776 499/553/775 489/552/774
f 500/549/777 488/547/778 499/553/779
f 488/547/780 500/549/780 486/548/780
f 500/549/781 489/552/781 486/548/781
f 488/547/778 501/556/782 499/553/779
f 488/551/783 490/565/784 501/566/785
f 488/551/783 487/550/786 490/565/784
f 492/564/787 501/566/785 490/565/784
f 502/567/788 501/566/785 492/564/787
f 502/557/789 499/553/779 501/556/782
f 498/555/770 499/553/779 502/557/789
f 497/559/769 498/555/770 502/557/789
f 497/561/790 502/567/788 494/562/791
f 502/567/788 492/564/787 494/562/791
f 497/561/792 494/562/792 495/560/792
f 503/586/793 504/587/794 505/588/795
f 506/589/796 504/590/797 503/591/798
f 504/590/797 506/589/796 505/592/799
f 506/589/796 507/593/800 505/592/799
f 508/594/801 507/593/802 506/589/803
f 508/594/801 509/595/804 507/593/802
f 510/596/805 509/595/806 508/594/807
f 510/596/805 511/597/808 509/595/806
f 512/598/809 511/597/808 510/596/805
f 512/598/809 513/599/810 511/597/808
f 514/600/811 513/599/810 512/598/809
f 515/601/812 513/599/813 514/600/814
f 516/602/815 513/599/813 515/601/812
f 517/603/816 513/599/813 516/602/815
f 513/599/810 517/603/817 511/597/808
f 511/597/808 517/603/817 518/604/818
f 518/604/819 517/603/816 519/605/820
f 519/605/820 517/603/816 516/602/815
f 516/602/821 520/606/822 519/605/823
f 521/607/824 520/606/822 516/602/821
f 520/608/825 521/609/825 522/610/825
f 522/610/826 521/609/827 523/611/828
f 523/612/829 521/607/824 516/602/821
f 523/612/829 516/602/821 515/601/830
f 524/602/831 523/612/829 515/601/830
f 524/602/831 525/607/832 523/612/829
f 526/606/833 525/607/832 524/602/831
f 526/608/834 527/610/834 525/609/834
f 527/610/835 526/608/836 528/613/837
f 529/614/838 528/613/839 526/608/840
f 529/614/838 530/587/841 528/613/839
f 531/615/842 530/587/841 529/614/838
f 531/615/842 532/588/843 530/587/841
f 532/592/844 531/616/845 533/593/846
f 533/593/846 531/616/845 534/617/847
f 534/617/848 531/616/849 535/605/850
f 535/605/850 531/616/849 529/618/851
f 535/605/850 529/618/851 526/606/833
f 535/605/850 526/606/833 524/602/831
f 535/605/852 524/602/853 536/599/854
f 524/602/853 514/600/814 536/599/854
f 524/602/853 515/601/812 514/600/814
f 536/599/855 514/600/811 512/598/809
f 537/603/856 536/599/855 512/598/809
f 535/605/852 536/599/854 537/603/857
f 534/617/858 535/605/852 537/603/857
f 538/604/859 534/617/858 537/603/857
f 533/593/860 534/617/858 538/604/859
f 539/595/861 533/593/860 538/604/859
f 540/589/862 533/593/860 539/595/861
f 540/589/863 530/590/864 533/593/846
f 540/589/863 503/591/798 530/590/864
f 541/619/865 503/591/798 540/589/863
f 541/619/865 506/589/796 503/591/798
f 541/619/866 542/620/867 506/589/868
f 541/619/869 543/594/870 542/620/871
f 541/619/869 540/589/862 543/594/870
f 543/594/870 540/589/862 539/595/861
f 539/595/872 544/597/873 543/594/874
f 538/604/875 544/597/873 539/595/872
f 538/604/875 537/603/856 544/597/873
f 537/603/856 512/598/809 544/597/873
f 544/597/873 512/598/809 510/596/805
f 544/597/873 510/596/805 543/594/874
f 543/594/874 510/596/805 542/620/876
f 510/596/805 508/594/807 542/620/877
f 506/589/868 542/620/867 508/594/878
f 530/587/841 503/586/793 528/613/839
f 503/586/793 505/588/795 528/613/839
f 528/613/839 505/588/795 545/614/879
f 505/588/795 546/615/880 545/614/879
f 505/592/881 507/593/882 546/616/883
f 507/593/882 547/617/884 546/616/883
f 509/595/804 547/617/885 507/593/802
f 509/595/804 518/604/886 547/617/885
f 511/597/808 518/604/818 509/595/806
f 518/604/819 519/605/820 547/617/887
f 546/616/888 547/617/889 519/605/823
f 545/618/890 546/616/888 519/605/823
f 520/606/822 545/618/890 519/605/823
f 528/613/839 545/614/879 520/608/891
f 522/610/892 528/613/837 520/608/893
f 548/621/894 528/613/837 522/610/892
f 548/621/894 527/610/835 528/613/837
f 548/621/895 523/611/896 527/610/897
f 548/621/898 522/610/826 523/611/828
f 527/610/897 523/611/896 525/609/899
f 530/590/864 532/592/844 533/593/846
f 549/442/900 550/445/900 551/444/900
f 552/443/901 550/445/901 549/442/901
f 551/444/902 550/445/902 552/443/902
f 549/442/903 551/444/903 552/443/903
f 553/622/904 554/623/905 555/624/906
f 556/625/907 554/623/908 553/622/909
f 556/625/907 553/622/909 557/626/910
f 557/626/910 553/622/909 558/627/911
f 553/622/904 559/628/912 558/627/913
f 553/622/904 555/624/906 559/628/912
f 555/624/914 560/629/915 559/628/914
f 557/626/915 560/629/915 555/624/914
f 557/626/910 558/627/911 560/629/916
f 558/627/917 561/630/917 560/629/918
f 559/628/919 561/630/919 558/627/919
f 560/629/920 561/630/920 559/628/920
f 557/626/921 555/624/922 562/631/923
f 555/624/906 554/623/905 562/631/924
f 557/626/921 562/631/923 556/625/925
f 563/632/926 564/633/927 565/634/928
f 563/632/926 566/635/929 564/633/927
f 563/632/930 567/636/931 566/635/932
f 563/632/930 568/637/933 567/636/931
f 569/638/934 570/639/934 571/640/935
f 569/638/934 572/641/934 570/639/934
f 572/642/936 569/643/937 573/644/938
f 569/643/939 574/645/939 573/644/939
f 571/646/939 574/645/939 569/643/939
f 570/647/940 574/645/941 571/646/942
f 570/647/940 575/648/943 574/645/941
f 570/642/944 576/649/944 575/650/944
f 577/651/945 576/649/945 570/642/945
f 578/652/946 576/649/946 577/651/946
f 578/652/947 572/653/947 576/649/947
f 572/641/948 578/654/948 570/639/948
f 578/654/948 577/655/948 570/639/948
f 572/653/949 579/656/949 576/649/949
f 572/642/936 573/644/938 579/650/950
f 579/650/951 573/644/952 580/657/953
f 573/644/954 581/658/954 580/657/954
f 573/644/954 574/645/954 581/658/954
f 581/658/955 574/645/956 582/659/957
f 582/659/957 574/645/956 575/648/958
f 583/660/959 582/661/960 575/650/961
f 580/657/962 582/662/963 583/663/964
f 580/657/962 581/658/965 582/662/963
f 584/664/966 580/657/962 583/663/964
f 579/650/951 580/657/953 584/665/967
f 579/656/968 584/666/969 585/667/970
f 584/666/969 583/660/971 585/667/970
f 583/660/959 575/650/961 585/667/972
f 576/649/973 585/667/973 575/650/973
f 576/649/974 579/656/974 585/667/974
f 587/668/975 589/669/976 588/670/977
f 590/671/978 589/669/976 587/668/975
f 591/672/979 589/669/980 590/671/981
f 592/673/982 589/669/980 591/672/979
f 592/673/982 593/674/983 589/669/980
f 594/675/984 593/674/983 592/673/982
f 594/675/984 595/676/985 593/674/983
f 593/674/986 595/676/987 596/677/988
f 596/677/988 595/676/987 597/678/989
f 588/670/990 589/669/991 602/679/992
f 589/669/991 593/674/986 602/679/992
f 602/679/992 593/674/986 600/680/993
f 593/674/986 596/677/988 600/680/993
f 603/670/994 604/671/995 586/668/996
f 605/669/997 604/671/995 603/670/994
f 606/681/998 604/671/999 605/669/1000
f 606/681/998 605/669/1000 591/672/1001
f 591/672/1001 605/669/1000 607/674/1002
f 607/674/1003 605/669/1004 599/680/1005
f 599/680/1005 605/669/1004 601/679/1006
f 605/669/1004 603/670/1007 601/679/1006
f 598/677/1008 607/674/1003 599/680/1005
f 608/678/1009 607/674/1003 598/677/1008
f 609/676/1010 607/674/1003 608/678/1009
f 592/673/1011 607/674/1002 609/676/1012
f 591/672/1001 607/674/1002 592/673/1011
f 592/673/1011 609/676/1012 594/675/1013
f 591/672/979 590/671/981 606/681/1014
f 610/418/1015 611/419/1016 612/417/1017
f 610/418/1018 613/414/1019 611/419/1020
f 610/418/1018 614/413/1021 613/414/1019
f 614/413/1022 610/418/1022 615/415/1023
f 610/418/1022 612/417/1024 615/415/1023
f 612/417/1025 616/412/1026 615/415/1027
f 612/417/1025 617/416/1028 616/412/1026
f 612/417/1017 611/419/1016 617/416/1029
f 611/419/1030 616/412/1031 617/416/1032
f 613/414/1033 616/412/1031 611/419/1030
f 615/415/1034 616/412/1035 613/414/1036
f 615/415/1034 613/414/1036 614/413/1037
f 618/682/1038 619/683/1039 620/684/1040
f 618/682/1038 621/685/1041 619/683/1039
f 622/686/1042 621/685/1043 618/687/1044
f 623/688/1045 621/685/1043 622/686/1042
f 621/685/1046 623/688/1046 624/689/1046
f 624/689/1046 623/688/1046 625/690/1046
f 623/688/1047 626/691/1047 625/690/1047
f 623/688/1048 622/686/1048 626/691/1048
f 622/692/1049 627/693/1049 626/691/1049
f 622/692/1050 618/694/1051 627/693/1052
f 627/693/1052 618/694/1051 628/695/1053
f 618/682/1038 620/684/1040 628/696/1054
f 620/697/1055 629/698/1056 628/695/1055
f 630/699/1057 629/698/1058 620/697/1059
f 626/691/1060 629/698/1060 630/699/1060
f 627/693/1061 629/698/1061 626/691/1061
f 628/695/1055 629/698/1056 627/693/1056
f 625/690/1062 626/691/1062 630/699/1062
f 625/690/1063 630/699/1064 619/700/1065
f 630/699/1057 620/697/1059 619/700/1066
f 625/690/1063 619/700/1065 624/689/1067
f 621/685/1041 624/689/1068 619/683/1039
f 631/701/1069 632/702/1070 633/703/1071
f 631/701/1069 634/704/1072 632/702/1070
f 633/703/1071 632/702/1070 646/705/1073
f 633/703/1074 646/705/1075 635/706/1076
f 635/706/1076 646/705/1075 636/707/1077
f 637/708/1078 636/707/1079 646/705/1073
f 638/708/1080 635/706/1076 636/707/1077
f 639/709/1081 635/706/1082 638/708/1083
f 643/710/1084 635/706/1082 639/709/1081
f 643/710/1084 633/703/1085 635/706/1082
f 640/711/1086 633/703/1085 643/710/1084
f 640/711/1086 631/701/1087 633/703/1085
f 645/712/1088 639/709/1081 638/708/1083
f 641/701/1089 642/713/1090 634/704/1072
f 640/711/1086 642/713/1090 641/701/1089
f 640/711/1086 643/710/1084 642/713/1090
f 643/710/1084 639/709/1081 642/713/1090
f 639/709/1081 644/706/1091 642/713/1090
f 645/712/1088 644/706/1091 639/709/1081
f 645/712/1088 637/708/1092 644/706/1091
f 637/708/1078 646/705/1073 644/706/1093
f 644/706/1093 646/705/1073 632/702/1070
f 642/713/1090 644/706/1093 632/702/1070
f 634/704/1072 642/713/1090 632/702/1070
f 647/714/1094 648/715/1095 649/716/1096
f 650/717/1097 648/715/1095 647/714/1094
f 648/715/1098 650/717/1099 651/718/1100
f 651/718/1100 650/717/1099 652/719/1101
f 647/714/1102 652/719/1103 650/717/1104
f 647/714/1102 653/720/1105 652/719/1103
f 649/716/1106 653/720/1107 647/714/1108
f 649/716/1106 654/721/1109 653/720/1107
f 654/721/1110 649/716/1110 648/715/1110
f 651/718/1111 654/721/1112 648/715/1113
f 651/718/1111 655/722/1114 654/721/1112
f 651/718/1111 656/723/1115 655/722/1114
f 656/723/1116 651/718/1100 657/724/1117
f 651/718/1100 652/719/1101 657/724/1117
f 652/719/1101 658/725/1118 657/724/1117
f 658/725/1119 652/719/1120 653/720/1121
f 658/725/1119 653/720/1121 659/726/1122
f 654/721/1109 659/726/1123 653/720/1107
f 654/721/1109 660/727/1124 659/726/1123
f 661/728/1125 660/727/1124 654/721/1109
f 660/727/1126 661/728/1127 662/729/1128
f 663/730/1129 662/729/1128 661/728/1127
f 664/731/1130 662/729/1131 663/730/1132
f 664/731/1130 656/723/1133 662/729/1131
f 664/731/1134 665/732/1135 656/723/1115
f 666/733/1136 665/732/1135 664/731/1134
f 666/733/1137 667/734/1138 665/732/1139
f 667/734/1140 666/733/1141 668/735/1142
f 668/735/1143 666/733/1136 664/731/1134
f 668/735/1144 664/731/1145 663/730/1146
f 668/735/1144 663/730/1146 669/736/1147
f 669/736/1148 663/730/1149 670/737/1150
f 663/730/1129 661/728/1127 670/737/1151
f 670/737/1152 661/728/1153 655/722/1154
f 661/728/1125 654/721/1109 655/722/1155
f 665/732/1156 670/737/1152 655/722/1154
f 665/732/1139 667/734/1138 670/737/1157
f 669/736/1148 670/737/1150 667/734/1158
f 667/734/1140 668/735/1142 669/736/1159
f 665/732/1135 655/722/1114 656/723/1115
f 656/723/1116 657/724/1117 662/729/1160
f 657/724/1161 660/727/1126 662/729/1128
f 658/725/1162 660/727/1126 657/724/1161
f 659/726/1163 660/727/1126 658/725/1162
f 671/738/1164 672/739/1165 673/740/1166
f 674/741/1167 672/742/1168 671/743/1169
f 675/744/1170 672/742/1171 674/741/1172
f 673/740/1166 672/739/1165 675/745/1173
f 675/745/1174 676/746/1174 673/740/1174
f 676/746/1175 675/745/1175 677/747/1175
f 677/747/1176 675/744/1170 674/741/1172
f 677/747/1177 674/741/1178 678/748/1179
f 678/748/1179 674/741/1178 679/749/1180
f 674/741/1181 680/750/1181 679/749/1181
f 674/741/1182 681/751/1182 680/750/1182
f 674/741/1167 671/743/1169 681/751/1183
f 671/743/1184 682/752/1184 681/751/1184
f 673/740/1166 682/753/1185 671/738/1164
f 673/754/1186 681/755/1187 682/756/1188
f 673/754/1186 683/757/1189 681/755/1187
f 684/758/1190 683/757/1191 673/754/1192
f 684/758/1190 685/759/1193 683/757/1191
f 684/758/1194 677/747/1195 685/759/1196
f 676/746/1197 677/747/1195 684/758/1194
f 673/740/1198 676/746/1198 684/758/1198
f 677/747/1199 678/748/1200 685/759/1201
f 685/759/1201 678/748/1200 679/749/1202
f 679/749/1202 680/750/1203 685/759/1201
f 685/759/1193 680/750/1204 683/757/1191
f 683/757/1191 680/750/1204 681/755/1205
f 686/760/1206 687/761/1207 688/762/1208
f 689/763/1209 687/761/1207 686/760/1206
f 689/763/1210 690/764/1211 687/761/1212
f 691/765/1213 690/764/1211 689/763/1210
f 691/765/1214 688/762/1215 690/764/1216
f 691/765/1214 686/760/1217 688/762/1215
f 688/762/1215 692/766/1218 690/764/1216
f 688/762/1208 693/767/1219 692/766/1220
f 687/761/1207 693/767/1219 688/762/1208
f 687/761/1221 694/768/1222 693/767/1223
f 687/761/1221 690/764/1224 694/768/1222
f 690/764/1216 692/766/1218 694/768/1225
f 694/768/1226 692/766/1226 695/769/1226
f 695/769/1227 692/766/1227 693/767/1227
f 694/768/1228 695/769/1228 693/767/1228
f 696/718/1229 697/715/1229 698/716/1229
f 697/715/1230 696/718/1231 699/719/1232
f 696/718/1231 700/724/1233 699/719/1232
f 696/718/1231 701/729/1234 700/724/1233
f 701/729/1234 696/718/1231 702/723/1235
f 702/723/1236 696/718/1237 703/721/1238
f 696/718/1237 698/716/1239 703/721/1238
f 698/716/1240 704/720/1241 703/721/1242
f 698/716/1240 705/714/1243 704/720/1241
f 706/717/1244 705/714/1245 698/716/1246
f 704/720/1247 705/714/1248 706/717/1249
f 704/720/1247 706/717/1249 699/719/1250
f 697/715/1230 699/719/1232 706/717/1251
f 706/717/1244 698/716/1246 697/715/1252
f 699/719/1253 707/726/1254 704/720/1255
f 708/725/1256 707/726/1254 699/719/1253
f 707/726/1257 708/725/1258 700/724/1259
f 699/719/1232 700/724/1233 708/725/1260
f 707/726/1257 700/724/1259 709/727/1261
f 710/728/1262 709/727/1261 700/724/1259
f 710/728/1263 711/722/1264 709/727/1261
f 712/732/1265 711/722/1266 710/728/1267
f 711/722/1268 712/732/1269 713/731/1270
f 712/732/1269 714/735/1271 713/731/1270
f 712/732/1269 715/733/1272 714/735/1271
f 715/733/1273 712/732/1274 716/737/1275
f 712/732/1265 710/728/1267 716/737/1276
f 710/728/1262 701/729/1277 716/737/1278
f 710/728/1262 700/724/1259 701/729/1277
f 701/729/1277 717/730/1279 716/737/1278
f 717/730/1280 701/729/1281 702/723/1282
f 713/731/1283 717/730/1280 702/723/1282
f 713/731/1284 718/736/1285 717/730/1286
f 714/735/1287 718/736/1285 713/731/1284
f 715/733/1288 718/736/1289 714/735/1290
f 719/734/1291 718/736/1289 715/733/1288
f 717/730/1292 718/736/1293 719/734/1294
f 716/737/1295 717/730/1292 719/734/1294
f 715/733/1273 716/737/1275 719/734/1296
f 711/722/1268 713/731/1270 702/723/1236
f 711/722/1268 702/723/1236 703/721/1238
f 711/722/1264 703/721/1242 709/727/1261
f 703/721/1242 704/720/1241 709/727/1261
f 704/720/1241 707/726/1257 709/727/1261
f 720/770/1297 721/771/1297 722/772/1297
f 723/773/1298 721/771/1299 720/774/1300
f 721/771/1299 723/773/1298 724/775/1301
f 723/776/1302 725/777/1303 724/775/1303
f 722/778/1304 725/779/1305 723/773/1306
f 725/780/1307 722/781/1308 726/782/1309
f 721/771/1297 726/782/1297 722/772/1297
f 721/771/1310 724/775/1311 726/782/1311
f 726/782/1311 724/775/1311 727/783/1312
f 724/775/1303 725/777/1303 727/783/1313
f 725/780/1307 726/782/1309 727/783/1314
f 720/774/1315 722/778/1304 723/773/1306
f 728/784/1316 729/785/1316 730/786/1316
f 728/784/1316 731/787/1316 729/785/1316
f 728/784/1317 732/788/1318 731/787/1319
f 733/789/1320 732/788/1318 728/784/1317
f 734/790/1321 732/788/1321 733/789/1321
f 735/791/1322 732/788/1322 734/790/1322
f 736/792/1323 732/788/1324 735/791/1325
f 736/792/1323 731/787/1326 732/788/1324
f 729/785/1327 731/787/1326 736/792/1323
f 736/792/1328 730/786/1328 729/785/1328
f 737/793/1328 730/786/1328 736/792/1328
f 730/786/1329 737/793/1330 728/784/1331
f 737/793/1330 734/790/1332 728/784/1331
f 737/793/1333 735/791/1334 734/790/1335
f 737/793/1333 736/792/1336 735/791/1334
f 728/784/1331 734/790/1332 733/789/1337
f 743/794/1338 742/795/1339 738/796/1340
f 742/795/1341 739/797/1342 738/796/1343
f 742/795/1339 740/798/1344 739/797/1345
f 741/799/1346 740/798/1344 742/795/1339
f 744/800/1347 745/801/1348 746/802/1349
f 744/800/1350 747/803/1351 745/801/1352
f 748/804/1353 747/803/1351 744/800/1350
f 744/800/1347 746/802/1349 749/805/1354
f 750/806/1355 751/807/1356 752/808/1357
f 750/806/1355 753/809/1358 751/807/1356
f 750/806/1359 752/808/1360 753/809/1361
f 752/808/1360 751/807/1362 753/809/1361
f 754/810/1363 755/811/1363 756/812/1363
f 755/811/1364 754/810/1364 757/813/1364
f 754/810/1365 756/812/1365 757/813/1365
f 754/814/1366 758/815/1366 759/816/1366
f 754/814/1367 760/817/1367 758/815/1367
f 754/814/1368 759/816/1368 760/817/1368
f 761/801/1369 762/804/1370 763/800/1371
f 761/801/1369 764/803/1372 762/804/1370
f 766/805/1373 765/802/1374 761/801/1375
f 763/800/1376 766/805/1373 761/801/1375
f 767/818/1377 768/819/1378 769/820/1379
f 770/821/1380 768/819/1378 767/818/1377
f 771/822/1381 768/819/1382 770/821/1383
f 771/822/1381 770/821/1383 772/823/1384
f 773/824/1385 772/823/1386 770/821/1387
f 773/824/1385 777/825/1388 776/826/1389
f 773/824/1385 770/821/1387 777/825/1388
f 777/825/1390 770/821/1380 778/827/1391
f 778/827/1391 770/821/1380 767/818/1377
f 767/818/1392 779/825/1393 778/827/1394
f 780/821/1395 779/825/1393 767/818/1392
f 781/826/1396 779/825/1397 780/821/1398
f 782/828/1399 779/825/1397 781/826/1396
f 783/829/1400 779/825/1397 782/828/1399
f 783/829/1400 784/830/1401 779/825/1397
f 779/825/1393 784/830/1402 778/827/1394
f 778/827/1394 784/830/1402 785/831/1403
f 785/831/1404 777/825/1390 778/827/1391
f 786/830/1405 777/825/1390 785/831/1404
f 777/825/1388 786/830/1406 787/828/1407
f 787/828/1407 786/830/1406 788/829/1408
f 781/826/1396 780/821/1398 775/824/1409
f 775/824/1409 780/821/1398 774/823/1410
f 774/823/1411 780/821/1412 789/819/1413
f 789/819/1414 780/821/1395 769/820/1415
f 769/820/1415 780/821/1395 767/818/1392
f 774/823/1411 789/819/1413 790/822/1416
f 776/826/1389 777/825/1388 787/828/1407
f 793/572/1417 792/573/1418 794/569/1419
f 793/572/1420 794/569/1421 796/571/1422
f 794/569/1419 795/570/1423 796/571/1424
f 795/570/1423 794/569/1419 791/568/1425
f 797/832/1426 798/793/1427 799/833/1428
f 798/793/1429 797/832/1429 800/834/1429
f 800/834/1429 797/832/1429 801/835/1429
f 799/833/1430 801/835/1430 797/832/1430
f 799/833/1430 802/836/1430 801/835/1430
f 799/833/1431 803/837/1432 802/836/1433
f 804/838/1434 803/837/1432 799/833/1431
f 805/790/1435 803/837/1435 804/838/1435
f 806/839/1436 803/837/1436 805/790/1436
f 800/834/1437 803/837/1438 806/839/1439
f 800/834/1437 802/836/1440 803/837/1438
f 801/835/1441 802/836/1440 800/834/1437
f 798/793/1442 800/834/1443 806/839/1444
f 798/793/1442 806/839/1444 805/790/1445
f 798/793/1427 805/790/1446 799/833/1428
f 799/833/1428 805/790/1446 804/838/1447
f 807/575/1448 808/585/1449 809/574/1450
f 807/575/1451 810/584/1452 808/585/1453
f 807/575/1451 811/583/1454 810/584/1452
f 807/575/1455 812/576/1455 811/583/1455
f 809/574/1456 812/576/1457 807/575/1458
f 813/579/1459 812/576/1457 809/574/1456
f 813/579/1459 814/580/1460 812/576/1457
f 813/579/1461 815/581/1461 814/580/1461
f 813/579/1461 816/578/1462 815/581/1461
f 817/577/1463 816/578/1464 813/579/1465
f 816/578/1466 817/577/1466 815/581/1466
f 815/581/1467 817/577/1468 818/582/1469
f 817/577/1468 810/584/1470 818/582/1469
f 817/577/1468 808/585/1471 810/584/1470
f 808/585/1449 817/577/1463 809/574/1450
f 809/574/1450 817/577/1463 813/579/1465
f 810/584/1472 812/576/1473 818/582/1474
f 811/583/1475 812/576/1473 810/584/1472
f 812/576/1476 814/580/1477 818/582/1478
f 818/582/1478 814/580/1477 815/581/1479
f 819/840/1480 820/841/1481 825/842/1482
f 819/840/1483 825/842/1482 823/843/1484
f 819/840/1483 821/844/1485 822/845/1486
f 823/843/1484 821/844/1485 819/840/1483
f 823/846/1487 824/847/1487 821/848/1487
f 823/846/1484 825/849/1482 824/847/1488
f 825/849/1482 826/850/1489 824/847/1488
f 820/841/1481 826/850/1489 825/849/1482
f 820/841/1490 822/845/1490 826/850/1490
f 819/840/1480 822/845/1491 820/841/1481
f 822/845/1492 827/851/1493 826/850/1494
f 821/844/1485 827/851/1495 822/845/1486
f 821/844/1496 828/852/1497 827/851/1498
f 821/848/1499 824/847/1500 828/853/1501
f 828/853/1501 824/847/1500 829/854/1502
f 824/847/1500 826/850/1503 829/854/1502
f 826/850/1494 830/855/1504 829/854/1505
f 827/851/1493 830/855/1504 826/850/1494
f 828/852/1497 830/855/1506 827/851/1498
f 828/852/1497 831/856/1507 830/855/1506
f 828/853/1501 832/857/1508 831/858/1509
f 828/853/1501 829/854/1502 832/857/1508
f 829/854/1510 833/859/1511 832/857/1512
f 830/855/1513 833/859/1511 829/854/1510
f 830/855/1506 831/856/1507 833/859/1514
f 833/859/1514 831/856/1507 834/860/1515
f 831/858/1509 835/861/1516 834/862/1517
f 831/858/1509 832/857/1508 835/861/1516
f 832/857/1512 836/863/1518 835/861/1519
f 833/859/1511 836/863/1518 832/857/1512
f 833/859/1514 834/860/1515 836/863/1520
f 836/863/1520 834/860/1515 837/864/1521
f 834/862/1517 838/865/1522 837/866/1523
f 834/862/1517 835/861/1516 838/865/1522
f 835/861/1519 839/867/1524 838/865/1525
f 836/863/1518 839/867/1524 835/861/1519
f 836/863/1520 837/864/1521 839/867/1526
f 840/868/1527 853/869/1528 841/870/1529
f 841/870/1530 853/869/1531 842/871/1532
f 855/872/1533 840/868/1527 841/870/1529
f 855/872/1533 841/870/1529 843/873/1534
f 841/874/1535 844/875/1536 843/876/1537
f 841/874/1535 857/877/1538 844/875/1536
f 857/877/1539 845/878/1540 844/875/1541
f 856/879/1542 845/878/1540 857/877/1539
f 856/879/1543 846/880/1544 845/878/1545
f 855/872/1546 846/880/1544 856/879/1543
f 855/872/1533 843/873/1534 846/880/1547
f 846/880/1547 843/873/1534 847/881/1548
f 843/876/1537 848/882/1549 847/883/1550
f 844/875/1536 848/882/1549 843/876/1537
f 844/875/1541 849/884/1551 848/882/1552
f 845/878/1540 849/884/1551 844/875/1541
f 845/878/1545 850/885/1553 849/884/1554
f 846/880/1544 850/885/1553 845/878/1545
f 846/880/1547 847/881/1548 850/885/1555
f 856/879/1543 857/877/1556 854/886/1557
f 854/886/1558 857/877/1559 851/887/1560
f 857/877/1561 852/888/1562 851/887/1563
f 853/889/1564 840/868/1565 851/890/1566
f 840/868/1567 854/886/1558 851/890/1560
f 840/868/1527 855/872/1533 854/886/1568
f 854/886/1557 855/872/1546 856/879/1543
f 852/888/1562 857/877/1561 842/891/1569
f 842/891/1532 857/877/1538 841/874/1535
f 858/892/1570 859/893/1571 860/894/1572
f 858/892/1573 861/895/1573 859/893/1573
f 858/892/1574 862/896/1574 861/895/1574
f 862/896/1575 858/897/1576 863/898/1577
f 858/897/1578 864/899/1579 863/898/1580
f 858/892/1570 865/900/1581 864/901/1582
f 858/892/1570 860/894/1572 865/900/1581
f 866/902/1583 865/903/1583 860/904/1583
f 864/905/1584 865/903/1584 866/902/1584
f 866/902/1585 867/906/1586 864/905/1587
f 866/902/1585 868/907/1588 867/906/1586
f 869/908/1589 868/907/1588 866/902/1585
f 870/909/1590 868/907/1591 869/908/1592
f 871/910/1593 868/907/1591 870/909/1590
f 868/907/1594 871/910/1594 867/906/1594
f 870/909/1595 867/911/1596 871/910/1597
f 870/909/1595 863/898/1577 867/911/1596
f 862/896/1575 863/898/1577 870/909/1595
f 862/896/1598 870/909/1599 872/912/1600
f 870/909/1590 869/908/1592 872/912/1601
f 872/912/1602 869/908/1589 866/902/1585
f 872/912/1603 866/902/1604 859/913/1605
f 859/913/1605 866/902/1604 860/904/1606
f 861/895/1607 872/912/1607 859/893/1607
f 861/895/1608 862/896/1598 872/912/1600
f 863/898/1580 864/899/1579 867/911/1609
f 873/623/1610 874/626/1611 875/622/1612
f 876/625/1613 874/626/1611 873/623/1610
f 876/625/1614 877/624/1615 874/626/1616
f 878/631/1617 877/624/1615 876/625/1614
f 878/631/1618 875/622/1619 877/624/1620
f 878/631/1618 873/623/1621 875/622/1619
f 875/622/1619 879/627/1622 877/624/1620
f 875/622/1612 880/629/1623 879/627/1624
f 874/626/1611 880/629/1623 875/622/1612
f 874/626/1625 881/628/1626 880/629/1627
f 874/626/1625 877/624/1628 881/628/1626
f 877/624/1620 879/627/1622 881/628/1629
f 881/628/1630 879/627/1630 882/630/1630
f 882/630/1631 879/627/1632 880/629/1633
f 882/630/1634 880/629/1634 881/628/1634
f 883/481/1635 884/914/1635 885/915/1635
f 886/916/1636 884/914/1636 883/481/1636
f 885/915/1637 884/914/1637 886/916/1637
f 883/481/1638 885/915/1638 886/916/1638
f 887/917/1639 892/918/1640 888/919/1641
f 889/920/1642 892/918/1640 887/917/1639
f 910/921/1643 892/918/1640 889/920/1642
f 912/922/1644 910/921/1643 889/920/1642
f 909/923/1645 910/921/1643 912/922/1644
f 909/923/1645 912/922/1644 890/924/1646
f 891/925/1647 888/919/1641 892/918/1640
f 891/925/1648 893/926/1649 888/919/1650
f 894/927/1651 893/926/1649 891/925/1648
f 894/927/1652 895/928/1653 893/926/1654
f 896/929/1655 895/928/1653 894/927/1652
f 897/930/1656 895/928/1657 896/929/1658
f 897/930/1656 898/931/1659 895/928/1657
f 897/930/1660 899/932/1661 898/931/1662
f 897/930/1660 900/933/1663 899/932/1661
f 901/934/1664 900/933/1663 897/930/1660
f 900/933/1665 901/934/1666 902/935/1667
f 901/934/1666 903/936/1668 902/935/1667
f 901/934/1666 904/937/1669 903/936/1668
f 904/937/1670 901/934/1664 905/938/1671
f 905/938/1671 901/934/1664 897/930/1660
f 905/938/1672 897/930/1673 896/929/1674
f 905/938/1672 896/929/1674 906/939/1675
f 906/939/1676 896/929/1655 902/935/1677
f 902/935/1677 896/929/1655 907/940/1678
f 896/929/1655 894/927/1652 907/940/1678
f 907/940/1679 894/927/1651 899/932/1680
f 899/932/1680 894/927/1651 891/925/1648
f 899/932/1661 891/925/1647 898/931/1662
f 891/925/1647 908/941/1681 898/931/1662
f 891/925/1647 909/923/1682 908/941/1681
f 891/925/1647 892/918/1640 909/923/1682
f 892/918/1640 910/921/1643 909/923/1645
f 911/942/1683 908/941/1684 909/923/1645
f 898/931/1659 908/941/1685 911/942/1686
f 898/931/1659 911/942/1686 895/928/1657
f 893/926/1654 895/928/1653 911/942/1687
f 893/926/1654 911/942/1687 890/924/1646
f 911/942/1683 909/923/1645 890/924/1646
f 893/926/1654 890/924/1646 889/920/1642
f 889/920/1642 890/924/1646 912/922/1644
f 893/926/1654 889/920/1642 887/917/1639
f 893/926/1688 887/917/1639 888/919/1641
f 900/933/1689 907/940/1679 899/932/1680
f 900/933/1665 902/935/1667 907/940/1690
f 903/936/1691 906/939/1676 902/935/1677
f 903/936/1691 913/943/1692 906/939/1676
f 914/944/1693 913/943/1692 903/936/1691
f 914/944/1693 915/945/1694 913/943/1692
f 914/944/1693 916/946/1695 915/945/1694
f 917/947/1696 916/946/1697 914/944/1698
f 917/947/1696 918/948/1699 916/946/1697
f 917/947/1700 919/949/1700 918/948/1700
f 917/947/1701 920/950/1702 919/949/1703
f 917/947/1701 904/937/1670 920/950/1702
f 904/937/1669 917/947/1696 914/944/1698
f 904/937/1669 914/944/1698 903/936/1668
f 904/937/1670 905/938/1671 920/950/1702
f 906/939/1704 920/950/1705 905/938/1706
f 906/939/1704 913/943/1707 920/950/1705
f 913/943/1707 921/951/1708 920/950/1705
f 913/943/1707 922/952/1709 921/951/1708
f 915/945/1694 922/952/1710 913/943/1692
f 915/945/1694 923/953/1711 922/952/1710
f 919/949/1712 923/953/1713 915/945/1714
f 919/949/1712 924/954/1715 923/953/1713
f 919/949/1703 921/951/1716 924/954/1717
f 919/949/1703 920/950/1702 921/951/1716
f 924/954/1717 921/951/1716 925/955/1718
f 921/951/1716 926/956/1719 925/955/1718
f 922/952/1709 926/956/1720 921/951/1708
f 926/956/1720 922/952/1709 927/957/1721
f 922/952/1710 928/958/1722 927/957/1723
f 923/953/1711 928/958/1722 922/952/1710
f 923/953/1711 929/959/1724 928/958/1722
f 930/960/1725 929/959/1726 923/953/1713
f 928/958/1727 929/959/1728 930/960/1729
f 925/955/1730 928/958/1727 930/960/1729
f 925/955/1731 927/957/1732 928/958/1733
f 925/955/1731 926/956/1734 927/957/1732
f 924/954/1717 925/955/1718 930/960/1735
f 924/954/1715 930/960/1725 923/953/1713
f 918/948/1736 919/949/1737 915/945/1738
f 916/946/1739 918/948/1736 915/945/1738
f 931/545/1740 932/541/1741 933/544/1742
f 931/545/1740 934/543/1743 932/541/1741
f 935/546/1744 936/542/1745 932/541/1746
f 935/546/1744 932/541/1746 934/543/1747
f 937/961/1748 938/962/1749 939/963/1750
f 940/964/1751 938/962/1751 937/961/1751
f 940/964/1752 941/965/1753 938/966/1754
f 940/964/1755 939/963/1756 941/965/1757
f 940/964/1755 937/961/1758 939/963/1756
f 941/965/1759 939/963/1759 942/967/1759
f 938/962/1749 942/967/1760 939/963/1750
f 938/966/1754 941/965/1753 942/968/1761
f 943/537/1762 944/539/1763 945/538/1764
f 944/539/1765 943/537/1766 946/535/1767
f 946/535/1767 943/537/1766 947/540/1768
f 948/533/1769 946/535/1770 947/540/1771
f 948/533/1769 947/540/1771 945/534/1772
f 945/538/1764 944/539/1763 948/536/1773
f 949/810/1774 950/813/1774 951/812/1774
f 949/810/1775 952/811/1775 950/813/1775
f 949/810/1776 951/812/1776 952/811/1776
f 949/814/1777 953/816/1777 954/815/1777
f 949/814/1778 955/817/1778 953/816/1778
f 955/817/1779 949/814/1779 954/815/1779
f 956/969/1780 957/970/1781 958/971/1782
f 959/972/1783 957/970/1781 956/969/1780
f 959/972/1784 960/973/1785 957/970/1786
f 966/974/1787 960/973/1785 959/972/1784
f 966/974/1788 958/971/1789 960/973/1790
f 966/974/1788 956/969/1791 958/971/1789
f 958/971/1789 961/975/1792 960/973/1790
f 958/971/1782 962/976/1793 961/975/1794
f 957/970/1781 962/976/1793 958/971/1782
f 957/970/1795 963/977/1795 962/976/1795
f 957/970/1795 960/973/1795 963/977/1795
f 960/973/1790 961/975/1792 963/977/1796
f 963/977/1797 961/975/1797 964/978/1797
f 964/978/1798 961/975/1798 962/976/1798
f 963/977/1799 964/978/1799 962/976/1799
f 965/979/1800 966/980/1801 967/981/1802
f 965/979/1803 968/982/1804 966/980/1805
f 965/979/1803 969/983/1806 968/982/1804
f 965/979/1807 970/984/1807 969/983/1807
f 965/979/1800 967/981/1802 970/984/1808
f 967/985/1809 971/986/1810 970/987/1811
f 968/982/1812 971/986/1810 967/985/1809
f 968/982/1804 969/983/1806 971/986/1813
f 969/983/1814 972/988/1814 971/986/1815
f 970/984/1816 972/988/1816 969/983/1816
f 970/987/1817 971/986/1817 972/989/1817
f 973/990/1818 968/982/1819 967/985/1820
f 974/991/1821 968/982/1819 973/990/1818
f 968/982/1822 974/991/1823 966/980/1824
f 967/981/1802 966/980/1801 973/992/1825
f 975/993/1826 976/994/1827 977/995/1828
f 978/996/1829 976/994/1827 975/993/1826
f 979/997/1830 976/994/1827 978/996/1829
f 979/997/1831 980/998/1832 976/994/1833
f 979/997/1831 981/999/1834 980/998/1832
f 979/997/1835 982/1000/1836 981/999/1837
f 979/997/1835 983/1001/1838 982/1000/1836
f 979/997/1835 978/996/1839 983/1001/1838
f 983/1001/1838 978/996/1839 984/1002/1840
f 984/1002/1841 978/996/1829 975/993/1826
f 984/1002/1841 975/993/1826 985/1003/1842
f 986/1004/1843 975/993/1843 977/995/1843
f 977/995/1844 987/1005/1845 986/1004/1846
f 977/995/1844 988/1006/1847 987/1005/1845
f 989/1007/1848 988/1006/1847 977/995/1844
f 989/1007/1848 990/1008/1849 988/1006/1847
f 991/1009/1850 990/1008/1849 989/1007/1848
f 990/1008/1851 991/1009/1852 992/1010/1853
f 991/1011/1854 993/1012/1855 992/1013/1856
f 993/1012/1857 991/1011/1858 994/1014/1858
f 994/1014/1858 991/1011/1858 995/1015/1859
f 976/994/1860 995/1016/1861 991/1009/1862
f 976/994/1860 980/998/1832 995/1016/1861
f 995/1016/1861 980/998/1832 996/1017/1863
f 980/998/1832 997/1018/1864 996/1017/1863
f 980/998/1832 998/1019/1865 997/1018/1864
f 981/999/1834 998/1019/1865 980/998/1832
f 981/999/1866 999/1020/1867 998/1019/1868
f 981/999/1866 982/1000/1836 999/1020/1867
f 982/1000/1836 1000/1021/1869 999/1020/1867
f 982/1000/1836 1001/1022/1870 1000/1021/1869
f 983/1001/1838 1001/1022/1870 982/1000/1836
f 983/1001/1838 1002/1023/1871 1001/1022/1870
f 983/1001/1838 1003/1024/1872 1002/1023/1871
f 983/1001/1838 1004/1025/1873 1003/1024/1872
f 983/1001/1838 984/1002/1840 1004/1025/1874
f 984/1002/1875 985/1003/1875 1004/1025/1876
f 1004/1025/1876 985/1003/1875 1005/1026/1877
f 985/1003/1878 986/1004/1879 1005/1026/1880
f 1005/1026/1880 986/1004/1879 1006/1027/1881
f 986/1004/1846 987/1005/1845 1006/1027/1882
f 987/1005/1845 1007/1028/1883 1006/1027/1882
f 987/1005/1884 1008/1029/1885 1007/1028/1885
f 1008/1029/1886 987/1005/1887 988/1006/1888
f 1008/1029/1886 988/1006/1888 1009/1030/1889
f 990/1008/1890 1009/1030/1890 988/1006/1891
f 990/1008/1890 1010/1031/1892 1009/1030/1890
f 1010/1031/1893 990/1008/1851 992/1010/1853
f 992/1010/1894 1011/1032/1895 1010/1031/1896
f 1012/1033/1897 1011/1032/1898 992/1010/1899
f 1011/1032/1900 1012/1033/1901 1013/1034/1902
f 1012/1033/1903 1014/1035/1904 1013/1034/1905
f 1015/1036/1906 1014/1035/1904 1012/1033/1903
f 1014/1035/1907 1015/1036/1908 1016/1037/1908
f 1016/1037/1908 1015/1036/1908 1017/1038/1909
f 1015/1039/1910 1018/1040/1911 1017/1041/1912
f 1019/1042/1913 1018/1040/1911 1015/1039/1910
f 1019/1043/1914 1020/1044/1915 1018/1045/1916
f 1019/1043/1914 994/1046/1917 1020/1044/1915
f 1021/1047/1918 994/1046/1917 1019/1043/1914
f 1021/1047/1918 993/1048/1919 994/1046/1917
f 993/1012/1855 1021/1049/1920 992/1013/1856
f 992/1013/1921 1021/1049/1922 1015/1039/1910
f 1021/1049/1922 1019/1042/1913 1015/1039/1910
f 1012/1033/1897 992/1010/1899 1015/1036/1923
f 994/1014/1924 995/1015/1925 1020/1050/1925
f 1020/1050/1925 995/1015/1925 996/1051/1926
f 996/1051/1927 1022/1052/1928 1020/1050/1929
f 1022/1052/1928 996/1051/1927 1023/1053/1930
f 996/1017/1863 1024/1054/1931 1023/1055/1932
f 996/1017/1863 997/1018/1864 1024/1054/1931
f 997/1018/1864 998/1019/1865 1024/1054/1931
f 998/1019/1865 1025/1056/1933 1024/1054/1931
f 1025/1056/1934 998/1019/1868 1026/1057/1935
f 998/1019/1868 999/1020/1867 1026/1057/1935
f 999/1020/1867 1027/1058/1936 1026/1057/1935
f 999/1020/1867 1000/1021/1937 1027/1058/1936
f 1028/1059/1938 1027/1058/1939 1000/1021/1940
f 1028/1059/1938 1029/1060/1941 1027/1058/1939
f 1030/1061/1942 1029/1060/1943 1028/1059/1938
f 1030/1061/1942 1031/1062/1944 1029/1060/1943
f 1030/1051/1945 1032/1050/1946 1031/1053/1947
f 1030/1051/1945 1033/1014/1948 1032/1050/1946
f 1030/1051/1945 1034/1015/1949 1033/1014/1948
f 1034/1063/1950 1030/1061/1942 1035/1064/1951
f 1035/1064/1951 1030/1061/1942 1028/1059/1938
f 1001/1022/1952 1035/1064/1951 1028/1059/1938
f 1036/1065/1953 1035/1064/1951 1001/1022/1952
f 1036/1065/1953 1034/1063/1950 1035/1064/1951
f 1036/1065/1953 1037/1066/1954 1034/1063/1950
f 1038/1067/1955 1037/1066/1954 1036/1065/1953
f 1039/1068/1956 1037/1066/1957 1038/1067/1958
f 1039/1068/1959 1040/1069/1960 1037/1066/1961
f 1041/1070/1962 1040/1069/1960 1039/1068/1959
f 1042/1071/1963 1040/1069/1964 1041/1070/1965
f 1042/1071/1966 1043/1072/1966 1040/1069/1967
f 1044/1073/1968 1043/1072/1966 1042/1071/1966
f 1045/1074/1969 1043/1072/1970 1044/1073/1971
f 1045/1074/1972 1046/1075/1973 1043/1072/1973
f 1045/1074/1974 1047/1076/1974 1046/1075/1975
f 1045/1074/1974 1048/1077/1976 1047/1076/1974
f 1048/1077/1977 1045/1074/1969 1044/1073/1971
f 1048/1077/1977 1044/1073/1971 1049/1078/1978
f 1050/1079/1979 1049/1078/1980 1044/1073/1981
f 1051/1080/1982 1049/1078/1983 1050/1079/1984
f 1052/1081/1985 1049/1078/1983 1051/1080/1982
f 1048/1077/1977 1049/1078/1978 1052/1081/1986
f 1053/1082/1987 1048/1077/1977 1052/1081/1986
f 1053/1082/1988 1054/1083/1989 1048/1077/1989
f 1053/1082/1990 1055/1084/1991 1054/1083/1992
f 1056/1085/1993 1055/1084/1994 1053/1082/1987
f 1013/1034/1905 1055/1084/1994 1056/1085/1993
f 1014/1035/1904 1055/1084/1994 1013/1034/1905
f 1014/1035/1995 1016/1037/1996 1055/1084/1996
f 1055/1084/1996 1016/1037/1996 1057/1086/1997
f 1016/1087/1998 1058/1088/1999 1057/1089/2000
f 1059/1090/2001 1058/1088/1999 1016/1087/1998
f 1059/1090/2001 1060/1091/2002 1058/1088/1999
f 1059/1090/2001 1061/1092/2003 1060/1091/2002
f 1062/1093/2004 1061/1094/2003 1059/1095/2001
f 1063/1096/2005 1061/1094/2005 1062/1093/2006
f 1063/1096/2005 1064/1097/2007 1061/1094/2005
f 1065/1098/2008 1064/1097/2009 1063/1096/2010
f 1066/1099/2011 1064/1097/2009 1065/1098/2008
f 1064/1100/2012 1066/1101/2013 1060/1091/2002
f 1066/1102/2014 1067/1103/2015 1060/1104/2015
f 1066/1102/2016 1068/1105/2017 1067/1103/2018
f 1066/1102/2016 1069/1106/2019 1068/1105/2017
f 1023/1055/1932 1069/1106/2020 1066/1102/2021
f 1023/1055/1932 1024/1054/1931 1069/1106/2020
f 1024/1054/1931 1025/1056/1933 1069/1106/2019
f 1025/1056/1933 1068/1105/2017 1069/1106/2019
f 1025/1056/1934 1070/1107/2022 1068/1105/2023
f 1026/1057/1935 1070/1107/2022 1025/1056/1934
f 1026/1057/2024 1071/1108/2025 1070/1107/2026
f 1026/1057/2024 1027/1058/2027 1071/1108/2025
f 1029/1060/1941 1071/1108/2028 1027/1058/1939
f 1029/1060/1941 1072/1109/2029 1071/1108/2028
f 1031/1062/1944 1072/1109/2030 1029/1060/1943
f 1031/1062/1944 1073/1110/2031 1072/1109/2030
f 1031/1053/1947 1074/1052/2032 1073/1099/2033
f 1032/1050/1946 1074/1052/2032 1031/1053/1947
f 1075/1045/2034 1074/1052/2035 1032/1044/2036
f 1075/1045/2034 1076/1111/2037 1074/1052/2035
f 1077/1112/2038 1076/1113/2039 1075/1040/2040
f 1077/1095/2038 1078/1094/2041 1076/1114/2039
f 1077/1090/2038 1079/1091/2042 1078/1092/2043
f 1058/1088/1999 1079/1091/2042 1077/1090/2038
f 1058/1088/2044 1080/1115/2045 1079/1091/2046
f 1058/1088/2044 1081/1116/2047 1080/1115/2045
f 1058/1088/2048 1082/1115/2049 1081/1116/2050
f 1058/1088/2048 1060/1091/2051 1082/1115/2049
f 1060/1104/2051 1083/1117/2052 1082/1118/2049
f 1084/1119/2053 1083/1117/2053 1060/1104/2053
f 1084/1119/2054 1085/1120/2055 1083/1117/2056
f 1084/1119/2054 1086/1121/2057 1085/1120/2055
f 1067/1103/2058 1086/1121/2057 1084/1119/2054
f 1067/1103/2058 1087/1122/2059 1086/1121/2057
f 1067/1103/2060 1088/1123/2061 1087/1122/2062
f 1067/1103/2060 1089/1124/2063 1088/1123/2061
f 1067/1103/2060 1068/1105/2064 1089/1124/2063
f 1068/1105/2023 1090/1125/2065 1089/1124/2066
f 1070/1107/2022 1090/1125/2065 1068/1105/2023
f 1070/1107/2026 1071/1108/2025 1090/1125/2065
f 1071/1108/2025 1091/1126/2067 1090/1125/2065
f 1092/1127/2068 1091/1126/2067 1071/1108/2069
f 1092/1127/2068 1093/1128/2070 1091/1126/2067
f 1092/1127/2068 1094/1129/2071 1093/1128/2070
f 1073/1110/2072 1094/1129/2073 1092/1127/2074
f 1073/1110/2072 1079/1130/2075 1094/1129/2073
f 1095/1100/2076 1079/1091/2042 1073/1101/2077
f 1078/1092/2043 1079/1091/2042 1095/1100/2076
f 1078/1094/2041 1095/1097/2078 1096/1093/2079
f 1097/1096/2080 1096/1093/2079 1095/1097/2078
f 1096/1131/2081 1097/1132/2082 1098/1098/2083
f 1073/1099/2033 1098/1098/2084 1097/1096/2080
f 1074/1052/2032 1098/1098/2084 1073/1099/2033
f 1076/1111/2037 1098/1098/2083 1074/1052/2035
f 1076/1111/2037 1096/1131/2081 1098/1098/2083
f 1078/1094/2041 1096/1093/2079 1076/1114/2039
f 1073/1099/2033 1097/1096/2080 1095/1097/2078
f 1079/1130/2075 1099/1133/2085 1094/1129/2073
f 1079/1130/2046 1080/1134/2045 1099/1133/2086
f 1080/1134/2045 1100/1135/2087 1099/1133/2086
f 1080/1134/2088 1101/1136/2089 1100/1135/2090
f 1102/1137/2091 1101/1136/2089 1080/1134/2088
f 1102/1137/2091 1103/1138/2092 1101/1136/2089
f 1104/1139/2093 1103/1138/2092 1102/1137/2091
f 1104/1139/2093 1105/1140/2094 1103/1138/2092
f 1106/1141/2095 1105/1140/2094 1104/1139/2093
f 1106/1141/2095 1107/1142/2096 1105/1140/2094
f 1108/1143/2097 1107/1142/2097 1106/1144/2097
f 1105/1140/2098 1107/1142/2099 1108/1143/2100
f 1109/1145/2101 1105/1140/2098 1108/1143/2100
f 1109/1145/2101 1103/1138/2102 1105/1140/2103
f 1101/1136/2104 1103/1138/2102 1109/1145/2101
f 1101/1136/2104 1109/1145/2101 1110/1146/2105
f 1110/1146/2105 1109/1145/2101 1111/1147/2106
f 1109/1145/2101 1108/1143/2100 1111/1147/2106
f 1111/1147/2107 1108/1143/2108 1112/1148/2109
f 1112/1148/2109 1108/1143/2108 1106/1144/2110
f 1113/1149/2111 1112/1150/2112 1106/1151/2113
f 1113/1149/2111 1114/1152/2114 1112/1150/2115
f 1115/1153/2116 1114/1152/2114 1113/1149/2111
f 1114/1154/2117 1115/1155/2118 1116/1156/2119
f 1115/1155/2118 1117/1157/2120 1116/1156/2119
f 1115/1155/2118 1082/1118/2121 1117/1157/2120
f 1082/1115/2122 1115/1153/2116 1118/1158/2123
f 1118/1158/2123 1115/1153/2116 1113/1149/2111
f 1118/1158/2123 1113/1149/2111 1102/1153/2124
f 1102/1153/2124 1113/1149/2111 1104/1152/2125
f 1113/1149/2111 1106/1151/2113 1104/1152/2125
f 1080/1115/2126 1118/1158/2123 1102/1153/2124
f 1118/1158/2127 1080/1115/2128 1081/1116/2129
f 1082/1115/2130 1118/1158/2127 1081/1116/2129
f 1082/1118/2049 1083/1117/2052 1117/1157/2131
f 1119/1159/2132 1117/1157/2133 1083/1117/2134
f 1119/1159/2132 1116/1156/2135 1117/1157/2133
f 1119/1159/2132 1110/1146/2136 1116/1156/2135
f 1119/1159/2132 1101/1136/2104 1110/1146/2105
f 1119/1159/2132 1100/1135/2137 1101/1136/2104
f 1119/1159/2132 1099/1133/2138 1100/1135/2137
f 1119/1159/2132 1120/1160/2139 1099/1133/2138
f 1121/1161/2140 1120/1160/2139 1119/1159/2132
f 1122/1162/2141 1120/1160/2141 1121/1161/2142
f 1123/1163/2143 1120/1160/2141 1122/1162/2141
f 1120/1160/2144 1123/1163/2145 1124/1164/2146
f 1122/1165/2147 1124/1166/2148 1123/1167/2149
f 1125/1168/2150 1124/1166/2148 1122/1165/2147
f 1125/1168/2150 1126/1169/2151 1124/1166/2148
f 1125/1170/2152 1127/1171/2153 1126/1172/2154
f 1122/1162/2155 1127/1171/2153 1125/1170/2152
f 1121/1161/2156 1127/1171/2153 1122/1162/2155
f 1127/1171/2157 1121/1161/2140 1090/1125/2065
f 1090/1125/2065 1121/1161/2140 1119/1159/2132
f 1090/1125/2065 1119/1159/2132 1128/1173/2158
f 1128/1173/2158 1119/1159/2132 1129/1174/2159
f 1119/1159/2132 1083/1117/2134 1129/1174/2159
f 1129/1174/2159 1083/1117/2134 1085/1120/2160
f 1085/1120/2161 1130/1175/2162 1129/1174/2163
f 1085/1120/2161 1131/1176/2164 1130/1175/2162
f 1086/1121/2165 1131/1176/2164 1085/1120/2161
f 1132/1177/2166 1131/1176/2164 1086/1121/2165
f 1130/1178/2167 1131/1179/2168 1132/1180/2169
f 1133/1181/2170 1130/1178/2167 1132/1180/2169
f 1130/1175/2171 1133/1182/2172 1128/1173/2171
f 1088/1123/2173 1128/1173/2174 1133/1182/2175
f 1088/1123/2176 1090/1125/2065 1128/1173/2158
f 1089/1124/2066 1090/1125/2065 1088/1123/2176
f 1088/1123/2173 1133/1182/2175 1134/1183/2177
f 1134/1184/2178 1133/1181/2170 1132/1180/2169
f 1134/1184/2178 1132/1180/2169 1135/1185/2179
f 1135/1186/2180 1132/1177/2181 1086/1121/2180
f 1135/1186/2180 1086/1121/2180 1087/1122/2182
f 1087/1122/2183 1088/1123/2173 1135/1186/2184
f 1135/1186/2184 1088/1123/2173 1134/1183/2177
f 1130/1175/2171 1128/1173/2171 1129/1174/2185
f 1091/1126/2067 1127/1171/2157 1090/1125/2065
f 1091/1126/2067 1093/1128/2070 1127/1171/2157
f 1127/1171/2153 1093/1128/2186 1126/1172/2154
f 1126/1172/2187 1093/1128/2188 1136/1187/2189
f 1136/1187/2189 1093/1128/2188 1137/1188/2190
f 1094/1129/2071 1137/1188/2191 1093/1128/2070
f 1094/1129/2071 1138/1189/2192 1137/1188/2191
f 1094/1129/2071 1099/1133/2193 1138/1189/2192
f 1120/1160/2139 1138/1189/2194 1099/1133/2138
f 1120/1160/2144 1124/1164/2146 1138/1189/2195
f 1124/1164/2196 1136/1187/2197 1138/1189/2198
f 1126/1169/2151 1136/1190/2199 1124/1166/2148
f 1136/1187/2197 1137/1188/2200 1138/1189/2198
f 1116/1156/2135 1110/1146/2136 1139/1191/2201
f 1110/1146/2136 1111/1147/2202 1139/1191/2201
f 1139/1191/2201 1111/1147/2202 1140/1192/2203
f 1140/1192/2204 1111/1147/2107 1112/1148/2109
f 1141/1193/2205 1140/1192/2204 1112/1148/2109
f 1142/1194/2206 1140/1192/2206 1141/1193/2206
f 1143/1195/2207 1140/1192/2203 1142/1194/2208
f 1139/1191/2201 1140/1192/2203 1143/1195/2207
f 1139/1191/2201 1143/1195/2209 1144/1196/2210
f 1114/1154/2117 1144/1196/2211 1143/1195/2212
f 1114/1154/2117 1116/1156/2119 1144/1196/2211
f 1116/1156/2135 1139/1191/2201 1144/1196/2210
f 1141/1197/2213 1114/1154/2117 1143/1195/2212
f 1114/1152/2114 1141/1151/2214 1112/1150/2115
f 1141/1197/2213 1143/1195/2212 1142/1194/2215
f 1073/1110/2216 1092/1127/2217 1072/1109/2217
f 1092/1127/2217 1071/1108/2218 1072/1109/2217
f 1067/1103/2015 1084/1119/2219 1060/1104/2015
f 1058/1088/1999 1077/1090/2038 1046/1087/2220
f 1046/1087/2220 1077/1090/2038 1145/1198/2221
f 1077/1112/2038 1075/1040/2040 1145/1041/2221
f 1146/1042/2222 1145/1041/2222 1075/1040/2223
f 1146/1042/2222 1043/1039/2224 1145/1041/2222
f 1040/1013/2225 1043/1039/2226 1146/1042/2227
f 1040/1013/2225 1146/1042/2227 1147/1049/2228
f 1147/1047/2229 1146/1043/2230 1033/1046/2231
f 1146/1043/2230 1032/1044/2036 1033/1046/2231
f 1146/1043/2230 1075/1045/2034 1032/1044/2036
f 1147/1047/2229 1033/1046/2231 1148/1048/2232
f 1034/1015/1949 1148/1012/2233 1033/1014/1948
f 1037/1011/2234 1148/1012/2233 1034/1015/1949
f 1037/1011/2235 1147/1049/2228 1148/1012/2236
f 1037/1011/2235 1040/1013/2225 1147/1049/2228
f 1046/1075/1973 1145/1199/2237 1043/1072/1973
f 1058/1088/1999 1046/1087/2220 1047/1089/2238
f 1054/1083/1989 1047/1076/2239 1048/1077/1989
f 1054/1083/1992 1055/1084/1991 1057/1086/2240
f 1023/1053/1930 1066/1099/2011 1065/1098/2008
f 1023/1053/1930 1065/1098/2008 1022/1052/1928
f 1149/1111/2241 1022/1052/2242 1065/1098/2243
f 1018/1045/1916 1022/1052/2242 1149/1111/2241
f 1018/1045/1916 1020/1044/1915 1022/1052/2242
f 1018/1040/2244 1149/1113/2245 1017/1041/2246
f 1149/1113/2245 1059/1112/2001 1017/1041/2246
f 1149/1114/2245 1062/1093/2004 1059/1095/2001
f 1149/1111/2241 1063/1132/2247 1062/1131/2248
f 1149/1111/2241 1065/1098/2243 1063/1132/2247
f 1017/1198/2246 1059/1090/2001 1016/1087/1998
f 1061/1092/2003 1064/1100/2012 1060/1091/2002
f 1056/1085/2249 1150/1200/2250 1013/1034/2251
f 1056/1085/2249 1151/1201/2252 1150/1200/2250
f 1151/1201/2253 1056/1085/2254 1152/1202/2255
f 1153/1203/2256 1152/1202/2255 1056/1085/2254
f 1051/1080/2257 1152/1202/2258 1153/1203/2257
f 1152/1202/2259 1051/1080/2260 1154/1204/2261
f 1051/1080/2260 1050/1079/2262 1154/1204/2261
f 1050/1079/2262 1155/1205/2263 1154/1204/2261
f 1050/1079/2262 1042/1071/1963 1155/1205/2263
f 1042/1071/2264 1050/1079/1979 1044/1073/1981
f 1155/1205/2263 1042/1071/1963 1041/1070/1965
f 1156/1206/2265 1155/1205/2266 1041/1070/2265
f 1157/1207/2267 1155/1205/2268 1156/1206/2269
f 1154/1204/2270 1155/1205/2268 1157/1207/2267
f 1157/1207/2271 1158/1208/2271 1154/1204/2272
f 1157/1207/2271 1007/1028/2273 1158/1208/2271
f 1007/1028/2274 1157/1207/2275 1159/1209/2276
f 1157/1207/2275 1156/1206/2277 1159/1209/2276
f 1156/1206/2277 1160/1210/2278 1159/1209/2276
f 1156/1206/2277 1039/1068/1956 1160/1210/2278
f 1039/1068/2279 1156/1206/2265 1041/1070/2265
f 1160/1210/2278 1039/1068/1956 1038/1067/1958
f 1036/1065/2280 1160/1210/2280 1038/1067/2281
f 1161/1211/2282 1160/1210/2280 1036/1065/2280
f 1159/1209/2283 1160/1210/2283 1161/1211/2283
f 1162/1212/2284 1161/1211/2285 1003/1024/2286
f 1002/1023/2287 1003/1024/2286 1161/1211/2285
f 1002/1023/2287 1161/1211/2285 1036/1065/2288
f 1002/1023/2289 1036/1065/1953 1001/1022/1952
f 1163/1213/2290 1162/1212/2290 1003/1024/2290
f 1163/1213/2291 1005/1026/2292 1162/1212/2293
f 1163/1213/2291 1004/1025/2294 1005/1026/2292
f 1003/1024/1872 1004/1025/1873 1163/1213/2295
f 1162/1212/2284 1005/1026/2296 1006/1027/2297
f 1162/1212/2284 1006/1027/2297 1159/1209/2298
f 1007/1028/2274 1159/1209/2276 1006/1027/2299
f 1007/1028/1885 1008/1029/1885 1158/1208/2300
f 1008/1029/2301 1151/1201/2302 1158/1208/2303
f 1009/1030/2304 1151/1201/2302 1008/1029/2301
f 1009/1030/2304 1150/1200/2305 1151/1201/2302
f 1010/1031/1896 1150/1200/2305 1009/1030/2304
f 1010/1031/1896 1011/1032/1895 1150/1200/2305
f 1011/1032/1900 1013/1034/1902 1150/1200/2306
f 1151/1201/2302 1152/1202/2307 1158/1208/2303
f 1152/1202/2259 1154/1204/2261 1158/1208/2308
f 1153/1203/2257 1052/1081/2309 1051/1080/2257
f 1053/1082/1987 1052/1081/1986 1153/1203/2310
f 1056/1085/1993 1053/1082/1987 1153/1203/2310
f 1001/1022/1952 1028/1059/1938 1000/1021/1940
f 989/1007/2311 976/994/1860 991/1009/1862
f 976/994/1827 989/1007/2312 977/995/1828
f 1164/785/2313 1165/792/2314 1166/787/2315
f 1164/785/2316 1167/793/2316 1165/792/2317
f 1168/786/2316 1167/793/2316 1164/785/2316
f 1168/786/2318 1169/784/2319 1167/793/2320
f 1168/786/2321 1166/787/2321 1169/784/2322
f 1168/786/2321 1164/785/2321 1166/787/2321
f 1169/784/2323 1166/787/2324 1170/789/2325
f 1170/789/2325 1166/787/2324 1171/788/2326
f 1166/787/2315 1172/791/2327 1171/788/2328
f 1165/792/2314 1172/791/2327 1166/787/2315
f 1173/790/2329 1172/791/2330 1165/792/2331
f 1170/789/2332 1172/791/2332 1173/790/2332
f 1171/788/2333 1172/791/2333 1170/789/2333
f 1167/793/2320 1170/789/2334 1173/790/2335
f 1167/793/2320 1169/784/2319 1170/789/2334
f 1173/790/2329 1165/792/2331 1167/793/2336
f 1174/1214/2337 1175/1215/2338 1176/1216/2339
f 1174/1214/2340 1177/1217/2341 1175/1215/2342
f 1178/1218/2343 1177/1217/2341 1174/1214/2340
f 1178/1218/2344 1179/1219/2345 1177/1217/2346
f 1176/1220/2347 1179/1219/2345 1178/1218/2344
f 1176/1216/2339 1175/1215/2338 1179/1221/2348
f 1180/1222/2349 1179/1219/2349 1175/1215/2349
f 1177/1217/2350 1179/1219/2350 1180/1222/2350
f 1175/1215/2351 1177/1217/2351 1180/1222/2351
f 1188/1223/2352 1176/1220/2347 1178/1218/2344
f 1188/1224/2353 1174/1214/2353 1176/1216/2353
f 1188/1223/2354 1178/1218/2343 1174/1214/2340
f 1181/1225/2355 1182/1226/2356 1183/1227/2357
f 1181/1225/2355 1184/1228/2358 1182/1226/2356
f 1185/1229/2359 1184/1228/2359 1181/1230/2359
f 1185/1229/2360 1186/1231/2360 1184/1228/2360
f 1186/1231/2361 1185/1229/2361 1181/1230/2361
f 1183/1232/2362 1186/1231/2363 1181/1230/2364
f 1186/1231/2363 1183/1232/2362 1187/1233/2365
f 1188/1234/2366 1187/1233/2365 1183/1232/2362
f 1188/1234/2367 1182/1226/2368 1187/1233/2369
f 1183/1227/2370 1182/1226/2370 1188/1235/2370
f 1187/1233/2369 1182/1226/2368 1184/1228/2371
f 1187/1233/2369 1184/1228/2371 1186/1231/2372
f 1189/481/2373 1190/915/2373 1191/914/2373
f 1189/481/2374 1192/916/2374 1190/915/2374
f 1192/916/2375 1189/481/2375 1191/914/2375
f 1191/914/2376 1190/915/2376 1192/916/2376
f 1193/1221/2377 1194/1214/2378 1195/1216/2379
f 1193/1221/2377 1196/1215/2380 1194/1214/2378
f 1197/1222/2381 1196/1215/2381 1193/1219/2381
f 1197/1222/2382 1198/1217/2382 1196/1215/2382
f 1198/1217/2383 1197/1222/2383 1193/1219/2383
f 1195/1220/2384 1198/1217/2385 1193/1219/2386
f 1198/1217/2385 1195/1220/2384 1199/1218/2387
f 1207/1223/2388 1199/1218/2387 1195/1220/2384
f 1207/1223/2389 1194/1214/2390 1199/1218/2391
f 1195/1216/2392 1194/1214/2392 1207/1224/2392
f 1199/1218/2391 1194/1214/2390 1196/1215/2393
f 1199/1218/2391 1196/1215/2393 1198/1217/2394
f 1200/1226/2395 1201/1228/2396 1202/1227/2397
f 1200/1226/2398 1203/1231/2399 1201/1228/2400
f 1204/1233/2401 1203/1231/2399 1200/1226/2398
f 1204/1233/2402 1205/1230/2403 1203/1231/2404
f 1202/1232/2405 1205/1230/2403 1204/1233/2402
f 1202/1227/2397 1201/1228/2396 1205/1225/2406
f 1206/1229/2407 1205/1230/2407 1201/1228/2407
f 1203/1231/2408 1205/1230/2408 1206/1229/2408
f 1201/1228/2409 1203/1231/2409 1206/1229/2409
f 1207/1234/2410 1202/1232/2405 1204/1233/2402
f 1207/1235/2411 1200/1226/2411 1202/1227/2411
f 1207/1234/2412 1204/1233/2401 1200/1226/2398
f 1208/1236/2413 1209/1237/2413 1210/1238/2413
f 1211/1239/2414 1209/1240/2415 1208/1236/2416
f 1210/1241/2417 1209/1240/2418 1211/1239/2419
f 1212/1242/2420 1210/1241/2417 1211/1239/2419
f 1213/1243/2421 1210/1241/2417 1212/1242/2420
f 1213/1244/2422 1208/1236/2423 1210/1238/2424
f 1214/1245/2425 1208/1236/2423 1213/1244/2422
f 1214/1245/2426 1211/1239/2414 1208/1236/2416
f 1214/1245/2426 1212/1242/2427 1211/1239/2414
f 1215/1246/2428 1212/1242/2428 1214/1245/2428
f 1212/1242/2429 1215/1246/2429 1213/1243/2429
f 1214/1245/2425 1213/1244/2422 1215/1247/2430
f 1216/1248/2431 1217/1249/2432 1209/1250/2433
f 1218/1251/2434 1217/1249/2432 1216/1248/2431
f 1219/1252/2435 1217/1249/2432 1218/1251/2434
f 1220/1253/2436 1217/1249/2437 1219/1252/2438
f 1209/1254/2439 1217/1249/2439 1220/1253/2439
f 1220/1255/2440 1216/1248/2441 1209/1250/2442
f 1221/1256/2443 1216/1248/2441 1220/1255/2440
f 1221/1256/2443 1218/1251/2444 1216/1248/2441
f 1218/1251/2445 1221/1256/2445 1222/1257/2445
f 1221/1258/2446 1219/1252/2438 1222/1259/2447
f 1220/1253/2436 1219/1252/2438 1221/1258/2446
f 1222/1257/2448 1219/1252/2448 1218/1251/2448
f 1223/1260/2449 1227/1261/2450 1226/1262/2451
f 1228/1263/2452 1227/1261/2450 1223/1260/2449
f 1225/1264/2453 1227/1261/2454 1228/1263/2455
f 1225/1264/2453 1224/1265/2456 1227/1261/2454
f 1227/1261/2454 1224/1265/2456 1229/1266/2457
f 1229/1266/2457 1224/1265/2456 1230/1267/2458
f 1229/1266/2459 1231/1268/2460 1226/1262/2451
f 1229/1266/2459 1232/1269/2461 1231/1268/2460
f 1229/1266/2457 1230/1267/2458 1232/1269/2462
f 1232/1269/2462 1230/1267/2458 1233/1270/2463
f 1232/1269/2461 1234/1271/2464 1231/1268/2460
f 1232/1269/2461 1235/1272/2465 1234/1271/2464
f 1232/1269/2462 1233/1270/2463 1235/1272/2466
f 1233/1270/2463 1236/1273/2467 1235/1272/2466
f 1234/1271/2464 1235/1272/2465 1237/1274/2468
f 1235/1272/2465 1238/1275/2469 1237/1274/2468
f 1236/1273/2467 1238/1275/2470 1235/1272/2466
f 1236/1273/2467 1239/1276/2471 1238/1275/2470
f 1237/1274/2468 1238/1275/2469 1240/1277/2472
f 1238/1275/2469 1241/1278/2473 1240/1277/2472
f 1239/1276/2471 1241/1278/2474 1238/1275/2470
f 1239/1276/2471 1242/1279/2475 1241/1278/2474
f 1240/1277/2472 1241/1278/2473 1243/1280/2476
f 1243/1280/2476 1241/1278/2473 1244/1281/2477
f 1241/1278/2473 1245/1282/2478 1244/1281/2477
f 1241/1278/2474 1246/1283/2479 1245/1282/2480
f 1242/1279/2475 1246/1283/2479 1241/1278/2474
f 1227/1261/2450 1229/1266/2459 1226/1262/2451
f 1247/832/2481 1248/835/2481 1249/836/2482
f 1247/832/2483 1250/793/2483 1248/835/2484
f 1247/832/2485 1251/833/2486 1250/793/2487
f 1247/832/2481 1249/836/2482 1251/833/2482
f 1251/833/2488 1249/836/2489 1252/838/2490
f 1252/838/2490 1249/836/2489 1253/837/2491
f 1249/836/2492 1254/839/2493 1253/837/2494
f 1255/834/2495 1254/839/2493 1249/836/2492
f 1256/790/2496 1254/839/2497 1255/834/2498
f 1252/838/2499 1254/839/2499 1256/790/2499
f 1253/837/2500 1254/839/2500 1252/838/2500
f 1250/793/2487 1252/838/2501 1256/790/2502
f 1250/793/2487 1251/833/2486 1252/838/2501
f 1256/790/2496 1255/834/2498 1250/793/2503
f 1248/835/2484 1250/793/2483 1255/834/2504
f 1248/835/2505 1255/834/2495 1249/836/2492
f 1261/890/2506 1260/886/2507 1257/889/2508
f 1260/886/2509 1258/868/2510 1257/889/2511
f 1258/868/2512 1260/886/2513 1268/879/2514
f 1258/868/2515 1268/879/2516 1259/872/2517
f 1260/886/2507 1261/887/2518 1262/877/2519
f 1262/877/2520 1261/887/2520 1263/888/2520
f 1262/877/2521 1263/888/2522 1264/874/2523
f 1263/888/2522 1265/891/2524 1264/874/2523
f 1258/868/2525 1264/870/2525 1265/871/2525
f 1259/872/2517 1264/870/2526 1258/868/2515
f 1259/872/2527 1266/880/2528 1264/870/2529
f 1259/872/2517 1267/878/2530 1266/880/2531
f 1259/872/2517 1268/879/2516 1267/878/2530
f 1268/879/2514 1269/875/2532 1267/878/2533
f 1268/879/2514 1262/877/2534 1269/875/2532
f 1268/879/2514 1260/886/2513 1262/877/2534
f 1262/877/2535 1270/876/2536 1269/875/2537
f 1264/874/2538 1270/876/2536 1262/877/2535
f 1264/870/2529 1266/880/2528 1270/873/2539
f 1266/880/2528 1271/885/2540 1270/873/2539
f 1266/880/2531 1272/884/2541 1271/885/2542
f 1267/878/2530 1272/884/2541 1266/880/2531
f 1267/878/2533 1273/882/2543 1272/884/2544
f 1267/878/2533 1269/875/2532 1273/882/2543
f 1269/875/2537 1274/883/2545 1273/882/2546
f 1270/876/2536 1274/883/2545 1269/875/2537
f 1270/873/2539 1271/885/2540 1274/881/2547
f 1258/868/2548 1265/871/2549 1257/869/2550
f 1277/799/2551 1276/795/2552 1278/798/2553
f 1276/795/2554 1279/797/2555 1278/798/2556
f 1276/795/2552 1280/796/2557 1279/797/2558
f 1275/794/2559 1280/796/2557 1276/795/2552
f 1281/762/2560 1282/760/2561 1283/764/2562
f 1284/763/2563 1282/760/2564 1281/762/2565
f 1284/763/2563 1281/762/2565 1285/761/2566
f 1285/761/2566 1281/762/2565 1286/766/2567
f 1281/762/2560 1287/768/2568 1286/766/2569
f 1281/762/2560 1283/764/2562 1287/768/2568
f 1283/764/2570 1288/767/2571 1287/768/2572
f 1285/761/2573 1288/767/2571 1283/764/2570
f 1285/761/2566 1286/766/2567 1288/767/2574
f 1286/766/2575 1289/769/2575 1288/767/2575
f 1287/768/2576 1289/769/2576 1286/766/2576
f 1287/768/2577 1288/767/2577 1289/769/2577
f 1285/761/2578 1283/764/2579 1290/765/2580
f 1283/764/2562 1282/760/2561 1290/765/2581
f 1285/761/2578 1290/765/2580 1284/763/2582
f 1291/1284/2583 1292/1285/2584 1293/1286/2585
f 1294/1287/2586 1292/1285/2584 1291/1284/2583
f 1294/1287/2586 1295/1288/2587 1292/1285/2584
f 1296/1289/2588 1295/1290/2588 1294/1291/2588
f 1297/1292/2588 1295/1290/2588 1296/1289/2588
f 1296/1287/2589 1298/1285/2590 1297/1288/2591
f 1296/1287/2589 1299/1284/2592 1298/1285/2590
f 1299/1293/2593 1296/1289/2594 1294/1291/2593
f 1299/1293/2593 1294/1291/2593 1291/1294/2593
f 1300/1295/2595 1299/1293/2595 1291/1294/2595
f 1300/1296/2596 1301/1286/2596 1299/1284/2596
f 1299/1284/2592 1301/1286/2597 1298/1285/2590
f 1301/1297/2598 1292/1298/2599 1298/1299/2600
f 1293/1300/2598 1292/1298/2599 1301/1297/2598
f 1292/1298/2599 1302/1301/2601 1298/1299/2600
f 1295/1288/2587 1302/1302/2602 1292/1285/2584
f 1298/1299/2600 1302/1301/2601 1303/1303/2601
f 1297/1288/2603 1298/1285/2603 1303/1302/2603
f 1300/1295/2604 1291/1294/2604 1304/1304/2604
f 1304/1296/2605 1291/1284/2583 1293/1286/2585
f 1305/633/2606 1306/635/2607 1307/634/2608
f 1306/635/2609 1309/637/2610 1310/632/2611
f 1308/636/2612 1309/637/2610 1306/635/2609
f 1306/635/2607 1310/632/2613 1307/634/2608
f 1311/840/2614 1312/843/2615 1331/842/2616
f 1311/840/2617 1331/842/2616 1313/841/2618
f 1314/845/2619 1311/840/2617 1315/850/2620
f 1311/840/2614 1314/845/2621 1312/843/2615
f 1314/845/2621 1316/844/2622 1312/843/2615
f 1316/844/2623 1314/845/2623 1317/851/2623
f 1314/845/2619 1315/850/2620 1317/851/2624
f 1317/851/2625 1315/850/2626 1318/854/2627
f 1319/847/2628 1318/854/2629 1315/850/2630
f 1320/853/2631 1318/854/2629 1319/847/2628
f 1320/853/2631 1321/858/2632 1318/854/2629
f 1320/852/2633 1322/859/2634 1321/856/2635
f 1320/852/2633 1323/855/2636 1322/859/2634
f 1316/844/2637 1323/855/2636 1320/852/2633
f 1316/844/2637 1317/851/2638 1323/855/2636
f 1317/851/2625 1318/854/2627 1323/855/2639
f 1323/855/2639 1318/854/2627 1324/857/2640
f 1318/854/2629 1321/858/2632 1324/857/2641
f 1321/858/2632 1325/862/2642 1324/857/2641
f 1321/856/2635 1326/863/2643 1325/860/2644
f 1322/859/2634 1326/863/2643 1321/856/2635
f 1322/859/2645 1327/861/2646 1326/863/2647
f 1322/859/2645 1324/857/2640 1327/861/2646
f 1323/855/2639 1324/857/2640 1322/859/2645
f 1324/857/2641 1325/862/2642 1327/861/2648
f 1325/862/2642 1328/866/2649 1327/861/2648
f 1325/860/2644 1329/867/2650 1328/864/2651
f 1326/863/2643 1329/867/2650 1325/860/2644
f 1326/863/2647 1330/865/2652 1329/867/2653
f 1326/863/2647 1327/861/2646 1330/865/2652
f 1327/861/2648 1328/866/2649 1330/865/2654
f 1316/848/2655 1320/853/2631 1319/847/2628
f 1316/848/2656 1319/847/2657 1331/849/2616
f 1319/847/2657 1313/841/2618 1331/849/2616
f 1319/847/2658 1315/850/2658 1313/841/2658
f 1315/850/2620 1311/840/2617 1313/841/2618
f 1316/848/2656 1331/849/2616 1312/846/2615
f 1332/1305/2659 1333/1306/2660 1334/1307/2661
f 1332/1308/2662 1335/1309/2662 1333/1310/2663
f 1332/1308/2662 1336/1311/2664 1335/1309/2662
f 1336/1311/2665 1332/1308/2665 1337/1312/2665
f 1337/1312/2665 1332/1308/2665 1338/1313/2666
f 1332/1305/2659 1334/1307/2661 1338/1313/2667
f 1338/1313/2668 1334/1307/2668 1339/1314/2669
f 1339/1314/2670 1334/1307/2671 1333/1315/2672
f 1335/1316/2673 1339/1314/2670 1333/1315/2672
f 1336/1317/2674 1339/1314/2674 1335/1318/2674
f 1336/1317/2674 1337/1312/2674 1339/1314/2674
f 1338/1313/2668 1339/1314/2669 1337/1312/2675
f 1340/1319/2676 1341/1320/2676 1342/1321/2676
f 1341/1320/2677 1343/1322/2677 1342/1321/2678
f 1341/1320/2677 1344/1323/2677 1343/1322/2677
f 1344/1323/2679 1345/1324/2679 1343/1322/2679
f 1346/1325/2679 1345/1324/2679 1344/1323/2679
f 1346/1325/2680 1347/1326/2680 1345/1324/2681
f 1340/1327/2680 1347/1326/2680 1346/1325/2680
f 1340/1319/2676 1342/1321/2676 1347/1328/2676
f 1348/408/2682 1349/405/2683 1350/404/2684
f 1348/408/2682 1351/407/2685 1349/405/2683
f 1351/364/2686 1348/366/2687 1352/367/2688
f 1348/366/2689 1353/410/2690 1352/367/2691
f 1348/366/2689 1350/409/2692 1353/410/2690
f 1350/403/2693 1354/383/2694 1353/402/2695
f 1355/385/2696 1354/383/2694 1350/403/2693
f 1355/385/2697 1356/386/2698 1354/383/2699
f 1357/384/2700 1356/386/2698 1355/385/2697
f 1358/376/2701 1356/386/2702 1357/384/2703
f 1359/360/2704 1356/387/2705 1358/373/2706
f 1360/372/2707 1356/387/2705 1359/360/2704
f 1354/388/2708 1356/387/2705 1360/372/2707
f 1361/371/2709 1354/388/2708 1360/372/2707
f 1362/389/2710 1354/388/2708 1361/371/2709
f 1363/394/2711 1354/388/2708 1362/389/2710
f 1364/395/2712 1354/388/2712 1363/394/2712
f 1353/391/2713 1354/397/2714 1364/396/2715
f 1365/392/2716 1353/391/2713 1364/396/2715
f 1365/392/2717 1362/389/2717 1353/391/2717
f 1365/392/2718 1366/393/2718 1362/389/2718
f 1365/392/2719 1367/399/2719 1366/393/2719
f 1365/392/2716 1364/396/2715 1367/398/2720
f 1367/398/2720 1364/396/2715 1368/401/2721
f 1363/394/2722 1368/400/2722 1364/395/2722
f 1366/393/2723 1368/400/2724 1363/394/2711
f 1367/399/2725 1368/400/2725 1366/393/2725
f 1366/393/2723 1363/394/2711 1362/389/2710
f 1352/368/2691 1353/391/2690 1362/389/2726
f 1352/368/2727 1362/389/2727 1369/390/2727
f 1362/389/2728 1361/371/2729 1369/390/2730
f 1370/370/2731 1369/390/2730 1361/371/2729
f 1352/368/2732 1369/390/2733 1370/370/2734
f 1352/368/2732 1370/370/2734 1371/369/2735
f 1371/369/2735 1370/370/2734 1372/358/2736
f 1370/370/2731 1361/371/2729 1372/358/2737
f 1372/358/2737 1361/371/2729 1360/372/2738
f 1372/358/2737 1360/372/2738 1359/360/2739
f 1372/358/2737 1359/360/2739 1373/359/2740
f 1373/359/2740 1359/360/2739 1374/411/2741
f 1374/411/2742 1359/360/2704 1358/373/2706
f 1374/411/2742 1358/373/2706 1375/374/2743
f 1375/377/2744 1358/376/2744 1376/378/2745
f 1358/376/2701 1357/384/2703 1376/378/2746
f 1355/382/2747 1376/381/2748 1357/380/2749
f 1355/382/2747 1377/379/2750 1376/381/2748
f 1349/405/2683 1377/379/2750 1355/382/2747
f 1349/406/2751 1378/365/2752 1377/375/2752
f 1349/406/2753 1371/363/2754 1378/365/2755
f 1351/364/2756 1371/363/2754 1349/406/2753
f 1371/363/2757 1351/364/2686 1352/367/2688
f 1371/361/2735 1372/358/2736 1378/362/2758
f 1372/358/2736 1373/359/2759 1378/362/2758
f 1378/362/2758 1373/359/2759 1375/374/2743
f 1373/359/2759 1374/411/2742 1375/374/2743
f 1377/375/2752 1378/365/2752 1375/377/2760
f 1375/377/2744 1376/378/2745 1377/375/2745
f 1350/404/2684 1349/405/2683 1355/382/2747
f 1379/329/2761 1371/357/2762 1380/330/2763
f 1379/329/2761 1381/356/2764 1371/357/2762
f 1379/329/2761 1380/330/2763 1382/327/2765
f 1382/327/2766 1380/330/2766 1383/326/2766
f 1380/331/2763 1371/333/2762 1383/325/2767
f 1371/333/2762 1384/332/2768 1383/325/2767
f 1383/325/2767 1384/332/2768 1385/323/2769
f 1384/332/2768 1386/324/2770 1385/323/2769
f 1386/324/2770 1387/320/2771 1385/323/2769
f 1386/324/2770 1388/322/2772 1387/320/2771
f 1388/322/2772 1389/317/2773 1387/320/2771
f 1390/321/2774 1389/317/2773 1388/322/2772
f 1391/314/2775 1389/315/2775 1390/312/2775
f 1392/313/2776 1389/315/2776 1391/314/2776
f 1392/313/2777 1393/337/2778 1389/315/2779
f 1392/310/2780 1394/335/2781 1393/336/2782
f 1392/310/2780 1395/308/2783 1394/335/2781
f 1391/311/2784 1395/308/2783 1392/310/2780
f 1391/311/2784 1396/309/2785 1395/308/2783
f 1397/307/2786 1395/308/2783 1396/309/2785
f 1397/307/2786 1398/306/2787 1395/308/2783
f 1382/304/2788 1398/306/2787 1397/307/2786
f 1382/327/2789 1383/326/2790 1398/334/2791
f 1398/334/2791 1383/326/2790 1385/328/2792
f 1385/328/2793 1395/308/2794 1398/334/2795
f 1385/328/2793 1387/320/2796 1395/308/2794
f 1387/320/2796 1399/318/2797 1395/308/2794
f 1387/320/2771 1400/319/2798 1399/318/2799
f 1389/317/2773 1400/319/2798 1387/320/2771
f 1389/315/2779 1393/337/2778 1400/316/2800
f 1400/316/2801 1393/337/2802 1401/353/2803
f 1401/343/2804 1393/336/2782 1402/344/2805
f 1402/344/2805 1393/336/2782 1394/335/2781
f 1394/335/2806 1403/342/2807 1402/341/2808
f 1399/318/2809 1403/342/2807 1394/335/2806
f 1404/339/2810 1403/340/2811 1399/318/2799
f 1405/351/2812 1403/340/2811 1404/339/2810
f 1405/351/2812 1406/352/2813 1403/340/2811
f 1405/347/2814 1407/349/2815 1406/350/2816
f 1407/349/2817 1405/347/2818 1404/338/2819
f 1407/349/2817 1404/338/2819 1401/353/2819
f 1400/316/2801 1401/353/2803 1404/338/2820
f 1404/339/2810 1399/318/2799 1400/319/2798
f 1407/345/2821 1401/343/2804 1408/346/2822
f 1408/346/2822 1401/343/2804 1402/344/2805
f 1402/341/2823 1406/355/2823 1408/354/2823
f 1402/341/2823 1403/342/2823 1406/355/2823
f 1407/349/2815 1408/348/2824 1406/350/2816
f 1395/308/2794 1399/318/2797 1394/335/2825
f 1382/304/2788 1397/307/2786 1409/305/2826
f 1379/302/2827 1382/304/2788 1409/305/2826
f 1379/302/2761 1409/305/2828 1381/303/2764
f 1410/517/2829 1411/505/2829 1412/504/2829
f 1410/517/2830 1413/507/2830 1411/505/2830
f 1414/506/2831 1413/507/2832 1410/517/2833
f 1414/506/2834 1415/501/2835 1413/507/2836
f 1414/506/2837 1416/508/2837 1415/501/2837
f 1414/506/2831 1410/517/2833 1416/508/2838
f 1417/516/2839 1416/508/2838 1410/517/2833
f 1416/508/2840 1418/503/2841 1419/502/2842
f 1420/498/2843 1419/499/2842 1418/500/2841
f 1421/495/2844 1419/499/2842 1420/498/2843
f 1421/495/2844 1422/496/2845 1419/499/2842
f 1423/497/2846 1422/496/2845 1421/495/2844
f 1424/491/2847 1422/494/2845 1423/493/2846
f 1424/491/2848 1425/490/2848 1422/494/2848
f 1426/489/2849 1425/490/2849 1424/491/2849
f 1426/489/2850 1427/486/2851 1425/490/2852
f 1426/489/2850 1428/488/2853 1427/486/2851
f 1426/489/2854 1424/491/2855 1428/488/2856
f 1424/491/2855 1429/485/2857 1428/488/2856
f 1430/492/2858 1429/485/2857 1424/491/2855
f 1429/485/2859 1430/492/2859 1427/486/2859
f 1427/486/2860 1430/492/2861 1431/487/2862
f 1432/495/2863 1431/496/2862 1430/497/2861
f 1433/498/2864 1431/496/2862 1432/495/2863
f 1433/498/2864 1412/499/2865 1431/496/2862
f 1417/500/2866 1412/499/2865 1433/498/2864
f 1410/517/2867 1412/504/2865 1417/516/2866
f 1433/510/2868 1418/500/2869 1417/509/2870
f 1433/510/2868 1420/498/2871 1418/500/2869
f 1420/498/2872 1433/510/2873 1434/532/2874
f 1434/511/2875 1433/498/2864 1435/512/2876
f 1435/512/2876 1433/498/2864 1432/495/2863
f 1432/514/2877 1436/512/2878 1435/513/2879
f 1421/495/2880 1436/512/2878 1432/514/2877
f 1436/512/2881 1421/495/2844 1437/511/2882
f 1437/511/2882 1421/495/2844 1420/498/2843
f 1420/498/2872 1434/532/2874 1437/511/2883
f 1437/511/2883 1434/532/2874 1438/531/2884
f 1438/518/2885 1434/511/2875 1439/519/2886
f 1439/519/2886 1434/511/2875 1435/512/2876
f 1435/513/2879 1440/519/2887 1439/520/2888
f 1436/512/2878 1440/519/2887 1435/513/2879
f 1440/519/2889 1436/512/2881 1441/518/2890
f 1441/518/2890 1436/512/2881 1437/511/2882
f 1437/511/2883 1438/531/2884 1441/518/2891
f 1438/531/2892 1442/525/2893 1441/518/2894
f 1443/524/2895 1442/525/2896 1438/518/2885
f 1444/526/2897 1442/525/2896 1443/524/2895
f 1446/524/2898 1441/518/2890 1445/525/2899
f 1447/522/2900 1441/518/2890 1446/524/2898
f 1447/522/2900 1440/519/2889 1441/518/2890
f 1447/522/2900 1448/521/2901 1440/519/2889
f 1449/523/2902 1448/521/2901 1447/522/2900
f 1452/530/2903 1449/523/2902 1453/529/2904
f 1449/523/2902 1447/522/2900 1453/529/2904
f 1457/526/2905 1456/528/2906 1446/524/2898
f 1458/527/2907 1456/528/2906 1457/526/2905
f 1452/530/2903 1456/528/2906 1458/527/2907
f 1452/530/2903 1453/529/2904 1456/528/2906
f 1460/527/2908 1455/528/2909 1459/529/2910
f 1460/527/2908 1444/526/2897 1455/528/2909
f 1461/530/2911 1459/529/2910 1451/523/2912
f 1460/527/2908 1459/529/2910 1461/530/2911
f 1451/523/2912 1459/529/2910 1454/522/2913
f 1451/523/2912 1454/522/2913 1450/521/2914
f 1454/522/2913 1439/519/2886 1450/521/2914
f 1443/524/2895 1439/519/2886 1454/522/2913
f 1443/524/2895 1438/518/2885 1439/519/2886
f 1448/521/2915 1439/520/2916 1440/519/2917
f 1457/526/2905 1446/524/2898 1445/525/2899
f 1444/526/2897 1443/524/2895 1455/528/2909
f 1430/515/2918 1421/495/2919 1432/514/2920
f 1423/497/2921 1421/495/2919 1430/515/2918
f 1412/504/2922 1411/505/2923 1415/501/2835
f 1415/501/2835 1411/505/2923 1413/507/2836
f 1416/508/2924 1419/502/2924 1415/501/2924
f 1431/487/2925 1425/490/2852 1427/486/2851
f 1428/488/2926 1429/485/2926 1427/486/2926
f 1462/471/2927 1463/473/2927 1464/474/2927
f 1462/471/2928 1465/472/2929 1463/473/2930
f 1462/471/2931 1466/468/2932 1465/472/2933
f 1462/471/2931 1467/470/2934 1466/468/2932
f 1467/470/2935 1463/469/2936 1466/468/2937
f 1464/467/2938 1463/469/2936 1467/470/2935
f 1466/468/2939 1463/469/2940 1468/476/2941
f 1463/473/2930 1469/478/2942 1468/475/2943
f 1463/473/2930 1465/472/2929 1469/478/2942
f 1465/472/2933 1470/477/2944 1469/478/2945
f 1465/472/2933 1466/468/2932 1470/477/2944
f 1466/468/2939 1468/476/2941 1470/477/2946
f 1470/477/2947 1468/476/2947 1471/480/2947
f 1468/475/2948 1469/478/2948 1471/479/2948
f 1471/479/2949 1469/478/2945 1470/477/2944
f 1472/1329/2950 1473/1330/2951 1474/1331/2952
f 1475/1332/2953 1473/1330/2954 1472/1329/2955
f 1475/1332/2953 1476/1333/2956 1473/1330/2954
f 1477/1334/2957 1476/1335/2958 1475/1332/2959
f 1478/1336/2960 1476/1335/2958 1477/1334/2957
f 1479/1337/2961 1476/1335/2961 1478/1336/2961
f 1476/1335/2962 1479/1337/2962 1473/1338/2962
f 1480/1339/2963 1473/1338/2964 1479/1337/2965
f 1474/1340/2966 1473/1338/2964 1480/1339/2963
f 1481/1341/2967 1474/1340/2968 1480/1339/2969
f 1481/1341/2967 1482/1342/2970 1474/1340/2968
f 1482/1342/2971 1481/1341/2972 1472/1329/2973
f 1481/1341/2972 1483/1343/2974 1472/1329/2973
f 1483/1343/2975 1481/1341/2976 1480/1339/2977
f 1483/1343/2975 1480/1339/2977 1479/1337/2978
f 1477/1334/2979 1483/1343/2980 1479/1337/2981
f 1483/1343/2974 1477/1334/2982 1475/1332/2983
f 1483/1343/2974 1475/1332/2983 1472/1329/2973
f 1477/1334/2979 1479/1337/2981 1478/1336/2984
f 1472/1329/2950 1474/1331/2952 1482/1342/2985
f 1484/1300/2986 1485/1299/2987 1486/1298/2988
f 1487/1297/2989 1485/1299/2987 1484/1300/2986
f 1488/1296/2990 1485/1285/2990 1487/1286/2990
f 1488/1296/2991 1489/1284/2992 1485/1285/2993
f 1490/1304/2994 1489/1293/2994 1488/1295/2994
f 1490/1304/2994 1491/1294/2994 1489/1293/2994
f 1490/1296/2995 1486/1285/2996 1491/1284/2997
f 1490/1296/2995 1484/1286/2998 1486/1285/2996
f 1492/1287/2999 1491/1284/2997 1486/1285/2996
f 1491/1294/3000 1492/1291/3000 1493/1289/3000
f 1492/1291/3001 1494/1292/3001 1493/1289/3001
f 1495/1290/3002 1494/1292/3002 1492/1291/3002
f 1492/1287/2999 1496/1302/3003 1495/1288/3004
f 1492/1287/2999 1486/1285/2996 1496/1302/3003
f 1486/1298/2988 1497/1303/3005 1496/1301/3005
f 1485/1299/2987 1497/1303/3005 1486/1298/2988
f 1493/1287/3006 1497/1302/3007 1485/1285/2993
f 1493/1287/3008 1494/1288/3008 1497/1302/3008
f 1493/1287/3006 1485/1285/2993 1489/1284/2992
f 1491/1294/3000 1493/1289/3000 1489/1293/3000
f 1498/1327/3009 1499/1325/3010 1500/1324/3009
f 1499/1325/3011 1501/1322/3012 1500/1324/3013
f 1499/1325/3011 1502/1323/3012 1501/1322/3012
f 1502/1323/3014 1503/1321/3014 1501/1322/3014
f 1504/1320/3014 1503/1321/3014 1502/1323/3014
f 1504/1320/3015 1505/1328/3016 1503/1321/3017
f 1498/1319/3016 1505/1328/3016 1504/1320/3015
f 1498/1327/3009 1500/1324/3009 1505/1326/3009
f 1506/964/3018 1507/963/3019 1508/961/3020
f 1506/964/3018 1509/965/3021 1507/963/3019
f 1506/964/3022 1510/968/3023 1509/965/3024
f 1511/966/3025 1510/968/3023 1506/964/3022
f 1511/962/3026 1507/963/3027 1510/967/3028
f 1508/961/3029 1507/963/3027 1511/962/3026
f 1511/962/3030 1506/964/3030 1508/961/3030
f 1510/967/3031 1507/963/3031 1509/965/3031
f 1513/1344/3032 1516/1345/3033 1512/1346/3034
f 1552/1347/3035 1516/1345/3033 1513/1344/3032
f 1513/1344/3032 1512/1346/3034 1514/1348/3036
f 1514/1348/3037 1512/1346/3037 1515/1349/3037
f 1512/1350/3034 1516/1351/3033 1515/1352/3038
f 1516/1351/3033 1517/1353/3039 1515/1352/3038
f 1515/1352/3038 1517/1353/3039 1518/1354/3040
f 1517/1353/3039 1519/1355/3041 1518/1354/3040
f 1519/1355/3041 1520/1356/3042 1518/1354/3040
f 1519/1355/3041 1521/1357/3043 1520/1356/3042
f 1521/1357/3043 1522/1358/3044 1520/1356/3042
f 1523/1359/3045 1522/1358/3044 1521/1357/3043
f 1524/1360/3046 1522/1361/3046 1523/1362/3046
f 1525/1363/3047 1522/1361/3047 1524/1360/3047
f 1525/1363/3048 1526/1364/3049 1522/1361/3050
f 1525/1365/3051 1527/1366/3052 1526/1367/3053
f 1525/1365/3051 1528/1368/3054 1527/1366/3052
f 1524/1369/3055 1528/1368/3054 1525/1365/3051
f 1524/1369/3055 1529/1370/3056 1528/1368/3054
f 1529/1370/3056 1530/1371/3057 1528/1368/3054
f 1531/1372/3058 1530/1371/3057 1529/1370/3056
f 1514/1373/3059 1530/1371/3057 1531/1372/3058
f 1514/1348/3060 1515/1349/3061 1530/1374/3062
f 1530/1374/3062 1515/1349/3061 1518/1375/3063
f 1518/1375/3064 1528/1368/3065 1530/1374/3066
f 1518/1375/3064 1520/1356/3067 1528/1368/3065
f 1520/1356/3067 1532/1376/3068 1528/1368/3065
f 1520/1356/3042 1533/1377/3069 1532/1376/3070
f 1522/1358/3044 1533/1377/3069 1520/1356/3042
f 1522/1361/3050 1526/1364/3049 1533/1378/3071
f 1534/1379/3072 1533/1378/3073 1526/1364/3074
f 1534/1379/3072 1535/1380/3075 1533/1378/3073
f 1534/1379/3076 1536/1381/3077 1535/1380/3078
f 1534/1382/3079 1537/1383/3080 1536/1384/3081
f 1534/1382/3079 1526/1367/3053 1537/1383/3080
f 1526/1367/3053 1527/1366/3052 1537/1383/3080
f 1527/1366/3082 1538/1385/3083 1537/1383/3084
f 1532/1376/3068 1538/1385/3083 1527/1366/3082
f 1533/1377/3085 1538/1385/3086 1532/1376/3087
f 1539/1386/3088 1538/1385/3086 1533/1377/3085
f 1539/1386/3088 1540/1387/3089 1538/1385/3090
f 1541/1388/3091 1540/1387/3089 1539/1386/3088
f 1542/1389/3092 1540/1387/3093 1541/1390/3094
f 1542/1389/3092 1543/1391/3095 1540/1387/3093
f 1543/1391/3096 1542/1389/3097 1544/1392/3098
f 1544/1392/3098 1542/1389/3097 1545/1393/3099
f 1545/1393/3100 1542/1389/3101 1546/1394/3102
f 1546/1394/3103 1542/1389/3092 1541/1390/3094
f 1547/1395/3104 1546/1394/3103 1541/1390/3094
f 1548/1396/3105 1546/1394/3106 1547/1395/3107
f 1548/1396/3108 1545/1393/3100 1546/1394/3102
f 1536/1397/3109 1545/1393/3110 1548/1396/3111
f 1536/1397/3109 1549/1398/3112 1545/1393/3110
f 1536/1384/3081 1550/1399/3113 1549/1400/3114
f 1536/1384/3081 1537/1383/3080 1550/1399/3113
f 1537/1383/3084 1540/1387/3115 1550/1399/3116
f 1538/1385/3083 1540/1387/3115 1537/1383/3084
f 1550/1399/3117 1540/1387/3118 1543/1391/3119
f 1550/1399/3117 1543/1391/3119 1544/1392/3120
f 1549/1398/3112 1550/1399/3121 1544/1392/3122
f 1545/1393/3110 1549/1398/3112 1544/1392/3122
f 1548/1396/3105 1547/1395/3107 1536/1397/3123
f 1535/1380/3078 1536/1381/3077 1547/1401/3124
f 1535/1402/3125 1547/1403/3126 1539/1386/3088
f 1547/1403/3126 1541/1388/3091 1539/1386/3088
f 1535/1402/3125 1539/1386/3088 1533/1377/3085
f 1528/1368/3065 1532/1376/3068 1527/1366/3082
f 1514/1373/3059 1531/1372/3058 1551/1404/3127
f 1513/1405/3128 1514/1373/3129 1551/1404/3127
f 1513/1405/3032 1551/1404/3130 1552/1406/3035
f 1553/1407/3131 1554/1408/3132 1555/1409/3133
f 1556/1410/3134 1554/1408/3132 1553/1407/3131
f 1556/1410/3135 1557/1411/3136 1554/1408/3137
f 1558/1412/3138 1557/1411/3136 1556/1410/3135
f 1558/1412/3139 1555/1409/3140 1557/1411/3141
f 1558/1412/3139 1553/1407/3142 1555/1409/3140
f 1555/1409/3140 1559/1413/3143 1557/1411/3141
f 1555/1409/3133 1560/1414/3144 1559/1413/3145
f 1554/1408/3132 1560/1414/3144 1555/1409/3133
f 1554/1408/3146 1561/1415/3147 1560/1414/3148
f 1554/1408/3146 1557/1411/3149 1561/1415/3147
f 1557/1411/3141 1559/1413/3143 1561/1415/3150
f 1561/1415/3151 1559/1413/3151 1562/1416/3151
f 1562/1416/3152 1559/1413/3153 1560/1414/3152
f 1561/1415/3154 1562/1416/3154 1560/1414/3154
f 1563/822/3155 1564/823/3156 1565/819/3157
f 1567/822/3158 1568/821/3159 1566/823/3160
f 1569/819/3161 1568/821/3159 1567/822/3158
f 1569/819/3162 1570/818/3163 1568/821/3164
f 1569/819/3162 1571/820/3165 1570/818/3163
f 1571/820/3166 1572/821/3167 1570/818/3168
f 1571/820/3166 1565/819/3169 1572/821/3167
f 1565/819/3157 1564/823/3156 1572/821/3170
f 1564/823/3171 1573/824/3172 1572/821/3173
f 1574/824/3174 1566/823/3175 1568/821/3176
f 1568/821/3176 1575/825/3177 1574/824/3174
f 1568/821/3164 1576/827/3178 1575/825/3179
f 1568/821/3164 1570/818/3163 1576/827/3178
f 1570/818/3168 1577/825/3180 1576/827/3181
f 1570/818/3168 1572/821/3167 1577/825/3180
f 1572/821/3173 1578/826/3182 1577/825/3183
f 1573/824/3172 1578/826/3182 1572/821/3173
f 1574/824/3174 1575/825/3177 1579/826/3184
f 1575/825/3177 1580/828/3185 1579/826/3184
f 1575/825/3177 1581/830/3186 1580/828/3185
f 1575/825/3179 1582/831/3187 1581/830/3188
f 1575/825/3179 1576/827/3178 1582/831/3187
f 1576/827/3181 1583/830/3189 1582/831/3190
f 1576/827/3181 1577/825/3180 1583/830/3189
f 1577/825/3183 1584/829/3191 1583/830/3192
f 1577/825/3183 1585/828/3193 1584/829/3191
f 1578/826/3182 1585/828/3193 1577/825/3183
f 1580/828/3185 1581/830/3186 1586/829/3194
f 1587/892/3195 1588/900/3196 1589/894/3197
f 1590/901/3198 1588/900/3196 1587/892/3195
f 1591/906/3199 1588/903/3199 1590/905/3199
f 1592/902/3200 1588/903/3201 1591/906/3202
f 1592/902/3200 1589/904/3203 1588/903/3201
f 1593/913/3204 1589/904/3205 1592/902/3206
f 1589/894/3197 1593/893/3207 1587/892/3195
f 1587/892/3208 1593/893/3208 1594/895/3208
f 1594/895/3209 1593/893/3209 1595/912/3209
f 1595/912/3210 1593/913/3204 1592/902/3206
f 1595/912/3211 1592/902/3212 1596/908/3213
f 1596/908/3213 1592/902/3212 1597/907/3214
f 1598/910/3215 1597/907/3215 1592/902/3215
f 1598/910/3216 1599/909/3217 1597/907/3218
f 1599/909/3219 1598/910/3220 1600/898/3221
f 1600/898/3221 1598/910/3220 1591/911/3222
f 1592/902/3223 1591/906/3223 1598/910/3223
f 1587/897/3224 1600/898/3225 1591/911/3226
f 1601/896/3227 1600/898/3221 1587/897/3228
f 1601/896/3227 1599/909/3219 1600/898/3221
f 1599/909/3229 1601/896/3230 1595/912/3231
f 1595/912/3231 1601/896/3230 1594/895/3232
f 1601/896/3233 1587/892/3233 1594/895/3233
f 1599/909/3217 1595/912/3234 1596/908/3235
f 1597/907/3218 1599/909/3217 1596/908/3235
f 1587/897/3224 1591/911/3226 1590/899/3236
f 1602/1417/3237 1603/1418/3238 1604/1419/3239
f 1602/1417/3240 1605/1419/3241 1603/1418/3242
f 1606/1420/3243 1605/1419/3241 1602/1417/3240
f 1605/1419/3244 1606/1420/3245 1607/1421/3246
f 1606/1420/3245 1608/1417/3247 1607/1421/3246
f 1612/1420/3248 1602/1417/3237 1604/1419/3239
f 1604/1419/3249 1613/1421/3250 1612/1420/3251
f 1604/1419/3239 1603/1418/3238 1613/1421/3252
f 1614/1418/3253 1615/1422/3254 1611/1417/3255
f 1611/1417/3255 1615/1422/3254 1610/1423/3256
f 1612/1420/3251 1614/1418/3257 1611/1417/3258
f 1612/1420/3251 1613/1421/3250 1614/1418/3257
f 1608/1417/3247 1617/1418/3259 1607/1421/3246
f 1608/1417/3260 1609/1423/3261 1617/1418/3262
f 1617/1418/3262 1609/1423/3261 1616/1422/3263
f 1605/1419/3241 1607/1421/3264 1603/1418/3242
f 1618/1424/3265 1619/1425/3266 1620/1426/3267
f 1618/1424/3265 1621/1427/3268 1619/1425/3266
f 1618/1424/3269 1622/1428/3270 1621/1427/3271
f 1623/1429/3272 1622/1428/3270 1618/1424/3269
f 1623/1430/3273 1619/1425/3274 1622/1431/3275
f 1620/1426/3276 1619/1425/3274 1623/1430/3273
f 1623/1430/3277 1618/1424/3277 1620/1426/3277
f 1622/1431/3278 1619/1425/3278 1621/1427/3278
f 1624/920/3279 1625/917/3280 1626/919/3281
f 1624/920/3279 1626/919/3281 1627/918/3282
f 1628/922/3283 1624/920/3279 1627/918/3282
f 1628/922/3283 1627/918/3282 1629/921/3284
f 1628/922/3283 1629/921/3284 1630/924/3285
f 1629/921/3284 1635/923/3286 1630/924/3285
f 1625/917/3280 1631/925/3287 1626/919/3281
f 1625/917/3288 1632/926/3289 1631/925/3290
f 1632/926/3291 1625/917/3280 1624/920/3279
f 1632/926/3291 1624/920/3279 1630/924/3292
f 1624/920/3279 1628/922/3283 1630/924/3285
f 1632/926/3291 1630/924/3292 1633/942/3293
f 1633/942/3294 1630/924/3285 1634/941/3295
f 1630/924/3285 1635/923/3286 1634/941/3295
f 1631/925/3296 1634/941/3297 1635/923/3286
f 1631/925/3296 1636/931/3298 1634/941/3297
f 1637/932/3299 1636/931/3298 1631/925/3296
f 1638/930/3300 1636/931/3298 1637/932/3299
f 1636/931/3301 1638/930/3302 1639/929/3303
f 1639/929/3304 1638/930/3305 1640/939/3306
f 1640/939/3306 1638/930/3305 1641/938/3307
f 1641/938/3308 1638/930/3300 1642/934/3309
f 1642/934/3309 1638/930/3300 1643/933/3310
f 1638/930/3300 1637/932/3299 1643/933/3310
f 1644/927/3311 1643/933/3312 1637/932/3313
f 1644/927/3311 1645/940/3314 1643/933/3312
f 1639/929/3315 1645/940/3316 1644/927/3317
f 1646/935/3318 1645/940/3316 1639/929/3315
f 1645/940/3319 1646/935/3320 1642/934/3321
f 1647/937/3322 1642/934/3321 1646/935/3320
f 1647/937/3323 1641/938/3308 1642/934/3309
f 1647/937/3323 1648/950/3324 1641/938/3308
f 1649/947/3325 1648/950/3324 1647/937/3323
f 1649/947/3325 1650/949/3326 1648/950/3324
f 1650/949/3327 1649/947/3327 1651/948/3327
f 1651/948/3328 1649/947/3329 1652/944/3330
f 1652/944/3330 1649/947/3329 1653/936/3331
f 1649/947/3329 1647/937/3322 1653/936/3331
f 1653/936/3331 1647/937/3322 1646/935/3320
f 1653/936/3332 1646/935/3318 1640/939/3333
f 1640/939/3333 1646/935/3318 1639/929/3315
f 1653/936/3332 1640/939/3333 1654/943/3334
f 1640/939/3335 1641/938/3336 1654/943/3337
f 1641/938/3336 1648/950/3338 1654/943/3337
f 1654/943/3337 1648/950/3338 1655/952/3339
f 1648/950/3338 1656/951/3340 1655/952/3339
f 1650/949/3326 1656/951/3341 1648/950/3324
f 1650/949/3326 1657/954/3342 1656/951/3341
f 1650/949/3343 1658/945/3344 1657/954/3345
f 1659/946/3346 1658/945/3344 1650/949/3343
f 1658/945/3347 1659/946/3348 1652/944/3349
f 1659/946/3350 1651/948/3328 1652/944/3330
f 1659/946/3346 1650/949/3343 1651/948/3351
f 1652/944/3349 1654/943/3334 1658/945/3347
f 1652/944/3349 1653/936/3332 1654/943/3334
f 1658/945/3347 1654/943/3334 1655/952/3352
f 1658/945/3347 1655/952/3352 1660/953/3353
f 1660/953/3353 1655/952/3352 1661/959/3354
f 1655/952/3352 1662/958/3355 1661/959/3354
f 1655/952/3352 1663/957/3356 1662/958/3355
f 1655/952/3339 1656/951/3340 1663/957/3357
f 1664/956/3358 1663/957/3357 1656/951/3340
f 1662/958/3359 1663/957/3360 1664/956/3361
f 1665/955/3362 1662/958/3359 1664/956/3361
f 1661/959/3363 1662/958/3364 1665/955/3365
f 1661/959/3363 1665/955/3365 1666/960/3366
f 1656/951/3341 1666/960/3367 1665/955/3368
f 1657/954/3342 1666/960/3367 1656/951/3341
f 1657/954/3345 1661/959/3369 1666/960/3370
f 1657/954/3345 1660/953/3371 1661/959/3369
f 1658/945/3344 1660/953/3371 1657/954/3345
f 1656/951/3341 1665/955/3368 1664/956/3372
f 1643/933/3373 1645/940/3373 1642/934/3373
f 1639/929/3315 1644/927/3317 1667/928/3374
f 1644/927/3317 1632/926/3291 1667/928/3374
f 1632/926/3289 1644/927/3311 1637/932/3313
f 1632/926/3289 1637/932/3313 1631/925/3290
f 1632/926/3291 1633/942/3293 1667/928/3374
f 1633/942/3375 1634/941/3376 1667/928/3377
f 1634/941/3376 1636/931/3301 1667/928/3377
f 1667/928/3377 1636/931/3301 1639/929/3303
f 1631/925/3296 1635/923/3286 1627/918/3282
f 1627/918/3282 1635/923/3286 1629/921/3284
f 1631/925/3296 1627/918/3282 1626/919/3281
f 1668/1424/3378 1669/1425/3379 1670/1427/3380
f 1668/1424/3378 1671/1426/3381 1669/1425/3379
f 1668/1424/3382 1672/1430/3382 1671/1426/3382
f 1668/1424/3383 1670/1427/3384 1672/1429/3385
f 1672/1429/3385 1670/1427/3384 1673/1428/3386
f 1670/1427/3387 1669/1425/3387 1673/1431/3387
f 1672/1430/3388 1673/1431/3389 1669/1425/3390
f 1671/1426/3391 1672/1430/3388 1669/1425/3390
f 1674/1432/3392 1675/1433/3393 1676/1434/3394
f 1674/1432/3395 1677/1435/3396 1675/1433/3397
f 1674/1432/3398 1678/1436/3399 1677/1435/3400
f 1674/1432/3398 1679/1437/3401 1678/1436/3399
f 1679/1438/3402 1674/1432/3392 1676/1434/3394
f 1680/1432/3403 1678/1436/3404 1679/1437/3405
f 1680/1432/3403 1681/1435/3406 1678/1436/3404
f 1680/1432/3407 1682/1439/3408 1681/1435/3409
f 1680/1432/3407 1683/1433/3410 1682/1439/3408
f 1683/1433/3411 1680/1432/3412 1679/1438/3413
f 1683/1433/3411 1679/1438/3413 1684/1434/3414
f 1683/1433/3415 1684/1440/3415 1678/1441/3415
f 1683/1433/3416 1678/1441/3416 1682/1439/3416
f 1682/1439/3417 1678/1442/3417 1681/1435/3417
f 1678/1442/3418 1685/1439/3418 1677/1435/3418
f 1675/1433/3419 1685/1439/3419 1678/1441/3419
f 1675/1433/3397 1677/1435/3396 1685/1439/3420
f 1678/1441/3421 1676/1440/3421 1675/1433/3421
f 1686/1443/3422 1687/1444/3423 1688/1445/3424
f 1686/1443/3425 1689/1446/3426 1687/1444/3427
f 1686/1443/3425 1690/1447/3428 1689/1446/3426
f 1686/1443/3429 1691/1448/3430 1690/1447/3431
f 1691/1448/3432 1686/1443/3422 1692/1449/3433
f 1692/1449/3433 1686/1443/3422 1688/1445/3424
f 1688/1445/3434 1693/1450/3435 1692/1449/3436
f 1688/1445/3434 1694/1451/3437 1693/1450/3435
f 1695/1452/3438 1694/1451/3437 1688/1445/3434
f 1695/1452/3438 1689/1453/3439 1694/1451/3437
f 1687/1444/3440 1689/1446/3440 1695/1454/3440
f 1688/1445/3424 1687/1444/3423 1695/1452/3441
f 1690/1447/3442 1694/1455/3443 1689/1446/3444
f 1696/1456/3445 1694/1455/3443 1690/1447/3442
f 1696/1456/3445 1693/1457/3446 1694/1455/3443
f 1696/1458/3447 1697/1459/3448 1693/1460/3449
f 1698/1461/3450 1697/1459/3448 1696/1458/3447
f 1698/1462/3451 1699/1463/3452 1697/1464/3453
f 1700/1465/3454 1699/1463/3452 1698/1462/3451
f 1700/1465/3454 1701/1462/3455 1699/1463/3452
f 1701/1462/3456 1700/1465/3456 1702/1466/3456
f 1700/1465/3457 1698/1462/3457 1702/1466/3457
f 1702/1467/3458 1698/1461/3450 1691/1468/3459
f 1691/1468/3459 1698/1461/3450 1696/1458/3447
f 1690/1447/3431 1691/1448/3430 1696/1456/3460
f 1702/1467/3458 1691/1468/3459 1703/1458/3461
f 1704/1443/3462 1703/1456/3463 1691/1448/3464
f 1704/1443/3462 1705/1447/3465 1703/1456/3463
f 1705/1447/3465 1704/1443/3462 1706/1444/3466
f 1704/1443/3467 1707/1452/3468 1706/1444/3469
f 1704/1443/3467 1708/1445/3470 1707/1452/3468
f 1691/1448/3471 1708/1445/3470 1704/1443/3467
f 1691/1448/3471 1692/1449/3472 1708/1445/3470
f 1708/1445/3473 1692/1449/3474 1709/1451/3475
f 1709/1451/3475 1692/1449/3474 1710/1450/3476
f 1692/1469/3477 1711/1470/3478 1710/1460/3479
f 1692/1469/3477 1693/1460/3449 1711/1470/3478
f 1693/1460/3449 1697/1459/3448 1711/1470/3478
f 1711/1470/3478 1697/1459/3448 1712/1471/3480
f 1713/1472/3481 1712/1473/3482 1697/1464/3483
f 1713/1472/3481 1714/1474/3484 1712/1473/3482
f 1699/1463/3452 1714/1474/3485 1713/1472/3486
f 1699/1463/3452 1715/1472/3487 1714/1474/3485
f 1716/1464/3488 1715/1472/3487 1699/1463/3452
f 1716/1464/3489 1717/1473/3490 1715/1472/3491
f 1711/1470/3478 1717/1471/3492 1716/1459/3493
f 1711/1470/3478 1714/1475/3494 1717/1471/3492
f 1711/1470/3478 1712/1471/3480 1714/1475/3494
f 1715/1472/3491 1717/1473/3490 1714/1474/3495
f 1710/1460/3479 1711/1470/3478 1716/1459/3493
f 1701/1461/3496 1710/1460/3479 1716/1459/3493
f 1701/1461/3496 1703/1458/3461 1710/1460/3479
f 1702/1467/3458 1703/1458/3461 1701/1461/3496
f 1703/1456/3497 1705/1447/3498 1710/1457/3499
f 1710/1457/3499 1705/1447/3498 1709/1455/3500
f 1705/1447/3498 1718/1446/3501 1709/1455/3500
f 1718/1446/3502 1705/1447/3465 1706/1444/3466
f 1706/1444/3503 1707/1454/3503 1718/1446/3503
f 1707/1452/3504 1708/1445/3473 1718/1453/3505
f 1718/1453/3505 1708/1445/3473 1709/1451/3475
f 1701/1462/3455 1716/1464/3488 1699/1463/3452
f 1697/1464/3453 1699/1463/3452 1713/1472/3486
f 1719/1330/3506 1720/1329/3507 1721/1342/3508
f 1719/1330/3509 1722/1333/3510 1720/1329/3511
f 1719/1338/3512 1723/1336/3512 1722/1335/3512
f 1719/1338/3513 1724/1337/3513 1723/1336/3513
f 1725/1339/3514 1724/1337/3515 1719/1338/3516
f 1724/1337/3517 1725/1339/3518 1726/1341/3519
f 1726/1341/3520 1725/1339/3521 1721/1342/3522
f 1725/1339/3521 1727/1340/3523 1721/1342/3522
f 1727/1340/3524 1725/1339/3514 1719/1338/3516
f 1719/1330/3506 1721/1342/3508 1727/1331/3525
f 1721/1342/3526 1720/1329/3527 1726/1341/3528
f 1726/1341/3528 1720/1329/3527 1728/1343/3529
f 1728/1343/3529 1720/1329/3527 1729/1334/3530
f 1720/1329/3527 1730/1332/3531 1729/1334/3530
f 1722/1333/3510 1730/1332/3532 1720/1329/3511
f 1723/1336/3533 1730/1332/3534 1722/1335/3535
f 1729/1334/3536 1730/1332/3534 1723/1336/3533
f 1723/1336/3537 1728/1343/3538 1729/1334/3539
f 1724/1337/3540 1728/1343/3538 1723/1336/3537
f 1724/1337/3517 1726/1341/3519 1728/1343/3541
f 1731/684/3542 1732/682/3543 1733/696/3544
f 1734/683/3545 1732/682/3543 1731/684/3542
f 1734/683/3545 1735/685/3546 1732/682/3543
f 1734/683/3545 1736/689/3547 1735/685/3546
f 1737/699/3548 1736/689/3549 1734/700/3550
f 1738/690/3551 1736/689/3549 1737/699/3548
f 1736/689/3552 1738/690/3552 1735/685/3552
f 1735/685/3552 1738/690/3552 1739/688/3552
f 1738/690/3553 1740/691/3553 1739/688/3553
f 1738/690/3554 1737/699/3554 1740/691/3554
f 1737/699/3555 1741/698/3555 1740/691/3555
f 1737/699/3556 1734/700/3557 1741/698/3558
f 1741/698/3558 1734/700/3557 1731/697/3559
f 1731/697/3560 1742/693/3560 1741/698/3560
f 1733/695/3560 1742/693/3560 1731/697/3560
f 1743/692/3561 1742/693/3562 1733/695/3563
f 1740/691/3564 1742/693/3564 1743/692/3564
f 1741/698/3565 1742/693/3565 1740/691/3565
f 1739/688/3566 1740/691/3566 1743/686/3566
f 1739/688/3567 1743/686/3568 1732/687/3569
f 1743/692/3561 1733/695/3563 1732/694/3570
f 1739/688/3567 1732/687/3569 1735/685/3571
f 1744/739/3572 1745/740/3573 1746/745/3574
f 1747/738/3575 1745/740/3573 1744/739/3572
f 1748/753/3576 1745/740/3573 1747/738/3575
f 1745/754/3577 1748/756/3578 1749/757/3579
f 1749/757/3579 1748/756/3578 1750/755/3580
f 1751/741/3581 1750/751/3582 1748/752/3583
f 1750/751/3582 1751/741/3581 1752/749/3584
f 1753/748/3585 1752/749/3584 1751/741/3581
f 1752/749/3586 1753/748/3587 1754/759/3588
f 1755/747/3589 1754/759/3588 1753/748/3587
f 1754/759/3590 1755/747/3591 1756/758/3592
f 1755/747/3591 1757/746/3593 1756/758/3592
f 1757/746/3594 1755/747/3594 1746/745/3594
f 1755/747/3595 1751/741/3596 1746/744/3597
f 1755/747/3598 1753/748/3585 1751/741/3581
f 1746/744/3597 1751/741/3596 1744/742/3599
f 1751/741/3600 1747/743/3600 1744/742/3600
f 1747/743/3601 1751/741/3601 1748/752/3601
f 1746/745/3602 1745/740/3602 1757/746/3602
f 1756/758/3603 1757/746/3603 1745/740/3603
f 1756/758/3604 1745/754/3605 1749/757/3606
f 1756/758/3604 1749/757/3606 1754/759/3607
f 1754/759/3607 1749/757/3606 1750/755/3608
f 1754/759/3607 1750/755/3608 1758/750/3609
f 1752/749/3610 1758/750/3610 1750/751/3610
f 1752/749/3586 1754/759/3588 1758/750/3611
f 1759/1420/3612 1762/1419/3613 1760/1417/3614
f 1762/1419/3615 1759/1420/3616 1763/1421/3617
f 1759/1420/3616 1761/1417/3618 1763/1421/3617
f 1761/1417/3618 1764/1418/3619 1763/1421/3617
f 1761/1417/3620 1765/1423/3621 1764/1418/3622
f 1768/1420/3623 1760/1417/3624 1769/1419/3625
f 1760/1417/3624 1770/1418/3626 1769/1419/3625
f 1760/1417/3614 1762/1419/3613 1770/1418/3627
f 1762/1419/3613 1763/1421/3628 1770/1418/3627
f 1773/1418/3629 1772/1422/3630 1767/1417/3631
f 1767/1417/3631 1772/1422/3630 1766/1423/3632
f 1768/1420/3633 1773/1418/3634 1767/1417/3635
f 1768/1420/3633 1774/1421/3636 1773/1418/3634
f 1769/1419/3637 1774/1421/3636 1768/1420/3633
f 1769/1419/3625 1770/1418/3626 1774/1421/3638
f 1764/1418/3622 1765/1423/3621 1771/1422/3639
f 1775/539/3640 1776/537/3641 1777/535/3642
f 1775/539/3643 1778/538/3644 1776/537/3645
f 1779/536/3646 1778/538/3644 1775/539/3643
f 1779/533/3647 1780/540/3648 1778/534/3649
f 1779/533/3647 1777/535/3650 1780/540/3648
f 1777/535/3642 1776/537/3641 1780/540/3651
f 1781/1255/3652 1782/1250/3653 1783/1248/3654
f 1784/1476/3655 1782/1254/3655 1781/1253/3655
f 1783/1248/3656 1782/1250/3657 1784/1476/3658
f 1785/1252/3659 1783/1248/3656 1784/1476/3658
f 1785/1252/3659 1786/1251/3660 1783/1248/3656
f 1787/1257/3661 1786/1251/3661 1785/1252/3661
f 1786/1251/3662 1787/1257/3662 1788/1256/3662
f 1785/1252/3663 1788/1258/3664 1787/1259/3665
f 1785/1252/3663 1784/1476/3666 1788/1258/3664
f 1788/1258/3664 1784/1476/3666 1781/1253/3667
f 1788/1256/3668 1781/1255/3652 1786/1251/3669
f 1786/1251/3669 1781/1255/3652 1783/1248/3654
f 1789/1239/3670 1790/1236/3671 1782/1240/3672
f 1791/1242/3673 1790/1236/3671 1789/1239/3670
f 1792/1245/3674 1790/1236/3671 1791/1242/3673
f 1793/1238/3675 1790/1236/3676 1792/1245/3677
f 1782/1237/3678 1790/1236/3678 1793/1238/3678
f 1793/1241/3679 1789/1239/3680 1782/1240/3681
f 1794/1243/3682 1789/1239/3680 1793/1241/3679
f 1794/1243/3682 1791/1242/3683 1789/1239/3680
f 1791/1242/3684 1794/1243/3684 1795/1246/3684
f 1794/1244/3685 1792/1245/3677 1795/1247/3686
f 1793/1238/3675 1792/1245/3677 1794/1244/3685
f 1795/1246/3687 1792/1245/3687 1791/1242/3687
f 1796/1477/3688 1797/1478/3689 1798/1479/3690
f 1796/1477/3691 1800/1480/3692 1799/1481/3693
f 1801/1482/3694 1800/1480/3692 1796/1477/3691
f 1801/1482/3695 1796/1477/3688 1798/1479/3690
f 1802/447/3696 1803/449/3696 1804/450/3696
f 1805/451/3697 1803/449/3697 1802/447/3697
f 1803/449/3698 1805/451/3699 1806/464/3700
f 1807/453/3701 1806/464/3700 1805/451/3699
f 1807/453/3701 1808/463/3702 1806/464/3700
f 1809/462/3703 1808/463/3702 1807/453/3701
f 1809/462/3703 1810/461/3704 1808/463/3702
f 1810/461/3705 1809/462/3705 1811/459/3705
f 1812/457/3706 1811/459/3706 1809/462/3706
f 1812/457/3707 1813/458/3707 1811/459/3707
f 1812/457/3708 1814/454/3709 1813/458/3710
f 1812/457/3711 1807/453/3712 1814/454/3713
f 1812/457/3711 1809/462/3714 1807/453/3712
f 1814/454/3713 1807/453/3712 1805/451/3715
f 1814/454/3713 1805/451/3715 1815/452/3716
f 1816/448/3717 1815/452/3716 1805/451/3715
f 1816/448/3718 1804/446/3719 1815/452/3720
f 1804/446/3721 1816/448/3721 1802/447/3721
f 1816/448/3722 1805/451/3722 1802/447/3722
f 1804/446/3719 1817/455/3723 1815/452/3720
f 1804/450/3724 1806/464/3725 1817/465/3726
f 1804/450/3724 1803/449/3727 1806/464/3725
f 1808/463/3728 1817/465/3726 1806/464/3725
f 1818/466/3729 1817/465/3726 1808/463/3728
f 1818/456/3730 1815/452/3720 1817/455/3723
f 1814/454/3709 1815/452/3720 1818/456/3730
f 1813/458/3710 1814/454/3709 1818/456/3730
f 1813/460/3731 1818/466/3729 1810/461/3732
f 1818/466/3729 1808/463/3728 1810/461/3732
f 1813/460/3733 1810/461/3733 1811/459/3733
f 1819/1481/3734 1820/1482/3735 1821/1477/3736
f 1819/1481/3734 1822/1480/3737 1820/1482/3735
f 1824/1478/3738 1821/1477/3739 1820/1482/3740
f 1824/1478/3738 1820/1482/3740 1823/1479/3741
f 1825/1308/3742 1826/1310/3742 1827/1311/3743
f 1825/1305/3744 1828/1313/3745 1826/1306/3746
f 1825/1308/3747 1827/1311/3748 1828/1313/3747
f 1827/1311/3748 1829/1312/3748 1828/1313/3747
f 1827/1317/3749 1830/1318/3749 1829/1312/3749
f 1826/1310/3742 1830/1309/3750 1827/1311/3743
f 1830/1316/3751 1826/1315/3752 1831/1307/3753
f 1828/1313/3745 1831/1307/3754 1826/1306/3746
f 1828/1313/3755 1829/1312/3756 1831/1307/3755
f 1831/1307/3755 1829/1312/3756 1832/1314/3756
f 1829/1312/3749 1830/1318/3749 1832/1314/3749
f 1830/1316/3751 1831/1307/3753 1832/1314/3757
f 1833/642/3758 1834/644/3759 1835/643/3760
f 1833/642/3758 1836/650/3761 1834/644/3759
f 1833/653/3762 1837/649/3762 1836/656/3762
f 1838/652/3763 1837/649/3763 1833/653/3763
f 1839/651/3764 1837/649/3764 1838/652/3764
f 1839/651/3765 1840/642/3765 1837/649/3765
f 1840/639/3766 1839/655/3766 1838/654/3766
f 1840/639/3766 1838/654/3766 1833/641/3766
f 1835/638/3767 1840/639/3767 1833/641/3767
f 1841/640/3767 1840/639/3767 1835/638/3767
f 1840/647/3768 1841/646/3769 1842/645/3770
f 1841/646/3771 1834/644/3771 1842/645/3771
f 1835/643/3771 1834/644/3771 1841/646/3771
f 1842/645/3772 1834/644/3773 1843/657/3772
f 1843/657/3774 1834/644/3775 1844/665/3776
f 1844/665/3776 1834/644/3775 1836/650/3777
f 1845/660/3778 1844/666/3779 1836/656/3780
f 1846/662/3781 1844/664/3781 1845/663/3782
f 1846/662/3781 1847/658/3783 1844/664/3781
f 1848/648/3784 1847/658/3785 1846/659/3786
f 1848/648/3784 1842/645/3787 1847/658/3785
f 1840/647/3768 1842/645/3770 1848/648/3788
f 1840/642/3789 1848/650/3789 1837/649/3789
f 1837/649/3790 1848/650/3790 1849/667/3790
f 1848/650/3791 1846/661/3792 1849/667/3793
f 1846/661/3792 1845/660/3794 1849/667/3793
f 1845/660/3778 1836/656/3780 1849/667/3795
f 1837/649/3796 1849/667/3796 1836/656/3796
f 1842/645/3772 1843/657/3772 1847/658/3772
f 1847/658/3783 1843/657/3783 1844/664/3781
f 1850/1264/3797 1851/1261/3798 1852/1265/3799
f 1850/1264/3797 1853/1263/3800 1851/1261/3798
f 1858/1266/3801 1857/1267/3802 1852/1265/3799
f 1858/1266/3801 1859/1269/3803 1857/1267/3802
f 1858/1266/3804 1856/1268/3805 1859/1269/3806
f 1858/1266/3804 1855/1262/3807 1856/1268/3805
f 1851/1261/3808 1855/1262/3807 1858/1266/3804
f 1854/1260/3809 1855/1262/3807 1851/1261/3808
f 1853/1263/3810 1854/1260/3809 1851/1261/3808
f 1851/1261/3798 1858/1266/3801 1852/1265/3799
f 1859/1269/3806 1856/1268/3805 1860/1271/3811
f 1859/1269/3803 1861/1270/3812 1857/1267/3802
f 1859/1269/3803 1862/1272/3813 1861/1270/3812
f 1859/1269/3806 1860/1271/3811 1862/1272/3814
f 1860/1271/3811 1863/1274/3815 1862/1272/3814
f 1861/1270/3812 1862/1272/3813 1864/1273/3816
f 1864/1273/3816 1862/1272/3813 1865/1275/3817
f 1865/1275/3818 1862/1272/3814 1863/1274/3815
f 1866/1277/3819 1865/1275/3818 1863/1274/3815
f 1867/1278/3820 1865/1275/3818 1866/1277/3819
f 1868/1276/3821 1865/1275/3817 1867/1278/3822
f 1864/1273/3816 1865/1275/3817 1868/1276/3821
f 1866/1277/3819 1869/1280/3823 1867/1278/3820
f 1869/1280/3823 1870/1281/3824 1867/1278/3820
f 1868/1276/3821 1867/1278/3822 1871/1279/3825
f 1871/1279/3825 1867/1278/3822 1872/1283/3826
f 1867/1278/3822 1873/1282/3827 1872/1283/3826
f 1870/1281/3824 1873/1282/3828 1867/1278/3820
f 1874/770/3829 1875/772/3829 1876/782/3829
f 1874/774/3830 1877/779/3831 1875/778/3832
f 1874/774/3830 1878/773/3833 1877/779/3831
f 1879/775/3834 1878/773/3835 1874/774/3836
f 1878/776/3837 1879/775/3838 1880/783/3839
f 1881/771/3840 1880/783/3841 1879/775/3842
f 1881/771/3840 1876/782/3843 1880/783/3841
f 1874/770/3829 1876/782/3829 1881/771/3829
f 1879/775/3834 1874/774/3836 1881/771/3844
f 1880/783/3845 1876/782/3846 1875/781/3847
f 1877/780/3848 1880/783/3845 1875/781/3847
f 1878/776/3837 1880/783/3839 1877/777/3849
f 1882/668/3850 1883/671/3851 1884/669/3852
f 1883/671/3853 1885/672/3854 1884/669/3855
f 1886/681/3856 1885/672/3854 1883/671/3853
f 1886/681/3857 1887/669/3858 1885/672/3859
f 1888/671/3860 1887/669/3858 1886/681/3857
f 1888/671/3861 1889/670/3862 1887/669/3863
f 1888/671/3861 1890/668/3864 1889/670/3862
f 1882/668/3850 1884/669/3852 1891/670/3865
f 1892/679/3866 1891/670/3867 1884/669/3868
f 1889/670/3869 1893/679/3870 1887/669/3871
f 1887/669/3871 1893/679/3870 1894/680/3872
f 1892/679/3866 1896/674/3873 1895/680/3874
f 1892/679/3866 1884/669/3868 1896/674/3873
f 1884/669/3855 1897/673/3875 1896/674/3876
f 1885/672/3854 1897/673/3875 1884/669/3855
f 1885/672/3859 1898/674/3877 1897/673/3878
f 1887/669/3858 1898/674/3877 1885/672/3859
f 1887/669/3871 1894/680/3872 1898/674/3879
f 1898/674/3879 1894/680/3872 1899/677/3880
f 1895/680/3874 1896/674/3873 1900/677/3881
f 1896/674/3873 1901/676/3882 1900/677/3881
f 1896/674/3876 1902/675/3883 1901/676/3884
f 1897/673/3875 1902/675/3883 1896/674/3876
f 1897/673/3878 1903/676/3885 1902/675/3886
f 1898/674/3877 1903/676/3885 1897/673/3878
f 1898/674/3879 1904/678/3887 1903/676/3888
f 1898/674/3879 1899/677/3880 1904/678/3887
f 1900/677/3881 1901/676/3882 1905/678/3889
f 1906/1409/3890 1907/1407/3891 1908/1411/3892
f 1909/1410/3893 1907/1407/3894 1906/1409/3895
f 1909/1410/3893 1906/1409/3895 1910/1408/3896
f 1910/1408/3896 1906/1409/3895 1911/1413/3897
f 1906/1409/3890 1912/1415/3898 1911/1413/3899
f 1906/1409/3890 1908/1411/3892 1912/1415/3898
f 1908/1411/3900 1913/1414/3901 1912/1415/3902
f 1910/1408/3903 1913/1414/3901 1908/1411/3900
f 1910/1408/3896 1911/1413/3897 1913/1414/3904
f 1911/1413/3905 1914/1416/3905 1913/1414/3905
f 1912/1415/3906 1914/1416/3906 1911/1413/3906
f 1912/1415/3907 1913/1414/3907 1914/1416/3907
f 1910/1408/3908 1908/1411/3909 1915/1412/3910
f 1908/1411/3892 1907/1407/3891 1915/1412/3911
f 1910/1408/3908 1915/1412/3910 1909/1410/3912
f 1916/1483/3913 1917/1484/3914 1918/1485/3915
f 1918/1485/3916 1917/1484/3917 1919/1486/3918
f 1919/1486/3919 1917/1484/3920 1920/1487/3921
f 1917/1484/3920 1921/1488/3922 1920/1487/3921
f 1921/1488/3923 1922/1489/3924 1920/1487/3925
f 1921/1488/3926 1923/1487/3927 1922/1489/3928
f 1924/1484/3929 1923/1487/3927 1921/1488/3926
f 1925/1486/3930 1923/1487/3931 1924/1484/3932
f 1926/1490/3933 1923/1487/3934 1925/1486/3935
f 1926/1490/3933 1927/1491/3936 1923/1487/3934
f 1928/1492/3937 1927/1491/3938 1926/1490/3939
f 1929/1493/3940 1927/1491/3938 1928/1492/3937
f 1927/1491/3938 1929/1493/3940 1930/1494/3941
f 1931/1491/3942 1930/1494/3943 1929/1493/3944
f 1920/1487/3945 1930/1494/3943 1931/1491/3942
f 1920/1487/3945 1922/1489/3946 1930/1494/3943
f 1922/1489/3947 1927/1491/3938 1930/1494/3941
f 1923/1487/3948 1927/1491/3938 1922/1489/3947
f 1919/1486/3949 1920/1487/3950 1931/1491/3942
f 1932/1490/3951 1919/1486/3949 1931/1491/3942
f 1918/1485/3952 1919/1486/3953 1932/1490/3954
f 1918/1485/3952 1932/1490/3954 1933/1495/3955
f 1933/1495/3956 1932/1490/3957 1934/1492/3958
f 1934/1492/3959 1932/1490/3951 1931/1491/3942
f 1931/1491/3942 1929/1493/3944 1934/1492/3959
f 1934/1492/3960 1929/1493/3961 1935/1496/3962
f 1929/1493/3961 1928/1492/3963 1935/1496/3962
f 1935/1496/3962 1928/1492/3963 1936/1497/3964
f 1936/1497/3965 1928/1492/3966 1937/1495/3967
f 1937/1495/3967 1928/1492/3966 1926/1490/3968
f 1937/1495/3967 1926/1490/3968 1925/1486/3969
f 1938/1485/3970 1937/1495/3967 1925/1486/3969
f 1938/1485/3971 1939/1498/3972 1937/1495/3967
f 1940/1499/3973 1939/1498/3972 1938/1485/3971
f 1940/1499/3974 1933/1495/3956 1939/1498/3975
f 1940/1499/3974 1918/1485/3976 1933/1495/3956
f 1916/1483/3977 1918/1485/3976 1940/1499/3974
f 1916/1483/3978 1940/1499/3973 1938/1485/3971
f 1916/1483/3979 1938/1485/3980 1924/1484/3981
f 1938/1485/3980 1925/1486/3982 1924/1484/3981
f 1933/1495/3956 1936/1497/3983 1939/1498/3975
f 1933/1495/3956 1934/1492/3958 1936/1497/3983
f 1934/1492/3960 1935/1496/3962 1936/1497/3964
f 1937/1495/3967 1939/1498/3972 1936/1497/3965
f 1941/980/3984 1942/982/3985 1943/979/3986
f 1944/991/3987 1942/982/3985 1941/980/3984
f 1944/991/3988 1945/985/3989 1942/982/3990
f 1944/991/3988 1946/990/3991 1945/985/3989
f 1946/992/3992 1941/980/3993 1945/981/3994
f 1941/980/3995 1943/979/3996 1945/981/3997
f 1945/981/3997 1943/979/3996 1947/983/3998
f 1948/986/3999 1947/983/4000 1943/979/3986
f 1949/988/4001 1947/983/4001 1948/986/4001
f 1950/984/4002 1947/983/4002 1949/988/4002
f 1945/981/4003 1947/983/4003 1950/984/4003
f 1942/982/4004 1945/985/4005 1950/987/4006
f 1942/982/4004 1950/987/4006 1948/986/4007
f 1950/987/4008 1949/989/4008 1948/986/4008
f 1948/986/3999 1943/979/3986 1942/982/3985
f 1951/971/4009 1952/969/4010 1953/973/4011
f 1954/972/4012 1952/969/4013 1951/971/4014
f 1954/972/4012 1951/971/4014 1955/970/4015
f 1955/970/4015 1951/971/4014 1956/975/4016
f 1951/971/4009 1957/977/4017 1956/975/4018
f 1951/971/4009 1953/973/4011 1957/977/4017
f 1953/973/4019 1958/976/4020 1957/977/4021
f 1955/970/4022 1958/976/4020 1953/973/4019
f 1955/970/4015 1956/975/4016 1958/976/4023
f 1956/975/4024 1959/978/4024 1958/976/4024
f 1957/977/4025 1959/978/4025 1956/975/4025
f 1957/977/4026 1958/976/4026 1959/978/4026
f 1955/970/4027 1953/973/4028 1941/974/4029
f 1953/973/4011 1952/969/4010 1941/974/4030
f 1955/970/4027 1941/974/4029 1954/972/4031
f 1960/809/4032 1963/808/4033 1961/806/4034
f 1964/807/4035 1963/808/4033 1960/809/4032
f 1964/807/4036 1965/1500/4037 1963/808/4038
f 1962/1501/4039 1965/1500/4037 1964/807/4036
f 1966/1405/4040 1967/1406/4041 1968/1373/4042
f 1967/1406/4041 1969/1404/4043 1968/1373/4042
f 1968/1373/4042 1969/1404/4043 1970/1371/4044
f 1969/1404/4043 1971/1372/4045 1970/1371/4044
f 1971/1372/4045 2005/1368/4046 1970/1371/4044
f 1971/1372/4045 1972/1370/4047 2005/1368/4046
f 1972/1370/4047 1973/1365/4048 2005/1368/4046
f 1974/1369/4049 1973/1365/4048 1972/1370/4047
f 1975/1362/4050 1973/1363/4050 1974/1360/4050
f 1976/1361/4051 1973/1363/4051 1975/1362/4051
f 1976/1361/4052 1977/1378/4053 1973/1363/4054
f 1976/1358/4055 1978/1376/4055 1977/1377/4055
f 1976/1358/4056 1979/1356/4057 1978/1376/4058
f 1975/1359/4059 1979/1356/4057 1976/1358/4056
f 1975/1359/4059 1980/1357/4060 1979/1356/4057
f 1981/1355/4061 1979/1356/4057 1980/1357/4060
f 1981/1355/4061 2004/1354/4062 1979/1356/4057
f 1982/1352/4063 2004/1354/4062 1981/1355/4061
f 1982/1352/4063 1981/1355/4061 1983/1353/4064
f 1984/1350/4065 1982/1352/4063 1983/1353/4064
f 1984/1350/4065 1983/1353/4064 2003/1351/4066
f 1977/1377/4067 1978/1376/4068 1985/1385/4069
f 1978/1376/4058 1986/1383/4070 1985/1385/4071
f 1978/1376/4058 2006/1366/4072 1986/1383/4070
f 1987/1382/4073 1986/1383/4074 2006/1366/4072
f 1987/1382/4073 1988/1384/4075 1986/1383/4074
f 1987/1379/4076 1989/1401/4077 1988/1381/4078
f 1990/1380/4079 1989/1401/4077 1987/1379/4076
f 1990/1402/4080 1991/1386/4081 1989/1403/4082
f 1990/1402/4080 1977/1377/4067 1991/1386/4081
f 1990/1380/4083 1992/1364/4084 1977/1378/4085
f 1990/1380/4083 1987/1379/4086 1992/1364/4084
f 1987/1382/4073 2006/1366/4072 1992/1367/4087
f 2005/1368/4046 1992/1367/4087 2006/1366/4072
f 1973/1365/4048 1992/1367/4087 2005/1368/4046
f 1973/1363/4054 1977/1378/4053 1992/1364/4088
f 1991/1386/4081 1977/1377/4067 1985/1385/4069
f 1991/1386/4081 1985/1385/4089 1993/1387/4090
f 1985/1385/4071 1994/1399/4091 1993/1387/4092
f 1986/1383/4070 1994/1399/4091 1985/1385/4071
f 1988/1384/4075 1994/1399/4093 1986/1383/4074
f 1988/1384/4075 1995/1400/4094 1994/1399/4093
f 1988/1397/4095 1996/1396/4096 1995/1398/4097
f 1996/1396/4098 1988/1397/4099 1997/1394/4100
f 1997/1394/4100 1988/1397/4099 1989/1395/4101
f 1989/1395/4102 1998/1389/4103 1997/1394/4104
f 1989/1395/4102 1999/1390/4105 1998/1389/4103
f 1989/1403/4082 1991/1386/4081 1999/1388/4106
f 1999/1388/4106 1991/1386/4081 1993/1387/4090
f 1999/1390/4105 1993/1387/4107 2000/1391/4108
f 1993/1387/4109 2001/1392/4110 2000/1391/4111
f 1993/1387/4109 1994/1399/4112 2001/1392/4110
f 2002/1393/4113 2001/1392/4114 1994/1399/4115
f 2001/1392/4116 2002/1393/4117 2000/1391/4118
f 2000/1391/4118 2002/1393/4117 1998/1389/4119
f 1998/1389/4120 2002/1393/4121 1996/1396/4122
f 1996/1396/4096 2002/1393/4113 1995/1398/4097
f 2002/1393/4113 1994/1399/4115 1995/1398/4097
f 1997/1394/4123 1998/1389/4120 1996/1396/4122
f 1998/1389/4103 1999/1390/4105 2000/1391/4108
f 1984/1346/4065 1966/1344/4040 1982/1349/4063
f 1984/1346/4065 1967/1347/4041 1966/1344/4040
f 1984/1346/4065 2003/1345/4066 1967/1347/4041
f 1982/1349/4063 1966/1344/4040 1968/1348/4042
f 1982/1349/4063 1968/1348/4042 2004/1375/4062
f 2004/1375/4062 1968/1348/4042 1970/1374/4044
f 1970/1374/4044 1979/1356/4057 2004/1375/4062
f 1970/1374/4044 2005/1368/4046 1979/1356/4057
f 2005/1368/4046 2006/1366/4072 1979/1356/4057
f 1979/1356/4057 2006/1366/4072 1978/1376/4058
f 2007/701/4124 2008/710/4125 2009/703/4126
f 2010/711/4127 2008/710/4125 2007/701/4124
f 2010/711/4128 2011/713/4129 2008/710/4130
f 2010/711/4128 2012/701/4131 2011/713/4129
f 2012/701/4131 2013/704/4132 2011/713/4129
f 2013/704/4133 2014/702/4134 2011/713/4135
f 2013/704/4136 2009/703/4137 2014/702/4138
f 2007/701/4139 2009/703/4137 2013/704/4136
f 2009/703/4137 2015/706/4140 2014/702/4138
f 2016/709/4141 2015/706/4142 2009/703/4126
f 2017/712/4143 2015/706/4142 2016/709/4141
f 2017/712/4143 2018/708/4144 2015/706/4142
f 2018/708/4145 2019/705/4146 2015/706/4140
f 2018/708/4145 2020/707/4147 2019/705/4146
f 2021/706/4148 2019/705/4149 2020/707/4150
f 2011/713/4135 2019/705/4149 2021/706/4148
f 2011/713/4135 2014/702/4134 2019/705/4149
f 2015/706/4140 2019/705/4146 2014/702/4138
f 2008/710/4130 2011/713/4129 2021/706/4151
f 2008/710/4130 2021/706/4151 2016/709/4152
f 2016/709/4152 2021/706/4151 2022/708/4153
f 2022/708/4154 2021/706/4148 2020/707/4150
f 2017/712/4155 2016/709/4152 2022/708/4153
f 2008/710/4125 2016/709/4141 2009/703/4126
f 2023/1502/4156 2024/1503/4157 2025/1504/4158
f 2023/1502/4159 2026/1505/4160 2024/1503/4161
f 2026/1505/4162 2027/1506/4163 2024/1503/4164
f 2066/1507/4165 2027/1506/4163 2026/1505/4162
f 2066/1507/4166 2028/1503/4167 2027/1506/4168
f 2066/1507/4166 2075/1505/4169 2028/1503/4167
f 2075/1505/4170 2025/1504/4158 2028/1503/4171
f 2023/1502/4172 2025/1504/4158 2075/1505/4170
f 2025/1504/4158 2029/1508/4173 2028/1503/4171
f 2025/1504/4158 2030/1509/4174 2029/1508/4173
f 2024/1503/4157 2030/1509/4174 2025/1504/4158
f 2031/1510/4175 2030/1509/4176 2024/1503/4164
f 2031/1510/4175 2032/1511/4177 2030/1509/4176
f 2031/1510/4178 2033/1512/4179 2032/1511/4180
f 2031/1510/4178 2029/1513/4181 2033/1512/4179
f 2031/1510/4182 2034/1511/4183 2029/1513/4184
f 2031/1510/4185 2035/1514/4186 2034/1511/4187
f 2036/1509/4188 2035/1514/4189 2031/1510/4190
f 2035/1514/4191 2036/1509/4192 2037/1515/4193
f 2037/1515/4194 2036/1509/4194 2029/1508/4194
f 2028/1503/4171 2029/1508/4173 2036/1509/4195
f 2027/1506/4168 2028/1503/4167 2036/1509/4188
f 2027/1506/4168 2036/1509/4188 2031/1510/4190
f 2027/1506/4163 2031/1510/4175 2024/1503/4164
f 2029/1513/4184 2034/1511/4183 2037/1512/4196
f 2034/1516/4197 2032/1517/4198 2037/1518/4199
f 2034/1519/4200 2038/1520/4201 2032/1521/4202
f 2034/1519/4200 2039/1522/4203 2038/1520/4201
f 2039/1522/4204 2034/1519/4187 2040/1523/4205
f 2034/1511/4187 2035/1514/4186 2040/1524/4205
f 2035/1514/4191 2037/1515/4193 2040/1524/4206
f 2040/1523/4206 2037/1518/4193 2041/1525/4207
f 2037/1518/4208 2033/1526/4209 2041/1525/4210
f 2037/1518/4199 2032/1517/4198 2033/1526/4211
f 2041/1525/4210 2033/1526/4209 2042/1527/4212
f 2043/1528/4213 2042/1527/4214 2033/1526/4215
f 2043/1528/4216 2044/1529/4216 2042/1527/4216
f 2045/1530/4217 2044/1529/4217 2043/1528/4217
f 2046/1531/4218 2044/1529/4218 2045/1530/4218
f 2047/1532/4218 2044/1529/4218 2046/1531/4218
f 2042/1527/4219 2044/1529/4219 2047/1532/4219
f 2042/1527/4219 2047/1532/4219 2041/1525/4219
f 2040/1523/4220 2041/1525/4220 2047/1532/4220
f 2046/1531/4221 2040/1523/4221 2047/1532/4221
f 2039/1522/4222 2040/1523/4222 2046/1531/4222
f 2046/1531/4223 2045/1530/4223 2039/1522/4223
f 2039/1522/4223 2045/1530/4223 2038/1520/4223
f 2038/1520/4224 2045/1530/4224 2043/1528/4224
f 2038/1520/4225 2043/1528/4226 2032/1521/4227
f 2032/1511/4227 2043/1533/4226 2048/1514/4228
f 2048/1514/4229 2043/1533/4213 2033/1515/4215
f 2029/1508/4230 2048/1514/4229 2033/1515/4215
f 2030/1509/4174 2048/1514/4231 2029/1508/4173
f 2030/1509/4232 2032/1511/4227 2048/1514/4228
f 2049/1534/4233 2026/1535/4160 2023/1536/4159
f 2049/1534/4233 2050/1537/4234 2026/1535/4160
f 2049/1534/4233 2051/1538/4235 2050/1537/4234
f 2051/1539/4236 2049/1540/4237 2052/1541/4238
f 2053/1542/4239 2052/1541/4238 2049/1540/4237
f 2053/1542/4240 2054/1543/4241 2052/1541/4242
f 2050/1537/4243 2054/1543/4241 2053/1542/4240
f 2050/1537/4234 2051/1538/4235 2054/1543/4244
f 2051/1538/4235 2055/1544/4245 2054/1543/4244
f 2051/1539/4246 2056/1545/4247 2055/1546/4248
f 2052/1541/4249 2056/1545/4247 2051/1539/4246
f 2052/1541/4250 2057/1547/4251 2056/1545/4252
f 2054/1543/4253 2057/1547/4251 2052/1541/4250
f 2054/1543/4244 2055/1544/4245 2057/1547/4254
f 2057/1547/4254 2055/1544/4245 2058/1548/4255
f 2055/1546/4248 2059/1549/4256 2058/1550/4257
f 2056/1545/4247 2059/1549/4256 2055/1546/4248
f 2056/1545/4258 2060/1551/4259 2059/1549/4260
f 2057/1547/4261 2060/1551/4259 2056/1545/4258
f 2057/1547/4254 2058/1548/4255 2060/1551/4262
f 2060/1551/4262 2058/1548/4255 2061/1552/4263
f 2058/1550/4257 2062/1553/4264 2061/1554/4265
f 2059/1549/4256 2062/1553/4264 2058/1550/4257
f 2059/1549/4260 2063/1555/4266 2062/1553/4267
f 2060/1551/4259 2063/1555/4266 2059/1549/4260
f 2060/1551/4262 2061/1552/4263 2063/1555/4268
f 2063/1555/4268 2061/1552/4263 2064/1556/4269
f 2061/1554/4265 2095/1557/4270 2064/1558/4271
f 2061/1554/4265 2062/1553/4264 2095/1557/4270
f 2062/1553/4267 2065/1559/4272 2095/1557/4273
f 2063/1555/4266 2065/1559/4272 2062/1553/4267
f 2063/1555/4268 2064/1556/4269 2065/1559/4274
f 2050/1537/4275 2053/1542/4276 2026/1535/4277
f 2066/1560/4165 2026/1535/4162 2053/1542/4278
f 2053/1542/4279 2023/1561/4280 2066/1560/4281
f 2049/1540/4282 2023/1561/4280 2053/1542/4279
f 2067/1540/4283 2066/1560/4281 2023/1561/4280
f 2067/1540/4283 2068/1542/4284 2066/1560/4281
f 2069/1539/4285 2068/1542/4286 2067/1540/4287
f 2068/1542/4286 2069/1539/4285 2070/1541/4288
f 2070/1541/4289 2069/1539/4290 2071/1546/4291
f 2069/1538/4292 2072/1547/4293 2071/1544/4294
f 2069/1538/4292 2073/1543/4295 2072/1547/4293
f 2069/1538/4292 2067/1534/4296 2073/1543/4295
f 2067/1534/4296 2074/1537/4297 2073/1543/4295
f 2067/1534/4296 2023/1536/4172 2074/1537/4297
f 2074/1537/4297 2023/1536/4172 2075/1535/4170
f 2074/1537/4298 2075/1535/4169 2068/1542/4299
f 2068/1542/4299 2075/1535/4169 2066/1560/4166
f 2070/1541/4300 2074/1537/4301 2068/1542/4302
f 2070/1541/4300 2073/1543/4303 2074/1537/4301
f 2081/1545/4304 2073/1543/4305 2070/1541/4306
f 2081/1545/4304 2072/1547/4307 2073/1543/4305
f 2070/1541/4289 2071/1546/4291 2081/1545/4308
f 2081/1545/4309 2071/1546/4310 2076/1550/4311
f 2071/1544/4294 2077/1551/4312 2076/1548/4313
f 2072/1547/4293 2077/1551/4312 2071/1544/4294
f 2077/1551/4312 2083/1555/4314 2076/1548/4313
f 2076/1548/4313 2083/1555/4314 2078/1552/4315
f 2083/1555/4314 2085/1559/4316 2078/1552/4315
f 2078/1552/4315 2085/1559/4316 2079/1556/4317
f 2078/1554/4318 2079/1558/4319 2082/1553/4320
f 2082/1553/4320 2079/1558/4319 2084/1557/4321
f 2080/1549/4322 2078/1554/4318 2082/1553/4320
f 2080/1549/4322 2076/1550/4323 2078/1554/4318
f 2081/1545/4304 2076/1550/4323 2080/1549/4322
f 2072/1547/4293 2080/1549/4322 2077/1551/4312
f 2072/1547/4307 2081/1545/4304 2080/1549/4322
f 2077/1551/4312 2080/1549/4322 2082/1553/4320
f 2077/1551/4312 2082/1553/4320 2083/1555/4314
f 2083/1555/4314 2082/1553/4320 2084/1557/4321
f 2083/1555/4314 2084/1557/4324 2085/1559/4316
f 2085/1562/4316 2084/1563/4324 2086/1564/4325
f 2086/1564/4325 2084/1563/4324 2087/1565/4326
f 2087/1565/4327 2084/1563/4328 2088/1566/4329
f 2089/1567/4330 2088/1566/4329 2084/1563/4328
f 2089/1567/4331 2090/1568/4332 2088/1566/4333
f 2089/1567/4331 2091/1569/4334 2090/1568/4332
f 2089/1567/4331 2092/1568/4335 2091/1569/4334
f 2089/1567/4331 2093/1566/4336 2092/1568/4335
f 2094/1570/4337 2093/1566/4338 2089/1567/4339
f 2094/1570/4337 2095/1563/4340 2093/1566/4338
f 2096/1571/4341 2095/1563/4342 2094/1570/4343
f 2096/1571/4344 2064/1572/4271 2095/1563/4270
f 2096/1571/4345 2065/1562/4274 2064/1572/4269
f 2096/1571/4345 2086/1564/4346 2065/1562/4274
f 2097/1573/4347 2086/1564/4347 2096/1571/4347
f 2098/1574/4348 2086/1564/4349 2097/1573/4350
f 2098/1574/4348 2099/1573/4351 2086/1564/4349
f 2098/1574/4352 2100/1575/4353 2099/1573/4354
f 2098/1574/4355 2097/1573/4356 2100/1575/4357
f 2097/1573/4356 2096/1571/4341 2100/1575/4357
f 2096/1571/4341 2094/1570/4343 2100/1575/4357
f 2101/1571/4358 2100/1575/4353 2094/1570/4359
f 2099/1573/4354 2100/1575/4353 2101/1571/4358
f 2099/1573/4360 2101/1571/4360 2086/1564/4360
f 2101/1571/4361 2079/1572/4317 2086/1564/4362
f 2101/1571/4358 2084/1563/4321 2079/1572/4319
f 2101/1571/4358 2094/1570/4359 2084/1563/4321
f 2084/1563/4328 2094/1570/4363 2089/1567/4330
f 2079/1572/4317 2085/1562/4316 2086/1564/4362
f 2065/1562/4272 2086/1564/4325 2095/1563/4273
f 2086/1564/4325 2102/1565/4364 2095/1563/4273
f 2086/1564/4325 2103/1576/4365 2102/1565/4364
f 2086/1564/4325 2104/1577/4366 2103/1576/4365
f 2086/1564/4325 2087/1565/4326 2104/1577/4366
f 2088/1566/4367 2104/1577/4368 2087/1565/4369
f 2104/1577/4368 2088/1566/4367 2090/1568/4370
f 2104/1577/4371 2090/1568/4372 2105/1578/4373
f 2090/1568/4372 2091/1569/4374 2105/1578/4373
f 2091/1569/4374 2106/1577/4375 2105/1578/4373
f 2091/1569/4374 2092/1568/4376 2106/1577/4375
f 2106/1577/4377 2092/1568/4335 2102/1565/4378
f 2093/1566/4336 2102/1565/4378 2092/1568/4335
f 2102/1565/4379 2093/1566/4338 2095/1563/4340
f 2102/1565/4364 2103/1576/4365 2106/1577/4380
f 2103/1576/4365 2105/1578/4381 2106/1577/4380
f 2103/1576/4365 2104/1577/4366 2105/1578/4381
f 2107/481/4382 2108/482/4382 2109/484/4382
f 2107/481/4383 2110/483/4383 2108/482/4383
f 2109/484/4384 2110/483/4384 2107/481/4384
f 2108/482/4385 2110/483/4385 2109/484/4385
f 395/1579/4386 393/1580/4386 394/1581/4386
f 399/1582/4387 401/1583/4387 402/1584/4387
f 400/1585/4388 407/1586/4388 406/1587/4388
f 402/1588/4389 389/1589/4390 399/1590/4391
f 399/1590/4391 389/1589/4390 396/1591/4392
f 396/1592/4393 389/1593/4393 392/1594/4393
f 421/1595/4394 418/1596/4395 420/1597/4396
f 417/1598/632 418/1599/631 421/1600/4397
f 425/1601/4398 426/1602/4399 427/1603/4400
f 427/1603/4400 426/1602/4399 428/1604/4401
f 426/1605/4402 429/1606/4403 428/1607/4404
f 423/1608/4405 431/1609/4406 430/1610/4407
f 423/1611/4408 419/1612/4408 431/1613/4409
f 423/1611/4408 422/1614/4408 419/1612/4408
f 422/1615/4410 432/1616/4411 419/1617/4412
f 422/1615/4410 433/1618/4413 432/1616/4411
f 436/1619/4414 433/1620/4415 430/1621/4415
f 436/1619/4414 432/1622/4414 433/1620/4415
f 437/1623/4416 434/1624/4417 420/1625/4418
f 437/1626/4416 435/1627/4419 434/1628/4417
f 438/1629/4420 435/1630/4421 437/1631/4422
f 429/1632/4423 435/1630/4421 438/1629/4420
f 428/1633/4404 429/1634/4403 438/1635/4424
f 431/1609/4406 436/1636/4425 430/1610/4407
f 425/1637/655 427/1638/4426 415/1639/656
f 421/1595/4394 420/1597/4396 434/1640/4427
f 445/1641/4428 448/1642/4428 446/1643/4428
f 447/1644/4429 450/1645/4429 449/1646/4429
f 446/1647/4430 449/1648/4431 450/1649/4432
f 446/1650/4430 448/1651/4433 449/1652/4431
f 468/1653/724 471/1654/717 469/1655/716
f 468/1656/724 469/1657/716 470/1658/4434
f 468/1656/724 470/1658/4434 473/1659/4435
f 473/1660/4436 470/1661/4436 472/1662/4436
f 563/1663/4437 565/1664/4437 568/1665/4438
f 564/1666/4439 568/1667/4440 565/1668/4441
f 564/1669/4439 567/1670/4442 568/1671/4440
f 564/1672/4443 566/1673/4443 567/1674/4443
f 586/1675/4444 587/1676/4445 588/1677/4446
f 598/1678/4447 596/1679/4448 597/1680/4449
f 599/1681/4450 596/1682/4448 598/1683/4447
f 599/1681/4450 600/1684/4451 596/1682/4448
f 601/1685/4452 600/1686/4451 599/1687/4450
f 601/1685/4452 602/1688/4453 600/1686/4451
f 603/1689/4454 602/1690/4454 601/1691/4454
f 588/1692/4455 602/1690/4454 603/1689/4454
f 586/1675/4444 588/1677/4446 603/1693/4456
f 598/1678/4447 597/1680/4449 608/1694/4457
f 741/1695/1346 743/1696/1338 738/1697/4458
f 741/1695/1346 738/1697/4458 740/1698/4459
f 740/1699/4460 738/1700/4460 739/1701/4460
f 741/1702/1346 742/1703/1339 743/1704/1338
f 748/1705/4461 746/1706/4462 747/1707/4463
f 749/1708/4464 746/1709/4462 748/1710/4461
f 749/1711/4465 748/1712/4466 744/1713/4466
f 745/1714/4467 747/1715/4467 746/1716/4468
f 761/1717/4469 765/1718/4470 764/1719/4469
f 766/1720/4471 764/1721/4472 765/1722/4473
f 766/1723/4471 762/1724/4474 764/1725/4472
f 766/1726/4475 763/1727/4476 762/1728/4476
f 772/1729/4477 773/1730/4478 774/1731/4479
f 774/1731/4479 773/1730/4478 775/1732/4480
f 773/1733/4481 776/1734/4482 775/1735/4481
f 787/1736/4483 788/1737/4484 782/1738/4485
f 782/1738/4485 788/1737/4484 783/1739/4486
f 781/1740/4487 787/1741/4483 782/1742/4485
f 787/1741/4483 781/1740/4487 776/1743/4482
f 775/1735/4481 776/1734/4482 781/1744/4487
f 790/1745/4488 772/1746/4489 774/1747/4490
f 771/1748/4491 772/1746/4489 790/1745/4488
f 791/1749/1425 794/1750/1419 792/1751/1418
f 792/1752/1418 793/1753/4492 791/1754/1425
f 791/1754/1425 793/1753/4492 795/1755/4493
f 793/1756/4494 796/1757/4494 795/1758/4494
f 934/1759/4495 931/1760/4495 935/1761/4495
f 933/1762/4496 935/1763/4497 931/1764/4498
f 936/1765/4499 935/1766/4497 933/1767/4496
f 932/1768/4500 936/1769/4500 933/1770/4500
f 975/1771/4501 986/1772/1879 985/1773/1878
f 1057/1774/2000 1058/1775/1999 1047/1776/2238
f 1057/1777/4502 1047/1778/4502 1054/1779/4502
f 1161/1780/2285 1162/1781/2284 1159/1782/2298
f 1223/1783/4503 1224/1784/4503 1225/1785/4503
f 1223/1783/4503 1226/1786/4503 1224/1784/4503
f 1226/1787/4504 1230/1788/4505 1224/1789/4506
f 1226/1787/4504 1231/1790/4507 1230/1788/4505
f 1231/1791/4507 1233/1792/4508 1230/1793/4505
f 1231/1791/4507 1234/1794/4509 1233/1792/4508
f 1234/1795/4509 1236/1796/4510 1233/1797/4508
f 1234/1795/4509 1237/1798/4510 1236/1796/4510
f 1237/1799/4511 1239/1800/4512 1236/1801/4511
f 1237/1799/4511 1240/1802/4513 1239/1800/4512
f 1240/1803/4513 1242/1804/4514 1239/1805/4512
f 1240/1803/4513 1243/1806/4514 1242/1804/4514
f 1243/1807/4515 1246/1808/4515 1242/1809/4515
f 1243/1807/4515 1244/1810/4515 1246/1808/4515
f 1245/1811/4516 1246/1812/4516 1244/1813/4516
f 1228/1814/4517 1223/1815/4517 1225/1816/4517
f 1277/1817/2551 1275/1818/2559 1276/1819/2552
f 1275/1820/2559 1278/1821/4518 1280/1822/4519
f 1277/1823/2551 1278/1821/4518 1275/1820/2559
f 1278/1824/4520 1279/1825/4520 1280/1826/4520
f 1305/1827/4521 1308/1828/4521 1306/1829/4521
f 1305/1830/4522 1307/1831/4523 1308/1832/4524
f 1308/1833/4524 1307/1834/4523 1309/1835/4525
f 1310/1836/4526 1309/1837/4526 1307/1838/4527
f 1418/1839/4528 1416/1840/4528 1417/1841/4528
f 1445/1842/4529 1442/1843/4530 1444/1844/4531
f 1441/1845/2894 1442/1846/2893 1445/1847/4532
f 1448/1848/4533 1449/1849/4534 1450/1850/4535
f 1450/1850/4535 1449/1849/4534 1451/1851/4536
f 1451/1852/4537 1449/1853/4538 1452/1854/4539
f 1447/1608/4540 1454/1609/4541 1453/1610/4542
f 1447/1855/4543 1443/1856/4544 1454/1857/4544
f 1447/1855/4543 1446/1858/4543 1443/1856/4544
f 1446/1615/4545 1455/1616/4546 1443/1617/4547
f 1446/1615/4545 1456/1618/4548 1455/1616/4546
f 1459/1859/4549 1456/1860/4549 1453/1861/4549
f 1459/1859/4549 1455/1862/4549 1456/1860/4549
f 1460/1863/4550 1457/1864/4551 1444/1865/4552
f 1460/1866/4550 1458/1867/4553 1457/1868/4551
f 1461/1869/4554 1458/1870/4555 1460/1871/4556
f 1452/1872/4557 1458/1870/4555 1461/1869/4554
f 1451/1873/4537 1452/1874/4539 1461/1875/4558
f 1454/1609/4541 1459/1636/4559 1453/1610/4542
f 1450/1876/4560 1439/1877/2916 1448/1878/2915
f 1445/1842/4529 1444/1844/4531 1457/1879/4561
f 1423/1880/4562 1430/1881/4562 1424/1882/4562
f 1431/1883/4563 1412/1884/4564 1422/1885/4565
f 1422/1885/4565 1412/1884/4564 1419/1886/4566
f 1419/1887/4567 1412/1888/4567 1415/1889/4567
f 1422/1890/4568 1425/1891/4568 1431/1892/4568
f 1563/1893/4569 1566/1894/4570 1564/1895/4571
f 1563/1893/4569 1567/1896/4572 1566/1894/4570
f 1564/1897/4573 1574/1898/4574 1573/1899/4575
f 1564/1897/4573 1566/1900/4576 1574/1898/4574
f 1573/1901/4577 1579/1902/4578 1578/1903/4579
f 1573/1901/4577 1574/1904/4577 1579/1902/4578
f 1578/1905/4579 1580/1906/4580 1585/1907/4581
f 1579/1908/4578 1580/1906/4580 1578/1905/4579
f 1585/1909/4581 1580/1910/4580 1586/1911/4582
f 1585/1909/4581 1586/1911/4582 1584/1912/4583
f 1606/1913/4584 1602/1914/4584 1608/1915/4584
f 1608/1916/4585 1602/1917/4585 1609/1918/4585
f 1609/1918/4586 1602/1917/4587 1610/1919/4588
f 1602/1917/4587 1611/1920/4589 1610/1919/4588
f 1602/1914/4590 1612/1921/4590 1611/1922/4590
f 1603/1923/4591 1614/1924/4591 1613/1925/4591
f 1615/1926/4592 1614/1927/4592 1603/1928/4592
f 1615/1926/4593 1603/1928/4594 1616/1929/4595
f 1616/1929/4595 1603/1928/4594 1617/1930/4596
f 1607/1931/4597 1617/1932/4597 1603/1923/4597
f 1759/1933/4598 1760/1934/4598 1761/1935/4598
f 1761/1936/4599 1766/1937/4600 1765/1938/4601
f 1761/1936/4599 1760/1939/4602 1766/1937/4600
f 1760/1939/4602 1767/1940/4603 1766/1937/4600
f 1760/1934/4604 1768/1941/4604 1767/1942/4604
f 1763/1943/4605 1764/1944/4605 1770/1945/4605
f 1771/1946/4606 1770/1947/4607 1764/1948/4608
f 1772/1949/4609 1770/1947/4607 1771/1946/4606
f 1772/1949/4610 1773/1950/4610 1770/1947/4610
f 1770/1945/4611 1773/1951/4611 1774/1952/4611
f 1796/1953/4612 1799/1954/4612 1797/1955/4612
f 1801/1956/4613 1798/1957/4613 1800/1958/4613
f 1800/1959/4614 1798/1960/4615 1797/1961/4616
f 1800/1962/4614 1797/1963/4616 1799/1964/4617
f 1822/1965/4618 1819/1966/4619 1823/1967/4620
f 1823/1968/4620 1819/1969/4619 1824/1970/4621
f 1821/1971/4622 1824/1972/4622 1819/1973/4622
f 1820/1974/4623 1822/1975/4623 1823/1976/4623
f 1850/1977/4624 1854/1978/4624 1853/1979/4624
f 1854/1980/4625 1850/1981/4626 1855/1982/4627
f 1850/1981/4626 1852/1983/4628 1855/1982/4627
f 1855/1984/4629 1852/1985/4630 1856/1986/4631
f 1852/1985/4630 1857/1987/4632 1856/1988/4631
f 1856/1989/4631 1857/1990/4632 1860/1991/4633
f 1857/1990/4632 1861/1992/4634 1860/1991/4633
f 1860/1993/4633 1861/1994/4634 1863/1995/4635
f 1861/1994/4634 1864/1996/4636 1863/1995/4635
f 1864/1997/4637 1868/1998/4638 1866/1999/4639
f 1869/2000/4640 1866/2001/4639 1868/2002/4638
f 1869/2003/4641 1871/2004/4641 1870/2005/4641
f 1871/2006/4642 1869/2000/4640 1868/2002/4638
f 1872/2007/4643 1873/2008/4643 1870/2009/4643
f 1871/2004/4641 1872/2010/4641 1870/2005/4641
f 1863/2011/4644 1864/1997/4637 1866/1999/4639
f 1890/2012/4645 1891/2013/4646 1889/2014/4647
f 1882/2015/4648 1891/2013/4646 1890/2012/4645
f 1891/2016/4649 1892/2017/4650 1889/2018/4651
f 1893/2019/4652 1889/2020/4651 1892/2017/4650
f 1893/2021/4653 1895/2022/4654 1894/2023/4655
f 1892/2024/4653 1895/2022/4654 1893/2021/4653
f 1894/2025/4655 1900/2026/4656 1899/2027/4657
f 1895/2028/4654 1900/2026/4656 1894/2025/4655
f 1899/2029/4657 1905/2030/4658 1904/2031/4659
f 1900/2032/4656 1905/2030/4658 1899/2029/4657
f 1960/2033/4660 1961/2034/4661 1962/2035/4662
f 1962/2035/4662 1961/2034/4661 1965/2036/4663
f 2112/2037/4664 2111/2038/4665 2114/2039/4666
f 2111/2038/4665 2115/2040/4667 2114/2039/4666
f 2116/2041/4668 2115/2040/4667 2111/2038/4665
f 2116/2041/4669 2117/2042/4670 2115/2040/4671
f 2116/2041/4669 2118/2043/4672 2117/2042/4670
f 2118/2043/4673 2116/2041/4673 2111/2038/4673
f 2111/2038/4674 2119/2044/4674 2118/2043/4674
f 2111/2038/4675 2113/2045/4675 2119/2044/4675
f 2113/2045/4676 2120/2046/4677 2119/2044/4678
f 2113/2045/4679 2121/2047/4680 2120/2046/4681
f 2112/2037/4682 2121/2047/4680 2113/2045/4679
f 2112/2037/4664 2114/2039/4666 2121/2047/4683
f 2121/2047/4684 2114/2039/4685 2122/2048/4686
f 2114/2039/4687 2123/2049/4688 2122/2048/4689
f 2115/2040/4690 2123/2049/4688 2114/2039/4687
f 2115/2040/4691 2124/2050/4692 2123/2049/4688
f 2115/2040/4691 2117/2042/4693 2124/2050/4692
f 2117/2042/4694 2119/2044/4695 2124/2050/4696
f 2118/2043/4697 2119/2044/4695 2117/2042/4694
f 2124/2050/4696 2119/2044/4695 2125/2051/4698
f 2119/2044/4695 2126/2052/4699 2125/2051/4698
f 2119/2044/4678 2127/2053/4700 2126/2052/4701
f 2128/2054/4702 2127/2053/4700 2119/2044/4678
f 2128/2054/4703 2129/2055/4704 2127/2053/4705
f 2130/2056/4706 2129/2055/4704 2128/2054/4703
f 2130/2056/4707 2131/2057/4708 2129/2055/4704
f 2130/2056/4707 2122/2048/4686 2131/2057/4708
f 2121/2047/4684 2122/2048/4686 2130/2056/4707
f 2121/2047/4709 2130/2056/4706 2120/2046/4710
f 2130/2056/4706 2128/2054/4703 2120/2046/4710
f 2120/2046/4677 2128/2054/4702 2119/2044/4678
f 2122/2048/4689 2132/2058/4711 2131/2057/4712
f 2123/2049/4688 2132/2058/4711 2122/2048/4689
f 2123/2049/4688 2125/2051/4713 2132/2058/4711
f 2123/2049/4688 2124/2050/4692 2125/2051/4713
f 2132/2058/4711 2125/2051/4713 2126/2052/4714
f 2132/2058/4711 2126/2052/4714 2131/2057/4712
f 2131/2057/4708 2126/2052/4715 2129/2055/4704
f 2129/2055/4704 2126/2052/4715 2127/2053/4705
f 2111/2059/4716 2112/2060/4716 2113/2061/4716
f 2133/2037/4717 2134/2045/4718 2135/2046/4719
f 2133/2037/4720 2136/2044/4720 2134/2045/4720
f 2136/2044/4721 2133/2037/4721 2137/2038/4721
f 2138/2047/4722 2137/2038/4723 2133/2037/4724
f 2139/2039/4725 2137/2038/4723 2138/2047/4722
f 2139/2039/4725 2140/2041/4726 2137/2038/4723
f 2139/2039/4725 2141/2040/4727 2140/2041/4726
f 2142/2048/4728 2141/2040/4729 2139/2039/4730
f 2142/2048/4728 2143/2049/4731 2141/2040/4729
f 2144/2057/4732 2143/2049/4731 2142/2048/4728
f 2144/2057/4732 2145/2058/4733 2143/2049/4731
f 2146/2052/4734 2145/2058/4733 2144/2057/4732
f 2145/2058/4733 2146/2052/4734 2147/2051/4735
f 2146/2052/4736 2136/2044/4737 2147/2051/4738
f 2146/2052/4739 2148/2053/4740 2136/2044/4741
f 2149/2055/4742 2148/2053/4743 2146/2052/4744
f 2150/2056/4745 2148/2053/4743 2149/2055/4742
f 2150/2056/4745 2151/2054/4746 2148/2053/4743
f 2138/2047/4747 2151/2054/4746 2150/2056/4745
f 2138/2047/4747 2135/2046/4748 2151/2054/4746
f 2133/2037/4717 2135/2046/4719 2138/2047/4749
f 2136/2044/4741 2151/2054/4750 2135/2046/4751
f 2148/2053/4740 2151/2054/4750 2136/2044/4741
f 2136/2044/4741 2135/2046/4751 2134/2045/4752
f 2150/2056/4745 2139/2039/4753 2138/2047/4754
f 2142/2048/4755 2139/2039/4753 2150/2056/4745
f 2149/2055/4742 2142/2048/4755 2150/2056/4745
f 2149/2055/4742 2144/2057/4756 2142/2048/4755
f 2146/2052/4744 2144/2057/4756 2149/2055/4742
f 2147/2051/4738 2136/2044/4737 2152/2050/4757
f 2136/2044/4737 2153/2042/4758 2152/2050/4757
f 2136/2044/4737 2154/2043/4759 2153/2042/4758
f 2140/2041/4760 2154/2043/4760 2136/2044/4760
f 2140/2041/4761 2141/2040/4762 2154/2043/4763
f 2141/2040/4762 2153/2042/4764 2154/2043/4763
f 2141/2040/4765 2143/2049/4766 2153/2042/4767
f 2143/2049/4766 2152/2050/4768 2153/2042/4767
f 2143/2049/4766 2145/2058/4733 2152/2050/4768
f 2152/2050/4768 2145/2058/4733 2147/2051/4735
f 2140/2041/4769 2136/2044/4769 2137/2038/4769
s 0
f 2155/2062/4770 2156/2063/4770 2157/2064/4770
f 2158/2065/4771 2159/2066/4771 2160/2067/4771
f 2159/2066/4772 2161/2068/4772 2162/2069/4772
f 2161/2068/4773 2163/2070/4773 2162/2069/4773
f 2163/2071/4774 2164/2072/4774 2165/2073/4774
f 2165/2073/4775 2166/2074/4775 2167/2075/4775
f 2167/2075/4776 2168/2076/4776 2169/2077/4776
f 2169/2078/4777 2170/2079/4777 2171/2080/4777
f 2171/2080/4778 2172/2081/4778 2173/2082/4778
f 2172/2081/4779 2155/2083/4779 2173/2082/4779
f 2157/2064/4780 2174/2084/4780 2175/2085/4780
f 2175/2085/4781 2158/2086/4781 2160/2087/4781
f 2159/2088/4782 2167/2089/4782 2155/2090/4782
f 2174/2084/4783 2176/2091/4783 2177/2092/4783
f 2176/2093/4784 2178/2094/4784 2177/2095/4784
f 2174/2084/4785 2179/2096/4785 2158/2086/4785
f 2177/2095/4786 2180/2097/4786 2179/2098/4786
f 2181/2099/4787 2179/2100/4787 2182/2101/4787
f 2182/2102/4788 2180/2097/4788 2183/2103/4788
f 2181/2099/4789 2184/2104/4789 2161/2068/4789
f 2182/2102/4790 2185/2105/4790 2184/2106/4790
f 2186/2107/4791 2184/2104/4791 2187/2108/4791
f 2184/2106/4792 2188/2109/4792 2187/2110/4792
f 2164/2072/4793 2187/2111/4793 2189/2112/4793
f 2187/2110/4794 2190/2113/4794 2189/2114/4794
f 2164/2072/4795 2191/2115/4795 2166/2074/4795
f 2191/2116/4796 2190/2113/4796 2192/2117/4796
f 2168/2076/4797 2191/2115/4797 2193/2118/4797
f 2191/2116/4798 2194/2119/4798 2193/2120/4798
f 2168/2086/4799 2195/2121/4799 2170/2079/4799
f 2193/2120/4800 2196/2122/4800 2195/2123/4800
f 2172/2081/4801 2195/2121/4801 2197/2124/4801
f 2197/2125/4802 2196/2122/4802 2198/2126/4802
f 2172/2081/4803 2199/2127/4803 2200/2128/4803
f 2197/2125/4804 2201/2129/4804 2199/2130/4804
f 2200/2131/4805 2176/2091/4805 2156/2063/4805
f 2176/2093/4806 2201/2129/4806 2202/2132/4806
f 2198/2126/4807 2190/2113/4807 2180/2097/4807
f 2155/2062/4770 2200/2131/4770 2156/2063/4770
f 2158/2065/4808 2181/2099/4808 2159/2066/4808
f 2159/2066/4772 2181/2099/4772 2161/2068/4772
f 2161/2068/4773 2186/2107/4773 2163/2070/4773
f 2163/2071/4809 2186/2133/4809 2164/2072/4809
f 2165/2073/4810 2164/2072/4810 2166/2074/4810
f 2167/2075/4811 2166/2074/4811 2168/2076/4811
f 2169/2078/4812 2168/2086/4812 2170/2079/4812
f 2171/2080/4813 2170/2079/4813 2172/2081/4813
f 2172/2081/4779 2200/2128/4779 2155/2083/4779
f 2157/2064/4780 2156/2063/4780 2174/2084/4780
f 2175/2085/4814 2174/2084/4814 2158/2086/4814
f 2155/2090/4815 2157/2134/4815 2175/2135/4815
f 2175/2135/4816 2160/2136/4816 2155/2090/4816
f 2159/2088/4817 2162/2137/4817 2167/2089/4817
f 2163/2138/4816 2165/2139/4816 2167/2089/4816
f 2167/2089/4818 2169/2140/4818 2155/2090/4818
f 2171/2141/4819 2173/2142/4819 2155/2090/4819
f 2155/2090/4820 2160/2136/4820 2159/2088/4820
f 2162/2137/4821 2163/2138/4821 2167/2089/4821
f 2169/2140/4820 2171/2141/4820 2155/2090/4820
f 2174/2084/4783 2156/2063/4783 2176/2091/4783
f 2176/2093/4822 2202/2132/4822 2178/2094/4822
f 2174/2084/4823 2177/2092/4823 2179/2096/4823
f 2177/2095/4824 2178/2094/4824 2180/2097/4824
f 2181/2099/4825 2158/2065/4825 2179/2100/4825
f 2182/2102/4826 2179/2098/4826 2180/2097/4826
f 2181/2099/4789 2182/2101/4789 2184/2104/4789
f 2182/2102/4827 2183/2103/4827 2185/2105/4827
f 2186/2107/4828 2161/2068/4828 2184/2104/4828
f 2184/2106/4792 2185/2105/4792 2188/2109/4792
f 2164/2072/4829 2186/2133/4829 2187/2111/4829
f 2187/2110/4830 2188/2109/4830 2190/2113/4830
f 2164/2072/4831 2189/2112/4831 2191/2115/4831
f 2191/2116/4832 2189/2114/4832 2190/2113/4832
f 2168/2076/4833 2166/2074/4833 2191/2115/4833
f 2191/2116/4834 2192/2117/4834 2194/2119/4834
f 2168/2086/4835 2193/2143/4835 2195/2121/4835
f 2193/2120/4836 2194/2119/4836 2196/2122/4836
f 2172/2081/4837 2170/2079/4837 2195/2121/4837
f 2197/2125/4838 2195/2123/4838 2196/2122/4838
f 2172/2081/4839 2197/2124/4839 2199/2127/4839
f 2197/2125/4840 2198/2126/4840 2201/2129/4840
f 2200/2131/4841 2199/2144/4841 2176/2091/4841
f 2176/2093/4842 2199/2130/4842 2201/2129/4842
f 2180/2097/4843 2178/2094/4843 2198/2126/4843
f 2202/2132/4844 2201/2129/4844 2198/2126/4844
f 2198/2126/4845 2196/2122/4845 2194/2119/4845
f 2194/2119/4846 2192/2117/4846 2198/2126/4846
f 2190/2113/4847 2188/2109/4847 2185/2105/4847
f 2185/2105/4848 2183/2103/4848 2190/2113/4848
f 2178/2094/4849 2202/2132/4849 2198/2126/4849
f 2198/2126/4850 2192/2117/4850 2190/2113/4850
f 2190/2113/4851 2183/2103/4851 2180/2097/4851
s 1
f 2203/2145/4852 2204/2146/4853 2205/2147/4854
f 2203/2145/4852 2206/2148/4855 2204/2146/4853
f 2206/2148/4855 2207/2149/4856 2204/2146/4853
f 2206/2148/4855 2208/2150/4857 2207/2149/4856
f 2208/2150/4857 2209/2151/4858 2207/2149/4856
f 2208/2150/4857 2210/2152/4859 2209/2151/4858
f 2210/2152/4859 2211/2153/4860 2209/2151/4858
f 2210/2152/4859 2212/2154/4861 2211/2153/4860
f 2212/2154/4861 2213/2155/4862 2211/2153/4860
f 2212/2154/4861 2214/2156/4863 2213/2155/4862
f 2214/2157/4863 2203/2145/4852 2205/2147/4854
f 2214/2157/4863 2205/2147/4854 2213/2158/4862
f 2209/2151/4858 2211/2153/4860 2215/2159/4864
f 2209/2151/4858 2215/2159/4864 2216/2160/4865
f 2207/2149/4856 2209/2151/4858 2216/2160/4865
f 2207/2149/4856 2216/2160/4865 2217/2161/4866
f 2204/2146/4853 2207/2149/4856 2217/2161/4866
f 2204/2146/4853 2217/2161/4866 2218/2162/4867
f 2205/2147/4854 2204/2146/4853 2218/2162/4867
f 2205/2147/4854 2218/2162/4867 2219/2163/4868
f 2213/2158/4862 2205/2147/4854 2219/2163/4868
f 2213/2158/4862 2219/2163/4868 2220/2164/4869
f 2211/2153/4860 2220/2165/4869 2215/2159/4864
f 2211/2153/4860 2213/2155/4862 2220/2165/4869
f 2206/2166/4855 2203/2167/4852 2221/2168/4870
f 2208/2169/4857 2206/2166/4855 2221/2168/4870
f 2210/2170/4859 2208/2169/4857 2221/2168/4870
f 2212/2171/4861 2210/2170/4859 2221/2168/4870
f 2214/2172/4863 2212/2171/4861 2221/2168/4870
f 2203/2167/4852 2214/2172/4863 2221/2168/4870
f 2222/2173/4871 2223/2174/4872 2224/2175/4873
f 2223/2174/4872 2225/2176/4874 2224/2175/4873
f 2225/2176/4874 2226/2177/4875 2224/2175/4873
f 2226/2177/4875 2227/2178/4876 2224/2175/4873
f 2227/2178/4876 2228/2179/4877 2224/2175/4873
f 2228/2179/4877 2222/2173/4871 2224/2175/4873
f 2215/2159/4864 2228/2180/4877 2227/2181/4876
f 2215/2159/4864 2220/2165/4869 2228/2180/4877
f 2216/2160/4865 2215/2159/4864 2227/2181/4876
f 2216/2160/4865 2227/2181/4876 2226/2182/4875
f 2217/2161/4866 2216/2160/4865 2226/2182/4875
f 2217/2161/4866 2226/2182/4875 2225/2183/4874
f 2218/2162/4867 2217/2161/4866 2225/2183/4874
f 2218/2162/4867 2225/2183/4874 2223/2184/4872
f 2219/2163/4868 2218/2162/4867 2223/2184/4872
f 2219/2163/4868 2223/2184/4872 2222/2185/4871
f 2220/2164/4869 2219/2163/4868 2222/2185/4871
f 2220/2164/4869 2222/2185/4871 2228/2186/4877
f 2229/2187/4878 2230/2188/4879 2231/2189/4880
f 2229/2187/4878 2232/2190/4881 2230/2188/4879
f 2231/2189/4880 2233/2191/4882 2234/2192/4883
f 2231/2189/4880 2230/2188/4879 2233/2191/4882
f 2234/2192/4883 2235/2193/4884 2236/2194/4885
f 2234/2192/4883 2233/2191/4882 2235/2193/4884
f 2232/2195/4881 2233/2191/4882 2230/2188/4879
f 2232/2195/4881 2235/2196/4884 2233/2191/4882
f 2236/2197/4885 2231/2189/4880 2234/2192/4883
f 2236/2197/4885 2229/2198/4878 2231/2189/4880
f 2237/2199/4886 2238/2200/4887 2239/2201/4888
f 2237/2199/4886 2240/2202/4889 2238/2200/4887
f 2240/2202/4889 2241/2203/4890 2238/2200/4887
f 2240/2202/4889 2242/2204/4891 2241/2203/4890
f 2242/2204/4891 2243/2205/4892 2241/2203/4890
f 2242/2204/4891 2244/2206/4893 2243/2205/4892
f 2244/2206/4893 2245/2207/4894 2243/2205/4892
f 2244/2206/4893 2246/2208/4895 2245/2207/4894
f 2246/2208/4895 2247/2209/4896 2245/2207/4894
f 2246/2208/4895 2248/2210/4897 2247/2209/4896
f 2248/2211/4897 2237/2199/4886 2239/2201/4888
f 2248/2211/4897 2239/2201/4888 2247/2212/4896
f 2239/2213/4888 2238/2200/4887 2249/2214/4898
f 2238/2200/4887 2241/2203/4890 2249/2214/4898
f 2241/2203/4890 2243/2215/4892 2249/2214/4898
f 2243/2215/4892 2245/2216/4894 2249/2214/4898
f 2245/2216/4894 2247/2217/4896 2249/2214/4898
f 2247/2217/4896 2239/2213/4888 2249/2214/4898
f 2250/2199/4899 2251/2200/4900 2252/2201/4901
f 2250/2199/4899 2253/2202/4902 2251/2200/4900
f 2253/2202/4902 2254/2203/4903 2251/2200/4900
f 2253/2202/4902 2255/2204/4904 2254/2203/4903
f 2255/2204/4904 2256/2205/4905 2254/2203/4903
f 2255/2204/4904 2257/2206/4906 2256/2205/4905
f 2257/2206/4906 2258/2207/4907 2256/2205/4905
f 2257/2206/4906 2259/2208/4908 2258/2207/4907
f 2259/2208/4908 2260/2209/4909 2258/2207/4907
f 2259/2208/4908 2261/2210/4910 2260/2209/4909
f 2261/2211/4910 2250/2199/4899 2252/2201/4901
f 2261/2211/4910 2252/2201/4901 2260/2212/4909
f 2252/2213/4901 2251/2200/4900 2262/2214/4911
f 2251/2200/4900 2254/2203/4903 2262/2214/4911
f 2254/2203/4903 2256/2215/4905 2262/2214/4911
f 2256/2215/4905 2258/2216/4907 2262/2214/4911
f 2258/2216/4907 2260/2217/4909 2262/2214/4911
f 2260/2217/4909 2252/2213/4901 2262/2214/4911
f 2263/2218/4912 2264/2219/4913 2265/2220/4914
f 2263/2218/4912 2266/2221/4915 2264/2219/4913
f 2266/2221/4915 2267/2222/4916 2264/2219/4913
f 2266/2221/4915 2268/2223/4917 2267/2222/4916
f 2269/2224/4918 2263/2218/4912 2265/2220/4914
f 2269/2224/4918 2265/2220/4914 2270/2225/4919
f 2270/2225/4919 2268/2226/4917 2269/2224/4918
f 2270/2225/4919 2267/2227/4916 2268/2226/4917
f 2265/2220/4914 2267/2228/4916 2270/2229/4919
f 2265/2220/4914 2264/2219/4913 2267/2228/4916
s 0
f 2271/2230/4920 2272/2231/4920 2273/2232/4920
f 2274/2233/4921 2275/2234/4921 2276/2235/4921
f 2275/2234/4922 2277/2236/4922 2278/2237/4922
f 2277/2236/4923 2279/2238/4923 2278/2237/4923
f 2279/2239/4924 2280/2240/4924 2281/2241/4924
f 2281/2241/4925 2282/2242/4925 2283/2243/4925
f 2283/2243/4926 2284/2244/4926 2285/2245/4926
f 2285/2246/4927 2286/2247/4927 2287/2248/4927
f 2287/2248/4928 2288/2249/4928 2289/2250/4928
f 2288/2249/4929 2271/2251/4929 2289/2250/4929
f 2273/2232/4930 2290/2252/4930 2291/2253/4930
f 2291/2253/4931 2274/2254/4931 2276/2246/4931
f 2275/2255/4932 2283/2256/4932 2271/2257/4932
f 2290/2252/4933 2292/2258/4933 2293/2259/4933
f 2292/2260/4934 2294/2261/4934 2293/2262/4934
f 2290/2252/4935 2295/2263/4935 2274/2254/4935
f 2293/2262/4936 2296/2264/4936 2295/2265/4936
f 2297/2266/4937 2295/2267/4937 2298/2268/4937
f 2298/2269/4938 2296/2264/4938 2299/2270/4938
f 2297/2266/4939 2300/2271/4939 2277/2236/4939
f 2298/2269/4940 2301/2272/4940 2300/2273/4940
f 2302/2274/4941 2300/2271/4941 2303/2275/4941
f 2300/2273/4942 2304/2276/4942 2303/2277/4942
f 2280/2240/4943 2303/2278/4943 2305/2279/4943
f 2303/2277/4944 2306/2280/4944 2305/2281/4944
f 2280/2240/4945 2307/2282/4945 2282/2242/4945
f 2307/2283/4946 2306/2280/4946 2308/2284/4946
f 2284/2244/4947 2307/2282/4947 2309/2285/4947
f 2307/2283/4948 2310/2286/4948 2309/2287/4948
f 2284/2254/4949 2311/2288/4949 2286/2247/4949
f 2309/2287/4950 2312/2289/4950 2311/2290/4950
f 2288/2249/4951 2311/2288/4951 2313/2291/4951
f 2313/2292/4952 2312/2289/4952 2314/2293/4952
f 2288/2249/4953 2315/2294/4953 2316/2295/4953
f 2313/2292/4954 2317/2296/4954 2315/2297/4954
f 2316/2298/4955 2292/2258/4955 2272/2231/4955
f 2292/2260/4956 2317/2296/4956 2318/2299/4956
f 2314/2293/4957 2306/2280/4957 2296/2264/4957
f 2271/2230/4920 2316/2298/4920 2272/2231/4920
f 2274/2233/4921 2297/2266/4921 2275/2234/4921
f 2275/2234/4958 2297/2266/4958 2277/2236/4958
f 2277/2236/4923 2302/2274/4923 2279/2238/4923
f 2279/2239/4959 2302/2300/4959 2280/2240/4959
f 2281/2241/4925 2280/2240/4925 2282/2242/4925
f 2283/2243/4960 2282/2242/4960 2284/2244/4960
f 2285/2246/4927 2284/2254/4927 2286/2247/4927
f 2287/2248/4928 2286/2247/4928 2288/2249/4928
f 2288/2249/4961 2316/2295/4961 2271/2251/4961
f 2273/2232/4962 2272/2231/4962 2290/2252/4962
f 2291/2253/4963 2290/2252/4963 2274/2254/4963
f 2271/2257/4964 2273/2301/4964 2291/2302/4964
f 2291/2302/4965 2276/2303/4965 2271/2257/4965
f 2275/2255/4966 2278/2304/4966 2283/2256/4966
f 2279/2305/4966 2281/2306/4966 2283/2256/4966
f 2283/2256/4967 2285/2307/4967 2271/2257/4967
f 2287/2308/4968 2289/2309/4968 2271/2257/4968
f 2271/2257/4932 2276/2303/4932 2275/2255/4932
f 2278/2304/4966 2279/2305/4966 2283/2256/4966
f 2285/2307/4969 2287/2308/4969 2271/2257/4969
f 2290/2252/4933 2272/2231/4933 2292/2258/4933
f 2292/2260/4970 2318/2299/4970 2294/2261/4970
f 2290/2252/4971 2293/2259/4971 2295/2263/4971
f 2293/2262/4972 2294/2261/4972 2296/2264/4972
f 2297/2266/4937 2274/2233/4937 2295/2267/4937
f 2298/2269/4973 2295/2265/4973 2296/2264/4973
f 2297/2266/4974 2298/2268/4974 2300/2271/4974
f 2298/2269/4975 2299/2270/4975 2301/2272/4975
f 2302/2274/4976 2277/2236/4976 2300/2271/4976
f 2300/2273/4977 2301/2272/4977 2304/2276/4977
f 2280/2240/4978 2302/2300/4978 2303/2278/4978
f 2303/2277/4979 2304/2276/4979 2306/2280/4979
f 2280/2240/4980 2305/2279/4980 2307/2282/4980
f 2307/2283/4981 2305/2281/4981 2306/2280/4981
f 2284/2244/4982 2282/2242/4982 2307/2282/4982
f 2307/2283/4983 2308/2284/4983 2310/2286/4983
f 2284/2254/4984 2309/2310/4984 2311/2288/4984
f 2309/2287/4985 2310/2286/4985 2312/2289/4985
f 2288/2249/4986 2286/2247/4986 2311/2288/4986
f 2313/2292/4987 2311/2290/4987 2312/2289/4987
f 2288/2249/4988 2313/2291/4988 2315/2294/4988
f 2313/2292/4989 2314/2293/4989 2317/2296/4989
f 2316/2298/4990 2315/2311/4990 2292/2258/4990
f 2292/2260/4991 2315/2297/4991 2317/2296/4991
f 2296/2264/4992 2294/2261/4992 2314/2293/4992
f 2318/2299/4993 2317/2296/4993 2314/2293/4993
f 2314/2293/4994 2312/2289/4994 2310/2286/4994
f 2310/2286/4995 2308/2284/4995 2314/2293/4995
f 2306/2280/4996 2304/2276/4996 2301/2272/4996
f 2301/2272/4997 2299/2270/4997 2306/2280/4997
f 2294/2261/4998 2318/2299/4998 2314/2293/4998
f 2314/2293/4999 2308/2284/4999 2306/2280/4999
f 2306/2280/5000 2299/2270/5000 2296/2264/5000
s 1
f 2319/2312/5001 2320/2313/5002 2321/2314/5003
f 2319/2312/5001 2322/2315/5004 2320/2313/5002
f 2322/2315/5004 2323/2316/5005 2320/2313/5002
f 2322/2315/5004 2324/2317/5006 2323/2316/5005
f 2324/2317/5006 2325/2318/5007 2323/2316/5005
f 2324/2317/5006 2326/2319/5008 2325/2318/5007
f 2326/2319/5008 2327/2320/5009 2325/2318/5007
f 2326/2319/5008 2328/2321/5010 2327/2320/5009
f 2328/2321/5010 2329/2322/5011 2327/2320/5009
f 2328/2321/5010 2330/2323/5012 2329/2322/5011
f 2330/2324/5012 2319/2312/5001 2321/2314/5003
f 2330/2324/5012 2321/2314/5003 2329/2325/5011
f 2325/2318/5007 2327/2320/5009 2331/2326/5013
f 2325/2318/5007 2331/2326/5013 2332/2327/5014
f 2323/2316/5005 2325/2318/5007 2332/2327/5014
f 2323/2316/5005 2332/2327/5014 2333/2328/5015
f 2320/2313/5002 2323/2316/5005 2333/2328/5015
f 2320/2313/5002 2333/2328/5015 2334/2329/5016
f 2321/2314/5003 2320/2313/5002 2334/2329/5016
f 2321/2314/5003 2334/2329/5016 2335/2330/5017
f 2329/2325/5011 2321/2314/5003 2335/2330/5017
f 2329/2325/5011 2335/2330/5017 2336/2331/5018
f 2327/2320/5009 2336/2332/5018 2331/2326/5013
f 2327/2320/5009 2329/2322/5011 2336/2332/5018
f 2322/2333/5004 2319/2334/5001 2337/2335/5019
f 2324/2336/5006 2322/2333/5004 2337/2335/5019
f 2326/2337/5008 2324/2336/5006 2337/2335/5019
f 2328/2338/5010 2326/2337/5008 2337/2335/5019
f 2330/2339/5012 2328/2338/5010 2337/2335/5019
f 2319/2334/5001 2330/2339/5012 2337/2335/5019
f 2338/2340/5020 2339/2341/5021 2340/2342/5022
f 2339/2341/5021 2341/2343/5023 2340/2342/5022
f 2341/2343/5023 2342/2344/5024 2340/2342/5022
f 2342/2344/5024 2343/2345/5025 2340/2342/5022
f 2343/2345/5025 2344/2346/5026 2340/2342/5022
f 2344/2346/5026 2338/2340/5020 2340/2342/5022
f 2331/2326/5013 2344/2347/5026 2343/2348/5025
f 2331/2326/5013 2336/2332/5018 2344/2347/5026
f 2332/2327/5014 2331/2326/5013 2343/2348/5025
f 2332/2327/5014 2343/2348/5025 2342/2349/5024
f 2333/2328/5015 2332/2327/5014 2342/2349/5024
f 2333/2328/5015 2342/2349/5024 2341/2350/5023
f 2334/2329/5016 2333/2328/5015 2341/2350/5023
f 2334/2329/5016 2341/2350/5023 2339/2351/5021
f 2335/2330/5017 2334/2329/5016 2339/2351/5021
f 2335/2330/5017 2339/2351/5021 2338/2352/5020
f 2336/2331/5018 2335/2330/5017 2338/2352/5020
f 2336/2331/5018 2338/2352/5020 2344/2353/5026
f 2345/2354/5027 2346/2355/5028 2347/2356/5029
f 2345/2354/5027 2348/2357/5030 2346/2355/5028
f 2347/2356/5029 2349/2358/5031 2350/2359/5032
f 2347/2356/5029 2346/2355/5028 2349/2358/5031
f 2350/2359/5032 2351/2360/5033 2352/2361/5034
f 2350/2359/5032 2349/2358/5031 2351/2360/5033
f 2348/2362/5030 2349/2358/5031 2346/2355/5028
f 2348/2362/5030 2351/2363/5033 2349/2358/5031
f 2352/2364/5034 2347/2356/5029 2350/2359/5032
f 2352/2364/5034 2345/2365/5027 2347/2356/5029
f 2353/2366/5035 2354/2367/5036 2355/2368/5037
f 2353/2366/5035 2356/2369/5038 2354/2367/5036
f 2356/2369/5038 2357/2370/5039 2354/2367/5036
f 2356/2369/5038 2358/2371/5040 2357/2370/5039
f 2358/2371/5040 2359/2372/5041 2357/2370/5039
f 2358/2371/5040 2360/2373/5042 2359/2372/5041
f 2360/2373/5042 2361/2374/5043 2359/2372/5041
f 2360/2373/5042 2362/2375/5044 2361/2374/5043
f 2362/2375/5044 2363/2376/5045 2361/2374/5043
f 2362/2375/5044 2364/2377/5046 2363/2376/5045
f 2364/2378/5046 2353/2366/5035 2355/2368/5037
f 2364/2378/5046 2355/2368/5037 2363/2379/5045
f 2355/2380/5037 2354/2367/5036 2365/2381/5047
f 2354/2367/5036 2357/2370/5039 2365/2381/5047
f 2357/2370/5039 2359/2382/5041 2365/2381/5047
f 2359/2382/5041 2361/2383/5043 2365/2381/5047
f 2361/2383/5043 2363/2384/5045 2365/2381/5047
f 2363/2384/5045 2355/2380/5037 2365/2381/5047
f 2366/2366/5048 2367/2367/5049 2368/2368/5050
f 2366/2366/5048 2369/2369/5051 2367/2367/5049
f 2369/2369/5051 2370/2370/5052 2367/2367/5049
f 2369/2369/5051 2371/2371/5053 2370/2370/5052
f 2371/2371/5053 2372/2372/5054 2370/2370/5052
f 2371/2371/5053 2373/2373/5055 2372/2372/5054
f 2373/2373/5055 2374/2374/5056 2372/2372/5054
f 2373/2373/5055 2375/2375/5057 2374/2374/5056
f 2375/2375/5057 2376/2376/5058 2374/2374/5056
f 2375/2375/5057 2377/2377/5059 2376/2376/5058
f 2377/2378/5059 2366/2366/5048 2368/2368/5050
f 2377/2378/5059 2368/2368/5050 2376/2379/5058
f 2368/2380/5050 2367/2367/5049 2378/2381/5060
f 2367/2367/5049 2370/2370/5052 2378/2381/5060
f 2370/2370/5052 2372/2382/5054 2378/2381/5060
f 2372/2382/5054 2374/2383/5056 2378/2381/5060
f 2374/2383/5056 2376/2384/5058 2378/2381/5060
f 2376/2384/5058 2368/2380/5050 2378/2381/5060
f 2379/2385/5061 2380/2386/5062 2381/2387/5063
f 2379/2385/5061 2382/2388/5064 2380/2386/5062
f 2382/2388/5064 2383/2389/5065 2380/2386/5062
f 2382/2388/5064 2384/2390/5066 2383/2389/5065
f 2385/2391/5067 2379/2385/5061 2381/2387/5063
f 2385/2391/5067 2381/2387/5063 2386/2392/5068
f 2386/2392/5068 2384/2393/5066 2385/2391/5067
f 2386/2392/5068 2383/2394/5065 2384/2393/5066
f 2381/2387/5063 2383/2395/5065 2386/2396/5068
f 2381/2387/5063 2380/2386/5062 2383/2395/5065
s 0
f 2387/2397/5069 2388/2398/5069 2389/2399/5069
f 2390/2400/5070 2391/2401/5070 2392/2402/5070
f 2391/2401/5071 2393/2403/5071 2394/2404/5071
f 2393/2403/5072 2395/2405/5072 2394/2404/5072
f 2395/2406/5073 2396/2407/5073 2397/2408/5073
f 2397/2408/5074 2398/2409/5074 2399/2410/5074
f 2399/2410/5075 2400/2411/5075 2401/2412/5075
f 2401/2413/5076 2402/2414/5076 2403/2415/5076
f 2403/2415/5077 2404/2416/5077 2405/2417/5077
f 2404/2416/5078 2387/2418/5078 2405/2417/5078
f 2389/2399/5079 2406/2419/5079 2407/2420/5079
f 2407/2420/5080 2390/2421/5080 2392/2413/5080
f 2391/2422/5081 2399/2423/5081 2387/2424/5081
f 2406/2419/5082 2408/2425/5082 2409/2426/5082
f 2408/2427/5083 2410/2428/5083 2409/2429/5083
f 2406/2419/5084 2411/2430/5084 2390/2421/5084
f 2409/2429/5085 2412/2431/5085 2411/2432/5085
f 2413/2433/5086 2411/2434/5086 2414/2435/5086
f 2414/2436/5087 2412/2431/5087 2415/2437/5087
f 2413/2433/5088 2416/2438/5088 2393/2403/5088
f 2414/2436/5089 2417/2439/5089 2416/2440/5089
f 2418/2441/5090 2416/2438/5090 2419/2442/5090
f 2416/2440/5091 2420/2443/5091 2419/2444/5091
f 2396/2407/5092 2419/2445/5092 2421/2446/5092
f 2419/2444/5093 2422/2447/5093 2421/2448/5093
f 2396/2407/5094 2423/2449/5094 2398/2409/5094
f 2423/2450/5095 2422/2447/5095 2424/2451/5095
f 2400/2411/5096 2423/2449/5096 2425/2452/5096
f 2423/2450/5097 2426/2453/5097 2425/2454/5097
f 2400/2421/5098 2427/2455/5098 2402/2414/5098
f 2425/2454/5099 2428/2456/5099 2427/2457/5099
f 2404/2416/5100 2427/2455/5100 2429/2458/5100
f 2429/2459/5101 2428/2456/5101 2430/2460/5101
f 2404/2416/5102 2431/2461/5102 2432/2462/5102
f 2429/2459/5103 2433/2463/5103 2431/2464/5103
f 2432/2465/5104 2408/2425/5104 2388/2398/5104
f 2408/2427/5105 2433/2463/5105 2434/2466/5105
f 2430/2460/5106 2422/2447/5106 2412/2431/5106
f 2387/2397/5107 2432/2465/5107 2388/2398/5107
f 2390/2400/5108 2413/2433/5108 2391/2401/5108
f 2391/2401/5109 2413/2433/5109 2393/2403/5109
f 2393/2403/5110 2418/2441/5110 2395/2405/5110
f 2395/2406/5111 2418/2467/5111 2396/2407/5111
f 2397/2408/5074 2396/2407/5074 2398/2409/5074
f 2399/2410/5112 2398/2409/5112 2400/2411/5112
f 2401/2413/5076 2400/2421/5076 2402/2414/5076
f 2403/2415/5077 2402/2414/5077 2404/2416/5077
f 2404/2416/5113 2432/2462/5113 2387/2418/5113
f 2389/2399/5114 2388/2398/5114 2406/2419/5114
f 2407/2420/5080 2406/2419/5080 2390/2421/5080
f 2387/2424/5115 2389/2468/5115 2407/2469/5115
f 2407/2469/5081 2392/2470/5081 2387/2424/5081
f 2391/2422/5116 2394/2471/5116 2399/2423/5116
f 2395/2472/5081 2397/2473/5081 2399/2423/5081
f 2399/2423/5117 2401/2474/5117 2387/2424/5117
f 2403/2475/5118 2405/2476/5118 2387/2424/5118
f 2387/2424/5081 2392/2470/5081 2391/2422/5081
f 2394/2471/5119 2395/2472/5119 2399/2423/5119
f 2401/2474/5120 2403/2475/5120 2387/2424/5120
f 2406/2419/5121 2388/2398/5121 2408/2425/5121
f 2408/2427/5122 2434/2466/5122 2410/2428/5122
f 2406/2419/5123 2409/2426/5123 2411/2430/5123
f 2409/2429/5124 2410/2428/5124 2412/2431/5124
f 2413/2433/5086 2390/2400/5086 2411/2434/5086
f 2414/2436/5125 2411/2432/5125 2412/2431/5125
f 2413/2433/5088 2414/2435/5088 2416/2438/5088
f 2414/2436/5126 2415/2437/5126 2417/2439/5126
f 2418/2441/5127 2393/2403/5127 2416/2438/5127
f 2416/2440/5128 2417/2439/5128 2420/2443/5128
f 2396/2407/5129 2418/2467/5129 2419/2445/5129
f 2419/2444/5130 2420/2443/5130 2422/2447/5130
f 2396/2407/5131 2421/2446/5131 2423/2449/5131
f 2423/2450/5132 2421/2448/5132 2422/2447/5132
f 2400/2411/5133 2398/2409/5133 2423/2449/5133
f 2423/2450/5134 2424/2451/5134 2426/2453/5134
f 2400/2421/5135 2425/2477/5135 2427/2455/5135
f 2425/2454/5136 2426/2453/5136 2428/2456/5136
f 2404/2416/5137 2402/2414/5137 2427/2455/5137
f 2429/2459/5138 2427/2457/5138 2428/2456/5138
f 2404/2416/5139 2429/2458/5139 2431/2461/5139
f 2429/2459/5140 2430/2460/5140 2433/2463/5140
f 2432/2465/5141 2431/2478/5141 2408/2425/5141
f 2408/2427/5142 2431/2464/5142 2433/2463/5142
f 2412/2431/5106 2410/2428/5106 2430/2460/5106
f 2434/2466/5143 2433/2463/5143 2430/2460/5143
f 2430/2460/5144 2428/2456/5144 2426/2453/5144
f 2426/2453/5145 2424/2451/5145 2430/2460/5145
f 2422/2447/5146 2420/2443/5146 2417/2439/5146
f 2417/2439/5147 2415/2437/5147 2422/2447/5147
f 2410/2428/5148 2434/2466/5148 2430/2460/5148
f 2430/2460/5149 2424/2451/5149 2422/2447/5149
f 2422/2447/5106 2415/2437/5106 2412/2431/5106
s 1
f 2435/2479/5150 2436/2480/5151 2437/2481/5152
f 2435/2479/5150 2438/2482/5153 2436/2480/5151
f 2438/2482/5153 2439/2483/5154 2436/2480/5151
f 2438/2482/5153 2440/2484/5155 2439/2483/5154
f 2440/2484/5155 2441/2485/5156 2439/2483/5154
f 2440/2484/5155 2442/2486/5157 2441/2485/5156
f 2442/2486/5157 2443/2487/5158 2441/2485/5156
f 2442/2486/5157 2444/2488/5159 2443/2487/5158
f 2444/2488/5159 2445/2489/5160 2443/2487/5158
f 2444/2488/5159 2446/2490/5161 2445/2489/5160
f 2446/2491/5161 2435/2479/5150 2437/2481/5152
f 2446/2491/5161 2437/2481/5152 2445/2492/5160
f 2441/2485/5156 2443/2487/5158 2447/2493/5162
f 2441/2485/5156 2447/2493/5162 2448/2494/5163
f 2439/2483/5154 2441/2485/5156 2448/2494/5163
f 2439/2483/5154 2448/2494/5163 2449/2495/5164
f 2436/2480/5151 2439/2483/5154 2449/2495/5164
f 2436/2480/5151 2449/2495/5164 2450/2496/5165
f 2437/2481/5152 2436/2480/5151 2450/2496/5165
f 2437/2481/5152 2450/2496/5165 2451/2497/5166
f 2445/2492/5160 2437/2481/5152 2451/2497/5166
f 2445/2492/5160 2451/2497/5166 2452/2498/5167
f 2443/2487/5158 2452/2499/5167 2447/2493/5162
f 2443/2487/5158 2445/2489/5160 2452/2499/5167
f 2438/2500/5153 2435/2501/5150 2453/2502/5168
f 2440/2503/5155 2438/2500/5153 2453/2502/5168
f 2442/2504/5157 2440/2503/5155 2453/2502/5168
f 2444/2505/5159 2442/2504/5157 2453/2502/5168
f 2446/2506/5161 2444/2505/5159 2453/2502/5168
f 2435/2501/5150 2446/2506/5161 2453/2502/5168
f 2454/2507/5169 2455/2508/5170 2456/2509/5171
f 2455/2508/5170 2457/2510/5172 2456/2509/5171
f 2457/2510/5172 2458/2511/5173 2456/2509/5171
f 2458/2511/5173 2459/2512/5174 2456/2509/5171
f 2459/2512/5174 2460/2513/5175 2456/2509/5171
f 2460/2513/5175 2454/2507/5169 2456/2509/5171
f 2447/2493/5162 2460/2514/5175 2459/2515/5174
f 2447/2493/5162 2452/2499/5167 2460/2514/5175
f 2448/2494/5163 2447/2493/5162 2459/2515/5174
f 2448/2494/5163 2459/2515/5174 2458/2516/5173
f 2449/2495/5164 2448/2494/5163 2458/2516/5173
f 2449/2495/5164 2458/2516/5173 2457/2517/5172
f 2450/2496/5165 2449/2495/5164 2457/2517/5172
f 2450/2496/5165 2457/2517/5172 2455/2518/5170
f 2451/2497/5166 2450/2496/5165 2455/2518/5170
f 2451/2497/5166 2455/2518/5170 2454/2519/5169
f 2452/2498/5167 2451/2497/5166 2454/2519/5169
f 2452/2498/5167 2454/2519/5169 2460/2520/5175
f 2461/2521/5176 2462/2522/5177 2463/2523/5178
f 2461/2521/5176 2464/2524/5179 2462/2522/5177
f 2463/2523/5178 2465/2525/5180 2466/2526/5181
f 2463/2523/5178 2462/2522/5177 2465/2525/5180
f 2466/2526/5181 2467/2527/5182 2468/2528/5183
f 2466/2526/5181 2465/2525/5180 2467/2527/5182
f 2464/2529/5179 2465/2525/5180 2462/2522/5177
f 2464/2529/5179 2467/2530/5182 2465/2525/5180
f 2468/2531/5183 2463/2523/5178 2466/2526/5181
f 2468/2531/5183 2461/2532/5176 2463/2523/5178
f 2469/2533/5184 2470/2534/5185 2471/2535/5186
f 2469/2533/5184 2472/2536/5187 2470/2534/5185
f 2472/2536/5187 2473/2537/5188 2470/2534/5185
f 2472/2536/5187 2474/2538/5189 2473/2537/5188
f 2474/2538/5189 2475/2539/5190 2473/2537/5188
f 2474/2538/5189 2476/2540/5191 2475/2539/5190
f 2476/2540/5191 2477/2541/5192 2475/2539/5190
f 2476/2540/5191 2478/2542/5193 2477/2541/5192
f 2478/2542/5193 2479/2543/5194 2477/2541/5192
f 2478/2542/5193 2480/2544/5195 2479/2543/5194
f 2480/2545/5195 2469/2533/5184 2471/2535/5186
f 2480/2545/5195 2471/2535/5186 2479/2546/5194
f 2471/2547/5186 2470/2534/5185 2481/2548/5196
f 2470/2534/5185 2473/2537/5188 2481/2548/5196
f 2473/2537/5188 2475/2549/5190 2481/2548/5196
f 2475/2549/5190 2477/2550/5192 2481/2548/5196
f 2477/2550/5192 2479/2551/5194 2481/2548/5196
f 2479/2551/5194 2471/2547/5186 2481/2548/5196
f 2482/2533/5197 2483/2534/5198 2484/2535/5199
f 2482/2533/5197 2485/2536/5200 2483/2534/5198
f 2485/2536/5200 2486/2537/5201 2483/2534/5198
f 2485/2536/5200 2487/2538/5202 2486/2537/5201
f 2487/2538/5202 2488/2539/5203 2486/2537/5201
f 2487/2538/5202 2489/2540/5204 2488/2539/5203
f 2489/2540/5204 2490/2541/5205 2488/2539/5203
f 2489/2540/5204 2491/2542/5206 2490/2541/5205
f 2491/2542/5206 2492/2543/5207 2490/2541/5205
f 2491/2542/5206 2493/2544/5208 2492/2543/5207
f 2493/2545/5208 2482/2533/5197 2484/2535/5199
f 2493/2545/5208 2484/2535/5199 2492/2546/5207
f 2484/2547/5199 2483/2534/5198 2494/2548/5209
f 2483/2534/5198 2486/2537/5201 2494/2548/5209
f 2486/2537/5201 2488/2549/5203 2494/2548/5209
f 2488/2549/5203 2490/2550/5205 2494/2548/5209
f 2490/2550/5205 2492/2551/5207 2494/2548/5209
f 2492/2551/5207 2484/2547/5199 2494/2548/5209
f 2495/2552/5210 2496/2553/5211 2497/2554/5212
f 2495/2552/5210 2498/2555/5213 2496/2553/5211
f 2498/2555/5213 2499/2556/5214 2496/2553/5211
f 2498/2555/5213 2500/2557/5215 2499/2556/5214
f 2501/2558/5216 2495/2552/5210 2497/2554/5212
f 2501/2558/5216 2497/2554/5212 2502/2559/5217
f 2502/2559/5217 2500/2560/5215 2501/2558/5216
f 2502/2559/5217 2499/2561/5214 2500/2560/5215
f 2497/2554/5212 2499/2562/5214 2502/2563/5217
f 2497/2554/5212 2496/2553/5211 2499/2562/5214
