# Blender 4.2.3 LTS
# www.blender.org
o cir_25
v -0.277785 0.000000 0.415735
v -0.353553 0.000000 0.353554
v 0.000000 0.000000 0.000000
v -0.191341 0.000000 0.461940
v -0.417745 0.119773 0.173036
v -0.375960 0.119773 0.251209
v -0.373428 0.127400 0.249517
v -0.414931 0.127400 0.171870
v 0.251209 0.119773 -0.375960
v 0.173036 0.119773 -0.417745
v 0.171870 0.127400 -0.414931
v 0.249516 0.127400 -0.373428
v 0.000000 0.119773 0.452164
v 0.088213 0.119773 0.443475
v 0.087618 0.127400 0.440488
v 0.000000 0.127400 0.449118
v -0.319728 0.119773 0.319729
v -0.317573 0.127400 0.317575
v 0.088212 0.119773 -0.443475
v 0.087618 0.127400 -0.440488
v 0.173036 0.119773 0.417745
v 0.171870 0.127400 0.414931
v -0.251208 0.119773 0.375961
v -0.249516 0.127400 0.373429
v 0.000000 0.119773 -0.452164
v 0.000000 0.127400 -0.449118
v 0.251209 0.119773 0.375960
v 0.249516 0.127400 0.373428
v -0.173035 0.119773 0.417745
v -0.171869 0.127400 0.414931
v -0.088213 0.119773 -0.443475
v -0.087618 0.127400 -0.440488
v 0.319729 0.119773 0.319729
v 0.317575 0.127400 0.317575
v -0.088212 0.119773 0.443475
v -0.087618 0.127400 0.440489
v -0.173036 0.119773 -0.417745
v -0.171870 0.127400 -0.414931
v 0.375960 0.119773 0.251209
v 0.373428 0.127400 0.249516
v -0.251209 0.119773 -0.375960
v -0.249516 0.127400 -0.373428
v 0.417745 0.119773 0.173036
v 0.414931 0.127400 0.171870
v -0.319729 0.119773 -0.319728
v -0.317575 0.127400 -0.317575
v 0.443475 0.119773 0.088213
v 0.440488 0.127400 0.087618
v -0.375961 0.119773 -0.251208
v -0.373428 0.127400 -0.249516
v 0.452164 0.119773 -0.000000
v 0.449118 0.127400 -0.000000
v -0.417745 0.119773 -0.173036
v -0.414931 0.127400 -0.171869
v 0.443475 0.119773 -0.088212
v 0.440488 0.127400 -0.087618
v -0.443475 0.119773 -0.088212
v -0.440489 0.127400 -0.087618
v 0.417745 0.119773 -0.173036
v 0.414931 0.127400 -0.171869
v -0.452164 0.119773 -0.000000
v -0.449118 0.127400 -0.000000
v 0.375960 0.119773 -0.251209
v 0.373428 0.127400 -0.249516
v -0.443475 0.119773 0.088213
v -0.440488 0.127400 0.087619
v 0.319729 0.119773 -0.319729
v 0.317575 0.127400 -0.317575
v 0.277785 -0.000000 -0.415735
v 0.353553 -0.000000 -0.353553
v 0.191342 -0.000000 -0.461940
v 0.000000 0.127400 -0.000000
v -0.415735 0.000000 0.277786
v -0.461940 0.000000 0.191342
v -0.490393 0.000000 0.097546
v -0.500000 0.000000 0.000000
v 0.415735 -0.000000 -0.277785
v 0.461940 -0.000000 -0.191342
v -0.490393 -0.000000 -0.097545
v -0.461940 -0.000000 -0.191342
v 0.490393 -0.000000 -0.097545
v 0.500000 0.000000 0.000000
v -0.415735 -0.000000 -0.277785
v -0.353554 -0.000000 -0.353553
v 0.490393 0.000000 0.097545
v 0.461940 0.000000 0.191342
v 0.097545 0.000000 0.490393
v 0.000000 0.000000 0.500000
v 0.191342 0.000000 0.461940
v -0.277786 -0.000000 -0.415735
v -0.191342 -0.000000 -0.461940
v 0.415735 0.000000 0.277785
v 0.353553 0.000000 0.353553
v -0.097545 0.000000 0.490393
v 0.277785 0.000000 0.415735
v 0.097545 -0.000000 -0.490393
v 0.000000 -0.000000 -0.500000
v -0.097545 -0.000000 -0.490393
v 0.350702 0.010098 -0.350702
v 0.275545 0.010098 -0.412382
v -0.486437 0.010098 0.096759
v -0.458213 0.010098 0.189799
v 0.412382 0.010098 -0.275545
v -0.495967 0.010098 -0.000000
v 0.458214 0.010098 -0.189798
v -0.486438 0.010098 -0.096758
v 0.486438 0.010098 -0.096758
v -0.458214 0.010098 -0.189798
v 0.495967 0.010098 -0.000000
v -0.412382 0.010098 -0.275544
v 0.486437 0.010098 0.096758
v -0.350702 0.010098 -0.350701
v 0.458214 0.010098 0.189798
v -0.275545 0.010098 -0.412382
v 0.412382 0.010098 0.275545
v -0.189799 0.010098 -0.458213
v -0.096757 0.010098 0.486438
v 0.000000 0.010098 0.495967
v 0.350702 0.010098 0.350702
v -0.096758 0.010098 -0.486437
v -0.189798 0.010098 0.458214
v 0.275545 0.010098 0.412382
v 0.000000 0.010098 -0.495967
v -0.275544 0.010098 0.412382
v 0.189798 0.010098 0.458214
v 0.096758 0.010098 -0.486438
v -0.350701 0.010098 0.350702
v 0.096758 0.010098 0.486437
v 0.189798 0.010098 -0.458214
v -0.412382 0.010098 0.275545
vn -0.4645 -0.5486 0.6952
vn -0.5912 -0.5486 0.5912
vn -0.0000 -1.0000 -0.0000
vn -0.3199 -0.5487 0.7724
vn -0.8580 0.3709 0.3554
vn -0.7722 0.3709 0.5159
vn -0.4814 0.8153 0.3217
vn -0.5349 0.8153 0.2216
vn 0.5159 0.3709 -0.7722
vn 0.3554 0.3709 -0.8580
vn 0.2216 0.8153 -0.5349
vn 0.3217 0.8153 -0.4814
vn -0.0000 0.3709 0.9287
vn 0.1812 0.3709 0.9108
vn 0.1130 0.8153 0.5679
vn -0.0000 0.8153 0.5790
vn -0.6567 0.3709 0.6567
vn -0.4094 0.8153 0.4094
vn 0.1812 0.3709 -0.9108
vn 0.1130 0.8153 -0.5679
vn 0.3554 0.3709 0.8580
vn 0.2216 0.8153 0.5349
vn -0.5159 0.3709 0.7722
vn -0.3217 0.8153 0.4814
vn -0.0000 0.3709 -0.9287
vn -0.0000 0.8153 -0.5790
vn 0.5159 0.3709 0.7722
vn 0.3217 0.8153 0.4814
vn -0.3554 0.3709 0.8580
vn -0.2216 0.8153 0.5350
vn -0.1812 0.3709 -0.9108
vn -0.1130 0.8153 -0.5679
vn 0.6567 0.3709 0.6567
vn 0.4094 0.8153 0.4094
vn -0.1812 0.3709 0.9108
vn -0.1130 0.8153 0.5679
vn -0.3554 0.3709 -0.8580
vn -0.2216 0.8153 -0.5349
vn 0.7722 0.3709 0.5159
vn 0.4814 0.8153 0.3217
vn -0.5159 0.3709 -0.7722
vn -0.3217 0.8153 -0.4814
vn 0.8580 0.3709 0.3554
vn 0.5349 0.8153 0.2216
vn -0.6567 0.3709 -0.6567
vn -0.4094 0.8153 -0.4094
vn 0.9108 0.3709 0.1812
vn 0.5679 0.8153 0.1130
vn -0.7722 0.3709 -0.5159
vn -0.4814 0.8153 -0.3217
vn 0.9287 0.3709 -0.0000
vn 0.5790 0.8153 -0.0000
vn -0.8580 0.3709 -0.3554
vn -0.5349 0.8153 -0.2216
vn 0.9108 0.3709 -0.1812
vn 0.5679 0.8153 -0.1130
vn -0.9108 0.3709 -0.1812
vn -0.5679 0.8153 -0.1130
vn 0.8580 0.3709 -0.3554
vn 0.5349 0.8153 -0.2216
vn -0.9287 0.3709 -0.0000
vn -0.5790 0.8153 -0.0000
vn 0.7722 0.3709 -0.5159
vn 0.4814 0.8153 -0.3217
vn -0.9108 0.3709 0.1812
vn -0.5679 0.8153 0.1130
vn 0.6567 0.3709 -0.6567
vn 0.4094 0.8153 -0.4094
vn 0.4645 -0.5487 -0.6951
vn 0.5912 -0.5487 -0.5912
vn 0.3199 -0.5487 -0.7724
vn -0.0000 1.0000 -0.0000
vn -0.6952 -0.5486 0.4645
vn -0.7724 -0.5486 0.3199
vn -0.8200 -0.5486 0.1631
vn -0.8360 -0.5487 -0.0000
vn 0.6951 -0.5487 -0.4645
vn 0.7724 -0.5487 -0.3199
vn -0.8200 -0.5487 -0.1631
vn -0.7724 -0.5487 -0.3199
vn 0.8200 -0.5487 -0.1631
vn 0.8360 -0.5487 -0.0000
vn -0.6952 -0.5486 -0.4645
vn -0.5912 -0.5486 -0.5912
vn 0.8200 -0.5486 0.1631
vn 0.7724 -0.5487 0.3199
vn 0.1631 -0.5486 0.8200
vn -0.0000 -0.5487 0.8360
vn 0.3199 -0.5487 0.7724
vn -0.4645 -0.5486 -0.6952
vn -0.3199 -0.5486 -0.7724
vn 0.6951 -0.5487 0.4645
vn 0.5912 -0.5487 0.5912
vn -0.1631 -0.5487 0.8200
vn 0.4645 -0.5487 0.6951
vn 0.1631 -0.5487 -0.8200
vn -0.0000 -0.5487 -0.8360
vn -0.1631 -0.5486 -0.8200
vt 0.962263 0.030648
vt 0.962264 0.030648
vt 0.962264 0.030648
vt 0.962263 0.030648
vt 0.962263 0.030644
vt 0.962262 0.030644
vt 0.962267 0.030644
vt 0.962262 0.030645
vt 0.962263 0.030645
vt 0.962263 0.030645
vt 0.962266 0.030644
vt 0.962264 0.030645
vt 0.962265 0.030644
vt 0.962265 0.030645
vt 0.962264 0.030644
vt 0.962266 0.030645
vt 0.962263 0.030644
vt 0.962267 0.030645
vt 0.962265 0.030647
vt 0.962264 0.030647
vt 0.962266 0.030647
vt 0.762639 0.144874
vt 0.760659 0.125001
vt 0.862537 0.124886
vt 0.768459 0.163979
vt 0.947309 0.181390
vt 0.934657 0.196843
vt 0.956704 0.163766
vt 0.919233 0.209530
vt 0.901630 0.218964
vt 0.777765 0.068381
vt 0.790418 0.052929
vt 0.768371 0.086005
vt 0.882525 0.224783
vt 0.862652 0.226763
vt 0.805841 0.040241
vt 0.823444 0.030807
vt 0.919041 0.040114
vt 0.934494 0.052766
vt 0.901418 0.030719
vt 0.842775 0.224828
vt 0.823657 0.219052
vt 0.842549 0.024988
vt 0.862422 0.023008
vt 0.947181 0.068190
vt 0.956616 0.085792
vt 0.806033 0.209658
vt 0.790580 0.197006
vt 0.882299 0.024943
vt 0.962435 0.104897
vt 0.964415 0.124771
vt 0.777893 0.181582
vt 0.962265 0.030648
vt 0.962266 0.030648
vt 0.962263 0.030647
vt 0.962267 0.030648
vt 0.962263 0.030647
vt 0.962267 0.030648
vt 0.962262 0.030647
vt 0.962262 0.030648
vt 0.962262 0.030648
vt 0.962267 0.030647
vt 0.762595 0.105123
vt 0.962479 0.144648
vt 0.999085 0.096285
vt 0.999089 0.103637
vt 0.978659 0.115649
vt 0.978656 0.108947
vt 0.999134 0.191855
vt 0.999138 0.199206
vt 0.978704 0.202779
vt 0.978700 0.196077
vt 0.999082 0.088934
vt 0.978652 0.102245
vt 0.999130 0.184503
vt 0.978697 0.189374
vt 0.999078 0.081582
vt 0.978649 0.095542
vt 0.999127 0.177152
vt 0.978694 0.182672
vt 0.999074 0.074230
vt 0.978645 0.088840
vt 0.999123 0.169800
vt 0.978690 0.175970
vt 0.999070 0.066879
vt 0.978642 0.082138
vt 0.999119 0.162449
vt 0.978687 0.169268
vt 0.999067 0.059527
vt 0.978638 0.075435
vt 0.999116 0.155097
vt 0.978683 0.162565
vt 0.999063 0.052176
vt 0.978635 0.068733
vt 0.999112 0.147746
vt 0.978680 0.155863
vt 0.999059 0.044824
vt 0.978631 0.062031
vt 0.999108 0.140394
vt 0.978676 0.149161
vt 0.999158 0.236127
vt 0.999158 0.243154
vt 0.978723 0.243154
vt 0.978723 0.236127
vt 0.999055 0.037473
vt 0.978628 0.055329
vt 0.999104 0.133043
vt 0.978673 0.142458
vt 0.999153 0.228612
vt 0.999157 0.235964
vt 0.978721 0.236291
vt 0.978718 0.229588
vt 0.999052 0.030121
vt 0.978625 0.048626
vt 0.999101 0.125691
vt 0.978669 0.135756
vt 0.999149 0.221261
vt 0.978714 0.222886
vt 0.999048 0.022770
vt 0.978621 0.041924
vt 0.999097 0.118340
vt 0.978666 0.129054
vt 0.999145 0.213909
vt 0.978711 0.216184
vt 0.999044 0.015418
vt 0.978618 0.035222
vt 0.999093 0.110988
vt 0.978662 0.122352
vt 0.999142 0.206558
vt 0.978707 0.209481
vt 0.999041 0.008067
vt 0.978614 0.028519
vt 0.962262 0.030644
vt 0.962267 0.030644
s 1
f 1/1/1 2/2/2 3/3/3 4/4/4
f 5/5/5 6/6/6 7/6/7 8/5/8
f 9/7/9 10/7/10 11/7/11 12/7/12
f 13/8/13 14/9/14 15/9/15 16/8/16
f 6/6/6 17/6/17 18/6/18 7/6/7
f 10/7/10 19/7/19 20/7/20 11/7/11
f 14/9/14 21/9/21 22/9/22 15/9/15
f 17/6/17 23/6/23 24/6/24 18/6/18
f 19/7/19 25/7/25 26/7/26 20/7/20
f 21/9/21 27/10/27 28/10/28 22/9/22
f 23/6/23 29/6/29 30/6/30 24/6/24
f 25/7/25 31/11/31 32/11/32 26/7/26
f 27/10/27 33/10/33 34/10/34 28/10/28
f 29/6/29 35/6/35 36/6/36 30/6/30
f 31/11/31 37/11/37 38/11/38 32/11/32
f 33/10/33 39/12/39 40/12/40 34/10/34
f 35/6/35 13/8/13 16/8/16 36/6/36
f 37/11/37 41/13/41 42/13/42 38/11/38
f 39/12/39 43/12/43 44/12/44 40/12/40
f 41/13/41 45/13/45 46/13/46 42/13/42
f 43/12/43 47/14/47 48/14/48 44/12/44
f 45/13/45 49/15/49 50/15/50 46/13/46
f 47/14/47 51/14/51 52/14/52 48/14/48
f 49/15/49 53/15/53 54/15/54 50/15/50
f 51/14/51 55/16/55 56/16/56 52/14/52
f 53/15/53 57/17/57 58/17/58 54/15/54
f 55/16/55 59/16/59 60/16/60 56/16/56
f 57/17/57 61/17/61 62/17/62 58/17/58
f 59/16/59 63/18/63 64/18/64 60/16/60
f 61/17/61 65/5/65 66/5/66 62/17/62
f 63/18/63 67/7/67 68/7/68 64/18/64
f 65/5/65 5/5/5 8/5/8 66/5/66
f 67/7/67 9/7/9 12/7/12 68/7/68
f 69/19/69 70/20/70 3/3/3 71/21/71
f 58/22/58 62/23/62 72/24/72 54/25/54
f 64/26/64 68/27/68 72/24/72 60/28/60
f 12/29/12 11/30/11 72/24/72 68/27/68
f 7/31/7 18/32/18 72/24/72 8/33/8
f 20/34/20 26/35/26 72/24/72 11/30/11
f 24/36/24 30/37/30 72/24/72 18/32/18
f 28/38/28 34/39/34 72/24/72 22/40/22
f 32/41/32 38/42/38 72/24/72 26/35/26
f 36/43/36 16/44/16 72/24/72 30/37/30
f 40/45/40 44/46/44 72/24/72 34/39/34
f 42/47/42 46/48/46 72/24/72 38/42/38
f 15/49/15 22/40/22 72/24/72 16/44/16
f 44/46/44 48/50/48 52/51/52 72/24/72
f 46/48/46 50/52/50 54/25/54 72/24/72
f 2/2/2 73/2/73 74/53/74 3/3/3
f 74/53/74 75/54/75 76/54/76 3/3/3
f 77/20/77 78/55/78 3/3/3 70/20/70
f 79/56/79 80/56/80 3/3/3 76/54/76
f 81/57/81 82/57/82 3/3/3 78/55/78
f 83/58/83 84/58/84 3/3/3 80/56/80
f 85/59/85 86/59/86 3/3/3 82/57/82
f 87/60/87 88/60/88 3/3/3 89/61/89
f 90/58/90 91/62/91 3/3/3 84/58/84
f 92/59/92 93/61/93 3/3/3 86/59/86
f 94/4/94 4/4/4 3/3/3 88/60/88
f 95/61/95 89/61/89 3/3/3 93/61/93
f 96/21/96 71/21/71 3/3/3 97/62/97
f 66/63/66 8/33/8 72/24/72 62/23/62
f 56/64/56 60/28/60 72/24/72 52/51/52
f 98/62/98 97/62/97 3/3/3 91/62/91
f 99/65/67 100/66/9 9/67/9 67/68/67
f 101/69/65 102/70/5 5/71/5 65/72/65
f 103/73/63 99/65/67 67/68/67 63/74/63
f 104/75/61 101/69/65 65/72/65 61/76/61
f 105/77/59 103/73/63 63/74/63 59/78/59
f 106/79/57 104/75/61 61/76/61 57/80/57
f 107/81/55 105/77/59 59/78/59 55/82/55
f 108/83/53 106/79/57 57/80/57 53/84/53
f 109/85/51 107/81/55 55/82/55 51/86/51
f 110/87/49 108/83/53 53/84/53 49/88/49
f 111/89/47 109/85/51 51/86/51 47/90/47
f 112/91/45 110/87/49 49/88/49 45/92/45
f 113/93/43 111/89/47 47/90/47 43/94/43
f 114/95/41 112/91/45 45/92/45 41/96/41
f 115/97/39 113/93/43 43/94/43 39/98/39
f 116/99/37 114/95/41 41/96/41 37/100/37
f 117/101/35 118/102/13 13/103/13 35/104/35
f 119/105/33 115/97/39 39/98/39 33/106/33
f 120/107/31 116/99/37 37/100/37 31/108/31
f 121/109/29 117/110/35 35/111/35 29/112/29
f 122/113/27 119/105/33 33/106/33 27/114/27
f 123/115/25 120/107/31 31/108/31 25/116/25
f 124/117/23 121/109/29 29/112/29 23/118/23
f 125/119/21 122/113/27 27/114/27 21/120/21
f 126/121/19 123/115/25 25/116/25 19/122/19
f 127/123/17 124/117/23 23/118/23 17/124/17
f 128/125/14 125/119/21 21/120/21 14/126/14
f 129/127/10 126/121/19 19/122/19 10/128/10
f 130/129/6 127/123/17 17/124/17 6/130/6
f 118/131/13 128/125/14 14/126/14 13/132/13
f 100/66/9 129/127/10 10/128/10 9/67/9
f 102/70/5 130/129/6 6/130/6 5/71/5
f 74/53/74 73/2/73 130/133/6 102/133/5
f 69/19/69 71/21/71 129/7/10 100/7/9
f 88/60/88 87/60/87 128/8/14 118/8/13
f 73/2/73 2/2/2 127/6/17 130/133/6
f 71/21/71 96/21/96 126/7/19 129/7/10
f 87/60/87 89/61/89 125/9/21 128/8/14
f 2/2/2 1/1/1 124/6/23 127/6/17
f 96/21/96 97/62/97 123/134/25 126/7/19
f 89/61/89 95/61/95 122/9/27 125/9/21
f 1/1/1 4/4/4 121/6/29 124/6/23
f 97/62/97 98/62/98 120/134/31 123/134/25
f 95/61/95 93/61/93 119/10/33 122/9/27
f 4/4/4 94/4/94 117/6/35 121/6/29
f 98/62/98 91/62/91 116/11/37 120/134/31
f 93/61/93 92/59/92 115/12/39 119/10/33
f 94/4/94 88/60/88 118/8/13 117/6/35
f 91/62/91 90/58/90 114/11/41 116/11/37
f 92/59/92 86/59/86 113/12/43 115/12/39
f 90/58/90 84/58/84 112/13/45 114/11/41
f 86/59/86 85/59/85 111/14/47 113/12/43
f 84/58/84 83/58/83 110/15/49 112/13/45
f 85/59/85 82/57/82 109/16/51 111/14/47
f 83/58/83 80/56/80 108/15/53 110/15/49
f 82/57/82 81/57/81 107/16/55 109/16/51
f 80/56/80 79/56/79 106/17/57 108/15/53
f 81/57/81 78/55/78 105/18/59 107/16/55
f 79/56/79 76/54/76 104/5/61 106/17/57
f 78/55/78 77/20/77 103/18/63 105/18/59
f 76/54/76 75/54/75 101/5/65 104/5/61
f 77/20/77 70/20/70 99/7/67 103/18/63
f 75/54/75 74/53/74 102/133/5 101/5/65
f 70/20/70 69/19/69 100/7/9 99/7/67
o arc_cmd
v 0.009326 0.400514 -0.002374
v 0.006857 0.403240 -0.003146
v 0.023628 0.403249 -0.003846
v -0.005895 0.401341 0.003213
v 0.022902 0.401725 -0.004956
v 0.042652 0.399512 -0.004794
v 0.040638 0.400484 -0.013897
v 0.045049 0.400903 -0.014229
v 0.017894 0.406428 -0.014292
v 0.007477 0.406333 -0.010517
v 0.053821 0.407287 0.001162
v 0.036720 0.398747 -0.000454
v 0.044007 0.405271 -0.003219
v 0.023757 0.406032 0.001263
v 0.013231 0.405889 0.005270
v 0.059673 0.413528 -0.019592
v 0.064959 0.418466 -0.001691
v 0.043205 0.402530 -0.033667
v 0.050794 0.418957 -0.039950
v 0.056747 0.440354 -0.036670
v 0.039589 0.442379 -0.050748
v -0.008622 0.467082 -0.041094
v 0.012019 0.461714 -0.050634
v -0.014012 0.462178 -0.045407
v 0.011576 0.440248 -0.051283
v 0.043368 0.426033 -0.046738
v 0.037676 0.405399 -0.038362
v 0.037649 0.402749 -0.032630
v 0.036339 0.405686 -0.024310
v 0.035506 0.419992 -0.047196
v -0.013377 0.442263 -0.046873
v 0.016846 0.466506 -0.046661
v 0.017604 0.463033 -0.004064
v 0.031270 0.466243 -0.045517
v 0.025114 0.478583 -0.042596
v 0.043515 0.466560 -0.032866
v 0.009502 0.479272 -0.042405
v 0.040361 0.479056 -0.032570
v 0.049568 0.466738 -0.020992
v 0.025851 0.480066 -0.046191
v 0.009019 0.480671 -0.045806
v -0.020656 0.481125 -0.030332
v -0.017404 0.479386 -0.028118
v 0.056020 0.466560 0.000953
v 0.017887 0.468552 -0.004168
v 0.058313 0.462257 -0.019117
v 0.062792 0.462009 0.001183
v 0.054951 0.466243 0.018527
v 0.048508 0.462009 -0.037447
v 0.062169 0.448811 -0.020542
v 0.066900 0.448119 0.000369
v 0.061217 0.461095 0.021553
v 0.044741 0.466506 0.028779
v 0.034059 0.461095 -0.051891
v 0.052157 0.448119 -0.039501
v 0.064791 0.440564 -0.021512
v 0.068549 0.440302 -0.004725
v 0.064683 0.442355 0.017067
v 0.043661 0.461714 0.034937
v 0.021779 0.467082 0.041121
v 0.020491 0.462178 0.047903
v 0.043780 0.440182 0.035693
v 0.021929 0.442267 0.048603
v 0.064907 0.425823 0.011545
v 0.057900 0.418376 0.013161
v 0.031012 0.504604 -0.051549
v 0.032846 0.520001 -0.059295
v 0.047986 0.525379 -0.043463
v 0.046579 0.505333 -0.036742
v 0.045515 0.497615 -0.035548
v 0.056330 0.497742 -0.025658
v 0.042356 0.480549 -0.035498
v 0.053488 0.480709 -0.023697
v 0.050557 0.479207 -0.021675
v 0.060569 0.480549 -0.009100
v 0.057123 0.479056 -0.008276
v 0.064833 0.480066 0.009928
v 0.061206 0.478583 0.009364
v 0.058597 0.480671 0.025567
v 0.055578 0.479272 0.023927
v 0.033738 0.481125 0.047974
v 0.032798 0.479386 0.044153
v 0.060035 0.526939 -0.030973
v 0.057198 0.532212 -0.047518
v 0.039693 0.532699 -0.061547
v 0.068052 0.496965 0.008904
v 0.066058 0.497399 0.022025
v 0.068813 0.505262 0.022420
v 0.071102 0.504604 0.008156
v 0.081417 0.519936 0.002156
v 0.069248 0.525204 -0.016399
v 0.063289 0.505334 -0.011858
v 0.058475 0.505592 -0.026677
v 0.061780 0.497615 -0.011324
v 0.074637 0.582382 0.019215
v 0.077005 0.573668 0.019256
v 0.076820 0.584730 0.008500
v 0.080110 0.569562 0.007652
v 0.080468 0.538265 0.021028
v 0.079215 0.530279 0.022352
v 0.067422 0.585725 -0.005379
v 0.068664 0.575021 -0.013212
v 0.052806 0.586138 -0.025185
v 0.057558 0.576804 -0.028976
v 0.044798 0.574943 -0.043439
v 0.058148 0.585682 -0.002718
v 0.067790 0.532364 -0.037102
v 0.075569 0.532331 -0.024412
v 0.085219 0.532849 -0.004097
v 0.083308 0.567174 -0.003778
v 0.074516 0.567392 -0.021693
v 0.065299 0.567556 -0.035109
v 0.054349 0.567451 -0.047109
v 0.027162 0.569542 -0.059286
v 0.038945 0.567372 -0.059678
v 0.029165 0.496965 -0.049009
v 0.016943 0.505262 -0.054828
v 0.012593 0.530278 -0.061791
v 0.014177 0.538263 -0.062708
v 0.015108 0.573664 -0.058928
v 0.025527 0.584730 -0.056283
v 0.013990 0.582673 -0.056763
v 0.016265 0.497399 -0.052129
v 0.043338 0.604709 -0.009271
v 0.042560 0.599366 0.014861
v 0.049734 0.597348 0.008793
v 0.043840 0.603948 -0.017555
v 0.041382 0.607081 -0.006679
v 0.041482 0.607851 -0.013568
v 0.038308 0.615804 -0.004017
v 0.038231 0.616500 -0.010120
v 0.039992 0.608651 -0.021369
v 0.042870 0.603528 -0.026279
v 0.038763 0.602858 -0.032089
v 0.047433 0.585646 -0.020930
v 0.032163 0.585682 -0.035537
v 0.036880 0.585725 -0.043953
v 0.058238 0.588394 0.001307
v 0.040857 0.603070 0.001600
v 0.033409 0.599358 0.022199
v 0.038957 0.605531 0.003096
v 0.035808 0.614303 0.006195
v 0.017594 0.613843 -0.000016
v 0.036855 0.617032 -0.017050
v 0.036101 0.608964 -0.027184
v 0.028690 0.601898 -0.037680
v 0.017167 0.600970 -0.037852
v 0.010677 0.600715 -0.034871
v 0.028266 0.588394 -0.036547
v 0.005841 0.609645 0.014646
v 0.013170 0.610182 0.017761
v 0.001431 0.609616 0.010251
v -0.000448 0.610231 0.004239
v -0.001104 0.611078 -0.003656
v 0.001570 0.612594 -0.013821
v 0.004542 0.613556 -0.019111
v 0.009060 0.614604 -0.024468
v 0.014643 0.615604 -0.027073
v 0.016025 0.607210 -0.032542
v 0.009875 0.606020 -0.029407
v 0.004874 0.604653 -0.023338
v 0.001676 0.603612 -0.017276
v -0.000839 0.602054 -0.007525
v 0.001671 0.601068 -0.020391
v 0.005465 0.600594 -0.027796
v 0.026770 0.608510 -0.032653
v 0.033214 0.617227 -0.022116
v 0.024541 0.616775 -0.027007
v 0.019030 0.597348 -0.029987
v 0.011478 0.599366 -0.024395
v -0.001322 0.599384 -0.009657
v 0.002236 0.599358 -0.017170
v 0.001618 0.462272 0.045835
v 0.003471 0.440379 0.046289
v -0.012393 0.462750 0.040203
v -0.019205 0.468342 0.009547
v -0.033976 0.462750 -0.018165
v -0.027944 0.463533 0.012779
v 0.006396 0.467822 0.041533
v 0.005970 0.467210 0.038917
v 0.019511 0.479663 0.044227
v 0.006368 0.482850 0.041480
v -0.012479 0.481191 0.021818
v -0.024211 0.467822 -0.002827
v -0.024171 0.482850 -0.002781
v -0.019194 0.467210 -0.029135
v -0.023100 0.490652 0.006707
v -0.027000 0.462272 -0.031558
v -0.026188 0.526242 0.026662
v -0.029090 0.530866 0.030778
v -0.042889 0.522232 -0.014202
v -0.031053 0.505443 0.013978
v -0.035152 0.495774 -0.016139
v -0.032242 0.495653 0.005830
v -0.027637 0.483767 -0.003590
v -0.022111 0.479663 -0.015693
v -0.025316 0.480663 -0.016629
v -0.022113 0.498232 0.012910
v 0.019269 0.480663 0.047558
v 0.004513 0.483767 0.044291
v -0.003301 0.490652 0.036193
v -0.016065 0.491207 0.023831
v -0.017694 0.498161 0.024467
v -0.024507 0.505155 0.029042
v -0.022188 0.527109 0.034194
v -0.025401 0.537559 0.036738
v -0.015773 0.526242 0.039814
v -0.020445 0.530866 0.041696
v 0.020171 0.522232 0.065442
v -0.013041 0.505443 0.040803
v 0.013284 0.495774 0.055996
v -0.005949 0.495653 0.044987
v -0.008668 0.498232 0.032932
v 0.010884 0.526390 0.065269
v 0.021941 0.573387 0.056154
v 0.004374 0.537228 0.061630
v -0.012617 0.540743 0.047018
v -0.000018 0.577412 0.038931
v -0.012367 0.577745 0.026418
v 0.026889 0.582437 0.052737
v 0.011273 0.583287 0.042332
v 0.030910 0.591345 0.049258
v 0.019708 0.591943 0.038760
v 0.033493 0.574252 0.053193
v 0.035671 0.580321 0.051551
v 0.038761 0.586805 0.049150
v 0.031479 0.613020 0.012759
v 0.034291 0.603804 0.010600
v 0.027000 0.611850 0.017075
v 0.029359 0.602486 0.015499
v 0.035965 0.598375 0.010365
v 0.030881 0.594104 0.015604
v 0.018538 0.590292 0.034080
v 0.011725 0.583596 0.036470
v 0.002121 0.578325 0.034156
v -0.008903 0.578354 0.023675
v -0.021714 0.577412 0.011529
v 0.024329 0.591864 0.017755
v 0.022839 0.601392 0.017519
v 0.015120 0.590687 0.016835
v 0.014326 0.600478 0.016606
v 0.021055 0.610974 0.018706
v -0.016576 0.578325 0.010542
v 0.006612 0.590316 0.013026
v 0.006458 0.599960 0.013147
v 0.001713 0.600071 0.008121
v 0.001719 0.591557 0.007821
v -0.016626 0.583596 0.000663
v -0.022436 0.583287 -0.000241
v -0.028983 0.582435 -0.017832
v -0.000721 0.595169 0.000574
v -0.000288 0.600783 0.001372
v -0.005303 0.595732 -0.011343
v -0.012738 0.590292 -0.005420
v -0.044851 0.526390 -0.005122
v -0.033443 0.573388 -0.013796
v -0.042802 0.537228 0.002049
v -0.032475 0.540743 0.021938
v -0.025871 0.580512 -0.025217
v -0.022730 0.587231 -0.027767
v -0.024675 0.591343 -0.020946
v -0.017025 0.591943 -0.007632
v -0.027953 0.574112 -0.024267
v 0.087812 0.557469 0.123502
v 0.094925 0.562149 0.123637
v 0.090539 0.558259 0.124323
v 0.091065 0.562316 0.123521
v 0.094421 0.567638 0.123370
v 0.089110 0.568070 0.123069
v 0.093415 0.574021 0.161313
v 0.087982 0.574029 0.161288
v 0.093039 0.574811 0.198059
v 0.089179 0.575255 0.197843
v 0.093343 0.559233 0.124111
v 0.096504 0.559692 0.123685
v 0.092322 0.560778 0.120497
v 0.090276 0.559922 0.119712
v 0.085887 0.558252 0.121007
v 0.082202 0.556089 0.121097
v 0.083611 0.554751 0.124598
v 0.087131 0.561732 0.123325
v 0.083209 0.567590 0.123028
v 0.082774 0.573824 0.161143
v 0.084992 0.575211 0.197577
v 0.093892 0.562556 0.200370
v 0.096172 0.574249 0.198238
v 0.070185 0.558726 0.162785
v 0.072489 0.553666 0.124674
v 0.074863 0.545205 0.125674
v 0.072745 0.550381 0.163934
v 0.077016 0.564477 0.198660
v 0.079160 0.558103 0.199634
v 0.080455 0.571851 0.197896
v 0.077042 0.569705 0.161463
v 0.076510 0.562721 0.123384
v 0.082615 0.558582 0.123597
v 0.080544 0.549936 0.123736
v 0.079021 0.551117 0.120182
v 0.077805 0.553331 0.110737
v 0.076337 0.545523 0.108912
v 0.077950 0.543147 0.117871
v 0.079566 0.542203 0.121578
v 0.078767 0.551630 0.124290
v 0.077902 0.565754 0.114116
v 0.088361 0.561154 0.111135
v 0.082409 0.568516 0.113348
v 0.084847 0.559881 0.111361
v 0.073603 0.562220 0.114690
v 0.081175 0.557927 0.111513
v 0.073384 0.556597 0.109218
v 0.070275 0.544892 0.109384
v 0.075886 0.540330 0.104428
v 0.079453 0.540751 0.106926
v 0.081608 0.538433 0.115599
v 0.083122 0.537676 0.119492
v 0.080017 0.545732 0.125292
v 0.087860 0.575500 0.102217
v 0.086180 0.583616 0.086265
v 0.079941 0.584776 0.089134
v 0.087557 0.573038 0.110022
v 0.072675 0.581570 0.090758
v 0.066874 0.577835 0.090953
v 0.061928 0.573741 0.091634
v 0.058132 0.565736 0.089863
v 0.074846 0.593971 0.058558
v 0.068059 0.595331 0.062268
v 0.061627 0.592991 0.066476
v 0.055919 0.589072 0.068789
v 0.051029 0.584139 0.071635
v 0.047953 0.574101 0.072312
v 0.049431 0.559303 0.070960
v 0.057119 0.551035 0.085495
v 0.074570 0.589181 0.058972
v 0.069186 0.590158 0.061736
v 0.064221 0.589378 0.064493
v 0.059436 0.586106 0.066720
v 0.055464 0.581899 0.068615
v 0.053036 0.574243 0.069686
v 0.054246 0.561852 0.068749
v 0.059965 0.554334 0.064846
v 0.057227 0.551611 0.066755
v 0.063769 0.544075 0.081780
v 0.076886 0.568138 0.062883
v 0.073686 0.572864 0.057524
v 0.071736 0.593718 0.050948
v 0.065289 0.593923 0.054687
v 0.059203 0.591504 0.058089
v 0.054238 0.587447 0.060788
v 0.049631 0.581667 0.063103
v 0.047631 0.573281 0.063944
v 0.040194 0.561942 0.062932
v 0.055791 0.594434 0.039115
v 0.050563 0.592758 0.043704
v 0.046273 0.589586 0.047628
v 0.043182 0.585351 0.050450
v 0.036368 0.579079 0.055580
v 0.039093 0.565166 0.057612
v 0.043490 0.554509 0.054253
v 0.051094 0.548830 0.047825
v 0.048328 0.553982 0.059034
v 0.062978 0.549051 0.038186
v 0.070352 0.552723 0.032253
v 0.061359 0.550692 0.051476
v 0.070194 0.551858 0.046111
v 0.075867 0.560074 0.026537
v 0.086789 0.555522 0.038291
v 0.078023 0.571022 0.022575
v 0.092355 0.564440 0.034979
v 0.076250 0.578966 0.022668
v 0.093298 0.570051 0.035632
v 0.078366 0.585724 0.020017
v 0.094067 0.577036 0.036967
v 0.074024 0.591977 0.023754
v 0.091287 0.584682 0.039580
v 0.068283 0.594634 0.028813
v 0.085466 0.589622 0.042680
v 0.062651 0.594456 0.033623
v 0.079140 0.591452 0.046374
v 0.070809 0.550510 0.058942
v 0.078743 0.551716 0.055182
v 0.087461 0.557145 0.051211
v 0.092168 0.562220 0.049250
v 0.093324 0.568049 0.049291
v 0.093645 0.573759 0.048935
v 0.091408 0.580446 0.050352
v 0.086324 0.586129 0.052497
v 0.080778 0.586821 0.055930
v 0.070788 0.546476 0.059743
v 0.080477 0.546173 0.054525
v 0.090833 0.553489 0.049187
v 0.096192 0.559806 0.047813
v 0.098186 0.566452 0.047086
v 0.099695 0.575403 0.047282
v 0.096145 0.583534 0.048051
v 0.089625 0.588318 0.051160
v 0.082877 0.590704 0.054310
v 0.075397 0.539606 0.075873
v 0.084054 0.539677 0.071210
v 0.095128 0.548019 0.069129
v 0.099968 0.552953 0.069787
v 0.102752 0.558417 0.070840
v 0.103805 0.564262 0.072014
v 0.104012 0.574418 0.076667
v 0.098532 0.578773 0.079978
v 0.092904 0.580944 0.082771
v 0.085370 0.535943 0.100014
v 0.093033 0.535248 0.097143
v 0.101632 0.540251 0.095345
v 0.105875 0.544543 0.096119
v 0.108249 0.549249 0.097133
v 0.109135 0.554344 0.098199
v 0.108059 0.561738 0.100304
v 0.104118 0.567214 0.101896
v 0.098451 0.570550 0.096762
v 0.097170 0.565316 0.099146
v 0.088201 0.568775 0.103944
v 0.098405 0.536893 0.103287
v 0.102069 0.539531 0.103573
v 0.104485 0.542601 0.104047
v 0.105990 0.546103 0.104694
v 0.106426 0.551667 0.106061
v 0.104546 0.554767 0.106545
v 0.103481 0.556563 0.106611
v 0.094667 0.562491 0.109877
v 0.091330 0.562044 0.110849
v 0.095510 0.561289 0.119994
v 0.105171 0.555804 0.116253
v 0.106882 0.552988 0.115512
v 0.108667 0.550279 0.114569
v 0.108339 0.545745 0.112435
v 0.107032 0.542100 0.111545
v 0.088702 0.529797 0.127935
v 0.085706 0.535278 0.166295
v 0.079460 0.540820 0.165339
v 0.097879 0.528408 0.131936
v 0.097642 0.535321 0.130847
v 0.101453 0.536913 0.132027
v 0.105350 0.538060 0.115172
v 0.107531 0.541206 0.115710
v 0.108790 0.544716 0.116552
v 0.108873 0.550215 0.118279
v 0.106991 0.552701 0.119420
v 0.105742 0.554416 0.120194
v 0.084480 0.550572 0.200759
v 0.104766 0.538830 0.110971
v 0.101922 0.535257 0.114994
v 0.089723 0.534963 0.127074
v 0.081912 0.535233 0.127129
v 0.084736 0.538905 0.126364
v 0.095054 0.532699 0.115575
v 0.101205 0.535914 0.110774
v 0.089600 0.534009 0.117041
v 0.094037 0.533234 0.111394
v 0.088381 0.534594 0.112979
v 0.103868 0.538588 0.131869
v 0.105884 0.540531 0.130507
v 0.103975 0.530525 0.133324
v 0.097753 0.535498 0.166538
v 0.089177 0.546137 0.201335
v 0.102990 0.536754 0.166533
v 0.096647 0.545010 0.201752
v 0.108286 0.533360 0.133163
v 0.100938 0.546021 0.201789
v 0.107072 0.539436 0.166334
v 0.111715 0.537024 0.131483
v 0.108263 0.545439 0.126337
v 0.113286 0.543056 0.126458
v 0.107560 0.549132 0.125876
v 0.112144 0.548114 0.125755
v 0.106884 0.551340 0.125418
v 0.111615 0.551440 0.125482
v 0.100085 0.560660 0.123889
v 0.101917 0.565541 0.123509
v 0.097592 0.561594 0.123855
v 0.097985 0.566325 0.123027
v 0.098555 0.573997 0.161516
v 0.102482 0.572587 0.161814
v 0.099110 0.573289 0.198327
v 0.106497 0.562548 0.199971
v 0.107019 0.560100 0.200430
v 0.111911 0.559051 0.163817
v 0.112758 0.555977 0.164238
v 0.114129 0.551326 0.164882
v 0.109982 0.543078 0.165950
v 0.104125 0.548122 0.201651
v 0.106465 0.551092 0.201373
v 0.108313 0.556645 0.200698
v 0.001246 0.405041 0.011374
v -0.005326 0.410568 0.022795
v -0.025887 0.440379 -0.033108
v -0.021135 0.438943 -0.031552
v -0.010892 0.426700 -0.045976
v -0.020249 0.423727 -0.031691
v -0.024303 0.425827 -0.020809
v -0.023321 0.418998 -0.022662
v -0.016759 0.412728 -0.009434
v -0.020993 0.413845 -0.014236
v -0.005693 0.405425 -0.007348
v 0.006066 0.438944 0.042017
v 0.023230 0.425922 0.046302
v 0.006797 0.422967 0.041500
v -0.003439 0.425711 0.035835
v 0.007552 0.425770 0.046869
v -0.006044 0.412182 0.019320
v -0.009661 0.402309 0.006039
v -0.020912 0.413422 -0.010093
v -0.029239 0.426722 -0.021859
v -0.035974 0.444063 -0.012868
v -0.030121 0.415394 -0.001983
v -0.030734 0.444187 0.013810
v -0.029108 0.413383 0.003515
v -0.027861 0.411147 0.002985
v -0.028068 0.411252 0.012841
v -0.008800 0.412860 0.022347
v -0.006391 0.426665 0.039890
v -0.017357 0.444063 0.037481
v -0.022801 0.413386 0.020573
v -0.021519 0.411205 0.020273
v -0.019836 0.415256 0.025422
v 0.091271 0.534789 0.103802
v 0.085829 0.536498 0.104863
v -0.014134 0.562444 -0.066997
v -0.031618 0.555767 -0.051961
v -0.024001 0.545966 -0.051189
v -0.033853 0.563068 -0.054860
v -0.013924 0.554603 -0.071000
v -0.033106 0.567918 -0.058454
v -0.031334 0.572211 -0.062584
v -0.027817 0.574663 -0.066384
v -0.028945 0.552857 -0.034727
v -0.031403 0.560020 -0.044556
v -0.033447 0.568171 -0.046944
v -0.032354 0.574579 -0.051179
v -0.030016 0.579766 -0.055440
v -0.025985 0.583733 -0.060243
v -0.023252 0.575655 -0.070354
v -0.020462 0.585395 -0.065068
v -0.017478 0.575673 -0.074826
v -0.013082 0.585470 -0.070417
v -0.012476 0.577266 -0.078761
v -0.006923 0.585577 -0.075056
v -0.006117 0.573909 -0.082067
v -0.000810 0.569103 -0.082841
v 0.001694 0.564043 -0.081942
v 0.004287 0.559005 -0.080118
v 0.003516 0.553501 -0.074921
v 0.000273 0.546425 -0.068239
v 0.000255 0.583108 -0.078822
v 0.006646 0.577063 -0.079918
v 0.009894 0.570578 -0.078560
v 0.013292 0.565836 -0.076408
v 0.006126 0.558707 -0.062363
v 0.000859 0.551298 -0.056218
v -0.004904 0.542621 -0.061900
v -0.006578 0.547651 -0.049448
v -0.006517 0.549056 -0.049608
v 0.000922 0.552730 -0.055445
v 0.007264 0.560598 -0.059986
v 0.011984 0.570823 -0.060891
v 0.011359 0.580031 -0.059297
v 0.009939 0.586548 -0.057953
v 0.005432 0.592087 -0.054460
v -0.000618 0.594580 -0.049733
v -0.006194 0.594419 -0.045198
v -0.013207 0.594384 -0.039682
v -0.018711 0.592748 -0.035414
v -0.023392 0.589599 -0.031929
v -0.027009 0.585067 -0.029430
v -0.030082 0.578443 -0.027924
v -0.030933 0.565193 -0.030814
v -0.026642 0.554507 -0.034387
v -0.018655 0.548835 -0.040231
v -0.019171 0.547092 -0.040133
v -0.015230 0.542123 -0.054236
v -0.026335 0.542157 -0.047184
v -0.016375 0.538349 -0.052079
v -0.031265 0.578713 -0.066163
v -0.035644 0.574070 -0.061284
v -0.037479 0.569119 -0.056244
v -0.038929 0.563085 -0.052019
v -0.035440 0.553960 -0.048117
v -0.041397 0.538469 -0.062474
v -0.030846 0.528138 -0.058214
v -0.050145 0.518435 -0.080403
v -0.041867 0.511468 -0.077763
v -0.047345 0.515698 -0.084996
v -0.040720 0.510592 -0.082851
v -0.051390 0.509106 -0.089894
v -0.044708 0.503909 -0.087677
v -0.076091 0.473269 -0.110567
v -0.089897 0.452362 -0.136537
v -0.087197 0.448504 -0.133332
v -0.079418 0.478027 -0.114690
v -0.060146 0.500169 -0.090343
v -0.064096 0.505743 -0.095161
v -0.055562 0.502377 -0.095824
v -0.058077 0.506130 -0.099062
v -0.052574 0.506142 -0.092586
v -0.055330 0.510162 -0.096009
v -0.054249 0.513243 -0.093449
v -0.050142 0.519658 -0.088491
v -0.053677 0.523718 -0.084830
v -0.045524 0.544644 -0.067618
v -0.046128 0.501059 -0.090525
v -0.049408 0.497601 -0.093724
v -0.052134 0.494246 -0.088638
v -0.066502 0.465109 -0.106734
v -0.080616 0.443793 -0.131647
v -0.077489 0.451771 -0.146566
v -0.089583 0.454613 -0.140099
v -0.079126 0.481014 -0.119016
v -0.063976 0.509290 -0.099956
v -0.022048 0.524616 -0.062295
v -0.033949 0.509690 -0.080631
v -0.034643 0.509277 -0.084961
v -0.038514 0.502371 -0.090076
v -0.040232 0.499528 -0.092904
v -0.043839 0.495863 -0.095865
v -0.043961 0.492446 -0.091930
v -0.058465 0.463336 -0.110243
v -0.074487 0.442464 -0.134541
v -0.066950 0.442542 -0.140221
v -0.062324 0.443569 -0.144792
v -0.048893 0.463432 -0.117410
v -0.033976 0.492579 -0.099433
v -0.037031 0.495831 -0.100962
v -0.033576 0.499575 -0.097941
v -0.031510 0.502454 -0.095320
v -0.027733 0.509377 -0.090098
v -0.024640 0.509799 -0.087572
v -0.011041 0.524718 -0.070597
v -0.003479 0.538598 -0.061728
v -0.038154 0.513629 -0.123956
v -0.048137 0.481395 -0.142488
v -0.055415 0.486995 -0.144507
v -0.065360 0.455054 -0.158455
v -0.062797 0.452623 -0.156980
v -0.070366 0.458245 -0.159063
v -0.060577 0.447285 -0.151225
v -0.061127 0.450053 -0.154655
v -0.045004 0.478359 -0.140663
v -0.033871 0.507065 -0.126130
v -0.040939 0.511469 -0.119540
v -0.044465 0.512473 -0.118361
v -0.041547 0.517016 -0.116036
v -0.043733 0.517628 -0.115221
v -0.042060 0.521223 -0.113292
v -0.052058 0.521108 -0.105813
v -0.047656 0.528304 -0.100526
v -0.049168 0.526282 -0.097777
v -0.050598 0.536368 -0.097638
v -0.052724 0.530417 -0.093385
v -0.045033 0.552548 -0.078335
v -0.042831 0.556649 -0.084971
v -0.038340 0.516156 -0.117277
v -0.039767 0.520598 -0.114133
v -0.037791 0.528702 -0.107466
v -0.043427 0.535935 -0.095658
v -0.045609 0.542535 -0.095602
v -0.037790 0.557601 -0.089683
v -0.035079 0.541916 -0.103028
v -0.031320 0.557625 -0.094446
v -0.035423 0.536823 -0.109626
v -0.026040 0.557633 -0.098485
v -0.030000 0.533269 -0.112081
v -0.019295 0.556037 -0.101938
v -0.024208 0.528140 -0.111449
v -0.010547 0.549783 -0.098903
v -0.028863 0.499251 -0.121439
v -0.042872 0.475065 -0.137684
v -0.031122 0.502697 -0.124614
v -0.036283 0.502617 -0.119772
v -0.037582 0.505416 -0.120453
v -0.033391 0.512802 -0.116317
v -0.036434 0.519725 -0.115417
v -0.035997 0.527688 -0.108427
v -0.034742 0.536127 -0.101978
v -0.032637 0.526215 -0.109979
v -0.031302 0.516246 -0.114420
v -0.030866 0.510226 -0.114665
v -0.034951 0.500604 -0.118047
v -0.029149 0.507544 -0.112271
v -0.028669 0.513581 -0.112699
v -0.027652 0.522803 -0.108996
v -0.025100 0.520139 -0.107308
v -0.026874 0.510804 -0.110206
v -0.021091 0.524288 -0.109623
v -0.023321 0.517415 -0.104836
v -0.018737 0.520633 -0.106475
v -0.022446 0.514518 -0.101271
v -0.017439 0.517070 -0.101717
v -0.007024 0.545337 -0.096793
v -0.004397 0.541026 -0.093154
v -0.003075 0.536813 -0.087796
v -0.026070 0.507783 -0.106648
v -0.028386 0.504632 -0.108851
v -0.033473 0.498845 -0.114405
v -0.027055 0.496186 -0.115863
v -0.042190 0.471650 -0.133526
v -0.004366 0.527824 -0.077115
v -0.019334 0.511251 -0.093669
v -0.023763 0.510433 -0.094772
v -0.027350 0.503628 -0.100004
v -0.029610 0.500667 -0.102481
v -0.032892 0.497064 -0.105802
v -0.028236 0.494356 -0.105938
v -0.043144 0.464746 -0.123565
v 0.004185 0.541747 -0.068977
v 0.008313 0.551493 -0.077758
v 0.008063 0.557977 -0.083081
v 0.005952 0.564171 -0.085542
v 0.001778 0.571804 -0.088140
v -0.004210 0.578074 -0.086106
v -0.011379 0.580065 -0.081668
v -0.017443 0.579974 -0.076731
v -0.025269 0.579971 -0.071077
v -0.058293 0.508443 -0.102331
v -0.055376 0.512686 -0.099427
v -0.054289 0.515867 -0.096984
v -0.050202 0.522347 -0.091887
v -0.053510 0.527339 -0.089092
v -0.045329 0.548845 -0.072519
v -0.049752 0.524520 -0.095100
v -0.053831 0.518003 -0.100262
v -0.054949 0.514712 -0.102590
v -0.057767 0.510560 -0.105562
v -0.063098 0.512037 -0.104508
v -0.078566 0.484166 -0.123465
v -0.088816 0.456572 -0.143413
v -0.087998 0.458101 -0.146123
v -0.078074 0.486999 -0.127777
v -0.061362 0.514015 -0.107337
v -0.057014 0.511789 -0.107915
v -0.054420 0.516256 -0.105197
v -0.053255 0.519665 -0.102971
v -0.086790 0.459473 -0.148659
v -0.076389 0.488654 -0.131284
v -0.060330 0.515712 -0.110909
v -0.055861 0.512953 -0.110055
v -0.053254 0.517601 -0.108039
v -0.046197 0.515808 -0.121263
v -0.062846 0.488732 -0.141378
v -0.076074 0.459437 -0.156619
v -0.073775 0.458686 -0.157534
v -0.059895 0.488021 -0.142593
v -0.042985 0.514955 -0.122160
v -0.046548 0.513067 -0.117342
v -0.044598 0.269235 -0.087373
v -0.036328 0.221223 -0.096266
v -0.056141 0.265423 -0.078710
v -0.043820 0.218742 -0.090624
v -0.062452 0.259763 -0.061681
v -0.047833 0.214950 -0.079562
v -0.039052 0.186368 -0.103479
v -0.043241 0.183425 -0.093853
v -0.029535 0.184988 -0.102514
v -0.032016 0.188520 -0.108483
v -0.037491 0.179775 -0.086012
v -0.041737 0.210814 -0.070158
v -0.052857 0.253263 -0.047155
v -0.053824 0.279668 -0.038762
v -0.062104 0.285320 -0.051352
v -0.056635 0.290426 -0.066028
v -0.046606 0.293904 -0.073381
v -0.030142 0.177230 -0.081756
v -0.033819 0.207824 -0.064695
v -0.040574 0.248566 -0.038650
v -0.043211 0.275847 -0.031375
v -0.046732 0.294882 -0.028702
v -0.054928 0.298601 -0.035511
v -0.061156 0.302353 -0.046830
v -0.056493 0.302887 -0.059714
v -0.049829 0.303738 -0.064488
v -0.022102 0.177610 -0.081016
v -0.025002 0.208120 -0.063876
v -0.026919 0.249132 -0.037413
v -0.031446 0.276493 -0.030294
v -0.036906 0.293325 -0.027726
v -0.034208 0.302471 -0.023596
v -0.044983 0.304339 -0.024571
v -0.054083 0.308696 -0.032056
v -0.061007 0.312811 -0.044557
v -0.055863 0.313151 -0.058832
v -0.046586 0.312435 -0.066194
v -0.035839 0.303544 -0.044799
v -0.034068 0.309848 -0.044002
v -0.043485 0.362297 -0.024857
v -0.052883 0.367734 -0.042672
v -0.045589 0.366439 -0.062580
v -0.032561 0.363965 -0.072931
v -0.031123 0.356063 -0.014075
v -0.015426 0.405870 -0.007060
v -0.026504 0.412224 -0.015966
v -0.034081 0.424449 -0.023487
v -0.025990 0.430114 -0.042660
v -0.012358 0.431154 -0.055382
v -0.015939 0.352455 -0.012812
v 0.000364 0.403849 -0.007197
v 0.012255 0.427308 -0.056592
v 0.009818 0.426297 -0.050493
v -0.028752 0.183652 -0.099495
v -0.026271 0.180301 -0.090292
v -0.019885 0.188696 -0.110161
v -0.019638 0.184702 -0.102980
v -0.019270 0.184423 -0.102143
v -0.017039 0.181095 -0.092983
v -0.015634 0.178064 -0.082539
v -0.018068 0.208651 -0.065487
v -0.015940 0.249967 -0.039998
v -0.022015 0.277364 -0.032509
v -0.029175 0.291885 -0.029546
v -0.025743 0.300741 -0.025637
v -0.006375 0.210002 -0.071180
v -0.004330 0.179397 -0.087505
v 0.002414 0.251977 -0.048866
v 0.004903 0.259364 -0.066740
v -0.004574 0.214939 -0.082867
v -0.002487 0.183390 -0.097612
v -0.006444 0.279457 -0.040074
v -0.004356 0.285863 -0.055335
v -0.010713 0.291501 -0.069056
v -0.002575 0.266020 -0.082736
v -0.009519 0.219276 -0.093270
v -0.006843 0.187086 -0.106526
v -0.016369 0.289352 -0.035867
v -0.013937 0.291409 -0.049841
v -0.018926 0.294792 -0.062317
v -0.033818 0.299289 -0.068037
v -0.029134 0.294275 -0.075383
v -0.024228 0.269472 -0.089908
v -0.023376 0.221471 -0.097889
v -0.011616 0.297425 -0.032781
v -0.009069 0.299518 -0.048057
v -0.014435 0.303264 -0.061735
v -0.030868 0.308593 -0.068066
v 0.010779 0.344068 -0.026556
v 0.014082 0.345282 -0.046311
v -0.006872 0.350031 -0.017644
v 0.034271 0.395666 -0.020980
v 0.038308 0.400926 -0.043022
v 0.036233 0.413770 -0.046669
v 0.007512 0.349516 -0.064080
v -0.013006 0.357239 -0.072292
v 0.013111 0.401133 -0.010745
v 0.043528 0.591705 0.045181
v 0.037409 0.597770 0.043923
v 0.049393 0.594438 0.040266
v 0.027097 0.598233 0.032586
v 0.045491 0.601132 0.037529
v 0.056856 0.594790 0.033843
v 0.067442 0.589497 0.000076
v 0.071160 0.594866 0.015471
v 0.069529 0.591120 0.022742
v 0.063035 0.599837 0.023037
v 0.063055 0.594893 0.028741
v 0.055100 0.601181 0.029440
v 0.035775 0.602496 0.025739
v 0.026008 0.595732 0.028202
v 0.054545 0.599995 0.010652
v 0.046168 0.602509 0.017432
v 0.039625 0.505896 0.049552
v 0.026616 0.505717 0.054832
v 0.036144 0.496126 0.048007
v 0.027118 0.496037 0.051459
v 0.060136 0.505612 0.035730
v -0.019218 0.505896 -0.038082
v -0.019106 0.496126 -0.034275
v -0.029029 0.505717 -0.028038
v -0.025717 0.496037 -0.027226
v 0.001339 0.505612 -0.051835
v -0.017605 0.592152 -0.031776
v -0.011460 0.594682 -0.036682
v -0.003717 0.594798 -0.042649
v 0.002692 0.594782 -0.047726
v 0.009445 0.590771 -0.053015
v 0.022428 0.393232 -0.003452
v 0.043184 0.397736 -0.000331
v 0.012547 0.343352 0.024601
v 0.028311 0.298749 0.052341
v 0.020857 0.307950 0.077173
v 0.012533 0.298740 0.052328
v 0.032614 0.343380 0.024724
v 0.046096 0.409773 0.002112
v 0.041957 0.425553 0.036098
v 0.048739 0.424541 0.026161
v 0.039688 0.430144 0.046749
v 0.054254 0.357303 0.054550
v 0.051946 0.366216 0.073078
v 0.045332 0.309610 0.075831
v 0.041196 0.316471 0.090180
v 0.049214 0.347609 0.033835
v 0.021046 0.313476 0.074561
v 0.041320 0.302003 0.059502
v 0.013696 0.292783 0.058515
v 0.028109 0.293612 0.058439
v 0.039858 0.296448 0.065277
v 0.043297 0.301662 0.080553
v 0.039440 0.306089 0.093976
v 0.050131 0.290917 0.077476
v 0.045444 0.292708 0.094336
v 0.058777 0.263089 0.076567
v 0.053167 0.265411 0.096177
v 0.054901 0.214682 0.079850
v 0.051301 0.216067 0.092323
v 0.059314 0.179624 0.080478
v 0.055800 0.180969 0.092132
v 0.051494 0.177454 0.079214
v 0.049598 0.178752 0.088854
v 0.006714 0.400690 0.010987
v 0.001125 0.351672 0.039661
v 0.003423 0.305344 0.064235
v 0.005430 0.296768 0.069779
v 0.006050 0.283676 0.064076
v 0.016191 0.282463 0.049942
v 0.032684 0.284967 0.050144
v 0.046221 0.287898 0.058431
v 0.054389 0.259294 0.054239
v 0.038598 0.255790 0.044516
v 0.019302 0.252972 0.044316
v 0.029141 0.208051 0.059198
v 0.041810 0.209980 0.059153
v 0.052069 0.212274 0.065554
v 0.007506 0.254834 0.060956
v 0.021567 0.209179 0.069796
v 0.030924 0.175541 0.072123
v 0.037740 0.174607 0.061785
v 0.048677 0.175888 0.061494
v 0.057446 0.177736 0.067111
v 0.050682 0.177351 0.078723
v 0.041442 0.176111 0.075134
v 0.046500 0.178108 0.087636
v 0.037253 0.176834 0.083795
v 0.028360 0.176060 0.078248
v 0.018832 0.209705 0.076369
v 0.003143 0.255681 0.071357
v 0.002271 0.284253 0.073019
v 0.002404 0.298936 0.076932
v 0.000133 0.308811 0.071825
v -0.005031 0.355322 0.047421
v 0.038824 0.180564 0.100935
v 0.027734 0.176257 0.086302
v 0.031306 0.178377 0.094127
v -0.000460 0.404539 0.020601
v 0.017367 0.321736 0.100160
v 0.032386 0.319641 0.097740
v 0.039678 0.370617 0.083731
v 0.018942 0.373569 0.087202
v 0.002700 0.367800 0.075446
v 0.005745 0.317709 0.091759
v 0.024210 0.430912 0.054318
v 0.002954 0.426611 0.054153
v -0.000690 0.417146 0.047869
v -0.005619 0.407860 0.034040
v -0.006168 0.360612 0.062114
v -0.000584 0.312522 0.082204
v 0.031418 0.307620 0.101055
v 0.017825 0.308402 0.103406
v 0.007403 0.305017 0.095581
v 0.001785 0.301177 0.086615
v 0.001345 0.284518 0.084812
v 0.002097 0.256169 0.085031
v 0.018192 0.210083 0.085197
v 0.022937 0.212494 0.093752
v 0.007722 0.287553 0.096299
v 0.019883 0.290942 0.106282
v 0.036018 0.291994 0.103134
v 0.042174 0.264822 0.106259
v 0.044146 0.215682 0.098863
v 0.049399 0.180729 0.098308
v 0.032013 0.214933 0.101126
v 0.009501 0.259958 0.098304
v 0.023521 0.263853 0.109863
v -0.017993 0.597769 -0.026048
v -0.009321 0.598233 -0.013409
v -0.000666 0.602496 -0.020285
v 0.009803 0.602509 -0.028496
v 0.018323 0.599995 -0.035095
v 0.031574 0.589497 -0.045224
v -0.009915 0.601130 -0.032447
v 0.000163 0.601181 -0.039944
v 0.008216 0.599839 -0.046196
v 0.017448 0.594867 -0.052369
v 0.085441 0.565672 0.252853
v 0.080872 0.566078 0.256754
v 0.084183 0.566043 0.254736
v 0.077548 0.569566 0.255256
v 0.082672 0.570542 0.255351
v 0.080770 0.572265 0.253939
v 0.079600 0.572610 0.250184
v 0.077831 0.571209 0.251655
v 0.076314 0.566886 0.252981
v 0.079156 0.567910 0.256403
v 0.084650 0.568137 0.255409
v 0.087936 0.569894 0.253571
v 0.088002 0.566981 0.250212
v 0.089219 0.570665 0.252407
v 0.090149 0.568191 0.248536
v 0.092602 0.572182 0.248698
v 0.092736 0.569302 0.246230
v 0.093914 0.572571 0.247311
v 0.094008 0.569410 0.243547
v 0.097087 0.573006 0.241700
v 0.095650 0.569470 0.241426
v 0.085694 0.573355 0.253351
v 0.087378 0.574289 0.252084
v 0.090826 0.575719 0.248505
v 0.092420 0.576280 0.246829
v 0.096538 0.576722 0.240883
v 0.089041 0.567792 0.243348
v 0.090153 0.567933 0.241404
v 0.092697 0.566176 0.237635
v 0.097378 0.569705 0.238102
v 0.098269 0.575413 0.237227
v 0.094231 0.578844 0.240034
v 0.088854 0.577822 0.245273
v 0.087412 0.577213 0.246005
v 0.084128 0.575506 0.250198
v 0.082878 0.574700 0.251441
v 0.087579 0.568271 0.237604
v 0.087330 0.575980 0.240289
v 0.089187 0.575064 0.242068
v 0.085427 0.575346 0.243010
v 0.083617 0.574598 0.245541
v 0.081425 0.573203 0.247694
v 0.079394 0.573477 0.257845
v 0.081405 0.571445 0.254059
v 0.083946 0.575990 0.253902
v 0.083855 0.572694 0.251548
v 0.085231 0.576940 0.252633
v 0.086288 0.573452 0.248112
v 0.088876 0.578291 0.247843
v 0.088576 0.574378 0.245496
v 0.090136 0.578267 0.245812
v 0.090219 0.574130 0.242094
v 0.092280 0.578723 0.242612
v 0.093724 0.579117 0.240276
v 0.096089 0.579946 0.235399
v 0.099321 0.572622 0.229211
v 0.097933 0.567019 0.231086
v 0.093016 0.581774 0.238223
v 0.088239 0.582336 0.245218
v 0.086413 0.582209 0.247469
v 0.083404 0.580656 0.251964
v 0.081771 0.579535 0.254088
v 0.077252 0.576446 0.257687
v 0.091652 0.584338 0.232849
v 0.089986 0.583942 0.237007
v 0.084479 0.583667 0.243767
v 0.083169 0.583156 0.245805
v 0.079623 0.581652 0.250357
v 0.078408 0.580928 0.251782
v 0.074110 0.577859 0.255586
v 0.088348 0.583745 0.237978
v 0.087854 0.586814 0.235381
v 0.082564 0.581227 0.238138
v 0.084864 0.580278 0.240458
v 0.080396 0.580763 0.241915
v 0.078630 0.579527 0.244623
v 0.076433 0.578696 0.248136
v 0.074002 0.577326 0.250685
v 0.072137 0.575468 0.252508
v 0.071648 0.574790 0.257183
v 0.074082 0.573162 0.258867
v 0.075889 0.570898 0.258960
v 0.079304 0.569976 0.255759
v 0.068402 0.583399 0.252710
v 0.066870 0.582015 0.254749
v 0.069190 0.584282 0.256650
v 0.066999 0.582077 0.259394
v 0.072249 0.583089 0.258471
v 0.070584 0.585341 0.254990
v 0.073994 0.584469 0.256981
v 0.076108 0.585490 0.254697
v 0.078547 0.581828 0.254798
v 0.077622 0.586197 0.252528
v 0.079733 0.582427 0.253106
v 0.081295 0.587441 0.246297
v 0.083394 0.583919 0.246776
v 0.082722 0.587816 0.243738
v 0.084509 0.584020 0.244932
v 0.087657 0.583363 0.240274
v 0.076586 0.581097 0.257325
v 0.069819 0.580892 0.260939
v 0.071470 0.578641 0.261223
v 0.074356 0.580408 0.259229
v 0.074326 0.577033 0.258049
v 0.076153 0.577431 0.255649
v 0.077988 0.578134 0.252465
v 0.080582 0.579216 0.248507
v 0.083228 0.580120 0.245203
v 0.085242 0.579021 0.240787
v 0.069106 0.585580 0.257615
v 0.069217 0.589435 0.253725
v 0.066823 0.588123 0.257263
v 0.071416 0.586566 0.254252
v 0.073523 0.587632 0.251330
v 0.071200 0.590837 0.250615
v 0.067399 0.591665 0.249307
v 0.065594 0.590491 0.252387
v 0.064230 0.588972 0.255868
v 0.076807 0.588717 0.245244
v 0.075022 0.588216 0.248469
v 0.073930 0.583755 0.248542
v 0.072695 0.591297 0.247812
v 0.068438 0.592156 0.246476
v 0.064932 0.588525 0.245082
v 0.063652 0.588073 0.247651
v 0.062450 0.587696 0.251137
v 0.062049 0.585326 0.255764
v 0.066423 0.582460 0.257392
v 0.070751 0.582829 0.254040
v 0.066652 0.580251 0.252488
v 0.072495 0.583326 0.251327
v 0.066959 0.589332 0.241006
v 0.070944 0.589828 0.233128
v 0.077095 0.592324 0.229858
v 0.072381 0.588946 0.229827
v 0.072496 0.593488 0.238058
v 0.077130 0.592636 0.239520
v 0.075772 0.592474 0.242277
v 0.078170 0.589134 0.242765
v 0.074152 0.592063 0.244639
v 0.069970 0.592745 0.242805
v 0.068698 0.590091 0.237516
v 0.071487 0.593195 0.239925
v 0.064211 0.577205 0.209617
v 0.071983 0.578357 0.207966
v 0.070095 0.575277 0.205710
v 0.079353 0.576570 0.204531
v 0.075868 0.580861 0.210261
v 0.081600 0.583137 0.213106
v 0.072562 0.583873 0.217965
v 0.076995 0.588820 0.222367
v 0.071075 0.582577 0.225449
v 0.077559 0.591240 0.227134
v 0.081993 0.590782 0.231940
v 0.079326 0.589193 0.240818
v 0.078403 0.585447 0.242079
v 0.076105 0.584228 0.244895
v 0.082860 0.586992 0.222314
v 0.083540 0.589620 0.228967
v 0.082072 0.588178 0.234504
v 0.081793 0.588408 0.236372
v 0.079826 0.584512 0.238079
v 0.078481 0.585288 0.237834
v 0.084172 0.588760 0.233759
v 0.087179 0.587608 0.230685
v 0.087772 0.584476 0.222894
v 0.088075 0.581350 0.215511
v 0.088545 0.575681 0.206902
v 0.096555 0.575282 0.219860
v 0.094598 0.579348 0.225836
v 0.078703 0.589024 0.242284
v 0.077609 0.588895 0.244303
v 0.073595 0.587136 0.250815
v 0.072329 0.586614 0.252440
v 0.077107 0.586000 0.236295
v 0.074455 0.585671 0.241424
v 0.072611 0.585065 0.244540
v 0.070211 0.584118 0.249620
v 0.069581 0.575750 0.259785
v 0.070293 0.579868 0.248478
v 0.068189 0.578443 0.251020
v 0.066346 0.577543 0.254205
v 0.065555 0.578853 0.258176
v 0.070450 0.574509 0.255785
v 0.072368 0.575325 0.252537
v 0.074435 0.576633 0.249917
v 0.076784 0.577053 0.246385
v 0.078664 0.577398 0.242880
v 0.080537 0.574394 0.234645
v 0.080655 0.576181 0.238201
v 0.077133 0.578286 0.236669
v 0.075882 0.580880 0.237108
v 0.080841 0.576989 0.239877
v 0.074498 0.580940 0.241041
v 0.072530 0.580135 0.244506
v 0.094432 0.564191 0.233470
v 0.087138 0.565265 0.232742
v 0.083210 0.570652 0.236266
v 0.081538 0.568979 0.231250
v 0.076067 0.575973 0.233563
v 0.076532 0.581197 0.236362
v 0.082171 0.559612 0.223010
v 0.084055 0.556597 0.215176
v 0.078126 0.560913 0.221680
v 0.088725 0.556018 0.217013
v 0.088439 0.558157 0.224512
v 0.081523 0.570583 0.193894
v 0.083507 0.573303 0.198766
v 0.091205 0.572577 0.200751
v 0.097898 0.569322 0.212440
v 0.099816 0.568645 0.222902
v 0.098168 0.561449 0.223160
v 0.093652 0.558540 0.224517
v 0.094303 0.555853 0.217703
v 0.093458 0.554682 0.206030
v 0.090343 0.551824 0.198095
v 0.079803 0.557786 0.212868
v 0.082797 0.554881 0.196759
v 0.099494 0.563807 0.215119
v 0.098647 0.565734 0.204220
v 0.097959 0.559548 0.205570
v 0.097966 0.559665 0.216304
v 0.074374 0.562438 0.220051
v 0.075555 0.560721 0.209955
v 0.078385 0.559892 0.196106
v 0.073153 0.565726 0.205454
v 0.077571 0.566481 0.194857
v 0.076984 0.565661 0.225246
v 0.072517 0.571878 0.226129
v 0.069479 0.566465 0.221836
v 0.068617 0.564305 0.213331
v 0.068653 0.566345 0.208249
v 0.068494 0.570867 0.205348
v 0.073261 0.569954 0.203551
v 0.075696 0.573652 0.203580
v 0.068911 0.578717 0.221711
v 0.074318 0.575225 0.229264
v 0.072742 0.579928 0.232419
v 0.074924 0.580977 0.236248
v 0.072052 0.582141 0.233948
v 0.070193 0.584960 0.234037
v 0.070906 0.584855 0.231233
v 0.062486 0.583055 0.250733
v 0.064505 0.583426 0.247022
v 0.066096 0.583757 0.244686
v 0.067488 0.584165 0.241267
v 0.068988 0.585020 0.237662
v 0.068539 0.580701 0.248740
v 0.070267 0.581466 0.246430
v 0.071880 0.581841 0.242962
v 0.073653 0.582102 0.239853
v 0.075232 0.581673 0.237344
v 0.055913 0.575568 0.219200
v 0.057671 0.574484 0.216191
v 0.058826 0.570398 0.218296
v 0.061161 0.569381 0.214306
v 0.063816 0.567997 0.217961
v 0.065900 0.566399 0.216083
v 0.063613 0.568547 0.211073
v 0.060288 0.573758 0.212154
v 0.063077 0.572476 0.209402
v 0.051509 0.581126 0.230898
v 0.052482 0.577815 0.226464
v 0.050694 0.578843 0.231214
v 0.053758 0.581110 0.226422
v 0.054784 0.576425 0.222762
v 0.056234 0.580553 0.222502
v 0.057934 0.580287 0.218964
v 0.059458 0.579209 0.216118
v 0.061582 0.578635 0.213018
v 0.053596 0.582284 0.232203
v 0.056238 0.581827 0.233380
v 0.056720 0.582835 0.228126
v 0.061898 0.581863 0.220641
v 0.059892 0.582726 0.224052
v 0.059753 0.581641 0.231265
v 0.059762 0.576984 0.232834
v 0.064171 0.578145 0.228809
v 0.063194 0.581591 0.226903
v 0.065987 0.577381 0.224991
v 0.065080 0.580892 0.223187
v 0.066097 0.580315 0.220753
v 0.063310 0.580910 0.218172
v 0.064925 0.580818 0.216202
v 0.067381 0.580553 0.213056
v 0.067121 0.576741 0.223637
v 0.069025 0.576070 0.223324
v 0.067356 0.580604 0.219571
v 0.069240 0.581125 0.216200
v 0.055427 0.576320 0.234633
v 0.067231 0.569751 0.221711
v 0.065521 0.571454 0.223584
v 0.064535 0.572631 0.225741
v 0.062734 0.573741 0.229053
v 0.057573 0.573305 0.232030
v 0.051530 0.575834 0.232765
v 0.062137 0.569290 0.221178
v 0.056900 0.571922 0.220888
v 0.055565 0.572499 0.224328
v 0.052905 0.573776 0.228441
v 0.059451 0.571199 0.227228
v 0.060739 0.570239 0.223755
v 0.079057 0.574723 0.244044
v 0.080763 0.575762 0.241074
v 0.084480 0.572575 0.242887
v 0.086263 0.572504 0.240285
v 0.081869 0.576468 0.238960
v 0.086433 0.571898 0.238547
v 0.082345 0.573285 0.237940
v 0.081568 0.576250 0.238664
v 0.077081 0.574007 0.247176
v 0.074764 0.572803 0.249391
v 0.072582 0.571581 0.251262
v 0.070788 0.571643 0.255426
v 0.075941 0.568581 0.252623
v 0.073629 0.568712 0.256525
v 0.078531 0.569853 0.251218
v 0.080710 0.571218 0.248664
v 0.082522 0.572025 0.245719
v 0.086293 0.572252 0.239877
v 0.085543 0.571047 0.241756
v 0.083679 0.570187 0.244084
v 0.081943 0.569339 0.246008
v 0.079657 0.567753 0.247517
v 0.077801 0.566736 0.249453
v 0.087087 0.566970 0.245829
v 0.085389 0.566296 0.247569
v 0.083225 0.564605 0.249276
v 0.081151 0.563733 0.251149
v 0.079159 0.564107 0.254175
v 0.030692 0.450581 0.032527
v 0.013508 0.448738 0.036777
v 0.013480 0.450649 0.036765
v 0.030709 0.448775 0.032484
v 0.055539 0.474411 0.015105
v 0.044634 0.474278 0.030550
v 0.056345 0.476931 0.014452
v 0.044407 0.476961 0.031482
v 0.031937 0.474292 0.038390
v 0.013726 0.474326 0.042854
v 0.033019 0.475979 0.038560
v 0.012830 0.476005 0.043398
v -0.001653 0.450392 0.047712
v 0.013393 0.450894 0.053292
v -0.001092 0.448953 0.045550
v 0.013602 0.447720 0.051233
v -0.001624 0.474441 0.047744
v -0.004869 0.474169 0.043702
v -0.004847 0.450515 0.043773
v 0.013415 0.473854 0.053321
v 0.013563 0.476971 0.051778
v -0.001023 0.476248 0.045898
v 0.011508 0.472219 0.058372
v -0.000672 0.472213 0.054911
v 0.011567 0.448737 0.058002
v -0.000530 0.448714 0.054540
v 0.049841 0.473211 0.038550
v 0.036812 0.473205 0.046904
v 0.050889 0.449841 0.037466
v 0.036816 0.451595 0.046909
v 0.033981 0.474411 -0.043197
v 0.035017 0.476931 -0.043225
v 0.015650 0.474278 -0.047831
v 0.014872 0.476961 -0.048392
v 0.000908 0.474292 -0.045525
v 0.001618 0.475979 -0.046358
v -0.015827 0.474326 -0.037067
v -0.016862 0.476005 -0.036898
v -0.012051 0.450649 -0.032283
v -0.012039 0.448738 -0.032311
v 0.003776 0.450581 -0.040262
v 0.003818 0.448775 -0.040241
v -0.030667 0.450392 -0.030751
v -0.028833 0.448953 -0.029474
v -0.022870 0.450894 -0.044778
v -0.021372 0.447720 -0.043350
v -0.030665 0.474441 -0.030795
v -0.030500 0.474169 -0.025613
v -0.030529 0.450515 -0.025682
v -0.022872 0.473854 -0.044814
v -0.021756 0.476971 -0.043739
v -0.029008 0.476248 -0.029783
v -0.019234 0.474444 0.034048
v -0.034220 0.474391 0.015158
v -0.019244 0.450330 0.034023
v -0.034218 0.450393 0.015158
v -0.035120 0.450330 -0.008911
v -0.035129 0.474444 -0.008937
v 0.014400 0.473211 -0.057295
v 0.015902 0.449841 -0.057153
v -0.000929 0.473205 -0.055162
v -0.000929 0.451595 -0.055168
v 0.037819 0.449847 -0.051508
v 0.039214 0.473190 -0.050970
v 0.054359 0.450403 -0.040118
v 0.054355 0.474383 -0.040123
v 0.065468 0.450400 -0.021703
v 0.065471 0.474383 -0.021704
v 0.069012 0.474383 -0.000484
v 0.069012 0.450403 -0.000491
v 0.064570 0.473190 0.017604
v 0.063861 0.449847 0.018919
v 0.036542 0.452301 0.053723
v 0.036127 0.448490 0.046117
v 0.036089 0.448732 0.053377
v 0.017106 0.448711 0.058165
v 0.016892 0.452305 0.058709
v 0.017152 0.472394 0.058540
v 0.036238 0.472376 0.053721
v 0.036079 0.476386 0.046591
v 0.003396 0.442258 0.044635
v -0.020003 0.438544 0.026886
v -0.019983 0.483565 0.026834
v 0.003414 0.479876 0.044575
v -0.006145 0.445329 0.053211
v -0.026030 0.442217 0.038515
v -0.026017 0.480167 0.038509
v -0.006140 0.477055 0.053199
v 0.050070 0.477372 0.037767
v 0.069343 0.473414 0.022238
v 0.063896 0.477369 0.018065
v 0.069035 0.450660 0.022110
v 0.055568 0.450670 0.041385
v 0.055790 0.473411 0.041630
v -0.024778 0.479876 -0.031666
v -0.031004 0.483565 -0.002970
v -0.031053 0.438544 -0.002997
v -0.024831 0.442258 -0.031699
v -0.037656 0.445329 -0.032005
v -0.037644 0.477055 -0.031999
v -0.043182 0.480167 -0.007912
v -0.043196 0.442217 -0.007908
v -0.000937 0.448490 -0.054119
v -0.023221 0.448711 -0.050894
v -0.023430 0.472394 -0.051208
v -0.023737 0.452305 -0.051168
v -0.005689 0.448732 -0.059608
v -0.005571 0.452301 -0.060165
v -0.005800 0.472376 -0.059966
v -0.001282 0.476386 -0.054448
v 0.015084 0.477372 -0.056849
v 0.038401 0.477369 -0.050882
v 0.047631 0.475198 -0.033856
v 0.056909 0.475207 -0.018538
v 0.059828 0.475198 -0.000869
v 0.003315 0.461474 -0.036153
v 0.014578 0.461574 -0.037575
v 0.025992 0.461734 -0.033833
v 0.035968 0.461847 -0.025346
v 0.042837 0.461883 -0.013335
v 0.045435 0.461847 0.000255
v 0.043380 0.461734 0.013191
v 0.037147 0.461574 0.023459
v 0.027668 0.461474 0.029706
v 0.016743 0.461538 0.032588
v 0.005473 0.461680 0.028833
v -0.002052 0.475184 0.039507
v -0.016208 0.475210 0.028931
v -0.025655 0.475204 0.011992
v -0.004485 0.461815 0.020384
v -0.011572 0.461862 0.006784
v -0.029501 0.475210 -0.007019
v -0.025631 0.475184 -0.024261
v -0.006856 0.461538 -0.031234
v -0.012972 0.461680 -0.021050
v -0.015038 0.461815 -0.008155
v 0.041992 0.449427 0.026746
v 0.050369 0.449427 0.014312
v 0.053453 0.449427 -0.000790
v 0.050771 0.449427 -0.016269
v 0.042737 0.449427 -0.029768
v 0.030570 0.449427 -0.039231
v 0.016119 0.449427 -0.043224
v -0.020018 0.449429 -0.022224
v -0.023094 0.449428 -0.007097
v -0.019527 0.449427 0.009726
v -0.011291 0.449428 0.024822
v 0.000887 0.449429 0.034308
v 0.039672 0.450660 -0.057297
v 0.016905 0.450670 -0.063174
v 0.016915 0.473411 -0.063503
v 0.039823 0.473414 -0.057595
v -0.034605 0.472213 -0.036856
v -0.027607 0.472219 -0.047409
v -0.027321 0.448737 -0.047167
v -0.034256 0.448714 -0.036667
v 0.085396 0.468905 -0.001307
v 0.067797 0.468905 -0.048901
v 0.080758 0.472578 0.000403
v 0.063162 0.472578 -0.047183
v 0.075003 0.472578 0.002532
v 0.057406 0.472578 -0.045055
v 0.070368 0.468905 0.004250
v 0.052769 0.468905 -0.043344
v 0.068611 0.463002 0.004902
v 0.051010 0.463002 -0.042696
v 0.070368 0.457099 0.004250
v 0.052769 0.457099 -0.043344
v 0.075003 0.453426 0.002532
v 0.057406 0.453426 -0.045055
v 0.080758 0.453426 0.000403
v 0.063162 0.453426 -0.047183
v 0.085396 0.457099 -0.001307
v 0.067797 0.457099 -0.048901
v 0.087155 0.463002 -0.001955
v 0.069554 0.463002 -0.049553
v 0.059921 0.463002 -0.047102
v 0.078244 0.463002 0.002451
v 0.086099 0.535158 0.103900
v 0.096762 0.529237 0.121296
v 0.090361 0.531495 0.119254
v 0.080749 0.539422 0.107185
v 0.099030 0.562543 0.109763
v 0.084366 0.535870 0.120542
v 0.108147 0.532386 0.129001
v 0.106126 0.545388 0.098527
v 0.113017 0.538761 0.129768
v 0.103000 0.531084 0.127487
v 0.112790 0.543901 0.129050
v 0.113042 0.551148 0.123558
v 0.107919 0.556727 0.122788
v 0.101306 0.560203 0.123946
v 0.104899 0.558966 0.106571
v 0.092092 0.533422 0.101500
v 0.097865 0.536763 0.099273
v 0.101355 0.539161 0.097771
v 0.107044 0.548375 0.100589
v 0.108404 0.554164 0.103834
v -0.033350 0.496254 -0.099602
v -0.029784 0.495035 -0.106816
v -0.026153 0.509131 -0.090206
v -0.033515 0.508468 -0.086510
v -0.039474 0.497654 -0.094624
v -0.046222 0.529725 -0.104812
v -0.022804 0.526165 -0.107089
v -0.033203 0.495217 -0.120539
v -0.036661 0.500992 -0.125515
v -0.040056 0.505445 -0.125111
v -0.033089 0.493850 -0.115097
v -0.021073 0.511288 -0.094869
v -0.039259 0.531001 -0.109037
v -0.052185 0.518908 -0.112923
v -0.046537 0.518290 -0.118572
v -0.041396 0.514369 -0.123434
v -0.026446 0.527803 -0.108625
v -0.019427 0.520524 -0.102211
v -0.020049 0.517143 -0.099427
v -0.032518 0.530316 -0.111214
v -0.038799 0.548069 -0.100004
v -0.045820 0.548514 -0.090646
v -0.038627 0.557864 -0.099868
v -0.048359 0.562695 -0.080702
v -0.040356 0.569948 -0.089245
v -0.045607 0.559265 -0.091674
v -0.035107 0.568830 -0.095373
v -0.028270 0.580297 -0.086407
v -0.024306 0.580892 -0.088171
v -0.027738 0.569928 -0.098637
v -0.028680 0.559227 -0.104267
v -0.027646 0.548460 -0.104122
v -0.017736 0.568988 -0.072267
v -0.048633 0.552071 -0.078712
v -0.046580 0.556492 -0.064134
v -0.048226 0.567709 -0.068977
v -0.042628 0.573081 -0.081333
v -0.031082 0.580912 -0.083126
v -0.021501 0.590195 -0.077518
v -0.019951 0.582574 -0.088132
v -0.019415 0.573029 -0.098613
v -0.017374 0.562621 -0.103831
v -0.015442 0.551933 -0.103473
v -0.001811 0.556355 -0.097386
v 0.009341 0.561625 -0.088166
v 0.003833 0.574801 -0.092983
v -0.015496 0.585438 -0.086850
v -0.040724 0.561759 -0.050919
v -0.043701 0.574926 -0.057603
v -0.032344 0.570116 -0.040836
v -0.036444 0.582391 -0.048557
v -0.039223 0.583815 -0.063818
v -0.042451 0.577989 -0.072302
v -0.032297 0.585474 -0.074332
v -0.032288 0.582601 -0.078945
v -0.031230 0.588348 -0.070640
v -0.027914 0.591797 -0.066456
v -0.033666 0.589532 -0.056840
v -0.023666 0.594795 -0.063818
v -0.018269 0.596595 -0.064344
v -0.026353 0.594534 -0.052895
v -0.027319 0.590055 -0.043997
v -0.023408 0.587344 -0.036475
v -0.014651 0.591829 -0.040611
v -0.022435 0.594523 -0.043553
v -0.016349 0.597930 -0.054204
v 0.010664 0.582285 -0.083483
v 0.001908 0.589434 -0.083290
v 0.003877 0.594486 -0.075055
v -0.007630 0.594755 -0.075756
v -0.009633 0.596574 -0.070769
v -0.013363 0.597210 -0.066780
v -0.006149 0.598912 -0.057815
v -0.012858 0.598866 -0.049529
v -0.008128 0.594794 -0.043880
v 0.016825 0.570005 -0.077551
v 0.012934 0.589916 -0.072944
v 0.000662 0.597728 -0.064979
v -0.000509 0.594640 -0.059717
v 0.002328 0.592126 -0.052879
v 0.015931 0.585863 -0.063713
v -0.003327 0.583716 -0.090519
v -0.009011 0.591743 -0.080539
v -0.012144 0.588324 -0.084814
v -0.010693 0.577889 -0.095958
v -0.005946 0.567634 -0.100442
v 0.067766 0.583654 0.022316
v 0.083373 0.574685 0.023490
v 0.077265 0.580445 0.058031
v 0.071049 0.592589 0.024566
v 0.058757 0.604135 0.054663
v 0.062850 0.602957 0.064311
v 0.072358 0.603611 0.057975
v 0.049529 0.598410 0.057849
v 0.045267 0.599174 0.043414
v 0.040216 0.590426 0.044755
v 0.045384 0.592415 0.033201
v 0.056340 0.592160 0.025118
v 0.058910 0.597355 0.027270
v 0.061900 0.602551 0.033683
v 0.079352 0.594923 0.026404
v 0.075764 0.601577 0.038056
v 0.080676 0.599654 0.036781
v 0.082334 0.601101 0.051686
v 0.085901 0.597712 0.037826
v 0.089660 0.596448 0.042084
v 0.095903 0.589275 0.035627
v 0.069870 0.604339 0.052171
v 0.058096 0.604200 0.044966
v 0.050799 0.601372 0.035987
v 0.062272 0.602178 0.036336
v 0.071670 0.603274 0.041504
v 0.069120 0.604402 0.046389
v 0.098500 0.578726 0.032306
v 0.104565 0.577048 0.044967
v 0.101051 0.562418 0.045850
v 0.105350 0.564756 0.060453
v 0.094366 0.564494 0.031917
v 0.086562 0.583901 0.023863
v 0.089270 0.591363 0.028496
v 0.100392 0.587974 0.045140
v 0.107564 0.576849 0.058881
v 0.105912 0.568683 0.075508
v 0.101971 0.572011 0.087119
v 0.106342 0.578815 0.071603
v 0.102453 0.587437 0.055783
v 0.092299 0.595666 0.047759
v 0.092811 0.595167 0.052576
v 0.092232 0.595154 0.057994
v 0.101508 0.588065 0.066053
v 0.098378 0.589659 0.074210
v 0.102524 0.581728 0.082396
v 0.094175 0.576832 0.094701
v 0.083004 0.579606 0.096836
v 0.071134 0.582569 0.093186
v 0.084818 0.588786 0.091439
v 0.073859 0.591730 0.088129
v 0.085174 0.594913 0.080954
v 0.077218 0.597743 0.078451
v 0.083522 0.598769 0.065919
v 0.079319 0.600297 0.064582
v 0.075219 0.602169 0.061547
v 0.094819 0.585071 0.089439
v 0.092659 0.592059 0.079472
v 0.087529 0.597226 0.065132
v 0.090614 0.595940 0.062302
v 0.058573 0.583462 0.084370
v 0.063327 0.594463 0.081477
v 0.069209 0.600701 0.072726
v 0.054829 0.596882 0.070349
v 0.042879 0.584857 0.058565
v 0.048684 0.583313 0.072588
v -0.048993 0.299736 -0.044569
v -0.051621 0.294878 -0.067799
v -0.042301 0.298273 -0.070984
v -0.050553 0.301301 -0.021045
v -0.059848 0.317831 -0.022280
v -0.041875 0.296925 -0.022521
v -0.065710 0.297525 -0.056028
v -0.070996 0.319208 -0.038823
v -0.067167 0.309898 -0.053138
v -0.065074 0.324185 -0.039711
v -0.060689 0.313626 -0.054861
v -0.062214 0.321352 -0.030942
v -0.066222 0.313402 -0.022896
v -0.057588 0.298253 -0.021179
v -0.046135 0.293055 -0.021382
v -0.031263 0.297621 -0.023082
v -0.030343 0.293932 -0.024275
v -0.057131 0.295906 -0.066191
v -0.049092 0.298923 -0.069643
v -0.042358 0.302076 -0.070013
v -0.042624 0.304463 -0.069073
v -0.042817 0.306213 -0.068383
v -0.049685 0.304383 -0.067516
v -0.043175 0.309536 -0.067085
v -0.043891 0.312978 -0.065202
v -0.053340 0.310870 -0.060763
v -0.058223 0.307748 -0.061706
v -0.057832 0.301670 -0.063954
v -0.063447 0.283648 -0.059971
v -0.050320 0.310436 -0.065068
v -0.054561 0.262603 -0.047262
v -0.056016 0.264824 -0.053289
v -0.048290 0.273655 -0.036449
v -0.039803 0.280505 -0.028376
v -0.056116 0.283172 -0.062558
v -0.058124 0.266938 -0.059154
v -0.063764 0.265698 -0.050650
v -0.061803 0.263643 -0.045055
v -0.055728 0.274266 -0.034217
v -0.045109 0.281291 -0.026084
v -0.036021 0.283033 -0.026037
v -0.036599 0.288477 -0.023863
v -0.029535 0.286483 -0.027234
v -0.029799 0.288867 -0.026288
v -0.029990 0.290617 -0.025594
v -0.029687 0.282930 -0.028902
v -0.045780 0.287019 -0.023746
v -0.037267 0.294568 -0.021522
v -0.057126 0.287090 -0.027391
v -0.063618 0.278421 -0.038480
v -0.065491 0.280097 -0.044919
v -0.065201 0.267775 -0.056391
v -0.067347 0.282951 -0.050925
v -0.068094 0.281678 -0.043568
v -0.066636 0.280172 -0.039042
v -0.069592 0.311036 -0.025666
v -0.071364 0.313265 -0.031134
v -0.069330 0.283434 -0.048040
v -0.072933 0.315099 -0.036801
v -0.068474 0.316969 -0.030656
v 0.000061 0.291877 0.076839
v 0.003752 0.290505 0.071108
v 0.001109 0.289257 0.081105
v 0.003040 0.294316 0.070468
v 0.018455 0.304885 0.091742
v 0.005877 0.281592 0.091231
v 0.015177 0.272129 0.109345
v 0.018681 0.269927 0.102229
v 0.024488 0.270834 0.105188
v 0.012592 0.269016 0.099889
v 0.009619 0.271230 0.106572
v 0.002747 0.283417 0.098128
v -0.001710 0.291057 0.085884
v -0.000789 0.297705 0.076722
v 0.002671 0.296868 0.070428
v 0.002402 0.298739 0.070398
v 0.001889 0.302287 0.070327
v 0.001501 0.306222 0.070816
v -0.000835 0.306703 0.081195
v 0.006629 0.287228 0.106381
v -0.000894 0.297538 0.097595
v -0.002662 0.297207 0.085814
v -0.001656 0.304205 0.076627
v -0.003517 0.303630 0.085412
v -0.002515 0.312121 0.089226
v 0.001254 0.328748 0.097631
v 0.010041 0.330403 0.101244
v -0.000209 0.324934 0.104259
v 0.007744 0.326828 0.107603
v 0.006861 0.323411 0.110740
v 0.012494 0.324040 0.113152
v 0.016127 0.290443 0.113354
v 0.018691 0.331414 0.105403
v 0.015724 0.327369 0.111360
v -0.004206 0.309819 0.096341
v 0.011607 0.289648 0.111471
v 0.019078 0.289123 0.111927
v 0.031996 0.285584 0.102869
v 0.040547 0.295287 0.098679
v 0.028510 0.287347 0.109606
v 0.020959 0.272963 0.111625
v 0.012918 0.287556 0.109233
v 0.007130 0.289086 0.109345
v 0.001354 0.322333 0.108185
v 0.027753 0.301911 0.110359
v 0.038410 0.297184 0.103761
v 0.043683 0.298537 0.096277
v 0.042880 0.304371 0.096181
v 0.037559 0.303346 0.103737
v 0.041906 0.310856 0.096039
v 0.036821 0.309788 0.103386
v 0.043636 0.312667 0.089594
v 0.037423 0.312557 0.098243
v 0.031313 0.317289 0.104299
v 0.027765 0.314699 0.110587
v 0.044715 0.308832 0.089410
v 0.045207 0.305281 0.089471
v 0.045473 0.303409 0.089500
v 0.045834 0.300856 0.089537
v 0.045850 0.296945 0.089865
v 0.028232 0.169468 0.105159
v 0.032445 0.171030 0.108102
v 0.036018 0.179592 0.100303
v 0.039278 0.180799 0.101649
v 0.032415 0.178686 0.097837
v 0.024949 0.164619 0.099658
v 0.034048 0.155121 0.061491
v 0.028079 0.152887 0.070788
v 0.034125 0.160023 0.064674
v 0.067231 0.153410 0.075893
v 0.068311 0.147647 0.076371
v 0.064457 0.150978 0.086391
v 0.068104 0.142639 0.079497
v 0.066646 0.139777 0.084453
v 0.030113 0.144527 0.063021
v 0.027310 0.141713 0.067390
v 0.024888 0.141862 0.073057
v 0.022632 0.160693 0.093694
v 0.054575 0.158857 0.107506
v 0.049572 0.165743 0.110125
v 0.043022 0.170101 0.111413
v 0.037547 0.171078 0.110296
v 0.032579 0.149450 0.060874
v 0.064178 0.139870 0.090031
v 0.044522 0.179078 0.102998
v 0.030322 0.175467 0.091642
v 0.029755 0.172305 0.086089
v 0.065187 0.158340 0.078078
v 0.055666 0.173267 0.097087
v 0.050522 0.176261 0.100241
v 0.033344 0.152522 0.140102
v 0.031709 0.155675 0.134067
v 0.026627 0.153027 0.142911
v 0.026857 0.156017 0.136088
v 0.029956 0.157424 0.127145
v 0.027193 0.157662 0.128160
v 0.022021 0.156327 0.136179
v 0.024478 0.157855 0.128145
v 0.034084 0.169742 0.103605
v 0.031912 0.157235 0.125478
v 0.035708 0.155347 0.130684
v 0.039276 0.152008 0.135099
v 0.047419 0.166332 0.107060
v 0.052167 0.159170 0.106755
v 0.054189 0.167727 0.098320
v 0.056973 0.158985 0.094825
v 0.061420 0.168796 0.081457
v 0.061435 0.159944 0.079665
v 0.061671 0.169074 0.075730
v 0.062404 0.162077 0.073862
v 0.060303 0.169397 0.070654
v 0.040904 0.169021 0.105974
v 0.035768 0.172116 0.102199
v 0.028705 0.170110 0.094395
v 0.045858 0.171180 0.102658
v 0.062275 0.147810 0.065899
v 0.061415 0.162486 0.067408
v 0.063301 0.147802 0.073337
v 0.062704 0.147913 0.080356
v 0.058547 0.148403 0.095861
v 0.054713 0.148841 0.106505
v 0.041516 0.147453 0.137862
v 0.034358 0.148101 0.144062
v 0.026417 0.148691 0.147454
v 0.018369 0.149229 0.147659
v 0.019895 0.153482 0.143044
v 0.017756 0.143908 0.148809
v 0.026135 0.143418 0.148570
v 0.034366 0.142906 0.145017
v 0.041790 0.142405 0.138479
v 0.054818 0.142038 0.106765
v 0.058618 0.141681 0.096119
v 0.062775 0.141277 0.080443
v 0.063397 0.141153 0.073206
v 0.062339 0.141113 0.065573
v 0.059098 0.147975 0.059729
v 0.059079 0.141215 0.059254
v 0.053923 0.148264 0.055748
v 0.059944 0.132393 0.080324
v 0.055797 0.132768 0.095341
v 0.051915 0.133110 0.105904
v 0.039509 0.134748 0.136467
v 0.032838 0.135128 0.142226
v 0.025541 0.135580 0.145372
v 0.018171 0.136009 0.145584
v 0.010039 0.136470 0.142059
v 0.019650 0.150796 0.090962
v 0.024906 0.150279 0.080899
v 0.024035 0.143585 0.080757
v 0.029099 0.143140 0.066165
v 0.030280 0.134091 0.067672
v 0.034772 0.133696 0.062752
v 0.034112 0.142762 0.060497
v 0.040348 0.133325 0.058776
v 0.040389 0.142320 0.056046
v 0.046347 0.132941 0.057057
v 0.047215 0.141867 0.054105
v 0.052084 0.132606 0.057993
v 0.053791 0.141476 0.055188
v 0.056690 0.132373 0.061546
v 0.059544 0.132271 0.067107
v 0.060465 0.132284 0.073901
v 0.047484 0.148617 0.054689
v 0.040817 0.148995 0.056587
v 0.034702 0.149381 0.060924
v 0.029815 0.149742 0.066453
v 0.027705 0.160536 0.081773
v 0.022124 0.160731 0.093209
v 0.024069 0.165414 0.096342
v 0.011671 0.156625 0.120017
v 0.017642 0.158009 0.119131
v 0.017669 0.158080 0.121773
v 0.027974 0.168524 0.099897
v 0.027955 0.166208 0.086585
v 0.042031 0.162924 0.059006
v 0.036606 0.162423 0.062744
v 0.037242 0.168282 0.065483
v 0.033237 0.167712 0.069805
v 0.036122 0.182244 0.064385
v 0.032193 0.182496 0.068569
v 0.032325 0.161785 0.067427
v 0.028971 0.183878 0.083286
v 0.044973 0.197337 0.073831
v 0.040816 0.182209 0.061858
v 0.041913 0.168870 0.062878
v 0.047882 0.163089 0.057384
v 0.053605 0.162933 0.058325
v 0.058185 0.162419 0.061792
v 0.057698 0.169603 0.065081
v 0.053110 0.169619 0.061964
v 0.047611 0.169323 0.060881
v 0.045911 0.182436 0.061069
v 0.050939 0.182831 0.062139
v 0.055193 0.183293 0.064941
v 0.058243 0.183766 0.069150
v 0.059713 0.184284 0.074194
v 0.059494 0.184823 0.079788
v 0.052215 0.186055 0.093620
v 0.044969 0.186581 0.098849
v 0.035963 0.186228 0.097356
v 0.028671 0.185016 0.091185
v 0.020521 0.134814 0.091994
v 0.018761 0.144024 0.090771
v 0.025800 0.134346 0.081865
v 0.003751 0.136759 0.120800
v 0.001680 0.144634 0.120862
v 0.002698 0.149507 0.120765
v 0.003701 0.136749 0.129495
v 0.001507 0.144725 0.130610
v 0.002609 0.149772 0.130171
v 0.006310 0.153930 0.128328
v 0.005808 0.136681 0.136748
v 0.003886 0.144647 0.138809
v 0.004955 0.149831 0.138059
v 0.008367 0.153991 0.134960
v 0.013235 0.156748 0.130170
v 0.008730 0.144406 0.144874
v 0.009634 0.149698 0.143859
v 0.012314 0.153890 0.139755
v 0.016067 0.156651 0.133598
v 0.020293 0.158087 0.126316
v 0.018635 0.158126 0.124418
v 0.011736 0.156736 0.125388
v 0.006222 0.153661 0.120424
v 0.034920 0.132863 0.097614
v 0.034358 0.132927 0.098425
v -0.043258 0.171752 -0.086004
v -0.045775 0.173387 -0.092648
v -0.064336 0.160569 -0.081756
v -0.037772 0.173516 -0.085510
v -0.066918 0.160741 -0.082291
v -0.066409 0.158296 -0.076382
v -0.040684 0.168042 -0.082268
v -0.030106 0.169712 -0.083519
v -0.027677 0.185066 -0.080567
v -0.012573 0.185291 -0.081448
v -0.012673 0.172002 -0.085266
v -0.076041 0.159040 -0.079878
v -0.070841 0.161329 -0.085725
v -0.078831 0.159517 -0.083309
v -0.071795 0.161827 -0.090169
v -0.069315 0.161037 -0.083740
v -0.071657 0.158615 -0.077487
v -0.067916 0.154529 -0.071674
v -0.038028 0.162998 -0.080530
v -0.025705 0.163260 -0.083701
v -0.010718 0.164688 -0.085135
v -0.005267 0.165818 -0.088246
v -0.007684 0.172989 -0.088299
v -0.000514 0.167028 -0.092673
v -0.004255 0.174011 -0.092325
v -0.075640 0.155101 -0.073276
v 0.004992 0.154315 -0.105908
v 0.002250 0.168053 -0.097983
v 0.004739 0.153609 -0.099417
v 0.001543 0.153003 -0.093283
v -0.003932 0.152582 -0.088164
v -0.010327 0.152374 -0.084471
v -0.025461 0.152666 -0.082489
v -0.036372 0.152722 -0.079308
v -0.068978 0.149887 -0.069009
v -0.078209 0.150484 -0.070735
v -0.081724 0.155731 -0.076563
v -0.010244 0.149438 -0.119668
v -0.017457 0.149730 -0.120475
v -0.010358 0.155988 -0.118521
v -0.003279 0.155559 -0.116061
v -0.002979 0.148948 -0.117146
v 0.002130 0.154993 -0.111743
v 0.002557 0.148301 -0.112730
v 0.005480 0.147575 -0.106772
v 0.005223 0.146886 -0.100137
v 0.001954 0.146329 -0.093847
v -0.003665 0.145942 -0.088585
v -0.010221 0.145736 -0.084795
v -0.025530 0.145919 -0.082705
v -0.000773 0.137549 -0.095805
v 0.002114 0.138051 -0.101328
v 0.002347 0.138658 -0.107114
v -0.000210 0.139285 -0.112307
v -0.093456 0.147772 -0.090010
v -0.091542 0.148599 -0.098144
v -0.090251 0.139924 -0.091057
v -0.088428 0.138967 -0.082423
v -0.091410 0.146697 -0.080427
v -0.084074 0.138313 -0.077251
v -0.086439 0.145947 -0.074507
v -0.077391 0.137780 -0.073772
v -0.078885 0.145345 -0.070576
v -0.068863 0.137476 -0.072103
v -0.069300 0.144921 -0.068835
v -0.037287 0.137128 -0.082949
v -0.036397 0.145892 -0.079510
v -0.026306 0.137123 -0.086130
v -0.011505 0.137049 -0.087702
v -0.005785 0.137185 -0.091138
v -0.085466 0.151203 -0.074551
v -0.090208 0.152023 -0.080242
v -0.092180 0.153076 -0.089513
v -0.090366 0.153805 -0.097342
v -0.085451 0.154348 -0.104446
v -0.086412 0.149258 -0.105485
v -0.077945 0.154605 -0.110248
v -0.078519 0.149690 -0.111454
v -0.044570 0.156890 -0.116594
v -0.044837 0.150203 -0.117852
v -0.033375 0.156667 -0.118272
v -0.033647 0.150055 -0.119483
v -0.017354 0.156264 -0.119311
v -0.087331 0.157342 -0.089388
v -0.085852 0.157948 -0.095945
v -0.079107 0.160682 -0.094335
v -0.081755 0.158402 -0.101966
v -0.076155 0.161033 -0.098684
v -0.069718 0.162226 -0.095339
v -0.071265 0.162065 -0.092829
v -0.080166 0.160230 -0.089628
v -0.085629 0.156430 -0.081343
v -0.067693 0.162286 -0.096932
v -0.072040 0.161214 -0.101936
v -0.046772 0.173164 -0.099868
v -0.046497 0.170973 -0.106683
v -0.044158 0.175932 -0.093842
v -0.035601 0.185688 -0.081367
v -0.017157 0.202583 -0.091030
v -0.007830 0.186245 -0.084547
v -0.004621 0.187516 -0.088612
v -0.003086 0.189052 -0.093297
v -0.001221 0.174967 -0.097490
v -0.003405 0.190639 -0.098196
v -0.001245 0.175684 -0.103083
v -0.034488 0.192466 -0.104061
v -0.019647 0.193805 -0.108940
v -0.014060 0.193626 -0.108315
v -0.009273 0.193015 -0.106165
v -0.005554 0.192008 -0.102637
v -0.003429 0.175974 -0.108207
v -0.008396 0.175859 -0.111885
v -0.013108 0.175538 -0.114260
v -0.018769 0.175117 -0.115169
v -0.036672 0.173104 -0.111492
v -0.040792 0.190892 -0.097904
v -0.042647 0.175798 -0.103912
v -0.040669 0.188371 -0.089115
v 0.002475 0.168835 -0.103728
v -0.000004 0.169177 -0.108923
v -0.004749 0.169093 -0.112855
v -0.010883 0.168625 -0.115136
v -0.016872 0.167910 -0.115994
v -0.032625 0.166823 -0.114827
v -0.045275 0.166690 -0.112505
v -0.075665 0.158644 -0.106798
v -0.005086 0.139839 -0.116181
v -0.011557 0.140249 -0.118409
v -0.017953 0.140513 -0.119156
v -0.033495 0.140786 -0.118049
v -0.044621 0.140904 -0.116325
v -0.077043 0.141700 -0.110095
v -0.084023 0.141238 -0.104718
v -0.088567 0.140652 -0.098211
v -0.040818 0.137683 -0.097902
v -0.039911 0.137678 -0.098295
v -0.006931 0.147148 -0.084928
v -0.011788 0.144093 -0.083537
v -0.020616 0.149006 -0.125252
v -0.014906 0.155365 -0.083138
v -0.004308 0.152315 -0.086089
v -0.015454 0.151876 -0.125219
v -0.034952 0.179075 -0.086148
v -0.038401 0.163060 -0.081122
v -0.029494 0.175978 -0.084729
v -0.017824 0.144069 -0.082290
v -0.026576 0.148917 -0.123951
v -0.022899 0.159787 -0.121699
v -0.012326 0.156735 -0.123989
v -0.004590 0.158165 -0.086712
v -0.007668 0.163132 -0.086618
v -0.014573 0.166857 -0.119570
v -0.035377 0.178799 -0.112281
v -0.039564 0.181317 -0.107629
v -0.049075 0.170491 -0.109449
v -0.012046 0.162234 -0.121915
v -0.045530 0.166788 -0.115032
v -0.043461 0.167600 -0.083278
v -0.048409 0.172606 -0.087227
v -0.040750 0.182338 -0.089189
v -0.042516 0.183483 -0.093148
v -0.043710 0.183762 -0.097398
v -0.050550 0.174449 -0.091830
v -0.051732 0.174863 -0.097272
v -0.051747 0.174301 -0.102943
v -0.043519 0.183597 -0.102072
v 0.081123 0.570848 0.192418
v 0.084595 0.568812 0.186045
v 0.078819 0.563842 0.186753
v 0.081207 0.553888 0.189142
v 0.083855 0.548827 0.189682
v 0.082467 0.552747 0.194237
v 0.077861 0.563845 0.193280
v 0.083707 0.570122 0.197544
v 0.080021 0.563534 0.197301
v 0.083455 0.554916 0.197773
v 0.085395 0.568936 0.194903
v 0.088896 0.572005 0.193733
v 0.092241 0.569228 0.183901
v 0.097161 0.568601 0.195635
v 0.099964 0.564613 0.185054
v 0.104431 0.557751 0.185979
v 0.105115 0.556698 0.198418
v 0.103404 0.549235 0.186807
v 0.102933 0.550282 0.200111
v 0.098085 0.556981 0.205493
v 0.103052 0.561384 0.202425
v 0.094469 0.569236 0.196408
v -0.081120 0.459426 -0.130992
v -0.085132 0.453216 -0.131453
v -0.077147 0.454017 -0.127174
v -0.063584 0.453610 -0.155074
v -0.060873 0.461405 -0.150023
v -0.059624 0.448739 -0.147133
v -0.057407 0.456102 -0.145558
v -0.058400 0.451901 -0.139650
v -0.062460 0.450140 -0.135058
v -0.067824 0.446909 -0.135980
v -0.067918 0.450694 -0.131422
v -0.078913 0.448421 -0.130064
v -0.085804 0.447517 -0.136678
v -0.079098 0.446286 -0.134281
v -0.070698 0.445544 -0.138359
v -0.064740 0.444703 -0.147149
v -0.072833 0.449694 -0.162119
v -0.085611 0.457404 -0.138345
v -0.081558 0.463543 -0.137496
v -0.081980 0.459576 -0.146543
v -0.076606 0.465788 -0.145042
v -0.069803 0.465768 -0.149775
v -0.070454 0.459063 -0.155490
v -0.077694 0.454325 -0.161385
v -0.087336 0.456114 -0.154208
v -0.089472 0.454195 -0.146149
v -0.106667 0.421693 -0.156277
v -0.092325 0.456706 -0.150911
v -0.104995 0.431611 -0.165319
v -0.088421 0.452349 -0.137996
v -0.077240 0.416879 -0.175712
v -0.084968 0.429333 -0.179754
v -0.076483 0.454946 -0.162615
v -0.066389 0.451743 -0.155175
v 0.080839 0.568900 0.192414
v 0.094677 0.545629 0.197603
v 0.097569 0.568822 0.238197
v 0.102368 0.571686 0.224313
v 0.104456 0.560933 0.202144
v 0.090532 0.571880 0.193042
v 0.072970 0.588699 0.222122
v 0.086534 0.591085 0.216394
v 0.022228 0.687804 -0.024715
v 0.018387 0.701600 -0.011439
v 0.019561 0.692839 -0.011919
v 0.025347 0.674420 -0.034245
v 0.020569 0.703878 -0.024812
v 0.013030 0.701764 -0.012750
v 0.026779 0.687039 -0.023658
v 0.025787 0.691834 -0.010469
v 0.026238 0.674023 -0.033898
v 0.022681 0.665197 -0.037006
v 0.021410 0.674524 -0.035235
v 0.017576 0.673741 -0.036319
v 0.016199 0.688769 -0.035438
v 0.012217 0.703148 -0.027041
v 0.016749 0.695462 -0.039559
v 0.018584 0.702727 -0.048650
v 0.020391 0.695872 -0.038405
v 0.022186 0.703008 -0.047468
v 0.025892 0.703366 -0.046700
v 0.025625 0.707860 -0.047286
v 0.016329 0.704014 -0.025849
v 0.018374 0.707227 -0.049222
v 0.021943 0.707984 -0.048186
v -0.001004 0.626963 -0.037229
v 0.000922 0.632451 -0.033095
v -0.004794 0.659160 -0.033301
v 0.009518 0.661818 -0.041426
v 0.009470 0.663753 -0.037808
v 0.009642 0.670476 -0.036774
v 0.011931 0.674534 -0.035639
v 0.016676 0.673188 -0.036450
v 0.000625 0.613261 -0.038843
v 0.019005 0.603952 -0.003180
v 0.015352 0.617542 -0.048791
v -0.010004 0.609714 -0.029019
v -0.011786 0.624654 -0.027234
v -0.007121 0.630955 -0.027813
v -0.015333 0.656265 -0.021118
v -0.003844 0.661418 -0.030337
v -0.002896 0.672247 -0.030270
v 0.001743 0.679961 -0.029776
v 0.009040 0.685489 -0.028392
v 0.012719 0.686973 -0.027252
v -0.023932 0.653694 -0.016043
v -0.024890 0.656813 -0.012966
v 0.007833 0.700678 -0.014255
v 0.008487 0.691871 -0.014875
v 0.002585 0.689807 -0.016660
v -0.007205 0.682447 -0.017464
v -0.013141 0.672435 -0.018601
v -0.014337 0.659007 -0.019084
v -0.018282 0.659881 -0.017325
v -0.026058 0.657310 -0.008658
v -0.022305 0.607225 -0.015067
v -0.023735 0.605671 -0.009135
v -0.023144 0.660728 -0.007428
v -0.016635 0.662125 -0.014763
v -0.019216 0.671180 -0.004786
v -0.013234 0.681783 -0.001820
v -0.003323 0.689383 0.001740
v 0.003517 0.691710 0.003800
v 0.002995 0.697623 0.004874
v 0.008191 0.698709 0.006379
v 0.013548 0.698545 0.007690
v 0.005339 0.696636 0.017747
v -0.000400 0.695439 0.016085
v -0.000024 0.687516 0.016216
v -0.005383 0.685562 0.014584
v -0.014539 0.678540 0.011295
v -0.020066 0.668746 0.008555
v 0.002824 0.690410 0.029206
v -0.002379 0.689318 0.027731
v 0.011254 0.696457 0.019195
v 0.014591 0.692677 0.006755
v -0.011479 0.618390 0.014720
v -0.010420 0.597502 0.029677
v -0.007133 0.612925 0.023988
v -0.005634 0.610036 0.033853
v -0.007226 0.620198 0.033169
v -0.000301 0.617427 0.039645
v -0.010530 0.651138 0.037191
v -0.019539 0.651477 0.024198
v -0.017433 0.654179 0.022955
v -0.020874 0.655525 0.006553
v -0.016873 0.664801 0.024541
v -0.012643 0.672298 0.026637
v -0.005635 0.677672 0.029154
v -0.002405 0.678990 0.030157
v 0.006957 0.596117 0.044530
v 0.060155 0.614429 0.006940
v 0.061426 0.616466 0.001153
v 0.053318 0.663647 0.007906
v 0.060329 0.612798 0.006734
v 0.050459 0.609306 0.013587
v 0.054785 0.614632 -0.004735
v 0.055623 0.615449 -0.011505
v 0.050834 0.617648 -0.025443
v 0.042488 0.619913 -0.041549
v 0.029622 0.619101 -0.047924
v 0.052090 0.664139 0.012197
v 0.048780 0.665741 0.000572
v 0.058705 0.612875 0.012866
v 0.047780 0.608084 0.020294
v 0.037176 0.603999 0.030204
v 0.028918 0.600940 0.040175
v 0.005867 0.596554 0.048468
v -0.002069 0.596129 0.042982
v -0.000163 0.603601 0.045039
v 0.002208 0.606886 0.047613
v 0.047897 0.666936 0.011531
v 0.045742 0.667576 0.001884
v 0.051350 0.662597 0.015644
v 0.057894 0.611004 0.016669
v 0.046066 0.622447 0.022015
v 0.035865 0.615043 0.031498
v 0.033838 0.622350 0.026814
v 0.026427 0.615858 0.032944
v 0.032534 0.633196 0.028148
v 0.039725 0.638899 0.021077
v 0.044055 0.644498 0.022330
v 0.040763 0.626752 0.021162
v 0.021797 0.691578 0.008443
v 0.035735 0.686199 -0.006004
v 0.033250 0.685844 0.010585
v 0.042987 0.677339 -0.003622
v 0.041543 0.676489 0.011429
v 0.046423 0.664316 -0.002869
v 0.045001 0.668491 0.011224
v 0.044248 0.663200 0.019537
v 0.051235 0.658795 0.017824
v 0.042372 0.658665 0.023998
v 0.033355 0.636130 0.033998
v 0.028401 0.682293 0.022755
v 0.017819 0.687590 0.020776
v 0.036063 0.673650 0.023534
v 0.042154 0.665502 0.017479
v 0.020786 0.622645 0.040645
v 0.024775 0.623263 0.033022
v 0.012119 0.618513 0.042959
v 0.001873 0.651703 0.045381
v 0.005404 0.620652 0.042314
v 0.016606 0.653509 0.044433
v 0.030671 0.655864 0.037597
v 0.039885 0.660833 0.022768
v 0.016028 0.656060 0.041689
v 0.029051 0.658240 0.035360
v 0.004751 0.608320 0.048802
v 0.007742 0.607370 0.049091
v 0.020735 0.612340 0.040890
v 0.011571 0.604626 0.048171
v -0.009093 0.653865 0.034985
v -0.008903 0.660598 0.035948
v 0.015428 0.597657 0.047651
v 0.026067 0.668553 0.036000
v 0.014299 0.662626 0.042140
v 0.002355 0.654370 0.042702
v -0.006613 0.664655 0.037083
v -0.002821 0.667564 0.038445
v -0.002521 0.668046 0.038587
v 0.001857 0.668878 0.039816
v 0.001620 0.679182 0.037331
v 0.006338 0.668821 0.040951
v 0.005804 0.679099 0.038387
v 0.008669 0.679958 0.033113
v 0.008174 0.690241 0.030548
v -0.002462 0.678377 0.036181
v 0.012151 0.688580 0.019465
v 0.012104 0.679222 0.033889
v 0.020203 0.675168 0.035403
v 0.011126 0.666205 0.041817
v 0.006742 0.668400 0.040997
v 0.042640 0.665480 -0.017931
v 0.040044 0.675999 -0.018810
v 0.034589 0.682831 -0.021010
v 0.029670 0.676084 -0.030905
v 0.032844 0.672504 -0.030582
v 0.034591 0.665948 -0.031105
v 0.048723 0.661862 -0.004023
v 0.045284 0.663536 -0.019936
v 0.036654 0.664189 -0.034184
v 0.023788 0.663377 -0.040559
v 0.049206 0.631351 -0.023829
v 0.062644 0.617121 -0.003691
v 0.054532 0.660551 0.004898
v 0.053841 0.630388 -0.009719
v 0.049124 0.635869 -0.012803
v 0.044628 0.636270 -0.021431
v -0.012505 0.608752 -0.022694
v -0.019588 0.609936 -0.025637
v -0.020845 0.609278 -0.020803
v -0.022057 0.605599 -0.015252
v -0.017013 0.603411 -0.004420
v -0.017846 0.602350 0.002779
v -0.013034 0.599612 0.016804
v -0.014344 0.610656 0.018098
v -0.015309 0.621852 0.006198
v -0.016348 0.633999 0.006113
v -0.019561 0.616712 0.004501
v -0.021572 0.638764 0.004816
v -0.024615 0.603795 -0.005350
v -0.023255 0.652930 0.006484
v -0.027228 0.651938 -0.003116
v -0.023384 0.657290 0.001488
v -0.026870 0.655762 -0.005231
v -0.016854 0.631743 0.020599
v -0.012783 0.629237 0.016054
v -0.006960 0.620490 0.024553
v -0.020952 0.659988 0.000638
v -0.020771 0.662744 -0.006329
v 0.019893 0.689078 -0.034317
v 0.024138 0.696108 -0.037587
v 0.023653 0.689421 -0.033449
v -0.088996 0.453622 -0.146497
v -0.092543 0.445955 -0.144358
v -0.088986 0.451295 -0.140655
v -0.094260 0.441327 -0.139142
v -0.097003 0.441939 -0.142994
v -0.090555 0.444439 -0.140522
v -0.102184 0.434675 -0.146028
v -0.101455 0.436678 -0.140842
v -0.098224 0.440785 -0.146681
v -0.093203 0.446828 -0.148910
v -0.087607 0.447632 -0.156902
v -0.085171 0.455023 -0.151648
v -0.080635 0.454397 -0.155511
v -0.077162 0.444426 -0.163537
v -0.074718 0.452661 -0.158197
v -0.067904 0.450732 -0.156631
v -0.070703 0.441069 -0.163501
v -0.067658 0.437995 -0.160104
v -0.073332 0.434354 -0.167619
v -0.068630 0.432581 -0.162207
v -0.076279 0.428861 -0.171376
v -0.072201 0.426093 -0.167750
v -0.077979 0.421023 -0.174538
v -0.097900 0.440115 -0.151940
v -0.067197 0.435231 -0.156212
v -0.062228 0.447887 -0.146794
v -0.065372 0.446622 -0.141082
v -0.101510 0.428582 -0.148255
v -0.103355 0.431202 -0.145422
v -0.101312 0.432348 -0.148760
v -0.101536 0.432072 -0.153517
v -0.096472 0.439343 -0.158460
v -0.091027 0.438980 -0.163307
v -0.080844 0.436870 -0.167854
v -0.084727 0.431100 -0.170489
v -0.102740 0.429869 -0.161021
v -0.098002 0.431589 -0.164495
v -0.093060 0.432306 -0.167127
v -0.095268 0.425078 -0.170895
v -0.099173 0.425733 -0.168646
v -0.103993 0.425782 -0.164331
v -0.104707 0.421382 -0.159963
v -0.100578 0.424424 -0.154025
v -0.098954 0.426848 -0.149051
v -0.096584 0.425067 -0.148036
v -0.097843 0.424332 -0.147165
v -0.101768 0.427020 -0.147534
v -0.102799 0.424466 -0.147753
v -0.105617 0.425947 -0.144966
v -0.107073 0.422280 -0.145015
v -0.107413 0.422428 -0.140580
v -0.104885 0.423150 -0.165483
v -0.106149 0.418614 -0.161008
v -0.107647 0.414470 -0.165030
v -0.107507 0.415916 -0.160111
v -0.100685 0.422578 -0.169051
v -0.098245 0.419955 -0.168482
v -0.098413 0.418130 -0.168993
v -0.090065 0.424209 -0.173114
v -0.093836 0.420796 -0.172446
v -0.097617 0.421357 -0.170190
v -0.097539 0.415374 -0.165184
v -0.096138 0.415474 -0.165859
v -0.099901 0.413157 -0.168354
v -0.104135 0.413865 -0.168252
v -0.107800 0.413012 -0.163700
v -0.107690 0.414195 -0.157275
v -0.107993 0.411066 -0.161032
v -0.107702 0.410944 -0.154086
v -0.107905 0.407915 -0.158373
v -0.107802 0.408742 -0.152101
v -0.104331 0.410963 -0.166209
v -0.104482 0.408990 -0.163192
v -0.104263 0.406413 -0.160671
v -0.107733 0.405592 -0.156473
v -0.104434 0.404152 -0.158445
v -0.107500 0.403250 -0.153384
v -0.104113 0.401897 -0.155140
v -0.106775 0.400841 -0.150500
v -0.100412 0.404223 -0.158079
v -0.100405 0.406511 -0.160431
v -0.100110 0.409128 -0.163388
v -0.107695 0.405566 -0.149860
v -0.105426 0.402271 -0.146785
v -0.104123 0.399354 -0.151563
v -0.100490 0.402102 -0.154996
v -0.097891 0.405755 -0.154795
v -0.097756 0.408049 -0.156952
v -0.097339 0.410996 -0.160014
v -0.100066 0.411096 -0.166334
v -0.099945 0.401181 -0.148008
v -0.100552 0.399617 -0.151615
v -0.098194 0.403551 -0.152243
v -0.099164 0.406330 -0.148255
v -0.097277 0.412324 -0.164620
v -0.082851 0.450105 -0.134683
v -0.081028 0.437551 -0.140423
v -0.075984 0.447304 -0.134128
v -0.086729 0.441791 -0.139124
v -0.092871 0.415595 -0.159872
v -0.095606 0.415214 -0.160518
v -0.089198 0.413660 -0.162943
v -0.088669 0.414734 -0.162042
v -0.091410 0.417806 -0.156688
v -0.087671 0.418060 -0.159514
v -0.092315 0.421010 -0.153748
v -0.083087 0.420755 -0.156467
v -0.091001 0.423107 -0.149451
v -0.083257 0.424683 -0.149213
v -0.088530 0.425656 -0.142664
v -0.082530 0.428563 -0.143626
v -0.088002 0.433146 -0.138144
v -0.090112 0.438192 -0.137688
v -0.096695 0.417968 -0.156175
v -0.095427 0.416066 -0.160810
v -0.102014 0.419159 -0.157011
v -0.102361 0.416531 -0.157531
v -0.098882 0.416700 -0.157240
v -0.095713 0.415550 -0.159478
v -0.099076 0.416640 -0.164054
v -0.096222 0.413039 -0.159495
v -0.099886 0.412289 -0.162154
v -0.096611 0.413244 -0.155081
v -0.100275 0.411543 -0.157987
v -0.097164 0.409848 -0.151975
v -0.100275 0.407327 -0.154101
v -0.097070 0.408170 -0.148778
v -0.100379 0.404853 -0.151360
v -0.097043 0.405762 -0.145941
v -0.096413 0.414370 -0.160579
v -0.092452 0.400652 -0.145816
v -0.097731 0.401595 -0.144820
v -0.099994 0.403709 -0.148856
v -0.099107 0.399212 -0.147579
v -0.096220 0.397882 -0.148444
v -0.093213 0.398235 -0.148198
v -0.091837 0.404625 -0.146784
v -0.091784 0.407214 -0.149689
v -0.091894 0.408924 -0.152690
v -0.091338 0.411990 -0.155900
v -0.090667 0.412075 -0.160718
v -0.088281 0.414617 -0.162811
v -0.089607 0.414389 -0.168152
v -0.088330 0.414119 -0.167702
v -0.089756 0.410377 -0.165369
v -0.090092 0.408716 -0.159380
v -0.090291 0.405608 -0.155490
v -0.090405 0.403164 -0.152784
v -0.090862 0.401326 -0.150425
v -0.074200 0.419438 -0.171268
v -0.071538 0.422558 -0.164153
v -0.073938 0.417882 -0.165517
v -0.076658 0.420832 -0.159086
v -0.078535 0.416643 -0.162670
v -0.082916 0.416832 -0.160191
v -0.085545 0.415382 -0.161335
v -0.088571 0.414724 -0.163246
v -0.091870 0.415899 -0.166125
v -0.088353 0.413971 -0.161525
v -0.092408 0.413112 -0.163738
v -0.088490 0.414575 -0.156949
v -0.092246 0.412502 -0.159231
v -0.088689 0.412097 -0.154056
v -0.075693 0.427796 -0.149060
v -0.084414 0.408791 -0.148329
v -0.088883 0.410747 -0.151021
v -0.089077 0.409647 -0.148035
v -0.084018 0.409543 -0.151588
v -0.084007 0.411115 -0.154708
v -0.083963 0.413417 -0.157444
v -0.083436 0.413480 -0.162181
v -0.082375 0.414423 -0.164756
v -0.081849 0.415838 -0.164083
v -0.092452 0.409758 -0.156042
v -0.092582 0.408091 -0.152647
v -0.092129 0.407168 -0.149633
v -0.085253 0.405430 -0.145618
v -0.089488 0.405844 -0.145381
v -0.091049 0.403123 -0.147363
v -0.087925 0.401793 -0.147746
v -0.085069 0.402271 -0.147777
v -0.082825 0.405036 -0.150691
v -0.082828 0.405967 -0.153761
v -0.082601 0.407608 -0.157054
v -0.082187 0.410212 -0.160361
v -0.082030 0.411087 -0.166643
v -0.081393 0.413948 -0.169182
v -0.082746 0.413688 -0.169099
v -0.082264 0.414460 -0.164664
v -0.076604 0.414127 -0.165223
v -0.075270 0.413223 -0.169977
v -0.074623 0.415863 -0.170956
v -0.076754 0.416484 -0.173986
v -0.079895 0.417059 -0.175258
v -0.084727 0.424699 -0.175859
v -0.081522 0.405429 -0.158315
v -0.081451 0.405876 -0.161388
v -0.077611 0.406229 -0.161197
v -0.077520 0.406080 -0.157839
v -0.075912 0.410085 -0.157155
v -0.075736 0.410493 -0.161314
v -0.077507 0.408673 -0.168785
v -0.075599 0.410425 -0.169508
v -0.077516 0.410040 -0.172553
v -0.081182 0.410173 -0.171112
v -0.081451 0.408383 -0.169686
v -0.084902 0.410135 -0.167811
v -0.084581 0.410882 -0.169187
v -0.084766 0.407923 -0.159338
v -0.084720 0.407136 -0.157674
v -0.083838 0.405824 -0.153687
v -0.081086 0.404852 -0.153741
v -0.078087 0.405320 -0.153973
v -0.076124 0.408436 -0.153955
v -0.076531 0.407490 -0.151840
v -0.078714 0.405243 -0.149350
v -0.081256 0.405170 -0.149260
v -0.083716 0.405910 -0.149357
v -0.082934 0.409050 -0.147567
v -0.085366 0.408861 -0.151551
v -0.085510 0.409592 -0.153900
v -0.085206 0.411399 -0.156828
v -0.085199 0.412237 -0.160341
v -0.084984 0.412952 -0.164846
v -0.084669 0.414816 -0.167543
v -0.083447 0.417089 -0.174171
v -0.083775 0.417087 -0.174207
v -0.090771 0.418196 -0.171961
v -0.090131 0.419558 -0.172996
v -0.086670 0.418894 -0.174461
v -0.083952 0.414461 -0.173480
v -0.084156 0.410555 -0.170040
v -0.084186 0.408615 -0.165309
v -0.084630 0.405061 -0.160279
v -0.084572 0.404272 -0.158265
v -0.085029 0.401960 -0.152268
v -0.088615 0.403214 -0.158680
v -0.088784 0.404667 -0.161264
v -0.088737 0.408037 -0.165854
v -0.088632 0.410653 -0.171214
v -0.088532 0.401424 -0.152476
v -0.092092 0.403390 -0.151560
v -0.092211 0.405377 -0.157733
v -0.092198 0.406292 -0.159474
v -0.091792 0.409647 -0.164459
v -0.091988 0.411354 -0.168786
v -0.090589 0.415693 -0.171834
v -0.092167 0.410253 -0.169152
v -0.096376 0.410908 -0.169896
v -0.096270 0.408078 -0.166390
v -0.100019 0.409749 -0.164816
v -0.100096 0.404870 -0.158042
v -0.100275 0.403688 -0.156219
v -0.100071 0.402045 -0.153436
v -0.096738 0.399857 -0.154839
v -0.099872 0.400924 -0.151183
v -0.096543 0.399141 -0.152322
v -0.093129 0.399125 -0.152223
v -0.092533 0.400320 -0.154659
v -0.096607 0.401464 -0.157792
v -0.092225 0.402251 -0.157398
v -0.092235 0.403473 -0.159181
v -0.096536 0.403079 -0.159997
v -0.092281 0.408436 -0.166453
v -0.073028 0.434695 -0.147269
v -0.070703 0.428247 -0.153759
v -0.069953 0.434352 -0.151674
v -0.069008 0.430035 -0.157822
v -0.078886 0.428296 -0.145945
v -0.076760 0.435702 -0.143459
v -0.070613 0.446671 -0.136698
v -0.099891 0.411683 -0.167335
v -0.109115 0.412003 -0.142412
v -0.105450 0.415321 -0.146715
v -0.107604 0.412238 -0.144711
v -0.101452 0.413388 -0.144599
v -0.109716 0.412777 -0.140030
v -0.108527 0.417320 -0.144024
v -0.104033 0.420312 -0.147885
v -0.100558 0.418501 -0.147355
v -0.108273 0.412066 -0.138187
v -0.108929 0.417818 -0.140212
v -0.099041 0.422605 -0.147015
v -0.106918 0.417017 -0.137423
v -0.105102 0.410666 -0.137573
v -0.103165 0.410166 -0.141290
v -0.099719 0.413093 -0.140663
v -0.097575 0.417720 -0.139338
v -0.100901 0.419439 -0.136196
v -0.100067 0.423119 -0.135778
v -0.103848 0.424804 -0.136517
v -0.102206 0.428085 -0.136279
v -0.105141 0.429187 -0.140238
v -0.103775 0.432781 -0.140669
v -0.104249 0.428608 -0.144776
v -0.106649 0.426066 -0.140635
v -0.104872 0.421187 -0.137280
v -0.103109 0.414815 -0.136176
v -0.100508 0.432546 -0.136550
v -0.098193 0.435965 -0.137156
v -0.096167 0.430417 -0.135550
v -0.094523 0.434001 -0.135904
v -0.093507 0.427627 -0.137818
v -0.090992 0.430147 -0.137977
v -0.094834 0.424341 -0.138548
v -0.094574 0.423388 -0.143096
v -0.092893 0.425160 -0.143095
v -0.097971 0.426091 -0.135578
v -0.096310 0.421433 -0.138715
v -0.095982 0.421119 -0.143688
v -0.097630 0.417340 -0.143821
v -0.078751 0.408456 -0.147746
v -0.077736 0.411179 -0.149924
v -0.082470 0.412241 -0.149683
v -0.082322 0.413482 -0.152216
v -0.077349 0.412395 -0.152614
v -0.082228 0.414147 -0.155421
v -0.077489 0.413108 -0.155601
v -0.082034 0.414516 -0.158474
v -0.077123 0.412131 -0.160423
v -0.081695 0.414384 -0.162591
v -0.076809 0.412821 -0.164152
v -0.098912 0.409474 -0.151064
v -0.103813 0.410758 -0.150138
v -0.103533 0.412711 -0.152326
v -0.098739 0.411196 -0.153578
v -0.103508 0.415542 -0.154586
v -0.098633 0.414163 -0.155995
v -0.103791 0.418469 -0.157326
v -0.097611 0.412930 -0.159862
v -0.104187 0.407602 -0.147241
v 0.030980 0.582531 0.254553
v 0.032527 0.580890 0.255316
v 0.039017 0.589933 0.252043
v 0.041499 0.584058 0.251543
v 0.047299 0.600767 0.236885
v 0.046533 0.596143 0.236498
v 0.043202 0.590570 0.232635
v 0.039183 0.592212 0.235942
v 0.046565 0.588001 0.237174
v 0.039640 0.588066 0.248104
v 0.043376 0.593255 0.249751
v 0.048147 0.590919 0.237766
v 0.068223 0.575666 0.253023
v 0.067408 0.568659 0.252010
v 0.078859 0.576815 0.250232
v 0.047975 0.583532 0.248463
v 0.051043 0.589596 0.242316
v 0.051047 0.563572 0.277203
v 0.054569 0.565698 0.261644
v 0.025861 0.576444 0.260828
v 0.017934 0.568330 0.259910
v 0.021146 0.576268 0.270493
v 0.026403 0.573498 0.252516
v 0.057304 0.590951 0.244435
v 0.047927 0.588870 0.251974
v 0.035879 0.582188 0.257143
v 0.025955 0.587757 0.258066
v 0.048911 0.595999 0.227958
v 0.055993 0.591166 0.231363
v 0.041864 0.591305 0.227397
v 0.049947 0.585002 0.229493
v 0.070880 0.539449 0.271654
v 0.070869 0.544647 0.283225
v 0.061058 0.540099 0.293577
v 0.053768 0.524788 0.274968
v 0.051429 0.529444 0.289162
v 0.046265 0.589794 0.254547
v 0.064264 0.597335 0.228330
v 0.104480 0.561315 0.251116
v 0.104434 0.555343 0.237330
v 0.058083 0.587946 0.220649
v 0.094068 0.544479 0.235560
v 0.085521 0.541197 0.245247
v 0.063101 0.530242 0.267170
v 0.094102 0.555998 0.260506
v 0.087624 0.551021 0.254718
v 0.099711 0.560798 0.250540
v 0.026124 0.582226 0.249335
v 0.022272 0.581344 0.255724
v 0.088217 0.545889 0.241415
v 0.100158 0.554555 0.239359
v 0.066741 0.539895 0.273782
v 0.053329 0.532659 0.286670
v 0.057837 0.531045 0.271122
v 0.064664 0.543986 0.284934
v 0.031610 0.580694 0.251797
v 0.049694 0.589278 0.238528
v 0.045356 0.586138 0.247614
v 0.030243 0.584442 0.269635
v 0.037721 0.581383 0.263585
v 0.043784 0.581484 0.252561
v 0.028518 0.587788 0.247460
v 0.054932 0.561389 0.263073
v 0.048832 0.553462 0.260940
v 0.044532 0.587211 0.255295
v 0.045923 0.585659 0.247660
v 0.068365 0.563005 0.241840
v 0.065195 0.571466 0.249734
v 0.060669 0.599308 0.239883
v 0.021010 0.581116 0.247789
v 0.018741 0.583829 0.258165
v 0.062612 0.570126 0.261438
v 0.041940 0.583713 0.251555
v 0.061572 0.570148 0.264932
v 0.062614 0.566663 0.255309
v 0.086108 0.546890 0.256763
v 0.053640 0.567386 0.257324
v 0.055547 0.576380 0.263766
v 0.061917 0.575461 0.253382
v -0.149187 0.311332 -0.201826
v -0.148244 0.312216 -0.202032
v -0.149076 0.312207 -0.201728
v -0.143776 0.320428 -0.210220
v -0.140817 0.329522 -0.205680
v -0.140009 0.317730 -0.207197
v -0.137107 0.326850 -0.202676
v -0.139393 0.315382 -0.202852
v -0.136492 0.324500 -0.198333
v -0.142047 0.314014 -0.198404
v -0.139142 0.323144 -0.193879
v -0.146785 0.314170 -0.195667
v -0.143882 0.323292 -0.191146
v -0.151953 0.315950 -0.195951
v -0.149047 0.325080 -0.191426
v -0.142555 0.313639 -0.208595
v -0.140713 0.318936 -0.206063
v -0.142055 0.311728 -0.205061
v -0.144035 0.321270 -0.208639
v -0.143998 0.321389 -0.208580
v -0.145805 0.315914 -0.211110
v -0.124235 0.372382 -0.179369
v -0.140675 0.319055 -0.206003
v -0.127176 0.374588 -0.181864
v -0.140197 0.316967 -0.202423
v -0.144399 0.310535 -0.201172
v -0.142587 0.315750 -0.198431
v -0.140158 0.317088 -0.202363
v -0.142548 0.315869 -0.198372
v -0.123668 0.370384 -0.175970
v -0.125737 0.369142 -0.172137
v -0.131201 0.375949 -0.182086
v -0.148193 0.322816 -0.208765
v -0.135016 0.376120 -0.179924
v -0.153799 0.317471 -0.209125
v -0.152230 0.322871 -0.206607
v -0.149893 0.317313 -0.211293
v -0.148230 0.322697 -0.208824
v -0.152192 0.322990 -0.206548
v -0.145330 0.308514 -0.216805
v -0.124133 0.341760 -0.201986
v -0.139221 0.307370 -0.218464
v -0.134168 0.343806 -0.199622
v -0.122317 0.334860 -0.189223
v -0.132167 0.336675 -0.186512
v -0.143455 0.301413 -0.203672
v -0.137346 0.300260 -0.205325
v -0.141393 0.323606 -0.195829
v -0.125677 0.368611 -0.171304
v -0.126638 0.369900 -0.172779
v -0.140155 0.322669 -0.194247
v -0.124686 0.369473 -0.173198
v -0.139410 0.323154 -0.196175
v -0.123147 0.369474 -0.174670
v -0.137799 0.323580 -0.197595
v -0.125112 0.370425 -0.174817
v -0.139878 0.324144 -0.197906
v -0.139480 0.325036 -0.199955
v -0.122595 0.370310 -0.176720
v -0.124717 0.371310 -0.176868
v -0.137258 0.324403 -0.199600
v -0.123041 0.372109 -0.180055
v -0.138028 0.325254 -0.201321
v -0.137711 0.326218 -0.202971
v -0.123413 0.371572 -0.178192
v -0.124972 0.372371 -0.178864
v -0.139731 0.326112 -0.201941
v -0.126065 0.374280 -0.181997
v -0.125967 0.373343 -0.180182
v -0.124261 0.373261 -0.181595
v -0.127991 0.374581 -0.181378
v -0.140832 0.327991 -0.205069
v -0.142750 0.328345 -0.204488
v -0.141820 0.329210 -0.206371
v -0.140742 0.327079 -0.203257
v -0.138778 0.327332 -0.204533
v -0.127355 0.375153 -0.183422
v -0.145050 0.328865 -0.204422
v -0.129772 0.376063 -0.183708
v -0.130130 0.375364 -0.181589
v -0.144447 0.329982 -0.206557
v -0.133699 0.376834 -0.182742
v -0.146477 0.329859 -0.205560
v -0.148490 0.330755 -0.205557
v -0.131681 0.376404 -0.182691
v -0.132705 0.375868 -0.180951
v -0.147430 0.329485 -0.203717
v -0.148967 0.329352 -0.202554
v -0.135482 0.376680 -0.181292
v -0.134219 0.375675 -0.179579
v -0.150092 0.330646 -0.203959
v -0.136187 0.376138 -0.179240
v -0.150940 0.329810 -0.202209
v -0.137845 0.375799 -0.177990
v -0.152577 0.329764 -0.200583
v -0.135781 0.375143 -0.177509
v -0.150477 0.328793 -0.200488
v -0.150939 0.328011 -0.198566
v -0.138188 0.375035 -0.175737
v -0.136149 0.374309 -0.175595
v -0.153163 0.328925 -0.198511
v -0.137875 0.373044 -0.172431
v -0.152330 0.327733 -0.197183
v -0.152686 0.327140 -0.195213
v -0.137438 0.374205 -0.174314
v -0.135913 0.373372 -0.173667
v -0.150635 0.326853 -0.196424
v -0.149663 0.324969 -0.193271
v -0.147736 0.324668 -0.193892
v -0.148374 0.324097 -0.191845
v -0.149761 0.325904 -0.195088
v -0.151468 0.325986 -0.193674
v -0.133788 0.370134 -0.169171
v -0.133011 0.371057 -0.171047
v -0.134800 0.371360 -0.170468
v -0.136854 0.372016 -0.170997
v -0.135036 0.372295 -0.172245
v -0.129686 0.369239 -0.169523
v -0.131088 0.370275 -0.170684
v -0.131730 0.369245 -0.168695
v -0.128691 0.369807 -0.171278
v -0.127636 0.368445 -0.169709
v -0.144570 0.322764 -0.192394
v -0.143429 0.323277 -0.194165
v -0.142430 0.322312 -0.192380
v -0.146003 0.323781 -0.193527
v -0.146354 0.323078 -0.191402
v -0.150745 0.317472 -0.196346
v -0.150783 0.317354 -0.196405
v -0.146409 0.316017 -0.196193
v -0.146447 0.315898 -0.196252
v -0.152386 0.312100 -0.199193
v -0.148159 0.310679 -0.199050
v -0.129510 0.369286 -0.170002
v -0.133753 0.370707 -0.170155
v -0.147881 0.312300 -0.202263
v -0.151559 0.313313 -0.202817
v -0.155504 0.314358 -0.201742
v -0.152089 0.315272 -0.206393
v -0.156002 0.316260 -0.205262
v -0.150054 0.315801 -0.208596
v -0.149817 0.315710 -0.209054
v -0.148445 0.315561 -0.209198
v -0.145837 0.314043 -0.207920
v -0.145347 0.312113 -0.204345
v -0.147634 0.311839 -0.201845
v -0.123343 0.373730 -0.185280
v -0.122361 0.370160 -0.178960
v -0.129514 0.374752 -0.183849
v -0.128618 0.371159 -0.177531
v -0.140912 0.375907 -0.179217
v -0.127633 0.367587 -0.170603
v -0.140264 0.373436 -0.174647
v -0.139531 0.370649 -0.169495
v -0.147925 0.317951 -0.203260
v -0.155643 0.318558 -0.198828
v -0.156260 0.320907 -0.203173
v -0.153557 0.322368 -0.207814
v -0.148723 0.321317 -0.209036
v -0.130279 0.336313 -0.199615
v -0.129782 0.334575 -0.196691
v -0.134126 0.337077 -0.198653
v -0.133836 0.335385 -0.195677
v -0.129379 0.332880 -0.193267
v -0.133227 0.333647 -0.192310
v -0.112521 0.388619 -0.165332
v -0.113394 0.391736 -0.168097
v -0.113632 0.389421 -0.165070
v -0.114501 0.392734 -0.171197
v -0.113439 0.392145 -0.171847
v -0.113622 0.391567 -0.175568
v -0.113018 0.388064 -0.170124
v -0.111910 0.385341 -0.163945
v -0.109329 0.388563 -0.166157
v -0.110048 0.391081 -0.168936
v -0.110607 0.388136 -0.165587
v -0.109710 0.392643 -0.175207
v -0.108626 0.389770 -0.169842
v -0.110012 0.391216 -0.173836
v -0.109360 0.389211 -0.170046
v -0.108871 0.386934 -0.165901
v -0.112601 0.388000 -0.170263
v -0.113296 0.391664 -0.175441
v -0.108131 0.386625 -0.164080
v -0.111599 0.391935 -0.172637
v -0.111723 0.385522 -0.163986
v -0.149028 0.311367 -0.203070
v -0.149014 0.313712 -0.205111
v -0.149083 0.312352 -0.203301
v -0.149866 0.312478 -0.202706
v -0.147667 0.312814 -0.204945
v -0.148388 0.313958 -0.206898
v -0.150696 0.314103 -0.207539
v -0.149568 0.314787 -0.208986
v -0.149427 0.315126 -0.208774
v -0.149498 0.315107 -0.209421
v -0.151102 0.315124 -0.207360
v -0.151897 0.312630 -0.203041
v -0.152447 0.314640 -0.206737
v -0.149349 0.312469 -0.204962
v -0.149506 0.313278 -0.206591
v -0.147717 0.310941 -0.202431
v -0.145424 0.311382 -0.204660
v -0.145933 0.313366 -0.208340
v -0.148760 0.314842 -0.209633
v -0.153976 0.319665 -0.199019
v -0.137095 0.374805 -0.176265
v -0.154452 0.321745 -0.202583
v -0.154490 0.321625 -0.202643
v -0.153938 0.319785 -0.198960
v -0.136598 0.372918 -0.172774
v -0.152741 0.327677 -0.194309
v -0.153358 0.330027 -0.198652
v -0.150714 0.331454 -0.203261
v -0.146004 0.331231 -0.205868
v -0.133143 0.373017 -0.174498
v -0.131916 0.372054 -0.173342
v -0.130324 0.372948 -0.176168
v -0.127475 0.372753 -0.177604
v -0.127239 0.371863 -0.175960
v -0.128796 0.373613 -0.178490
v -0.130691 0.374344 -0.178750
v -0.132513 0.374339 -0.177570
v -0.133375 0.373906 -0.176142
v -0.129907 0.371360 -0.173232
v -0.128194 0.371326 -0.174264
v -0.144859 0.327586 -0.198484
v -0.110191 0.391859 -0.172266
v -0.112208 0.408427 -0.161506
v -0.103430 0.400123 -0.165627
v -0.111722 0.406671 -0.158301
v -0.123051 0.426373 -0.155716
v -0.114520 0.422213 -0.160710
v -0.120195 0.404407 -0.169534
v -0.119237 0.438376 -0.149756
v -0.109774 0.437128 -0.153317
v -0.113760 0.455481 -0.141195
v -0.106352 0.447883 -0.147986
v -0.105618 0.458682 -0.141532
v -0.101782 0.462947 -0.140118
v -0.131637 0.405814 -0.164971
v -0.113925 0.403075 -0.170867
v -0.108258 0.420881 -0.162042
v -0.103512 0.435796 -0.154649
v -0.100089 0.446551 -0.149319
v -0.095376 0.461614 -0.141720
v -0.140844 0.376408 -0.179462
v -0.122378 0.410444 -0.144942
v -0.122945 0.412604 -0.148936
v -0.129131 0.393167 -0.158570
v -0.128564 0.391007 -0.154576
v -0.112505 0.408514 -0.147387
v -0.118690 0.389077 -0.157020
v -0.119257 0.391237 -0.161015
v -0.113071 0.410674 -0.151381
v -0.135451 0.366858 -0.160503
v -0.117215 0.387074 -0.152317
v -0.128365 0.389254 -0.149556
v -0.124320 0.364744 -0.163388
v -0.114566 0.389011 -0.161860
v -0.114337 0.387789 -0.162556
v -0.107512 0.387694 -0.163547
v -0.114317 0.389779 -0.161471
v -0.107308 0.388342 -0.163220
v -0.113470 0.390934 -0.160980
v -0.107062 0.389621 -0.162613
v -0.111941 0.391765 -0.160733
v -0.107794 0.390957 -0.161768
v -0.109952 0.392220 -0.160784
v -0.109434 0.392116 -0.160910
v -0.114490 0.388029 -0.164518
v -0.115918 0.393817 -0.173705
v -0.115625 0.392333 -0.172442
v -0.112774 0.399523 -0.164441
v -0.107107 0.417329 -0.155615
v -0.102361 0.432245 -0.148222
v -0.098939 0.442998 -0.142893
v -0.112018 0.395808 -0.157432
v -0.121462 0.366563 -0.172028
v -0.106352 0.413615 -0.148606
v -0.101605 0.428530 -0.141213
v -0.098183 0.439284 -0.135883
v -0.093496 0.454448 -0.128468
v -0.094336 0.458231 -0.135308
v -0.115148 0.390339 -0.168606
v -0.115442 0.391014 -0.168204
v -0.116147 0.395043 -0.173013
v -0.115589 0.392127 -0.167580
v -0.115901 0.395818 -0.172638
v -0.115330 0.392964 -0.167164
v -0.115051 0.396962 -0.172126
v -0.114424 0.394169 -0.166641
v -0.113526 0.397804 -0.171901
v -0.112831 0.395056 -0.166387
v -0.111016 0.398146 -0.172062
v -0.111533 0.398247 -0.171930
v -0.110758 0.395511 -0.166435
v -0.110151 0.395395 -0.166584
v -0.109377 0.396989 -0.172921
v -0.108443 0.394190 -0.167478
v -0.108641 0.395637 -0.173738
v -0.107683 0.392759 -0.168360
v -0.108897 0.394399 -0.174421
v -0.108114 0.390762 -0.169379
v -0.109100 0.393747 -0.174740
v -0.107899 0.391434 -0.169046
v -0.124431 0.393604 -0.167937
v -0.123031 0.395964 -0.164797
v -0.107593 0.393259 -0.170683
v -0.107205 0.396170 -0.167088
v -0.099344 0.397017 -0.169813
v -0.101367 0.398160 -0.167077
v -0.095785 0.405413 -0.165738
v -0.099440 0.403198 -0.164581
v -0.097182 0.407349 -0.164579
v -0.101816 0.413230 -0.160530
v -0.103855 0.408381 -0.160940
v -0.103827 0.434579 -0.154988
v -0.101980 0.427535 -0.141969
v -0.100437 0.427758 -0.156765
v -0.099050 0.422909 -0.147879
v -0.074869 0.436671 -0.155949
v -0.073558 0.431676 -0.146708
v -0.128812 0.373676 -0.178608
v -0.132530 0.374403 -0.177688
v -0.140245 0.373655 -0.174532
v -0.139352 0.370731 -0.168965
v -0.099892 0.455762 -0.126825
v -0.100913 0.459622 -0.133621
v -0.077951 0.417305 -0.167046
v -0.078446 0.421578 -0.165336
v -0.069290 0.420030 -0.166832
v -0.095263 0.416197 -0.164126
v -0.112428 0.406522 -0.168764
v -0.112836 0.408902 -0.168105
v -0.123928 0.391756 -0.164471
v -0.107097 0.391396 -0.167196
v -0.098870 0.395173 -0.166307
v -0.095346 0.403620 -0.162442
v -0.096723 0.405471 -0.161161
v -0.101361 0.411475 -0.157323
v -0.103605 0.409653 -0.157797
v -0.103694 0.451563 -0.128395
v -0.104839 0.455575 -0.135254
v -0.104088 0.411524 -0.161190
v -0.112114 0.449198 -0.129587
v -0.113086 0.452627 -0.135678
v -0.131106 0.403141 -0.159883
v -0.130123 0.400048 -0.154314
v -0.122472 0.423437 -0.150132
v -0.121374 0.420010 -0.143955
v -0.118656 0.435430 -0.144188
v -0.117563 0.432021 -0.138010
v -0.117398 0.409521 -0.146023
v -0.123643 0.389897 -0.155750
v -0.117992 0.411784 -0.150207
v -0.124237 0.392160 -0.159933
v -0.117800 0.387670 -0.154465
v -0.119226 0.392638 -0.163568
v -0.128372 0.389671 -0.151721
v -0.129680 0.394677 -0.160973
v -0.136461 0.373253 -0.171443
v -0.135167 0.368317 -0.162305
v -0.126021 0.371277 -0.174155
v -0.124597 0.366312 -0.165051
v -0.117553 0.388349 -0.154676
v -0.124659 0.366020 -0.165743
v -0.128685 0.390463 -0.151792
v -0.135791 0.368133 -0.162859
v -0.112543 0.414716 -0.146854
v -0.107796 0.429632 -0.139461
v -0.104374 0.440384 -0.134132
v -0.118224 0.396911 -0.155678
v -0.111010 0.401466 -0.154318
v -0.110444 0.399534 -0.155926
v -0.093899 0.411080 -0.154660
v -0.076648 0.415141 -0.153474
v -0.067541 0.414104 -0.155657
v -0.076379 0.411311 -0.155929
v -0.136288 0.374353 -0.175174
v -0.158980 0.317811 -0.193635
v -0.158761 0.315548 -0.193179
v -0.159798 0.317650 -0.192626
v -0.155431 0.317218 -0.193048
v -0.154194 0.317643 -0.194548
v -0.155327 0.314809 -0.196162
v -0.154181 0.315062 -0.197402
v -0.155132 0.318611 -0.197361
v -0.153719 0.318847 -0.198843
v -0.151703 0.318162 -0.197422
v -0.152353 0.318329 -0.198644
v -0.152740 0.315509 -0.198946
v -0.153053 0.317893 -0.195793
v -0.156414 0.318369 -0.196085
v -0.156530 0.314467 -0.194572
v -0.157306 0.317966 -0.192849
v -0.158789 0.319718 -0.188011
v -0.159288 0.320232 -0.189601
v -0.154822 0.320947 -0.190644
v -0.157956 0.321698 -0.190694
v -0.156988 0.321841 -0.191342
v -0.156110 0.324295 -0.189468
v -0.153334 0.325165 -0.192006
v -0.152367 0.321746 -0.192160
v -0.151092 0.322038 -0.193594
v -0.159347 0.316727 -0.188983
v -0.157108 0.323753 -0.188911
v -0.153510 0.321535 -0.190847
v -0.154490 0.322032 -0.193770
v -0.153352 0.322293 -0.195019
v -0.152174 0.325432 -0.193300
v -0.150638 0.325669 -0.195066
v -0.149718 0.322527 -0.195354
v -0.151700 0.322741 -0.196670
v -0.150784 0.323446 -0.195958
v -0.158625 0.328846 -0.206015
v -0.160442 0.329656 -0.203863
v -0.161582 0.327073 -0.206404
v -0.160629 0.329972 -0.207098
v -0.160809 0.325625 -0.205948
v -0.161800 0.323342 -0.207261
v -0.161047 0.322452 -0.207187
v -0.157333 0.323779 -0.207538
v -0.155747 0.323213 -0.206836
v -0.156986 0.323776 -0.204630
v -0.155350 0.323130 -0.204002
v -0.156286 0.319725 -0.205424
v -0.154437 0.319032 -0.204557
v -0.152474 0.321474 -0.205091
v -0.154272 0.322382 -0.206214
v -0.153644 0.322115 -0.203295
v -0.153349 0.321141 -0.203963
v -0.157899 0.320606 -0.206204
v -0.160073 0.325024 -0.205654
v -0.159630 0.325193 -0.208287
v -0.161445 0.327165 -0.207375
v -0.158632 0.331707 -0.205079
v -0.151777 0.326898 -0.201652
v -0.150706 0.328818 -0.201472
v -0.152818 0.326383 -0.200772
v -0.152655 0.329860 -0.202272
v -0.153447 0.326803 -0.203751
v -0.154913 0.327408 -0.204401
v -0.156073 0.327966 -0.202246
v -0.159231 0.329555 -0.203094
v -0.155516 0.331319 -0.203766
v -0.156299 0.328238 -0.205075
v -0.154083 0.330621 -0.202872
v -0.154683 0.327105 -0.201567
v -0.151336 0.326005 -0.202460
v -0.007468 0.573265 0.043548
v 0.012983 0.595728 0.035438
v -0.025992 0.573265 0.020153
v 0.036410 0.595894 0.065026
v 0.054790 0.602369 0.064872
v 0.020847 0.583958 0.062051
v -0.026041 0.565662 0.019431
v -0.006776 0.565662 0.043761
v 0.024185 0.579130 0.061567
v 0.039400 0.590291 0.065429
v 0.056441 0.596670 0.066910
v 0.077930 0.595512 0.038218
v 0.075452 0.601211 0.037283
v 0.074331 0.588447 0.015841
v 0.073009 0.592813 0.008960
v 0.063096 0.578491 -0.011562
v 0.065015 0.584165 -0.013843
v 0.043831 0.578491 -0.035894
v 0.046491 0.584165 -0.037238
v 0.019731 0.591561 -0.053117
v 0.023205 0.597710 -0.053940
v 0.048771 0.601045 0.003586
v 0.025802 0.601045 -0.025424
v -0.000882 0.604325 -0.059125
v -0.001224 0.598626 -0.061751
v -0.034079 0.598626 -0.047414
v -0.032473 0.604325 -0.045339
v -0.036546 0.593405 -0.030487
v -0.036839 0.599008 -0.027485
v -0.036275 0.583993 -0.014793
v -0.037512 0.588822 -0.011655
v -0.013409 0.595728 0.002107
v 0.033339 0.601045 0.028743
v -0.002224 0.601045 -0.016172
v 0.066740 0.590008 -0.002972
v 0.062672 0.608237 0.015646
v 0.111194 0.573156 0.037565
v 0.108266 0.613637 0.067420
v 0.029056 0.608237 0.042262
v 0.069696 0.619065 0.092431
v 0.010002 0.590008 0.041952
v 0.031002 0.584440 0.089567
v 0.048687 0.592439 0.097385
v 0.075151 0.614596 0.101375
v 0.113721 0.609169 0.076363
v 0.113811 0.583275 0.055154
v 0.009579 0.450719 0.044339
v 0.004824 0.450486 0.042448
v 0.043559 0.425002 0.064219
v -0.020077 0.282481 -0.123831
v -0.029730 0.332718 -0.106249
v 0.055860 0.281112 -0.098942
v 0.032011 0.328559 -0.089461
v 0.094976 0.267849 -0.047478
v 0.080167 0.322874 -0.032936
v 0.098994 0.268277 0.012652
v 0.090151 0.316800 0.029199
v 0.086328 0.268006 0.082839
v 0.074722 0.319535 0.086712
v 0.056291 0.268743 0.119968
v 0.054361 0.319633 0.107161
v 0.050683 0.268334 0.120995
v 0.048477 0.319222 0.107298
v 0.051844 0.364188 0.092752
v 0.045941 0.364440 0.092150
v 0.048700 0.424146 0.062262
v 0.038199 0.452151 0.036270
v -0.015212 0.364066 -0.097296
v 0.037342 0.351802 -0.087353
v 0.074074 0.373242 -0.027932
v 0.088790 0.352542 0.027902
v 0.072597 0.360191 0.074907
v -0.066219 0.278627 -0.112168
v -0.045765 0.331120 -0.102721
v -0.040634 0.370576 -0.091886
v -0.023517 0.423460 -0.067670
v 0.001168 0.417131 -0.073030
v 0.045684 0.421940 -0.067468
v 0.077806 0.422395 -0.028824
v 0.073778 0.421360 0.013444
v 0.060818 0.414762 0.038066
v 0.062084 0.453705 0.015242
v 0.062915 0.454314 -0.023318
v 0.038953 0.453799 -0.051773
v 0.006194 0.452184 -0.051850
v -0.017842 0.450943 -0.040388
v -0.020697 0.450683 -0.035860
v -0.027391 0.423944 -0.063096
v -0.044581 0.370988 -0.086479
v -0.060319 0.328951 -0.094691
v -0.070265 0.277082 -0.107371
vn 0.1105 0.9220 -0.3711
vn -0.2487 -0.4342 -0.8658
vn -0.2364 0.5986 -0.7654
vn -0.1022 -0.9391 -0.3281
vn -0.6600 0.5605 -0.5003
vn 0.1549 0.0191 0.9878
vn -0.1647 -0.9863 0.0113
vn 0.4954 -0.8497 0.1803
vn -0.2350 -0.3864 -0.8919
vn -0.1504 0.8888 -0.4330
vn 0.2178 -0.7836 0.5818
vn -0.0841 -0.9937 0.0738
vn -0.0498 -0.9912 -0.1224
vn 0.3084 -0.7469 0.5891
vn -0.0044 -0.9093 -0.4160
vn -0.8325 -0.3752 -0.4077
vn -0.0546 0.0141 -0.9984
vn 0.2106 -0.9541 -0.2127
vn -0.1026 -0.9906 -0.0909
vn 0.1281 -0.9626 0.2388
vn 0.0097 -0.9871 0.1596
vn 0.1559 -0.9339 0.3216
vn 0.8576 -0.4082 -0.3128
vn 0.8552 -0.5078 0.1036
vn 0.2125 -0.9390 -0.2705
vn 0.6727 -0.3776 -0.6364
vn 0.8006 -0.0008 -0.5992
vn 0.3847 -0.0220 -0.9228
vn -0.4877 0.3975 -0.7773
vn -0.0964 0.3734 -0.9227
vn -0.3914 0.4802 -0.7850
vn -0.0353 -0.0373 -0.9987
vn 0.3410 -0.2448 -0.9076
vn 0.5367 -0.6973 -0.4751
vn -0.6138 -0.7489 -0.2498
vn 0.0704 -0.9398 0.3344
vn 0.2523 -0.2376 -0.9380
vn -0.5053 -0.1973 -0.8401
vn -0.0795 0.4646 -0.8819
vn -0.0170 -0.9998 0.0086
vn -0.4595 0.4959 -0.7369
vn 0.3500 0.5541 -0.7553
vn 0.2694 0.8082 -0.5237
vn 0.2417 -0.4441 -0.8628
vn 0.5480 0.7046 -0.4508
vn -0.2593 -0.5104 -0.8199
vn -0.0596 0.7229 -0.6884
vn 0.6727 0.5487 -0.4964
vn 0.5892 -0.5054 -0.6304
vn 0.8456 0.2626 -0.4647
vn 0.3022 -0.6373 -0.7089
vn -0.2275 -0.5595 -0.7970
vn -0.5691 -0.6268 -0.5323
vn -0.6021 -0.6023 -0.5241
vn -0.1734 0.8959 -0.4090
vn 0.8319 0.5487 -0.0825
vn 0.8647 0.3649 -0.3450
vn 0.9098 0.2009 -0.3631
vn 0.0205 0.9997 -0.0092
vn 0.9118 0.4003 -0.0918
vn 0.7379 0.4024 -0.5419
vn 0.6716 0.6982 -0.2478
vn 0.7134 0.4605 -0.5281
vn 0.8788 0.3046 -0.3673
vn 0.8814 0.4663 -0.0750
vn 0.8053 0.5903 -0.0551
vn 0.8147 0.4451 0.3718
vn 0.7572 0.5541 0.3458
vn 0.8265 0.4165 0.3787
vn 0.3813 0.4165 -0.8253
vn 0.6470 0.5906 -0.4823
vn 0.3768 0.4451 -0.8124
vn 0.8953 0.2981 -0.3311
vn 0.9681 0.2487 -0.0293
vn 0.7711 0.4903 0.4063
vn 0.5429 0.3623 0.7576
vn 0.5133 0.4646 0.7215
vn 0.5468 0.3266 0.7709
vn -0.0863 0.3266 -0.9412
vn 0.3187 0.4921 -0.8101
vn -0.0806 0.3623 -0.9286
vn 0.7542 0.2484 -0.6078
vn 0.9263 0.1572 -0.3424
vn 0.9979 -0.0204 -0.0613
vn 0.9022 -0.0254 0.4305
vn 0.5271 0.3733 0.7634
vn 0.1353 0.3975 0.9076
vn 0.1305 0.4959 0.8585
vn 0.1388 0.3594 0.9228
vn 0.2133 0.4804 0.8507
vn 0.6176 -0.0876 0.7816
vn 0.1642 -0.1958 0.9668
vn -0.4950 0.3593 -0.7911
vn 0.7861 -0.4066 0.4656
vn 0.7428 -0.6070 0.2825
vn 0.5467 -0.3349 -0.7674
vn 0.1924 -0.2024 -0.9602
vn 0.6318 -0.5309 -0.5648
vn 0.6670 -0.2361 -0.7067
vn 0.6350 -0.2107 -0.7432
vn 0.8079 -0.2031 -0.5532
vn 0.5249 -0.6108 -0.5928
vn 0.6342 -0.6373 -0.4378
vn 0.5561 -0.7370 -0.3841
vn 0.7409 -0.6087 -0.2839
vn 0.7202 -0.6451 -0.2553
vn 0.7763 -0.6292 -0.0395
vn 0.7229 -0.6902 0.0321
vn 0.6708 -0.5489 0.4988
vn 0.6088 -0.6568 0.4450
vn 0.3181 -0.6067 0.7285
vn 0.3316 -0.6958 0.6371
vn 0.6227 0.1046 0.7754
vn 0.0576 0.1078 0.9925
vn 0.6559 -0.5448 -0.5225
vn 0.6234 -0.4437 -0.6439
vn 0.4532 -0.2691 -0.8498
vn 0.9500 -0.3085 0.0488
vn 0.8829 -0.3238 0.3401
vn 0.8283 -0.3071 0.4686
vn 0.8836 -0.4220 -0.2029
vn 0.8991 -0.4341 -0.0562
vn 0.6123 -0.6535 -0.4450
vn 0.8950 -0.2580 -0.3639
vn 0.8168 -0.2275 -0.5302
vn 0.9279 -0.2004 -0.3143
vn 0.9441 0.1725 -0.2809
vn 0.9805 0.1956 0.0200
vn 0.9103 0.3937 -0.1278
vn 0.9687 0.2454 0.0363
vn 0.9625 0.0129 0.2711
vn 0.8161 -0.1596 0.5555
vn 0.4761 0.7290 -0.4919
vn 0.6802 0.6474 -0.3437
vn 0.3642 0.8857 -0.2879
vn 0.5854 0.6751 -0.4490
vn 0.5222 0.6130 -0.5929
vn 0.4847 0.8237 -0.2942
vn 0.6428 -0.5643 -0.5180
vn 0.7940 -0.3429 -0.5020
vn 0.9935 -0.0584 -0.0977
vn 0.8444 0.5158 -0.1445
vn 0.7849 0.4418 -0.4344
vn 0.7103 0.3940 -0.5833
vn 0.5625 0.4931 -0.6637
vn 0.2761 0.3631 -0.8899
vn 0.1547 0.3508 -0.9236
vn 0.8778 0.1850 0.4419
vn 0.9701 0.1902 -0.1509
vn 0.3123 -0.3306 -0.8906
vn -0.1247 -0.2875 -0.9496
vn -0.4304 -0.1886 -0.8827
vn -0.0170 0.0091 -0.9998
vn 0.2345 0.1838 -0.9546
vn 0.3386 0.3971 -0.8530
vn 0.2758 0.3583 -0.8919
vn 0.0170 -0.3451 -0.9384
vn 0.7373 0.6702 0.0847
vn -0.0278 0.9874 -0.1557
vn 0.2060 0.9218 -0.3283
vn 0.8336 0.5481 -0.0690
vn 0.9106 0.3782 0.1667
vn 0.8979 0.4391 -0.0294
vn 0.6837 0.7144 0.1490
vn 0.6433 0.7654 -0.0173
vn 0.7879 0.5445 -0.2875
vn 0.8100 0.3595 -0.4633
vn 0.6382 0.2361 -0.7328
vn 0.6164 0.7732 -0.1492
vn 0.3851 0.8606 -0.3333
vn 0.5883 0.7287 -0.3505
vn 0.3300 0.8277 -0.4539
vn 0.5692 0.7522 0.3319
vn -0.4860 0.8405 -0.2394
vn 0.8615 0.2687 0.4308
vn 0.6711 0.6487 0.3588
vn -0.1189 0.9853 0.1229
vn 0.5262 0.8212 -0.2207
vn 0.5458 0.6020 -0.5828
vn 0.2071 0.0570 -0.9767
vn -0.2585 0.0944 -0.9614
vn -0.6399 -0.0957 -0.7625
vn 0.6814 0.7318 0.0135
vn -0.6148 0.1287 0.7781
vn -0.2565 0.5813 0.7722
vn -0.7089 0.5891 0.3878
vn -0.8742 0.4519 0.1777
vn -0.8529 0.5192 -0.0549
vn -0.7692 0.5899 -0.2456
vn -0.6646 0.6512 -0.3664
vn -0.4691 0.7366 -0.4872
vn -0.1896 0.8210 -0.5385
vn -0.2749 0.5304 -0.8019
vn -0.6187 0.4216 -0.6629
vn -0.8232 0.2885 -0.4889
vn -0.9219 0.2150 -0.3222
vn -0.9922 0.1072 -0.0641
vn -0.8352 -0.3798 -0.3978
vn -0.7915 -0.4550 -0.4080
vn 0.1598 0.5895 -0.7918
vn 0.2986 0.8622 -0.4093
vn 0.0273 0.9153 -0.4019
vn 0.5185 0.1697 0.8381
vn 0.4841 -0.1735 0.8576
vn -0.9364 -0.2753 -0.2175
vn 0.0596 0.9536 0.2952
vn -0.1746 0.4172 0.8919
vn -0.1588 -0.3512 0.9227
vn -0.5208 0.5651 0.6399
vn -0.6557 0.6850 0.3175
vn -0.7767 0.6014 -0.1874
vn -0.8409 0.4428 0.3110
vn 0.1492 0.0076 0.9888
vn 0.5312 0.2867 0.7972
vn 0.3471 -0.9095 -0.2289
vn -0.5583 0.7677 0.3146
vn 0.3995 0.2355 0.8860
vn 0.3601 0.1105 0.9264
vn -0.0386 -0.9608 -0.2744
vn -0.6564 0.6561 0.3723
vn -0.1661 -0.6964 0.6982
vn 0.6321 0.1097 0.7671
vn -0.4498 -0.5876 0.6726
vn 0.1410 0.4764 0.8678
vn -0.7920 -0.2453 0.5591
vn -0.6410 0.7083 0.2958
vn -0.8378 0.5365 0.1015
vn -0.8819 -0.3796 0.2796
vn -0.4895 0.7957 -0.3567
vn -0.6700 -0.4834 0.5634
vn -0.7470 0.5592 -0.3596
vn -0.7718 0.6304 0.0831
vn -0.7054 0.5136 -0.4885
vn -0.7994 0.4621 -0.3839
vn -0.9424 0.2276 0.2452
vn -0.8623 0.4972 0.0960
vn -0.8137 0.4299 -0.3912
vn -0.7905 -0.3308 0.5154
vn -0.7225 -0.3371 0.6036
vn -0.9824 -0.1726 -0.0713
vn -0.8162 -0.3615 0.4508
vn -0.9262 -0.3315 -0.1795
vn -0.7551 -0.4701 0.4570
vn -0.5664 -0.7712 0.2907
vn -0.7685 -0.6323 -0.0984
vn -0.6267 -0.7589 -0.1771
vn -0.6683 -0.6125 0.4221
vn -0.0493 -0.7470 0.6630
vn -0.4762 -0.8046 0.3546
vn -0.7672 -0.4932 0.4101
vn -0.7866 -0.3073 0.5356
vn -0.7599 -0.4053 0.5082
vn -0.7443 -0.4510 0.4926
vn -0.7577 -0.2224 0.6135
vn -0.7771 -0.0998 0.6214
vn -0.6857 -0.3469 0.6399
vn -0.7467 -0.3483 0.5666
vn -0.0309 -0.2325 0.9721
vn -0.7193 -0.3303 0.6112
vn -0.2456 -0.3421 0.9070
vn -0.7066 -0.4711 0.5280
vn -0.6434 -0.6125 0.4592
vn -0.4274 -0.1662 0.8887
vn -0.1296 0.3081 0.9425
vn -0.4856 0.1613 0.8592
vn -0.6672 0.2090 0.7149
vn -0.5087 0.6502 0.5643
vn -0.4728 0.7977 0.3743
vn -0.1474 0.4075 0.9012
vn -0.5532 0.7545 0.3532
vn -0.1161 0.5711 0.8126
vn -0.5921 0.7786 0.2076
vn -0.3449 0.4109 0.8439
vn 0.0566 0.3352 0.9405
vn 0.1210 0.4654 0.8768
vn 0.5799 0.5753 0.5768
vn 0.7494 0.1545 0.6438
vn 0.3228 0.6767 0.6617
vn 0.4976 0.0464 0.8661
vn -0.1981 0.8835 0.4246
vn -0.4562 0.7124 0.5332
vn -0.6824 0.7062 -0.1887
vn -0.5811 0.8129 0.0380
vn -0.4181 0.8856 0.2022
vn -0.1472 0.9823 0.1160
vn -0.6660 0.6489 0.3680
vn -0.1517 0.6531 0.7419
vn 0.0989 -0.0317 0.9946
vn -0.2246 0.5577 0.7991
vn -0.2551 -0.0317 0.9664
vn 0.1191 0.1928 0.9740
vn -0.3237 0.8639 0.3860
vn -0.5119 0.3006 0.8048
vn -0.5714 -0.0903 0.8157
vn -0.8608 -0.0717 0.5039
vn -0.7120 0.3134 0.6283
vn -0.3268 0.7836 0.5284
vn -0.4725 0.7578 0.4499
vn -0.9126 0.4013 -0.0785
vn -0.7914 0.5037 0.3464
vn -0.9835 0.0039 0.1807
vn -0.0917 0.8426 0.5307
vn -0.2547 0.7968 0.5480
vn -0.9595 -0.1711 0.2239
vn -0.9460 0.3103 -0.0939
vn -0.9476 0.1612 0.2759
vn -0.8489 0.2089 0.4856
vn -0.8951 0.4359 0.0941
vn -0.8009 0.5983 -0.0261
vn -0.8191 0.5673 -0.0848
vn -0.3377 0.7805 0.5261
vn -0.9031 0.3410 0.2611
vn -0.5597 0.7878 -0.2569
vn 0.0350 -0.0884 -0.9955
vn 0.1214 0.6244 -0.7716
vn 0.0142 -0.0246 -0.9996
vn 0.0907 0.6247 -0.7756
vn 0.0276 0.6226 -0.7820
vn 0.0503 0.9948 -0.0885
vn -0.0108 0.9956 -0.0936
vn 0.0569 0.8739 0.4828
vn -0.0034 0.8774 0.4798
vn -0.2534 0.8053 -0.5360
vn 0.0935 0.9680 -0.2328
vn -0.2940 0.8966 0.3313
vn -0.3633 0.8884 0.2806
vn -0.3858 0.8499 0.3590
vn -0.6572 0.6596 0.3648
vn 0.6941 0.7176 0.0579
vn -0.0618 -0.0501 -0.9968
vn -0.1531 0.5934 -0.7902
vn -0.3228 0.9424 -0.0879
vn -0.3506 0.7902 0.5026
vn -0.0266 0.1316 0.9909
vn 0.1275 0.8549 0.5029
vn -0.9919 0.1213 0.0374
vn -0.6829 0.0617 -0.7279
vn -0.6474 -0.3698 -0.6664
vn -0.8973 -0.4226 0.1278
vn -0.7612 0.0311 0.6478
vn -0.6801 -0.2834 0.6761
vn -0.6417 0.5414 0.5432
vn -0.7488 0.6613 -0.0446
vn -0.5040 0.3979 -0.7666
vn -0.1468 -0.0291 -0.9887
vn -0.0108 -0.0009 0.9999
vn -0.9077 0.2611 0.3284
vn -0.6566 0.2412 0.7146
vn -0.5905 -0.4423 0.6751
vn -0.9262 -0.3137 0.2091
vn -0.5276 -0.3848 0.7574
vn -0.4650 -0.1314 -0.8755
vn -0.1241 0.3432 0.9310
vn -0.1046 0.5407 0.8347
vn -0.0600 0.4291 0.9013
vn -0.1360 0.4704 0.8719
vn -0.4230 -0.1088 0.8996
vn -0.4204 0.2670 0.8672
vn -0.5911 -0.2322 0.7725
vn -0.4634 -0.4638 0.7551
vn -0.3399 -0.8658 0.3673
vn -0.5730 -0.7739 0.2698
vn -0.6482 -0.7605 0.0385
vn -0.4310 -0.7644 0.4795
vn -0.6119 -0.3867 -0.6900
vn 0.6623 0.5606 0.4971
vn 0.4005 0.8682 0.2929
vn 0.0996 0.9057 0.4121
vn 0.3919 0.6503 0.6508
vn -0.3415 0.7598 0.5532
vn -0.4279 0.6981 0.5741
vn -0.6482 0.4832 0.5885
vn -0.8428 0.0483 0.5361
vn -0.0736 0.7724 -0.6309
vn -0.2922 0.8087 -0.5106
vn -0.5791 0.7573 -0.3019
vn -0.7117 0.6500 -0.2665
vn -0.8489 0.4856 -0.2087
vn -0.9561 0.1169 -0.2686
vn -0.8898 -0.2074 -0.4065
vn -0.8565 -0.4193 0.3011
vn -0.1132 0.8157 -0.5673
vn -0.3265 0.8318 -0.4489
vn -0.5604 0.7869 -0.2584
vn -0.6952 0.6777 -0.2396
vn -0.9080 0.4074 -0.0975
vn -0.9644 0.2470 -0.0945
vn -0.8988 -0.4107 -0.1533
vn -0.6137 -0.6602 -0.4331
vn -0.6616 -0.5018 -0.5572
vn -0.5520 -0.8336 -0.0216
vn -0.4005 0.6878 -0.6054
vn 0.4706 -0.0601 0.8803
vn -0.1994 0.6952 -0.6906
vn -0.2938 0.8681 -0.4001
vn -0.4504 0.0452 -0.8917
vn -0.5621 0.7860 -0.2575
vn -0.6058 0.6410 -0.4712
vn -0.0515 0.8710 -0.4886
vn -0.7033 0.5801 -0.4108
vn -0.6929 0.6990 -0.1766
vn -0.8841 0.3478 -0.3121
vn -0.9045 0.4199 -0.0745
vn -0.9399 0.2220 -0.2596
vn -0.8925 -0.4509 -0.0124
vn -0.5949 -0.7390 -0.3162
vn -0.9714 0.2375 -0.0069
vn 0.2387 0.9618 0.1341
vn 0.0084 0.9703 0.2417
vn -0.0901 0.8397 -0.5356
vn -0.3474 0.8045 -0.4817
vn -0.2666 0.8929 0.3628
vn -0.5986 0.6994 -0.3905
vn -0.4387 0.7673 0.4678
vn -0.7074 0.6080 -0.3603
vn -0.5678 0.4458 0.6920
vn -0.8890 0.3708 -0.2686
vn -0.7888 0.2733 0.5506
vn -0.9462 0.2344 -0.2230
vn -0.9106 -0.1655 0.3787
vn -0.8994 -0.4302 -0.0776
vn -0.8834 -0.3758 -0.2799
vn -0.0007 0.9856 0.1688
vn -0.1440 0.9218 0.3598
vn -0.3055 0.7728 0.5563
vn -0.5074 0.6975 0.5060
vn -0.5733 0.5268 0.6276
vn -0.0373 -0.1030 0.9940
vn 0.1535 -0.3770 0.9134
vn 0.4413 -0.4792 0.7587
vn -0.3421 -0.8689 0.3577
vn -0.5965 -0.7587 -0.2620
vn -0.6080 -0.5627 -0.5601
vn 0.6562 -0.5689 0.4958
vn 0.6673 -0.5360 0.5171
vn -0.0261 -0.9942 0.1042
vn 0.1414 -0.9773 -0.1575
vn 0.9243 -0.3696 0.0951
vn 0.4017 -0.8467 -0.3488
vn 0.9331 0.0023 -0.3596
vn 0.7639 -0.4585 -0.4542
vn 0.7964 0.0751 -0.6001
vn 0.8761 -0.2127 -0.4327
vn 0.4667 0.1953 -0.8626
vn 0.9355 0.1946 -0.2949
vn 0.3446 0.8078 -0.4782
vn 0.7952 0.5911 -0.1351
vn 0.1773 0.9824 -0.0587
vn 0.5151 0.8570 0.0141
vn 0.0887 0.9904 0.1058
vn 0.3006 0.9450 0.1288
vn -0.3164 -0.8265 -0.4656
vn -0.0594 -0.7632 -0.6434
vn 0.2141 -0.5880 -0.7800
vn 0.4912 -0.2631 -0.8304
vn 0.5583 -0.0892 -0.8248
vn 0.6115 0.1958 -0.7666
vn 0.4705 0.5334 -0.7029
vn 0.0730 0.8225 -0.5641
vn -0.0382 0.8484 -0.5280
vn 0.0506 -0.4361 -0.8985
vn -0.2867 -0.4830 -0.8273
vn -0.1261 -0.7297 -0.6720
vn 0.2743 -0.6117 -0.7420
vn 0.2479 -0.1625 -0.9551
vn 0.4996 -0.2654 -0.8246
vn 0.3212 -0.0603 -0.9451
vn 0.5752 -0.0884 -0.8132
vn 0.3362 0.1764 -0.9251
vn 0.5911 0.2045 -0.7803
vn 0.2096 0.4318 -0.8773
vn 0.4315 0.5186 -0.7382
vn -0.1104 0.6466 -0.7548
vn 0.0876 0.8171 -0.5698
vn -0.1595 0.7071 -0.6889
vn -0.0127 0.8705 -0.4920
vn -0.1360 -0.7046 -0.6964
vn -0.4758 -0.5782 -0.6628
vn -0.3548 -0.7045 -0.6147
vn -0.2891 -0.5626 -0.7745
vn 0.1866 -0.5550 -0.8107
vn 0.0697 -0.4791 -0.8750
vn 0.4927 -0.2397 -0.8365
vn 0.3072 -0.3542 -0.8833
vn 0.5197 -0.0911 -0.8495
vn 0.3939 -0.2088 -0.8951
vn 0.5521 0.2062 -0.8079
vn 0.5086 0.0661 -0.8585
vn 0.4114 0.5217 -0.7474
vn 0.3837 0.3302 -0.8624
vn 0.0766 0.8172 -0.5712
vn 0.0910 0.7486 -0.6568
vn -0.0796 0.7936 -0.6032
vn -0.0499 0.7330 -0.6784
vn -0.2734 -0.9474 -0.1666
vn 0.1948 -0.9390 -0.2833
vn 0.5991 -0.7261 -0.3373
vn 0.8037 -0.5012 -0.3207
vn 0.9268 -0.2587 -0.2721
vn 0.9819 0.0309 -0.1868
vn 0.8862 0.4628 -0.0198
vn 0.6073 0.7779 0.1616
vn 0.3402 0.8780 0.3367
vn -0.2223 -0.9730 0.0624
vn 0.2374 -0.9667 -0.0959
vn 0.6065 -0.7724 -0.1888
vn 0.8244 -0.5480 -0.1419
vn 0.9535 -0.2996 -0.0316
vn 0.9934 -0.0594 0.0978
vn 0.8847 0.3184 0.3406
vn 0.1888 0.5756 0.7956
vn 0.3087 0.7264 0.6140
vn 0.3491 0.5567 0.7538
vn 0.7887 0.5643 0.2440
vn 0.4049 -0.8738 -0.2695
vn 0.6714 -0.6944 -0.2589
vn 0.8486 -0.4816 -0.2190
vn 0.9611 -0.2307 -0.1521
vn 0.9877 0.1565 -0.0012
vn 0.7614 0.5868 0.2756
vn 0.7652 0.6427 -0.0375
vn 0.5930 0.7912 0.1495
vn 0.0705 0.7010 0.7096
vn 0.2034 0.9532 0.2236
vn 0.7014 0.7116 0.0403
vn 0.8324 0.5518 -0.0508
vn 0.9519 0.2837 -0.1159
vn 0.9680 -0.1265 -0.2167
vn 0.8817 -0.3989 -0.2521
vn -0.1797 -0.7505 -0.6360
vn -0.3897 -0.8944 0.2196
vn -0.7439 -0.6484 0.1617
vn 0.2754 -0.7868 -0.5523
vn 0.4010 -0.7296 -0.5540
vn 0.4835 -0.6514 -0.5847
vn 0.7352 -0.6766 -0.0402
vn 0.8907 -0.4537 -0.0292
vn 0.9824 -0.1866 0.0123
vn 0.9457 0.3027 0.1182
vn 0.8426 0.5197 0.1408
vn 0.7014 0.6819 0.2077
vn -0.5708 -0.4348 0.6965
vn 0.7267 -0.6336 -0.2656
vn 0.4879 -0.8727 -0.0189
vn -0.0390 -0.7411 -0.6703
vn -0.5273 -0.5650 -0.6346
vn -0.4533 -0.5782 -0.6784
vn 0.0973 -0.9930 0.0675
vn 0.4818 -0.8408 -0.2469
vn -0.3050 -0.9322 0.1948
vn 0.0348 -0.9854 -0.1665
vn -0.3834 -0.9222 -0.0503
vn 0.4594 -0.6776 -0.5743
vn 0.4721 -0.6294 -0.6172
vn 0.3391 -0.7461 -0.5730
vn 0.0976 -0.9673 0.2341
vn -0.2357 -0.6431 0.7286
vn 0.3915 -0.8940 0.2180
vn 0.0557 -0.7011 0.7109
vn 0.3583 -0.7609 -0.5410
vn 0.3323 -0.6238 0.7074
vn 0.6680 -0.7181 0.1953
vn 0.4787 -0.7329 -0.4835
vn 0.4190 -0.4834 -0.7686
vn 0.6324 -0.3483 -0.6919
vn 0.6555 0.0115 -0.7551
vn 0.6597 0.0519 -0.7497
vn 0.6421 0.2567 -0.7224
vn 0.6635 0.1405 -0.7348
vn 0.0335 0.0801 -0.9962
vn 0.4693 0.4035 -0.7855
vn -0.0156 -0.1144 -0.9933
vn 0.1992 0.5296 -0.8245
vn 0.2236 0.9707 -0.0881
vn 0.5993 0.7982 -0.0602
vn 0.3971 0.7481 0.5316
vn 0.7013 0.4487 0.5539
vn 0.7401 0.2660 0.6176
vn 0.9055 0.4244 0.0024
vn 0.9629 0.2685 0.0267
vn 0.9954 -0.0596 0.0751
vn 0.8638 -0.4798 0.1540
vn 0.5463 -0.4777 0.6880
vn 0.6830 -0.2949 0.6683
vn 0.7587 0.1720 0.6283
vn 0.0549 -0.8760 0.4793
vn 0.1912 -0.9028 0.3851
vn -0.8212 -0.4360 0.3681
vn -0.7197 -0.3447 -0.6026
vn -0.5684 -0.4556 -0.6851
vn -0.3600 0.8785 -0.3142
vn -0.6091 0.7929 -0.0151
vn -0.6507 -0.4837 -0.5854
vn -0.5128 0.6513 0.5593
vn -0.7574 -0.6524 0.0263
vn -0.4421 0.4191 0.7930
vn -0.4858 -0.8424 -0.2334
vn -0.2901 -0.8289 -0.4783
vn -0.0077 -0.4581 0.8888
vn 0.0981 -0.7907 0.6042
vn -0.0386 0.9237 0.3812
vn -0.0960 -0.6763 0.7304
vn -0.1042 0.9476 -0.3021
vn -0.4691 -0.6661 0.5799
vn -0.1529 -0.9778 0.1434
vn -0.1771 -0.8498 -0.4964
vn -0.4223 -0.6101 -0.6704
vn -0.9979 -0.0488 -0.0417
vn -0.8793 -0.4449 -0.1700
vn -0.9379 -0.0100 0.3468
vn -0.9447 -0.3202 0.0711
vn -0.5563 -0.8160 -0.1571
vn -0.6761 -0.6844 0.2729
vn 0.2102 -0.8531 0.4776
vn 0.1335 -0.6369 0.7593
vn -0.7299 -0.0541 0.6814
vn -0.7656 -0.3109 0.5632
vn -0.3345 -0.8033 0.4928
vn -0.5157 -0.4914 0.7018
vn -0.3425 -0.7555 -0.5585
vn -0.4178 -0.5021 -0.7572
vn -0.0564 -0.9793 -0.1944
vn -0.4099 -0.9121 -0.0071
vn 0.5155 0.4738 0.7140
vn -0.4506 0.1551 0.8791
vn -0.0121 -0.3893 0.9210
vn -0.2471 0.3935 0.8855
vn -0.4767 -0.4985 -0.7241
vn -0.2324 0.2758 0.9327
vn -0.4722 0.3309 0.8170
vn -0.2276 0.6557 0.7199
vn -0.4599 0.6370 0.6186
vn -0.1796 0.7484 0.6384
vn -0.3946 0.7622 0.5132
vn -0.0239 0.8745 0.4845
vn -0.2292 0.9256 0.3012
vn 0.1662 -0.1731 0.9708
vn -0.4936 0.1168 0.8618
vn -0.0276 -0.4033 0.9146
vn -0.5497 -0.5235 0.6510
vn -0.9622 -0.1566 0.2230
vn -0.5462 0.3037 0.7807
vn -0.9967 0.0309 0.0754
vn -0.5103 0.6271 0.5885
vn -0.9554 0.2935 -0.0337
vn -0.4530 0.7566 0.4715
vn -0.8447 0.5068 -0.1721
vn -0.2631 0.9282 0.2631
vn -0.6738 0.6605 -0.3313
vn -0.0942 0.9925 0.0784
vn -0.4778 0.7502 -0.4570
vn -0.0609 0.9963 0.0614
vn -0.4020 0.7865 -0.4689
vn 0.0382 0.9992 -0.0120
vn -0.2203 0.7860 -0.5777
vn 0.4485 0.8517 -0.2710
vn -0.0761 0.9916 0.1046
vn 0.5425 0.8392 0.0383
vn 0.2211 0.9376 0.2684
vn -0.0595 0.9958 0.0691
vn 0.1182 0.9518 0.2831
vn 0.0637 0.9979 0.0094
vn 0.1107 0.9402 0.3220
vn 0.4691 0.8557 -0.2184
vn 0.7563 0.6537 -0.0261
vn 0.7172 0.6224 -0.3136
vn 0.8858 0.4630 0.0333
vn 0.8867 0.3886 -0.2505
vn 0.9066 0.3962 0.1450
vn 0.9609 0.2370 -0.1434
vn 0.8003 0.1555 0.5791
vn 0.9284 -0.0803 0.3629
vn 0.7305 0.1831 0.6579
vn 0.8596 -0.1197 0.4967
vn 0.1472 0.6708 -0.7269
vn 0.7152 0.6103 -0.3406
vn 0.5516 0.3939 -0.7353
vn 0.8860 0.3878 -0.2544
vn 0.7382 0.1626 -0.6547
vn 0.9583 0.2238 -0.1775
vn 0.9303 -0.2502 -0.2681
vn 0.9266 -0.0775 0.3679
vn 0.8737 -0.4803 0.0774
vn 0.8618 -0.1220 0.4924
vn 0.7947 -0.4975 0.3479
vn 0.7044 -0.3117 0.6377
vn 0.6118 -0.4735 0.6337
vn 0.7058 -0.3097 0.6372
vn 0.6822 0.0404 0.7300
vn 0.6213 -0.6962 -0.3595
vn 0.3009 -0.8896 -0.3436
vn 0.4972 -0.4540 -0.7394
vn 0.7404 -0.0853 -0.6667
vn 0.7765 0.2980 -0.5552
vn 0.7327 0.5197 -0.4394
vn 0.3928 0.8471 -0.3580
vn -0.0012 0.9722 -0.2341
vn -0.1532 0.9729 -0.1733
vn -0.2338 0.9677 -0.0938
vn -0.4064 0.9102 0.0803
vn -0.6020 0.7502 0.2734
vn -0.7422 0.5303 0.4098
vn -0.9215 0.2909 0.2571
vn -0.9740 -0.1045 -0.2008
vn -0.9952 -0.0896 -0.0396
vn -0.4274 -0.8742 0.2305
vn 0.2406 -0.6866 0.6860
vn 0.4369 -0.4297 0.7902
vn 0.0493 -0.3154 0.9477
vn 0.1020 -0.0423 0.9939
vn 0.4644 -0.3460 0.8153
vn 0.4580 -0.2060 0.8647
vn 0.5303 -0.1187 0.8394
vn 0.7130 -0.2698 0.6472
vn 0.4394 -0.4196 0.7943
vn -0.1847 0.9176 0.3519
vn -0.1126 0.9332 0.3414
vn -0.3941 0.7635 0.5117
vn -0.3523 0.7592 0.5473
vn -0.4007 0.6512 0.6445
vn -0.3708 0.6405 0.6725
vn -0.4494 0.3316 0.8295
vn -0.3818 0.4566 0.8036
vn -0.3880 0.2065 0.8982
vn -0.1930 0.1764 0.9652
vn -0.7426 -0.2486 0.6218
vn -0.2903 -0.5660 0.7716
vn -0.7846 -0.5263 0.3277
vn -0.3711 -0.8408 0.3942
vn -0.7838 -0.4787 0.3956
vn -0.3551 -0.7740 0.5243
vn -0.6915 -0.2183 0.6886
vn -0.2307 -0.5587 0.7967
vn -0.6886 -0.2110 0.6938
vn -0.9271 -0.3707 0.0558
vn -0.7300 -0.6364 0.2493
vn -0.9106 0.1405 0.3886
vn -0.2095 0.4083 0.8885
vn -0.3697 0.6814 0.6317
vn -0.1711 0.3817 0.9083
vn -0.3341 0.5909 0.7343
vn -0.6835 -0.2139 0.6979
vn -0.8965 0.1216 0.4260
vn -0.9039 0.1125 0.4128
vn -0.9740 -0.1801 0.1374
vn -0.9600 -0.2657 0.0882
vn -0.9364 0.0592 0.3460
vn -0.2274 -0.5803 0.7820
vn 0.1815 0.0471 0.9823
vn 0.0753 0.1893 0.9790
vn -0.2140 -0.5553 0.8037
vn -0.2835 -0.9279 0.2422
vn -0.4050 -0.7346 -0.5443
vn -0.9684 -0.1163 -0.2206
vn -0.9324 0.3347 0.1365
vn -0.3864 0.7871 0.4808
vn 0.2466 -0.7335 0.6334
vn 0.0793 -0.9423 0.3251
vn 0.1249 -0.8961 0.4260
vn 0.2692 -0.7139 0.6465
vn 0.2476 -0.7495 0.6140
vn 0.4938 -0.0414 0.8686
vn 0.4736 0.0531 0.8791
vn 0.2902 -0.7191 0.6314
vn 0.0138 -0.9906 0.1364
vn 0.1647 -0.9861 0.0217
vn 0.3877 -0.8772 -0.2832
vn 0.5101 -0.7205 0.4697
vn 0.6577 0.0413 0.7522
vn 0.6971 -0.0582 0.7146
vn 0.4908 -0.7622 0.4221
vn 0.5241 -0.7127 0.4662
vn 0.3555 -0.8957 0.2671
vn 0.3158 -0.9310 0.1830
vn 0.5214 -0.7369 0.4303
vn 0.6433 -0.1979 0.7396
vn 0.5831 0.7972 -0.1565
vn 0.4873 0.2364 -0.8406
vn 0.1210 0.4829 -0.8673
vn 0.1513 -0.2001 -0.9680
vn 0.3116 -0.3456 -0.8851
vn -0.2617 0.0026 -0.9651
vn 0.4767 -0.7104 -0.5177
vn 0.4290 -0.5261 -0.7343
vn 0.6908 0.0286 -0.7225
vn 0.8797 0.4400 -0.1801
vn 0.5551 0.7984 -0.2332
vn 0.2430 0.9591 -0.1451
vn -0.1680 0.5242 -0.8349
vn -0.3352 0.5653 -0.7537
vn -0.3051 0.6236 -0.7198
vn -0.7088 0.5938 -0.3808
vn -0.4958 0.5711 -0.6542
vn -0.9404 0.2045 -0.2716
vn -0.6676 0.2788 -0.6904
vn -0.9772 0.0413 -0.2084
vn -0.9412 0.3357 0.0371
vn -0.7500 0.5635 -0.3465
vn 0.0693 0.4223 -0.9038
vn -0.1385 0.5919 -0.7940
vn -0.2522 0.6632 -0.7047
vn -0.2751 0.3819 -0.8823
vn -0.4339 0.2682 -0.8601
vn -0.5308 0.6166 -0.5815
vn -0.7418 0.3027 -0.5985
vn -0.5877 0.6083 -0.5334
vn -0.8160 0.1568 -0.5564
vn -0.3092 0.6218 -0.7195
vn -0.1238 0.1104 -0.9862
vn 0.0919 0.4689 -0.8785
vn 0.2318 -0.1244 -0.9648
vn 0.4770 0.1952 -0.8570
vn 0.9042 0.4271 -0.0036
vn 0.8317 -0.1924 -0.5208
vn 0.9120 0.4080 -0.0433
vn 0.8453 0.5063 -0.1706
vn 0.8141 0.5373 -0.2203
vn 0.4831 0.1881 -0.8551
vn 0.1347 0.4944 -0.8587
vn -0.3955 0.4924 -0.7753
vn -0.7571 0.2338 -0.6101
vn 0.0036 0.2089 -0.9779
vn 0.5267 0.2486 -0.8129
vn 0.6830 -0.0074 -0.7304
vn 0.8619 0.4764 -0.1737
vn 0.8046 -0.2068 -0.5566
vn 0.7206 0.0517 -0.6914
vn 0.3180 -0.0453 -0.9470
vn 0.4882 -0.2421 -0.8385
vn 0.8429 -0.1460 -0.5179
vn 0.3998 -0.2857 -0.8710
vn 0.6113 -0.4279 -0.6658
vn 0.5518 -0.4553 -0.6987
vn 0.6771 -0.6066 -0.4167
vn 0.6323 -0.6158 -0.4702
vn 0.6715 -0.0120 -0.7409
vn 0.7896 -0.2024 -0.5793
vn 0.8450 -0.4003 -0.3546
vn 0.8924 -0.3610 -0.2708
vn 0.8477 -0.4320 -0.3077
vn 0.9306 0.3466 -0.1173
vn 0.9290 0.3676 0.0421
vn 0.8728 -0.3908 -0.2925
vn 0.7686 -0.6390 0.0314
vn 0.5325 -0.8322 -0.1543
vn 0.5759 -0.8162 -0.0462
vn 0.7842 -0.6062 0.1326
vn 0.7351 -0.6729 0.0826
vn 0.9457 0.0945 0.3110
vn 0.8692 0.1927 0.4553
vn 0.7635 -0.6340 0.1229
vn 0.7941 -0.1187 0.5961
vn 0.9261 -0.0854 0.3675
vn 0.8678 -0.1232 0.4814
vn 0.9669 0.0270 0.2538
vn 0.9599 0.2396 -0.1453
vn 0.9840 0.1700 0.0533
vn 0.8969 0.4007 -0.1872
vn 0.9473 0.3181 -0.0379
vn 0.7241 0.6352 -0.2687
vn 0.8239 0.5296 -0.2017
vn 0.4673 0.8617 -0.1976
vn 0.6474 0.7512 -0.1287
vn 0.0601 0.9980 0.0193
vn 0.1678 0.9850 0.0411
vn 0.0427 0.9832 0.1777
vn 0.1428 0.9730 0.1815
vn -0.0086 0.9808 0.1947
vn 0.0768 0.9799 0.1839
vn -0.3377 0.7829 0.5225
vn -0.9242 0.3397 0.1742
vn -0.9322 0.3222 0.1650
vn -0.9964 0.0014 -0.0845
vn -0.9905 -0.0459 -0.1296
vn -0.9567 0.2659 0.1184
vn -0.9870 0.0678 -0.1458
vn -0.9216 0.3802 0.0786
vn -0.9139 0.4010 0.0632
vn -0.3411 0.8192 0.4610
vn -0.3835 0.8217 0.4215
vn -0.9275 0.3645 0.0826
vn -0.9603 -0.0906 -0.2637
vn -0.9408 -0.0748 -0.3306
vn -0.8878 0.4560 -0.0621
vn -0.2692 0.8956 0.3542
vn -0.2735 0.8847 0.3776
vn -0.8990 0.4351 -0.0501
vn -0.8947 0.4454 -0.0335
vn -0.8190 0.0311 -0.5729
vn -0.6956 0.5973 -0.3992
vn -0.1328 0.9865 0.0960
vn -0.3112 0.9351 0.1697
vn -0.7230 0.5457 -0.4237
vn 0.1293 0.9843 -0.1203
vn -0.3290 0.6182 -0.7139
vn -0.5155 0.0971 -0.8514
vn -0.3876 0.0285 -0.9214
vn -0.1810 0.5899 -0.7869
vn 0.2162 0.9696 -0.1144
vn -0.0204 0.9932 -0.1142
vn -0.3932 0.2679 -0.8796
vn -0.3883 0.1935 -0.9010
vn -0.8138 0.0966 -0.5730
vn -0.8029 0.0282 -0.5955
vn -0.9835 -0.1746 0.0472
vn -0.9736 -0.2282 0.0053
vn -0.6977 -0.4058 -0.5904
vn -0.5483 -0.8193 -0.1675
vn -0.0724 -0.9086 -0.4113
vn -0.3460 -0.4152 -0.8414
vn -0.4709 -0.8718 0.1349
vn -0.7388 -0.4198 0.5272
vn -0.7470 -0.3471 0.5670
vn -0.7503 -0.1960 0.6314
vn -0.9926 -0.0187 0.1198
vn -0.8254 0.2365 -0.5126
vn -0.3784 0.4797 -0.7916
vn -0.1931 -0.7811 0.5938
vn -0.3445 -0.5140 0.7855
vn -0.3624 -0.4091 0.8375
vn -0.3690 -0.2344 0.8994
vn -0.4202 -0.2511 0.8720
vn -0.7878 -0.1377 0.6003
vn -0.9969 0.0284 0.0732
vn -0.8026 0.2148 -0.5565
vn -0.4328 0.3076 -0.8474
vn 0.0987 -0.9346 0.3416
vn 0.0897 -0.5097 0.8557
vn 0.0903 -0.3905 0.9162
vn 0.0761 -0.1812 0.9805
vn 0.0081 -0.2774 0.9607
vn 0.0447 -0.3570 0.9330
vn -0.4197 -0.2347 0.8768
vn -0.7840 -0.0874 0.6145
vn -0.9962 0.0361 0.0793
vn -0.8028 0.0948 -0.5886
vn -0.3823 -0.0194 -0.9238
vn -0.7936 0.1994 -0.5748
vn -0.2474 -0.9571 -0.1507
vn -0.9855 0.1407 0.0944
vn 0.0141 -0.4899 0.8716
vn 0.2396 0.9558 0.1706
vn -0.4417 -0.3821 0.8117
vn -0.3590 0.1614 -0.9193
vn -0.7952 -0.2330 0.5598
vn -0.8118 -0.0480 -0.5820
vn -0.9916 -0.1182 0.0526
vn -0.3985 -0.0937 -0.9124
vn -0.7642 0.0231 0.6445
vn -0.7672 0.0137 0.6412
vn -0.7616 0.1082 0.6390
vn -0.9867 0.1198 0.1098
vn -0.9722 0.2008 0.1205
vn -0.8158 0.1248 -0.5647
vn -0.7676 0.2555 -0.5879
vn -0.4047 0.0186 -0.9143
vn -0.3167 0.1605 -0.9349
vn -0.3990 -0.1107 0.9102
vn -0.3891 -0.0346 0.9205
vn -0.4097 -0.1341 0.9023
vn -0.1380 0.4322 0.8912
vn -0.5217 0.2501 0.8157
vn -0.5309 0.6897 0.4924
vn -0.3811 0.9194 -0.0968
vn -0.0120 0.9087 -0.4172
vn 0.0705 -0.2304 0.9705
vn 0.1050 -0.1999 0.9742
vn 0.0508 -0.2793 0.9589
vn 0.1336 0.2645 0.9551
vn 0.3604 0.7764 -0.5171
vn 0.1162 0.7218 -0.6823
vn -0.0680 -0.9341 -0.3504
vn -0.0463 -0.9511 -0.3054
vn 0.0097 -0.1708 -0.9853
vn -0.0021 -0.9136 -0.4066
vn 0.0146 -0.9337 -0.3577
vn 0.0068 -0.9466 -0.3224
vn 0.2357 -0.9048 0.3546
vn 0.3331 -0.4749 0.8146
vn 0.3439 -0.3445 0.8735
vn 0.3442 -0.0936 0.9342
vn 0.2695 -0.2616 0.9268
vn 0.2441 -0.3881 0.8887
vn 0.1965 -0.5121 0.8362
vn 0.7999 -0.3373 0.4963
vn 0.7148 -0.6851 0.1404
vn 0.8063 -0.1720 0.5660
vn 0.9891 0.1018 -0.1064
vn 0.9890 -0.0191 -0.1470
vn 0.7121 -0.5791 -0.3970
vn 0.7121 0.2543 0.6544
vn 0.8029 0.5854 0.1125
vn 0.5746 0.7436 -0.3419
vn 0.6858 0.2881 -0.6683
vn 0.6811 0.2026 -0.7036
vn 0.3980 -0.4338 -0.8083
vn 0.7270 -0.1756 0.6638
vn 0.9727 0.2319 0.0075
vn 0.6952 0.5589 -0.4521
vn 0.1888 0.5453 -0.8167
vn 0.1323 0.6844 -0.7170
vn 0.1146 0.3436 -0.9321
vn 0.1038 0.2689 -0.9576
vn 0.6894 -0.5034 0.5209
vn 0.8846 -0.4320 -0.1756
vn 0.6275 -0.2583 -0.7345
vn 0.1358 -0.0527 -0.9893
vn 0.0920 -0.1907 -0.9773
vn 0.5714 -0.3679 -0.7336
vn 0.8332 -0.5189 -0.1910
vn 0.6309 -0.6008 0.4909
vn 0.2516 -0.3335 0.9086
vn 0.6698 -0.4933 0.5550
vn 0.7157 -0.3960 0.5753
vn 0.8943 -0.3904 -0.2186
vn 0.8537 -0.4912 -0.1731
vn 0.7411 -0.3729 0.5583
vn 0.9388 -0.3058 -0.1584
vn 0.2820 -0.2665 0.9217
vn 0.3345 -0.2698 0.9029
vn 0.7323 -0.0940 0.6745
vn 0.9931 -0.1123 -0.0342
vn 0.7728 0.0081 -0.6346
vn 0.6656 -0.2105 -0.7160
vn 0.5805 -0.3455 -0.7374
vn 0.6707 -0.1315 -0.7300
vn 0.1649 0.0631 -0.9843
vn 0.0969 -0.1323 -0.9865
vn 0.1928 0.0067 -0.9812
vn 0.3787 0.0171 0.9254
vn 0.1963 0.6455 0.7381
vn 0.0017 0.7632 0.6462
vn 0.2826 0.7899 0.5443
vn -0.4960 0.8668 0.0520
vn 0.1935 0.8502 0.4897
vn 0.3174 0.8512 0.4180
vn 0.2281 0.7487 -0.6224
vn 0.7355 0.6774 0.0151
vn 0.5794 0.7843 -0.2220
vn 0.5000 0.8432 0.1977
vn 0.3742 0.9130 0.1624
vn 0.3387 0.8710 0.3558
vn -0.3026 0.9474 -0.1045
vn -0.6753 0.6496 -0.3493
vn 0.0627 0.8816 -0.4678
vn -0.1033 0.9535 -0.2831
vn 0.4812 -0.2160 0.8496
vn 0.5610 -0.1772 0.8086
vn 0.4626 -0.2143 0.8603
vn 0.2725 -0.2811 0.9202
vn 0.6957 -0.2095 0.6871
vn -0.6064 -0.1793 -0.7747
vn -0.6186 -0.2402 -0.7481
vn -0.7537 -0.1774 -0.6328
vn -0.7735 -0.2635 -0.5764
vn -0.3702 -0.1676 -0.9137
vn -0.6153 0.7707 -0.1657
vn -0.4208 0.8439 -0.3329
vn -0.3168 0.8618 -0.3962
vn -0.1357 0.8521 -0.5055
vn 0.1558 0.6806 -0.7159
vn -0.3558 0.0651 -0.9323
vn 0.3978 0.0331 -0.9169
vn -0.4763 -0.3964 -0.7848
vn 0.2687 -0.4876 -0.8307
vn -0.0213 -0.9063 0.4222
vn -0.4693 -0.4437 -0.7635
vn 0.3314 -0.4657 -0.8206
vn 0.2642 -0.5723 -0.7763
vn -0.4645 -0.5366 -0.7045
vn 0.3884 -0.4363 0.8116
vn 0.3505 -0.6347 0.6887
vn 0.5140 0.8186 -0.2562
vn 0.4320 0.8960 0.1032
vn 0.9991 -0.0372 -0.0182
vn 0.8745 0.1787 0.4510
vn 0.9838 -0.1651 0.0699
vn 0.8425 0.0301 0.5379
vn 0.8557 0.1313 0.5006
vn 0.9975 -0.0663 0.0233
vn 0.7999 -0.2969 -0.5216
vn 0.0021 0.9083 -0.4183
vn 0.8065 -0.1162 0.5797
vn 0.9429 -0.3044 0.1350
vn 0.2544 -0.6826 -0.6851
vn -0.4509 -0.6582 -0.6028
vn 0.7971 -0.4178 -0.4360
vn 0.8095 -0.3256 -0.4886
vn 0.7638 -0.5412 -0.3516
vn 0.2581 -0.7021 -0.6637
vn -0.5648 -0.1683 -0.8079
vn -0.4362 -0.6205 -0.6517
vn 0.2458 -0.0062 -0.9693
vn 0.7516 -0.5491 -0.3654
vn 0.7954 0.2100 -0.5685
vn 0.9731 -0.2178 0.0747
vn 0.9713 0.2379 0.0063
vn 0.8482 0.0270 0.5289
vn 0.8302 0.2421 0.5021
vn 0.9119 0.4096 -0.0274
vn 0.8148 0.3012 0.4953
vn 0.9938 0.1074 0.0279
vn 0.8473 0.0951 0.5225
vn 0.9984 0.0311 0.0470
vn 0.8506 0.0188 0.5255
vn 0.9001 -0.3986 0.1759
vn 0.6498 -0.5653 0.5081
vn 0.1595 -0.9799 0.1195
vn 0.1550 -0.9700 0.1873
vn -0.6996 0.1158 -0.7051
vn -0.8420 -0.2349 -0.4856
vn -0.8779 -0.3233 -0.3532
vn -0.8928 -0.1433 -0.4271
vn -0.8739 -0.3263 -0.3604
vn -0.8574 0.1112 -0.5025
vn -0.4653 0.3359 -0.8189
vn 0.1542 0.4769 -0.8653
vn 0.6411 0.5117 -0.5720
vn 0.8152 0.0591 -0.5761
vn 0.2784 -0.0218 -0.9602
vn -0.8848 -0.2214 -0.4099
vn -0.4601 -0.1138 -0.8805
vn -0.4347 -0.2917 -0.8520
vn 0.2878 -0.1483 -0.9461
vn 0.8274 -0.0308 -0.5608
vn -0.8676 -0.1661 -0.4687
vn -0.8440 -0.3063 -0.4403
vn -0.5250 -0.8172 -0.2378
vn -0.1944 -0.6969 -0.6903
vn 0.3460 -0.7205 -0.6010
vn 0.7247 -0.6492 -0.2311
vn 0.1099 -0.9893 0.0963
vn 0.0723 -0.9926 0.0972
vn 0.0910 -0.9804 0.1747
vn 0.0471 -0.9881 0.1465
vn -0.5405 -0.8345 -0.1066
vn -0.9292 -0.3067 -0.2060
vn -0.9585 -0.1765 -0.2239
vn -0.9704 0.0365 -0.2389
vn -0.9769 -0.1224 -0.1753
vn -0.9539 -0.2342 -0.1875
vn -0.9513 -0.2549 -0.1736
vn -0.9540 -0.1460 -0.2617
vn -0.1462 -0.7770 0.6123
vn -0.9644 -0.1431 -0.2225
vn -0.7899 -0.5973 0.1390
vn -0.4160 -0.7681 0.4868
vn -0.9090 -0.4039 -0.1031
vn -0.8463 -0.4615 -0.2660
vn -0.8136 0.3088 -0.4927
vn -0.2310 0.0633 0.9709
vn 0.4241 0.0347 0.9049
vn -0.2368 0.3258 0.9153
vn 0.4542 0.2804 0.8456
vn 0.4499 0.3426 0.8247
vn 0.4456 0.1846 0.8760
vn -0.2644 0.3445 0.9008
vn -0.2368 0.2222 0.9458
vn -0.7573 0.2336 0.6098
vn -0.7433 0.1181 0.6585
vn -0.7557 0.2258 0.6148
vn -0.7102 -0.0330 0.7032
vn 0.0305 0.9317 0.3619
vn -0.6183 0.6727 0.4064
vn -0.9412 0.2354 0.2423
vn -0.9168 0.3453 -0.2006
vn -0.9741 0.0724 0.2144
vn -0.9599 -0.0602 0.2738
vn -0.9723 0.0539 0.2275
vn -0.9167 -0.2201 0.3335
vn 0.4523 0.2060 0.8677
vn 0.4261 0.2374 0.8730
vn -0.2328 0.2606 0.9370
vn -0.2410 0.1857 0.9526
vn -0.7495 0.1557 0.6434
vn -0.7449 0.0577 0.6647
vn -0.9651 -0.0259 0.2607
vn -0.9613 -0.0647 0.2678
vn -0.9752 -0.0053 0.2214
vn -0.9570 -0.1688 0.2361
vn -0.9299 -0.2847 0.2331
vn -0.7203 -0.2139 0.6599
vn -0.7635 0.0019 0.6458
vn -0.2592 0.1016 0.9605
vn 0.4189 0.2077 0.8840
vn 0.4477 0.0405 0.8933
vn 0.4541 -0.0308 0.8904
vn 0.3582 -0.4634 0.8105
vn -0.2099 -0.1250 0.9697
vn -0.7419 -0.1338 0.6570
vn -0.2383 -0.0632 0.9691
vn -0.3701 -0.8852 -0.2819
vn -0.6321 0.7585 -0.1588
vn -0.1647 0.8668 0.4706
vn 0.0323 0.9474 0.3185
vn 0.2514 0.9537 0.1653
vn 0.4693 0.8818 0.0461
vn 0.6528 0.7536 -0.0765
vn -0.4358 0.8470 -0.3046
vn -0.2691 0.8715 -0.4099
vn -0.0756 0.8506 -0.5204
vn 0.1713 0.6839 -0.7092
vn 0.5867 -0.6779 0.4430
vn 0.2442 -0.2467 0.9378
vn 0.7330 0.0019 0.6802
vn -0.5009 0.5575 0.6620
vn 0.0470 0.4684 0.8823
vn -0.3559 0.8231 0.4426
vn -0.6398 0.7435 -0.1947
vn -0.8797 0.4146 -0.2330
vn -0.9330 -0.3501 0.0829
vn -0.4426 -0.0555 0.8950
vn 0.4472 -0.0142 0.8943
vn 0.6354 -0.0968 0.7661
vn 0.6220 -0.7640 0.1714
vn 0.7341 -0.0966 0.6722
vn 0.5900 -0.7673 0.2512
vn 0.7384 -0.0601 0.6717
vn 0.6035 -0.7361 0.3064
vn 0.8257 -0.0834 0.5579
vn 0.5794 -0.7529 0.3121
vn 0.9019 -0.1671 0.3983
vn 0.5769 -0.7029 0.4161
vn 0.1488 0.5816 0.7997
vn 0.2910 0.6626 0.6901
vn 0.3748 0.6707 0.6400
vn 0.5065 0.6406 0.5772
vn 0.7768 0.5062 0.3747
vn -0.0672 -0.9651 -0.2533
vn -0.2512 -0.9595 0.1276
vn 0.2628 -0.8970 0.3553
vn 0.8633 -0.4200 0.2798
vn 0.9335 0.2809 0.2229
vn 0.3914 0.8059 0.4442
vn -0.2345 0.9597 0.1551
vn -0.2795 0.9481 0.1513
vn -0.2988 0.9254 0.2333
vn -0.3430 0.8229 0.4530
vn -0.5511 -0.6894 0.4702
vn -0.2023 0.6144 -0.7626
vn 0.3263 -0.1284 -0.9365
vn -0.7519 0.5611 -0.3462
vn -0.7396 0.5436 -0.3968
vn -0.7617 0.5845 -0.2797
vn 0.5539 -0.0961 0.8270
vn 0.6756 -0.6800 0.2850
vn 0.7095 -0.0328 0.7039
vn 0.6605 -0.6946 0.2850
vn 0.7630 0.0345 0.6455
vn 0.6303 -0.7284 0.2687
vn 0.8175 0.0458 0.5741
vn 0.6195 -0.7163 0.3211
vn 0.8463 0.0479 0.5305
vn 0.5962 -0.5994 -0.5342
vn 0.8278 -0.1346 0.5447
vn 0.6986 0.2521 0.6696
vn 0.7852 0.5949 0.1721
vn 0.9777 0.2097 0.0060
vn 0.8513 -0.4269 0.3051
vn 0.6452 0.6577 0.3888
vn 0.5615 0.7162 0.4144
vn 0.4359 0.7574 0.4861
vn 0.3672 0.7108 0.5999
vn 0.2895 0.6493 0.7033
vn 0.0430 0.5237 0.8508
vn 0.6242 0.7763 0.0884
vn 0.0620 0.9812 0.1826
vn -0.1706 0.9849 0.0301
vn -0.2666 0.9572 0.1128
vn -0.3094 0.9400 0.1435
vn -0.3499 0.9008 0.2571
vn -0.4709 0.7796 0.4129
vn 0.7405 0.3152 0.5936
vn 0.6628 0.6873 0.2972
vn -0.3026 0.4692 -0.8296
vn 0.2207 -0.3111 -0.9244
vn -0.8001 0.4956 -0.3380
vn -0.8231 0.4279 -0.3734
vn -0.7852 0.4463 -0.4293
vn -0.7688 0.4489 -0.4555
vn -0.8944 0.2895 -0.3410
vn -0.9038 0.3515 0.2441
vn -0.3540 0.0698 0.9326
vn 0.1086 -0.2600 0.9595
vn 0.4977 -0.7814 0.3765
vn -0.7935 0.5368 -0.2867
vn -0.8965 0.3990 -0.1924
vn -0.4860 0.8292 0.2760
vn -0.6864 0.5098 0.5186
vn 0.1359 0.6796 0.7209
vn -0.2275 0.9068 0.3550
vn 0.2993 0.6427 0.7052
vn 0.2845 0.8218 0.4936
vn 0.7779 0.1228 0.6162
vn 0.4352 0.7539 0.4922
vn 0.8429 0.0473 0.5360
vn 0.5004 0.7642 0.4070
vn 0.8447 0.1022 0.5255
vn 0.5411 0.7700 0.3381
vn 0.8470 0.1294 0.5157
vn 0.9024 -0.2032 0.3799
vn 0.7249 0.0089 0.6888
vn -0.1448 0.2602 0.9546
vn 0.2909 0.0186 0.9566
vn 0.5072 0.2164 0.8342
vn 0.5775 -0.5916 0.5626
vn 0.6785 -0.6656 0.3109
vn 0.6734 -0.7065 0.2176
vn 0.6696 -0.6822 0.2937
vn 0.6761 -0.6126 0.4093
vn 0.6322 -0.6722 -0.3853
vn 0.5724 0.1760 0.8009
vn 0.3481 0.7738 0.5292
vn -0.0095 0.5361 0.8441
vn 0.7273 0.2917 0.6212
vn 0.8334 0.1469 0.5328
vn 0.3730 0.8045 0.4622
vn -0.3075 0.9425 0.1311
vn -0.3137 0.9275 0.2034
vn -0.5506 0.7120 0.4358
vn 0.8502 0.1154 0.5136
vn 0.8071 0.2961 0.5108
vn 0.7611 -0.5379 0.3626
vn 0.4082 0.8337 0.3719
vn -0.3183 0.9475 0.0307
vn -0.8762 0.3275 -0.3535
vn -0.8775 0.3449 -0.3332
vn -0.9175 0.3666 -0.1542
vn -0.8241 -0.1608 0.5431
vn -0.0109 -0.5345 0.8451
vn 0.7109 -0.5137 0.4804
vn -0.0610 -0.9790 0.1943
vn 0.7014 -0.6489 0.2948
vn -0.8724 0.3396 -0.3515
vn -0.7545 0.4931 -0.4331
vn -0.1258 0.9458 -0.2995
vn -0.7717 0.5038 -0.3881
vn -0.2531 0.9591 -0.1266
vn 0.5014 0.8389 0.2118
vn 0.3086 0.9025 0.3003
vn 0.7678 0.3896 0.5087
vn 0.4527 0.7659 0.4565
vn -0.2571 0.9663 0.0114
vn -0.8208 0.4508 -0.3509
vn -0.3159 0.9486 -0.0199
vn -0.4477 0.5159 -0.7304
vn -0.1675 0.8018 -0.5736
vn -0.3216 0.3949 -0.8606
vn -0.0079 0.8109 -0.5851
vn -0.1974 0.8344 -0.5145
vn 0.1749 0.8432 -0.5084
vn -0.5664 0.7926 -0.2256
vn -0.2247 0.8692 -0.4405
vn -0.9819 0.1686 0.0859
vn 0.0232 0.9200 -0.3913
vn 0.7046 0.6992 0.1209
vn 0.8588 0.2539 0.4450
vn 0.7976 -0.4608 0.3893
vn 0.6806 -0.6787 0.2760
vn 0.4043 0.8353 -0.3725
vn 0.4571 0.8804 -0.1265
vn 0.7020 0.5074 0.4998
vn 0.9170 -0.1759 0.3580
vn 0.4316 -0.7992 -0.4182
vn 0.1628 -0.5110 -0.8440
vn 0.0519 0.9860 0.1585
vn 0.5360 0.8368 -0.1118
vn 0.5437 0.7825 -0.3035
vn 0.4933 0.7643 -0.4153
vn 0.4779 0.8009 -0.3607
vn 0.7806 0.5728 -0.2501
vn 0.7344 0.6479 -0.2021
vn -0.1736 0.9832 -0.0560
vn -0.2346 0.9714 0.0375
vn -0.2944 0.9521 0.0831
vn -0.4091 0.9103 0.0625
vn -0.3226 0.2429 -0.9148
vn -0.8102 0.4572 -0.3667
vn -0.8262 0.4315 -0.3623
vn -0.8203 0.4469 -0.3569
vn -0.2142 -0.5584 0.8014
vn -0.7545 -0.3388 -0.5621
vn -0.7074 -0.3105 -0.6349
vn -0.8804 -0.3337 -0.3369
vn -0.8844 -0.4069 0.2288
vn -0.0757 -0.9948 0.0680
vn 0.0310 -0.9535 -0.2998
vn 0.0293 -0.9516 -0.3059
vn -0.0081 -0.9942 -0.1075
vn -0.0846 -0.9950 -0.0523
vn -0.6606 -0.5702 0.4884
vn -0.3828 -0.7600 0.5252
vn -0.7066 -0.4652 0.5332
vn -0.9022 -0.1433 -0.4068
vn -0.0203 -0.9775 0.2102
vn -0.7972 -0.4436 -0.4094
vn -0.7647 -0.4353 -0.4752
vn 0.2313 -0.8097 0.5393
vn -0.3835 -0.7340 0.5605
vn -0.6166 -0.5489 0.5644
vn -0.5816 -0.5763 0.5741
vn -0.6149 -0.5194 0.5934
vn -0.8686 -0.1939 0.4560
vn -0.4066 -0.7392 0.5369
vn -0.3063 -0.9272 0.2157
vn -0.3650 -0.3367 0.8680
vn -0.0681 -0.9693 0.2363
vn -0.1222 -0.8858 0.4476
vn -0.5378 0.6397 -0.5491
vn 0.1054 0.8950 -0.4335
vn 0.4631 0.8445 -0.2691
vn 0.8917 0.4060 -0.2002
vn 0.9972 0.0752 -0.0050
vn 0.8422 -0.4871 0.2313
vn 0.3447 -0.8345 0.4298
vn 0.3405 -0.9144 0.2189
vn 0.3818 -0.9198 0.0903
vn -0.2226 -0.9669 0.1246
vn -0.4495 -0.8825 0.1386
vn -0.6203 -0.7844 0.0018
vn 0.9901 -0.1276 -0.0590
vn 0.9767 0.2079 -0.0530
vn 0.9391 -0.3433 -0.0136
vn 0.8357 -0.5469 0.0504
vn -0.4891 -0.7382 0.4645
vn -0.6013 -0.7895 -0.1227
vn -0.8741 -0.4303 -0.2252
vn -0.7463 -0.3619 -0.5586
vn -0.8948 0.2803 -0.3476
vn -0.5158 -0.5362 0.6681
vn -0.6272 -0.2343 0.7428
vn -0.5229 -0.5566 0.6456
vn -0.5359 -0.8443 -0.0057
vn -0.5430 -0.6199 -0.5665
vn -0.5280 -0.1455 -0.8367
vn -0.4944 0.0304 -0.8687
vn -0.4308 0.4940 -0.7553
vn -0.9642 0.1894 0.1858
vn -0.7483 -0.4333 0.5023
vn -0.8494 -0.4467 0.2810
vn -0.3905 -0.5714 0.7218
vn -0.8101 -0.4782 0.3391
vn -0.9359 -0.3137 -0.1603
vn -0.9887 -0.1208 -0.0892
vn -0.7952 -0.5653 -0.2194
vn -0.7137 -0.4963 -0.4943
vn -0.6820 -0.5917 -0.4298
vn -0.7080 -0.5821 -0.3999
vn -0.7683 -0.5462 -0.3339
vn 0.0494 -0.9841 -0.1704
vn 0.0741 -0.9855 -0.1525
vn 0.0551 -0.9953 -0.0801
vn 0.0170 -0.9993 0.0323
vn 0.0934 -0.9405 0.3268
vn -0.9161 -0.0433 -0.3987
vn -0.8605 -0.0666 -0.5051
vn -0.6803 -0.7194 -0.1400
vn -0.6887 -0.6795 -0.2529
vn -0.3177 -0.9137 0.2533
vn -0.5019 -0.8402 0.2053
vn -0.6685 -0.6187 -0.4127
vn -0.7932 -0.0347 -0.6079
vn -0.6704 -0.0933 -0.7361
vn -0.8452 0.5109 -0.1570
vn -0.8917 0.0005 -0.4526
vn -0.9904 0.0538 0.1272
vn -0.6491 0.6359 -0.4174
vn -0.9096 -0.0391 -0.4136
vn -0.6578 0.6345 -0.4059
vn -0.5895 0.6596 -0.4662
vn -0.5338 0.6595 -0.5293
vn -0.4833 0.6827 -0.5480
vn -0.3988 0.6930 0.6006
vn 0.1922 0.6502 0.7351
vn -0.1336 0.9891 -0.0616
vn 0.1029 0.9633 -0.2478
vn -0.0396 0.9915 -0.1238
vn 0.4287 0.7559 0.4948
vn 0.5349 -0.0610 0.8427
vn 0.8005 0.0937 0.5920
vn 0.5894 0.7710 0.2412
vn 0.8749 0.2470 0.4167
vn 0.6121 0.7866 0.0807
vn 0.4593 0.8256 0.3278
vn 0.0159 0.9759 -0.2178
vn -0.1111 0.9899 -0.0881
vn -0.1247 0.9201 -0.3714
vn 0.6497 0.1840 0.7376
vn 0.1254 0.2756 0.9531
vn 0.2892 0.8829 0.3700
vn -0.2842 0.9578 -0.0441
vn -0.0414 -0.0872 0.9953
vn -0.1576 -0.6533 0.7405
vn 0.3854 -0.5798 0.7179
vn 0.7098 -0.4449 0.5462
vn 0.5459 -0.5866 0.5982
vn 0.0622 -0.7961 0.6019
vn -0.6091 -0.3816 0.6952
vn -0.1851 -0.9281 0.3232
vn -0.7305 -0.6704 -0.1301
vn -0.7026 -0.6846 -0.1941
vn -0.7204 -0.6899 -0.0712
vn -0.0588 -0.9523 0.2994
vn 0.0013 -0.9574 0.2888
vn -0.7034 -0.4510 -0.5495
vn -0.7339 -0.4191 -0.5346
vn -0.0821 -0.9861 -0.1448
vn -0.0542 -0.9944 0.0904
vn -0.9930 -0.1132 0.0328
vn -0.7063 -0.5576 0.4361
vn -0.6187 -0.4226 0.6623
vn -0.6087 -0.2356 0.7576
vn -0.6345 -0.4147 -0.6522
vn -0.5406 -0.3451 -0.7673
vn -0.7298 -0.3105 -0.6091
vn -0.9102 -0.3997 0.1089
vn -0.0410 -0.9518 -0.3039
vn -0.2834 -0.8142 0.5067
vn 0.1559 -0.8999 -0.4072
vn 0.0478 -0.9373 -0.3452
vn -0.0298 -0.9684 -0.2476
vn -0.8774 0.2004 -0.4359
vn -0.7240 -0.3451 -0.5973
vn -0.6618 -0.3066 -0.6841
vn -0.5913 -0.2411 -0.7696
vn -0.5527 -0.1755 -0.8147
vn -0.6795 -0.4117 -0.6073
vn 0.0092 -0.9416 -0.3367
vn 0.1076 -0.8672 -0.4863
vn 0.1061 -0.8828 -0.4577
vn -0.0770 -0.9894 -0.1228
vn -0.3010 -0.8455 0.4410
vn 0.2074 -0.3232 -0.9233
vn -0.5745 -0.3455 -0.7420
vn -0.5628 -0.7929 -0.2336
vn 0.5196 -0.6393 -0.5668
vn -0.4028 0.6823 -0.6101
vn -0.7420 0.4668 -0.4811
vn -0.4330 0.3823 -0.8163
vn -0.7580 0.5946 0.2683
vn 0.0936 0.6636 -0.7422
vn -0.1501 0.4872 -0.8603
vn 0.2649 0.4154 -0.8702
vn -0.8258 0.4965 -0.2676
vn -0.9700 -0.0909 0.2253
vn -0.6789 -0.7090 0.1907
vn -0.2211 0.1762 -0.9592
vn -0.4830 -0.7476 -0.4558
vn -0.6094 0.7905 -0.0612
vn -0.0819 0.9942 -0.0691
vn 0.0377 -0.8922 -0.4501
vn -0.2235 0.9226 0.3145
vn -0.2716 0.9241 -0.2688
vn -0.3326 0.8747 -0.3525
vn 0.4002 0.4453 0.8010
vn -0.7690 0.2180 0.6009
vn 0.5437 -0.1542 0.8250
vn -0.7007 -0.6076 0.3740
vn -0.3323 0.5005 0.7995
vn 0.8867 0.3216 0.3322
vn -0.0079 -0.7761 0.6305
vn 0.8453 -0.5209 0.1192
vn 0.1077 0.6301 0.7690
vn 0.2873 0.2735 0.9179
vn -0.2490 0.4680 0.8479
vn -0.7958 0.5224 0.3061
vn 0.6081 0.5891 0.5321
vn 0.8640 0.2389 0.4433
vn 0.4456 0.4871 0.7511
vn -0.4714 0.3823 0.7948
vn -0.2755 -0.7929 0.5435
vn 0.0524 -0.3497 0.9354
vn 0.7582 -0.3231 0.5663
vn 0.7687 -0.6332 0.0905
vn -0.8868 -0.4187 0.1955
vn 0.5826 0.0547 0.8109
vn -0.6397 -0.7090 0.2969
vn -0.0703 -0.7476 0.6604
vn -0.4560 0.6053 0.6524
vn -0.3961 0.6971 0.5976
vn 0.4904 -0.8429 0.2214
vn -0.3743 0.9226 -0.0933
vn -0.0314 0.9241 0.3809
vn 0.2304 0.8970 0.3772
vn 0.3874 0.7751 -0.4992
vn -0.8733 0.3752 0.3109
vn 0.4066 -0.9010 0.1510
vn -0.4773 -0.8677 0.1387
vn 0.2331 -0.9387 -0.2540
vn 0.5315 0.8423 0.0899
vn -0.7765 0.4976 -0.3866
vn -0.3982 -0.7760 -0.4891
vn 0.4569 0.3226 -0.8290
vn 0.5849 -0.5111 -0.6298
vn 0.2524 -0.9577 -0.1382
vn 0.9245 0.3080 -0.2245
vn 0.5048 -0.6891 -0.5199
vn 0.5529 0.6888 -0.4689
vn 0.8474 -0.4294 -0.3122
vn 0.4446 0.8805 -0.1646
vn 0.7279 0.6857 -0.0088
vn 0.7227 -0.6877 0.0690
vn 0.8481 0.3080 -0.4310
vn 0.2772 -0.9581 -0.0724
vn 0.8418 -0.1000 0.5304
vn 0.6400 -0.7607 -0.1084
vn 0.5404 -0.4370 0.7190
vn -0.4179 -0.6406 0.6443
vn -0.2287 -0.0652 0.9713
vn -0.6518 -0.5959 0.4691
vn -0.3981 0.1770 0.9001
vn -0.1987 0.9104 0.3629
vn -0.1500 0.9828 -0.1080
vn 0.6676 0.4949 0.5562
vn 0.6690 0.7357 -0.1059
vn -0.3829 -0.8763 -0.2924
vn 0.1269 -0.9811 -0.1459
vn 0.0859 -0.0816 -0.9930
vn 0.5921 0.7791 0.2060
vn 0.9468 0.0046 -0.3217
vn 0.0187 -0.2834 0.9588
vn -0.6059 -0.7271 0.3227
vn -0.9087 0.3029 0.2873
vn 0.0100 0.6753 0.7375
vn -0.1115 0.8344 0.5398
vn 0.8497 0.5210 -0.0811
vn 0.3947 0.7335 -0.5533
vn 0.9381 -0.3025 -0.1688
vn 0.0853 -0.7884 0.6092
vn 0.1367 0.2036 0.9695
vn 0.9284 0.0046 -0.3717
vn 0.0223 0.8976 -0.4402
vn 0.8088 -0.1519 0.5681
vn 0.1912 -0.9811 0.0281
vn -0.5919 -0.2835 -0.7545
vn -0.4903 0.6731 -0.5536
vn -0.8815 0.3035 0.3617
vn -0.6890 -0.7136 0.1268
vn 0.5527 -0.7544 -0.3541
vn -0.1005 -0.8763 0.4711
vn -0.7365 -0.6406 -0.2174
vn -0.8002 -0.5959 0.0679
vn -0.0437 0.9828 0.1797
vn -0.8895 0.1794 -0.4203
vn -0.3872 0.9103 -0.1463
vn -0.8111 -0.0232 -0.5844
vn -0.0704 -0.4466 -0.8920
vn 0.2934 -0.1042 -0.9503
vn 0.1554 0.4887 -0.8585
vn 0.5770 0.7357 -0.3548
vn -0.4338 0.8388 -0.3290
vn 0.6598 0.7335 0.1635
vn -0.2369 0.9477 0.2139
vn -0.4060 0.9015 0.1500
vn -0.3156 0.9488 -0.0138
vn 0.1941 0.6085 0.7695
vn -0.1193 0.6477 0.7525
vn -0.3755 0.7005 0.6069
vn -0.5418 0.7379 0.4025
vn -0.6228 0.7477 0.2303
vn -0.6733 0.7379 0.0469
vn -0.6800 0.7005 -0.2166
vn -0.5802 0.6477 -0.4938
vn -0.3532 0.6085 -0.7107
vn -0.0576 0.6233 -0.7799
vn 0.3068 0.6750 -0.6710
vn 0.1149 0.9711 -0.2092
vn 0.2330 0.9581 -0.1665
vn 0.1702 0.9837 -0.0579
vn 0.5035 0.7207 -0.4765
vn 0.6308 0.7400 -0.2333
vn 0.2842 0.9584 -0.0271
vn 0.2221 0.9713 0.0850
vn 0.4636 0.6233 0.6297
vn 0.6695 0.6750 0.3100
vn 0.6924 0.7207 0.0343
vn -0.0158 -0.9984 0.0539
vn 0.0271 -0.9996 0.0118
vn 0.0562 -0.9984 -0.0079
vn 0.0584 -0.9981 -0.0216
vn 0.0478 -0.9984 -0.0306
vn 0.0129 -0.9996 -0.0266
vn -0.0471 -0.9984 -0.0307
vn -0.0659 -0.9930 -0.0977
vn -0.0714 -0.9974 -0.0024
vn -0.0577 -0.9981 0.0213
vn -0.0527 -0.9974 0.0483
vn 0.0135 -0.9930 0.1170
vn 0.8222 -0.3025 -0.4822
vn -0.3219 -0.7884 -0.5241
vn -0.5315 0.2080 -0.8211
vn 0.6971 0.5214 -0.4921
vn -0.9731 0.2234 0.0554
vn -0.2172 0.4453 -0.8687
vn -0.1238 -0.1542 -0.9802
vn -0.7754 -0.6076 0.1718
vn 0.8740 0.4173 0.2488
vn 0.4052 0.5591 -0.7233
vn 0.5116 0.7690 0.3833
vn -0.0188 0.8240 -0.5663
vn 0.0176 0.8242 0.5660
vn -0.5125 0.7682 -0.3838
vn -0.4087 0.5579 0.7223
vn -0.8740 0.4173 -0.2488
vn -0.6028 0.0844 0.7934
vn -0.9737 -0.0854 -0.2112
vn -0.5020 -0.4183 0.7570
vn -0.7796 -0.5584 -0.2837
vn -0.1392 -0.7689 0.6240
vn -0.3541 -0.8240 -0.4423
vn 0.3549 -0.8242 0.4412
vn 0.1395 -0.7682 -0.6249
vn 0.7803 -0.5579 0.2826
vn 0.5019 -0.4173 -0.7576
vn 0.9740 -0.0844 0.2103
vn 0.6021 0.0854 -0.7939
vn -0.3468 -0.0000 -0.9379
vn 0.3468 -0.0000 0.9379
vn -0.5388 -0.4165 -0.7323
vn -0.5350 -0.6407 0.5507
vn -0.4369 -0.6513 0.6205
vn -0.9286 -0.2591 -0.2655
vn -0.5092 0.7720 -0.3805
vn -0.6177 -0.0037 0.7864
vn 0.5327 -0.8340 -0.1439
vn 0.8659 -0.0775 -0.4942
vn 0.6475 -0.1496 0.7472
vn -0.2357 -0.7203 0.6524
vn 0.5173 0.4463 0.7302
vn 0.6209 0.3121 0.7191
vn 0.4823 0.4819 0.7315
vn 0.1244 0.8006 0.5861
vn 0.2361 0.7507 -0.6170
vn -0.1469 -0.4539 -0.8788
vn -0.1377 -0.3553 -0.9246
vn -0.0284 -0.1798 -0.9833
vn 0.3829 0.3909 -0.8370
vn 0.3549 0.5938 -0.7221
vn -0.1495 -0.9717 0.1830
vn -0.0357 -0.9551 0.2940
vn 0.5874 0.0403 0.8083
vn 0.0938 -0.2396 0.9663
vn -0.7286 -0.6385 0.2478
vn -0.4910 0.6405 0.5905
vn 0.7345 0.3290 -0.5935
vn 0.8323 -0.3298 -0.4456
vn -0.1828 -0.4006 -0.8978
vn -0.6345 0.0010 -0.7729
vn -0.0315 -0.9988 -0.0368
vn 0.8309 0.2013 0.5188
vn -0.0723 0.9973 0.0134
vn -0.8829 0.2495 -0.3978
vn -0.6456 -0.0136 -0.7636
vn -0.4843 -0.1087 -0.8682
vn 0.3841 0.9233 -0.0029
vn 0.8145 0.4489 0.3675
vn 0.7861 0.2752 0.5534
vn 0.1293 0.9905 -0.0477
vn -0.4065 -0.5995 -0.6894
vn -0.7468 -0.6009 -0.2851
vn -0.5990 0.2314 -0.7666
vn -0.9600 0.2169 -0.1773
vn -0.6380 0.5909 -0.4938
vn -0.8465 0.2296 -0.4803
vn -0.4926 0.5885 -0.6411
vn -0.4226 0.7205 -0.5498
vn -0.3340 0.7239 -0.6037
vn -0.3243 0.5925 -0.7374
vn -0.2420 0.2297 -0.9427
vn 0.0658 -0.6182 -0.7833
vn 0.3501 -0.8160 0.4599
vn -0.8156 -0.5755 0.0603
vn -0.7385 -0.5888 0.3284
vn -0.9706 0.2254 0.0845
vn -0.7241 0.5907 -0.3561
vn -0.4956 0.7266 -0.4758
vn -0.3440 0.8159 -0.4648
vn -0.2797 0.7264 -0.6278
vn -0.1642 0.5909 -0.7899
vn 0.0669 0.2225 -0.9726
vn 0.3779 -0.6032 -0.7024
vn 0.5983 -0.5980 -0.5334
vn 0.7849 -0.4970 -0.3700
vn 0.5523 0.2853 -0.7833
vn -0.2525 0.7271 -0.6384
vn -0.5986 -0.4885 0.6348
vn -0.9009 0.2974 0.3162
vn -0.4027 -0.3322 0.8529
vn -0.7883 0.4448 0.4252
vn -0.7576 0.6497 -0.0633
vn -0.7613 0.6111 -0.2168
vn -0.5609 0.7268 -0.3964
vn -0.5321 0.7265 -0.4348
vn -0.5540 0.7755 -0.3027
vn -0.4937 0.8407 -0.2224
vn -0.6663 0.7431 0.0621
vn -0.3820 0.9049 -0.1876
vn -0.2513 0.9488 -0.1912
vn -0.5098 0.8575 0.0694
vn -0.5769 0.6179 0.5342
vn -0.1835 0.1874 0.9650
vn 0.1962 0.1744 0.9649
vn -0.2894 0.8169 0.4989
vn -0.2628 0.9647 -0.0178
vn 0.6794 0.4037 -0.6128
vn 0.2554 0.7268 -0.6376
vn 0.2770 0.8623 -0.4239
vn -0.0654 0.8835 -0.4638
vn -0.0824 0.9428 -0.3230
vn -0.1510 0.9607 -0.2331
vn 0.1459 0.9814 0.1247
vn 0.1774 0.9461 0.2708
vn 0.4024 0.3673 0.8385
vn 0.9619 -0.2729 0.0140
vn 0.7417 0.6621 -0.1071
vn 0.3431 0.9385 0.0387
vn 0.5689 0.7529 0.3309
vn 0.6125 0.4675 0.6374
vn 0.8247 0.2362 0.5139
vn 0.1548 0.6475 -0.7462
vn -0.0791 0.8257 -0.5585
vn -0.1587 0.7670 -0.6217
vn -0.0196 0.5958 -0.8029
vn 0.3366 0.2326 -0.9125
vn -0.3106 -0.2402 -0.9197
vn -0.1545 -0.4442 -0.8825
vn -0.3497 -0.9367 0.0147
vn 0.0376 0.3701 -0.9282
vn -0.2186 0.9673 0.1283
vn -0.1603 0.9466 0.2799
vn 0.1439 0.9803 0.1353
vn -0.6594 0.6873 0.3048
vn -0.6520 0.7578 -0.0239
vn -0.9830 -0.1254 -0.1338
vn -0.7977 -0.1054 -0.5938
vn -0.5419 -0.0566 -0.8385
vn -0.2482 0.6685 -0.7011
vn -0.2650 0.8938 -0.3618
vn 0.2182 0.7032 -0.6767
vn 0.2464 0.9275 -0.2812
vn 0.3451 0.8860 -0.3096
vn 0.3720 0.9282 0.0038
vn 0.4737 0.8434 -0.2536
vn 0.5532 0.8138 -0.1782
vn 0.7377 0.5697 -0.3623
vn 0.0955 0.9951 0.0268
vn -0.1383 0.9878 -0.0709
vn -0.3852 0.8075 -0.4468
vn -0.1688 0.9705 -0.1719
vn 0.1027 0.9903 -0.0938
vn 0.1055 0.9885 -0.1083
vn 0.7948 0.0545 -0.6045
vn 0.9457 0.0604 -0.3194
vn 0.5906 -0.7763 -0.2201
vn 0.6635 -0.7480 0.0140
vn 0.2516 -0.6766 -0.6921
vn 0.3713 0.1178 -0.9210
vn 0.5401 0.6049 -0.5852
vn 0.7978 0.5666 -0.2063
vn 0.9869 0.1415 -0.0780
vn 0.7446 -0.6202 0.2468
vn 0.7152 -0.4763 0.5115
vn 0.9474 0.2765 0.1613
vn 0.7853 0.6186 -0.0237
vn 0.5803 0.8119 -0.0641
vn 0.5598 0.8279 0.0365
vn 0.5403 0.8397 0.0545
vn 0.7226 0.6854 0.0901
vn 0.6171 0.7622 0.1953
vn 0.8116 0.4372 0.3875
vn 0.4676 -0.2283 0.8539
vn -0.0053 -0.1081 0.9941
vn -0.4086 -0.0748 0.9096
vn 0.1646 0.6861 0.7086
vn -0.1564 0.6950 0.7018
vn 0.2786 0.8898 0.3613
vn 0.1204 0.9160 0.3826
vn 0.3223 0.9307 0.1728
vn 0.2712 0.9441 0.1876
vn 0.2254 0.9539 0.1981
vn 0.5218 0.5980 0.6083
vn 0.4676 0.8323 0.2977
vn 0.4166 0.8977 0.1433
vn 0.4986 0.8621 0.0904
vn -0.6003 -0.1697 0.7816
vn -0.4038 0.6750 0.6174
vn -0.0203 0.9345 0.3554
vn -0.5893 0.6722 0.4481
vn -0.9626 -0.1752 0.2068
vn -0.8178 -0.1962 0.5410
vn 0.9502 0.2764 -0.1438
vn 0.0349 -0.5196 -0.8537
vn 0.3092 -0.5742 -0.7581
vn 0.3705 0.3489 0.8608
vn 0.2936 0.5620 0.7733
vn 0.2417 0.6479 0.7223
vn -0.8705 0.0354 -0.4909
vn -0.8844 0.4344 -0.1708
vn -0.7130 0.3407 -0.6128
vn -0.0572 0.9550 -0.2912
vn -0.0371 0.8471 -0.5302
vn -0.1629 0.8954 0.4145
vn -0.6450 0.2271 0.7297
vn -0.2450 -0.2369 0.9401
vn 0.0519 -0.0339 0.9981
vn 0.1765 0.3833 0.9066
vn 0.9463 0.0689 0.3159
vn -0.5389 0.0793 -0.8386
vn -0.2954 0.0499 -0.9541
vn 0.3483 0.3066 -0.8858
vn 0.7123 0.3242 -0.6225
vn 0.7128 0.3222 -0.6229
vn -0.3353 0.3199 -0.8862
vn 0.6848 0.4045 -0.6062
vn -0.1883 0.8443 -0.5017
vn -0.0232 0.9840 -0.1769
vn -0.4514 0.5754 -0.6820
vn -0.5907 0.2187 -0.7767
vn -0.6376 -0.1258 -0.7600
vn -0.3801 0.6383 -0.6694
vn 0.4533 -0.8697 -0.1951
vn 0.5344 -0.7306 -0.4250
vn 0.5808 -0.7688 0.2677
vn 0.3371 -0.9097 0.2426
vn 0.2559 -0.2893 -0.9224
vn 0.3180 -0.7182 -0.6190
vn -0.5437 -0.8337 -0.0967
vn -0.5394 -0.6813 0.4949
vn -0.1960 -0.6657 0.7200
vn -0.0289 -0.5321 0.8462
vn 0.2251 -0.5816 0.7817
vn 0.2061 -0.3341 0.9197
vn 0.7875 -0.3798 0.4855
vn 0.9640 0.0007 0.2661
vn 0.9644 -0.0009 0.2644
vn 0.5313 -0.8470 0.0158
vn -0.0842 -0.3945 0.9150
vn 0.1131 0.0355 0.9929
vn -0.4958 -0.4183 0.7610
vn -0.6229 -0.4790 0.6185
vn -0.8701 -0.4881 0.0688
vn -0.8239 -0.3362 -0.4563
vn -0.9090 -0.2773 -0.3112
vn -0.7836 -0.6211 -0.0128
vn -0.7796 -0.5838 0.2268
vn -0.7045 -0.1545 0.6926
vn -0.9346 0.1329 0.3298
vn -0.9434 -0.2628 -0.2024
vn -0.9500 0.2886 0.1195
vn -0.6354 0.6432 0.4273
vn -0.8551 -0.4066 -0.3217
vn -0.1912 -0.8295 -0.5247
vn -0.3788 -0.8962 -0.2311
vn -0.4930 -0.1603 -0.8551
vn 0.3825 0.1468 -0.9122
vn -0.3345 -0.7500 -0.5706
vn -0.1553 -0.7742 0.6137
vn 0.3151 -0.8532 -0.4156
vn 0.4676 -0.8769 -0.1110
vn 0.0395 -0.9340 -0.3550
vn -0.7342 -0.5107 0.4474
vn -0.8769 -0.4665 0.1156
vn -0.9378 -0.3288 -0.1117
vn -0.9308 -0.1321 -0.3408
vn -0.0880 -0.0285 -0.9957
vn -0.0873 -0.0305 -0.9957
vn -0.1225 0.0509 -0.9912
vn -0.7630 0.5052 -0.4032
vn -0.4879 0.7768 -0.3981
vn -0.8041 -0.2616 0.5339
vn -0.9065 -0.1824 0.3808
vn -0.9852 -0.1635 -0.0519
vn -0.9237 0.2519 -0.2886
vn -0.9653 0.2004 -0.1676
vn -0.6762 0.5154 -0.5264
vn -0.5414 0.6890 -0.4818
vn -0.1779 0.9831 0.0435
vn -0.7283 0.4795 0.4895
vn -0.3505 0.7824 0.5148
vn -0.4258 0.2950 0.8554
vn -0.1745 0.4130 0.8939
vn -0.0083 -0.2085 0.9780
vn 0.5238 0.8519 -0.0005
vn 0.1324 0.4668 0.8744
vn -0.9953 0.0254 0.0934
vn -0.2690 -0.5310 0.8035
vn 0.1058 -0.2504 0.9623
vn 0.8152 -0.5759 -0.0614
vn 0.7112 -0.6914 0.1270
vn 0.5902 -0.2459 0.7689
vn 0.2681 -0.3599 0.8936
vn -0.3251 -0.3737 0.8687
vn -0.4856 -0.4134 0.7703
vn -0.8089 0.0775 0.5828
vn 0.3452 0.0055 0.9385
vn 0.7412 -0.0641 0.6682
vn 0.8805 -0.1447 0.4515
vn 0.8751 0.1386 0.4636
vn 0.7064 0.0900 0.7020
vn 0.7355 0.5006 0.4565
vn 0.7020 0.4495 0.5524
vn 0.7270 0.6547 0.2070
vn 0.3434 0.9375 -0.0563
vn 0.6890 0.7203 0.0808
vn 0.5476 0.2862 0.7863
vn 0.7864 0.1867 -0.5888
vn 0.7862 0.1004 -0.6098
vn 0.7862 0.1025 -0.6094
vn 0.9761 0.0730 -0.2047
vn 0.7399 -0.6607 -0.1264
vn -0.6527 -0.0118 0.7575
vn -0.4744 0.1992 0.8575
vn -0.5547 0.5174 0.6516
vn 0.0256 0.9997 -0.0058
vn -0.3908 0.9024 -0.1814
vn -0.8140 -0.1741 0.5542
vn -0.1305 0.2839 -0.9499
vn -0.8805 0.2687 -0.3906
vn -0.1739 0.6597 -0.7312
vn 0.7778 0.3810 -0.4998
vn 0.8200 -0.0445 -0.5706
vn 0.9195 0.1750 0.3521
vn 0.7714 -0.4764 -0.4219
vn 0.6309 -0.7732 -0.0645
vn -0.3152 -0.5525 -0.7716
vn -0.5114 -0.7683 -0.3848
vn -0.7600 -0.6238 0.1822
vn -0.9905 0.0602 0.1236
vn 0.2598 -0.4885 0.8330
vn 0.2843 -0.0222 0.9585
vn 0.0341 -0.0077 0.9994
vn -0.2003 0.3677 0.9081
vn -0.1742 -0.1527 -0.9728
vn 0.4356 -0.7928 0.4262
vn 0.2681 0.9532 0.1395
vn -0.4455 0.8219 -0.3549
vn -0.3254 0.7985 -0.5065
vn 0.6815 0.6725 -0.2887
vn 0.7457 0.6450 0.1671
vn 0.4769 0.8756 0.0764
vn 0.3661 0.7789 0.5092
vn 0.2419 0.9264 0.2885
vn 0.1670 0.8180 0.5504
vn 0.1228 0.9443 0.3052
vn 0.2633 0.9118 0.3151
vn 0.1247 0.9399 0.3178
vn -0.0054 0.9586 0.2846
vn -0.0081 0.9576 0.2881
vn -0.2503 0.8946 0.3702
vn 0.1495 0.9160 0.3723
vn 0.2207 0.8900 0.3991
vn 0.5096 0.7050 0.4932
vn 0.4652 0.6732 0.5748
vn 0.8300 0.3404 0.4418
vn 0.7519 0.3096 0.5820
vn 0.9336 0.1229 0.3366
vn 0.9545 0.1045 0.2794
vn 0.9722 0.0687 0.2238
vn 0.9949 0.0956 -0.0326
vn 0.9936 0.1124 -0.0067
vn 0.9438 0.1683 -0.2846
vn -0.0001 0.8111 0.5849
vn -0.3901 0.5131 0.7646
vn -0.9026 0.3665 0.2257
vn 0.2042 0.5349 0.8199
vn 0.9512 0.0606 -0.3025
vn 0.9354 0.1820 -0.3030
vn 0.9989 0.0404 -0.0256
vn 0.9822 0.0548 0.1796
vn 0.9495 0.0877 0.3012
vn 0.9228 0.1241 0.3647
vn 0.7583 0.3083 0.5744
vn 0.5007 0.4179 0.7580
vn 0.2121 0.4672 0.8583
vn -0.1453 0.5134 0.8458
vn -0.0623 0.8494 0.5241
vn -0.1903 -0.0815 0.9783
vn 0.2129 -0.1047 0.9714
vn 0.5276 -0.1206 0.8409
vn 0.8043 -0.1462 0.5760
vn 0.9206 -0.1566 0.3577
vn 0.9425 -0.1498 0.2986
vn 0.9736 -0.1477 0.1740
vn 0.9885 -0.1494 -0.0243
vn 0.9421 -0.1534 -0.2983
vn 0.7675 0.0914 -0.6345
vn 0.7562 -0.1529 -0.6362
vn 0.4005 0.1175 -0.9087
vn 0.6981 -0.7040 0.1306
vn 0.5593 -0.8046 0.1995
vn 0.6499 -0.7086 0.2749
vn 0.5681 -0.7296 0.3807
vn 0.3551 -0.7387 0.5729
vn 0.1435 -0.7409 0.6561
vn -0.1209 -0.7380 0.6639
vn -0.3994 -0.7249 0.5613
vn -0.8508 0.2687 -0.4516
vn -0.8984 0.2054 -0.3881
vn -0.9188 -0.0389 -0.3928
vn -0.8637 -0.0400 -0.5024
vn -0.7084 -0.6195 -0.3381
vn -0.5519 -0.6449 -0.5287
vn -0.6701 -0.0617 -0.7397
vn -0.3923 -0.6696 -0.6307
vn -0.4373 -0.0838 -0.8954
vn -0.1361 -0.7030 -0.6981
vn -0.0661 -0.1137 -0.9913
vn 0.1803 -0.7318 -0.6572
vn 0.3865 -0.1405 -0.9115
vn 0.4649 -0.7406 -0.4851
vn 0.6345 -0.7314 -0.2499
vn 0.6952 -0.7177 -0.0404
vn -0.0504 0.1362 -0.9894
vn -0.4225 0.1456 -0.8946
vn -0.6559 0.1529 -0.7392
vn -0.8509 0.1757 -0.4950
vn -0.8833 0.3291 -0.3339
vn -0.7957 0.5012 -0.3401
vn -0.6811 0.7185 -0.1412
vn -0.4301 0.9026 -0.0169
vn -0.4076 0.9053 0.1197
vn -0.3456 0.9379 0.0296
vn -0.5852 0.8065 0.0843
vn -0.9400 0.2797 -0.1955
vn -0.3943 0.3384 -0.8544
vn -0.6429 0.2862 -0.7105
vn -0.5971 0.1674 -0.7845
vn -0.8311 0.1139 -0.5444
vn -0.6191 0.2111 -0.7564
vn -0.8657 0.2535 -0.4316
vn -0.8459 0.2534 -0.4693
vn -0.9420 0.3135 -0.1194
vn 0.0304 0.9513 -0.3067
vn -0.3516 0.2127 -0.9117
vn -0.3525 0.2166 -0.9104
vn -0.0579 0.3459 -0.9365
vn 0.3980 0.3249 -0.8579
vn 0.7343 0.2464 -0.6325
vn 0.7827 0.2169 -0.5834
vn 0.4469 0.2612 -0.8556
vn 0.0123 0.2607 -0.9653
vn -0.0752 0.2667 -0.9608
vn 0.2976 0.3245 -0.8978
vn 0.5890 0.3647 -0.7212
vn 0.8197 0.3735 -0.4343
vn 0.9042 0.3875 -0.1798
vn 0.8935 0.4224 0.1525
vn 0.7160 0.4915 0.4958
vn 0.2645 0.5830 0.7682
vn -0.2957 0.5990 0.7442
vn -0.8101 0.4723 0.3473
vn -0.6019 -0.7432 -0.2921
vn -0.8781 -0.0425 -0.4766
vn -0.7143 -0.6313 -0.3021
vn -0.7473 -0.6531 -0.1226
vn -0.9632 -0.0176 -0.2681
vn -0.8711 0.4211 -0.2528
vn -0.7285 -0.6724 0.1312
vn -0.9911 -0.0234 0.1312
vn -0.8751 0.4722 0.1062
vn -0.5920 0.8033 0.0652
vn -0.6228 -0.6969 0.3555
vn -0.8888 -0.0320 0.4571
vn -0.7657 0.5112 0.3903
vn -0.4834 0.8391 0.2493
vn -0.2523 0.9580 0.1361
vn -0.6094 -0.0534 0.7911
vn -0.5121 0.5330 0.6735
vn -0.2960 0.8594 0.4168
vn -0.1372 0.9645 0.2257
vn -0.1399 0.9642 0.2254
vn -0.2573 0.9568 0.1355
vn -0.3296 0.9436 0.0317
vn -0.6623 0.7331 -0.1544
vn -0.0577 -0.9983 0.0063
vn -0.0677 -0.9974 0.0251
vn -0.2180 0.7261 0.6521
vn -0.4225 0.8718 0.2479
vn -0.1927 0.8393 0.5083
vn -0.4471 0.2110 0.8692
vn -0.0894 0.8777 0.4709
vn -0.0615 0.8232 0.5644
vn -0.0153 0.5721 0.8200
vn -0.0046 0.0539 0.9985
vn -0.0784 0.0845 0.9933
vn 0.2663 0.0632 0.9618
vn 0.3957 -0.0646 0.9161
vn -0.1800 0.9109 0.3714
vn -0.2357 0.9409 0.2434
vn -0.2441 0.9384 0.2445
vn -0.2688 0.9574 0.1054
vn -0.1725 0.9130 0.3696
vn -0.0930 0.8805 0.4649
vn 0.0216 0.6130 0.7898
vn 0.1776 0.3568 0.9171
vn 0.1547 0.1344 0.9788
vn 0.2948 0.0666 0.9532
vn 0.5767 0.1214 0.8079
vn 0.6739 0.0294 0.7383
vn 0.7691 0.2097 0.6037
vn 0.8344 0.1414 0.5327
vn -0.1801 0.7023 0.6887
vn 0.9712 0.1453 -0.1889
vn 0.9144 0.2791 0.2931
vn 0.9599 0.0894 0.2658
vn 0.7923 0.0434 0.6086
vn 0.5930 0.0196 0.8050
vn 0.3150 0.0203 0.9489
vn 0.2005 0.0463 0.9786
vn 0.2729 0.1138 0.9553
vn 0.0745 0.2689 0.9603
vn -0.2780 0.3325 0.9012
vn -0.3373 0.7611 0.5540
vn 0.2214 0.0079 -0.9751
vn 0.0242 0.0144 -0.9996
vn 0.2239 0.2155 -0.9505
vn 0.4835 0.2076 -0.8504
vn 0.4806 -0.0136 -0.8768
vn 0.7761 0.1878 -0.6019
vn 0.7743 -0.0551 -0.6304
vn 0.9699 -0.1115 -0.2166
vn 0.9572 -0.1596 0.2413
vn 0.7889 -0.1851 0.5860
vn 0.5897 -0.1944 0.7839
vn 0.3188 -0.1947 0.9276
vn 0.1999 -0.1984 0.9595
vn 0.5341 -0.7467 0.3965
vn 0.6564 -0.7391 0.1515
vn 0.6774 -0.7168 -0.1652
vn 0.5645 -0.6739 -0.4767
vn -0.9970 -0.0746 -0.0218
vn -0.9093 -0.0325 -0.4149
vn -0.6779 -0.7228 -0.1340
vn -0.6349 -0.7546 0.1659
vn -0.8975 -0.1191 0.4247
vn -0.4745 -0.7716 0.4237
vn -0.6267 -0.1537 0.7640
vn -0.2719 -0.7726 0.5737
vn -0.3279 -0.1739 0.9286
vn -0.0278 -0.7638 0.6449
vn 0.0686 -0.1785 0.9815
vn 0.1621 -0.8393 0.5190
vn 0.2899 -0.1986 0.9362
vn 0.1718 -0.7493 0.6395
vn 0.1860 -0.7357 0.6512
vn 0.4121 -0.7420 0.5288
vn -0.5348 0.4002 0.7442
vn -0.7602 0.4702 0.4484
vn -0.8558 0.5139 0.0587
vn -0.7967 0.5259 -0.2977
vn -0.6407 0.5195 -0.5653
vn -0.7185 -0.0043 -0.6955
vn -0.4060 0.4454 -0.7980
vn -0.4039 0.0041 -0.9148
vn -0.1715 0.2819 -0.9440
vn -0.1664 0.0043 -0.9861
vn -0.1039 0.2479 -0.9632
vn -0.1040 0.0119 -0.9945
vn 0.0285 0.2235 -0.9743
vn -0.5219 0.8478 0.0941
vn -0.5025 0.8536 -0.1372
vn -0.2697 0.9626 -0.0263
vn -0.4216 0.8452 -0.3283
vn -0.2297 0.9630 -0.1410
vn -0.2416 0.9570 -0.1606
vn -0.2709 0.9622 -0.0280
vn -0.2751 0.9558 0.1037
vn -0.4638 0.8173 0.3419
vn -0.3025 0.9497 -0.0810
vn -0.3159 0.9329 -0.1731
vn -0.5692 0.8202 -0.0566
vn -0.4485 0.7821 -0.4326
vn -0.8617 0.4432 0.2471
vn -0.5112 0.2256 0.8293
vn 0.2177 0.9452 0.2433
vn 0.6271 0.0998 0.7725
vn 0.8209 0.1752 0.5435
vn 0.9090 0.2937 0.2956
vn 0.9427 0.2732 0.1917
vn 0.9013 0.4289 -0.0608
vn 0.9026 0.3560 -0.2419
vn -0.4167 0.6180 -0.6667
vn -0.0537 0.5986 -0.7993
vn 0.2827 0.5873 -0.7584
vn 0.5244 0.5673 -0.6350
vn 0.7715 0.5212 -0.3649
vn 0.6930 0.3578 -0.6259
vn 0.4446 0.3113 -0.8399
vn 0.2251 0.2523 -0.9411
vn -0.0967 0.2630 -0.9599
vn -0.4205 0.4540 -0.7855
vn -0.7776 0.5758 -0.2527
vn -0.7799 0.5258 -0.3396
vn -0.8374 0.4572 0.2996
vn 0.9237 0.3452 -0.1659
vn 0.7508 0.3441 -0.5638
vn 0.4583 0.3103 -0.8329
vn 0.2386 0.2508 -0.9382
vn 0.0263 0.2156 -0.9761
vn -0.1478 0.3071 -0.9401
vn -0.2753 0.5584 -0.7826
vn -0.3694 0.8002 -0.4725
vn 0.3640 -0.6282 -0.6877
vn 0.1646 -0.5977 -0.7846
vn 0.0089 -0.5797 -0.8148
vn -0.0863 -0.6984 -0.7105
vn -0.1607 -0.5865 -0.7938
vn -0.2678 -0.6143 -0.7422
vn -0.5020 -0.6504 -0.5701
vn -0.6245 -0.6823 -0.3800
vn -0.0430 -0.9940 -0.1006
vn -0.0225 -0.9940 -0.1066
vn 0.6935 -0.6211 0.3651
vn 0.2688 -0.8531 0.4472
vn 0.1865 -0.6658 -0.7224
vn 0.2074 0.1112 0.9719
vn 0.9157 -0.2180 0.3377
vn 0.5655 -0.3661 -0.7390
vn 0.2388 0.7755 0.5845
vn -0.2910 -0.1217 0.9489
vn 0.4070 0.7524 0.5180
vn -0.3339 -0.7287 0.5980
vn -0.3339 -0.6980 -0.6335
vn -0.1598 0.3331 -0.9293
vn 0.7221 0.0683 -0.6884
vn 0.9053 0.2296 0.3573
vn 0.6914 0.5864 0.4220
vn 0.4177 0.7661 -0.4885
vn -0.0508 0.7300 -0.6815
vn -0.0159 0.9094 -0.4156
vn -0.8999 -0.1069 -0.4228
vn 0.6475 0.4802 -0.5917
vn -0.7829 -0.3712 -0.4993
vn -0.6701 -0.2468 0.7001
vn -0.8691 -0.0773 0.4886
vn 0.0680 0.8764 0.4768
vn -0.2794 0.9010 0.3318
vn -0.2922 0.9527 0.0837
vn -0.9407 0.1534 0.3026
vn -0.9373 0.3440 0.0564
vn -0.9735 -0.0250 -0.2272
vn -0.1327 0.9748 -0.1794
vn -0.4848 0.8739 0.0351
vn -0.2724 0.8695 -0.4119
vn -0.9763 0.1441 -0.1613
vn -0.9361 -0.3124 0.1617
vn -0.8850 -0.4505 0.1180
vn -0.9136 -0.3428 0.2187
vn -0.9601 0.1002 0.2610
vn -0.5505 0.7182 0.4256
vn -0.8844 -0.0670 0.4620
vn -0.8469 -0.3140 0.4292
vn -0.0076 0.7595 0.6504
vn 0.0342 0.9662 0.2555
vn 0.2497 0.9427 -0.2213
vn 0.6309 0.7533 0.1858
vn 0.7015 0.7080 -0.0814
vn 0.9352 0.3537 -0.0180
vn 0.9638 -0.0054 0.2666
vn 0.9768 -0.2139 -0.0074
vn 0.8831 -0.1874 0.4301
vn 0.6909 -0.3214 0.6476
vn 0.9404 0.3289 0.0868
vn 0.0327 0.8279 0.5599
vn -0.7289 0.4278 0.5346
vn -0.7748 0.0356 0.6312
vn -0.1754 -0.3897 0.9041
vn 0.6696 -0.0825 -0.7381
vn 0.6246 0.2557 -0.7379
vn 0.7500 -0.6489 -0.1284
vn 0.8908 -0.1910 -0.4124
vn 0.8177 -0.5668 0.1007
vn 0.4815 -0.8028 0.3517
vn 0.2666 -0.8419 0.4691
vn 0.1539 -0.7609 0.6304
vn -0.1584 -0.7031 0.6932
vn -0.6289 -0.6385 0.4436
vn -0.0346 -0.8953 0.4441
vn 0.3370 -0.8842 0.3234
vn 0.6741 -0.7079 -0.2108
vn 0.5437 0.1128 -0.8317
vn -0.7847 0.5988 0.1601
vn -0.8086 0.5874 -0.0333
vn -0.5095 0.7717 -0.3806
vn -0.5980 0.6337 -0.4907
vn -0.2505 0.6357 -0.7302
vn 0.1352 0.6244 -0.7693
vn -0.0097 0.8256 -0.5642
vn -0.4673 0.8738 -0.1344
vn -0.9299 0.3305 0.1611
vn -0.9515 -0.2126 0.2222
vn -0.6379 0.7555 -0.1492
vn -0.8017 -0.0289 -0.5971
vn 0.1658 0.4482 0.8784
vn 0.2074 -0.9171 -0.3403
vn -0.0271 0.3094 -0.9505
vn 0.2057 0.9187 -0.3372
vn 0.8597 0.4242 -0.2845
vn -0.5492 -0.2420 -0.7999
vn 0.5629 -0.8039 -0.1920
vn 0.1684 -0.0827 0.9822
vn 0.9683 0.2293 0.0994
vn 0.8349 -0.1280 -0.5353
vn 0.3657 0.5209 -0.7713
vn -0.6882 0.7141 -0.1282
vn 0.4346 0.9005 0.0096
vn 0.8257 0.5043 -0.2528
vn 0.6401 0.7308 0.2372
vn 0.7378 0.6748 0.0184
vn 0.7115 0.2575 -0.6538
vn 0.8312 0.4976 0.2482
vn -0.1218 0.9834 0.1343
vn 0.3630 0.7652 -0.5316
vn 0.3521 0.9303 -0.1030
vn 0.4535 0.3965 -0.7982
vn 0.2031 0.4044 -0.8918
vn 0.2455 0.1264 -0.9611
vn -0.3049 0.1720 -0.9367
vn -0.3015 -0.1449 -0.9424
vn -0.9051 0.3565 -0.2319
vn -0.2927 -0.5653 -0.7712
vn -0.3170 -0.5457 -0.7757
vn 0.2398 -0.7045 -0.6680
vn 0.2698 -0.3656 -0.8908
vn 0.7428 -0.4531 -0.4929
vn 0.5234 0.6827 -0.5099
vn -0.1233 0.9824 0.1405
vn -0.3052 0.6103 -0.7310
vn 0.1204 0.7176 -0.6860
vn -0.7633 0.1099 -0.6366
vn -0.8318 0.2215 -0.5089
vn -0.7372 0.3720 -0.5640
vn -0.3389 0.4762 -0.8114
vn -0.3321 0.5327 -0.7784
vn -0.2086 0.2539 -0.9445
vn -0.1249 0.3352 -0.9338
vn -0.0549 0.3495 -0.9353
vn -0.4169 -0.4686 -0.7789
vn 0.1375 -0.9705 -0.1981
vn -0.0772 -0.4059 -0.9106
vn -0.4614 -0.5195 -0.7192
vn -0.5817 0.2105 -0.7857
vn -0.5566 0.0788 -0.8271
vn -0.5633 0.3877 -0.7296
vn -0.6559 0.4150 -0.6305
vn -0.5908 0.2533 -0.7660
vn -0.4387 0.5340 -0.7228
vn -0.1796 0.7162 -0.6744
vn -0.6535 0.3812 -0.6540
vn -0.7265 0.1280 -0.6751
vn -0.8507 0.2714 -0.4502
vn -0.7816 0.6103 -0.1292
vn -0.7569 0.5412 -0.3662
vn -0.3999 0.8648 -0.3037
vn -0.6527 0.6440 -0.3991
vn -0.8088 0.3049 -0.5029
vn -0.5534 0.5135 -0.6558
vn -0.4657 0.7002 -0.5412
vn -0.8994 0.3693 -0.2338
vn -0.9469 -0.2651 -0.1821
vn -0.6673 -0.6571 -0.3507
vn -0.6784 0.7306 -0.0776
vn -0.5239 0.6842 -0.5073
vn -0.8744 0.4031 -0.2699
vn -0.7408 0.6666 -0.0832
vn -0.4835 0.8751 0.0184
vn -0.8091 0.5638 -0.1657
vn -0.7866 0.6085 -0.1042
vn -0.1216 0.9835 0.1338
vn 0.6246 0.7319 0.2724
vn -0.1494 0.9576 0.2462
vn -0.8229 0.5673 0.0328
vn -0.8562 0.5156 0.0313
vn -0.5375 0.7955 0.2797
vn -0.7760 0.5979 0.2009
vn -0.9621 0.2447 0.1203
vn -0.2192 0.7992 0.5596
vn -0.8481 0.4179 0.3257
vn 0.5944 0.6911 0.4111
vn 0.6819 0.6937 0.2321
vn -0.8473 0.1738 0.5019
vn -0.7588 -0.5506 0.3479
vn -0.9494 0.0613 0.3079
vn -0.8906 0.0861 0.4466
vn -0.8990 -0.2137 0.3822
vn -0.6774 0.0498 0.7339
vn -0.6889 0.2995 0.6600
vn -0.8801 0.2737 0.3880
vn -0.8280 0.3491 0.4388
vn -0.9026 0.3592 0.2374
vn -0.8896 0.1595 0.4280
vn -0.7408 0.4571 0.4922
vn -0.6081 0.5928 0.5280
vn -0.8652 0.4234 0.2687
vn 0.0882 -0.9961 -0.0044
vn 0.9389 -0.0971 0.3303
vn 0.9603 -0.2532 0.1172
vn 0.8970 0.4420 0.0076
vn 0.7055 -0.7054 0.0682
vn 0.4280 -0.8982 0.1002
vn 0.3479 -0.9208 -0.1762
vn 0.8272 -0.4080 -0.3864
vn 0.8172 -0.3608 -0.4495
vn 0.5822 -0.3483 -0.7347
vn 0.2631 -0.5110 -0.8184
vn 0.8065 0.5465 0.2256
vn 0.5273 0.8031 -0.2776
vn 0.8465 -0.5300 0.0497
vn 0.4519 -0.8626 0.2275
vn 0.6974 -0.5164 0.4970
vn 0.5650 -0.4349 0.7012
vn -0.1488 -0.6284 0.7635
vn -0.7534 -0.2938 0.5883
vn -0.7666 0.0495 0.6402
vn -0.6242 0.1657 0.7635
vn 0.4688 0.8518 0.2338
vn 0.5875 0.7813 -0.2107
vn 0.7655 0.4382 0.4711
vn 0.6805 -0.1394 0.7194
vn 0.3248 0.0708 0.9431
vn 0.4391 0.3634 0.8217
vn 0.4470 0.2869 0.8473
vn 0.6484 0.2009 0.7343
vn 0.7622 -0.3269 0.5588
vn 0.4023 -0.1498 0.9032
vn 0.5214 -0.2755 0.8076
vn 0.2816 0.3185 0.9051
vn 0.2626 0.9401 0.2175
vn 0.6504 0.7578 -0.0513
vn 0.5657 0.7809 0.2650
vn 0.8900 0.4533 -0.0495
vn 0.8148 0.5507 0.1809
vn 0.7138 0.6242 -0.3177
vn 0.6876 0.6278 0.3648
vn 0.3512 0.6758 0.6480
vn 0.6609 0.2981 0.6887
vn 0.4764 0.3585 0.8028
vn 0.7845 -0.3290 0.5256
vn 0.4662 0.7064 0.5326
vn 0.1924 0.8590 0.4744
vn 0.7223 0.3919 0.5698
vn 0.4986 0.5703 0.6528
vn 0.6131 -0.0815 0.7858
vn 0.8156 -0.2302 0.5309
vn 0.2072 0.1271 0.9700
vn -0.2701 0.3437 0.8994
vn -0.2702 0.2702 0.9241
vn 0.2132 0.3784 0.9008
vn 0.5152 0.3956 0.7603
vn 0.5950 0.4900 0.6371
vn 0.1364 0.4806 0.8663
vn 0.4334 0.4593 0.7754
vn -0.2691 0.2057 0.9409
vn 0.1283 0.2314 0.9644
vn 0.5255 0.2099 0.8245
vn 0.3297 0.1454 0.9328
vn -0.6229 0.4143 0.6636
vn -0.7079 0.0180 0.7061
vn 0.3998 -0.1930 0.8961
vn 0.5219 0.2828 0.8047
vn 0.2521 0.1019 0.9623
vn -0.2687 0.1944 0.9434
vn -0.6167 0.2295 0.7530
vn -0.5917 0.2899 0.7522
vn -0.5762 0.2451 0.7797
vn -0.2689 0.1998 0.9422
vn -0.2684 0.4113 0.8711
vn 0.0663 0.3011 0.9513
vn 0.4011 0.3565 0.8438
vn 0.5363 0.5453 0.6442
vn 0.4945 0.5352 0.6849
vn -0.8193 0.2497 0.5162
vn 0.6325 0.6453 0.4284
vn 0.1626 0.6598 0.7336
vn 0.3149 0.5494 0.7740
vn 0.1168 0.2936 0.9488
vn 0.0861 0.3492 0.9331
vn 0.8047 0.5427 -0.2407
vn 0.8424 0.3785 -0.3836
vn 0.6456 0.6288 -0.4334
vn 0.5143 0.3911 -0.7632
vn 0.6042 0.3250 -0.7275
vn 0.5824 0.6126 -0.5343
vn 0.7687 0.5122 -0.3831
vn 0.8482 0.5106 -0.1409
vn 0.6137 0.5595 -0.5571
vn 0.1889 0.4705 -0.8619
vn 0.9489 0.2595 -0.1796
vn 0.8163 -0.5434 -0.1962
vn 0.9260 0.2788 -0.2547
vn 0.8450 0.3365 -0.4155
vn 0.8716 0.2035 -0.4459
vn 0.9261 0.3751 -0.0398
vn -0.0720 -0.9554 -0.2865
vn -0.5262 -0.6524 -0.5454
vn -0.8373 -0.4088 -0.3631
vn -0.5244 -0.8081 -0.2683
vn -0.2807 -0.9549 -0.0968
vn -0.3664 -0.9304 0.0057
vn -0.7577 -0.6435 0.1086
vn -0.8403 0.2516 0.4802
vn -0.7398 0.2292 0.6326
vn -0.7660 -0.2520 0.5914
vn -0.7618 -0.0237 0.6474
vn -0.8057 -0.3905 0.4454
vn -0.9214 -0.2766 0.2730
vn -0.8695 0.2367 0.4335
vn -0.9633 0.1416 0.2280
vn -0.7476 0.5669 0.3459
vn -0.9646 0.2635 -0.0034
vn -0.8766 -0.4742 0.0823
vn -0.8742 -0.4699 0.1221
vn -0.9217 -0.3820 0.0671
vn -0.8410 0.4533 0.2953
vn -0.8692 0.4918 -0.0507
vn 0.2702 -0.3298 -0.9046
vn 0.7230 -0.4766 -0.5001
vn 0.7471 -0.0533 -0.6626
vn -0.8372 0.5368 -0.1049
vn -0.7370 0.6031 0.3051
vn -0.8263 0.2941 0.4803
vn -0.2988 0.5928 0.7479
vn -0.6729 0.6914 0.2630
vn -0.4627 0.3133 0.8293
vn -0.8759 0.3837 -0.2926
vn -0.7923 0.5560 0.2513
vn -0.8282 0.5583 -0.0494
vn -0.7651 0.6320 -0.1230
vn -0.5261 0.6232 -0.5786
vn -0.6191 0.5799 -0.5296
vn -0.3341 0.5687 -0.7516
vn -0.0327 0.5405 -0.8407
vn 0.0685 0.5283 -0.8463
vn 0.6080 0.3475 -0.7139
vn 0.4736 0.3459 -0.8100
vn 0.8781 0.0451 -0.4764
vn 0.4908 0.2837 -0.8238
vn 0.9053 -0.0827 -0.4166
vn 0.3825 0.3974 -0.8341
vn 0.8692 -0.0205 -0.4940
vn 0.5454 0.0939 -0.8329
vn -0.8301 0.5272 -0.1816
vn 0.9177 -0.3864 0.0918
vn 0.9760 -0.1458 -0.1619
vn 0.6669 -0.6010 0.4404
vn -0.5124 -0.1053 -0.8523
vn -0.8983 0.2744 -0.3431
vn -0.9545 -0.0725 -0.2894
vn -0.9871 0.1563 0.0335
vn -0.6818 0.6138 -0.3980
vn -0.3718 0.5916 -0.7154
vn -0.0316 0.4828 -0.8752
vn -0.0965 0.4684 -0.8782
vn -0.9221 0.3810 -0.0680
vn -0.5336 0.5703 -0.6245
vn -0.3380 0.5385 -0.7718
vn -0.3749 0.3476 -0.8594
vn -0.4773 0.3601 -0.8016
vn -0.7992 0.4733 -0.3705
vn -0.8674 0.1849 0.4619
vn -0.7095 -0.2926 0.6411
vn -0.6183 -0.5423 0.5689
vn -0.2159 -0.8769 -0.4295
vn 0.1855 -0.5407 -0.8205
vn -0.4617 0.0252 -0.8867
vn -0.1753 0.1116 -0.9782
vn -0.8001 0.3610 -0.4791
vn -0.8488 0.2570 -0.4620
vn -0.9144 0.2989 0.2730
vn -0.8503 0.3885 -0.3551
vn -0.8525 0.4054 0.3300
vn -0.8774 0.0127 -0.4795
vn -0.8947 0.3999 0.1989
vn -0.2162 0.0950 -0.9717
vn 0.0187 -0.2182 -0.9757
vn 0.6244 -0.1299 -0.7702
vn -0.2838 0.2716 -0.9196
vn -0.2595 -0.0550 -0.9642
vn -0.7845 -0.0621 -0.6170
vn 0.4557 0.7953 0.3999
vn 0.8449 0.5346 -0.0174
vn 0.2423 -0.4419 -0.8637
vn -0.4703 -0.2449 -0.8479
vn -0.8840 -0.2995 -0.3589
vn -0.8388 0.4416 0.3185
vn -0.9629 -0.1853 -0.1960
vn -0.8598 0.3711 0.3509
vn -0.9040 -0.3013 -0.3034
vn -0.9011 0.2814 0.3299
vn -0.2299 -0.6839 -0.6924
vn -0.4520 -0.7010 -0.5516
vn -0.2875 -0.6752 -0.6793
vn -0.8824 -0.3605 -0.3022
vn -0.2582 -0.7474 -0.6121
vn -0.8540 -0.4933 -0.1656
vn -0.2472 -0.8010 -0.5452
vn -0.7439 -0.6649 -0.0670
vn 0.3764 -0.7132 -0.5914
vn 0.5370 -0.6308 -0.5601
vn 0.3241 -0.7515 -0.5746
vn -0.9425 0.0080 0.3342
vn -0.5785 -0.4593 0.6741
vn -0.1603 -0.9838 -0.0799
vn 0.4428 -0.7263 -0.5257
vn 0.9588 -0.2274 -0.1702
vn 0.9901 -0.1364 -0.0330
vn 0.9544 -0.2696 -0.1284
vn 0.4040 -0.7179 -0.5669
vn 0.4155 -0.5130 0.7511
vn 0.7074 -0.7028 -0.0748
vn 0.9517 -0.2980 0.0741
vn 0.7598 0.1937 0.6206
vn 0.8102 -0.5451 -0.2156
vn -0.3968 -0.2322 0.8880
vn 0.2452 -0.3307 0.9113
vn 0.0911 -0.5740 0.8138
vn -0.0865 -0.0347 0.9956
vn -0.0366 -0.7490 0.6615
vn -0.2768 0.3807 0.8823
vn 0.8885 -0.3651 0.2779
vn 0.4932 -0.7349 0.4655
vn 0.1715 -0.7291 0.6626
vn 0.1917 -0.6821 0.7057
vn -0.0220 -0.7522 0.6585
vn 0.1731 -0.7951 0.5812
vn -0.0984 -0.9304 0.3531
vn 0.2734 -0.8445 0.4605
vn 0.2584 -0.8240 0.5042
vn 0.4219 -0.5729 0.7027
vn 0.3904 -0.2559 0.8844
vn 0.1355 0.2452 0.9600
vn 0.0130 -0.6470 0.7624
vn 0.0653 -0.6467 0.7599
vn -0.4655 -0.2755 0.8411
vn -0.7765 -0.5091 0.3714
vn 0.0056 -0.6484 0.7613
vn 0.7736 -0.5418 0.3286
vn -0.3317 0.8873 0.3205
vn -0.0770 0.9114 0.4043
vn -0.9030 0.3952 0.1687
vn -0.1563 0.8959 0.4159
vn -0.8668 0.4693 0.1687
vn -0.2770 0.7641 0.5826
vn -0.9596 0.2179 0.1778
vn -0.3009 0.7736 0.5577
vn -0.9413 0.2518 0.2249
vn -0.3389 0.5001 0.7969
vn 0.8295 -0.5362 0.1562
vn 0.5037 -0.1816 0.8446
vn -0.3272 -0.3715 0.8689
vn -0.9442 0.1122 0.3095
vn -0.7954 -0.5308 0.2925
vn -0.2001 -0.9786 0.0470
vn 0.5903 -0.7450 0.3107
vn 0.7556 0.2955 0.5846
vn 0.7045 0.5797 0.4095
vn 0.6760 0.5499 0.4905
vn 0.6251 0.7012 0.3428
vn 0.8035 0.4510 0.3885
vn 0.2416 -0.9701 0.0231
vn 0.3749 0.8169 0.4382
vn 0.8884 0.3426 -0.3055
vn 0.8634 -0.4978 -0.0824
vn 0.9940 -0.1078 -0.0162
vn 0.9879 -0.1492 -0.0420
vn 0.9847 -0.1736 -0.0165
vn 0.9499 -0.2853 0.1276
vn 0.8347 -0.0652 -0.5469
vn 0.8619 -0.4975 0.0983
vn 0.8411 -0.4543 0.2934
vn 0.4502 -0.7215 0.5260
vn 0.2403 -0.6961 0.6766
vn 0.1486 -0.8007 0.5804
vn 0.0656 -0.8259 0.5600
vn 0.4866 0.8483 0.2088
vn -0.5298 0.8386 0.1268
vn -0.0121 0.9911 0.1325
vn -0.9237 0.3334 0.1888
vn -0.1520 0.9298 0.3352
vn -0.8723 0.4622 0.1593
vn -0.2143 0.8282 0.5179
vn 0.5232 -0.6396 0.5632
vn 0.6743 0.5799 0.4572
vn -0.2135 0.9127 0.3485
vn -0.2940 0.7630 0.5756
vn 0.6918 0.6613 0.2899
vn 0.6963 0.5858 0.4147
vn 0.6087 0.7396 0.2872
vn 0.6326 0.7371 0.2379
vn 0.9312 -0.2225 0.2888
vn 0.1454 -0.7004 0.6987
vn -0.9143 0.3696 0.1654
vn -0.9192 0.3545 0.1718
vn -0.8888 0.2505 0.3839
vn 0.3823 -0.0169 0.9239
vn -0.4203 0.0418 0.9064
vn -0.6517 -0.6219 0.4342
vn -0.0363 -0.8653 0.5000
vn 0.7165 -0.5656 0.4083
vn 0.9768 -0.1192 0.1780
vn 0.9912 -0.1312 -0.0177
vn 0.9943 -0.1045 0.0228
vn 0.9996 -0.0182 0.0234
vn 0.9148 -0.4027 -0.0324
vn 0.7392 0.5387 -0.4042
vn 0.1533 0.9872 0.0445
vn -0.2408 0.9037 0.3542
vn 0.7710 -0.1391 0.6214
vn 0.9366 -0.2983 -0.1840
vn 0.9040 -0.2455 -0.3500
vn 0.5431 -0.1375 -0.8284
vn 0.0560 -0.2542 -0.9655
vn -0.1529 0.0822 -0.9848
vn -0.1397 -0.9824 -0.1242
vn -0.2343 -0.9455 -0.2260
vn 0.5931 -0.7935 -0.1366
vn 0.5513 -0.8333 -0.0416
vn 1.0000 0.0017 0.0032
vn 0.9951 0.0865 0.0478
vn 0.4562 -0.8604 -0.2270
vn 0.9187 -0.3738 -0.1275
vn 0.3000 -0.5592 -0.7729
vn -0.3937 -0.4830 -0.7821
vn -0.3050 -0.8092 -0.5021
vn -0.8476 -0.4493 -0.2825
vn -0.8300 -0.3102 -0.4636
vn -0.8902 -0.4212 -0.1736
vn -0.8152 -0.5615 -0.1421
vn -0.6769 -0.7360 -0.0140
vn -0.0811 -0.9961 -0.0336
vn 0.6827 -0.7306 -0.0107
vn 0.9942 -0.0627 0.0876
vn 0.9571 -0.1779 0.2286
vn 0.5849 -0.7026 0.4052
vn -0.0949 -0.7653 0.6366
vn -0.5608 -0.7557 0.3382
vn -0.4306 0.0049 0.9025
vn -0.9640 0.0182 0.2653
vn -0.9817 0.1554 0.1100
vn -0.9382 0.3409 0.0603
vn -0.9056 0.4186 0.0688
vn -0.9069 0.4104 0.0957
vn -0.5479 0.8347 -0.0563
vn -0.3439 -0.4658 -0.8153
vn 0.1689 -0.3987 -0.9014
vn 0.1757 -0.2965 -0.9387
vn -0.6730 -0.2262 -0.7042
vn -0.2393 -0.2015 -0.9498
vn 0.4135 -0.5263 -0.7430
vn 0.3242 -0.7323 -0.5988
vn 0.5457 -0.7754 -0.3177
vn 0.6071 -0.7056 -0.3654
vn 0.6010 -0.7538 -0.2656
vn 0.5188 -0.8496 -0.0947
vn -0.1519 -0.9187 -0.3645
vn -0.1993 -0.8322 -0.5174
vn -0.2109 -0.8457 -0.4903
vn -0.3228 -0.5934 -0.7374
vn -0.1202 -0.9888 -0.0889
vn -0.8394 -0.5429 -0.0268
vn -0.8584 -0.4679 -0.2102
vn -0.8751 -0.3824 -0.2965
vn -0.8646 -0.4345 -0.2524
vn -0.8099 -0.3921 -0.4362
vn 0.5854 -0.2335 -0.7764
vn 0.2941 -0.6325 -0.7165
vn -0.3437 -0.4711 -0.8124
vn -0.2641 -0.7653 -0.5870
vn -0.8807 -0.3557 -0.3129
vn -0.8746 -0.3680 -0.3156
vn -0.8057 -0.4815 -0.3449
vn -0.9424 -0.3327 -0.0354
vn -0.3540 -0.8605 -0.3663
vn -0.7263 -0.6615 -0.1866
vn -0.1998 -0.9389 -0.2804
vn 0.4305 -0.8594 -0.2759
vn 0.4874 -0.7871 -0.3782
vn -0.1057 -0.8096 -0.5774
vn 0.6176 -0.6613 -0.4257
vn 0.6138 -0.6521 -0.4450
vn -0.2336 -0.7801 -0.5805
vn 0.4537 -0.7640 -0.4587
vn 0.6056 -0.5112 0.6098
vn 0.7742 -0.4588 0.4360
vn 0.7979 -0.4302 0.4222
vn 0.9474 -0.3126 0.0692
vn 0.4389 -0.5810 0.6854
vn 0.4461 -0.5200 0.7284
vn 0.4120 -0.6301 0.6582
vn -0.8633 -0.1907 -0.4674
vn -0.4852 -0.6983 -0.5263
vn -0.4010 -0.1934 -0.8954
vn -0.2861 -0.8559 -0.4307
vn 0.4557 -0.6186 -0.6401
vn -0.9036 -0.4226 0.0708
vn -0.8856 0.0853 -0.4565
vn -0.2876 -0.0920 -0.9533
vn 0.3297 -0.2484 -0.9108
vn -0.6781 -0.4170 0.6052
vn -0.9281 0.2355 0.2883
vn 0.5112 -0.2454 -0.8237
vn -0.5371 0.1175 0.8353
vn -0.1604 -0.7879 0.5946
vn 0.4005 -0.9158 -0.0295
vn 0.7543 -0.5807 0.3064
vn 0.8289 -0.4390 0.3468
vn 0.2349 -0.1973 0.9518
vn 0.1790 -0.1577 0.9711
vn -0.5456 0.0976 0.8323
vn -0.4614 0.2014 0.8640
vn -0.9032 0.3607 0.2327
vn -0.8536 0.4279 0.2970
vn -0.8485 0.2734 -0.4532
vn -0.9309 0.3073 0.1974
vn -0.5429 0.1151 0.8319
vn 0.2132 -0.2808 0.9358
vn -0.4300 0.3080 0.8487
vn -0.3700 0.4716 0.8004
vn 0.2011 -0.0356 0.9789
vn 0.1662 0.0577 0.9844
vn 0.5130 -0.5023 0.6960
vn 0.4083 -0.3558 0.8407
vn 0.7812 -0.4019 0.4778
vn 0.8075 -0.5436 -0.2290
vn 0.4186 -0.9064 -0.0565
vn 0.2147 -0.1406 0.9665
vn 0.7292 -0.3897 0.5625
vn 0.8647 -0.4491 -0.2248
vn 0.7890 -0.4548 -0.4130
vn 0.3563 0.0350 0.9337
vn 0.6738 0.4795 0.5622
vn -0.3696 0.7114 0.5977
vn -0.3148 0.8942 0.3182
vn 0.6934 0.6719 0.2602
vn -0.2517 0.9545 0.1601
vn 0.6242 0.7752 0.0972
vn -0.1138 0.9931 0.0270
vn 0.6323 0.7708 0.0774
vn 0.0185 0.9995 0.0257
vn 0.7098 0.6282 0.3187
vn 0.7569 0.4599 0.4644
vn -0.1348 0.7030 0.6983
vn -0.1067 0.7072 0.6989
vn 0.7819 0.4201 0.4606
vn -0.1330 0.6639 0.7359
vn 0.7545 0.5550 0.3503
vn 0.0761 0.9718 0.2231
vn 0.9359 0.0687 0.3455
vn -0.2196 0.3864 0.8958
vn -0.5941 0.7194 0.3600
vn 0.5142 -0.4016 0.7579
vn -0.5976 0.6480 0.4723
vn -0.4787 -0.8623 0.1651
vn -0.1153 0.9700 0.2142
vn -0.1475 0.3358 -0.9303
vn -0.2557 0.9347 -0.2467
vn -0.9887 0.1487 0.0162
vn -0.5598 -0.5319 -0.6353
vn -0.6994 -0.0104 -0.7147
vn 0.0797 0.9965 0.0252
vn -0.0908 0.9700 -0.2253
vn -0.0490 0.2920 0.9552
vn 0.2363 -0.8658 0.4411
vn 0.2568 0.4815 0.8380
vn -0.3329 -0.7895 0.5156
vn -0.2860 0.8627 0.4171
vn 0.5436 0.6547 0.5253
vn 0.2180 0.3188 -0.9224
vn -0.8298 0.5526 0.0779
vn -0.9404 -0.1241 -0.3168
vn -0.7774 0.4086 0.4783
vn -0.4298 -0.4166 -0.8011
vn -0.1046 0.5352 0.8382
vn 0.0396 0.6654 0.7454
vn -0.0552 0.9764 0.2086
vn -0.1956 0.8769 0.4392
vn 0.0214 0.6395 -0.7685
vn -0.2667 0.8332 -0.4844
vn -0.7851 0.0976 -0.6117
vn -0.5382 -0.4775 -0.6945
vn 0.9636 -0.2079 -0.1681
vn 0.9119 -0.0591 0.4061
vn 0.4530 -0.2124 0.8658
vn 0.0355 -0.9977 -0.0581
vn -0.0668 -0.7472 0.6612
vn 0.3702 0.6504 0.6633
vn 0.1750 0.8738 -0.4538
vn 0.8928 -0.0432 0.4484
vn 0.9033 -0.2678 -0.3351
vn -0.3105 0.1836 -0.9327
vn 0.3991 -0.8210 -0.4084
vn -0.1753 -0.9839 0.0344
vn 0.4531 -0.6769 -0.5801
vn 0.3993 -0.2809 0.8727
vn 0.8214 -0.5701 -0.0157
vn 0.3419 -0.9303 0.1327
vn -0.6604 0.7071 0.2528
vn -0.1348 0.8874 -0.4409
vn 0.8676 0.2651 0.4208
vn 0.4669 -0.7067 0.5316
vn 0.3826 -0.7639 0.5197
vn 0.8180 -0.5665 0.0998
vn 0.3317 0.0025 0.9434
vn 0.3740 -0.9274 0.0099
vn -0.0544 -0.3993 -0.9152
vn 0.9806 -0.1354 0.1418
vn 0.5679 -0.5824 -0.5817
vn -0.1739 0.8981 0.4040
vn 0.4944 0.8209 0.2858
vn 0.7595 -0.1942 -0.6209
vn -0.1270 0.6698 -0.7316
vn 0.7364 -0.5676 -0.3681
vn 0.5298 -0.0152 -0.8480
vn 0.3715 0.8276 0.4209
vn -0.7373 0.0436 -0.6742
vn -0.7032 -0.6074 0.3696
vn -0.5379 0.5992 0.5929
vn -0.0581 0.9584 0.2796
vn -0.6342 0.1939 -0.7484
vn -0.8932 0.3942 0.2161
vn 0.8003 -0.3073 0.5148
vn -0.6856 0.0689 -0.7247
vn 0.4727 -0.3345 0.8153
vn 0.6002 -0.7392 -0.3055
vn 0.0602 -0.6373 0.7682
vn 0.7627 -0.5416 -0.3536
vn -0.2161 -0.6848 0.6960
vn -0.7616 -0.0094 0.6480
vn 0.1544 -0.0394 0.9872
vn 0.0445 -0.2290 -0.9724
vn 0.5908 0.6780 -0.4374
vn 0.5165 -0.4579 -0.7236
vn 0.9028 0.4171 -0.1050
vn 0.6373 -0.7208 -0.2727
vn 0.9089 0.1771 0.3775
vn 0.4404 -0.8787 0.1845
vn 0.6315 0.0633 0.7728
vn 0.0340 -0.8885 0.4577
vn 0.1697 0.1117 0.9791
vn -0.4527 -0.7455 0.4892
vn -0.2844 0.2840 0.9157
vn 0.3774 -0.5867 -0.7164
vn 0.8551 -0.0325 -0.5174
vn 0.4775 -0.8204 -0.3147
vn 0.4357 0.2696 -0.8588
vn 0.4408 0.2848 -0.8512
vn 0.0615 -0.3755 -0.9248
vn 0.9481 0.2692 -0.1692
vn 0.8644 -0.0214 -0.5023
vn 0.5918 0.7725 -0.2305
vn 0.9369 -0.3446 0.0590
vn 0.2662 -0.9589 0.0978
vn 0.6393 -0.5076 0.5776
vn 0.9424 -0.3278 0.0663
vn 0.6506 -0.4915 0.5789
vn 0.9616 0.1984 0.1896
vn 0.6089 0.2462 0.7541
vn -0.0077 0.6778 -0.7352
vn -0.1189 0.4733 -0.8728
vn -0.5218 0.6630 -0.5368
vn -0.7065 -0.2795 -0.6502
vn -0.6528 0.4802 -0.5859
vn -0.3288 -0.2430 -0.9126
vn -0.1235 0.4581 -0.8803
vn -0.6544 0.4947 -0.5719
vn -0.8097 0.1528 -0.5666
vn 0.3896 0.6372 -0.6650
vn 0.3674 -0.5758 -0.7304
vn -0.2108 0.9734 0.0901
vn 0.8804 0.2465 0.4050
vn -0.4466 0.0986 0.8893
vn -0.5468 -0.8299 0.1106
vn 0.3777 -0.8286 0.4132
vn -0.7545 -0.6407 0.1424
vn -0.3250 0.2150 0.9209
vn -0.1063 0.7282 0.6771
vn 0.3911 -0.8760 0.2824
vn 0.7863 0.2810 0.5503
vn 0.3117 -0.9466 0.0824
vn 0.6730 0.6286 -0.3897
vn 0.3654 -0.2967 -0.8823
vn -0.5948 0.7124 -0.3724
vn -0.0731 -0.6172 -0.7834
vn -0.3295 -0.8755 0.3534
vn 0.2749 0.0222 0.9612
vn 0.1820 0.5645 0.8051
vn 0.6465 -0.6876 -0.3307
vn 0.3134 0.6813 -0.6615
vn 0.4944 -0.7877 -0.3675
vn -0.1585 -0.0778 -0.9843
vn 0.8487 0.5198 0.0978
vn -0.5233 0.7583 0.3888
vn -0.3853 -0.5275 -0.7571
vn 0.6771 0.7179 -0.1619
vn 0.6026 0.2335 0.7631
vn 0.7486 0.5328 -0.3945
vn -0.3093 0.5597 0.7688
vn 0.1497 -0.4316 -0.8896
vn -0.8246 -0.3005 -0.4793
vn 0.2792 -0.1852 -0.9422
vn 0.0468 -0.9951 -0.0867
vn 0.5729 -0.8125 0.1075
vn 0.3668 0.8305 -0.4192
vn 0.4767 -0.8405 -0.2574
vn 0.9494 0.3033 -0.0820
vn 0.6904 0.6351 0.3465
vn -0.1130 -0.0989 -0.9887
vn -0.6001 0.7031 0.3815
vn -0.2223 -0.3130 -0.9234
vn -0.9563 -0.2875 -0.0538
vn 0.0128 0.9549 -0.2965
vn 0.0677 -0.1631 0.9843
vn -0.6903 -0.7160 -0.1039
vn 0.3616 -0.5504 -0.7525
vn 0.5792 0.6411 -0.5036
vn 0.6083 0.7880 -0.0954
vn -0.7025 -0.0472 -0.7101
vn -0.3570 0.9335 0.0337
vn -0.6860 -0.2513 -0.6828
vn -0.5977 0.3278 0.7316
vn -0.6745 -0.6115 0.4137
vn 0.4811 0.5285 0.6994
vn -0.4016 -0.9154 0.0283
vn -0.0734 -0.3026 -0.9503
vn 0.0054 0.9148 -0.4038
vn 0.3207 0.9412 -0.1060
vn -0.9599 -0.2582 -0.1095
vn -0.6269 0.5617 0.5399
vn -0.8703 -0.4475 -0.2058
vn -0.1230 -0.8527 0.5078
vn -0.4046 0.6921 0.5977
vn 0.4549 0.2056 0.8665
vn -0.1039 -0.9945 0.0144
vn -0.4105 0.7421 0.5299
vn 0.5979 0.2654 0.7563
vn -0.5281 -0.7958 0.2964
vn 0.4507 -0.8833 -0.1288
vn -0.5470 -0.6597 0.5154
vn -0.5408 -0.5300 -0.6532
vn -0.8551 -0.0384 -0.5171
vn -0.1031 0.2980 0.9490
vn 0.5950 0.7761 0.2090
vn -0.1406 0.4978 0.8558
vn -0.5256 0.8417 0.1238
vn -0.1979 0.9729 -0.1198
vn 0.2003 0.2787 0.9392
vn -0.4880 0.8266 0.2803
vn 0.0706 0.0637 0.9955
vn 0.2548 0.6714 -0.6959
vn 0.9726 0.2225 0.0671
vn -0.0239 -0.9535 0.3003
vn 0.4367 -0.6279 -0.6442
vn 0.1603 -0.8559 0.4916
vn -0.6916 -0.6343 -0.3455
vn -0.9529 -0.2971 0.0616
vn -0.4457 -0.2781 0.8509
vn -0.4500 -0.2920 0.8439
vn 0.1287 -0.4715 0.8724
vn 0.1241 -0.4860 0.8651
vn -0.4332 -0.8475 0.3068
vn 0.2674 -0.9017 0.3397
vn 0.3499 0.0942 0.9320
vn -0.2158 0.2347 0.9478
vn -0.8307 -0.0048 0.5567
vn -0.7628 -0.6262 0.1613
vn -0.7692 -0.6311 0.1002
vn -0.8085 -0.2244 -0.5441
vn -0.8666 -0.4119 -0.2817
vn -0.0400 -0.8520 -0.5221
vn -0.3691 -0.5302 -0.7633
vn 0.0378 -0.3610 -0.9318
vn 0.4993 -0.5832 -0.6407
vn 0.4755 -0.8787 0.0434
vn 0.0995 -0.0388 0.9943
vn 0.4280 -0.5553 -0.7130
vn 0.0300 -0.4826 -0.8753
vn -0.3410 -0.7849 -0.5173
vn -0.2682 -0.8533 -0.4472
vn -0.2708 -0.8631 -0.4262
vn -0.2722 -0.8589 -0.4337
vn -0.2397 -0.8668 -0.4373
vn -0.2690 -0.8686 -0.4160
vn -0.2700 -0.8640 -0.4249
vn -0.2624 -0.8639 -0.4300
vn -0.2745 -0.8615 -0.4272
vn -0.8197 -0.5162 0.2483
vn -0.9464 -0.2487 -0.2059
vn -0.6915 -0.0906 -0.7167
vn -0.3372 -0.1330 -0.9320
vn 0.4442 -0.0975 -0.8906
vn 0.4646 -0.7474 -0.4750
vn -0.6611 -0.4117 -0.6273
vn -0.8771 -0.4634 -0.1264
vn 0.2210 -0.9380 0.2669
vn -0.8327 -0.3756 0.4069
vn 0.6918 0.0170 -0.7219
vn 0.1416 0.8826 0.4482
vn 0.4347 -0.7597 0.4836
vn -0.3579 0.9107 0.2063
vn 0.3872 0.3452 0.8549
vn -0.2682 0.0212 -0.9631
vn 0.9963 0.0851 0.0096
vn 0.0511 -0.9982 -0.0313
vn 0.8651 -0.5000 0.0392
vn 0.4300 0.8205 0.3766
vn -0.9332 0.2165 -0.2869
vn 0.4493 -0.5294 -0.7196
vn 0.7719 -0.4844 -0.4117
vn 0.3397 -0.1496 -0.9285
vn 0.4723 -0.7377 -0.4825
vn -0.0386 -0.6613 -0.7491
vn -0.5540 -0.7147 -0.4270
vn 0.9802 -0.1751 -0.0924
vn 0.4843 -0.8600 0.1608
vn -0.1300 -0.4862 0.8641
vn 0.4079 0.0784 0.9097
vn -0.2601 -0.7073 -0.6573
vn 0.1137 -0.8503 0.5139
vn -0.8673 0.0578 -0.4944
vn 0.7181 -0.6360 -0.2825
vn 0.2026 0.8970 0.3930
vn 0.6133 0.7635 0.2021
vn -0.1373 -0.9578 -0.2525
vn -0.8613 -0.4569 -0.2222
vn -0.1249 0.3648 0.9227
vn -0.1038 -0.4440 -0.8900
vn -0.3162 -0.8226 -0.4725
vn -0.5491 -0.7648 0.3371
vn -0.8571 -0.3711 -0.3572
vn -0.8374 -0.5413 -0.0761
vn -0.6322 -0.7559 -0.1698
vn 0.1999 -0.9762 0.0840
vn 0.4981 -0.8347 -0.2349
vn 0.3771 -0.5061 -0.7757
vn -0.1926 -0.3550 -0.9148
vn -0.8684 0.0124 0.4957
vn -0.4698 0.8596 0.2011
vn -0.9423 0.3306 -0.0528
vn -0.9474 0.3142 -0.0612
vn -0.8676 0.0335 0.4962
vn -0.4577 0.6670 0.5879
vn -0.5923 0.5502 0.5886
vn -0.6034 0.7898 0.1102
vn -0.2622 0.8946 -0.3618
vn 0.0297 0.8357 -0.5484
vn 0.2338 0.8627 0.4484
vn 0.2516 0.8485 0.4655
vn 0.2742 0.8616 0.4271
vn 0.3137 0.8495 0.4242
vn 0.3178 0.8456 0.4290
vn 0.2873 0.8672 0.4068
vn 0.2742 0.8617 0.4271
vn 0.2968 0.8675 0.3991
vn 0.2789 0.8681 0.4106
vn 0.2586 0.8738 0.4119
vn 0.2589 0.8777 0.4033
vn 0.2587 0.8698 0.4202
vn 0.2214 0.8725 0.4356
vn 0.2805 0.8384 0.4673
vn 0.3042 0.8382 0.4526
vn 0.2245 0.9025 0.3676
vn 0.5696 0.7670 -0.2955
vn 0.2771 0.8817 0.3819
vn 0.2228 0.8529 0.4722
vn 0.3195 0.8289 0.4592
vn 0.2738 0.8624 0.4258
vn 0.7161 0.6452 0.2661
vn -0.5600 -0.1931 -0.8057
vn 0.3464 -0.7996 -0.4905
vn -0.3666 -0.8608 0.3531
vn -0.7807 0.4856 -0.3934
vn -0.1690 0.4804 -0.8606
vn -0.1781 0.4773 -0.8605
vn -0.7894 0.4564 -0.4105
vn -0.1697 0.4811 -0.8601
vn -0.6772 0.6358 -0.3703
vn -0.1750 0.4891 -0.8545
vn -0.5040 0.8587 -0.0928
vn -0.4111 0.8424 -0.3484
vn -0.7917 0.4634 -0.3980
vn 0.5878 0.1990 -0.7842
vn 0.5884 0.2009 -0.7832
vn 0.5904 0.2095 -0.7795
vn 0.5625 0.8191 -0.1129
vn -0.8053 0.4205 -0.4179
vn -0.4716 0.0956 0.8766
vn -0.2270 0.9697 0.0905
vn -0.8233 0.1528 -0.5466
vn -0.5714 -0.8136 0.1073
vn 0.8653 0.2899 0.4090
vn 0.3883 -0.8119 0.4359
vn 0.4125 -0.5461 -0.7291
vn 0.4103 0.6558 -0.6337
vn -0.6366 -0.4813 0.6025
vn 0.8118 -0.1510 0.5641
vn -0.1128 0.5887 0.8004
vn 0.2195 -0.9713 -0.0913
vn -0.5955 -0.3049 0.7432
vn -0.6846 -0.7098 0.1659
vn 0.7216 -0.5488 0.4221
vn -0.5130 -0.0889 0.8538
vn 0.7543 -0.4437 0.4838
vn -0.3279 0.1160 0.9376
vn 0.7717 -0.2768 0.5726
vn -0.1065 0.2242 0.9687
vn 0.6644 0.0165 0.7472
vn 0.1745 0.4512 0.8752
vn 0.5450 0.5609 0.6232
vn -0.6100 -0.6805 0.4060
vn -0.7529 -0.3763 -0.5400
vn -0.9935 -0.1138 0.0004
vn 0.9529 -0.1885 -0.2377
vn 0.9535 -0.1859 -0.2371
vn 0.9549 -0.1806 -0.2357
vn 0.7633 -0.4677 0.4457
vn 0.4904 -0.7270 -0.4805
vn 0.7639 -0.4649 0.4476
vn 0.7649 -0.4587 0.4524
vn 0.9385 0.0019 0.3454
vn 0.8692 0.4764 0.1326
vn -0.8608 -0.4908 -0.1349
vn -0.9660 -0.2585 -0.0078
vn -0.7762 0.2935 -0.5580
vn -0.9892 0.0089 0.1462
vn -0.7241 0.5317 -0.4393
vn -0.8974 0.3227 0.3008
vn -0.5857 0.7300 -0.3523
vn -0.6669 0.6124 0.4246
vn -0.3579 0.8827 -0.3047
vn -0.3358 0.8083 0.4836
vn 0.3386 0.9388 0.0627
vn -0.0932 0.9896 -0.1094
vn 0.0478 0.8818 0.4692
vn 0.4701 0.8030 0.3662
vn 0.4230 0.7694 -0.4787
vn 0.7935 0.5754 0.1980
vn 0.5733 0.5275 -0.6270
vn 0.9822 0.1829 -0.0428
vn 0.5815 0.2647 -0.7693
vn 0.9275 -0.2554 -0.2729
vn 0.5559 0.1563 -0.8164
vn 0.9694 -0.1279 -0.2096
vn -0.1496 -0.4857 -0.8612
vn 0.0678 0.8967 0.4375
vn 0.0792 -0.0220 -0.9966
vn -0.2189 0.8776 0.4265
vn 0.3746 0.2599 -0.8900
vn -0.7868 0.5495 0.2811
vn 0.3389 0.6777 -0.6526
vn -0.9096 -0.4136 -0.0393
vn 0.5440 0.7202 -0.4306
vn -0.1866 0.5934 -0.7830
vn -0.8107 -0.5501 -0.2004
vn 0.6244 0.5565 -0.5481
vn 0.8411 0.0493 0.5386
vn 0.6297 0.7666 -0.1260
vn 0.4068 0.5700 0.7139
vn -0.0202 0.9179 -0.3964
vn 0.5095 0.0465 0.8592
vn 0.2873 0.8677 0.4057
vn 0.2970 0.8665 0.4013
vn 0.3101 0.8651 0.3942
vn 0.3033 0.8670 0.3953
vn 0.2777 0.8684 0.4108
vn 0.2578 0.8743 0.4114
vn 0.2612 0.8769 0.4036
vn 0.2575 0.8846 0.3888
vn 0.2548 0.8828 0.3946
vn 0.2585 0.8694 0.4210
vn 0.2741 0.8616 0.4271
vn 0.2742 0.8617 0.4270
vn -0.2927 -0.8576 -0.4228
vn -0.8711 -0.4725 -0.1336
vn -0.2406 -0.9706 0.0064
vn -0.8499 -0.3657 0.3794
vn 0.0512 0.2108 0.9762
vn -0.2646 0.8305 0.4901
vn -0.2541 -0.6281 -0.7354
vn -0.5740 0.0957 -0.8133
vn 0.6595 0.2347 -0.7141
vn 0.3525 -0.1144 -0.9288
vn 0.0541 -0.2944 -0.9542
vn -0.4512 -0.4120 -0.7916
vn 0.0312 -0.8052 0.5922
vn 0.1439 -0.8361 0.5293
vn 0.4048 -0.6817 0.6094
vn 0.5274 -0.3718 0.7640
vn 0.7425 -0.0065 0.6698
vn 0.4381 -0.1498 0.8864
vn 0.8101 -0.3644 0.4593
vn -0.4474 0.2518 0.8581
vn -0.5427 0.7038 0.4584
vn 0.6246 0.3122 -0.7158
vn -0.3559 0.1017 0.9290
vn -0.7146 0.5693 0.4065
vn -0.9416 0.2233 0.2519
vn -0.6180 -0.1493 0.7719
vn -0.9407 0.2252 0.2537
vn -0.6143 -0.1681 0.7709
vn -0.9533 0.1880 0.2362
vn -0.6144 -0.1821 0.7677
vn 0.2815 0.2755 0.9192
vn -0.1064 -0.9431 0.3152
vn 0.1063 0.9430 -0.3152
vn -0.2815 -0.2755 -0.9192
vn 0.9742 0.2236 -0.0304
vn 0.6701 0.6906 0.2722
vn -0.1800 0.8542 0.4878
vn -0.7300 0.5510 0.4043
vn -0.6708 -0.6881 -0.2768
vn -0.9757 -0.2183 0.0204
vn 0.7289 -0.5466 -0.4122
vn 0.1795 -0.8516 -0.4924
vn 0.5584 0.8233 -0.1018
vn 0.4511 -0.0918 -0.8878
vn -0.6320 0.7230 -0.2790
vn -0.6668 -0.4345 -0.6055
vn 0.0915 -0.4654 0.8804
vn 0.0907 -0.4646 0.8808
vn 0.1019 -0.4649 0.8795
vn 0.0770 -0.4681 0.8803
vn -0.3371 -0.7341 0.5895
vn -0.3247 -0.8420 0.4309
vn 0.6032 -0.7380 0.3026
vn -0.0535 -0.8669 0.4956
vn 0.6026 -0.7509 0.2704
vn -0.6892 -0.6975 0.1961
vn 0.1960 0.8887 0.4146
vn 0.2225 0.8669 0.4462
vn 0.2272 0.8627 0.4518
vn 0.2534 0.8383 0.4827
vn -0.4660 0.8202 -0.3319
vn -0.0996 -0.9807 0.1681
vn -0.7793 0.4871 -0.3941
vn 0.6641 0.3797 0.6441
vn 0.6614 0.3432 0.6669
vn -0.0289 -0.9615 -0.2733
vn -0.0294 -0.9644 -0.2629
vn -0.5450 0.7379 -0.3981
vn -0.1737 0.5869 -0.7908
vn 0.7058 0.6964 0.1301
vn 0.6105 0.4160 -0.6740
vn 0.7576 -0.3925 -0.5215
vn 0.6763 0.3429 0.6520
vn -0.5729 0.7217 -0.3884
vn -0.3282 -0.9324 0.1512
vn 0.9776 -0.1421 -0.1552
vn -0.3271 -0.8529 0.4070
vn 0.8044 0.2926 -0.5170
vn 0.3948 -0.8127 -0.4285
vn -0.8249 0.0462 -0.5634
vn -0.6009 -0.3051 -0.7388
vn 0.1155 0.9342 0.3376
vn 0.0801 0.9687 0.2350
vn 0.5973 -0.6676 0.4445
vn 0.6408 -0.6718 0.3717
vn -0.7948 0.2064 0.5706
vn -0.4984 0.3026 0.8124
vn 0.4316 -0.7801 0.4530
vn -0.6165 -0.4328 -0.6577
vn -0.6105 -0.4189 -0.6722
vn 0.0723 0.9742 0.2139
vn 0.4374 0.4827 -0.7588
vn 0.9977 0.0164 -0.0663
vn 0.2153 -0.2704 -0.9384
vn 0.4966 0.2373 -0.8349
vn 0.3572 -0.6515 -0.6693
vn -0.7155 -0.2445 0.6545
vn 0.6514 0.2176 0.7269
vn -0.9285 0.1064 -0.3558
vn -0.4406 0.5231 0.7296
vn -0.9333 -0.1739 -0.3142
vn -0.5266 -0.8325 -0.1721
vn 0.4147 0.4423 -0.7952
vn 0.4744 0.4142 -0.7767
vn -0.0651 0.6245 0.7783
vn -0.0008 0.6373 0.7706
vn -0.3415 -0.9389 -0.0439
vn 0.5204 -0.5615 0.6434
vn 0.8321 -0.4110 -0.3724
vn 0.5790 0.3527 -0.7351
vn 0.5545 0.1236 0.8230
vn 0.6806 -0.3349 0.6516
vn -0.3795 -0.9172 -0.1217
vn 0.0625 0.5275 0.8473
vn 0.2122 0.8358 -0.5064
vn 0.6481 0.5738 -0.5007
vn 0.0522 0.9144 -0.4015
vn 0.7251 -0.3464 0.5952
vn 0.9193 -0.0160 0.3931
vn -0.0342 -0.0692 0.9970
vn 0.4234 0.9001 0.1029
vn 0.1095 -0.6094 -0.7853
vn 0.0677 -0.5978 -0.7988
vn -0.5439 -0.4301 0.7206
vn -0.5919 -0.3228 0.7385
vn 0.3017 0.9520 -0.0525
vn 0.2024 -0.6759 -0.7087
vn 0.4072 0.9051 0.1221
vn -0.5310 -0.4794 0.6987
vn -0.0249 -0.9947 0.0997
vn -0.6425 0.2927 0.7082
vn -0.4245 0.8466 0.3209
vn -0.7587 0.3530 0.5475
vn -0.3539 0.4871 0.7984
vn 0.1781 0.8512 0.4936
vn -0.3585 0.0162 0.9334
vn -0.9205 -0.1359 0.3664
vn -0.6975 -0.0434 0.7153
vn -0.3476 -0.1932 0.9175
vn -0.1284 -0.0598 0.9899
vn 0.2059 0.2788 0.9380
vn 0.8581 0.4204 0.2950
vn 0.6229 0.7815 -0.0359
vn 0.9681 0.0891 -0.2341
vn 0.8911 0.3075 -0.3337
vn 0.8657 -0.3545 -0.3533
vn 0.7994 0.2556 -0.5438
vn 0.6075 -0.4413 -0.6605
vn 0.6865 0.3461 -0.6395
vn 0.3615 -0.3369 -0.8694
vn 0.4480 0.2459 -0.8595
vn 0.2076 0.9594 -0.1911
vn 0.2567 0.9542 -0.1539
vn 0.0459 0.8614 -0.5058
vn 0.0787 0.1901 -0.9786
vn -0.6359 0.4158 -0.6501
vn -0.5322 0.8320 -0.1567
vn -0.9901 0.1039 -0.0945
vn -0.8178 0.5626 0.1211
vn -0.9845 -0.1751 -0.0136
vn -0.9236 0.2277 0.3083
vn -0.3581 0.8702 0.3384
vn -0.1046 0.9925 0.0626
vn -0.0732 0.9904 0.1176
vn 0.6474 0.6105 -0.4562
vn 0.4490 0.7934 -0.4110
vn 0.7903 0.4186 -0.4475
vn 0.4224 0.8926 -0.1575
vn -0.2758 0.9590 0.0648
vn -0.3940 0.8436 0.3648
vn -0.6415 0.6708 0.3721
vn -0.5884 0.6173 0.5223
vn -0.5453 0.5479 0.6344
vn 0.0312 0.8998 0.4352
vn 0.8109 0.5683 -0.1396
vn 0.9376 0.2223 -0.2674
vn -0.2891 0.3551 0.8890
vn -0.3701 0.2105 0.9048
vn 0.3324 0.6884 0.6447
vn -0.0562 0.3196 -0.9459
vn 0.0017 0.2870 -0.9579
vn 0.4942 0.4323 -0.7543
vn 0.4967 0.2170 -0.8404
vn 0.8204 0.3577 -0.4460
vn 0.9083 0.2148 -0.3589
vn 0.9766 0.2088 -0.0508
vn 0.9928 0.1167 0.0274
vn 0.9254 0.1553 0.3457
vn 0.8486 0.1750 0.4993
vn 0.5947 0.1899 0.7812
vn 0.3462 0.2855 0.8937
vn 0.1459 0.2478 0.9578
vn 0.0001 0.2780 0.9606
vn 0.3245 0.4038 0.8554
vn -0.0721 0.3777 0.9231
vn 0.6288 0.5384 0.5610
vn 0.4210 0.6056 0.6753
vn 0.0857 0.2889 -0.9535
vn 0.5621 0.1063 -0.8202
vn 0.9104 0.0272 -0.4128
vn 0.9934 0.1080 0.0381
vn 0.7995 0.3237 0.5060
vn -0.5299 0.3071 -0.7905
vn -0.4427 0.2754 -0.8533
vn -0.4440 0.4064 -0.7986
vn -0.3096 0.6068 -0.7321
vn 0.0132 0.4735 -0.8807
vn 0.4790 0.3083 -0.8219
vn 0.9153 0.2407 -0.3229
vn 0.9095 0.3170 0.2689
vn 0.7706 0.4317 0.4689
vn 0.7998 0.3571 0.4825
vn 0.8847 0.4340 -0.1702
vn 0.4840 0.4545 -0.7478
vn -0.1306 0.5087 -0.8510
vn -0.4381 0.6210 -0.6500
vn -0.6922 0.5771 -0.4334
vn -0.6117 0.5346 -0.5832
vn -0.6380 0.3972 -0.6597
vn -0.5976 0.3450 -0.7238
vn -0.7758 0.2862 -0.5623
vt 0.106862 0.855349
vt 0.106905 0.856251
vt 0.106905 0.855252
vt 0.106905 0.856540
vt 0.106862 0.854294
vt 0.119218 0.854518
vt 0.106862 0.852799
vt 0.106862 0.853819
vt 0.112356 0.850239
vt 0.112355 0.850240
vt 0.118280 0.853489
vt 0.124939 0.855208
vt 0.114890 0.850254
vt 0.112399 0.850256
vt 0.112399 0.850258
vt 0.106862 0.861739
vt 0.119444 0.860826
vt 0.119174 0.854500
vt 0.119401 0.860809
vt 0.119879 0.880235
vt 0.134117 0.881756
vt 0.139967 0.896961
vt 0.141372 0.893591
vt 0.144717 0.893778
vt 0.141864 0.880269
vt 0.130220 0.871293
vt 0.124896 0.855191
vt 0.118237 0.853472
vt 0.114847 0.850237
vt 0.133920 0.866064
vt 0.145434 0.881694
vt 0.137031 0.896775
vt 0.132851 0.896303
vt 0.131314 0.906455
vt 0.120756 0.896600
vt 0.137787 0.906925
vt 0.118374 0.906751
vt 0.106862 0.896749
vt 0.133318 0.907400
vt 0.140319 0.907870
vt 0.143574 0.908055
vt 0.140796 0.907110
vt 0.120800 0.896617
vt 0.106905 0.896767
vt 0.106862 0.893565
vt 0.122869 0.893432
vt 0.132895 0.896320
vt 0.122826 0.893414
vt 0.106862 0.885290
vt 0.123183 0.885022
vt 0.136652 0.893132
vt 0.137075 0.896793
vt 0.136608 0.893115
vt 0.123139 0.885004
vt 0.106862 0.880354
vt 0.119922 0.880252
vt 0.134160 0.881773
vt 0.141415 0.893608
vt 0.140010 0.896979
vt 0.144760 0.893796
vt 0.141907 0.880287
vt 0.145477 0.881711
vt 0.130263 0.871311
vt 0.133964 0.866082
vt 0.135030 0.923077
vt 0.137248 0.933044
vt 0.120633 0.936958
vt 0.118525 0.923229
vt 0.118103 0.918059
vt 0.106862 0.918207
vt 0.119322 0.907696
vt 0.106862 0.907844
vt 0.106862 0.906899
vt 0.119366 0.907713
vt 0.118418 0.906768
vt 0.133361 0.907418
vt 0.131357 0.906473
vt 0.140362 0.907888
vt 0.137830 0.906943
vt 0.143617 0.908073
vt 0.140840 0.907128
vt 0.106862 0.938095
vt 0.118434 0.941139
vt 0.134949 0.941005
vt 0.134017 0.917924
vt 0.141306 0.918240
vt 0.142684 0.923299
vt 0.135073 0.923095
vt 0.137291 0.933062
vt 0.120676 0.936975
vt 0.118568 0.923246
vt 0.106862 0.923377
vt 0.118147 0.918076
vt 0.144820 0.972615
vt 0.145562 0.967056
vt 0.139073 0.973871
vt 0.139700 0.964211
vt 0.147799 0.944310
vt 0.147799 0.939438
vt 0.126761 0.973871
vt 0.122014 0.967083
vt 0.106862 0.973854
vt 0.106862 0.968209
vt 0.121970 0.967065
vt 0.123956 0.973523
vt 0.106862 0.941259
vt 0.118478 0.941156
vt 0.134993 0.941022
vt 0.134464 0.962324
vt 0.119602 0.962451
vt 0.106862 0.962548
vt 0.119558 0.962434
vt 0.139657 0.964194
vt 0.134421 0.962306
vt 0.133974 0.917907
vt 0.142641 0.923281
vt 0.147756 0.939421
vt 0.147756 0.944292
vt 0.145518 0.967039
vt 0.139030 0.973854
vt 0.144776 0.972598
vt 0.141263 0.918223
vt 0.123106 0.982832
vt 0.127640 0.982354
vt 0.127640 0.981248
vt 0.121781 0.981849
vt 0.121260 0.985703
vt 0.120087 0.985681
vt 0.120625 0.990959
vt 0.119505 0.990940
vt 0.117743 0.985627
vt 0.119133 0.981284
vt 0.115224 0.980985
vt 0.106862 0.973505
vt 0.123913 0.973505
vt 0.126718 0.973854
vt 0.127251 0.975575
vt 0.106862 0.990978
vt 0.117266 0.990891
vt 0.114284 0.985610
vt 0.106862 0.980870
vt 0.115181 0.980968
vt 0.119090 0.981267
vt 0.127207 0.975558
vt 0.112617 0.990857
vt 0.106862 0.990856
vt 0.116286 0.990869
vt 0.118630 0.990907
vt 0.120582 0.990942
vt 0.119461 0.990922
vt 0.117223 0.990874
vt 0.113918 0.990858
vt 0.114241 0.985593
vt 0.117700 0.985610
vt 0.120043 0.985664
vt 0.121216 0.985686
vt 0.123063 0.982814
vt 0.121738 0.981832
vt 0.106862 0.985590
vt 0.113961 0.990876
vt 0.106862 0.990856
vt 0.127597 0.981230
vt 0.127597 0.982336
vt 0.230214 0.888999
vt 0.238084 0.875710
vt 0.237296 0.888999
vt 0.230898 0.875136
vt 0.221973 0.889283
vt 0.195667 0.893197
vt 0.169362 0.889283
vt 0.195667 0.889703
vt 0.218626 0.892780
vt 0.225858 0.892499
vt 0.232073 0.892499
vt 0.232984 0.903660
vt 0.226613 0.903660
vt 0.219199 0.905883
vt 0.195667 0.903918
vt 0.172709 0.892780
vt 0.172135 0.905883
vt 0.165477 0.892499
vt 0.179632 0.911401
vt 0.161120 0.888999
vt 0.154039 0.888999
vt 0.153250 0.875710
vt 0.159262 0.892499
vt 0.188579 0.936629
vt 0.189325 0.939949
vt 0.152927 0.933347
vt 0.181653 0.921631
vt 0.158766 0.914754
vt 0.174850 0.914754
vt 0.170205 0.906922
vt 0.164721 0.903660
vt 0.162187 0.904699
vt 0.158350 0.903660
vt 0.155296 0.904699
vt 0.184850 0.916883
vt 0.236039 0.904699
vt 0.229148 0.904699
vt 0.221129 0.906922
vt 0.211702 0.911401
vt 0.195667 0.911402
vt 0.195667 0.916883
vt 0.195667 0.921631
vt 0.195667 0.936954
vt 0.195667 0.943898
vt 0.202756 0.936629
vt 0.202009 0.939949
vt 0.238408 0.933347
vt 0.209682 0.921631
vt 0.232568 0.914754
vt 0.216485 0.914754
vt 0.206484 0.916883
vt 0.234018 0.936649
vt 0.233473 0.968999
vt 0.228261 0.943484
vt 0.209432 0.945755
vt 0.210939 0.971141
vt 0.195667 0.971214
vt 0.233786 0.975378
vt 0.219661 0.975391
vt 0.233786 0.981402
vt 0.222242 0.981448
vt 0.238177 0.969524
vt 0.237361 0.974087
vt 0.237361 0.978549
vt 0.211452 0.990068
vt 0.210755 0.995848
vt 0.208609 0.995809
vt 0.209206 0.990025
vt 0.206031 0.995768
vt 0.206507 0.989979
vt 0.210944 0.984982
vt 0.207895 0.982913
vt 0.218469 0.980233
vt 0.216272 0.975427
vt 0.209067 0.971422
vt 0.195667 0.971422
vt 0.180395 0.971141
vt 0.203123 0.982229
vt 0.202284 0.989963
vt 0.195667 0.982163
vt 0.195667 0.989962
vt 0.195667 0.995753
vt 0.201996 0.995754
vt 0.182267 0.971422
vt 0.188212 0.982229
vt 0.189051 0.989963
vt 0.189339 0.995754
vt 0.185304 0.995768
vt 0.184827 0.989979
vt 0.183439 0.982913
vt 0.175062 0.975427
vt 0.171673 0.975391
vt 0.157548 0.975378
vt 0.180390 0.984982
vt 0.182129 0.990025
vt 0.182726 0.995809
vt 0.179882 0.990068
vt 0.180579 0.995848
vt 0.177851 0.986910
vt 0.172865 0.986384
vt 0.172865 0.983926
vt 0.172865 0.980233
vt 0.157317 0.936649
vt 0.157861 0.968999
vt 0.163073 0.943484
vt 0.181902 0.945755
vt 0.153973 0.974087
vt 0.153973 0.978549
vt 0.157548 0.981402
vt 0.169092 0.981448
vt 0.153157 0.969524
vt 0.126351 0.791593
vt 0.130591 0.787147
vt 0.130884 0.791412
vt 0.126448 0.787337
vt 0.130133 0.786948
vt 0.126230 0.787218
vt 0.129706 0.770598
vt 0.125489 0.770788
vt 0.128681 0.753981
vt 0.125277 0.754162
vt 0.134663 0.791277
vt 0.137417 0.791191
vt 0.134765 0.793531
vt 0.131027 0.793673
vt 0.126519 0.793863
vt 0.122783 0.794056
vt 0.122617 0.791776
vt 0.122981 0.787530
vt 0.122694 0.787507
vt 0.122674 0.771018
vt 0.122549 0.754346
vt 0.127027 0.754300
vt 0.131791 0.753845
vt 0.111133 0.771964
vt 0.111756 0.788306
vt 0.106216 0.788465
vt 0.106344 0.772090
vt 0.112781 0.755021
vt 0.107811 0.755122
vt 0.118741 0.754636
vt 0.118762 0.771382
vt 0.117814 0.787965
vt 0.118185 0.787835
vt 0.117501 0.792066
vt 0.117662 0.794361
vt 0.117580 0.799792
vt 0.110285 0.800195
vt 0.110342 0.794764
vt 0.110218 0.792450
vt 0.111196 0.788238
vt 0.127942 0.801187
vt 0.130939 0.799105
vt 0.132245 0.801114
vt 0.126424 0.799295
vt 0.124202 0.801227
vt 0.122693 0.799488
vt 0.119047 0.801565
vt 0.111391 0.801890
vt 0.105631 0.802112
vt 0.104872 0.800301
vt 0.104906 0.794869
vt 0.104817 0.792551
vt 0.106006 0.788343
vt 0.138298 0.806068
vt 0.141687 0.814643
vt 0.137608 0.814624
vt 0.136405 0.802133
vt 0.132859 0.814809
vt 0.128193 0.815336
vt 0.124444 0.815383
vt 0.119272 0.815783
vt 0.141111 0.829827
vt 0.136531 0.829616
vt 0.132262 0.828665
vt 0.128324 0.828120
vt 0.124795 0.827196
vt 0.119840 0.826107
vt 0.112252 0.824501
vt 0.110416 0.815910
vt 0.141120 0.829068
vt 0.136551 0.828903
vt 0.132909 0.828460
vt 0.128817 0.828080
vt 0.125295 0.827356
vt 0.120356 0.826505
vt 0.112681 0.825250
vt 0.105817 0.824926
vt 0.106091 0.823917
vt 0.104889 0.815382
vt 0.140749 0.835825
vt 0.135608 0.835595
vt 0.131161 0.834962
vt 0.127230 0.834141
vt 0.123353 0.833218
vt 0.119001 0.831704
vt 0.112757 0.829060
vt 0.134923 0.845300
vt 0.128351 0.844710
vt 0.125219 0.843600
vt 0.123020 0.842014
vt 0.120755 0.839647
vt 0.116591 0.834826
vt 0.111582 0.831114
vt 0.105823 0.829468
vt 0.106362 0.827840
vt 0.186682 0.829582
vt 0.180393 0.830862
vt 0.186339 0.827924
vt 0.179339 0.828873
vt 0.175502 0.833591
vt 0.173518 0.830898
vt 0.171543 0.837022
vt 0.168504 0.833321
vt 0.168842 0.840405
vt 0.165853 0.833514
vt 0.166671 0.842574
vt 0.162126 0.834514
vt 0.164009 0.844402
vt 0.157846 0.835392
vt 0.160341 0.845306
vt 0.153410 0.835765
vt 0.153160 0.845300
vt 0.148310 0.835825
vt 0.186831 0.824926
vt 0.179453 0.825249
vt 0.171757 0.826432
vt 0.167624 0.826864
vt 0.164219 0.827487
vt 0.161029 0.828343
vt 0.156672 0.828774
vt 0.152182 0.829422
vt 0.147933 0.829068
vt 0.186633 0.823917
vt 0.179876 0.824500
vt 0.172291 0.826013
vt 0.168122 0.826567
vt 0.164713 0.827364
vt 0.160628 0.828265
vt 0.156699 0.829450
vt 0.152712 0.829788
vt 0.147945 0.829827
vt 0.187466 0.815352
vt 0.181641 0.815977
vt 0.172860 0.816096
vt 0.168621 0.815560
vt 0.165027 0.815317
vt 0.161522 0.815371
vt 0.155505 0.814545
vt 0.151753 0.814591
vt 0.147533 0.814643
vt 0.187038 0.802087
vt 0.180776 0.801947
vt 0.173113 0.801829
vt 0.168866 0.801376
vt 0.165253 0.801171
vt 0.161717 0.801217
vt 0.156484 0.801452
vt 0.152886 0.802086
vt 0.150980 0.806068
vt 0.152442 0.804519
vt 0.136718 0.804349
vt 0.174493 0.799882
vt 0.170373 0.799651
vt 0.166782 0.799440
vt 0.163186 0.799237
vt 0.157698 0.798976
vt 0.154625 0.798922
vt 0.152007 0.798874
vt 0.137434 0.798874
vt 0.134697 0.798963
vt 0.137485 0.793442
vt 0.151959 0.793442
vt 0.154563 0.793490
vt 0.157628 0.793544
vt 0.163100 0.793806
vt 0.166692 0.794008
vt 0.181311 0.788329
vt 0.183160 0.771982
vt 0.189073 0.772082
vt 0.174775 0.786265
vt 0.174623 0.786090
vt 0.169943 0.785093
vt 0.170443 0.791932
vt 0.166860 0.791730
vt 0.163268 0.791538
vt 0.157778 0.791289
vt 0.154704 0.791237
vt 0.152078 0.791191
vt 0.189263 0.755115
vt 0.170285 0.794220
vt 0.174549 0.792152
vt 0.182334 0.788253
vt 0.187749 0.788454
vt 0.188401 0.788336
vt 0.181661 0.792465
vt 0.174411 0.794451
vt 0.187323 0.792544
vt 0.181585 0.794779
vt 0.187308 0.794862
vt 0.166063 0.784881
vt 0.162421 0.785445
vt 0.170307 0.785153
vt 0.174153 0.771490
vt 0.182296 0.755036
vt 0.181631 0.753178
vt 0.199448 0.755122
vt 0.197981 0.772090
vt 0.197853 0.788465
vt 0.197643 0.788343
vt 0.196454 0.792551
vt 0.196543 0.794869
vt 0.170138 0.771214
vt 0.174495 0.754722
vt 0.166525 0.784835
vt 0.170356 0.754502
vt 0.166733 0.770960
vt 0.162884 0.785297
vt 0.157112 0.787033
vt 0.158124 0.787032
vt 0.153744 0.786979
vt 0.154747 0.786951
vt 0.150936 0.786931
vt 0.151815 0.786878
vt 0.136266 0.786931
vt 0.135997 0.786878
vt 0.133615 0.787020
vt 0.133151 0.787013
vt 0.133565 0.770334
vt 0.135918 0.770227
vt 0.134287 0.753760
vt 0.150476 0.753760
vt 0.153692 0.753806
vt 0.150174 0.770227
vt 0.152916 0.770284
vt 0.156254 0.770349
vt 0.163274 0.770719
vt 0.166838 0.754300
vt 0.163257 0.754107
vt 0.157425 0.753858
vt 0.200253 0.840465
vt 0.201731 0.840057
vt 0.195667 0.846738
vt 0.195667 0.848029
vt 0.211274 0.843439
vt 0.160436 0.875136
vt 0.162886 0.874594
vt 0.147645 0.852587
vt 0.156373 0.853068
vt 0.170980 0.864974
vt 0.166497 0.851887
vt 0.185362 0.848499
vt 0.180983 0.844511
vt 0.190434 0.840881
vt 0.191922 0.841250
vt 0.228449 0.874594
vt 0.244811 0.850639
vt 0.236099 0.851348
vt 0.220355 0.864974
vt 0.225947 0.850432
vt 0.205973 0.848499
vt 0.195667 0.848934
vt 0.184485 0.849427
vt 0.168586 0.865564
vt 0.173090 0.876985
vt 0.183898 0.857352
vt 0.195667 0.876957
vt 0.188237 0.855099
vt 0.188200 0.854991
vt 0.195667 0.854598
vt 0.206849 0.849427
vt 0.222748 0.865564
vt 0.218245 0.876985
vt 0.203098 0.855099
vt 0.203134 0.854991
vt 0.207436 0.857352
vt 0.197454 0.824926
vt 0.197728 0.823917
vt 0.197999 0.827840
vt 0.197460 0.829468
vt 0.181639 0.800211
vt 0.187332 0.800294
vt 0.196509 0.800301
vt 0.197268 0.802112
vt 0.196526 0.815382
vt 0.082879 0.825965
vt 0.075379 0.827427
vt 0.070492 0.828435
vt 0.067014 0.829256
vt 0.062867 0.829736
vt 0.059161 0.830222
vt 0.082898 0.829716
vt 0.076869 0.832550
vt 0.072637 0.834230
vt 0.068852 0.835282
vt 0.064931 0.836207
vt 0.060374 0.836917
vt 0.054409 0.830405
vt 0.054933 0.837179
vt 0.047196 0.830405
vt 0.046699 0.837179
vt 0.042777 0.830793
vt 0.041296 0.837124
vt 0.038182 0.830087
vt 0.033767 0.829547
vt 0.030583 0.828592
vt 0.027225 0.827860
vt 0.023092 0.827304
vt 0.015585 0.825955
vt 0.036758 0.836702
vt 0.032455 0.835705
vt 0.028738 0.834567
vt 0.026141 0.834271
vt 0.021260 0.831669
vt 0.015613 0.829518
vt 0.008446 0.825549
vt 0.008876 0.828509
vt 0.008529 0.830142
vt 0.014544 0.831463
vt 0.019229 0.834281
vt 0.022972 0.837842
vt 0.025380 0.841329
vt 0.027338 0.843572
vt 0.029574 0.845460
vt 0.032448 0.846392
vt 0.038797 0.846381
vt 0.063799 0.846381
vt 0.069423 0.845772
vt 0.071847 0.844627
vt 0.073632 0.842990
vt 0.075564 0.840547
vt 0.079358 0.835573
vt 0.084102 0.831723
vt 0.089643 0.830025
vt 0.089094 0.828419
vt 0.089565 0.825544
vt 0.083189 0.825120
vt 0.089237 0.824457
vt 0.099820 0.825549
vt 0.099903 0.830142
vt 0.100251 0.828509
vt 0.059107 0.831028
vt 0.063437 0.829991
vt 0.067393 0.829330
vt 0.070868 0.828282
vt 0.075759 0.826991
vt 0.075840 0.816684
vt 0.084708 0.816520
vt 0.075135 0.802504
vt 0.083014 0.802630
vt 0.076106 0.800728
vt 0.083837 0.800985
vt 0.075540 0.795309
vt 0.083406 0.795566
vt 0.073846 0.772358
vt 0.068427 0.755481
vt 0.072101 0.755666
vt 0.069941 0.772125
vt 0.075778 0.788875
vt 0.070823 0.788582
vt 0.074586 0.788801
vt 0.069767 0.788606
vt 0.075390 0.793020
vt 0.070184 0.792835
vt 0.070341 0.795114
vt 0.070905 0.800533
vt 0.069988 0.802316
vt 0.070666 0.816463
vt 0.083305 0.793265
vt 0.082074 0.789058
vt 0.082078 0.789044
vt 0.082066 0.772698
vt 0.078159 0.755912
vt 0.056941 0.755451
vt 0.065634 0.755363
vt 0.067031 0.771978
vt 0.067241 0.788398
vt 0.090237 0.815922
vt 0.089030 0.802799
vt 0.089648 0.801053
vt 0.089369 0.795634
vt 0.089319 0.793330
vt 0.087775 0.789126
vt 0.087978 0.789145
vt 0.087288 0.772779
vt 0.083233 0.755976
vt 0.098864 0.755972
vt 0.018030 0.755921
vt 0.098242 0.772773
vt 0.099586 0.789138
vt 0.099036 0.789121
vt 0.100219 0.793325
vt 0.100127 0.795629
vt 0.099926 0.801048
vt 0.100112 0.802777
vt 0.099362 0.815896
vt 0.100054 0.824462
vt 0.038692 0.788348
vt 0.035042 0.771934
vt 0.041031 0.771728
vt 0.036926 0.755328
vt 0.033889 0.755451
vt 0.041514 0.755169
vt 0.026940 0.755721
vt 0.030779 0.755580
vt 0.031810 0.772089
vt 0.034293 0.786512
vt 0.040164 0.788283
vt 0.043144 0.788248
vt 0.042125 0.792491
vt 0.044384 0.792463
vt 0.044349 0.794724
vt 0.056709 0.794724
vt 0.056968 0.800143
vt 0.059403 0.800199
vt 0.058331 0.803516
vt 0.062149 0.802392
vt 0.062281 0.816129
vt 0.057587 0.816059
vt 0.039311 0.792524
vt 0.042067 0.794753
vt 0.044113 0.800143
vt 0.057940 0.805631
vt 0.056650 0.807464
vt 0.053559 0.816099
vt 0.044624 0.807464
vt 0.047797 0.816099
vt 0.042906 0.803489
vt 0.043632 0.816050
vt 0.039531 0.802793
vt 0.039918 0.815971
vt 0.034556 0.802430
vt 0.033931 0.816597
vt 0.027105 0.786149
vt 0.028535 0.772250
vt 0.030841 0.785946
vt 0.032291 0.785986
vt 0.035571 0.786616
vt 0.034303 0.792683
vt 0.039232 0.794788
vt 0.041752 0.800172
vt 0.043421 0.805805
vt 0.038854 0.800207
vt 0.034184 0.794954
vt 0.030879 0.792806
vt 0.028591 0.786121
vt 0.027344 0.792935
vt 0.030738 0.795083
vt 0.033685 0.800373
vt 0.030187 0.800502
vt 0.027188 0.795219
vt 0.031140 0.802284
vt 0.026610 0.800638
vt 0.027585 0.802385
vt 0.022403 0.800785
vt 0.023319 0.802723
vt 0.030454 0.816425
vt 0.026866 0.816544
vt 0.022611 0.816944
vt 0.022976 0.795366
vt 0.023142 0.793075
vt 0.023761 0.787028
vt 0.022474 0.787130
vt 0.024552 0.772427
vt 0.008738 0.802777
vt 0.013825 0.816578
vt 0.007988 0.815896
vt 0.015394 0.802678
vt 0.014783 0.800995
vt 0.015202 0.795576
vt 0.015343 0.793275
vt 0.014914 0.789068
vt 0.015435 0.789059
vt 0.014099 0.772710
vt 0.007490 0.755972
vt 0.006867 0.772773
vt 0.008212 0.789138
vt 0.007662 0.789121
vt 0.008845 0.793325
vt 0.008753 0.795629
vt 0.008552 0.801048
vt 0.015283 0.825108
vt 0.022702 0.826834
vt 0.026835 0.827545
vt 0.030210 0.828482
vt 0.034302 0.829553
vt 0.038236 0.830854
vt 0.042279 0.831227
vt 0.047213 0.831263
vt 0.054377 0.831263
vt 0.008680 0.824462
vt 0.066294 0.788484
vt 0.066419 0.792718
vt 0.066577 0.794991
vt 0.067131 0.800410
vt 0.066282 0.802372
vt 0.066930 0.816528
vt 0.062813 0.800289
vt 0.062346 0.794870
vt 0.062204 0.792602
vt 0.062438 0.788362
vt 0.063461 0.788218
vt 0.063071 0.771893
vt 0.062473 0.755248
vt 0.059898 0.755162
vt 0.059757 0.771719
vt 0.060659 0.788336
vt 0.059756 0.788275
vt 0.058938 0.792517
vt 0.059052 0.794780
vt 0.057950 0.755109
vt 0.057752 0.771652
vt 0.058125 0.788252
vt 0.057515 0.788219
vt 0.056618 0.792463
vt 0.044434 0.788252
vt 0.046150 0.771652
vt 0.046630 0.755109
vt 0.044423 0.755137
vt 0.043923 0.771687
vt 0.041848 0.788297
vt 0.045469 0.788219
vt 0.004437 0.905440
vt 0.008906 0.882071
vt 0.007801 0.905243
vt 0.010957 0.881951
vt 0.016177 0.905740
vt 0.016065 0.882254
vt 0.011762 0.865225
vt 0.016200 0.865527
vt 0.013020 0.865303
vt 0.009982 0.865305
vt 0.021199 0.865479
vt 0.021823 0.882128
vt 0.025621 0.905534
vt 0.025569 0.919016
vt 0.017555 0.919191
vt 0.010446 0.918769
vt 0.007591 0.918936
vt 0.024701 0.865275
vt 0.025859 0.881836
vt 0.032240 0.905054
vt 0.031185 0.918609
vt 0.029852 0.924984
vt 0.025216 0.925320
vt 0.018601 0.925464
vt 0.012732 0.925116
vt 0.010376 0.925254
vt 0.025893 0.865572
vt 0.027228 0.882177
vt 0.034485 0.905614
vt 0.033091 0.919084
vt 0.031425 0.925375
vt 0.033469 0.930618
vt 0.031708 0.930179
vt 0.026515 0.930555
vt 0.019106 0.930717
vt 0.012534 0.930327
vt 0.009894 0.930482
vt 0.029811 0.956255
vt 0.019129 0.956489
vt 0.009653 0.955926
vt 0.005848 0.956149
vt 0.037297 0.955713
vt 0.039933 0.981128
vt 0.032096 0.983773
vt 0.021500 0.989351
vt 0.010468 0.989545
vt 0.005296 0.989763
vt 0.039837 0.956345
vt 0.042194 0.981691
vt 0.040434 0.983379
vt 0.039424 0.983128
vt 0.033011 0.985592
vt 0.023182 0.990596
vt 0.016312 0.991398
vt 0.010391 0.991072
vt 0.007834 0.991175
vt 0.012030 0.991208
vt 0.058289 0.867212
vt 0.059370 0.867461
vt 0.056515 0.867235
vt 0.063625 0.867439
vt 0.063861 0.867457
vt 0.068076 0.867577
vt 0.067008 0.867301
vt 0.053786 0.867213
vt 0.054449 0.867139
vt 0.057544 0.867161
vt 0.058022 0.867193
vt 0.063367 0.867420
vt 0.068076 0.867577
vt 0.070881 0.882229
vt 0.070882 0.882230
vt 0.077216 0.903339
vt 0.077217 0.903340
vt 0.075858 0.915428
vt 0.075859 0.915429
vt 0.074312 0.921067
vt 0.074313 0.921067
vt 0.076108 0.925792
vt 0.076108 0.925793
vt 0.069695 0.881922
vt 0.067043 0.867309
vt 0.075271 0.902835
vt 0.066625 0.902821
vt 0.064423 0.881914
vt 0.062466 0.867249
vt 0.074207 0.915001
vt 0.066870 0.914989
vt 0.059308 0.914953
vt 0.057713 0.902779
vt 0.058989 0.881888
vt 0.057748 0.867173
vt 0.072950 0.920714
vt 0.066893 0.920704
vt 0.060651 0.920675
vt 0.056285 0.920681
vt 0.054018 0.914960
vt 0.051480 0.902788
vt 0.055189 0.881894
vt 0.074581 0.925397
vt 0.067798 0.925386
vt 0.060806 0.925353
vt 0.055916 0.925360
vt 0.054932 0.925485
vt 0.055406 0.920793
vt 0.052954 0.915096
vt 0.050226 0.902948
vt 0.054424 0.881991
vt 0.078300 0.948407
vt 0.069409 0.948392
vt 0.080300 0.948925
vt 0.081621 0.971238
vt 0.071771 0.973490
vt 0.062751 0.979563
vt 0.060245 0.948349
vt 0.053836 0.948358
vt 0.052605 0.979989
vt 0.056374 0.980051
vt 0.065300 0.979891
vt 0.072981 0.974349
vt 0.080334 0.972821
vt 0.083544 0.971738
vt 0.081627 0.948953
vt 0.081950 0.973241
vt 0.081950 0.973242
vt 0.083545 0.971739
vt 0.057761 0.987776
vt 0.055205 0.988102
vt 0.054903 0.979917
vt 0.050336 0.978701
vt 0.051096 0.948511
vt 0.079596 0.850439
vt 0.079596 0.861723
vt 0.083177 0.850389
vt 0.083632 0.861745
vt 0.096663 0.850372
vt 0.079596 0.873908
vt 0.100922 0.850343
vt 0.096663 0.861855
vt 0.083632 0.873870
vt 0.079596 0.886558
vt 0.105495 0.912607
vt 0.101406 0.909551
vt 0.102013 0.921863
vt 0.097228 0.918288
vt 0.086729 0.919994
vt 0.084786 0.910877
vt 0.079596 0.910275
vt 0.079596 0.904302
vt 0.083970 0.898117
vt 0.079596 0.898106
vt 0.083970 0.886600
vt 0.096663 0.873864
vt 0.100922 0.861746
vt 0.100922 0.898110
vt 0.096663 0.898120
vt 0.096663 0.886611
vt 0.100922 0.873873
vt 0.100922 0.886568
vt 0.228156 0.778770
vt 0.236391 0.778713
vt 0.229434 0.772713
vt 0.234890 0.772740
vt 0.245006 0.788888
vt 0.242948 0.772740
vt 0.237601 0.764007
vt 0.230902 0.764007
vt 0.211220 0.763830
vt 0.213382 0.778593
vt 0.206269 0.773717
vt 0.204882 0.778549
vt 0.203698 0.818972
vt 0.201152 0.798616
vt 0.202594 0.820341
vt 0.205841 0.813214
vt 0.201836 0.793963
vt 0.210183 0.808916
vt 0.215511 0.806901
vt 0.224053 0.806722
vt 0.229415 0.809312
vt 0.232831 0.815481
vt 0.233024 0.823001
vt 0.233525 0.820308
vt 0.231193 0.826707
vt 0.232322 0.824271
vt 0.228857 0.829191
vt 0.230075 0.828146
vt 0.225708 0.830929
vt 0.226514 0.830857
vt 0.221846 0.831854
vt 0.222146 0.832300
vt 0.216595 0.831854
vt 0.216395 0.832300
vt 0.212411 0.831956
vt 0.211716 0.832326
vt 0.208368 0.830573
vt 0.207111 0.830123
vt 0.205491 0.827658
vt 0.203887 0.825651
vt 0.204557 0.824187
vt 0.234890 0.772740
vt 0.205491 0.827659
vt 0.081596 0.971279
vt 0.071746 0.973530
vt 0.078274 0.948447
vt 0.072956 0.974390
vt 0.065274 0.979932
vt 0.080309 0.972862
vt 0.067773 0.925426
vt 0.074556 0.925437
vt 0.069384 0.948433
vt 0.062725 0.979604
vt 0.056349 0.980092
vt 0.057736 0.987817
vt 0.055180 0.988142
vt 0.054877 0.979957
vt 0.052580 0.980029
vt 0.050311 0.978742
vt 0.053810 0.948399
vt 0.051071 0.948551
vt 0.055891 0.925400
vt 0.054907 0.925526
vt 0.060219 0.948389
vt 0.060781 0.925393
vt 0.072924 0.920755
vt 0.066868 0.920745
vt 0.060625 0.920715
vt 0.056259 0.920721
vt 0.055380 0.920834
vt 0.053993 0.915001
vt 0.052928 0.915137
vt 0.051455 0.902828
vt 0.050200 0.902989
vt 0.055163 0.881934
vt 0.054398 0.882032
vt 0.054423 0.867180
vt 0.053760 0.867254
vt 0.057519 0.867201
vt 0.056489 0.867275
vt 0.081925 0.973281
vt 0.083519 0.971778
vt 0.080275 0.948965
vt 0.076082 0.925832
vt 0.074287 0.921107
vt 0.075833 0.915469
vt 0.074182 0.915041
vt 0.066845 0.915029
vt 0.059282 0.914993
vt 0.057688 0.902819
vt 0.066600 0.902862
vt 0.075245 0.902876
vt 0.069670 0.881963
vt 0.064398 0.881954
vt 0.058964 0.881928
vt 0.077191 0.903379
vt 0.070856 0.882270
vt 0.068050 0.867617
vt 0.067018 0.867350
vt 0.062441 0.867290
vt 0.057723 0.867213
vt 0.057997 0.867233
vt 0.063342 0.867461
vt 0.058263 0.867253
vt 0.063599 0.867480
vt 0.068051 0.867618
vt 0.070856 0.882270
vt 0.077191 0.903380
vt 0.075833 0.915469
vt 0.074287 0.921108
vt 0.076083 0.925833
vt 0.081601 0.948994
vt 0.059344 0.867502
vt 0.066982 0.867341
vt 0.063835 0.867497
vt 0.083519 0.971779
vt 0.081925 0.973282
vt 0.118673 0.990924
vt 0.116329 0.990887
vt 0.112660 0.990874
vt 0.019373 0.866153
vt 0.020377 0.866335
vt 0.024468 0.866175
vt 0.025620 0.866463
vt 0.014392 0.865222
vt 0.019645 0.865261
vt 0.014698 0.865242
vt 0.020649 0.865443
vt 0.024740 0.865283
vt 0.025893 0.865571
vt 0.012567 0.930296
vt 0.019139 0.930686
vt 0.005881 0.956118
vt 0.009686 0.955895
vt 0.009927 0.930451
vt 0.019162 0.956458
vt 0.029844 0.956225
vt 0.026548 0.930524
vt 0.005329 0.989732
vt 0.010501 0.989514
vt 0.021533 0.989320
vt 0.032129 0.983743
vt 0.039966 0.981097
vt 0.037330 0.955682
vt 0.031741 0.930148
vt 0.010423 0.991041
vt 0.016345 0.991367
vt 0.023215 0.990566
vt 0.033044 0.985561
vt 0.039457 0.983098
vt 0.040467 0.983348
vt 0.042227 0.981660
vt 0.039870 0.956315
vt 0.033502 0.930587
vt 0.010409 0.925223
vt 0.012765 0.925085
vt 0.018634 0.925434
vt 0.025249 0.925289
vt 0.029885 0.924953
vt 0.031458 0.925345
vt 0.031218 0.918578
vt 0.033124 0.919053
vt 0.032273 0.905024
vt 0.034518 0.905583
vt 0.025892 0.881805
vt 0.027261 0.882146
vt 0.024428 0.866166
vt 0.025621 0.866463
vt 0.021856 0.882097
vt 0.020927 0.866370
vt 0.025602 0.918985
vt 0.017588 0.919160
vt 0.010479 0.918738
vt 0.007624 0.918906
vt 0.004470 0.905409
vt 0.007834 0.905212
vt 0.008939 0.882040
vt 0.010990 0.881920
vt 0.009709 0.866197
vt 0.011490 0.866117
vt 0.012748 0.866195
vt 0.015928 0.866419
vt 0.016098 0.882223
vt 0.025654 0.905503
vt 0.016210 0.905710
vt 0.020664 0.866353
vt 0.014722 0.866152
vt 0.106905 0.857362
vt 0.218469 0.983926
vt 0.218469 0.986384
vt 0.213484 0.986910
vt 0.102208 0.996495
vt 0.094254 0.996619
vt 0.102741 0.977998
vt 0.093903 0.978128
vt 0.087459 0.996730
vt 0.087709 0.978245
vt 0.081516 0.978128
vt 0.080664 0.996619
vt 0.072677 0.977998
vt 0.072710 0.996495
vt 0.079619 0.850439
vt 0.084110 0.850389
vt 0.079619 0.861723
vt 0.083655 0.861745
vt 0.096686 0.850372
vt 0.096686 0.861855
vt 0.100945 0.850343
vt 0.100945 0.861746
vt 0.096686 0.873864
vt 0.100945 0.873873
vt 0.096686 0.886611
vt 0.100945 0.886568
vt 0.096686 0.898120
vt 0.100945 0.898110
vt 0.097251 0.918288
vt 0.101429 0.909551
vt 0.102036 0.921863
vt 0.105518 0.912607
vt 0.079619 0.873908
vt 0.083655 0.873870
vt 0.083993 0.886600
vt 0.083993 0.898117
vt 0.084809 0.910877
vt 0.086753 0.919994
vt 0.079619 0.886558
vt 0.079619 0.898106
vt 0.079619 0.904302
vt 0.079619 0.910275
vt 0.461362 0.549241
vt 0.462793 0.551379
vt 0.461878 0.550451
vt 0.464138 0.551078
vt 0.462963 0.549677
vt 0.463821 0.549548
vt 0.464790 0.548399
vt 0.464679 0.550003
vt 0.464443 0.551566
vt 0.463403 0.551397
vt 0.462246 0.549705
vt 0.461947 0.547246
vt 0.460878 0.547465
vt 0.461836 0.546650
vt 0.460885 0.545272
vt 0.461212 0.543203
vt 0.460662 0.542464
vt 0.460997 0.541758
vt 0.459714 0.539746
vt 0.461242 0.537932
vt 0.459959 0.537721
vt 0.462893 0.547005
vt 0.462718 0.546154
vt 0.462112 0.543069
vt 0.462165 0.541854
vt 0.462666 0.537709
vt 0.457996 0.541187
vt 0.458106 0.538711
vt 0.458424 0.535055
vt 0.460536 0.535474
vt 0.462811 0.535621
vt 0.464310 0.537468
vt 0.463132 0.542388
vt 0.463521 0.543025
vt 0.463785 0.546502
vt 0.463688 0.547044
vt 0.456035 0.535687
vt 0.464357 0.540482
vt 0.464518 0.539897
vt 0.464538 0.542878
vt 0.464702 0.545021
vt 0.464777 0.547327
vt 0.466720 0.553774
vt 0.465472 0.552317
vt 0.466161 0.549833
vt 0.465073 0.549687
vt 0.466210 0.548725
vt 0.464956 0.546685
vt 0.466024 0.544730
vt 0.464863 0.543861
vt 0.465885 0.543290
vt 0.464686 0.540740
vt 0.466159 0.540450
vt 0.465329 0.537900
vt 0.465446 0.535439
vt 0.463181 0.530348
vt 0.460439 0.530272
vt 0.466419 0.537791
vt 0.467103 0.543153
vt 0.467229 0.544913
vt 0.467286 0.548372
vt 0.467306 0.549802
vt 0.467603 0.553560
vt 0.469142 0.535724
vt 0.468291 0.537571
vt 0.467928 0.543635
vt 0.467986 0.544964
vt 0.468313 0.548810
vt 0.468431 0.549780
vt 0.468586 0.553612
vt 0.470087 0.538674
vt 0.471373 0.538125
vt 0.469099 0.540962
vt 0.469272 0.540507
vt 0.469512 0.543996
vt 0.469659 0.546442
vt 0.469621 0.549443
vt 0.469596 0.552162
vt 0.469477 0.553835
vt 0.468762 0.555349
vt 0.467865 0.555618
vt 0.467003 0.555514
vt 0.465834 0.554099
vt 0.474143 0.555330
vt 0.473871 0.557110
vt 0.473216 0.556509
vt 0.472971 0.558277
vt 0.472148 0.556322
vt 0.473297 0.554969
vt 0.472124 0.554776
vt 0.472094 0.552907
vt 0.470911 0.552880
vt 0.472094 0.551320
vt 0.470942 0.551470
vt 0.472189 0.546555
vt 0.471018 0.546365
vt 0.472200 0.544601
vt 0.470973 0.544918
vt 0.470953 0.540941
vt 0.470945 0.554870
vt 0.472251 0.558222
vt 0.471554 0.558252
vt 0.471156 0.556515
vt 0.470548 0.557002
vt 0.469988 0.555169
vt 0.469815 0.552536
vt 0.469916 0.548876
vt 0.469864 0.545634
vt 0.469410 0.541846
vt 0.476349 0.557085
vt 0.477370 0.554914
vt 0.477286 0.557130
vt 0.476258 0.554941
vt 0.476381 0.552422
vt 0.477483 0.552352
vt 0.478554 0.552748
vt 0.478568 0.555256
vt 0.478100 0.557063
vt 0.476405 0.547641
vt 0.476418 0.550283
vt 0.475238 0.551114
vt 0.477521 0.550325
vt 0.478829 0.550811
vt 0.480189 0.551549
vt 0.479949 0.553674
vt 0.479533 0.556263
vt 0.478208 0.558103
vt 0.476094 0.557921
vt 0.475413 0.555635
vt 0.474465 0.556693
vt 0.475316 0.553392
vt 0.480386 0.548255
vt 0.480167 0.541568
vt 0.478153 0.538428
vt 0.480244 0.538374
vt 0.479062 0.544424
vt 0.477623 0.544068
vt 0.477685 0.545926
vt 0.476394 0.545702
vt 0.477711 0.547843
vt 0.479065 0.548011
vt 0.480464 0.545369
vt 0.479089 0.545786
vt 0.486607 0.525852
vt 0.482973 0.522601
vt 0.484621 0.521426
vt 0.479518 0.518277
vt 0.480080 0.523749
vt 0.476819 0.525535
vt 0.479885 0.529164
vt 0.478345 0.533284
vt 0.481978 0.533496
vt 0.478143 0.536599
vt 0.476357 0.538304
vt 0.476384 0.544235
vt 0.475468 0.545296
vt 0.475253 0.548045
vt 0.475992 0.531911
vt 0.475161 0.536291
vt 0.475091 0.538930
vt 0.475803 0.540622
vt 0.474708 0.541711
vt 0.474518 0.541024
vt 0.473164 0.537956
vt 0.472482 0.536064
vt 0.472921 0.530931
vt 0.473273 0.525701
vt 0.473931 0.518224
vt 0.466994 0.525613
vt 0.467777 0.530382
vt 0.473293 0.545132
vt 0.473377 0.546497
vt 0.473325 0.551658
vt 0.473323 0.552993
vt 0.474332 0.541601
vt 0.475001 0.545969
vt 0.474852 0.548720
vt 0.474477 0.552791
vt 0.448821 0.557809
vt 0.448325 0.559015
vt 0.447298 0.558726
vt 0.449242 0.558332
vt 0.450056 0.556021
vt 0.445386 0.554307
vt 0.445370 0.551611
vt 0.446809 0.551605
vt 0.447002 0.554323
vt 0.446076 0.556592
vt 0.447186 0.556370
vt 0.447308 0.558067
vt 0.448706 0.556152
vt 0.450218 0.553669
vt 0.448548 0.554020
vt 0.449872 0.551059
vt 0.448373 0.551335
vt 0.449787 0.547487
vt 0.448253 0.547813
vt 0.449936 0.544789
vt 0.448198 0.544923
vt 0.450010 0.541298
vt 0.449390 0.536335
vt 0.448794 0.539198
vt 0.446994 0.539231
vt 0.446531 0.541514
vt 0.448468 0.541570
vt 0.446644 0.545303
vt 0.446616 0.547983
vt 0.458595 0.531170
vt 0.455219 0.531638
vt 0.452693 0.535632
vt 0.451119 0.532327
vt 0.446240 0.536342
vt 0.445579 0.539834
vt 0.444807 0.541223
vt 0.444967 0.541890
vt 0.445145 0.545242
vt 0.445102 0.547517
vt 0.452367 0.523976
vt 0.453004 0.518934
vt 0.449937 0.523318
vt 0.455956 0.519923
vt 0.455806 0.524336
vt 0.480892 0.512004
vt 0.478366 0.512468
vt 0.474844 0.512162
vt 0.466922 0.519277
vt 0.463093 0.525450
vt 0.460088 0.523819
vt 0.458015 0.524114
vt 0.458605 0.520243
vt 0.460217 0.513322
vt 0.455156 0.512650
vt 0.450270 0.517893
vt 0.450671 0.512091
vt 0.463297 0.519868
vt 0.467872 0.512602
vt 0.463540 0.513100
vt 0.461119 0.519879
vt 0.447641 0.523616
vt 0.446785 0.517253
vt 0.447201 0.511993
vt 0.443209 0.515641
vt 0.444718 0.511190
vt 0.441715 0.509560
vt 0.448857 0.527252
vt 0.444944 0.529599
vt 0.444237 0.525615
vt 0.443261 0.522624
vt 0.441489 0.520319
vt 0.439850 0.519827
vt 0.441434 0.515583
vt 0.439727 0.515074
vt 0.441192 0.534061
vt 0.441136 0.529541
vt 0.445369 0.533499
vt 0.443445 0.537477
vt 0.443525 0.539596
vt 0.442173 0.539505
vt 0.440916 0.541410
vt 0.441025 0.538907
vt 0.439327 0.538970
vt 0.441707 0.557099
vt 0.440690 0.555205
vt 0.441836 0.554981
vt 0.441615 0.552664
vt 0.440354 0.552806
vt 0.441391 0.550502
vt 0.440141 0.550692
vt 0.441108 0.547767
vt 0.439748 0.547393
vt 0.440814 0.544703
vt 0.439456 0.544646
vt 0.439396 0.541552
vt 0.443244 0.554868
vt 0.443406 0.557159
vt 0.442952 0.552561
vt 0.442860 0.550410
vt 0.442438 0.547658
vt 0.442315 0.544774
vt 0.442854 0.541674
vt 0.444457 0.552198
vt 0.444491 0.554426
vt 0.444151 0.550013
vt 0.444066 0.547056
vt 0.444223 0.544898
vt 0.444488 0.541912
vt 0.488865 0.533595
vt 0.488825 0.531107
vt 0.490096 0.530940
vt 0.490003 0.527583
vt 0.491545 0.528085
vt 0.492475 0.525559
vt 0.489969 0.524576
vt 0.488507 0.527779
vt 0.488432 0.524888
vt 0.491945 0.520979
vt 0.486726 0.520782
vt 0.488833 0.542168
vt 0.489027 0.539827
vt 0.489490 0.541999
vt 0.488171 0.539943
vt 0.488996 0.536403
vt 0.487639 0.536559
vt 0.487427 0.533928
vt 0.487371 0.531489
vt 0.487091 0.528764
vt 0.482958 0.517361
vt 0.481512 0.517653
vt 0.487836 0.542220
vt 0.486893 0.542247
vt 0.487159 0.540115
vt 0.486154 0.534344
vt 0.486341 0.536826
vt 0.485932 0.540519
vt 0.484629 0.541498
vt 0.483979 0.538064
vt 0.485045 0.537465
vt 0.483564 0.535132
vt 0.484868 0.534854
vt 0.484899 0.532573
vt 0.486031 0.532012
vt 0.485418 0.529629
vt 0.484833 0.527106
vt 0.483259 0.532912
vt 0.483018 0.530414
vt 0.484911 0.530644
vt 0.483392 0.527441
vt 0.482292 0.530110
vt 0.490231 0.543051
vt 0.491259 0.541654
vt 0.491747 0.543506
vt 0.492710 0.540282
vt 0.493623 0.522970
vt 0.495964 0.526610
vt 0.493585 0.528576
vt 0.495363 0.530212
vt 0.492605 0.531704
vt 0.494527 0.532304
vt 0.492618 0.534158
vt 0.494364 0.534152
vt 0.494219 0.536988
vt 0.492701 0.536893
vt 0.491665 0.539778
vt 0.490299 0.541790
vt 0.498769 0.529905
vt 0.497243 0.531673
vt 0.491339 0.531130
vt 0.489910 0.533586
vt 0.490188 0.536381
vt 0.490168 0.539779
vt 0.491532 0.536591
vt 0.491302 0.533764
vt 0.452122 0.545289
vt 0.452219 0.543147
vt 0.453384 0.542903
vt 0.453560 0.539829
vt 0.451492 0.539925
vt 0.454586 0.537418
vt 0.451724 0.537468
vt 0.450347 0.538671
vt 0.450289 0.540500
vt 0.450471 0.541327
vt 0.450714 0.543223
vt 0.450669 0.545096
vt 0.450748 0.548263
vt 0.452298 0.548470
vt 0.450892 0.551035
vt 0.452368 0.551360
vt 0.451351 0.553219
vt 0.452446 0.553256
vt 0.452520 0.554972
vt 0.453771 0.553149
vt 0.453661 0.554850
vt 0.453832 0.551147
vt 0.453660 0.548171
vt 0.453437 0.545280
vt 0.451855 0.555284
vt 0.453200 0.555814
vt 0.454364 0.555099
vt 0.454909 0.552833
vt 0.455021 0.550577
vt 0.454971 0.547849
vt 0.454804 0.544744
vt 0.454894 0.542800
vt 0.454949 0.540188
vt 0.454928 0.539797
vt 0.456255 0.538896
vt 0.455444 0.539863
vt 0.455539 0.541715
vt 0.456867 0.541374
vt 0.455586 0.543673
vt 0.456895 0.543813
vt 0.455760 0.545497
vt 0.456836 0.545821
vt 0.455519 0.547716
vt 0.456815 0.548002
vt 0.455761 0.549363
vt 0.456770 0.549363
vt 0.456764 0.550562
vt 0.458073 0.543801
vt 0.458169 0.545804
vt 0.458076 0.547926
vt 0.457921 0.549315
vt 0.457775 0.550534
vt 0.457649 0.551183
vt 0.458328 0.550830
vt 0.458870 0.549417
vt 0.459122 0.547982
vt 0.459095 0.545435
vt 0.459195 0.543484
vt 0.459363 0.541184
vt 0.137852 0.741751
vt 0.163567 0.744363
vt 0.163567 0.741751
vt 0.137852 0.744363
vt 0.076193 0.713628
vt 0.107313 0.713628
vt 0.076193 0.709710
vt 0.107313 0.709710
vt 0.136161 0.713628
vt 0.163025 0.713628
vt 0.136161 0.711016
vt 0.163025 0.711016
vt 0.181415 0.741751
vt 0.162055 0.741751
vt 0.181415 0.744363
vt 0.162055 0.744363
vt 0.181415 0.713628
vt 0.188672 0.713628
vt 0.188672 0.741751
vt 0.162055 0.713628
vt 0.162055 0.711016
vt 0.181415 0.711016
vt 0.165816 0.715542
vt 0.177993 0.715542
vt 0.165816 0.744363
vt 0.177993 0.744363
vt 0.106010 0.713628
vt 0.134904 0.713628
vt 0.106010 0.741751
vt 0.134904 0.741751
vt 0.076277 0.713628
vt 0.076277 0.709710
vt 0.107398 0.713628
vt 0.107398 0.709710
vt 0.136246 0.713628
vt 0.136246 0.711016
vt 0.163110 0.713628
vt 0.163110 0.711016
vt 0.163651 0.741751
vt 0.163651 0.744363
vt 0.137936 0.741751
vt 0.137936 0.744363
vt 0.181500 0.741751
vt 0.181500 0.744363
vt 0.162139 0.741751
vt 0.162139 0.744363
vt 0.181500 0.713628
vt 0.188757 0.713628
vt 0.188757 0.741751
vt 0.162139 0.713628
vt 0.162139 0.711016
vt 0.181500 0.711016
vt 0.215470 0.713628
vt 0.244733 0.713628
vt 0.215470 0.741751
vt 0.244733 0.741751
vt 0.215555 0.741751
vt 0.215555 0.713628
vt 0.106095 0.713628
vt 0.106095 0.741751
vt 0.134989 0.713628
vt 0.134989 0.741751
vt 0.075141 0.741751
vt 0.075141 0.713628
vt 0.041649 0.741751
vt 0.041649 0.713628
vt 0.006268 0.741751
vt 0.006268 0.713628
vt 0.041564 0.713628
vt 0.041564 0.741751
vt 0.075056 0.713628
vt 0.075056 0.741751
vt 0.065460 0.661440
vt 0.065460 0.701626
vt 0.071851 0.661440
vt 0.065460 0.657708
vt 0.071851 0.657708
vt 0.107488 0.657708
vt 0.107488 0.661440
vt 0.113382 0.661440
vt 0.107488 0.699168
vt 0.113382 0.701626
vt 0.113382 0.705359
vt 0.071851 0.699168
vt 0.065460 0.705359
vt 0.113382 0.657708
vt 0.187279 0.695179
vt 0.182390 0.630549
vt 0.187555 0.637136
vt 0.242879 0.624214
vt 0.236457 0.631617
vt 0.242998 0.708179
vt 0.235273 0.700539
vt 0.182246 0.701312
vt 0.187498 0.637223
vt 0.236435 0.631429
vt 0.235279 0.700543
vt 0.187266 0.695551
vt 0.056478 0.706238
vt 0.016538 0.699138
vt 0.010018 0.706238
vt 0.010018 0.699195
vt 0.016538 0.660923
vt 0.009601 0.656645
vt 0.049963 0.660923
vt 0.056062 0.656645
vt 0.049963 0.699138
vt 0.056478 0.699195
vt 0.235272 0.700528
vt 0.187246 0.695192
vt 0.182195 0.701319
vt 0.242980 0.708196
vt 0.236432 0.631582
vt 0.242825 0.624178
vt 0.187478 0.637150
vt 0.182464 0.630548
vt 0.187474 0.637211
vt 0.187205 0.695554
vt 0.235255 0.700502
vt 0.236412 0.631457
vt 0.121335 0.700053
vt 0.125961 0.663171
vt 0.121335 0.664976
vt 0.121335 0.657578
vt 0.146097 0.663171
vt 0.151254 0.657578
vt 0.151254 0.664976
vt 0.146097 0.697939
vt 0.151254 0.700053
vt 0.151254 0.705177
vt 0.125961 0.697939
vt 0.121335 0.705177
vt 0.071851 0.699168
vt 0.141848 0.639963
vt 0.141120 0.644968
vt 0.139806 0.639963
vt 0.143007 0.644375
vt 0.144862 0.649210
vt 0.146306 0.648116
vt 0.150463 0.652046
vt 0.151244 0.650616
vt 0.157069 0.653041
vt 0.157069 0.651494
vt 0.162894 0.650616
vt 0.163676 0.652045
vt 0.167832 0.648116
vt 0.169276 0.649210
vt 0.144900 0.639963
vt 0.145827 0.643003
vt 0.148464 0.645580
vt 0.152412 0.647303
vt 0.157069 0.647907
vt 0.161726 0.647303
vt 0.165674 0.645580
vt 0.168312 0.643003
vt 0.171131 0.644375
vt 0.169238 0.639963
vt 0.172290 0.639963
vt 0.168820 0.636830
vt 0.171640 0.635457
vt 0.166182 0.634252
vt 0.173019 0.644968
vt 0.174333 0.639963
vt 0.173527 0.634865
vt 0.168340 0.631716
vt 0.170825 0.631802
vt 0.169785 0.630622
vt 0.163402 0.629217
vt 0.164184 0.627787
vt 0.157069 0.628432
vt 0.157069 0.626884
vt 0.149955 0.627787
vt 0.162234 0.632530
vt 0.157069 0.632018
vt 0.150736 0.629217
vt 0.144354 0.630622
vt 0.145798 0.631716
vt 0.143313 0.631802
vt 0.140612 0.634865
vt 0.142499 0.635457
vt 0.145318 0.636830
vt 0.147956 0.634252
vt 0.151904 0.632530
vt 0.169700 0.636193
vt 0.170191 0.639963
vt 0.169192 0.643640
vt 0.166347 0.646757
vt 0.162091 0.648840
vt 0.157069 0.649572
vt 0.152048 0.648840
vt 0.147791 0.646757
vt 0.144947 0.643640
vt 0.143948 0.639963
vt 0.144438 0.636193
vt 0.147283 0.633075
vt 0.151540 0.630992
vt 0.157069 0.630353
vt 0.162599 0.630992
vt 0.166856 0.633075
vt 0.004036 0.583086
vt 0.062617 0.583086
vt 0.004036 0.589009
vt 0.062617 0.589009
vt 0.004036 0.594931
vt 0.062617 0.594931
vt 0.004036 0.600854
vt 0.062617 0.600854
vt 0.004036 0.606776
vt 0.062617 0.606776
vt 0.004036 0.612699
vt 0.062617 0.612699
vt 0.004036 0.618622
vt 0.062617 0.618622
vt 0.004036 0.624544
vt 0.062617 0.624544
vt 0.004036 0.630467
vt 0.062617 0.630467
vt 0.004036 0.636389
vt 0.062617 0.636389
vt 0.004036 0.642312
vt 0.062617 0.642312
vt 0.083647 0.639939
vt 0.075589 0.634084
vt 0.085549 0.634084
vt 0.083647 0.628229
vt 0.078667 0.624611
vt 0.072511 0.624611
vt 0.067530 0.628229
vt 0.065628 0.634084
vt 0.067530 0.639939
vt 0.072511 0.643557
vt 0.078667 0.643557
vt 0.085550 0.634084
vt 0.009360 0.514333
vt 0.034039 0.523288
vt 0.029131 0.514455
vt 0.010799 0.514531
vt 0.011269 0.572429
vt 0.027692 0.514639
vt 0.046090 0.537980
vt 0.004072 0.548773
vt 0.046172 0.548326
vt 0.043719 0.533463
vt 0.043873 0.552912
vt 0.034357 0.563275
vt 0.029601 0.572353
vt 0.028162 0.572537
vt 0.009830 0.572231
vt 0.007906 0.523240
vt 0.005513 0.533809
vt 0.003991 0.538428
vt 0.005666 0.553258
vt 0.008224 0.563227
vt 0.081596 0.514310
vt 0.092374 0.516665
vt 0.081513 0.521372
vt 0.098327 0.529429
vt 0.088369 0.530867
vt 0.090649 0.523493
vt 0.081376 0.529244
vt 0.081185 0.541223
vt 0.077373 0.542065
vt 0.074333 0.530801
vt 0.072310 0.523406
vt 0.070738 0.516563
vt 0.081079 0.547606
vt 0.101433 0.523533
vt 0.108699 0.534533
vt 0.104486 0.537603
vt 0.094246 0.535423
vt 0.084969 0.542101
vt 0.081003 0.552557
vt 0.074114 0.544501
vt 0.068311 0.535301
vt 0.064442 0.529268
vt 0.061455 0.523343
vt 0.053853 0.534273
vt 0.050208 0.546283
vt 0.054909 0.547811
vt 0.071445 0.548162
vt 0.111948 0.546576
vt 0.107240 0.548059
vt 0.111397 0.558897
vt 0.106772 0.558502
vt 0.101067 0.550234
vt 0.098959 0.542226
vt 0.090700 0.548253
vt 0.088149 0.544567
vt 0.091855 0.551699
vt 0.091655 0.556452
vt 0.100709 0.558227
vt 0.089977 0.560576
vt 0.085761 0.563007
vt 0.097622 0.564989
vt 0.102739 0.567358
vt 0.106638 0.569607
vt 0.094631 0.576752
vt 0.092562 0.573247
vt 0.089833 0.569481
vt 0.055041 0.558256
vt 0.061116 0.558039
vt 0.063985 0.564830
vt 0.071773 0.560490
vt 0.075909 0.562961
vt 0.080821 0.563845
vt 0.080705 0.571028
vt 0.080636 0.575268
vt 0.080561 0.579136
vt 0.050364 0.558607
vt 0.058790 0.567150
vt 0.071629 0.569395
vt 0.068777 0.573134
vt 0.066570 0.576619
vt 0.054787 0.569361
vt 0.061015 0.550044
vt 0.070227 0.556351
vt 0.070179 0.551596
vt 0.063379 0.542058
vt 0.057998 0.537382
vt 0.066117 0.576765
vt 0.054334 0.569507
vt 0.080626 0.547752
vt 0.068324 0.573281
vt 0.100256 0.558373
vt 0.100614 0.550380
vt 0.091403 0.551845
vt 0.106320 0.558648
vt 0.102286 0.567504
vt 0.106185 0.569753
vt 0.094178 0.576898
vt 0.080108 0.579283
vt 0.080183 0.575415
vt 0.080253 0.571174
vt 0.071176 0.569541
vt 0.080369 0.563991
vt 0.075457 0.563107
vt 0.080550 0.552703
vt 0.071320 0.560637
vt 0.069774 0.556497
vt 0.060663 0.558185
vt 0.091202 0.556598
vt 0.097169 0.565136
vt 0.092109 0.573393
vt 0.089380 0.569627
vt 0.085309 0.563154
vt 0.089524 0.560723
vt 0.054588 0.558403
vt 0.054456 0.547957
vt 0.049756 0.546429
vt 0.053400 0.534420
vt 0.049911 0.558753
vt 0.058337 0.567296
vt 0.063532 0.564976
vt 0.060562 0.550191
vt 0.057546 0.537529
vt 0.061002 0.523489
vt 0.070285 0.516709
vt 0.063989 0.529414
vt 0.062926 0.542204
vt 0.069727 0.551742
vt 0.070992 0.548308
vt 0.073661 0.544647
vt 0.067858 0.535447
vt 0.073880 0.530947
vt 0.071857 0.523552
vt 0.081143 0.514456
vt 0.091921 0.516812
vt 0.100981 0.523679
vt 0.090196 0.523639
vt 0.097875 0.529575
vt 0.087916 0.531014
vt 0.093793 0.535570
vt 0.084516 0.542248
vt 0.087697 0.544713
vt 0.090248 0.548399
vt 0.081060 0.521518
vt 0.080924 0.529390
vt 0.080732 0.541369
vt 0.076920 0.542212
vt 0.108247 0.534680
vt 0.104033 0.537749
vt 0.098507 0.542373
vt 0.106787 0.548205
vt 0.110944 0.559043
vt 0.111495 0.546722
vt 0.118862 0.602340
vt 0.089581 0.592226
vt 0.080532 0.591463
vt 0.142852 0.617330
vt 0.131033 0.637204
vt 0.147575 0.607940
vt 0.099373 0.601658
vt 0.108651 0.634290
vt 0.096983 0.617057
vt 0.107113 0.637202
vt 0.094979 0.617325
vt 0.119073 0.637311
vt 0.129888 0.634292
vt 0.141247 0.617062
vt 0.146745 0.608101
vt 0.155848 0.607178
vt 0.155863 0.604393
vt 0.090783 0.593276
vt 0.082120 0.592487
vt 0.080518 0.594197
vt 0.080503 0.597444
vt 0.080491 0.599855
vt 0.082086 0.599569
vt 0.080470 0.604387
vt 0.080458 0.607172
vt 0.089534 0.607935
vt 0.090738 0.608095
vt 0.090769 0.600358
vt 0.102129 0.583856
vt 0.082050 0.607306
vt 0.127059 0.566293
vt 0.119347 0.566439
vt 0.137510 0.582136
vt 0.147648 0.592232
vt 0.100594 0.582132
vt 0.111636 0.566291
vt 0.119522 0.569052
vt 0.126794 0.568914
vt 0.136358 0.583860
vt 0.146813 0.593282
vt 0.154765 0.592493
vt 0.154737 0.599575
vt 0.155905 0.594203
vt 0.155893 0.597450
vt 0.155884 0.599862
vt 0.155916 0.591469
vt 0.146774 0.600364
vt 0.154701 0.607312
vt 0.138977 0.601662
vt 0.127511 0.588184
vt 0.119448 0.588311
vt 0.112252 0.568912
vt 0.111385 0.588182
vt 0.119548 0.591459
vt 0.125187 0.591348
vt 0.126817 0.631833
vt 0.119392 0.631776
vt 0.113910 0.591346
vt 0.111966 0.631831
vt 0.119270 0.634227
vt 0.189338 0.552591
vt 0.190494 0.553713
vt 0.183265 0.562052
vt 0.183310 0.561576
vt 0.182108 0.561678
vt 0.184649 0.547774
vt 0.140382 0.534898
vt 0.151536 0.531725
vt 0.143475 0.540007
vt 0.140382 0.532682
vt 0.140277 0.526610
vt 0.151536 0.529448
vt 0.143189 0.521299
vt 0.148337 0.518172
vt 0.143189 0.523726
vt 0.148337 0.520657
vt 0.154343 0.520553
vt 0.179428 0.542962
vt 0.179457 0.540659
vt 0.184676 0.545994
vt 0.189362 0.551513
vt 0.190518 0.553259
vt 0.140277 0.528939
vt 0.154343 0.518066
vt 0.182154 0.560683
vt 0.176407 0.558638
vt 0.170386 0.555475
vt 0.143475 0.537887
vt 0.170443 0.553433
vt 0.176459 0.557043
vt 0.229326 0.526653
vt 0.223709 0.530439
vt 0.235622 0.526976
vt 0.228329 0.530676
vt 0.216416 0.533047
vt 0.218858 0.533172
vt 0.230770 0.530960
vt 0.220149 0.533322
vt 0.185759 0.549619
vt 0.213087 0.532960
vt 0.217413 0.530275
vt 0.220744 0.526430
vt 0.183826 0.544101
vt 0.181607 0.538427
vt 0.170781 0.548033
vt 0.165647 0.539628
vt 0.148686 0.551655
vt 0.146244 0.542020
vt 0.142918 0.552567
vt 0.139670 0.543225
vt 0.138284 0.553406
vt 0.185261 0.547971
vt 0.182335 0.554033
vt 0.177728 0.553242
vt 0.178543 0.552173
vt 0.130622 0.526558
vt 0.133354 0.544303
vt 0.137999 0.526314
vt 0.145887 0.526170
vt 0.165808 0.526010
vt 0.180074 0.525989
vt 0.222720 0.521840
vt 0.232657 0.522099
vt 0.239948 0.522473
vt 0.243802 0.522921
vt 0.238950 0.527363
vt 0.244799 0.518052
vt 0.240837 0.517592
vt 0.233342 0.517208
vt 0.223127 0.516942
vt 0.180075 0.517970
vt 0.165810 0.517992
vt 0.145677 0.518157
vt 0.137532 0.518305
vt 0.129948 0.518555
vt 0.125850 0.526874
vt 0.125042 0.518880
vt 0.124199 0.527228
vt 0.146300 0.509015
vt 0.165805 0.508863
vt 0.180073 0.508846
vt 0.221919 0.509472
vt 0.231306 0.509717
vt 0.238194 0.510070
vt 0.241834 0.510492
vt 0.241834 0.511057
vt 0.179858 0.528289
vt 0.164994 0.528200
vt 0.164995 0.520251
vt 0.145677 0.520332
vt 0.146300 0.511014
vt 0.138920 0.510878
vt 0.137532 0.520184
vt 0.131952 0.510648
vt 0.129948 0.519934
vt 0.127443 0.510349
vt 0.125042 0.519609
vt 0.125884 0.510014
vt 0.123345 0.519244
vt 0.127443 0.509679
vt 0.131952 0.509381
vt 0.138920 0.509151
vt 0.125850 0.527583
vt 0.130622 0.527899
vt 0.137999 0.528142
vt 0.145887 0.528286
vt 0.164832 0.541486
vt 0.181409 0.540467
vt 0.183627 0.545681
vt 0.217413 0.531986
vt 0.213087 0.533933
vt 0.216416 0.533857
vt 0.185063 0.548916
vt 0.169966 0.549678
vt 0.133354 0.545461
vt 0.139670 0.544803
vt 0.142918 0.554083
vt 0.148686 0.553410
vt 0.143634 0.572362
vt 0.149179 0.572445
vt 0.146244 0.543847
vt 0.167053 0.572106
vt 0.152307 0.579781
vt 0.139179 0.572192
vt 0.138284 0.554518
vt 0.129268 0.545750
vt 0.127855 0.545638
vt 0.129268 0.545138
vt 0.133803 0.554080
vt 0.132766 0.554516
vt 0.133803 0.554668
vt 0.136297 0.571954
vt 0.135300 0.571673
vt 0.136297 0.571380
vt 0.139179 0.571108
vt 0.143633 0.570884
vt 0.149179 0.570734
vt 0.167836 0.570661
vt 0.176042 0.571076
vt 0.178228 0.571653
vt 0.175259 0.572118
vt 0.179857 0.511004
vt 0.179858 0.520341
vt 0.164990 0.510919
vt 0.221919 0.511952
vt 0.223127 0.519627
vt 0.222720 0.524457
vt 0.231306 0.511737
vt 0.233342 0.519394
vt 0.232657 0.524230
vt 0.229326 0.528513
vt 0.238194 0.511428
vt 0.240837 0.519057
vt 0.239948 0.523902
vt 0.235622 0.528230
vt 0.228329 0.531635
vt 0.244799 0.518653
vt 0.243802 0.523509
vt 0.238950 0.527891
vt 0.230770 0.531386
vt 0.220149 0.533616
vt 0.218858 0.533747
vt 0.223709 0.531842
vt 0.220744 0.528709
vt 0.200837 0.601411
vt 0.167350 0.610324
vt 0.172317 0.613615
vt 0.177581 0.615574
vt 0.191501 0.617774
vt 0.201719 0.601244
vt 0.201687 0.618455
vt 0.231562 0.619222
vt 0.238273 0.615759
vt 0.243203 0.610747
vt 0.245818 0.604730
vt 0.245839 0.596691
vt 0.243253 0.591398
vt 0.238347 0.586973
vt 0.231653 0.583896
vt 0.201612 0.587703
vt 0.190995 0.588484
vt 0.177655 0.587089
vt 0.172381 0.589015
vt 0.167396 0.592276
vt 0.164167 0.596519
vt 0.163041 0.601286
vt 0.164142 0.606060
vt 0.472188 0.514598
vt 0.470221 0.502743
vt 0.472282 0.504716
vt 0.481904 0.506387
vt 0.487875 0.506532
vt 0.484967 0.514979
vt 0.475237 0.515073
vt 0.476192 0.516011
vt 0.477783 0.516254
vt 0.484300 0.516191
vt 0.467140 0.517148
vt 0.463542 0.518691
vt 0.461965 0.518860
vt 0.464786 0.517400
vt 0.467503 0.503929
vt 0.464886 0.502690
vt 0.458735 0.517932
vt 0.456403 0.502664
vt 0.447392 0.502692
vt 0.444189 0.519241
vt 0.439374 0.502474
vt 0.439487 0.519849
vt 0.445018 0.520501
vt 0.448168 0.520093
vt 0.457912 0.519217
vt 0.497189 0.517700
vt 0.498828 0.503039
vt 0.494978 0.516964
vt 0.496732 0.503093
vt 0.493344 0.505467
vt 0.491006 0.517521
vt 0.493499 0.518611
vt 0.378023 0.536458
vt 0.384074 0.511042
vt 0.382145 0.530012
vt 0.380743 0.509710
vt 0.404967 0.535936
vt 0.401254 0.529642
vt 0.399003 0.510753
vt 0.401793 0.509302
vt 0.299300 0.671881
vt 0.292850 0.691607
vt 0.292701 0.681042
vt 0.300927 0.651715
vt 0.299478 0.691694
vt 0.303348 0.692488
vt 0.290722 0.670270
vt 0.275375 0.678895
vt 0.298360 0.651082
vt 0.303348 0.642137
vt 0.303348 0.652337
vt 0.305769 0.651715
vt 0.305582 0.672596
vt 0.307217 0.691694
vt 0.305311 0.681056
vt 0.304930 0.685420
vt 0.303348 0.681208
vt 0.303348 0.685417
vt 0.301766 0.685420
vt 0.301815 0.691454
vt 0.303348 0.692401
vt 0.304880 0.691454
vt 0.303348 0.692076
vt 0.329537 0.599414
vt 0.328974 0.606276
vt 0.329785 0.639175
vt 0.315814 0.639339
vt 0.315912 0.642137
vt 0.315559 0.648444
vt 0.312868 0.653790
vt 0.308335 0.651082
vt 0.329444 0.582498
vt 0.405298 0.573302
vt 0.315643 0.582498
vt 0.343333 0.580968
vt 0.343464 0.599416
vt 0.340021 0.606271
vt 0.343495 0.638717
vt 0.329997 0.642137
vt 0.328711 0.653790
vt 0.324418 0.663669
vt 0.315974 0.670270
vt 0.307396 0.671881
vt 0.349068 0.637502
vt 0.351157 0.641783
vt 0.313845 0.691607
vt 0.313995 0.681042
vt 0.331320 0.678895
vt 0.340243 0.670270
vt 0.343269 0.657363
vt 0.344054 0.642137
vt 0.346926 0.643962
vt 0.355333 0.644032
vt 0.354912 0.581441
vt 0.359541 0.580532
vt 0.355471 0.646391
vt 0.347882 0.646761
vt 0.355858 0.658617
vt 0.356328 0.672588
vt 0.358022 0.681924
vt 0.367356 0.684320
vt 0.370534 0.691696
vt 0.405298 0.692577
vt 0.496751 0.691607
vt 0.440062 0.691696
vt 0.496602 0.681042
vt 0.405298 0.692488
vt 0.395871 0.691519
vt 0.396129 0.680954
vt 0.381434 0.678895
vt 0.371796 0.670270
vt 0.368232 0.657363
vt 0.405298 0.686345
vt 0.400988 0.685462
vt 0.414725 0.691519
vt 0.443240 0.684320
vt 0.379924 0.597203
vt 0.390765 0.573843
vt 0.390083 0.591210
vt 0.395443 0.588787
vt 0.394512 0.601145
vt 0.400863 0.597677
vt 0.393680 0.639339
vt 0.381264 0.639339
vt 0.381439 0.642137
vt 0.367285 0.642137
vt 0.382713 0.653790
vt 0.386846 0.663669
vt 0.394514 0.670270
vt 0.401047 0.671705
vt 0.405298 0.571657
vt 0.455684 0.581441
vt 0.460297 0.582977
vt 0.459439 0.641783
vt 0.455634 0.579431
vt 0.447952 0.577507
vt 0.463646 0.580968
vt 0.467263 0.580968
vt 0.481152 0.582498
vt 0.494953 0.582498
vt 0.303348 0.582498
vt 0.455263 0.644032
vt 0.463670 0.643962
vt 0.451055 0.580532
vt 0.444001 0.577268
vt 0.429640 0.575098
vt 0.419832 0.573843
vt 0.405298 0.572837
vt 0.399510 0.572729
vt 0.401433 0.581716
vt 0.403518 0.585667
vt 0.455125 0.646391
vt 0.462714 0.646761
vt 0.451601 0.641783
vt 0.448554 0.578881
vt 0.443877 0.595003
vt 0.429578 0.588731
vt 0.430672 0.597203
vt 0.420513 0.591210
vt 0.430560 0.610603
vt 0.441915 0.615557
vt 0.443682 0.621850
vt 0.442067 0.600812
vt 0.479276 0.678895
vt 0.452574 0.681924
vt 0.470353 0.670270
vt 0.454268 0.672588
vt 0.467328 0.657363
vt 0.454738 0.658617
vt 0.466542 0.642137
vt 0.454855 0.649189
vt 0.447833 0.643962
vt 0.449600 0.637502
vt 0.443561 0.639339
vt 0.429443 0.614767
vt 0.438800 0.670270
vt 0.429162 0.678895
vt 0.442364 0.657363
vt 0.448706 0.646761
vt 0.416084 0.601145
vt 0.419971 0.600358
vt 0.409733 0.597677
vt 0.405298 0.639339
vt 0.405298 0.601102
vt 0.416916 0.639339
vt 0.429332 0.639339
vt 0.443311 0.642137
vt 0.416827 0.642137
vt 0.429157 0.642137
vt 0.405298 0.587189
vt 0.407078 0.585667
vt 0.415153 0.588787
vt 0.409163 0.581716
vt 0.393769 0.642137
vt 0.394585 0.648444
vt 0.411086 0.572729
vt 0.427883 0.653790
vt 0.416012 0.648444
vt 0.405298 0.642137
vt 0.396983 0.653790
vt 0.400744 0.657363
vt 0.403024 0.657995
vt 0.405298 0.658617
vt 0.405298 0.672374
vt 0.407572 0.657995
vt 0.407547 0.671752
vt 0.409549 0.671705
vt 0.409608 0.685462
vt 0.403049 0.671752
vt 0.414467 0.680954
vt 0.416082 0.670270
vt 0.423751 0.663669
vt 0.413613 0.653790
vt 0.409851 0.657363
vt 0.263427 0.657363
vt 0.262641 0.642137
vt 0.276698 0.642137
vt 0.277984 0.653790
vt 0.266453 0.670270
vt 0.282277 0.663669
vt 0.293827 0.653790
vt 0.291136 0.648444
vt 0.290783 0.642137
vt 0.258813 0.646761
vt 0.259769 0.643962
vt 0.263201 0.638718
vt 0.276910 0.639175
vt 0.290881 0.639339
vt 0.303348 0.639339
vt 0.277158 0.599414
vt 0.256396 0.582977
vt 0.259745 0.580968
vt 0.259445 0.582977
vt 0.263362 0.580968
vt 0.257627 0.637502
vt 0.263231 0.599416
vt 0.266674 0.606271
vt 0.277722 0.606276
vt 0.277251 0.582498
vt 0.291053 0.582498
vt 0.255538 0.641783
vt 0.346950 0.580968
vt 0.347250 0.582977
vt 0.350299 0.582977
vt 0.354962 0.579431
vt 0.362644 0.577507
vt 0.366594 0.577268
vt 0.380956 0.575098
vt 0.381019 0.588731
vt 0.368529 0.600812
vt 0.368681 0.615557
vt 0.366719 0.595003
vt 0.366914 0.621850
vt 0.362042 0.578881
vt 0.367034 0.639339
vt 0.360996 0.637502
vt 0.362763 0.643962
vt 0.358995 0.641783
vt 0.381154 0.614767
vt 0.380036 0.610603
vt 0.390626 0.600358
vt 0.361890 0.646761
vt 0.355741 0.649189
vt 0.303348 0.672597
vt 0.301384 0.681056
vt 0.301113 0.672596
vt 0.471386 0.511961
vt 0.778607 0.725764
vt 0.782979 0.725748
vt 0.778690 0.745755
vt 0.783054 0.745732
vt 0.816577 0.666633
vt 0.821459 0.675009
vt 0.822381 0.688251
vt 0.810550 0.686343
vt 0.807509 0.726108
vt 0.805850 0.746079
vt 0.799941 0.745878
vt 0.800038 0.726027
vt 0.800385 0.706545
vt 0.804486 0.683636
vt 0.807318 0.713106
vt 0.751737 0.673645
vt 0.761299 0.684296
vt 0.753859 0.686896
vt 0.951621 0.658820
vt 0.896932 0.659204
vt 0.928047 0.646264
vt 0.978115 0.668764
vt 0.977759 0.650067
vt 0.995048 0.660409
vt 0.966196 0.663635
vt 0.960104 0.622835
vt 0.956641 0.646140
vt 0.947397 0.626637
vt 0.929444 0.612667
vt 0.951876 0.601457
vt 0.950971 0.620460
vt 0.851085 0.655385
vt 0.830543 0.657538
vt 0.845118 0.637443
vt 0.869177 0.652564
vt 0.861878 0.636665
vt 0.886738 0.647975
vt 0.842883 0.635221
vt 0.854063 0.582856
vt 0.866565 0.630794
vt 0.889843 0.625298
vt 0.944329 0.603199
vt 0.916878 0.616025
vt 0.890317 0.511067
vt 0.891374 0.743167
vt 0.900510 0.731332
vt 0.904735 0.743325
vt 0.858044 0.564924
vt 0.755167 0.592784
vt 0.751130 0.564523
vt 0.856793 0.540365
vt 0.750069 0.534272
vt 0.858493 0.520190
vt 0.752234 0.509780
vt 0.841214 0.694280
vt 0.865360 0.697703
vt 0.875342 0.721150
vt 0.955613 0.548962
vt 0.952906 0.530428
vt 0.973421 0.540565
vt 0.822440 0.743023
vt 0.812685 0.738803
vt 0.820584 0.732577
vt 0.818919 0.714963
vt 0.816839 0.725365
vt 0.809074 0.718975
vt 0.964252 0.511973
vt 0.984858 0.523792
vt 0.865521 0.718756
vt 0.834404 0.719253
vt 0.853237 0.703750
vt 0.852518 0.733720
vt 0.788987 0.725726
vt 0.789070 0.745710
vt 0.795674 0.725990
vt 0.810215 0.746125
vt 0.789665 0.725922
vt 0.789462 0.745913
vt 0.934987 0.746191
vt 0.921487 0.746102
vt 0.937994 0.691460
vt 0.943145 0.739261
vt 0.965028 0.700013
vt 0.964855 0.736626
vt 0.962107 0.744010
vt 0.975336 0.746387
vt 0.967512 0.692615
vt 0.989117 0.690361
vt 0.993013 0.746460
vt 0.983150 0.584376
vt 0.981568 0.552485
vt 0.994422 0.560481
vt 0.771910 0.745632
vt 0.771144 0.725794
vt 0.958426 0.687553
vt 0.958911 0.665984
vt 0.971587 0.685860
vt 0.845810 0.667138
vt 0.840579 0.674526
vt 0.833318 0.664887
vt 0.819623 0.698028
vt 0.939056 0.644558
vt 0.935873 0.631839
vt 0.931014 0.634026
vt 0.752005 0.655990
vt 0.808086 0.660974
vt 0.797958 0.684838
vt 0.758246 0.705923
vt 0.751147 0.713936
vt 0.750972 0.727414
vt 0.862116 0.657510
vt 0.855805 0.669682
vt 0.853613 0.660633
vt 0.863482 0.674493
vt 0.851863 0.683641
vt 0.838825 0.687135
vt 0.835612 0.674632
vt 0.825442 0.674756
vt 0.936625 0.675221
vt 0.917530 0.663759
vt 0.930143 0.679383
vt 0.900847 0.675325
vt 0.901187 0.646237
vt 0.943493 0.674581
vt 0.945784 0.687496
vt 0.940451 0.687472
vt 0.993143 0.680764
vt 0.975827 0.684200
vt 0.992831 0.585543
vt 0.976187 0.604136
vt 0.963917 0.595270
vt 0.988036 0.608295
vt 0.976718 0.623839
vt 0.970423 0.609552
vt 0.995254 0.627421
vt 0.981322 0.641961
vt 0.966586 0.631935
vt 0.896761 0.681164
vt 0.884164 0.733116
vt 0.879651 0.681945
vt 0.921047 0.682755
vt 0.916177 0.733906
vt 0.922164 0.734321
vt 0.900251 0.680841
vt 0.937287 0.629484
vt 0.914925 0.621062
vt 0.964001 0.614092
vt 0.917390 0.638379
vt 0.898963 0.644085
vt 0.814228 0.657828
vt 0.820178 0.640123
vt 0.879718 0.740889
vt 0.871855 0.742420
vt 0.875756 0.735466
vt 0.826849 0.637423
vt 0.823654 0.587173
vt 0.867858 0.521132
vt 0.965174 0.590122
vt 0.907535 0.500365
vt 0.942534 0.544596
vt 0.917466 0.745007
vt 0.767697 0.639059
vt 0.819288 0.634289
vt 0.773040 0.654320
vt 0.809004 0.604193
vt 0.760862 0.615986
vt 0.803129 0.509189
vt 0.932186 0.500910
vt 0.938471 0.515531
vt 0.923141 0.512988
vt 0.837961 0.742361
vt 0.824189 0.718366
vt 0.993323 0.526545
vt 0.979597 0.550556
vt 0.942180 0.529406
vt 0.952118 0.505945
vt 0.976261 0.502482
vt 0.861938 0.740726
vt 0.763323 0.974766
vt 0.764764 0.975590
vt 0.763323 0.974972
vt 0.772416 0.947646
vt 0.787029 0.947646
vt 0.772416 0.953821
vt 0.787029 0.953821
vt 0.772416 0.961024
vt 0.787029 0.961024
vt 0.772416 0.966993
vt 0.787029 0.966993
vt 0.959825 0.788518
vt 0.959825 0.808392
vt 0.949748 0.788518
vt 0.949748 0.808392
vt 0.939672 0.788518
vt 0.939672 0.808392
vt 0.765007 0.954438
vt 0.773651 0.954438
vt 0.765007 0.960201
vt 0.773651 0.949293
vt 0.773857 0.949293
vt 0.765007 0.949293
vt 0.876766 0.954438
vt 0.773857 0.954438
vt 0.876766 0.949293
vt 0.773651 0.960201
vt 0.765007 0.965347
vt 0.773651 0.965347
vt 0.773857 0.960201
vt 0.773857 0.965347
vt 0.876766 0.960201
vt 0.876766 0.965347
vt 0.950115 0.930458
vt 0.950115 0.790502
vt 0.941998 0.930458
vt 0.957953 0.790502
vt 0.957953 0.790222
vt 0.957953 0.930458
vt 0.941998 0.778466
vt 0.941998 0.790222
vt 0.950115 0.778466
vt 0.950115 0.790222
vt 0.957953 0.778466
vt 0.941998 0.790502
vt 0.966350 0.760272
vt 0.986224 0.855722
vt 0.977826 0.760272
vt 0.966350 0.855722
vt 0.941990 0.990783
vt 0.956604 0.969378
vt 0.956604 0.990577
vt 0.942196 0.968966
vt 0.941899 0.991400
vt 0.950337 0.969378
vt 0.950337 0.991194
vt 0.941899 0.969583
vt 0.966543 0.855697
vt 0.977740 0.760247
vt 0.986137 0.855697
vt 0.966263 0.760247
vt 0.821812 0.968022
vt 0.751628 0.946823
vt 0.821812 0.946823
vt 0.751628 0.968640
vt 0.787198 0.973531
vt 0.876729 0.971062
vt 0.876729 0.973326
vt 0.787198 0.971267
vt 0.876766 0.964112
vt 0.787235 0.966376
vt 0.787235 0.964112
vt 0.876766 0.966582
vt 0.963464 0.930434
vt 0.960385 0.808672
vt 0.963464 0.808672
vt 0.960385 0.930434
vt 0.960472 0.930458
vt 0.963551 0.808697
vt 0.960472 0.808697
vt 0.963551 0.930458
vt 0.962624 0.808672
vt 0.965703 0.930434
vt 0.962624 0.930434
vt 0.965703 0.808672
vt 0.787235 0.956496
vt 0.787235 0.954232
vt 0.876766 0.956702
vt 0.787235 0.958760
vt 0.876766 0.958966
vt 0.962711 0.930458
vt 0.965790 0.808697
vt 0.962711 0.808697
vt 0.965790 0.930458
vt 0.937669 0.973288
vt 0.935816 0.973082
vt 0.936433 0.970818
vt 0.937669 0.974935
vt 0.939932 0.974317
vt 0.937577 0.986666
vt 0.937577 0.984814
vt 0.939841 0.985431
vt 0.935724 0.986666
vt 0.936548 0.988930
vt 0.940550 0.980698
vt 0.939315 0.979669
vt 0.941579 0.978434
vt 0.939315 0.981933
vt 0.940664 0.979051
vt 0.939223 0.977816
vt 0.941487 0.976787
vt 0.939223 0.980080
vt 0.941487 0.981315
vt 0.937462 0.987901
vt 0.937462 0.986049
vt 0.939726 0.986872
vt 0.935610 0.987901
vt 0.937371 0.971847
vt 0.935518 0.971847
vt 0.936548 0.969583
vt 0.937371 0.973700
vt 0.939841 0.972877
vt 0.787198 0.988350
vt 0.876729 0.990409
vt 0.787198 0.990614
vt 0.876729 0.988145
vt 0.787235 0.947029
vt 0.876766 0.949499
vt 0.787235 0.949293
vt 0.876766 0.947235
vt 0.960192 0.808697
vt 0.963271 0.930458
vt 0.960192 0.930458
vt 0.960105 0.930434
vt 0.960105 0.808672
vt 0.963184 0.930434
vt 0.787029 0.947852
vt 0.876766 0.945382
vt 0.876766 0.947646
vt 0.787029 0.945382
vt 0.946196 0.930458
vt 0.949275 0.808417
vt 0.945916 0.808417
vt 0.949275 0.930458
vt 0.952634 0.808417
vt 0.952634 0.930458
vt 0.876729 0.989997
vt 0.786992 0.992261
vt 0.787198 0.989791
vt 0.876729 0.992261
vt 0.787235 0.949910
vt 0.876766 0.947440
vt 0.876766 0.949910
vt 0.787235 0.947646
vt 0.876729 0.987733
vt 0.787198 0.989997
vt 0.787198 0.987733
vt 0.876729 0.990203
vt 0.936399 0.930458
vt 0.939478 0.808697
vt 0.936120 0.808697
vt 0.939478 0.930458
vt 0.939392 0.930434
vt 0.936033 0.808672
vt 0.939392 0.808672
vt 0.936313 0.930434
vt 0.937239 0.808697
vt 0.934160 0.930458
vt 0.937239 0.930458
vt 0.933880 0.808697
vt 0.876729 0.977854
vt 0.787198 0.980118
vt 0.787198 0.977854
vt 0.876729 0.980323
vt 0.787198 0.982382
vt 0.876729 0.982587
vt 0.937152 0.930434
vt 0.933793 0.808672
vt 0.937152 0.808672
vt 0.934073 0.930434
vt 0.922140 0.972465
vt 0.922140 0.974317
vt 0.919671 0.973700
vt 0.923993 0.972465
vt 0.923169 0.970201
vt 0.919145 0.980080
vt 0.920585 0.981109
vt 0.918321 0.982344
vt 0.920585 0.978845
vt 0.918321 0.977610
vt 0.919053 0.980080
vt 0.920494 0.981315
vt 0.918024 0.982344
vt 0.920494 0.979051
vt 0.918024 0.977816
vt 0.922140 0.987284
vt 0.923993 0.987284
vt 0.923169 0.989548
vt 0.922140 0.985431
vt 0.919876 0.986255
vt 0.787235 0.964729
vt 0.876766 0.966787
vt 0.787235 0.966993
vt 0.876766 0.964523
vt 0.787198 0.970650
vt 0.876729 0.973120
vt 0.787198 0.972914
vt 0.876729 0.970856
vt 0.936313 0.808672
vt 0.939672 0.930434
vt 0.936399 0.808697
vt 0.929641 0.969378
vt 0.928407 0.970818
vt 0.927172 0.968554
vt 0.930876 0.970818
vt 0.932111 0.968554
vt 0.929344 0.990783
vt 0.930785 0.989342
vt 0.931814 0.991606
vt 0.928109 0.989342
vt 0.927080 0.991606
vt 0.787029 0.966787
vt 0.876766 0.968846
vt 0.787029 0.969051
vt 0.949189 0.808392
vt 0.946110 0.930434
vt 0.946110 0.808392
vt 0.949469 0.930434
vt 0.952548 0.808392
vt 0.952827 0.930434
vt 0.941911 0.790478
vt 0.941911 0.790198
vt 0.950028 0.790478
vt 0.950028 0.790198
vt 0.941911 0.778442
vt 0.950028 0.778442
vt 0.957866 0.778442
vt 0.957866 0.790198
vt 0.957866 0.790478
vt 0.957866 0.930434
vt 0.950028 0.930434
vt 0.941911 0.930434
vt 0.786992 0.968592
vt 0.786992 0.970856
vt 0.876729 0.968798
vt 0.923993 0.987901
vt 0.929961 0.985226
vt 0.929961 0.989754
vt 0.926257 0.982756
vt 0.920082 0.982756
vt 0.926257 0.976993
vt 0.920082 0.976993
vt 0.929961 0.974111
vt 0.923993 0.971847
vt 0.929961 0.973494
vt 0.929961 0.969995
vt 0.931402 0.974111
vt 0.935724 0.971847
vt 0.934901 0.976993
vt 0.939841 0.976993
vt 0.934901 0.982756
vt 0.939841 0.982756
vt 0.931402 0.985226
vt 0.935724 0.987901
vt 0.929961 0.984608
vt 0.764801 0.962671
vt 0.763360 0.962671
vt 0.764801 0.962054
vt 0.765007 0.967199
vt 0.929436 0.991194
vt 0.930876 0.989754
vt 0.931905 0.992018
vt 0.928201 0.989754
vt 0.927172 0.992018
vt 0.929344 0.968966
vt 0.928109 0.970407
vt 0.926874 0.967937
vt 0.930579 0.970407
vt 0.931814 0.967937
vt 0.922232 0.987490
vt 0.924084 0.987490
vt 0.923261 0.989959
vt 0.901879 0.754745
vt 0.901879 0.759323
vt 0.898005 0.754745
vt 0.898005 0.759323
vt 0.889993 0.755801
vt 0.898005 0.764165
vt 0.889993 0.759323
vt 0.889993 0.763197
vt 0.937165 0.989548
vt 0.929756 0.992018
vt 0.929756 0.979874
vt 0.922346 0.989548
vt 0.917612 0.983579
vt 0.917612 0.976375
vt 0.922346 0.970201
vt 0.929756 0.970201
vt 0.937165 0.970201
vt 0.941899 0.976375
vt 0.941899 0.983579
vt 0.948279 0.975346
vt 0.948279 0.980080
vt 0.943545 0.975346
vt 0.943545 0.980080
vt 0.948279 0.985226
vt 0.943545 0.985226
vt 0.946724 0.973288
vt 0.946724 0.979874
vt 0.946724 0.974729
vt 0.946724 0.984608
vt 0.946724 0.985843
vt 0.814983 0.984851
vt 0.814983 0.980118
vt 0.913982 0.984851
vt 0.913982 0.980118
vt 0.814983 0.974972
vt 0.913982 0.974972
vt 0.914019 0.951557
vt 0.914019 0.957526
vt 0.910314 0.948264
vt 0.914019 0.964112
vt 0.910314 0.957526
vt 0.910314 0.967199
vt 0.951664 0.974729
vt 0.951664 0.979874
vt 0.951664 0.972877
vt 0.914019 0.948675
vt 0.913195 0.950939
vt 0.913195 0.957526
vt 0.913195 0.964523
vt 0.914019 0.966787
vt 0.910277 0.989379
vt 0.910277 0.980118
vt 0.913982 0.986704
vt 0.910277 0.970444
vt 0.913982 0.973120
vt 0.930053 0.975141
vt 0.930053 0.980286
vt 0.928612 0.976170
vt 0.930053 0.974729
vt 0.928407 0.976170
vt 0.930053 0.974523
vt 0.931082 0.978639
vt 0.931082 0.981521
vt 0.928407 0.983991
vt 0.930053 0.985637
vt 0.930053 0.985020
vt 0.930053 0.985843
vt 0.928612 0.983991
vt 0.930990 0.981315
vt 0.930990 0.978434
vt 0.928315 0.975964
vt 0.929961 0.974935
vt 0.929961 0.979669
vt 0.928521 0.983785
vt 0.930167 0.981315
vt 0.930167 0.978434
vt 0.928521 0.975964
vt 0.928315 0.983785
vt 0.929961 0.984814
vt 0.929961 0.985431
vt 0.929961 0.974317
vt 0.764970 0.977442
vt 0.773614 0.977442
vt 0.764970 0.983205
vt 0.773614 0.972297
vt 0.773820 0.972297
vt 0.764970 0.972297
vt 0.876729 0.988350
vt 0.773820 0.988350
vt 0.876729 0.983205
vt 0.773820 0.983205
vt 0.773614 0.988350
vt 0.773614 0.983205
vt 0.764970 0.988350
vt 0.773820 0.977442
vt 0.876729 0.972297
vt 0.876729 0.977442
vt 0.772379 0.970650
vt 0.786992 0.970650
vt 0.772379 0.976619
vt 0.786992 0.976619
vt 0.772379 0.983822
vt 0.786992 0.983822
vt 0.772379 0.989997
vt 0.786992 0.989997
vt 0.939758 0.788543
vt 0.939758 0.808417
vt 0.949835 0.788543
vt 0.949835 0.808417
vt 0.959912 0.788543
vt 0.959912 0.808417
vt 0.920585 0.977199
vt 0.925319 0.978639
vt 0.920585 0.982962
vt 0.926966 0.976170
vt 0.934787 0.981521
vt 0.934787 0.978639
vt 0.932934 0.983991
vt 0.926966 0.983991
vt 0.925319 0.981521
vt 0.924084 0.972053
vt 0.930053 0.970201
vt 0.932934 0.976170
vt 0.935816 0.972053
vt 0.939521 0.977199
vt 0.939521 0.982962
vt 0.935816 0.988107
vt 0.930053 0.989959
vt 0.924084 0.988107
vt 0.929847 0.967937
vt 0.937257 0.970407
vt 0.929847 0.980080
vt 0.941990 0.976375
vt 0.941990 0.983579
vt 0.937257 0.989754
vt 0.929847 0.992018
vt 0.922438 0.989754
vt 0.917704 0.983579
vt 0.917704 0.976375
vt 0.922438 0.970407
vt 0.764764 0.983205
vt 0.763323 0.983205
vt 0.764764 0.977442
vt 0.763323 0.977442
vt 0.945077 0.776227
vt 0.945077 0.778186
vt 0.950115 0.776227
vt 0.950115 0.778186
vt 0.821775 0.991026
vt 0.751592 0.990614
vt 0.821775 0.969209
vt 0.751592 0.968798
vt 0.968589 0.846485
vt 0.972788 0.981122
vt 0.975027 0.846485
vt 0.979506 0.981122
vt 0.946633 0.975346
vt 0.946633 0.974111
vt 0.951572 0.975346
vt 0.951572 0.973494
vt 0.972701 0.981098
vt 0.974661 0.976059
vt 0.979419 0.981098
vt 0.977460 0.976059
vt 0.974941 0.846460
vt 0.968503 0.846460
vt 0.951572 0.987078
vt 0.946633 0.986666
vt 0.951572 0.985226
vt 0.946633 0.985226
vt 0.977547 0.976084
vt 0.974747 0.976084
vt 0.914019 0.952792
vt 0.815020 0.952792
vt 0.815020 0.957526
vt 0.914019 0.962671
vt 0.815020 0.962671
vt 0.950028 0.776202
vt 0.950028 0.778162
vt 0.944990 0.776202
vt 0.944990 0.778162
vt 0.763360 0.951557
vt 0.764801 0.951557
vt 0.763360 0.951763
vt 0.956746 0.776202
vt 0.956746 0.778162
vt 0.951988 0.776202
vt 0.951988 0.778162
vt 0.764764 0.986704
vt 0.763323 0.985881
vt 0.764764 0.986086
vt 0.763360 0.954438
vt 0.764801 0.954438
vt 0.763360 0.960201
vt 0.764801 0.960201
vt 0.952075 0.776227
vt 0.952075 0.778186
vt 0.956833 0.776227
vt 0.956833 0.778186
vt 0.863561 0.931249
vt 0.866215 0.931533
vt 0.863561 0.931993
vt 0.844378 0.833342
vt 0.840040 0.819376
vt 0.810141 0.818259
vt 0.866900 0.834184
vt 0.867415 0.820400
vt 0.895245 0.835244
vt 0.885471 0.821075
vt 0.902619 0.825215
vt 0.910128 0.821997
vt 0.809480 0.835926
vt 0.761604 0.816444
vt 0.761923 0.807902
vt 0.810461 0.809716
vt 0.840359 0.810834
vt 0.867734 0.811857
vt 0.885790 0.812532
vt 0.910447 0.813454
vt 0.760943 0.834112
vt 0.884935 0.847698
vt 0.882115 0.847698
vt 0.882115 0.840648
vt 0.786779 0.853591
vt 0.786806 0.854294
vt 0.782609 0.854451
vt 0.782583 0.853748
vt 0.786684 0.851564
vt 0.782485 0.851564
vt 0.782485 0.850860
vt 0.786684 0.850860
vt 0.755834 0.915163
vt 0.792553 0.901049
vt 0.791943 0.916580
vt 0.756444 0.899632
vt 0.791312 0.893029
vt 0.789976 0.892393
vt 0.790296 0.884239
vt 0.791663 0.884098
vt 0.792283 0.893067
vt 0.792633 0.884136
vt 0.794053 0.892553
vt 0.794373 0.884399
vt 0.795667 0.891061
vt 0.795873 0.885819
vt 0.796923 0.888777
vt 0.796938 0.888389
vt 0.917297 0.979672
vt 0.917767 0.977948
vt 0.923408 0.977948
vt 0.923878 0.979672
vt 0.789222 0.891780
vt 0.786604 0.889149
vt 0.786680 0.887208
vt 0.789496 0.884791
vt 0.917297 0.965884
vt 0.923878 0.965884
vt 0.923408 0.967607
vt 0.917767 0.967607
vt 0.796389 0.806468
vt 0.796650 0.799479
vt 0.793838 0.801901
vt 0.793765 0.803843
vt 0.819038 0.954163
vt 0.802410 0.954163
vt 0.802410 0.950705
vt 0.819038 0.950705
vt 0.829280 0.954163
vt 0.829280 0.950705
vt 0.838658 0.954163
vt 0.838658 0.950705
vt 0.844844 0.954163
vt 0.844844 0.950705
vt 0.819038 0.957821
vt 0.802410 0.957821
vt 0.829280 0.957821
vt 0.838658 0.957821
vt 0.844844 0.957821
vt 0.853291 0.957821
vt 0.853291 0.954163
vt 0.853291 0.950705
vt 0.886207 0.890511
vt 0.885516 0.888812
vt 0.885329 0.883802
vt 0.883400 0.890930
vt 0.883137 0.883884
vt 0.882862 0.876525
vt 0.885130 0.878479
vt 0.885955 0.883779
vt 0.887303 0.890470
vt 0.887051 0.883738
vt 0.888086 0.890441
vt 0.887834 0.883709
vt 0.889495 0.890389
vt 0.889243 0.883656
vt 0.890747 0.890342
vt 0.890496 0.883609
vt 0.888980 0.876610
vt 0.890232 0.876563
vt 0.885692 0.876733
vt 0.886788 0.876692
vt 0.887571 0.876663
vt 0.797516 0.860657
vt 0.797516 0.862067
vt 0.797516 0.857054
vt 0.795793 0.863791
vt 0.795479 0.863791
vt 0.795479 0.857054
vt 0.793599 0.863791
vt 0.793599 0.857054
vt 0.793599 0.850003
vt 0.795479 0.850003
vt 0.795793 0.857054
vt 0.797829 0.863791
vt 0.797829 0.857054
vt 0.795793 0.850003
vt 0.797829 0.850003
vt 0.888225 0.840961
vt 0.889479 0.840961
vt 0.889479 0.847698
vt 0.888225 0.847698
vt 0.889479 0.854749
vt 0.886815 0.840961
vt 0.884308 0.853026
vt 0.882115 0.855062
vt 0.886032 0.847698
vt 0.884935 0.840961
vt 0.886032 0.840961
vt 0.886815 0.847698
vt 0.888225 0.854749
vt 0.886815 0.854749
vt 0.886032 0.854749
vt 0.884935 0.854749
vt 0.796607 0.821447
vt 0.800124 0.820995
vt 0.801972 0.797539
vt 0.806222 0.798281
vt 0.815350 0.788124
vt 0.816615 0.790699
vt 0.829179 0.787474
vt 0.826150 0.790472
vt 0.831407 0.790280
vt 0.838817 0.800083
vt 0.833381 0.799880
vt 0.847342 0.969711
vt 0.847342 0.963750
vt 0.849459 0.968876
vt 0.849515 0.964809
vt 0.858986 0.968931
vt 0.858986 0.964864
vt 0.781065 0.853450
vt 0.778714 0.854233
vt 0.776521 0.851100
vt 0.781065 0.849690
vt 0.783258 0.860187
vt 0.784668 0.858307
vt 0.788272 0.859404
vt 0.785452 0.863321
vt 0.781065 0.860971
vt 0.778714 0.860187
vt 0.781065 0.864731
vt 0.776521 0.863321
vt 0.777461 0.858307
vt 0.781065 0.857367
vt 0.783258 0.854233
vt 0.784668 0.856114
vt 0.797449 0.798926
vt 0.797144 0.807080
vt 0.798481 0.807713
vt 0.798815 0.798782
vt 0.799452 0.807749
vt 0.799786 0.798818
vt 0.801221 0.807232
vt 0.801526 0.799078
vt 0.802832 0.805737
vt 0.803028 0.800495
vt 0.804084 0.803451
vt 0.804099 0.803063
vt 0.887028 0.965876
vt 0.880976 0.965876
vt 0.880976 0.963215
vt 0.887028 0.969534
vt 0.889955 0.969534
vt 0.889955 0.965876
vt 0.887028 0.962417
vt 0.880976 0.968802
vt 0.861468 0.966408
vt 0.864395 0.966408
vt 0.864395 0.970066
vt 0.861468 0.970066
vt 0.864395 0.973524
vt 0.861468 0.973524
vt 0.852362 0.765399
vt 0.858092 0.768141
vt 0.859139 0.755737
vt 0.880318 0.771694
vt 0.844609 0.790773
vt 0.859662 0.804168
vt 0.863075 0.811683
vt 0.822548 0.808807
vt 0.820168 0.810079
vt 0.789412 0.906759
vt 0.794822 0.882861
vt 0.792929 0.906314
vt 0.799070 0.883611
vt 0.808217 0.873470
vt 0.809477 0.876048
vt 0.822047 0.872846
vt 0.819013 0.875839
vt 0.824270 0.875656
vt 0.831662 0.885473
vt 0.826226 0.885260
vt 0.828643 0.888077
vt 0.817227 0.896573
vt 0.813333 0.881837
vt 0.851042 0.964866
vt 0.853568 0.964772
vt 0.853704 0.968427
vt 0.851179 0.968522
vt 0.853833 0.971884
vt 0.851300 0.971779
vt 0.835803 0.802692
vt 0.820482 0.796481
vt 0.824403 0.811210
vt 0.856746 0.966807
vt 0.860271 0.966408
vt 0.860271 0.970066
vt 0.856746 0.970066
vt 0.860271 0.973325
vt 0.856746 0.972992
vt 0.827738 0.925301
vt 0.830569 0.924982
vt 0.830569 0.925761
vt 0.819574 0.972366
vt 0.802958 0.972987
vt 0.802859 0.970328
vt 0.819475 0.969707
vt 0.802749 0.967404
vt 0.819366 0.966783
vt 0.831372 0.969262
vt 0.831250 0.966005
vt 0.839082 0.968974
vt 0.839191 0.971898
vt 0.848895 0.971536
vt 0.831482 0.972187
vt 0.848786 0.968611
vt 0.838960 0.965717
vt 0.848664 0.965354
vt 0.792903 0.902035
vt 0.824159 0.903261
vt 0.823892 0.910056
vt 0.792636 0.908830
vt 0.823626 0.916851
vt 0.792370 0.915624
vt 0.798811 0.854540
vt 0.798811 0.853836
vt 0.799724 0.853836
vt 0.799724 0.854540
vt 0.800637 0.853836
vt 0.800637 0.854540
vt 0.808835 0.856158
vt 0.808835 0.855453
vt 0.809748 0.855453
vt 0.809748 0.856158
vt 0.810661 0.855453
vt 0.810661 0.856158
vt 0.799581 0.830307
vt 0.830839 0.831475
vt 0.831093 0.824680
vt 0.799835 0.823512
vt 0.831347 0.817885
vt 0.800089 0.816716
vt 0.849877 0.966041
vt 0.849721 0.978262
vt 0.838283 0.965884
vt 0.838283 0.978262
vt 0.779652 0.872757
vt 0.779491 0.868444
vt 0.789386 0.872448
vt 0.789222 0.868080
vt 0.909933 0.975911
vt 0.910090 0.988132
vt 0.898495 0.976068
vt 0.898495 0.988289
vt 0.789069 0.862051
vt 0.789069 0.866366
vt 0.779331 0.862051
vt 0.779331 0.866366
vt 0.799737 0.815731
vt 0.763625 0.814381
vt 0.799156 0.831263
vt 0.763044 0.829913
vt 0.810791 0.856836
vt 0.810791 0.857175
vt 0.808705 0.856862
vt 0.808705 0.857201
vt 0.782432 0.852243
vt 0.782432 0.852582
vt 0.777581 0.852243
vt 0.777581 0.852582
vt 0.800767 0.852819
vt 0.800767 0.853158
vt 0.798681 0.852819
vt 0.798681 0.853132
vt 0.777656 0.853227
vt 0.777644 0.852888
vt 0.782504 0.853046
vt 0.782493 0.852733
vt 0.803288 0.895054
vt 0.833184 0.896227
vt 0.832849 0.904769
vt 0.860222 0.905843
vt 0.860557 0.897301
vt 0.878277 0.906551
vt 0.878612 0.898009
vt 0.903267 0.898977
vt 0.902932 0.907519
vt 0.895418 0.910724
vt 0.888025 0.920738
vt 0.859681 0.919626
vt 0.837162 0.918743
vt 0.802952 0.903596
vt 0.754754 0.893150
vt 0.754418 0.901692
vt 0.802259 0.921262
vt 0.753725 0.919358
vt 0.854314 0.933444
vt 0.854314 0.934151
vt 0.853818 0.933444
vt 0.853818 0.934151
vt 0.852084 0.933408
vt 0.852084 0.934151
vt 0.824376 0.925725
vt 0.824376 0.924982
vt 0.826747 0.925725
vt 0.826747 0.924982
vt 0.829260 0.925690
vt 0.829260 0.924982
vt 0.773387 0.852510
vt 0.775267 0.851727
vt 0.775111 0.853137
vt 0.776521 0.851727
vt 0.775894 0.850003
vt 0.861508 0.931993
vt 0.861508 0.931249
vt 0.865897 0.931957
vt 0.865897 0.931214
vt 0.812994 0.895435
vt 0.815385 0.893973
vt 0.855898 0.897118
vt 0.837471 0.876174
vt 0.852507 0.889402
vt 0.873215 0.857161
vt 0.851004 0.853373
vt 0.852268 0.840979
vt 0.845271 0.850815
vt 0.772134 0.858934
vt 0.772760 0.857210
vt 0.773857 0.857994
vt 0.773857 0.856270
vt 0.818931 0.951432
vt 0.818931 0.955499
vt 0.812802 0.950708
vt 0.812802 0.956502
vt 0.812134 0.950596
vt 0.812134 0.956558
vt 0.775111 0.862851
vt 0.775111 0.861441
vt 0.776521 0.862851
vt 0.773387 0.862067
vt 0.849250 0.951706
vt 0.849306 0.956776
vt 0.842620 0.952263
vt 0.842620 0.956331
vt 0.821333 0.968588
vt 0.821148 0.963633
vt 0.823007 0.968637
vt 0.822818 0.963571
vt 0.852816 0.951818
vt 0.852871 0.956776
vt 0.849974 0.951818
vt 0.849974 0.956776
vt 0.828959 0.951376
vt 0.828959 0.955443
vt 0.822719 0.950986
vt 0.822775 0.955945
vt 0.789055 0.857680
vt 0.789839 0.859404
vt 0.788115 0.858621
vt 0.786705 0.863164
vt 0.785922 0.864888
vt 0.785295 0.863164
vt 0.889146 0.799163
vt 0.908149 0.777088
vt 0.904705 0.809013
vt 0.879250 0.803847
vt 0.853701 0.806291
vt 0.851422 0.759143
vt 0.825873 0.761588
vt 0.822940 0.804052
vt 0.797391 0.806497
vt 0.802603 0.811181
vt 0.800440 0.804782
vt 0.800325 0.764033
vt 0.828152 0.808736
vt 0.848488 0.801607
vt 0.876971 0.756699
vt 0.909918 0.813697
vt 0.948508 0.902086
vt 0.943400 0.864035
vt 0.905699 0.926436
vt 0.911484 0.918744
vt 0.898041 0.929186
vt 0.900106 0.971911
vt 0.859803 0.981687
vt 0.862559 0.939323
vt 0.837011 0.941767
vt 0.944667 0.822617
vt 0.913549 0.961469
vt 0.888108 0.936878
vt 0.857383 0.931630
vt 0.831834 0.934075
vt 0.834254 0.984131
vt 0.808705 0.986576
vt 0.811462 0.944212
vt 0.806286 0.936520
vt 0.807958 0.946182
vt 0.779854 0.791913
vt 0.783749 0.793138
vt 0.782225 0.783327
vt 0.779854 0.789897
vt 0.782244 0.774827
vt 0.782328 0.768285
vt 0.782328 0.766778
vt 0.776004 0.771614
vt 0.779757 0.773320
vt 0.779757 0.765043
vt 0.778816 0.771614
vt 0.782244 0.773320
vt 0.778491 0.773121
vt 0.779854 0.776757
vt 0.779796 0.798502
vt 0.778816 0.795005
vt 0.777368 0.801575
vt 0.781263 0.795005
vt 0.777368 0.793779
vt 0.783749 0.795005
vt 0.589381 0.876807
vt 0.595249 0.903076
vt 0.561747 0.876807
vt 0.630198 0.903076
vt 0.640651 0.921163
vt 0.619091 0.890166
vt 0.561194 0.877318
vt 0.589933 0.877318
vt 0.620658 0.893803
vt 0.632209 0.905687
vt 0.643080 0.921199
vt 0.634602 0.964414
vt 0.632499 0.962715
vt 0.616287 0.978215
vt 0.610532 0.982248
vt 0.589933 0.988443
vt 0.589381 0.992083
vt 0.561194 0.988443
vt 0.561747 0.992083
vt 0.534836 0.978215
vt 0.536235 0.982248
vt 0.592697 0.962715
vt 0.558431 0.962715
vt 0.518625 0.962715
vt 0.516522 0.964414
vt 0.508044 0.921199
vt 0.510473 0.921163
vt 0.518915 0.905687
vt 0.520926 0.903076
vt 0.530465 0.893803
vt 0.532032 0.890166
vt 0.555879 0.903076
vt 0.602090 0.928157
vt 0.549038 0.928157
vt 0.641380 0.972911
vt 0.649457 0.950801
vt 0.701314 0.986396
vt 0.728661 0.953052
vt 0.649457 0.912424
vt 0.728661 0.910172
vt 0.643037 0.888103
vt 0.702971 0.874618
vt 0.722292 0.884063
vt 0.739345 0.910174
vt 0.739345 0.953054
vt 0.720635 0.976500
vt 0.274747 0.942397
vt 0.268505 0.946461
vt 0.263174 0.909706
vt 0.456703 0.794535
vt 0.454568 0.831486
vt 0.419725 0.800864
vt 0.419592 0.833713
vt 0.373884 0.800263
vt 0.376206 0.842097
vt 0.328754 0.800283
vt 0.328754 0.834294
vt 0.296957 0.797702
vt 0.297504 0.834736
vt 0.265693 0.795960
vt 0.265660 0.833575
vt 0.256567 0.787831
vt 0.259437 0.835898
vt 0.269098 0.870659
vt 0.262155 0.870659
vt 0.270837 0.908545
vt 0.307597 0.942027
vt 0.452495 0.869324
vt 0.419835 0.871548
vt 0.376237 0.882808
vt 0.331836 0.871548
vt 0.299759 0.871239
vt 0.489317 0.790998
vt 0.485327 0.825680
vt 0.481033 0.865026
vt 0.481113 0.906223
vt 0.448780 0.906803
vt 0.419871 0.908346
vt 0.376281 0.921657
vt 0.332163 0.910088
vt 0.301475 0.909126
vt 0.340148 0.943653
vt 0.376281 0.945190
vt 0.409420 0.945395
vt 0.441966 0.944350
vt 0.479423 0.942397
vt 0.486946 0.947042
vt 0.488330 0.907384
vt 0.489098 0.865026
vt 0.490764 0.825680
vt 0.494753 0.786037
s 1
f 131/135/99 132/136/100 133/137/101
f 131/135/99 134/138/102 132/136/100
f 135/139/103 131/135/99 133/137/101
f 136/140/104 137/141/105 138/142/106
f 137/141/107 135/139/103 138/142/108
f 139/143/109 137/141/110 135/139/111
f 140/144/112 139/143/109 135/139/111
f 140/144/112 135/139/111 131/135/113
f 135/139/103 133/137/101 138/142/108
f 141/145/114 137/141/105 136/140/104
f 141/145/114 136/140/104 142/146/115
f 141/145/114 142/146/115 143/147/116
f 137/141/105 141/145/114 143/147/116
f 137/141/105 143/147/116 144/148/117
f 135/139/118 137/141/105 144/148/117
f 135/139/118 144/148/117 145/149/119
f 135/139/118 145/149/119 131/135/120
f 146/150/121 147/151/122 138/142/106
f 137/141/110 148/152/123 138/142/106
f 148/152/123 149/153/124 138/142/106
f 149/153/124 146/150/121 138/142/106
f 149/153/124 150/154/125 146/150/121
f 149/153/124 151/155/126 150/154/125
f 152/156/127 153/157/128 154/158/129
f 153/157/128 155/159/130 154/158/129
f 153/157/128 151/155/126 155/159/130
f 151/155/126 156/160/131 155/159/130
f 151/155/126 149/153/124 156/160/131
f 149/153/124 157/161/132 156/160/131
f 149/153/124 148/152/123 157/161/132
f 148/152/123 158/162/133 157/161/132
f 148/152/123 137/141/110 158/162/133
f 137/141/110 159/163/134 158/162/133
f 137/141/110 139/143/109 159/163/134
f 158/162/133 159/163/134 157/161/132
f 157/161/132 160/164/135 156/160/131
f 160/164/135 155/159/130 156/160/131
f 155/159/130 161/165/136 154/158/129
f 162/166/137 163/166/138 152/156/139
f 163/167/138 162/166/137 164/167/140
f 164/167/141 165/168/142 166/169/143
f 164/167/141 167/170/144 165/168/142
f 162/166/145 167/170/144 164/167/141
f 163/169/138 164/167/140 166/169/146
f 168/171/147 169/172/148 166/169/143
f 168/171/147 166/169/143 165/168/142
f 170/173/149 168/171/147 165/168/142
f 170/173/149 165/168/142 171/174/150
f 167/170/144 171/174/150 165/168/142
f 167/170/144 172/175/151 171/174/150
f 173/176/152 172/175/151 167/170/144
f 162/166/145 173/176/152 167/170/144
f 173/176/152 162/166/145 152/156/153
f 174/177/154 163/169/138 169/172/155
f 169/172/156 175/178/157 174/177/158
f 169/172/155 163/172/138 166/169/146
f 166/169/159 175/169/157 169/172/156
f 176/179/160 166/169/161 169/172/162
f 176/179/160 169/172/162 174/177/163
f 177/180/164 176/179/160 174/177/163
f 177/180/164 174/177/163 178/181/165
f 178/181/166 163/167/138 174/177/154
f 174/177/158 175/169/157 178/181/167
f 164/167/168 175/167/157 166/169/159
f 179/182/169 164/167/170 166/169/161
f 179/182/169 166/169/161 176/179/160
f 180/183/171 179/182/169 176/179/160
f 180/183/171 176/179/160 177/180/164
f 181/184/172 180/183/171 177/180/164
f 181/184/172 177/180/164 182/185/173
f 182/185/173 177/180/164 178/181/165
f 182/185/173 178/181/165 183/186/174
f 183/186/175 163/166/138 178/181/166
f 178/181/167 175/167/157 183/186/176
f 175/166/157 164/167/168 162/166/177
f 164/167/170 184/187/178 162/166/179
f 164/167/170 179/182/169 184/187/178
f 179/182/169 185/188/180 184/187/178
f 179/182/169 180/183/171 185/188/180
f 180/183/171 186/189/181 185/188/180
f 180/183/171 181/184/172 186/189/181
f 181/184/172 187/190/182 186/189/181
f 181/184/172 188/191/183 187/190/182
f 188/191/183 181/184/172 182/185/173
f 188/191/183 182/185/173 189/192/184
f 189/192/184 182/185/173 183/186/174
f 189/192/184 183/186/174 190/193/185
f 190/193/186 163/193/138 183/186/175
f 183/186/176 175/166/157 190/193/187
f 191/194/188 189/192/184 190/193/185
f 192/195/189 189/192/184 191/194/188
f 192/195/189 188/191/183 189/192/184
f 193/196/190 192/195/189 191/194/188
f 175/156/157 162/166/177 152/156/191
f 162/166/179 153/157/128 152/156/127
f 162/166/179 184/187/178 153/157/128
f 184/187/178 151/155/126 153/157/128
f 184/187/178 185/188/180 151/155/126
f 185/188/180 150/154/125 151/155/126
f 185/188/180 186/189/181 150/154/125
f 186/189/181 146/150/121 150/154/125
f 186/189/181 187/190/182 146/150/121
f 187/190/182 147/151/122 146/150/121
f 187/190/182 188/191/183 147/151/122
f 188/191/183 194/197/192 147/151/122
f 188/191/183 192/195/189 194/197/192
f 192/195/189 195/198/193 194/197/192
f 195/198/193 142/146/115 194/197/192
f 142/146/115 147/151/122 194/197/192
f 142/146/115 136/140/104 147/151/122
f 136/140/104 138/142/106 147/151/122
f 196/199/194 197/200/195 198/201/196
f 196/199/194 198/201/196 199/202/197
f 200/203/198 196/199/194 199/202/197
f 200/203/198 199/202/197 201/204/199
f 202/205/200 200/203/198 201/204/199
f 202/205/200 201/204/199 203/206/201
f 204/207/202 202/205/200 203/206/201
f 204/207/202 203/206/201 205/208/203
f 206/209/204 204/207/202 205/208/203
f 206/209/204 205/208/203 207/210/205
f 208/211/206 206/209/204 207/210/205
f 208/211/206 207/210/205 209/212/207
f 210/213/208 208/211/206 209/212/207
f 210/213/208 209/212/207 211/214/209
f 212/215/210 210/213/208 211/214/209
f 210/213/208 212/215/210 183/186/211
f 212/215/210 190/193/212 183/186/211
f 198/201/196 213/216/213 199/202/197
f 214/217/214 213/216/213 198/201/196
f 215/218/215 214/217/214 198/201/196
f 207/210/205 216/219/216 209/212/207
f 216/219/216 217/220/217 209/212/207
f 216/219/216 218/221/218 217/220/217
f 219/222/219 218/221/218 216/219/216
f 219/222/219 220/223/220 218/221/218
f 221/224/221 220/223/220 219/222/219
f 222/225/222 221/224/221 219/222/219
f 213/216/213 221/224/221 222/225/222
f 213/216/213 222/225/222 223/226/223
f 213/216/213 223/226/223 199/202/197
f 201/204/199 199/202/197 223/226/223
f 222/225/222 201/204/199 223/226/223
f 201/204/199 222/225/222 224/227/224
f 222/225/222 219/222/219 224/227/224
f 224/227/224 219/222/219 216/219/216
f 224/227/224 216/219/216 207/210/205
f 205/208/203 224/227/224 207/210/205
f 201/204/199 224/227/224 205/208/203
f 203/206/201 201/204/199 205/208/203
f 225/228/225 226/229/226 227/230/227
f 226/229/226 228/231/228 227/230/227
f 226/229/226 229/232/229 228/231/228
f 229/232/229 220/223/220 228/231/228
f 229/232/229 230/233/230 220/223/220
f 230/233/230 218/221/218 220/223/220
f 227/230/227 228/231/228 231/234/231
f 228/231/228 232/235/232 231/234/231
f 232/235/232 233/236/233 231/234/231
f 233/236/233 232/235/232 234/237/234
f 233/236/233 234/237/234 235/238/235
f 236/239/236 231/234/231 233/236/233
f 214/217/214 237/240/237 213/216/213
f 237/240/237 221/224/221 213/216/213
f 237/240/237 238/241/238 221/224/221
f 221/224/221 238/241/238 220/223/220
f 238/241/238 239/242/239 220/223/220
f 220/223/220 239/242/239 228/231/228
f 239/242/239 240/243/240 228/231/228
f 228/231/228 240/243/240 232/235/232
f 232/235/232 240/243/240 241/244/241
f 232/235/232 241/244/241 234/237/234
f 241/244/241 242/245/242 234/237/234
f 242/245/242 235/238/235 234/237/234
f 242/245/242 243/246/243 235/238/235
f 243/246/243 244/247/244 235/238/235
f 243/246/243 245/248/245 244/247/244
f 244/247/244 245/248/245 197/200/195
f 245/248/245 215/218/215 197/200/195
f 197/200/195 215/218/215 198/201/196
f 210/213/208 183/186/211 178/181/246
f 208/211/206 210/213/208 178/181/246
f 208/211/206 178/181/246 174/177/247
f 206/209/204 208/211/206 174/177/247
f 206/209/204 174/177/247 169/172/148
f 204/207/202 206/209/204 169/172/148
f 204/207/202 169/172/148 168/171/147
f 202/205/200 204/207/202 168/171/147
f 202/205/200 168/171/147 170/173/149
f 200/203/198 202/205/200 170/173/149
f 200/203/198 170/173/149 246/249/248
f 196/199/194 200/203/198 246/249/248
f 196/199/194 246/249/248 247/250/249
f 197/200/195 196/199/194 247/250/249
f 197/200/195 247/250/249 248/251/250
f 249/252/251 197/200/195 248/251/250
f 244/247/244 197/200/195 249/252/251
f 250/253/252 244/247/244 249/252/251
f 251/254/253 244/247/244 250/253/252
f 252/255/254 251/254/253 250/253/252
f 247/250/249 246/249/248 253/256/255
f 246/249/248 171/174/150 253/256/255
f 246/249/248 170/173/149 171/174/150
f 254/257/256 255/258/257 256/259/258
f 257/260/259 254/257/256 256/259/258
f 254/257/256 257/260/259 258/261/260
f 257/260/259 259/262/261 258/261/260
f 258/261/260 259/262/261 260/263/262
f 260/263/262 259/262/261 261/264/263
f 261/264/263 259/262/261 262/265/264
f 263/266/265 262/265/264 259/262/261
f 263/266/265 264/267/266 262/265/264
f 264/267/266 263/266/265 236/239/236
f 264/267/266 236/239/236 265/268/267
f 265/268/267 236/239/236 233/236/233
f 265/268/267 233/236/233 266/269/268
f 233/236/233 267/270/269 266/269/268
f 267/270/269 233/236/233 235/238/235
f 267/270/269 235/238/235 244/247/244
f 251/254/253 267/270/269 244/247/244
f 263/266/265 268/271/270 236/239/236
f 263/266/265 257/260/259 268/271/270
f 257/260/259 263/266/265 259/262/261
f 257/260/259 256/259/258 268/271/270
f 269/257/271 270/258/272 255/258/257
f 254/257/256 269/257/271 255/258/257
f 269/257/271 254/257/256 271/261/273
f 254/257/256 258/261/260 271/261/273
f 272/263/274 271/261/273 258/261/260
f 272/263/274 258/261/260 260/263/262
f 272/263/274 260/263/262 273/272/275
f 273/272/275 260/263/262 261/264/263
f 273/272/275 261/264/263 274/273/276
f 261/264/263 262/265/264 274/273/276
f 262/265/264 275/274/277 274/273/276
f 264/267/266 275/274/277 262/265/264
f 264/267/266 276/275/278 275/274/277
f 276/275/278 264/267/266 265/268/267
f 276/275/278 265/268/267 277/276/279
f 277/276/279 265/268/267 266/269/268
f 277/276/279 266/269/268 278/277/280
f 266/269/268 279/278/281 278/277/280
f 280/279/282 281/280/283 282/281/284
f 281/280/283 273/272/275 282/281/284
f 283/282/285 282/281/284 273/272/275
f 284/283/286 283/282/285 273/272/275
f 284/283/286 273/272/275 285/283/287
f 273/272/275 286/284/288 285/283/287
f 273/272/275 287/285/289 286/284/288
f 287/285/289 273/272/275 288/286/290
f 287/285/289 289/287/291 290/288/292
f 287/285/289 290/288/292 286/284/288
f 286/284/288 290/288/292 291/289/293
f 285/283/287 286/284/288 291/289/293
f 292/290/294 285/283/287 291/289/293
f 284/283/286 285/283/287 292/290/294
f 293/290/295 284/283/286 292/290/294
f 293/290/295 292/290/294 294/291/296
f 294/291/296 292/290/294 295/292/297
f 292/290/294 291/289/293 295/292/297
f 295/292/297 291/289/293 278/277/280
f 290/288/292 278/277/280 291/289/293
f 290/288/292 277/276/279 278/277/280
f 289/287/291 277/276/279 290/288/292
f 289/287/291 276/275/278 277/276/279
f 276/275/278 289/287/291 296/293/298
f 276/275/278 296/293/298 275/274/277
f 275/274/277 296/293/298 297/294/299
f 275/274/277 297/294/299 274/273/276
f 273/272/275 274/273/276 297/294/299
f 298/295/300 273/272/275 297/294/299
f 298/295/300 288/286/290 273/272/275
f 288/286/290 298/295/300 296/293/298
f 289/287/291 288/286/290 296/293/298
f 289/287/291 287/285/289 288/286/290
f 298/295/300 297/294/299 296/293/298
f 279/278/281 295/292/297 278/277/280
f 279/278/281 299/296/301 295/292/297
f 294/291/296 295/292/297 299/296/301
f 300/297/302 294/291/296 299/296/301
f 301/291/303 294/291/296 300/297/302
f 301/291/303 293/290/295 294/291/296
f 302/297/304 301/291/303 300/297/302
f 303/298/305 193/299/190 191/300/188
f 303/298/305 304/301/306 193/299/190
f 305/302/307 304/301/306 303/298/305
f 306/303/308 307/304/309 308/305/310
f 305/302/307 306/303/308 308/305/310
f 305/302/307 309/306/311 306/303/308
f 309/306/311 305/302/307 303/298/305
f 309/306/311 303/298/305 310/307/312
f 310/307/312 303/298/305 191/300/188
f 310/307/312 191/300/188 190/308/185
f 175/308/157 310/307/313 190/308/187
f 306/303/314 163/303/138 309/306/315
f 175/307/157 309/306/316 310/307/313
f 309/306/315 163/306/138 310/307/317
f 310/307/317 163/307/138 190/308/186
f 309/306/316 175/306/157 306/303/318
f 212/309/210 311/310/319 190/308/212
f 311/310/319 310/307/320 190/308/212
f 311/310/319 312/311/321 310/307/320
f 312/311/321 309/306/322 310/307/320
f 312/311/321 313/312/323 309/306/322
f 313/312/323 306/303/324 309/306/322
f 314/313/325 306/303/324 313/312/323
f 315/314/326 314/313/325 313/312/323
f 315/314/326 316/315/327 314/313/325
f 315/314/326 313/312/323 317/316/328
f 316/315/329 163/315/138 314/313/330
f 318/317/331 154/318/129 161/319/136
f 318/317/331 316/315/332 154/318/129
f 318/317/331 314/313/333 316/315/332
f 314/313/334 175/313/157 316/315/335
f 316/315/335 175/315/157 152/320/191
f 152/320/139 163/320/138 316/315/329
f 319/321/336 320/322/337 321/323/338
f 319/321/336 321/323/338 322/324/339
f 321/323/338 323/325/340 322/324/339
f 323/325/340 324/326/341 322/324/339
f 324/326/341 317/316/328 322/324/339
f 325/327/342 317/316/328 324/326/341
f 325/327/342 315/314/326 317/316/328
f 325/327/342 326/328/343 315/314/326
f 326/328/343 316/315/327 315/314/326
f 152/320/153 316/315/327 326/328/343
f 316/315/332 152/320/127 154/318/129
f 323/325/340 325/327/342 324/326/341
f 323/325/340 327/329/344 325/327/342
f 327/329/344 326/328/343 325/327/342
f 173/330/152 326/328/343 327/329/344
f 173/330/152 152/320/153 326/328/343
f 172/331/151 173/330/152 327/329/344
f 317/316/328 328/332/345 322/324/339
f 211/333/209 329/334/346 212/309/210
f 329/334/346 311/310/319 212/309/210
f 329/334/346 330/335/347 311/310/319
f 330/335/347 312/311/321 311/310/319
f 330/335/347 331/336/348 312/311/321
f 331/336/348 313/312/323 312/311/321
f 331/336/348 332/337/349 313/312/323
f 332/337/349 317/316/328 313/312/323
f 332/337/349 333/338/350 317/316/328
f 333/338/350 328/332/345 317/316/328
f 333/338/350 334/339/351 328/332/345
f 334/339/351 322/324/339 328/332/345
f 334/339/351 319/321/336 322/324/339
f 319/321/336 334/339/351 335/340/352
f 336/341/353 319/321/336 335/340/352
f 336/341/353 335/340/352 337/342/354
f 338/343/355 336/341/353 337/342/354
f 339/344/356 338/343/355 337/342/354
f 340/345/357 337/342/354 334/339/351
f 334/339/351 337/342/354 335/340/352
f 329/334/346 341/346/358 330/335/347
f 340/345/357 339/344/356 337/342/354
f 340/345/357 341/346/358 339/344/356
f 341/346/358 340/345/357 342/347/359
f 341/346/358 342/347/359 330/335/347
f 342/347/359 331/336/348 330/335/347
f 340/345/357 331/336/348 342/347/359
f 340/345/357 343/348/360 331/336/348
f 343/348/360 340/345/357 334/339/351
f 343/348/360 334/339/351 333/338/350
f 343/348/360 333/338/350 331/336/348
f 333/338/350 332/337/349 331/336/348
f 339/344/356 344/349/361 338/343/355
f 345/350/362 344/349/361 339/344/356
f 344/349/361 345/350/362 346/351/363
f 345/350/362 347/352/364 346/351/363
f 344/349/361 346/351/363 347/352/364
f 338/343/355 344/349/361 347/352/364
f 338/343/355 347/352/364 348/353/365
f 336/341/353 338/343/355 348/353/365
f 336/341/353 348/353/365 349/354/366
f 345/350/362 348/353/365 347/352/364
f 350/355/367 348/353/365 345/350/362
f 348/353/365 350/355/367 351/356/368
f 350/355/367 352/357/369 351/356/368
f 352/357/369 353/358/370 351/356/368
f 345/350/362 339/344/356 354/359/371
f 355/360/372 345/350/362 354/359/371
f 350/355/367 345/350/362 355/360/372
f 356/361/373 350/355/367 355/360/372
f 350/355/367 356/361/373 352/357/369
f 271/362/273 272/363/274 357/364/374
f 271/362/273 357/364/374 358/365/375
f 358/365/375 357/364/374 359/366/376
f 358/365/375 359/366/376 360/367/377
f 361/368/378 358/365/375 360/367/377
f 361/368/378 360/367/377 362/369/379
f 363/370/380 361/368/378 362/369/379
f 363/370/380 362/369/379 364/371/381
f 353/358/370 363/370/380 364/371/381
f 353/358/370 364/371/381 351/356/368
f 351/356/368 364/371/381 365/372/382
f 348/353/365 351/356/368 365/372/382
f 366/373/383 348/353/365 365/372/382
f 349/354/366 348/353/365 366/373/383
f 367/374/384 349/354/366 366/373/383
f 367/374/384 336/341/353 349/354/366
f 367/374/384 320/322/337 336/341/353
f 320/322/337 319/321/336 336/341/353
f 364/371/381 368/375/385 365/372/382
f 364/371/381 362/369/379 368/375/385
f 362/369/379 369/376/386 368/375/385
f 362/369/379 360/367/377 369/376/386
f 366/373/383 365/372/382 370/377/387
f 365/372/382 368/375/385 370/377/387
f 368/375/385 371/378/388 370/377/387
f 368/375/385 369/376/386 371/378/388
f 369/376/386 281/379/283 371/378/388
f 369/376/386 372/380/389 281/379/283
f 360/367/377 372/380/389 369/376/386
f 360/367/377 359/366/376 372/380/389
f 373/381/390 367/374/384 366/373/383
f 373/381/390 366/373/383 370/377/387
f 373/381/390 370/377/387 374/382/391
f 374/382/391 370/377/387 371/378/388
f 375/383/392 374/382/391 371/378/388
f 375/383/392 371/378/388 281/379/283
f 280/384/282 375/383/392 281/379/283
f 282/385/284 376/386/393 280/384/282
f 376/386/393 375/383/392 280/384/282
f 376/386/393 377/387/394 375/383/392
f 377/387/394 374/382/391 375/383/392
f 378/388/395 374/382/391 377/387/394
f 378/388/395 373/381/390 374/382/391
f 378/388/395 379/389/396 373/381/390
f 379/389/396 367/374/384 373/381/390
f 379/389/396 380/390/397 367/374/384
f 381/391/398 377/387/394 376/386/393
f 382/392/399 381/391/398 376/386/393
f 382/392/399 376/386/393 282/385/284
f 283/393/285 382/392/399 282/385/284
f 293/394/295 382/392/399 283/393/285
f 284/395/286 293/394/295 283/393/285
f 293/394/295 301/396/303 382/392/399
f 301/396/303 381/391/398 382/392/399
f 301/396/303 302/397/304 381/391/398
f 302/397/304 383/398/400 381/391/398
f 383/398/400 384/399/401 381/391/398
f 320/322/337 385/400/402 321/323/338
f 386/401/403 321/323/338 385/400/402
f 386/401/403 385/400/402 387/402/404
f 388/403/405 386/401/403 387/402/404
f 388/403/405 387/402/404 385/400/402
f 320/322/337 388/403/405 385/400/402
f 388/403/405 320/322/337 367/374/384
f 386/401/403 388/403/405 367/374/384
f 380/390/397 386/401/403 367/374/384
f 380/390/397 389/404/406 386/401/403
f 390/405/407 389/404/406 380/390/397
f 391/406/408 390/405/407 380/390/397
f 391/406/408 380/390/397 379/389/396
f 392/407/409 391/406/408 379/389/396
f 392/407/409 379/389/396 378/388/395
f 384/399/401 392/407/409 378/388/395
f 384/399/401 378/388/395 377/387/394
f 384/399/401 377/387/394 381/391/398
f 389/404/406 393/408/410 386/401/403
f 393/408/410 321/323/338 386/401/403
f 394/409/411 395/410/412 396/411/413
f 394/409/411 397/412/414 395/410/412
f 397/412/414 398/413/415 395/410/412
f 397/412/414 399/414/416 398/413/415
f 399/414/416 400/415/417 398/413/415
f 399/414/416 401/416/418 400/415/417
f 401/416/418 402/417/419 400/415/417
f 401/416/418 403/418/420 402/417/419
f 404/419/421 405/420/422 406/421/423
f 407/422/424 404/419/421 406/421/423
f 407/422/424 396/411/413 404/419/421
f 408/423/425 396/411/413 407/422/424
f 408/423/425 394/409/411 396/411/413
f 409/424/426 394/409/411 408/423/425
f 409/424/426 410/425/427 394/409/411
f 410/425/427 397/412/414 394/409/411
f 410/425/427 411/426/428 397/412/414
f 411/426/428 399/414/416 397/412/414
f 411/426/428 412/427/429 399/414/416
f 412/427/429 401/416/418 399/414/416
f 412/427/429 413/428/430 401/416/418
f 413/428/430 403/418/420 401/416/418
f 413/428/430 414/429/431 403/418/420
f 414/429/431 415/430/432 403/418/420
f 403/418/420 415/430/432 402/417/419
f 402/417/419 415/430/432 416/431/433
f 417/432/434 418/433/435 419/434/436
f 417/432/434 419/434/436 420/435/437
f 421/436/438 417/432/434 420/435/437
f 421/436/438 420/435/437 422/437/439
f 421/436/438 422/437/439 415/430/432
f 423/438/440 421/436/438 415/430/432
f 423/438/440 415/430/432 414/429/431
f 424/439/441 423/438/440 414/429/431
f 424/439/441 414/429/431 413/428/430
f 425/440/442 424/439/441 413/428/430
f 425/440/442 413/428/430 412/427/429
f 426/441/443 425/440/442 412/427/429
f 426/441/443 412/427/429 411/426/428
f 427/442/444 426/441/443 411/426/428
f 427/442/444 411/426/428 410/425/427
f 428/443/445 427/442/444 410/425/427
f 428/443/445 410/425/427 409/424/426
f 429/444/446 428/443/445 409/424/426
f 430/445/447 428/443/445 429/444/446
f 430/445/447 431/446/448 428/443/445
f 431/446/448 427/442/444 428/443/445
f 431/446/448 432/447/449 427/442/444
f 432/447/449 426/441/443 427/442/444
f 432/447/449 433/448/450 426/441/443
f 433/448/450 425/440/442 426/441/443
f 433/448/450 418/433/435 425/440/442
f 418/433/435 424/439/441 425/440/442
f 418/433/435 417/432/434 424/439/441
f 417/432/434 423/438/440 424/439/441
f 417/432/434 421/436/438 423/438/440
f 434/449/451 435/450/452 436/451/453
f 434/449/451 437/452/454 435/450/452
f 438/453/455 437/452/454 434/449/451
f 438/453/455 439/454/456 437/452/454
f 440/455/457 439/454/456 438/453/455
f 440/455/457 429/444/446 439/454/456
f 441/456/458 429/444/446 440/455/457
f 441/456/458 430/445/447 429/444/446
f 430/445/447 441/456/458 442/457/459
f 430/445/447 442/457/459 443/458/460
f 431/446/448 430/445/447 443/458/460
f 431/446/448 443/458/460 444/459/461
f 432/447/449 431/446/448 444/459/461
f 432/447/449 444/459/461 445/460/462
f 433/448/450 432/447/449 445/460/462
f 433/448/450 445/460/462 446/461/463
f 418/433/435 433/448/450 446/461/463
f 418/433/435 446/461/463 419/434/436
f 447/462/464 448/463/465 449/464/466
f 447/462/464 449/464/466 450/465/467
f 449/464/466 451/466/468 450/465/467
f 451/466/468 436/451/453 450/465/467
f 452/467/469 436/451/453 451/466/468
f 452/467/469 434/449/451 436/451/453
f 453/468/470 434/449/451 452/467/469
f 453/468/470 438/453/455 434/449/451
f 454/469/471 438/453/455 453/468/470
f 454/469/471 440/455/457 438/453/455
f 455/470/472 456/471/473 448/463/465
f 448/463/465 456/471/473 449/464/466
f 449/464/466 456/471/473 457/472/474
f 449/464/466 457/472/474 451/466/468
f 457/472/474 458/473/475 451/466/468
f 458/473/475 452/467/469 451/466/468
f 459/474/476 452/467/469 458/473/475
f 459/474/476 453/468/470 452/467/469
f 460/475/477 453/468/470 459/474/476
f 460/475/477 454/469/471 453/468/470
f 461/476/478 454/469/471 460/475/477
f 461/476/478 462/477/479 454/469/471
f 462/477/479 440/455/457 454/469/471
f 462/477/479 441/456/458 440/455/457
f 455/470/472 463/478/480 464/479/481
f 455/470/472 464/479/481 456/471/473
f 464/479/481 465/480/482 456/471/473
f 456/471/473 465/480/482 457/472/474
f 457/472/474 465/480/482 466/481/483
f 457/472/474 466/481/483 458/473/475
f 466/481/483 467/482/484 458/473/475
f 467/482/484 459/474/476 458/473/475
f 468/483/485 459/474/476 467/482/484
f 468/483/485 460/475/477 459/474/476
f 469/484/486 460/475/477 468/483/485
f 469/484/486 461/476/478 460/475/477
f 461/476/478 469/484/486 470/485/487
f 461/476/478 470/485/487 471/486/488
f 462/477/479 461/476/478 471/486/488
f 462/477/479 471/486/488 472/487/489
f 441/456/458 462/477/479 472/487/489
f 441/456/458 472/487/489 442/457/459
f 464/479/490 473/479/491 463/478/492
f 464/479/493 474/479/494 465/480/495
f 465/480/496 473/480/491 464/479/490
f 463/478/497 474/478/494 464/479/493
f 466/481/498 473/481/491 465/480/496
f 465/480/495 474/480/494 466/481/499
f 467/482/500 473/482/491 466/481/498
f 466/481/499 474/481/494 467/482/501
f 468/483/502 473/483/491 467/482/500
f 469/484/503 474/484/494 470/485/504
f 474/482/494 468/483/505 467/482/501
f 474/483/494 469/484/503 468/483/505
f 475/488/506 476/489/507 463/478/508
f 476/489/507 464/479/509 463/478/508
f 476/489/507 477/490/510 464/479/509
f 477/490/510 465/480/511 464/479/509
f 477/490/510 478/491/512 465/480/511
f 478/491/512 466/481/513 465/480/511
f 478/491/512 479/492/514 466/481/513
f 479/492/514 467/482/515 466/481/513
f 479/492/514 480/493/516 467/482/515
f 480/493/516 468/483/517 467/482/515
f 480/493/516 481/494/518 468/483/517
f 481/494/518 469/484/519 468/483/517
f 469/484/520 473/484/491 468/483/502
f 482/495/521 483/496/522 475/488/506
f 483/496/522 476/489/507 475/488/506
f 483/496/522 484/497/523 476/489/507
f 484/497/523 477/490/510 476/489/507
f 484/497/523 485/498/524 477/490/510
f 485/498/524 478/491/512 477/490/510
f 485/498/524 486/499/525 478/491/512
f 486/499/525 479/492/514 478/491/512
f 486/499/525 487/500/526 479/492/514
f 487/500/526 480/493/516 479/492/514
f 487/500/526 488/501/527 480/493/516
f 488/501/527 481/494/518 480/493/516
f 488/501/527 489/502/528 481/494/518
f 489/502/528 490/503/529 481/494/518
f 481/494/518 490/503/529 469/484/519
f 490/503/529 470/485/530 469/484/519
f 470/485/531 473/485/491 469/484/520
f 491/504/532 492/505/533 493/506/534
f 492/505/533 494/507/535 493/506/534
f 492/505/533 495/508/536 494/507/535
f 495/508/536 496/509/537 494/507/535
f 495/508/536 497/510/538 496/509/537
f 497/510/538 498/511/539 496/509/537
f 497/510/538 499/512/540 498/511/539
f 499/512/540 500/513/541 498/511/539
f 499/512/540 501/514/542 500/513/541
f 501/514/542 502/515/543 500/513/541
f 501/514/542 503/516/544 502/515/543
f 503/516/544 504/517/545 502/515/543
f 503/516/544 505/518/546 504/517/545
f 505/518/546 506/519/547 504/517/545
f 505/518/546 507/520/548 506/519/547
f 507/520/548 508/521/549 506/519/547
f 507/520/548 482/495/521 508/521/549
f 482/495/521 475/488/506 508/521/549
f 493/506/534 494/507/535 509/522/550
f 494/507/535 510/523/551 509/522/550
f 494/507/535 496/509/537 510/523/551
f 496/509/537 511/524/552 510/523/551
f 496/509/537 498/511/539 511/524/552
f 498/511/539 512/525/553 511/524/552
f 498/511/539 500/513/541 512/525/553
f 500/513/541 513/526/554 512/525/553
f 500/513/541 502/515/543 513/526/554
f 502/515/543 514/527/555 513/526/554
f 502/515/543 504/517/545 514/527/555
f 504/517/545 515/528/556 514/527/555
f 504/517/545 506/519/547 515/528/556
f 506/519/547 516/529/557 515/528/556
f 506/519/547 508/521/549 516/529/557
f 508/521/549 517/530/558 516/529/557
f 508/521/549 475/488/506 517/530/558
f 475/488/506 463/478/508 517/530/558
f 511/524/559 473/524/491 510/523/560
f 510/523/561 474/523/494 511/524/562
f 512/525/563 473/525/491 511/524/559
f 511/524/562 474/524/494 512/525/564
f 513/526/565 473/526/491 512/525/563
f 512/525/564 474/525/494 513/526/566
f 514/527/567 473/527/491 513/526/565
f 513/526/566 474/526/494 514/527/568
f 515/528/569 473/528/491 514/527/567
f 514/527/568 474/527/494 515/528/570
f 516/529/571 473/529/491 515/528/569
f 515/528/570 474/528/494 516/529/572
f 517/530/573 473/530/491 516/529/571
f 516/529/572 474/529/494 517/530/574
f 463/478/492 473/478/491 517/530/573
f 517/530/574 474/530/494 463/478/497
f 510/523/575 518/531/576 509/522/577
f 510/523/575 519/532/578 518/531/576
f 519/532/578 510/523/575 511/524/579
f 519/532/578 511/524/579 520/533/580
f 520/533/580 511/524/579 512/525/581
f 520/533/580 512/525/581 521/534/582
f 521/534/582 512/525/581 513/526/583
f 521/534/582 513/526/583 522/535/584
f 522/535/584 513/526/583 514/527/585
f 522/535/584 514/527/585 523/536/586
f 523/536/586 514/527/585 515/528/587
f 523/536/586 515/528/587 524/537/588
f 524/537/588 515/528/587 516/529/589
f 524/537/588 516/529/589 525/538/590
f 525/538/590 516/529/589 517/530/591
f 525/538/590 517/530/591 526/539/592
f 526/539/592 517/530/591 463/478/480
f 526/539/592 463/478/480 455/470/472
f 519/532/578 527/540/593 518/531/576
f 519/532/578 528/541/594 527/540/593
f 528/541/594 519/532/578 520/533/580
f 528/541/594 520/533/580 529/542/595
f 529/542/595 520/533/580 521/534/582
f 529/542/595 521/534/582 530/543/596
f 530/543/596 521/534/582 522/535/584
f 530/543/596 522/535/584 531/544/597
f 531/544/597 522/535/584 523/536/586
f 531/544/597 523/536/586 532/545/598
f 532/545/598 523/536/586 524/537/588
f 532/545/598 524/537/588 533/546/599
f 533/546/599 524/537/588 525/538/590
f 533/546/599 525/538/590 534/547/600
f 534/547/600 525/538/590 526/539/592
f 534/547/600 526/539/592 535/548/601
f 535/548/601 526/539/592 455/470/472
f 535/548/601 455/470/472 448/463/465
f 528/541/594 536/549/602 527/540/593
f 528/541/594 537/550/603 536/549/602
f 537/550/603 528/541/594 529/542/595
f 537/550/603 529/542/595 538/551/604
f 538/551/604 529/542/595 530/543/596
f 538/551/604 530/543/596 539/552/605
f 539/552/605 530/543/596 531/544/597
f 539/552/605 531/544/597 540/553/606
f 540/553/606 531/544/597 532/545/598
f 540/553/606 532/545/598 541/554/607
f 541/554/607 532/545/598 533/546/599
f 541/554/607 533/546/599 542/555/608
f 542/555/608 533/546/599 534/547/600
f 542/555/608 534/547/600 543/556/609
f 543/556/609 534/547/600 535/548/601
f 543/556/609 535/548/601 544/557/610
f 535/548/601 448/463/465 544/557/610
f 544/557/610 448/463/465 447/462/464
f 543/556/609 544/557/610 545/558/611
f 545/558/611 544/557/610 447/462/464
f 545/558/611 447/462/464 546/559/612
f 447/462/464 450/465/467 546/559/612
f 547/560/613 538/551/604 539/552/605
f 547/560/613 539/552/605 548/561/614
f 548/561/614 539/552/605 540/553/606
f 548/561/614 540/553/606 549/562/615
f 549/562/615 540/553/606 541/554/607
f 549/562/615 541/554/607 550/563/616
f 550/563/616 541/554/607 542/555/608
f 550/563/616 542/555/608 551/564/617
f 551/564/617 542/555/608 543/556/609
f 551/564/617 543/556/609 552/565/618
f 552/565/618 543/556/609 545/558/611
f 552/565/618 545/558/611 553/566/619
f 545/558/611 546/559/612 553/566/619
f 554/567/620 553/566/619 546/559/612
f 554/567/620 546/559/612 450/465/467
f 555/568/621 554/567/620 450/465/467
f 436/451/453 555/568/621 450/465/467
f 436/451/453 435/450/452 555/568/621
f 429/444/446 409/424/426 439/454/456
f 439/454/456 409/424/426 408/423/425
f 439/454/456 408/423/425 437/452/454
f 437/452/454 408/423/425 407/422/424
f 437/452/454 407/422/424 435/450/452
f 435/450/452 407/422/424 406/421/423
f 435/450/452 406/421/423 555/568/621
f 406/421/423 556/569/622 555/568/621
f 556/569/622 554/567/620 555/568/621
f 556/569/622 557/570/623 554/567/620
f 557/570/623 553/566/619 554/567/620
f 557/570/623 558/571/624 553/566/619
f 552/565/618 553/566/619 558/571/624
f 559/572/625 552/565/618 558/571/624
f 559/572/625 551/564/617 552/565/618
f 560/573/626 551/564/617 559/572/625
f 560/573/626 550/563/616 551/564/617
f 561/574/627 550/563/616 560/573/626
f 562/575/628 563/576/629 564/577/630
f 563/576/629 562/575/628 565/578/631
f 562/575/628 566/579/632 565/578/631
f 565/578/631 566/579/632 567/580/633
f 566/579/632 568/581/634 567/580/633
f 567/580/633 568/581/634 569/582/635
f 568/581/634 561/574/627 569/582/635
f 569/582/635 561/574/627 560/573/626
f 569/582/635 560/573/626 570/583/636
f 570/583/636 560/573/626 559/572/625
f 570/583/636 559/572/625 571/584/637
f 559/572/625 558/571/624 571/584/637
f 572/585/638 571/584/637 558/571/624
f 572/585/638 558/571/624 557/570/623
f 573/586/639 572/585/638 557/570/623
f 573/586/639 557/570/623 556/569/622
f 405/420/422 573/586/639 556/569/622
f 405/420/422 556/569/622 406/421/423
f 563/576/629 574/587/640 564/577/630
f 568/581/634 575/588/641 561/574/627
f 576/589/642 575/588/641 568/581/634
f 566/579/632 576/589/642 568/581/634
f 577/590/643 576/589/642 566/579/632
f 562/575/628 577/590/643 566/579/632
f 577/590/643 562/575/628 578/591/644
f 562/575/628 564/577/630 578/591/644
f 577/590/643 578/591/644 579/592/645
f 580/593/646 577/590/643 579/592/645
f 577/590/643 580/593/646 576/589/642
f 580/593/646 581/594/647 576/589/642
f 576/589/642 581/594/647 575/588/641
f 580/593/646 579/592/645 582/595/648
f 583/596/649 580/593/646 582/595/648
f 580/593/646 583/596/649 581/594/647
f 583/596/649 582/595/648 584/597/650
f 585/598/651 570/583/636 586/599/652
f 585/598/651 569/582/635 570/583/636
f 567/580/633 569/582/635 585/598/651
f 587/600/653 567/580/633 585/598/651
f 565/578/631 567/580/633 587/600/653
f 588/601/654 565/578/631 587/600/653
f 563/576/629 565/578/631 588/601/654
f 589/602/655 563/576/629 588/601/654
f 563/576/629 589/602/655 574/587/640
f 574/587/640 589/602/655 415/603/432
f 574/587/640 415/603/432 422/604/439
f 564/577/630 574/587/640 422/604/439
f 564/577/630 422/604/439 420/605/437
f 578/591/644 564/577/630 420/605/437
f 578/591/644 420/605/437 419/606/436
f 579/592/645 578/591/644 419/606/436
f 579/592/645 419/606/436 446/607/463
f 582/595/648 579/592/645 446/607/463
f 582/595/648 446/607/463 445/608/462
f 584/597/650 582/595/648 445/608/462
f 584/597/650 445/608/462 444/609/461
f 588/601/654 590/610/656 591/611/657
f 588/601/654 587/600/653 590/610/656
f 587/600/653 592/612/658 590/610/656
f 587/600/653 585/598/651 592/612/658
f 585/598/651 586/599/652 592/612/658
f 589/602/655 588/601/654 591/611/657
f 589/602/655 591/611/657 415/603/432
f 415/603/432 591/611/657 593/613/659
f 591/611/657 590/610/656 593/613/659
f 593/613/659 590/610/656 594/614/660
f 594/614/660 590/610/656 592/612/658
f 594/614/660 592/612/658 595/615/661
f 595/615/661 592/612/658 586/599/652
f 595/615/661 586/599/652 596/616/662
f 597/617/663 595/615/661 596/616/662
f 597/617/663 596/616/662 598/618/664
f 599/619/665 597/617/663 598/618/664
f 599/619/665 598/618/664 600/620/666
f 601/621/667 599/619/665 600/620/666
f 601/621/667 600/620/666 602/622/668
f 603/623/669 601/621/667 602/622/668
f 603/623/669 602/622/668 604/624/670
f 605/625/671 603/623/669 604/624/670
f 400/415/417 402/417/419 416/431/433
f 400/415/417 416/431/433 606/626/672
f 398/413/415 400/415/417 606/626/672
f 398/413/415 606/626/672 605/625/671
f 395/410/412 398/413/415 605/625/671
f 395/410/412 605/625/671 604/624/670
f 396/411/413 395/410/412 604/624/670
f 396/411/413 604/624/670 404/419/421
f 604/624/670 602/622/668 404/419/421
f 602/622/668 405/420/422 404/419/421
f 602/622/668 600/620/666 405/420/422
f 600/620/666 573/586/639 405/420/422
f 600/620/666 598/618/664 573/586/639
f 598/618/664 572/585/638 573/586/639
f 598/618/664 596/616/662 572/585/638
f 596/616/662 571/584/637 572/585/638
f 596/616/662 586/599/652 571/584/637
f 570/583/636 571/584/637 586/599/652
f 607/627/673 603/623/669 605/625/671
f 606/626/672 607/627/673 605/625/671
f 608/628/674 607/627/673 606/626/672
f 416/431/433 608/628/674 606/626/672
f 608/628/674 416/431/433 415/430/432
f 608/628/674 415/430/432 609/629/675
f 415/430/432 610/630/676 609/629/675
f 609/629/675 610/630/676 611/631/677
f 610/630/676 612/632/678 611/631/677
f 611/631/677 612/632/678 601/621/667
f 612/632/678 599/619/665 601/621/667
f 612/632/678 613/633/679 599/619/665
f 613/633/679 597/617/663 599/619/665
f 613/633/679 614/634/680 597/617/663
f 614/634/680 595/615/661 597/617/663
f 614/634/680 594/614/660 595/615/661
f 615/635/681 594/614/660 614/634/680
f 615/635/681 593/613/659 594/614/660
f 608/628/674 609/629/675 607/627/673
f 609/629/675 611/631/677 607/627/673
f 607/627/673 611/631/677 603/623/669
f 611/631/677 601/621/667 603/623/669
f 616/636/682 614/634/680 613/633/679
f 616/636/682 615/635/681 614/634/680
f 415/430/432 593/613/659 615/635/681
f 415/430/432 615/635/681 616/636/682
f 617/637/683 415/430/432 616/636/682
f 617/637/683 616/636/682 613/633/679
f 617/637/683 613/633/679 612/632/678
f 610/630/676 617/637/683 612/632/678
f 415/430/432 617/637/683 610/630/676
f 145/638/119 618/639/684 131/640/120
f 618/639/684 134/641/685 131/640/120
f 618/639/684 619/642/686 134/641/685
f 175/303/157 314/313/334 306/303/318
f 314/313/333 307/304/309 306/303/308
f 314/313/333 318/317/331 307/304/309
f 318/317/331 620/643/687 307/304/309
f 620/643/687 318/317/331 161/319/136
f 620/643/687 161/319/136 621/644/688
f 621/644/688 161/319/136 622/645/689
f 621/644/688 622/645/689 623/646/690
f 624/647/691 621/644/688 623/646/690
f 624/647/691 623/646/690 625/648/692
f 626/649/693 624/647/691 625/648/692
f 626/649/693 625/648/692 627/650/694
f 626/649/693 627/650/694 134/641/695
f 627/650/694 628/651/696 134/641/695
f 628/651/696 131/640/113 134/641/695
f 628/651/696 140/652/112 131/640/113
f 314/313/330 163/313/138 306/303/314
f 304/301/306 629/653/697 193/299/190
f 630/654/698 193/299/190 629/653/697
f 631/655/699 630/654/698 629/653/697
f 631/655/699 629/653/697 632/656/700
f 633/657/701 631/655/699 632/656/700
f 633/657/701 632/656/700 634/658/702
f 619/642/686 633/657/701 634/658/702
f 619/642/686 634/658/702 134/641/685
f 635/659/703 134/641/685 634/658/702
f 635/659/703 626/649/693 134/641/695
f 635/659/703 636/660/704 626/649/693
f 636/660/704 624/647/691 626/649/693
f 636/660/704 637/661/705 624/647/691
f 637/661/705 621/644/688 624/647/691
f 637/661/705 620/643/687 621/644/688
f 620/643/687 637/661/705 638/662/706
f 307/304/309 620/643/687 638/662/706
f 307/304/309 638/662/706 308/305/310
f 636/660/704 639/663/707 637/661/705
f 639/663/707 638/662/706 637/661/705
f 640/664/708 308/305/310 638/662/706
f 641/665/709 640/664/708 638/662/706
f 641/665/709 638/662/706 639/663/707
f 642/666/710 641/665/709 639/663/707
f 642/666/710 639/663/707 636/660/704
f 643/667/711 642/666/710 636/660/704
f 643/667/711 636/660/704 635/659/703
f 644/668/712 643/667/711 635/659/703
f 644/668/712 635/659/703 634/658/702
f 644/668/712 634/658/702 632/656/700
f 645/669/713 644/668/712 632/656/700
f 645/669/713 632/656/700 629/653/697
f 304/301/306 645/669/713 629/653/697
f 646/670/714 645/669/713 304/301/306
f 305/302/307 646/670/714 304/301/306
f 646/670/714 305/302/307 308/305/310
f 646/670/714 308/305/310 640/664/708
f 647/671/715 646/670/714 640/664/708
f 642/666/710 643/667/711 641/665/709
f 643/667/711 640/664/708 641/665/709
f 647/671/715 640/664/708 643/667/711
f 648/672/716 647/671/715 643/667/711
f 648/672/716 643/667/711 644/668/712
f 649/673/717 648/672/716 644/668/712
f 649/673/717 644/668/712 645/669/713
f 646/670/714 649/673/717 645/669/713
f 649/673/717 646/670/714 647/671/715
f 648/672/716 649/673/717 647/671/715
f 474/522/494 510/523/561 509/522/718
f 510/523/560 473/523/491 509/522/719
f 474/674/494 509/522/718 470/674/504
f 509/522/719 473/522/491 470/674/531
f 509/522/577 471/675/488 470/674/487
f 493/506/534 509/522/550 470/674/530
f 490/676/529 493/506/534 470/674/530
f 491/504/532 493/506/534 490/676/529
f 489/677/528 491/504/532 490/676/529
f 561/574/627 549/562/615 550/563/616
f 575/588/641 549/562/615 561/574/627
f 575/588/641 548/561/614 549/562/615
f 581/594/647 548/561/614 575/588/641
f 581/594/647 547/560/613 548/561/614
f 583/596/649 547/560/613 581/594/647
f 583/596/649 650/678/720 547/560/613
f 650/678/720 583/596/649 584/597/650
f 650/678/720 584/597/650 651/679/721
f 651/679/721 584/597/650 444/609/461
f 651/679/721 444/609/461 443/680/460
f 536/549/602 651/679/721 443/680/460
f 536/549/602 443/680/460 442/681/459
f 527/540/593 536/549/602 442/681/459
f 527/540/593 442/681/459 472/682/489
f 518/531/576 527/540/593 472/682/489
f 518/531/576 472/682/489 471/675/488
f 509/522/577 518/531/576 471/675/488
f 537/550/603 651/679/721 536/549/602
f 537/550/603 650/678/720 651/679/721
f 650/678/720 537/550/603 538/551/604
f 650/678/720 538/551/604 547/560/613
f 652/683/722 653/684/723 654/683/724
f 655/685/725 656/685/726 653/684/727
f 653/684/723 652/684/722 655/685/728
f 657/686/729 656/686/726 655/685/725
f 652/685/722 657/686/730 655/685/728
f 658/687/731 656/687/726 657/686/729
f 652/686/722 658/687/732 657/686/730
f 659/688/733 656/688/726 658/687/731
f 652/687/722 659/688/734 658/687/732
f 653/684/727 656/684/726 654/683/735
f 653/684/736 654/683/737 660/689/738
f 661/690/739 653/684/736 660/689/738
f 655/685/740 653/684/736 661/690/739
f 662/691/741 655/685/740 661/690/739
f 657/686/742 655/685/740 662/691/741
f 663/692/743 657/686/742 662/691/741
f 658/687/744 657/686/742 663/692/743
f 664/693/745 658/687/744 663/692/743
f 659/688/746 658/687/744 664/693/745
f 665/694/747 659/688/746 664/693/745
f 666/695/748 659/688/746 665/694/747
f 667/696/749 666/695/748 665/694/747
f 668/697/750 666/695/748 667/696/749
f 669/698/751 668/697/750 667/696/749
f 670/699/752 668/697/750 669/698/751
f 671/700/753 670/699/752 669/698/751
f 672/701/754 670/699/752 671/700/753
f 659/688/734 652/688/722 666/695/755
f 672/701/756 656/701/726 670/699/757
f 666/695/755 652/695/722 668/697/758
f 670/699/757 656/699/726 668/697/759
f 668/697/758 652/697/722 670/699/760
f 668/697/759 656/697/726 666/695/761
f 670/699/760 652/699/722 672/701/762
f 673/702/763 656/702/726 672/701/756
f 672/701/762 652/701/722 673/702/764
f 674/703/765 656/703/726 673/702/763
f 673/702/764 652/702/722 674/703/766
f 675/704/767 656/704/726 674/703/765
f 674/703/766 652/703/722 675/704/768
f 676/705/769 656/705/726 675/704/767
f 675/704/768 652/704/722 676/705/770
f 677/706/771 656/706/726 676/705/769
f 676/705/770 652/705/722 677/706/772
f 678/707/773 672/701/754 671/700/753
f 673/702/774 672/701/754 678/707/773
f 679/708/775 673/702/774 678/707/773
f 674/703/776 673/702/774 679/708/775
f 680/709/777 674/703/776 679/708/775
f 675/704/778 674/703/776 680/709/777
f 681/710/779 675/704/778 680/709/777
f 676/705/780 675/704/778 681/710/779
f 682/711/781 676/705/780 681/710/779
f 677/706/782 676/705/780 682/711/781
f 683/712/783 677/706/782 682/711/781
f 684/713/784 677/706/782 683/712/783
f 685/714/785 684/713/784 683/712/783
f 677/706/772 652/706/722 684/713/786
f 684/713/787 656/713/726 677/706/771
f 686/715/788 685/714/785 687/716/789
f 685/714/785 683/712/783 687/716/789
f 687/716/789 683/712/783 688/717/790
f 683/712/783 682/711/781 688/717/790
f 688/717/790 682/711/781 689/718/791
f 682/711/781 681/710/779 689/718/791
f 689/718/791 681/710/779 690/719/792
f 681/710/779 680/709/777 690/719/792
f 690/719/792 680/709/777 691/720/793
f 680/709/777 679/708/775 691/720/793
f 691/720/793 679/708/775 692/721/794
f 679/708/775 678/707/773 692/721/794
f 692/721/794 678/707/773 693/722/795
f 678/707/773 671/700/753 693/722/795
f 693/722/795 671/700/753 694/723/796
f 671/700/753 669/698/751 694/723/796
f 694/723/796 669/698/751 695/724/797
f 669/698/751 667/696/749 695/724/797
f 695/724/797 667/696/749 696/725/798
f 667/696/749 665/694/747 696/725/798
f 696/725/798 665/694/747 697/726/799
f 665/694/747 664/693/745 697/726/799
f 697/726/799 664/693/745 698/727/800
f 664/693/745 663/692/743 698/727/800
f 698/727/800 663/692/743 699/728/801
f 663/692/743 662/691/741 699/728/801
f 699/728/801 662/691/741 700/729/802
f 662/691/741 661/690/739 700/729/802
f 700/729/802 661/690/739 701/730/803
f 661/690/739 660/689/738 701/730/803
f 701/730/803 660/689/738 702/731/804
f 660/689/738 703/732/805 702/731/804
f 660/689/738 654/683/737 703/732/805
f 654/683/737 704/733/806 703/732/805
f 654/683/807 705/734/808 704/733/809
f 704/733/809 705/734/808 706/735/810
f 654/683/735 656/683/726 704/733/811
f 684/736/812 704/733/809 706/735/810
f 652/733/722 654/683/724 704/733/813
f 684/736/786 652/736/722 704/733/813
f 702/731/804 703/732/805 686/737/788
f 703/732/805 685/738/785 686/737/788
f 703/732/805 704/733/806 685/738/785
f 704/733/806 684/736/784 685/738/785
f 704/733/811 656/733/726 684/736/787
f 659/688/814 707/739/815 658/687/816
f 658/687/816 707/739/815 708/740/817
f 658/687/816 708/740/817 657/686/818
f 657/686/818 708/740/817 709/741/819
f 657/686/818 709/741/819 655/685/820
f 710/742/821 655/685/820 709/741/819
f 710/742/821 653/684/822 655/685/820
f 653/684/822 710/742/821 711/743/823
f 653/684/822 711/743/823 654/683/807
f 654/683/807 711/743/823 705/734/808
f 711/743/823 712/744/824 705/734/808
f 705/734/808 712/744/824 713/745/825
f 712/744/824 714/746/826 713/745/825
f 713/745/825 714/746/826 715/747/827
f 714/746/826 716/748/828 715/747/827
f 715/747/827 716/748/828 717/749/829
f 716/748/828 718/750/830 717/749/829
f 717/749/829 718/750/830 719/751/831
f 720/752/832 721/753/833 722/754/834
f 723/755/835 721/753/833 720/752/832
f 724/756/836 723/755/835 720/752/832
f 725/757/837 723/755/835 724/756/836
f 726/758/838 725/757/837 724/756/836
f 727/759/839 725/757/837 726/758/838
f 728/760/840 727/759/839 726/758/838
f 729/761/841 727/759/839 728/760/840
f 718/750/830 729/761/841 728/760/840
f 730/762/842 729/761/841 718/750/830
f 716/748/828 730/762/842 718/750/830
f 731/763/843 730/762/842 716/748/828
f 714/746/826 731/763/843 716/748/828
f 732/764/844 731/763/843 714/746/826
f 712/744/824 732/764/844 714/746/826
f 733/765/845 732/764/844 712/744/824
f 711/743/823 733/765/845 712/744/824
f 710/742/821 733/765/845 711/743/823
f 718/750/830 728/760/840 719/751/831
f 719/751/831 728/760/840 734/766/846
f 728/760/840 726/758/838 734/766/846
f 734/766/846 726/758/838 735/767/847
f 726/758/838 724/756/836 735/767/847
f 735/767/847 724/756/836 736/768/848
f 724/756/836 720/752/832 736/768/848
f 736/768/848 720/752/832 737/769/849
f 720/752/832 722/754/834 737/769/849
f 737/769/849 722/754/834 738/770/850
f 722/754/834 739/771/851 738/770/850
f 721/753/833 739/771/851 722/754/834
f 740/772/852 739/771/851 721/753/833
f 723/755/835 740/772/852 721/753/833
f 741/773/853 740/772/852 723/755/835
f 725/757/837 741/773/853 723/755/835
f 742/774/854 741/773/853 725/757/837
f 727/759/839 742/774/854 725/757/837
f 705/734/808 713/745/825 706/735/810
f 706/735/810 713/745/825 743/775/855
f 713/745/825 715/747/827 743/775/855
f 743/775/855 715/747/827 744/776/856
f 715/747/827 717/749/829 744/776/856
f 744/776/856 717/749/829 745/777/857
f 717/749/829 719/751/831 745/777/857
f 745/777/857 719/751/831 746/778/858
f 719/751/831 734/766/846 746/778/858
f 746/778/858 734/766/846 747/779/859
f 734/766/846 735/767/847 747/779/859
f 747/779/859 735/767/847 748/780/860
f 735/767/847 736/768/848 748/780/860
f 748/780/860 736/768/848 749/781/861
f 736/768/848 737/769/849 749/781/861
f 749/781/861 737/769/849 750/782/862
f 737/769/849 738/770/850 750/782/862
f 751/783/863 750/782/862 738/770/850
f 739/771/851 751/783/863 738/770/850
f 752/784/864 751/783/863 739/771/851
f 753/785/865 752/784/864 739/771/851
f 752/784/864 754/786/866 751/783/863
f 754/786/866 750/782/862 751/783/863
f 754/786/866 755/787/867 750/782/862
f 755/787/867 749/781/861 750/782/862
f 755/787/867 756/788/868 749/781/861
f 756/788/868 748/780/860 749/781/861
f 756/788/868 757/789/869 748/780/860
f 757/789/869 747/779/859 748/780/860
f 757/789/869 758/790/870 747/779/859
f 758/790/870 746/778/858 747/779/859
f 758/790/870 759/791/871 746/778/858
f 759/791/871 745/777/857 746/778/858
f 759/791/871 760/792/872 745/777/857
f 760/792/872 744/776/856 745/777/857
f 760/792/872 761/793/873 744/776/856
f 761/793/873 743/775/855 744/776/856
f 761/793/873 762/794/874 743/775/855
f 762/794/874 706/735/810 743/775/855
f 762/794/874 684/736/812 706/735/810
f 763/795/875 764/796/876 765/797/877
f 764/796/876 766/798/878 765/797/877
f 764/796/876 767/799/879 766/798/878
f 766/798/878 767/799/879 739/771/851
f 766/798/878 739/771/851 768/800/880
f 765/797/877 766/798/878 768/800/880
f 753/785/865 739/771/851 769/801/881
f 739/771/851 770/802/882 769/801/881
f 767/799/879 770/802/882 739/771/851
f 767/799/879 771/803/883 770/802/882
f 767/799/879 764/796/876 771/803/883
f 764/796/876 772/804/884 771/803/883
f 764/796/876 763/795/875 772/804/884
f 763/795/875 773/805/885 772/804/884
f 763/795/875 774/806/886 773/805/885
f 774/806/886 775/807/887 773/805/885
f 774/806/886 776/808/888 775/807/887
f 776/808/888 777/809/889 775/807/887
f 776/808/888 778/810/890 777/809/889
f 778/810/890 779/811/891 777/809/889
f 778/810/890 780/812/892 779/811/891
f 780/812/892 781/813/893 779/811/891
f 780/812/892 782/814/894 781/813/893
f 782/814/894 783/815/895 781/813/893
f 784/816/896 781/813/893 783/815/895
f 773/805/885 775/807/887 785/817/897
f 775/807/887 786/818/898 785/817/897
f 775/807/887 777/809/889 786/818/898
f 777/809/889 787/819/899 786/818/898
f 777/809/889 779/811/891 787/819/899
f 779/811/891 788/820/900 787/819/899
f 779/811/891 781/813/893 788/820/900
f 789/821/901 788/820/900 781/813/893
f 784/816/896 789/821/901 781/813/893
f 790/822/902 789/821/901 784/816/896
f 790/822/902 791/823/903 789/821/901
f 792/824/904 791/823/903 790/822/902
f 792/824/904 793/825/905 791/823/903
f 793/825/905 792/824/904 794/826/906
f 793/825/905 794/826/906 795/827/907
f 795/827/907 794/826/906 796/828/908
f 795/827/907 796/828/908 797/829/909
f 797/829/909 796/828/908 798/830/910
f 799/831/911 800/832/912 801/833/913
f 802/834/914 799/831/911 801/833/913
f 802/834/914 801/833/913 803/835/915
f 804/836/916 802/834/914 803/835/915
f 804/836/916 803/835/915 785/817/897
f 805/837/917 804/836/916 785/817/897
f 805/837/917 785/817/897 786/818/898
f 806/838/918 805/837/917 786/818/898
f 806/838/918 786/818/898 787/819/899
f 807/839/919 806/838/918 787/819/899
f 807/839/919 787/819/899 788/820/900
f 789/821/901 807/839/919 788/820/900
f 791/823/903 807/839/919 789/821/901
f 791/823/903 793/825/905 807/839/919
f 793/825/905 806/838/918 807/839/919
f 793/825/905 808/840/920 806/838/918
f 808/840/920 805/837/917 806/838/918
f 808/840/920 809/841/921 805/837/917
f 809/841/921 804/836/916 805/837/917
f 809/841/921 810/842/922 804/836/916
f 810/842/922 802/834/914 804/836/916
f 810/842/922 811/843/923 802/834/914
f 811/843/923 799/831/911 802/834/914
f 811/843/923 810/842/922 812/844/924
f 810/842/922 813/845/925 812/844/924
f 810/842/922 809/841/921 813/845/925
f 809/841/921 814/846/926 813/845/925
f 809/841/921 808/840/920 814/846/926
f 808/840/920 795/827/907 814/846/926
f 808/840/920 793/825/905 795/827/907
f 814/846/926 795/827/907 797/829/909
f 814/846/926 797/829/909 815/847/927
f 813/845/925 814/846/926 815/847/927
f 813/845/925 815/847/927 816/848/928
f 812/844/924 813/845/925 816/848/928
f 815/847/927 797/829/909 817/849/929
f 815/847/927 817/849/929 818/850/930
f 816/848/928 815/847/927 818/850/930
f 818/850/930 817/849/929 819/851/931
f 818/850/930 819/851/931 820/852/932
f 820/852/932 819/851/931 821/853/933
f 797/829/909 798/830/910 817/849/929
f 817/849/929 798/830/910 822/854/934
f 817/849/929 822/854/934 819/851/931
f 819/851/931 822/854/934 823/855/935
f 819/851/931 823/855/935 821/853/933
f 821/853/933 823/855/935 824/856/936
f 825/857/937 818/850/930 820/852/932
f 816/848/928 818/850/930 825/857/937
f 826/858/938 816/848/928 825/857/937
f 812/844/924 816/848/928 826/858/938
f 827/859/939 812/844/924 826/858/938
f 811/843/923 812/844/924 827/859/939
f 828/860/940 811/843/923 827/859/939
f 811/843/923 828/860/940 799/831/911
f 828/860/940 829/861/941 799/831/911
f 799/831/911 829/861/941 800/832/912
f 829/861/941 769/801/881 800/832/912
f 770/802/882 800/832/912 769/801/881
f 771/803/883 800/832/912 770/802/882
f 771/803/883 801/833/913 800/832/912
f 771/803/883 772/804/884 801/833/913
f 772/804/884 803/835/915 801/833/913
f 772/804/884 773/805/885 803/835/915
f 773/805/885 785/817/897 803/835/915
f 760/862/872 830/863/942 761/864/873
f 831/865/943 830/863/942 760/862/872
f 831/865/943 824/856/936 830/863/942
f 821/853/933 824/856/936 831/865/943
f 832/866/944 821/853/933 831/865/943
f 820/852/932 821/853/933 832/866/944
f 833/867/945 820/852/932 832/866/944
f 825/857/937 820/852/932 833/867/945
f 834/868/946 825/857/937 833/867/945
f 826/858/938 825/857/937 834/868/946
f 835/869/947 826/858/938 834/868/946
f 827/859/939 826/858/938 835/869/947
f 836/870/948 827/859/939 835/869/947
f 828/860/940 827/859/939 836/870/948
f 837/871/949 828/860/940 836/870/948
f 828/860/940 837/871/949 829/861/941
f 837/871/949 753/785/865 829/861/941
f 829/861/941 753/785/865 769/801/881
f 837/871/949 752/872/864 753/785/865
f 752/872/864 837/871/949 754/873/866
f 837/871/949 836/870/948 754/873/866
f 754/873/866 836/870/948 755/874/867
f 836/870/948 835/869/947 755/874/867
f 755/874/867 835/869/947 756/875/868
f 835/869/947 834/868/946 756/875/868
f 756/875/868 834/868/946 757/876/869
f 834/868/946 833/867/945 757/876/869
f 757/876/869 833/867/945 758/877/870
f 833/867/945 832/866/944 758/877/870
f 758/877/870 832/866/944 759/878/871
f 832/866/944 831/865/943 759/878/871
f 759/878/871 831/865/943 760/862/872
f 666/695/761 656/695/726 659/688/733
f 838/879/950 676/705/951 677/706/952
f 839/880/953 676/705/951 838/879/950
f 839/880/953 675/704/954 676/705/951
f 840/881/955 675/704/954 839/880/953
f 840/881/955 674/703/956 675/704/954
f 841/882/957 674/703/956 840/881/955
f 841/882/957 673/702/958 674/703/956
f 842/883/959 673/702/958 841/882/957
f 842/883/959 672/701/960 673/702/958
f 843/884/961 672/701/960 842/883/959
f 843/884/961 670/699/962 672/701/960
f 844/885/963 670/699/962 843/884/961
f 844/885/963 668/697/964 670/699/962
f 845/886/965 668/697/964 844/885/963
f 845/886/965 666/695/966 668/697/964
f 846/887/967 666/695/966 845/886/965
f 846/887/967 659/688/814 666/695/966
f 659/688/814 846/887/967 707/739/815
f 846/887/967 790/822/902 707/739/815
f 846/887/967 792/824/904 790/822/902
f 792/824/904 846/887/967 845/886/965
f 792/824/904 845/886/965 794/826/906
f 794/826/906 845/886/965 844/885/963
f 794/826/906 844/885/963 796/828/908
f 796/828/908 844/885/963 843/884/961
f 796/828/908 843/884/961 798/830/910
f 798/830/910 843/884/961 842/883/959
f 798/830/910 842/883/959 822/854/934
f 822/854/934 842/883/959 841/882/957
f 822/854/934 841/882/957 823/855/935
f 823/855/935 841/882/957 840/881/955
f 823/855/935 840/881/955 824/856/936
f 824/856/936 840/881/955 839/880/953
f 824/856/936 839/880/953 830/863/942
f 830/863/942 839/880/953 838/879/950
f 830/863/942 838/879/950 761/864/873
f 761/864/873 838/879/950 762/888/874
f 838/879/950 677/706/952 762/888/874
f 762/888/874 677/706/952 684/713/812
f 847/889/968 742/774/854 727/759/839
f 729/761/841 847/889/968 727/759/839
f 848/890/969 847/889/968 729/761/841
f 730/762/842 848/890/969 729/761/841
f 849/891/970 848/890/969 730/762/842
f 731/763/843 849/891/970 730/762/842
f 850/892/971 849/891/970 731/763/843
f 732/764/844 850/892/971 731/763/843
f 851/893/972 850/892/971 732/764/844
f 733/765/845 851/893/972 732/764/844
f 852/894/973 851/893/972 733/765/845
f 710/742/821 852/894/973 733/765/845
f 852/894/973 710/742/821 709/741/819
f 852/894/973 709/741/819 783/815/895
f 708/740/817 783/815/895 709/741/819
f 708/740/817 784/816/896 783/815/895
f 707/739/815 784/816/896 708/740/817
f 707/739/815 790/822/902 784/816/896
f 782/814/894 852/894/973 783/815/895
f 852/894/973 782/814/894 851/893/972
f 782/814/894 853/895/974 851/893/972
f 851/893/972 853/895/974 850/892/971
f 853/895/974 854/896/975 850/892/971
f 850/892/971 854/896/975 849/891/970
f 854/896/975 855/897/976 849/891/970
f 849/891/970 855/897/976 848/890/969
f 855/897/976 856/898/977 848/890/969
f 848/890/969 856/898/977 847/889/968
f 856/898/977 857/899/978 847/889/968
f 847/889/968 857/899/978 742/774/854
f 857/899/978 858/900/979 742/774/854
f 742/774/854 858/900/979 741/773/853
f 858/900/979 859/901/980 741/773/853
f 741/773/853 859/901/980 740/772/852
f 859/901/980 739/771/851 740/772/852
f 860/902/981 739/771/851 859/901/980
f 858/900/979 860/902/981 859/901/980
f 861/903/982 860/902/981 858/900/979
f 857/899/978 861/903/982 858/900/979
f 862/904/983 861/903/982 857/899/978
f 856/898/977 862/904/983 857/899/978
f 863/905/984 862/904/983 856/898/977
f 855/897/976 863/905/984 856/898/977
f 864/906/985 863/905/984 855/897/976
f 854/896/975 864/906/985 855/897/976
f 865/907/986 864/906/985 854/896/975
f 853/895/974 865/907/986 854/896/975
f 866/908/987 739/771/851 860/902/981
f 861/903/982 866/908/987 860/902/981
f 867/909/988 866/908/987 861/903/982
f 862/904/983 867/909/988 861/903/982
f 868/910/989 867/909/988 862/904/983
f 863/905/984 868/910/989 862/904/983
f 869/911/990 868/910/989 863/905/984
f 864/906/985 869/911/990 863/905/984
f 870/912/991 869/911/990 864/906/985
f 865/907/986 870/912/991 864/906/985
f 778/810/890 870/912/991 865/907/986
f 780/812/892 778/810/890 865/907/986
f 780/812/892 865/907/986 853/895/974
f 782/814/894 780/812/892 853/895/974
f 869/911/990 871/913/992 868/910/989
f 871/913/992 872/914/993 868/910/989
f 868/910/989 872/914/993 867/909/988
f 872/914/993 873/915/994 867/909/988
f 867/909/988 873/915/994 866/908/987
f 873/915/994 739/771/851 866/908/987
f 874/916/995 739/771/851 873/915/994
f 768/800/880 739/771/851 874/916/995
f 875/917/996 768/800/880 874/916/995
f 765/797/877 768/800/880 875/917/996
f 876/918/997 765/797/877 875/917/996
f 763/795/875 765/797/877 876/918/997
f 774/806/886 763/795/875 876/918/997
f 774/806/886 876/918/997 877/919/998
f 776/808/888 774/806/886 877/919/998
f 776/808/888 877/919/998 870/912/991
f 778/810/890 776/808/888 870/912/991
f 872/914/993 874/916/995 873/915/994
f 875/917/996 874/916/995 872/914/993
f 871/913/992 875/917/996 872/914/993
f 876/918/997 875/917/996 871/913/992
f 877/919/998 876/918/997 871/913/992
f 877/919/998 871/913/992 869/911/990
f 870/912/991 877/919/998 869/911/990
f 878/920/999 879/921/1000 880/922/1001
f 880/922/1001 879/921/1000 881/923/1002
f 880/922/1001 881/923/1002 882/924/1003
f 882/924/1003 881/923/1002 883/925/1004
f 881/923/1002 884/926/1005 883/925/1004
f 885/927/1006 883/925/1004 884/926/1005
f 886/928/1007 885/927/1006 884/926/1005
f 879/921/1000 887/929/1008 881/923/1002
f 881/923/1002 887/929/1008 884/926/1005
f 887/929/1008 886/928/1007 884/926/1005
f 888/930/1009 889/931/1010 885/927/1006
f 889/931/1010 883/925/1004 885/927/1006
f 889/931/1010 890/932/1011 883/925/1004
f 890/932/1011 882/924/1003 883/925/1004
f 890/932/1011 891/933/1012 882/924/1003
f 891/933/1012 892/934/1013 882/924/1003
f 892/934/1013 880/922/1001 882/924/1003
f 893/935/1014 880/922/1001 892/934/1013
f 893/935/1014 878/920/999 880/922/1001
f 894/936/1015 878/920/999 893/935/1014
f 895/937/1016 896/938/1017 888/930/1009
f 896/938/1017 889/931/1010 888/930/1009
f 896/938/1017 897/939/1018 889/931/1010
f 897/939/1018 890/932/1011 889/931/1010
f 897/939/1018 898/940/1019 890/932/1011
f 898/940/1019 891/933/1012 890/932/1011
f 898/940/1019 899/941/1020 891/933/1012
f 899/941/1020 900/942/1021 891/933/1012
f 891/933/1012 900/942/1021 892/934/1013
f 900/942/1021 901/943/1022 892/934/1013
f 901/943/1022 893/935/1014 892/934/1013
f 902/944/1023 893/935/1014 901/943/1022
f 902/944/1023 894/936/1015 893/935/1014
f 903/945/1024 894/936/1015 902/944/1023
f 904/946/1025 905/947/1026 895/937/1016
f 905/947/1026 896/938/1017 895/937/1016
f 905/947/1026 906/948/1027 896/938/1017
f 906/948/1027 897/939/1018 896/938/1017
f 906/948/1027 907/949/1028 897/939/1018
f 907/949/1028 898/940/1019 897/939/1018
f 907/949/1028 908/950/1029 898/940/1019
f 908/950/1029 899/941/1020 898/940/1019
f 908/950/1029 909/951/1030 899/941/1020
f 909/951/1030 910/952/1031 899/941/1020
f 899/941/1020 910/952/1031 900/942/1021
f 910/952/1031 911/953/1032 900/942/1021
f 900/942/1021 911/953/1032 901/943/1022
f 911/953/1032 912/954/1033 901/943/1022
f 912/954/1033 902/944/1023 901/943/1022
f 913/955/1034 902/944/1023 912/954/1033
f 913/955/1034 903/945/1024 902/944/1023
f 903/945/1024 913/955/1034 914/956/1035
f 913/955/1036 915/955/1037 912/954/1038
f 909/951/1039 916/951/1040 910/952/1041
f 914/956/1042 915/956/1037 913/955/1036
f 910/952/1041 916/952/1040 911/953/1043
f 916/954/1040 913/955/1044 912/954/1045
f 911/953/1043 916/953/1040 912/954/1045
f 913/955/1044 916/955/1040 914/956/1046
f 915/954/1037 911/953/1047 912/954/1038
f 911/953/1048 917/957/1049 912/954/1050
f 917/957/1049 918/958/1051 912/954/1050
f 918/958/1051 913/955/1052 912/954/1050
f 918/958/1051 919/959/1053 913/955/1052
f 919/959/1053 914/956/1054 913/955/1052
f 919/959/1053 920/960/1055 914/956/1054
f 911/953/1047 915/953/1037 910/952/1056
f 921/961/1057 911/953/1048 910/952/1058
f 911/953/1048 921/961/1057 917/957/1049
f 921/961/1057 922/962/1059 917/957/1049
f 922/962/1059 923/963/1060 917/957/1049
f 923/963/1060 918/958/1051 917/957/1049
f 923/963/1060 924/964/1061 918/958/1051
f 924/964/1061 919/959/1053 918/958/1051
f 924/964/1061 925/965/1062 919/959/1053
f 925/965/1062 920/960/1055 919/959/1053
f 925/965/1062 926/966/1063 920/960/1055
f 910/952/1056 915/952/1037 909/951/1064
f 927/967/1065 910/952/1058 909/951/1066
f 921/961/1057 910/952/1058 927/967/1065
f 928/968/1067 921/961/1057 927/967/1065
f 921/961/1057 928/968/1067 922/962/1059
f 928/968/1067 140/969/112 922/962/1059
f 140/969/112 628/970/696 922/962/1059
f 628/970/696 923/963/1060 922/962/1059
f 628/970/696 627/971/694 923/963/1060
f 627/971/694 924/964/1061 923/963/1060
f 627/971/694 625/972/692 924/964/1061
f 625/972/692 925/965/1062 924/964/1061
f 625/972/692 623/973/690 925/965/1062
f 623/973/690 926/966/1063 925/965/1062
f 623/973/690 622/974/689 926/966/1063
f 622/974/689 929/975/1068 926/966/1063
f 622/974/689 930/976/1069 929/975/1068
f 931/977/1070 885/978/1006 886/979/1007
f 931/977/1070 932/980/1071 885/978/1006
f 888/981/1009 885/978/1006 932/980/1071
f 904/982/1025 888/981/1009 932/980/1071
f 904/982/1025 895/983/1016 888/981/1009
f 887/984/1008 933/985/1072 934/986/1073
f 886/979/1007 887/984/1008 934/986/1073
f 935/987/1074 886/979/1007 934/986/1073
f 935/987/1074 931/977/1070 886/979/1007
f 935/987/1074 936/988/1075 931/977/1070
f 936/988/1075 932/980/1071 931/977/1070
f 936/988/1075 937/989/1076 932/980/1071
f 904/982/1025 932/980/1071 937/989/1076
f 938/990/1077 904/982/1025 937/989/1076
f 904/982/1025 938/990/1077 905/991/1026
f 938/990/1077 939/992/1078 905/991/1026
f 905/991/1026 939/992/1078 906/993/1027
f 939/992/1078 940/994/1079 906/993/1027
f 906/993/1027 940/994/1079 907/995/1028
f 940/994/1079 941/996/1080 907/995/1028
f 907/995/1028 941/996/1080 908/997/1029
f 941/996/1080 942/998/1081 908/997/1029
f 908/997/1029 942/998/1081 909/999/1030
f 942/998/1082 916/998/1040 909/999/1039
f 938/990/1077 937/989/1076 943/1000/1083
f 943/1000/1083 937/989/1076 944/1001/1084
f 938/990/1077 945/1002/1085 939/992/1078
f 945/1002/1085 938/990/1077 943/1000/1083
f 945/1002/1085 943/1000/1083 946/1003/1086
f 946/1003/1086 943/1000/1083 947/1004/1087
f 943/1000/1083 944/1001/1084 947/1004/1087
f 947/1004/1087 944/1001/1084 948/1005/1088
f 939/992/1078 949/1006/1089 940/994/1079
f 945/1002/1085 949/1006/1089 939/992/1078
f 945/1002/1085 950/1007/1090 949/1006/1089
f 950/1007/1090 945/1002/1085 946/1003/1086
f 950/1007/1090 946/1003/1086 951/1008/1091
f 951/1008/1091 946/1003/1086 952/1009/1092
f 946/1003/1086 947/1004/1087 952/1009/1092
f 952/1009/1092 947/1004/1087 953/1010/1093
f 947/1004/1087 948/1005/1088 953/1010/1093
f 953/1010/1093 948/1005/1088 954/1011/1094
f 940/994/1079 955/1012/1095 941/996/1080
f 949/1006/1089 955/1012/1095 940/994/1079
f 949/1006/1089 956/1013/1096 955/1012/1095
f 950/1007/1090 956/1013/1096 949/1006/1089
f 950/1007/1090 957/1014/1097 956/1013/1096
f 957/1014/1097 950/1007/1090 951/1008/1091
f 957/1014/1097 951/1008/1091 958/1015/1098
f 958/1015/1098 951/1008/1091 959/1016/1099
f 951/1008/1091 952/1009/1092 959/1016/1099
f 959/1016/1099 952/1009/1092 960/1017/1100
f 952/1009/1092 953/1010/1093 960/1017/1100
f 960/1017/1100 953/1010/1093 961/1018/1101
f 953/1010/1093 954/1011/1094 961/1018/1101
f 961/1018/1101 954/1011/1094 933/985/1072
f 954/1011/1094 934/986/1073 933/985/1072
f 954/1011/1094 935/987/1074 934/986/1073
f 941/996/1080 962/1019/1102 942/998/1081
f 955/1012/1095 962/1019/1102 941/996/1080
f 955/1012/1095 963/1020/1103 962/1019/1102
f 956/1013/1096 963/1020/1103 955/1012/1095
f 956/1013/1096 964/1021/1104 963/1020/1103
f 957/1014/1097 964/1021/1104 956/1013/1096
f 957/1014/1097 965/1022/1105 964/1021/1104
f 965/1022/1105 957/1014/1097 958/1015/1098
f 965/1022/1105 958/1015/1098 914/1023/1035
f 914/1023/1035 958/1015/1098 903/1024/1024
f 958/1015/1098 959/1016/1099 903/1024/1024
f 903/1024/1024 959/1016/1099 894/1025/1015
f 959/1016/1099 960/1017/1100 894/1025/1015
f 894/1025/1015 960/1017/1100 878/1026/999
f 960/1017/1100 961/1018/1101 878/1026/999
f 878/1026/999 961/1018/1101 879/1027/1000
f 961/1018/1101 933/985/1072 879/1027/1000
f 887/984/1008 879/1027/1000 933/985/1072
f 965/1022/1106 916/1022/1040 964/1021/1107
f 916/1023/1040 965/1022/1106 914/1023/1046
f 964/1021/1107 916/1021/1040 963/1020/1108
f 962/1019/1109 916/1019/1040 942/998/1082
f 963/1020/1108 916/1020/1040 962/1019/1109
f 942/998/1110 962/1019/1111 966/1028/1112
f 966/1028/1112 962/1019/1111 967/1029/1113
f 962/1019/1111 963/1020/1114 967/1029/1113
f 962/1019/1115 915/1019/1037 963/1020/1116
f 915/999/1037 962/1019/1115 942/998/1117
f 909/999/1064 915/999/1037 942/998/1117
f 909/999/1066 942/998/1110 968/1030/1118
f 968/1030/1118 942/998/1110 966/1028/1112
f 968/1030/1118 966/1028/1112 969/1031/1119
f 969/1031/1119 966/1028/1112 970/1032/1120
f 966/1028/1112 967/1029/1113 970/1032/1120
f 970/1032/1120 967/1029/1113 971/1033/1121
f 967/1029/1113 972/1034/1122 971/1033/1121
f 967/1029/1113 963/1020/1114 972/1034/1122
f 963/1020/1114 964/1021/1123 972/1034/1122
f 963/1020/1116 915/1020/1037 964/1021/1124
f 915/1021/1037 965/1022/1125 964/1021/1124
f 965/1022/1126 973/1035/1127 964/1021/1123
f 972/1034/1122 964/1021/1123 973/1035/1127
f 929/1036/1068 972/1034/1122 973/1035/1127
f 929/1036/1068 971/1033/1121 972/1034/1122
f 929/1036/1068 930/1037/1069 971/1033/1121
f 930/1037/1069 160/1038/135 971/1033/1121
f 970/1032/1120 971/1033/1121 160/1038/135
f 157/1039/132 970/1032/1120 160/1038/135
f 969/1031/1119 970/1032/1120 157/1039/132
f 159/1040/134 969/1031/1119 157/1039/132
f 974/1041/1128 969/1031/1119 159/1040/134
f 974/1041/1128 968/1030/1118 969/1031/1119
f 927/1042/1065 968/1030/1118 974/1041/1128
f 927/1042/1065 909/999/1066 968/1030/1118
f 139/1043/109 974/1041/1128 159/1040/134
f 140/1044/112 928/1045/1067 139/1043/109
f 928/1045/1067 974/1041/1128 139/1043/109
f 928/1045/1067 927/1042/1065 974/1041/1128
f 930/1037/1069 155/1046/130 160/1038/135
f 155/1046/130 930/1037/1069 161/1047/136
f 930/1037/1069 622/1048/689 161/1047/136
f 926/1049/1063 929/1036/1068 973/1035/1127
f 920/1050/1055 926/1049/1063 973/1035/1127
f 965/1022/1126 920/1050/1055 973/1035/1127
f 920/1050/1055 965/1022/1126 914/1023/1054
f 965/1022/1125 915/1022/1037 914/1023/1042
f 356/1051/373 975/1052/1129 352/1053/369
f 352/1053/369 976/1054/1130 353/1055/370
f 975/1052/1129 976/1054/1130 352/1053/369
f 975/1052/1129 977/1056/1131 976/1054/1130
f 363/1057/380 353/1055/370 978/1058/1132
f 976/1054/1130 978/1058/1132 353/1055/370
f 976/1054/1130 979/1059/1133 978/1058/1132
f 977/1056/1131 979/1059/1133 976/1054/1130
f 977/1056/1131 980/1060/1134 979/1059/1133
f 236/1061/236 268/1062/270 231/1063/231
f 268/1062/270 981/1064/1135 231/1063/231
f 227/1065/227 231/1063/231 981/1064/1135
f 982/1066/1136 227/1065/227 981/1064/1135
f 225/1067/225 227/1065/227 982/1066/1136
f 983/1068/1137 225/1067/225 982/1066/1136
f 983/1068/1137 982/1066/1136 984/1069/1138
f 985/1070/1139 983/1068/1137 984/1069/1138
f 985/1070/1139 984/1069/1138 986/1071/1140
f 980/1060/1134 985/1070/1139 986/1071/1140
f 980/1060/1134 986/1071/1140 979/1059/1133
f 979/1059/1133 986/1071/1140 987/1072/1141
f 979/1059/1133 987/1072/1141 978/1058/1132
f 988/1073/1142 978/1058/1132 987/1072/1141
f 988/1073/1142 363/1057/380 978/1058/1132
f 268/1062/270 256/1074/258 981/1064/1135
f 256/1074/258 989/1075/1143 981/1064/1135
f 982/1066/1136 981/1064/1135 989/1075/1143
f 984/1069/1138 982/1066/1136 989/1075/1143
f 984/1069/1138 989/1075/1143 990/1076/1144
f 986/1071/1140 984/1069/1138 990/1076/1144
f 986/1071/1140 990/1076/1144 987/1072/1141
f 270/1077/272 987/1072/1141 990/1076/1144
f 270/1077/272 988/1073/1142 987/1072/1141
f 256/1074/258 255/1078/257 989/1075/1143
f 255/1078/257 990/1076/1144 989/1075/1143
f 255/1078/257 270/1077/272 990/1076/1144
f 991/1079/1145 992/1080/1146 993/1081/1147
f 992/1080/1146 994/1082/1148 993/1081/1147
f 992/1080/1146 339/1083/356 994/1082/1148
f 339/1083/356 341/1084/358 994/1082/1148
f 341/1084/358 329/1085/346 994/1082/1148
f 329/1085/346 211/1086/209 994/1082/1148
f 993/1081/1147 994/1082/1148 211/1086/209
f 209/1087/207 993/1081/1147 211/1086/209
f 991/1079/1145 993/1081/1147 209/1087/207
f 995/1088/1149 991/1079/1145 209/1087/207
f 995/1088/1149 209/1087/207 217/1089/217
f 218/1090/218 995/1088/1149 217/1089/217
f 497/1091/538 229/1092/229 226/1093/226
f 497/1091/538 495/1094/536 229/1092/229
f 495/1094/536 230/1095/230 229/1092/229
f 495/1094/536 492/1096/533 230/1095/230
f 492/1096/533 218/1090/218 230/1095/230
f 492/1096/533 491/1097/532 218/1090/218
f 491/1097/532 995/1088/1149 218/1090/218
f 491/1097/532 489/1098/528 995/1088/1149
f 489/1098/528 991/1079/1145 995/1088/1149
f 489/1098/528 488/1099/527 991/1079/1145
f 488/1099/527 992/1080/1146 991/1079/1145
f 488/1099/527 487/1100/526 992/1080/1146
f 487/1100/526 339/1083/356 992/1080/1146
f 487/1100/526 486/1101/525 339/1083/356
f 486/1101/525 354/1102/371 339/1083/356
f 486/1101/525 485/1103/524 354/1102/371
f 485/1103/524 355/1104/372 354/1102/371
f 485/1103/524 484/1105/523 355/1104/372
f 484/1105/523 356/1106/373 355/1104/372
f 484/1105/523 483/1107/522 356/1106/373
f 483/1107/522 975/1108/1129 356/1106/373
f 483/1107/522 482/1109/521 975/1108/1129
f 482/1109/521 977/1110/1131 975/1108/1129
f 482/1109/521 507/1111/548 977/1110/1131
f 507/1111/548 980/1112/1134 977/1110/1131
f 507/1111/548 505/1113/546 980/1112/1134
f 505/1113/546 985/1114/1139 980/1112/1134
f 505/1113/546 503/1115/544 985/1114/1139
f 503/1115/544 983/1116/1137 985/1114/1139
f 503/1115/544 501/1117/542 983/1116/1137
f 501/1117/542 225/1118/225 983/1116/1137
f 501/1117/542 499/1119/540 225/1118/225
f 499/1119/540 226/1093/226 225/1118/225
f 499/1119/540 497/1091/538 226/1093/226
f 996/1079/1150 997/1081/1151 998/1080/1152
f 997/1081/1151 999/1120/1153 998/1080/1152
f 998/1080/1152 999/1120/1153 321/1083/338
f 999/1120/1153 323/1084/340 321/1083/338
f 327/1085/344 323/1084/340 999/1120/1153
f 172/1086/151 327/1085/344 999/1120/1153
f 172/1086/151 999/1120/1153 997/1081/1151
f 171/1087/150 172/1086/151 997/1081/1151
f 171/1087/150 997/1081/1151 996/1079/1150
f 1000/1088/1154 171/1087/150 996/1079/1150
f 253/1089/255 171/1087/150 1000/1088/1154
f 247/1090/249 253/1089/255 1000/1088/1154
f 252/1118/254 250/1093/252 690/1119/792
f 250/1093/252 689/1091/791 690/1119/792
f 250/1093/252 249/1092/251 689/1091/791
f 249/1092/251 688/1094/790 689/1091/791
f 249/1092/251 248/1095/250 688/1094/790
f 248/1095/250 687/1096/789 688/1094/790
f 248/1095/250 247/1090/249 687/1096/789
f 247/1090/249 686/1097/788 687/1096/789
f 247/1090/249 1000/1088/1154 686/1097/788
f 1000/1088/1154 702/1098/804 686/1097/788
f 1000/1088/1154 996/1079/1150 702/1098/804
f 996/1079/1150 701/1099/803 702/1098/804
f 996/1079/1150 998/1080/1152 701/1099/803
f 998/1080/1152 700/1100/802 701/1099/803
f 998/1080/1152 321/1083/338 700/1100/802
f 321/1083/338 699/1101/801 700/1100/802
f 321/1083/338 393/1102/410 699/1101/801
f 393/1102/410 698/1103/800 699/1101/801
f 393/1102/410 389/1104/406 698/1103/800
f 389/1104/406 697/1105/799 698/1103/800
f 389/1104/406 390/1106/407 697/1105/799
f 390/1106/407 696/1107/798 697/1105/799
f 390/1106/407 1001/1108/1155 696/1107/798
f 1001/1108/1155 695/1109/797 696/1107/798
f 1001/1108/1155 1002/1110/1156 695/1109/797
f 1002/1110/1156 694/1111/796 695/1109/797
f 1002/1110/1156 1003/1112/1157 694/1111/796
f 1003/1112/1157 693/1113/795 694/1111/796
f 1003/1112/1157 1004/1114/1158 693/1113/795
f 1004/1114/1158 692/1115/794 693/1113/795
f 1004/1114/1158 1005/1116/1159 692/1115/794
f 1005/1116/1159 691/1121/793 692/1115/794
f 1005/1116/1159 252/1118/254 691/1121/793
f 252/1118/254 690/1119/792 691/1121/793
f 1006/1122/1160 1007/1123/1161 1008/1124/1162
f 142/1125/115 1007/1123/1161 1006/1122/1160
f 142/1125/115 195/1126/193 1007/1123/1161
f 143/1127/116 142/1125/115 1006/1122/1160
f 1009/1128/1163 1010/1128/1164 1011/1129/1165
f 1012/1130/1166 1009/1128/1167 1011/1129/1168
f 1008/1124/1162 1012/1130/1166 1011/1129/1168
f 1007/1123/1161 1012/1130/1166 1008/1124/1162
f 1007/1123/1161 1013/1131/1169 1012/1130/1166
f 195/1126/193 1013/1131/1169 1007/1123/1161
f 195/1126/193 1014/1132/1170 1013/1131/1169
f 1014/1132/1170 195/1126/193 192/1133/189
f 1014/1132/1170 192/1133/189 193/1134/190
f 630/1135/698 1014/1132/1170 193/1134/190
f 1014/1132/1170 630/1135/698 1015/1136/1171
f 630/1135/698 1016/1137/1172 1015/1136/1171
f 1015/1136/1171 1016/1137/1172 1017/1138/1173
f 1016/1137/1172 1018/1139/1174 1017/1138/1173
f 1017/1138/1173 1018/1139/1174 1019/1140/1175
f 1018/1139/1174 1020/1141/1176 1019/1140/1175
f 1020/1141/1177 1010/1141/1164 1019/1140/1178
f 1014/1132/1170 1015/1136/1171 1013/1131/1169
f 1013/1131/1169 1015/1136/1171 1021/1142/1179
f 1015/1136/1171 1017/1138/1173 1021/1142/1179
f 1013/1131/1169 1021/1142/1179 1012/1130/1166
f 1022/1140/1180 1020/1141/1181 1019/1140/1182
f 1022/1129/1180 1009/1128/1183 1011/1129/1184
f 1012/1130/1166 1021/1142/1179 1009/1128/1167
f 1021/1142/1179 1023/1143/1185 1009/1128/1167
f 1021/1142/1179 1017/1138/1173 1023/1143/1185
f 1017/1138/1173 1019/1140/1175 1023/1143/1185
f 1019/1140/1178 1010/1140/1164 1023/1143/1186
f 1023/1143/1186 1010/1143/1164 1009/1128/1163
f 1023/1143/1187 1022/1143/1180 1019/1140/1182
f 1022/1128/1180 1023/1143/1187 1009/1128/1183
f 1009/1128/1188 1024/1144/1189 1011/1129/1190
f 1009/1128/1188 1025/1145/1191 1024/1144/1189
f 1023/1143/1192 1025/1145/1191 1009/1128/1188
f 1023/1143/1192 1026/1146/1193 1025/1145/1191
f 1026/1146/1193 1023/1143/1192 1019/1140/1194
f 1026/1146/1193 1019/1140/1194 1027/1147/1195
f 1020/1141/1196 1027/1147/1195 1019/1140/1194
f 1020/1141/1196 1028/1148/1197 1027/1147/1195
f 1028/1148/1197 1029/1149/1198 1027/1147/1195
f 1028/1148/1197 1030/1150/1199 1029/1149/1198
f 1030/1150/1199 1031/1151/1200 1029/1149/1198
f 1030/1150/1199 1032/1152/1201 1031/1151/1200
f 1032/1152/1201 1033/1153/1202 1031/1151/1200
f 1032/1152/1201 1034/1154/1203 1033/1153/1202
f 1034/1154/1203 1035/1155/1204 1033/1153/1202
f 1034/1154/1203 1036/1156/1205 1035/1155/1204
f 1036/1156/1205 1037/1157/1206 1035/1155/1204
f 1036/1156/1205 1038/1158/1207 1037/1157/1206
f 144/1159/117 143/1127/116 1039/1160/1208
f 143/1127/116 1006/1122/1160 1039/1160/1208
f 1039/1160/1208 1006/1122/1160 1040/1161/1209
f 1006/1122/1160 1008/1124/1162 1040/1161/1209
f 1040/1161/1209 1008/1124/1162 1041/1162/1210
f 1008/1124/1162 1011/1129/1168 1041/1162/1210
f 1011/1129/1190 1042/1163/1211 1041/1162/1212
f 1011/1129/1190 1024/1144/1189 1042/1163/1211
f 1024/1144/1189 1043/1164/1213 1042/1163/1211
f 1024/1144/1189 1044/1165/1214 1043/1164/1213
f 1025/1145/1191 1044/1165/1214 1024/1144/1189
f 1025/1145/1191 1045/1166/1215 1044/1165/1214
f 1026/1146/1193 1045/1166/1215 1025/1145/1191
f 1026/1146/1193 1046/1167/1216 1045/1166/1215
f 1046/1167/1216 1026/1146/1193 1027/1147/1195
f 1046/1167/1216 1027/1147/1195 1029/1149/1198
f 1047/1168/1217 1046/1167/1216 1029/1149/1198
f 1047/1168/1217 1029/1149/1198 1031/1151/1200
f 1046/1167/1216 1047/1168/1217 1048/1169/1218
f 1046/1167/1216 1048/1169/1218 1045/1166/1215
f 1011/1129/1165 1010/1129/1164 1041/1162/1219
f 1045/1166/1215 1049/1170/1220 1044/1165/1214
f 1045/1166/1215 1048/1169/1218 1049/1170/1220
f 1048/1169/1218 1050/1171/1221 1049/1170/1220
f 1048/1169/1218 1051/1172/1222 1050/1171/1221
f 1047/1168/1217 1051/1172/1222 1048/1169/1218
f 1047/1168/1217 1052/1173/1223 1051/1172/1222
f 1044/1165/1214 1053/1174/1224 1043/1164/1213
f 1044/1165/1214 1049/1170/1220 1053/1174/1224
f 1049/1170/1220 1054/1175/1225 1053/1174/1224
f 1049/1170/1220 1050/1171/1221 1054/1175/1225
f 1050/1171/1221 1055/1176/1226 1054/1175/1225
f 1050/1171/1221 1056/1177/1227 1055/1176/1226
f 1051/1172/1222 1056/1177/1227 1050/1171/1221
f 1051/1172/1222 1057/1178/1228 1056/1177/1227
f 1052/1173/1223 1057/1178/1228 1051/1172/1222
f 1052/1173/1223 1058/1179/1229 1057/1178/1228
f 1052/1173/1223 1047/1168/1217 1031/1151/1200
f 1052/1173/1223 1031/1151/1200 1033/1153/1202
f 1058/1179/1229 1052/1173/1223 1033/1153/1202
f 1058/1179/1229 1033/1153/1202 1035/1155/1204
f 1037/1157/1206 1058/1179/1229 1035/1155/1204
f 1058/1179/1229 1037/1157/1206 1059/1180/1230
f 1058/1179/1229 1059/1180/1230 1057/1178/1228
f 1059/1180/1230 1060/1181/1231 1057/1178/1228
f 1038/1158/1207 1059/1180/1230 1037/1157/1206
f 1038/1158/1207 1061/1182/1232 1059/1180/1230
f 1061/1182/1232 1060/1181/1231 1059/1180/1230
f 1061/1182/1232 1062/1183/1233 1060/1181/1231
f 1062/1183/1233 1055/1176/1226 1060/1181/1231
f 1062/1183/1233 1063/1184/1234 1055/1176/1226
f 1063/1184/1234 1054/1175/1225 1055/1176/1226
f 1063/1184/1234 1064/1185/1235 1054/1175/1225
f 1064/1185/1235 1053/1174/1224 1054/1175/1225
f 1064/1185/1235 1065/1186/1236 1053/1174/1224
f 1065/1186/1236 1043/1164/1213 1053/1174/1224
f 1065/1186/1236 1066/1187/1237 1043/1164/1213
f 1066/1187/1237 1042/1163/1211 1043/1164/1213
f 1066/1187/1237 1067/1188/1238 1042/1163/1211
f 1067/1188/1238 1041/1162/1212 1042/1163/1211
f 1067/1188/1238 1068/1189/1239 1041/1162/1212
f 1040/1161/1209 1041/1162/1210 1068/1189/1240
f 1069/1190/1241 1040/1161/1209 1068/1189/1240
f 1038/1158/1207 1070/1191/1242 1061/1182/1232
f 1041/1162/1219 1010/1162/1164 1068/1189/1243
f 1071/1192/1244 1063/1184/1234 1072/1193/1245
f 1063/1184/1234 1062/1183/1233 1072/1193/1245
f 1068/1189/1246 1022/1189/1180 1041/1162/1247
f 1022/1189/1180 1011/1129/1184 1041/1162/1247
f 1039/1160/1208 1040/1161/1209 1069/1190/1241
f 1073/1194/1248 1039/1160/1208 1069/1190/1241
f 144/1159/117 1039/1160/1208 1073/1194/1248
f 145/1195/119 144/1159/117 1073/1194/1248
f 357/1196/374 272/263/274 273/272/275
f 359/1197/376 357/1196/374 273/272/275
f 281/280/283 359/1197/376 273/272/275
f 281/280/283 372/1198/389 359/1197/376
f 1057/1199/1228 1060/1200/1231 1056/1201/1227
f 1060/1200/1231 1055/1202/1226 1056/1201/1227
f 954/1203/1094 948/1204/1088 935/1205/1074
f 948/1204/1088 936/1206/1075 935/1205/1074
f 948/1204/1088 944/1207/1084 936/1206/1075
f 944/1207/1084 937/1208/1076 936/1206/1075
f 1022/1209/1180 1074/1210/1249 1075/1209/1250
f 1074/1210/1251 1010/1210/1164 1075/1209/1252
f 1018/1211/1174 1076/1212/1253 1020/1213/1176
f 1076/1212/1253 1075/1209/1254 1020/1213/1176
f 1076/1212/1253 1077/1214/1255 1075/1209/1254
f 1077/1214/1255 1074/1210/1256 1075/1209/1254
f 1077/1214/1255 1078/1215/1257 1074/1210/1256
f 1078/1215/1257 1079/1216/1258 1074/1210/1256
f 1079/1216/1259 1010/1216/1164 1074/1210/1251
f 1022/1210/1180 1079/1216/1260 1074/1210/1249
f 1075/1209/1252 1010/1209/1164 1020/1213/1177
f 1022/1213/1180 1075/1209/1250 1020/1213/1181
f 1016/1217/1172 1080/1218/1261 1018/1211/1174
f 1080/1218/1261 1076/1212/1253 1018/1211/1174
f 1080/1218/1261 1081/1219/1262 1076/1212/1253
f 1081/1219/1262 1077/1214/1255 1076/1212/1253
f 1081/1219/1262 1082/1220/1263 1077/1214/1255
f 1082/1220/1263 1078/1215/1257 1077/1214/1255
f 1082/1220/1263 1083/1221/1264 1078/1215/1257
f 1083/1221/1264 1084/1222/1265 1078/1215/1257
f 1078/1215/1257 1084/1222/1265 1079/1216/1258
f 1084/1222/1265 1085/1223/1266 1079/1216/1258
f 1085/1223/1267 1010/1223/1164 1079/1216/1259
f 1022/1216/1180 1085/1223/1268 1079/1216/1260
f 630/1224/698 631/1225/699 1016/1217/1172
f 631/1225/699 1080/1218/1261 1016/1217/1172
f 631/1225/699 633/1226/701 1080/1218/1261
f 633/1226/701 1081/1219/1262 1080/1218/1261
f 633/1226/701 619/1227/686 1081/1219/1262
f 619/1227/686 1082/1220/1263 1081/1219/1262
f 619/1227/686 618/1228/684 1082/1220/1263
f 618/1228/684 1083/1221/1264 1082/1220/1263
f 618/1228/684 145/1229/119 1083/1221/1264
f 145/1229/119 1073/1230/1248 1083/1221/1264
f 1083/1221/1264 1073/1230/1248 1084/1222/1265
f 1073/1230/1248 1069/1231/1241 1084/1222/1265
f 1084/1222/1265 1069/1231/1241 1085/1223/1266
f 1069/1231/1241 1068/1232/1240 1085/1223/1266
f 1068/1232/1243 1010/1232/1164 1085/1223/1267
f 1022/1223/1180 1068/1232/1246 1085/1223/1268
f 1075/1209/1269 1028/1233/1197 1020/1213/1196
f 1075/1209/1269 1086/1234/1270 1028/1233/1197
f 1074/1210/1271 1086/1234/1270 1075/1209/1269
f 1074/1210/1271 1087/1235/1272 1086/1234/1270
f 1079/1216/1273 1087/1235/1272 1074/1210/1271
f 1079/1216/1273 1088/1236/1274 1087/1235/1272
f 1085/1223/1275 1088/1236/1274 1079/1216/1273
f 1085/1223/1275 1089/1237/1276 1088/1236/1274
f 1068/1232/1239 1089/1237/1276 1085/1223/1275
f 1068/1232/1239 1067/1238/1238 1089/1237/1276
f 1067/1238/1238 1090/1239/1277 1089/1237/1276
f 1067/1238/1238 1066/1240/1237 1090/1239/1277
f 1066/1240/1237 1091/1241/1278 1090/1239/1277
f 1066/1240/1237 1065/1242/1236 1091/1241/1278
f 1065/1242/1236 1092/1243/1279 1091/1241/1278
f 1065/1242/1236 1064/1244/1235 1092/1243/1279
f 1064/1244/1235 1071/1245/1244 1092/1243/1279
f 1064/1244/1235 1063/1246/1234 1071/1245/1244
f 1091/1241/1278 1092/1243/1279 1093/1247/1280
f 1092/1243/1279 1072/1248/1245 1093/1247/1280
f 1092/1243/1279 1071/1245/1244 1072/1248/1245
f 1088/1236/1274 1094/1249/1281 1095/1250/1282
f 1088/1236/1274 1095/1250/1282 1087/1235/1272
f 1087/1235/1272 1095/1250/1282 1096/1251/1283
f 1087/1235/1272 1096/1251/1283 1086/1234/1270
f 1086/1234/1270 1030/1252/1199 1028/1233/1197
f 1086/1234/1270 1096/1251/1283 1030/1252/1199
f 1096/1251/1283 1032/1253/1201 1030/1252/1199
f 1096/1251/1283 1097/1254/1284 1032/1253/1201
f 1097/1254/1284 1034/1255/1203 1032/1253/1201
f 1097/1254/1284 1098/1256/1285 1034/1255/1203
f 1098/1256/1285 1036/1257/1205 1034/1255/1203
f 1098/1256/1285 1099/1258/1286 1036/1257/1205
f 1099/1258/1286 1038/1259/1207 1036/1257/1205
f 1099/1258/1286 1070/1260/1242 1038/1259/1207
f 1100/1261/1287 1070/1260/1242 1099/1258/1286
f 1093/1247/1280 1070/1260/1242 1100/1261/1287
f 1101/1262/1288 1093/1247/1280 1100/1261/1287
f 1091/1241/1278 1093/1247/1280 1101/1262/1288
f 1090/1239/1277 1091/1241/1278 1101/1262/1288
f 1090/1239/1277 1101/1262/1288 1094/1249/1281
f 1089/1237/1276 1090/1239/1277 1094/1249/1281
f 1089/1237/1276 1094/1249/1281 1088/1236/1274
f 1095/1250/1282 1097/1254/1284 1096/1251/1283
f 1095/1250/1282 1102/1263/1289 1097/1254/1284
f 1102/1263/1289 1098/1256/1285 1097/1254/1284
f 1102/1263/1289 1100/1261/1287 1098/1256/1285
f 1100/1261/1287 1099/1258/1286 1098/1256/1285
f 1094/1249/1281 1102/1263/1289 1095/1250/1282
f 1094/1249/1281 1101/1262/1288 1102/1263/1289
f 1101/1262/1288 1100/1261/1287 1102/1263/1289
f 1093/1247/1280 1072/1248/1245 1070/1260/1242
f 1072/1248/1245 1062/1264/1233 1070/1260/1242
f 1062/1264/1233 1061/1265/1232 1070/1260/1242
f 134/138/102 635/1266/1290 132/136/100
f 363/370/380 988/1267/1142 361/368/378
f 988/1267/1142 270/1268/272 361/368/378
f 270/1268/272 269/1269/271 361/368/378
f 269/1269/271 358/365/375 361/368/378
f 269/1269/271 271/362/273 358/365/375
f 245/1270/245 243/1271/243 215/1272/215
f 243/1271/243 214/1273/214 215/1272/215
f 243/1271/243 242/1274/242 214/1273/214
f 242/1274/242 237/1275/237 214/1273/214
f 242/1274/242 238/1276/238 237/1275/237
f 242/1274/242 241/1277/241 238/1276/238
f 241/1277/241 239/1278/239 238/1276/238
f 241/1277/241 240/1279/240 239/1278/239
f 390/1280/407 391/1281/408 1001/1282/1155
f 391/1281/408 1103/1283/1291 1001/1282/1155
f 391/1281/408 392/1284/409 1103/1283/1291
f 392/1284/409 1104/1285/1292 1103/1283/1291
f 392/1284/409 384/1286/401 1104/1285/1292
f 384/1286/401 383/1287/400 1104/1285/1292
f 1104/1285/1292 383/1287/400 1105/1288/1293
f 383/1287/400 302/1289/304 1105/1288/1293
f 1105/1288/1293 302/1289/304 1106/1290/1294
f 302/1289/304 300/1291/302 1106/1290/1294
f 1106/1290/1294 300/1291/302 1107/1292/1295
f 300/1291/302 299/1293/301 1107/1292/1295
f 1107/1292/1295 299/1293/301 1108/1294/1296
f 299/1293/301 279/1295/281 1108/1294/1296
f 1108/1294/1296 279/1295/281 267/1296/269
f 279/1295/281 266/1297/268 267/1296/269
f 1001/1282/1155 1103/1283/1291 1002/1298/1156
f 1103/1283/1291 1109/1299/1297 1002/1298/1156
f 1103/1283/1291 1104/1285/1292 1109/1299/1297
f 1104/1285/1292 1105/1288/1293 1109/1299/1297
f 1109/1299/1297 1105/1288/1293 1110/1300/1298
f 1105/1288/1293 1106/1290/1294 1110/1300/1298
f 1110/1300/1298 1106/1290/1294 1111/1301/1299
f 1106/1290/1294 1107/1292/1295 1111/1301/1299
f 1111/1301/1299 1107/1292/1295 1112/1302/1300
f 1107/1292/1295 1108/1294/1296 1112/1302/1300
f 1112/1302/1300 1108/1294/1296 251/1303/253
f 1108/1294/1296 267/1296/269 251/1303/253
f 1002/1298/1156 1109/1299/1297 1003/1304/1157
f 1109/1299/1297 1110/1300/1298 1003/1304/1157
f 1003/1304/1157 1110/1300/1298 1004/1305/1158
f 1110/1300/1298 1111/1301/1299 1004/1305/1158
f 1004/1305/1158 1111/1301/1299 1005/1306/1159
f 1111/1301/1299 1112/1302/1300 1005/1306/1159
f 1005/1306/1159 1112/1302/1300 252/1307/254
f 1112/1302/1300 251/1303/253 252/1307/254
f 1113/1308/1301 1114/1309/1302 1115/1310/1303
f 1116/1311/1304 1117/1312/1305 1118/1313/1306
f 1119/1314/1307 1116/1311/1304 1118/1313/1306
f 1119/1314/1307 1120/1315/1308 1116/1311/1304
f 1121/1316/1309 1116/1311/1304 1120/1315/1308
f 1122/1317/1310 1116/1311/1304 1121/1316/1309
f 1116/1311/1304 1122/1317/1310 1117/1312/1305
f 1114/1309/1302 1117/1312/1305 1122/1317/1310
f 1117/1312/1305 1114/1309/1302 1123/1318/1311
f 1113/1308/1301 1123/1318/1311 1114/1309/1302
f 1113/1308/1301 1124/1319/1312 1123/1318/1311
f 1113/1308/1301 1125/1320/1313 1124/1319/1312
f 1124/1319/1312 1125/1320/1313 1126/1321/1314
f 1126/1321/1314 1125/1320/1313 1127/1322/1315
f 1128/1323/1316 1126/1321/1314 1127/1322/1315
f 1128/1323/1316 1127/1322/1315 1129/1324/1317
f 1128/1323/1316 1129/1324/1317 1130/1325/1318
f 1130/1325/1318 1129/1324/1317 1131/1326/1319
f 1130/1325/1318 1131/1326/1319 1132/1327/1320
f 1132/1327/1320 1131/1326/1319 1133/1328/1321
f 1123/1318/1311 1134/1329/1322 1117/1312/1305
f 1123/1318/1311 1124/1319/1312 1134/1329/1322
f 1124/1319/1312 1135/1330/1323 1134/1329/1322
f 1124/1319/1312 1126/1321/1314 1135/1330/1323
f 1126/1321/1314 1136/1331/1324 1135/1330/1323
f 1126/1321/1314 1128/1323/1316 1136/1331/1324
f 1128/1323/1316 1137/1332/1325 1136/1331/1324
f 1128/1323/1316 1130/1325/1318 1137/1332/1325
f 1130/1325/1318 1138/1333/1326 1137/1332/1325
f 1130/1325/1318 1132/1327/1320 1138/1333/1326
f 1139/1334/1327 1140/1335/1328 1131/1326/1319
f 1140/1335/1328 1133/1328/1321 1131/1326/1319
f 1140/1335/1328 1141/1336/1329 1133/1328/1321
f 1133/1328/1321 1141/1336/1329 1142/1337/1330
f 1142/1337/1330 1132/1327/1320 1133/1328/1321
f 1143/1338/1331 1132/1327/1320 1142/1337/1330
f 1143/1338/1331 1138/1333/1326 1132/1327/1320
f 1143/1338/1331 1144/1339/1332 1138/1333/1326
f 1144/1339/1332 1137/1332/1325 1138/1333/1326
f 1144/1339/1332 1145/1340/1333 1137/1332/1325
f 1136/1331/1324 1137/1332/1325 1145/1340/1333
f 1136/1331/1324 1145/1340/1333 1146/1341/1334
f 1135/1330/1323 1136/1331/1324 1146/1341/1334
f 1135/1330/1323 1146/1341/1334 1147/1342/1335
f 1134/1329/1322 1135/1330/1323 1147/1342/1335
f 1134/1329/1322 1147/1342/1335 1148/1343/1336
f 1117/1312/1305 1134/1329/1322 1148/1343/1336
f 1117/1312/1305 1148/1343/1336 1118/1313/1306
f 1140/1335/1328 1149/1344/1337 1141/1336/1329
f 1150/1345/1338 1144/1339/1332 1151/1346/1339
f 1150/1345/1338 1145/1340/1333 1144/1339/1332
f 1152/1347/1340 1145/1340/1333 1150/1345/1338
f 1152/1347/1340 1146/1341/1334 1145/1340/1333
f 1153/1348/1341 1146/1341/1334 1152/1347/1340
f 1153/1348/1341 1147/1342/1335 1146/1341/1334
f 1154/1349/1342 1147/1342/1335 1153/1348/1341
f 1154/1349/1342 1148/1343/1336 1147/1342/1335
f 1154/1349/1342 1118/1313/1306 1148/1343/1336
f 1154/1349/1342 1119/1314/1307 1118/1313/1306
f 1155/1350/1343 1156/1351/1344 1157/1352/1345
f 1157/1352/1345 1156/1351/1344 1158/1353/1346
f 1157/1352/1345 1158/1353/1346 1159/1354/1347
f 1159/1354/1347 1158/1353/1346 1160/1355/1348
f 1161/1356/1349 1159/1354/1347 1160/1355/1348
f 1161/1356/1349 1160/1355/1348 1162/1357/1350
f 1161/1356/1349 1162/1357/1350 1163/1358/1351
f 1163/1358/1351 1162/1357/1350 1164/1359/1352
f 1163/1358/1351 1164/1359/1352 1165/1360/1353
f 1165/1360/1353 1164/1359/1352 1151/1346/1339
f 1165/1360/1353 1151/1346/1339 1166/1361/1354
f 1144/1339/1332 1166/1361/1354 1151/1346/1339
f 1167/1362/1355 1166/1361/1354 1144/1339/1332
f 1143/1338/1331 1167/1362/1355 1144/1339/1332
f 1168/1363/1356 1167/1362/1355 1143/1338/1331
f 1168/1363/1356 1143/1338/1331 1142/1337/1330
f 1168/1363/1356 1142/1337/1330 1169/1364/1357
f 1169/1364/1357 1142/1337/1330 1141/1336/1329
f 1167/1362/1355 1170/1365/1358 1166/1361/1354
f 1170/1365/1358 1165/1360/1353 1166/1361/1354
f 1170/1365/1358 1163/1358/1351 1165/1360/1353
f 1171/1366/1359 1163/1358/1351 1170/1365/1358
f 1161/1356/1349 1163/1358/1351 1171/1366/1359
f 1161/1356/1349 1171/1366/1359 1172/1367/1360
f 1159/1354/1347 1161/1356/1349 1172/1367/1360
f 1159/1354/1347 1172/1367/1360 1173/1368/1361
f 1157/1352/1345 1159/1354/1347 1173/1368/1361
f 1157/1352/1345 1173/1368/1361 1174/1369/1362
f 1155/1350/1343 1157/1352/1345 1174/1369/1362
f 1155/1350/1343 1174/1369/1362 1175/1370/1363
f 1176/1371/1364 1170/1365/1358 1167/1362/1355
f 1176/1371/1364 1177/1372/1365 1170/1365/1358
f 1177/1372/1365 1171/1366/1359 1170/1365/1358
f 1177/1372/1365 1178/1373/1366 1171/1366/1359
f 1172/1367/1360 1171/1366/1359 1178/1373/1366
f 1172/1367/1360 1178/1373/1366 1179/1374/1367
f 1173/1368/1361 1172/1367/1360 1179/1374/1367
f 1173/1368/1361 1179/1374/1367 1180/1375/1368
f 1174/1369/1362 1173/1368/1361 1180/1375/1368
f 1174/1369/1362 1180/1375/1368 1181/1376/1369
f 1175/1370/1363 1174/1369/1362 1181/1376/1369
f 1175/1370/1363 1181/1376/1369 1182/1377/1370
f 1176/1371/1364 1183/1378/1371 1177/1372/1365
f 1184/1379/1372 1183/1378/1371 1176/1371/1364
f 1185/1380/1373 1177/1372/1365 1186/1381/1374
f 1185/1380/1373 1178/1373/1366 1177/1372/1365
f 1187/1382/1375 1178/1373/1366 1185/1380/1373
f 1187/1382/1375 1179/1374/1367 1178/1373/1366
f 1188/1383/1376 1179/1374/1367 1187/1382/1375
f 1188/1383/1376 1180/1375/1368 1179/1374/1367
f 1189/1384/1377 1180/1375/1368 1188/1383/1376
f 1189/1384/1377 1181/1376/1369 1180/1375/1368
f 1190/1385/1378 1181/1376/1369 1189/1384/1377
f 1190/1385/1378 1182/1377/1370 1181/1376/1369
f 1191/1386/1379 1182/1377/1370 1190/1385/1378
f 1192/1387/1380 1182/1377/1370 1191/1386/1379
f 1193/1388/1381 1182/1377/1370 1192/1387/1380
f 1193/1388/1381 1175/1370/1363 1182/1377/1370
f 1194/1389/1382 1175/1370/1363 1193/1388/1381
f 1194/1389/1382 1155/1350/1343 1175/1370/1363
f 1194/1389/1382 1195/1390/1383 1155/1350/1343
f 1155/1350/1343 1195/1390/1383 1156/1351/1344
f 1196/1391/1384 1197/1392/1385 1198/1393/1386
f 1199/1394/1387 1198/1393/1386 1197/1392/1385
f 1199/1394/1387 1200/1395/1388 1198/1393/1386
f 1200/1395/1388 1201/1396/1389 1198/1393/1386
f 1200/1395/1388 1202/1397/1390 1201/1396/1389
f 1203/1398/1391 1201/1396/1389 1202/1397/1390
f 1204/1399/1392 1203/1398/1391 1202/1397/1390
f 1204/1399/1392 1205/1400/1393 1203/1398/1391
f 1204/1399/1392 1206/1401/1394 1205/1400/1393
f 1206/1401/1394 1207/1402/1395 1205/1400/1393
f 1206/1401/1394 1208/1403/1396 1207/1402/1395
f 1208/1403/1396 1209/1404/1397 1207/1402/1395
f 1208/1403/1396 1210/1405/1398 1209/1404/1397
f 1209/1404/1397 1210/1405/1398 1184/1379/1372
f 1184/1379/1372 1210/1405/1398 1211/1406/1399
f 1184/1379/1372 1211/1406/1399 1183/1378/1371
f 1211/1406/1399 1186/1381/1374 1183/1378/1371
f 1177/1372/1365 1183/1378/1371 1186/1381/1374
f 1204/1399/1392 1202/1397/1390 1212/1407/1400
f 1199/1394/1387 1213/1408/1401 1200/1395/1388
f 1214/1409/1402 1200/1395/1388 1213/1408/1401
f 1214/1409/1402 1215/1410/1403 1200/1395/1388
f 1215/1410/1403 1202/1397/1390 1200/1395/1388
f 1215/1410/1403 1212/1407/1400 1202/1397/1390
f 1216/1411/1404 1212/1407/1400 1215/1410/1403
f 1216/1411/1404 1217/1412/1405 1212/1407/1400
f 1204/1399/1392 1212/1407/1400 1217/1412/1405
f 1204/1399/1392 1217/1412/1405 1218/1413/1406
f 1204/1399/1392 1218/1413/1406 1206/1401/1394
f 1206/1401/1394 1218/1413/1406 1219/1414/1407
f 1208/1403/1396 1206/1401/1394 1219/1414/1407
f 1208/1403/1396 1219/1414/1407 1220/1415/1408
f 1208/1403/1396 1220/1415/1408 1210/1405/1398
f 1210/1405/1398 1220/1415/1408 1221/1416/1409
f 1210/1405/1398 1221/1416/1409 1211/1406/1399
f 1211/1406/1399 1221/1416/1409 1186/1381/1374
f 1214/1409/1402 1216/1411/1404 1215/1410/1403
f 1222/1417/1410 1223/1418/1411 1224/1419/1412
f 1222/1417/1410 1225/1420/1413 1223/1418/1411
f 1225/1420/1413 1226/1421/1414 1227/1422/1415
f 1225/1420/1413 1227/1422/1415 1223/1418/1411
f 1223/1418/1411 1227/1422/1415 1228/1423/1416
f 1223/1418/1411 1228/1423/1416 1229/1424/1417
f 1224/1419/1412 1223/1418/1411 1229/1424/1417
f 1224/1419/1412 1229/1424/1417 1230/1425/1418
f 1231/1426/1419 1232/1427/1420 1233/1428/1421
f 1233/1428/1421 1232/1427/1420 1226/1421/1414
f 1226/1421/1414 1232/1427/1420 1234/1429/1422
f 1226/1421/1414 1234/1429/1422 1227/1422/1415
f 1227/1422/1415 1234/1429/1422 1235/1430/1423
f 1227/1422/1415 1235/1430/1423 1228/1423/1416
f 1228/1423/1416 1235/1430/1423 1236/1431/1424
f 1228/1423/1416 1236/1431/1424 1237/1432/1425
f 1229/1424/1417 1228/1423/1416 1237/1432/1425
f 1229/1424/1417 1237/1432/1425 1238/1433/1426
f 1230/1425/1418 1229/1424/1417 1238/1433/1426
f 1230/1425/1418 1238/1433/1426 1239/1434/1427
f 1224/1419/1412 1230/1425/1418 1239/1434/1427
f 1224/1419/1412 1239/1434/1427 1240/1435/1428
f 1224/1419/1412 1240/1435/1428 1222/1417/1410
f 1240/1435/1428 1241/1436/1429 1222/1417/1410
f 1222/1417/1410 1241/1436/1429 1225/1420/1413
f 1241/1436/1429 1226/1421/1414 1225/1420/1413
f 1240/1435/1428 1242/1437/1430 1241/1436/1429
f 1233/1428/1421 1226/1421/1414 1243/1438/1431
f 1241/1436/1429 1243/1438/1431 1226/1421/1414
f 1235/1430/1423 1244/1439/1432 1236/1431/1424
f 1245/1440/1433 1246/1441/1434 1247/1442/1435
f 1245/1440/1433 1248/1443/1436 1246/1441/1434
f 1249/1444/1437 1246/1441/1434 1248/1443/1436
f 1250/1445/1438 1249/1444/1437 1248/1443/1436
f 1251/1446/1439 1249/1444/1437 1250/1445/1438
f 1251/1446/1439 1250/1445/1438 1252/1447/1440
f 1251/1446/1439 1252/1447/1440 1231/1426/1419
f 1232/1427/1420 1231/1426/1419 1252/1447/1440
f 1232/1427/1420 1252/1447/1440 1234/1429/1422
f 1234/1429/1422 1252/1447/1440 1253/1448/1441
f 1234/1429/1422 1253/1448/1441 1235/1430/1423
f 1235/1430/1423 1253/1448/1441 1244/1439/1432
f 1254/1449/1442 1244/1439/1432 1253/1448/1441
f 1250/1445/1438 1253/1448/1441 1252/1447/1440
f 1250/1445/1438 1255/1450/1443 1253/1448/1441
f 1254/1449/1442 1253/1448/1441 1255/1450/1443
f 1254/1449/1442 1255/1450/1443 1248/1443/1436
f 1254/1449/1442 1248/1443/1436 1245/1440/1433
f 1250/1445/1438 1248/1443/1436 1255/1450/1443
f 1256/1451/1444 1257/1452/1445 1258/1453/1446
f 1259/1454/1447 1258/1453/1446 1257/1452/1445
f 1257/1452/1445 1260/1455/1448 1259/1454/1447
f 1259/1454/1447 1260/1455/1448 1261/1456/1449
f 1261/1456/1449 1260/1455/1448 1262/1457/1450
f 1261/1456/1449 1262/1457/1450 1263/1458/1451
f 1262/1457/1450 1264/1459/1452 1263/1458/1451
f 1263/1458/1451 1264/1459/1452 1247/1442/1435
f 1265/1460/1453 1263/1458/1451 1247/1442/1435
f 1247/1442/1435 1246/1441/1434 1265/1460/1453
f 1265/1460/1453 1246/1441/1434 1266/1461/1454
f 1249/1444/1437 1266/1461/1454 1246/1441/1434
f 1249/1444/1437 1267/1462/1455 1266/1461/1454
f 1251/1446/1439 1267/1462/1455 1249/1444/1437
f 1251/1446/1439 1268/1463/1456 1267/1462/1455
f 1268/1463/1456 1251/1446/1439 1231/1426/1419
f 1268/1463/1456 1231/1426/1419 1269/1464/1457
f 1231/1426/1419 1233/1428/1421 1269/1464/1457
f 1261/1456/1449 1263/1458/1451 1270/1465/1458
f 1263/1458/1451 1271/1466/1459 1270/1465/1458
f 1263/1458/1451 1265/1460/1453 1271/1466/1459
f 1265/1460/1453 1266/1461/1454 1271/1466/1459
f 1266/1461/1454 1272/1467/1460 1271/1466/1459
f 1266/1461/1454 1273/1468/1461 1272/1467/1460
f 1266/1461/1454 1267/1462/1455 1273/1468/1461
f 1267/1462/1455 1268/1463/1456 1274/1469/1462
f 1267/1462/1455 1274/1469/1462 1273/1468/1461
f 1273/1468/1461 1274/1469/1462 1275/1470/1463
f 1273/1468/1461 1275/1470/1463 1272/1467/1460
f 1276/1471/1464 1272/1467/1460 1275/1470/1463
f 1271/1466/1459 1272/1467/1460 1276/1471/1464
f 1277/1472/1465 1271/1466/1459 1276/1471/1464
f 1270/1465/1458 1271/1466/1459 1277/1472/1465
f 1270/1465/1458 1277/1472/1465 1278/1473/1466
f 1261/1456/1449 1270/1465/1458 1278/1473/1466
f 1261/1456/1449 1278/1473/1466 1279/1474/1467
f 1259/1454/1447 1261/1456/1449 1279/1474/1467
f 1259/1454/1447 1279/1474/1467 1280/1475/1468
f 1280/1475/1468 1279/1474/1467 1281/1476/1469
f 1279/1474/1467 1282/1477/1470 1281/1476/1469
f 1281/1476/1469 1282/1477/1470 1168/1363/1356
f 1282/1477/1470 1167/1362/1355 1168/1363/1356
f 1282/1477/1470 1176/1371/1364 1167/1362/1355
f 1279/1474/1467 1278/1473/1466 1282/1477/1470
f 1278/1473/1466 1176/1371/1364 1282/1477/1470
f 1278/1473/1466 1277/1472/1465 1176/1371/1364
f 1277/1472/1465 1184/1379/1372 1176/1371/1364
f 1184/1379/1372 1277/1472/1465 1276/1471/1464
f 1276/1471/1464 1209/1404/1397 1184/1379/1372
f 1276/1471/1464 1283/1478/1471 1209/1404/1397
f 1207/1402/1395 1209/1404/1397 1283/1478/1471
f 1207/1402/1395 1283/1478/1471 1284/1479/1472
f 1205/1400/1393 1207/1402/1395 1284/1479/1472
f 1205/1400/1393 1284/1479/1472 1285/1480/1473
f 1203/1398/1391 1205/1400/1393 1285/1480/1473
f 1203/1398/1391 1285/1480/1473 1286/1481/1474
f 1203/1398/1391 1286/1481/1474 1201/1396/1389
f 1286/1481/1474 1196/1391/1384 1201/1396/1389
f 1196/1391/1384 1198/1393/1386 1201/1396/1389
f 1287/1482/1475 1276/1471/1464 1275/1470/1463
f 1287/1482/1475 1283/1478/1471 1276/1471/1464
f 1288/1483/1476 1283/1478/1471 1287/1482/1475
f 1288/1483/1476 1284/1479/1472 1283/1478/1471
f 1289/1484/1477 1284/1479/1472 1288/1483/1476
f 1289/1484/1477 1285/1480/1473 1284/1479/1472
f 1290/1485/1478 1285/1480/1473 1289/1484/1477
f 1290/1485/1478 1286/1481/1474 1285/1480/1473
f 1286/1481/1474 1290/1485/1478 1196/1391/1384
f 1291/1486/1479 1213/1487/1401 1199/1488/1387
f 1291/1486/1479 1214/1489/1402 1213/1487/1401
f 1291/1486/1479 1216/1490/1404 1214/1489/1402
f 1196/1491/1384 1290/1492/1478 1292/1493/1480
f 1196/1491/1384 1292/1493/1480 1293/1494/1481
f 1197/1495/1385 1196/1491/1384 1293/1494/1481
f 1197/1495/1385 1293/1494/1481 1294/1496/1482
f 1199/1488/1387 1197/1495/1385 1294/1496/1482
f 1199/1488/1387 1294/1496/1482 1295/1497/1483
f 1291/1486/1479 1199/1488/1387 1295/1497/1483
f 1295/1497/1483 1296/1498/1484 1291/1486/1479
f 1291/1486/1479 1296/1498/1484 1216/1490/1404
f 1296/1498/1484 1217/1499/1405 1216/1490/1404
f 1296/1498/1484 1297/1500/1485 1217/1499/1405
f 1297/1500/1485 1218/1501/1406 1217/1499/1405
f 1297/1500/1485 1298/1502/1486 1218/1501/1406
f 1298/1502/1486 1219/1503/1407 1218/1501/1406
f 1298/1502/1486 1299/1504/1487 1219/1503/1407
f 1299/1504/1487 1220/1505/1408 1219/1503/1407
f 1299/1504/1487 1300/1506/1488 1220/1505/1408
f 1300/1506/1488 1221/1507/1409 1220/1505/1408
f 1301/1508/1489 1302/1509/1490 1303/1510/1491
f 1302/1509/1490 1304/1511/1492 1303/1510/1491
f 1302/1509/1490 1305/1512/1493 1304/1511/1492
f 1306/1513/1494 1304/1511/1492 1305/1512/1493
f 1306/1513/1494 1305/1512/1493 1300/1506/1488
f 1307/1514/1495 1306/1513/1494 1300/1506/1488
f 1307/1514/1495 1300/1506/1488 1299/1504/1487
f 1292/1493/1480 1307/1514/1495 1299/1504/1487
f 1292/1493/1480 1299/1504/1487 1298/1502/1486
f 1293/1494/1481 1292/1493/1480 1298/1502/1486
f 1293/1494/1481 1298/1502/1486 1297/1500/1485
f 1294/1496/1482 1293/1494/1481 1297/1500/1485
f 1294/1496/1482 1297/1500/1485 1296/1498/1484
f 1295/1497/1483 1294/1496/1482 1296/1498/1484
f 1169/1364/1357 1141/1336/1329 1308/1515/1496
f 1308/1515/1496 1141/1336/1329 1149/1344/1337
f 1308/1515/1496 1149/1344/1337 1309/1516/1497
f 1309/1516/1497 1149/1344/1337 1310/1517/1498
f 1309/1516/1497 1310/1517/1498 1311/1518/1499
f 1311/1518/1499 1310/1517/1498 1301/1508/1489
f 1311/1518/1499 1301/1508/1489 1312/1519/1500
f 1301/1508/1489 1303/1510/1491 1312/1519/1500
f 1313/1520/1501 1312/1519/1500 1303/1510/1491
f 1303/1510/1491 1304/1511/1492 1313/1520/1501
f 1304/1511/1492 1275/1521/1463 1313/1520/1501
f 1304/1511/1492 1287/1522/1475 1275/1521/1463
f 1288/1523/1476 1287/1522/1475 1304/1511/1492
f 1288/1523/1476 1304/1511/1492 1306/1513/1494
f 1289/1524/1477 1288/1523/1476 1306/1513/1494
f 1289/1524/1477 1306/1513/1494 1307/1514/1495
f 1290/1492/1478 1289/1524/1477 1307/1514/1495
f 1290/1492/1478 1307/1514/1495 1292/1493/1480
f 1314/1525/1502 1309/1516/1497 1311/1518/1499
f 1315/1526/1503 1314/1525/1502 1316/1527/1504
f 1317/1528/1505 1314/1525/1502 1315/1526/1503
f 1317/1528/1505 1318/1529/1506 1314/1525/1502
f 1318/1529/1506 1309/1516/1497 1314/1525/1502
f 1318/1529/1506 1308/1515/1496 1309/1516/1497
f 1319/1530/1507 1259/1454/1447 1320/1531/1508
f 1259/1454/1447 1321/1532/1509 1320/1531/1508
f 1259/1454/1447 1280/1475/1468 1321/1532/1509
f 1321/1532/1509 1280/1475/1468 1322/1533/1510
f 1280/1475/1468 1281/1476/1469 1322/1533/1510
f 1322/1533/1510 1281/1476/1469 1323/1534/1511
f 1281/1476/1469 1168/1363/1356 1323/1534/1511
f 1323/1534/1511 1168/1363/1356 1169/1364/1357
f 1323/1534/1511 1169/1364/1357 1324/1535/1512
f 1324/1535/1512 1169/1364/1357 1308/1515/1496
f 1324/1535/1512 1308/1515/1496 1325/1536/1513
f 1318/1529/1506 1325/1536/1513 1308/1515/1496
f 1326/1537/1514 1325/1536/1513 1318/1529/1506
f 1326/1537/1514 1318/1529/1506 1317/1528/1505
f 1327/1538/1515 1326/1537/1514 1317/1528/1505
f 1327/1538/1515 1317/1528/1505 1328/1539/1516
f 1328/1539/1516 1317/1528/1505 1315/1526/1503
f 1328/1539/1516 1315/1526/1503 1329/1540/1517
f 1328/1539/1516 1329/1540/1517 1330/1541/1518
f 1322/1533/1510 1323/1534/1511 1331/1542/1519
f 1331/1542/1519 1323/1534/1511 1324/1535/1512
f 1321/1532/1509 1322/1533/1510 1332/1543/1520
f 1333/1544/1521 1332/1543/1520 1322/1533/1510
f 1333/1544/1521 1322/1533/1510 1331/1542/1519
f 1333/1544/1521 1331/1542/1519 1334/1545/1522
f 1331/1542/1519 1324/1535/1512 1334/1545/1522
f 1326/1537/1514 1334/1545/1522 1324/1535/1512
f 1326/1537/1514 1324/1535/1512 1325/1536/1513
f 1327/1538/1515 1334/1545/1522 1326/1537/1514
f 1327/1538/1515 1333/1544/1521 1334/1545/1522
f 1335/1546/1523 1336/1547/1524 1329/1540/1517
f 1330/1541/1518 1329/1540/1517 1336/1547/1524
f 1330/1541/1518 1336/1547/1524 1337/1548/1525
f 1337/1548/1525 1336/1547/1524 1338/1549/1526
f 1337/1548/1525 1338/1549/1526 1339/1550/1527
f 1319/1551/1507 1339/1550/1527 1338/1549/1526
f 1335/1546/1523 1340/1552/1528 1341/1553/1529
f 1335/1546/1523 1341/1553/1529 1342/1554/1530
f 1343/1555/1531 1335/1546/1523 1342/1554/1530
f 1343/1555/1531 1336/1547/1524 1335/1546/1523
f 1344/1556/1532 1336/1547/1524 1343/1555/1531
f 1344/1556/1532 1338/1549/1526 1336/1547/1524
f 1345/1557/1533 1338/1549/1526 1344/1556/1532
f 1345/1557/1533 1346/1558/1534 1338/1549/1526
f 1319/1551/1507 1338/1549/1526 1346/1558/1534
f 1346/1558/1534 1347/1559/1535 1319/1551/1507
f 1341/1553/1529 1264/1560/1452 1348/1561/1536
f 1315/1526/1503 1316/1527/1504 1329/1540/1517
f 1335/1546/1523 1329/1540/1517 1316/1527/1504
f 1335/1546/1523 1316/1527/1504 1314/1525/1502
f 1335/1546/1523 1314/1525/1502 1340/1552/1528
f 1314/1525/1502 1311/1518/1499 1340/1552/1528
f 1340/1552/1528 1311/1518/1499 1349/1562/1537
f 1311/1518/1499 1312/1519/1500 1349/1562/1537
f 1349/1562/1537 1312/1519/1500 1350/1563/1538
f 1312/1519/1500 1351/1564/1539 1350/1563/1538
f 1351/1564/1539 1352/1565/1540 1350/1563/1538
f 1353/1566/1541 1352/1565/1540 1351/1564/1539
f 1352/1565/1540 1353/1566/1541 1354/1567/1542
f 1353/1566/1541 1247/1568/1435 1354/1567/1542
f 1264/1560/1452 1354/1567/1542 1247/1568/1435
f 1354/1567/1542 1264/1560/1452 1350/1563/1538
f 1264/1560/1452 1349/1562/1537 1350/1563/1538
f 1341/1553/1529 1349/1562/1537 1264/1560/1452
f 1340/1552/1528 1349/1562/1537 1341/1553/1529
f 1352/1565/1540 1354/1567/1542 1350/1563/1538
f 1239/1569/1427 1238/1570/1426 1355/1571/1543
f 1238/1570/1426 1356/1572/1544 1355/1571/1543
f 1238/1570/1426 1237/1573/1425 1356/1572/1544
f 1237/1573/1425 1357/1574/1545 1356/1572/1544
f 1237/1573/1425 1236/1575/1424 1357/1574/1545
f 1236/1575/1424 1358/1576/1546 1357/1574/1545
f 1236/1575/1424 1244/1577/1432 1358/1576/1546
f 1244/1577/1432 1359/1578/1547 1358/1576/1546
f 1244/1577/1432 1254/1579/1442 1359/1578/1547
f 1254/1579/1442 1353/1566/1541 1359/1578/1547
f 1254/1579/1442 1245/1580/1433 1353/1566/1541
f 1353/1566/1541 1245/1580/1433 1247/1568/1435
f 1239/1569/1427 1242/1581/1430 1240/1582/1428
f 1239/1569/1427 1355/1571/1543 1242/1581/1430
f 1355/1571/1543 1360/1583/1548 1242/1581/1430
f 1355/1571/1543 1356/1572/1544 1360/1583/1548
f 1356/1572/1544 1361/1584/1549 1360/1583/1548
f 1356/1572/1544 1357/1574/1545 1361/1584/1549
f 1357/1574/1545 1362/1585/1550 1361/1584/1549
f 1357/1574/1545 1358/1576/1546 1362/1585/1550
f 1358/1576/1546 1363/1586/1551 1362/1585/1550
f 1358/1576/1546 1359/1578/1547 1363/1586/1551
f 1359/1578/1547 1364/1587/1552 1363/1586/1551
f 1359/1578/1547 1353/1566/1541 1364/1587/1552
f 1353/1566/1541 1351/1564/1539 1364/1587/1552
f 1242/1581/1430 1243/1588/1431 1241/1589/1429
f 1242/1581/1430 1360/1583/1548 1243/1588/1431
f 1360/1583/1548 1233/1590/1421 1243/1588/1431
f 1360/1583/1548 1361/1584/1549 1233/1590/1421
f 1361/1584/1549 1269/1591/1457 1233/1590/1421
f 1361/1584/1549 1362/1585/1550 1269/1591/1457
f 1362/1585/1550 1268/1592/1456 1269/1591/1457
f 1362/1585/1550 1363/1586/1551 1268/1592/1456
f 1363/1586/1551 1274/1593/1462 1268/1592/1456
f 1363/1586/1551 1364/1587/1552 1274/1593/1462
f 1274/1593/1462 1364/1587/1552 1275/1521/1463
f 1275/1521/1463 1364/1587/1552 1351/1564/1539
f 1275/1521/1463 1351/1564/1539 1313/1520/1501
f 1312/1519/1500 1313/1520/1501 1351/1564/1539
f 1365/1594/1553 1366/1595/1554 1367/1596/1555
f 1366/1595/1554 1368/1597/1556 1367/1596/1555
f 1367/1596/1555 1368/1597/1556 1369/1598/1557
f 1368/1597/1556 1370/1599/1558 1369/1598/1557
f 1368/1597/1556 1371/1600/1559 1370/1599/1558
f 1372/1601/1560 1371/1600/1559 1368/1597/1556
f 1372/1601/1560 1373/1602/1561 1371/1600/1559
f 1373/1602/1561 1344/1603/1532 1371/1600/1559
f 1373/1602/1561 1345/1604/1533 1344/1603/1532
f 1366/1595/1554 1372/1601/1560 1368/1597/1556
f 1374/1605/1562 1375/1606/1563 1376/1607/1564
f 1374/1605/1562 1377/1608/1565 1375/1606/1563
f 1377/1608/1565 1378/1609/1566 1375/1606/1563
f 1377/1608/1565 1379/1610/1567 1378/1609/1566
f 1379/1610/1567 1365/1594/1553 1378/1609/1566
f 1379/1610/1567 1380/1611/1568 1365/1594/1553
f 1380/1611/1568 1366/1595/1554 1365/1594/1553
f 1380/1611/1568 1381/1612/1569 1366/1595/1554
f 1381/1612/1569 1372/1601/1560 1366/1595/1554
f 1381/1612/1569 1382/1613/1570 1372/1601/1560
f 1382/1613/1570 1373/1602/1561 1372/1601/1560
f 1382/1613/1570 1256/1451/1444 1373/1602/1561
f 1256/1451/1444 1345/1604/1533 1373/1602/1561
f 1256/1451/1444 1258/1453/1446 1345/1604/1533
f 1258/1453/1446 1346/1614/1534 1345/1604/1533
f 1258/1453/1446 1347/1615/1535 1346/1614/1534
f 1259/1454/1447 1347/1615/1535 1258/1453/1446
f 1319/1530/1507 1347/1615/1535 1259/1454/1447
f 1383/1616/1571 1377/1608/1565 1374/1605/1562
f 1384/1617/1572 1385/1618/1573 1383/1616/1571
f 1383/1616/1571 1385/1618/1573 1377/1608/1565
f 1385/1618/1573 1379/1610/1567 1377/1608/1565
f 1386/1619/1574 1381/1612/1569 1380/1611/1568
f 1387/1620/1575 1386/1619/1574 1380/1611/1568
f 1387/1620/1575 1380/1611/1568 1379/1610/1567
f 1385/1618/1573 1387/1620/1575 1379/1610/1567
f 1388/1621/1576 1387/1620/1575 1385/1618/1573
f 1384/1617/1572 1388/1621/1576 1385/1618/1573
f 1384/1617/1572 1389/1622/1577 1388/1621/1576
f 1390/1623/1578 1388/1621/1576 1389/1622/1577
f 1390/1623/1578 1391/1624/1579 1388/1621/1576
f 1392/1625/1580 1391/1624/1579 1390/1623/1578
f 1392/1625/1580 1393/1626/1581 1391/1624/1579
f 1392/1625/1580 1394/1627/1582 1393/1626/1581
f 1393/1626/1581 1394/1627/1582 1395/1628/1583
f 1394/1627/1582 1396/1629/1584 1395/1628/1583
f 1395/1628/1583 1396/1629/1584 1382/1613/1570
f 1397/1630/1585 1382/1613/1570 1396/1629/1584
f 1397/1630/1585 1256/1451/1444 1382/1613/1570
f 1256/1451/1444 1397/1630/1585 1257/1452/1445
f 1388/1621/1576 1391/1624/1579 1387/1620/1575
f 1391/1624/1579 1386/1619/1574 1387/1620/1575
f 1391/1624/1579 1393/1626/1581 1386/1619/1574
f 1393/1626/1581 1395/1628/1583 1386/1619/1574
f 1386/1619/1574 1395/1628/1583 1381/1612/1569
f 1395/1628/1583 1382/1613/1570 1381/1612/1569
f 1392/1625/1580 1398/1631/1586 1394/1627/1582
f 1394/1627/1582 1398/1631/1586 1399/1632/1587
f 1394/1627/1582 1399/1632/1587 1400/1633/1588
f 1394/1627/1582 1400/1633/1588 1396/1629/1584
f 1401/1634/1589 1396/1629/1584 1400/1633/1588
f 1401/1634/1589 1397/1630/1585 1396/1629/1584
f 1401/1634/1589 1257/1452/1445 1397/1630/1585
f 1260/1455/1448 1257/1452/1445 1401/1634/1589
f 1260/1455/1448 1401/1634/1589 1262/1457/1450
f 1401/1634/1589 1348/1635/1536 1262/1457/1450
f 1262/1457/1450 1348/1635/1536 1264/1459/1452
f 1399/1632/1587 1348/1635/1536 1401/1634/1589
f 1401/1634/1589 1400/1633/1588 1399/1632/1587
f 1383/1636/1571 1402/1637/1590 1384/1638/1572
f 1384/1638/1572 1402/1637/1590 1389/1639/1577
f 1371/1600/1559 1344/1603/1532 1343/1640/1531
f 1371/1600/1559 1343/1640/1531 1370/1599/1558
f 1370/1599/1558 1343/1640/1531 1342/1641/1530
f 1370/1599/1558 1342/1641/1530 1403/1642/1591
f 1403/1642/1591 1342/1641/1530 1399/1643/1587
f 1404/1644/1592 1403/1642/1591 1399/1643/1587
f 1404/1644/1592 1399/1643/1587 1398/1645/1586
f 1405/1646/1593 1404/1644/1592 1398/1645/1586
f 1405/1646/1593 1398/1645/1586 1392/1647/1580
f 1390/1648/1578 1405/1646/1593 1392/1647/1580
f 1390/1648/1578 1406/1649/1594 1405/1646/1593
f 1389/1639/1577 1406/1649/1594 1390/1648/1578
f 1407/1650/1595 1406/1649/1594 1389/1639/1577
f 1402/1637/1590 1407/1650/1595 1389/1639/1577
f 1408/1651/1596 1407/1650/1595 1402/1637/1590
f 1383/1636/1571 1408/1651/1596 1402/1637/1590
f 1383/1636/1571 1376/1607/1564 1408/1651/1596
f 1383/1636/1571 1374/1605/1562 1376/1607/1564
f 1399/1643/1587 1342/1641/1530 1341/1652/1529
f 1341/1652/1529 1348/1653/1536 1399/1643/1587
f 1370/1599/1558 1403/1642/1591 1369/1598/1557
f 1409/1654/1597 1369/1598/1557 1403/1642/1591
f 1367/1596/1555 1369/1598/1557 1409/1654/1597
f 1410/1655/1598 1367/1596/1555 1409/1654/1597
f 1365/1594/1553 1367/1596/1555 1410/1655/1598
f 1378/1609/1566 1365/1594/1553 1410/1655/1598
f 1378/1609/1566 1410/1655/1598 1411/1656/1599
f 1375/1606/1563 1378/1609/1566 1411/1656/1599
f 1375/1606/1563 1411/1656/1599 1412/1657/1600
f 1376/1607/1564 1375/1606/1563 1412/1657/1600
f 1376/1607/1564 1412/1657/1600 1408/1651/1596
f 1408/1651/1596 1412/1657/1600 1407/1650/1595
f 1412/1657/1600 1413/1658/1601 1407/1650/1595
f 1407/1650/1595 1413/1658/1601 1406/1649/1594
f 1414/1659/1602 1406/1649/1594 1413/1658/1601
f 1414/1659/1602 1405/1646/1593 1406/1649/1594
f 1414/1659/1602 1404/1644/1592 1405/1646/1593
f 1414/1659/1602 1409/1654/1597 1404/1644/1592
f 1409/1654/1597 1403/1642/1591 1404/1644/1592
f 1412/1657/1600 1411/1656/1599 1413/1658/1601
f 1411/1656/1599 1414/1659/1602 1413/1658/1601
f 1411/1656/1599 1410/1655/1598 1414/1659/1602
f 1410/1655/1598 1409/1654/1597 1414/1659/1602
f 1415/1660/1603 1416/1661/1604 1417/1662/1605
f 1416/1661/1604 1418/1663/1606 1417/1662/1605
f 1416/1661/1604 1419/1664/1607 1418/1663/1606
f 1420/1665/1608 1418/1663/1606 1419/1664/1607
f 1420/1665/1608 1419/1664/1607 1421/1666/1609
f 1421/1666/1609 1419/1664/1607 1422/1667/1610
f 1419/1664/1607 1186/1668/1374 1422/1667/1610
f 1419/1664/1607 1185/1669/1373 1186/1668/1374
f 1187/1670/1375 1185/1669/1373 1419/1664/1607
f 1187/1670/1375 1419/1664/1607 1416/1661/1604
f 1188/1671/1376 1187/1670/1375 1416/1661/1604
f 1188/1671/1376 1416/1661/1604 1415/1660/1603
f 1189/1672/1377 1188/1671/1376 1415/1660/1603
f 1189/1672/1377 1415/1660/1603 1423/1673/1611
f 1190/1674/1378 1189/1672/1377 1423/1673/1611
f 1190/1674/1378 1423/1673/1611 1424/1675/1612
f 1191/1676/1379 1190/1674/1378 1424/1675/1612
f 1191/1676/1379 1424/1675/1612 1425/1677/1613
f 1426/1678/1614 1427/1679/1615 1428/1680/1616
f 1426/1678/1614 1425/1677/1613 1427/1679/1615
f 1425/1677/1613 1429/1681/1617 1427/1679/1615
f 1425/1677/1613 1424/1675/1612 1429/1681/1617
f 1424/1675/1612 1430/1682/1618 1429/1681/1617
f 1424/1675/1612 1423/1673/1611 1430/1682/1618
f 1423/1673/1611 1431/1683/1619 1430/1682/1618
f 1423/1673/1611 1415/1660/1603 1431/1683/1619
f 1415/1660/1603 1417/1662/1605 1431/1683/1619
f 1192/1684/1380 1191/1676/1379 1425/1677/1613
f 1192/1684/1380 1425/1677/1613 1426/1678/1614
f 1193/1685/1381 1192/1684/1380 1426/1678/1614
f 1193/1685/1381 1426/1678/1614 1428/1680/1616
f 1193/1685/1381 1428/1680/1616 1194/1686/1382
f 1428/1680/1616 1195/1687/1383 1194/1686/1382
f 1428/1680/1616 1427/1679/1615 1195/1687/1383
f 1427/1679/1615 1156/1688/1344 1195/1687/1383
f 1427/1679/1615 1429/1681/1617 1156/1688/1344
f 1429/1681/1617 1158/1689/1346 1156/1688/1344
f 1429/1681/1617 1430/1682/1618 1158/1689/1346
f 1430/1682/1618 1160/1690/1348 1158/1689/1346
f 1430/1682/1618 1431/1683/1619 1160/1690/1348
f 1431/1683/1619 1162/1691/1350 1160/1690/1348
f 1431/1683/1619 1417/1662/1605 1162/1691/1350
f 1417/1662/1605 1164/1692/1352 1162/1691/1350
f 1417/1662/1605 1418/1663/1606 1164/1692/1352
f 1164/1692/1352 1418/1663/1606 1151/1693/1339
f 1151/1693/1339 1418/1663/1606 1420/1665/1608
f 1432/1694/1620 1151/1693/1339 1420/1665/1608
f 1432/1694/1620 1150/1695/1338 1151/1693/1339
f 1152/1696/1340 1150/1695/1338 1432/1694/1620
f 1152/1696/1340 1432/1694/1620 1433/1697/1621
f 1153/1698/1341 1152/1696/1340 1433/1697/1621
f 1153/1698/1341 1433/1697/1621 1434/1699/1622
f 1154/1700/1342 1153/1698/1341 1434/1699/1622
f 1154/1700/1342 1434/1699/1622 1435/1701/1623
f 1119/1702/1307 1154/1700/1342 1435/1701/1623
f 1119/1702/1307 1435/1701/1623 1436/1703/1624
f 1120/1704/1308 1119/1702/1307 1436/1703/1624
f 1120/1704/1308 1436/1703/1624 1437/1705/1625
f 1121/1706/1309 1120/1704/1308 1437/1705/1625
f 1300/1506/1488 1305/1512/1493 1221/1507/1409
f 1221/1507/1409 1305/1512/1493 1186/1668/1374
f 1186/1668/1374 1305/1512/1493 1302/1509/1490
f 1186/1668/1374 1302/1509/1490 1422/1667/1610
f 1301/1508/1489 1422/1667/1610 1302/1509/1490
f 1301/1508/1489 1421/1666/1609 1422/1667/1610
f 1301/1508/1489 1310/1517/1498 1421/1666/1609
f 1421/1666/1609 1310/1517/1498 1420/1665/1608
f 1310/1517/1498 1149/1344/1337 1420/1665/1608
f 1149/1344/1337 1432/1694/1620 1420/1665/1608
f 1140/1335/1328 1432/1694/1620 1149/1344/1337
f 1433/1697/1621 1432/1694/1620 1140/1335/1328
f 1433/1697/1621 1140/1335/1328 1139/1334/1327
f 1434/1699/1622 1433/1697/1621 1139/1334/1327
f 1434/1699/1622 1139/1334/1327 1438/1707/1626
f 1435/1701/1623 1434/1699/1622 1438/1707/1626
f 1435/1701/1623 1438/1707/1626 1439/1708/1627
f 1436/1703/1624 1435/1701/1623 1439/1708/1627
f 1436/1703/1624 1439/1708/1627 1440/1709/1628
f 1437/1705/1625 1436/1703/1624 1440/1709/1628
f 1437/1705/1625 1440/1709/1628 1441/1710/1629
f 1121/1706/1309 1437/1705/1625 1441/1710/1629
f 1121/1706/1309 1441/1710/1629 1442/1711/1630
f 1122/1712/1310 1121/1706/1309 1442/1711/1630
f 1122/1712/1310 1442/1711/1630 1114/1713/1302
f 1442/1711/1630 1115/1714/1303 1114/1713/1302
f 1442/1711/1630 1441/1710/1629 1115/1714/1303
f 1441/1710/1629 1113/1715/1301 1115/1714/1303
f 1441/1710/1629 1440/1709/1628 1113/1715/1301
f 1440/1709/1628 1125/1716/1313 1113/1715/1301
f 1440/1709/1628 1439/1708/1627 1125/1716/1313
f 1439/1708/1627 1127/1717/1315 1125/1716/1313
f 1439/1708/1627 1438/1707/1626 1127/1717/1315
f 1438/1707/1626 1129/1718/1317 1127/1717/1315
f 1438/1707/1626 1139/1334/1327 1129/1718/1317
f 1139/1334/1327 1131/1326/1319 1129/1718/1317
f 1443/1719/1631 1444/1720/1632 1445/1721/1633
f 1443/1719/1631 1446/1722/1634 1444/1720/1632
f 1447/1723/1635 1448/1724/1636 1449/1725/1637
f 1448/1724/1636 1450/1726/1638 1449/1725/1637
f 1451/1727/1639 1452/1728/1640 1453/1729/1641
f 1452/1728/1640 1454/1730/1642 1453/1729/1641
f 1455/1731/1643 1456/1732/1644 1457/1733/1645
f 1456/1732/1644 1458/1734/1646 1457/1733/1645
f 1459/1735/1647 1460/1736/1648 1455/1731/1643
f 1460/1736/1648 1461/1737/1649 1455/1731/1643
f 1462/1738/1650 1459/1735/1647 1463/1739/1651
f 1459/1735/1647 1464/1740/1652 1463/1739/1651
f 1465/1741/1653 1466/1742/1654 1467/1743/1655
f 1466/1742/1654 1468/1744/1656 1467/1743/1655
f 1469/1745/1657 1470/1746/1658 1471/1747/1659
f 1470/1746/1658 1472/1748/1660 1471/1747/1659
f 1473/1749/1661 1474/1750/1662 1475/1751/1663
f 1474/1750/1662 1476/1752/1664 1475/1751/1663
f 1477/1753/1665 1478/1754/1666 1479/1755/1667
f 1478/1754/1666 1480/1756/1668 1479/1755/1667
f 1481/1757/1669 1482/1758/1670 1483/1759/1671
f 1482/1758/1670 1484/1760/1672 1483/1759/1671
f 1485/1761/1673 1486/1762/1674 1487/1763/1675
f 1486/1762/1674 1488/1764/1676 1487/1763/1675
f 1489/1765/1677 1485/1761/1673 1490/1766/1678
f 1485/1761/1673 1491/1767/1679 1490/1766/1678
f 1492/1768/1680 1493/1769/1681 1489/1765/1677
f 1493/1769/1681 1494/1770/1682 1489/1765/1677
f 1495/1771/1683 1496/1772/1684 1497/1773/1685
f 1496/1772/1684 1498/1774/1686 1497/1773/1685
f 1496/1772/1684 1499/1775/1687 1498/1774/1686
f 1496/1772/1684 1500/1776/1688 1499/1775/1687
f 1501/1777/1689 1502/1778/1690 1503/1779/1691
f 1502/1778/1690 1504/1780/1692 1503/1779/1691
f 1505/1781/1693 1506/1782/1694 1507/1783/1695
f 1506/1782/1694 1508/1784/1696 1507/1783/1695
f 1507/1783/1695 1508/1784/1696 1509/1785/1697
f 1508/1784/1696 1510/1786/1698 1509/1785/1697
f 1510/1786/1698 1511/1787/1699 1509/1785/1697
f 1511/1787/1699 1512/1788/1700 1509/1785/1697
f 1511/1787/1699 1513/1789/1701 1512/1788/1700
f 1513/1789/1701 1514/1790/1702 1512/1788/1700
f 1472/1791/1660 1470/1792/1658 1515/1793/1703
f 1472/1791/1660 1515/1793/1703 1516/1794/1704
f 1515/1793/1703 1517/1795/1705 1516/1794/1704
f 1516/1794/1704 1517/1795/1705 1518/1796/1706
f 1519/1797/1707 1518/1796/1706 1517/1795/1705
f 1519/1797/1707 1456/1798/1708 1518/1796/1706
f 1520/1799/1709 1456/1798/1708 1519/1797/1707
f 1456/1798/1708 1520/1799/1709 1462/1800/1710
f 1520/1799/1709 1463/1801/1711 1462/1800/1710
f 1520/1799/1709 1521/1802/1712 1463/1801/1711
f 1522/1803/1713 1463/1801/1711 1521/1802/1712
f 1470/1792/1658 1522/1803/1713 1521/1802/1712
f 1470/1792/1658 1521/1802/1712 1515/1793/1703
f 1521/1802/1712 1520/1799/1709 1515/1793/1703
f 1520/1799/1709 1519/1797/1707 1515/1793/1703
f 1515/1793/1703 1519/1797/1707 1517/1795/1705
f 1456/1798/1708 1458/1804/1714 1518/1796/1706
f 1458/1804/1714 1516/1794/1704 1518/1796/1706
f 1460/1805/1648 1523/1806/1715 1461/1807/1649
f 1523/1806/1715 1524/1808/1716 1461/1807/1649
f 1461/1807/1649 1524/1808/1716 1497/1809/1685
f 1524/1808/1716 1525/1810/1717 1497/1809/1685
f 1495/1811/1683 1497/1809/1685 1525/1810/1717
f 1526/1812/1718 1495/1811/1683 1525/1810/1717
f 1495/1811/1683 1526/1812/1718 1460/1805/1648
f 1526/1812/1718 1523/1806/1715 1460/1805/1648
f 1526/1812/1718 1527/1813/1719 1523/1806/1715
f 1527/1813/1719 1528/1814/1720 1523/1806/1715
f 1528/1814/1720 1527/1813/1719 1529/1815/1721
f 1528/1814/1720 1529/1815/1721 1524/1808/1716
f 1524/1808/1716 1529/1815/1721 1525/1810/1717
f 1529/1815/1721 1530/1816/1722 1525/1810/1717
f 1526/1812/1718 1525/1810/1717 1530/1816/1722
f 1527/1813/1719 1526/1812/1718 1530/1816/1722
f 1527/1813/1719 1530/1816/1722 1529/1815/1721
f 1523/1806/1715 1528/1814/1720 1524/1808/1716
f 1531/1817/1723 1532/1818/1724 1533/1819/1725
f 1532/1818/1724 1513/1820/1701 1533/1819/1725
f 1532/1818/1724 1534/1821/1726 1513/1820/1701
f 1534/1821/1726 1514/1822/1702 1513/1820/1701
f 1534/1821/1726 1535/1823/1727 1514/1822/1702
f 1535/1823/1727 1471/1824/1659 1514/1822/1702
f 1535/1823/1727 1536/1825/1728 1471/1824/1659
f 1536/1825/1728 1469/1826/1657 1471/1824/1659
f 1536/1825/1728 1531/1817/1723 1469/1826/1657
f 1531/1817/1723 1536/1825/1728 1532/1818/1724
f 1536/1825/1728 1534/1821/1726 1532/1818/1724
f 1536/1825/1728 1535/1823/1727 1534/1821/1726
f 1500/1827/1688 1490/1828/1678 1537/1829/1729
f 1500/1827/1688 1537/1829/1729 1538/1830/1730
f 1499/1831/1687 1500/1827/1688 1538/1830/1730
f 1499/1831/1687 1538/1830/1730 1539/1832/1731
f 1491/1833/1679 1499/1831/1687 1539/1832/1731
f 1491/1833/1679 1539/1832/1731 1540/1834/1732
f 1490/1828/1678 1491/1833/1679 1540/1834/1732
f 1490/1828/1678 1540/1834/1732 1537/1829/1729
f 1540/1834/1732 1541/1835/1733 1537/1829/1729
f 1541/1835/1733 1542/1836/1734 1537/1829/1729
f 1542/1836/1734 1541/1835/1733 1543/1837/1735
f 1542/1836/1734 1543/1837/1735 1538/1830/1730
f 1538/1830/1730 1543/1837/1735 1539/1832/1731
f 1543/1837/1735 1544/1838/1736 1539/1832/1731
f 1540/1834/1732 1539/1832/1731 1544/1838/1736
f 1541/1835/1733 1540/1834/1732 1544/1838/1736
f 1541/1835/1733 1544/1838/1736 1543/1837/1735
f 1537/1829/1729 1542/1836/1734 1538/1830/1730
f 1462/1839/1710 1467/1840/1655 1456/1841/1708
f 1467/1840/1655 1458/1842/1646 1456/1841/1708
f 1467/1840/1655 1468/1843/1656 1458/1842/1646
f 1468/1843/1656 1457/1844/1645 1458/1842/1646
f 1468/1843/1656 1455/1845/1643 1457/1844/1645
f 1468/1843/1656 1466/1846/1654 1455/1845/1643
f 1466/1846/1654 1459/1847/1647 1455/1845/1643
f 1466/1846/1654 1464/1848/1652 1459/1847/1647
f 1466/1846/1654 1465/1849/1653 1464/1848/1652
f 1465/1849/1653 1463/1850/1651 1464/1848/1652
f 1465/1849/1653 1462/1839/1710 1463/1850/1651
f 1465/1849/1653 1467/1840/1655 1462/1839/1710
f 1545/1794/1737 1488/1804/1738 1546/1796/1739
f 1488/1804/1738 1487/1798/1740 1546/1796/1739
f 1493/1801/1741 1547/1799/1742 1492/1800/1743
f 1547/1799/1742 1487/1798/1740 1492/1800/1743
f 1547/1799/1742 1548/1797/1744 1487/1798/1740
f 1548/1797/1744 1546/1796/1739 1487/1798/1740
f 1548/1797/1744 1549/1795/1745 1546/1796/1739
f 1549/1795/1745 1545/1794/1737 1546/1796/1739
f 1549/1795/1745 1550/1793/1746 1545/1794/1737
f 1550/1793/1746 1504/1791/1692 1545/1794/1737
f 1550/1793/1746 1503/1792/1691 1504/1791/1692
f 1551/1851/1747 1503/1792/1691 1550/1793/1746
f 1551/1851/1747 1552/1803/1748 1503/1792/1691
f 1552/1803/1748 1551/1851/1747 1493/1801/1741
f 1551/1851/1747 1547/1799/1742 1493/1801/1741
f 1547/1799/1742 1551/1851/1747 1550/1793/1746
f 1548/1797/1744 1547/1799/1742 1550/1793/1746
f 1549/1795/1745 1548/1797/1744 1550/1793/1746
f 1477/1852/1665 1501/1853/1689 1503/1854/1691
f 1477/1852/1665 1475/1855/1663 1501/1853/1689
f 1475/1855/1663 1476/1855/1664 1501/1853/1689
f 1501/1853/1689 1476/1855/1664 1553/1853/1749
f 1476/1855/1664 1554/1856/1750 1553/1853/1749
f 1476/1855/1664 1474/1857/1662 1554/1856/1750
f 1474/1857/1662 1473/1857/1661 1554/1856/1750
f 1554/1856/1750 1473/1857/1661 1506/1856/1694
f 1473/1857/1661 1508/1858/1696 1506/1856/1694
f 1473/1857/1661 1555/1859/1751 1508/1858/1696
f 1555/1859/1751 1510/1860/1698 1508/1858/1696
f 1555/1859/1751 1556/1861/1752 1510/1860/1698
f 1556/1861/1752 1557/1862/1753 1510/1860/1698
f 1510/1860/1698 1557/1862/1753 1511/1863/1699
f 1557/1862/1753 1447/1864/1635 1511/1863/1699
f 1511/1863/1699 1447/1864/1635 1513/1865/1701
f 1447/1864/1635 1533/1865/1725 1513/1865/1701
f 1447/1864/1635 1449/1864/1637 1533/1865/1725
f 1475/1855/1663 1558/1866/1754 1559/1867/1755
f 1473/1857/1661 1475/1855/1663 1559/1867/1755
f 1559/1867/1755 1560/1868/1756 1473/1857/1661
f 1560/1868/1756 1555/1859/1751 1473/1857/1661
f 1560/1868/1756 1561/1869/1757 1555/1859/1751
f 1561/1869/1757 1556/1861/1752 1555/1859/1751
f 1561/1869/1757 1562/1870/1758 1556/1861/1752
f 1562/1870/1758 1563/1871/1759 1556/1861/1752
f 1556/1861/1752 1563/1871/1759 1557/1862/1753
f 1563/1871/1759 1564/1872/1760 1557/1862/1753
f 1557/1862/1753 1564/1872/1760 1447/1864/1635
f 1564/1872/1760 1565/1873/1761 1447/1864/1635
f 1447/1864/1635 1565/1873/1761 1448/1874/1636
f 1565/1873/1761 1566/1875/1762 1448/1874/1636
f 1448/1874/1636 1566/1875/1762 1451/1876/1639
f 1566/1875/1762 1567/1877/1763 1451/1876/1639
f 1451/1876/1639 1567/1877/1763 1452/1878/1640
f 1567/1877/1763 1568/1879/1764 1452/1878/1640
f 1449/1864/1637 1450/1874/1638 1533/1865/1725
f 1533/1865/1725 1450/1874/1638 1531/1880/1723
f 1450/1874/1638 1469/1880/1657 1531/1880/1723
f 1450/1874/1638 1448/1874/1636 1469/1880/1657
f 1448/1874/1636 1451/1876/1639 1469/1880/1657
f 1470/1881/1658 1469/1880/1657 1451/1876/1639
f 1522/1881/1713 1470/1881/1658 1451/1876/1639
f 1522/1881/1713 1451/1876/1639 1453/1876/1641
f 1454/1878/1642 1522/1881/1713 1453/1876/1641
f 1463/1882/1711 1522/1881/1713 1454/1878/1642
f 1462/1882/1650 1463/1882/1711 1454/1878/1642
f 1462/1882/1650 1454/1878/1642 1452/1878/1640
f 1569/1883/1765 1462/1882/1650 1452/1878/1640
f 1569/1883/1765 1459/1884/1647 1462/1882/1650
f 1460/1885/1648 1459/1884/1647 1569/1883/1765
f 1570/1886/1766 1460/1885/1648 1569/1883/1765
f 1495/1887/1683 1460/1885/1648 1570/1886/1766
f 1571/1888/1767 1495/1887/1683 1570/1886/1766
f 1495/1887/1683 1571/1888/1767 1496/1889/1684
f 1571/1888/1767 1500/1890/1688 1496/1889/1684
f 1569/1883/1765 1452/1878/1640 1568/1879/1764
f 1572/1891/1768 1569/1883/1765 1568/1879/1764
f 1570/1886/1766 1569/1883/1765 1572/1891/1768
f 1573/1892/1769 1570/1886/1766 1572/1891/1768
f 1571/1888/1767 1570/1886/1766 1573/1892/1769
f 1574/1893/1770 1571/1888/1767 1573/1892/1769
f 1571/1888/1767 1574/1893/1770 1500/1890/1688
f 1574/1893/1770 1490/1894/1678 1500/1890/1688
f 1574/1893/1770 1575/1895/1771 1490/1894/1678
f 1575/1895/1771 1489/1896/1677 1490/1894/1678
f 1575/1895/1771 1492/1897/1680 1489/1896/1677
f 1575/1895/1771 1479/1898/1667 1492/1897/1680
f 1479/1898/1667 1480/1898/1668 1492/1897/1680
f 1492/1897/1680 1480/1898/1668 1493/1897/1741
f 1480/1898/1668 1552/1854/1748 1493/1897/1741
f 1480/1898/1668 1478/1852/1666 1552/1854/1748
f 1478/1852/1666 1477/1852/1665 1552/1854/1748
f 1552/1854/1748 1477/1852/1665 1503/1854/1691
f 1475/1855/1663 1477/1852/1665 1558/1866/1754
f 1477/1852/1665 1576/1899/1772 1558/1866/1754
f 1477/1852/1665 1479/1898/1667 1576/1899/1772
f 1479/1898/1667 1577/1900/1773 1576/1899/1772
f 1479/1898/1667 1575/1895/1771 1577/1900/1773
f 1575/1895/1771 1578/1901/1774 1577/1900/1773
f 1575/1895/1771 1574/1893/1770 1578/1901/1774
f 1574/1893/1770 1573/1892/1769 1578/1901/1774
f 1458/1882/1714 1445/1902/1633 1444/1902/1632
f 1446/1903/1634 1458/1882/1714 1444/1902/1632
f 1516/1881/1704 1458/1882/1714 1446/1903/1634
f 1472/1881/1660 1516/1881/1704 1446/1903/1634
f 1472/1881/1660 1446/1903/1634 1443/1903/1631
f 1579/1904/1775 1472/1881/1660 1443/1903/1631
f 1471/1880/1659 1472/1881/1660 1579/1904/1775
f 1580/1905/1776 1471/1880/1659 1579/1904/1775
f 1514/1865/1702 1471/1880/1659 1580/1905/1776
f 1581/1906/1777 1514/1865/1702 1580/1905/1776
f 1512/1863/1700 1514/1865/1702 1581/1906/1777
f 1582/1907/1778 1512/1863/1700 1581/1906/1777
f 1509/1860/1697 1512/1863/1700 1582/1907/1778
f 1507/1858/1695 1509/1860/1697 1582/1907/1778
f 1507/1858/1695 1582/1907/1778 1583/1908/1779
f 1507/1858/1695 1583/1908/1779 1505/1856/1693
f 1583/1908/1779 1584/1909/1780 1505/1856/1693
f 1505/1856/1693 1584/1909/1780 1502/1853/1690
f 1584/1909/1780 1585/1910/1781 1502/1853/1690
f 1502/1853/1690 1585/1910/1781 1504/1854/1692
f 1585/1910/1781 1483/1911/1671 1504/1854/1692
f 1483/1911/1671 1484/1911/1672 1504/1854/1692
f 1484/1911/1672 1545/1854/1737 1504/1854/1692
f 1484/1911/1672 1488/1897/1738 1545/1854/1737
f 1484/1911/1672 1482/1912/1670 1488/1897/1738
f 1482/1912/1670 1481/1912/1669 1488/1897/1738
f 1488/1897/1738 1481/1912/1669 1487/1897/1675
f 1481/1912/1669 1485/1896/1673 1487/1897/1675
f 1481/1912/1669 1491/1894/1679 1485/1896/1673
f 1481/1912/1669 1586/1913/1782 1491/1894/1679
f 1586/1913/1782 1499/1890/1687 1491/1894/1679
f 1586/1913/1782 1587/1914/1783 1499/1890/1687
f 1587/1914/1783 1498/1889/1686 1499/1890/1687
f 1587/1914/1783 1588/1915/1784 1498/1889/1686
f 1588/1915/1784 1589/1916/1785 1498/1889/1686
f 1497/1887/1685 1498/1889/1686 1589/1916/1785
f 1497/1887/1685 1589/1916/1785 1590/1917/1786
f 1461/1885/1649 1497/1887/1685 1590/1917/1786
f 1461/1885/1649 1590/1917/1786 1445/1902/1633
f 1455/1884/1643 1461/1885/1649 1445/1902/1633
f 1456/1882/1644 1455/1884/1643 1445/1902/1633
f 1458/1882/1714 1456/1882/1644 1445/1902/1633
f 1506/1820/1694 1505/1822/1693 1591/1821/1787
f 1505/1822/1693 1592/1823/1788 1591/1821/1787
f 1505/1822/1693 1502/1824/1690 1592/1823/1788
f 1502/1824/1690 1593/1825/1789 1592/1823/1788
f 1502/1824/1690 1501/1826/1689 1593/1825/1789
f 1501/1826/1689 1553/1817/1749 1593/1825/1789
f 1593/1825/1789 1553/1817/1749 1594/1818/1790
f 1553/1817/1749 1554/1819/1750 1594/1818/1790
f 1594/1818/1790 1554/1819/1750 1506/1820/1694
f 1591/1821/1787 1594/1818/1790 1506/1820/1694
f 1593/1825/1789 1594/1818/1790 1591/1821/1787
f 1592/1823/1788 1593/1825/1789 1591/1821/1787
f 1595/1846/1791 1494/1848/1682 1596/1849/1792
f 1596/1849/1792 1494/1848/1682 1493/1850/1681
f 1493/1850/1681 1492/1839/1743 1596/1849/1792
f 1492/1839/1743 1597/1840/1793 1596/1849/1792
f 1492/1839/1743 1487/1841/1740 1597/1840/1793
f 1487/1841/1740 1488/1842/1676 1597/1840/1793
f 1488/1842/1676 1598/1843/1794 1597/1840/1793
f 1488/1842/1676 1486/1844/1674 1598/1843/1794
f 1486/1844/1674 1485/1845/1673 1598/1843/1794
f 1598/1843/1794 1485/1845/1673 1595/1846/1791
f 1485/1845/1673 1489/1847/1677 1595/1846/1791
f 1595/1846/1791 1489/1847/1677 1494/1848/1682
f 1598/1843/1794 1595/1846/1791 1597/1840/1793
f 1597/1840/1793 1595/1846/1791 1596/1849/1792
f 1599/1918/1795 1600/1919/1796 1601/1920/1797
f 1600/1919/1796 1602/1921/1798 1601/1920/1797
f 1601/1920/1797 1602/1921/1798 1603/1922/1799
f 1602/1921/1798 1604/1923/1800 1603/1922/1799
f 1603/1922/1799 1604/1923/1800 1605/1924/1801
f 1604/1923/1800 1606/1925/1802 1605/1924/1801
f 1605/1924/1801 1606/1925/1802 1607/1926/1803
f 1606/1925/1802 1608/1927/1804 1607/1926/1803
f 1609/1928/1805 1607/1926/1803 1608/1927/1804
f 1610/1929/1806 1609/1928/1805 1608/1927/1804
f 1611/1930/1807 1609/1928/1805 1610/1929/1806
f 1612/1931/1808 1611/1930/1807 1610/1929/1806
f 1613/1932/1809 1611/1930/1807 1612/1931/1808
f 1614/1933/1810 1613/1932/1809 1612/1931/1808
f 1615/1934/1811 1613/1932/1809 1614/1933/1810
f 1616/1935/1812 1615/1934/1811 1614/1933/1810
f 1617/1936/1813 1615/1934/1811 1616/1935/1812
f 1618/1937/1814 1617/1936/1813 1616/1935/1812
f 1599/1938/1795 1617/1936/1813 1618/1937/1814
f 1600/1939/1796 1599/1938/1795 1618/1937/1814
f 1606/1940/1802 1619/1941/1815 1608/1942/1804
f 1619/1941/1815 1610/1943/1806 1608/1942/1804
f 1619/1941/1815 1612/1944/1808 1610/1943/1806
f 1612/1944/1808 1619/1941/1815 1614/1945/1810
f 1619/1941/1815 1616/1946/1812 1614/1945/1810
f 1619/1941/1815 1618/1947/1814 1616/1946/1812
f 1618/1947/1814 1619/1941/1815 1600/1948/1796
f 1619/1941/1815 1602/1949/1798 1600/1948/1796
f 1619/1941/1815 1604/1950/1800 1602/1949/1798
f 1619/1941/1815 1606/1940/1802 1604/1950/1800
f 1607/1951/1803 1620/1941/1816 1605/1940/1801
f 1620/1941/1816 1603/1950/1799 1605/1940/1801
f 1620/1941/1816 1601/1949/1797 1603/1950/1799
f 1601/1949/1797 1620/1941/1816 1599/1948/1795
f 1620/1941/1816 1617/1947/1813 1599/1948/1795
f 1620/1941/1816 1615/1946/1811 1617/1947/1813
f 1615/1946/1811 1620/1941/1816 1613/1945/1809
f 1620/1941/1816 1611/1944/1807 1613/1945/1809
f 1620/1941/1816 1609/1943/1805 1611/1944/1807
f 1620/1941/1816 1607/1951/1803 1609/1943/1805
f 1621/1952/1817 1622/1953/1818 1623/1954/1819
f 1624/1955/1820 1621/1952/1817 1623/1954/1819
f 1621/1952/1817 1624/1955/1820 1625/1956/1821
f 1625/1956/1821 1624/1955/1820 1626/1957/1822
f 1624/1955/1820 1623/1954/1819 1626/1957/1822
f 1627/1958/1823 1628/1959/1824 1629/1960/1825
f 1630/1961/1826 1627/1958/1823 1629/1960/1825
f 1631/1962/1827 1630/1961/1826 1629/1960/1825
f 1622/1953/1818 1630/1961/1826 1631/1962/1827
f 1632/1963/1828 1622/1953/1818 1631/1962/1827
f 1623/1954/1819 1622/1953/1818 1632/1963/1828
f 1633/1964/1829 1623/1954/1819 1632/1963/1828
f 1626/1957/1822 1623/1954/1819 1633/1964/1829
f 1634/1965/1830 1626/1957/1822 1633/1964/1829
f 1625/1956/1821 1626/1957/1822 1634/1965/1830
f 1635/1966/1831 1625/1956/1821 1634/1965/1830
f 1621/1952/1817 1625/1956/1821 1635/1966/1831
f 1636/1967/1832 1621/1952/1817 1635/1966/1831
f 1621/1952/1817 1636/1967/1832 1622/1953/1818
f 1636/1967/1832 1630/1961/1826 1622/1953/1818
f 1636/1967/1832 1637/1968/1833 1630/1961/1826
f 1637/1968/1833 1627/1958/1823 1630/1961/1826
f 1637/1968/1833 1638/1969/1834 1627/1958/1823
f 1628/1959/1824 1631/1962/1827 1629/1960/1825
f 1638/1969/1834 1628/1959/1824 1627/1958/1823
f 1638/1969/1834 1639/1970/1835 1628/1959/1824
f 1628/1959/1824 1639/1970/1835 1631/1962/1827
f 1639/1970/1835 1632/1963/1828 1631/1962/1827
f 1639/1970/1835 1640/1971/1836 1632/1963/1828
f 1640/1971/1836 1633/1964/1829 1632/1963/1828
f 1640/1971/1836 1635/1966/1831 1633/1964/1829
f 1635/1966/1831 1634/1965/1830 1633/1964/1829
f 1638/1969/1834 1637/1968/1833 1639/1970/1835
f 1637/1968/1833 1640/1971/1836 1639/1970/1835
f 1637/1968/1833 1636/1967/1832 1640/1971/1836
f 1636/1967/1832 1635/1966/1831 1640/1971/1836
f 1641/1954/1837 1642/1953/1838 1643/1952/1839
f 1644/1955/1840 1641/1954/1837 1643/1952/1839
f 1641/1954/1837 1644/1955/1840 1645/1957/1841
f 1645/1957/1841 1644/1955/1840 1646/1956/1842
f 1644/1955/1840 1643/1952/1839 1646/1956/1842
f 1647/1959/1843 1648/1958/1844 1649/1960/1845
f 1650/1962/1846 1647/1959/1843 1649/1960/1845
f 1651/1961/1847 1650/1962/1846 1649/1960/1845
f 1642/1953/1838 1650/1962/1846 1651/1961/1847
f 1652/1967/1848 1642/1953/1838 1651/1961/1847
f 1643/1952/1839 1642/1953/1838 1652/1967/1848
f 1653/1966/1849 1643/1952/1839 1652/1967/1848
f 1646/1956/1842 1643/1952/1839 1653/1966/1849
f 1654/1965/1850 1646/1956/1842 1653/1966/1849
f 1645/1957/1841 1646/1956/1842 1654/1965/1850
f 1655/1964/1851 1645/1957/1841 1654/1965/1850
f 1641/1954/1837 1645/1957/1841 1655/1964/1851
f 1656/1963/1852 1641/1954/1837 1655/1964/1851
f 1641/1954/1837 1656/1963/1852 1642/1953/1838
f 1656/1963/1852 1650/1962/1846 1642/1953/1838
f 1656/1963/1852 1657/1970/1853 1650/1962/1846
f 1657/1970/1853 1647/1959/1843 1650/1962/1846
f 1657/1970/1853 1658/1969/1854 1647/1959/1843
f 1648/1958/1844 1651/1961/1847 1649/1960/1845
f 1658/1969/1854 1648/1958/1844 1647/1959/1843
f 1658/1969/1854 1659/1968/1855 1648/1958/1844
f 1648/1958/1844 1659/1968/1855 1651/1961/1847
f 1659/1968/1855 1652/1967/1848 1651/1961/1847
f 1659/1968/1855 1660/1971/1856 1652/1967/1848
f 1660/1971/1856 1653/1966/1849 1652/1967/1848
f 1660/1971/1856 1655/1964/1851 1653/1966/1849
f 1655/1964/1851 1654/1965/1850 1653/1966/1849
f 1658/1969/1854 1657/1970/1853 1659/1968/1855
f 1657/1970/1853 1660/1971/1856 1659/1968/1855
f 1657/1970/1853 1656/1963/1852 1660/1971/1856
f 1656/1963/1852 1655/1964/1851 1660/1971/1856
f 1661/1972/1857 1662/1973/1858 1663/1974/1859
f 1664/1975/1860 1665/1976/1861 1666/1977/1862
f 1666/1977/1862 1665/1976/1861 1667/1978/1863
f 1665/1976/1861 1668/1979/1864 1667/1978/1863
f 1669/1980/1865 1667/1978/1863 1668/1979/1864
f 1670/1981/1866 1667/1978/1863 1669/1980/1865
f 1670/1981/1866 1663/1974/1859 1667/1978/1863
f 1671/1982/1867 1663/1974/1859 1670/1981/1866
f 1671/1982/1867 1661/1972/1857 1663/1974/1859
f 1672/1983/1868 1661/1972/1857 1671/1982/1867
f 1672/1983/1868 1673/1984/1869 1661/1972/1857
f 1673/1984/1869 1662/1973/1858 1661/1972/1857
f 1673/1984/1869 1674/1985/1870 1662/1973/1858
f 1674/1985/1870 1666/1977/1862 1662/1973/1858
f 1663/1974/1859 1662/1973/1858 1666/1977/1862
f 1663/1974/1859 1666/1977/1862 1667/1978/1863
f 1664/1975/1860 1675/1986/1871 1676/1987/1872
f 1677/1988/1873 1664/1975/1860 1676/1987/1872
f 1664/1975/1860 1677/1988/1873 1665/1976/1861
f 1677/1988/1873 1678/1989/1874 1665/1976/1861
f 1665/1976/1861 1678/1989/1874 1668/1979/1864
f 1678/1989/1874 1679/1990/1875 1668/1979/1864
f 1679/1990/1875 1669/1980/1865 1668/1979/1864
f 1680/1991/1876 1669/1980/1865 1679/1990/1875
f 1680/1991/1876 1670/1981/1866 1669/1980/1865
f 1681/1992/1877 1670/1981/1866 1680/1991/1876
f 1681/1992/1877 1671/1982/1867 1670/1981/1866
f 1682/1993/1878 1671/1982/1867 1681/1992/1877
f 1682/1993/1878 1672/1983/1868 1671/1982/1867
f 1683/1994/1879 1672/1983/1868 1682/1993/1878
f 1683/1994/1879 1673/1984/1869 1672/1983/1868
f 1684/1995/1880 1673/1984/1869 1683/1994/1879
f 1685/1996/1881 1673/1984/1869 1684/1995/1880
f 1686/1997/1882 1685/1996/1881 1684/1995/1880
f 1687/1998/1883 1681/1992/1877 1680/1991/1876
f 1687/1998/1883 1680/1991/1876 1679/1990/1875
f 1676/1987/1872 1675/1986/1871 1688/1999/1884
f 1689/2000/1885 1690/2001/1886 1691/2002/1887
f 1689/2000/1885 1691/2002/1887 1692/2003/1888
f 1693/2004/1889 1689/2000/1885 1692/2003/1888
f 1693/2004/1889 1692/2003/1888 1694/2005/1890
f 1695/2006/1891 1693/2004/1889 1694/2005/1890
f 1695/2006/1891 1694/2005/1890 1679/1990/1875
f 1695/2006/1891 1679/1990/1875 1678/1989/1874
f 1677/1988/1873 1695/2006/1891 1678/1989/1874
f 1695/2006/1891 1677/1988/1873 1693/2004/1889
f 1677/1988/1873 1676/1987/1872 1693/2004/1889
f 1693/2004/1889 1676/1987/1872 1689/2000/1885
f 1676/1987/1872 1688/1999/1884 1689/2000/1885
f 1689/2000/1885 1688/1999/1884 1690/2001/1886
f 1688/1999/1884 1673/1984/1869 1690/2001/1886
f 1675/1986/1871 1673/1984/1869 1688/1999/1884
f 1674/1985/1870 1673/1984/1869 1675/1986/1871
f 1664/1975/1860 1674/1985/1870 1675/1986/1871
f 1674/1985/1870 1664/1975/1860 1666/1977/1862
f 1694/2005/1890 1692/2003/1888 1696/2007/1892
f 1694/2005/1890 1696/2007/1892 1679/1990/1875
f 1696/2007/1892 1697/2008/1893 1679/1990/1875
f 1696/2007/1892 1698/2009/1894 1697/2008/1893
f 1692/2003/1888 1698/2009/1894 1696/2007/1892
f 1692/2003/1888 1691/2002/1887 1698/2009/1894
f 1699/2010/1895 1700/2011/1896 1679/1990/1875
f 1697/2008/1893 1699/2010/1895 1679/1990/1875
f 1697/2008/1893 1701/2012/1897 1699/2010/1895
f 1698/2009/1894 1701/2012/1897 1697/2008/1893
f 1698/2009/1894 1702/2013/1898 1701/2012/1897
f 1691/2002/1887 1702/2013/1898 1698/2009/1894
f 1691/2002/1887 1703/2014/1899 1702/2013/1898
f 1703/2014/1899 1704/2015/1900 1702/2013/1898
f 1702/2013/1898 1704/2015/1900 1705/2016/1901
f 1702/2013/1898 1705/2016/1901 1701/2012/1897
f 1701/2012/1897 1705/2016/1901 1706/2017/1902
f 1701/2012/1897 1706/2017/1902 1699/2010/1895
f 1699/2010/1895 1706/2017/1902 1700/2011/1896
f 1707/2018/1903 1685/1996/1881 1686/1997/1882
f 1708/2019/1904 1707/2018/1903 1686/1997/1882
f 1707/2018/1903 1708/2019/1904 1709/2020/1905
f 1708/2019/1904 1710/2021/1906 1709/2020/1905
f 1709/2020/1905 1710/2021/1906 1711/2022/1907
f 1710/2021/1906 1679/1990/1875 1711/2022/1907
f 1679/1990/1875 1712/2023/1908 1711/2022/1907
f 1700/2011/1896 1712/2023/1908 1679/1990/1875
f 1700/2011/1896 1713/2024/1909 1712/2023/1908
f 1706/2017/1902 1713/2024/1909 1700/2011/1896
f 1706/2017/1902 1714/2025/1910 1713/2024/1909
f 1705/2016/1901 1714/2025/1910 1706/2017/1902
f 1705/2016/1901 1715/2026/1911 1714/2025/1910
f 1704/2015/1900 1715/2026/1911 1705/2016/1901
f 1673/1984/1869 1715/2026/1911 1704/2015/1900
f 1703/2014/1899 1673/1984/1869 1704/2015/1900
f 1690/2001/1886 1673/1984/1869 1703/2014/1899
f 1690/2001/1886 1703/2014/1899 1691/2002/1887
f 1716/2027/1912 1673/1984/1869 1685/1996/1881
f 1707/2018/1903 1716/2027/1912 1685/1996/1881
f 1716/2027/1912 1707/2018/1903 1717/2028/1913
f 1707/2018/1903 1709/2020/1905 1717/2028/1913
f 1717/2028/1913 1709/2020/1905 1718/2029/1914
f 1709/2020/1905 1711/2022/1907 1718/2029/1914
f 1712/2023/1908 1718/2029/1914 1711/2022/1907
f 1713/2024/1909 1718/2029/1914 1712/2023/1908
f 1713/2024/1909 1719/2030/1915 1718/2029/1914
f 1714/2025/1910 1719/2030/1915 1713/2024/1909
f 1714/2025/1910 1720/2031/1916 1719/2030/1915
f 1715/2026/1911 1720/2031/1916 1714/2025/1910
f 1715/2026/1911 1673/1984/1869 1720/2031/1916
f 1673/1984/1869 1721/2032/1917 1720/2031/1916
f 1673/1984/1869 1716/2027/1912 1721/2032/1917
f 1716/2027/1912 1717/2028/1913 1721/2032/1917
f 1719/2030/1915 1721/2032/1917 1717/2028/1913
f 1719/2030/1915 1717/2028/1913 1718/2029/1914
f 1720/2031/1916 1721/2032/1917 1719/2030/1915
f 1708/2019/1904 1686/1997/1882 1722/2033/1918
f 1723/2034/1919 1708/2019/1904 1722/2033/1918
f 1708/2019/1904 1723/2034/1919 1710/2021/1906
f 1723/2034/1919 1679/1990/1875 1710/2021/1906
f 1723/2034/1919 1724/2035/1920 1679/1990/1875
f 1724/2035/1920 1687/1998/1883 1679/1990/1875
f 1724/2035/1920 1725/2036/1921 1687/1998/1883
f 1725/2036/1921 1681/1992/1877 1687/1998/1883
f 1725/2036/1921 1682/1993/1878 1681/1992/1877
f 1726/2037/1922 1682/1993/1878 1725/2036/1921
f 1726/2037/1922 1683/1994/1879 1682/1993/1878
f 1726/2037/1922 1684/1995/1880 1683/1994/1879
f 1686/1997/1882 1684/1995/1880 1726/2037/1922
f 1722/2033/1918 1686/1997/1882 1726/2037/1922
f 1722/2033/1918 1726/2037/1922 1725/2036/1921
f 1722/2033/1918 1725/2036/1921 1724/2035/1920
f 1723/2034/1919 1722/2033/1918 1724/2035/1920
f 1727/2038/1923 1728/2039/1924 1729/2040/1925
f 1730/2041/1926 1728/2039/1924 1727/2038/1923
f 1731/2042/1927 1732/2043/1928 1733/2044/1929
f 1731/2042/1927 1734/2045/1930 1732/2043/1928
f 1735/2046/1931 1734/2045/1930 1731/2042/1927
f 1735/2046/1931 1736/2047/1932 1734/2045/1930
f 1735/2046/1931 1737/2048/1933 1736/2047/1932
f 1737/2048/1933 1729/2040/1925 1736/2047/1932
f 1738/2049/1934 1729/2040/1925 1737/2048/1933
f 1727/2038/1923 1729/2040/1925 1738/2049/1934
f 1739/2050/1935 1727/2038/1923 1738/2049/1934
f 1739/2050/1935 1730/2041/1926 1727/2038/1923
f 1740/2051/1936 1730/2041/1926 1739/2050/1935
f 1730/2041/1926 1740/2051/1936 1741/2052/1937
f 1740/2051/1936 1742/2053/1938 1741/2052/1937
f 1743/2054/1939 1741/2052/1937 1742/2053/1938
f 1744/2055/1940 1743/2054/1939 1742/2053/1938
f 1743/2054/1939 1744/2055/1940 1745/2056/1941
f 1745/2056/1941 1744/2055/1940 1746/2057/1942
f 1747/2058/1943 1745/2056/1941 1746/2057/1942
f 1748/2059/1944 1733/2044/1929 1744/2055/1940
f 1748/2059/1944 1731/2042/1927 1733/2044/1929
f 1749/2060/1945 1731/2042/1927 1748/2059/1944
f 1749/2060/1945 1735/2046/1931 1731/2042/1927
f 1749/2060/1945 1750/2061/1946 1735/2046/1931
f 1750/2061/1946 1737/2048/1933 1735/2046/1931
f 1750/2061/1946 1738/2049/1934 1737/2048/1933
f 1739/2050/1935 1738/2049/1934 1750/2061/1946
f 1751/2062/1947 1739/2050/1935 1750/2061/1946
f 1751/2062/1947 1740/2051/1936 1739/2050/1935
f 1752/2063/1948 1740/2051/1936 1751/2062/1947
f 1740/2051/1936 1752/2063/1948 1742/2053/1938
f 1752/2063/1948 1744/2055/1940 1742/2053/1938
f 1752/2063/1948 1753/2064/1949 1744/2055/1940
f 1753/2064/1949 1748/2059/1944 1744/2055/1940
f 1753/2064/1949 1749/2060/1945 1748/2059/1944
f 1753/2064/1949 1751/2062/1947 1749/2060/1945
f 1751/2062/1947 1750/2061/1946 1749/2060/1945
f 1753/2064/1949 1752/2063/1948 1751/2062/1947
f 1754/2065/1950 1747/2058/1943 1755/2066/1951
f 1756/2067/1952 1754/2065/1950 1755/2066/1951
f 1757/2068/1953 1756/2067/1952 1755/2066/1951
f 1757/2068/1953 1729/2040/1925 1756/2067/1952
f 1729/2040/1925 1758/2069/1954 1756/2067/1952
f 1729/2040/1925 1728/2039/1924 1758/2069/1954
f 1728/2039/1924 1759/2070/1955 1758/2069/1954
f 1728/2039/1924 1730/2041/1926 1759/2070/1955
f 1730/2041/1926 1741/2052/1937 1759/2070/1955
f 1760/2071/1956 1759/2070/1955 1741/2052/1937
f 1743/2054/1939 1760/2071/1956 1741/2052/1937
f 1760/2071/1956 1743/2054/1939 1745/2056/1941
f 1760/2071/1956 1745/2056/1941 1747/2058/1943
f 1754/2065/1950 1760/2071/1956 1747/2058/1943
f 1760/2071/1956 1754/2065/1950 1759/2070/1955
f 1754/2065/1950 1758/2069/1954 1759/2070/1955
f 1754/2065/1950 1756/2067/1952 1758/2069/1954
f 1747/2058/1943 1746/2057/1942 1761/2072/1957
f 1755/2066/1951 1747/2058/1943 1761/2072/1957
f 1762/2073/1958 1755/2066/1951 1761/2072/1957
f 1762/2073/1958 1757/2068/1953 1755/2066/1951
f 1762/2073/1958 1763/2074/1959 1757/2068/1953
f 1763/2074/1959 1729/2040/1925 1757/2068/1953
f 1764/2075/1960 1729/2040/1925 1763/2074/1959
f 1765/2076/1961 1764/2075/1960 1763/2074/1959
f 1765/2076/1961 1763/2074/1959 1762/2073/1958
f 1766/2077/1962 1765/2076/1961 1762/2073/1958
f 1766/2077/1962 1762/2073/1958 1761/2072/1957
f 1766/2077/1962 1761/2072/1957 1767/2078/1963
f 1767/2078/1963 1761/2072/1957 1746/2057/1942
f 1744/2055/1940 1767/2078/1963 1746/2057/1942
f 1768/2079/1964 1767/2078/1963 1744/2055/1940
f 1769/2080/1965 1768/2079/1964 1744/2055/1940
f 1768/2079/1964 1769/2080/1965 1770/2081/1966
f 1769/2080/1965 1771/2082/1967 1770/2081/1966
f 1768/2079/1964 1766/2077/1962 1767/2078/1963
f 1768/2079/1964 1770/2081/1966 1766/2077/1962
f 1770/2081/1966 1765/2076/1961 1766/2077/1962
f 1770/2081/1966 1772/2083/1968 1765/2076/1961
f 1772/2083/1968 1764/2075/1960 1765/2076/1961
f 1772/2083/1968 1773/2084/1969 1764/2075/1960
f 1773/2084/1969 1729/2040/1925 1764/2075/1960
f 1773/2084/1969 1774/2085/1970 1729/2040/1925
f 1729/2040/1925 1774/2085/1970 1775/2086/1971
f 1774/2085/1970 1776/2087/1972 1775/2086/1971
f 1776/2087/1972 1777/2088/1973 1775/2086/1971
f 1778/2089/1974 1777/2088/1973 1776/2087/1972
f 1778/2089/1974 1779/2090/1975 1777/2088/1973
f 1780/2091/1976 1779/2090/1975 1778/2089/1974
f 1781/2092/1977 1779/2090/1975 1780/2091/1976
f 1744/2055/1940 1781/2092/1977 1780/2091/1976
f 1744/2055/1940 1782/2093/1978 1781/2092/1977
f 1733/2044/1929 1782/2093/1978 1744/2055/1940
f 1733/2044/1929 1732/2043/1928 1782/2093/1978
f 1770/2081/1966 1771/2082/1967 1772/2083/1968
f 1771/2082/1967 1783/2094/1979 1772/2083/1968
f 1772/2083/1968 1783/2094/1979 1773/2084/1969
f 1783/2094/1979 1774/2085/1970 1773/2084/1969
f 1774/2085/1970 1783/2094/1979 1776/2087/1972
f 1783/2094/1979 1784/2095/1980 1776/2087/1972
f 1784/2095/1980 1778/2089/1974 1776/2087/1972
f 1785/2096/1981 1778/2089/1974 1784/2095/1980
f 1785/2096/1981 1780/2091/1976 1778/2089/1974
f 1744/2055/1940 1780/2091/1976 1785/2096/1981
f 1786/2097/1982 1744/2055/1940 1785/2096/1981
f 1769/2080/1965 1744/2055/1940 1786/2097/1982
f 1771/2082/1967 1769/2080/1965 1786/2097/1982
f 1771/2082/1967 1786/2097/1982 1784/2095/1980
f 1783/2094/1979 1771/2082/1967 1784/2095/1980
f 1786/2097/1982 1785/2096/1981 1784/2095/1980
f 1729/2040/1925 1775/2086/1971 1787/2098/1983
f 1777/2088/1973 1787/2098/1983 1775/2086/1971
f 1777/2088/1973 1788/2099/1984 1787/2098/1983
f 1779/2090/1975 1788/2099/1984 1777/2088/1973
f 1789/2100/1985 1788/2099/1984 1779/2090/1975
f 1781/2092/1977 1789/2100/1985 1779/2090/1975
f 1782/2093/1978 1789/2100/1985 1781/2092/1977
f 1732/2043/1928 1789/2100/1985 1782/2093/1978
f 1732/2043/1928 1790/2101/1986 1789/2100/1985
f 1734/2045/1930 1790/2101/1986 1732/2043/1928
f 1734/2045/1930 1791/2102/1987 1790/2101/1986
f 1736/2047/1932 1791/2102/1987 1734/2045/1930
f 1736/2047/1932 1729/2040/1925 1791/2102/1987
f 1729/2040/1925 1792/2103/1988 1791/2102/1987
f 1792/2103/1988 1729/2040/1925 1787/2098/1983
f 1792/2103/1988 1787/2098/1983 1788/2099/1984
f 1790/2101/1986 1792/2103/1988 1788/2099/1984
f 1790/2101/1986 1788/2099/1984 1789/2100/1985
f 1791/2102/1987 1792/2103/1988 1790/2101/1986
f 1793/2104/1989 1794/2105/1990 1795/2106/1991
f 1796/2107/1992 1793/2104/1989 1797/2108/1993
f 1796/2107/1992 1798/2109/1994 1793/2104/1989
f 1799/2110/1995 1800/2111/1996 1801/2112/1997
f 1801/2112/1997 1800/2111/1996 1802/2113/1998
f 1801/2112/1997 1802/2113/1998 1803/2114/1999
f 1803/2114/1999 1802/2113/1998 1793/2104/1989
f 1802/2113/1998 1804/2115/2000 1793/2104/1989
f 1793/2104/1989 1804/2115/2000 1797/2108/1993
f 1804/2115/2000 1805/2116/2001 1797/2108/1993
f 1806/2117/2002 1797/2108/1993 1805/2116/2001
f 1806/2117/2002 1796/2107/1992 1797/2108/1993
f 1807/2118/2003 1796/2107/1992 1806/2117/2002
f 1807/2118/2003 1798/2109/1994 1796/2107/1992
f 1798/2109/1994 1807/2118/2003 1808/2119/2004
f 1798/2109/1994 1808/2119/2004 1793/2104/1989
f 1793/2104/1989 1808/2119/2004 1809/2120/2005
f 1802/2113/1998 1800/2111/1996 1804/2115/2000
f 1794/2105/1990 1810/2121/2006 1811/2122/2007
f 1794/2105/1990 1811/2122/2007 1795/2106/1991
f 1795/2106/1991 1811/2122/2007 1812/2123/2008
f 1793/2104/1989 1795/2106/1991 1812/2123/2008
f 1813/2124/2009 1793/2104/1989 1812/2123/2008
f 1813/2124/2009 1814/2125/2010 1793/2104/1989
f 1814/2125/2010 1813/2124/2009 1815/2126/2011
f 1814/2125/2010 1815/2126/2011 1816/2127/2012
f 1816/2127/2012 1815/2126/2011 1817/2128/2013
f 1793/2104/1989 1816/2127/2012 1817/2128/2013
f 1818/2129/2014 1793/2104/1989 1817/2128/2013
f 1803/2114/1999 1793/2104/1989 1818/2129/2014
f 1819/2130/2015 1803/2114/1999 1818/2129/2014
f 1819/2130/2015 1801/2112/1997 1803/2114/1999
f 1820/2131/2016 1801/2112/1997 1819/2130/2015
f 1820/2131/2016 1799/2110/1995 1801/2112/1997
f 1799/2110/1995 1820/2131/2016 1810/2121/2006
f 1799/2110/1995 1810/2121/2006 1821/2132/2017
f 1793/2104/1989 1814/2125/2010 1816/2127/2012
f 1813/2124/2009 1812/2123/2008 1815/2126/2011
f 1811/2122/2007 1815/2126/2011 1812/2123/2008
f 1810/2121/2006 1815/2126/2011 1811/2122/2007
f 1820/2131/2016 1815/2126/2011 1810/2121/2006
f 1820/2131/2016 1822/2133/2018 1815/2126/2011
f 1822/2133/2018 1820/2131/2016 1819/2130/2015
f 1822/2133/2018 1819/2130/2015 1817/2128/2013
f 1819/2130/2015 1818/2129/2014 1817/2128/2013
f 1822/2133/2018 1817/2128/2013 1815/2126/2011
f 1793/2104/1989 1823/2134/2019 1824/2135/2020
f 1793/2104/1989 1825/2136/2021 1823/2134/2019
f 1793/2104/1989 1826/2137/2022 1825/2136/2021
f 1821/2132/2017 1810/2121/2006 1794/2105/1990
f 1821/2132/2017 1794/2105/1990 1827/2138/2023
f 1794/2105/1990 1793/2104/1989 1827/2138/2023
f 1827/2138/2023 1793/2104/1989 1828/2139/2024
f 1828/2139/2024 1793/2104/1989 1824/2135/2020
f 1828/2139/2024 1824/2135/2020 1829/2140/2025
f 1824/2135/2020 1823/2134/2019 1829/2140/2025
f 1823/2134/2019 1830/2141/2026 1829/2140/2025
f 1825/2136/2021 1830/2141/2026 1823/2134/2019
f 1825/2136/2021 1831/2142/2027 1830/2141/2026
f 1826/2137/2022 1831/2142/2027 1825/2136/2021
f 1826/2137/2022 1832/2143/2028 1831/2142/2027
f 1832/2143/2028 1826/2137/2022 1833/2144/2029
f 1832/2143/2028 1833/2144/2029 1834/2145/2030
f 1835/2146/2031 1834/2145/2030 1833/2144/2029
f 1836/2147/2032 1834/2145/2030 1835/2146/2031
f 1793/2104/1989 1836/2147/2032 1835/2146/2031
f 1793/2104/1989 1837/2148/2033 1836/2147/2032
f 1836/2147/2032 1837/2148/2033 1834/2145/2030
f 1793/2104/1989 1835/2146/2031 1838/2149/2034
f 1826/2137/2022 1793/2104/1989 1838/2149/2034
f 1826/2137/2022 1838/2149/2034 1833/2144/2029
f 1838/2149/2034 1835/2146/2031 1833/2144/2029
f 1839/2150/2035 1834/2145/2030 1840/2151/2036
f 1839/2150/2035 1832/2143/2028 1834/2145/2030
f 1832/2143/2028 1839/2150/2035 1841/2152/2037
f 1832/2143/2028 1841/2152/2037 1831/2142/2027
f 1831/2142/2027 1841/2152/2037 1842/2153/2038
f 1831/2142/2027 1842/2153/2038 1830/2141/2026
f 1830/2141/2026 1842/2153/2038 1843/2154/2039
f 1829/2140/2025 1830/2141/2026 1843/2154/2039
f 1844/2155/2040 1829/2140/2025 1843/2154/2039
f 1844/2155/2040 1828/2139/2024 1829/2140/2025
f 1844/2155/2040 1827/2138/2023 1828/2139/2024
f 1821/2132/2017 1827/2138/2023 1844/2155/2040
f 1845/2156/2041 1821/2132/2017 1844/2155/2040
f 1845/2156/2041 1799/2110/1995 1821/2132/2017
f 1845/2156/2041 1843/2154/2039 1846/2157/2042
f 1845/2156/2041 1844/2155/2040 1843/2154/2039
f 1843/2154/2039 1847/2158/2043 1846/2157/2042
f 1843/2154/2039 1842/2153/2038 1847/2158/2043
f 1837/2148/2033 1793/2104/1989 1809/2120/2005
f 1837/2148/2033 1809/2120/2005 1834/2145/2030
f 1809/2120/2005 1808/2119/2004 1834/2145/2030
f 1808/2119/2004 1840/2151/2036 1834/2145/2030
f 1807/2118/2003 1840/2151/2036 1808/2119/2004
f 1807/2118/2003 1839/2150/2035 1840/2151/2036
f 1839/2150/2035 1807/2118/2003 1806/2117/2002
f 1839/2150/2035 1806/2117/2002 1841/2152/2037
f 1841/2152/2037 1806/2117/2002 1805/2116/2001
f 1841/2152/2037 1805/2116/2001 1842/2153/2038
f 1848/2159/2044 1842/2153/2038 1805/2116/2001
f 1842/2153/2038 1848/2159/2044 1847/2158/2043
f 1847/2158/2043 1848/2159/2044 1849/2160/2045
f 1847/2158/2043 1849/2160/2045 1846/2157/2042
f 1850/2161/2046 1846/2157/2042 1849/2160/2045
f 1850/2161/2046 1845/2156/2041 1846/2157/2042
f 1845/2156/2041 1850/2161/2046 1800/2111/1996
f 1799/2110/1995 1845/2156/2041 1800/2111/1996
f 1851/2162/2047 1850/2161/2046 1849/2160/2045
f 1850/2161/2046 1851/2162/2047 1800/2111/1996
f 1800/2111/1996 1851/2162/2047 1852/2163/2048
f 1800/2111/1996 1852/2163/2048 1804/2115/2000
f 1804/2115/2000 1852/2163/2048 1805/2116/2001
f 1852/2163/2048 1849/2160/2045 1805/2116/2001
f 1848/2159/2044 1805/2116/2001 1849/2160/2045
f 1851/2162/2047 1849/2160/2045 1852/2163/2048
f 1853/2144/2049 1854/2149/2050 1855/2137/2051
f 1853/2144/2049 1856/2146/2052 1854/2149/2050
f 1856/2146/2052 1857/2104/2053 1854/2149/2050
f 1854/2149/2050 1857/2104/2053 1855/2137/2051
f 1857/2104/2053 1858/2136/2054 1855/2137/2051
f 1859/2140/2055 1860/2135/2056 1861/2139/2057
f 1860/2135/2056 1857/2104/2053 1861/2139/2057
f 1860/2135/2056 1862/2134/2058 1857/2104/2053
f 1857/2104/2053 1862/2134/2058 1858/2136/2054
f 1862/2134/2058 1863/2141/2059 1858/2136/2054
f 1858/2136/2054 1863/2141/2059 1864/2142/2060
f 1855/2137/2051 1858/2136/2054 1864/2142/2060
f 1865/2143/2061 1855/2137/2051 1864/2142/2060
f 1865/2143/2061 1853/2144/2049 1855/2137/2051
f 1865/2143/2061 1866/2145/2062 1853/2144/2049
f 1866/2145/2062 1856/2146/2052 1853/2144/2049
f 1866/2145/2062 1867/2147/2063 1856/2146/2052
f 1856/2146/2052 1867/2147/2063 1857/2104/2053
f 1867/2147/2063 1868/2148/2064 1857/2104/2053
f 1857/2104/2053 1868/2148/2064 1869/2120/2065
f 1866/2145/2062 1869/2120/2065 1868/2148/2064
f 1866/2145/2062 1870/2119/2066 1869/2120/2065
f 1870/2119/2066 1857/2104/2053 1869/2120/2065
f 1870/2119/2066 1871/2109/2067 1857/2104/2053
f 1867/2147/2063 1866/2145/2062 1868/2148/2064
f 1860/2135/2056 1859/2140/2055 1862/2134/2058
f 1862/2134/2058 1859/2140/2055 1863/2141/2059
f 1872/2153/2068 1864/2142/2060 1863/2141/2059
f 1873/2152/2069 1864/2142/2060 1872/2153/2068
f 1873/2152/2069 1865/2143/2061 1864/2142/2060
f 1874/2150/2070 1865/2143/2061 1873/2152/2069
f 1866/2145/2062 1865/2143/2061 1874/2150/2070
f 1866/2145/2062 1874/2150/2070 1875/2151/2071
f 1870/2119/2066 1866/2145/2062 1875/2151/2071
f 1870/2119/2066 1875/2151/2071 1876/2118/2072
f 1871/2109/2067 1870/2119/2066 1876/2118/2072
f 1871/2109/2067 1876/2118/2072 1877/2107/2073
f 1871/2109/2067 1877/2107/2073 1857/2104/2053
f 1878/2108/2074 1857/2104/2053 1877/2107/2073
f 1879/2115/2075 1857/2104/2053 1878/2108/2074
f 1880/2116/2076 1879/2115/2075 1878/2108/2074
f 1879/2115/2075 1880/2116/2076 1881/2163/2077
f 1880/2116/2076 1882/2160/2078 1881/2163/2077
f 1881/2163/2077 1882/2160/2078 1883/2162/2079
f 1884/2161/2080 1883/2162/2079 1882/2160/2078
f 1879/2115/2075 1885/2113/2081 1857/2104/2053
f 1885/2113/2081 1879/2115/2075 1886/2111/2082
f 1879/2115/2075 1881/2163/2077 1886/2111/2082
f 1886/2111/2082 1881/2163/2077 1883/2162/2079
f 1880/2116/2076 1878/2108/2074 1887/2117/2083
f 1887/2117/2083 1878/2108/2074 1877/2107/2073
f 1876/2118/2072 1887/2117/2083 1877/2107/2073
f 1888/2157/2084 1884/2161/2080 1882/2160/2078
f 1888/2157/2084 1889/2156/2085 1884/2161/2080
f 1890/2138/2086 1891/2105/2087 1892/2132/2088
f 1893/2155/2089 1890/2138/2086 1892/2132/2088
f 1892/2132/2088 1889/2156/2085 1893/2155/2089
f 1889/2156/2085 1894/2154/2090 1893/2155/2089
f 1889/2156/2085 1888/2157/2084 1894/2154/2090
f 1888/2157/2084 1895/2158/2091 1894/2154/2090
f 1888/2157/2084 1882/2160/2078 1895/2158/2091
f 1882/2160/2078 1896/2159/2092 1895/2158/2091
f 1882/2160/2078 1880/2116/2076 1896/2159/2092
f 1880/2116/2076 1872/2153/2068 1896/2159/2092
f 1880/2116/2076 1873/2152/2069 1872/2153/2068
f 1873/2152/2069 1880/2116/2076 1887/2117/2083
f 1874/2150/2070 1873/2152/2069 1887/2117/2083
f 1876/2118/2072 1874/2150/2070 1887/2117/2083
f 1875/2151/2071 1874/2150/2070 1876/2118/2072
f 1894/2154/2090 1895/2158/2091 1872/2153/2068
f 1895/2158/2091 1896/2159/2092 1872/2153/2068
f 1884/2161/2080 1886/2111/2082 1883/2162/2079
f 1889/2156/2085 1886/2111/2082 1884/2161/2080
f 1897/2110/2093 1886/2111/2082 1889/2156/2085
f 1892/2132/2088 1897/2110/2093 1889/2156/2085
f 1898/2121/2094 1897/2110/2093 1892/2132/2088
f 1891/2105/2087 1898/2121/2094 1892/2132/2088
f 1898/2121/2094 1891/2105/2087 1899/2122/2095
f 1898/2121/2094 1899/2122/2095 1900/2126/2096
f 1901/2131/2097 1898/2121/2094 1900/2126/2096
f 1901/2131/2097 1900/2126/2096 1902/2133/2098
f 1901/2131/2097 1902/2133/2098 1903/2130/2099
f 1902/2133/2098 1904/2128/2100 1903/2130/2099
f 1904/2128/2100 1905/2129/2101 1903/2130/2099
f 1904/2128/2100 1857/2104/2053 1905/2129/2101
f 1857/2104/2053 1906/2114/2102 1905/2129/2101
f 1885/2113/2081 1906/2114/2102 1857/2104/2053
f 1885/2113/2081 1907/2112/2103 1906/2114/2102
f 1907/2112/2103 1885/2113/2081 1886/2111/2082
f 1897/2110/2093 1907/2112/2103 1886/2111/2082
f 1901/2131/2097 1907/2112/2103 1897/2110/2093
f 1898/2121/2094 1901/2131/2097 1897/2110/2093
f 1906/2114/2102 1903/2130/2099 1905/2129/2101
f 1907/2112/2103 1903/2130/2099 1906/2114/2102
f 1907/2112/2103 1901/2131/2097 1903/2130/2099
f 1900/2126/2096 1904/2128/2100 1902/2133/2098
f 1900/2126/2096 1908/2127/2104 1904/2128/2100
f 1908/2127/2104 1857/2104/2053 1904/2128/2100
f 1908/2127/2104 1909/2125/2105 1857/2104/2053
f 1909/2125/2105 1910/2124/2106 1857/2104/2053
f 1909/2125/2105 1900/2126/2096 1910/2124/2106
f 1900/2126/2096 1911/2123/2107 1910/2124/2106
f 1900/2126/2096 1899/2122/2095 1911/2123/2107
f 1899/2122/2095 1912/2106/2108 1911/2123/2107
f 1899/2122/2095 1891/2105/2087 1912/2106/2108
f 1891/2105/2087 1857/2104/2053 1912/2106/2108
f 1891/2105/2087 1890/2138/2086 1857/2104/2053
f 1890/2138/2086 1861/2139/2057 1857/2104/2053
f 1890/2138/2086 1893/2155/2089 1861/2139/2057
f 1893/2155/2089 1859/2140/2055 1861/2139/2057
f 1893/2155/2089 1894/2154/2090 1859/2140/2055
f 1894/2154/2090 1863/2141/2059 1859/2140/2055
f 1894/2154/2090 1872/2153/2068 1863/2141/2059
f 1910/2124/2106 1911/2123/2107 1857/2104/2053
f 1911/2123/2107 1912/2106/2108 1857/2104/2053
f 1908/2127/2104 1900/2126/2096 1909/2125/2105
f 1913/2164/2109 1914/2165/2110 1915/2166/2111
f 1914/2165/2110 1916/2167/2112 1915/2166/2111
f 1917/2168/2113 1915/2166/2111 1916/2167/2112
f 1913/2164/2109 1915/2166/2111 1917/2168/2113
f 1918/2169/2114 1913/2164/2109 1917/2168/2113
f 1919/2170/2115 1920/2171/2116 1921/2172/2117
f 1919/2170/2115 1921/2172/2117 1922/2173/2118
f 1919/2170/2115 1922/2173/2118 1923/2174/2119
f 1922/2173/2118 1924/2175/2120 1923/2174/2119
f 1923/2174/2119 1924/2175/2120 1925/2176/2121
f 1924/2175/2120 1926/2177/2122 1925/2176/2121
f 1925/2176/2121 1926/2177/2122 1927/2178/2123
f 1928/2179/2124 1927/2178/2123 1926/2177/2122
f 1928/2179/2124 1920/2171/2116 1927/2178/2123
f 1928/2179/2124 1929/2180/2125 1920/2171/2116
f 1929/2180/2125 1930/2181/2126 1920/2171/2116
f 1929/2180/2125 1931/2182/2127 1930/2181/2126
f 1918/2169/2114 1930/2181/2126 1931/2182/2127
f 1932/2183/2128 1918/2169/2114 1931/2182/2127
f 1913/2164/2109 1918/2169/2114 1932/2183/2128
f 1933/2184/2129 1913/2164/2109 1932/2183/2128
f 1914/2165/2110 1913/2164/2109 1933/2184/2129
f 1934/2185/2130 1914/2165/2110 1933/2184/2129
f 1919/2170/2115 1923/2174/2119 1935/2186/2131
f 1923/2174/2119 1925/2176/2121 1935/2186/2131
f 1925/2176/2121 1927/2178/2123 1935/2186/2131
f 1920/2171/2116 1935/2186/2131 1927/2178/2123
f 1920/2171/2116 1919/2170/2115 1935/2186/2131
f 1936/2187/2132 1928/2179/2124 1926/2177/2122
f 1928/2179/2124 1936/2187/2132 1929/2180/2125
f 1936/2187/2132 1931/2182/2127 1929/2180/2125
f 1931/2182/2127 1936/2187/2132 1924/2175/2120
f 1936/2187/2132 1926/2177/2122 1924/2175/2120
f 1914/2165/2110 1934/2185/2130 1916/2167/2112
f 1934/2185/2130 1937/2188/2133 1916/2167/2112
f 1917/2168/2113 1916/2167/2112 1937/2188/2133
f 1938/2189/2134 1917/2168/2113 1937/2188/2133
f 1918/2169/2114 1917/2168/2113 1938/2189/2134
f 1930/2181/2126 1918/2169/2114 1938/2189/2134
f 1930/2181/2126 1938/2189/2134 1939/2190/2135
f 1920/2171/2116 1930/2181/2126 1939/2190/2135
f 1920/2171/2116 1939/2190/2135 1921/2172/2117
f 1921/2172/2117 1939/2190/2135 1940/2191/2136
f 1921/2172/2117 1940/2191/2136 1922/2173/2118
f 1922/2173/2118 1940/2191/2136 1924/2175/2120
f 1940/2191/2136 1941/2192/2137 1924/2175/2120
f 1931/2182/2127 1924/2175/2120 1941/2192/2137
f 1932/2183/2128 1931/2182/2127 1941/2192/2137
f 1932/2183/2128 1941/2192/2137 1942/2193/2138
f 1933/2184/2129 1932/2183/2128 1942/2193/2138
f 1933/2184/2129 1942/2193/2138 1937/2188/2133
f 1934/2185/2130 1933/2184/2129 1937/2188/2133
f 1940/2191/2136 1939/2190/2135 1941/2192/2137
f 1939/2190/2135 1942/2193/2138 1941/2192/2137
f 1939/2190/2135 1938/2189/2134 1942/2193/2138
f 1938/2189/2134 1937/2188/2133 1942/2193/2138
f 1943/2194/2139 1944/2195/2140 1945/2196/2141
f 1944/2195/2140 1946/2197/2142 1945/2196/2141
f 1947/2198/2143 1946/2197/2142 1944/2195/2140
f 1947/2198/2143 1948/2199/2144 1946/2197/2142
f 1948/2199/2144 1949/2200/2145 1946/2197/2142
f 1948/2199/2144 1950/2201/2146 1949/2200/2145
f 1951/2202/2147 1950/2201/2146 1948/2199/2144
f 1947/2198/2143 1951/2202/2147 1948/2199/2144
f 1951/2202/2147 1947/2198/2143 1952/2203/2148
f 1952/2203/2148 1947/2198/2143 1944/2195/2140
f 1952/2203/2148 1944/2195/2140 1953/2204/2149
f 1953/2204/2149 1944/2195/2140 1943/2194/2139
f 1954/2205/2150 1953/2204/2149 1943/2194/2139
f 1955/2206/2151 1953/2204/2149 1954/2205/2150
f 1956/2207/2152 1955/2206/2151 1954/2205/2150
f 1957/2208/2153 1955/2206/2151 1956/2207/2152
f 1958/2209/2154 1957/2208/2153 1956/2207/2152
f 1959/2210/2155 1957/2208/2153 1958/2209/2154
f 1960/2211/2156 1959/2210/2155 1958/2209/2154
f 1961/2212/2157 1959/2210/2155 1960/2211/2156
f 1962/2213/2158 1961/2212/2157 1960/2211/2156
f 1963/2214/2159 1961/2212/2157 1962/2213/2158
f 1951/2202/2147 1952/2203/2148 1964/2215/2160
f 1964/2215/2160 1952/2203/2148 1953/2204/2149
f 1964/2215/2160 1953/2204/2149 1955/2206/2151
f 1951/2202/2147 1965/2216/2161 1966/2217/2162
f 1965/2216/2161 1951/2202/2147 1964/2215/2160
f 1965/2216/2161 1964/2215/2160 1967/2218/2163
f 1967/2218/2163 1964/2215/2160 1955/2206/2151
f 1967/2218/2163 1955/2206/2151 1957/2208/2153
f 1968/2219/2164 1969/2220/2165 1970/2221/2166
f 1969/2220/2165 1962/2213/2158 1970/2221/2166
f 1970/2221/2166 1962/2213/2158 1971/2222/2167
f 1962/2213/2158 1960/2211/2156 1971/2222/2167
f 1971/2222/2167 1960/2211/2156 1972/2223/2168
f 1960/2211/2156 1958/2209/2154 1972/2223/2168
f 1972/2223/2168 1958/2209/2154 1973/2224/2169
f 1958/2209/2154 1956/2207/2152 1973/2224/2169
f 1973/2224/2169 1956/2207/2152 1974/2225/2170
f 1956/2207/2152 1954/2205/2150 1974/2225/2170
f 1974/2225/2170 1954/2205/2150 1975/2226/2171
f 1954/2205/2150 1943/2194/2139 1975/2226/2171
f 1975/2226/2171 1943/2194/2139 1976/2227/2172
f 1943/2194/2139 1945/2196/2141 1976/2227/2172
f 1976/2227/2172 1945/2196/2141 1977/2228/2173
f 1945/2196/2141 1978/2229/2174 1977/2228/2173
f 1945/2196/2141 1946/2197/2142 1978/2229/2174
f 1946/2197/2142 1949/2200/2145 1978/2229/2174
f 1976/2227/2172 1977/2228/2173 1979/2230/2175
f 1980/2231/2176 1976/2227/2172 1979/2230/2175
f 1975/2226/2171 1976/2227/2172 1980/2231/2176
f 1981/2232/2177 1975/2226/2171 1980/2231/2176
f 1974/2225/2170 1975/2226/2171 1981/2232/2177
f 1982/2233/2178 1974/2225/2170 1981/2232/2177
f 1973/2224/2169 1974/2225/2170 1982/2233/2178
f 1983/2234/2179 1973/2224/2169 1982/2233/2178
f 1972/2223/2168 1973/2224/2169 1983/2234/2179
f 1984/2235/2180 1972/2223/2168 1983/2234/2179
f 1971/2222/2167 1972/2223/2168 1984/2235/2180
f 1985/2236/2181 1971/2222/2167 1984/2235/2180
f 1970/2221/2166 1971/2222/2167 1985/2236/2181
f 1986/2237/2182 1970/2221/2166 1985/2236/2181
f 1968/2219/2164 1970/2221/2166 1986/2237/2182
f 1987/2238/2183 1968/2219/2164 1986/2237/2182
f 1987/2238/2183 1988/2239/2184 1968/2219/2164
f 1988/2239/2184 1987/2238/2183 1989/2240/2185
f 1988/2239/2184 1989/2240/2185 1990/2241/2186
f 1986/2237/2182 1985/2236/2181 1991/2242/2187
f 1991/2242/2187 1985/2236/2181 1992/2243/2188
f 1985/2236/2181 1984/2235/2180 1992/2243/2188
f 1992/2243/2188 1984/2235/2180 1993/2244/2189
f 1984/2235/2180 1983/2234/2179 1993/2244/2189
f 1993/2244/2189 1983/2234/2179 1994/2245/2190
f 1983/2234/2179 1982/2233/2178 1994/2245/2190
f 1994/2245/2190 1982/2233/2178 1995/2246/2191
f 1982/2233/2178 1981/2232/2177 1995/2246/2191
f 1995/2246/2191 1981/2232/2177 1996/2247/2192
f 1981/2232/2177 1980/2231/2176 1996/2247/2192
f 1996/2247/2192 1980/2231/2176 1997/2248/2193
f 1980/2231/2176 1979/2230/2175 1997/2248/2193
f 1997/2248/2193 1979/2230/2175 1998/2249/2194
f 1999/2250/2195 2000/2251/2196 2001/2252/2197
f 2001/2252/2197 2000/2251/2196 2002/2253/2198
f 2001/2252/2197 2002/2253/2198 2003/2254/2199
f 2004/2255/2200 2003/2254/2199 2002/2253/2198
f 2004/2255/2200 2002/2253/2198 2005/2256/2201
f 2006/2257/2202 2004/2255/2200 2005/2256/2201
f 2006/2257/2202 2005/2256/2201 2007/2258/2203
f 2008/2259/2204 2006/2257/2202 2007/2258/2203
f 2008/2259/2204 2007/2258/2203 2009/2260/2205
f 2010/2261/2206 2008/2259/2204 2009/2260/2205
f 2010/2261/2206 2009/2260/2205 2011/2262/2207
f 2012/2263/2208 2010/2261/2206 2011/2262/2207
f 2012/2263/2208 2011/2262/2207 1989/2240/2185
f 2013/2264/2209 2012/2263/2208 1989/2240/2185
f 1987/2238/2183 2013/2264/2209 1989/2240/2185
f 2013/2264/2209 1987/2238/2183 2014/2265/2210
f 1987/2238/2183 1986/2237/2182 2014/2265/2210
f 2014/2265/2210 1986/2237/2182 1991/2242/2187
f 1989/2240/2185 2011/2262/2207 1990/2241/2186
f 2011/2262/2207 2015/2266/2211 1990/2241/2186
f 2011/2262/2207 2009/2260/2205 2015/2266/2211
f 2009/2260/2205 2016/2267/2212 2015/2266/2211
f 2009/2260/2205 2007/2258/2203 2016/2267/2212
f 2007/2258/2203 2017/2268/2213 2016/2267/2212
f 2007/2258/2203 2005/2256/2201 2017/2268/2213
f 2005/2256/2201 2018/2269/2214 2017/2268/2213
f 2005/2256/2201 2002/2253/2198 2018/2269/2214
f 2000/2251/2196 2018/2269/2214 2002/2253/2198
f 2000/2251/2196 2019/2270/2215 2018/2269/2214
f 2020/2271/2216 2019/2270/2215 2000/2251/2196
f 2020/2271/2216 2021/2272/2217 2019/2270/2215
f 2022/2273/2218 2021/2272/2217 2020/2271/2216
f 2023/2274/2219 2021/2272/2217 2022/2273/2218
f 2024/2275/2220 2023/2274/2219 2022/2273/2218
f 1951/2202/2147 2023/2274/2219 2024/2275/2220
f 2023/2274/2219 1951/2202/2147 2025/2276/2221
f 2021/2272/2217 2026/2277/2222 2019/2270/2215
f 2025/2276/2221 2026/2277/2222 2021/2272/2217
f 2023/2274/2219 2025/2276/2221 2021/2272/2217
f 2015/2266/2211 2016/2267/2212 2027/2278/2223
f 2016/2267/2212 2028/2279/2224 2027/2278/2223
f 2027/2278/2223 2028/2279/2224 2029/2280/2225
f 2028/2279/2224 2030/2281/2226 2029/2280/2225
f 2029/2280/2225 2030/2281/2226 2031/2282/2227
f 2032/2283/2228 2031/2282/2227 2030/2281/2226
f 2026/2277/2222 2032/2283/2228 2030/2281/2226
f 2026/2277/2222 2030/2281/2226 2033/2284/2229
f 2019/2270/2215 2026/2277/2222 2033/2284/2229
f 2019/2270/2215 2033/2284/2229 2018/2269/2214
f 2017/2268/2213 2018/2269/2214 2033/2284/2229
f 2017/2268/2213 2033/2284/2229 2028/2279/2224
f 2016/2267/2212 2017/2268/2213 2028/2279/2224
f 2028/2279/2224 2033/2284/2229 2030/2281/2226
f 1951/2202/2147 1966/2217/2162 2025/2276/2221
f 2025/2276/2221 1966/2217/2162 2026/2277/2222
f 1966/2217/2162 2034/2285/2230 2026/2277/2222
f 2026/2277/2222 2034/2285/2230 2032/2283/2228
f 2034/2285/2230 2035/2286/2231 2032/2283/2228
f 2032/2283/2228 2035/2286/2231 2031/2282/2227
f 2035/2286/2231 2036/2287/2232 2031/2282/2227
f 2029/2280/2225 2031/2282/2227 2036/2287/2232
f 2037/2288/2233 2029/2280/2225 2036/2287/2232
f 2027/2278/2223 2029/2280/2225 2037/2288/2233
f 2038/2289/2234 2027/2278/2223 2037/2288/2233
f 2015/2266/2211 2027/2278/2223 2038/2289/2234
f 1990/2241/2186 2015/2266/2211 2038/2289/2234
f 2039/2290/2235 1990/2241/2186 2038/2289/2234
f 2039/2290/2235 1988/2239/2184 1990/2241/2186
f 1988/2239/2184 2039/2290/2235 2040/2291/2236
f 1988/2239/2184 2040/2291/2236 1968/2219/2164
f 1968/2219/2164 2040/2291/2236 1969/2220/2165
f 1969/2220/2165 1963/2214/2159 1962/2213/2158
f 1969/2220/2165 2041/2292/2237 1963/2214/2159
f 2040/2291/2236 2041/2292/2237 1969/2220/2165
f 2040/2291/2236 2042/2293/2238 2041/2292/2237
f 2039/2290/2235 2042/2293/2238 2040/2291/2236
f 2039/2290/2235 2043/2294/2239 2042/2293/2238
f 2043/2294/2239 2039/2290/2235 2038/2289/2234
f 2043/2294/2239 2038/2289/2234 2037/2288/2233
f 2044/2295/2240 2043/2294/2239 2037/2288/2233
f 2044/2295/2240 2037/2288/2233 2036/2287/2232
f 2035/2286/2231 2044/2295/2240 2036/2287/2232
f 2044/2295/2240 2035/2286/2231 2045/2296/2241
f 2045/2296/2241 2035/2286/2231 2046/2297/2242
f 2042/2293/2238 2045/2296/2241 2046/2297/2242
f 2042/2293/2238 2046/2297/2242 2041/2292/2237
f 2041/2292/2237 2046/2297/2242 2047/2298/2243
f 2041/2292/2237 2047/2298/2243 1963/2214/2159
f 1963/2214/2159 2047/2298/2243 2048/2299/2244
f 2043/2294/2239 2045/2296/2241 2042/2293/2238
f 2043/2294/2239 2044/2295/2240 2045/2296/2241
f 1963/2214/2159 2048/2299/2244 1961/2212/2157
f 2048/2299/2244 2049/2300/2245 1961/2212/2157
f 1961/2212/2157 2049/2300/2245 1959/2210/2155
f 2049/2300/2245 2050/2301/2246 1959/2210/2155
f 1959/2210/2155 2050/2301/2246 1957/2208/2153
f 2051/2302/2247 1957/2208/2153 2050/2301/2246
f 2051/2302/2247 1967/2218/2163 1957/2208/2153
f 2052/2303/2248 1967/2218/2163 2051/2302/2247
f 2052/2303/2248 1965/2216/2161 1967/2218/2163
f 1965/2216/2161 2052/2303/2248 2053/2304/2249
f 1965/2216/2161 2053/2304/2249 1966/2217/2162
f 1966/2217/2162 2053/2304/2249 2034/2285/2230
f 2053/2304/2249 2035/2286/2231 2034/2285/2230
f 2053/2304/2249 2052/2303/2248 2035/2286/2231
f 2052/2303/2248 2051/2302/2247 2035/2286/2231
f 2035/2286/2231 2051/2302/2247 2050/2301/2246
f 2035/2286/2231 2050/2301/2246 2049/2300/2245
f 2048/2299/2244 2035/2286/2231 2049/2300/2245
f 2047/2298/2243 2035/2286/2231 2048/2299/2244
f 2046/2297/2242 2035/2286/2231 2047/2298/2243
f 2054/2305/2250 2055/2306/2251 2056/2307/2252
f 2057/2308/2253 2058/2309/2254 2054/2305/2250
f 2058/2309/2254 2055/2306/2251 2054/2305/2250
f 2058/2309/2254 2059/2310/2255 2055/2306/2251
f 2060/2311/2256 2061/2312/2257 2057/2308/2253
f 2061/2312/2257 2058/2309/2254 2057/2308/2253
f 2061/2312/2257 2062/2313/2258 2058/2309/2254
f 2062/2313/2258 2059/2310/2255 2058/2309/2254
f 2062/2313/2258 2063/2314/2259 2059/2310/2255
f 2064/2315/2260 2065/2316/2261 2060/2311/2256
f 2065/2316/2261 2061/2312/2257 2060/2311/2256
f 2065/2316/2261 2066/2317/2262 2061/2312/2257
f 2066/2317/2262 2062/2313/2258 2061/2312/2257
f 2066/2317/2262 2067/2318/2263 2062/2313/2258
f 2067/2318/2263 2063/2314/2259 2062/2313/2258
f 2067/2318/2263 2068/2319/2264 2063/2314/2259
f 1998/2249/2194 2069/2320/2265 2064/2315/2260
f 2069/2320/2265 2065/2316/2261 2064/2315/2260
f 2069/2320/2265 2070/2321/2266 2065/2316/2261
f 2070/2321/2266 2066/2317/2262 2065/2316/2261
f 2070/2321/2266 2071/2322/2267 2066/2317/2262
f 2071/2322/2267 2067/2318/2263 2066/2317/2262
f 2071/2322/2267 2072/2323/2268 2067/2318/2263
f 2072/2323/2268 2068/2319/2264 2067/2318/2263
f 2073/2324/2269 2068/2319/2264 2072/2323/2268
f 2073/2324/2269 2074/2325/2270 2068/2319/2264
f 2074/2325/2270 2075/2326/2271 2068/2319/2264
f 2068/2319/2264 2075/2326/2271 2063/2314/2259
f 2063/2314/2259 2075/2326/2271 2076/2327/2272
f 2063/2314/2259 2076/2327/2272 2059/2310/2255
f 2059/2310/2255 2076/2327/2272 1999/2250/2195
f 2059/2310/2255 1999/2250/2195 2055/2306/2251
f 2055/2306/2251 1999/2250/2195 2001/2252/2197
f 2055/2306/2251 2001/2252/2197 2056/2307/2252
f 2056/2307/2252 2001/2252/2197 2003/2254/2199
f 1979/2230/2175 2069/2320/2265 1998/2249/2194
f 1979/2230/2175 1977/2228/2173 2069/2320/2265
f 1977/2228/2173 2070/2321/2266 2069/2320/2265
f 1977/2228/2173 1978/2229/2174 2070/2321/2266
f 1978/2229/2174 2071/2322/2267 2070/2321/2266
f 1978/2229/2174 1949/2200/2145 2071/2322/2267
f 1949/2200/2145 2072/2323/2268 2071/2322/2267
f 1950/2201/2146 2072/2323/2268 1949/2200/2145
f 1950/2201/2146 2073/2324/2269 2072/2323/2268
f 1951/2202/2147 2073/2324/2269 1950/2201/2146
f 2073/2324/2269 1951/2202/2147 2074/2325/2270
f 1951/2202/2147 2024/2275/2220 2074/2325/2270
f 2074/2325/2270 2024/2275/2220 2075/2326/2271
f 2024/2275/2220 2022/2273/2218 2075/2326/2271
f 2075/2326/2271 2022/2273/2218 2076/2327/2272
f 2076/2327/2272 2022/2273/2218 2020/2271/2216
f 2076/2327/2272 2020/2271/2216 1999/2250/2195
f 1999/2250/2195 2020/2271/2216 2000/2251/2196
f 2077/2328/2273 2013/2329/2209 2014/2330/2210
f 2077/2328/2273 2014/2330/2210 1991/2331/2187
f 1992/2332/2188 2077/2328/2273 1991/2331/2187
f 2078/2333/2274 2077/2328/2273 1992/2332/2188
f 1993/2334/2189 2078/2333/2274 1992/2332/2188
f 1993/2334/2189 1994/2335/2190 2078/2333/2274
f 1994/2335/2190 1995/2336/2191 2078/2333/2274
f 2078/2333/2274 1995/2336/2191 1996/2337/2192
f 2078/2333/2274 1996/2337/2192 1997/2338/2193
f 2078/2333/2274 1997/2338/2193 1998/2339/2194
f 2064/2340/2260 2078/2333/2274 1998/2339/2194
f 2078/2333/2274 2064/2340/2260 2060/2341/2256
f 2078/2333/2274 2060/2341/2256 2057/2342/2253
f 2054/2343/2250 2078/2333/2274 2057/2342/2253
f 2078/2333/2274 2054/2343/2250 2077/2328/2273
f 2054/2343/2250 2056/2344/2252 2077/2328/2273
f 2077/2328/2273 2056/2344/2252 2003/2345/2199
f 2077/2328/2273 2003/2345/2199 2004/2346/2200
f 2077/2328/2273 2004/2346/2200 2006/2347/2202
f 2008/2348/2204 2077/2328/2273 2006/2347/2202
f 2077/2328/2273 2008/2348/2204 2010/2349/2206
f 2077/2328/2273 2010/2349/2206 2012/2350/2208
f 2013/2329/2209 2077/2328/2273 2012/2350/2208
f 2079/2276/2275 2080/2202/2276 2081/2274/2277
f 2082/2217/2278 2080/2202/2276 2079/2276/2275
f 2080/2202/2276 2083/2275/2279 2081/2274/2277
f 2084/2273/2280 2081/2274/2277 2083/2275/2279
f 2084/2273/2280 2085/2272/2281 2081/2274/2277
f 2079/2276/2275 2081/2274/2277 2085/2272/2281
f 2086/2277/2282 2079/2276/2275 2085/2272/2281
f 2082/2217/2278 2079/2276/2275 2086/2277/2282
f 2087/2285/2283 2082/2217/2278 2086/2277/2282
f 2088/2283/2284 2087/2285/2283 2086/2277/2282
f 2089/2281/2285 2088/2283/2284 2086/2277/2282
f 2090/2319/2286 2091/2324/2287 2092/2323/2288
f 2092/2323/2288 2091/2324/2287 2093/2201/2289
f 2091/2324/2287 2080/2202/2276 2093/2201/2289
f 2094/2325/2290 2080/2202/2276 2091/2324/2287
f 2080/2202/2276 2094/2325/2290 2083/2275/2279
f 2094/2325/2290 2095/2326/2291 2083/2275/2279
f 2095/2326/2291 2084/2273/2280 2083/2275/2279
f 2096/2327/2292 2084/2273/2280 2095/2326/2291
f 2096/2327/2292 2097/2271/2293 2084/2273/2280
f 2097/2271/2293 2085/2272/2281 2084/2273/2280
f 2097/2271/2293 2098/2270/2294 2085/2272/2281
f 2086/2277/2282 2085/2272/2281 2098/2270/2294
f 2099/2284/2295 2086/2277/2282 2098/2270/2294
f 2089/2281/2285 2086/2277/2282 2099/2284/2295
f 2100/2279/2296 2089/2281/2285 2099/2284/2295
f 2101/2280/2297 2089/2281/2285 2100/2279/2296
f 2102/2278/2298 2101/2280/2297 2100/2279/2296
f 2102/2278/2298 2103/2288/2299 2101/2280/2297
f 2090/2319/2286 2094/2325/2290 2091/2324/2287
f 2094/2325/2290 2090/2319/2286 2095/2326/2291
f 2090/2319/2286 2104/2314/2300 2095/2326/2291
f 2104/2314/2300 2096/2327/2292 2095/2326/2291
f 2105/2241/2301 2106/2289/2302 2107/2266/2303
f 2107/2266/2303 2106/2289/2302 2102/2278/2298
f 2107/2266/2303 2102/2278/2298 2108/2267/2304
f 2102/2278/2298 2100/2279/2296 2108/2267/2304
f 2108/2267/2304 2100/2279/2296 2109/2268/2305
f 2100/2279/2296 2099/2284/2295 2109/2268/2305
f 2109/2268/2305 2099/2284/2295 2110/2269/2306
f 2099/2284/2295 2098/2270/2294 2110/2269/2306
f 2111/2251/2307 2110/2269/2306 2098/2270/2294
f 2111/2251/2307 2098/2270/2294 2097/2271/2293
f 2112/2250/2308 2111/2251/2307 2097/2271/2293
f 2112/2250/2308 2097/2271/2293 2096/2327/2292
f 2113/2310/2309 2112/2250/2308 2096/2327/2292
f 2113/2310/2309 2096/2327/2292 2104/2314/2300
f 2114/2313/2310 2113/2310/2309 2104/2314/2300
f 2115/2318/2311 2114/2313/2310 2104/2314/2300
f 2090/2319/2286 2115/2318/2311 2104/2314/2300
f 2115/2318/2311 2090/2319/2286 2092/2323/2288
f 2116/2237/2312 2117/2236/2313 2118/2221/2314
f 2116/2237/2312 2118/2221/2314 2119/2219/2315
f 2120/2238/2316 2116/2237/2312 2119/2219/2315
f 2121/2239/2317 2120/2238/2316 2119/2219/2315
f 2121/2239/2317 2122/2240/2318 2120/2238/2316
f 2122/2240/2318 2121/2239/2317 2105/2241/2301
f 2122/2240/2318 2105/2241/2301 2123/2262/2319
f 2123/2262/2319 2105/2241/2301 2107/2266/2303
f 2123/2262/2319 2107/2266/2303 2124/2260/2320
f 2107/2266/2303 2108/2267/2304 2124/2260/2320
f 2124/2260/2320 2108/2267/2304 2125/2258/2321
f 2108/2267/2304 2109/2268/2305 2125/2258/2321
f 2125/2258/2321 2109/2268/2305 2126/2256/2322
f 2109/2268/2305 2110/2269/2306 2126/2256/2322
f 2127/2253/2323 2126/2256/2322 2110/2269/2306
f 2127/2253/2323 2110/2269/2306 2111/2251/2307
f 2128/2252/2324 2127/2253/2323 2111/2251/2307
f 2128/2252/2324 2111/2251/2307 2112/2250/2308
f 2125/2258/2321 2126/2256/2322 2129/2257/2325
f 2130/2259/2326 2125/2258/2321 2129/2257/2325
f 2124/2260/2320 2125/2258/2321 2130/2259/2326
f 2131/2261/2327 2124/2260/2320 2130/2259/2326
f 2123/2262/2319 2124/2260/2320 2131/2261/2327
f 2132/2263/2328 2123/2262/2319 2131/2261/2327
f 2133/2230/2329 2134/2231/2330 2135/2248/2331
f 2136/2249/2332 2133/2230/2329 2135/2248/2331
f 2133/2230/2329 2136/2249/2332 2137/2320/2333
f 2136/2249/2332 2138/2315/2334 2137/2320/2333
f 2138/2315/2334 2139/2316/2335 2137/2320/2333
f 2139/2316/2335 2138/2315/2334 2140/2311/2336
f 2139/2316/2335 2140/2311/2336 2141/2312/2337
f 2140/2311/2336 2142/2308/2338 2141/2312/2337
f 2142/2308/2338 2143/2309/2339 2141/2312/2337
f 2142/2308/2338 2144/2305/2340 2143/2309/2339
f 2144/2305/2340 2145/2306/2341 2143/2309/2339
f 2144/2305/2340 2146/2307/2342 2145/2306/2341
f 2146/2307/2342 2128/2252/2324 2145/2306/2341
f 2146/2307/2342 2147/2254/2343 2128/2252/2324
f 2147/2254/2343 2127/2253/2323 2128/2252/2324
f 2147/2254/2343 2148/2255/2344 2127/2253/2323
f 2148/2255/2344 2126/2256/2322 2127/2253/2323
f 2148/2255/2344 2129/2257/2325 2126/2256/2322
f 2149/2317/2345 2139/2316/2335 2141/2312/2337
f 2139/2316/2335 2149/2317/2345 2150/2321/2346
f 2139/2316/2335 2150/2321/2346 2137/2320/2333
f 2137/2320/2333 2150/2321/2346 2151/2228/2347
f 2133/2230/2329 2137/2320/2333 2151/2228/2347
f 2152/2227/2348 2133/2230/2329 2151/2228/2347
f 2133/2230/2329 2152/2227/2348 2134/2231/2330
f 2152/2227/2348 2153/2226/2349 2134/2231/2330
f 2134/2231/2330 2153/2226/2349 2154/2232/2350
f 2153/2226/2349 2155/2225/2351 2154/2232/2350
f 2154/2232/2350 2155/2225/2351 2156/2233/2352
f 2155/2225/2351 2157/2224/2353 2156/2233/2352
f 2158/2234/2354 2156/2233/2352 2157/2224/2353
f 2158/2234/2354 2157/2224/2353 2159/2223/2355
f 2160/2235/2356 2158/2234/2354 2159/2223/2355
f 2160/2235/2356 2159/2223/2355 2161/2222/2357
f 2117/2236/2313 2160/2235/2356 2161/2222/2357
f 2117/2236/2313 2161/2222/2357 2118/2221/2314
f 2150/2321/2346 2162/2229/2358 2151/2228/2347
f 2152/2227/2348 2151/2228/2347 2163/2196/2359
f 2151/2228/2347 2162/2229/2358 2163/2196/2359
f 2162/2229/2358 2164/2197/2360 2163/2196/2359
f 2152/2227/2348 2165/2194/2361 2153/2226/2349
f 2165/2194/2361 2152/2227/2348 2163/2196/2359
f 2165/2194/2361 2163/2196/2359 2166/2195/2362
f 2163/2196/2359 2164/2197/2360 2166/2195/2362
f 2164/2197/2360 2167/2198/2363 2166/2195/2362
f 2164/2197/2360 2168/2199/2364 2167/2198/2363
f 2169/2200/2365 2168/2199/2364 2164/2197/2360
f 2162/2229/2358 2169/2200/2365 2164/2197/2360
f 2170/2322/2366 2169/2200/2365 2162/2229/2358
f 2150/2321/2346 2170/2322/2366 2162/2229/2358
f 2149/2317/2345 2170/2322/2366 2150/2321/2346
f 2145/2306/2341 2128/2252/2324 2112/2250/2308
f 2145/2306/2341 2112/2250/2308 2113/2310/2309
f 2143/2309/2339 2145/2306/2341 2113/2310/2309
f 2143/2309/2339 2113/2310/2309 2114/2313/2310
f 2141/2312/2337 2143/2309/2339 2114/2313/2310
f 2149/2317/2345 2141/2312/2337 2114/2313/2310
f 2115/2318/2311 2149/2317/2345 2114/2313/2310
f 2149/2317/2345 2115/2318/2311 2170/2322/2366
f 2115/2318/2311 2092/2323/2288 2170/2322/2366
f 2170/2322/2366 2092/2323/2288 2169/2200/2365
f 2092/2323/2288 2093/2201/2289 2169/2200/2365
f 2169/2200/2365 2093/2201/2289 2168/2199/2364
f 2093/2201/2289 2080/2202/2276 2168/2199/2364
f 2168/2199/2364 2080/2202/2276 2167/2198/2363
f 2080/2202/2276 2171/2203/2367 2167/2198/2363
f 2171/2203/2367 2166/2195/2362 2167/2198/2363
f 2172/2204/2368 2166/2195/2362 2171/2203/2367
f 2172/2204/2368 2165/2194/2361 2166/2195/2362
f 2172/2204/2368 2173/2215/2369 2174/2206/2370
f 2173/2215/2369 2172/2204/2368 2171/2203/2367
f 2173/2215/2369 2171/2203/2367 2080/2202/2276
f 2175/2216/2371 2173/2215/2369 2080/2202/2276
f 2175/2216/2371 2080/2202/2276 2082/2217/2278
f 2176/2304/2372 2175/2216/2371 2082/2217/2278
f 2176/2304/2372 2082/2217/2278 2087/2285/2283
f 2177/2286/2373 2176/2304/2372 2087/2285/2283
f 2177/2286/2373 2087/2285/2283 2088/2283/2284
f 2178/2282/2374 2177/2286/2373 2088/2283/2284
f 2178/2282/2374 2088/2283/2284 2089/2281/2285
f 2101/2280/2297 2178/2282/2374 2089/2281/2285
f 2101/2280/2297 2179/2287/2375 2178/2282/2374
f 2103/2288/2299 2179/2287/2375 2101/2280/2297
f 2103/2288/2299 2180/2295/2376 2179/2287/2375
f 2181/2294/2377 2180/2295/2376 2103/2288/2299
f 2181/2294/2377 2182/2296/2378 2180/2295/2376
f 2183/2293/2379 2182/2296/2378 2181/2294/2377
f 2184/2301/2380 2177/2286/2373 2185/2300/2381
f 2177/2286/2373 2186/2299/2382 2185/2300/2381
f 2177/2286/2373 2187/2298/2383 2186/2299/2382
f 2187/2298/2383 2177/2286/2373 2188/2297/2384
f 2188/2297/2384 2177/2286/2373 2182/2296/2378
f 2182/2296/2378 2177/2286/2373 2180/2295/2376
f 2180/2295/2376 2177/2286/2373 2179/2287/2375
f 2179/2287/2375 2177/2286/2373 2178/2282/2374
f 2183/2293/2379 2188/2297/2384 2182/2296/2378
f 2189/2292/2385 2188/2297/2384 2183/2293/2379
f 2189/2292/2385 2187/2298/2383 2188/2297/2384
f 2187/2298/2383 2189/2292/2385 2190/2214/2386
f 2187/2298/2383 2190/2214/2386 2186/2299/2382
f 2190/2214/2386 2191/2212/2387 2186/2299/2382
f 2191/2212/2387 2185/2300/2381 2186/2299/2382
f 2191/2212/2387 2192/2210/2388 2185/2300/2381
f 2184/2301/2380 2185/2300/2381 2192/2210/2388
f 2193/2208/2389 2184/2301/2380 2192/2210/2388
f 2193/2208/2389 2194/2302/2390 2184/2301/2380
f 2195/2218/2391 2194/2302/2390 2193/2208/2389
f 2195/2218/2391 2196/2303/2392 2194/2302/2390
f 2175/2216/2371 2196/2303/2392 2195/2218/2391
f 2175/2216/2371 2176/2304/2372 2196/2303/2392
f 2176/2304/2372 2177/2286/2373 2196/2303/2392
f 2196/2303/2392 2177/2286/2373 2194/2302/2390
f 2194/2302/2390 2177/2286/2373 2184/2301/2380
f 2174/2206/2370 2195/2218/2391 2193/2208/2389
f 2173/2215/2369 2195/2218/2391 2174/2206/2370
f 2173/2215/2369 2175/2216/2371 2195/2218/2391
f 2106/2289/2302 2103/2288/2299 2102/2278/2298
f 2106/2289/2302 2181/2294/2377 2103/2288/2299
f 2197/2290/2393 2181/2294/2377 2106/2289/2302
f 2197/2290/2393 2183/2293/2379 2181/2294/2377
f 2198/2291/2394 2183/2293/2379 2197/2290/2393
f 2198/2291/2394 2189/2292/2385 2183/2293/2379
f 2189/2292/2385 2198/2291/2394 2199/2220/2395
f 2189/2292/2385 2199/2220/2395 2190/2214/2386
f 2199/2220/2395 2200/2213/2396 2190/2214/2386
f 2200/2213/2396 2191/2212/2387 2190/2214/2386
f 2200/2213/2396 2201/2211/2397 2191/2212/2387
f 2201/2211/2397 2192/2210/2388 2191/2212/2387
f 2201/2211/2397 2202/2209/2398 2192/2210/2388
f 2193/2208/2389 2192/2210/2388 2202/2209/2398
f 2203/2207/2399 2193/2208/2389 2202/2209/2398
f 2174/2206/2370 2193/2208/2389 2203/2207/2399
f 2204/2205/2400 2174/2206/2370 2203/2207/2399
f 2172/2204/2368 2174/2206/2370 2204/2205/2400
f 2165/2194/2361 2172/2204/2368 2204/2205/2400
f 2165/2194/2361 2204/2205/2400 2153/2226/2349
f 2153/2226/2349 2204/2205/2400 2155/2225/2351
f 2204/2205/2400 2203/2207/2399 2155/2225/2351
f 2155/2225/2351 2203/2207/2399 2157/2224/2353
f 2203/2207/2399 2202/2209/2398 2157/2224/2353
f 2159/2223/2355 2157/2224/2353 2202/2209/2398
f 2159/2223/2355 2202/2209/2398 2201/2211/2397
f 2161/2222/2357 2159/2223/2355 2201/2211/2397
f 2161/2222/2357 2201/2211/2397 2200/2213/2396
f 2118/2221/2314 2161/2222/2357 2200/2213/2396
f 2118/2221/2314 2200/2213/2396 2199/2220/2395
f 2119/2219/2315 2118/2221/2314 2199/2220/2395
f 2198/2291/2394 2119/2219/2315 2199/2220/2395
f 2198/2291/2394 2121/2239/2317 2119/2219/2315
f 2121/2239/2317 2198/2291/2394 2197/2290/2393
f 2121/2239/2317 2197/2290/2393 2105/2241/2301
f 2105/2241/2301 2197/2290/2393 2106/2289/2302
f 2132/2263/2328 2122/2240/2318 2123/2262/2319
f 2122/2240/2318 2132/2263/2328 2205/2264/2401
f 2122/2240/2318 2205/2264/2401 2120/2238/2316
f 2205/2264/2401 2206/2265/2402 2120/2238/2316
f 2206/2265/2402 2116/2237/2312 2120/2238/2316
f 2206/2265/2402 2207/2242/2403 2116/2237/2312
f 2207/2242/2403 2117/2236/2313 2116/2237/2312
f 2207/2242/2403 2208/2243/2404 2117/2236/2313
f 2208/2243/2404 2160/2235/2356 2117/2236/2313
f 2208/2243/2404 2209/2244/2405 2160/2235/2356
f 2209/2244/2405 2158/2234/2354 2160/2235/2356
f 2209/2244/2405 2210/2245/2406 2158/2234/2354
f 2210/2245/2406 2156/2233/2352 2158/2234/2354
f 2210/2245/2406 2211/2246/2407 2156/2233/2352
f 2154/2232/2350 2156/2233/2352 2211/2246/2407
f 2212/2247/2408 2154/2232/2350 2211/2246/2407
f 2134/2231/2330 2154/2232/2350 2212/2247/2408
f 2135/2248/2331 2134/2231/2330 2212/2247/2408
f 2213/2333/2409 2142/2342/2338 2140/2341/2336
f 2144/2343/2340 2142/2342/2338 2213/2333/2409
f 2214/2328/2410 2144/2343/2340 2213/2333/2409
f 2144/2343/2340 2214/2328/2410 2146/2344/2342
f 2214/2328/2410 2147/2345/2343 2146/2344/2342
f 2214/2328/2410 2148/2346/2344 2147/2345/2343
f 2148/2346/2344 2214/2328/2410 2129/2347/2325
f 2214/2328/2410 2130/2348/2326 2129/2347/2325
f 2214/2328/2410 2131/2349/2327 2130/2348/2326
f 2131/2349/2327 2214/2328/2410 2132/2350/2328
f 2214/2328/2410 2205/2329/2401 2132/2350/2328
f 2214/2328/2410 2206/2330/2402 2205/2329/2401
f 2214/2328/2410 2207/2331/2403 2206/2330/2402
f 2207/2331/2403 2214/2328/2410 2208/2332/2404
f 2214/2328/2410 2213/2333/2409 2208/2332/2404
f 2208/2332/2404 2213/2333/2409 2209/2334/2405
f 2213/2333/2409 2210/2335/2406 2209/2334/2405
f 2213/2333/2409 2211/2336/2407 2210/2335/2406
f 2211/2336/2407 2213/2333/2409 2212/2337/2408
f 2213/2333/2409 2135/2338/2331 2212/2337/2408
f 2213/2333/2409 2136/2339/2332 2135/2338/2331
f 2136/2339/2332 2213/2333/2409 2138/2340/2334
f 2213/2333/2409 2140/2341/2336 2138/2340/2334
f 2215/2178/2411 2216/2179/2412 2217/2177/2413
f 2218/2171/2414 2216/2179/2412 2215/2178/2411
f 2219/2186/2415 2218/2171/2414 2215/2178/2411
f 2219/2186/2415 2215/2178/2411 2220/2176/2416
f 2215/2178/2411 2217/2177/2413 2220/2176/2416
f 2221/2189/2417 2222/2181/2418 2223/2190/2419
f 2222/2181/2418 2218/2171/2414 2223/2190/2419
f 2222/2181/2418 2224/2180/2420 2218/2171/2414
f 2224/2180/2420 2216/2179/2412 2218/2171/2414
f 2216/2179/2412 2224/2180/2420 2225/2187/2421
f 2216/2179/2412 2225/2187/2421 2217/2177/2413
f 2226/2175/2422 2217/2177/2413 2225/2187/2421
f 2226/2175/2422 2220/2176/2416 2217/2177/2413
f 2227/2174/2423 2220/2176/2416 2226/2175/2422
f 2219/2186/2415 2220/2176/2416 2227/2174/2423
f 2228/2170/2424 2219/2186/2415 2227/2174/2423
f 2218/2171/2414 2219/2186/2415 2228/2170/2424
f 2218/2171/2414 2228/2170/2424 2229/2172/2425
f 2223/2190/2419 2218/2171/2414 2229/2172/2425
f 2223/2190/2419 2229/2172/2425 2230/2191/2426
f 2223/2190/2419 2230/2191/2426 2231/2192/2427
f 2232/2193/2428 2223/2190/2419 2231/2192/2427
f 2232/2193/2428 2231/2192/2427 2233/2183/2429
f 2228/2170/2424 2227/2174/2423 2234/2173/2430
f 2234/2173/2430 2227/2174/2423 2226/2175/2422
f 2229/2172/2425 2228/2170/2424 2234/2173/2430
f 2229/2172/2425 2234/2173/2430 2230/2191/2426
f 2230/2191/2426 2234/2173/2430 2226/2175/2422
f 2231/2192/2427 2230/2191/2426 2226/2175/2422
f 2231/2192/2427 2226/2175/2422 2235/2182/2431
f 2233/2183/2429 2231/2192/2427 2235/2182/2431
f 2233/2183/2429 2235/2182/2431 2236/2169/2432
f 2233/2183/2429 2236/2169/2432 2237/2164/2433
f 2236/2169/2432 2238/2168/2434 2237/2164/2433
f 2238/2168/2434 2239/2166/2435 2237/2164/2433
f 2238/2168/2434 2240/2167/2436 2239/2166/2435
f 2240/2167/2436 2241/2165/2437 2239/2166/2435
f 2242/2185/2438 2241/2165/2437 2240/2167/2436
f 2242/2185/2438 2243/2184/2439 2241/2165/2437
f 2242/2185/2438 2244/2188/2440 2243/2184/2439
f 2244/2188/2440 2232/2193/2428 2243/2184/2439
f 2244/2188/2440 2221/2189/2417 2232/2193/2428
f 2221/2189/2417 2223/2190/2419 2232/2193/2428
f 2243/2184/2439 2232/2193/2428 2233/2183/2429
f 2243/2184/2439 2233/2183/2429 2237/2164/2433
f 2243/2184/2439 2237/2164/2433 2241/2165/2437
f 2239/2166/2435 2241/2165/2437 2237/2164/2433
f 2235/2182/2431 2226/2175/2422 2225/2187/2421
f 2224/2180/2420 2235/2182/2431 2225/2187/2421
f 2224/2180/2420 2222/2181/2418 2235/2182/2431
f 2222/2181/2418 2236/2169/2432 2235/2182/2431
f 2222/2181/2418 2221/2189/2417 2236/2169/2432
f 2221/2189/2417 2238/2168/2434 2236/2169/2432
f 2221/2189/2417 2244/2188/2440 2238/2168/2434
f 2244/2188/2440 2240/2167/2436 2238/2168/2434
f 2244/2188/2440 2242/2185/2438 2240/2167/2436
f 2245/2351/2441 2246/2352/2442 2247/2353/2443
f 2248/2354/2444 2249/2355/2445 2250/2356/2446
f 2247/2353/2443 2248/2354/2444 2250/2356/2446
f 2251/2357/2447 2247/2353/2443 2250/2356/2446
f 2245/2351/2441 2247/2353/2443 2251/2357/2447
f 2252/2358/2448 2245/2351/2441 2251/2357/2447
f 2252/2358/2448 2251/2357/2447 2253/2359/2449
f 2251/2357/2447 2250/2356/2446 2253/2359/2449
f 2254/2360/2450 2253/2359/2449 2250/2356/2446
f 2245/2361/2441 2252/2362/2448 2255/2363/2451
f 2245/2361/2441 2255/2363/2451 2256/2364/2452
f 2246/2365/2442 2245/2361/2441 2256/2364/2452
f 2257/2366/2453 2246/2365/2442 2256/2364/2452
f 2258/2367/2454 2257/2366/2453 2256/2364/2452
f 2257/2366/2453 2258/2367/2454 2259/2368/2455
f 2258/2367/2454 2260/2369/2456 2259/2368/2455
f 2258/2367/2454 2261/2370/2457 2260/2369/2456
f 2261/2370/2457 2262/2371/2458 2260/2369/2456
f 2261/2370/2457 2263/2372/2459 2262/2371/2458
f 2264/2373/2460 2263/2372/2459 2261/2370/2457
f 2265/2374/2461 2264/2373/2460 2261/2370/2457
f 2258/2367/2454 2265/2374/2461 2261/2370/2457
f 2265/2374/2461 2258/2367/2454 2266/2375/2462
f 2258/2367/2454 2256/2364/2452 2266/2375/2462
f 2266/2375/2462 2256/2364/2452 2255/2363/2451
f 2267/2352/2463 2268/2351/2464 2269/2353/2465
f 2270/2376/2466 2271/2377/2467 2272/2378/2468
f 2272/2378/2468 2271/2377/2467 2273/2379/2469
f 2272/2378/2468 2273/2379/2469 2274/2380/2470
f 2275/2355/2471 2272/2378/2468 2274/2380/2470
f 2272/2378/2468 2275/2355/2471 2276/2356/2472
f 2275/2355/2471 2277/2354/2473 2276/2356/2472
f 2276/2356/2472 2277/2354/2473 2269/2353/2465
f 2276/2356/2472 2269/2353/2465 2278/2357/2474
f 2268/2351/2464 2278/2357/2474 2269/2353/2465
f 2268/2351/2464 2279/2358/2475 2278/2357/2474
f 2279/2358/2475 2280/2359/2476 2278/2357/2474
f 2276/2356/2472 2278/2357/2474 2280/2359/2476
f 2281/2360/2477 2276/2356/2472 2280/2359/2476
f 2272/2378/2468 2276/2356/2472 2281/2360/2477
f 2282/2381/2478 2272/2378/2468 2281/2360/2477
f 2270/2376/2466 2272/2378/2468 2282/2381/2478
f 2283/2382/2479 2270/2376/2466 2282/2381/2478
f 2268/2361/2464 2267/2365/2463 2284/2364/2480
f 2267/2365/2463 2285/2366/2481 2284/2364/2480
f 2285/2366/2481 2286/2367/2482 2284/2364/2480
f 2285/2366/2481 2287/2368/2483 2286/2367/2482
f 2286/2367/2482 2287/2368/2483 2288/2369/2484
f 2286/2367/2482 2288/2369/2484 2289/2370/2485
f 2289/2370/2485 2288/2369/2484 2271/2371/2467
f 2289/2370/2485 2271/2371/2467 2270/2372/2466
f 2283/2373/2479 2289/2370/2485 2270/2372/2466
f 2290/2374/2486 2289/2370/2485 2283/2373/2479
f 2290/2374/2486 2286/2367/2482 2289/2370/2485
f 2291/2375/2487 2286/2367/2482 2290/2374/2486
f 2291/2375/2487 2284/2364/2480 2286/2367/2482
f 2292/2363/2488 2284/2364/2480 2291/2375/2487
f 2292/2363/2488 2268/2361/2464 2284/2364/2480
f 2279/2362/2475 2268/2361/2464 2292/2363/2488
f 2293/2383/2489 2294/2384/2490 2295/2385/2491
f 2293/2383/2489 2296/2386/2492 2294/2384/2490
f 2296/2386/2492 2293/2383/2489 2297/2387/2493
f 2297/2387/2493 2293/2383/2489 2295/2385/2491
f 2297/2387/2493 2295/2385/2491 2298/2388/2494
f 2295/2385/2491 2294/2384/2490 2298/2388/2494
f 2294/2384/2490 2299/2389/2495 2298/2388/2494
f 2296/2386/2492 2299/2389/2495 2294/2384/2490
f 2296/2386/2492 2300/2390/2496 2299/2389/2495
f 2300/2390/2496 2296/2386/2492 2297/2387/2493
f 2300/2390/2496 2297/2387/2493 2298/2388/2494
f 2300/2390/2496 2298/2388/2494 2299/2389/2495
f 2301/2386/2497 2302/2390/2498 2303/2387/2499
f 2302/2390/2498 2304/2388/2500 2303/2387/2499
f 2302/2390/2498 2305/2389/2501 2304/2388/2500
f 2305/2389/2501 2306/2384/2502 2304/2388/2500
f 2305/2389/2501 2301/2386/2497 2306/2384/2502
f 2306/2384/2502 2301/2386/2497 2307/2383/2503
f 2301/2386/2497 2303/2387/2499 2307/2383/2503
f 2308/2385/2504 2307/2383/2503 2303/2387/2499
f 2304/2388/2500 2308/2385/2504 2303/2387/2499
f 2304/2388/2500 2306/2384/2502 2308/2385/2504
f 2306/2384/2502 2307/2383/2503 2308/2385/2504
f 2302/2390/2498 2301/2386/2497 2305/2389/2501
f 2309/2391/2505 2310/2392/2506 2311/2393/2507
f 2312/2394/2508 2313/2395/2509 2309/2391/2505
f 2313/2395/2509 2310/2392/2506 2309/2391/2505
f 2314/2396/2510 2310/2392/2506 2313/2395/2509
f 2315/2397/2511 2311/2393/2507 2316/2398/2512
f 2309/2391/2505 2311/2393/2507 2315/2397/2511
f 2317/2399/2513 2309/2391/2505 2315/2397/2511
f 2312/2394/2508 2309/2391/2505 2317/2399/2513
f 2318/2400/2514 2312/2394/2508 2317/2399/2513
f 2319/2401/2515 2312/2394/2508 2318/2400/2514
f 2320/2402/2516 2319/2401/2515 2318/2400/2514
f 2319/2401/2515 2320/2402/2516 2321/2403/2517
f 2320/2402/2516 2322/2404/2518 2321/2403/2517
f 2323/2405/2519 2321/2403/2517 2322/2404/2518
f 2323/2405/2519 2322/2404/2518 2324/2406/2520
f 2325/2407/2521 2323/2405/2519 2324/2406/2520
f 2325/2407/2521 2324/2406/2520 2326/2408/2522
f 2327/2409/2523 2325/2407/2521 2326/2408/2522
f 2328/2410/2524 2327/2409/2523 2326/2408/2522
f 2328/2410/2524 2313/2395/2509 2327/2409/2523
f 2329/2411/2525 2313/2395/2509 2328/2410/2524
f 2329/2411/2525 2314/2396/2510 2313/2395/2509
f 2330/2412/2526 2326/2408/2522 2324/2406/2520
f 2331/2413/2527 2326/2408/2522 2330/2412/2526
f 2331/2413/2527 2328/2410/2524 2326/2408/2522
f 2331/2413/2527 2329/2411/2525 2328/2410/2524
f 2329/2411/2525 2331/2413/2527 2330/2412/2526
f 2329/2411/2525 2330/2412/2526 2322/2404/2518
f 2322/2404/2518 2330/2412/2526 2324/2406/2520
f 2332/2414/2528 2333/2415/2529 2334/2416/2530
f 2335/2417/2531 2332/2414/2528 2334/2416/2530
f 2335/2417/2531 2334/2416/2530 2336/2418/2532
f 2318/2400/2514 2335/2417/2531 2336/2418/2532
f 2337/2419/2533 2318/2400/2514 2336/2418/2532
f 2338/2420/2534 2318/2400/2514 2337/2419/2533
f 2339/2421/2535 2318/2400/2514 2338/2420/2534
f 2320/2402/2516 2318/2400/2514 2339/2421/2535
f 2335/2417/2531 2340/2422/2536 2332/2414/2528
f 2341/2423/2537 2340/2422/2536 2342/2424/2538
f 2341/2423/2537 2343/2425/2539 2340/2422/2536
f 2343/2425/2539 2332/2414/2528 2340/2422/2536
f 2343/2425/2539 2344/2426/2540 2332/2414/2528
f 2344/2426/2540 2333/2415/2529 2332/2414/2528
f 2344/2426/2540 2345/2427/2541 2333/2415/2529
f 2345/2427/2541 2334/2416/2530 2333/2415/2529
f 2345/2427/2541 2346/2428/2542 2334/2416/2530
f 2346/2428/2542 2347/2429/2543 2334/2416/2530
f 2334/2416/2530 2347/2429/2543 2336/2418/2532
f 2348/2430/2544 2336/2418/2532 2347/2429/2543
f 2348/2430/2544 2337/2419/2533 2336/2418/2532
f 2349/2431/2545 2337/2419/2533 2348/2430/2544
f 2349/2431/2545 2338/2420/2534 2337/2419/2533
f 2350/2432/2546 2338/2420/2534 2349/2431/2545
f 2350/2432/2546 2339/2421/2535 2338/2420/2534
f 2351/2433/2547 2339/2421/2535 2350/2432/2546
f 2351/2433/2547 2320/2402/2516 2339/2421/2535
f 2320/2402/2516 2351/2433/2547 2322/2404/2518
f 2345/2427/2541 2344/2426/2540 2346/2428/2542
f 2344/2426/2540 2352/2434/2548 2346/2428/2542
f 2344/2426/2540 2343/2425/2539 2352/2434/2548
f 2352/2434/2548 2353/2435/2549 2346/2428/2542
f 2314/2396/2510 2329/2411/2525 2322/2404/2518
f 2314/2396/2510 2322/2404/2518 2354/2436/2550
f 2351/2433/2547 2354/2436/2550 2322/2404/2518
f 2351/2433/2547 2355/2437/2551 2354/2436/2550
f 2355/2437/2551 2351/2433/2547 2350/2432/2546
f 2355/2437/2551 2350/2432/2546 2356/2438/2552
f 2356/2438/2552 2350/2432/2546 2349/2431/2545
f 2356/2438/2552 2349/2431/2545 2357/2439/2553
f 2357/2439/2553 2349/2431/2545 2348/2430/2544
f 2357/2439/2553 2348/2430/2544 2358/2440/2554
f 2358/2440/2554 2348/2430/2544 2347/2429/2543
f 2359/2441/2555 2358/2440/2554 2347/2429/2543
f 2346/2428/2542 2359/2441/2555 2347/2429/2543
f 2346/2428/2542 2360/2442/2556 2359/2441/2555
f 2353/2435/2549 2360/2442/2556 2346/2428/2542
f 2353/2435/2549 2361/2443/2557 2360/2442/2556
f 2362/2444/2558 2361/2443/2557 2353/2435/2549
f 2362/2444/2558 2363/2445/2559 2361/2443/2557
f 2361/2443/2557 2364/2446/2560 2360/2442/2556
f 2360/2442/2556 2364/2446/2560 2365/2447/2561
f 2360/2442/2556 2365/2447/2561 2359/2441/2555
f 2359/2441/2555 2365/2447/2561 2366/2448/2562
f 2359/2441/2555 2366/2448/2562 2358/2440/2554
f 2366/2448/2562 2367/2449/2563 2358/2440/2554
f 2367/2449/2563 2357/2439/2553 2358/2440/2554
f 2368/2450/2564 2357/2439/2553 2367/2449/2563
f 2368/2450/2564 2356/2438/2552 2357/2439/2553
f 2369/2451/2565 2356/2438/2552 2368/2450/2564
f 2369/2451/2565 2355/2437/2551 2356/2438/2552
f 2355/2437/2551 2369/2451/2565 2370/2452/2566
f 2355/2437/2551 2370/2452/2566 2354/2436/2550
f 2371/2453/2567 2354/2436/2550 2370/2452/2566
f 2371/2453/2567 2314/2396/2510 2354/2436/2550
f 2314/2396/2510 2371/2453/2567 2310/2454/2506
f 2371/2453/2567 2372/2455/2568 2310/2454/2506
f 2311/2456/2507 2310/2454/2506 2372/2455/2568
f 2371/2453/2567 2373/2457/2569 2372/2455/2568
f 2373/2457/2569 2371/2453/2567 2370/2452/2566
f 2373/2457/2569 2370/2452/2566 2374/2458/2570
f 2369/2451/2565 2374/2458/2570 2370/2452/2566
f 2369/2451/2565 2375/2459/2571 2374/2458/2570
f 2375/2459/2571 2369/2451/2565 2368/2450/2564
f 2375/2459/2571 2368/2450/2564 2376/2460/2572
f 2376/2460/2572 2368/2450/2564 2367/2449/2563
f 2377/2461/2573 2376/2460/2572 2367/2449/2563
f 2366/2448/2562 2377/2461/2573 2367/2449/2563
f 2378/2462/2574 2377/2461/2573 2366/2448/2562
f 2379/2463/2575 2374/2458/2570 2380/2464/2576
f 2379/2463/2575 2373/2457/2569 2374/2458/2570
f 2373/2457/2569 2379/2463/2575 2381/2465/2577
f 2373/2457/2569 2381/2465/2577 2372/2455/2568
f 2382/2466/2578 2372/2455/2568 2381/2465/2577
f 2383/2467/2579 2384/2468/2580 2385/2469/2581
f 2384/2468/2580 2386/2470/2582 2385/2469/2581
f 2385/2469/2581 2386/2470/2582 2387/2471/2583
f 2386/2470/2582 2388/2472/2584 2387/2471/2583
f 2389/2473/2585 2387/2471/2583 2388/2472/2584
f 2389/2473/2585 2390/2474/2586 2387/2471/2583
f 2390/2474/2586 2389/2473/2585 2391/2475/2587
f 2390/2474/2586 2391/2475/2587 2392/2476/2588
f 2392/2476/2588 2391/2475/2587 2393/2477/2589
f 2378/2462/2574 2392/2476/2588 2393/2477/2589
f 2394/2478/2590 2378/2462/2574 2393/2477/2589
f 2377/2461/2573 2378/2462/2574 2394/2478/2590
f 2395/2479/2591 2377/2461/2573 2394/2478/2590
f 2377/2461/2573 2395/2479/2591 2376/2460/2572
f 2395/2479/2591 2396/2480/2592 2376/2460/2572
f 2396/2480/2592 2375/2459/2571 2376/2460/2572
f 2375/2459/2571 2396/2480/2592 2380/2464/2576
f 2375/2459/2571 2380/2464/2576 2374/2458/2570
f 2384/2468/2580 2341/2423/2537 2397/2481/2593
f 2398/2482/2594 2399/2483/2595 2400/2484/2596
f 2398/2482/2594 2401/2485/2597 2399/2483/2595
f 2402/2486/2598 2401/2485/2597 2398/2482/2594
f 2401/2485/2597 2402/2486/2598 2341/2423/2537
f 2401/2485/2597 2341/2423/2537 2403/2487/2599
f 2404/2488/2600 2403/2487/2599 2341/2423/2537
f 2405/2489/2601 2404/2488/2600 2341/2423/2537
f 2406/2490/2602 2405/2489/2601 2341/2423/2537
f 2407/2491/2603 2406/2490/2602 2341/2423/2537
f 2399/2483/2595 2401/2485/2597 2403/2487/2599
f 2408/2492/2604 2400/2484/2596 2409/2493/2605
f 2408/2492/2604 2398/2482/2594 2400/2484/2596
f 2410/2494/2606 2398/2482/2594 2408/2492/2604
f 2410/2494/2606 2402/2486/2598 2398/2482/2594
f 2402/2486/2598 2410/2494/2606 2411/2495/2607
f 2402/2486/2598 2411/2495/2607 2341/2423/2537
f 2412/2496/2608 2341/2423/2537 2411/2495/2607
f 2413/2497/2609 2341/2423/2537 2412/2496/2608
f 2413/2497/2609 2397/2481/2593 2341/2423/2537
f 2414/2498/2610 2397/2481/2593 2413/2497/2609
f 2414/2498/2610 2384/2468/2580 2397/2481/2593
f 2384/2468/2580 2414/2498/2610 2415/2499/2611
f 2384/2468/2580 2415/2499/2611 2386/2470/2582
f 2415/2499/2611 2416/2500/2612 2386/2470/2582
f 2386/2470/2582 2416/2500/2612 2388/2472/2584
f 2416/2500/2612 2417/2501/2613 2388/2472/2584
f 2414/2498/2610 2417/2501/2613 2416/2500/2612
f 2415/2499/2611 2414/2498/2610 2416/2500/2612
f 2418/2502/2614 2409/2493/2605 2419/2503/2615
f 2418/2502/2614 2408/2492/2604 2409/2493/2605
f 2420/2504/2616 2408/2492/2604 2418/2502/2614
f 2420/2504/2616 2410/2494/2606 2408/2492/2604
f 2410/2494/2606 2420/2504/2616 2421/2505/2617
f 2410/2494/2606 2421/2505/2617 2411/2495/2607
f 2422/2506/2618 2411/2495/2607 2421/2505/2617
f 2422/2506/2618 2412/2496/2608 2411/2495/2607
f 2423/2507/2619 2412/2496/2608 2422/2506/2618
f 2423/2507/2619 2413/2497/2609 2412/2496/2608
f 2424/2508/2620 2413/2497/2609 2423/2507/2619
f 2424/2508/2620 2425/2509/2621 2413/2497/2609
f 2425/2509/2621 2424/2508/2620 2426/2510/2622
f 2424/2508/2620 2427/2511/2623 2426/2510/2622
f 2426/2510/2622 2427/2511/2623 2428/2512/2624
f 2427/2511/2623 2422/2506/2618 2428/2512/2624
f 2428/2512/2624 2422/2506/2618 2421/2505/2617
f 2429/2513/2625 2424/2508/2620 2423/2507/2619
f 2424/2508/2620 2429/2513/2625 2427/2511/2623
f 2429/2513/2625 2422/2506/2618 2427/2511/2623
f 2429/2513/2625 2423/2507/2619 2422/2506/2618
f 2311/2456/2507 2372/2455/2568 2382/2466/2578
f 2316/2514/2512 2311/2456/2507 2382/2466/2578
f 2316/2514/2512 2382/2466/2578 2430/2515/2626
f 2431/2516/2627 2316/2514/2512 2430/2515/2626
f 2431/2516/2627 2430/2515/2626 2432/2517/2628
f 2433/2518/2629 2431/2516/2627 2432/2517/2628
f 2434/2519/2630 2433/2518/2629 2432/2517/2628
f 2434/2519/2630 2435/2520/2631 2433/2518/2629
f 2435/2520/2631 2434/2519/2630 2419/2503/2615
f 2434/2519/2630 2436/2521/2632 2419/2503/2615
f 2436/2521/2632 2418/2502/2614 2419/2503/2615
f 2437/2522/2633 2418/2502/2614 2436/2521/2632
f 2437/2522/2633 2420/2504/2616 2418/2502/2614
f 2420/2504/2616 2437/2522/2633 2438/2523/2634
f 2420/2504/2616 2438/2523/2634 2421/2505/2617
f 2439/2524/2635 2421/2505/2617 2438/2523/2634
f 2428/2512/2624 2421/2505/2617 2439/2524/2635
f 2440/2525/2636 2428/2512/2624 2439/2524/2635
f 2441/2526/2637 2432/2517/2628 2442/2527/2638
f 2441/2526/2637 2434/2519/2630 2432/2517/2628
f 2443/2528/2639 2434/2519/2630 2441/2526/2637
f 2434/2519/2630 2443/2528/2639 2436/2521/2632
f 2443/2528/2639 2444/2529/2640 2436/2521/2632
f 2444/2529/2640 2437/2522/2633 2436/2521/2632
f 2437/2522/2633 2444/2529/2640 2439/2524/2635
f 2437/2522/2633 2439/2524/2635 2438/2523/2634
f 2445/2530/2641 2446/2531/2642 2440/2525/2636
f 2447/2532/2643 2448/2533/2644 2449/2534/2645
f 2450/2535/2646 2448/2533/2644 2447/2532/2643
f 2445/2530/2641 2450/2535/2646 2447/2532/2643
f 2445/2530/2641 2451/2536/2647 2450/2535/2646
f 2451/2536/2647 2445/2530/2641 2440/2525/2636
f 2451/2536/2647 2440/2525/2636 2439/2524/2635
f 2452/2537/2648 2451/2536/2647 2439/2524/2635
f 2452/2537/2648 2439/2524/2635 2444/2529/2640
f 2450/2535/2646 2453/2538/2649 2448/2533/2644
f 2450/2535/2646 2454/2539/2650 2453/2538/2649
f 2451/2536/2647 2454/2539/2650 2450/2535/2646
f 2451/2536/2647 2452/2537/2648 2454/2539/2650
f 2455/2540/2651 2456/2541/2652 2449/2534/2645
f 2456/2541/2652 2447/2532/2643 2449/2534/2645
f 2426/2510/2622 2428/2512/2624 2440/2525/2636
f 2446/2531/2642 2426/2510/2622 2440/2525/2636
f 2425/2509/2621 2426/2510/2622 2446/2531/2642
f 2445/2530/2641 2425/2509/2621 2446/2531/2642
f 2425/2509/2621 2445/2530/2641 2457/2542/2653
f 2445/2530/2641 2447/2532/2643 2457/2542/2653
f 2458/2543/2654 2457/2542/2653 2447/2532/2643
f 2456/2541/2652 2458/2543/2654 2447/2532/2643
f 2414/2498/2610 2458/2543/2654 2456/2541/2652
f 2455/2540/2651 2414/2498/2610 2456/2541/2652
f 2414/2498/2610 2455/2540/2651 2417/2501/2613
f 2455/2540/2651 2449/2534/2645 2417/2501/2613
f 2417/2501/2613 2449/2534/2645 2388/2472/2584
f 2448/2533/2644 2388/2472/2584 2449/2534/2645
f 2448/2533/2644 2389/2473/2585 2388/2472/2584
f 2389/2473/2585 2448/2533/2644 2459/2544/2655
f 2389/2473/2585 2459/2544/2655 2391/2475/2587
f 2391/2475/2587 2459/2544/2655 2460/2545/2656
f 2461/2546/2657 2414/2498/2610 2413/2497/2609
f 2414/2498/2610 2461/2546/2657 2458/2543/2654
f 2458/2543/2654 2461/2546/2657 2457/2542/2653
f 2461/2546/2657 2413/2497/2609 2457/2542/2653
f 2425/2509/2621 2457/2542/2653 2413/2497/2609
f 2443/2528/2639 2452/2537/2648 2444/2529/2640
f 2452/2537/2648 2443/2528/2639 2462/2547/2658
f 2452/2537/2648 2462/2547/2658 2454/2539/2650
f 2454/2539/2650 2462/2547/2658 2463/2548/2659
f 2454/2539/2650 2463/2548/2659 2453/2538/2649
f 2453/2538/2649 2463/2548/2659 2464/2549/2660
f 2453/2538/2649 2464/2549/2660 2448/2533/2644
f 2448/2533/2644 2464/2549/2660 2459/2544/2655
f 2459/2544/2655 2464/2549/2660 2460/2545/2656
f 2464/2549/2660 2465/2550/2661 2460/2545/2656
f 2466/2551/2662 2465/2550/2661 2464/2549/2660
f 2467/2552/2663 2466/2551/2662 2464/2549/2660
f 2468/2553/2664 2467/2552/2663 2464/2549/2660
f 2468/2553/2664 2469/2554/2665 2467/2552/2663
f 2470/2555/2666 2469/2554/2665 2468/2553/2664
f 2469/2554/2665 2470/2555/2666 2471/2556/2667
f 2470/2555/2666 2472/2557/2668 2471/2556/2667
f 2473/2558/2669 2471/2556/2667 2472/2557/2668
f 2470/2555/2666 2468/2553/2664 2464/2549/2660
f 2469/2554/2665 2471/2556/2667 2473/2558/2669
f 2467/2552/2663 2469/2554/2665 2474/2559/2670
f 2475/2560/2671 2473/2558/2669 2472/2557/2668
f 2442/2527/2638 2475/2560/2671 2472/2557/2668
f 2476/2561/2672 2442/2527/2638 2472/2557/2668
f 2476/2561/2672 2441/2526/2637 2442/2527/2638
f 2441/2526/2637 2476/2561/2672 2477/2562/2673
f 2443/2528/2639 2441/2526/2637 2477/2562/2673
f 2462/2547/2658 2443/2528/2639 2477/2562/2673
f 2462/2547/2658 2477/2562/2673 2478/2563/2674
f 2463/2548/2659 2462/2547/2658 2478/2563/2674
f 2463/2548/2659 2478/2563/2674 2464/2549/2660
f 2464/2549/2660 2478/2563/2674 2479/2564/2675
f 2470/2555/2666 2464/2549/2660 2479/2564/2675
f 2476/2561/2672 2470/2555/2666 2479/2564/2675
f 2470/2555/2666 2476/2561/2672 2472/2557/2668
f 2476/2561/2672 2479/2564/2675 2477/2562/2673
f 2478/2563/2674 2477/2562/2673 2479/2564/2675
f 2391/2475/2587 2460/2545/2656 2393/2477/2589
f 2465/2550/2661 2393/2477/2589 2460/2545/2656
f 2394/2478/2590 2393/2477/2589 2465/2550/2661
f 2466/2551/2662 2394/2478/2590 2465/2550/2661
f 2395/2479/2591 2394/2478/2590 2466/2551/2662
f 2467/2552/2663 2395/2479/2591 2466/2551/2662
f 2395/2479/2591 2467/2552/2663 2396/2480/2592
f 2467/2552/2663 2474/2559/2670 2396/2480/2592
f 2396/2480/2592 2474/2559/2670 2380/2464/2576
f 2469/2554/2665 2380/2464/2576 2474/2559/2670
f 2469/2554/2665 2379/2463/2575 2380/2464/2576
f 2379/2463/2575 2469/2554/2665 2473/2558/2669
f 2379/2463/2575 2473/2558/2669 2381/2465/2577
f 2475/2560/2671 2381/2465/2577 2473/2558/2669
f 2382/2466/2578 2381/2465/2577 2475/2560/2671
f 2430/2515/2626 2382/2466/2578 2475/2560/2671
f 2430/2515/2626 2475/2560/2671 2442/2527/2638
f 2432/2517/2628 2430/2515/2626 2442/2527/2638
f 2433/2565/2629 2435/2566/2631 2480/2567/2676
f 2433/2565/2629 2480/2567/2676 2481/2568/2677
f 2431/2569/2627 2433/2565/2629 2481/2568/2677
f 2431/2569/2627 2481/2568/2677 2482/2570/2678
f 2316/2398/2512 2431/2569/2627 2482/2570/2678
f 2315/2397/2511 2316/2398/2512 2482/2570/2678
f 2483/2571/2679 2315/2397/2511 2482/2570/2678
f 2317/2399/2513 2315/2397/2511 2483/2571/2679
f 2318/2400/2514 2317/2399/2513 2483/2571/2679
f 2318/2400/2514 2483/2571/2679 2484/2572/2680
f 2318/2400/2514 2484/2572/2680 2485/2573/2681
f 2481/2568/2677 2485/2573/2681 2484/2572/2680
f 2481/2568/2677 2480/2567/2676 2485/2573/2681
f 2483/2571/2679 2482/2570/2678 2484/2572/2680
f 2482/2570/2678 2481/2568/2677 2484/2572/2680
f 2419/2574/2615 2409/2575/2605 2435/2566/2631
f 2409/2575/2605 2486/2576/2682 2435/2566/2631
f 2435/2566/2631 2486/2576/2682 2480/2567/2676
f 2480/2567/2676 2486/2576/2682 2487/2577/2683
f 2480/2567/2676 2487/2577/2683 2485/2573/2681
f 2488/2578/2684 2485/2573/2681 2487/2577/2683
f 2488/2578/2684 2318/2400/2514 2485/2573/2681
f 2488/2578/2684 2489/2579/2685 2318/2400/2514
f 2489/2579/2685 2335/2417/2531 2318/2400/2514
f 2489/2579/2685 2342/2424/2538 2335/2417/2531
f 2342/2424/2538 2340/2422/2536 2335/2417/2531
f 2490/2580/2686 2488/2578/2684 2487/2577/2683
f 2399/2581/2595 2403/2582/2599 2491/2583/2687
f 2403/2582/2599 2404/2584/2600 2491/2583/2687
f 2491/2583/2687 2404/2584/2600 2492/2585/2688
f 2404/2584/2600 2493/2586/2689 2492/2585/2688
f 2486/2576/2682 2492/2585/2688 2493/2586/2689
f 2486/2576/2682 2493/2586/2689 2494/2587/2690
f 2487/2577/2683 2486/2576/2682 2494/2587/2690
f 2487/2577/2683 2494/2587/2690 2495/2588/2691
f 2490/2580/2686 2487/2577/2683 2495/2588/2691
f 2490/2580/2686 2495/2588/2691 2493/2586/2689
f 2404/2584/2600 2490/2580/2686 2493/2586/2689
f 2404/2584/2600 2405/2589/2601 2490/2580/2686
f 2405/2589/2601 2488/2578/2684 2490/2580/2686
f 2405/2589/2601 2406/2590/2602 2488/2578/2684
f 2406/2590/2602 2489/2579/2685 2488/2578/2684
f 2406/2590/2602 2407/2491/2603 2489/2579/2685
f 2407/2491/2603 2342/2424/2538 2489/2579/2685
f 2407/2491/2603 2341/2423/2537 2342/2424/2538
f 2495/2588/2691 2494/2587/2690 2493/2586/2689
f 2409/2575/2605 2400/2591/2596 2486/2576/2682
f 2400/2591/2596 2492/2585/2688 2486/2576/2682
f 2400/2591/2596 2399/2581/2595 2492/2585/2688
f 2399/2581/2595 2491/2583/2687 2492/2585/2688
f 2343/2425/2539 2341/2423/2537 2496/2592/2692
f 2343/2425/2539 2496/2592/2692 2497/2593/2693
f 2343/2425/2539 2497/2593/2693 2352/2434/2548
f 2497/2593/2693 2498/2594/2694 2352/2434/2548
f 2498/2594/2694 2353/2435/2549 2352/2434/2548
f 2498/2594/2694 2362/2444/2558 2353/2435/2549
f 2499/2595/2695 2362/2444/2558 2498/2594/2694
f 2499/2595/2695 2500/2596/2696 2362/2444/2558
f 2341/2423/2537 2500/2596/2696 2499/2595/2695
f 2341/2423/2537 2499/2595/2695 2496/2592/2692
f 2496/2592/2692 2499/2595/2695 2498/2594/2694
f 2496/2592/2692 2498/2594/2694 2497/2593/2693
f 2500/2596/2696 2363/2445/2559 2362/2444/2558
f 2500/2596/2696 2501/2597/2697 2363/2445/2559
f 2341/2423/2537 2501/2597/2697 2500/2596/2696
f 2502/2598/2698 2501/2597/2697 2341/2423/2537
f 2384/2468/2580 2502/2598/2698 2341/2423/2537
f 2384/2468/2580 2503/2599/2699 2502/2598/2698
f 2503/2599/2699 2384/2468/2580 2383/2467/2579
f 2504/2600/2700 2503/2599/2699 2383/2467/2579
f 2504/2600/2700 2383/2467/2579 2505/2601/2701
f 2504/2600/2700 2505/2601/2701 2506/2602/2702
f 2506/2602/2702 2505/2601/2701 2507/2603/2703
f 2506/2602/2702 2507/2603/2703 2508/2604/2704
f 2509/2605/2705 2508/2604/2704 2507/2603/2703
f 2508/2604/2704 2509/2605/2705 2510/2606/2706
f 2509/2605/2705 2511/2607/2707 2510/2606/2706
f 2512/2608/2708 2510/2606/2706 2511/2607/2707
f 2512/2608/2708 2511/2607/2707 2364/2446/2560
f 2361/2443/2557 2512/2608/2708 2364/2446/2560
f 2508/2604/2704 2510/2606/2706 2512/2608/2708
f 2363/2445/2559 2512/2608/2708 2361/2443/2557
f 2363/2445/2559 2508/2604/2704 2512/2608/2708
f 2501/2597/2697 2508/2604/2704 2363/2445/2559
f 2501/2597/2697 2506/2602/2702 2508/2604/2704
f 2502/2598/2698 2506/2602/2702 2501/2597/2697
f 2503/2599/2699 2506/2602/2702 2502/2598/2698
f 2503/2599/2699 2504/2600/2700 2506/2602/2702
f 2509/2605/2705 2507/2603/2703 2513/2609/2709
f 2507/2603/2703 2514/2610/2710 2513/2609/2709
f 2505/2601/2701 2514/2610/2710 2507/2603/2703
f 2505/2601/2701 2383/2467/2579 2514/2610/2710
f 2383/2467/2579 2385/2469/2581 2514/2610/2710
f 2514/2610/2710 2385/2469/2581 2515/2611/2711
f 2385/2469/2581 2387/2471/2583 2515/2611/2711
f 2387/2471/2583 2513/2609/2709 2515/2611/2711
f 2390/2474/2586 2513/2609/2709 2387/2471/2583
f 2390/2474/2586 2509/2605/2705 2513/2609/2709
f 2509/2605/2705 2390/2474/2586 2392/2476/2588
f 2516/2612/2712 2509/2605/2705 2392/2476/2588
f 2378/2462/2574 2516/2612/2712 2392/2476/2588
f 2516/2612/2712 2378/2462/2574 2517/2613/2713
f 2378/2462/2574 2366/2448/2562 2517/2613/2713
f 2365/2447/2561 2517/2613/2713 2366/2448/2562
f 2364/2446/2560 2517/2613/2713 2365/2447/2561
f 2364/2446/2560 2511/2607/2707 2517/2613/2713
f 2516/2612/2712 2517/2613/2713 2511/2607/2707
f 2509/2605/2705 2516/2612/2712 2511/2607/2707
f 2514/2610/2710 2515/2611/2711 2513/2609/2709
f 2319/2401/2515 2321/2403/2517 2518/2614/2714
f 2518/2614/2714 2321/2403/2517 2323/2405/2519
f 2325/2407/2521 2518/2614/2714 2323/2405/2519
f 2519/2615/2715 2518/2614/2714 2325/2407/2521
f 2327/2409/2523 2519/2615/2715 2325/2407/2521
f 2313/2395/2509 2519/2615/2715 2327/2409/2523
f 2313/2395/2509 2520/2616/2716 2519/2615/2715
f 2520/2616/2716 2313/2395/2509 2312/2394/2508
f 2319/2401/2515 2520/2616/2716 2312/2394/2508
f 2520/2616/2716 2319/2401/2515 2518/2614/2714
f 2520/2616/2716 2518/2614/2714 2519/2615/2715
f 2521/1531/2717 2522/1615/2718 2523/1530/2719
f 2524/1604/2720 2522/1615/2718 2525/1453/2721
f 2524/1604/2720 2526/1614/2722 2522/1615/2718
f 2525/1453/2721 2527/1630/2723 2528/1451/2724
f 2525/1453/2721 2529/1452/2725 2527/1630/2723
f 2529/1452/2725 2525/1453/2721 2522/1615/2718
f 2529/1452/2725 2522/1615/2718 2530/1454/2726
f 2521/1531/2717 2530/1454/2726 2522/1615/2718
f 2521/1531/2717 2531/1475/2727 2530/1454/2726
f 2521/1531/2717 2532/1532/2728 2531/1475/2727
f 2533/2617/2729 2531/1475/2727 2532/1532/2728
f 2533/2617/2729 2534/1533/2730 2531/1475/2727
f 2533/2617/2729 2535/1543/2731 2534/1533/2730
f 2534/1533/2730 2535/1543/2731 2536/1544/2732
f 2537/1542/2733 2534/1533/2730 2536/1544/2732
f 2538/1545/2734 2537/1542/2733 2536/1544/2732
f 2538/1545/2734 2539/1534/2735 2537/1542/2733
f 2538/1545/2734 2540/1535/2736 2539/1534/2735
f 2540/1535/2736 2541/1363/2737 2539/1534/2735
f 2540/1535/2736 2542/1364/2738 2541/1363/2737
f 2542/1364/2738 2543/1338/2739 2541/1363/2737
f 2530/1454/2726 2544/1455/2740 2529/1452/2725
f 2540/1535/2736 2538/1545/2734 2545/1537/2741
f 2545/1537/2741 2538/1545/2734 2546/1538/2742
f 2538/1545/2734 2536/1544/2732 2546/1538/2742
f 2547/1539/2743 2545/1537/2741 2546/1538/2742
f 2548/1633/2744 2549/1629/2745 2527/1630/2723
f 2548/1633/2744 2527/1630/2723 2550/1634/2746
f 2527/1630/2723 2529/1452/2725 2550/1634/2746
f 2551/1457/2747 2550/1634/2746 2529/1452/2725
f 2551/1457/2747 2529/1452/2725 2544/1455/2740
f 2551/1457/2747 2544/1455/2740 2552/1456/2748
f 2552/1456/2748 2544/1455/2740 2530/1454/2726
f 2531/1475/2727 2552/1456/2748 2530/1454/2726
f 2531/1475/2727 2553/1474/2749 2552/1456/2748
f 2534/1533/2730 2553/1474/2749 2531/1475/2727
f 2534/1533/2730 2554/1476/2750 2553/1474/2749
f 2537/1542/2733 2554/1476/2750 2534/1533/2730
f 2537/1542/2733 2539/1534/2735 2554/1476/2750
f 2539/1534/2735 2555/1477/2751 2554/1476/2750
f 2539/1534/2735 2541/1363/2737 2555/1477/2751
f 2556/1458/2752 2551/1457/2747 2552/1456/2748
f 2557/1465/2753 2556/1458/2752 2552/1456/2748
f 2553/1474/2749 2557/1465/2753 2552/1456/2748
f 2553/1474/2749 2558/1473/2754 2557/1465/2753
f 2554/1476/2750 2558/1473/2754 2553/1474/2749
f 2554/1476/2750 2555/1477/2751 2558/1473/2754
f 2555/1477/2751 2559/1472/2755 2558/1473/2754
f 2558/1473/2754 2559/1472/2755 2560/1466/2756
f 2558/1473/2754 2560/1466/2756 2557/1465/2753
f 2557/1465/2753 2560/1466/2756 2561/1460/2757
f 2557/1465/2753 2561/1460/2757 2556/1458/2752
f 2562/1442/2758 2556/1458/2752 2561/1460/2757
f 2562/1442/2758 2563/1459/2759 2556/1458/2752
f 2556/1458/2752 2563/1459/2759 2551/1457/2747
f 2563/1459/2759 2564/1635/2760 2551/1457/2747
f 2551/1457/2747 2564/1635/2760 2550/1634/2746
f 2550/1634/2746 2564/1635/2760 2565/1632/2761
f 2565/1632/2761 2548/1633/2744 2550/1634/2746
f 2548/1633/2744 2565/1632/2761 2566/1631/2762
f 2548/1633/2744 2566/1631/2762 2567/1627/2763
f 2568/1626/2764 2567/1627/2763 2566/1631/2762
f 2569/1619/2765 2567/1627/2763 2568/1626/2764
f 2570/1620/2766 2569/1619/2765 2568/1626/2764
f 2571/1610/2767 2569/1619/2765 2570/1620/2766
f 2562/1442/2758 2572/1441/2768 2573/1440/2769
f 2561/1460/2757 2572/1441/2768 2562/1442/2758
f 2560/1466/2756 2572/1441/2768 2561/1460/2757
f 2573/1440/2769 2574/1443/2770 2575/1449/2771
f 2572/1441/2768 2574/1443/2770 2573/1440/2769
f 2574/1443/2770 2572/1441/2768 2576/1461/2772
f 2560/1466/2756 2576/1461/2772 2572/1441/2768
f 2560/1466/2756 2577/1467/2773 2576/1461/2772
f 2577/1467/2773 2578/1468/2774 2576/1461/2772
f 2579/1371/2775 2580/1379/2776 2559/1472/2755
f 2581/1471/2777 2559/1472/2755 2580/1379/2776
f 2581/1471/2777 2560/1466/2756 2559/1472/2755
f 2581/1471/2777 2577/1467/2773 2560/1466/2756
f 2582/1470/2778 2577/1467/2773 2581/1471/2777
f 2577/1467/2773 2582/1470/2778 2578/1468/2774
f 2582/1470/2778 2583/1469/2779 2578/1468/2774
f 2578/1468/2774 2583/1469/2779 2584/1462/2780
f 2578/1468/2774 2584/1462/2780 2576/1461/2772
f 2576/1461/2772 2584/1462/2780 2585/1444/2781
f 2574/1443/2770 2576/1461/2772 2585/1444/2781
f 2586/1450/2782 2574/1443/2770 2585/1444/2781
f 2574/1443/2770 2586/1450/2782 2575/1449/2771
f 2586/1450/2782 2587/1439/2783 2575/1449/2771
f 2586/1450/2782 2588/1448/2784 2587/1439/2783
f 2589/1431/2785 2587/1439/2783 2588/1448/2784
f 2589/1431/2785 2588/1448/2784 2590/1430/2786
f 2591/1432/2787 2589/1431/2785 2590/1430/2786
f 2586/1450/2782 2585/1444/2781 2592/1445/2788
f 2593/1447/2789 2586/1450/2782 2592/1445/2788
f 2593/1447/2789 2588/1448/2784 2586/1450/2782
f 2590/1430/2786 2588/1448/2784 2593/1447/2789
f 2590/1430/2786 2593/1447/2789 2594/1429/2790
f 2595/1423/2791 2590/1430/2786 2594/1429/2790
f 2595/1423/2791 2594/1429/2790 2596/1422/2792
f 2597/1424/2793 2595/1423/2791 2596/1422/2792
f 2597/1424/2793 2596/1422/2792 2598/1418/2794
f 2599/1425/2795 2597/1424/2793 2598/1418/2794
f 2598/1418/2794 2596/1422/2792 2600/1421/2796
f 2596/1422/2792 2601/1427/2797 2600/1421/2796
f 2596/1422/2792 2594/1429/2790 2601/1427/2797
f 2594/1429/2790 2602/1426/2798 2601/1427/2797
f 2594/1429/2790 2593/1447/2789 2602/1426/2798
f 2602/1426/2798 2593/1447/2789 2592/1445/2788
f 2591/1432/2787 2590/1430/2786 2595/1423/2791
f 2603/1433/2799 2591/1432/2787 2595/1423/2791
f 2603/1433/2799 2595/1423/2791 2597/1424/2793
f 2604/1434/2800 2603/1433/2799 2597/1424/2793
f 2604/1434/2800 2597/1424/2793 2599/1425/2795
f 2604/1434/2800 2599/1425/2795 2605/1419/2801
f 2599/1425/2795 2598/1418/2794 2605/1419/2801
f 2605/1419/2801 2598/1418/2794 2606/1420/2802
f 2598/1418/2794 2600/1421/2796 2606/1420/2802
f 2606/1420/2802 2600/1421/2796 2607/1438/2803
f 2607/1438/2803 2600/1421/2796 2601/1427/2797
f 2607/1438/2803 2601/1427/2797 2608/1428/2804
f 2609/1464/2805 2608/1428/2804 2601/1427/2797
f 2609/1464/2805 2601/1427/2797 2602/1426/2798
f 2609/1464/2805 2602/1426/2798 2610/1446/2806
f 2602/1426/2798 2592/1445/2788 2610/1446/2806
f 2592/1445/2788 2584/1462/2780 2610/1446/2806
f 2592/1445/2788 2585/1444/2781 2584/1462/2780
f 2611/1435/2807 2604/1434/2800 2605/1419/2801
f 2612/1417/2808 2611/1435/2807 2605/1419/2801
f 2605/1419/2801 2606/1420/2802 2612/1417/2808
f 2606/1420/2802 2613/1436/2809 2612/1417/2808
f 2606/1420/2802 2607/1438/2803 2613/1436/2809
f 2612/1417/2808 2613/1436/2809 2614/1437/2810
f 2612/1417/2808 2614/1437/2810 2611/1435/2807
f 2609/1464/2805 2610/1446/2806 2615/1463/2811
f 2584/1462/2780 2615/1463/2811 2610/1446/2806
f 2583/1469/2779 2615/1463/2811 2584/1462/2780
f 2616/1550/2812 2617/1547/2813 2618/1548/2814
f 2616/1550/2812 2619/1549/2815 2617/1547/2813
f 2620/1510/2816 2621/1511/2817 2622/1512/2818
f 2620/1510/2816 2622/1512/2818 2623/1509/2819
f 2624/1519/2820 2620/1510/2816 2623/1509/2819
f 2624/1519/2820 2623/1509/2819 2625/1508/2821
f 2626/1562/2822 2624/1519/2820 2625/1508/2821
f 2626/1562/2822 2625/1508/2821 2627/1518/2823
f 2628/1553/2824 2626/1562/2822 2627/1518/2823
f 2628/1553/2824 2627/1518/2823 2629/1552/2825
f 2630/1554/2826 2628/1553/2824 2629/1552/2825
f 2630/1554/2826 2629/1552/2825 2631/1546/2827
f 2630/1554/2826 2631/1546/2827 2632/1555/2828
f 2631/1546/2827 2617/1547/2813 2632/1555/2828
f 2632/1555/2828 2617/1547/2813 2633/1556/2829
f 2617/1547/2813 2619/1549/2815 2633/1556/2829
f 2633/1556/2829 2619/1549/2815 2526/1558/2722
f 2526/1558/2722 2619/1549/2815 2616/1550/2812
f 2526/1558/2722 2616/1550/2812 2523/1551/2719
f 2523/1551/2719 2522/1559/2718 2526/1558/2722
f 2633/1556/2829 2526/1558/2722 2524/1557/2720
f 2634/1563/2830 2624/1519/2820 2626/1562/2822
f 2634/1563/2830 2635/1520/2831 2624/1519/2820
f 2620/1510/2816 2624/1519/2820 2635/1520/2831
f 2635/1520/2831 2621/1511/2817 2620/1510/2816
f 2564/1561/2760 2626/1562/2822 2628/1553/2824
f 2564/1561/2760 2563/1560/2759 2626/1562/2822
f 2634/1563/2830 2626/1562/2822 2563/1560/2759
f 2634/1563/2830 2563/1560/2759 2636/1567/2832
f 2562/1568/2758 2636/1567/2832 2563/1560/2759
f 2562/1568/2758 2573/1580/2769 2637/1566/2833
f 2636/1567/2832 2562/1568/2758 2637/1566/2833
f 2636/1567/2832 2637/1566/2833 2638/1565/2834
f 2634/1563/2830 2636/1567/2832 2638/1565/2834
f 2634/1563/2830 2638/1565/2834 2639/1564/2835
f 2634/1563/2830 2639/1564/2835 2635/1520/2831
f 2635/1520/2831 2639/1564/2835 2582/1521/2778
f 2635/1520/2831 2582/1521/2778 2621/1511/2817
f 2582/1521/2778 2640/1522/2836 2621/1511/2817
f 2641/1513/2837 2621/1511/2817 2640/1522/2836
f 2641/1513/2837 2640/1522/2836 2642/1523/2838
f 2643/1514/2839 2641/1513/2837 2642/1523/2838
f 2643/1514/2839 2642/1523/2838 2644/1524/2840
f 2645/1493/2841 2643/1514/2839 2644/1524/2840
f 2645/1493/2841 2644/1524/2840 2646/1492/2842
f 2647/1494/2843 2645/1493/2841 2646/1492/2842
f 2647/1494/2843 2646/1492/2842 2648/1491/2844
f 2649/1496/2845 2647/1494/2843 2648/1491/2844
f 2650/1587/2846 2638/1565/2834 2637/1566/2833
f 2650/1587/2846 2639/1564/2835 2638/1565/2834
f 2639/1564/2835 2650/1587/2846 2582/1521/2778
f 2582/1521/2778 2650/1587/2846 2583/1593/2779
f 2651/1486/2847 2649/1496/2845 2652/1497/2848
f 2649/1496/2845 2648/1491/2844 2653/1495/2849
f 2652/1497/2848 2649/1496/2845 2653/1495/2849
f 2652/1497/2848 2653/1495/2849 2654/1488/2850
f 2652/1497/2848 2654/1488/2850 2655/1487/2851
f 2652/1497/2848 2655/1487/2851 2656/1489/2852
f 2652/1497/2848 2656/1489/2852 2651/1486/2847
f 2656/1489/2852 2657/1498/2853 2651/1486/2847
f 2651/1486/2847 2657/1498/2853 2649/1496/2845
f 2657/1498/2853 2647/1494/2843 2649/1496/2845
f 2657/1498/2853 2658/1500/2854 2647/1494/2843
f 2658/1500/2854 2645/1493/2841 2647/1494/2843
f 2658/1500/2854 2659/1502/2855 2645/1493/2841
f 2659/1502/2855 2643/1514/2839 2645/1493/2841
f 2659/1502/2855 2660/1504/2856 2643/1514/2839
f 2660/1504/2856 2641/1513/2837 2643/1514/2839
f 2660/1504/2856 2661/1506/2857 2641/1513/2837
f 2661/1506/2857 2621/1511/2817 2641/1513/2837
f 2661/1506/2857 2622/1512/2818 2621/1511/2817
f 2623/1509/2819 2662/1667/2858 2625/1508/2821
f 2662/1667/2858 2623/1509/2819 2663/1668/2859
f 2623/1509/2819 2622/1512/2818 2663/1668/2859
f 2663/1668/2859 2622/1512/2818 2664/1507/2860
f 2665/1505/2861 2664/1507/2860 2622/1512/2818
f 2665/1505/2861 2622/1512/2818 2661/1506/2857
f 2666/1503/2862 2665/1505/2861 2661/1506/2857
f 2666/1503/2862 2661/1506/2857 2660/1504/2856
f 2667/1501/2863 2666/1503/2862 2660/1504/2856
f 2667/1501/2863 2660/1504/2856 2659/1502/2855
f 2668/1499/2864 2667/1501/2863 2659/1502/2855
f 2668/1499/2864 2659/1502/2855 2658/1500/2854
f 2669/1490/2865 2668/1499/2864 2658/1500/2854
f 2669/1490/2865 2658/1500/2854 2657/1498/2853
f 2656/1489/2852 2669/1490/2865 2657/1498/2853
f 2542/1364/2738 2670/1337/2866 2543/1338/2739
f 2671/1515/2867 2670/1337/2866 2542/1364/2738
f 2671/1515/2867 2672/1336/2868 2670/1337/2866
f 2673/1516/2869 2672/1336/2868 2671/1515/2867
f 2673/1516/2869 2674/1344/2870 2672/1336/2868
f 2627/1518/2823 2674/1344/2870 2673/1516/2869
f 2627/1518/2823 2675/1517/2871 2674/1344/2870
f 2625/1508/2821 2675/1517/2871 2627/1518/2823
f 2676/1666/2872 2675/1517/2871 2625/1508/2821
f 2662/1667/2858 2676/1666/2872 2625/1508/2821
f 2662/1667/2858 2677/1664/2873 2676/1666/2872
f 2662/1667/2858 2663/1668/2859 2677/1664/2873
f 2663/1668/2859 2678/1669/2874 2677/1664/2873
f 2679/1661/2875 2677/1664/2873 2678/1669/2874
f 2679/1661/2875 2678/1669/2874 2680/1670/2876
f 2681/1660/2877 2679/1661/2875 2680/1670/2876
f 2681/1660/2877 2680/1670/2876 2682/1671/2878
f 2683/1673/2879 2681/1660/2877 2682/1671/2878
f 2684/1525/2880 2673/1516/2869 2671/1515/2867
f 2685/1679/2881 2686/1675/2882 2687/1677/2883
f 2685/1679/2881 2688/1681/2884 2686/1675/2882
f 2688/1681/2884 2683/1673/2879 2686/1675/2882
f 2688/1681/2884 2689/1682/2885 2683/1673/2879
f 2689/1682/2885 2681/1660/2877 2683/1673/2879
f 2689/1682/2885 2690/1683/2886 2681/1660/2877
f 2690/1683/2886 2679/1661/2875 2681/1660/2877
f 2690/1683/2886 2691/1662/2887 2679/1661/2875
f 2691/1662/2887 2677/1664/2873 2679/1661/2875
f 2691/1662/2887 2692/1663/2888 2677/1664/2873
f 2676/1666/2872 2677/1664/2873 2692/1663/2888
f 2676/1666/2872 2692/1663/2888 2693/1665/2889
f 2693/1665/2889 2675/1517/2871 2676/1666/2872
f 2693/1665/2889 2674/1344/2870 2675/1517/2871
f 2683/1673/2879 2682/1671/2878 2694/1672/2890
f 2686/1675/2882 2683/1673/2879 2694/1672/2890
f 2686/1675/2882 2694/1672/2890 2695/1674/2891
f 2687/1677/2883 2686/1675/2882 2695/1674/2891
f 2687/1677/2883 2695/1674/2891 2696/1676/2892
f 2697/1680/2893 2685/1679/2881 2687/1677/2883
f 2697/1680/2893 2687/1677/2883 2698/1678/2894
f 2698/1678/2894 2687/1677/2883 2696/1676/2892
f 2698/1678/2894 2696/1676/2892 2699/1684/2895
f 2698/1678/2894 2699/1684/2895 2700/1685/2896
f 2697/1680/2893 2698/1678/2894 2700/1685/2896
f 2701/1686/2897 2697/1680/2893 2700/1685/2896
f 2701/1686/2897 2685/1679/2881 2697/1680/2893
f 2701/1686/2897 2702/1687/2898 2685/1679/2881
f 2702/1687/2898 2688/1681/2884 2685/1679/2881
f 2702/1687/2898 2703/1688/2899 2688/1681/2884
f 2703/1688/2899 2689/1682/2885 2688/1681/2884
f 2703/1688/2899 2704/1689/2900 2689/1682/2885
f 2704/1689/2900 2690/1683/2886 2689/1682/2885
f 2704/1689/2900 2705/1690/2901 2690/1683/2886
f 2705/1690/2901 2691/1662/2887 2690/1683/2886
f 2705/1690/2901 2706/1691/2902 2691/1662/2887
f 2706/1691/2902 2692/1663/2888 2691/1662/2887
f 2706/1691/2902 2707/1692/2903 2692/1663/2888
f 2708/1693/2904 2692/1663/2888 2707/1692/2903
f 2693/1665/2889 2692/1663/2888 2708/1693/2904
f 2693/1665/2889 2708/1693/2904 2709/1694/2905
f 2693/1665/2889 2709/1694/2905 2674/1344/2870
f 2674/1344/2870 2709/1694/2905 2710/1335/2906
f 2672/1336/2868 2674/1344/2870 2710/1335/2906
f 2711/1326/2907 2672/1336/2868 2710/1335/2906
f 2711/1326/2907 2712/1328/2908 2672/1336/2868
f 2712/1328/2908 2711/1326/2907 2713/1327/2909
f 2712/1328/2908 2713/1327/2909 2670/1337/2866
f 2670/1337/2866 2713/1327/2909 2714/1333/2910
f 2670/1337/2866 2714/1333/2910 2543/1338/2739
f 2714/1333/2910 2715/1362/2911 2543/1338/2739
f 2543/1338/2739 2715/1362/2911 2541/1363/2737
f 2541/1363/2737 2715/1362/2911 2579/1371/2775
f 2541/1363/2737 2579/1371/2775 2555/1477/2751
f 2555/1477/2751 2579/1371/2775 2559/1472/2755
f 2670/1337/2866 2672/1336/2868 2712/1328/2908
f 2716/1329/2912 2717/1330/2913 2718/1321/2914
f 2716/1329/2912 2718/1321/2914 2719/1319/2915
f 2718/1321/2914 2720/1320/2916 2719/1319/2915
f 2721/1322/2917 2720/1320/2916 2718/1321/2914
f 2721/1322/2917 2718/1321/2914 2722/1323/2918
f 2723/1324/2919 2721/1322/2917 2722/1323/2918
f 2724/1325/2920 2723/1324/2919 2722/1323/2918
f 2711/1326/2907 2723/1324/2919 2724/1325/2920
f 2713/1327/2909 2711/1326/2907 2724/1325/2920
f 2725/1332/2921 2713/1327/2909 2724/1325/2920
f 2725/1332/2921 2714/1333/2910 2713/1327/2909
f 2717/1330/2913 2722/1323/2918 2718/1321/2914
f 2717/1330/2913 2726/1331/2922 2722/1323/2918
f 2726/1331/2922 2724/1325/2920 2722/1323/2918
f 2726/1331/2922 2725/1332/2921 2724/1325/2920
f 2727/1341/2923 2728/1340/2924 2725/1332/2921
f 2727/1341/2923 2725/1332/2921 2726/1331/2922
f 2729/1342/2925 2727/1341/2923 2726/1331/2922
f 2729/1342/2925 2726/1331/2922 2717/1330/2913
f 2730/1343/2926 2729/1342/2925 2717/1330/2913
f 2730/1343/2926 2717/1330/2913 2716/1329/2912
f 2731/1313/2927 2730/1343/2926 2716/1329/2912
f 2731/1313/2927 2716/1329/2912 2732/1312/2928
f 2732/1312/2928 2716/1329/2912 2719/1319/2915
f 2732/1312/2928 2719/1319/2915 2733/1318/2929
f 2733/1318/2929 2719/1319/2915 2720/1320/2916
f 2733/1318/2929 2720/1320/2916 2734/1308/2930
f 2735/1310/2931 2733/1318/2929 2734/1308/2930
f 2735/1310/2931 2736/1309/2932 2733/1318/2929
f 2733/1318/2929 2736/1309/2932 2732/1312/2928
f 2737/1317/2933 2732/1312/2928 2736/1309/2932
f 2732/1312/2928 2737/1317/2933 2738/1311/2934
f 2739/1316/2935 2738/1311/2934 2737/1317/2933
f 2740/1315/2936 2738/1311/2934 2739/1316/2935
f 2731/1313/2927 2732/1312/2928 2738/1311/2934
f 2731/1313/2927 2738/1311/2934 2740/1315/2936
f 2731/1313/2927 2740/1315/2936 2741/1314/2937
f 2730/1343/2926 2731/1313/2927 2741/1314/2937
f 2730/1343/2926 2741/1314/2937 2742/1349/2938
f 2729/1342/2925 2730/1343/2926 2742/1349/2938
f 2743/1348/2939 2729/1342/2925 2742/1349/2938
f 2727/1341/2923 2729/1342/2925 2743/1348/2939
f 2744/1347/2940 2727/1341/2923 2743/1348/2939
f 2728/1340/2924 2727/1341/2923 2744/1347/2940
f 2745/1345/2941 2728/1340/2924 2744/1347/2940
f 2746/1339/2942 2728/1340/2924 2745/1345/2941
f 2708/1346/2904 2746/1339/2942 2745/1345/2941
f 2708/1346/2904 2747/1361/2943 2746/1339/2942
f 2746/1339/2942 2747/1361/2943 2715/1362/2911
f 2714/1333/2910 2746/1339/2942 2715/1362/2911
f 2714/1333/2910 2728/1340/2924 2746/1339/2942
f 2714/1333/2910 2725/1332/2921 2728/1340/2924
f 2579/1371/2775 2748/1378/2944 2580/1379/2776
f 2749/1372/2945 2748/1378/2944 2579/1371/2775
f 2715/1362/2911 2749/1372/2945 2579/1371/2775
f 2715/1362/2911 2750/1365/2946 2749/1372/2945
f 2747/1361/2943 2750/1365/2946 2715/1362/2911
f 2747/1361/2943 2751/1360/2947 2750/1365/2946
f 2747/1361/2943 2708/1346/2904 2751/1360/2947
f 2708/1346/2904 2707/1359/2903 2751/1360/2947
f 2751/1360/2947 2707/1359/2903 2752/1358/2948
f 2707/1359/2903 2706/1357/2902 2752/1358/2948
f 2752/1358/2948 2706/1357/2902 2753/1356/2949
f 2706/1357/2902 2705/1355/2901 2753/1356/2949
f 2705/1355/2901 2754/1354/2950 2753/1356/2949
f 2705/1355/2901 2704/1353/2900 2754/1354/2950
f 2754/1354/2950 2704/1353/2900 2755/1352/2951
f 2704/1353/2900 2703/1351/2899 2755/1352/2951
f 2755/1352/2951 2703/1351/2899 2756/1350/2952
f 2703/1351/2899 2702/1390/2898 2756/1350/2952
f 2757/1369/2953 2754/1354/2950 2755/1352/2951
f 2757/1369/2953 2758/1368/2954 2754/1354/2950
f 2758/1368/2954 2753/1356/2949 2754/1354/2950
f 2758/1368/2954 2759/1367/2955 2753/1356/2949
f 2759/1367/2955 2752/1358/2948 2753/1356/2949
f 2759/1367/2955 2760/1366/2956 2752/1358/2948
f 2750/1365/2946 2752/1358/2948 2760/1366/2956
f 2751/1360/2947 2752/1358/2948 2750/1365/2946
f 2761/1370/2957 2755/1352/2951 2756/1350/2952
f 2761/1370/2957 2757/1369/2953 2755/1352/2951
f 2762/1377/2958 2757/1369/2953 2761/1370/2957
f 2762/1377/2958 2763/1376/2959 2757/1369/2953
f 2763/1376/2959 2758/1368/2954 2757/1369/2953
f 2763/1376/2959 2764/1375/2960 2758/1368/2954
f 2764/1375/2960 2759/1367/2955 2758/1368/2954
f 2764/1375/2960 2765/1374/2961 2759/1367/2955
f 2765/1374/2961 2760/1366/2956 2759/1367/2955
f 2765/1374/2961 2766/1373/2962 2760/1366/2956
f 2750/1365/2946 2760/1366/2956 2766/1373/2962
f 2750/1365/2946 2766/1373/2962 2749/1372/2945
f 2756/1350/2952 2702/1390/2898 2701/1389/2897
f 2700/1388/2896 2756/1350/2952 2701/1389/2897
f 2700/1388/2896 2761/1370/2957 2756/1350/2952
f 2699/1387/2895 2761/1370/2957 2700/1388/2896
f 2699/1387/2895 2762/1377/2958 2761/1370/2957
f 2696/1386/2892 2762/1377/2958 2699/1387/2895
f 2695/1385/2891 2762/1377/2958 2696/1386/2892
f 2763/1376/2959 2762/1377/2958 2695/1385/2891
f 2694/1384/2890 2763/1376/2959 2695/1385/2891
f 2764/1375/2960 2763/1376/2959 2694/1384/2890
f 2682/1383/2878 2764/1375/2960 2694/1384/2890
f 2765/1374/2961 2764/1375/2960 2682/1383/2878
f 2680/1382/2876 2765/1374/2961 2682/1383/2878
f 2766/1373/2962 2765/1374/2961 2680/1382/2876
f 2678/1380/2874 2766/1373/2962 2680/1382/2876
f 2749/1372/2945 2766/1373/2962 2678/1380/2874
f 2663/1381/2859 2749/1372/2945 2678/1380/2874
f 2663/1381/2859 2748/1378/2944 2749/1372/2945
f 2748/1378/2944 2663/1381/2859 2767/1406/2963
f 2748/1378/2944 2767/1406/2963 2580/1379/2776
f 2767/1406/2963 2768/1405/2964 2580/1379/2776
f 2580/1379/2776 2768/1405/2964 2769/1404/2965
f 2770/1402/2966 2769/1404/2965 2768/1405/2964
f 2771/1479/2967 2769/1404/2965 2770/1402/2966
f 2772/1480/2968 2771/1479/2967 2770/1402/2966
f 2771/1479/2967 2772/1480/2968 2644/1484/2840
f 2644/1484/2840 2772/1480/2968 2646/1485/2842
f 2772/1480/2968 2773/1481/2969 2646/1485/2842
f 2774/1396/2970 2646/1485/2842 2773/1481/2969
f 2775/1397/2971 2774/1396/2970 2773/1481/2969
f 2776/1393/2972 2774/1396/2970 2775/1397/2971
f 2776/1393/2972 2775/1397/2971 2777/1395/2973
f 2776/1393/2972 2777/1395/2973 2655/1408/2851
f 2655/1408/2851 2777/1395/2973 2778/1410/2974
f 2655/1408/2851 2778/1410/2974 2656/1409/2852
f 2778/1410/2974 2669/1411/2865 2656/1409/2852
f 2642/1483/2838 2771/1479/2967 2644/1484/2840
f 2777/1395/2973 2779/1407/2975 2778/1410/2974
f 2777/1395/2973 2775/1397/2971 2779/1407/2975
f 2779/1407/2975 2775/1397/2971 2780/1398/2976
f 2775/1397/2971 2773/1481/2969 2780/1398/2976
f 2779/1407/2975 2780/1398/2976 2781/1399/2977
f 2774/1396/2970 2648/1391/2844 2646/1485/2842
f 2774/1396/2970 2653/1392/2849 2648/1391/2844
f 2774/1396/2970 2776/1393/2972 2653/1392/2849
f 2653/1392/2849 2776/1393/2972 2654/1394/2850
f 2776/1393/2972 2655/1408/2851 2654/1394/2850
f 2778/1410/2974 2668/1412/2864 2669/1411/2865
f 2778/1410/2974 2779/1407/2975 2668/1412/2864
f 2667/1413/2863 2668/1412/2864 2779/1407/2975
f 2667/1413/2863 2779/1407/2975 2781/1399/2977
f 2782/1401/2978 2667/1413/2863 2781/1399/2977
f 2780/1398/2976 2782/1401/2978 2781/1399/2977
f 2780/1398/2976 2783/1400/2979 2782/1401/2978
f 2773/1481/2969 2783/1400/2979 2780/1398/2976
f 2773/1481/2969 2772/1480/2968 2783/1400/2979
f 2772/1480/2968 2770/1402/2966 2783/1400/2979
f 2783/1400/2979 2770/1402/2966 2784/1403/2980
f 2770/1402/2966 2768/1405/2964 2784/1403/2980
f 2768/1405/2964 2665/1415/2861 2784/1403/2980
f 2664/1416/2860 2665/1415/2861 2768/1405/2964
f 2767/1406/2963 2664/1416/2860 2768/1405/2964
f 2663/1381/2859 2664/1416/2860 2767/1406/2963
f 2783/1400/2979 2784/1403/2980 2782/1401/2978
f 2666/1414/2862 2782/1401/2978 2784/1403/2980
f 2665/1415/2861 2666/1414/2862 2784/1403/2980
f 2666/1414/2862 2667/1413/2863 2782/1401/2978
f 2785/1526/2981 2786/1529/2982 2787/1528/2983
f 2787/1528/2983 2786/1529/2982 2788/1536/2984
f 2629/1552/2825 2789/1527/2985 2631/1546/2827
f 2789/1527/2985 2617/1547/2813 2631/1546/2827
f 2789/1527/2985 2790/1540/2986 2617/1547/2813
f 2618/1548/2814 2617/1547/2813 2790/1540/2986
f 2618/1548/2814 2790/1540/2986 2791/1541/2987
f 2791/1541/2987 2790/1540/2986 2785/1526/2981
f 2791/1541/2987 2785/1526/2981 2547/1539/2743
f 2785/1526/2981 2787/1528/2983 2547/1539/2743
f 2547/1539/2743 2787/1528/2983 2545/1537/2741
f 2787/1528/2983 2788/1536/2984 2545/1537/2741
f 2788/1536/2984 2540/1535/2736 2545/1537/2741
f 2788/1536/2984 2542/1364/2738 2540/1535/2736
f 2788/1536/2984 2671/1515/2867 2542/1364/2738
f 2671/1515/2867 2788/1536/2984 2786/1529/2982
f 2684/1525/2880 2671/1515/2867 2786/1529/2982
f 2785/1526/2981 2684/1525/2880 2786/1529/2982
f 2790/1540/2986 2684/1525/2880 2785/1526/2981
f 2790/1540/2986 2789/1527/2985 2684/1525/2880
f 2629/1552/2825 2684/1525/2880 2789/1527/2985
f 2629/1552/2825 2673/1516/2869 2684/1525/2880
f 2629/1552/2825 2627/1518/2823 2673/1516/2869
f 2640/1482/2836 2792/1478/2988 2642/1483/2838
f 2792/1478/2988 2771/1479/2967 2642/1483/2838
f 2771/1479/2967 2792/1478/2988 2769/1404/2965
f 2580/1379/2776 2769/1404/2965 2792/1478/2988
f 2580/1379/2776 2792/1478/2988 2581/1471/2777
f 2581/1471/2777 2792/1478/2988 2640/1482/2836
f 2582/1470/2778 2581/1471/2777 2640/1482/2836
f 2793/1616/2989 2794/1621/2990 2795/1617/2991
f 2794/1621/2990 2796/1622/2992 2795/1617/2991
f 2797/1605/2993 2798/1618/2994 2793/1616/2989
f 2793/1616/2989 2798/1618/2994 2794/1621/2990
f 2798/1618/2994 2799/1624/2995 2794/1621/2990
f 2796/1622/2992 2794/1621/2990 2799/1624/2995
f 2796/1622/2992 2799/1624/2995 2800/1623/2996
f 2795/1638/2991 2797/1605/2993 2793/1636/2989
f 2795/1638/2991 2801/1607/2997 2797/1605/2993
f 2801/1607/2997 2802/1608/2998 2797/1605/2993
f 2797/1605/2993 2802/1608/2998 2798/1618/2994
f 2802/1608/2998 2570/1620/2766 2798/1618/2994
f 2798/1618/2994 2570/1620/2766 2799/1624/2995
f 2570/1620/2766 2568/1626/2764 2799/1624/2995
f 2800/1623/2996 2799/1624/2995 2568/1626/2764
f 2800/1623/2996 2568/1626/2764 2803/1625/2999
f 2568/1626/2764 2566/1631/2762 2803/1625/2999
f 2802/1608/2998 2571/1610/2767 2570/1620/2766
f 2804/1606/3000 2571/1610/2767 2802/1608/2998
f 2801/1607/2997 2804/1606/3000 2802/1608/2998
f 2805/1651/3001 2804/1606/3000 2801/1607/2997
f 2795/1638/2991 2805/1651/3001 2801/1607/2997
f 2795/1638/2991 2806/1637/3002 2805/1651/3001
f 2796/1639/2992 2806/1637/3002 2795/1638/2991
f 2796/1639/2992 2807/1650/3003 2806/1637/3002
f 2796/1639/2992 2808/1658/3004 2807/1650/3003
f 2807/1650/3003 2808/1658/3004 2809/1656/3005
f 2808/1658/3004 2810/1655/3006 2809/1656/3005
f 2809/1656/3005 2810/1655/3006 2811/1594/3007
f 2810/1655/3006 2812/1595/3008 2811/1594/3007
f 2811/1594/3007 2812/1595/3008 2813/1612/3009
f 2812/1595/3008 2814/1613/3010 2813/1612/3009
f 2813/1612/3009 2814/1613/3010 2549/1629/2745
f 2549/1629/2745 2814/1613/3010 2528/1451/2724
f 2549/1629/2745 2528/1451/2724 2527/1630/2723
f 2815/1628/3011 2548/1633/2744 2567/1627/2763
f 2569/1619/2765 2815/1628/3011 2567/1627/2763
f 2816/1611/3012 2815/1628/3011 2569/1619/2765
f 2571/1610/2767 2816/1611/3012 2569/1619/2765
f 2817/1609/3013 2816/1611/3012 2571/1610/2767
f 2804/1606/3000 2817/1609/3013 2571/1610/2767
f 2818/1657/3014 2817/1609/3013 2804/1606/3000
f 2805/1651/3001 2818/1657/3014 2804/1606/3000
f 2806/1637/3002 2818/1657/3014 2805/1651/3001
f 2806/1637/3002 2807/1650/3003 2818/1657/3014
f 2807/1650/3003 2809/1656/3005 2818/1657/3014
f 2818/1657/3014 2809/1656/3005 2817/1609/3013
f 2809/1656/3005 2811/1594/3007 2817/1609/3013
f 2817/1609/3013 2811/1594/3007 2816/1611/3012
f 2811/1594/3007 2813/1612/3009 2816/1611/3012
f 2816/1611/3012 2813/1612/3009 2815/1628/3011
f 2813/1612/3009 2549/1629/2745 2815/1628/3011
f 2815/1628/3011 2549/1629/2745 2548/1633/2744
f 2819/1601/3015 2528/1451/2724 2814/1613/3010
f 2819/1601/3015 2820/1602/3016 2528/1451/2724
f 2821/1597/3017 2820/1602/3016 2819/1601/3015
f 2821/1597/3017 2822/1600/3018 2820/1602/3016
f 2823/1598/3019 2822/1600/3018 2821/1597/3017
f 2823/1598/3019 2824/1599/3020 2822/1600/3018
f 2823/1598/3019 2630/1641/2826 2824/1599/3020
f 2630/1641/2826 2632/1640/2828 2824/1599/3020
f 2824/1599/3020 2632/1640/2828 2822/1600/3018
f 2632/1640/2828 2633/1603/2829 2822/1600/3018
f 2822/1600/3018 2633/1603/2829 2524/1604/2720
f 2822/1600/3018 2524/1604/2720 2820/1602/3016
f 2820/1602/3016 2524/1604/2720 2525/1453/2721
f 2820/1602/3016 2525/1453/2721 2528/1451/2724
f 2825/1654/3021 2823/1598/3019 2821/1597/3017
f 2826/1644/3022 2823/1598/3019 2825/1654/3021
f 2826/1644/3022 2827/1642/3023 2823/1598/3019
f 2823/1598/3019 2827/1642/3023 2630/1641/2826
f 2828/1596/3024 2821/1597/3017 2819/1601/3015
f 2825/1654/3021 2821/1597/3017 2828/1596/3024
f 2829/1659/3025 2825/1654/3021 2828/1596/3024
f 2830/1646/3026 2825/1654/3021 2829/1659/3025
f 2830/1646/3026 2826/1644/3022 2825/1654/3021
f 2803/1647/2999 2826/1644/3022 2830/1646/3026
f 2803/1647/2999 2566/1645/2762 2826/1644/3022
f 2566/1645/2762 2827/1642/3023 2826/1644/3022
f 2566/1645/2762 2565/1643/2761 2827/1642/3023
f 2565/1643/2761 2630/1641/2826 2827/1642/3023
f 2628/1652/2824 2630/1641/2826 2565/1643/2761
f 2565/1643/2761 2564/1653/2760 2628/1652/2824
f 2812/1595/3008 2819/1601/3015 2814/1613/3010
f 2828/1596/3024 2819/1601/3015 2812/1595/3008
f 2810/1655/3006 2828/1596/3024 2812/1595/3008
f 2829/1659/3025 2828/1596/3024 2810/1655/3006
f 2808/1658/3004 2829/1659/3025 2810/1655/3006
f 2808/1658/3004 2830/1646/3026 2829/1659/3025
f 2808/1658/3004 2831/1649/3027 2830/1646/3026
f 2803/1647/2999 2830/1646/3026 2831/1649/3027
f 2803/1647/2999 2831/1649/3027 2800/1648/2996
f 2800/1648/2996 2831/1649/3027 2796/1639/2992
f 2796/1639/2992 2831/1649/3027 2808/1658/3004
f 2832/1711/3028 2833/1710/3029 2834/1705/3030
f 2833/1710/3029 2835/1703/3031 2834/1705/3030
f 2833/1710/3029 2836/1709/3032 2835/1703/3031
f 2836/1709/3032 2837/1701/3033 2835/1703/3031
f 2836/1709/3032 2838/1708/3034 2837/1701/3033
f 2838/1708/3034 2839/1699/3035 2837/1701/3033
f 2838/1708/3034 2840/1707/3036 2839/1699/3035
f 2840/1707/3036 2841/1697/3037 2839/1699/3035
f 2840/1707/3036 2842/1334/3038 2841/1697/3037
f 2842/1334/3038 2709/1694/2905 2841/1697/3037
f 2842/1334/3038 2710/1335/2906 2709/1694/2905
f 2723/1718/2919 2711/1326/2907 2710/1335/2906
f 2723/1718/2919 2710/1335/2906 2842/1334/3038
f 2721/1717/2917 2723/1718/2919 2842/1334/3038
f 2721/1717/2917 2842/1334/3038 2840/1707/3036
f 2720/1716/2916 2721/1717/2917 2840/1707/3036
f 2720/1716/2916 2840/1707/3036 2838/1708/3034
f 2734/1715/2930 2720/1716/2916 2838/1708/3034
f 2734/1715/2930 2838/1708/3034 2836/1709/3032
f 2735/1714/2931 2734/1715/2930 2836/1709/3032
f 2735/1714/2931 2836/1709/3032 2833/1710/3029
f 2736/1713/2932 2735/1714/2931 2833/1710/3029
f 2736/1713/2932 2833/1710/3029 2832/1711/3028
f 2736/1713/2932 2832/1711/3028 2737/1712/2933
f 2832/1711/3028 2739/1706/2935 2737/1712/2933
f 2832/1711/3028 2834/1705/3030 2739/1706/2935
f 2834/1705/3030 2740/1704/2936 2739/1706/2935
f 2834/1705/3030 2741/1702/2937 2740/1704/2936
f 2834/1705/3030 2835/1703/3031 2741/1702/2937
f 2835/1703/3031 2742/1700/2938 2741/1702/2937
f 2835/1703/3031 2837/1701/3033 2742/1700/2938
f 2837/1701/3033 2743/1698/2939 2742/1700/2938
f 2837/1701/3033 2839/1699/3035 2743/1698/2939
f 2839/1699/3035 2744/1696/2940 2743/1698/2939
f 2839/1699/3035 2841/1697/3037 2744/1696/2940
f 2841/1697/3037 2745/1695/2941 2744/1696/2940
f 2841/1697/3037 2709/1694/2905 2745/1695/2941
f 2708/1693/2904 2745/1695/2941 2709/1694/2905
f 2614/1581/2810 2843/1583/3039 2844/1572/3040
f 2843/1583/3039 2845/1574/3041 2844/1572/3040
f 2843/1583/3039 2846/1584/3042 2845/1574/3041
f 2846/1584/3042 2847/1576/3043 2845/1574/3041
f 2846/1584/3042 2848/1585/3044 2847/1576/3043
f 2848/1585/3044 2849/1578/3045 2847/1576/3043
f 2848/1585/3044 2850/1586/3046 2849/1578/3045
f 2609/1591/2805 2850/1586/3046 2848/1585/3044
f 2609/1591/2805 2615/1592/2811 2850/1586/3046
f 2613/1589/2809 2843/1583/3039 2614/1581/2810
f 2613/1589/2809 2607/1588/2803 2843/1583/3039
f 2607/1588/2803 2846/1584/3042 2843/1583/3039
f 2607/1588/2803 2608/1590/2804 2846/1584/3042
f 2608/1590/2804 2848/1585/3044 2846/1584/3042
f 2608/1590/2804 2609/1591/2805 2848/1585/3044
f 2615/1592/2811 2583/1593/2779 2650/1587/2846
f 2615/1592/2811 2650/1587/2846 2850/1586/3046
f 2850/1586/3046 2650/1587/2846 2637/1566/2833
f 2850/1586/3046 2637/1566/2833 2849/1578/3045
f 2849/1578/3045 2637/1566/2833 2573/1580/2769
f 2849/1578/3045 2573/1580/2769 2575/1579/2771
f 2847/1576/3043 2849/1578/3045 2575/1579/2771
f 2847/1576/3043 2575/1579/2771 2587/1577/2783
f 2845/1574/3041 2847/1576/3043 2587/1577/2783
f 2845/1574/3041 2587/1577/2783 2589/1575/2785
f 2844/1572/3040 2845/1574/3041 2589/1575/2785
f 2844/1572/3040 2589/1575/2785 2591/1573/2787
f 2851/1571/3047 2844/1572/3040 2591/1573/2787
f 2851/1571/3047 2591/1573/2787 2603/1570/2799
f 2851/1571/3047 2603/1570/2799 2604/1569/2800
f 2611/1582/2807 2851/1571/3047 2604/1569/2800
f 2611/1582/2807 2614/1581/2810 2851/1571/3047
f 2614/1581/2810 2844/1572/3040 2851/1571/3047
f 2852/2618/3048 2853/2619/3049 2854/2620/3050
f 2854/2620/3050 2853/2619/3049 2855/2621/3051
f 2856/2622/3052 2857/2623/3053 2858/2624/3054
f 2856/2622/3052 2858/2624/3054 2859/2625/3055
f 2860/2626/3056 2861/2627/3057 2862/2628/3058
f 2860/2626/3056 2862/2628/3058 2863/2629/3059
f 2864/2630/3060 2865/2631/3061 2866/2632/3062
f 2859/2633/3055 2867/2634/3063 2868/2635/3064
f 2869/2636/3065 2864/2637/3060 2870/2638/3066
f 2871/2639/3067 2872/2640/3068 2873/2641/3069
f 2874/2642/3070 2872/2640/3068 2871/2639/3067
f 2867/2643/3063 2875/2644/3071 2876/2645/3072
f 2871/2646/3067 2877/2647/3073 2878/2648/3074
f 2879/2649/3075 2856/2650/3052 2880/2651/3076
f 2881/2652/3077 2882/2653/3078 2859/2654/3055
f 2883/2655/3079 2869/2656/3065 2884/2657/3080
f 2884/2657/3080 2869/2656/3065 2885/2658/3081
f 2886/2659/3082 2887/2660/3083 2872/2661/3068
f 2854/2662/3050 2888/2663/3084 2862/2664/3058
f 2889/2665/3085 2890/2666/3086 2891/2667/3087
f 2889/2665/3085 2891/2667/3087 2892/2668/3088
f 2892/2668/3088 2891/2667/3087 2893/2669/3089
f 2882/2670/3078 2892/2668/3088 2894/2671/3090
f 2886/2672/3082 2895/2673/3091 2883/2674/3079
f 2896/2675/3092 2897/2676/3093 2898/2677/3094
f 2899/2678/3095 2900/2679/3096 2878/2680/3074
f 2858/2681/3054 2857/2682/3053 2879/2683/3075
f 2897/2676/3093 2901/2684/3097 2902/2685/3098
f 2898/2677/3094 2897/2676/3093 2902/2685/3098
f 2903/2686/3099 2904/2687/3100 2905/2688/3101
f 2906/2689/3102 2904/2687/3100 2903/2686/3099
f 2907/2690/3103 2861/2691/3057 2853/2619/3049
f 2853/2619/3049 2861/2691/3057 2855/2621/3051
f 2863/2629/3059 2862/2628/3058 2908/2692/3104
f 2860/2626/3056 2909/2693/3105 2861/2627/3057
f 2860/2694/3056 2908/2692/3104 2909/2695/3105
f 2909/2695/3105 2908/2692/3104 2862/2628/3058
f 2910/2696/3106 2873/2697/3069 2869/2698/3065
f 2910/2696/3106 2869/2698/3065 2911/2699/3107
f 2869/2698/3065 2870/2700/3066 2911/2699/3107
f 2911/2699/3107 2870/2700/3066 2912/2701/3108
f 2911/2699/3107 2877/2702/3073 2910/2696/3106
f 2913/2703/3109 2877/2702/3073 2912/2701/3108
f 2912/2701/3108 2870/2700/3066 2913/2703/3109
f 2913/2703/3109 2870/2700/3066 2914/2704/3110
f 2915/2705/3111 2913/2703/3109 2914/2704/3110
f 2874/2706/3070 2913/2703/3109 2915/2705/3111
f 2869/2707/3065 2915/2708/3111 2914/2709/3110
f 2852/2618/3048 2854/2620/3050 2861/2710/3057
f 2907/2711/3103 2852/2618/3048 2861/2710/3057
f 2916/2712/3112 2911/2713/3107 2912/2714/3108
f 2881/2715/3077 2858/2716/3054 2879/2717/3075
f 2856/2622/3052 2879/2717/3075 2857/2623/3053
f 2859/2625/3055 2858/2624/3054 2881/2718/3077
f 2876/2645/3072 2868/2719/3064 2917/2720/3113
f 2868/2719/3064 2876/2645/3072 2875/2644/3071
f 2868/2719/3064 2867/2721/3063 2917/2720/3113
f 2882/2722/3078 2918/2723/3114 2859/2633/3055
f 2859/2633/3055 2918/2723/3114 2865/2631/3061
f 2919/2724/3115 2859/2633/3055 2865/2631/3061
f 2867/2634/3063 2859/2633/3055 2919/2724/3115
f 2919/2724/3115 2875/2725/3071 2867/2634/3063
f 2864/2630/3060 2875/2725/3071 2919/2724/3115
f 2875/2725/3071 2864/2630/3060 2920/2726/3116
f 2920/2726/3116 2864/2630/3060 2866/2632/3062
f 2875/2725/3071 2920/2726/3116 2868/2635/3064
f 2920/2726/3116 2866/2632/3062 2889/2727/3085
f 2921/2728/3117 2900/2729/3096 2899/2730/3095
f 2921/2728/3117 2922/2731/3118 2900/2729/3096
f 2922/2731/3118 2878/2732/3074 2900/2729/3096
f 2913/2733/3109 2899/2734/3095 2878/2732/3074
f 2913/2733/3109 2921/2735/3117 2899/2734/3095
f 2914/2736/3110 2923/2737/3119 2869/2636/3065
f 2923/2737/3119 2914/2736/3110 2870/2738/3066
f 2865/2739/3061 2923/2737/3119 2870/2738/3066
f 2864/2637/3060 2923/2737/3119 2865/2739/3061
f 2870/2638/3066 2864/2637/3060 2919/2740/3115
f 2877/2741/3073 2916/2712/3112 2924/2742/3120
f 2877/2741/3073 2911/2713/3107 2916/2712/3112
f 2877/2741/3073 2924/2742/3120 2912/2743/3108
f 2910/2744/3106 2877/2745/3073 2871/2639/3067
f 2873/2641/3069 2910/2744/3106 2871/2639/3067
f 2866/2746/3062 2865/2747/3061 2918/2748/3114
f 2920/2749/3116 2880/2750/3076 2868/2751/3064
f 2889/2752/3085 2880/2750/3076 2920/2749/3116
f 2880/2750/3076 2889/2752/3085 2892/2753/3088
f 2880/2750/3076 2892/2753/3088 2882/2754/3078
f 2925/2755/3121 2855/2756/3051 2926/2757/3122
f 2888/2663/3084 2855/2756/3051 2925/2755/3121
f 2926/2758/3122 2888/2663/3084 2925/2755/3121
f 2888/2663/3084 2926/2758/3122 2909/2759/3105
f 2855/2760/3051 2909/2759/3105 2926/2758/3122
f 2869/2636/3065 2923/2737/3119 2864/2637/3060
f 2919/2761/3115 2865/2739/3061 2870/2738/3066
f 2922/2762/3118 2874/2763/3070 2871/2646/3067
f 2922/2762/3118 2871/2646/3067 2878/2648/3074
f 2913/2764/3109 2878/2648/3074 2877/2647/3073
f 2922/2762/3118 2921/2765/3117 2874/2763/3070
f 2921/2765/3117 2913/2766/3109 2874/2763/3070
f 2859/2767/3055 2868/2768/3064 2856/2650/3052
f 2880/2651/3076 2856/2650/3052 2868/2768/3064
f 2879/2649/3075 2880/2651/3076 2882/2653/3078
f 2879/2649/3075 2882/2653/3078 2881/2652/3077
f 2854/2769/3050 2862/2770/3058 2861/2771/3057
f 2883/2655/3079 2895/2772/3091 2915/2773/3111
f 2883/2655/3079 2915/2773/3111 2869/2656/3065
f 2885/2658/3081 2869/2656/3065 2873/2774/3069
f 2887/2660/3083 2885/2658/3081 2873/2774/3069
f 2872/2661/3068 2887/2660/3083 2873/2774/3069
f 2872/2661/3068 2895/2775/3091 2886/2659/3082
f 2895/2775/3091 2874/2776/3070 2915/2777/3111
f 2874/2776/3070 2895/2775/3091 2872/2661/3068
f 2888/2663/3084 2854/2662/3050 2855/2756/3051
f 2862/2664/3058 2888/2663/3084 2909/2759/3105
f 2909/2759/3105 2855/2760/3051 2861/2778/3057
f 2927/2779/3123 2918/2780/3114 2894/2781/3090
f 2866/2782/3062 2918/2780/3114 2927/2779/3123
f 2896/2783/3092 2866/2782/3062 2927/2779/3123
f 2890/2666/3086 2866/2782/3062 2896/2783/3092
f 2890/2666/3086 2889/2665/3085 2866/2782/3062
f 2894/2671/3090 2892/2668/3088 2893/2669/3089
f 2894/2671/3090 2918/2784/3114 2882/2670/3078
f 2928/2785/3124 2929/2786/3124 2930/2787/3124
f 2885/2788/3081 2887/2789/3083 2904/2687/3100
f 2904/2687/3100 2887/2789/3083 2886/2672/3082
f 2902/2685/3098 2891/2790/3087 2890/2791/3086
f 2927/2792/3123 2894/2793/3090 2893/2794/3089
f 2893/2794/3089 2891/2790/3087 2902/2685/3098
f 2885/2788/3081 2904/2687/3100 2906/2689/3102
f 2884/2795/3080 2885/2788/3081 2906/2689/3102
f 2905/2688/3101 2904/2687/3100 2886/2672/3082
f 2883/2674/3079 2905/2688/3101 2886/2672/3082
f 2903/2686/3099 2905/2688/3101 2883/2674/3079
f 2883/2674/3079 2884/2795/3080 2903/2686/3099
f 2884/2795/3080 2906/2689/3102 2903/2686/3099
f 2890/2791/3086 2898/2677/3094 2902/2685/3098
f 2893/2794/3089 2902/2685/3098 2901/2684/3097
f 2896/2675/3092 2898/2677/3094 2890/2791/3086
f 2893/2794/3089 2901/2684/3097 2927/2792/3123
f 2927/2792/3123 2901/2684/3097 2897/2676/3093
f 2927/2792/3123 2897/2676/3093 2896/2675/3092
f 2931/2796/3125 2932/2797/3126 2933/2798/3127
f 2934/2799/3128 2935/2800/3129 2936/2801/3130
f 2935/2800/3129 2937/2802/3131 2936/2801/3130
f 2936/2801/3130 2937/2802/3131 2938/2803/3132
f 2937/2802/3131 2939/2804/3133 2938/2803/3132
f 2938/2803/3132 2939/2804/3133 2940/2805/3134
f 2939/2804/3133 2941/2806/3135 2940/2805/3134
f 2940/2807/3134 2941/2808/3135 2942/2809/3136
f 2941/2808/3135 2943/2810/3137 2942/2809/3136
f 2942/2809/3136 2943/2810/3137 2944/2811/3138
f 2943/2810/3137 2945/2812/3139 2944/2811/3138
f 2946/2813/3140 2947/2814/3141 2948/2815/3142
f 2947/2814/3141 2946/2813/3140 2949/2816/3143
f 2949/2816/3143 2950/2817/3144 2947/2814/3141
f 2951/2818/3145 2949/2816/3143 2946/2813/3140
f 2952/2819/3146 2953/2820/3147 2954/2821/3148
f 2950/2817/3144 2954/2821/3148 2953/2820/3147
f 2953/2820/3147 2947/2814/3141 2950/2817/3144
f 2947/2814/3141 2953/2820/3147 2955/2822/3149
f 2955/2822/3149 2948/2815/3142 2947/2814/3141
f 2948/2815/3142 2955/2822/3149 2956/2823/3150
f 2957/2824/3151 2956/2823/3150 2955/2822/3149
f 2955/2822/3149 2958/2825/3152 2957/2824/3151
f 2959/2826/3153 2957/2824/3151 2958/2825/3152
f 2958/2825/3152 2960/2827/3154 2959/2826/3153
f 2961/2828/3155 2959/2826/3153 2960/2827/3154
f 2960/2827/3154 2958/2825/3152 2952/2819/3146
f 2953/2820/3147 2952/2819/3146 2958/2825/3152
f 2958/2825/3152 2955/2822/3149 2953/2820/3147
f 2962/2829/3156 2963/2830/3157 2964/2831/3158
f 2963/2830/3157 2962/2829/3156 2950/2832/3144
f 2950/2832/3144 2949/2833/3143 2963/2830/3157
f 2954/2834/3148 2950/2832/3144 2962/2829/3156
f 2965/2835/3159 2966/2836/3160 2967/2837/3161
f 2968/2838/3162 2967/2837/3161 2966/2836/3160
f 2967/2837/3161 2968/2838/3162 2951/2839/3145
f 2949/2833/3143 2951/2839/3145 2968/2838/3162
f 2968/2838/3162 2963/2830/3157 2949/2833/3143
f 2963/2830/3157 2968/2838/3162 2969/2840/3163
f 2969/2840/3163 2964/2831/3158 2963/2830/3157
f 2966/2836/3160 2969/2840/3163 2968/2838/3162
f 2970/2841/3164 2971/2842/3165 2972/2843/3166
f 2973/2844/3167 2971/2842/3165 2970/2841/3164
f 2973/2845/3167 2974/2846/3168 2971/2847/3165
f 2975/2848/3169 2974/2846/3168 2973/2845/3167
f 2976/2849/3170 2972/2850/3166 2977/2851/3171
f 2970/2852/3164 2972/2850/3166 2976/2849/3170
f 2975/2853/3169 2977/2854/3171 2974/2855/3168
f 2976/2856/3170 2977/2854/3171 2975/2853/3169
f 2974/2857/3168 2972/2858/3166 2971/2859/3165
f 2977/2860/3171 2972/2858/3166 2974/2857/3168
f 2978/2861/3172 2979/2862/3173 2980/2863/3174
f 2981/2864/3175 2979/2862/3173 2978/2861/3172
f 2982/2865/3176 2981/2866/3175 2983/2867/3177
f 2979/2868/3173 2981/2866/3175 2982/2865/3176
f 2984/2869/3178 2983/2870/3177 2985/2871/3179
f 2982/2872/3176 2983/2870/3177 2984/2869/3178
f 2986/2873/3180 2985/2874/3179 2987/2875/3181
f 2984/2876/3178 2985/2874/3179 2986/2873/3180
f 2988/2877/3182 2989/2878/3183 2990/2879/3184
f 2991/2880/3185 2989/2878/3183 2988/2877/3182
f 2992/2819/3186 2993/2881/3187 2994/2882/3188
f 2995/2883/3189 2993/2881/3187 2992/2819/3186
f 2995/2883/3189 2991/2884/3185 2993/2881/3187
f 2989/2885/3183 2991/2884/3185 2995/2883/3189
f 2996/2886/3190 2994/2887/3188 2997/2888/3191
f 2992/2889/3186 2994/2887/3188 2996/2886/3190
f 2982/2890/3176 2980/2891/3174 2979/2892/3173
f 2986/2893/3180 2980/2891/3174 2982/2890/3176
f 2984/2894/3178 2986/2893/3180 2982/2890/3176
f 2983/2895/3177 2987/2896/3181 2985/2897/3179
f 2978/2898/3172 2987/2896/3181 2983/2895/3177
f 2981/2899/3175 2978/2898/3172 2983/2895/3177
f 2995/2900/3189 2990/2901/3184 2989/2902/3183
f 2996/2903/3190 2990/2901/3184 2995/2900/3189
f 2993/2904/3187 2997/2905/3191 2994/2906/3188
f 2988/2907/3182 2997/2905/3191 2993/2904/3187
f 2991/2908/3185 2988/2907/3182 2993/2904/3187
f 2998/2909/3192 2999/2910/3193 3000/2911/3194
f 3001/2912/3195 2999/2910/3193 2998/2909/3192
f 3002/2913/3196 3003/2914/3197 3004/2915/3198
f 3005/2916/3199 3003/2914/3197 3002/2913/3196
f 3006/2917/3200 3005/2916/3199 3002/2913/3196
f 3003/2918/3197 3007/2919/3201 3004/2920/3198
f 3001/2921/3195 3007/2919/3201 3003/2918/3197
f 3004/2922/3198 2998/2923/3192 3002/2924/3196
f 3007/2925/3201 2998/2923/3192 3004/2922/3198
f 3002/2926/3196 3000/2927/3194 3006/2874/3200
f 2998/2928/3192 3000/2927/3194 3002/2926/3196
f 3006/2871/3200 2999/2929/3193 3005/2930/3199
f 3000/2931/3194 2999/2929/3193 3006/2871/3200
f 3008/2932/3202 3009/2933/3203 3010/2934/3204
f 3011/2935/3205 3009/2933/3203 3008/2932/3202
f 3012/2936/3206 3013/2937/3207 3014/2938/3208
f 3015/2939/3209 3013/2937/3207 3012/2936/3206
f 3015/2939/3209 3011/2940/3205 3013/2937/3207
f 3009/2941/3203 3011/2940/3205 3015/2939/3209
f 3016/2942/3210 3014/2943/3208 3017/2944/3211
f 3012/2945/3206 3014/2943/3208 3016/2942/3210
f 3018/2946/3212 3019/2947/3213 3020/2948/3214
f 3021/2949/3215 3019/2947/3213 3018/2946/3212
f 3022/2950/3216 3021/2951/3215 3023/2952/3217
f 3019/2953/3213 3021/2951/3215 3022/2950/3216
f 3024/2954/3218 3023/2955/3217 3025/2956/3219
f 3022/2957/3216 3023/2955/3217 3024/2954/3218
f 3026/2958/3220 3025/2959/3219 3027/2960/3221
f 3024/2961/3218 3025/2959/3219 3026/2958/3220
f 3028/2962/3222 3029/2963/3223 3030/2964/3224
f 3031/2965/3225 3029/2963/3223 3028/2962/3222
f 3032/2966/3226 3033/2967/3227 3034/2968/3228
f 3035/2969/3229 3033/2967/3227 3032/2966/3226
f 3035/2969/3229 3031/2970/3225 3033/2967/3227
f 3029/2971/3223 3031/2970/3225 3035/2969/3229
f 3036/2972/3230 3034/2973/3228 3037/2974/3231
f 3032/2975/3226 3034/2973/3228 3036/2972/3230
f 3023/2976/3217 3027/2977/3221 3025/2978/3219
f 3018/2979/3212 3027/2977/3221 3023/2976/3217
f 3021/2980/3215 3018/2979/3212 3023/2976/3217
f 3035/2981/3232 3030/2982/3224 3029/2983/3223
f 3036/2984/3233 3030/2982/3224 3035/2981/3232
f 3032/2985/3226 3036/2984/3230 3035/2981/3229
f 3033/2986/3227 3037/2987/3231 3034/2988/3228
f 3028/2989/3222 3037/2987/3231 3033/2986/3227
f 3031/2990/3225 3028/2989/3222 3033/2986/3227
f 3038/2991/3234 3039/2992/3235 3040/2993/3236
f 3041/2994/3237 3039/2992/3235 3038/2991/3234
f 3042/2995/3238 3041/2994/3237 3038/2991/3234
f 3039/2996/3235 3043/2997/3239 3040/2998/3236
f 3044/2999/3240 3043/2997/3239 3039/2996/3235
f 3040/3000/3236 3045/3001/3241 3038/3002/3234
f 3043/3003/3239 3045/3001/3241 3040/3000/3236
f 3038/2960/3234 3046/2961/3242 3042/3004/3238
f 3045/3005/3241 3046/2961/3242 3038/2960/3234
f 3042/3006/3238 3047/2957/3243 3041/2955/3237
f 3046/2954/3242 3047/2957/3243 3042/3006/3238
f 3048/3007/3244 3049/3008/3245 3050/3009/3246
f 3051/3010/3247 3049/3008/3245 3048/3007/3244
f 3052/3011/3248 3051/3010/3247 3048/3007/3244
f 3053/3012/3249 3054/3013/3250 3055/3014/3251
f 3056/3015/3252 3054/3013/3250 3053/3012/3249
f 3057/3016/3253 3056/3015/3252 3053/3012/3249
f 3054/3017/3250 3052/3018/3248 3055/3019/3251
f 3051/2868/3247 3052/3018/3248 3054/3017/3250
f 3053/3020/3249 3050/3021/3246 3057/3022/3253
f 3048/3023/3244 3050/3021/3246 3053/3020/3249
f 3055/3024/3251 3048/3023/3244 3053/3020/3249
f 3052/3025/3248 3048/3023/3244 3055/3024/3251
f 3058/3026/3254 3059/3027/3255 3060/3028/3256
f 3061/3029/3257 3060/3028/3256 3059/3027/3255
f 3059/3027/3255 3062/3030/3258 3061/3029/3257
f 3063/3031/3259 3061/3029/3257 3062/3030/3258
f 2956/3032/3150 2957/3033/3151 3063/3031/3259
f 3061/3029/3257 3063/3031/3259 2957/3033/3151
f 2957/3033/3151 2959/3034/3153 3061/3029/3257
f 3060/3028/3256 3061/3029/3257 2959/3034/3153
f 2959/3034/3153 2961/3035/3155 3060/3028/3256
f 3064/3036/3260 3060/3028/3256 2961/3035/3155
f 3060/3028/3256 3064/3036/3260 3058/3026/3254
f 3065/3037/3261 3058/3026/3254 3064/3036/3260
f 3057/3038/3253 3049/2862/3245 3056/3039/3252
f 3050/3040/3246 3049/2862/3245 3057/3038/3253
f 3062/3041/3258 3066/3042/3262 3063/3043/3259
f 3066/3042/3262 3062/3041/3258 3067/3044/3263
f 3068/3045/3264 3067/3044/3263 3062/3041/3258
f 3067/3044/3263 3068/3045/3264 3069/3046/3265
f 3070/3047/3266 3069/3046/3265 3068/3045/3264
f 3069/3046/3265 3070/3047/3266 3071/3048/3267
f 2965/3049/3159 3071/3048/3267 3070/3047/3266
f 3071/3048/3267 2965/3049/3159 3072/3050/3268
f 2967/3051/3161 3072/3050/3268 2965/3049/3159
f 3072/3050/3268 2967/3051/3161 3073/3052/3269
f 2951/3053/3145 3073/3052/3269 2967/3051/3161
f 3073/3052/3269 2951/3053/3145 3074/3054/3270
f 2946/3055/3140 3074/3054/3270 2951/3053/3145
f 3074/3054/3270 2946/3055/3140 3075/3056/3271
f 2948/3057/3142 3075/3056/3271 2946/3055/3140
f 3075/3056/3271 2948/3057/3142 3076/3058/3272
f 2956/3059/3150 3076/3058/3272 2948/3057/3142
f 3076/3058/3272 2956/3059/3150 2932/3060/3126
f 3063/3043/3259 2932/3060/3126 2956/3059/3150
f 3066/3061/3262 2933/3062/3127 2932/3063/3126
f 2932/3063/3126 3063/3064/3259 3066/3061/3262
f 3015/3065/3209 3010/3066/3204 3009/3067/3203
f 3016/3068/3210 3010/3066/3204 3015/3065/3209
f 3012/3069/3206 3016/3068/3210 3015/3065/3209
f 3013/3070/3207 3017/3071/3211 3014/3072/3208
f 3008/3073/3202 3017/3071/3211 3013/3070/3207
f 3011/3074/3205 3008/3073/3202 3013/3070/3207
f 3022/3075/3216 3020/3076/3214 3019/3077/3213
f 3077/3078/3273 3078/3079/3274 3079/3080/3275
f 3079/3080/3276 3080/3081/3277 3081/3082/3278
f 3080/3081/3279 3079/3080/3275 3078/3079/3274
f 3080/3081/3277 3082/3083/3280 3083/3084/3281
f 3084/3085/3282 3083/3084/3281 3082/3083/3280
f 3083/3084/3281 3081/3082/3278 3080/3081/3277
f 2940/3086/3134 2942/3087/3136 3085/3088/3283
f 2942/3087/3136 2944/3089/3138 3085/3088/3283
f 2944/3089/3138 3086/3090/3284 3085/3088/3283
f 3086/3090/3284 3087/3091/3285 3085/3088/3283
f 3087/3091/3285 3088/3092/3286 3085/3088/3283
f 3088/3092/3286 3089/3093/3287 3085/3088/3283
f 3089/3093/3287 2934/3094/3128 3085/3088/3283
f 2934/3094/3128 2936/3095/3130 3085/3088/3283
f 2936/3095/3130 2938/3096/3132 3085/3088/3283
f 2938/3096/3132 2940/3086/3134 3085/3088/3283
f 3090/3097/3288 3091/3098/3289 3092/3099/3290
f 3093/3100/3291 3092/3099/3290 3091/3098/3289
f 3091/3098/3289 3094/3101/3292 3093/3100/3291
f 3095/3102/3293 3093/3100/3291 3094/3101/3292
f 3096/3103/3294 3097/3104/3295 3098/3105/3296
f 3099/3106/3297 3097/3104/3295 3100/3107/3298
f 3092/3108/3290 3093/3109/3291 3099/3110/3297
f 3097/3111/3295 3099/3110/3297 3093/3109/3291
f 3093/3109/3291 3095/3112/3293 3097/3111/3295
f 3098/3113/3296 3097/3111/3295 3095/3112/3293
f 3100/3114/3298 3097/3115/3295 3101/3116/3299
f 3097/3115/3295 3096/3117/3294 3102/3118/3300
f 3103/3119/3301 3102/3118/3300 3096/3117/3294
f 3104/3120/3302 3105/3121/3303 3106/3122/3304
f 3107/3123/3305 3108/3115/3306 3109/3124/3307
f 3110/3125/3308 3111/3126/3309 3112/3118/3310
f 3112/3118/3310 3113/3116/3311 3110/3125/3308
f 3109/3124/3307 3110/3125/3308 3113/3116/3311
f 3110/3125/3308 3109/3124/3307 3108/3115/3306
f 3108/3115/3306 3114/3127/3312 3110/3125/3308
f 3111/3126/3309 3110/3125/3308 3114/3127/3312
f 3113/3128/3311 3112/3129/3310 3115/3130/3313
f 3105/3111/3303 3115/3130/3313 3112/3129/3310
f 3112/3129/3310 3116/3131/3314 3105/3111/3303
f 3106/3132/3304 3105/3111/3303 3116/3131/3314
f 3117/3133/3315 3118/3134/3316 3119/3135/3317
f 2933/3136/3127 3120/3137/3318 2931/3138/3125
f 3120/3137/3318 2933/3136/3127 3121/3139/3319
f 3121/3139/3319 3118/3134/3316 3120/3137/3318
f 3122/3140/3320 3118/3134/3316 3121/3139/3319
f 3123/3141/3321 3118/3134/3316 3122/3140/3320
f 3124/3142/3322 3125/3143/3323 3126/3144/3324
f 3125/3143/3323 3124/3142/3322 3127/3145/3325
f 3127/3145/3325 3118/3134/3316 3125/3143/3323
f 3128/3044/3326 3121/3146/3319 2933/3042/3127
f 3121/3146/3319 3128/3044/3326 3122/3147/3320
f 3129/3046/3327 3122/3147/3320 3128/3044/3326
f 3122/3147/3320 3129/3046/3327 3123/3148/3321
f 3126/3048/3324 3123/3148/3321 3129/3046/3327
f 3123/3148/3321 3126/3048/3324 3125/3149/3323
f 3125/3149/3323 3118/3150/3316 3123/3148/3321
f 3119/3151/3317 3118/3150/3316 3130/3152/3328
f 3130/3152/3328 3118/3150/3316 3131/3153/3329
f 3131/3153/3329 3118/3150/3316 3127/3154/3325
f 3120/3155/3318 3118/3150/3316 3117/3156/3315
f 3117/3156/3315 2931/3157/3125 3120/3155/3318
f 2931/3157/3125 3117/3156/3315 3132/3058/3330
f 3119/3151/3317 3132/3058/3330 3117/3156/3315
f 3132/3058/3330 3119/3151/3317 3133/3056/3331
f 3130/3152/3328 3133/3056/3331 3119/3151/3317
f 3133/3056/3331 3130/3152/3328 3134/3054/3332
f 3131/3153/3329 3134/3054/3332 3130/3152/3328
f 3134/3054/3332 3131/3153/3329 3135/3052/3333
f 3127/3154/3325 3135/3052/3333 3131/3153/3329
f 3135/3052/3333 3127/3154/3325 3124/3158/3322
f 3068/3159/3264 3136/3160/3334 3070/3161/3266
f 3136/3160/3334 3068/3159/3264 3059/3162/3255
f 3059/3162/3255 3058/3163/3254 3136/3160/3334
f 3062/3164/3258 3059/3162/3255 3068/3159/3264
f 2964/3165/3158 2969/3166/3163 3137/3167/3335
f 3138/3168/3336 3137/3167/3335 2969/3166/3163
f 2969/3166/3163 2966/3169/3160 3138/3168/3336
f 3139/3170/3337 3138/3168/3336 2966/3169/3160
f 2966/3169/3160 2965/3171/3159 3139/3170/3337
f 3070/3161/3266 3139/3170/3337 2965/3171/3159
f 3139/3170/3337 3070/3161/3266 3136/3160/3334
f 3136/3160/3334 3140/3172/3338 3139/3170/3337
f 3140/3172/3338 3136/3160/3334 3058/3163/3254
f 3058/3163/3254 3065/3173/3261 3140/3172/3338
f 3137/3167/3335 3138/3168/3336 3141/3174/3339
f 3140/3172/3338 3141/3174/3339 3138/3168/3336
f 3138/3168/3336 3139/3170/3337 3140/3172/3338
f 3141/3174/3339 3140/3172/3338 3065/3173/3261
f 2944/3175/3138 2945/3176/3139 3086/3177/3284
f 2945/3176/3139 3142/3178/3340 3086/3177/3284
f 3086/3177/3284 3142/3178/3340 3087/3179/3285
f 3142/3178/3340 3143/3180/3341 3087/3179/3285
f 3087/3179/3285 3143/3180/3341 3088/3181/3286
f 3143/3180/3341 3144/3182/3342 3088/3181/3286
f 3088/3183/3286 3144/3184/3342 3089/3185/3287
f 3144/3184/3342 3145/3186/3343 3089/3185/3287
f 3089/3185/3287 3145/3186/3343 2934/3187/3128
f 3145/3186/3343 2935/3188/3129 2934/3187/3128
f 3141/3189/3339 3146/3190/3344 3137/3191/3335
f 3146/3190/3344 3141/3189/3339 3147/3192/3345
f 3147/3192/3345 3148/3134/3346 3146/3190/3344
f 3149/3193/3347 3148/3134/3346 3150/3194/3348
f 3151/3195/3349 3148/3134/3350 3149/3193/3351
f 3152/3143/3352 3148/3134/3350 3151/3195/3349
f 3153/3196/3353 3148/3134/3346 3152/3143/3354
f 3154/3197/3355 3148/3134/3346 3153/3196/3353
f 3146/3190/3344 3148/3134/3346 3154/3197/3356
f 3065/3198/3261 3147/3192/3345 3141/3189/3339
f 3155/3133/3357 3064/3199/3260 3156/3200/3358
f 2961/3201/3155 3156/3200/3358 3064/3199/3260
f 3156/3200/3358 2961/3201/3155 3150/3194/3348
f 2960/3202/3154 3150/3194/3348 2961/3201/3155
f 3150/3194/3348 2960/3202/3154 3149/3193/3347
f 2952/3203/3146 3149/3193/3347 2960/3202/3154
f 3149/3193/3351 2952/3203/3359 3151/3195/3349
f 2954/3204/3360 3151/3195/3349 2952/3203/3359
f 3151/3195/3349 2954/3204/3360 3152/3143/3352
f 2962/3205/3156 3152/3143/3361 2954/3204/3148
f 3152/3143/3354 2962/3205/3362 3153/3196/3353
f 2964/3206/3363 3153/3196/3353 2962/3205/3362
f 3153/3196/3353 2964/3206/3363 3154/3197/3355
f 3137/3191/3335 3154/3197/3356 2964/3206/3158
f 3154/3197/3356 3137/3191/3335 3146/3190/3344
f 2943/3207/3137 2941/3208/3135 3157/3209/3364
f 2941/3208/3135 2939/3210/3133 3157/3209/3364
f 2939/3210/3133 2937/3211/3131 3157/3209/3364
f 2937/3211/3131 2935/3212/3129 3157/3209/3364
f 2935/3212/3129 3145/3213/3343 3157/3209/3364
f 3145/3213/3343 3144/3214/3342 3157/3209/3364
f 3144/3214/3342 3143/3215/3341 3157/3209/3364
f 3143/3215/3341 3142/3216/3340 3157/3209/3364
f 3142/3216/3340 2945/3217/3139 3157/3209/3364
f 2945/3217/3139 2943/3207/3137 3157/3209/3364
f 3069/3218/3265 3129/3219/3327 3067/3220/3263
f 3128/3221/3326 3067/3220/3263 3129/3219/3327
f 3129/3222/3327 3069/3223/3265 3126/3224/3324
f 3071/3225/3267 3126/3224/3324 3069/3223/3265
f 2973/3226/3167 2970/3227/3164 2975/3228/3169
f 2970/3227/3164 2976/3229/3170 2975/3228/3169
f 3092/3230/3290 3099/3231/3297 3090/3232/3288
f 3158/3233/3365 3090/3232/3288 3099/3231/3297
f 3099/3234/3297 3100/3235/3298 3158/3236/3365
f 3115/3237/3313 3158/3236/3365 3100/3235/3298
f 3100/3238/3298 3101/3239/3299 3115/3240/3313
f 3113/3241/3311 3115/3240/3313 3101/3239/3299
f 3104/3240/3302 3098/3238/3296 3094/3242/3292
f 3095/3243/3293 3094/3242/3292 3098/3238/3296
f 3106/3244/3304 3096/3245/3294 3104/3246/3302
f 3098/3247/3296 3104/3246/3302 3096/3245/3294
f 3116/3248/3314 3103/3249/3301 3106/3233/3304
f 3096/3231/3294 3106/3233/3304 3103/3249/3301
f 3158/3250/3365 3105/3115/3303 3090/3251/3288
f 3091/3252/3289 3090/3251/3288 3105/3115/3303
f 3105/3115/3303 3104/3253/3302 3091/3252/3289
f 3094/3254/3292 3091/3252/3289 3104/3253/3302
f 2933/3255/3127 3066/3256/3262 3128/3257/3326
f 3067/3258/3263 3128/3257/3326 3066/3256/3262
f 3126/3259/3324 3071/3260/3267 3124/3261/3322
f 3133/3262/3331 3075/3263/3271 3132/3264/3330
f 3076/3265/3272 3132/3264/3330 3075/3263/3271
f 3132/3264/3330 3076/3265/3272 2931/3255/3125
f 2932/3256/3126 2931/3255/3125 3076/3265/3272
f 3072/3266/3268 3124/3267/3322 3071/3268/3267
f 3134/3269/3332 3074/3270/3270 3133/3271/3331
f 3075/3272/3271 3133/3271/3331 3074/3270/3270
f 3124/3224/3322 3072/3225/3268 3135/3273/3333
f 3073/3274/3269 3135/3273/3333 3072/3225/3268
f 3135/3273/3333 3073/3274/3269 3134/3275/3332
f 3074/3276/3270 3134/3275/3332 3073/3274/3269
f 3159/3277/3366 3160/3278/3367 3161/3279/3368
f 3162/3280/3369 3163/3281/3370 3164/3282/3371
f 3163/3281/3370 3162/3280/3369 3165/3283/3372
f 3165/3283/3372 3166/3284/3373 3163/3281/3370
f 3166/3284/3373 3165/3283/3372 3167/3285/3374
f 3167/3285/3374 3168/3286/3375 3166/3284/3373
f 3168/3286/3375 3167/3285/3374 3169/3287/3376
f 3169/3287/3376 3170/3288/3377 3168/3286/3375
f 3164/3282/3371 3171/3289/3378 3162/3280/3369
f 3171/3289/3378 3164/3282/3371 3079/3290/3275
f 3077/3291/3273 3079/3290/3275 3164/3282/3371
f 3164/3282/3371 3172/3292/3379 3077/3291/3273
f 3172/3292/3379 3164/3282/3371 3163/3281/3370
f 3163/3281/3370 3173/3293/3380 3172/3292/3379
f 3173/3293/3380 3163/3281/3370 3166/3284/3373
f 3166/3284/3373 3174/3294/3380 3173/3293/3380
f 3174/3294/3380 3166/3284/3373 3168/3286/3375
f 3168/3286/3375 3175/3295/3381 3174/3294/3380
f 3175/3295/3381 3168/3286/3375 3170/3288/3377
f 3170/3288/3377 3176/3296/3382 3175/3295/3381
f 3079/3290/3275 3177/3297/3383 3171/3289/3378
f 3097/3298/3295 3102/3299/3300 3101/3300/3299
f 3178/3301/3384 3179/3302/3385 3180/3303/3386
f 3180/3303/3386 3181/3304/3387 3178/3301/3384
f 3182/3305/3388 3183/3306/3389 3184/3307/3390
f 3184/3307/3390 3185/3308/3391 3182/3305/3388
f 3186/3309/3392 3187/3310/3393 3188/3311/3394
f 3186/3309/3392 3189/3312/3395 3187/3310/3393
f 3190/3313/3396 3191/3314/3397 3114/3315/3312
f 3114/3315/3312 3192/3316/3398 3190/3313/3396
f 3193/3317/3399 3190/3313/3396 3192/3316/3398
f 3192/3316/3398 3194/3318/3400 3193/3317/3399
f 3195/3319/3401 3193/3317/3399 3194/3318/3400
f 3194/3318/3400 3196/3320/3402 3195/3319/3401
f 3197/3321/3403 3195/3319/3401 3196/3320/3402
f 3196/3320/3402 3198/3322/3404 3197/3321/3403
f 3199/3323/3405 3197/3321/3403 3198/3322/3404
f 3198/3322/3404 3200/3324/3406 3199/3323/3405
f 3191/3325/3397 3201/3326/3407 3111/3327/3309
f 3111/3327/3309 3114/3328/3312 3191/3325/3397
f 3201/3329/3407 3103/3330/3301 3116/3331/3314
f 3116/3331/3314 3111/3332/3309 3201/3329/3407
f 3202/3333/3408 3107/3334/3305 3109/3335/3307
f 3109/3335/3307 3203/3336/3409 3202/3333/3408
f 3203/3337/3409 3109/3338/3307 3113/3339/3311
f 3113/3339/3311 3101/3340/3299 3203/3337/3409
f 3204/3341/3410 3078/3342/3274 3077/3343/3273
f 3077/3343/3273 3172/3344/3379 3204/3341/3410
f 3205/3345/3411 3204/3341/3410 3172/3344/3379
f 3172/3344/3379 3173/3346/3380 3205/3345/3411
f 3206/3347/3411 3205/3345/3411 3173/3346/3380
f 3173/3346/3380 3174/3348/3380 3206/3347/3411
f 3207/3349/3412 3206/3347/3411 3174/3348/3380
f 3174/3348/3380 3175/3350/3381 3207/3349/3412
f 3208/3351/3413 3209/3352/3414 3078/3342/3274
f 3078/3342/3274 3204/3341/3410 3208/3351/3413
f 3210/3353/3415 3208/3351/3413 3204/3341/3410
f 3204/3341/3410 3205/3345/3411 3210/3353/3415
f 3211/3354/3415 3210/3353/3415 3205/3345/3411
f 3205/3345/3411 3206/3347/3411 3211/3354/3415
f 3212/3355/3416 3211/3354/3415 3206/3347/3411
f 3206/3347/3411 3207/3349/3412 3212/3355/3416
f 3213/3356/3417 3212/3355/3416 3207/3349/3412
f 3207/3349/3412 3214/3357/3418 3213/3356/3417
f 3214/3357/3418 3207/3349/3412 3175/3350/3381
f 3175/3350/3381 3176/3358/3382 3214/3357/3418
f 3202/3359/3408 3203/3360/3409 3215/3361/3419
f 3203/3360/3409 3101/3362/3299 3102/3363/3300
f 3102/3363/3300 3215/3361/3419 3203/3360/3409
f 3215/3361/3419 3102/3363/3300 3103/3364/3301
f 3103/3364/3301 3201/3365/3407 3215/3361/3419
f 3216/3366/3420 3215/3361/3419 3201/3365/3407
f 3215/3361/3419 3216/3366/3420 3202/3359/3408
f 3217/3367/3421 3202/3359/3408 3216/3366/3420
f 3216/3366/3420 3218/3368/3422 3217/3367/3421
f 3219/3369/3423 3217/3367/3421 3218/3368/3422
f 3218/3368/3422 3220/3370/3424 3219/3369/3423
f 3221/3371/3425 3219/3369/3423 3220/3370/3424
f 3220/3370/3424 3222/3372/3426 3221/3371/3425
f 3223/3373/3427 3221/3371/3425 3222/3372/3426
f 3222/3372/3426 3224/3374/3428 3223/3373/3427
f 3224/3374/3428 3222/3372/3426 3195/3375/3401
f 3195/3375/3401 3197/3376/3403 3224/3374/3428
f 3201/3365/3407 3191/3377/3397 3216/3366/3420
f 3218/3368/3422 3216/3366/3420 3191/3377/3397
f 3191/3377/3397 3190/3378/3396 3218/3368/3422
f 3220/3370/3424 3218/3368/3422 3190/3378/3396
f 3190/3378/3396 3193/3379/3399 3220/3370/3424
f 3222/3372/3426 3220/3370/3424 3193/3379/3399
f 3193/3379/3399 3195/3375/3401 3222/3372/3426
f 3158/3380/3365 3115/3381/3313 3105/3382/3303
f 3225/3383/3429 3226/3384/3430 3227/3385/3431
f 3226/3384/3430 3223/3386/3427 3224/3387/3428
f 3224/3387/3428 3227/3385/3431 3226/3384/3430
f 3227/3385/3431 3224/3387/3428 3197/3388/3403
f 3197/3388/3403 3199/3389/3405 3227/3385/3431
f 3228/3390/3432 3227/3385/3431 3199/3389/3405
f 3227/3385/3431 3228/3390/3432 3225/3383/3429
f 3229/3391/3433 3225/3383/3429 3228/3390/3432
f 3228/3390/3432 3230/3392/3434 3229/3391/3433
f 3230/3392/3434 3228/3390/3432 3200/3393/3406
f 3199/3389/3405 3200/3393/3406 3228/3390/3432
f 3200/3393/3406 3198/3394/3404 3230/3392/3434
f 3231/3395/3435 3229/3396/3433 3230/3397/3434
f 3232/3398/3436 3230/3397/3434 3198/3399/3404
f 3230/3397/3434 3232/3398/3436 3231/3395/3435
f 3233/3400/3437 3231/3395/3435 3232/3398/3436
f 3111/3401/3309 3116/3402/3314 3112/3299/3310
f 3234/3403/3438 3108/3298/3306 3107/3404/3305
f 3107/3404/3305 3235/3405/3439 3234/3403/3438
f 3236/3406/3440 3234/3403/3438 3235/3405/3439
f 3235/3405/3439 3233/3400/3437 3236/3406/3440
f 3232/3398/3436 3236/3406/3440 3233/3400/3437
f 3236/3406/3440 3232/3398/3436 3196/3407/3402
f 3198/3399/3404 3196/3407/3402 3232/3398/3436
f 3196/3407/3402 3194/3408/3400 3236/3406/3440
f 3234/3403/3438 3236/3406/3440 3194/3408/3400
f 3194/3408/3400 3192/3409/3398 3234/3403/3438
f 3108/3298/3306 3234/3403/3438 3192/3409/3398
f 3192/3409/3398 3114/3410/3312 3108/3298/3306
f 3237/3411/3441 3238/3412/3442 3239/3413/3443
f 3238/3412/3442 3240/3414/3444 3239/3413/3443
f 3239/3413/3443 3240/3414/3444 3241/3415/3445
f 3240/3414/3444 3242/3416/3446 3241/3415/3445
f 3241/3415/3445 3242/3416/3446 3243/3417/3447
f 3242/3416/3446 3244/3418/3448 3243/3417/3447
f 3243/3417/3447 3244/3418/3448 3245/3419/3449
f 3244/3418/3448 3246/3420/3450 3245/3419/3449
f 3244/3418/3448 3247/3421/3451 3246/3420/3450
f 3248/3422/3452 3249/3423/3453 3250/3424/3454
f 3249/3423/3453 3251/3425/3455 3250/3424/3454
f 3250/3424/3454 3251/3425/3455 3252/3426/3456
f 3251/3425/3455 3253/3427/3457 3252/3426/3456
f 3155/3428/3357 3147/3429/3345 3065/3430/3261
f 3065/3430/3261 3064/3431/3260 3155/3428/3357
f 3254/3432/3458 3149/3433/3459 2952/3434/3460
f 2952/3434/3460 2954/3435/3461 3254/3432/3458
f 3152/3436/3462 3254/3432/3458 2954/3435/3461
f 3255/3437/3463 3152/3436/3464 2962/3438/3465
f 2962/3438/3465 2964/3439/3466 3255/3437/3463
f 3154/3440/3467 3255/3437/3463 2964/3439/3466
f 3147/3429/3345 3155/3428/3357 3148/3441/3346
f 3155/3428/3357 3156/3442/3358 3148/3441/3346
f 3156/3442/3358 3150/3443/3348 3148/3441/3346
f 3149/3433/3459 3254/3432/3458 3148/3441/3468
f 3254/3432/3458 3152/3436/3462 3148/3441/3468
f 3152/3436/3464 3255/3437/3463 3148/3441/3469
f 3255/3437/3463 3154/3440/3467 3148/3441/3469
f 3107/3444/3305 3202/3445/3408 3217/3446/3421
f 3217/3446/3421 3235/3447/3439 3107/3444/3305
f 3235/3447/3439 3217/3446/3421 3219/3448/3423
f 3219/3448/3423 3233/3449/3437 3235/3447/3439
f 3233/3449/3437 3219/3448/3423 3221/3450/3425
f 3221/3450/3425 3231/3451/3435 3233/3449/3437
f 3231/3451/3435 3221/3450/3425 3223/3452/3427
f 3223/3452/3427 3229/3453/3433 3231/3451/3435
f 3229/3453/3433 3223/3452/3427 3226/3454/3430
f 3226/3454/3430 3225/3455/3429 3229/3453/3433
f 3080/3456/3470 3256/3457/3471 3177/3458/3383
f 3256/3457/3471 3080/3456/3470 3082/3459/3472
f 3209/3460/3414 3082/3459/3472 3080/3456/3279
f 3080/3456/3279 3078/3461/3274 3209/3460/3414
f 3177/3458/3383 3079/3462/3275 3080/3456/3470
f 3082/3459/3472 3257/3463/3473 3256/3457/3471
f 3258/3464/3474 3213/3465/3417 3214/3466/3418
f 3214/3466/3418 3259/3467/3475 3258/3464/3474
f 3259/3467/3475 3214/3466/3418 3176/3468/3382
f 3176/3468/3382 3170/3469/3377 3259/3467/3475
f 3260/3470/3476 3261/3471/3477 3262/3472/3478
f 3261/3471/3477 3252/3473/3456 3262/3472/3478
f 3261/3471/3477 3263/3474/3479 3252/3473/3456
f 3263/3474/3479 3250/3475/3454 3252/3473/3456
f 3263/3474/3479 3248/3476/3452 3250/3475/3454
f 3248/3476/3452 3263/3474/3479 3264/3477/3480
f 3265/3478/3481 3248/3476/3452 3264/3477/3480
f 3266/3479/3482 3267/3480/3483 3238/3481/3442
f 3267/3480/3483 3240/3482/3444 3238/3481/3442
f 3267/3480/3483 3268/3483/3484 3240/3482/3444
f 3268/3483/3484 3242/3484/3446 3240/3482/3444
f 3268/3483/3484 3269/3485/3485 3242/3484/3446
f 3269/3485/3485 3244/3486/3448 3242/3484/3446
f 3269/3485/3485 3270/3487/3486 3244/3486/3448
f 3270/3487/3486 3271/3488/3487 3244/3486/3448
f 3244/3486/3448 3271/3488/3487 3247/3489/3451
f 3272/3490/3488 3161/3491/3368 3160/3492/3367
f 3273/3493/3489 3258/3494/3474 3259/3495/3475
f 3259/3495/3475 3274/3496/3490 3273/3493/3489
f 3274/3496/3490 3259/3495/3475 3170/3497/3377
f 3170/3497/3377 3169/3498/3376 3274/3496/3490
f 3275/3499/3491 3160/3500/3367 3159/3501/3366
f 3276/3502/3492 3273/3503/3489 3274/3504/3490
f 3274/3504/3490 3277/3505/3493 3276/3502/3492
f 3277/3505/3493 3274/3504/3490 3169/3506/3376
f 3169/3506/3376 3167/3507/3374 3277/3505/3493
f 3160/3508/3367 3275/3509/3491 3272/3510/3488
f 3171/3511/3378 3177/3512/3383 3256/3513/3471
f 3256/3513/3471 3278/3514/3494 3171/3511/3378
f 3278/3514/3494 3256/3513/3471 3257/3515/3473
f 3257/3515/3473 3279/3516/3495 3278/3514/3494
f 3280/3517/3496 3278/3514/3494 3279/3516/3495
f 3279/3516/3495 3281/3518/3497 3280/3517/3496
f 3282/3519/3498 3280/3517/3496 3281/3518/3497
f 3280/3517/3496 3282/3519/3498 3165/3520/3372
f 3167/3521/3374 3165/3520/3372 3282/3519/3498
f 3165/3520/3372 3162/3522/3369 3280/3517/3496
f 3278/3514/3494 3280/3517/3496 3162/3522/3369
f 3162/3522/3369 3171/3511/3378 3278/3514/3494
f 3282/3519/3498 3277/3523/3493 3167/3521/3374
f 3277/3523/3493 3282/3519/3498 3283/3524/3499
f 3281/3518/3497 3283/3524/3499 3282/3519/3498
f 3283/3524/3499 3276/3525/3492 3277/3523/3493
f 3183/3526/3389 3182/3527/3388 3284/3528/3500
f 3284/3528/3500 3285/3529/3501 3183/3526/3389
f 3285/3529/3501 3284/3528/3500 3178/3530/3384
f 3178/3530/3384 3181/3531/3387 3285/3529/3501
f 3179/3532/3385 3178/3533/3384 3284/3534/3500
f 3284/3534/3500 3286/3535/3502 3179/3532/3385
f 3286/3535/3502 3284/3534/3500 3182/3536/3388
f 3182/3536/3388 3185/3537/3391 3286/3535/3502
f 3181/3538/3387 3180/3539/3386 3287/3540/3503
f 3287/3540/3503 3285/3541/3501 3181/3538/3387
f 3285/3541/3501 3287/3540/3503 3184/3542/3390
f 3184/3542/3390 3183/3543/3389 3285/3541/3501
f 3180/3544/3386 3179/3545/3385 3286/3546/3502
f 3286/3546/3502 3287/3547/3503 3180/3544/3386
f 3287/3547/3503 3286/3546/3502 3185/3548/3391
f 3185/3548/3391 3184/3549/3390 3287/3547/3503
f 3288/3550/3504 3289/3551/3505 3290/3552/3506
f 3289/3551/3505 3291/3553/3507 3290/3552/3506
f 3292/3554/3508 3293/3555/3509 3291/3556/3507
f 3293/3555/3509 3290/3557/3506 3291/3556/3507
f 3294/3558/3510 3295/3559/3511 3292/3560/3508
f 3295/3559/3511 3293/3561/3509 3292/3560/3508
f 3289/3562/3505 3288/3563/3504 3294/3564/3510
f 3288/3563/3504 3295/3565/3511 3294/3564/3510
f 3296/3566/3512 3297/3567/3513 3298/3568/3514
f 3297/3567/3513 3299/3569/3515 3298/3568/3514
f 3297/3570/3513 3189/3571/3395 3299/3572/3515
f 3189/3571/3395 3186/3573/3392 3299/3572/3515
f 3296/3574/3512 3187/3575/3393 3297/3576/3513
f 3187/3575/3393 3189/3577/3395 3297/3576/3513
f 3187/3578/3393 3296/3579/3512 3188/3580/3394
f 3296/3579/3512 3298/3581/3514 3188/3580/3394
f 3299/3582/3515 3186/3583/3392 3298/3584/3514
f 3186/3583/3392 3188/3585/3394 3298/3584/3514
f 3208/3586/3413 3210/3587/3415 3300/3588/3516
f 3301/3589/3517 3300/3588/3516 3210/3587/3415
f 3210/3587/3415 3211/3590/3415 3301/3589/3517
f 3302/3591/3518 3301/3589/3517 3211/3590/3415
f 3211/3590/3415 3212/3592/3416 3302/3591/3518
f 3212/3592/3416 3213/3593/3417 3258/3594/3474
f 3258/3594/3474 3302/3591/3518 3212/3592/3416
f 3302/3591/3518 3258/3594/3474 3273/3595/3489
f 3273/3595/3489 3276/3596/3492 3302/3591/3518
f 3301/3589/3517 3302/3591/3518 3276/3596/3492
f 3276/3596/3492 3283/3597/3499 3301/3589/3517
f 3300/3588/3516 3301/3589/3517 3283/3597/3499
f 3283/3597/3499 3281/3598/3497 3300/3588/3516
f 3303/3599/3519 3300/3588/3516 3281/3598/3497
f 3300/3588/3516 3303/3599/3519 3208/3586/3413
f 3209/3600/3414 3208/3586/3413 3303/3599/3519
f 3303/3599/3519 3082/3601/3472 3209/3600/3414
f 3082/3601/3472 3303/3599/3519 3279/3602/3495
f 3281/3598/3497 3279/3602/3495 3303/3599/3519
f 3279/3602/3495 3257/3603/3473 3082/3601/3472
f 3269/3604/3485 3243/3605/3447 3270/3606/3486
f 3243/3605/3447 3245/3607/3449 3270/3606/3486
f 3271/3608/3487 3270/3606/3486 3245/3607/3449
f 3246/3609/3450 3271/3608/3487 3245/3607/3449
f 3267/3610/3483 3239/3611/3443 3268/3612/3484
f 3239/3611/3443 3241/3613/3445 3268/3612/3484
f 3268/3612/3484 3241/3613/3445 3269/3614/3485
f 3241/3613/3445 3243/3615/3447 3269/3614/3485
f 3046/3616/3242 3045/3617/3241 3047/3618/3243
f 3045/3617/3241 3044/3619/3240 3047/3618/3243
f 3045/3617/3241 3043/3620/3239 3044/3619/3240
f 3266/3621/3482 3237/3622/3441 3267/3623/3483
f 3237/3622/3441 3239/3624/3443 3267/3623/3483
f 3304/3625/3520 3305/3626/3521 3249/3627/3453
f 3305/3626/3521 3306/3628/3522 3249/3627/3453
f 3249/3627/3453 3306/3628/3522 3251/3629/3455
f 3306/3628/3522 3253/3630/3457 3251/3629/3455
f 3306/3628/3522 3307/3631/3523 3253/3630/3457
f 3307/3631/3523 3308/3632/3524 3253/3630/3457
f 3307/3631/3523 3309/3633/3525 3308/3632/3524
f 3029/3634/3526 3035/3635/3527 3310/3636/3528
f 3035/3635/3527 3036/3637/3529 3310/3636/3528
f 3263/3638/3479 3306/3639/3522 3264/3640/3480
f 3306/3639/3522 3305/3641/3521 3264/3640/3480
f 3265/3642/3481 3264/3640/3480 3305/3641/3521
f 3304/3643/3520 3265/3642/3481 3305/3641/3521
f 3022/3644/3216 3026/3645/3220 3020/3646/3214
f 3022/3644/3216 3024/3647/3218 3026/3645/3220
f 3261/3648/3477 3307/3649/3523 3263/3650/3479
f 3307/3649/3523 3306/3651/3522 3263/3650/3479
f 3260/3652/3476 3309/3653/3525 3261/3654/3477
f 3309/3653/3525 3307/3655/3523 3261/3654/3477
f 3262/3656/3478 3308/3657/3524 3260/3658/3476
f 3308/3657/3524 3309/3659/3525 3260/3658/3476
f 3252/3660/3456 3253/3661/3457 3262/3662/3478
f 3253/3661/3457 3308/3663/3524 3262/3662/3478
f 2995/3664/3189 2992/3665/3186 2996/3666/3190
f 2998/3667/3192 3007/3668/3201 3001/3669/3195
f 3311/3670/3530 3312/3671/3531 3313/3672/3532
f 3314/3673/3533 3311/3670/3530 3313/3672/3532
f 3315/3674/3534 3311/3670/3530 3314/3673/3533
f 3316/3675/3535 3315/3674/3534 3314/3673/3533
f 3317/3676/3536 3315/3674/3534 3316/3675/3535
f 3318/3677/3537 3317/3676/3536 3316/3675/3535
f 3319/3678/3538 3317/3676/3536 3318/3677/3537
f 3320/3679/3539 3319/3678/3538 3318/3677/3537
f 3321/3680/3540 3319/3678/3538 3320/3679/3539
f 3321/3680/3540 3320/3679/3539 3322/3681/3541
f 3322/3681/3541 3320/3679/3539 3323/3682/3542
f 3320/3679/3539 3318/3677/3537 3323/3682/3542
f 3323/3682/3542 3318/3677/3537 3324/3683/3543
f 3318/3677/3537 3316/3675/3535 3324/3683/3543
f 3324/3683/3543 3316/3675/3535 3325/3684/3544
f 3316/3675/3535 3314/3673/3533 3325/3684/3544
f 3325/3684/3544 3314/3673/3533 3326/3685/3545
f 3314/3673/3533 3313/3672/3532 3326/3685/3545
f 3321/3680/3540 3322/3681/3541 3319/3678/3538
f 3319/3678/3538 3322/3681/3541 3317/3676/3536
f 3322/3681/3541 3323/3682/3542 3317/3676/3536
f 3317/3676/3536 3323/3682/3542 3315/3674/3534
f 3323/3682/3542 3324/3683/3543 3315/3674/3534
f 3315/3674/3534 3324/3683/3543 3311/3670/3530
f 3324/3683/3543 3325/3684/3544 3311/3670/3530
f 3311/3670/3530 3325/3684/3544 3312/3671/3531
f 3325/3684/3544 3326/3685/3545 3312/3671/3531
f 3312/3671/3531 3326/3685/3545 3327/3686/3546
f 3326/3685/3545 3328/3687/3547 3327/3686/3546
f 3327/3686/3546 3328/3687/3547 3329/3688/3548
f 3328/3687/3547 3330/3689/3549 3329/3688/3548
f 3329/3688/3548 3330/3689/3549 3331/3690/3550
f 3330/3689/3549 3332/3691/3551 3331/3690/3550
f 3331/3690/3550 3332/3691/3551 3333/3692/3552
f 3332/3691/3551 3334/3693/3553 3333/3692/3552
f 3333/3692/3552 3334/3693/3553 3335/3694/3554
f 3326/3685/3545 3313/3672/3532 3328/3687/3547
f 3313/3672/3532 3336/3695/3555 3328/3687/3547
f 3328/3687/3547 3336/3695/3555 3330/3689/3549
f 3336/3695/3555 3337/3696/3556 3330/3689/3549
f 3330/3689/3549 3337/3696/3556 3332/3691/3551
f 3337/3696/3556 3338/3697/3557 3332/3691/3551
f 3332/3691/3551 3338/3697/3557 3334/3693/3553
f 3338/3697/3557 3339/3698/3558 3334/3693/3553
f 3334/3693/3553 3339/3698/3558 3340/3699/3559
f 3339/3698/3558 3341/3700/3560 3340/3699/3559
f 3340/3699/3559 3341/3700/3560 3342/3701/3561
f 3341/3700/3560 3343/3702/3562 3342/3701/3561
f 3334/3693/3553 3340/3699/3559 3335/3694/3554
f 3335/3694/3554 3340/3699/3559 3344/3703/3563
f 3340/3699/3559 3342/3701/3561 3344/3703/3563
f 3345/3704/3564 3344/3703/3563 3342/3701/3561
f 3345/3704/3564 3342/3701/3561 3343/3702/3562
f 3345/3704/3564 3343/3702/3562 3344/3703/3563
f 3335/3694/3554 3344/3703/3563 3343/3702/3562
f 3341/3700/3560 3335/3694/3554 3343/3702/3562
f 3333/3692/3552 3335/3694/3554 3341/3700/3560
f 3339/3698/3558 3333/3692/3552 3341/3700/3560
f 3331/3690/3550 3333/3692/3552 3339/3698/3558
f 3338/3697/3557 3331/3690/3550 3339/3698/3558
f 3329/3688/3548 3331/3690/3550 3338/3697/3557
f 3337/3696/3556 3329/3688/3548 3338/3697/3557
f 3327/3686/3546 3329/3688/3548 3337/3696/3556
f 3336/3695/3555 3327/3686/3546 3337/3696/3556
f 3312/3671/3531 3327/3686/3546 3336/3695/3555
f 3313/3672/3532 3312/3671/3531 3336/3695/3555
f 3346/3705/3565 3347/3706/3566 3348/3707/3567
f 3347/3706/3566 3349/3708/3568 3348/3707/3567
f 3348/3707/3567 3349/3708/3568 3350/3709/3569
f 3349/3708/3568 3351/3710/3570 3350/3709/3569
f 3350/3709/3569 3351/3710/3570 3352/3711/3571
f 3351/3710/3570 3353/3712/3572 3352/3711/3571
f 3352/3711/3571 3353/3712/3572 3354/3712/3573
f 3353/3712/3572 3355/3713/3574 3354/3712/3573
f 3354/3712/3573 3355/3713/3574 3356/3713/3575
f 3355/3713/3574 3357/3714/3576 3356/3713/3575
f 3356/3713/3575 3357/3714/3576 3358/3714/3577
f 3357/3714/3576 3359/3712/3578 3358/3714/3577
f 3354/3712/3573 3356/3713/3575 3360/3712/3579
f 3360/3712/3579 3356/3713/3575 3361/3713/3580
f 3356/3713/3575 3358/3714/3577 3361/3713/3580
f 3362/3715/3581 3361/3713/3580 3358/3714/3577
f 3362/3715/3581 3358/3714/3577 3359/3712/3578
f 3362/3715/3581 3359/3712/3578 3361/3713/3580
f 3360/3712/3579 3361/3713/3580 3359/3712/3578
f 3357/3714/3576 3360/3712/3579 3359/3712/3578
f 3363/3714/3582 3360/3712/3579 3357/3714/3576
f 3355/3713/3574 3363/3714/3582 3357/3714/3576
f 3364/3716/3583 3363/3714/3582 3355/3713/3574
f 3353/3712/3572 3364/3716/3583 3355/3713/3574
f 3365/3717/3584 3364/3716/3583 3353/3712/3572
f 3351/3710/3570 3365/3717/3584 3353/3712/3572
f 3366/3718/3585 3365/3717/3584 3351/3710/3570
f 3349/3708/3568 3366/3718/3585 3351/3710/3570
f 3367/3719/3586 3366/3718/3585 3349/3708/3568
f 3347/3706/3566 3367/3719/3586 3349/3708/3568
f 3368/3720/3587 3369/3721/3588 3370/3722/3589
f 3370/3722/3589 3369/3721/3588 3371/3721/3590
f 3369/3721/3588 3372/3723/3591 3371/3721/3590
f 3371/3721/3590 3372/3723/3591 3373/3723/3592
f 3372/3723/3591 3374/3722/3593 3373/3723/3592
f 3373/3723/3592 3374/3722/3593 3375/3724/3594
f 3374/3722/3593 3376/3721/3595 3375/3724/3594
f 3375/3724/3594 3376/3721/3595 3367/3719/3586
f 3376/3721/3595 3346/3705/3565 3367/3719/3586
f 3367/3719/3586 3346/3705/3565 3366/3718/3585
f 3346/3705/3565 3348/3707/3567 3366/3718/3585
f 3366/3718/3585 3348/3707/3567 3365/3717/3584
f 3348/3707/3567 3350/3709/3569 3365/3717/3584
f 3365/3717/3584 3350/3709/3569 3364/3716/3583
f 3350/3709/3569 3352/3711/3571 3364/3716/3583
f 3364/3716/3583 3352/3711/3571 3363/3714/3582
f 3352/3711/3571 3354/3712/3573 3363/3714/3582
f 3363/3714/3582 3354/3712/3573 3360/3712/3579
f 3375/3724/3594 3367/3719/3586 3347/3706/3566
f 3377/3723/3596 3375/3724/3594 3347/3706/3566
f 3373/3723/3592 3375/3724/3594 3377/3723/3596
f 3378/3721/3597 3373/3723/3592 3377/3723/3596
f 3371/3721/3590 3373/3723/3592 3378/3721/3597
f 3379/3722/3598 3371/3721/3590 3378/3721/3597
f 3370/3722/3589 3371/3721/3590 3379/3722/3598
f 3380/3723/3599 3370/3722/3589 3379/3722/3598
f 3368/3720/3587 3370/3722/3589 3380/3723/3599
f 3368/3720/3587 3380/3723/3599 3369/3721/3588
f 3369/3721/3588 3380/3723/3599 3372/3723/3591
f 3380/3723/3599 3379/3722/3598 3372/3723/3591
f 3372/3723/3591 3379/3722/3598 3374/3722/3593
f 3379/3722/3598 3378/3721/3597 3374/3722/3593
f 3374/3722/3593 3378/3721/3597 3376/3721/3595
f 3378/3721/3597 3377/3723/3596 3376/3721/3595
f 3376/3721/3595 3377/3723/3596 3346/3705/3565
f 3377/3723/3596 3347/3706/3566 3346/3705/3565
f 3381/3725/3600 3382/3726/3601 3383/3727/3602
f 3384/3728/3603 3382/3726/3601 3381/3725/3600
f 3384/3728/3603 3385/3729/3604 3382/3726/3601
f 3386/3730/3605 3384/3728/3603 3381/3725/3600
f 3387/3731/3606 3388/3732/3607 3383/3727/3602
f 3388/3732/3607 3381/3725/3600 3383/3727/3602
f 3388/3732/3607 3389/3733/3608 3381/3725/3600
f 3389/3733/3608 3386/3730/3605 3381/3725/3600
f 3389/3733/3608 3390/3734/3609 3386/3730/3605
f 3390/3734/3609 3384/3728/3603 3386/3730/3605
f 3390/3734/3609 3391/3735/3610 3384/3728/3603
f 3391/3735/3610 3385/3729/3604 3384/3728/3603
f 3391/3735/3610 3392/3736/3611 3385/3729/3604
f 3392/3736/3611 3393/3737/3612 3385/3729/3604
f 3392/3736/3611 3394/3738/3613 3393/3737/3612
f 3394/3738/3613 3395/3739/3614 3393/3737/3612
f 3394/3738/3613 3396/3740/3615 3395/3739/3614
f 3396/3740/3615 3397/3741/3616 3395/3739/3614
f 3396/3740/3615 3398/3742/3617 3397/3741/3616
f 3398/3742/3617 3399/3743/3618 3397/3741/3616
f 3398/3742/3617 3400/3744/3619 3399/3743/3618
f 3400/3744/3619 3401/3745/3620 3399/3743/3618
f 3402/3746/3621 3397/3741/3616 3403/3747/3622
f 3397/3741/3616 3399/3743/3618 3403/3747/3622
f 3403/3747/3622 3399/3743/3618 3404/3748/3623
f 3399/3743/3618 3401/3745/3620 3404/3748/3623
f 3400/3744/3619 3405/3749/3624 3401/3745/3620
f 3405/3749/3624 3404/3748/3623 3401/3745/3620
f 3405/3749/3624 3406/3750/3625 3404/3748/3623
f 3406/3750/3625 3407/3751/3626 3404/3748/3623
f 3406/3750/3625 3408/3752/3627 3407/3751/3626
f 3408/3752/3627 3409/3753/3628 3407/3751/3626
f 3408/3752/3627 3410/3754/3629 3409/3753/3628
f 3410/3754/3629 3411/3755/3630 3409/3753/3628
f 3410/3754/3629 3387/3731/3606 3411/3755/3630
f 3387/3731/3606 3383/3727/3602 3411/3755/3630
f 3383/3727/3602 3412/3756/3631 3411/3755/3630
f 3382/3726/3601 3412/3756/3631 3383/3727/3602
f 3382/3726/3601 3413/3757/3632 3412/3756/3631
f 3385/3729/3604 3413/3757/3632 3382/3726/3601
f 3385/3729/3604 3393/3737/3612 3413/3757/3632
f 3393/3737/3612 3402/3746/3621 3413/3757/3632
f 3393/3737/3612 3395/3739/3614 3402/3746/3621
f 3395/3739/3614 3397/3741/3616 3402/3746/3621
f 3414/3758/3633 3407/3751/3626 3409/3753/3628
f 3403/3747/3622 3404/3748/3623 3407/3751/3626
f 3414/3758/3633 3403/3747/3622 3407/3751/3626
f 3402/3746/3621 3403/3747/3622 3414/3758/3633
f 3413/3757/3632 3402/3746/3621 3414/3758/3633
f 3413/3757/3632 3414/3758/3633 3412/3756/3631
f 3412/3756/3631 3414/3758/3633 3409/3753/3628
f 3412/3756/3631 3409/3753/3628 3411/3755/3630
f 3415/3759/3634 3416/3760/3635 3417/3761/3636
f 3416/3760/3635 3418/3762/3637 3417/3761/3636
f 3416/3760/3635 3419/3763/3638 3418/3762/3637
f 3419/3763/3638 3420/3764/3639 3418/3762/3637
f 3419/3763/3638 3421/3765/3640 3420/3764/3639
f 3421/3765/3640 3422/3766/3641 3420/3764/3639
f 3422/3766/3641 3423/3767/3642 3420/3764/3639
f 3423/3767/3642 3424/3768/3643 3420/3764/3639
f 3420/3764/3639 3424/3768/3643 3418/3762/3637
f 3424/3768/3643 3425/3769/3644 3418/3762/3637
f 3417/3761/3636 3418/3762/3637 3425/3769/3644
f 3426/3770/3645 3417/3761/3636 3425/3769/3644
f 3427/3771/3646 3428/3772/3647 3429/3773/3648
f 3430/3774/3649 3431/3775/3650 3432/3776/3651
f 3431/3775/3650 3433/3777/3652 3432/3776/3651
f 3432/3776/3651 3433/3777/3652 3434/3778/3653
f 3433/3777/3652 3435/3779/3654 3434/3778/3653
f 3434/3778/3653 3435/3779/3654 3436/3780/3655
f 3435/3779/3654 3437/3781/3656 3436/3780/3655
f 3436/3780/3655 3437/3781/3656 3438/3782/3657
f 3437/3781/3656 3439/3783/3658 3438/3782/3657
f 3438/3782/3657 3439/3783/3658 3440/3784/3659
f 3439/3783/3658 3441/3785/3660 3440/3784/3659
f 3440/3784/3659 3441/3785/3660 3442/3786/3661
f 3441/3785/3660 3443/3787/3662 3442/3786/3661
f 3441/3785/3660 3444/3788/3663 3443/3787/3662
f 3444/3788/3663 3445/3789/3664 3443/3787/3662
f 3444/3788/3663 3446/3790/3665 3445/3789/3664
f 3446/3790/3665 3429/3773/3648 3445/3789/3664
f 3446/3790/3665 3427/3771/3646 3429/3773/3648
f 3447/3791/3666 3427/3771/3646 3446/3790/3665
f 3431/3775/3650 3448/3792/3667 3433/3777/3652
f 3448/3792/3667 3449/3793/3668 3433/3777/3652
f 3433/3777/3652 3449/3793/3668 3435/3779/3654
f 3449/3793/3668 3450/3794/3669 3435/3779/3654
f 3435/3779/3654 3450/3794/3669 3437/3781/3656
f 3450/3794/3669 3451/3795/3670 3437/3781/3656
f 3437/3781/3656 3451/3795/3670 3439/3783/3658
f 3451/3795/3670 3452/3796/3671 3439/3783/3658
f 3439/3783/3658 3452/3796/3671 3441/3785/3660
f 3452/3796/3671 3444/3788/3663 3441/3785/3660
f 3453/3797/3672 3454/3798/3673 3430/3774/3649
f 3454/3798/3673 3431/3775/3650 3430/3774/3649
f 3454/3798/3673 3455/3799/3674 3431/3775/3650
f 3455/3799/3674 3448/3792/3667 3431/3775/3650
f 3455/3799/3674 3456/3800/3675 3448/3792/3667
f 3456/3800/3675 3457/3801/3676 3448/3792/3667
f 3448/3792/3667 3457/3801/3676 3449/3793/3668
f 3457/3801/3676 3458/3802/3677 3449/3793/3668
f 3449/3793/3668 3458/3802/3677 3450/3794/3669
f 3458/3802/3677 3459/3803/3678 3450/3794/3669
f 3450/3794/3669 3459/3803/3678 3451/3795/3670
f 3459/3803/3678 3460/3804/3679 3451/3795/3670
f 3451/3795/3670 3460/3804/3679 3452/3796/3671
f 3460/3804/3679 3461/3805/3680 3452/3796/3671
f 3452/3796/3671 3461/3805/3680 3444/3788/3663
f 3461/3805/3680 3446/3790/3665 3444/3788/3663
f 3461/3805/3680 3447/3791/3666 3446/3790/3665
f 3462/3806/3681 3447/3791/3666 3461/3805/3680
f 3460/3804/3679 3462/3806/3681 3461/3805/3680
f 3463/3807/3682 3462/3806/3681 3460/3804/3679
f 3459/3803/3678 3463/3807/3682 3460/3804/3679
f 3464/3808/3683 3463/3807/3682 3459/3803/3678
f 3458/3802/3677 3464/3808/3683 3459/3803/3678
f 3465/3809/3684 3464/3808/3683 3458/3802/3677
f 3457/3801/3676 3465/3809/3684 3458/3802/3677
f 3466/3810/3685 3465/3809/3684 3457/3801/3676
f 3456/3800/3675 3466/3810/3685 3457/3801/3676
f 3467/3811/3686 3466/3810/3685 3456/3800/3675
f 3468/3812/3687 3467/3811/3686 3456/3800/3675
f 3468/3812/3687 3456/3800/3675 3455/3799/3674
f 3469/3813/3688 3468/3812/3687 3455/3799/3674
f 3469/3813/3688 3455/3799/3674 3454/3798/3673
f 3470/3814/3689 3469/3813/3688 3454/3798/3673
f 3470/3814/3689 3454/3798/3673 3453/3797/3672
f 3471/3815/3690 3470/3814/3689 3453/3797/3672
