# Blender 4.2.3 LTS
# www.blender.org
o sq_30
v -0.600000 0.003986 0.600000
v -0.569168 0.128861 0.569168
v -0.600000 0.003986 -0.600000
v -0.569168 0.128861 -0.569168
v 0.600000 0.003986 0.600000
v 0.569168 0.128861 0.569168
v 0.600000 0.003986 -0.600000
v 0.569168 0.128861 -0.569168
vn -0.9708 0.2397 -0.0000
vn -0.0000 0.2397 -0.9708
vn 0.9708 0.2397 -0.0000
vn -0.0000 0.2397 0.9708
vn -0.0000 -1.0000 -0.0000
vn -0.0000 1.0000 -0.0000
vt 0.254453 0.246103
vt 0.250908 0.239866
vt 0.250908 0.009597
vt 0.254453 0.003360
vt 0.254399 0.246651
vt 0.250854 0.240400
vt 0.250854 0.009611
vt 0.254399 0.003360
vt 0.254421 0.246103
vt 0.250876 0.239866
vt 0.250876 0.009597
vt 0.254421 0.003360
vt 0.254724 0.246651
vt 0.251179 0.240400
vt 0.251179 0.009611
vt 0.254724 0.003360
vt 0.105066 0.192728
vt 0.105066 0.207177
vt 0.090649 0.207177
vt 0.090649 0.192728
vt 0.000884 0.248185
vt 0.000884 0.000886
vt 0.249129 0.000886
vt 0.249129 0.248185
s 0
f 1/1/1 2/2/1 4/3/1 3/4/1
f 3/5/2 4/6/2 8/7/2 7/8/2
f 7/9/3 8/10/3 6/11/3 5/12/3
f 5/13/4 6/14/4 2/15/4 1/16/4
f 3/17/5 7/18/5 5/19/5 1/20/5
f 8/21/6 4/22/6 2/23/6 6/24/6
o stap.merged
v -0.026318 0.601761 0.259845
v -0.032876 0.603228 0.302039
v -0.029840 0.618116 0.267074
v -0.020717 0.603170 0.184413
v -0.029103 0.600834 0.214397
v -0.034015 0.611714 0.213864
v -0.034015 0.611714 0.213864
v -0.029103 0.600834 0.214397
v -0.020717 0.603170 0.184413
v 0.004401 0.609477 0.307761
v 0.011272 0.608062 0.265615
v 0.007123 0.624312 0.272748
v 0.027792 0.611301 0.191859
v 0.028463 0.622187 0.223455
v 0.027346 0.610297 0.223062
v 0.027346 0.610297 0.223062
v 0.028463 0.622187 0.223455
v 0.027792 0.611301 0.191859
v -0.060292 0.589643 0.198070
v -0.059205 0.586184 0.194763
v -0.053504 0.590047 0.197324
v 0.064892 0.606986 0.213813
v 0.063777 0.610613 0.217117
v 0.057772 0.608701 0.214406
v 0.044548 0.519598 0.146053
v 0.040755 0.511479 0.149828
v 0.042233 0.514140 0.137266
v 0.044548 0.519598 0.146053
v 0.038156 0.523596 0.153502
v 0.040755 0.511479 0.149828
v 0.044548 0.519598 0.146053
v 0.039658 0.526003 0.141094
v 0.038156 0.523596 0.153502
v 0.044548 0.519598 0.146053
v 0.042233 0.514140 0.137266
v 0.039658 0.526003 0.141094
v 0.011686 0.506606 0.145366
v 0.006780 0.513267 0.140255
v 0.013172 0.509269 0.132805
v 0.009095 0.518725 0.149041
v 0.006780 0.513267 0.140255
v 0.011686 0.506606 0.145366
v 0.010595 0.521131 0.136633
v 0.006780 0.513267 0.140255
v 0.009095 0.518725 0.149041
v 0.013172 0.509269 0.132805
v 0.006780 0.513267 0.140255
v 0.010595 0.521131 0.136633
v 0.017956 0.607384 0.094050
v 0.014762 0.608451 0.114108
v 0.034461 0.616993 0.095927
v 0.014762 0.608451 0.114108
v 0.030196 0.621009 0.137927
v 0.034461 0.616993 0.095927
v 0.010900 0.609935 0.137228
v 0.030196 0.621009 0.137927
v 0.014762 0.608451 0.114108
v 0.010900 0.609935 0.137228
v 0.014762 0.608451 0.114108
v -0.009726 0.598277 0.136768
v -0.009726 0.598277 0.136768
v 0.014762 0.608451 0.114108
v 0.000349 0.597147 0.091765
v 0.000349 0.597147 0.091765
v 0.014762 0.608451 0.114108
v 0.017956 0.607384 0.094050
v -0.009726 0.598277 0.136768
v 0.014534 0.609756 0.114155
v 0.010900 0.609935 0.137228
v 0.030196 0.621009 0.137927
v 0.014534 0.609756 0.114155
v 0.034461 0.616993 0.095927
v 0.014534 0.609756 0.114155
v 0.017956 0.607384 0.094050
v 0.034461 0.616993 0.095927
v 0.017956 0.607384 0.094050
v 0.014534 0.609756 0.114155
v 0.000349 0.597147 0.091765
v 0.000349 0.597147 0.091765
v 0.014534 0.609756 0.114155
v -0.009726 0.598277 0.136768
v 0.010900 0.609935 0.137228
v 0.014534 0.609756 0.114155
v 0.030196 0.621009 0.137927
v 0.048559 0.508011 0.137268
v 0.037266 0.529227 0.137629
v 0.046824 0.531977 0.137889
v 0.045716 0.524869 0.224851
v 0.039703 0.523136 0.224671
v 0.047558 0.507359 0.222474
v 0.045623 0.532224 0.166991
v 0.048786 0.504201 0.163588
v 0.036413 0.529577 0.166728
v 0.044517 0.518839 0.221602
v 0.038508 0.524332 0.228306
v 0.046219 0.526536 0.228511
v 0.026653 0.503745 0.150569
v 0.027465 0.520981 0.159788
v 0.017734 0.519350 0.158294
v 0.041074 0.616972 0.071509
v 0.020646 0.606046 0.078843
v 0.037607 0.618304 0.093249
v 0.020646 0.606046 0.078843
v 0.000331 0.596281 0.086097
v 0.037607 0.618304 0.093249
v 0.003902 0.595073 0.064789
v 0.000331 0.596281 0.086097
v 0.020646 0.606046 0.078843
v 0.003902 0.595073 0.064789
v 0.020646 0.606046 0.078843
v 0.041074 0.616972 0.071509
v 0.020413 0.607408 0.078874
v 0.041074 0.616972 0.071509
v 0.037607 0.618304 0.093249
v 0.003902 0.595073 0.064789
v 0.041074 0.616972 0.071509
v 0.020413 0.607408 0.078874
v 0.003902 0.595073 0.064789
v 0.020413 0.607408 0.078874
v 0.000331 0.596281 0.086097
v 0.000331 0.596281 0.086097
v 0.020413 0.607408 0.078874
v 0.037607 0.618304 0.093249
v 0.012818 0.525104 0.133942
v 0.009416 0.501462 0.131241
v 0.003257 0.524697 0.131217
v -0.014770 0.496818 0.212820
v -0.013303 0.514129 0.216506
v -0.019323 0.513876 0.214807
v 0.004838 0.524221 0.161927
v 0.002597 0.496438 0.156452
v -0.004376 0.523826 0.159313
v -0.013672 0.515445 0.220243
v -0.015377 0.508669 0.212344
v -0.021379 0.515104 0.218041
v 0.010151 0.684446 0.099800
v 0.008802 0.687281 0.092134
v 0.014604 0.671616 0.091461
v -0.001364 0.687653 0.132250
v 0.000547 0.691410 0.115698
v 0.009574 0.689032 0.128508
v 0.001299 0.686023 0.090982
v -0.001252 0.682535 0.098049
v 0.001257 0.669379 0.089412
v -0.010574 0.685655 0.125415
v 0.000547 0.691410 0.115698
v -0.001364 0.687653 0.132250
v 0.013410 0.621734 0.109793
v 0.012690 0.621403 0.108545
v 0.014378 0.621672 0.107388
v 0.015159 0.620777 0.114287
v 0.011814 0.620878 0.119325
v 0.010300 0.619962 0.113541
v 0.003138 0.695168 0.099702
v 0.001683 0.694924 0.099479
v -0.000505 0.695054 0.118570
v -0.066132 0.578673 0.217912
v -0.078253 0.574437 0.212848
v -0.073287 0.590882 0.205037
v -0.067643 0.595025 0.212677
v -0.066132 0.578673 0.217912
v -0.073287 0.590882 0.205037
v -0.068004 0.570695 0.196719
v -0.062099 0.572200 0.198217
v -0.066275 0.580873 0.189337
v 0.081639 0.601266 0.239652
v 0.067881 0.601164 0.240744
v 0.074199 0.615631 0.229937
v 0.072057 0.594715 0.221071
v 0.078299 0.595246 0.221438
v 0.075650 0.604690 0.213383
v -0.083685 0.585682 0.191061
v -0.084190 0.585637 0.194401
v -0.084265 0.589187 0.191013
v -0.083685 0.585682 0.191061
v -0.083179 0.585727 0.187720
v -0.083102 0.582178 0.191095
v 0.088208 0.614496 0.217447
v 0.088713 0.614541 0.214106
v 0.087628 0.618001 0.217399
v 0.088208 0.614496 0.217447
v 0.087628 0.618001 0.217399
v 0.087675 0.614619 0.220786
v 0.088208 0.614496 0.217447
v 0.087675 0.614619 0.220786
v 0.088790 0.610992 0.217481
v 0.088208 0.614496 0.217447
v 0.088790 0.610992 0.217481
v 0.088713 0.614541 0.214106
v -0.083685 0.585682 0.191061
v -0.083102 0.582178 0.191095
v -0.084190 0.585637 0.194401
v -0.084265 0.589187 0.191013
v -0.083179 0.585727 0.187720
v 0.055872 0.257100 0.270529
v 0.052277 0.256619 0.281634
v 0.060637 0.190940 0.270761
v 0.046659 0.255888 0.290899
v 0.060637 0.190940 0.270761
v 0.047337 0.319176 0.280729
v 0.044065 0.255243 0.280373
v 0.043911 0.255095 0.268693
v 0.060637 0.190940 0.270761
v 0.028841 0.316075 0.277889
v 0.034086 0.317316 0.305725
v 0.032874 0.365977 0.306961
v 0.050381 0.319608 0.270471
v 0.019306 0.363703 0.304878
v 0.031989 0.378659 0.306712
v 0.028953 0.316017 0.267181
v 0.024700 0.364673 0.315158
v 0.034875 0.477302 0.268658
v 0.016134 0.376002 0.304278
v 0.023390 0.470664 0.303503
v -0.006806 0.470315 0.262260
v 0.004123 0.471625 0.332409
v -0.004505 0.465988 0.299221
v 0.022254 0.377138 0.317479
v -0.005020 0.492576 0.324024
v 0.008138 0.494782 0.326044
v -0.004923 0.524073 0.334067
v -0.010812 0.519738 0.323929
v 0.004729 0.522344 0.326314
v -0.021259 0.562451 0.320073
v -0.022359 0.544723 0.306246
v -0.012905 0.575387 0.330028
v 0.001659 0.566293 0.323592
v 0.012339 0.550540 0.311572
v 0.024700 0.364673 0.315158
v 0.032874 0.365977 0.306961
v 0.026084 0.364852 0.305947
v 0.019306 0.363703 0.304878
v -0.007050 0.625601 0.110700
v -0.019935 0.611520 0.110218
v -0.009769 0.612924 0.101031
v -0.018981 0.620672 0.120361
v -0.009769 0.612924 0.101031
v -0.018751 0.610390 0.104356
v -0.020679 0.613505 0.099429
v -0.019935 0.611520 0.110218
v -0.018981 0.620672 0.120361
v -0.025088 0.616658 0.113265
v -0.029228 0.621265 0.110518
v -0.025088 0.616658 0.113265
v -0.062107 0.573291 0.112634
v -0.056593 0.568901 0.117020
v -0.029228 0.621265 0.110518
v -0.056593 0.568901 0.117020
v -0.055306 0.567573 0.098367
v -0.049387 0.563005 0.103020
v -0.062107 0.573291 0.112634
v -0.055306 0.567573 0.098367
v -0.018751 0.610390 0.104356
v -0.049387 0.563005 0.103020
v -0.020679 0.613505 0.099429
v -0.076741 0.594204 0.175022
v -0.060182 0.595549 0.178817
v -0.062429 0.601063 0.176598
v -0.074496 0.588690 0.177246
v -0.064816 0.568719 0.114070
v -0.060182 0.595549 0.178817
v -0.074496 0.588690 0.177246
v -0.039842 0.580627 0.115842
v -0.062429 0.601063 0.176598
v -0.067155 0.574119 0.112229
v -0.076741 0.594204 0.175022
v -0.042187 0.586039 0.114000
v -0.067155 0.574119 0.112229
v -0.039842 0.580627 0.115842
v -0.064816 0.568719 0.114070
v -0.042187 0.586039 0.114000
v -0.016648 0.379419 0.268460
v -0.019218 0.390188 0.266160
v -0.017651 0.386962 0.261230
v -0.017911 0.379844 0.276201
v -0.018243 0.390466 0.266311
v -0.015673 0.379698 0.268611
v -0.016676 0.387240 0.261381
v -0.016936 0.380123 0.276353
v -0.019218 0.390188 0.266160
v -0.016936 0.380123 0.276353
v -0.018243 0.390466 0.266311
v -0.017911 0.379844 0.276201
v -0.017651 0.386962 0.261230
v -0.015673 0.379698 0.268611
v -0.016648 0.379419 0.268460
v -0.016676 0.387240 0.261381
v -0.017209 0.397979 0.273667
v -0.010595 0.384188 0.256394
v -0.010814 0.385474 0.255436
v -0.016990 0.396692 0.274624
v -0.019598 0.382993 0.254057
v -0.025775 0.394210 0.273244
v -0.025994 0.395497 0.272287
v -0.019379 0.381706 0.255014
v -0.019379 0.381706 0.255014
v -0.010814 0.385474 0.255436
v -0.010595 0.384188 0.256394
v -0.019598 0.382993 0.254057
v -0.017209 0.397979 0.273667
v -0.025775 0.394210 0.273244
v -0.016990 0.396692 0.274624
v -0.025994 0.395497 0.272287
v -0.025775 0.394210 0.273244
v -0.010595 0.384188 0.256394
v -0.016990 0.396692 0.274624
v -0.019379 0.381706 0.255014
v -0.067155 0.574119 0.112229
v -0.074496 0.588690 0.177246
v -0.076741 0.594204 0.175022
v -0.064816 0.568719 0.114070
v -0.039842 0.580627 0.115842
v -0.062429 0.601063 0.176598
v -0.060182 0.595549 0.178817
v -0.042187 0.586039 0.114000
v 0.038738 0.630348 0.129268
v 0.047715 0.628870 0.124758
v 0.050864 0.634697 0.123101
v 0.046022 0.622582 0.120655
v 0.039825 0.621233 0.108428
v 0.047607 0.621518 0.114735
v 0.050281 0.625403 0.110454
v 0.046022 0.622582 0.120655
v 0.030034 0.631806 0.115773
v 0.039825 0.621233 0.108428
v 0.038738 0.630348 0.129268
v 0.094467 0.599597 0.139904
v 0.047715 0.628870 0.124758
v 0.089461 0.593437 0.142336
v 0.050864 0.634697 0.123101
v 0.089461 0.593437 0.142336
v 0.095267 0.592870 0.124523
v 0.094467 0.599597 0.139904
v 0.089867 0.586397 0.127073
v 0.047607 0.621518 0.114735
v 0.095267 0.592870 0.124523
v 0.089867 0.586397 0.127073
v 0.050281 0.625403 0.110454
v 0.083644 0.621328 0.202187
v 0.067267 0.616727 0.201160
v 0.082901 0.615272 0.203966
v 0.068010 0.622782 0.199386
v 0.067267 0.616727 0.201160
v 0.098707 0.596473 0.141396
v 0.082901 0.615272 0.203966
v 0.071719 0.599005 0.135574
v 0.099466 0.602434 0.140015
v 0.068010 0.622782 0.199386
v 0.083644 0.621328 0.202187
v 0.072480 0.604979 0.134194
v 0.071719 0.599005 0.135574
v 0.099466 0.602434 0.140015
v 0.098707 0.596473 0.141396
v 0.072480 0.604979 0.134194
v 0.082901 0.615272 0.203966
v 0.099466 0.602434 0.140015
v 0.083644 0.621328 0.202187
v 0.098707 0.596473 0.141396
v -0.034015 0.611714 0.213864
v -0.043436 0.601059 0.212331
v -0.040904 0.610246 0.212810
v -0.029103 0.600834 0.214397
v 0.068010 0.622782 0.199386
v 0.071719 0.599005 0.135574
v 0.067267 0.616727 0.201160
v 0.072480 0.604979 0.134194
v 0.000216 0.663659 0.148164
v -0.001394 0.667883 0.154037
v -0.004294 0.662793 0.147390
v 0.004784 0.664314 0.148784
v -0.013605 0.408209 0.248269
v -0.023657 0.413823 0.256099
v -0.025667 0.407707 0.244836
v -0.016780 0.413999 0.232669
v -0.027682 0.384903 0.257509
v -0.023728 0.409172 0.238855
v -0.023854 0.375722 0.244019
v -0.034783 0.408529 0.291988
v -0.009280 0.388001 0.260353
v -0.014299 0.410761 0.240297
v -0.020257 0.410961 0.294213
v -0.005875 0.378738 0.246781
v -0.023728 0.409172 0.238855
v -0.005875 0.378738 0.246781
v -0.023854 0.375722 0.244019
v -0.014299 0.410761 0.240297
v -0.020257 0.410961 0.294213
v -0.023728 0.409172 0.238855
v -0.034783 0.408529 0.291988
v -0.014299 0.410761 0.240297
v -0.014770 0.496818 0.212820
v 0.004838 0.524221 0.161927
v -0.013303 0.514129 0.216506
v 0.002597 0.496438 0.156452
v -0.013303 0.514129 0.216506
v -0.004376 0.523826 0.159313
v -0.019323 0.513876 0.214807
v 0.004838 0.524221 0.161927
v -0.004376 0.523826 0.159313
v -0.014770 0.496818 0.212820
v -0.019323 0.513876 0.214807
v 0.002597 0.496438 0.156452
v 0.060637 0.190940 0.270761
v 0.043911 0.255095 0.268693
v 0.049897 0.256165 0.269501
v 0.055872 0.257100 0.270529
v 0.003257 0.524697 0.131217
v 0.002075 0.520079 0.161955
v 0.012818 0.525104 0.133942
v -0.003244 0.519842 0.160437
v 0.040802 0.615180 0.225262
v 0.028463 0.622187 0.223455
v 0.035451 0.623045 0.224531
v 0.027346 0.610297 0.223062
v -0.035521 0.606925 0.210246
v -0.032492 0.607158 0.216353
v -0.032989 0.606180 0.209575
v -0.035260 0.607636 0.215940
v -0.034486 0.604021 0.210885
v -0.032492 0.607158 0.216353
v -0.034344 0.604599 0.216038
v -0.032989 0.606180 0.209575
v -0.034486 0.604021 0.210885
v -0.035260 0.607636 0.215940
v -0.035521 0.606925 0.210246
v -0.034344 0.604599 0.216038
v -0.060367 0.593193 0.194682
v -0.052960 0.591171 0.194414
v -0.059282 0.589733 0.191389
v -0.054034 0.592951 0.196280
v -0.059205 0.586184 0.194763
v -0.052960 0.591171 0.194414
v -0.053504 0.590047 0.197324
v -0.059282 0.589733 0.191389
v 0.012818 0.525104 0.133942
v 0.000995 0.501734 0.158125
v 0.009416 0.501462 0.131241
v 0.002075 0.520079 0.161955
v -0.060292 0.589643 0.198070
v -0.054034 0.592951 0.196280
v -0.060367 0.593193 0.194682
v -0.053504 0.590047 0.197324
v -0.054034 0.592951 0.196280
v -0.032989 0.606180 0.209575
v -0.052960 0.591171 0.194414
v -0.035521 0.606925 0.210246
v -0.052960 0.591171 0.194414
v -0.034486 0.604021 0.210885
v -0.053504 0.590047 0.197324
v -0.032989 0.606180 0.209575
v -0.054034 0.592951 0.196280
v -0.034486 0.604021 0.210885
v -0.035521 0.606925 0.210246
v -0.053504 0.590047 0.197324
v 0.000995 0.501734 0.158125
v 0.003257 0.524697 0.131217
v 0.009416 0.501462 0.131241
v -0.003244 0.519842 0.160437
v 0.022254 0.377138 0.317479
v 0.016134 0.376002 0.304278
v 0.024100 0.377204 0.305378
v 0.031989 0.378659 0.306712
v 0.000331 0.596281 0.086097
v -0.003945 0.631452 0.066004
v 0.003902 0.595073 0.064789
v -0.007164 0.630388 0.088152
v 0.038229 0.638526 0.072493
v 0.037607 0.618304 0.093249
v 0.041074 0.616972 0.071509
v 0.034996 0.637454 0.094624
v 0.037607 0.618304 0.093249
v -0.007164 0.630388 0.088152
v 0.000331 0.596281 0.086097
v 0.034996 0.637454 0.094624
v -0.007164 0.630388 0.088152
v -0.002114 0.637165 0.072457
v -0.003945 0.631452 0.066004
v -0.003673 0.636660 0.083242
v -0.003945 0.631452 0.066004
v 0.032945 0.643061 0.077084
v 0.038229 0.638526 0.072493
v -0.002114 0.637165 0.072457
v 0.038229 0.638526 0.072493
v 0.031281 0.642519 0.088608
v 0.034996 0.637454 0.094624
v 0.032945 0.643061 0.077084
v -0.041614 0.605253 0.282844
v -0.054790 0.603044 0.280822
v -0.049479 0.611844 0.281743
v -0.046926 0.596452 0.281922
v 0.034996 0.637454 0.094624
v -0.003673 0.636660 0.083242
v -0.007164 0.630388 0.088152
v 0.031281 0.642519 0.088608
v -0.003945 0.631452 0.066004
v 0.041074 0.616972 0.071509
v 0.003902 0.595073 0.064789
v 0.038229 0.638526 0.072493
v -0.064123 0.602214 0.342523
v -0.060866 0.604947 0.363458
v -0.058822 0.611082 0.343444
v -0.062161 0.602780 0.363233
v -0.050947 0.604423 0.344546
v -0.060866 0.604947 0.363458
v -0.058942 0.603320 0.363727
v -0.058822 0.611082 0.343444
v 0.031281 0.642519 0.088608
v -0.002114 0.637165 0.072457
v -0.003673 0.636660 0.083242
v 0.032945 0.643061 0.077084
v 0.044855 0.588332 0.070202
v 0.003902 0.595073 0.064789
v 0.041074 0.616972 0.071509
v 0.006734 0.581942 0.064350
v -0.062114 0.602500 0.338420
v -0.051651 0.604253 0.340026
v -0.055886 0.597366 0.339293
v -0.057879 0.609387 0.339153
v -0.058942 0.603320 0.363727
v -0.062161 0.602780 0.363233
v -0.060237 0.601154 0.363502
v -0.060866 0.604947 0.363458
v -0.064123 0.602214 0.342523
v -0.057879 0.609387 0.339153
v -0.062114 0.602500 0.338420
v -0.058822 0.611082 0.343444
v 0.003704 0.580932 0.085172
v 0.003902 0.595073 0.064789
v 0.006734 0.581942 0.064350
v 0.000331 0.596281 0.086097
v 0.041830 0.587323 0.091024
v 0.041074 0.616972 0.071509
v 0.037607 0.618304 0.093249
v 0.044855 0.588332 0.070202
v -0.057879 0.609387 0.339153
v -0.050947 0.604423 0.344546
v -0.051651 0.604253 0.340026
v -0.058822 0.611082 0.343444
v -0.060367 0.593193 0.194682
v -0.083179 0.585727 0.187720
v -0.084265 0.589187 0.191013
v -0.059282 0.589733 0.191389
v -0.060292 0.589643 0.198070
v -0.084265 0.589187 0.191013
v -0.084190 0.585637 0.194401
v -0.060367 0.593193 0.194682
v -0.059205 0.586184 0.194763
v -0.084190 0.585637 0.194401
v -0.083102 0.582178 0.191095
v -0.060292 0.589643 0.198070
v -0.059282 0.589733 0.191389
v -0.083102 0.582178 0.191095
v -0.083179 0.585727 0.187720
v -0.059205 0.586184 0.194763
v -0.023812 0.603132 0.238897
v -0.005824 0.596534 0.260811
v -0.007970 0.606056 0.264390
v -0.019073 0.594088 0.239492
v -0.000123 0.597041 0.223115
v -0.023812 0.603132 0.238897
v -0.001152 0.606662 0.219313
v -0.019073 0.594088 0.239492
v -0.005824 0.596534 0.260811
v 0.014691 0.609586 0.244807
v -0.007970 0.606056 0.264390
v 0.013126 0.599486 0.244434
v 0.014691 0.609586 0.244807
v -0.000123 0.597041 0.223115
v -0.001152 0.606662 0.219313
v 0.013126 0.599486 0.244434
v -0.005824 0.596534 0.260811
v -0.000123 0.597041 0.223115
v 0.013126 0.599486 0.244434
v -0.019073 0.594088 0.239492
v 0.070472 0.405222 0.279928
v 0.070917 0.394098 0.281902
v 0.071527 0.401910 0.274919
v 0.069660 0.394524 0.289644
v 0.069905 0.394043 0.281748
v 0.069460 0.405167 0.279774
v 0.070515 0.401856 0.274766
v 0.068648 0.394469 0.289490
v 0.068648 0.394469 0.289490
v 0.070472 0.405222 0.279928
v 0.069460 0.405167 0.279774
v 0.069660 0.394524 0.289644
v 0.069905 0.394043 0.281748
v 0.071527 0.401910 0.274919
v 0.070917 0.394098 0.281902
v 0.070515 0.401856 0.274766
v 0.067460 0.397272 0.268376
v 0.063986 0.411589 0.286131
v 0.067527 0.398607 0.267462
v 0.063919 0.410255 0.287044
v 0.073035 0.410773 0.288412
v 0.076642 0.399125 0.268830
v 0.073101 0.412108 0.287499
v 0.076576 0.397791 0.269744
v 0.067527 0.398607 0.267462
v 0.076576 0.397791 0.269744
v 0.067460 0.397272 0.268376
v 0.076642 0.399125 0.268830
v 0.063986 0.411589 0.286131
v 0.073035 0.410773 0.288412
v 0.073101 0.412108 0.287499
v 0.063919 0.410255 0.287044
v 0.067460 0.397272 0.268376
v 0.073035 0.410773 0.288412
v 0.063919 0.410255 0.287044
v 0.076576 0.397791 0.269744
v 0.027815 0.617267 0.225610
v 0.032403 0.618311 0.220673
v 0.030554 0.616832 0.219329
v 0.030279 0.618622 0.226001
v 0.032209 0.615201 0.221123
v 0.027815 0.617267 0.225610
v 0.030554 0.616832 0.219329
v 0.030393 0.615450 0.225975
v 0.030279 0.618622 0.226001
v 0.032209 0.615201 0.221123
v 0.032403 0.618311 0.220673
v 0.030393 0.615450 0.225975
v 0.057773 0.609733 0.211412
v 0.063730 0.613995 0.213731
v 0.064815 0.610535 0.210438
v 0.057629 0.611669 0.213421
v 0.064892 0.606986 0.213813
v 0.057773 0.609733 0.211412
v 0.064815 0.610535 0.210438
v 0.057772 0.608701 0.214406
v 0.057629 0.611669 0.213421
v 0.063777 0.610613 0.217117
v 0.063730 0.613995 0.213731
v 0.057772 0.608701 0.214406
v 0.057629 0.611669 0.213421
v 0.030554 0.616832 0.219329
v 0.032403 0.618311 0.220673
v 0.057773 0.609733 0.211412
v 0.057773 0.609733 0.211412
v 0.032209 0.615201 0.221123
v 0.030554 0.616832 0.219329
v 0.057772 0.608701 0.214406
v 0.057629 0.611669 0.213421
v 0.032209 0.615201 0.221123
v 0.057772 0.608701 0.214406
v 0.032403 0.618311 0.220673
v 0.044855 0.588332 0.070202
v 0.003704 0.580932 0.085172
v 0.006734 0.581942 0.064350
v 0.041830 0.587323 0.091024
v 0.041830 0.587323 0.091024
v 0.000331 0.596281 0.086097
v 0.003704 0.580932 0.085172
v 0.037607 0.618304 0.093249
v 0.022977 0.544704 0.129787
v 0.015841 0.568836 0.131402
v 0.020679 0.566887 0.120530
v 0.017741 0.533999 0.149201
v 0.022977 0.544704 0.129787
v 0.021247 0.569742 0.132232
v 0.025443 0.535290 0.150383
v 0.020679 0.566887 0.120530
v 0.017741 0.533999 0.149201
v 0.021247 0.569742 0.132232
v 0.015841 0.568836 0.131402
v 0.025443 0.535290 0.150383
v 0.075897 0.424702 0.260463
v 0.063843 0.421222 0.260130
v 0.069489 0.428489 0.245908
v 0.068799 0.429300 0.270305
v 0.075405 0.425790 0.254072
v 0.070069 0.426105 0.308083
v 0.081261 0.403165 0.274233
v 0.084675 0.393915 0.260679
v 0.065975 0.424217 0.252619
v 0.062850 0.400092 0.271425
v 0.055545 0.423667 0.305849
v 0.066694 0.390903 0.257921
v 0.030414 0.617326 0.293901
v 0.017238 0.615118 0.291878
v 0.022550 0.623918 0.292800
v 0.025102 0.608526 0.292979
v 0.075405 0.425790 0.254072
v 0.066694 0.390903 0.257921
v 0.065975 0.424217 0.252619
v 0.084675 0.393915 0.260679
v 0.075405 0.425790 0.254072
v 0.055545 0.423667 0.305849
v 0.070069 0.426105 0.308083
v 0.065975 0.424217 0.252619
v 0.011162 0.617021 0.374515
v 0.021082 0.616497 0.355602
v 0.013206 0.623156 0.354501
v 0.013086 0.615394 0.374784
v 0.007906 0.614288 0.353580
v 0.011162 0.617021 0.374515
v 0.013206 0.623156 0.354501
v 0.009867 0.614855 0.374290
v 0.039703 0.523136 0.224671
v 0.045623 0.532224 0.166991
v 0.036413 0.529577 0.166728
v 0.045716 0.524869 0.224851
v 0.045623 0.532224 0.166991
v 0.047558 0.507359 0.222474
v 0.048786 0.504201 0.163588
v 0.045716 0.524869 0.224851
v 0.009914 0.614573 0.349476
v 0.020377 0.616327 0.351082
v 0.016143 0.609440 0.350349
v 0.014149 0.621461 0.350210
v 0.013086 0.615394 0.374784
v 0.009867 0.614855 0.374290
v 0.011791 0.613227 0.374559
v 0.011162 0.617021 0.374515
v 0.014149 0.621461 0.350210
v 0.021082 0.616497 0.355602
v 0.020377 0.616327 0.351082
v 0.013206 0.623156 0.354501
v 0.036413 0.529577 0.166728
v 0.047558 0.507359 0.222474
v 0.039703 0.523136 0.224671
v 0.048786 0.504201 0.163588
v 0.037266 0.529227 0.137629
v 0.048069 0.509647 0.165388
v 0.040197 0.526518 0.167786
v 0.048559 0.508011 0.137268
v 0.014149 0.621461 0.350210
v 0.007906 0.614288 0.353580
v 0.013206 0.623156 0.354501
v 0.009914 0.614573 0.349476
v 0.088713 0.614541 0.214106
v 0.063730 0.613995 0.213731
v 0.087628 0.618001 0.217399
v 0.064815 0.610535 0.210438
v 0.087628 0.618001 0.217399
v 0.063777 0.610613 0.217117
v 0.087675 0.614619 0.220786
v 0.063730 0.613995 0.213731
v 0.087675 0.614619 0.220786
v 0.064892 0.606986 0.213813
v 0.088790 0.610992 0.217481
v 0.063777 0.610613 0.217117
v 0.088790 0.610992 0.217481
v 0.064815 0.610535 0.210438
v 0.088713 0.614541 0.214106
v 0.064892 0.606986 0.213813
v 0.005676 0.592713 0.234680
v -0.009928 0.590314 0.250932
v 0.002920 0.592468 0.252904
v -0.007172 0.590559 0.232708
v -0.006574 0.570089 0.251167
v 0.002920 0.592468 0.252904
v -0.009928 0.590314 0.250932
v 0.006274 0.572243 0.253139
v 0.006274 0.572243 0.253139
v -0.003817 0.570334 0.232943
v 0.009030 0.572488 0.234915
v -0.006574 0.570089 0.251167
v -0.007172 0.590559 0.232708
v 0.009030 0.572488 0.234915
v -0.003817 0.570334 0.232943
v 0.005676 0.592713 0.234680
v 0.009030 0.572488 0.234915
v 0.002920 0.592468 0.252904
v 0.006274 0.572243 0.253139
v 0.005676 0.592713 0.234680
v -0.007172 0.590559 0.232708
v -0.006574 0.570089 0.251167
v -0.009928 0.590314 0.250932
v -0.003817 0.570334 0.232943
v 0.004943 0.589904 0.239019
v 0.004084 0.599722 0.236248
v 0.003628 0.599667 0.239279
v 0.005877 0.587633 0.235411
v -0.006882 0.587922 0.237204
v 0.003628 0.599667 0.239279
v -0.008885 0.597570 0.237358
v 0.004943 0.589904 0.239019
v -0.008428 0.597624 0.234327
v -0.006882 0.587922 0.237204
v -0.008885 0.597570 0.237358
v -0.005947 0.585651 0.233596
v 0.005877 0.587633 0.235411
v -0.008428 0.597624 0.234327
v 0.004084 0.599722 0.236248
v -0.005947 0.585651 0.233596
v -0.008312 0.587795 0.246663
v -0.010680 0.597424 0.249213
v -0.010219 0.597451 0.246183
v -0.008477 0.585426 0.250325
v 0.003512 0.589777 0.248478
v -0.010219 0.597451 0.246183
v 0.002294 0.599549 0.248103
v -0.008312 0.587795 0.246663
v 0.001833 0.599522 0.251134
v 0.003512 0.589777 0.248478
v 0.002294 0.599549 0.248103
v 0.003347 0.587408 0.252140
v -0.008477 0.585426 0.250325
v 0.001833 0.599522 0.251134
v -0.010680 0.597424 0.249213
v 0.003347 0.587408 0.252140
v 0.004261 0.571025 0.296992
v 0.003659 0.585460 0.251431
v 0.002876 0.574733 0.301968
v 0.004337 0.581892 0.250909
v -0.007252 0.579950 0.249130
v 0.004261 0.571025 0.296992
v -0.017173 0.567432 0.293702
v 0.004337 0.581892 0.250909
v -0.007930 0.583518 0.249652
v -0.017173 0.567432 0.293702
v -0.018558 0.571140 0.298678
v -0.007252 0.579950 0.249130
v 0.003659 0.585460 0.251431
v -0.018558 0.571140 0.298678
v 0.002876 0.574733 0.301968
v -0.007930 0.583518 0.249652
v 0.005934 0.574949 0.248088
v 0.006272 0.561730 0.294045
v 0.007233 0.556177 0.293846
v 0.004934 0.579108 0.250056
v -0.005655 0.573006 0.246309
v 0.007233 0.556177 0.293846
v -0.014200 0.552584 0.290556
v 0.005934 0.574949 0.248088
v -0.005655 0.573006 0.246309
v -0.015162 0.558137 0.290754
v -0.006654 0.577165 0.248277
v -0.014200 0.552584 0.290556
v 0.004934 0.579108 0.250056
v -0.015162 0.558137 0.290754
v 0.006272 0.561730 0.294045
v -0.006654 0.577165 0.248277
v 0.004592 0.561710 0.292261
v 0.001949 0.575968 0.275119
v 0.002404 0.571103 0.296255
v 0.003402 0.569200 0.273046
v -0.010278 0.573918 0.273242
v -0.013419 0.558691 0.289496
v -0.015607 0.568084 0.293490
v -0.008825 0.567151 0.271169
v -0.008825 0.567151 0.271169
v 0.001949 0.575968 0.275119
v 0.003402 0.569200 0.273046
v -0.010278 0.573918 0.273242
v 0.040197 0.526518 0.167786
v 0.046824 0.531977 0.137889
v 0.037266 0.529227 0.137629
v 0.045518 0.528039 0.167929
v 0.046824 0.531977 0.137889
v 0.048069 0.509647 0.165388
v 0.048559 0.508011 0.137268
v 0.045518 0.528039 0.167929
v 0.009949 0.635416 0.115599
v -0.002515 0.628134 0.097975
v -0.006428 0.632795 0.113074
v 0.013067 0.630674 0.100467
v 0.028654 0.633359 0.102760
v 0.009949 0.635416 0.115599
v 0.026289 0.638280 0.118096
v 0.013067 0.630674 0.100467
v 0.006398 0.572003 0.100435
v 0.007306 0.565612 0.134729
v -0.002738 0.589249 0.136477
v 0.013125 0.553817 0.109469
v 0.004347 0.571462 0.300492
v 0.001547 0.575834 0.313958
v 0.002701 0.571316 0.311376
v 0.003990 0.576051 0.297804
v 0.006730 0.562131 0.295160
v 0.003990 0.576051 0.297804
v 0.004347 0.571462 0.300492
v 0.007527 0.562201 0.289890
v 0.007466 0.552653 0.300711
v 0.007527 0.562201 0.289890
v 0.006730 0.562131 0.295160
v 0.008620 0.548135 0.298129
v 0.005820 0.552506 0.311595
v 0.008620 0.548135 0.298129
v 0.007466 0.552653 0.300711
v 0.006177 0.547917 0.314283
v 0.003437 0.561838 0.316928
v 0.006177 0.547917 0.314283
v 0.005820 0.552506 0.311595
v 0.002640 0.561767 0.322197
v 0.002701 0.571316 0.311376
v 0.002640 0.561767 0.322197
v 0.003437 0.561838 0.316928
v 0.001547 0.575834 0.313958
v -0.020057 0.567501 0.307883
v -0.018768 0.572236 0.294311
v -0.018411 0.567647 0.296999
v -0.021211 0.572019 0.310465
v -0.019320 0.558023 0.313434
v -0.021211 0.572019 0.310465
v -0.020057 0.567501 0.307883
v -0.020118 0.557952 0.318704
v -0.016938 0.548692 0.308102
v -0.020118 0.557952 0.318704
v -0.019320 0.558023 0.313434
v -0.016581 0.544102 0.310789
v -0.015291 0.548838 0.297217
v -0.016581 0.544102 0.310789
v -0.016938 0.548692 0.308102
v -0.014138 0.544320 0.294636
v -0.016028 0.558316 0.291666
v -0.014138 0.544320 0.294636
v -0.015291 0.548838 0.297217
v -0.015231 0.558387 0.286396
v -0.018411 0.567647 0.296999
v -0.015231 0.558387 0.286396
v -0.016028 0.558316 0.291666
v -0.018768 0.572236 0.294311
v 0.013668 0.591915 0.138873
v 0.007306 0.565612 0.134729
v 0.018146 0.567528 0.136336
v -0.002738 0.589249 0.136477
v 0.022103 0.574540 0.102896
v 0.013125 0.553817 0.109469
v 0.006398 0.572003 0.100435
v 0.024000 0.555693 0.111118
v -0.002738 0.589249 0.136477
v 0.012740 0.594077 0.142559
v -0.009473 0.590333 0.139281
v 0.013668 0.591915 0.138873
v 0.023103 0.573569 0.097441
v 0.006398 0.572003 0.100435
v 0.002078 0.569960 0.094118
v 0.022103 0.574540 0.102896
v 0.006398 0.572003 0.100435
v -0.009473 0.590333 0.139281
v 0.002078 0.569960 0.094118
v -0.002738 0.589249 0.136477
v 0.024000 0.555693 0.111118
v 0.007306 0.565612 0.134729
v 0.013125 0.553817 0.109469
v 0.018146 0.567528 0.136336
v 0.029000 0.569249 0.138059
v 0.037793 0.577265 0.105254
v 0.030012 0.594739 0.141504
v 0.034887 0.557465 0.112810
v 0.013668 0.591915 0.138873
v 0.029000 0.569249 0.138059
v 0.030012 0.594739 0.141504
v 0.018146 0.567528 0.136336
v 0.034887 0.557465 0.112810
v 0.022103 0.574540 0.102896
v 0.037793 0.577265 0.105254
v 0.024000 0.555693 0.111118
v 0.012740 0.594077 0.142559
v 0.030012 0.594739 0.141504
v 0.034921 0.597775 0.146095
v 0.013668 0.591915 0.138873
v 0.037793 0.577265 0.105254
v 0.023103 0.573569 0.097441
v 0.044183 0.577018 0.100581
v 0.022103 0.574540 0.102896
v 0.034921 0.597775 0.146095
v 0.037793 0.577265 0.105254
v 0.044183 0.577018 0.100581
v 0.030012 0.594739 0.141504
v 0.029000 0.569249 0.138059
v 0.024000 0.555693 0.111118
v 0.034887 0.557465 0.112810
v 0.018146 0.567528 0.136336
v 0.025096 0.523974 0.138619
v 0.013172 0.509269 0.132805
v 0.010595 0.521131 0.136633
v 0.027843 0.511379 0.134474
v 0.025096 0.523974 0.138619
v 0.009095 0.518725 0.149041
v 0.023484 0.521488 0.151832
v 0.010595 0.521131 0.136633
v 0.026251 0.508634 0.147843
v 0.009095 0.518725 0.149041
v 0.011686 0.506606 0.145366
v 0.023484 0.521488 0.151832
v 0.026251 0.508634 0.147843
v 0.013172 0.509269 0.132805
v 0.027843 0.511379 0.134474
v 0.011686 0.506606 0.145366
v 0.025096 0.523974 0.138619
v 0.042233 0.514140 0.137266
v 0.027843 0.511379 0.134474
v 0.039658 0.526003 0.141094
v 0.038156 0.523596 0.153502
v 0.025096 0.523974 0.138619
v 0.023484 0.521488 0.151832
v 0.039658 0.526003 0.141094
v 0.026251 0.508634 0.147843
v 0.038156 0.523596 0.153502
v 0.023484 0.521488 0.151832
v 0.040755 0.511479 0.149828
v 0.042233 0.514140 0.137266
v 0.026251 0.508634 0.147843
v 0.027843 0.511379 0.134474
v 0.040755 0.511479 0.149828
v 0.027128 0.620631 0.266456
v 0.023231 0.615873 0.265803
v 0.014397 0.618830 0.351352
v 0.011145 0.614858 0.350807
v 0.023231 0.615873 0.265803
v 0.028452 0.612644 0.266549
v 0.015503 0.612162 0.351430
v -0.044868 0.608563 0.255404
v -0.057598 0.606761 0.340301
v -0.039647 0.605333 0.256150
v -0.053240 0.604065 0.340924
v -0.043544 0.600575 0.255497
v -0.056492 0.600093 0.340378
v -0.039647 0.605333 0.256150
v -0.018411 0.567647 0.296999
v 0.004347 0.571462 0.300492
v -0.020057 0.567501 0.307883
v 0.002701 0.571316 0.311376
v -0.019320 0.558023 0.313434
v 0.003437 0.561838 0.316928
v -0.016938 0.548692 0.308102
v 0.005820 0.552506 0.311595
v -0.015291 0.548838 0.297217
v 0.007466 0.552653 0.300711
v -0.016028 0.558316 0.291666
v 0.006730 0.562131 0.295160
v -0.018411 0.567647 0.296999
v 0.004347 0.571462 0.300492
v -0.027362 0.483400 0.249594
v -0.006806 0.470315 0.262260
v -0.022907 0.481476 0.291043
v -0.004505 0.465988 0.299221
v -0.015780 0.497562 0.310545
v -0.005020 0.492576 0.324024
v -0.010812 0.519738 0.323929
v -0.017592 0.517138 0.310553
v -0.022359 0.544723 0.306246
v -0.027697 0.533018 0.285466
v 0.027465 0.520981 0.159788
v 0.025443 0.535290 0.150383
v 0.017734 0.519350 0.158294
v 0.017741 0.533999 0.149201
v 0.009924 0.532236 0.141549
v 0.019540 0.535827 0.135887
v 0.022977 0.544704 0.129787
v 0.028143 0.518840 0.124375
v 0.027465 0.520981 0.159788
v 0.035288 0.536488 0.145443
v 0.025443 0.535290 0.150383
v 0.027125 0.537099 0.137052
v 0.022977 0.544704 0.129787
v 0.028143 0.518840 0.124375
v -0.041614 0.605253 0.282844
v -0.046094 0.604854 0.312464
v -0.046926 0.596452 0.281922
v -0.051406 0.596054 0.311542
v -0.054790 0.603044 0.280822
v -0.059270 0.602646 0.310441
v -0.054790 0.603044 0.280822
v -0.059270 0.602646 0.310441
v -0.049479 0.611844 0.281743
v -0.053959 0.611446 0.311363
v -0.041614 0.605253 0.282844
v -0.046094 0.604854 0.312464
v -0.043544 0.600575 0.255497
v -0.056492 0.600093 0.340378
v -0.048765 0.603804 0.254751
v -0.060851 0.602789 0.339755
v -0.044868 0.608563 0.255404
v -0.057598 0.606761 0.340301
v 0.007123 0.624312 0.272748
v 0.011272 0.608062 0.265615
v 0.021071 0.621556 0.272324
v 0.033993 0.614617 0.270167
v 0.028101 0.622353 0.273269
v -0.020257 0.410961 0.294213
v -0.034783 0.408529 0.291988
v -0.009280 0.388001 0.260353
v -0.027682 0.384903 0.257509
v -0.005875 0.378738 0.246781
v -0.023854 0.375722 0.244019
v -0.013672 0.515445 0.220243
v -0.021379 0.515104 0.218041
v -0.016666 0.503496 0.230503
v -0.023693 0.503152 0.228512
v -0.021894 0.489005 0.238523
v 0.015159 0.620777 0.114287
v 0.010300 0.619962 0.113541
v 0.006535 0.678356 0.107830
v 0.001607 0.677530 0.107073
v 0.003138 0.695168 0.099702
v 0.001683 0.694924 0.099479
v -0.043436 0.601059 0.212331
v -0.050226 0.600500 0.257239
v -0.040904 0.610246 0.212810
v -0.048284 0.609548 0.261544
v -0.034015 0.611714 0.213864
v -0.041414 0.611082 0.262732
v -0.029840 0.618116 0.267074
v -0.003537 0.623509 0.216454
v -0.020717 0.603170 0.184413
v 0.003224 0.611061 0.186002
v 0.027792 0.611301 0.191859
v -0.011980 0.623503 0.271461
v 0.028463 0.622187 0.223455
v -0.032876 0.603228 0.302039
v 0.007123 0.624312 0.272748
v -0.015344 0.610282 0.307816
v 0.021071 0.621556 0.272324
v 0.004401 0.609477 0.307761
v 0.028101 0.622353 0.273269
v 0.035451 0.623045 0.224531
v 0.033993 0.614617 0.270167
v 0.040802 0.615180 0.225262
v 0.036494 0.638594 0.113141
v 0.050864 0.634697 0.123101
v 0.050281 0.625403 0.110454
v 0.094467 0.599597 0.139904
v 0.095267 0.592870 0.124523
v -0.068861 0.591626 0.183968
v -0.062914 0.597419 0.179078
v -0.071696 0.594868 0.194314
v -0.064735 0.604388 0.197315
v -0.073287 0.590882 0.205037
v -0.067643 0.595025 0.212677
v -0.078253 0.574437 0.212848
v -0.066132 0.578673 0.217912
v -0.082722 0.590944 0.209267
v -0.067643 0.595025 0.212677
v -0.082651 0.600319 0.193222
v -0.064735 0.604388 0.197315
v -0.074667 0.594747 0.176391
v -0.062914 0.597419 0.179078
v 0.015769 0.382687 0.307989
v 0.014431 0.387098 0.307842
v -0.050647 0.370813 0.240394
v -0.050886 0.372341 0.240330
v -0.047078 0.371177 0.216646
v 0.067881 0.601164 0.240744
v 0.065559 0.617379 0.235385
v 0.074199 0.615631 0.229937
v 0.064436 0.626067 0.219404
v 0.074743 0.619433 0.218254
v 0.075730 0.617180 0.209385
v 0.070234 0.622586 0.200562
v 0.072057 0.594715 0.221071
v 0.075650 0.604690 0.213383
v 0.071702 0.600483 0.210295
v 0.075730 0.617180 0.209385
v 0.070234 0.622586 0.200562
v 0.026950 0.542179 0.293854
v 0.012339 0.550540 0.311572
v 0.015576 0.522698 0.315645
v 0.004729 0.522344 0.326314
v 0.020185 0.503591 0.316066
v 0.008138 0.494782 0.326044
v 0.023390 0.470664 0.303503
v 0.037434 0.491591 0.300306
v 0.034875 0.477302 0.268658
v 0.052938 0.496861 0.261921
v 0.075730 0.617180 0.209385
v 0.080845 0.601555 0.211078
v 0.082128 0.623897 0.201530
v 0.075650 0.604690 0.213383
v 0.078299 0.595246 0.221438
v 0.081453 0.618490 0.236729
v 0.067881 0.601164 0.240744
v 0.081639 0.601266 0.239652
v 0.065559 0.617379 0.235385
v 0.083083 0.628127 0.220924
v 0.064436 0.626067 0.219404
v 0.082128 0.623897 0.201530
v 0.070234 0.622586 0.200562
v -0.049387 0.563005 0.103020
v -0.018751 0.610390 0.104356
v -0.019935 0.611520 0.110218
v -0.056593 0.568901 0.117020
v -0.025088 0.616658 0.113265
v -0.020679 0.613505 0.099429
v -0.029228 0.621265 0.110518
v -0.013975 0.630137 0.105581
v -0.062107 0.573291 0.112634
v -0.055306 0.567573 0.098367
v -0.068954 0.579369 0.184628
v -0.068004 0.570695 0.196719
v -0.066275 0.580873 0.189337
v -0.068861 0.591626 0.183968
v -0.074667 0.594747 0.176391
v -0.066275 0.580873 0.189337
v -0.062099 0.572200 0.198217
v -0.062408 0.580808 0.186094
v -0.068861 0.591626 0.183968
v -0.062914 0.597419 0.179078
v -0.073287 0.590882 0.205037
v -0.078253 0.574437 0.212848
v -0.082722 0.590944 0.209267
v -0.082651 0.600319 0.193222
v -0.071696 0.594868 0.194314
v -0.074667 0.594747 0.176391
v -0.068861 0.591626 0.183968
v 0.112260 0.399689 0.265373
v 0.112511 0.398163 0.265440
v 0.116110 0.398532 0.241696
v 0.028947 0.389531 0.310070
v 0.029103 0.384923 0.310036
v 0.046022 0.622582 0.120655
v 0.047607 0.621518 0.114735
v 0.089867 0.586397 0.127073
v 0.089461 0.593437 0.142336
v 0.047715 0.628870 0.124758
v -0.014138 0.544320 0.294636
v 0.006177 0.547917 0.314283
v -0.016581 0.544102 0.310789
v 0.008620 0.548135 0.298129
v -0.015231 0.558387 0.286396
v 0.007527 0.562201 0.289890
v -0.018768 0.572236 0.294311
v 0.003990 0.576051 0.297804
v -0.021211 0.572019 0.310465
v 0.001547 0.575834 0.313958
v -0.020118 0.557952 0.318704
v 0.002640 0.561767 0.322197
v -0.041414 0.611082 0.262732
v -0.026318 0.601761 0.259845
v -0.029840 0.618116 0.267074
v -0.050226 0.600500 0.257239
v -0.048284 0.609548 0.261544
v 0.054537 0.502309 0.265539
v 0.031175 0.498929 0.308057
v 0.037990 0.499535 0.262999
v 0.047722 0.501703 0.310597
v 0.061535 0.521451 0.266855
v 0.054720 0.520845 0.311913
v 0.048738 0.537274 0.265132
v 0.041923 0.536669 0.310190
v 0.032191 0.534501 0.262592
v 0.025377 0.533895 0.307650
v 0.018401 0.514702 0.306265
v 0.025321 0.515352 0.261192
v 0.081261 0.403165 0.274233
v 0.066694 0.390903 0.257921
v 0.084675 0.393915 0.260679
v 0.062850 0.400092 0.271425
v 0.070069 0.426105 0.308083
v 0.055545 0.423667 0.305849
v 0.020622 0.608128 0.322599
v 0.030414 0.617326 0.293901
v 0.025934 0.616928 0.323520
v 0.025102 0.608526 0.292979
v 0.012758 0.614719 0.321498
v 0.017238 0.615118 0.291878
v 0.018756 0.616134 0.351975
v 0.027128 0.620631 0.266456
v 0.014397 0.618830 0.351352
v 0.032349 0.617401 0.267202
v 0.015503 0.612162 0.351430
v 0.028452 0.612644 0.266549
v 0.035288 0.536488 0.145443
v 0.028143 0.518840 0.124375
v 0.027125 0.537099 0.137052
v 0.029248 0.505841 0.131374
v 0.027465 0.520981 0.159788
v 0.026653 0.503745 0.150569
v 0.017734 0.519350 0.158294
v 0.029248 0.505841 0.131374
v 0.009924 0.532236 0.141549
v 0.028143 0.518840 0.124375
v 0.019540 0.535827 0.135887
v 0.018070 0.623519 0.322420
v 0.017238 0.615118 0.291878
v 0.012758 0.614719 0.321498
v 0.022550 0.623918 0.292800
v 0.025934 0.616928 0.323520
v 0.030414 0.617326 0.293901
v 0.048955 0.515402 0.239753
v 0.041919 0.513424 0.239548
v 0.048807 0.500920 0.249441
v 0.046219 0.526536 0.228511
v 0.038508 0.524332 0.228306
v -0.002515 0.628134 0.097975
v -0.000540 0.611126 0.090555
v -0.006428 0.632795 0.113074
v -0.010235 0.614232 0.131721
v 0.000349 0.597147 0.091765
v -0.009726 0.598277 0.136768
v -0.009473 0.590333 0.139281
v 0.002078 0.569960 0.094118
v 0.081639 0.601266 0.239652
v 0.074199 0.615631 0.229937
v 0.081453 0.618490 0.236729
v 0.083083 0.628127 0.220924
v 0.074743 0.619433 0.218254
v 0.075730 0.617180 0.209385
v 0.082128 0.623897 0.201530
v 0.047337 0.319176 0.280729
v 0.039667 0.317813 0.268826
v 0.050381 0.319608 0.270471
v 0.038093 0.317642 0.279263
v 0.028841 0.316075 0.277889
v 0.028953 0.316017 0.267181
v -0.021706 0.490065 0.299939
v -0.012052 0.482587 0.284258
v -0.015440 0.485193 0.300674
v -0.014891 0.490670 0.254882
v -0.008140 0.509743 0.256055
v 0.000064 0.503127 0.302869
v -0.014851 0.509128 0.301161
v -0.007015 0.505487 0.312074
v -0.015440 0.485193 0.300674
v -0.021706 0.490065 0.299939
v 0.044517 0.518839 0.221602
v 0.041919 0.513424 0.239548
v 0.038508 0.524332 0.228306
v 0.047142 0.509828 0.225845
v 0.042707 0.488667 0.241660
v 0.048807 0.500920 0.249441
v 0.054288 0.484749 0.223025
v 0.068799 0.429300 0.270305
v 0.069489 0.428489 0.245908
v 0.063843 0.421222 0.260130
v -0.074667 0.594747 0.176391
v -0.062914 0.597419 0.179078
v -0.062408 0.580808 0.186094
v -0.068954 0.579369 0.184628
v -0.068004 0.570695 0.196719
v -0.062099 0.572200 0.198217
v 0.021082 0.616497 0.355602
v 0.011791 0.613227 0.374559
v 0.015781 0.607629 0.354681
v 0.013086 0.615394 0.374784
v 0.009867 0.614855 0.374290
v 0.007906 0.614288 0.353580
v 0.015781 0.607629 0.354681
v 0.011814 0.620878 0.119325
v 0.001607 0.677530 0.107073
v 0.010300 0.619962 0.113541
v 0.003051 0.678539 0.113440
v -0.000505 0.695054 0.118570
v 0.001683 0.694924 0.099479
v -0.004666 0.683477 0.094281
v 0.001257 0.669379 0.089412
v -0.001252 0.682535 0.098049
v -0.007777 0.692241 0.098459
v 0.002434 0.691182 0.103658
v 0.004398 0.683617 0.099125
v 0.010151 0.684446 0.099800
v 0.012822 0.695694 0.101621
v 0.014030 0.686611 0.097150
v 0.014604 0.671616 0.091461
v -0.050947 0.604423 0.344546
v -0.055886 0.597366 0.339293
v -0.051651 0.604253 0.340026
v -0.056247 0.595555 0.343625
v -0.056247 0.595555 0.343625
v -0.064123 0.602214 0.342523
v -0.062114 0.602500 0.338420
v -0.064123 0.602214 0.342523
v -0.060237 0.601154 0.363502
v -0.062161 0.602780 0.363233
v -0.056247 0.595555 0.343625
v -0.050947 0.604423 0.344546
v -0.056247 0.595555 0.343625
v -0.058942 0.603320 0.363727
v 0.020622 0.608128 0.322599
v 0.017767 0.615683 0.332950
v 0.012758 0.614719 0.321498
v 0.025934 0.616928 0.323520
v 0.018070 0.623519 0.322420
v 0.025934 0.616928 0.323520
v 0.012758 0.614719 0.321498
v -0.021706 0.490065 0.299939
v -0.031757 0.487843 0.252293
v -0.014891 0.490670 0.254882
v -0.038572 0.487238 0.297350
v -0.051210 0.503088 0.295652
v -0.044395 0.503694 0.250594
v -0.044756 0.522139 0.296884
v -0.037941 0.522745 0.251826
v -0.020304 0.525701 0.254534
v -0.027120 0.525095 0.299591
v -0.014851 0.509128 0.301161
v -0.008140 0.509743 0.256055
v 0.016134 0.376002 0.304278
v 0.019306 0.363703 0.304878
v 0.024100 0.377204 0.305378
v 0.026084 0.364852 0.305947
v 0.032874 0.365977 0.306961
v 0.031989 0.378659 0.306712
v 0.018401 0.514702 0.306265
v 0.026704 0.492257 0.307144
v 0.031175 0.498929 0.308057
v 0.009309 0.508224 0.314580
v 0.006365 0.504183 0.303836
v 0.025321 0.515352 0.261192
v 0.029272 0.489514 0.290601
v 0.037990 0.499535 0.262999
v 0.031175 0.498929 0.308057
v 0.026704 0.492257 0.307144
v -0.054261 0.603609 0.321893
v -0.046094 0.604854 0.312464
v -0.053959 0.611446 0.311363
v -0.059270 0.602646 0.310441
v -0.059270 0.602646 0.310441
v -0.051406 0.596054 0.311542
v -0.046094 0.604854 0.312464
v 0.055872 0.257100 0.270529
v 0.049897 0.256165 0.269501
v 0.052277 0.256619 0.281634
v 0.048167 0.256036 0.280911
v 0.044065 0.255243 0.280373
v 0.043911 0.255095 0.268693
v 0.047337 0.319176 0.280729
v 0.052277 0.256619 0.281634
v 0.038093 0.317642 0.279263
v 0.048167 0.256036 0.280911
v 0.044065 0.255243 0.280373
v 0.028841 0.316075 0.277889
v 0.040802 0.615180 0.225262
v 0.033993 0.614617 0.270167
v 0.027346 0.610297 0.223062
v 0.011272 0.608062 0.265615
v -0.000835 0.605558 0.218456
v 0.027792 0.611301 0.191859
v 0.003224 0.611061 0.186002
v -0.020717 0.603170 0.184413
v -0.029103 0.600834 0.214397
v -0.007523 0.604912 0.262730
v -0.026318 0.601761 0.259845
v 0.004401 0.609477 0.307761
v -0.050226 0.600500 0.257239
v -0.015344 0.610282 0.307816
v -0.043436 0.601059 0.212331
v -0.032876 0.603228 0.302039
v -0.023693 0.503152 0.228512
v -0.021379 0.515104 0.218041
v -0.015377 0.508669 0.212344
v -0.016179 0.499098 0.216066
v -0.028562 0.478868 0.228324
v -0.021894 0.489005 0.238523
v -0.013920 0.473208 0.212520
v -0.023657 0.413823 0.256099
v -0.016780 0.413999 0.232669
v -0.025667 0.407707 0.244836
v -0.016666 0.503496 0.230503
v -0.015377 0.508669 0.212344
v -0.013672 0.515445 0.220243
v -0.016179 0.499098 0.216066
v -0.010239 0.479674 0.233529
v -0.013920 0.473208 0.212520
v -0.021894 0.489005 0.238523
v -0.016780 0.413999 0.232669
v -0.023657 0.413823 0.256099
v -0.013605 0.408209 0.248269
v 0.014604 0.671616 0.091461
v 0.008802 0.687281 0.092134
v 0.014030 0.686611 0.097150
v 0.012822 0.695694 0.101621
v 0.002831 0.698966 0.092568
v 0.005029 0.686793 0.091547
v 0.001299 0.686023 0.090982
v -0.007777 0.692241 0.098459
v -0.004666 0.683477 0.094281
v 0.001257 0.669379 0.089412
v 0.004398 0.683617 0.099125
v 0.008802 0.687281 0.092134
v 0.010151 0.684446 0.099800
v 0.005029 0.686793 0.091547
v 0.001299 0.686023 0.090982
v -0.001252 0.682535 0.098049
v 0.015159 0.620777 0.114287
v 0.006535 0.678356 0.107830
v 0.011814 0.620878 0.119325
v 0.003051 0.678539 0.113440
v -0.000505 0.695054 0.118570
v 0.003138 0.695168 0.099702
v 0.052938 0.496861 0.261921
v 0.034875 0.477302 0.268658
v 0.012935 0.487802 0.257344
v 0.014035 0.473808 0.265459
v -0.006806 0.470315 0.262260
v -0.027362 0.483400 0.249594
v 0.034461 0.616993 0.095927
v 0.034921 0.597775 0.146095
v 0.044183 0.577018 0.100581
v 0.030196 0.621009 0.137927
v 0.026289 0.638280 0.118096
v 0.028654 0.633359 0.102760
v 0.036494 0.638594 0.113141
v 0.050281 0.625403 0.110454
v 0.039825 0.621233 0.108428
v 0.030034 0.631806 0.115773
v 0.038738 0.630348 0.129268
v 0.050864 0.634697 0.123101
v 0.046219 0.526536 0.228511
v 0.048955 0.515402 0.239753
v 0.044517 0.518839 0.221602
v 0.047142 0.509828 0.225845
v 0.061029 0.493912 0.242176
v 0.054288 0.484749 0.223025
v 0.048807 0.500920 0.249441
v 0.069489 0.428489 0.245908
v 0.068799 0.429300 0.270305
v 0.075897 0.424702 0.260463
v 0.034875 0.477302 0.268658
v 0.050381 0.319608 0.270471
v 0.014035 0.473808 0.265459
v 0.039667 0.317813 0.268826
v 0.028953 0.316017 0.267181
v -0.006806 0.470315 0.262260
v 0.015781 0.607629 0.354681
v 0.007906 0.614288 0.353580
v 0.016143 0.609440 0.350349
v 0.009914 0.614573 0.349476
v 0.020377 0.616327 0.351082
v 0.021082 0.616497 0.355602
v 0.015781 0.607629 0.354681
v -0.029228 0.621265 0.110518
v -0.018981 0.620672 0.120361
v -0.013975 0.630137 0.105581
v -0.007050 0.625601 0.110700
v -0.009769 0.612924 0.101031
v -0.020679 0.613505 0.099429
v 0.070234 0.622586 0.200562
v 0.082128 0.623897 0.201530
v 0.071702 0.600483 0.210295
v 0.080845 0.601555 0.211078
v 0.078299 0.595246 0.221438
v 0.072057 0.594715 0.221071
v -0.047078 0.371177 0.216646
v 0.014890 0.382298 0.249074
v -0.050647 0.370813 0.240394
v 0.013595 0.381836 0.265960
v 0.015769 0.382687 0.307989
v 0.047218 0.387718 0.254036
v 0.043604 0.386866 0.270566
v 0.112511 0.398163 0.265440
v 0.116110 0.398532 0.241696
v 0.029103 0.384923 0.310036
v -0.047078 0.371177 0.216646
v -0.050886 0.372341 0.240330
v 0.014890 0.382298 0.249074
v 0.012757 0.385389 0.265887
v 0.014431 0.387098 0.307842
v 0.047218 0.387718 0.254036
v 0.043248 0.390500 0.270568
v 0.112260 0.399689 0.265373
v 0.028947 0.389531 0.310070
v 0.116110 0.398532 0.241696
v 0.002078 0.569960 0.094118
v 0.000349 0.597147 0.091765
v 0.023103 0.573569 0.097441
v 0.017956 0.607384 0.094050
v 0.044183 0.577018 0.100581
v -0.000540 0.611126 0.090555
v 0.034461 0.616993 0.095927
v 0.016939 0.614063 0.093380
v -0.002515 0.628134 0.097975
v 0.028654 0.633359 0.102760
v 0.013067 0.630674 0.100467
v 0.012740 0.594077 0.142559
v -0.009726 0.598277 0.136768
v -0.009473 0.590333 0.139281
v 0.010900 0.609935 0.137228
v 0.034921 0.597775 0.146095
v -0.010235 0.614232 0.131721
v 0.030196 0.621009 0.137927
v 0.010013 0.617582 0.134657
v -0.006428 0.632795 0.113074
v 0.026289 0.638280 0.118096
v 0.009949 0.635416 0.115599
v -0.029588 0.506441 0.275627
v -0.020304 0.525701 0.254534
v -0.008140 0.509743 0.256055
v -0.037941 0.522745 0.251826
v -0.044395 0.503694 0.250594
v -0.031757 0.487843 0.252293
v -0.014891 0.490670 0.254882
v -0.008140 0.509743 0.256055
v 0.039913 0.518098 0.286880
v 0.018401 0.514702 0.306265
v 0.031175 0.498929 0.308057
v 0.047722 0.501703 0.310597
v 0.054720 0.520845 0.311913
v 0.041923 0.536669 0.310190
v 0.025377 0.533895 0.307650
v 0.018401 0.514702 0.306265
v -0.029674 0.506433 0.276198
v -0.014851 0.509128 0.301161
v -0.027120 0.525095 0.299591
v -0.044756 0.522139 0.296884
v -0.051210 0.503088 0.295652
v -0.038572 0.487238 0.297350
v -0.021706 0.490065 0.299939
v -0.014851 0.509128 0.301161
v 0.040000 0.518106 0.286309
v 0.037990 0.499535 0.262999
v 0.025321 0.515352 0.261192
v 0.054537 0.502309 0.265539
v 0.061535 0.521451 0.266855
v 0.048738 0.537274 0.265132
v 0.032191 0.534501 0.262592
v 0.025321 0.515352 0.261192
v -0.022359 0.544723 0.306246
v -0.000259 0.537687 0.288821
v -0.027697 0.533018 0.285466
v -0.005002 0.548016 0.308435
v -0.021259 0.562451 0.320073
v 0.012339 0.550540 0.311572
v 0.026950 0.542179 0.293854
v 0.001659 0.566293 0.323592
v -0.009519 0.563352 0.321118
v -0.012905 0.575387 0.330028
v -0.007777 0.692241 0.098459
v -0.012034 0.695882 0.115459
v 0.002831 0.698966 0.092568
v -0.003404 0.710803 0.120261
v -0.010574 0.685655 0.125415
v 0.010537 0.699665 0.118923
v 0.012822 0.695694 0.101621
v 0.009574 0.689032 0.128508
v -0.004230 0.693787 0.144224
v -0.004294 0.662793 0.147390
v 0.004784 0.664314 0.148784
v -0.001394 0.667883 0.154037
v -0.027697 0.533018 0.285466
v -0.000259 0.537687 0.288821
v -0.017592 0.517138 0.310553
v 0.000898 0.516911 0.303969
v 0.015576 0.522698 0.315645
v 0.026950 0.542179 0.293854
v 0.003084 0.505937 0.301712
v -0.015780 0.497562 0.310545
v 0.020185 0.503591 0.316066
v 0.006792 0.494669 0.289858
v -0.022907 0.481476 0.291043
v 0.037434 0.491591 0.300306
v -0.027362 0.483400 0.249594
v 0.052938 0.496861 0.261921
v 0.012935 0.487802 0.257344
v -0.001364 0.687653 0.132250
v 0.004784 0.664314 0.148784
v 0.000216 0.663659 0.148164
v -0.004294 0.662793 0.147390
v 0.009574 0.689032 0.128508
v -0.010574 0.685655 0.125415
v 0.000547 0.691410 0.115698
v 0.010537 0.699665 0.118923
v -0.012034 0.695882 0.115459
v 0.012822 0.695694 0.101621
v -0.007777 0.692241 0.098459
v 0.002434 0.691182 0.103658
v 0.003139 0.694539 0.100902
v 0.014378 0.621672 0.107388
v 0.002009 0.694338 0.102162
v 0.002198 0.694347 0.103403
v 0.012690 0.621403 0.108545
v 0.013410 0.621734 0.109793
v -0.000453 0.630504 0.071503
v -0.015924 0.724850 0.074053
v -0.000712 0.630320 0.073521
v -0.001831 0.630310 0.072310
v -0.015537 0.725112 0.071314
v -0.017423 0.724838 0.072440
v 0.035211 0.581293 0.112507
v 0.033767 0.576828 0.117611
v 0.042503 0.573652 0.115598
v 0.035379 0.574548 0.109630
v 0.039386 0.572573 0.117689
v 0.040306 0.571401 0.113371
v 0.037701 0.548760 0.137295
v 0.035923 0.547006 0.134037
v 0.035043 0.550939 0.137071
v 0.022047 0.546341 0.139221
v 0.023281 0.538959 0.138504
v 0.023529 0.540861 0.135939
v 0.000283 0.566575 0.109117
v 0.006560 0.572268 0.113435
v 0.005325 0.576283 0.107919
v 0.008164 0.569986 0.105452
v 0.002827 0.566445 0.112077
v 0.003632 0.565254 0.107741
v 0.006215 0.543482 0.132462
v 0.009328 0.542548 0.129954
v 0.007981 0.546402 0.132917
v 0.020539 0.546088 0.138989
v 0.021989 0.538742 0.138306
v 0.021908 0.540589 0.135691
v -0.004173 0.626916 0.112118
v -0.012592 0.625265 0.110313
v -0.004263 0.622047 0.119630
v -0.001502 0.620064 0.107314
v -0.013880 0.620047 0.117739
v -0.011103 0.618125 0.105203
v -0.011789 0.613220 0.112729
v -0.015990 0.618087 0.110740
v -0.001588 0.615132 0.114831
v 0.035054 0.633251 0.117627
v 0.027587 0.624940 0.111779
v 0.026409 0.632043 0.116812
v 0.025849 0.627095 0.124253
v 0.037480 0.626268 0.112660
v 0.035711 0.628360 0.125352
v 0.037465 0.621477 0.120289
v 0.040282 0.627520 0.119379
v 0.027042 0.619931 0.119226
v -0.018511 0.723028 0.072357
v -0.016473 0.735090 0.069473
v -0.014185 0.723824 0.069692
v -0.015306 0.724334 0.076262
v -0.020797 0.734269 0.072138
v -0.017594 0.735600 0.076041
v 0.215136 0.601761 -0.223064
v 0.208578 0.603228 -0.180870
v 0.211615 0.618116 -0.215835
v 0.220738 0.603170 -0.298496
v 0.212351 0.600834 -0.268512
v 0.207439 0.611714 -0.269045
v 0.207439 0.611714 -0.269045
v 0.212351 0.600834 -0.268512
v 0.220738 0.603170 -0.298496
v 0.245855 0.609477 -0.175148
v 0.252727 0.608062 -0.217294
v 0.248578 0.624313 -0.210161
v 0.269247 0.611301 -0.291050
v 0.269917 0.622187 -0.259454
v 0.268801 0.610297 -0.259847
v 0.268801 0.610297 -0.259847
v 0.269917 0.622187 -0.259454
v 0.269247 0.611301 -0.291050
v 0.181162 0.589643 -0.284839
v 0.182250 0.586184 -0.288146
v 0.187950 0.590048 -0.285585
v 0.306347 0.606986 -0.269097
v 0.305232 0.610613 -0.265792
v 0.299227 0.608701 -0.268503
v 0.286003 0.519598 -0.336857
v 0.282210 0.511479 -0.333081
v 0.283688 0.514140 -0.345643
v 0.286003 0.519598 -0.336857
v 0.279610 0.523596 -0.329407
v 0.282210 0.511479 -0.333081
v 0.286003 0.519598 -0.336857
v 0.281113 0.526003 -0.341815
v 0.279610 0.523596 -0.329407
v 0.286003 0.519598 -0.336857
v 0.283688 0.514140 -0.345643
v 0.281113 0.526003 -0.341815
v 0.253140 0.506606 -0.337543
v 0.248234 0.513267 -0.342654
v 0.254627 0.509269 -0.350104
v 0.250549 0.518725 -0.333868
v 0.248234 0.513267 -0.342654
v 0.253140 0.506606 -0.337543
v 0.252050 0.521131 -0.346276
v 0.248234 0.513267 -0.342654
v 0.250549 0.518725 -0.333868
v 0.254627 0.509269 -0.350104
v 0.248234 0.513267 -0.342654
v 0.252050 0.521131 -0.346276
v 0.259410 0.607384 -0.388859
v 0.256217 0.608451 -0.368801
v 0.275916 0.616993 -0.386982
v 0.256217 0.608451 -0.368801
v 0.271651 0.621009 -0.344982
v 0.275916 0.616993 -0.386982
v 0.252355 0.609935 -0.345681
v 0.271651 0.621009 -0.344982
v 0.256217 0.608451 -0.368801
v 0.252355 0.609935 -0.345681
v 0.256217 0.608451 -0.368801
v 0.231728 0.598277 -0.346141
v 0.231728 0.598277 -0.346141
v 0.256217 0.608451 -0.368801
v 0.241804 0.597147 -0.391144
v 0.241804 0.597147 -0.391144
v 0.256217 0.608451 -0.368801
v 0.259410 0.607384 -0.388859
v 0.231728 0.598277 -0.346141
v 0.255989 0.609756 -0.368754
v 0.252355 0.609935 -0.345681
v 0.271651 0.621009 -0.344982
v 0.255989 0.609756 -0.368754
v 0.275916 0.616993 -0.386982
v 0.255989 0.609756 -0.368754
v 0.259410 0.607384 -0.388859
v 0.275916 0.616993 -0.386982
v 0.259410 0.607384 -0.388859
v 0.255989 0.609756 -0.368754
v 0.241804 0.597147 -0.391144
v 0.241804 0.597147 -0.391144
v 0.255989 0.609756 -0.368754
v 0.231728 0.598277 -0.346141
v 0.252355 0.609935 -0.345681
v 0.255989 0.609756 -0.368754
v 0.271651 0.621009 -0.344982
v 0.290013 0.508011 -0.345642
v 0.278720 0.529227 -0.345280
v 0.288279 0.531977 -0.345020
v 0.287170 0.524869 -0.258058
v 0.281158 0.523136 -0.258238
v 0.289012 0.507359 -0.260435
v 0.287077 0.532225 -0.315918
v 0.290240 0.504201 -0.319321
v 0.277868 0.529577 -0.316181
v 0.285971 0.518839 -0.261307
v 0.279962 0.524332 -0.254603
v 0.287673 0.526536 -0.254398
v 0.268107 0.503745 -0.332340
v 0.268919 0.520981 -0.323121
v 0.259189 0.519350 -0.324615
v 0.282529 0.616972 -0.411400
v 0.262101 0.606046 -0.404066
v 0.279061 0.618304 -0.389661
v 0.262101 0.606046 -0.404066
v 0.241786 0.596282 -0.396812
v 0.279061 0.618304 -0.389661
v 0.245357 0.595073 -0.418120
v 0.241786 0.596282 -0.396812
v 0.262101 0.606046 -0.404066
v 0.245357 0.595073 -0.418120
v 0.262101 0.606046 -0.404066
v 0.282529 0.616972 -0.411400
v 0.261868 0.607408 -0.404035
v 0.282529 0.616972 -0.411400
v 0.279061 0.618304 -0.389661
v 0.245357 0.595073 -0.418120
v 0.282529 0.616972 -0.411400
v 0.261868 0.607408 -0.404035
v 0.245357 0.595073 -0.418120
v 0.261868 0.607408 -0.404035
v 0.241786 0.596282 -0.396812
v 0.241786 0.596282 -0.396812
v 0.261868 0.607408 -0.404035
v 0.279061 0.618304 -0.389661
v 0.254272 0.525104 -0.348967
v 0.250870 0.501462 -0.351668
v 0.244711 0.524697 -0.351692
v 0.226684 0.496818 -0.270089
v 0.228152 0.514129 -0.266403
v 0.222132 0.513876 -0.268102
v 0.246293 0.524221 -0.320982
v 0.244052 0.496438 -0.326457
v 0.237078 0.523826 -0.323596
v 0.227782 0.515445 -0.262666
v 0.226077 0.508669 -0.270565
v 0.220076 0.515104 -0.264868
v 0.251606 0.684446 -0.383110
v 0.250257 0.687281 -0.390775
v 0.256059 0.671616 -0.391448
v 0.240091 0.687653 -0.350660
v 0.242002 0.691411 -0.367211
v 0.251028 0.689032 -0.354401
v 0.242753 0.686023 -0.391927
v 0.240203 0.682535 -0.384860
v 0.242712 0.669379 -0.393497
v 0.230881 0.685655 -0.357494
v 0.242002 0.691411 -0.367211
v 0.240091 0.687653 -0.350660
v 0.254864 0.621734 -0.373116
v 0.254145 0.621403 -0.374364
v 0.255832 0.621672 -0.375521
v 0.256614 0.620777 -0.368622
v 0.253268 0.620878 -0.363584
v 0.251755 0.619962 -0.369368
v 0.244592 0.695169 -0.383207
v 0.243137 0.694925 -0.383430
v 0.240950 0.695055 -0.364339
v 0.175322 0.578673 -0.264997
v 0.163202 0.574438 -0.270061
v 0.168168 0.590882 -0.277873
v 0.173811 0.595025 -0.270232
v 0.175322 0.578673 -0.264997
v 0.168168 0.590882 -0.277873
v 0.173451 0.570695 -0.286190
v 0.179356 0.572200 -0.284692
v 0.175180 0.580873 -0.293572
v 0.323094 0.601266 -0.243257
v 0.309336 0.601164 -0.242165
v 0.315654 0.615631 -0.252972
v 0.313512 0.594715 -0.261838
v 0.319753 0.595246 -0.261471
v 0.317104 0.604690 -0.269526
v 0.157770 0.585682 -0.291848
v 0.157264 0.585638 -0.288508
v 0.157190 0.589187 -0.291896
v 0.157770 0.585682 -0.291848
v 0.158275 0.585727 -0.295189
v 0.158352 0.582178 -0.291814
v 0.329662 0.614496 -0.265462
v 0.330168 0.614541 -0.268803
v 0.329082 0.618001 -0.265510
v 0.329662 0.614496 -0.265462
v 0.329082 0.618001 -0.265510
v 0.329129 0.614620 -0.262123
v 0.329662 0.614496 -0.265462
v 0.329129 0.614620 -0.262123
v 0.330244 0.610992 -0.265428
v 0.329662 0.614496 -0.265462
v 0.330244 0.610992 -0.265428
v 0.330168 0.614541 -0.268803
v 0.157770 0.585682 -0.291848
v 0.158352 0.582178 -0.291814
v 0.157264 0.585638 -0.288508
v 0.157190 0.589187 -0.291896
v 0.158275 0.585727 -0.295189
v 0.297327 0.257100 -0.212380
v 0.293731 0.256619 -0.201275
v 0.302092 0.190940 -0.212148
v 0.288113 0.255888 -0.192010
v 0.302092 0.190940 -0.212148
v 0.288791 0.319176 -0.202180
v 0.285519 0.255243 -0.202536
v 0.285366 0.255095 -0.214217
v 0.302092 0.190940 -0.212148
v 0.270296 0.316075 -0.205020
v 0.275540 0.317316 -0.177184
v 0.274329 0.365977 -0.175948
v 0.291835 0.319608 -0.212438
v 0.260760 0.363703 -0.178031
v 0.273443 0.378659 -0.176198
v 0.270408 0.316017 -0.215728
v 0.266154 0.364673 -0.167751
v 0.276330 0.477302 -0.214251
v 0.257588 0.376002 -0.178631
v 0.264845 0.470664 -0.179407
v 0.234648 0.470315 -0.220649
v 0.245578 0.471625 -0.150500
v 0.236949 0.465988 -0.183689
v 0.263709 0.377138 -0.165430
v 0.236434 0.492576 -0.158885
v 0.249592 0.494782 -0.156865
v 0.236532 0.524073 -0.148842
v 0.230642 0.519738 -0.158980
v 0.246184 0.522344 -0.156595
v 0.220195 0.562451 -0.162836
v 0.219096 0.544723 -0.176663
v 0.228550 0.575387 -0.152881
v 0.243113 0.566293 -0.159318
v 0.253793 0.550540 -0.171337
v 0.266154 0.364673 -0.167751
v 0.274329 0.365977 -0.175948
v 0.267538 0.364853 -0.176962
v 0.260760 0.363703 -0.178031
v 0.234405 0.625601 -0.372209
v 0.221519 0.611520 -0.372691
v 0.231685 0.612924 -0.381878
v 0.222473 0.620672 -0.362548
v 0.231685 0.612924 -0.381878
v 0.222704 0.610390 -0.378554
v 0.220776 0.613505 -0.383480
v 0.221519 0.611520 -0.372691
v 0.222473 0.620672 -0.362548
v 0.216367 0.616658 -0.369644
v 0.212226 0.621265 -0.372391
v 0.216367 0.616658 -0.369644
v 0.179348 0.573291 -0.370275
v 0.184862 0.568901 -0.365889
v 0.212226 0.621265 -0.372391
v 0.184862 0.568901 -0.365889
v 0.186148 0.567573 -0.384542
v 0.192068 0.563005 -0.379889
v 0.179348 0.573291 -0.370275
v 0.186148 0.567573 -0.384542
v 0.222704 0.610390 -0.378554
v 0.192068 0.563005 -0.379889
v 0.220776 0.613505 -0.383480
v 0.164713 0.594204 -0.307887
v 0.181272 0.595549 -0.304092
v 0.179026 0.601063 -0.306311
v 0.166958 0.588690 -0.305664
v 0.176638 0.568720 -0.368839
v 0.181272 0.595549 -0.304092
v 0.166958 0.588690 -0.305664
v 0.201612 0.580627 -0.367067
v 0.179026 0.601063 -0.306311
v 0.174300 0.574119 -0.370681
v 0.164713 0.594204 -0.307887
v 0.199268 0.586039 -0.368909
v 0.174300 0.574119 -0.370681
v 0.201612 0.580627 -0.367067
v 0.176638 0.568720 -0.368839
v 0.199268 0.586039 -0.368909
v 0.224806 0.379419 -0.214449
v 0.222237 0.390188 -0.216749
v 0.223803 0.386962 -0.221679
v 0.223543 0.379844 -0.206708
v 0.223212 0.390466 -0.216598
v 0.225781 0.379698 -0.214298
v 0.224779 0.387240 -0.221528
v 0.224519 0.380123 -0.206556
v 0.222237 0.390188 -0.216749
v 0.224519 0.380123 -0.206556
v 0.223212 0.390466 -0.216598
v 0.223543 0.379844 -0.206708
v 0.223803 0.386962 -0.221679
v 0.225781 0.379698 -0.214298
v 0.224806 0.379419 -0.214449
v 0.224779 0.387240 -0.221528
v 0.224245 0.397979 -0.209242
v 0.230860 0.384188 -0.226515
v 0.230641 0.385474 -0.227473
v 0.224464 0.396692 -0.208285
v 0.221856 0.382993 -0.228852
v 0.215680 0.394210 -0.209665
v 0.215461 0.395497 -0.210622
v 0.222075 0.381706 -0.227895
v 0.222075 0.381706 -0.227895
v 0.230641 0.385474 -0.227473
v 0.230860 0.384188 -0.226515
v 0.221856 0.382993 -0.228852
v 0.224245 0.397979 -0.209242
v 0.215680 0.394210 -0.209665
v 0.224464 0.396692 -0.208285
v 0.215461 0.395497 -0.210622
v 0.215680 0.394210 -0.209665
v 0.230860 0.384188 -0.226515
v 0.224464 0.396692 -0.208285
v 0.222075 0.381706 -0.227895
v 0.174300 0.574119 -0.370681
v 0.166958 0.588690 -0.305664
v 0.164713 0.594204 -0.307887
v 0.176638 0.568720 -0.368839
v 0.201612 0.580627 -0.367067
v 0.179026 0.601063 -0.306311
v 0.181272 0.595549 -0.304092
v 0.199268 0.586039 -0.368909
v 0.280192 0.630349 -0.353641
v 0.289170 0.628870 -0.358151
v 0.292318 0.634698 -0.359808
v 0.287477 0.622582 -0.362254
v 0.281279 0.621233 -0.374481
v 0.289062 0.621518 -0.368174
v 0.291735 0.625403 -0.372455
v 0.287477 0.622582 -0.362254
v 0.271488 0.631806 -0.367136
v 0.281279 0.621233 -0.374481
v 0.280192 0.630349 -0.353641
v 0.335921 0.599597 -0.343005
v 0.289170 0.628870 -0.358151
v 0.330915 0.593437 -0.340573
v 0.292318 0.634698 -0.359808
v 0.330915 0.593437 -0.340573
v 0.336721 0.592870 -0.358386
v 0.335921 0.599597 -0.343005
v 0.331321 0.586397 -0.355836
v 0.289062 0.621518 -0.368174
v 0.336721 0.592870 -0.358386
v 0.331321 0.586397 -0.355836
v 0.291735 0.625403 -0.372455
v 0.325098 0.621328 -0.280722
v 0.308721 0.616727 -0.281749
v 0.324356 0.615272 -0.278943
v 0.309465 0.622782 -0.283523
v 0.308721 0.616727 -0.281749
v 0.340162 0.596473 -0.341513
v 0.324356 0.615272 -0.278943
v 0.313174 0.599005 -0.347335
v 0.340921 0.602434 -0.342894
v 0.309465 0.622782 -0.283523
v 0.325098 0.621328 -0.280722
v 0.313935 0.604979 -0.348715
v 0.313174 0.599005 -0.347335
v 0.340921 0.602434 -0.342894
v 0.340162 0.596473 -0.341513
v 0.313935 0.604979 -0.348715
v 0.324356 0.615272 -0.278943
v 0.340921 0.602434 -0.342894
v 0.325098 0.621328 -0.280722
v 0.340162 0.596473 -0.341513
v 0.207439 0.611714 -0.269045
v 0.198018 0.601059 -0.270578
v 0.200550 0.610246 -0.270100
v 0.212351 0.600834 -0.268512
v 0.309465 0.622782 -0.283523
v 0.313174 0.599005 -0.347335
v 0.308721 0.616727 -0.281749
v 0.313935 0.604979 -0.348715
v 0.241670 0.663659 -0.334746
v 0.240061 0.667883 -0.328872
v 0.237160 0.662793 -0.335519
v 0.246239 0.664314 -0.334125
v 0.227849 0.408209 -0.234640
v 0.217797 0.413823 -0.226810
v 0.215788 0.407707 -0.238073
v 0.224675 0.413999 -0.250240
v 0.213773 0.384903 -0.225400
v 0.217726 0.409172 -0.244054
v 0.217600 0.375722 -0.238890
v 0.206671 0.408529 -0.190921
v 0.232175 0.388001 -0.222556
v 0.227156 0.410761 -0.242612
v 0.221197 0.410961 -0.188696
v 0.235580 0.378738 -0.236128
v 0.217726 0.409172 -0.244054
v 0.235580 0.378738 -0.236128
v 0.217600 0.375722 -0.238890
v 0.227156 0.410761 -0.242612
v 0.221197 0.410961 -0.188696
v 0.217726 0.409172 -0.244054
v 0.206671 0.408529 -0.190921
v 0.227156 0.410761 -0.242612
v 0.226684 0.496818 -0.270089
v 0.246293 0.524221 -0.320982
v 0.228152 0.514129 -0.266403
v 0.244052 0.496438 -0.326457
v 0.228152 0.514129 -0.266403
v 0.237078 0.523826 -0.323596
v 0.222132 0.513876 -0.268102
v 0.246293 0.524221 -0.320982
v 0.237078 0.523826 -0.323596
v 0.226684 0.496818 -0.270089
v 0.222132 0.513876 -0.268102
v 0.244052 0.496438 -0.326457
v 0.302092 0.190940 -0.212148
v 0.285366 0.255095 -0.214217
v 0.291352 0.256165 -0.213408
v 0.297327 0.257100 -0.212380
v 0.244711 0.524697 -0.351692
v 0.243529 0.520079 -0.320954
v 0.254272 0.525104 -0.348967
v 0.238211 0.519842 -0.322472
v 0.282257 0.615180 -0.257647
v 0.269917 0.622187 -0.259454
v 0.276906 0.623045 -0.258378
v 0.268801 0.610297 -0.259847
v 0.205934 0.606925 -0.272663
v 0.208963 0.607158 -0.266556
v 0.208465 0.606180 -0.273334
v 0.206195 0.607636 -0.266969
v 0.206969 0.604021 -0.272024
v 0.208963 0.607158 -0.266556
v 0.207111 0.604599 -0.266871
v 0.208465 0.606180 -0.273334
v 0.206969 0.604021 -0.272024
v 0.206195 0.607636 -0.266969
v 0.205934 0.606925 -0.272663
v 0.207111 0.604599 -0.266871
v 0.181087 0.593193 -0.288228
v 0.188495 0.591171 -0.288496
v 0.182173 0.589733 -0.291521
v 0.187420 0.592951 -0.286629
v 0.182250 0.586184 -0.288146
v 0.188495 0.591171 -0.288496
v 0.187950 0.590048 -0.285585
v 0.182173 0.589733 -0.291521
v 0.254272 0.525104 -0.348967
v 0.242450 0.501735 -0.324784
v 0.250870 0.501462 -0.351668
v 0.243529 0.520079 -0.320954
v 0.181162 0.589643 -0.284839
v 0.187420 0.592951 -0.286629
v 0.181087 0.593193 -0.288228
v 0.187950 0.590048 -0.285585
v 0.187420 0.592951 -0.286629
v 0.208465 0.606180 -0.273334
v 0.188495 0.591171 -0.288496
v 0.205934 0.606925 -0.272663
v 0.188495 0.591171 -0.288496
v 0.206969 0.604021 -0.272024
v 0.187950 0.590048 -0.285585
v 0.208465 0.606180 -0.273334
v 0.187420 0.592951 -0.286629
v 0.206969 0.604021 -0.272024
v 0.205934 0.606925 -0.272663
v 0.187950 0.590048 -0.285585
v 0.242450 0.501735 -0.324784
v 0.244711 0.524697 -0.351692
v 0.250870 0.501462 -0.351668
v 0.238211 0.519842 -0.322472
v 0.263709 0.377138 -0.165430
v 0.257588 0.376002 -0.178631
v 0.265555 0.377204 -0.177531
v 0.273443 0.378659 -0.176198
v 0.241786 0.596282 -0.396812
v 0.237510 0.631452 -0.416905
v 0.245357 0.595073 -0.418120
v 0.234290 0.630388 -0.394757
v 0.279684 0.638526 -0.410416
v 0.279061 0.618304 -0.389661
v 0.282529 0.616972 -0.411400
v 0.276450 0.637454 -0.388285
v 0.279061 0.618304 -0.389661
v 0.234290 0.630388 -0.394757
v 0.241786 0.596282 -0.396812
v 0.276450 0.637454 -0.388285
v 0.234290 0.630388 -0.394757
v 0.239341 0.637165 -0.410452
v 0.237510 0.631452 -0.416905
v 0.237782 0.636660 -0.399667
v 0.237510 0.631452 -0.416905
v 0.274399 0.643061 -0.405826
v 0.279684 0.638526 -0.410416
v 0.239341 0.637165 -0.410452
v 0.279684 0.638526 -0.410416
v 0.272736 0.642519 -0.394301
v 0.276450 0.637454 -0.388285
v 0.274399 0.643061 -0.405826
v 0.199840 0.605253 -0.200065
v 0.186664 0.603044 -0.202088
v 0.191976 0.611844 -0.201166
v 0.194529 0.596453 -0.200987
v 0.276450 0.637454 -0.388285
v 0.237782 0.636660 -0.399667
v 0.234290 0.630388 -0.394757
v 0.272736 0.642519 -0.394301
v 0.237510 0.631452 -0.416905
v 0.282529 0.616972 -0.411400
v 0.245357 0.595073 -0.418120
v 0.279684 0.638526 -0.410416
v 0.177332 0.602214 -0.140386
v 0.180588 0.604947 -0.119451
v 0.182632 0.611082 -0.139465
v 0.179294 0.602781 -0.119676
v 0.190508 0.604423 -0.138363
v 0.180588 0.604947 -0.119451
v 0.182512 0.603320 -0.119182
v 0.182632 0.611082 -0.139465
v 0.272736 0.642519 -0.394301
v 0.239341 0.637165 -0.410452
v 0.237782 0.636660 -0.399667
v 0.274399 0.643061 -0.405826
v 0.286309 0.588332 -0.412707
v 0.245357 0.595073 -0.418120
v 0.282529 0.616972 -0.411400
v 0.248189 0.581942 -0.418559
v 0.179341 0.602500 -0.144489
v 0.189803 0.604253 -0.142883
v 0.185569 0.597366 -0.143616
v 0.183575 0.609387 -0.143756
v 0.182512 0.603320 -0.119182
v 0.179294 0.602781 -0.119676
v 0.181217 0.601154 -0.119407
v 0.180588 0.604947 -0.119451
v 0.177332 0.602214 -0.140386
v 0.183575 0.609387 -0.143756
v 0.179341 0.602500 -0.144489
v 0.182632 0.611082 -0.139465
v 0.245159 0.580932 -0.397737
v 0.245357 0.595073 -0.418120
v 0.248189 0.581942 -0.418559
v 0.241786 0.596282 -0.396812
v 0.283285 0.587323 -0.391885
v 0.282529 0.616972 -0.411400
v 0.279061 0.618304 -0.389661
v 0.286309 0.588332 -0.412707
v 0.183575 0.609387 -0.143756
v 0.190508 0.604423 -0.138363
v 0.189803 0.604253 -0.142883
v 0.182632 0.611082 -0.139465
v 0.181087 0.593193 -0.288228
v 0.158275 0.585727 -0.295189
v 0.157190 0.589187 -0.291896
v 0.182173 0.589733 -0.291521
v 0.181162 0.589643 -0.284839
v 0.157190 0.589187 -0.291896
v 0.157264 0.585638 -0.288508
v 0.181087 0.593193 -0.288228
v 0.182250 0.586184 -0.288146
v 0.157264 0.585638 -0.288508
v 0.158352 0.582178 -0.291814
v 0.181162 0.589643 -0.284839
v 0.182173 0.589733 -0.291521
v 0.158352 0.582178 -0.291814
v 0.158275 0.585727 -0.295189
v 0.182250 0.586184 -0.288146
v 0.217642 0.603132 -0.244013
v 0.235630 0.596534 -0.222098
v 0.233485 0.606056 -0.218519
v 0.222381 0.594089 -0.243417
v 0.241332 0.597041 -0.259794
v 0.217642 0.603132 -0.244013
v 0.240303 0.606662 -0.263596
v 0.222381 0.594089 -0.243417
v 0.235630 0.596534 -0.222098
v 0.256145 0.609586 -0.238102
v 0.233485 0.606056 -0.218519
v 0.254581 0.599486 -0.238475
v 0.256145 0.609586 -0.238102
v 0.241332 0.597041 -0.259794
v 0.240303 0.606662 -0.263596
v 0.254581 0.599486 -0.238475
v 0.235630 0.596534 -0.222098
v 0.241332 0.597041 -0.259794
v 0.254581 0.599486 -0.238475
v 0.222381 0.594089 -0.243417
v 0.311927 0.405222 -0.202982
v 0.312371 0.394098 -0.201008
v 0.312982 0.401910 -0.207990
v 0.311115 0.394524 -0.193265
v 0.311359 0.394043 -0.201161
v 0.310915 0.405167 -0.203135
v 0.311970 0.401856 -0.208144
v 0.310102 0.394469 -0.193419
v 0.310102 0.394469 -0.193419
v 0.311927 0.405222 -0.202982
v 0.310915 0.405167 -0.203135
v 0.311115 0.394524 -0.193265
v 0.311359 0.394043 -0.201161
v 0.312982 0.401910 -0.207990
v 0.312371 0.394098 -0.201008
v 0.311970 0.401856 -0.208144
v 0.308915 0.397272 -0.214533
v 0.305440 0.411589 -0.196779
v 0.308981 0.398607 -0.215447
v 0.305374 0.410255 -0.195865
v 0.314489 0.410774 -0.194497
v 0.318097 0.399125 -0.214079
v 0.314556 0.412108 -0.195410
v 0.318030 0.397791 -0.213165
v 0.308981 0.398607 -0.215447
v 0.318030 0.397791 -0.213165
v 0.308915 0.397272 -0.214533
v 0.318097 0.399125 -0.214079
v 0.305440 0.411589 -0.196779
v 0.314489 0.410774 -0.194497
v 0.314556 0.412108 -0.195410
v 0.305374 0.410255 -0.195865
v 0.308915 0.397272 -0.214533
v 0.314489 0.410774 -0.194497
v 0.305374 0.410255 -0.195865
v 0.318030 0.397791 -0.213165
v 0.269270 0.617267 -0.257299
v 0.273858 0.618311 -0.262236
v 0.272008 0.616832 -0.263580
v 0.271733 0.618622 -0.256908
v 0.273664 0.615201 -0.261786
v 0.269270 0.617267 -0.257299
v 0.272008 0.616832 -0.263580
v 0.271847 0.615450 -0.256934
v 0.271733 0.618622 -0.256908
v 0.273664 0.615201 -0.261786
v 0.273858 0.618311 -0.262236
v 0.271847 0.615450 -0.256934
v 0.299227 0.609733 -0.271498
v 0.305184 0.613995 -0.269178
v 0.306270 0.610535 -0.272471
v 0.299084 0.611669 -0.269488
v 0.306347 0.606986 -0.269097
v 0.299227 0.609733 -0.271498
v 0.306270 0.610535 -0.272471
v 0.299227 0.608701 -0.268503
v 0.299084 0.611669 -0.269488
v 0.305232 0.610613 -0.265792
v 0.305184 0.613995 -0.269178
v 0.299227 0.608701 -0.268503
v 0.299084 0.611669 -0.269488
v 0.272008 0.616832 -0.263580
v 0.273858 0.618311 -0.262236
v 0.299227 0.609733 -0.271498
v 0.299227 0.609733 -0.271498
v 0.273664 0.615201 -0.261786
v 0.272008 0.616832 -0.263580
v 0.299227 0.608701 -0.268503
v 0.299084 0.611669 -0.269488
v 0.273664 0.615201 -0.261786
v 0.299227 0.608701 -0.268503
v 0.273858 0.618311 -0.262236
v 0.286309 0.588332 -0.412707
v 0.245159 0.580932 -0.397737
v 0.248189 0.581942 -0.418559
v 0.283285 0.587323 -0.391885
v 0.283285 0.587323 -0.391885
v 0.241786 0.596282 -0.396812
v 0.245159 0.580932 -0.397737
v 0.279061 0.618304 -0.389661
v 0.264431 0.544704 -0.353122
v 0.257295 0.568836 -0.351507
v 0.262134 0.566887 -0.362379
v 0.259196 0.533999 -0.333708
v 0.264431 0.544704 -0.353122
v 0.262702 0.569742 -0.350677
v 0.266898 0.535290 -0.332526
v 0.262134 0.566887 -0.362379
v 0.259196 0.533999 -0.333708
v 0.262702 0.569742 -0.350677
v 0.257295 0.568836 -0.351507
v 0.266898 0.535290 -0.332526
v 0.317352 0.424702 -0.222446
v 0.305298 0.421222 -0.222779
v 0.310944 0.428489 -0.237001
v 0.310254 0.429300 -0.212604
v 0.316860 0.425790 -0.228837
v 0.311523 0.426105 -0.174826
v 0.322716 0.403165 -0.208676
v 0.326129 0.393915 -0.222230
v 0.307429 0.424217 -0.230290
v 0.304304 0.400092 -0.211484
v 0.296999 0.423667 -0.177060
v 0.308148 0.390903 -0.224988
v 0.271868 0.617326 -0.189008
v 0.258693 0.615118 -0.191031
v 0.264004 0.623918 -0.190109
v 0.266557 0.608526 -0.189930
v 0.316860 0.425790 -0.228837
v 0.308148 0.390903 -0.224988
v 0.307429 0.424217 -0.230290
v 0.326129 0.393915 -0.222230
v 0.316860 0.425790 -0.228837
v 0.296999 0.423667 -0.177060
v 0.311523 0.426105 -0.174826
v 0.307429 0.424217 -0.230290
v 0.252617 0.617021 -0.108394
v 0.262536 0.616497 -0.127307
v 0.254661 0.623156 -0.128408
v 0.254541 0.615394 -0.108125
v 0.249360 0.614288 -0.129329
v 0.252617 0.617021 -0.108394
v 0.254661 0.623156 -0.128408
v 0.251322 0.614855 -0.108619
v 0.281158 0.523136 -0.258238
v 0.287077 0.532225 -0.315918
v 0.277868 0.529577 -0.316181
v 0.287170 0.524869 -0.258058
v 0.287077 0.532225 -0.315918
v 0.289012 0.507359 -0.260435
v 0.290240 0.504201 -0.319321
v 0.287170 0.524869 -0.258058
v 0.251369 0.614574 -0.133433
v 0.261831 0.616327 -0.131827
v 0.257597 0.609440 -0.132560
v 0.255603 0.621461 -0.132700
v 0.254541 0.615394 -0.108125
v 0.251322 0.614855 -0.108619
v 0.253246 0.613228 -0.108350
v 0.252617 0.617021 -0.108394
v 0.255603 0.621461 -0.132700
v 0.262536 0.616497 -0.127307
v 0.261831 0.616327 -0.131827
v 0.254661 0.623156 -0.128408
v 0.277868 0.529577 -0.316181
v 0.289012 0.507359 -0.260435
v 0.281158 0.523136 -0.258238
v 0.290240 0.504201 -0.319321
v 0.278720 0.529227 -0.345280
v 0.289524 0.509647 -0.317521
v 0.281651 0.526518 -0.315123
v 0.290013 0.508011 -0.345642
v 0.255603 0.621461 -0.132700
v 0.249360 0.614288 -0.129329
v 0.254661 0.623156 -0.128408
v 0.251369 0.614574 -0.133433
v 0.330168 0.614541 -0.268803
v 0.305184 0.613995 -0.269178
v 0.329082 0.618001 -0.265510
v 0.306270 0.610535 -0.272471
v 0.329082 0.618001 -0.265510
v 0.305232 0.610613 -0.265792
v 0.329129 0.614620 -0.262123
v 0.305184 0.613995 -0.269178
v 0.329129 0.614620 -0.262123
v 0.306347 0.606986 -0.269097
v 0.330244 0.610992 -0.265428
v 0.305232 0.610613 -0.265792
v 0.330244 0.610992 -0.265428
v 0.306270 0.610535 -0.272471
v 0.330168 0.614541 -0.268803
v 0.306347 0.606986 -0.269097
v 0.247130 0.592713 -0.248229
v 0.231527 0.590314 -0.231977
v 0.244374 0.592468 -0.230005
v 0.234283 0.590559 -0.250201
v 0.234881 0.570089 -0.231742
v 0.244374 0.592468 -0.230005
v 0.231527 0.590314 -0.231977
v 0.247728 0.572243 -0.229770
v 0.247728 0.572243 -0.229770
v 0.237637 0.570334 -0.249966
v 0.250485 0.572488 -0.247994
v 0.234881 0.570089 -0.231742
v 0.234283 0.590559 -0.250201
v 0.250485 0.572488 -0.247994
v 0.237637 0.570334 -0.249966
v 0.247130 0.592713 -0.248229
v 0.250485 0.572488 -0.247994
v 0.244374 0.592468 -0.230005
v 0.247728 0.572243 -0.229770
v 0.247130 0.592713 -0.248229
v 0.234283 0.590559 -0.250201
v 0.234881 0.570089 -0.231742
v 0.231527 0.590314 -0.231977
v 0.237637 0.570334 -0.249966
v 0.246397 0.589904 -0.243890
v 0.245539 0.599722 -0.246661
v 0.245083 0.599667 -0.243630
v 0.247332 0.587633 -0.247498
v 0.234573 0.587922 -0.245705
v 0.245083 0.599667 -0.243630
v 0.232570 0.597570 -0.245551
v 0.246397 0.589904 -0.243890
v 0.233026 0.597624 -0.248582
v 0.234573 0.587922 -0.245705
v 0.232570 0.597570 -0.245551
v 0.235508 0.585651 -0.249313
v 0.247332 0.587633 -0.247498
v 0.233026 0.597624 -0.248582
v 0.245539 0.599722 -0.246661
v 0.235508 0.585651 -0.249313
v 0.233142 0.587795 -0.236246
v 0.230775 0.597424 -0.233696
v 0.231235 0.597451 -0.236726
v 0.232977 0.585426 -0.232584
v 0.244966 0.589777 -0.234431
v 0.231235 0.597451 -0.236726
v 0.243748 0.599549 -0.234806
v 0.233142 0.587795 -0.236246
v 0.243287 0.599522 -0.231776
v 0.244966 0.589777 -0.234431
v 0.243748 0.599549 -0.234806
v 0.244801 0.587408 -0.230769
v 0.232977 0.585426 -0.232584
v 0.243287 0.599522 -0.231776
v 0.230775 0.597424 -0.233696
v 0.244801 0.587408 -0.230769
v 0.245715 0.571025 -0.185917
v 0.245113 0.585460 -0.231478
v 0.244330 0.574733 -0.180941
v 0.245791 0.581892 -0.232000
v 0.234202 0.579950 -0.233779
v 0.245715 0.571025 -0.185917
v 0.224282 0.567432 -0.189207
v 0.245791 0.581892 -0.232000
v 0.233524 0.583518 -0.233257
v 0.224282 0.567432 -0.189207
v 0.222897 0.571140 -0.184231
v 0.234202 0.579950 -0.233779
v 0.245113 0.585460 -0.231478
v 0.222897 0.571140 -0.184231
v 0.244330 0.574733 -0.180941
v 0.233524 0.583518 -0.233257
v 0.247388 0.574949 -0.234821
v 0.247726 0.561730 -0.188864
v 0.248688 0.556177 -0.189063
v 0.246389 0.579108 -0.232853
v 0.235799 0.573006 -0.236600
v 0.248688 0.556177 -0.189063
v 0.227254 0.552584 -0.192353
v 0.247388 0.574949 -0.234821
v 0.235799 0.573006 -0.236600
v 0.226293 0.558137 -0.192155
v 0.234800 0.577165 -0.234632
v 0.227254 0.552584 -0.192353
v 0.246389 0.579108 -0.232853
v 0.226293 0.558137 -0.192155
v 0.247726 0.561730 -0.188864
v 0.234800 0.577165 -0.234632
v 0.246046 0.561710 -0.190648
v 0.243404 0.575968 -0.207790
v 0.243858 0.571103 -0.186654
v 0.244856 0.569200 -0.209863
v 0.231177 0.573918 -0.209667
v 0.228035 0.558691 -0.193413
v 0.225847 0.568084 -0.189419
v 0.232629 0.567151 -0.211740
v 0.232629 0.567151 -0.211740
v 0.243404 0.575968 -0.207790
v 0.244856 0.569200 -0.209863
v 0.231177 0.573918 -0.209667
v 0.281651 0.526518 -0.315123
v 0.288279 0.531977 -0.345020
v 0.278720 0.529227 -0.345280
v 0.286972 0.528039 -0.314980
v 0.288279 0.531977 -0.345020
v 0.289524 0.509647 -0.317521
v 0.290013 0.508011 -0.345642
v 0.286972 0.528039 -0.314980
v 0.251403 0.635416 -0.367310
v 0.238939 0.628134 -0.384934
v 0.235027 0.632796 -0.369835
v 0.254521 0.630674 -0.382443
v 0.270109 0.633359 -0.380149
v 0.251403 0.635416 -0.367310
v 0.267743 0.638280 -0.364813
v 0.254521 0.630674 -0.382443
v 0.247853 0.572003 -0.382474
v 0.248760 0.565612 -0.348180
v 0.238717 0.589249 -0.346432
v 0.254580 0.553817 -0.373440
v 0.245801 0.571462 -0.182417
v 0.243001 0.575834 -0.168951
v 0.244155 0.571316 -0.171533
v 0.245445 0.576051 -0.185105
v 0.248184 0.562131 -0.187750
v 0.245445 0.576051 -0.185105
v 0.245801 0.571462 -0.182417
v 0.248981 0.562201 -0.193019
v 0.248921 0.552653 -0.182198
v 0.248981 0.562201 -0.193019
v 0.248184 0.562131 -0.187750
v 0.250074 0.548135 -0.184780
v 0.247275 0.552506 -0.171314
v 0.250074 0.548135 -0.184780
v 0.248921 0.552653 -0.182198
v 0.247631 0.547917 -0.168626
v 0.244892 0.561838 -0.165981
v 0.247631 0.547917 -0.168626
v 0.247275 0.552506 -0.171314
v 0.244095 0.561767 -0.160712
v 0.244155 0.571316 -0.171533
v 0.244095 0.561767 -0.160712
v 0.244892 0.561838 -0.165981
v 0.243001 0.575834 -0.168951
v 0.221397 0.567501 -0.175026
v 0.222687 0.572236 -0.188598
v 0.223044 0.567647 -0.185910
v 0.220244 0.572019 -0.172445
v 0.222134 0.558023 -0.169475
v 0.220244 0.572019 -0.172445
v 0.221397 0.567501 -0.175026
v 0.221337 0.557952 -0.164205
v 0.224517 0.548692 -0.174807
v 0.221337 0.557952 -0.164205
v 0.222134 0.558023 -0.169475
v 0.224873 0.544103 -0.172120
v 0.226163 0.548838 -0.185692
v 0.224873 0.544103 -0.172120
v 0.224517 0.548692 -0.174807
v 0.227317 0.544320 -0.188274
v 0.225426 0.558316 -0.191243
v 0.227317 0.544320 -0.188274
v 0.226163 0.548838 -0.185692
v 0.226223 0.558387 -0.196513
v 0.223044 0.567647 -0.185910
v 0.226223 0.558387 -0.196513
v 0.225426 0.558316 -0.191243
v 0.222687 0.572236 -0.188598
v 0.255122 0.591916 -0.344036
v 0.248760 0.565612 -0.348180
v 0.259600 0.567528 -0.346573
v 0.238717 0.589249 -0.346432
v 0.263558 0.574540 -0.380013
v 0.254580 0.553817 -0.373440
v 0.247853 0.572003 -0.382474
v 0.265455 0.555693 -0.371791
v 0.238717 0.589249 -0.346432
v 0.254194 0.594077 -0.340350
v 0.231981 0.590333 -0.343628
v 0.255122 0.591916 -0.344036
v 0.264558 0.573569 -0.385468
v 0.247853 0.572003 -0.382474
v 0.243533 0.569960 -0.388791
v 0.263558 0.574540 -0.380013
v 0.247853 0.572003 -0.382474
v 0.231981 0.590333 -0.343628
v 0.243533 0.569960 -0.388791
v 0.238717 0.589249 -0.346432
v 0.265455 0.555693 -0.371791
v 0.248760 0.565612 -0.348180
v 0.254580 0.553817 -0.373440
v 0.259600 0.567528 -0.346573
v 0.270455 0.569249 -0.344850
v 0.279247 0.577265 -0.377655
v 0.271466 0.594739 -0.341405
v 0.276341 0.557465 -0.370099
v 0.255122 0.591916 -0.344036
v 0.270455 0.569249 -0.344850
v 0.271466 0.594739 -0.341405
v 0.259600 0.567528 -0.346573
v 0.276341 0.557465 -0.370099
v 0.263558 0.574540 -0.380013
v 0.279247 0.577265 -0.377655
v 0.265455 0.555693 -0.371791
v 0.254194 0.594077 -0.340350
v 0.271466 0.594739 -0.341405
v 0.276376 0.597775 -0.336814
v 0.255122 0.591916 -0.344036
v 0.279247 0.577265 -0.377655
v 0.264558 0.573569 -0.385468
v 0.285638 0.577018 -0.382328
v 0.263558 0.574540 -0.380013
v 0.276376 0.597775 -0.336814
v 0.279247 0.577265 -0.377655
v 0.285638 0.577018 -0.382328
v 0.271466 0.594739 -0.341405
v 0.270455 0.569249 -0.344850
v 0.265455 0.555693 -0.371791
v 0.276341 0.557465 -0.370099
v 0.259600 0.567528 -0.346573
v 0.266550 0.523974 -0.344291
v 0.254627 0.509269 -0.350104
v 0.252050 0.521131 -0.346276
v 0.269298 0.511379 -0.348435
v 0.266550 0.523974 -0.344291
v 0.250549 0.518725 -0.333868
v 0.264939 0.521488 -0.331077
v 0.252050 0.521131 -0.346276
v 0.267706 0.508634 -0.335066
v 0.250549 0.518725 -0.333868
v 0.253140 0.506606 -0.337543
v 0.264939 0.521488 -0.331077
v 0.267706 0.508634 -0.335066
v 0.254627 0.509269 -0.350104
v 0.269298 0.511379 -0.348435
v 0.253140 0.506606 -0.337543
v 0.266550 0.523974 -0.344291
v 0.283688 0.514140 -0.345643
v 0.269298 0.511379 -0.348435
v 0.281113 0.526003 -0.341815
v 0.279610 0.523596 -0.329407
v 0.266550 0.523974 -0.344291
v 0.264939 0.521488 -0.331077
v 0.281113 0.526003 -0.341815
v 0.267706 0.508634 -0.335066
v 0.279610 0.523596 -0.329407
v 0.264939 0.521488 -0.331077
v 0.282210 0.511479 -0.333081
v 0.283688 0.514140 -0.345643
v 0.267706 0.508634 -0.335066
v 0.269298 0.511379 -0.348435
v 0.282210 0.511479 -0.333081
v 0.268582 0.620631 -0.216453
v 0.264686 0.615873 -0.217107
v 0.255852 0.618830 -0.131557
v 0.252599 0.614858 -0.132102
v 0.264686 0.615873 -0.217107
v 0.269907 0.612644 -0.216360
v 0.256958 0.612162 -0.131479
v 0.196586 0.608563 -0.227505
v 0.183856 0.606761 -0.142608
v 0.201807 0.605333 -0.226759
v 0.188215 0.604065 -0.141985
v 0.197911 0.600575 -0.227412
v 0.184962 0.600093 -0.142531
v 0.201807 0.605333 -0.226759
v 0.223044 0.567647 -0.185910
v 0.245801 0.571462 -0.182417
v 0.221397 0.567501 -0.175026
v 0.244155 0.571316 -0.171533
v 0.222134 0.558023 -0.169475
v 0.244892 0.561838 -0.165981
v 0.224517 0.548692 -0.174807
v 0.247275 0.552506 -0.171314
v 0.226163 0.548838 -0.185692
v 0.248921 0.552653 -0.182198
v 0.225426 0.558316 -0.191243
v 0.248184 0.562131 -0.187750
v 0.223044 0.567647 -0.185910
v 0.245801 0.571462 -0.182417
v 0.214092 0.483400 -0.233315
v 0.234648 0.470315 -0.220649
v 0.218547 0.481476 -0.191866
v 0.236949 0.465988 -0.183689
v 0.225675 0.497562 -0.172365
v 0.236434 0.492576 -0.158885
v 0.230642 0.519738 -0.158980
v 0.223863 0.517138 -0.172356
v 0.219096 0.544723 -0.176663
v 0.213757 0.533018 -0.197444
v 0.268919 0.520981 -0.323121
v 0.266898 0.535290 -0.332526
v 0.259189 0.519350 -0.324615
v 0.259196 0.533999 -0.333708
v 0.251379 0.532236 -0.341360
v 0.260995 0.535827 -0.347022
v 0.264431 0.544704 -0.353122
v 0.269598 0.518840 -0.358534
v 0.268919 0.520981 -0.323121
v 0.276742 0.536488 -0.337466
v 0.266898 0.535290 -0.332526
v 0.268579 0.537099 -0.345858
v 0.264431 0.544704 -0.353122
v 0.269598 0.518840 -0.358534
v 0.199840 0.605253 -0.200065
v 0.195360 0.604854 -0.170445
v 0.194529 0.596453 -0.200987
v 0.190048 0.596054 -0.171367
v 0.186664 0.603044 -0.202088
v 0.182184 0.602646 -0.172468
v 0.186664 0.603044 -0.202088
v 0.182184 0.602646 -0.172468
v 0.191976 0.611844 -0.201166
v 0.187496 0.611446 -0.171546
v 0.199840 0.605253 -0.200065
v 0.195360 0.604854 -0.170445
v 0.197911 0.600575 -0.227412
v 0.184962 0.600093 -0.142531
v 0.192690 0.603804 -0.228158
v 0.180603 0.602789 -0.143154
v 0.196586 0.608563 -0.227505
v 0.183856 0.606761 -0.142608
v 0.248578 0.624313 -0.210161
v 0.252727 0.608062 -0.217294
v 0.262525 0.621556 -0.210585
v 0.275448 0.614617 -0.212742
v 0.269556 0.622353 -0.209640
v 0.221197 0.410961 -0.188696
v 0.206671 0.408529 -0.190921
v 0.232175 0.388001 -0.222556
v 0.213773 0.384903 -0.225400
v 0.235580 0.378738 -0.236128
v 0.217600 0.375722 -0.238890
v 0.227782 0.515445 -0.262666
v 0.220076 0.515104 -0.264868
v 0.224788 0.503496 -0.252406
v 0.217761 0.503152 -0.254397
v 0.219560 0.489005 -0.244386
v 0.256614 0.620777 -0.368622
v 0.251755 0.619962 -0.369368
v 0.247989 0.678356 -0.375079
v 0.243061 0.677530 -0.375836
v 0.244592 0.695169 -0.383207
v 0.243137 0.694925 -0.383430
v 0.198018 0.601059 -0.270578
v 0.191229 0.600500 -0.225670
v 0.200550 0.610246 -0.270100
v 0.193170 0.609549 -0.221365
v 0.207439 0.611714 -0.269045
v 0.200040 0.611082 -0.220177
v 0.211615 0.618116 -0.215835
v 0.237918 0.623509 -0.266456
v 0.220738 0.603170 -0.298496
v 0.244679 0.611061 -0.296907
v 0.269247 0.611301 -0.291050
v 0.229475 0.623503 -0.211448
v 0.269917 0.622187 -0.259454
v 0.208578 0.603228 -0.180870
v 0.248578 0.624313 -0.210161
v 0.226110 0.610282 -0.175093
v 0.262525 0.621556 -0.210585
v 0.245855 0.609477 -0.175148
v 0.269556 0.622353 -0.209640
v 0.276906 0.623045 -0.258378
v 0.275448 0.614617 -0.212742
v 0.282257 0.615180 -0.257647
v 0.277949 0.638594 -0.369768
v 0.292318 0.634698 -0.359808
v 0.291735 0.625403 -0.372455
v 0.335921 0.599597 -0.343005
v 0.336721 0.592870 -0.358386
v 0.172594 0.591626 -0.298941
v 0.178541 0.597419 -0.303831
v 0.169758 0.594868 -0.288595
v 0.176720 0.604388 -0.285594
v 0.168168 0.590882 -0.277873
v 0.173811 0.595025 -0.270232
v 0.163202 0.574438 -0.270061
v 0.175322 0.578673 -0.264997
v 0.158732 0.590944 -0.273642
v 0.173811 0.595025 -0.270232
v 0.158804 0.600319 -0.289687
v 0.176720 0.604388 -0.285594
v 0.166788 0.594747 -0.306518
v 0.178541 0.597419 -0.303831
v 0.257223 0.382687 -0.174920
v 0.255886 0.387098 -0.175067
v 0.190807 0.370813 -0.242515
v 0.190568 0.372341 -0.242579
v 0.194377 0.371177 -0.266263
v 0.309336 0.601164 -0.242165
v 0.307014 0.617379 -0.247524
v 0.315654 0.615631 -0.252972
v 0.305890 0.626067 -0.263505
v 0.316197 0.619433 -0.264655
v 0.317184 0.617180 -0.273525
v 0.311689 0.622586 -0.282347
v 0.313512 0.594715 -0.261838
v 0.317104 0.604690 -0.269526
v 0.313157 0.600483 -0.272614
v 0.317184 0.617180 -0.273525
v 0.311689 0.622586 -0.282347
v 0.268405 0.542179 -0.189055
v 0.253793 0.550540 -0.171337
v 0.257031 0.522698 -0.167264
v 0.246184 0.522344 -0.156595
v 0.261640 0.503591 -0.166844
v 0.249592 0.494782 -0.156865
v 0.264845 0.470664 -0.179407
v 0.278888 0.491591 -0.182603
v 0.276330 0.477302 -0.214251
v 0.294392 0.496861 -0.220988
v 0.317184 0.617180 -0.273525
v 0.322300 0.601556 -0.271831
v 0.323583 0.623897 -0.281379
v 0.317104 0.604690 -0.269526
v 0.319753 0.595246 -0.261471
v 0.322907 0.618490 -0.246180
v 0.309336 0.601164 -0.242165
v 0.323094 0.601266 -0.243257
v 0.307014 0.617379 -0.247524
v 0.324538 0.628127 -0.261985
v 0.305890 0.626067 -0.263505
v 0.323583 0.623897 -0.281379
v 0.311689 0.622586 -0.282347
v 0.192068 0.563005 -0.379889
v 0.222704 0.610390 -0.378554
v 0.221519 0.611520 -0.372691
v 0.184862 0.568901 -0.365889
v 0.216367 0.616658 -0.369644
v 0.220776 0.613505 -0.383480
v 0.212226 0.621265 -0.372391
v 0.227479 0.630137 -0.377329
v 0.179348 0.573291 -0.370275
v 0.186148 0.567573 -0.384542
v 0.172500 0.579369 -0.298281
v 0.173451 0.570695 -0.286190
v 0.175180 0.580873 -0.293572
v 0.172594 0.591626 -0.298941
v 0.166788 0.594747 -0.306518
v 0.175180 0.580873 -0.293572
v 0.179356 0.572200 -0.284692
v 0.179047 0.580809 -0.296815
v 0.172594 0.591626 -0.298941
v 0.178541 0.597419 -0.303831
v 0.168168 0.590882 -0.277873
v 0.163202 0.574438 -0.270061
v 0.158732 0.590944 -0.273642
v 0.158804 0.600319 -0.289687
v 0.169758 0.594868 -0.288595
v 0.166788 0.594747 -0.306518
v 0.172594 0.591626 -0.298941
v 0.353714 0.399689 -0.217536
v 0.353966 0.398163 -0.217469
v 0.357564 0.398532 -0.241213
v 0.270401 0.389531 -0.172839
v 0.270558 0.384923 -0.172873
v 0.287477 0.622582 -0.362254
v 0.289062 0.621518 -0.368174
v 0.331321 0.586397 -0.355836
v 0.330915 0.593437 -0.340573
v 0.289170 0.628870 -0.358151
v 0.227317 0.544320 -0.188274
v 0.247631 0.547917 -0.168626
v 0.224873 0.544103 -0.172120
v 0.250074 0.548135 -0.184780
v 0.226223 0.558387 -0.196513
v 0.248981 0.562201 -0.193019
v 0.222687 0.572236 -0.188598
v 0.245445 0.576051 -0.185105
v 0.220244 0.572019 -0.172445
v 0.243001 0.575834 -0.168951
v 0.221337 0.557952 -0.164205
v 0.244095 0.561767 -0.160712
v 0.200040 0.611082 -0.220177
v 0.215136 0.601761 -0.223064
v 0.211615 0.618116 -0.215835
v 0.191229 0.600500 -0.225670
v 0.193170 0.609549 -0.221365
v 0.295991 0.502309 -0.217370
v 0.272630 0.498929 -0.174852
v 0.279445 0.499535 -0.219910
v 0.289176 0.501703 -0.172312
v 0.302990 0.521451 -0.216054
v 0.296175 0.520845 -0.170997
v 0.290192 0.537274 -0.217777
v 0.283377 0.536669 -0.172719
v 0.273646 0.534501 -0.220317
v 0.266831 0.533895 -0.175259
v 0.259855 0.514702 -0.176644
v 0.266775 0.515352 -0.221717
v 0.322716 0.403165 -0.208676
v 0.308148 0.390903 -0.224988
v 0.326129 0.393915 -0.222230
v 0.304304 0.400092 -0.211484
v 0.311523 0.426105 -0.174826
v 0.296999 0.423667 -0.177060
v 0.262077 0.608128 -0.160310
v 0.271868 0.617326 -0.189008
v 0.267388 0.616928 -0.159389
v 0.266557 0.608526 -0.189930
v 0.254212 0.614720 -0.161411
v 0.258693 0.615118 -0.191031
v 0.260210 0.616134 -0.130934
v 0.268582 0.620631 -0.216453
v 0.255852 0.618830 -0.131557
v 0.273803 0.617402 -0.215707
v 0.256958 0.612162 -0.131479
v 0.269907 0.612644 -0.216360
v 0.276742 0.536488 -0.337466
v 0.269598 0.518840 -0.358534
v 0.268579 0.537099 -0.345858
v 0.270702 0.505841 -0.351535
v 0.268919 0.520981 -0.323121
v 0.268107 0.503745 -0.332340
v 0.259189 0.519350 -0.324615
v 0.270702 0.505841 -0.351535
v 0.251379 0.532236 -0.341360
v 0.269598 0.518840 -0.358534
v 0.260995 0.535827 -0.347022
v 0.259524 0.623519 -0.160490
v 0.258693 0.615118 -0.191031
v 0.254212 0.614720 -0.161411
v 0.264004 0.623918 -0.190109
v 0.267388 0.616928 -0.159389
v 0.271868 0.617326 -0.189008
v 0.290409 0.515402 -0.243156
v 0.283373 0.513424 -0.243361
v 0.290261 0.500920 -0.233469
v 0.287673 0.526536 -0.254398
v 0.279962 0.524332 -0.254603
v 0.238939 0.628134 -0.384934
v 0.240915 0.611126 -0.392355
v 0.235027 0.632796 -0.369835
v 0.231220 0.614232 -0.351188
v 0.241804 0.597147 -0.391144
v 0.231728 0.598277 -0.346141
v 0.231981 0.590333 -0.343628
v 0.243533 0.569960 -0.388791
v 0.323094 0.601266 -0.243257
v 0.315654 0.615631 -0.252972
v 0.322907 0.618490 -0.246180
v 0.324538 0.628127 -0.261985
v 0.316197 0.619433 -0.264655
v 0.317184 0.617180 -0.273525
v 0.323583 0.623897 -0.281379
v 0.288791 0.319176 -0.202180
v 0.281121 0.317813 -0.214083
v 0.291835 0.319608 -0.212438
v 0.279548 0.317642 -0.203647
v 0.270296 0.316075 -0.205020
v 0.270408 0.316017 -0.215728
v 0.219748 0.490065 -0.182970
v 0.229402 0.482587 -0.198651
v 0.226014 0.485193 -0.182235
v 0.226563 0.490671 -0.228028
v 0.233314 0.509743 -0.226854
v 0.241519 0.503127 -0.180040
v 0.226603 0.509128 -0.181748
v 0.234439 0.505487 -0.170835
v 0.226014 0.485193 -0.182235
v 0.219748 0.490065 -0.182970
v 0.285971 0.518839 -0.261307
v 0.283373 0.513424 -0.243361
v 0.279962 0.524332 -0.254603
v 0.288596 0.509828 -0.257064
v 0.284162 0.488667 -0.241249
v 0.290261 0.500920 -0.233469
v 0.295743 0.484749 -0.259884
v 0.310254 0.429300 -0.212604
v 0.310944 0.428489 -0.237001
v 0.305298 0.421222 -0.222779
v 0.166788 0.594747 -0.306518
v 0.178541 0.597419 -0.303831
v 0.179047 0.580809 -0.296815
v 0.172500 0.579369 -0.298281
v 0.173451 0.570695 -0.286190
v 0.179356 0.572200 -0.284692
v 0.262536 0.616497 -0.127307
v 0.253246 0.613228 -0.108350
v 0.257236 0.607629 -0.128228
v 0.254541 0.615394 -0.108125
v 0.251322 0.614855 -0.108619
v 0.249360 0.614288 -0.129329
v 0.257236 0.607629 -0.128228
v 0.253268 0.620878 -0.363584
v 0.243061 0.677530 -0.375836
v 0.251755 0.619962 -0.369368
v 0.244506 0.678540 -0.369469
v 0.240950 0.695055 -0.364339
v 0.243137 0.694925 -0.383430
v 0.236788 0.683477 -0.388629
v 0.242712 0.669379 -0.393497
v 0.240203 0.682535 -0.384860
v 0.233677 0.692241 -0.384451
v 0.243888 0.691182 -0.379252
v 0.245852 0.683617 -0.383784
v 0.251606 0.684446 -0.383110
v 0.254276 0.695694 -0.381288
v 0.255485 0.686611 -0.385759
v 0.256059 0.671616 -0.391448
v 0.190508 0.604423 -0.138363
v 0.185569 0.597366 -0.143616
v 0.189803 0.604253 -0.142883
v 0.185207 0.595555 -0.139284
v 0.185207 0.595555 -0.139284
v 0.177332 0.602214 -0.140386
v 0.179341 0.602500 -0.144489
v 0.177332 0.602214 -0.140386
v 0.181217 0.601154 -0.119407
v 0.179294 0.602781 -0.119676
v 0.185207 0.595555 -0.139284
v 0.190508 0.604423 -0.138363
v 0.185207 0.595555 -0.139284
v 0.182512 0.603320 -0.119182
v 0.262077 0.608128 -0.160310
v 0.259221 0.615683 -0.149959
v 0.254212 0.614720 -0.161411
v 0.267388 0.616928 -0.159389
v 0.259524 0.623519 -0.160490
v 0.267388 0.616928 -0.159389
v 0.254212 0.614720 -0.161411
v 0.219748 0.490065 -0.182970
v 0.209698 0.487843 -0.230616
v 0.226563 0.490671 -0.228028
v 0.202883 0.487238 -0.185559
v 0.190245 0.503088 -0.187257
v 0.197060 0.503694 -0.232315
v 0.196698 0.522139 -0.186025
v 0.203513 0.522745 -0.231083
v 0.221150 0.525701 -0.228375
v 0.214335 0.525095 -0.183318
v 0.226603 0.509128 -0.181748
v 0.233314 0.509743 -0.226854
v 0.257588 0.376002 -0.178631
v 0.260760 0.363703 -0.178031
v 0.265555 0.377204 -0.177531
v 0.267538 0.364853 -0.176962
v 0.274329 0.365977 -0.175948
v 0.273443 0.378659 -0.176198
v 0.259855 0.514702 -0.176644
v 0.268158 0.492257 -0.175766
v 0.272630 0.498929 -0.174852
v 0.250764 0.508224 -0.168329
v 0.247819 0.504183 -0.179073
v 0.266775 0.515352 -0.221717
v 0.270727 0.489514 -0.192308
v 0.279445 0.499535 -0.219910
v 0.272630 0.498929 -0.174852
v 0.268158 0.492257 -0.175766
v 0.187193 0.603610 -0.161016
v 0.195360 0.604854 -0.170445
v 0.187496 0.611446 -0.171546
v 0.182184 0.602646 -0.172468
v 0.182184 0.602646 -0.172468
v 0.190048 0.596054 -0.171367
v 0.195360 0.604854 -0.170445
v 0.297327 0.257100 -0.212380
v 0.291352 0.256165 -0.213408
v 0.293731 0.256619 -0.201275
v 0.289622 0.256036 -0.201998
v 0.285519 0.255243 -0.202536
v 0.285366 0.255095 -0.214217
v 0.288791 0.319176 -0.202180
v 0.293731 0.256619 -0.201275
v 0.279548 0.317642 -0.203647
v 0.289622 0.256036 -0.201998
v 0.285519 0.255243 -0.202536
v 0.270296 0.316075 -0.205020
v 0.282257 0.615180 -0.257647
v 0.275448 0.614617 -0.212742
v 0.268801 0.610297 -0.259847
v 0.252727 0.608062 -0.217294
v 0.240619 0.605558 -0.264453
v 0.269247 0.611301 -0.291050
v 0.244679 0.611061 -0.296907
v 0.220738 0.603170 -0.298496
v 0.212351 0.600834 -0.268512
v 0.233931 0.604912 -0.220179
v 0.215136 0.601761 -0.223064
v 0.245855 0.609477 -0.175148
v 0.191229 0.600500 -0.225670
v 0.226110 0.610282 -0.175093
v 0.198018 0.601059 -0.270578
v 0.208578 0.603228 -0.180870
v 0.217761 0.503152 -0.254397
v 0.220076 0.515104 -0.264868
v 0.226077 0.508669 -0.270565
v 0.225276 0.499099 -0.266843
v 0.212893 0.478868 -0.254585
v 0.219560 0.489005 -0.244386
v 0.227535 0.473208 -0.270389
v 0.217797 0.413823 -0.226810
v 0.224675 0.413999 -0.250240
v 0.215788 0.407707 -0.238073
v 0.224788 0.503496 -0.252406
v 0.226077 0.508669 -0.270565
v 0.227782 0.515445 -0.262666
v 0.225276 0.499099 -0.266843
v 0.231215 0.479674 -0.249380
v 0.227535 0.473208 -0.270389
v 0.219560 0.489005 -0.244386
v 0.224675 0.413999 -0.250240
v 0.217797 0.413823 -0.226810
v 0.227849 0.408209 -0.234640
v 0.256059 0.671616 -0.391448
v 0.250257 0.687281 -0.390775
v 0.255485 0.686611 -0.385759
v 0.254276 0.695694 -0.381288
v 0.244286 0.698967 -0.390341
v 0.246483 0.686793 -0.391362
v 0.242753 0.686023 -0.391927
v 0.233677 0.692241 -0.384451
v 0.236788 0.683477 -0.388629
v 0.242712 0.669379 -0.393497
v 0.245852 0.683617 -0.383784
v 0.250257 0.687281 -0.390775
v 0.251606 0.684446 -0.383110
v 0.246483 0.686793 -0.391362
v 0.242753 0.686023 -0.391927
v 0.240203 0.682535 -0.384860
v 0.256614 0.620777 -0.368622
v 0.247989 0.678356 -0.375079
v 0.253268 0.620878 -0.363584
v 0.244506 0.678540 -0.369469
v 0.240950 0.695055 -0.364339
v 0.244592 0.695169 -0.383207
v 0.294392 0.496861 -0.220988
v 0.276330 0.477302 -0.214251
v 0.254389 0.487802 -0.225566
v 0.255489 0.473808 -0.217450
v 0.234648 0.470315 -0.220649
v 0.214092 0.483400 -0.233315
v 0.275916 0.616993 -0.386982
v 0.276376 0.597775 -0.336814
v 0.285638 0.577018 -0.382328
v 0.271651 0.621009 -0.344982
v 0.267743 0.638280 -0.364813
v 0.270109 0.633359 -0.380149
v 0.277949 0.638594 -0.369768
v 0.291735 0.625403 -0.372455
v 0.281279 0.621233 -0.374481
v 0.271488 0.631806 -0.367136
v 0.280192 0.630349 -0.353641
v 0.292318 0.634698 -0.359808
v 0.287673 0.526536 -0.254398
v 0.290409 0.515402 -0.243156
v 0.285971 0.518839 -0.261307
v 0.288596 0.509828 -0.257064
v 0.302483 0.493913 -0.240733
v 0.295743 0.484749 -0.259884
v 0.290261 0.500920 -0.233469
v 0.310944 0.428489 -0.237001
v 0.310254 0.429300 -0.212604
v 0.317352 0.424702 -0.222446
v 0.276330 0.477302 -0.214251
v 0.291835 0.319608 -0.212438
v 0.255489 0.473808 -0.217450
v 0.281121 0.317813 -0.214083
v 0.270408 0.316017 -0.215728
v 0.234648 0.470315 -0.220649
v 0.257236 0.607629 -0.128228
v 0.249360 0.614288 -0.129329
v 0.257597 0.609440 -0.132560
v 0.251369 0.614574 -0.133433
v 0.261831 0.616327 -0.131827
v 0.262536 0.616497 -0.127307
v 0.257236 0.607629 -0.128228
v 0.212226 0.621265 -0.372391
v 0.222473 0.620672 -0.362548
v 0.227479 0.630137 -0.377329
v 0.234405 0.625601 -0.372209
v 0.231685 0.612924 -0.381878
v 0.220776 0.613505 -0.383480
v 0.311689 0.622586 -0.282347
v 0.323583 0.623897 -0.281379
v 0.313157 0.600483 -0.272614
v 0.322300 0.601556 -0.271831
v 0.319753 0.595246 -0.261471
v 0.313512 0.594715 -0.261838
v 0.194377 0.371177 -0.266263
v 0.256345 0.382299 -0.233835
v 0.190807 0.370813 -0.242515
v 0.255050 0.381836 -0.216949
v 0.257223 0.382687 -0.174920
v 0.288673 0.387718 -0.228873
v 0.285059 0.386866 -0.212343
v 0.353966 0.398163 -0.217469
v 0.357564 0.398532 -0.241213
v 0.270558 0.384923 -0.172873
v 0.194377 0.371177 -0.266263
v 0.190568 0.372341 -0.242579
v 0.256345 0.382299 -0.233835
v 0.254212 0.385389 -0.217022
v 0.255886 0.387098 -0.175067
v 0.288673 0.387718 -0.228873
v 0.284702 0.390501 -0.212341
v 0.353714 0.399689 -0.217536
v 0.270401 0.389531 -0.172839
v 0.357564 0.398532 -0.241213
v 0.243533 0.569960 -0.388791
v 0.241804 0.597147 -0.391144
v 0.264558 0.573569 -0.385468
v 0.259410 0.607384 -0.388859
v 0.285638 0.577018 -0.382328
v 0.240915 0.611126 -0.392355
v 0.275916 0.616993 -0.386982
v 0.258393 0.614063 -0.389529
v 0.238939 0.628134 -0.384934
v 0.270109 0.633359 -0.380149
v 0.254521 0.630674 -0.382443
v 0.254194 0.594077 -0.340350
v 0.231728 0.598277 -0.346141
v 0.231981 0.590333 -0.343628
v 0.252355 0.609935 -0.345681
v 0.276376 0.597775 -0.336814
v 0.231220 0.614232 -0.351188
v 0.271651 0.621009 -0.344982
v 0.251467 0.617582 -0.348252
v 0.235027 0.632796 -0.369835
v 0.267743 0.638280 -0.364813
v 0.251403 0.635416 -0.367310
v 0.211867 0.506441 -0.207282
v 0.221150 0.525701 -0.228375
v 0.233314 0.509743 -0.226854
v 0.203513 0.522745 -0.231083
v 0.197060 0.503694 -0.232315
v 0.209698 0.487843 -0.230616
v 0.226563 0.490671 -0.228028
v 0.233314 0.509743 -0.226854
v 0.281368 0.518098 -0.196029
v 0.259855 0.514702 -0.176644
v 0.272630 0.498929 -0.174852
v 0.289176 0.501703 -0.172312
v 0.296175 0.520845 -0.170997
v 0.283377 0.536669 -0.172719
v 0.266831 0.533895 -0.175259
v 0.259855 0.514702 -0.176644
v 0.211780 0.506433 -0.206711
v 0.226603 0.509128 -0.181748
v 0.214335 0.525095 -0.183318
v 0.196698 0.522139 -0.186025
v 0.190245 0.503088 -0.187257
v 0.202883 0.487238 -0.185559
v 0.219748 0.490065 -0.182970
v 0.226603 0.509128 -0.181748
v 0.281454 0.518106 -0.196600
v 0.279445 0.499535 -0.219910
v 0.266775 0.515352 -0.221717
v 0.295991 0.502309 -0.217370
v 0.302990 0.521451 -0.216054
v 0.290192 0.537274 -0.217777
v 0.273646 0.534501 -0.220317
v 0.266775 0.515352 -0.221717
v 0.219096 0.544723 -0.176663
v 0.241195 0.537687 -0.194088
v 0.213757 0.533018 -0.197444
v 0.236453 0.548016 -0.174474
v 0.220195 0.562451 -0.162836
v 0.253793 0.550540 -0.171337
v 0.268405 0.542179 -0.189055
v 0.243113 0.566293 -0.159318
v 0.231935 0.563352 -0.161791
v 0.228550 0.575387 -0.152881
v 0.233677 0.692241 -0.384451
v 0.229421 0.695882 -0.367450
v 0.244286 0.698967 -0.390341
v 0.238051 0.710803 -0.362648
v 0.230881 0.685655 -0.357494
v 0.251991 0.699665 -0.363986
v 0.254276 0.695694 -0.381288
v 0.251028 0.689032 -0.354401
v 0.237224 0.693787 -0.338685
v 0.237160 0.662793 -0.335519
v 0.246239 0.664314 -0.334125
v 0.240061 0.667883 -0.328872
v 0.213757 0.533018 -0.197444
v 0.241195 0.537687 -0.194088
v 0.223863 0.517138 -0.172356
v 0.242352 0.516911 -0.178940
v 0.257031 0.522698 -0.167264
v 0.268405 0.542179 -0.189055
v 0.244538 0.505937 -0.181197
v 0.225675 0.497562 -0.172365
v 0.261640 0.503591 -0.166844
v 0.248247 0.494669 -0.193052
v 0.218547 0.481476 -0.191866
v 0.278888 0.491591 -0.182603
v 0.214092 0.483400 -0.233315
v 0.294392 0.496861 -0.220988
v 0.254389 0.487802 -0.225566
v 0.240091 0.687653 -0.350660
v 0.246239 0.664314 -0.334125
v 0.241670 0.663659 -0.334746
v 0.237160 0.662793 -0.335519
v 0.251028 0.689032 -0.354401
v 0.230881 0.685655 -0.357494
v 0.242002 0.691411 -0.367211
v 0.251991 0.699665 -0.363986
v 0.229421 0.695882 -0.367450
v 0.254276 0.695694 -0.381288
v 0.233677 0.692241 -0.384451
v 0.243888 0.691182 -0.379252
v 0.244593 0.694539 -0.382007
v 0.255832 0.621672 -0.375521
v 0.243464 0.694338 -0.380747
v 0.243653 0.694348 -0.379506
v 0.254145 0.621403 -0.374364
v 0.254864 0.621734 -0.373116
v 0.241001 0.630505 -0.411406
v 0.225531 0.724851 -0.408856
v 0.240742 0.630320 -0.409388
v 0.239624 0.630310 -0.410599
v 0.225918 0.725112 -0.411595
v 0.224031 0.724838 -0.410470
v 0.276666 0.581293 -0.370402
v 0.275221 0.576828 -0.365298
v 0.283957 0.573652 -0.367311
v 0.276833 0.574548 -0.373279
v 0.280840 0.572573 -0.365220
v 0.281760 0.571401 -0.369538
v 0.279155 0.548760 -0.345614
v 0.277378 0.547006 -0.348872
v 0.276498 0.550939 -0.345838
v 0.263502 0.546341 -0.343688
v 0.264735 0.538959 -0.344405
v 0.264983 0.540861 -0.346970
v 0.241737 0.566575 -0.373792
v 0.248015 0.572268 -0.369474
v 0.246780 0.576283 -0.374990
v 0.249618 0.569986 -0.377457
v 0.244282 0.566445 -0.370832
v 0.245086 0.565254 -0.375168
v 0.247669 0.543482 -0.350448
v 0.250782 0.542548 -0.352955
v 0.249436 0.546403 -0.349992
v 0.261993 0.546088 -0.343920
v 0.263444 0.538742 -0.344603
v 0.263362 0.540589 -0.347218
v 0.237282 0.626916 -0.370791
v 0.228863 0.625265 -0.372596
v 0.237191 0.622047 -0.363279
v 0.239953 0.620064 -0.375596
v 0.227574 0.620047 -0.365170
v 0.230351 0.618125 -0.377706
v 0.229665 0.613221 -0.370181
v 0.225464 0.618087 -0.372169
v 0.239866 0.615132 -0.368078
v 0.276508 0.633251 -0.365282
v 0.269042 0.624940 -0.371130
v 0.267863 0.632043 -0.366097
v 0.267304 0.627095 -0.358656
v 0.278934 0.626269 -0.370249
v 0.277166 0.628360 -0.357557
v 0.278919 0.621477 -0.362620
v 0.281737 0.627520 -0.363530
v 0.268497 0.619931 -0.363683
v 0.222943 0.723028 -0.410552
v 0.224981 0.735090 -0.413436
v 0.227269 0.723824 -0.413217
v 0.226149 0.724335 -0.406647
v 0.220657 0.734269 -0.410772
v 0.223861 0.735601 -0.406869
v -0.294601 0.601761 -0.223064
v -0.301159 0.603228 -0.180870
v -0.298123 0.618116 -0.215835
v -0.288999 0.603170 -0.298496
v -0.297386 0.600834 -0.268512
v -0.302298 0.611714 -0.269045
v -0.302298 0.611714 -0.269045
v -0.297386 0.600834 -0.268512
v -0.288999 0.603170 -0.298496
v -0.263882 0.609477 -0.175148
v -0.257011 0.608062 -0.217294
v -0.261159 0.624313 -0.210161
v -0.240491 0.611301 -0.291050
v -0.239820 0.622187 -0.259454
v -0.240937 0.610297 -0.259847
v -0.240937 0.610297 -0.259847
v -0.239820 0.622187 -0.259454
v -0.240491 0.611301 -0.291050
v -0.328575 0.589643 -0.284839
v -0.327487 0.586184 -0.288146
v -0.321787 0.590048 -0.285585
v -0.203390 0.606986 -0.269097
v -0.204506 0.610613 -0.265792
v -0.210510 0.608701 -0.268503
v -0.223734 0.519598 -0.336857
v -0.227527 0.511479 -0.333081
v -0.226050 0.514140 -0.345643
v -0.223734 0.519598 -0.336857
v -0.230127 0.523596 -0.329407
v -0.227527 0.511479 -0.333081
v -0.223734 0.519598 -0.336857
v -0.228625 0.526003 -0.341815
v -0.230127 0.523596 -0.329407
v -0.223734 0.519598 -0.336857
v -0.226050 0.514140 -0.345643
v -0.228625 0.526003 -0.341815
v -0.256597 0.506606 -0.337543
v -0.261503 0.513267 -0.342654
v -0.255110 0.509269 -0.350104
v -0.259188 0.518725 -0.333868
v -0.261503 0.513267 -0.342654
v -0.256597 0.506606 -0.337543
v -0.257688 0.521131 -0.346276
v -0.261503 0.513267 -0.342654
v -0.259188 0.518725 -0.333868
v -0.255110 0.509269 -0.350104
v -0.261503 0.513267 -0.342654
v -0.257688 0.521131 -0.346276
v -0.250327 0.607384 -0.388859
v -0.253521 0.608451 -0.368801
v -0.233822 0.616993 -0.386982
v -0.253521 0.608451 -0.368801
v -0.238087 0.621009 -0.344982
v -0.233822 0.616993 -0.386982
v -0.257383 0.609935 -0.345681
v -0.238087 0.621009 -0.344982
v -0.253521 0.608451 -0.368801
v -0.257383 0.609935 -0.345681
v -0.253521 0.608451 -0.368801
v -0.278009 0.598277 -0.346141
v -0.278009 0.598277 -0.346141
v -0.253521 0.608451 -0.368801
v -0.267934 0.597147 -0.391144
v -0.267934 0.597147 -0.391144
v -0.253521 0.608451 -0.368801
v -0.250327 0.607384 -0.388859
v -0.278009 0.598277 -0.346141
v -0.253749 0.609756 -0.368754
v -0.257383 0.609935 -0.345681
v -0.238087 0.621009 -0.344982
v -0.253749 0.609756 -0.368754
v -0.233822 0.616993 -0.386982
v -0.253749 0.609756 -0.368754
v -0.250327 0.607384 -0.388859
v -0.233822 0.616993 -0.386982
v -0.250327 0.607384 -0.388859
v -0.253749 0.609756 -0.368754
v -0.267934 0.597147 -0.391144
v -0.267934 0.597147 -0.391144
v -0.253749 0.609756 -0.368754
v -0.278009 0.598277 -0.346141
v -0.257383 0.609935 -0.345681
v -0.253749 0.609756 -0.368754
v -0.238087 0.621009 -0.344982
v -0.219724 0.508011 -0.345642
v -0.231017 0.529227 -0.345280
v -0.221458 0.531977 -0.345020
v -0.222567 0.524869 -0.258058
v -0.228579 0.523136 -0.258238
v -0.220725 0.507359 -0.260435
v -0.222660 0.532225 -0.315918
v -0.219497 0.504201 -0.319321
v -0.231870 0.529577 -0.316181
v -0.223766 0.518839 -0.261307
v -0.229775 0.524332 -0.254603
v -0.222064 0.526536 -0.254398
v -0.241630 0.503745 -0.332340
v -0.240818 0.520981 -0.323121
v -0.250548 0.519350 -0.324615
v -0.227209 0.616972 -0.411400
v -0.247637 0.606046 -0.404066
v -0.230676 0.618304 -0.389661
v -0.247637 0.606046 -0.404066
v -0.267952 0.596282 -0.396812
v -0.230676 0.618304 -0.389661
v -0.264381 0.595073 -0.418120
v -0.267952 0.596282 -0.396812
v -0.247637 0.606046 -0.404066
v -0.264381 0.595073 -0.418120
v -0.247637 0.606046 -0.404066
v -0.227209 0.616972 -0.411400
v -0.247869 0.607408 -0.404035
v -0.227209 0.616972 -0.411400
v -0.230676 0.618304 -0.389661
v -0.264381 0.595073 -0.418120
v -0.227209 0.616972 -0.411400
v -0.247869 0.607408 -0.404035
v -0.264381 0.595073 -0.418120
v -0.247869 0.607408 -0.404035
v -0.267952 0.596282 -0.396812
v -0.267952 0.596282 -0.396812
v -0.247869 0.607408 -0.404035
v -0.230676 0.618304 -0.389661
v -0.255465 0.525104 -0.348967
v -0.258867 0.501462 -0.351668
v -0.265026 0.524697 -0.351692
v -0.283053 0.496818 -0.270089
v -0.281586 0.514129 -0.266403
v -0.287605 0.513876 -0.268102
v -0.263445 0.524221 -0.320982
v -0.265686 0.496438 -0.326457
v -0.272659 0.523826 -0.323596
v -0.281955 0.515445 -0.262666
v -0.283660 0.508669 -0.270565
v -0.289662 0.515104 -0.264868
v -0.258132 0.684446 -0.383110
v -0.259481 0.687281 -0.390775
v -0.253679 0.671616 -0.391448
v -0.269647 0.687653 -0.350659
v -0.267735 0.691411 -0.367211
v -0.258709 0.689032 -0.354401
v -0.266984 0.686023 -0.391927
v -0.269535 0.682535 -0.384860
v -0.267026 0.669379 -0.393497
v -0.278857 0.685655 -0.357494
v -0.267735 0.691411 -0.367211
v -0.269647 0.687653 -0.350659
v -0.254873 0.621734 -0.373116
v -0.255592 0.621403 -0.374364
v -0.253905 0.621672 -0.375521
v -0.253124 0.620777 -0.368622
v -0.256469 0.620878 -0.363584
v -0.257982 0.619962 -0.369368
v -0.265145 0.695169 -0.383207
v -0.266600 0.694925 -0.383430
v -0.268787 0.695055 -0.364339
v -0.334415 0.578673 -0.264997
v -0.346536 0.574438 -0.270061
v -0.341569 0.590882 -0.277872
v -0.335926 0.595025 -0.270232
v -0.334415 0.578673 -0.264997
v -0.341569 0.590882 -0.277872
v -0.336287 0.570695 -0.286190
v -0.330382 0.572200 -0.284692
v -0.334557 0.580873 -0.293572
v -0.186643 0.601266 -0.243257
v -0.200402 0.601164 -0.242165
v -0.194084 0.615631 -0.252972
v -0.196225 0.594715 -0.261838
v -0.189984 0.595246 -0.261471
v -0.192633 0.604690 -0.269526
v -0.351967 0.585682 -0.291848
v -0.352473 0.585638 -0.288508
v -0.352548 0.589187 -0.291896
v -0.351967 0.585682 -0.291848
v -0.351462 0.585727 -0.295189
v -0.351385 0.582178 -0.291814
v -0.180075 0.614496 -0.265462
v -0.179570 0.614541 -0.268803
v -0.180655 0.618001 -0.265510
v -0.180075 0.614496 -0.265462
v -0.180655 0.618001 -0.265510
v -0.180608 0.614620 -0.262123
v -0.180075 0.614496 -0.265462
v -0.180608 0.614620 -0.262123
v -0.179493 0.610992 -0.265428
v -0.180075 0.614496 -0.265462
v -0.179493 0.610992 -0.265428
v -0.179570 0.614541 -0.268803
v -0.351967 0.585682 -0.291848
v -0.351385 0.582178 -0.291814
v -0.352473 0.585638 -0.288508
v -0.352548 0.589187 -0.291896
v -0.351462 0.585727 -0.295189
v -0.212410 0.257100 -0.212380
v -0.216006 0.256619 -0.201275
v -0.207645 0.190940 -0.212148
v -0.221624 0.255888 -0.192010
v -0.207645 0.190940 -0.212148
v -0.220946 0.319176 -0.202180
v -0.224218 0.255243 -0.202536
v -0.224372 0.255095 -0.214217
v -0.207645 0.190940 -0.212148
v -0.239441 0.316075 -0.205020
v -0.234197 0.317316 -0.177184
v -0.235409 0.365977 -0.175948
v -0.217902 0.319608 -0.212438
v -0.248977 0.363703 -0.178031
v -0.236294 0.378659 -0.176198
v -0.239329 0.316017 -0.215728
v -0.243583 0.364673 -0.167751
v -0.233407 0.477302 -0.214251
v -0.252149 0.376002 -0.178631
v -0.244893 0.470664 -0.179407
v -0.275089 0.470315 -0.220649
v -0.264160 0.471625 -0.150500
v -0.272788 0.465988 -0.183689
v -0.246029 0.377138 -0.165430
v -0.273303 0.492576 -0.158885
v -0.260145 0.494782 -0.156865
v -0.273206 0.524073 -0.148842
v -0.279095 0.519738 -0.158980
v -0.263554 0.522344 -0.156595
v -0.289542 0.562451 -0.162836
v -0.290642 0.544723 -0.176663
v -0.281187 0.575387 -0.152881
v -0.266624 0.566293 -0.159318
v -0.255944 0.550540 -0.171337
v -0.243583 0.364673 -0.167751
v -0.235409 0.365977 -0.175948
v -0.242199 0.364853 -0.176962
v -0.248977 0.363703 -0.178031
v -0.275333 0.625601 -0.372209
v -0.288218 0.611520 -0.372691
v -0.278052 0.612924 -0.381878
v -0.287264 0.620672 -0.362548
v -0.278052 0.612924 -0.381878
v -0.287034 0.610390 -0.378553
v -0.288961 0.613505 -0.383480
v -0.288218 0.611520 -0.372691
v -0.287264 0.620672 -0.362548
v -0.293371 0.616658 -0.369644
v -0.297511 0.621265 -0.372391
v -0.293371 0.616658 -0.369644
v -0.330389 0.573291 -0.370275
v -0.324875 0.568901 -0.365889
v -0.297511 0.621265 -0.372391
v -0.324875 0.568901 -0.365889
v -0.323589 0.567573 -0.384542
v -0.317669 0.563005 -0.379889
v -0.330389 0.573291 -0.370275
v -0.323589 0.567573 -0.384542
v -0.287034 0.610390 -0.378553
v -0.317669 0.563005 -0.379889
v -0.288961 0.613505 -0.383480
v -0.345024 0.594204 -0.307887
v -0.328465 0.595549 -0.304092
v -0.330712 0.601063 -0.306311
v -0.342779 0.588690 -0.305664
v -0.333099 0.568720 -0.368839
v -0.328465 0.595549 -0.304092
v -0.342779 0.588690 -0.305664
v -0.308125 0.580627 -0.367067
v -0.330712 0.601063 -0.306311
v -0.335438 0.574119 -0.370681
v -0.345024 0.594204 -0.307887
v -0.310469 0.586039 -0.368909
v -0.335438 0.574119 -0.370681
v -0.308125 0.580627 -0.367067
v -0.333099 0.568720 -0.368839
v -0.310469 0.586039 -0.368909
v -0.284931 0.379419 -0.214449
v -0.287500 0.390188 -0.216749
v -0.285934 0.386962 -0.221679
v -0.286194 0.379844 -0.206708
v -0.286525 0.390466 -0.216598
v -0.283956 0.379698 -0.214298
v -0.284959 0.387240 -0.221528
v -0.285219 0.380123 -0.206557
v -0.287500 0.390188 -0.216749
v -0.285219 0.380123 -0.206557
v -0.286525 0.390466 -0.216598
v -0.286194 0.379844 -0.206708
v -0.285934 0.386962 -0.221679
v -0.283956 0.379698 -0.214298
v -0.284931 0.379419 -0.214449
v -0.284959 0.387240 -0.221528
v -0.285492 0.397979 -0.209242
v -0.278878 0.384188 -0.226515
v -0.279096 0.385474 -0.227473
v -0.285273 0.396692 -0.208285
v -0.287881 0.382993 -0.228852
v -0.294058 0.394210 -0.209665
v -0.294276 0.395497 -0.210622
v -0.287662 0.381706 -0.227895
v -0.287662 0.381706 -0.227895
v -0.279096 0.385474 -0.227473
v -0.278878 0.384188 -0.226515
v -0.287881 0.382993 -0.228852
v -0.285492 0.397979 -0.209242
v -0.294058 0.394210 -0.209665
v -0.285273 0.396692 -0.208285
v -0.294276 0.395497 -0.210622
v -0.294058 0.394210 -0.209665
v -0.278878 0.384188 -0.226515
v -0.285273 0.396692 -0.208285
v -0.287662 0.381706 -0.227895
v -0.335438 0.574119 -0.370681
v -0.342779 0.588690 -0.305664
v -0.345024 0.594204 -0.307887
v -0.333099 0.568720 -0.368839
v -0.308125 0.580627 -0.367067
v -0.330712 0.601063 -0.306311
v -0.328465 0.595549 -0.304092
v -0.310469 0.586039 -0.368909
v -0.229545 0.630349 -0.353641
v -0.220568 0.628870 -0.358151
v -0.217419 0.634698 -0.359808
v -0.222261 0.622582 -0.362254
v -0.228458 0.621233 -0.374481
v -0.220675 0.621518 -0.368174
v -0.218002 0.625403 -0.372455
v -0.222261 0.622582 -0.362254
v -0.238249 0.631806 -0.367136
v -0.228458 0.621233 -0.374481
v -0.229545 0.630349 -0.353641
v -0.173816 0.599597 -0.343005
v -0.220568 0.628870 -0.358151
v -0.178822 0.593437 -0.340573
v -0.217419 0.634698 -0.359808
v -0.178822 0.593437 -0.340573
v -0.173016 0.592870 -0.358386
v -0.173816 0.599597 -0.343005
v -0.178416 0.586397 -0.355836
v -0.220675 0.621518 -0.368174
v -0.173016 0.592870 -0.358386
v -0.178416 0.586397 -0.355836
v -0.218002 0.625403 -0.372455
v -0.184639 0.621328 -0.280722
v -0.201016 0.616727 -0.281749
v -0.185382 0.615272 -0.278943
v -0.200273 0.622782 -0.283523
v -0.201016 0.616727 -0.281749
v -0.169576 0.596473 -0.341513
v -0.185382 0.615272 -0.278943
v -0.196564 0.599005 -0.347335
v -0.168816 0.602434 -0.342894
v -0.200273 0.622782 -0.283523
v -0.184639 0.621328 -0.280722
v -0.195803 0.604979 -0.348715
v -0.196564 0.599005 -0.347335
v -0.168816 0.602434 -0.342894
v -0.169576 0.596473 -0.341513
v -0.195803 0.604979 -0.348715
v -0.185382 0.615272 -0.278943
v -0.168816 0.602434 -0.342894
v -0.184639 0.621328 -0.280722
v -0.169576 0.596473 -0.341513
v -0.302298 0.611714 -0.269045
v -0.311719 0.601059 -0.270578
v -0.309187 0.610246 -0.270099
v -0.297386 0.600834 -0.268512
v -0.200273 0.622782 -0.283523
v -0.196564 0.599005 -0.347335
v -0.201016 0.616727 -0.281749
v -0.195803 0.604979 -0.348715
v -0.268067 0.663659 -0.334745
v -0.269677 0.667883 -0.328872
v -0.272577 0.662793 -0.335519
v -0.263499 0.664314 -0.334125
v -0.281888 0.408209 -0.234640
v -0.291940 0.413823 -0.226810
v -0.293949 0.407707 -0.238073
v -0.285062 0.413999 -0.250240
v -0.295965 0.384903 -0.225400
v -0.292011 0.409172 -0.244054
v -0.292137 0.375722 -0.238890
v -0.303066 0.408529 -0.190921
v -0.277562 0.388001 -0.222556
v -0.282581 0.410761 -0.242612
v -0.288540 0.410961 -0.188696
v -0.274158 0.378738 -0.236128
v -0.292011 0.409172 -0.244054
v -0.274158 0.378738 -0.236128
v -0.292137 0.375722 -0.238890
v -0.282581 0.410761 -0.242612
v -0.288540 0.410961 -0.188696
v -0.292011 0.409172 -0.244054
v -0.303066 0.408529 -0.190921
v -0.282581 0.410761 -0.242612
v -0.283053 0.496818 -0.270089
v -0.263445 0.524221 -0.320982
v -0.281586 0.514129 -0.266403
v -0.265686 0.496438 -0.326457
v -0.281586 0.514129 -0.266403
v -0.272659 0.523826 -0.323596
v -0.287605 0.513876 -0.268102
v -0.263445 0.524221 -0.320982
v -0.272659 0.523826 -0.323596
v -0.283053 0.496818 -0.270089
v -0.287605 0.513876 -0.268102
v -0.265686 0.496438 -0.326457
v -0.207645 0.190940 -0.212148
v -0.224372 0.255095 -0.214217
v -0.218385 0.256165 -0.213408
v -0.212410 0.257100 -0.212380
v -0.265026 0.524697 -0.351692
v -0.266208 0.520079 -0.320954
v -0.255465 0.525104 -0.348967
v -0.271526 0.519842 -0.322472
v -0.227480 0.615180 -0.257647
v -0.239820 0.622187 -0.259454
v -0.232832 0.623045 -0.258378
v -0.240937 0.610297 -0.259847
v -0.303803 0.606925 -0.272663
v -0.300774 0.607158 -0.266556
v -0.301272 0.606180 -0.273334
v -0.303543 0.607636 -0.266969
v -0.302769 0.604021 -0.272024
v -0.300774 0.607158 -0.266556
v -0.302626 0.604599 -0.266871
v -0.301272 0.606180 -0.273334
v -0.302769 0.604021 -0.272024
v -0.303543 0.607636 -0.266969
v -0.303803 0.606925 -0.272663
v -0.302626 0.604599 -0.266871
v -0.328650 0.593193 -0.288228
v -0.321242 0.591171 -0.288496
v -0.327565 0.589733 -0.291520
v -0.322317 0.592951 -0.286629
v -0.327487 0.586184 -0.288146
v -0.321242 0.591171 -0.288496
v -0.321787 0.590048 -0.285585
v -0.327565 0.589733 -0.291520
v -0.255465 0.525104 -0.348967
v -0.267287 0.501735 -0.324784
v -0.258867 0.501462 -0.351668
v -0.266208 0.520079 -0.320954
v -0.328575 0.589643 -0.284839
v -0.322317 0.592951 -0.286629
v -0.328650 0.593193 -0.288228
v -0.321787 0.590048 -0.285585
v -0.322317 0.592951 -0.286629
v -0.301272 0.606180 -0.273334
v -0.321242 0.591171 -0.288496
v -0.303803 0.606925 -0.272663
v -0.321242 0.591171 -0.288496
v -0.302769 0.604021 -0.272024
v -0.321787 0.590048 -0.285585
v -0.301272 0.606180 -0.273334
v -0.322317 0.592951 -0.286629
v -0.302769 0.604021 -0.272024
v -0.303803 0.606925 -0.272663
v -0.321787 0.590048 -0.285585
v -0.267287 0.501735 -0.324784
v -0.265026 0.524697 -0.351692
v -0.258867 0.501462 -0.351668
v -0.271526 0.519842 -0.322472
v -0.246029 0.377138 -0.165430
v -0.252149 0.376002 -0.178631
v -0.244183 0.377204 -0.177531
v -0.236294 0.378659 -0.176198
v -0.267952 0.596282 -0.396812
v -0.272228 0.631452 -0.416905
v -0.264381 0.595073 -0.418120
v -0.275447 0.630388 -0.394757
v -0.230054 0.638526 -0.410416
v -0.230676 0.618304 -0.389661
v -0.227209 0.616972 -0.411400
v -0.233287 0.637454 -0.388285
v -0.230676 0.618304 -0.389661
v -0.275447 0.630388 -0.394757
v -0.267952 0.596282 -0.396812
v -0.233287 0.637454 -0.388285
v -0.275447 0.630388 -0.394757
v -0.270396 0.637165 -0.410452
v -0.272228 0.631452 -0.416905
v -0.271955 0.636660 -0.399667
v -0.272228 0.631452 -0.416905
v -0.235338 0.643061 -0.405826
v -0.230054 0.638526 -0.410416
v -0.270396 0.637165 -0.410452
v -0.230054 0.638526 -0.410416
v -0.237001 0.642519 -0.394301
v -0.233287 0.637454 -0.388285
v -0.235338 0.643061 -0.405826
v -0.309897 0.605253 -0.200065
v -0.323073 0.603044 -0.202087
v -0.317761 0.611844 -0.201166
v -0.315209 0.596453 -0.200987
v -0.233287 0.637454 -0.388285
v -0.271955 0.636660 -0.399667
v -0.275447 0.630388 -0.394757
v -0.237001 0.642519 -0.394301
v -0.272228 0.631452 -0.416905
v -0.227209 0.616972 -0.411400
v -0.264381 0.595073 -0.418120
v -0.230054 0.638526 -0.410416
v -0.332405 0.602214 -0.140386
v -0.329149 0.604947 -0.119451
v -0.327105 0.611082 -0.139465
v -0.330444 0.602781 -0.119676
v -0.319229 0.604423 -0.138363
v -0.329149 0.604947 -0.119451
v -0.327225 0.603320 -0.119182
v -0.327105 0.611082 -0.139465
v -0.237001 0.642519 -0.394301
v -0.270396 0.637165 -0.410452
v -0.271955 0.636660 -0.399667
v -0.235338 0.643061 -0.405826
v -0.223428 0.588332 -0.412707
v -0.264381 0.595073 -0.418120
v -0.227209 0.616972 -0.411400
v -0.261549 0.581942 -0.418559
v -0.330397 0.602500 -0.144489
v -0.319934 0.604253 -0.142883
v -0.324168 0.597366 -0.143616
v -0.326162 0.609387 -0.143756
v -0.327225 0.603320 -0.119182
v -0.330444 0.602781 -0.119676
v -0.328520 0.601154 -0.119407
v -0.329149 0.604947 -0.119451
v -0.332405 0.602214 -0.140386
v -0.326162 0.609387 -0.143756
v -0.330397 0.602500 -0.144489
v -0.327105 0.611082 -0.139465
v -0.264578 0.580932 -0.397737
v -0.264381 0.595073 -0.418120
v -0.261549 0.581942 -0.418559
v -0.267952 0.596282 -0.396812
v -0.226453 0.587323 -0.391885
v -0.227209 0.616972 -0.411400
v -0.230676 0.618304 -0.389661
v -0.223428 0.588332 -0.412707
v -0.326162 0.609387 -0.143756
v -0.319229 0.604423 -0.138363
v -0.319934 0.604253 -0.142883
v -0.327105 0.611082 -0.139465
v -0.328650 0.593193 -0.288228
v -0.351462 0.585727 -0.295189
v -0.352548 0.589187 -0.291896
v -0.327565 0.589733 -0.291520
v -0.328575 0.589643 -0.284839
v -0.352548 0.589187 -0.291896
v -0.352473 0.585638 -0.288508
v -0.328650 0.593193 -0.288228
v -0.327487 0.586184 -0.288146
v -0.352473 0.585638 -0.288508
v -0.351385 0.582178 -0.291814
v -0.328575 0.589643 -0.284839
v -0.327565 0.589733 -0.291520
v -0.351385 0.582178 -0.291814
v -0.351462 0.585727 -0.295189
v -0.327487 0.586184 -0.288146
v -0.292095 0.603132 -0.244012
v -0.274107 0.596534 -0.222098
v -0.276252 0.606056 -0.218519
v -0.287356 0.594089 -0.243417
v -0.268405 0.597041 -0.259794
v -0.292095 0.603132 -0.244012
v -0.269435 0.606662 -0.263596
v -0.287356 0.594089 -0.243417
v -0.274107 0.596534 -0.222098
v -0.253592 0.609586 -0.238102
v -0.276252 0.606056 -0.218519
v -0.255157 0.599486 -0.238475
v -0.253592 0.609586 -0.238102
v -0.268405 0.597041 -0.259794
v -0.269435 0.606662 -0.263596
v -0.255157 0.599486 -0.238475
v -0.274107 0.596534 -0.222098
v -0.268405 0.597041 -0.259794
v -0.255157 0.599486 -0.238475
v -0.287356 0.594089 -0.243417
v -0.197811 0.405222 -0.202981
v -0.197366 0.394098 -0.201008
v -0.196755 0.401910 -0.207990
v -0.198622 0.394524 -0.193265
v -0.198378 0.394043 -0.201161
v -0.198823 0.405167 -0.203135
v -0.197768 0.401856 -0.208144
v -0.199635 0.394469 -0.193419
v -0.199635 0.394469 -0.193419
v -0.197811 0.405222 -0.202981
v -0.198823 0.405167 -0.203135
v -0.198622 0.394524 -0.193265
v -0.198378 0.394043 -0.201161
v -0.196755 0.401910 -0.207990
v -0.197366 0.394098 -0.201008
v -0.197768 0.401856 -0.208144
v -0.200822 0.397272 -0.214533
v -0.204297 0.411589 -0.196779
v -0.200756 0.398607 -0.215447
v -0.204363 0.410255 -0.195865
v -0.195248 0.410774 -0.194497
v -0.191641 0.399125 -0.214079
v -0.195182 0.412108 -0.195410
v -0.191707 0.397791 -0.213165
v -0.200756 0.398607 -0.215447
v -0.191707 0.397791 -0.213165
v -0.200822 0.397272 -0.214533
v -0.191641 0.399125 -0.214079
v -0.204297 0.411589 -0.196779
v -0.195248 0.410774 -0.194497
v -0.195182 0.412108 -0.195410
v -0.204363 0.410255 -0.195865
v -0.200822 0.397272 -0.214533
v -0.195248 0.410774 -0.194497
v -0.204363 0.410255 -0.195865
v -0.191707 0.397791 -0.213165
v -0.240468 0.617267 -0.257299
v -0.235880 0.618311 -0.262236
v -0.237729 0.616832 -0.263580
v -0.238004 0.618622 -0.256908
v -0.236073 0.615201 -0.261786
v -0.240468 0.617267 -0.257299
v -0.237729 0.616832 -0.263580
v -0.237890 0.615450 -0.256934
v -0.238004 0.618622 -0.256908
v -0.236073 0.615201 -0.261786
v -0.235880 0.618311 -0.262236
v -0.237890 0.615450 -0.256934
v -0.210510 0.609733 -0.271498
v -0.204553 0.613995 -0.269178
v -0.203467 0.610535 -0.272471
v -0.210653 0.611669 -0.269488
v -0.203390 0.606986 -0.269097
v -0.210510 0.609733 -0.271498
v -0.203467 0.610535 -0.272471
v -0.210510 0.608701 -0.268503
v -0.210653 0.611669 -0.269488
v -0.204506 0.610613 -0.265792
v -0.204553 0.613995 -0.269178
v -0.210510 0.608701 -0.268503
v -0.210653 0.611669 -0.269488
v -0.237729 0.616832 -0.263580
v -0.235880 0.618311 -0.262236
v -0.210510 0.609733 -0.271498
v -0.210510 0.609733 -0.271498
v -0.236073 0.615201 -0.261786
v -0.237729 0.616832 -0.263580
v -0.210510 0.608701 -0.268503
v -0.210653 0.611669 -0.269488
v -0.236073 0.615201 -0.261786
v -0.210510 0.608701 -0.268503
v -0.235880 0.618311 -0.262236
v -0.223428 0.588332 -0.412707
v -0.264578 0.580932 -0.397737
v -0.261549 0.581942 -0.418559
v -0.226453 0.587323 -0.391885
v -0.226453 0.587323 -0.391885
v -0.267952 0.596282 -0.396812
v -0.264578 0.580932 -0.397737
v -0.230676 0.618304 -0.389661
v -0.245306 0.544704 -0.353122
v -0.252442 0.568836 -0.351507
v -0.247604 0.566887 -0.362379
v -0.250542 0.533999 -0.333708
v -0.245306 0.544704 -0.353122
v -0.247036 0.569742 -0.350677
v -0.242839 0.535290 -0.332526
v -0.247604 0.566887 -0.362379
v -0.250542 0.533999 -0.333708
v -0.247036 0.569742 -0.350677
v -0.252442 0.568836 -0.351507
v -0.242839 0.535290 -0.332526
v -0.192386 0.424702 -0.222446
v -0.204440 0.421222 -0.222779
v -0.198794 0.428489 -0.237001
v -0.199484 0.429300 -0.212604
v -0.192878 0.425790 -0.228837
v -0.198214 0.426105 -0.174826
v -0.187021 0.403165 -0.208676
v -0.183608 0.393915 -0.222230
v -0.202308 0.424217 -0.230290
v -0.205433 0.400092 -0.211484
v -0.212738 0.423667 -0.177060
v -0.201589 0.390903 -0.224988
v -0.237869 0.617326 -0.189008
v -0.251045 0.615118 -0.191031
v -0.245733 0.623918 -0.190109
v -0.243181 0.608526 -0.189930
v -0.192878 0.425790 -0.228837
v -0.201589 0.390903 -0.224988
v -0.202308 0.424217 -0.230290
v -0.183608 0.393915 -0.222230
v -0.192878 0.425790 -0.228837
v -0.212738 0.423667 -0.177060
v -0.198214 0.426105 -0.174826
v -0.202308 0.424217 -0.230290
v -0.257121 0.617021 -0.108394
v -0.247201 0.616497 -0.127307
v -0.255077 0.623156 -0.128408
v -0.255197 0.615394 -0.108125
v -0.260377 0.614288 -0.129329
v -0.257121 0.617021 -0.108394
v -0.255077 0.623156 -0.128408
v -0.258415 0.614855 -0.108619
v -0.228579 0.523136 -0.258238
v -0.222660 0.532225 -0.315918
v -0.231870 0.529577 -0.316181
v -0.222567 0.524869 -0.258058
v -0.222660 0.532225 -0.315918
v -0.220725 0.507359 -0.260435
v -0.219497 0.504201 -0.319321
v -0.222567 0.524869 -0.258058
v -0.258368 0.614574 -0.133433
v -0.247906 0.616327 -0.131827
v -0.252140 0.609440 -0.132560
v -0.254134 0.621461 -0.132699
v -0.255197 0.615394 -0.108125
v -0.258415 0.614855 -0.108619
v -0.256492 0.613228 -0.108350
v -0.257121 0.617021 -0.108394
v -0.254134 0.621461 -0.132699
v -0.247201 0.616497 -0.127307
v -0.247906 0.616327 -0.131827
v -0.255077 0.623156 -0.128408
v -0.231870 0.529577 -0.316181
v -0.220725 0.507359 -0.260435
v -0.228579 0.523136 -0.258238
v -0.219497 0.504201 -0.319321
v -0.231017 0.529227 -0.345280
v -0.220214 0.509647 -0.317521
v -0.228086 0.526518 -0.315123
v -0.219724 0.508011 -0.345642
v -0.254134 0.621461 -0.132699
v -0.260377 0.614288 -0.129329
v -0.255077 0.623156 -0.128408
v -0.258368 0.614574 -0.133433
v -0.179570 0.614541 -0.268803
v -0.204553 0.613995 -0.269178
v -0.180655 0.618001 -0.265510
v -0.203467 0.610535 -0.272471
v -0.180655 0.618001 -0.265510
v -0.204506 0.610613 -0.265792
v -0.180608 0.614620 -0.262123
v -0.204553 0.613995 -0.269178
v -0.180608 0.614620 -0.262123
v -0.203390 0.606986 -0.269097
v -0.179493 0.610992 -0.265428
v -0.204506 0.610613 -0.265792
v -0.179493 0.610992 -0.265428
v -0.203467 0.610535 -0.272471
v -0.179570 0.614541 -0.268803
v -0.203390 0.606986 -0.269097
v -0.262607 0.592713 -0.248229
v -0.278211 0.590314 -0.231977
v -0.265363 0.592468 -0.230005
v -0.275454 0.590559 -0.250201
v -0.274856 0.570089 -0.231742
v -0.265363 0.592468 -0.230005
v -0.278211 0.590314 -0.231977
v -0.262009 0.572243 -0.229770
v -0.262009 0.572243 -0.229770
v -0.272100 0.570334 -0.249966
v -0.259253 0.572488 -0.247994
v -0.274856 0.570089 -0.231742
v -0.275454 0.590559 -0.250201
v -0.259253 0.572488 -0.247994
v -0.272100 0.570334 -0.249966
v -0.262607 0.592713 -0.248229
v -0.259253 0.572488 -0.247994
v -0.265363 0.592468 -0.230005
v -0.262009 0.572243 -0.229770
v -0.262607 0.592713 -0.248229
v -0.275454 0.590559 -0.250201
v -0.274856 0.570089 -0.231742
v -0.278211 0.590314 -0.231977
v -0.272100 0.570334 -0.249966
v -0.263340 0.589904 -0.243890
v -0.264199 0.599722 -0.246661
v -0.264655 0.599667 -0.243630
v -0.262406 0.587633 -0.247498
v -0.275164 0.587922 -0.245705
v -0.264655 0.599667 -0.243630
v -0.277167 0.597570 -0.245551
v -0.263340 0.589904 -0.243890
v -0.276711 0.597624 -0.248582
v -0.275164 0.587922 -0.245705
v -0.277167 0.597570 -0.245551
v -0.274230 0.585651 -0.249313
v -0.262406 0.587633 -0.247498
v -0.276711 0.597624 -0.248582
v -0.264199 0.599722 -0.246661
v -0.274230 0.585651 -0.249313
v -0.276595 0.587795 -0.236246
v -0.278963 0.597424 -0.233696
v -0.278502 0.597451 -0.236726
v -0.276760 0.585426 -0.232584
v -0.264771 0.589777 -0.234431
v -0.278502 0.597451 -0.236726
v -0.265989 0.599549 -0.234806
v -0.276595 0.587795 -0.236246
v -0.266450 0.599522 -0.231775
v -0.264771 0.589777 -0.234431
v -0.265989 0.599549 -0.234806
v -0.264936 0.587408 -0.230769
v -0.276760 0.585426 -0.232584
v -0.266450 0.599522 -0.231775
v -0.278963 0.597424 -0.233696
v -0.264936 0.587408 -0.230769
v -0.264022 0.571025 -0.185917
v -0.264624 0.585460 -0.231478
v -0.265407 0.574733 -0.180941
v -0.263946 0.581892 -0.232000
v -0.275535 0.579950 -0.233779
v -0.264022 0.571025 -0.185917
v -0.285455 0.567432 -0.189207
v -0.263946 0.581892 -0.232000
v -0.276213 0.583518 -0.233257
v -0.285455 0.567432 -0.189207
v -0.286841 0.571140 -0.184231
v -0.275535 0.579950 -0.233779
v -0.264624 0.585460 -0.231478
v -0.286841 0.571140 -0.184231
v -0.265407 0.574733 -0.180941
v -0.276213 0.583518 -0.233257
v -0.262349 0.574949 -0.234821
v -0.262011 0.561730 -0.188864
v -0.261050 0.556177 -0.189063
v -0.263348 0.579108 -0.232853
v -0.273938 0.573006 -0.236600
v -0.261050 0.556177 -0.189063
v -0.282483 0.552584 -0.192353
v -0.262349 0.574949 -0.234821
v -0.273938 0.573006 -0.236600
v -0.283445 0.558137 -0.192155
v -0.274937 0.577165 -0.234632
v -0.282483 0.552584 -0.192353
v -0.263348 0.579108 -0.232853
v -0.283445 0.558137 -0.192155
v -0.262011 0.561730 -0.188864
v -0.274937 0.577165 -0.234632
v -0.263691 0.561710 -0.190648
v -0.266334 0.575968 -0.207790
v -0.265879 0.571103 -0.186654
v -0.264881 0.569200 -0.209863
v -0.278561 0.573918 -0.209667
v -0.281702 0.558691 -0.193413
v -0.283890 0.568084 -0.189419
v -0.277108 0.567151 -0.211740
v -0.277108 0.567151 -0.211740
v -0.266334 0.575968 -0.207790
v -0.264881 0.569200 -0.209863
v -0.278561 0.573918 -0.209667
v -0.228086 0.526518 -0.315123
v -0.221458 0.531977 -0.345020
v -0.231017 0.529227 -0.345280
v -0.222765 0.528039 -0.314980
v -0.221458 0.531977 -0.345020
v -0.220214 0.509647 -0.317521
v -0.219724 0.508011 -0.345642
v -0.222765 0.528039 -0.314980
v -0.258334 0.635416 -0.367310
v -0.270798 0.628134 -0.384934
v -0.274711 0.632796 -0.369835
v -0.255216 0.630674 -0.382443
v -0.239628 0.633359 -0.380149
v -0.258334 0.635416 -0.367310
v -0.241994 0.638280 -0.364813
v -0.255216 0.630674 -0.382443
v -0.261885 0.572003 -0.382474
v -0.260977 0.565612 -0.348180
v -0.271021 0.589249 -0.346432
v -0.255158 0.553817 -0.373440
v -0.263936 0.571462 -0.182417
v -0.266736 0.575834 -0.168951
v -0.265582 0.571316 -0.171533
v -0.264293 0.576051 -0.185105
v -0.261553 0.562131 -0.187749
v -0.264293 0.576051 -0.185105
v -0.263936 0.571462 -0.182417
v -0.260756 0.562201 -0.193019
v -0.260817 0.552653 -0.182198
v -0.260756 0.562201 -0.193019
v -0.261553 0.562131 -0.187749
v -0.259663 0.548135 -0.184780
v -0.262463 0.552506 -0.171314
v -0.259663 0.548135 -0.184780
v -0.260817 0.552653 -0.182198
v -0.262106 0.547917 -0.168626
v -0.264846 0.561838 -0.165981
v -0.262106 0.547917 -0.168626
v -0.262463 0.552506 -0.171314
v -0.265643 0.561767 -0.160712
v -0.265582 0.571316 -0.171533
v -0.265643 0.561767 -0.160712
v -0.264846 0.561838 -0.165981
v -0.266736 0.575834 -0.168951
v -0.288340 0.567501 -0.175026
v -0.287050 0.572236 -0.188598
v -0.286694 0.567647 -0.185910
v -0.289494 0.572019 -0.172445
v -0.287603 0.558023 -0.169475
v -0.289494 0.572019 -0.172445
v -0.288340 0.567501 -0.175026
v -0.288400 0.557952 -0.164205
v -0.285220 0.548692 -0.174807
v -0.288400 0.557952 -0.164205
v -0.287603 0.558023 -0.169475
v -0.284864 0.544103 -0.172120
v -0.283574 0.548838 -0.185692
v -0.284864 0.544103 -0.172120
v -0.285220 0.548692 -0.174807
v -0.282420 0.544320 -0.188273
v -0.284311 0.558316 -0.191243
v -0.282420 0.544320 -0.188273
v -0.283574 0.548838 -0.185692
v -0.283514 0.558387 -0.196513
v -0.286694 0.567647 -0.185910
v -0.283514 0.558387 -0.196513
v -0.284311 0.558316 -0.191243
v -0.287050 0.572236 -0.188598
v -0.254615 0.591916 -0.344036
v -0.260977 0.565612 -0.348180
v -0.250137 0.567528 -0.346573
v -0.271021 0.589249 -0.346432
v -0.246180 0.574540 -0.380013
v -0.255158 0.553817 -0.373440
v -0.261885 0.572003 -0.382474
v -0.244282 0.555693 -0.371791
v -0.271021 0.589249 -0.346432
v -0.255543 0.594077 -0.340350
v -0.277756 0.590333 -0.343628
v -0.254615 0.591916 -0.344036
v -0.245179 0.573569 -0.385468
v -0.261885 0.572003 -0.382474
v -0.266204 0.569960 -0.388791
v -0.246180 0.574540 -0.380013
v -0.261885 0.572003 -0.382474
v -0.277756 0.590333 -0.343628
v -0.266204 0.569960 -0.388791
v -0.271021 0.589249 -0.346432
v -0.244282 0.555693 -0.371791
v -0.260977 0.565612 -0.348180
v -0.255158 0.553817 -0.373440
v -0.250137 0.567528 -0.346573
v -0.239283 0.569249 -0.344850
v -0.230490 0.577265 -0.377655
v -0.238271 0.594739 -0.341405
v -0.233396 0.557465 -0.370099
v -0.254615 0.591916 -0.344036
v -0.239283 0.569249 -0.344850
v -0.238271 0.594739 -0.341405
v -0.250137 0.567528 -0.346573
v -0.233396 0.557465 -0.370099
v -0.246180 0.574540 -0.380013
v -0.230490 0.577265 -0.377655
v -0.244282 0.555693 -0.371791
v -0.255543 0.594077 -0.340350
v -0.238271 0.594739 -0.341405
v -0.233362 0.597775 -0.336814
v -0.254615 0.591916 -0.344036
v -0.230490 0.577265 -0.377655
v -0.245179 0.573569 -0.385468
v -0.224099 0.577018 -0.382328
v -0.246180 0.574540 -0.380013
v -0.233362 0.597775 -0.336814
v -0.230490 0.577265 -0.377655
v -0.224099 0.577018 -0.382328
v -0.238271 0.594739 -0.341405
v -0.239283 0.569249 -0.344850
v -0.244282 0.555693 -0.371791
v -0.233396 0.557465 -0.370099
v -0.250137 0.567528 -0.346573
v -0.243187 0.523974 -0.344290
v -0.255110 0.509269 -0.350104
v -0.257688 0.521131 -0.346276
v -0.240439 0.511379 -0.348435
v -0.243187 0.523974 -0.344290
v -0.259188 0.518725 -0.333868
v -0.244798 0.521488 -0.331077
v -0.257688 0.521131 -0.346276
v -0.242031 0.508634 -0.335066
v -0.259188 0.518725 -0.333868
v -0.256597 0.506606 -0.337543
v -0.244798 0.521488 -0.331077
v -0.242031 0.508634 -0.335066
v -0.255110 0.509269 -0.350104
v -0.240439 0.511379 -0.348435
v -0.256597 0.506606 -0.337543
v -0.243187 0.523974 -0.344290
v -0.226050 0.514140 -0.345643
v -0.240439 0.511379 -0.348435
v -0.228625 0.526003 -0.341815
v -0.230127 0.523596 -0.329407
v -0.243187 0.523974 -0.344290
v -0.244798 0.521488 -0.331077
v -0.228625 0.526003 -0.341815
v -0.242031 0.508634 -0.335066
v -0.230127 0.523596 -0.329407
v -0.244798 0.521488 -0.331077
v -0.227527 0.511479 -0.333081
v -0.226050 0.514140 -0.345643
v -0.242031 0.508634 -0.335066
v -0.240439 0.511379 -0.348435
v -0.227527 0.511479 -0.333081
v -0.241155 0.620631 -0.216453
v -0.245052 0.615873 -0.217107
v -0.253885 0.618830 -0.131557
v -0.257138 0.614858 -0.132102
v -0.245052 0.615873 -0.217107
v -0.239831 0.612644 -0.216360
v -0.252780 0.612162 -0.131479
v -0.313151 0.608563 -0.227505
v -0.325881 0.606761 -0.142608
v -0.307930 0.605333 -0.226759
v -0.321523 0.604065 -0.141985
v -0.311826 0.600575 -0.227412
v -0.324775 0.600093 -0.142531
v -0.307930 0.605333 -0.226759
v -0.286694 0.567647 -0.185910
v -0.263936 0.571462 -0.182417
v -0.288340 0.567501 -0.175026
v -0.265582 0.571316 -0.171533
v -0.287603 0.558023 -0.169475
v -0.264846 0.561838 -0.165981
v -0.285220 0.548692 -0.174807
v -0.262463 0.552506 -0.171314
v -0.283574 0.548838 -0.185692
v -0.260817 0.552653 -0.182198
v -0.284311 0.558316 -0.191243
v -0.261553 0.562131 -0.187749
v -0.286694 0.567647 -0.185910
v -0.263936 0.571462 -0.182417
v -0.295645 0.483400 -0.233315
v -0.275089 0.470315 -0.220649
v -0.291190 0.481476 -0.191866
v -0.272788 0.465988 -0.183689
v -0.284063 0.497562 -0.172364
v -0.273303 0.492576 -0.158885
v -0.279095 0.519738 -0.158980
v -0.285874 0.517138 -0.172356
v -0.290642 0.544723 -0.176663
v -0.295980 0.533018 -0.197444
v -0.240818 0.520981 -0.323121
v -0.242839 0.535290 -0.332526
v -0.250548 0.519350 -0.324615
v -0.250542 0.533999 -0.333708
v -0.258359 0.532236 -0.341360
v -0.248743 0.535827 -0.347022
v -0.245306 0.544704 -0.353122
v -0.240140 0.518840 -0.358534
v -0.240818 0.520981 -0.323121
v -0.232995 0.536488 -0.337466
v -0.242839 0.535290 -0.332526
v -0.241158 0.537099 -0.345858
v -0.245306 0.544704 -0.353122
v -0.240140 0.518840 -0.358534
v -0.309897 0.605253 -0.200065
v -0.314377 0.604854 -0.170445
v -0.315209 0.596453 -0.200987
v -0.319689 0.596054 -0.171367
v -0.323073 0.603044 -0.202087
v -0.327553 0.602646 -0.172468
v -0.323073 0.603044 -0.202087
v -0.327553 0.602646 -0.172468
v -0.317761 0.611844 -0.201166
v -0.322241 0.611446 -0.171546
v -0.309897 0.605253 -0.200065
v -0.314377 0.604854 -0.170445
v -0.311826 0.600575 -0.227412
v -0.324775 0.600093 -0.142531
v -0.317047 0.603804 -0.228158
v -0.329134 0.602789 -0.143154
v -0.313151 0.608563 -0.227505
v -0.325881 0.606761 -0.142608
v -0.261159 0.624313 -0.210161
v -0.257011 0.608062 -0.217294
v -0.247212 0.621556 -0.210585
v -0.234290 0.614617 -0.212742
v -0.240182 0.622353 -0.209640
v -0.288540 0.410961 -0.188696
v -0.303066 0.408529 -0.190921
v -0.277562 0.388001 -0.222556
v -0.295965 0.384903 -0.225400
v -0.274158 0.378738 -0.236128
v -0.292137 0.375722 -0.238890
v -0.281955 0.515445 -0.262666
v -0.289662 0.515104 -0.264868
v -0.284949 0.503496 -0.252407
v -0.291976 0.503152 -0.254397
v -0.290177 0.489005 -0.244386
v -0.253124 0.620777 -0.368622
v -0.257982 0.619962 -0.369368
v -0.261748 0.678356 -0.375079
v -0.266676 0.677530 -0.375836
v -0.265145 0.695169 -0.383207
v -0.266600 0.694925 -0.383430
v -0.311719 0.601059 -0.270578
v -0.318509 0.600500 -0.225670
v -0.309187 0.610246 -0.270099
v -0.316567 0.609549 -0.221365
v -0.302298 0.611714 -0.269045
v -0.309697 0.611082 -0.220177
v -0.298123 0.618116 -0.215835
v -0.271820 0.623509 -0.266456
v -0.288999 0.603170 -0.298496
v -0.265059 0.611061 -0.296907
v -0.240491 0.611301 -0.291050
v -0.280263 0.623503 -0.211448
v -0.239820 0.622187 -0.259454
v -0.301159 0.603228 -0.180870
v -0.261159 0.624313 -0.210161
v -0.283627 0.610282 -0.175093
v -0.247212 0.621556 -0.210585
v -0.263882 0.609477 -0.175148
v -0.240182 0.622353 -0.209640
v -0.232832 0.623045 -0.258378
v -0.234290 0.614617 -0.212742
v -0.227480 0.615180 -0.257647
v -0.231789 0.638594 -0.369769
v -0.217419 0.634698 -0.359808
v -0.218002 0.625403 -0.372455
v -0.173816 0.599597 -0.343005
v -0.173016 0.592870 -0.358386
v -0.337144 0.591626 -0.298941
v -0.331196 0.597419 -0.303831
v -0.339979 0.594868 -0.288595
v -0.333018 0.604388 -0.285594
v -0.341569 0.590882 -0.277872
v -0.335926 0.595025 -0.270232
v -0.346536 0.574438 -0.270061
v -0.334415 0.578673 -0.264997
v -0.351005 0.590944 -0.273642
v -0.335926 0.595025 -0.270232
v -0.350933 0.600319 -0.289687
v -0.333018 0.604388 -0.285594
v -0.342950 0.594747 -0.306518
v -0.331196 0.597419 -0.303831
v -0.252514 0.382687 -0.174920
v -0.253852 0.387098 -0.175067
v -0.318930 0.370813 -0.242515
v -0.319169 0.372341 -0.242579
v -0.315361 0.371177 -0.266263
v -0.200402 0.601164 -0.242165
v -0.202724 0.617379 -0.247524
v -0.194084 0.615631 -0.252972
v -0.203847 0.626067 -0.263505
v -0.193540 0.619433 -0.264655
v -0.192553 0.617180 -0.273525
v -0.198049 0.622586 -0.282347
v -0.196225 0.594715 -0.261838
v -0.192633 0.604690 -0.269526
v -0.196581 0.600483 -0.272614
v -0.192553 0.617180 -0.273525
v -0.198049 0.622586 -0.282347
v -0.241333 0.542179 -0.189055
v -0.255944 0.550540 -0.171337
v -0.252707 0.522698 -0.167264
v -0.263554 0.522344 -0.156595
v -0.248097 0.503591 -0.166844
v -0.260145 0.494782 -0.156865
v -0.244893 0.470664 -0.179407
v -0.230849 0.491591 -0.182603
v -0.233407 0.477302 -0.214251
v -0.215345 0.496861 -0.220988
v -0.192553 0.617180 -0.273525
v -0.187438 0.601556 -0.271831
v -0.186155 0.623897 -0.281379
v -0.192633 0.604690 -0.269526
v -0.189984 0.595246 -0.261471
v -0.186830 0.618490 -0.246180
v -0.200402 0.601164 -0.242165
v -0.186643 0.601266 -0.243257
v -0.202724 0.617379 -0.247524
v -0.185199 0.628127 -0.261985
v -0.203847 0.626067 -0.263505
v -0.186155 0.623897 -0.281379
v -0.198049 0.622586 -0.282347
v -0.317669 0.563005 -0.379889
v -0.287034 0.610390 -0.378553
v -0.288218 0.611520 -0.372691
v -0.324875 0.568901 -0.365889
v -0.293371 0.616658 -0.369644
v -0.288961 0.613505 -0.383480
v -0.297511 0.621265 -0.372391
v -0.282258 0.630137 -0.377328
v -0.330389 0.573291 -0.370275
v -0.323589 0.567573 -0.384542
v -0.337237 0.579369 -0.298281
v -0.336287 0.570695 -0.286190
v -0.334557 0.580873 -0.293572
v -0.337144 0.591626 -0.298941
v -0.342950 0.594747 -0.306518
v -0.334557 0.580873 -0.293572
v -0.330382 0.572200 -0.284692
v -0.330691 0.580809 -0.296815
v -0.337144 0.591626 -0.298941
v -0.331196 0.597419 -0.303831
v -0.341569 0.590882 -0.277872
v -0.346536 0.574438 -0.270061
v -0.351005 0.590944 -0.273642
v -0.350933 0.600319 -0.289687
v -0.339979 0.594868 -0.288595
v -0.342950 0.594747 -0.306518
v -0.337144 0.591626 -0.298941
v -0.156023 0.399689 -0.217536
v -0.155771 0.398163 -0.217469
v -0.152173 0.398532 -0.241213
v -0.239336 0.389531 -0.172839
v -0.239179 0.384923 -0.172873
v -0.222261 0.622582 -0.362254
v -0.220675 0.621518 -0.368174
v -0.178416 0.586397 -0.355836
v -0.178822 0.593437 -0.340573
v -0.220568 0.628870 -0.358151
v -0.282420 0.544320 -0.188273
v -0.262106 0.547917 -0.168626
v -0.284864 0.544103 -0.172120
v -0.259663 0.548135 -0.184780
v -0.283514 0.558387 -0.196513
v -0.260756 0.562201 -0.193019
v -0.287050 0.572236 -0.188598
v -0.264293 0.576051 -0.185105
v -0.289494 0.572019 -0.172445
v -0.266736 0.575834 -0.168951
v -0.288400 0.557952 -0.164205
v -0.265643 0.561767 -0.160712
v -0.309697 0.611082 -0.220177
v -0.294601 0.601761 -0.223064
v -0.298123 0.618116 -0.215835
v -0.318509 0.600500 -0.225670
v -0.316567 0.609549 -0.221365
v -0.213746 0.502309 -0.217370
v -0.237107 0.498929 -0.174852
v -0.230292 0.499535 -0.219910
v -0.220561 0.501703 -0.172312
v -0.206747 0.521451 -0.216054
v -0.213562 0.520845 -0.170997
v -0.219545 0.537274 -0.217777
v -0.226360 0.536669 -0.172719
v -0.236091 0.534501 -0.220317
v -0.242906 0.533895 -0.175259
v -0.249882 0.514702 -0.176644
v -0.242962 0.515352 -0.221717
v -0.187021 0.403165 -0.208676
v -0.201589 0.390903 -0.224988
v -0.183608 0.393915 -0.222230
v -0.205433 0.400092 -0.211484
v -0.198214 0.426105 -0.174826
v -0.212738 0.423667 -0.177060
v -0.247661 0.608128 -0.160310
v -0.237869 0.617326 -0.189008
v -0.242349 0.616928 -0.159389
v -0.243181 0.608526 -0.189930
v -0.255525 0.614720 -0.161411
v -0.251045 0.615118 -0.191031
v -0.249527 0.616134 -0.130934
v -0.241155 0.620631 -0.216453
v -0.253885 0.618830 -0.131557
v -0.235934 0.617402 -0.215707
v -0.252780 0.612162 -0.131479
v -0.239831 0.612644 -0.216360
v -0.232995 0.536488 -0.337466
v -0.240140 0.518840 -0.358534
v -0.241158 0.537099 -0.345858
v -0.239035 0.505841 -0.351535
v -0.240818 0.520981 -0.323121
v -0.241630 0.503745 -0.332340
v -0.250548 0.519350 -0.324615
v -0.239035 0.505841 -0.351535
v -0.258359 0.532236 -0.341360
v -0.240140 0.518840 -0.358534
v -0.248743 0.535827 -0.347022
v -0.250213 0.623519 -0.160489
v -0.251045 0.615118 -0.191031
v -0.255525 0.614720 -0.161411
v -0.245733 0.623918 -0.190109
v -0.242349 0.616928 -0.159389
v -0.237869 0.617326 -0.189008
v -0.219328 0.515402 -0.243156
v -0.226364 0.513424 -0.243361
v -0.219476 0.500920 -0.233469
v -0.222064 0.526536 -0.254398
v -0.229775 0.524332 -0.254603
v -0.270798 0.628134 -0.384934
v -0.268822 0.611126 -0.392355
v -0.274711 0.632796 -0.369835
v -0.278518 0.614232 -0.351188
v -0.267934 0.597147 -0.391144
v -0.278009 0.598277 -0.346141
v -0.277756 0.590333 -0.343628
v -0.266204 0.569960 -0.388791
v -0.186643 0.601266 -0.243257
v -0.194084 0.615631 -0.252972
v -0.186830 0.618490 -0.246180
v -0.185199 0.628127 -0.261985
v -0.193540 0.619433 -0.264655
v -0.192553 0.617180 -0.273525
v -0.186155 0.623897 -0.281379
v -0.220946 0.319176 -0.202180
v -0.228616 0.317813 -0.214083
v -0.217902 0.319608 -0.212438
v -0.230189 0.317642 -0.203647
v -0.239441 0.316075 -0.205020
v -0.239329 0.316017 -0.215728
v -0.289989 0.490065 -0.182970
v -0.280335 0.482587 -0.198651
v -0.283723 0.485193 -0.182235
v -0.283174 0.490671 -0.228028
v -0.276423 0.509743 -0.226854
v -0.268219 0.503127 -0.180040
v -0.283134 0.509128 -0.181748
v -0.275298 0.505487 -0.170835
v -0.283723 0.485193 -0.182235
v -0.289989 0.490065 -0.182970
v -0.223766 0.518839 -0.261307
v -0.226364 0.513424 -0.243361
v -0.229775 0.524332 -0.254603
v -0.221141 0.509828 -0.257064
v -0.225575 0.488667 -0.241249
v -0.219476 0.500920 -0.233469
v -0.213995 0.484749 -0.259884
v -0.199484 0.429300 -0.212604
v -0.198794 0.428489 -0.237001
v -0.204440 0.421222 -0.222779
v -0.342950 0.594747 -0.306518
v -0.331196 0.597419 -0.303831
v -0.330691 0.580809 -0.296815
v -0.337237 0.579369 -0.298281
v -0.336287 0.570695 -0.286190
v -0.330382 0.572200 -0.284692
v -0.247201 0.616497 -0.127307
v -0.256492 0.613228 -0.108350
v -0.252502 0.607629 -0.128228
v -0.255197 0.615394 -0.108125
v -0.258415 0.614855 -0.108619
v -0.260377 0.614288 -0.129329
v -0.252502 0.607629 -0.128228
v -0.256469 0.620878 -0.363584
v -0.266676 0.677530 -0.375836
v -0.257982 0.619962 -0.369368
v -0.265231 0.678540 -0.369469
v -0.268787 0.695055 -0.364339
v -0.266600 0.694925 -0.383430
v -0.272949 0.683477 -0.388629
v -0.267026 0.669379 -0.393497
v -0.269535 0.682535 -0.384860
v -0.276060 0.692241 -0.384451
v -0.265849 0.691182 -0.379251
v -0.263885 0.683617 -0.383784
v -0.258132 0.684446 -0.383110
v -0.255461 0.695694 -0.381288
v -0.254253 0.686611 -0.385759
v -0.253679 0.671616 -0.391448
v -0.319229 0.604423 -0.138363
v -0.324168 0.597366 -0.143616
v -0.319934 0.604253 -0.142883
v -0.324530 0.595555 -0.139284
v -0.324530 0.595555 -0.139284
v -0.332405 0.602214 -0.140386
v -0.330397 0.602500 -0.144489
v -0.332405 0.602214 -0.140386
v -0.328520 0.601154 -0.119407
v -0.330444 0.602781 -0.119676
v -0.324530 0.595555 -0.139284
v -0.319229 0.604423 -0.138363
v -0.324530 0.595555 -0.139284
v -0.327225 0.603320 -0.119182
v -0.247661 0.608128 -0.160310
v -0.250516 0.615683 -0.149959
v -0.255525 0.614720 -0.161411
v -0.242349 0.616928 -0.159389
v -0.250213 0.623519 -0.160489
v -0.242349 0.616928 -0.159389
v -0.255525 0.614720 -0.161411
v -0.289989 0.490065 -0.182970
v -0.300040 0.487843 -0.230616
v -0.283174 0.490671 -0.228028
v -0.306855 0.487238 -0.185559
v -0.319493 0.503088 -0.187257
v -0.312677 0.503694 -0.232315
v -0.313039 0.522139 -0.186025
v -0.306224 0.522745 -0.231083
v -0.288587 0.525701 -0.228375
v -0.295402 0.525095 -0.183318
v -0.283134 0.509128 -0.181748
v -0.276423 0.509743 -0.226854
v -0.252149 0.376002 -0.178631
v -0.248977 0.363703 -0.178031
v -0.244183 0.377204 -0.177531
v -0.242199 0.364853 -0.176962
v -0.235409 0.365977 -0.175948
v -0.236294 0.378659 -0.176198
v -0.249882 0.514702 -0.176644
v -0.241579 0.492257 -0.175766
v -0.237107 0.498929 -0.174852
v -0.258973 0.508224 -0.168329
v -0.261918 0.504183 -0.179073
v -0.242962 0.515352 -0.221717
v -0.239011 0.489514 -0.192308
v -0.230292 0.499535 -0.219910
v -0.237107 0.498929 -0.174852
v -0.241579 0.492257 -0.175766
v -0.322544 0.603610 -0.161016
v -0.314377 0.604854 -0.170445
v -0.322241 0.611446 -0.171546
v -0.327553 0.602646 -0.172468
v -0.327553 0.602646 -0.172468
v -0.319689 0.596054 -0.171367
v -0.314377 0.604854 -0.170445
v -0.212410 0.257100 -0.212380
v -0.218385 0.256165 -0.213408
v -0.216006 0.256619 -0.201275
v -0.220116 0.256036 -0.201998
v -0.224218 0.255243 -0.202536
v -0.224372 0.255095 -0.214217
v -0.220946 0.319176 -0.202180
v -0.216006 0.256619 -0.201275
v -0.230189 0.317642 -0.203647
v -0.220116 0.256036 -0.201998
v -0.224218 0.255243 -0.202536
v -0.239441 0.316075 -0.205020
v -0.227480 0.615180 -0.257647
v -0.234290 0.614617 -0.212742
v -0.240937 0.610297 -0.259847
v -0.257011 0.608062 -0.217294
v -0.269118 0.605558 -0.264453
v -0.240491 0.611301 -0.291050
v -0.265059 0.611061 -0.296907
v -0.288999 0.603170 -0.298496
v -0.297386 0.600834 -0.268512
v -0.275806 0.604912 -0.220179
v -0.294601 0.601761 -0.223064
v -0.263882 0.609477 -0.175148
v -0.318509 0.600500 -0.225670
v -0.283627 0.610282 -0.175093
v -0.311719 0.601059 -0.270578
v -0.301159 0.603228 -0.180870
v -0.291976 0.503152 -0.254397
v -0.289662 0.515104 -0.264868
v -0.283660 0.508669 -0.270565
v -0.284461 0.499099 -0.266843
v -0.296845 0.478868 -0.254585
v -0.290177 0.489005 -0.244386
v -0.282202 0.473208 -0.270389
v -0.291940 0.413823 -0.226810
v -0.285062 0.413999 -0.250240
v -0.293949 0.407707 -0.238073
v -0.284949 0.503496 -0.252407
v -0.283660 0.508669 -0.270565
v -0.281955 0.515445 -0.262666
v -0.284461 0.499099 -0.266843
v -0.278522 0.479674 -0.249380
v -0.282202 0.473208 -0.270389
v -0.290177 0.489005 -0.244386
v -0.285062 0.413999 -0.250240
v -0.291940 0.413823 -0.226810
v -0.281888 0.408209 -0.234640
v -0.253679 0.671616 -0.391448
v -0.259481 0.687281 -0.390775
v -0.254253 0.686611 -0.385759
v -0.255461 0.695694 -0.381288
v -0.265451 0.698967 -0.390341
v -0.263254 0.686793 -0.391362
v -0.266984 0.686023 -0.391927
v -0.276060 0.692241 -0.384451
v -0.272949 0.683477 -0.388629
v -0.267026 0.669379 -0.393497
v -0.263885 0.683617 -0.383784
v -0.259481 0.687281 -0.390775
v -0.258132 0.684446 -0.383110
v -0.263254 0.686793 -0.391362
v -0.266984 0.686023 -0.391927
v -0.269535 0.682535 -0.384860
v -0.253124 0.620777 -0.368622
v -0.261748 0.678356 -0.375079
v -0.256469 0.620878 -0.363584
v -0.265231 0.678540 -0.369469
v -0.268787 0.695055 -0.364339
v -0.265145 0.695169 -0.383207
v -0.215345 0.496861 -0.220988
v -0.233407 0.477302 -0.214251
v -0.255348 0.487802 -0.225566
v -0.254248 0.473808 -0.217450
v -0.275089 0.470315 -0.220649
v -0.295645 0.483400 -0.233315
v -0.233822 0.616993 -0.386982
v -0.233362 0.597775 -0.336814
v -0.224099 0.577018 -0.382328
v -0.238087 0.621009 -0.344982
v -0.241994 0.638280 -0.364813
v -0.239628 0.633359 -0.380149
v -0.231789 0.638594 -0.369769
v -0.218002 0.625403 -0.372455
v -0.228458 0.621233 -0.374481
v -0.238249 0.631806 -0.367136
v -0.229545 0.630349 -0.353641
v -0.217419 0.634698 -0.359808
v -0.222064 0.526536 -0.254398
v -0.219328 0.515402 -0.243156
v -0.223766 0.518839 -0.261307
v -0.221141 0.509828 -0.257064
v -0.207254 0.493913 -0.240733
v -0.213995 0.484749 -0.259884
v -0.219476 0.500920 -0.233469
v -0.198794 0.428489 -0.237001
v -0.199484 0.429300 -0.212604
v -0.192386 0.424702 -0.222446
v -0.233407 0.477302 -0.214251
v -0.217902 0.319608 -0.212438
v -0.254248 0.473808 -0.217450
v -0.228616 0.317813 -0.214083
v -0.239329 0.316017 -0.215728
v -0.275089 0.470315 -0.220649
v -0.252502 0.607629 -0.128228
v -0.260377 0.614288 -0.129329
v -0.252140 0.609440 -0.132560
v -0.258368 0.614574 -0.133433
v -0.247906 0.616327 -0.131827
v -0.247201 0.616497 -0.127307
v -0.252502 0.607629 -0.128228
v -0.297511 0.621265 -0.372391
v -0.287264 0.620672 -0.362548
v -0.282258 0.630137 -0.377328
v -0.275333 0.625601 -0.372209
v -0.278052 0.612924 -0.381878
v -0.288961 0.613505 -0.383480
v -0.198049 0.622586 -0.282347
v -0.186155 0.623897 -0.281379
v -0.196581 0.600483 -0.272614
v -0.187438 0.601556 -0.271831
v -0.189984 0.595246 -0.261471
v -0.196225 0.594715 -0.261838
v -0.315361 0.371177 -0.266263
v -0.253392 0.382299 -0.233835
v -0.318930 0.370813 -0.242515
v -0.254687 0.381836 -0.216949
v -0.252514 0.382687 -0.174920
v -0.221065 0.387718 -0.228873
v -0.224679 0.386866 -0.212343
v -0.155771 0.398163 -0.217469
v -0.152173 0.398532 -0.241213
v -0.239179 0.384923 -0.172873
v -0.315361 0.371177 -0.266263
v -0.319169 0.372341 -0.242579
v -0.253392 0.382299 -0.233835
v -0.255525 0.385389 -0.217022
v -0.253852 0.387098 -0.175067
v -0.221065 0.387718 -0.228873
v -0.225035 0.390501 -0.212341
v -0.156023 0.399689 -0.217536
v -0.239336 0.389531 -0.172839
v -0.152173 0.398532 -0.241213
v -0.266204 0.569960 -0.388791
v -0.267934 0.597147 -0.391144
v -0.245179 0.573569 -0.385468
v -0.250327 0.607384 -0.388859
v -0.224099 0.577018 -0.382328
v -0.268822 0.611126 -0.392355
v -0.233822 0.616993 -0.386982
v -0.251344 0.614063 -0.389529
v -0.270798 0.628134 -0.384934
v -0.239628 0.633359 -0.380149
v -0.255216 0.630674 -0.382443
v -0.255543 0.594077 -0.340350
v -0.278009 0.598277 -0.346141
v -0.277756 0.590333 -0.343628
v -0.257383 0.609935 -0.345681
v -0.233362 0.597775 -0.336814
v -0.278518 0.614232 -0.351188
v -0.238087 0.621009 -0.344982
v -0.258270 0.617582 -0.348252
v -0.274711 0.632796 -0.369835
v -0.241994 0.638280 -0.364813
v -0.258334 0.635416 -0.367310
v -0.297870 0.506441 -0.207282
v -0.288587 0.525701 -0.228375
v -0.276423 0.509743 -0.226854
v -0.306224 0.522745 -0.231083
v -0.312677 0.503694 -0.232315
v -0.300040 0.487843 -0.230616
v -0.283174 0.490671 -0.228028
v -0.276423 0.509743 -0.226854
v -0.228369 0.518098 -0.196029
v -0.249882 0.514702 -0.176644
v -0.237107 0.498929 -0.174852
v -0.220561 0.501703 -0.172312
v -0.213562 0.520845 -0.170997
v -0.226360 0.536669 -0.172719
v -0.242906 0.533895 -0.175259
v -0.249882 0.514702 -0.176644
v -0.297957 0.506433 -0.206711
v -0.283134 0.509128 -0.181748
v -0.295402 0.525095 -0.183318
v -0.313039 0.522139 -0.186025
v -0.319493 0.503088 -0.187257
v -0.306855 0.487238 -0.185559
v -0.289989 0.490065 -0.182970
v -0.283134 0.509128 -0.181748
v -0.228283 0.518106 -0.196600
v -0.230292 0.499535 -0.219910
v -0.242962 0.515352 -0.221717
v -0.213746 0.502309 -0.217370
v -0.206747 0.521451 -0.216054
v -0.219545 0.537274 -0.217777
v -0.236091 0.534501 -0.220317
v -0.242962 0.515352 -0.221717
v -0.290642 0.544723 -0.176663
v -0.268542 0.537687 -0.194088
v -0.295980 0.533018 -0.197444
v -0.273284 0.548016 -0.174474
v -0.289542 0.562451 -0.162836
v -0.255944 0.550540 -0.171337
v -0.241333 0.542179 -0.189055
v -0.266624 0.566293 -0.159318
v -0.277802 0.563352 -0.161791
v -0.281187 0.575387 -0.152881
v -0.276060 0.692241 -0.384451
v -0.280317 0.695882 -0.367450
v -0.265451 0.698967 -0.390341
v -0.271687 0.710803 -0.362648
v -0.278857 0.685655 -0.357494
v -0.257746 0.699665 -0.363986
v -0.255461 0.695694 -0.381288
v -0.258709 0.689032 -0.354401
v -0.272513 0.693787 -0.338685
v -0.272577 0.662793 -0.335519
v -0.263499 0.664314 -0.334125
v -0.269677 0.667883 -0.328872
v -0.295980 0.533018 -0.197444
v -0.268542 0.537687 -0.194088
v -0.285874 0.517138 -0.172356
v -0.267385 0.516911 -0.178940
v -0.252707 0.522698 -0.167264
v -0.241333 0.542179 -0.189055
v -0.265199 0.505937 -0.181197
v -0.284063 0.497562 -0.172364
v -0.248097 0.503591 -0.166844
v -0.261490 0.494669 -0.193051
v -0.291190 0.481476 -0.191866
v -0.230849 0.491591 -0.182603
v -0.295645 0.483400 -0.233315
v -0.215345 0.496861 -0.220988
v -0.255348 0.487802 -0.225566
v -0.269647 0.687653 -0.350659
v -0.263499 0.664314 -0.334125
v -0.268067 0.663659 -0.334745
v -0.272577 0.662793 -0.335519
v -0.258709 0.689032 -0.354401
v -0.278857 0.685655 -0.357494
v -0.267735 0.691411 -0.367211
v -0.257746 0.699665 -0.363986
v -0.280317 0.695882 -0.367450
v -0.255461 0.695694 -0.381288
v -0.276060 0.692241 -0.384451
v -0.265849 0.691182 -0.379251
v -0.265144 0.694539 -0.382007
v -0.253905 0.621672 -0.375521
v -0.266274 0.694338 -0.380747
v -0.266085 0.694348 -0.379506
v -0.255592 0.621403 -0.374364
v -0.254873 0.621734 -0.373116
v -0.268736 0.630505 -0.411406
v -0.284207 0.724851 -0.408856
v -0.268995 0.630320 -0.409388
v -0.270113 0.630310 -0.410599
v -0.283819 0.725112 -0.411595
v -0.285706 0.724838 -0.410470
v -0.233072 0.581293 -0.370402
v -0.234516 0.576828 -0.365298
v -0.225780 0.573652 -0.367311
v -0.232904 0.574548 -0.373279
v -0.228897 0.572573 -0.365220
v -0.227977 0.571401 -0.369538
v -0.230582 0.548760 -0.345614
v -0.232360 0.547006 -0.348872
v -0.233239 0.550939 -0.345838
v -0.246235 0.546341 -0.343688
v -0.245002 0.538959 -0.344405
v -0.244754 0.540861 -0.346970
v -0.268000 0.566575 -0.373792
v -0.261722 0.572268 -0.369474
v -0.262958 0.576283 -0.374990
v -0.260119 0.569986 -0.377457
v -0.265455 0.566445 -0.370832
v -0.264651 0.565254 -0.375168
v -0.262068 0.543482 -0.350448
v -0.258955 0.542548 -0.352955
v -0.260301 0.546403 -0.349992
v -0.247744 0.546088 -0.343920
v -0.246293 0.538742 -0.344603
v -0.246375 0.540589 -0.347218
v -0.272456 0.626916 -0.370791
v -0.280875 0.625265 -0.372596
v -0.272546 0.622047 -0.363279
v -0.269784 0.620064 -0.375595
v -0.282163 0.620047 -0.365170
v -0.279386 0.618125 -0.377706
v -0.280072 0.613221 -0.370181
v -0.284273 0.618087 -0.372169
v -0.269871 0.615132 -0.368078
v -0.233229 0.633251 -0.365282
v -0.240696 0.624940 -0.371130
v -0.241874 0.632043 -0.366097
v -0.242433 0.627095 -0.358656
v -0.230803 0.626269 -0.370249
v -0.232572 0.628360 -0.357557
v -0.230818 0.621477 -0.362620
v -0.228001 0.627520 -0.363530
v -0.241240 0.619931 -0.363683
v -0.286794 0.723028 -0.410552
v -0.284756 0.735090 -0.413436
v -0.282468 0.723824 -0.413217
v -0.283588 0.724335 -0.406647
v -0.289080 0.734269 -0.410772
v -0.285876 0.735601 -0.406868
vn -0.9784 -0.1457 -0.1470
vn -0.8711 -0.4068 -0.2753
vn 0.8711 0.4068 0.2753
vn 0.9716 0.1812 0.1523
vn 0.9955 -0.0938 0.0112
vn -0.9955 0.0938 -0.0112
vn 0.1205 -0.6658 0.7363
vn -0.1056 -0.6872 0.7187
vn 0.9092 -0.4160 0.0188
vn 0.7473 -0.0407 0.6632
vn 0.6872 0.6931 0.2176
vn 0.8479 0.3204 -0.4224
vn -0.6927 -0.6845 -0.2271
vn -0.8545 -0.3092 0.4173
vn -0.9041 0.4264 -0.0266
vn -0.7434 0.0536 -0.6667
vn -0.4887 0.8636 -0.1237
vn -0.4946 0.8590 -0.1324
vn -0.4893 0.8613 -0.1370
vn -0.4851 0.8637 -0.1365
vn -0.4801 0.8676 -0.1293
vn -0.4868 0.8648 -0.1235
vn 0.4889 -0.8683 0.0838
vn 0.4412 -0.8880 0.1297
vn 0.4790 -0.8586 0.1828
vn 0.4764 -0.8601 0.1825
vn 0.5264 -0.8388 0.1389
vn 0.4937 -0.8655 0.0845
vn 0.0194 0.0273 -0.9994
vn 0.0088 -0.1336 0.9910
vn -0.0061 0.1199 -0.9928
vn -0.1752 0.6788 -0.7131
vn -0.0567 -0.4688 0.8815
vn -0.5041 0.8534 -0.1327
vn -0.4762 0.8622 -0.1730
vn -0.4664 0.8753 -0.1278
vn -0.4939 0.8651 -0.0870
vn 0.4535 -0.8823 0.1264
vn 0.4698 -0.8594 0.2019
vn 0.5168 -0.8455 0.1346
vn 0.4996 -0.8643 0.0576
vn 0.2706 0.0707 -0.9601
vn -0.2602 -0.1799 0.9487
vn 0.2625 0.1661 -0.9505
vn 0.1568 0.7326 -0.6623
vn -0.9366 -0.3485 0.0360
vn 0.0491 -0.9752 -0.2157
vn 0.9452 -0.0330 0.3249
vn 0.3295 -0.9282 -0.1727
vn 0.2363 -0.9643 0.1199
vn 0.1467 -0.9822 0.1171
vn -0.1616 0.9865 -0.0252
vn 0.4763 -0.4905 -0.7298
vn 0.8257 -0.1014 -0.5549
vn -0.3365 0.5897 0.7342
vn -0.0601 -0.5804 -0.8121
vn -0.0989 0.6295 0.7707
vn -0.9751 -0.1635 -0.1497
vn -0.9751 -0.1634 -0.1497
vn 0.9751 0.1634 0.1497
vn 0.9482 0.0694 0.3100
vn 0.8541 0.0227 0.5197
vn 0.8501 0.0747 0.5213
vn -0.9677 -0.2518 0.0159
vn -0.9291 -0.2762 0.2459
vn -0.9426 -0.2258 0.2461
vn 0.8795 0.0663 0.4712
vn -0.9518 -0.2407 0.1901
vn 0.8832 0.0101 0.4689
vn 0.9487 0.1323 0.2871
vn -0.9365 -0.2949 0.1896
vn 0.9319 0.0721 0.3555
vn -0.9815 -0.1913 -0.0092
vn 0.7081 -0.0003 0.7061
vn -0.8446 -0.2606 0.4678
vn 0.9421 0.0963 0.3212
vn -0.9671 -0.2463 0.0640
vn 0.9393 0.0992 0.3285
vn -0.9740 -0.2249 0.0270
vn 0.8297 0.0967 0.5498
vn -0.9745 -0.2216 0.0347
vn -0.9395 -0.1998 0.2782
vn 0.7388 0.0354 0.6730
vn -0.8740 -0.2349 0.4254
vn -0.9149 -0.2847 0.2862
vn 0.8322 0.0081 0.5544
vn -0.8420 -0.1615 0.5147
vn 0.6605 0.0904 0.7453
vn -0.8179 -0.1725 0.5489
vn 0.6323 0.0706 0.7715
vn -0.8248 -0.1526 0.5444
vn -0.9247 -0.1968 0.3258
vn -0.7256 -0.0589 0.6856
vn 0.6335 0.0919 0.7683
vn 0.4730 0.1420 0.8695
vn 0.8015 0.0926 0.5908
vn -0.1626 0.9867 -0.0052
vn -0.1664 0.9860 -0.0058
vn 0.5951 -0.5642 0.5723
vn 0.6382 -0.6005 0.4818
vn 0.0351 -0.8384 -0.5439
vn 0.3460 -0.9058 0.2444
vn -0.3042 -0.6928 0.6538
vn -0.6851 -0.1974 0.7012
vn -0.4080 0.3359 0.8490
vn -0.3181 0.2582 0.9122
vn -0.6175 -0.7865 0.0134
vn -0.6286 -0.7776 0.0120
vn 0.4566 -0.2713 -0.8473
vn 0.6636 -0.4872 -0.5677
vn -0.2360 0.2785 0.9310
vn -0.2360 0.2792 0.9308
vn 0.3779 -0.8646 0.3312
vn 0.3873 -0.8612 0.3291
vn -0.3772 0.8638 -0.3339
vn -0.3872 0.8603 -0.3317
vn 0.1843 -0.2448 -0.9519
vn 0.1842 -0.2442 -0.9521
vn -0.9568 -0.2573 -0.1356
vn -0.9556 -0.2583 -0.1417
vn 0.9568 0.2573 0.1357
vn 0.9556 0.2583 0.1417
vn -0.2936 0.6465 0.7041
vn -0.2938 0.6464 0.7041
vn 0.2929 -0.6411 -0.7094
vn 0.9511 0.2714 0.1475
vn -0.9511 -0.2714 -0.1475
vn 0.2778 -0.5427 -0.7927
vn -0.2778 0.5427 0.7927
vn -0.2778 0.5425 0.7928
vn 0.1317 -0.7953 0.5917
vn -0.9234 -0.3834 -0.0184
vn -0.9159 -0.4013 -0.0135
vn 0.8827 0.4331 0.1825
vn 0.8793 0.4416 0.1783
vn 0.4502 0.0106 0.8928
vn 0.2889 -0.5766 0.7643
vn -0.0881 -0.9843 0.1532
vn 0.4043 -0.7886 -0.4632
vn -0.5463 -0.7562 0.3603
vn -0.5411 -0.7989 0.2627
vn -0.0465 0.3994 0.9156
vn -0.1026 0.3230 0.9408
vn 0.7963 -0.5379 0.2767
vn 0.7888 -0.5499 0.2746
vn -0.0196 -0.3523 -0.9357
vn -0.2359 -0.6417 -0.7297
vn -0.1421 0.2950 0.9449
vn -0.1419 0.2944 0.9451
vn -0.1347 -0.9578 0.2538
vn -0.1436 -0.9578 0.2491
vn 0.1350 0.9571 -0.2565
vn 0.1445 0.9570 -0.2514
vn 0.1826 -0.2439 -0.9525
vn 0.1825 -0.2434 -0.9526
vn 0.9651 -0.0424 0.2585
vn 0.9631 -0.0620 0.2619
vn 0.1492 0.0104 -0.9888
vn 0.1429 0.0161 -0.9896
vn -0.9912 0.0945 -0.0928
vn -0.9899 0.1039 -0.0962
vn 0.0529 -0.8038 0.5926
vn 0.0355 -0.8067 0.5899
vn -0.1031 -0.8663 0.4888
vn 0.1435 -0.9179 -0.3699
vn -0.9674 -0.0350 -0.2506
vn -0.9790 0.0029 -0.2037
vn 0.9481 0.3004 0.1037
vn 0.9623 0.2653 0.0603
vn 0.1748 -0.1509 -0.9730
vn 0.1743 -0.1512 -0.9730
vn -0.1618 0.9866 -0.0217
vn -0.1629 0.9864 -0.0217
vn 0.9469 -0.1417 0.2885
vn 0.9468 -0.1340 0.2926
vn -0.0848 0.9845 0.1537
vn -0.0857 0.9844 0.1535
vn -0.9326 -0.2152 -0.2898
vn -0.9351 -0.2081 -0.2867
vn 0.1333 0.0028 -0.9911
vn 0.1682 0.0086 -0.9857
vn -0.0833 0.9859 0.1449
vn -0.0853 0.9858 0.1448
vn 0.1508 0.0107 -0.9885
vn 0.1549 0.0181 -0.9878
vn 0.2407 0.9580 -0.1559
vn 0.1877 0.9736 -0.1302
vn 0.8068 -0.5892 0.0438
vn 0.8274 -0.5612 0.0202
vn -0.9444 -0.3182 0.0830
vn -0.9563 -0.2866 0.0586
vn 0.1681 0.7068 -0.6872
vn 0.1857 0.7623 -0.6200
vn 0.6069 -0.7729 -0.1849
vn 0.4506 -0.6099 -0.6519
vn 0.9401 -0.1691 0.2962
vn 0.9337 -0.1250 0.3356
vn -0.1548 0.6804 0.7163
vn 0.0816 0.3504 0.9331
vn -0.0139 0.7197 -0.6942
vn 0.0151 0.6967 -0.7172
vn 0.6566 -0.7368 -0.1616
vn 0.7028 -0.6552 -0.2771
vn -0.5869 -0.0310 0.8091
vn -0.6452 0.1514 0.7489
vn -0.9257 -0.2457 -0.2875
vn -0.9508 -0.1915 -0.2433
vn 0.1470 -0.9890 0.0170
vn 0.1778 -0.9838 0.0217
vn -0.9674 -0.2036 -0.1506
vn -0.9674 -0.2036 -0.1504
vn 0.9812 0.1227 0.1490
vn 0.9811 0.1230 0.1493
vn -0.1365 -0.0894 0.9866
vn -0.9029 0.4152 -0.1113
vn -0.9027 0.4156 -0.1110
vn -0.0094 0.7059 -0.7082
vn -0.0402 0.7538 -0.6559
vn 0.7137 0.6868 0.1375
vn 0.7102 0.6909 0.1350
vn 0.1495 0.0133 -0.9887
vn -0.2212 0.6745 0.7044
vn -0.2212 0.6744 0.7044
vn 0.1412 0.0635 -0.9879
vn 0.1413 0.0638 -0.9879
vn -0.8595 0.5067 0.0676
vn -0.8595 0.5067 0.0675
vn 0.5937 0.7503 0.2906
vn 0.5938 0.7503 0.2906
vn -0.1685 0.9855 0.0218
vn -0.1686 0.9854 0.0220
vn 0.1411 0.0637 -0.9879
vn 0.1410 0.0634 -0.9880
vn -0.1496 -0.0132 0.9887
vn -0.1496 -0.0133 0.9887
vn -0.7821 0.5177 -0.3468
vn -0.7798 0.5046 -0.3706
vn -0.9674 -0.2035 -0.1506
vn 0.9812 0.1231 0.1490
vn 0.9813 0.1227 0.1485
vn 0.6415 0.7563 -0.1284
vn 0.6505 0.7443 -0.1511
vn -0.0042 0.6887 -0.7250
vn -0.2211 0.6709 0.7078
vn 0.0046 -0.6902 0.7236
vn 0.2211 -0.6694 -0.7092
vn -0.7698 -0.3691 0.5207
vn -0.5799 -0.3523 -0.7346
vn 0.6598 -0.1295 0.7402
vn 0.8497 -0.1126 -0.5151
vn 0.1636 -0.9865 0.0115
vn 0.9844 0.0681 0.1623
vn 0.9854 0.0671 0.1562
vn -0.9844 -0.0681 -0.1623
vn -0.9854 -0.0671 -0.1563
vn -0.1468 0.6711 0.7267
vn -0.1466 0.6711 0.7267
vn 0.1471 -0.6655 -0.7318
vn 0.1473 -0.6655 -0.7318
vn -0.9872 -0.0535 -0.1501
vn 0.9872 0.0536 0.1500
vn 0.1539 -0.5634 -0.8118
vn 0.1539 -0.5633 -0.8118
vn -0.1539 0.5633 0.8118
vn -0.1539 0.5634 0.8117
vn -0.0380 -0.8238 0.5657
vn -0.4769 0.8377 -0.2660
vn -0.4416 0.8681 -0.2267
vn -0.5731 -0.7960 -0.1947
vn -0.5525 -0.8171 -0.1648
vn 0.9288 -0.0041 0.3705
vn 0.9366 0.0308 0.3491
vn -0.1762 0.6491 -0.7400
vn -0.2294 0.6927 -0.6838
vn -0.0216 -0.6891 -0.7243
vn -0.2469 -0.9161 -0.3160
vn -0.2917 0.6747 0.6780
vn -0.4648 0.2585 0.8469
vn -0.0264 0.6898 -0.7235
vn -0.0143 0.7196 -0.6943
vn -0.3440 -0.8307 -0.4378
vn -0.3100 -0.8988 -0.3100
vn 0.3150 0.3124 0.8962
vn 0.3030 0.1182 0.9456
vn 0.1687 -0.9854 -0.0232
vn -0.9017 -0.2427 -0.3578
vn -0.8959 -0.2399 -0.3739
vn 0.9935 0.0768 -0.0839
vn 0.9949 0.0752 -0.0666
vn -0.2075 0.4361 0.8757
vn 0.2686 -0.8968 -0.3516
vn 0.2200 -0.8133 0.5386
vn 0.9414 0.3249 0.0911
vn 0.9567 0.2875 0.0447
vn -0.9810 -0.0229 -0.1925
vn -0.9699 -0.0585 -0.2363
vn 0.1496 0.0133 -0.9887
vn 0.1751 -0.1510 -0.9729
vn 0.1745 -0.1509 -0.9730
vn -0.1622 0.9865 -0.0218
vn -0.1612 0.9867 -0.0214
vn 0.5937 0.7504 0.2906
vn -0.2774 0.9530 0.1217
vn -0.2783 0.9528 0.1216
vn 0.9938 0.1104 0.0148
vn 0.9946 0.1031 0.0115
vn 0.6415 0.7563 -0.1283
vn 0.6505 0.7443 -0.1510
vn -0.8951 -0.4458 0.0013
vn -0.8986 -0.4387 0.0048
vn -0.9024 -0.4281 0.0493
vn -0.8826 -0.4700 0.0120
vn -0.7821 0.5177 -0.3469
vn -0.2214 0.6885 0.6906
vn -0.2214 0.6885 0.6907
vn -0.0006 -0.6735 0.7392
vn -0.0005 -0.6735 0.7392
vn -0.1636 0.9865 -0.0115
vn -0.1495 -0.0133 0.9887
vn 0.9751 0.1635 0.1497
vn 0.9804 0.1280 0.1499
vn 0.9766 0.1331 0.1692
vn -0.1441 -0.0457 0.9885
vn -0.9686 -0.1987 -0.1494
vn -0.9724 -0.1936 -0.1301
vn 0.1366 0.0886 -0.9867
vn -0.9687 -0.1987 -0.1490
vn -0.9666 -0.1931 -0.1684
vn 0.1547 -0.0186 -0.9878
vn 0.9803 0.1280 0.1502
vn 0.9824 0.1336 0.1307
vn -0.1615 0.0616 0.9849
vn 0.9619 0.2641 0.0710
vn 0.9826 0.1803 0.0441
vn 0.1946 -0.9548 -0.2248
vn 0.1945 -0.9548 -0.2248
vn -0.9723 -0.0601 -0.2259
vn -0.9564 -0.1447 -0.2535
vn -0.1919 0.9606 0.2009
vn 0.9847 0.1690 0.0414
vn 0.9764 0.2095 0.0531
vn 0.2091 -0.9026 -0.3762
vn -0.9627 -0.1156 -0.2446
vn -0.9539 -0.1560 -0.2562
vn -0.2081 0.9075 0.3648
vn 0.9761 0.2152 0.0285
vn 0.9787 0.2043 0.0190
vn -0.9542 -0.1029 -0.2808
vn -0.9498 -0.1147 -0.2911
vn 0.0933 0.3099 -0.9462
vn -0.2776 0.9541 0.1127
vn -0.2758 0.9545 0.1132
vn 0.9973 0.0718 0.0132
vn 0.9898 0.1290 0.0600
vn -0.1019 0.9428 -0.3175
vn -0.1031 0.9429 -0.3167
vn -0.1160 0.9404 -0.3196
vn -0.1152 0.9409 -0.3186
vn -0.9206 -0.3876 -0.0479
vn -0.9298 -0.3656 -0.0435
vn -0.1238 -0.1252 0.9844
vn -0.1234 -0.1252 0.9844
vn 0.2023 -0.3747 -0.9048
vn 0.2018 -0.3745 -0.9050
vn 0.0709 -0.8612 0.5033
vn 0.0633 -0.8538 0.5167
vn 0.1306 -0.9660 0.2231
vn 0.1264 -0.9724 0.1963
vn -0.1245 -0.9160 0.3814
vn 0.0383 -0.8976 0.4392
vn 0.0879 -0.8947 0.4380
vn 0.0925 -0.8930 0.4405
vn 0.9677 -0.0711 0.2420
vn 0.9677 -0.0475 0.2478
vn -0.1361 -0.1274 0.9825
vn -0.1358 -0.1272 0.9825
vn 0.2011 -0.3749 -0.9050
vn 0.2016 -0.3745 -0.9050
vn 0.0637 -0.8624 0.5022
vn 0.0643 -0.8537 0.5168
vn 0.1251 -0.9669 0.2222
vn 0.1387 -0.9703 0.1982
vn 0.2930 -0.8460 0.4455
vn 0.1234 -0.8833 0.4523
vn 0.0781 -0.8963 0.4365
vn 0.0726 -0.8963 0.4375
vn 0.0668 0.3195 -0.9452
vn 0.0608 0.3239 -0.9441
vn -0.2153 0.9642 0.1552
vn -0.2111 0.9640 0.1614
vn -0.1171 -0.3110 0.9432
vn -0.1214 -0.3179 0.9403
vn 0.1601 -0.9705 -0.1802
vn 0.1664 -0.9684 -0.1856
vn 0.1175 0.3335 -0.9354
vn 0.1139 0.3274 -0.9380
vn -0.1585 0.9737 0.1639
vn -0.1640 0.9719 0.1687
vn -0.0637 -0.3083 0.9492
vn -0.0706 -0.3032 0.9503
vn 0.2177 -0.9609 -0.1714
vn 0.2129 -0.9606 -0.1785
vn -0.7629 0.6386 -0.1008
vn -0.5156 -0.8528 -0.0835
vn 0.5138 0.8526 0.0951
vn 0.7612 -0.6387 0.1125
vn 0.7611 -0.6388 0.1125
vn 0.2113 -0.4817 -0.8505
vn 0.0477 0.5047 -0.8619
vn 0.0477 0.5048 -0.8619
vn -0.2113 0.4817 0.8505
vn -0.0477 -0.5047 0.8620
vn -0.5455 -0.8379 0.0197
vn -0.6296 -0.7752 -0.0515
vn -0.6511 -0.4514 0.6103
vn -0.7742 -0.4397 0.4553
vn -0.7998 -0.1685 0.5761
vn -0.8825 -0.0819 0.4632
vn -0.8827 -0.0803 0.4630
vn -0.9445 -0.1152 0.3075
vn -0.2138 0.5153 0.8299
vn -0.6889 0.3825 0.6157
vn -0.3017 0.9492 0.0896
vn -0.9475 0.3079 -0.0858
vn -0.8355 -0.0524 -0.5470
vn 0.3196 0.5515 0.7705
vn -0.0566 0.9903 0.1272
vn 0.7813 0.5977 0.1796
vn 0.9298 0.2435 -0.2760
vn 0.8442 -0.5222 0.1207
vn -0.6300 -0.7694 -0.1056
vn -0.6300 -0.7693 -0.1056
vn -0.8442 0.5222 -0.1207
vn 0.6300 0.7694 0.1056
vn 0.6300 0.7693 0.1056
vn -0.5155 -0.8528 -0.0835
vn -0.0539 -0.4129 0.9092
vn -0.0656 -0.4056 0.9117
vn -0.0742 -0.4194 0.9048
vn 0.0496 -0.8191 0.5715
vn -0.2320 0.6665 0.7085
vn -0.2334 0.6659 0.7086
vn -0.2542 0.5370 0.8044
vn 0.1652 -0.0854 -0.9826
vn 0.1651 -0.0854 -0.9826
vn 0.2035 -0.3925 -0.8970
vn -0.9526 0.2698 -0.1407
vn -0.9523 0.2711 -0.1403
vn -0.2059 0.9784 -0.0172
vn -0.2146 0.9765 -0.0199
vn -0.5005 0.8633 -0.0646
vn -0.3534 0.9317 -0.0844
vn -0.3035 0.8697 -0.3893
vn -0.2600 0.8722 -0.4143
vn 0.0773 0.9288 -0.3625
vn -0.2789 0.9594 -0.0427
vn 0.1101 0.9390 -0.3259
vn -0.3473 0.8733 0.3417
vn 0.0463 0.9987 -0.0230
vn -0.0419 0.9991 -0.0063
vn -0.4350 0.8584 0.2719
vn 0.1949 0.9799 0.0421
vn 0.0392 0.9379 0.3447
vn -0.0649 0.9206 0.3850
vn -0.1121 0.9937 -0.0041
vn -0.1212 0.9926 -0.0042
vn 0.8133 0.5670 0.1307
vn 0.8140 0.5660 0.1305
vn 0.5380 0.6672 -0.5152
vn 0.6568 0.5928 -0.4660
vn 0.6187 0.7311 -0.2876
vn 0.7863 -0.4945 0.3705
vn 0.7183 -0.6229 0.3098
vn 0.8173 -0.5691 -0.0904
vn 0.7581 -0.6107 -0.2288
vn -0.4096 0.0861 0.9082
vn -0.2811 0.2689 0.9212
vn -0.3284 0.8162 0.4754
vn -0.2949 0.8397 0.4560
vn -0.1261 0.9224 -0.3651
vn -0.1262 0.9224 -0.3651
vn -0.6847 -0.1842 0.7051
vn -0.7074 -0.0810 0.7021
vn -0.9759 -0.1593 -0.1491
vn -0.5503 -0.3320 -0.7661
vn -0.4221 -0.8086 -0.4099
vn -0.5413 -0.7918 -0.2829
vn -0.5225 -0.8385 0.1548
vn -0.6495 -0.7580 -0.0598
vn -0.7960 0.5224 0.3059
vn -0.7322 0.2119 0.6473
vn -0.7632 0.2173 0.6085
vn 0.7987 0.1770 0.5751
vn 0.6864 0.1828 0.7039
vn 0.6866 0.1812 0.7041
vn 0.6068 0.0673 0.7920
vn 0.7054 -0.1917 0.6824
vn 0.5528 -0.2495 0.7951
vn 0.8299 -0.5306 0.1725
vn 0.7533 -0.6201 0.2191
vn 0.6125 0.2806 0.7390
vn 0.5176 0.2579 0.8158
vn 0.5985 0.6104 0.5188
vn 0.0767 0.1677 0.9829
vn -0.1012 0.2991 0.9488
vn -0.1028 0.8540 0.5101
vn -0.1349 0.8665 0.4806
vn -0.0906 0.9739 -0.2079
vn -0.0905 0.9740 -0.2078
vn 0.8064 -0.5288 0.2648
vn 0.6732 -0.4907 0.5532
vn 0.3691 -0.1716 0.9134
vn -0.5076 0.4713 -0.7212
vn -0.5902 0.3729 -0.7160
vn -0.6721 0.5189 -0.5283
vn -0.8456 0.4000 0.3535
vn -0.8731 0.0329 0.4864
vn -0.7852 0.0393 0.6179
vn 0.4417 0.7368 0.5119
vn 0.5710 0.4725 0.6713
vn 0.3436 0.3743 0.8613
vn -0.3925 -0.2952 -0.8711
vn -0.2262 -0.8406 -0.4922
vn -0.3837 -0.8455 -0.3713
vn -0.4505 -0.8891 0.0807
vn -0.5691 -0.8162 0.0998
vn 0.9743 0.1675 0.1503
vn 0.4588 0.1144 0.8812
vn 0.4703 0.0094 0.8824
vn -0.6335 -0.7731 -0.0308
vn -0.6316 -0.7102 0.3108
vn -0.5879 -0.3251 0.7408
vn 0.0477 0.5047 -0.8620
vn -0.0852 -0.4181 0.9044
vn -0.0776 -0.4076 0.9099
vn -0.0636 -0.4176 0.9064
vn 0.9275 -0.3484 0.1356
vn 0.7649 0.6321 0.1242
vn -0.9280 0.3471 -0.1357
vn -0.9290 0.3434 -0.1377
vn 0.6545 0.4555 -0.6035
vn 0.9603 -0.0646 -0.2715
vn 0.9371 -0.2802 0.2081
vn 0.9864 -0.1113 0.1212
vn -0.8894 -0.4257 -0.1667
vn -0.8165 -0.5742 -0.0611
vn -0.7660 -0.3540 -0.5365
vn -0.5592 0.2520 -0.7898
vn -0.1780 0.5484 0.8171
vn -0.2088 0.6690 0.7133
vn -0.2102 0.6690 0.7129
vn -0.9683 -0.0035 -0.2498
vn -0.9735 -0.0285 -0.2271
vn -0.9715 -0.0811 -0.2227
vn -0.9716 -0.0990 -0.2150
vn -0.9738 -0.0804 -0.2128
vn 0.7023 -0.1117 -0.7030
vn 0.6156 -0.6995 -0.3630
vn 0.7368 -0.6522 -0.1780
vn 0.6580 -0.7091 0.2533
vn 0.7753 -0.6240 0.0979
vn 0.1642 -0.9864 0.0071
vn 0.1624 -0.9867 0.0084
vn 0.1657 -0.9861 0.0089
vn 0.1643 -0.9864 0.0071
vn -0.6137 -0.7895 -0.0013
vn -0.7210 -0.6828 -0.1182
vn 0.9311 -0.3186 -0.1777
vn 0.9134 -0.3491 -0.2094
vn 0.3658 0.9283 0.0671
vn 0.3684 0.9286 0.0453
vn -0.8110 0.0080 0.5850
vn -0.1295 -0.0170 0.9914
vn -0.7981 -0.5351 -0.2770
vn -0.8948 -0.3749 -0.2426
vn -0.9379 -0.0590 -0.3420
vn -0.8054 0.0249 0.5922
vn -0.8515 -0.1876 -0.4897
vn -0.7659 -0.0267 0.6424
vn -0.8158 -0.3930 -0.4243
vn -0.8490 -0.1255 0.5132
vn -0.7760 -0.3809 -0.5027
vn 0.2856 -0.3655 -0.8859
vn 0.2798 -0.3705 -0.8857
vn 0.2962 -0.7649 -0.5720
vn 0.3346 -0.7643 -0.5513
vn 0.8031 -0.5117 0.3053
vn -0.6502 -0.7553 0.0822
vn -0.9565 -0.1143 0.2684
vn -0.9636 -0.1221 0.2380
vn -0.9262 -0.2784 0.2543
vn -0.9925 -0.0452 -0.1134
vn -0.7073 -0.4773 0.5215
vn -0.7023 -0.4938 0.5129
vn -0.4544 -0.3402 0.8232
vn -0.0613 -0.5246 0.8491
vn -0.0254 -0.5186 0.8546
vn 0.2779 -0.2175 0.9357
vn 0.6409 -0.2686 0.7191
vn 0.6377 -0.2518 0.7280
vn 0.8517 -0.5115 -0.1136
vn 0.8565 -0.4978 -0.1366
vn -0.5738 -0.7375 -0.3562
vn -0.5718 -0.7501 -0.3322
vn -0.6323 -0.6984 0.3353
vn 0.6949 -0.4759 0.5391
vn 0.5021 0.6868 0.5256
vn -0.8251 0.4643 0.3218
vn -0.7692 -0.6267 -0.1248
vn -0.9355 0.3258 -0.1371
vn 0.7806 0.6122 0.1263
vn 0.7833 0.6090 0.1248
vn -0.1387 0.0126 0.9903
vn -0.1590 0.0199 0.9871
vn -0.1511 0.0212 0.9883
vn -0.1680 0.0077 0.9858
vn -0.1668 -0.0231 0.9857
vn 0.5580 0.2375 0.7952
vn -0.6414 0.7593 -0.1098
vn -0.6453 0.7588 -0.0881
vn -0.6513 -0.6113 -0.4496
vn -0.6799 -0.5938 -0.4303
vn 0.8971 -0.4223 0.1300
vn 0.7969 -0.5638 0.2172
vn 0.5021 0.6868 0.5255
vn -0.1536 0.9881 -0.0069
vn -0.1388 0.9903 -0.0099
vn -0.1877 0.9821 -0.0174
vn -0.1745 0.9846 -0.0101
vn 0.1570 -0.0019 -0.9876
vn 0.1730 0.0019 -0.9849
vn 0.1309 -0.0051 -0.9914
vn 0.1474 -0.0035 -0.9891
vn 0.3352 -0.9413 0.0390
vn 0.2675 -0.9622 0.0505
vn 0.1642 -0.9864 0.0102
vn 0.1704 -0.9849 -0.0293
vn 0.0481 -0.9858 -0.1611
vn 0.3179 -0.9405 -0.1197
vn 0.1689 -0.9852 -0.0295
vn 0.1638 -0.9864 0.0103
vn 0.1634 -0.9865 0.0101
vn 0.1563 -0.9860 0.0586
vn 0.0508 -0.9986 0.0173
vn -0.0402 -0.9930 0.1113
vn -0.0136 -0.9998 -0.0145
vn 0.3203 -0.9326 0.1666
vn -0.8050 -0.2951 -0.5147
vn -0.8666 -0.1162 -0.4854
vn -0.8186 0.1684 -0.5491
vn -0.8950 0.1763 0.4099
vn -0.7278 0.0303 -0.6851
vn -0.8831 0.1263 0.4518
vn -0.7528 -0.1792 -0.6334
vn -0.9845 0.0006 0.1753
vn -0.7482 -0.1787 -0.6389
vn 0.9699 -0.2435 -0.0005
vn 0.9966 -0.0629 0.0528
vn 0.9659 0.2549 -0.0450
vn 0.9722 0.1129 -0.2051
vn 0.5427 0.2483 0.8024
vn 0.9850 -0.0962 -0.1429
vn 0.5083 0.1847 0.8411
vn 0.9683 -0.0934 -0.2317
vn 0.6518 0.1236 0.7482
vn 0.6828 0.2819 -0.6740
vn 0.6606 0.4004 -0.6350
vn 0.6870 0.3741 -0.6229
vn 0.1393 0.1077 -0.9844
vn 0.1274 0.1057 -0.9862
vn -0.5569 0.1656 -0.8139
vn -0.5380 0.1995 -0.8190
vn -0.5089 0.0821 -0.8569
vn 0.1749 -0.9131 -0.3684
vn 0.1753 -0.9131 -0.3681
vn 0.2405 -0.9022 -0.3581
vn 0.2410 -0.9020 -0.3582
vn 0.8206 0.1836 0.5412
vn 0.8383 0.1799 0.5146
vn 0.8497 0.0193 0.5269
vn 0.9425 0.2792 0.1836
vn 0.2069 -0.4840 -0.8503
vn 0.2110 -0.4779 -0.8527
vn 0.2160 -0.4824 -0.8489
vn 0.9659 0.2448 0.0849
vn 0.9714 0.2247 0.0772
vn 0.9532 0.2945 0.0686
vn 0.9472 0.3176 0.0442
vn 0.0762 0.2748 -0.9585
vn -0.4947 0.1380 -0.8580
vn -0.5605 0.7032 0.4375
vn -0.0813 0.8828 0.4627
vn 0.9713 -0.0013 -0.2377
vn 0.9620 0.1861 -0.2000
vn 0.8483 0.4441 -0.2885
vn 0.8500 0.2916 -0.4387
vn 0.6302 0.4272 0.6483
vn 0.9231 0.0982 -0.3719
vn 0.6229 0.3740 0.6871
vn 0.9200 0.0973 -0.3797
vn 0.8346 0.3012 0.4612
vn 0.1512 0.0035 -0.9885
vn 0.1511 0.0035 -0.9885
vn -0.5718 -0.7502 -0.3321
vn 0.8565 -0.4977 -0.1366
vn -0.3523 0.8378 0.4172
vn 0.1187 0.8174 0.5637
vn 0.6925 0.3377 -0.6375
vn 0.1541 0.2875 -0.9453
vn 0.1176 -0.3937 -0.9117
vn 0.1243 -0.3960 -0.9098
vn 0.1428 -0.8605 -0.4890
vn 0.1023 -0.8756 -0.4721
vn 0.1712 -0.9852 0.0106
vn 0.1743 -0.9846 -0.0136
vn 0.1647 -0.9863 0.0115
vn 0.1674 -0.9858 -0.0142
vn 0.1606 -0.9869 -0.0157
vn 0.1565 -0.9876 0.0084
vn 0.1626 -0.9866 0.0112
vn -0.1401 0.9876 -0.0710
vn -0.1215 0.9734 -0.1944
vn -0.1882 0.9816 -0.0325
vn -0.1329 0.9717 -0.1955
vn -0.1440 0.9696 -0.1978
vn -0.1337 0.9907 -0.0241
vn -0.1678 0.9829 -0.0753
vn 0.1681 -0.0744 -0.9830
vn 0.1698 -0.0727 -0.9828
vn 0.1588 -0.0746 -0.9845
vn 0.1707 -0.0742 -0.9825
vn 0.1566 -0.0766 -0.9847
vn 0.1710 -0.0725 -0.9826
vn 0.1557 -0.0751 -0.9849
vn 0.0789 0.4063 -0.9103
vn 0.0651 0.4040 -0.9124
vn 0.0792 0.4067 -0.9101
vn 0.0646 0.4043 -0.9123
vn -0.1875 0.2908 0.9382
vn -0.1868 0.2935 0.9375
vn -0.1978 0.2917 0.9358
vn -0.1854 0.2910 0.9386
vn -0.1996 0.2886 0.9364
vn -0.1846 0.2939 0.9378
vn -0.2010 0.2911 0.9353
vn -0.2148 0.7137 0.6667
vn -0.2285 0.7114 0.6646
vn -0.2169 0.7124 0.6674
vn -0.2264 0.7108 0.6659
vn -0.5484 -0.4831 -0.6825
vn 0.2210 -0.7667 -0.6028
vn 0.8442 -0.2555 -0.4713
vn 0.7113 0.5160 -0.4773
vn -0.0360 0.7831 -0.6208
vn -0.6703 0.2796 -0.6874
vn 0.5313 0.5074 0.6785
vn -0.2210 0.7667 0.6028
vn -0.8404 0.2752 0.4669
vn -0.7084 -0.5211 0.4762
vn 0.0360 -0.7831 0.6208
vn 0.6654 -0.2914 0.6873
vn -0.7176 -0.5041 0.4805
vn 0.6681 -0.2711 0.6929
vn 0.5363 0.5004 0.6797
vn -0.8400 0.2720 0.4694
vn 0.7131 0.5171 -0.4734
vn -0.6659 0.2907 -0.6871
vn -0.5338 -0.5055 -0.6779
vn 0.8441 -0.2690 -0.4638
vn -0.0918 0.8775 -0.4707
vn -0.1040 0.8694 -0.4830
vn -0.0174 0.6156 -0.7879
vn -0.0424 0.8798 -0.4735
vn -0.0596 0.8829 -0.4658
vn 0.0495 0.6268 -0.7776
vn 0.0191 0.6405 -0.7677
vn 0.0027 0.6377 -0.7702
vn 0.0251 0.5994 -0.8000
vn 0.0198 0.5985 -0.8009
vn -0.6258 0.7157 -0.3100
vn -0.7314 0.5519 -0.4006
vn -0.8250 0.3293 0.4593
vn 0.6005 0.7752 -0.1961
vn 0.4267 0.8921 -0.1484
vn 0.5049 0.5523 0.6634
vn -0.9347 0.3042 0.1838
vn 0.6923 0.5769 0.4335
vn -0.9513 0.0333 0.3065
vn 0.7578 0.3198 0.5688
vn -0.9267 0.0401 0.3737
vn 0.7138 0.3151 0.6255
vn 0.2051 -0.7876 -0.5811
vn -0.2806 -0.5756 -0.7681
vn 0.6608 -0.4178 -0.6236
vn 0.2358 -0.7824 -0.5764
vn -0.3314 0.1262 -0.9350
vn 0.5316 0.2709 -0.8025
vn -0.4100 -0.0375 -0.9113
vn 0.6477 0.1398 -0.7489
vn -0.5405 0.5189 -0.6623
vn 0.5153 0.6959 -0.5002
vn -0.3664 0.7791 -0.5087
vn 0.2305 0.8791 -0.4171
vn -0.4016 0.9118 0.0855
vn 0.0465 0.9869 0.1543
vn -0.0645 0.9738 -0.2179
vn -0.1887 0.9530 -0.2369
vn 0.1885 -0.5342 -0.8241
vn 0.2409 -0.5254 -0.8160
vn -0.1900 -0.6004 -0.7768
vn 0.5895 -0.4697 -0.6571
vn 0.6311 -0.5501 -0.5469
vn -0.2341 -0.6951 -0.6797
vn 0.5658 -0.7842 0.2547
vn -0.3346 -0.9351 0.1165
vn 0.4105 -0.9082 0.0816
vn -0.1044 -0.9945 0.0025
vn -0.7199 -0.1709 -0.6727
vn 0.9174 0.1734 0.3583
vn -0.5422 -0.1517 -0.8264
vn -0.9800 -0.1304 0.1504
vn 0.9152 0.1733 0.3638
vn -0.8531 -0.0864 0.5146
vn 0.9777 0.1565 0.1398
vn -0.7288 -0.1211 0.6739
vn 0.9759 0.1559 0.1529
vn -0.4957 -0.0808 -0.8647
vn -0.7267 -0.1208 0.6762
vn -0.5019 -0.0816 -0.8610
vn 0.3855 0.6377 0.6668
vn 0.6321 0.3172 -0.7070
vn -0.6013 -0.7921 0.1049
vn 0.3613 0.4916 0.7923
vn 0.6464 0.1154 -0.7543
vn -0.5854 -0.8053 0.0938
vn 0.8191 -0.4585 -0.3447
vn 0.2957 0.5946 0.7477
vn -0.9781 -0.0007 -0.2083
vn 0.8807 -0.3882 -0.2715
vn 0.4026 0.5647 0.7205
vn -0.9688 -0.0265 -0.2466
vn 0.0879 0.2070 0.9744
vn -0.3183 0.5335 -0.7836
vn 0.1330 -0.0737 0.9884
vn 0.5648 -0.8149 0.1305
vn -0.3357 0.4154 -0.8454
vn 0.3021 -0.7794 -0.5489
vn -0.7456 0.4481 0.4932
vn -0.4648 0.1334 -0.8753
vn 0.7641 -0.5632 0.3145
vn -0.7138 0.3113 0.6273
vn -0.3994 -0.0600 -0.9148
vn 0.7573 -0.5801 0.2999
vn -0.4919 -0.6782 -0.5459
vn -0.6744 0.4320 0.5987
vn 0.9430 0.3213 0.0866
vn -0.5911 -0.6349 -0.4974
vn -0.7534 0.3709 0.5430
vn 0.9540 0.2959 0.0486
vn -0.4297 0.1202 0.8949
vn 0.3457 0.6448 -0.6817
vn -0.3850 -0.1606 0.9089
vn -0.2876 -0.9577 -0.0004
vn 0.4171 0.5416 -0.7298
vn 0.1362 -0.8072 -0.5743
vn -0.2705 0.8093 0.5214
vn 0.0576 0.5880 -0.8068
vn -0.2708 0.8091 0.5215
vn 0.0583 0.5890 -0.8060
vn -0.0331 -0.5980 0.8008
vn 0.2763 -0.8165 -0.5069
vn -0.8904 0.4304 0.1479
vn -0.7159 0.3015 -0.6297
vn -0.7718 -0.5126 0.3763
vn -0.5505 -0.6756 -0.4904
vn 0.2603 -0.8087 -0.5275
vn -0.0574 -0.5841 0.8096
vn -0.0038 0.5777 -0.8162
vn -0.1662 0.8268 0.5374
vn -0.0050 0.5785 -0.8157
vn -0.1660 0.8267 0.5376
vn 0.1591 -0.8362 -0.5249
vn -0.0133 -0.5946 0.8039
vn 0.7333 0.5444 -0.4073
vn 0.6226 0.6840 0.3802
vn 0.8550 -0.4400 -0.2747
vn 0.7495 -0.2576 0.6098
vn 0.0016 -0.5742 0.8187
vn 0.1771 -0.8226 -0.5403
vn -0.5048 -0.1191 -0.8550
vn 0.2491 -0.9614 0.1171
vn 0.9684 0.1996 0.1496
vn -0.5043 -0.1193 -0.8552
vn -0.7423 -0.1381 0.6556
vn 0.9684 0.1996 0.1497
vn -0.7420 -0.1378 0.6561
vn -0.2551 0.9597 -0.1181
vn -0.1057 -0.6872 0.7187
vn 0.0193 0.0273 -0.9994
vn -0.4940 0.8651 -0.0870
vn 0.9751 0.1634 0.1496
vn 0.3460 -0.9058 0.2445
vn -0.6850 -0.1974 0.7012
vn -0.2937 0.6465 0.7041
vn 0.2929 -0.6410 -0.7094
vn 0.2928 -0.6411 -0.7094
vn 0.2777 -0.5427 -0.7927
vn -0.0881 -0.9843 0.1533
vn -0.1026 0.3229 0.9408
vn -0.2359 -0.6418 -0.7297
vn 0.1491 0.0104 -0.9888
vn 0.1429 0.0160 -0.9896
vn -0.9912 0.0944 -0.0928
vn -0.0852 0.9858 0.1448
vn 0.1857 0.7624 -0.6200
vn 0.6070 -0.7729 -0.1849
vn 0.0816 0.3503 0.9331
vn -0.6452 0.1514 0.7488
vn -0.0402 0.7537 -0.6559
vn -0.9854 -0.0671 -0.1562
vn -0.1467 0.6711 0.7267
vn 0.1471 -0.6654 -0.7318
vn 0.1472 -0.6655 -0.7317
vn 0.1539 -0.5634 -0.8117
vn -0.5731 -0.7960 -0.1948
vn 0.9288 -0.0042 0.3705
vn -0.1763 0.6491 -0.7400
vn -0.2917 0.6748 0.6779
vn -0.3440 -0.8307 -0.4377
vn 0.3029 0.1182 0.9457
vn -0.0005 -0.6735 0.7391
vn -0.9723 -0.0600 -0.2259
vn 0.0925 -0.8929 0.4405
vn 0.1387 -0.9703 0.1981
vn -0.1213 -0.3179 0.9403
vn -0.1640 0.9719 0.1686
vn -0.6296 -0.7752 -0.0516
vn -0.9759 -0.1592 -0.1491
vn -0.0907 0.9739 -0.2079
vn 0.9744 0.1675 0.1503
vn -0.6335 -0.7731 -0.0307
vn -0.1779 0.5484 0.8171
vn -0.8054 0.0248 0.5922
vn -0.4545 -0.3402 0.8232
vn -0.0612 -0.5246 0.8491
vn 0.8031 -0.5118 0.3053
vn -0.6414 0.7593 -0.1097
vn 0.2409 -0.9020 -0.3582
vn 0.8384 0.1799 0.5146
vn 0.2159 -0.4824 -0.8489
vn 0.8483 0.4441 -0.2886
vn 0.6228 0.3740 0.6871
vn 0.1244 -0.3960 -0.9098
vn 0.1744 -0.9846 -0.0136
vn -0.2211 0.7667 0.6028
vn 0.0027 0.6378 -0.7702
vn -0.9800 -0.1304 0.1505
vn -0.8531 -0.0864 0.5145
vn -0.7289 -0.1211 0.6739
vn -0.7267 -0.1208 0.6763
vn 0.6463 0.1154 -0.7543
vn -0.9688 -0.0264 -0.2465
vn -0.3358 0.4154 -0.8454
vn 0.7573 -0.5802 0.3000
vn -0.6744 0.4320 0.5988
vn -0.3850 -0.1605 0.9089
vn 0.8549 -0.4400 -0.2747
vn 0.2491 -0.9614 0.1172
vn -0.5044 -0.1193 -0.8552
vn -0.4801 0.8677 -0.1293
vn 0.0089 -0.1336 0.9910
vn 0.8257 -0.1013 -0.5549
vn -0.9751 -0.1634 -0.1496
vn -0.9751 -0.1635 -0.1496
vn -0.6850 -0.1974 0.7013
vn -0.4079 0.3359 0.8490
vn -0.2939 0.6464 0.7041
vn 0.9511 0.2715 0.1475
vn -0.2778 0.5426 0.7928
vn 0.8793 0.4416 0.1784
vn -0.5411 -0.7988 0.2627
vn 0.0356 -0.8067 0.5899
vn 0.1856 0.7623 -0.6200
vn -0.9029 0.4151 -0.1113
vn -0.5799 -0.3522 -0.7346
vn -0.1465 0.6711 0.7267
vn 0.1473 -0.6655 -0.7317
vn -0.9872 -0.0535 -0.1500
vn -0.0216 -0.6891 -0.7244
vn -0.2917 0.6747 0.6779
vn -0.1364 -0.0894 0.9866
vn -0.2076 0.4361 0.8757
vn -0.2784 0.9528 0.1216
vn -0.2214 0.6884 0.6907
vn -0.7629 0.6386 -0.1009
vn 0.6866 0.1811 0.7041
vn 0.5528 -0.2495 0.7950
vn 0.0768 0.1677 0.9829
vn 0.3690 -0.1716 0.9134
vn 0.3437 0.3743 0.8613
vn -0.5879 -0.3251 0.7407
vn -0.2088 0.6690 0.7134
vn -0.7023 -0.4938 0.5128
vn 0.3203 -0.9325 0.1666
vn 0.1589 -0.0746 -0.9845
vn 0.6607 -0.4178 -0.6236
vn -0.9800 -0.1303 0.1504
vn -0.5020 -0.0816 -0.8610
vn 0.2956 0.5946 0.7477
vn -0.9688 -0.0264 -0.2466
vn 0.3022 -0.7794 -0.5489
vn 0.3457 0.6448 -0.6816
vn -0.0332 -0.5980 0.8008
vt 0.550269 0.366343
vt 0.552848 0.301010
vt 0.533670 0.347950
vt 0.452223 0.499976
vt 0.488362 0.478668
vt 0.471435 0.450651
vt 0.687492 0.451062
vt 0.693273 0.451062
vt 0.689994 0.439685
vt 0.816705 0.751545
vt 0.837061 0.727037
vt 0.837061 0.751545
vt 0.837061 0.776396
vt 0.495183 0.898901
vt 0.432577 0.889152
vt 0.495183 0.877788
vt 0.678995 0.651130
vt 0.690301 0.640005
vt 0.690302 0.662256
vt 0.666162 0.780033
vt 0.666162 0.759375
vt 0.632322 0.766261
vt 0.666162 0.861737
vt 0.617112 0.870039
vt 0.654870 0.886644
vt 0.538624 0.690779
vt 0.548823 0.708297
vt 0.528426 0.708297
vt 0.572394 0.737301
vt 0.583590 0.767902
vt 0.561197 0.767902
vt 0.709227 0.912495
vt 0.702732 0.949373
vt 0.663762 0.931912
vt 0.761198 0.859319
vt 0.761198 0.913685
vt 0.810449 0.853875
vt 0.620437 0.950560
vt 0.620437 0.941500
vt 0.620437 0.933022
vt 0.766011 0.594545
vt 0.787831 0.594545
vt 0.779752 0.594545
vt 0.754096 0.709337
vt 0.790518 0.705144
vt 0.788571 0.705144
vt 0.347382 0.689390
vt 0.336484 0.689390
vt 0.343561 0.725812
vt 0.951965 0.783384
vt 0.961850 0.753090
vt 0.970962 0.789032
vt 0.492039 0.753587
vt 0.504091 0.753535
vt 0.498160 0.723564
vt 0.566898 0.569736
vt 0.558379 0.570145
vt 0.566915 0.578255
vt 0.575416 0.569736
vt 0.566915 0.561218
vt 0.378801 0.334899
vt 0.353499 0.335900
vt 0.368258 0.270439
vt 0.337708 0.336565
vt 0.353881 0.411089
vt 0.314456 0.409054
vt 0.319801 0.465714
vt 0.373463 0.422769
vt 0.321208 0.477508
vt 0.298952 0.464814
vt 0.406243 0.589497
vt 0.337176 0.580450
vt 0.279069 0.596853
vt 0.294728 0.479526
vt 0.297954 0.614883
vt 0.279886 0.651069
vt 0.300308 0.646586
vt 0.314201 0.689994
vt 0.332686 0.676223
vt 0.294269 0.710861
vt 0.915288 0.701294
vt 0.905159 0.712577
vt 0.915394 0.712464
vt 0.458354 0.867595
vt 0.458339 0.828374
vt 0.479686 0.846078
vt 0.437149 0.846122
vt 0.420123 0.837582
vt 0.414057 0.824177
vt 0.399841 0.837582
vt 0.420123 0.824177
vt 0.399840 0.837582
vt 0.377266 0.733040
vt 0.418991 0.735364
vt 0.442056 0.732632
vt 0.345749 0.739010
vt 0.403086 0.735364
vt 0.473553 0.732632
vt 0.910559 0.488916
vt 0.878770 0.478557
vt 0.878770 0.488916
vt 0.910559 0.478557
vt 0.927480 0.583312
vt 0.968314 0.488916
vt 0.936524 0.488916
vt 0.977765 0.583312
vt 0.919615 0.583312
vt 0.869307 0.583312
vt 0.861422 0.583312
vt 0.927375 0.583312
vt 0.835505 0.343876
vt 0.840429 0.351740
vt 0.835483 0.352488
vt 0.840549 0.339863
vt 0.829700 0.351714
vt 0.834664 0.343876
vt 0.834642 0.352488
vt 0.829641 0.339837
vt 0.841390 0.339876
vt 0.841271 0.351754
vt 0.553938 0.604369
vt 0.578610 0.606220
vt 0.578610 0.604369
vt 0.553938 0.606220
vt 0.578610 0.591106
vt 0.553938 0.589235
vt 0.553938 0.591106
vt 0.578610 0.589236
vt 0.579738 0.591106
vt 0.579738 0.604369
vt 0.552875 0.591106
vt 0.552875 0.604369
vt 0.936418 0.488916
vt 0.869888 0.488987
vt 0.968208 0.488916
vt 0.977660 0.583312
vt 0.512401 0.464047
vt 0.487508 0.450651
vt 0.747053 0.745439
vt 0.790417 0.725009
vt 0.790417 0.765510
vt 0.492883 0.511536
vt 0.472209 0.532339
vt 0.495585 0.532339
vt 0.534723 0.525405
vt 0.902795 0.934645
vt 0.932041 0.937381
vt 0.912422 0.980237
vt 0.902067 0.866883
vt 0.973649 0.933704
vt 0.944381 0.937381
vt 0.974357 0.866877
vt 0.963439 0.980242
vt 0.713256 0.780033
vt 0.695800 0.861737
vt 0.683308 0.780033
vt 0.721228 0.861737
vt 0.279115 0.496008
vt 0.284661 0.450680
vt 0.279115 0.450635
vt 0.629414 0.644086
vt 0.629414 0.659098
vt 0.708196 0.377204
vt 0.700806 0.365366
vt 0.700806 0.377204
vt 0.708196 0.365366
vt 0.689994 0.377204
vt 0.689994 0.365366
vt 0.683352 0.365366
vt 0.683352 0.377204
vt 0.708196 0.451062
vt 0.700806 0.439685
vt 0.700806 0.451062
vt 0.708196 0.439685
vt 0.679130 0.731948
vt 0.704968 0.683750
vt 0.709364 0.727668
vt 0.670996 0.680375
vt 0.683352 0.439685
vt 0.683352 0.451062
vt 0.598531 0.684180
vt 0.637905 0.743711
vt 0.591832 0.738423
vt 0.650234 0.680011
vt 0.915434 0.741663
vt 0.902908 0.727285
vt 0.915395 0.727100
vt 0.328747 0.883804
vt 0.378576 0.918468
vt 0.325518 0.918476
vt 0.378576 0.883804
vt 0.353315 0.883804
vt 0.344822 0.918476
vt 0.451088 0.981654
vt 0.423518 0.918514
vt 0.473292 0.918514
vt 0.423517 0.981654
vt 0.391235 0.912796
vt 0.391235 0.890075
vt 0.391235 0.974793
vt 0.378576 0.981654
vt 0.391235 0.925255
vt 0.703704 0.744452
vt 0.720980 0.761431
vt 0.703704 0.761431
vt 0.720980 0.744452
vt 0.410729 0.925280
vt 0.410728 0.974841
vt 0.347588 0.981654
vt 0.722815 0.430317
vt 0.735709 0.390072
vt 0.743398 0.430317
vt 0.731000 0.390071
vt 0.306413 0.981654
vt 0.306368 0.918480
vt 0.767948 0.581487
vt 0.782721 0.566482
vt 0.782721 0.581487
vt 0.767948 0.566482
vt 0.816660 0.361971
vt 0.815571 0.374874
vt 0.823631 0.369057
vt 0.808600 0.367788
vt 0.740684 0.439235
vt 0.724851 0.439234
vt 0.306321 0.883804
vt 0.597593 0.562147
vt 0.609739 0.600064
vt 0.597593 0.600064
vt 0.609739 0.562147
vt 0.597593 0.600064
vt 0.597593 0.562147
vt 0.758950 0.375941
vt 0.730766 0.364967
vt 0.724566 0.375941
vt 0.758951 0.364967
vt 0.787134 0.364967
vt 0.793334 0.375941
vt 0.581602 0.281730
vt 0.632367 0.281730
vt 0.606984 0.299268
vt 0.274342 0.918514
vt 0.274342 0.981654
vt 0.495692 0.981654
vt 0.495692 0.918514
vt 0.511313 0.829586
vt 0.564580 0.865973
vt 0.511313 0.861120
vt 0.564580 0.810867
vt 0.518882 0.829586
vt 0.518882 0.861120
vt 0.579744 0.865973
vt 0.579744 0.810867
vt 0.498307 0.307943
vt 0.463482 0.334285
vt 0.463482 0.307943
vt 0.498307 0.334285
vt 0.480798 0.334285
vt 0.480798 0.307943
vt 0.518772 0.334285
vt 0.518772 0.307943
vt 0.760239 0.390459
vt 0.809947 0.445230
vt 0.809947 0.390228
vt 0.760239 0.445461
vt 0.526579 0.272914
vt 0.521277 0.294278
vt 0.526547 0.294278
vt 0.520397 0.272914
vt 0.493504 0.272914
vt 0.470612 0.294278
vt 0.493909 0.294278
vt 0.471150 0.272914
vt 0.499207 0.294278
vt 0.499541 0.272914
vt 0.862558 0.451607
vt 0.853509 0.390438
vt 0.856667 0.457125
vt 0.858168 0.390438
vt 0.873014 0.390438
vt 0.890017 0.446613
vt 0.838438 0.390438
vt 0.823349 0.450901
vt 0.828793 0.457125
vt 0.833797 0.390438
vt 0.856667 0.457125
vt 0.624133 0.533222
vt 0.597177 0.547258
vt 0.624133 0.547258
vt 0.597209 0.536922
vt 0.578800 0.547258
vt 0.552254 0.533219
vt 0.552292 0.547258
vt 0.578800 0.536922
vt 0.979212 0.704998
vt 0.940793 0.732813
vt 0.940793 0.704998
vt 0.979212 0.732813
vt 0.658185 0.618259
vt 0.714256 0.582863
vt 0.714256 0.618259
vt 0.658185 0.582863
vt 0.972012 0.439833
vt 0.955196 0.474905
vt 0.951944 0.461260
vt 0.984397 0.443729
vt 0.964956 0.410225
vt 0.974130 0.400648
vt 0.937831 0.402044
vt 0.934415 0.387708
vt 0.917762 0.423470
vt 0.905459 0.419918
vt 0.924819 0.453079
vt 0.915727 0.463001
vt 0.739900 0.618259
vt 0.739900 0.582863
vt 0.632432 0.618259
vt 0.632432 0.582863
vt 0.937908 0.601771
vt 0.979169 0.617425
vt 0.937493 0.617425
vt 0.979169 0.601771
vt 0.819231 0.617425
vt 0.860572 0.601771
vt 0.860987 0.617425
vt 0.819231 0.601771
vt 0.658185 0.564148
vt 0.714256 0.564148
vt 0.874702 0.776396
vt 0.874702 0.751545
vt 0.874702 0.727037
vt 0.387272 0.713486
vt 0.394411 0.713486
vt 0.387272 0.628818
vt 0.394411 0.628818
vt 0.962058 0.339383
vt 0.962058 0.371544
vt 0.945452 0.339383
vt 0.944740 0.371544
vt 0.928469 0.339383
vt 0.928453 0.371544
vt 0.911478 0.339383
vt 0.912173 0.371544
vt 0.894855 0.339383
vt 0.895566 0.371544
vt 0.878567 0.339383
vt 0.878584 0.371544
vt 0.861593 0.339383
vt 0.861593 0.371544
vt 0.413387 0.610821
vt 0.354732 0.611052
vt 0.324413 0.623057
vt 0.324619 0.643941
vt 0.372114 0.664526
vt 0.549991 0.793953
vt 0.543572 0.811136
vt 0.511313 0.793179
vt 0.518882 0.793179
vt 0.737379 0.694350
vt 0.737379 0.648826
vt 0.721910 0.694350
vt 0.721910 0.648826
vt 0.524885 0.353423
vt 0.505881 0.363844
vt 0.514588 0.351726
vt 0.317227 0.845186
vt 0.291602 0.845178
vt 0.322298 0.780747
vt 0.286541 0.780727
vt 0.319184 0.734861
vt 0.289646 0.734863
vt 0.459431 0.708297
vt 0.483095 0.708297
vt 0.450875 0.675616
vt 0.483027 0.681374
vt 0.471640 0.646249
vt 0.795909 0.594545
vt 0.779752 0.670993
vt 0.795909 0.670993
vt 0.786623 0.705144
vt 0.508723 0.450527
vt 0.489753 0.356205
vt 0.472934 0.355226
vt 0.445928 0.350663
vt 0.414619 0.450651
vt 0.414619 0.499134
vt 0.414619 0.348035
vt 0.445776 0.281164
vt 0.414619 0.278260
vt 0.360959 0.860519
vt 0.382236 0.839197
vt 0.339557 0.839142
vt 0.970962 0.834882
vt 0.961463 0.849299
vt 0.970962 0.816280
vt 0.951965 0.813484
vt 0.924755 0.752610
vt 0.949499 0.752610
vt 0.916867 0.783384
vt 0.916867 0.813361
vt 0.916378 0.849299
vt 0.698472 0.277752
vt 0.698898 0.275804
vt 0.781771 0.335584
vt 0.783700 0.334899
vt 0.785275 0.352588
vt 0.587826 0.670368
vt 0.604163 0.650341
vt 0.591964 0.650341
vt 0.608848 0.631008
vt 0.595930 0.621464
vt 0.557582 0.631008
vt 0.574429 0.650341
vt 0.574711 0.621464
vt 0.562405 0.650341
vt 0.578327 0.670409
vt 0.475767 0.826361
vt 0.440174 0.826531
vt 0.897910 0.789032
vt 0.907102 0.753090
vt 0.897910 0.817434
vt 0.897910 0.834882
vt 0.599261 0.332626
vt 0.601906 0.333795
vt 0.601364 0.352588
vt 0.683990 0.275420
vt 0.685783 0.277454
vt 0.863135 0.321925
vt 0.832588 0.274683
vt 0.832588 0.321925
vt 0.861710 0.274683
vt 0.891566 0.321925
vt 0.891611 0.274683
vt 0.920015 0.321925
vt 0.921485 0.274683
vt 0.949137 0.321925
vt 0.950561 0.274683
vt 0.979037 0.321925
vt 0.979037 0.274683
vt 0.789417 0.478607
vt 0.817038 0.528529
vt 0.817038 0.478607
vt 0.788473 0.528529
vt 0.762256 0.478607
vt 0.760820 0.528529
vt 0.737846 0.478607
vt 0.736498 0.528529
vt 0.716291 0.478607
vt 0.715343 0.528529
vt 0.683230 0.528529
vt 0.683230 0.478607
vt 0.522265 0.767902
vt 0.536166 0.746952
vt 0.511081 0.767902
vt 0.861789 0.697558
vt 0.861031 0.672919
vt 0.906041 0.693061
vt 0.937536 0.659573
vt 0.861031 0.654850
vt 0.937536 0.632959
vt 0.284501 0.403639
vt 0.279115 0.396836
vt 0.288321 0.396960
vt 0.279115 0.403628
vt 0.750972 0.287124
vt 0.766899 0.291276
vt 0.756398 0.293409
vt 0.774870 0.276046
vt 0.788083 0.281062
vt 0.780576 0.304122
vt 0.800910 0.305384
vt 0.799572 0.316177
vt 0.816879 0.326991
vt 0.820942 0.322986
vt 0.416788 0.690779
vt 0.442091 0.696992
vt 0.418112 0.674310
vt 0.445336 0.636093
vt 0.418112 0.612510
vt 0.418112 0.532339
vt 0.447668 0.532339
vt 0.766011 0.670993
vt 0.787831 0.670993
vt 0.739055 0.940115
vt 0.739055 0.884363
vt 0.709227 0.884363
vt 0.730089 0.627408
vt 0.780575 0.304122
vt 0.774871 0.276046
vt 0.750972 0.287124
vt 0.282519 0.446552
vt 0.279115 0.446480
vt 0.535440 0.451661
vt 0.579008 0.451300
vt 0.542597 0.506815
vt 0.579008 0.508889
vt 0.579008 0.365773
vt 0.579008 0.298791
vt 0.502406 0.709635
vt 0.533107 0.673179
vt 0.498231 0.636093
vt 0.539886 0.612510
vt 0.739055 0.981542
vt 0.699482 0.981542
vt 0.689744 0.901029
vt 0.689735 0.884363
vt 0.308773 0.273320
vt 0.294770 0.287941
vt 0.279115 0.275913
vt 0.279115 0.288323
vt 0.399840 0.869524
vt 0.420123 0.869524
vt 0.711434 0.335247
vt 0.710404 0.316703
vt 0.675206 0.335247
vt 0.676235 0.316703
vt 0.601905 0.333795
vt 0.819275 0.664142
vt 0.819275 0.672919
vt 0.819275 0.697558
vt 0.979212 0.646604
vt 0.979212 0.659573
vt 0.747198 0.556686
vt 0.842577 0.528529
vt 0.747198 0.455382
vt 0.842577 0.478607
vt 0.629037 0.520871
vt 0.660606 0.497813
vt 0.608079 0.496752
vt 0.660606 0.521862
vt 0.642823 0.536601
vt 0.660606 0.536601
vt 0.660606 0.553290
vt 0.832962 0.981934
vt 0.828005 0.940675
vt 0.874924 0.981934
vt 0.874923 0.913241
vt 0.874922 0.848175
vt 0.843973 0.795634
vt 0.874924 0.795634
vt 0.626366 0.463047
vt 0.660606 0.455121
vt 0.660606 0.428657
vt 0.626598 0.430945
vt 0.660606 0.406534
vt 0.608831 0.403024
vt 0.594645 0.368275
vt 0.660606 0.368275
vt 0.761198 0.780396
vt 0.797320 0.913685
vt 0.797320 0.981077
vt 0.761198 0.981077
vt 0.530986 0.933022
vt 0.530986 0.941500
vt 0.530986 0.950560
vt 0.648170 0.964668
vt 0.528959 0.982118
vt 0.648169 0.982118
vt 0.648169 0.972687
vt 0.528959 0.964668
vt 0.528959 0.972687
vt 0.605611 0.888013
vt 0.600173 0.900844
vt 0.587493 0.888013
vt 0.600173 0.907445
vt 0.584954 0.900844
vt 0.582710 0.907445
vt 0.547397 0.888013
vt 0.550036 0.907445
vt 0.548890 0.900844
vt 0.517015 0.900844
vt 0.514883 0.888013
vt 0.517015 0.907445
vt 0.822589 0.562590
vt 0.836391 0.581250
vt 0.836391 0.562590
vt 0.806955 0.562590
vt 0.822589 0.581250
vt 0.806955 0.581250
s 0
f 9/25/7 10/26/7 11/27/7
f 12/28/8 13/29/8 14/30/8
f 15/30/9 16/29/9 17/28/9
f 18/26/10 19/25/10 20/27/10
f 21/28/11 22/30/11 23/29/11
f 24/29/12 25/30/12 26/28/12
f 27/31/13 28/32/13 29/33/13
f 30/32/14 31/31/14 32/33/14
f 33/34/15 34/35/15 35/36/15
f 36/34/16 37/36/16 38/35/16
f 39/34/17 40/37/17 41/36/17
f 42/34/18 43/36/18 44/37/18
f 45/35/19 46/34/19 47/36/19
f 48/36/20 49/34/20 50/35/20
f 51/37/21 52/34/21 53/36/21
f 54/36/22 55/34/22 56/37/22
f 57/38/23 58/39/23 59/40/23
f 60/39/24 61/40/24 62/38/24
f 63/38/25 64/40/25 65/39/25
f 66/38/26 67/39/26 68/40/26
f 69/40/27 70/39/27 71/38/27
f 72/40/28 73/39/28 74/38/28
f 75/40/29 76/39/29 77/38/29
f 78/38/30 79/39/30 80/40/30
f 81/39/31 82/38/31 83/40/31
f 84/38/32 85/39/32 86/40/32
f 87/40/33 88/39/33 89/38/33
f 90/38/34 91/39/34 92/40/34
f 93/41/35 94/42/35 95/43/35
f 96/44/36 97/45/36 98/46/36
f 99/47/37 100/48/37 101/49/37
f 102/50/38 103/51/38 104/52/38
f 105/53/39 106/54/39 107/55/39
f 108/38/40 109/39/40 110/40/40
f 111/39/41 112/40/41 113/38/41
f 114/38/42 115/40/42 116/39/42
f 117/40/43 118/39/43 119/38/43
f 120/39/44 121/40/44 122/38/44
f 123/40/45 124/38/45 125/39/45
f 126/40/46 127/39/46 128/38/46
f 129/40/47 130/39/47 131/38/47
f 132/42/48 133/41/48 134/43/48
f 135/46/49 136/45/49 137/44/49
f 138/49/50 139/48/50 140/47/50
f 141/51/51 142/50/51 143/52/51
f 144/56/52 145/57/52 146/58/52
f 147/59/53 148/60/53 149/61/53
f 150/57/54 151/56/54 152/58/54
f 153/61/55 154/60/55 155/59/55
f 156/62/56 157/63/56 158/64/56
f 159/65/57 160/66/57 161/67/57
f 162/68/58 163/69/58 164/70/58
f 165/71/59 166/72/59 167/73/59
f 168/74/60 169/75/60 170/76/60
f 171/77/61 172/78/61 173/79/61
f 174/72/62 175/71/62 176/73/62
f 177/78/63 178/77/63 179/79/63
f 180/80/64 181/81/64 182/82/64
f 183/80/65 184/83/65 185/84/65
f 186/80/66 187/83/66 188/82/66
f 189/80/66 190/82/66 191/81/66
f 192/80/66 193/81/66 194/84/66
f 195/80/66 196/84/66 197/83/66
f 198/80/65 199/84/65 200/81/65
f 198/80/64 201/82/64 202/83/64
f 203/85/67 204/86/67 205/87/67
f 204/86/68 206/88/68 207/87/68
f 208/89/69 206/88/69 204/86/69
f 209/86/70 210/85/70 207/87/70
f 206/88/71 209/86/71 211/87/71
f 209/86/72 206/88/72 212/89/72
f 213/90/73 206/88/73 208/89/73
f 212/89/74 206/88/74 213/90/74
f 214/91/75 213/90/75 208/89/75
f 208/89/76 215/92/76 214/91/76
f 213/90/77 216/91/77 212/89/77
f 214/91/78 215/92/78 217/93/78
f 216/91/79 218/92/79 212/89/79
f 219/94/80 213/90/80 214/91/80
f 219/94/81 216/91/81 213/90/81
f 220/95/82 217/93/82 215/92/82
f 221/93/83 218/92/83 216/91/83
f 222/96/84 217/93/84 220/95/84
f 223/95/85 218/92/85 221/93/85
f 224/97/86 217/93/86 222/96/86
f 225/96/87 223/95/87 221/93/87
f 225/96/88 221/93/88 224/97/88
f 226/98/89 217/93/89 224/97/89
f 224/97/90 221/93/90 226/98/90
f 227/99/91 225/96/91 224/97/91
f 222/96/92 228/99/92 224/97/92
f 229/100/93 227/99/93 224/97/93
f 228/99/94 229/100/94 224/97/94
f 230/101/95 227/99/95 229/100/95
f 231/101/96 229/100/96 228/99/96
f 230/101/97 229/100/97 232/102/97
f 233/103/98 230/101/98 232/102/98
f 229/100/99 234/104/99 232/102/99
f 235/102/100 229/100/100 231/101/100
f 234/104/101 229/100/101 235/102/101
f 236/103/102 235/102/102 231/101/102
f 237/105/103 238/106/103 239/107/103
f 240/106/104 237/105/104 239/107/104
f 241/108/105 242/109/105 243/110/105
f 244/111/106 242/109/106 241/108/106
f 245/112/107 246/113/107 247/114/107
f 248/115/108 246/113/108 245/112/108
f 249/112/109 250/113/109 248/115/109
f 251/116/110 250/113/110 249/112/110
f 252/113/111 253/117/111 254/118/111
f 255/116/112 253/117/112 252/113/112
f 256/119/113 257/120/113 258/118/113
f 259/121/114 257/120/114 256/119/114
f 260/121/115 261/113/115 262/122/115
f 263/114/116 261/113/116 260/121/116
f 264/123/117 265/124/117 266/125/117
f 267/126/118 265/124/118 264/123/118
f 268/127/119 269/128/119 270/129/119
f 271/130/120 269/128/120 268/127/120
f 272/125/121 273/131/121 274/123/121
f 275/132/122 273/131/122 272/125/122
f 276/131/123 277/133/123 278/134/123
f 279/132/124 277/133/124 276/131/124
f 280/135/125 281/136/125 282/137/125
f 283/138/126 281/136/126 280/135/126
f 284/139/127 285/140/127 286/141/127
f 287/142/128 285/140/128 284/139/128
f 288/136/129 289/143/129 290/144/129
f 291/138/130 289/143/130 288/136/130
f 292/137/131 293/140/131 294/135/131
f 295/141/131 293/140/131 292/137/131
f 296/145/132 297/146/132 298/147/132
f 299/148/132 297/146/132 296/145/132
f 300/149/133 301/150/133 302/151/133
f 303/152/133 301/150/133 300/149/133
f 304/153/134 305/147/134 306/154/134
f 307/149/134 305/147/134 304/153/134
f 308/145/135 309/155/135 310/156/135
f 311/151/136 309/155/136 308/145/136
f 312/151/137 313/147/137 314/145/137
f 315/149/137 313/147/137 312/151/137
f 316/131/138 317/157/138 318/123/138
f 319/134/139 317/157/139 316/131/139
f 320/133/140 321/125/140 322/158/140
f 323/132/141 321/125/141 320/133/141
f 324/112/142 325/113/142 326/116/142
f 327/115/143 325/113/143 324/112/143
f 328/112/144 329/113/144 327/115/144
f 330/114/145 329/113/145 328/112/145
f 331/109/146 332/108/146 333/110/146
f 334/111/147 332/108/147 331/109/147
f 335/121/148 336/113/148 337/119/148
f 338/116/149 336/113/149 335/121/149
f 339/118/150 340/121/150 341/117/150
f 342/122/151 340/121/151 339/118/151
f 343/113/152 344/120/152 345/118/152
f 346/114/153 344/120/153 343/113/153
f 347/123/154 348/124/154 349/126/154
f 350/125/155 348/124/155 347/123/155
f 351/159/156 352/134/156 353/157/156
f 354/160/157 352/134/157 351/159/157
f 355/131/158 356/125/158 357/123/158
f 358/132/159 356/125/159 355/131/159
f 359/133/160 360/131/160 361/134/160
f 362/132/161 360/131/161 359/133/161
f 363/157/162 364/131/162 365/123/162
f 366/134/163 364/131/163 363/157/163
f 367/30/164 368/161/164 369/162/164
f 370/29/165 368/161/165 367/30/165
f 371/125/166 372/133/166 373/158/166
f 374/132/167 372/133/167 371/125/167
f 375/163/168 376/164/168 377/165/168
f 376/164/169 375/163/169 378/165/169
f 379/166/170 380/167/170 381/168/170
f 379/166/171 381/168/171 382/169/171
f 383/170/172 384/171/172 385/172/172
f 386/173/173 384/171/173 383/170/173
f 387/174/174 388/175/174 389/176/174
f 390/177/175 388/175/175 387/174/175
f 391/171/176 392/177/176 393/172/176
f 394/175/177 392/177/177 391/171/177
f 395/176/178 396/171/178 397/173/178
f 398/175/179 396/171/179 395/176/179
f 399/178/180 400/179/180 401/180/180
f 402/181/181 400/179/181 399/178/181
f 403/180/182 404/47/182 405/44/182
f 406/179/183 404/47/183 403/180/183
f 407/47/184 408/46/184 409/44/184
f 410/48/185 408/46/185 407/47/185
f 411/182/186 412/183/186 413/184/186
f 414/183/187 411/182/187 413/184/187
f 415/43/188 416/185/188 417/42/188
f 418/186/189 416/185/189 415/43/189
f 419/161/190 420/30/190 421/162/190
f 419/161/191 422/29/191 420/30/191
f 423/187/192 424/188/192 425/189/192
f 426/190/193 424/188/193 423/187/193
f 427/191/194 428/188/194 429/192/194
f 430/189/195 428/188/195 427/191/195
f 431/191/196 432/193/196 433/194/196
f 434/192/197 432/193/197 431/191/197
f 435/195/198 436/196/198 437/197/198
f 438/198/199 436/196/199 435/195/199
f 439/32/200 440/196/200 441/33/200
f 442/197/201 440/196/201 439/32/201
f 443/199/202 444/200/202 445/201/202
f 446/202/203 444/200/203 443/199/203
f 447/31/204 448/203/204 449/204/204
f 450/33/205 448/203/205 447/31/205
f 451/198/206 452/189/206 453/196/206
f 454/187/207 452/189/207 451/198/207
f 455/196/208 456/191/208 457/33/208
f 458/189/209 456/191/209 455/196/209
f 459/203/210 460/191/210 461/194/210
f 462/33/211 460/191/211 459/203/211
f 463/205/212 464/206/212 465/207/212
f 466/208/213 464/206/213 463/205/213
f 467/209/214 468/210/214 469/211/214
f 470/210/215 467/209/215 469/211/215
f 471/212/216 472/213/216 473/214/216
f 474/215/217 472/213/217 471/212/217
f 475/213/218 476/216/218 477/217/218
f 478/215/219 476/216/219 475/213/219
f 479/218/220 480/219/220 481/220/220
f 482/221/220 480/219/220 479/218/220
f 483/215/221 484/222/221 485/213/221
f 486/223/222 484/222/222 483/215/222
f 487/213/223 488/224/223 489/225/223
f 490/226/224 488/224/224 487/213/224
f 491/213/225 492/223/225 493/215/225
f 494/222/226 492/223/226 491/213/226
f 495/227/227 496/228/227 497/229/227
f 498/230/227 496/228/227 495/227/227
f 499/221/228 500/231/228 501/219/228
f 502/232/229 500/231/229 499/221/229
f 503/213/230 504/233/230 505/214/230
f 506/225/231 504/233/231 503/213/231
f 507/234/232 508/235/232 509/236/232
f 510/237/233 508/235/233 507/234/233
f 511/234/234 512/235/234 513/237/234
f 514/236/235 512/235/235 511/234/235
f 515/232/236 516/226/236 517/231/236
f 518/224/237 516/226/237 515/232/237
f 519/238/238 520/214/238 521/233/238
f 522/239/239 520/214/239 519/238/239
f 523/240/227 524/241/227 525/242/227
f 526/243/227 524/241/227 523/240/227
f 527/244/240 528/245/240 529/246/240
f 530/247/241 528/245/241 527/244/241
f 531/234/242 532/248/242 533/249/242
f 534/236/243 532/248/243 531/234/243
f 535/250/216 536/214/216 537/239/216
f 538/212/244 536/214/244 535/250/244
f 539/250/245 540/217/245 541/216/245
f 542/239/246 540/217/246 539/250/246
f 543/248/247 544/234/247 545/249/247
f 546/236/248 544/234/248 543/248/248
f 547/251/249 548/252/249 549/253/249
f 550/254/249 548/252/249 547/251/249
f 551/254/250 552/255/250 553/252/250
f 554/256/250 552/255/250 551/254/250
f 555/256/251 556/252/251 557/255/251
f 558/254/251 556/252/251 555/256/251
f 559/254/252 560/255/252 561/252/252
f 562/256/252 560/255/252 559/254/252
f 563/257/253 564/258/253 565/259/253
f 566/260/253 564/258/253 563/257/253
f 567/261/254 568/257/254 569/262/254
f 570/260/254 568/257/254 567/261/254
f 571/258/255 572/257/255 573/259/255
f 574/260/255 572/257/255 571/258/255
f 575/257/256 576/261/256 577/262/256
f 578/260/256 576/261/256 575/257/256
f 579/263/257 580/264/257 581/265/257
f 580/264/257 579/263/257 582/265/257
f 583/136/258 584/135/258 585/137/258
f 586/138/259 584/135/259 583/136/259
f 587/140/260 588/139/260 589/141/260
f 590/142/261 588/139/261 587/140/261
f 591/143/262 592/136/262 593/144/262
f 594/138/263 592/136/263 591/143/263
f 595/140/264 596/137/264 597/135/264
f 598/141/265 596/137/265 595/140/265
f 599/146/266 600/145/266 601/147/266
f 602/148/266 600/145/266 599/146/266
f 603/150/267 604/149/267 605/151/267
f 606/152/267 604/149/267 603/150/267
f 607/147/268 608/153/268 609/154/268
f 610/149/269 608/153/269 607/147/269
f 611/145/270 612/155/270 613/151/270
f 614/156/271 612/155/271 611/145/271
f 615/147/272 616/151/272 617/145/272
f 618/149/272 616/151/272 615/147/272
f 619/188/273 620/187/273 621/189/273
f 622/190/274 620/187/274 619/188/274
f 623/191/275 624/188/275 625/189/275
f 626/192/276 624/188/276 623/191/276
f 627/193/277 628/191/277 629/194/277
f 630/192/278 628/191/278 627/193/278
f 631/196/279 632/195/279 633/197/279
f 634/198/280 632/195/280 631/196/280
f 635/32/281 636/196/281 637/197/281
f 638/33/282 636/196/282 635/32/282
f 639/203/283 640/31/283 641/204/283
f 642/33/284 640/31/284 639/203/284
f 643/198/285 644/189/285 645/187/285
f 646/196/286 644/189/286 643/198/286
f 647/196/287 648/191/287 649/189/287
f 650/33/288 648/191/288 647/196/288
f 651/203/289 652/191/289 653/33/289
f 654/194/290 652/191/290 651/203/290
f 655/238/291 656/266/291 657/239/291
f 658/267/291 656/266/291 655/238/291
f 659/268/220 660/220/220 661/269/220
f 662/218/220 660/220/220 659/268/220
f 663/270/292 664/271/292 665/272/292
f 666/273/293 664/271/293 663/270/293
f 667/274/294 668/271/294 669/273/294
f 670/275/295 668/271/295 667/274/295
f 671/273/296 672/276/296 673/271/296
f 674/277/296 672/276/296 671/273/296
f 675/168/297 676/166/297 677/169/297
f 678/167/298 676/166/298 675/168/298
f 679/171/299 680/173/299 681/170/299
f 679/171/300 681/170/300 682/172/300
f 683/175/301 684/174/301 685/176/301
f 683/175/302 686/177/302 684/174/302
f 687/228/303 688/227/303 689/229/303
f 690/230/303 688/227/303 687/228/303
f 691/171/304 692/177/304 693/175/304
f 694/172/305 692/177/305 691/171/305
f 695/171/306 696/176/306 697/173/306
f 698/175/307 696/176/307 695/171/307
f 699/235/235 700/234/235 701/236/235
f 702/237/308 700/234/308 699/235/308
f 703/234/232 704/235/232 705/236/232
f 706/237/232 704/235/232 703/234/232
f 707/180/309 708/47/309 709/179/309
f 710/44/310 708/47/310 707/180/310
f 711/47/311 712/46/311 713/48/311
f 714/44/312 712/46/312 711/47/312
f 715/241/227 716/240/227 717/242/227
f 718/243/227 716/240/227 715/241/227
f 719/244/240 720/245/240 721/247/240
f 722/246/241 720/245/241 719/244/241
f 723/248/313 724/234/313 725/249/313
f 726/236/314 724/234/314 723/248/314
f 727/179/315 728/178/315 729/180/315
f 730/181/316 728/178/316 727/179/316
f 731/199/317 732/200/317 733/202/317
f 734/201/318 732/200/318 731/199/318
f 735/248/243 736/234/243 737/236/243
f 738/249/319 736/234/319 735/248/319
f 739/252/249 740/251/249 741/253/249
f 742/254/249 740/251/249 739/252/249
f 743/255/320 744/254/320 745/252/320
f 746/256/321 744/254/321 743/255/321
f 747/252/322 748/256/322 749/255/322
f 750/254/323 748/256/323 747/252/323
f 751/255/252 752/254/252 753/252/252
f 754/256/252 752/254/252 751/255/252
f 755/278/324 756/279/324 757/280/324
f 758/281/324 756/279/324 755/278/324
f 759/282/325 760/280/325 761/279/325
f 762/283/325 760/280/325 759/282/325
f 763/283/257 764/284/257 765/285/257
f 766/282/257 764/284/257 763/283/257
f 767/281/227 768/285/227 769/284/227
f 770/278/227 768/285/227 767/281/227
f 771/286/326 772/287/326 773/288/326
f 774/289/326 772/287/326 771/286/326
f 775/289/64 776/288/64 777/287/64
f 778/286/64 776/288/64 775/289/64
f 779/290/327 780/291/327 781/292/327
f 782/293/328 780/291/328 779/290/328
f 783/294/329 784/295/329 785/296/329
f 786/297/329 784/295/329 783/294/329
f 787/298/330 788/294/330 789/296/330
f 790/299/331 788/294/331 787/298/331
f 791/293/332 792/298/332 793/291/332
f 794/299/332 792/298/332 791/293/332
f 795/290/333 796/291/333 797/292/333
f 798/293/334 796/291/334 795/290/334
f 799/294/335 800/295/335 801/296/335
f 802/297/335 800/295/335 799/294/335
f 803/298/336 804/294/336 805/296/336
f 806/299/337 804/294/337 803/298/337
f 807/293/338 808/298/338 809/291/338
f 810/299/338 808/298/338 807/293/338
f 811/300/339 812/301/339 813/302/339
f 814/303/340 812/301/340 811/300/340
f 815/304/341 816/300/341 817/305/341
f 818/303/342 816/300/342 815/304/342
f 819/306/343 820/307/343 821/308/343
f 822/309/344 820/307/344 819/306/344
f 823/301/345 824/308/345 825/302/345
f 826/306/345 824/308/345 823/301/345
f 827/301/346 828/300/346 829/310/346
f 830/303/347 828/300/347 827/301/347
f 831/306/348 832/310/348 833/308/348
f 834/301/348 832/310/348 831/306/348
f 835/306/349 836/307/349 837/309/349
f 838/308/350 836/307/350 835/306/350
f 839/303/351 840/305/351 841/300/351
f 842/304/351 840/305/351 839/303/351
f 843/311/352 844/312/352 845/313/352
f 846/314/353 844/312/353 843/311/353
f 847/315/354 848/316/354 849/317/354
f 850/318/355 848/316/355 847/315/355
f 851/318/356 852/312/356 853/314/356
f 854/315/356 852/312/356 851/318/356
f 855/185/357 856/43/357 857/42/357
f 858/186/358 856/43/358 855/185/358
f 859/206/359 860/205/359 861/207/359
f 862/208/360 860/205/360 859/206/360
f 863/319/361 864/320/361 865/321/361
f 866/322/362 864/320/362 863/319/362
f 867/320/363 868/319/363 869/321/363
f 870/322/364 868/319/364 867/320/364
f 871/323/365 872/324/365 873/325/365
f 874/326/366 872/324/366 871/323/366
f 875/327/326 876/328/326 877/329/326
f 878/330/326 876/328/326 875/327/326
f 879/331/326 880/330/326 881/327/326
f 882/332/326 880/330/326 879/331/326
f 883/333/66 884/332/66 885/331/66
f 886/334/326 884/332/326 883/333/326
f 887/335/326 888/334/326 889/333/326
f 890/336/326 888/334/326 887/335/326
f 891/337/326 892/336/326 893/335/326
f 894/338/326 892/336/326 891/337/326
f 895/329/326 896/338/326 897/337/326
f 898/328/326 896/338/326 895/329/326
f 899/329/64 900/330/64 901/327/64
f 902/328/64 900/330/64 899/329/64
f 903/337/64 904/328/64 905/329/64
f 906/338/64 904/328/64 903/337/64
f 907/335/64 908/338/64 909/337/64
f 910/336/64 908/338/64 907/335/64
f 911/333/65 912/336/65 913/335/65
f 914/334/64 912/336/64 911/333/64
f 915/331/64 916/334/64 917/333/64
f 918/332/64 916/334/64 915/331/64
f 919/327/65 920/332/65 921/331/65
f 922/330/64 920/332/64 919/327/64
f 923/339/367 924/324/367 925/340/367
f 926/325/368 924/324/368 923/339/368
f 927/341/369 928/326/369 929/323/369
f 930/342/370 928/326/370 927/341/370
f 931/343/371 932/344/371 933/345/371
f 934/346/372 932/344/372 931/343/372
f 935/347/373 936/348/373 937/349/373
f 938/350/374 936/348/374 935/347/374
f 939/348/375 940/345/375 941/349/375
f 942/343/376 940/345/376 939/348/376
f 943/351/377 944/324/377 945/326/377
f 946/352/378 944/324/378 943/351/378
f 947/324/379 948/323/379 949/325/379
f 950/326/380 948/323/380 947/324/380
f 951/339/381 952/324/381 953/325/381
f 954/340/382 952/324/382 951/339/382
f 955/326/383 956/341/383 957/323/383
f 958/342/384 956/341/384 955/326/384
f 959/344/385 960/343/385 961/345/385
f 962/346/386 960/343/386 959/344/386
f 963/348/387 964/347/387 965/349/387
f 966/350/388 964/347/388 963/348/388
f 967/345/389 968/348/389 969/349/389
f 970/343/390 968/348/390 967/345/390
f 971/324/391 972/351/391 973/326/391
f 974/352/392 972/351/392 971/324/392
f 975/353/393 976/36/393 977/37/393
f 978/354/394 976/36/394 975/353/394
f 979/353/395 980/36/395 981/354/395
f 982/37/396 980/36/396 979/353/396
f 983/355/397 984/36/397 985/35/397
f 986/354/398 984/36/398 983/355/398
f 987/355/399 988/36/399 989/354/399
f 990/35/400 988/36/400 987/355/400
f 991/353/401 992/36/401 993/354/401
f 994/37/402 992/36/402 991/353/402
f 995/36/403 996/353/403 997/354/403
f 998/37/404 996/353/404 995/36/404
f 999/355/405 1000/36/405 1001/354/405
f 1002/35/406 1000/36/406 999/355/406
f 1003/36/407 1004/355/407 1005/354/407
f 1006/35/408 1004/355/408 1003/36/408
f 1007/356/409 1008/357/409 1009/358/409
f 1009/358/409 1008/357/409 1010/359/409
f 1011/357/410 1012/356/410 1010/359/410
f 1010/359/410 1012/356/410 1013/358/410
f 1014/356/411 1015/358/411 1016/357/411
f 1016/357/411 1015/358/411 1017/359/411
f 1018/356/412 1017/359/412 1019/358/412
f 1020/357/413 1017/359/413 1018/356/413
f 1021/360/257 1022/361/257 1023/362/257
f 1023/362/257 1022/361/257 1024/363/257
f 1023/362/414 1024/363/414 1025/364/414
f 1025/364/414 1024/363/414 1026/365/414
f 1025/364/415 1026/365/415 1027/366/415
f 1027/366/416 1026/365/416 1028/367/416
f 1027/366/324 1028/367/324 1029/368/324
f 1029/368/324 1028/367/324 1030/369/324
f 1029/368/417 1030/369/417 1031/370/417
f 1031/370/417 1030/369/417 1032/371/417
f 1031/370/418 1032/371/418 1033/372/418
f 1033/372/418 1032/371/418 1034/373/418
f 1035/374/419 1036/95/419 1037/375/419
f 1037/375/420 1036/95/420 1038/96/420
f 1037/375/421 1038/96/421 1039/376/421
f 1039/376/422 1038/96/422 1040/99/422
f 1040/99/423 1041/101/423 1039/376/423
f 1039/376/424 1041/101/424 1042/377/424
f 1043/103/425 1042/377/425 1041/101/425
f 1044/378/426 1042/377/426 1043/103/426
f 1045/54/427 1046/277/427 1047/55/427
f 1047/55/427 1046/277/427 1048/273/427
f 1048/273/428 1049/379/428 1047/55/428
f 1048/273/429 1050/380/429 1049/379/429
f 1048/273/430 1051/270/430 1050/380/430
f 1050/380/431 1051/270/431 1052/381/431
f 1053/55/432 1054/379/432 1055/273/432
f 1054/379/433 1056/380/433 1055/273/433
f 1057/274/434 1055/273/434 1056/380/434
f 1056/380/435 1058/382/435 1057/274/435
f 1059/383/436 1060/384/436 1061/385/436
f 1061/385/436 1060/384/436 1062/386/436
f 1061/385/437 1062/386/437 1063/383/437
f 1063/383/438 1062/386/438 1064/384/438
f 1065/385/439 1066/386/439 1067/383/439
f 1067/383/439 1066/386/439 1068/384/439
f 1067/383/440 1068/384/440 1069/385/440
f 1069/385/441 1068/384/441 1070/386/441
f 1071/357/442 1072/359/442 1073/356/442
f 1073/356/410 1072/359/410 1074/358/410
f 1073/356/409 1074/358/409 1075/357/409
f 1075/357/409 1074/358/409 1076/359/409
f 1077/27/443 1078/25/443 1079/387/443
f 1079/387/444 1078/25/444 1080/388/444
f 1079/387/445 1080/388/445 1081/389/445
f 1082/390/446 1083/391/446 1084/392/446
f 1084/392/446 1083/391/446 1085/393/446
f 1084/392/446 1085/393/446 1086/394/446
f 1086/394/446 1085/393/446 1087/395/446
f 1088/396/447 1089/397/447 1090/398/447
f 1090/398/448 1089/397/448 1091/399/448
f 1090/398/449 1091/399/449 1092/400/449
f 1093/67/450 1094/401/450 1095/402/450
f 1095/402/451 1094/401/451 1096/403/451
f 1095/402/452 1096/403/452 1097/404/452
f 1097/404/452 1096/403/452 1098/69/452
f 1099/405/453 1100/388/453 1101/162/453
f 1101/162/454 1100/388/454 1102/406/454
f 1101/162/455 1102/406/455 1103/30/455
f 1103/30/456 1102/406/456 1104/407/456
f 1103/30/457 1104/407/457 1105/408/457
f 1103/30/458 1105/408/458 1106/409/458
f 1106/409/459 1107/28/459 1103/30/459
f 1108/410/460 1107/28/460 1106/409/460
f 1106/409/461 1109/28/461 1108/410/461
f 1106/409/462 1105/408/462 1110/411/462
f 1111/30/463 1109/28/463 1106/409/463
f 1112/412/464 1110/411/464 1105/408/464
f 1111/30/465 1106/409/465 1113/408/465
f 1113/408/466 1106/409/466 1110/411/466
f 1114/413/467 1110/411/467 1112/412/467
f 1111/30/468 1113/408/468 1115/407/468
f 1116/412/469 1110/411/469 1114/413/469
f 1113/408/470 1110/411/470 1116/412/470
f 1117/406/471 1111/30/471 1115/407/471
f 1118/162/472 1111/30/472 1117/406/472
f 1117/406/473 1119/388/473 1118/162/473
f 1118/162/474 1119/388/474 1120/405/474
f 1121/414/475 1122/415/475 1123/416/475
f 1124/117/476 1123/416/476 1122/415/476
f 1125/120/477 1123/416/477 1124/117/477
f 1126/417/478 1127/418/478 1128/419/478
f 1128/419/479 1127/418/479 1129/420/479
f 1128/419/480 1129/420/480 1130/76/480
f 1130/76/481 1129/420/481 1131/74/481
f 1132/421/482 1133/422/482 1134/423/482
f 1134/423/483 1133/422/483 1135/74/483
f 1134/423/484 1135/74/484 1136/424/484
f 1136/424/485 1135/74/485 1137/420/485
f 1136/424/486 1137/420/486 1138/425/486
f 1137/420/487 1139/418/487 1138/425/487
f 1140/426/488 1141/427/488 1142/428/488
f 1142/428/489 1141/427/489 1143/429/489
f 1142/428/490 1143/429/490 1144/430/490
f 1145/75/491 1146/74/491 1147/76/491
f 1146/74/492 1148/420/492 1147/76/492
f 1147/76/493 1148/420/493 1149/419/493
f 1148/420/494 1150/417/494 1149/419/494
f 1151/418/495 1150/417/495 1148/420/495
f 1152/431/496 1153/432/496 1154/433/496
f 1153/432/497 1155/434/497 1154/433/497
f 1154/433/498 1155/434/498 1156/435/498
f 1157/378/499 1158/103/499 1159/377/499
f 1159/377/500 1158/103/500 1160/101/500
f 1159/377/501 1160/101/501 1161/376/501
f 1161/376/502 1160/101/502 1162/99/502
f 1163/96/503 1161/376/503 1162/99/503
f 1164/375/504 1161/376/504 1163/96/504
f 1165/95/505 1164/375/505 1163/96/505
f 1166/374/506 1164/375/506 1165/95/506
f 1167/436/507 1168/437/507 1169/438/507
f 1170/439/508 1168/437/508 1167/436/508
f 1171/440/509 1168/437/509 1170/439/509
f 1172/423/510 1173/422/510 1174/421/510
f 1175/74/511 1173/422/511 1172/423/511
f 1176/424/512 1175/74/512 1172/423/512
f 1177/420/513 1175/74/513 1176/424/513
f 1177/420/514 1176/424/514 1178/425/514
f 1179/418/515 1177/420/515 1178/425/515
f 1180/122/516 1181/441/516 1182/109/516
f 1180/122/517 1182/109/517 1183/119/517
f 1183/119/518 1182/109/518 1184/442/518
f 1185/416/519 1186/415/519 1187/414/519
f 1186/415/520 1185/416/520 1188/117/520
f 1188/117/521 1185/416/521 1189/120/521
f 1190/437/522 1191/440/522 1192/439/522
f 1193/436/523 1190/437/523 1192/439/523
f 1194/438/524 1190/437/524 1193/436/524
f 1195/432/525 1196/431/525 1197/433/525
f 1195/432/526 1197/433/526 1198/434/526
f 1198/434/527 1197/433/527 1199/435/527
f 1200/443/528 1201/444/528 1202/423/528
f 1203/424/529 1200/443/529 1202/423/529
f 1204/445/530 1200/443/530 1203/424/530
f 1205/425/531 1204/445/531 1203/424/531
f 1206/446/532 1204/445/532 1205/425/532
f 1207/447/533 1208/448/533 1209/449/533
f 1207/447/534 1210/450/534 1208/448/534
f 1208/448/535 1210/450/535 1211/451/535
f 1212/109/536 1213/441/536 1214/122/536
f 1212/109/537 1214/122/537 1215/119/537
f 1212/109/538 1215/119/538 1216/442/538
f 1217/452/257 1218/453/257 1219/454/257
f 1220/455/257 1218/453/257 1217/452/257
f 1221/456/414 1220/455/414 1217/452/414
f 1222/457/414 1220/455/414 1221/456/414
f 1223/458/539 1222/457/539 1221/456/539
f 1224/459/539 1222/457/539 1223/458/539
f 1225/460/324 1224/459/324 1223/458/324
f 1226/461/324 1224/459/324 1225/460/324
f 1227/462/417 1226/461/417 1225/460/417
f 1228/463/417 1226/461/417 1227/462/417
f 1229/387/540 1230/25/540 1231/27/540
f 1232/388/541 1230/25/541 1229/387/541
f 1232/388/542 1229/387/542 1233/389/542
f 1234/464/257 1235/465/257 1236/466/257
f 1237/467/257 1235/465/257 1234/464/257
f 1238/468/543 1237/467/543 1234/464/543
f 1239/469/543 1237/467/543 1238/468/543
f 1240/470/544 1239/469/544 1238/468/544
f 1241/471/544 1239/469/544 1240/470/544
f 1242/472/324 1241/471/324 1240/470/324
f 1243/473/324 1241/471/324 1242/472/324
f 1242/472/545 1244/474/545 1243/473/545
f 1245/475/546 1244/474/546 1242/472/546
f 1246/393/446 1247/394/446 1248/395/446
f 1249/392/446 1247/394/446 1246/393/446
f 1250/391/446 1249/392/446 1246/393/446
f 1251/390/446 1249/392/446 1250/391/446
f 1252/386/436 1253/383/436 1254/384/436
f 1255/385/436 1253/383/436 1252/386/436
f 1256/384/437 1255/385/437 1252/386/437
f 1257/383/438 1255/385/438 1256/384/438
f 1258/358/411 1259/357/411 1260/359/411
f 1261/356/411 1259/357/411 1258/358/411
f 1262/359/413 1261/356/413 1258/358/413
f 1263/357/413 1261/356/413 1262/359/413
f 1264/379/547 1265/382/547 1266/380/547
f 1267/476/548 1265/382/548 1264/379/548
f 1264/379/549 1268/55/549 1267/476/549
f 1269/477/550 1267/476/550 1268/55/550
f 1269/477/551 1270/55/551 1271/478/551
f 1270/55/552 1272/379/552 1271/478/552
f 1272/379/553 1273/381/553 1271/478/553
f 1272/379/554 1274/380/554 1273/381/554
f 1275/384/439 1276/385/439 1277/386/439
f 1278/383/439 1276/385/439 1275/384/439
f 1279/386/440 1278/383/440 1275/384/440
f 1280/385/441 1278/383/441 1279/386/441
f 1281/399/555 1282/398/555 1283/400/555
f 1284/397/556 1282/398/556 1281/399/556
f 1285/396/557 1282/398/557 1284/397/557
f 1286/479/558 1287/480/558 1288/481/558
f 1288/481/559 1287/480/559 1289/482/559
f 1287/480/560 1290/483/560 1289/482/560
f 1289/482/561 1290/483/561 1291/484/561
f 1291/484/561 1290/483/561 1292/345/561
f 1292/345/562 1290/483/562 1293/349/562
f 1294/444/563 1295/443/563 1296/423/563
f 1295/443/564 1297/424/564 1296/423/564
f 1298/445/565 1297/424/565 1295/443/565
f 1298/445/566 1299/446/566 1297/424/566
f 1297/424/567 1299/446/567 1300/425/567
f 1301/485/568 1302/486/568 1303/487/568
f 1304/488/569 1302/486/569 1301/485/569
f 1304/488/570 1305/485/570 1302/486/570
f 1302/486/571 1305/485/571 1306/487/571
f 1307/489/572 1308/490/572 1309/491/572
f 1310/492/573 1308/490/573 1307/489/573
f 1311/493/574 1308/490/574 1310/492/574
f 1312/494/575 1308/490/575 1311/493/575
f 1311/493/576 1313/495/576 1312/494/576
f 1312/494/577 1313/495/577 1314/496/577
f 1313/495/578 1315/497/578 1314/496/578
f 1316/498/579 1315/497/579 1313/495/579
f 1317/499/580 1318/398/580 1319/500/580
f 1320/501/581 1318/398/581 1317/499/581
f 1318/398/582 1320/501/582 1321/502/582
f 1318/398/583 1321/502/583 1322/400/583
f 1321/502/584 1320/501/584 1323/503/584
f 1322/400/585 1321/502/585 1324/167/585
f 1323/503/586 1325/504/586 1321/502/586
f 1324/167/587 1321/502/587 1326/505/587
f 1321/502/588 1325/504/588 1326/505/588
f 1327/438/589 1328/435/589 1329/433/589
f 1327/438/590 1329/433/590 1330/437/590
f 1329/433/591 1331/440/591 1330/437/591
f 1332/431/592 1331/440/592 1329/433/592
f 1333/236/593 1334/237/593 1335/234/593
f 1336/235/593 1334/237/593 1333/236/593
f 1337/235/594 1338/236/594 1334/237/594
f 1334/237/594 1338/236/594 1339/234/594
f 1340/66/595 1341/506/595 1342/65/595
f 1343/507/596 1341/506/596 1340/66/596
f 1343/507/597 1344/70/597 1341/506/597
f 1341/506/598 1344/70/598 1345/68/598
f 1346/57/599 1347/58/599 1348/56/599
f 1349/508/600 1346/57/600 1348/56/600
f 1349/508/601 1348/56/601 1350/509/601
f 1348/56/602 1351/510/602 1350/509/602
f 1351/510/603 1352/56/603 1350/509/603
f 1352/56/604 1353/508/604 1350/509/604
f 1354/57/605 1353/508/605 1352/56/605
f 1355/58/606 1354/57/606 1352/56/606
f 1356/236/607 1357/249/607 1358/248/607
f 1359/234/608 1357/249/608 1356/236/608
f 1360/234/609 1361/236/609 1357/249/609
f 1357/249/610 1361/236/610 1362/248/610
f 1363/236/594 1364/237/594 1365/235/594
f 1366/234/594 1364/237/594 1363/236/594
f 1367/236/593 1364/237/593 1368/234/593
f 1369/235/593 1364/237/593 1367/236/593
f 1370/386/611 1371/511/611 1372/384/611
f 1373/384/612 1371/511/612 1370/386/612
f 1374/384/613 1371/511/613 1375/386/613
f 1376/386/614 1371/511/614 1374/384/614
f 1377/466/257 1378/467/257 1379/465/257
f 1380/464/257 1378/467/257 1377/466/257
f 1381/468/615 1378/467/615 1380/464/615
f 1382/469/615 1378/467/615 1381/468/615
f 1383/470/616 1382/469/616 1381/468/616
f 1384/471/616 1382/469/616 1383/470/616
f 1383/470/324 1385/473/324 1384/471/324
f 1386/472/324 1385/473/324 1383/470/324
f 1387/475/617 1385/473/617 1386/472/617
f 1388/474/618 1385/473/618 1387/475/618
f 1389/210/619 1390/106/619 1391/211/619
f 1391/211/620 1390/106/620 1392/107/620
f 1393/106/621 1391/211/621 1392/107/621
f 1394/210/622 1391/211/622 1393/106/622
f 1395/495/623 1396/497/623 1397/498/623
f 1398/496/624 1396/497/624 1395/495/624
f 1398/496/625 1395/495/625 1399/512/625
f 1399/512/626 1395/495/626 1400/493/626
f 1400/493/627 1401/490/627 1399/512/627
f 1402/513/628 1401/490/628 1400/493/628
f 1402/513/629 1403/514/629 1401/490/629
f 1401/490/630 1403/514/630 1404/491/630
f 1405/511/631 1406/386/631 1407/384/631
f 1405/511/614 1407/384/614 1408/386/614
f 1405/511/611 1409/384/611 1410/386/611
f 1405/511/612 1410/386/612 1411/384/612
f 1412/183/632 1413/184/632 1414/515/632
f 1414/515/633 1413/184/633 1415/516/633
f 1413/184/634 1416/515/634 1415/516/634
f 1417/183/635 1416/515/635 1413/184/635
f 1418/485/636 1419/515/636 1420/488/636
f 1420/488/637 1419/515/637 1421/516/637
f 1422/515/638 1420/488/638 1421/516/638
f 1423/485/639 1420/488/639 1422/515/639
f 1424/405/640 1425/388/640 1426/517/640
f 1426/517/641 1425/388/641 1427/25/641
f 1427/25/642 1428/518/642 1426/517/642
f 1428/518/643 1429/519/643 1426/517/643
f 1430/520/644 1429/519/644 1428/518/644
f 1430/520/645 1428/518/645 1431/519/645
f 1431/519/646 1428/518/646 1432/517/646
f 1433/521/647 1428/518/647 1427/25/647
f 1428/518/648 1434/25/648 1432/517/648
f 1433/521/647 1434/25/647 1428/518/647
f 1435/26/649 1433/521/649 1427/25/649
f 1434/25/650 1436/388/650 1432/517/650
f 1437/522/651 1433/521/651 1435/26/651
f 1432/517/652 1436/388/652 1438/405/652
f 1439/26/653 1433/521/653 1437/522/653
f 1434/25/649 1433/521/649 1439/26/649
f 1440/399/654 1441/523/654 1442/50/654
f 1442/50/655 1443/524/655 1440/399/655
f 1440/399/656 1443/524/656 1444/525/656
f 1445/400/657 1440/399/657 1444/525/657
f 1444/525/658 1443/524/658 1446/526/658
f 1444/525/659 1447/167/659 1445/400/659
f 1448/169/660 1444/525/660 1446/526/660
f 1449/168/661 1447/167/661 1444/525/661
f 1449/168/662 1444/525/662 1448/169/662
f 1450/398/663 1451/499/663 1452/500/663
f 1450/398/664 1453/501/664 1451/499/664
f 1454/502/665 1453/501/665 1450/398/665
f 1455/503/666 1453/501/666 1454/502/666
f 1454/502/667 1450/398/667 1456/400/667
f 1454/502/668 1457/504/668 1455/503/668
f 1456/400/669 1458/167/669 1454/502/669
f 1459/505/670 1457/504/670 1454/502/670
f 1454/502/671 1458/167/671 1459/505/671
f 1460/58/672 1461/57/672 1462/57/672
f 1461/57/673 1463/508/673 1462/57/673
f 1463/508/674 1461/57/674 1464/527/674
f 1464/527/675 1461/57/675 1465/528/675
f 1465/528/676 1466/57/676 1464/527/676
f 1464/527/677 1466/57/677 1467/508/677
f 1467/508/678 1466/57/678 1468/57/678
f 1466/57/679 1469/58/679 1468/57/679
f 1470/510/680 1471/529/680 1472/56/680
f 1473/530/681 1471/529/681 1470/510/681
f 1470/510/682 1474/529/682 1473/530/682
f 1475/56/683 1474/529/683 1470/510/683
f 1476/65/684 1477/506/684 1478/66/684
f 1478/66/685 1477/506/685 1479/402/685
f 1477/506/686 1480/404/686 1479/402/686
f 1481/68/687 1480/404/687 1477/506/687
f 1482/531/688 1483/532/688 1484/533/688
f 1484/533/689 1483/532/689 1485/534/689
f 1485/534/689 1486/532/689 1484/533/689
f 1484/533/690 1486/532/690 1487/531/690
f 1488/480/691 1489/345/691 1490/349/691
f 1491/482/692 1489/345/692 1488/480/692
f 1488/480/693 1492/481/693 1491/482/693
f 1493/479/694 1492/481/694 1488/480/694
f 1494/535/695 1495/114/695 1496/112/695
f 1497/536/696 1494/535/696 1496/112/696
f 1498/112/697 1494/535/697 1497/536/697
f 1499/116/698 1494/535/698 1498/112/698
f 1500/523/699 1501/399/699 1502/50/699
f 1503/524/700 1502/50/700 1501/399/700
f 1503/524/701 1501/399/701 1504/525/701
f 1503/524/702 1504/525/702 1505/526/702
f 1501/399/703 1506/400/703 1504/525/703
f 1504/525/704 1507/169/704 1505/526/704
f 1506/400/705 1508/167/705 1504/525/705
f 1509/168/706 1507/169/706 1504/525/706
f 1504/525/707 1508/167/707 1509/168/707
f 1510/532/708 1511/487/708 1512/534/708
f 1512/534/708 1511/487/708 1513/486/708
f 1514/487/709 1512/534/709 1513/486/709
f 1515/532/708 1512/534/708 1514/487/708
f 1516/234/609 1517/236/609 1518/249/609
f 1518/249/710 1517/236/710 1519/248/710
f 1520/248/607 1521/236/607 1518/249/607
f 1518/249/711 1521/236/711 1522/234/711
f 1523/116/712 1524/112/712 1525/535/712
f 1524/112/713 1526/536/713 1525/535/713
f 1526/536/714 1527/112/714 1525/535/714
f 1525/535/715 1527/112/715 1528/114/715
f 1529/435/716 1530/438/716 1531/433/716
f 1531/433/717 1530/438/717 1532/437/717
f 1533/440/718 1531/433/718 1532/437/718
f 1534/431/719 1531/433/719 1533/440/719
f 1535/430/720 1536/537/720 1537/428/720
f 1537/428/721 1536/537/721 1538/538/721
f 1537/428/722 1538/538/722 1539/426/722
f 1540/539/723 1538/538/723 1536/537/723
f 1541/540/723 1538/538/723 1540/539/723
f 1540/539/724 1542/448/724 1541/540/724
f 1543/449/725 1542/448/725 1540/539/725
f 1542/448/726 1544/451/726 1541/540/726
f 1545/430/727 1546/428/727 1547/537/727
f 1547/537/728 1546/428/728 1548/538/728
f 1549/426/729 1548/538/729 1546/428/729
f 1547/537/730 1548/538/730 1550/539/730
f 1550/539/730 1548/538/730 1551/540/730
f 1551/540/731 1552/541/731 1550/539/731
f 1552/541/732 1551/540/732 1553/451/732
f 1550/539/733 1552/541/733 1554/449/733
f 1555/349/734 1556/483/734 1557/347/734
f 1557/347/735 1556/483/735 1558/542/735
f 1557/347/736 1558/542/736 1559/349/736
f 1560/480/737 1558/542/737 1556/483/737
f 1559/349/738 1558/542/738 1561/480/738
f 1562/543/739 1558/542/739 1560/480/739
f 1558/542/740 1562/543/740 1561/480/740
f 1563/479/741 1562/543/741 1560/480/741
f 1561/480/742 1562/543/742 1564/479/742
f 1565/544/743 1562/543/743 1563/479/743
f 1564/479/744 1562/543/744 1565/544/744
f 1566/344/745 1567/484/745 1568/345/745
f 1569/545/746 1567/484/746 1566/344/746
f 1570/345/747 1569/545/747 1566/344/747
f 1569/545/748 1571/482/748 1567/484/748
f 1572/482/749 1569/545/749 1570/345/749
f 1573/546/750 1571/482/750 1569/545/750
f 1573/546/751 1569/545/751 1572/482/751
f 1571/482/752 1573/546/752 1574/321/752
f 1572/482/753 1575/321/753 1573/546/753
f 1574/321/754 1573/546/754 1576/319/754
f 1573/546/755 1575/321/755 1576/319/755
f 1577/547/756 1578/473/756 1579/474/756
f 1577/547/757 1580/471/757 1578/473/757
f 1577/547/758 1581/469/758 1580/471/758
f 1577/547/759 1582/467/759 1581/469/759
f 1577/547/760 1583/465/760 1582/467/760
f 1577/547/761 1584/548/761 1583/465/761
f 1585/547/762 1586/548/762 1587/465/762
f 1585/547/763 1587/465/763 1588/467/763
f 1585/547/764 1588/467/764 1589/469/764
f 1585/547/765 1589/469/765 1590/471/765
f 1585/547/766 1590/471/766 1591/473/766
f 1585/547/767 1591/473/767 1592/474/767
f 1593/549/768 1594/475/768 1595/472/768
f 1593/549/766 1595/472/766 1596/470/766
f 1593/549/769 1596/470/769 1597/468/769
f 1593/549/770 1597/468/770 1598/464/770
f 1593/549/763 1598/464/763 1599/466/763
f 1593/549/771 1599/466/771 1600/550/771
f 1601/549/772 1602/466/772 1603/550/772
f 1601/549/760 1604/464/760 1602/466/760
f 1601/549/773 1605/468/773 1604/464/773
f 1601/549/774 1606/470/774 1605/468/774
f 1601/549/757 1607/472/757 1606/470/757
f 1601/549/775 1608/475/775 1607/472/775
f 1609/551/776 1610/552/776 1611/553/776
f 1612/554/777 1610/552/777 1609/551/777
f 1613/555/778 1612/554/778 1609/551/778
f 1614/551/779 1610/552/779 1612/554/779
f 1615/553/780 1610/552/780 1614/551/780
f 1614/551/781 1612/554/781 1616/555/781
f 1617/556/782 1612/554/782 1613/555/782
f 1616/555/783 1612/554/783 1617/556/783
f 1613/555/784 1618/557/784 1617/556/784
f 1618/557/785 1616/555/785 1617/556/785
f 1619/558/786 1620/559/786 1621/560/786
f 1621/560/787 1620/559/787 1622/561/787
f 1623/61/788 1622/561/788 1620/559/788
f 1624/559/789 1621/560/789 1622/561/789
f 1625/558/790 1621/560/790 1624/559/790
f 1622/561/791 1626/61/791 1624/559/791
f 1627/562/792 1622/561/792 1623/61/792
f 1627/562/793 1626/61/793 1622/561/793
f 1628/563/794 1627/562/794 1623/61/794
f 1626/61/795 1627/562/795 1629/563/795
f 1630/564/796 1627/562/796 1628/563/796
f 1629/563/797 1627/562/797 1630/564/797
f 1631/553/798 1632/552/798 1633/565/798
f 1633/565/799 1632/552/799 1634/566/799
f 1634/566/800 1632/552/800 1635/565/800
f 1635/565/801 1632/552/801 1636/553/801
f 1637/567/802 1633/565/802 1634/566/802
f 1634/566/803 1635/565/803 1637/567/803
f 1638/568/804 1633/565/804 1637/567/804
f 1637/567/805 1635/565/805 1639/568/805
f 1640/569/806 1638/568/806 1637/567/806
f 1637/567/807 1639/568/807 1640/569/807
f 1641/570/808 1638/568/808 1640/569/808
f 1640/569/809 1639/568/809 1642/570/809
f 1643/571/810 1641/570/810 1640/569/810
f 1642/570/811 1644/571/811 1640/569/811
f 1643/571/812 1640/569/812 1645/572/812
f 1640/569/813 1644/571/813 1645/572/813
f 1646/59/814 1647/165/814 1648/573/814
f 1649/165/815 1646/59/815 1648/573/815
f 1650/61/816 1647/165/816 1646/59/816
f 1651/61/817 1646/59/817 1649/165/817
f 1652/60/53 1650/61/53 1646/59/53
f 1652/60/55 1646/59/55 1651/61/55
f 1653/574/818 1650/61/818 1652/60/818
f 1651/61/819 1654/574/819 1652/60/819
f 1652/60/820 1655/575/820 1653/574/820
f 1656/575/821 1652/60/821 1654/574/821
f 1657/576/822 1655/575/822 1652/60/822
f 1657/576/823 1652/60/823 1656/575/823
f 1658/577/824 1659/64/824 1660/578/824
f 1658/577/825 1661/579/825 1659/64/825
f 1660/578/826 1659/64/826 1662/63/826
f 1660/578/827 1662/63/827 1661/579/827
f 1659/64/828 1661/579/828 1663/62/828
f 1661/579/829 1662/63/829 1663/62/829
f 1664/580/830 1665/581/830 1666/582/830
f 1665/581/831 1667/583/831 1666/582/831
f 1668/584/832 1665/581/832 1664/580/832
f 1667/583/833 1668/584/833 1664/580/833
f 1669/585/834 1667/583/834 1665/581/834
f 1669/585/835 1668/584/835 1667/583/835
f 1670/586/836 1671/587/836 1672/588/836
f 1670/586/837 1672/588/837 1673/589/837
f 1671/587/838 1673/589/838 1674/590/838
f 1672/588/839 1671/587/839 1674/590/839
f 1673/589/840 1672/588/840 1675/591/840
f 1674/590/841 1673/589/841 1675/591/841
f 1672/588/842 1676/592/842 1675/591/842
f 1672/588/843 1674/590/843 1676/592/843
f 1675/591/844 1677/593/844 1674/590/844
f 1675/591/845 1676/592/845 1677/593/845
f 1676/592/846 1674/590/846 1678/594/846
f 1674/590/847 1677/593/847 1678/594/847
f 1678/594/848 1679/595/848 1676/592/848
f 1678/594/849 1677/593/849 1679/595/849
f 1676/592/850 1679/595/850 1680/596/850
f 1676/592/851 1680/596/851 1677/593/851
f 1679/595/852 1677/593/852 1681/597/852
f 1677/593/853 1680/596/853 1681/597/853
f 1682/588/854 1683/587/854 1684/586/854
f 1684/586/855 1685/589/855 1682/588/855
f 1686/590/856 1685/589/856 1683/587/856
f 1686/590/857 1683/587/857 1682/588/857
f 1682/588/858 1685/589/858 1687/591/858
f 1687/591/859 1685/589/859 1686/590/859
f 1682/588/860 1687/591/860 1688/592/860
f 1688/592/861 1686/590/861 1682/588/861
f 1687/591/862 1686/590/862 1689/593/862
f 1688/592/863 1687/591/863 1689/593/863
f 1690/594/864 1686/590/864 1688/592/864
f 1689/593/865 1686/590/865 1690/594/865
f 1690/594/866 1688/592/866 1691/595/866
f 1691/595/867 1689/593/867 1690/594/867
f 1691/595/868 1688/592/868 1692/596/868
f 1688/592/869 1689/593/869 1692/596/869
f 1693/597/870 1689/593/870 1691/595/870
f 1692/596/871 1689/593/871 1693/597/871
f 1694/353/872 1695/37/872 1696/354/872
f 1697/354/873 1695/37/873 1694/353/873
f 1696/354/874 1695/37/874 1698/36/874
f 1699/36/875 1695/37/875 1697/354/875
f 1698/36/876 1700/35/876 1696/354/876
f 1697/354/877 1700/35/877 1699/36/877
f 1695/37/878 1701/34/878 1698/36/878
f 1699/36/879 1701/34/879 1695/37/879
f 1698/36/880 1701/34/880 1700/35/880
f 1700/35/881 1701/34/881 1699/36/881
f 1702/355/882 1700/35/882 1697/354/882
f 1696/354/883 1700/35/883 1702/355/883
f 1703/37/884 1704/354/884 1705/353/884
f 1706/354/885 1703/37/885 1705/353/885
f 1707/36/886 1704/354/886 1703/37/886
f 1708/36/887 1703/37/887 1706/354/887
f 1707/36/888 1709/35/888 1704/354/888
f 1708/36/889 1706/354/889 1709/35/889
f 1710/34/890 1707/36/890 1703/37/890
f 1710/34/891 1703/37/891 1708/36/891
f 1710/34/892 1709/35/892 1707/36/892
f 1710/34/893 1708/36/893 1709/35/893
f 1709/35/894 1706/354/894 1711/355/894
f 1704/354/895 1709/35/895 1711/355/895
f 1712/598/896 1713/599/896 1714/600/896
f 1715/601/897 1712/598/897 1714/600/897
f 1713/599/898 1715/601/898 1714/600/898
f 1716/602/899 1713/599/899 1712/598/899
f 1715/601/900 1716/602/900 1712/598/900
f 1717/603/901 1715/601/901 1713/599/901
f 1717/603/902 1716/602/902 1715/601/902
f 1717/603/903 1713/599/903 1716/602/903
f 1718/25/7 1719/26/7 1720/27/7
f 1721/28/8 1722/29/8 1723/30/8
f 1724/30/9 1725/29/9 1726/28/9
f 1727/26/10 1728/25/10 1729/27/10
f 1730/28/11 1731/30/11 1732/29/11
f 1733/29/12 1734/30/12 1735/28/12
f 1736/31/13 1737/32/13 1738/33/13
f 1739/32/904 1740/31/904 1741/33/904
f 1742/34/15 1743/35/15 1744/36/15
f 1745/34/16 1746/36/16 1747/35/16
f 1748/34/17 1749/37/17 1750/36/17
f 1751/34/18 1752/36/18 1753/37/18
f 1754/35/19 1755/34/19 1756/36/19
f 1757/36/20 1758/34/20 1759/35/20
f 1760/37/21 1761/34/21 1762/36/21
f 1763/36/22 1764/34/22 1765/37/22
f 1766/38/23 1767/39/23 1768/40/23
f 1769/39/24 1770/40/24 1771/38/24
f 1772/38/25 1773/40/25 1774/39/25
f 1775/38/26 1776/39/26 1777/40/26
f 1778/40/27 1779/39/27 1780/38/27
f 1781/40/28 1782/39/28 1783/38/28
f 1784/40/29 1785/39/29 1786/38/29
f 1787/38/30 1788/39/30 1789/40/30
f 1790/39/31 1791/38/31 1792/40/31
f 1793/38/32 1794/39/32 1795/40/32
f 1796/40/33 1797/39/33 1798/38/33
f 1799/38/34 1800/39/34 1801/40/34
f 1802/41/905 1803/42/905 1804/43/905
f 1805/44/36 1806/45/36 1807/46/36
f 1808/47/37 1809/48/37 1810/49/37
f 1811/50/38 1812/51/38 1813/52/38
f 1814/53/39 1815/54/39 1816/55/39
f 1817/38/40 1818/39/40 1819/40/40
f 1820/39/41 1821/40/41 1822/38/41
f 1823/38/42 1824/40/42 1825/39/42
f 1826/40/906 1827/39/906 1828/38/906
f 1829/39/44 1830/40/44 1831/38/44
f 1832/40/45 1833/38/45 1834/39/45
f 1835/40/46 1836/39/46 1837/38/46
f 1838/40/47 1839/39/47 1840/38/47
f 1841/42/48 1842/41/48 1843/43/48
f 1844/46/49 1845/45/49 1846/44/49
f 1847/49/50 1848/48/50 1849/47/50
f 1850/51/51 1851/50/51 1852/52/51
f 1853/56/52 1854/57/52 1855/58/52
f 1856/59/53 1857/60/53 1858/61/53
f 1859/57/54 1860/56/54 1861/58/54
f 1862/61/55 1863/60/55 1864/59/55
f 1865/62/56 1866/63/56 1867/64/56
f 1868/65/57 1869/66/57 1870/67/57
f 1871/68/58 1872/69/58 1873/70/58
f 1874/71/59 1875/72/59 1876/73/59
f 1877/74/60 1878/75/60 1879/76/60
f 1880/77/61 1881/78/61 1882/79/61
f 1883/72/62 1884/71/62 1885/73/62
f 1886/78/63 1887/77/63 1888/79/63
f 1889/80/64 1890/81/64 1891/82/64
f 1892/80/65 1893/83/65 1894/84/65
f 1895/80/66 1896/83/66 1897/82/66
f 1898/80/907 1899/82/907 1900/81/907
f 1901/80/66 1902/81/66 1903/84/66
f 1904/80/66 1905/84/66 1906/83/66
f 1907/80/65 1908/84/65 1909/81/65
f 1907/80/64 1910/82/64 1911/83/64
f 1912/85/67 1913/86/67 1914/87/67
f 1913/86/68 1915/88/68 1916/87/68
f 1917/89/69 1915/88/69 1913/86/69
f 1918/86/70 1919/85/70 1916/87/70
f 1915/88/71 1918/86/71 1920/87/71
f 1918/86/72 1915/88/72 1921/89/72
f 1922/90/73 1915/88/73 1917/89/73
f 1921/89/74 1915/88/74 1922/90/74
f 1923/91/75 1922/90/75 1917/89/75
f 1917/89/76 1924/92/76 1923/91/76
f 1922/90/77 1925/91/77 1921/89/77
f 1923/91/78 1924/92/78 1926/93/78
f 1925/91/79 1927/92/79 1921/89/79
f 1928/94/80 1922/90/80 1923/91/80
f 1928/94/81 1925/91/81 1922/90/81
f 1929/95/82 1926/93/82 1924/92/82
f 1930/93/83 1927/92/83 1925/91/83
f 1931/96/84 1926/93/84 1929/95/84
f 1932/95/85 1927/92/85 1930/93/85
f 1933/97/86 1926/93/86 1931/96/86
f 1934/96/87 1932/95/87 1930/93/87
f 1934/96/88 1930/93/88 1933/97/88
f 1935/98/89 1926/93/89 1933/97/89
f 1933/97/90 1930/93/90 1935/98/90
f 1936/99/91 1934/96/91 1933/97/91
f 1931/96/92 1937/99/92 1933/97/92
f 1938/100/93 1936/99/93 1933/97/93
f 1937/99/94 1938/100/94 1933/97/94
f 1939/101/95 1936/99/95 1938/100/95
f 1940/101/96 1938/100/96 1937/99/96
f 1939/101/97 1938/100/97 1941/102/97
f 1942/103/98 1939/101/98 1941/102/98
f 1938/100/99 1943/104/99 1941/102/99
f 1944/102/100 1938/100/100 1940/101/100
f 1943/104/101 1938/100/101 1944/102/101
f 1945/103/102 1944/102/102 1940/101/102
f 1946/105/103 1947/106/103 1948/107/103
f 1949/106/104 1946/105/104 1948/107/104
f 1950/108/105 1951/109/105 1952/110/105
f 1953/111/106 1951/109/106 1950/108/106
f 1954/112/107 1955/113/107 1956/114/107
f 1957/115/908 1955/113/908 1954/112/908
f 1958/112/109 1959/113/109 1957/115/109
f 1960/116/909 1959/113/909 1958/112/909
f 1961/113/111 1962/117/111 1963/118/111
f 1964/116/112 1962/117/112 1961/113/112
f 1965/119/113 1966/120/113 1967/118/113
f 1968/121/114 1966/120/114 1965/119/114
f 1969/121/115 1970/113/115 1971/122/115
f 1972/114/116 1970/113/116 1969/121/116
f 1973/123/117 1974/124/117 1975/125/117
f 1976/126/118 1974/124/118 1973/123/118
f 1977/127/119 1978/128/119 1979/129/119
f 1980/130/120 1978/128/120 1977/127/120
f 1981/125/121 1982/131/121 1983/123/121
f 1984/132/122 1982/131/122 1981/125/122
f 1985/131/123 1986/133/123 1987/134/123
f 1988/132/124 1986/133/124 1985/131/124
f 1989/135/125 1990/136/125 1991/137/125
f 1992/138/126 1990/136/126 1989/135/126
f 1993/139/127 1994/140/127 1995/141/127
f 1996/142/128 1994/140/128 1993/139/128
f 1997/136/910 1998/143/910 1999/144/910
f 2000/138/130 1998/143/130 1997/136/130
f 2001/137/911 2002/140/911 2003/135/911
f 2004/141/912 2002/140/912 2001/137/912
f 2005/145/132 2006/146/132 2007/147/132
f 2008/148/132 2006/146/132 2005/145/132
f 2009/149/133 2010/150/133 2011/151/133
f 2012/152/133 2010/150/133 2009/149/133
f 2013/153/134 2014/147/134 2015/154/134
f 2016/149/913 2014/147/913 2013/153/913
f 2017/145/135 2018/155/135 2019/156/135
f 2020/151/136 2018/155/136 2017/145/136
f 2021/151/137 2022/147/137 2023/145/137
f 2024/149/137 2022/147/137 2021/151/137
f 2025/131/138 2026/157/138 2027/123/138
f 2028/134/139 2026/157/139 2025/131/139
f 2029/133/140 2030/125/140 2031/158/140
f 2032/132/141 2030/125/141 2029/133/141
f 2033/112/142 2034/113/142 2035/116/142
f 2036/115/143 2034/113/143 2033/112/143
f 2037/112/914 2038/113/914 2036/115/914
f 2039/114/145 2038/113/145 2037/112/145
f 2040/109/146 2041/108/146 2042/110/146
f 2043/111/147 2041/108/147 2040/109/147
f 2044/121/148 2045/113/148 2046/119/148
f 2047/116/915 2045/113/915 2044/121/915
f 2048/118/150 2049/121/150 2050/117/150
f 2051/122/151 2049/121/151 2048/118/151
f 2052/113/152 2053/120/152 2054/118/152
f 2055/114/916 2053/120/916 2052/113/916
f 2056/123/154 2057/124/154 2058/126/154
f 2059/125/155 2057/124/155 2056/123/155
f 2060/159/156 2061/134/156 2062/157/156
f 2063/160/157 2061/134/157 2060/159/157
f 2064/131/158 2065/125/158 2066/123/158
f 2067/132/159 2065/125/159 2064/131/159
f 2068/133/160 2069/131/160 2070/134/160
f 2071/132/161 2069/131/161 2068/133/161
f 2072/157/162 2073/131/162 2074/123/162
f 2075/134/163 2073/131/163 2072/157/163
f 2076/30/917 2077/161/917 2078/162/917
f 2079/29/918 2077/161/918 2076/30/918
f 2080/125/919 2081/133/919 2082/158/919
f 2083/132/167 2081/133/167 2080/125/167
f 2084/163/168 2085/164/168 2086/165/168
f 2085/164/169 2084/163/169 2087/165/169
f 2088/166/170 2089/167/170 2090/168/170
f 2088/166/171 2090/168/171 2091/169/171
f 2092/170/172 2093/171/172 2094/172/172
f 2095/173/173 2093/171/173 2092/170/173
f 2096/174/174 2097/175/174 2098/176/174
f 2099/177/175 2097/175/175 2096/174/175
f 2100/171/176 2101/177/176 2102/172/176
f 2103/175/177 2101/177/177 2100/171/177
f 2104/176/178 2105/171/178 2106/173/178
f 2107/175/179 2105/171/179 2104/176/179
f 2108/178/180 2109/179/180 2110/180/180
f 2111/181/181 2109/179/181 2108/178/181
f 2112/180/182 2113/47/182 2114/44/182
f 2115/179/183 2113/47/183 2112/180/183
f 2116/47/184 2117/46/184 2118/44/184
f 2119/48/185 2117/46/185 2116/47/185
f 2120/182/186 2121/183/186 2122/184/186
f 2123/183/187 2120/182/187 2122/184/187
f 2124/43/188 2125/185/188 2126/42/188
f 2127/186/920 2125/185/920 2124/43/920
f 2128/161/190 2129/30/190 2130/162/190
f 2128/161/191 2131/29/191 2129/30/191
f 2132/187/192 2133/188/192 2134/189/192
f 2135/190/193 2133/188/193 2132/187/193
f 2136/191/194 2137/188/194 2138/192/194
f 2139/189/195 2137/188/195 2136/191/195
f 2140/191/196 2141/193/196 2142/194/196
f 2143/192/197 2141/193/197 2140/191/197
f 2144/195/198 2145/196/198 2146/197/198
f 2147/198/921 2145/196/921 2144/195/921
f 2148/32/922 2149/196/922 2150/33/922
f 2151/197/201 2149/196/201 2148/32/201
f 2152/199/202 2153/200/202 2154/201/202
f 2155/202/203 2153/200/203 2152/199/203
f 2156/31/204 2157/203/204 2158/204/204
f 2159/33/923 2157/203/923 2156/31/923
f 2160/198/206 2161/189/206 2162/196/206
f 2163/187/207 2161/189/207 2160/198/207
f 2164/196/208 2165/191/208 2166/33/208
f 2167/189/209 2165/191/209 2164/196/209
f 2168/203/210 2169/191/210 2170/194/210
f 2171/33/924 2169/191/924 2168/203/924
f 2172/205/212 2173/206/212 2174/207/212
f 2175/208/213 2173/206/213 2172/205/213
f 2176/209/214 2177/210/214 2178/211/214
f 2179/210/215 2176/209/215 2178/211/215
f 2180/212/216 2181/213/216 2182/214/216
f 2183/215/217 2181/213/217 2180/212/217
f 2184/213/218 2185/216/218 2186/217/218
f 2187/215/219 2185/216/219 2184/213/219
f 2188/218/220 2189/219/220 2190/220/220
f 2191/221/220 2189/219/220 2188/218/220
f 2192/215/221 2193/222/221 2194/213/221
f 2195/223/222 2193/222/222 2192/215/222
f 2196/213/223 2197/224/223 2198/225/223
f 2199/226/925 2197/224/925 2196/213/925
f 2200/213/225 2201/223/225 2202/215/225
f 2203/222/226 2201/223/226 2200/213/226
f 2204/227/303 2205/228/303 2206/229/303
f 2207/230/227 2205/228/227 2204/227/227
f 2208/221/228 2209/231/228 2210/219/228
f 2211/232/229 2209/231/229 2208/221/229
f 2212/213/230 2213/233/230 2214/214/230
f 2215/225/231 2213/233/231 2212/213/231
f 2216/234/232 2217/235/232 2218/236/232
f 2219/237/233 2217/235/233 2216/234/233
f 2220/234/234 2221/235/234 2222/237/234
f 2223/236/235 2221/235/235 2220/234/235
f 2224/232/236 2225/226/236 2226/231/236
f 2227/224/237 2225/226/237 2224/232/237
f 2228/238/238 2229/214/238 2230/233/238
f 2231/239/239 2229/214/239 2228/238/239
f 2232/240/227 2233/241/227 2234/242/227
f 2235/243/227 2233/241/227 2232/240/227
f 2236/244/240 2237/245/240 2238/246/240
f 2239/247/241 2237/245/241 2236/244/241
f 2240/234/242 2241/248/242 2242/249/242
f 2243/236/243 2241/248/243 2240/234/243
f 2244/250/216 2245/214/216 2246/239/216
f 2247/212/244 2245/214/244 2244/250/244
f 2248/250/245 2249/217/245 2250/216/245
f 2251/239/246 2249/217/246 2248/250/246
f 2252/248/247 2253/234/247 2254/249/247
f 2255/236/248 2253/234/248 2252/248/248
f 2256/251/249 2257/252/249 2258/253/249
f 2259/254/249 2257/252/249 2256/251/249
f 2260/254/250 2261/255/250 2262/252/250
f 2263/256/250 2261/255/250 2260/254/250
f 2264/256/251 2265/252/251 2266/255/251
f 2267/254/251 2265/252/251 2264/256/251
f 2268/254/252 2269/255/252 2270/252/252
f 2271/256/252 2269/255/252 2268/254/252
f 2272/257/253 2273/258/253 2274/259/253
f 2275/260/253 2273/258/253 2272/257/253
f 2276/261/254 2277/257/254 2278/262/254
f 2279/260/254 2277/257/254 2276/261/254
f 2280/258/255 2281/257/255 2282/259/255
f 2283/260/255 2281/257/255 2280/258/255
f 2284/257/256 2285/261/256 2286/262/256
f 2287/260/256 2285/261/256 2284/257/256
f 2288/263/257 2289/264/257 2290/265/257
f 2289/264/257 2288/263/257 2291/265/257
f 2292/136/258 2293/135/258 2294/137/258
f 2295/138/259 2293/135/259 2292/136/259
f 2296/140/260 2297/139/260 2298/141/260
f 2299/142/926 2297/139/926 2296/140/926
f 2300/143/927 2301/136/927 2302/144/927
f 2303/138/263 2301/136/263 2300/143/263
f 2304/140/928 2305/137/928 2306/135/928
f 2307/141/929 2305/137/929 2304/140/929
f 2308/146/266 2309/145/266 2310/147/266
f 2311/148/266 2309/145/266 2308/146/266
f 2312/150/267 2313/149/267 2314/151/267
f 2315/152/267 2313/149/267 2312/150/267
f 2316/147/930 2317/153/930 2318/154/930
f 2319/149/930 2317/153/930 2316/147/930
f 2320/145/270 2321/155/270 2322/151/270
f 2323/156/271 2321/155/271 2320/145/271
f 2324/147/272 2325/151/272 2326/145/272
f 2327/149/272 2325/151/272 2324/147/272
f 2328/188/273 2329/187/273 2330/189/273
f 2331/190/274 2329/187/274 2328/188/274
f 2332/191/931 2333/188/931 2334/189/931
f 2335/192/276 2333/188/276 2332/191/276
f 2336/193/932 2337/191/932 2338/194/932
f 2339/192/278 2337/191/278 2336/193/278
f 2340/196/933 2341/195/933 2342/197/933
f 2343/198/280 2341/195/280 2340/196/280
f 2344/32/281 2345/196/281 2346/197/281
f 2347/33/282 2345/196/282 2344/32/282
f 2348/203/934 2349/31/934 2350/204/934
f 2351/33/284 2349/31/284 2348/203/284
f 2352/198/285 2353/189/285 2354/187/285
f 2355/196/286 2353/189/286 2352/198/286
f 2356/196/935 2357/191/935 2358/189/935
f 2359/33/288 2357/191/288 2356/196/288
f 2360/203/289 2361/191/289 2362/33/289
f 2363/194/936 2361/191/936 2360/203/936
f 2364/238/291 2365/266/291 2366/239/291
f 2367/267/291 2365/266/291 2364/238/291
f 2368/268/220 2369/220/220 2370/269/220
f 2371/218/220 2369/220/220 2368/268/220
f 2372/270/292 2373/271/292 2374/272/292
f 2375/273/293 2373/271/293 2372/270/293
f 2376/274/294 2377/271/294 2378/273/294
f 2379/275/295 2377/271/295 2376/274/295
f 2380/273/296 2381/276/296 2382/271/296
f 2383/277/296 2381/276/296 2380/273/296
f 2384/168/297 2385/166/297 2386/169/297
f 2387/167/298 2385/166/298 2384/168/298
f 2388/171/299 2389/173/299 2390/170/299
f 2388/171/300 2390/170/300 2391/172/300
f 2392/175/301 2393/174/301 2394/176/301
f 2392/175/302 2395/177/302 2393/174/302
f 2396/228/303 2397/227/303 2398/229/303
f 2399/230/303 2397/227/303 2396/228/303
f 2400/171/304 2401/177/304 2402/175/304
f 2403/172/305 2401/177/305 2400/171/305
f 2404/171/306 2405/176/306 2406/173/306
f 2407/175/307 2405/176/307 2404/171/307
f 2408/235/235 2409/234/235 2410/236/235
f 2411/237/308 2409/234/308 2408/235/308
f 2412/234/232 2413/235/232 2414/236/232
f 2415/237/232 2413/235/232 2412/234/232
f 2416/180/309 2417/47/309 2418/179/309
f 2419/44/310 2417/47/310 2416/180/310
f 2420/47/311 2421/46/311 2422/48/311
f 2423/44/312 2421/46/312 2420/47/312
f 2424/241/227 2425/240/227 2426/242/227
f 2427/243/227 2425/240/227 2424/241/227
f 2428/244/241 2429/245/241 2430/247/241
f 2431/246/241 2429/245/241 2428/244/241
f 2432/248/313 2433/234/313 2434/249/313
f 2435/236/314 2433/234/314 2432/248/314
f 2436/179/315 2437/178/315 2438/180/315
f 2439/181/316 2437/178/316 2436/179/316
f 2440/199/317 2441/200/317 2442/202/317
f 2443/201/318 2441/200/318 2440/199/318
f 2444/248/243 2445/234/243 2446/236/243
f 2447/249/319 2445/234/319 2444/248/319
f 2448/252/249 2449/251/249 2450/253/249
f 2451/254/249 2449/251/249 2448/252/249
f 2452/255/320 2453/254/320 2454/252/320
f 2455/256/321 2453/254/321 2452/255/321
f 2456/252/322 2457/256/322 2458/255/322
f 2459/254/937 2457/256/937 2456/252/937
f 2460/255/252 2461/254/252 2462/252/252
f 2463/256/252 2461/254/252 2460/255/252
f 2464/278/324 2465/279/324 2466/280/324
f 2467/281/324 2465/279/324 2464/278/324
f 2468/282/325 2469/280/325 2470/279/325
f 2471/283/325 2469/280/325 2468/282/325
f 2472/283/257 2473/284/257 2474/285/257
f 2475/282/257 2473/284/257 2472/283/257
f 2476/281/227 2477/285/227 2478/284/227
f 2479/278/227 2477/285/227 2476/281/227
f 2480/286/326 2481/287/326 2482/288/326
f 2483/289/326 2481/287/326 2480/286/326
f 2484/289/64 2485/288/64 2486/287/64
f 2487/286/64 2485/288/64 2484/289/64
f 2488/290/327 2489/291/327 2490/292/327
f 2491/293/328 2489/291/328 2488/290/328
f 2492/294/329 2493/295/329 2494/296/329
f 2495/297/329 2493/295/329 2492/294/329
f 2496/298/330 2497/294/330 2498/296/330
f 2499/299/331 2497/294/331 2496/298/331
f 2500/293/332 2501/298/332 2502/291/332
f 2503/299/332 2501/298/332 2500/293/332
f 2504/290/333 2505/291/333 2506/292/333
f 2507/293/334 2505/291/334 2504/290/334
f 2508/294/335 2509/295/335 2510/296/335
f 2511/297/335 2509/295/335 2508/294/335
f 2512/298/336 2513/294/336 2514/296/336
f 2515/299/337 2513/294/337 2512/298/337
f 2516/293/338 2517/298/338 2518/291/338
f 2519/299/338 2517/298/338 2516/293/338
f 2520/300/339 2521/301/339 2522/302/339
f 2523/303/340 2521/301/340 2520/300/340
f 2524/304/341 2525/300/341 2526/305/341
f 2527/303/342 2525/300/342 2524/304/342
f 2528/306/938 2529/307/938 2530/308/938
f 2531/309/344 2529/307/344 2528/306/344
f 2532/301/345 2533/308/345 2534/302/345
f 2535/306/345 2533/308/345 2532/301/345
f 2536/301/346 2537/300/346 2538/310/346
f 2539/303/347 2537/300/347 2536/301/347
f 2540/306/348 2541/310/348 2542/308/348
f 2543/301/348 2541/310/348 2540/306/348
f 2544/306/349 2545/307/349 2546/309/349
f 2547/308/350 2545/307/350 2544/306/350
f 2548/303/351 2549/305/351 2550/300/351
f 2551/304/351 2549/305/351 2548/303/351
f 2552/311/352 2553/312/352 2554/313/352
f 2555/314/353 2553/312/353 2552/311/353
f 2556/315/354 2557/316/354 2558/317/354
f 2559/318/355 2557/316/355 2556/315/355
f 2560/318/356 2561/312/356 2562/314/356
f 2563/315/356 2561/312/356 2560/318/356
f 2564/185/357 2565/43/357 2566/42/357
f 2567/186/358 2565/43/358 2564/185/358
f 2568/206/359 2569/205/359 2570/207/359
f 2571/208/360 2569/205/360 2568/206/360
f 2572/319/361 2573/320/361 2574/321/361
f 2575/322/362 2573/320/362 2572/319/362
f 2576/320/363 2577/319/363 2578/321/363
f 2579/322/364 2577/319/364 2576/320/364
f 2580/323/365 2581/324/365 2582/325/365
f 2583/326/366 2581/324/366 2580/323/366
f 2584/327/326 2585/328/326 2586/329/326
f 2587/330/326 2585/328/326 2584/327/326
f 2588/331/326 2589/330/326 2590/327/326
f 2591/332/326 2589/330/326 2588/331/326
f 2592/333/66 2593/332/66 2594/331/66
f 2595/334/326 2593/332/326 2592/333/326
f 2596/335/326 2597/334/326 2598/333/326
f 2599/336/66 2597/334/66 2596/335/66
f 2600/337/326 2601/336/326 2602/335/326
f 2603/338/326 2601/336/326 2600/337/326
f 2604/329/326 2605/338/326 2606/337/326
f 2607/328/326 2605/338/326 2604/329/326
f 2608/329/65 2609/330/65 2610/327/65
f 2611/328/64 2609/330/64 2608/329/64
f 2612/337/64 2613/328/64 2614/329/64
f 2615/338/64 2613/328/64 2612/337/64
f 2616/335/64 2617/338/64 2618/337/64
f 2619/336/64 2617/338/64 2616/335/64
f 2620/333/64 2621/336/64 2622/335/64
f 2623/334/64 2621/336/64 2620/333/64
f 2624/331/64 2625/334/64 2626/333/64
f 2627/332/64 2625/334/64 2624/331/64
f 2628/327/65 2629/332/65 2630/331/65
f 2631/330/64 2629/332/64 2628/327/64
f 2632/339/367 2633/324/367 2634/340/367
f 2635/325/368 2633/324/368 2632/339/368
f 2636/341/369 2637/326/369 2638/323/369
f 2639/342/370 2637/326/370 2636/341/370
f 2640/343/371 2641/344/371 2642/345/371
f 2643/346/372 2641/344/372 2640/343/372
f 2644/347/373 2645/348/373 2646/349/373
f 2647/350/374 2645/348/374 2644/347/374
f 2648/348/375 2649/345/375 2650/349/375
f 2651/343/376 2649/345/376 2648/348/376
f 2652/351/377 2653/324/377 2654/326/377
f 2655/352/939 2653/324/939 2652/351/939
f 2656/324/379 2657/323/379 2658/325/379
f 2659/326/380 2657/323/380 2656/324/380
f 2660/339/381 2661/324/381 2662/325/381
f 2663/340/382 2661/324/382 2660/339/382
f 2664/326/383 2665/341/383 2666/323/383
f 2667/342/384 2665/341/384 2664/326/384
f 2668/344/385 2669/343/385 2670/345/385
f 2671/346/386 2669/343/386 2668/344/386
f 2672/348/387 2673/347/387 2674/349/387
f 2675/350/940 2673/347/940 2672/348/940
f 2676/345/389 2677/348/389 2678/349/389
f 2679/343/390 2677/348/390 2676/345/390
f 2680/324/391 2681/351/391 2682/326/391
f 2683/352/392 2681/351/392 2680/324/392
f 2684/353/393 2685/36/393 2686/37/393
f 2687/354/394 2685/36/394 2684/353/394
f 2688/353/395 2689/36/395 2690/354/395
f 2691/37/396 2689/36/396 2688/353/396
f 2692/355/397 2693/36/397 2694/35/397
f 2695/354/941 2693/36/941 2692/355/941
f 2696/355/399 2697/36/399 2698/354/399
f 2699/35/400 2697/36/400 2696/355/400
f 2700/353/401 2701/36/401 2702/354/401
f 2703/37/402 2701/36/402 2700/353/402
f 2704/36/403 2705/353/403 2706/354/403
f 2707/37/942 2705/353/942 2704/36/942
f 2708/355/405 2709/36/405 2710/354/405
f 2711/35/406 2709/36/406 2708/355/406
f 2712/36/407 2713/355/407 2714/354/407
f 2715/35/408 2713/355/408 2712/36/408
f 2716/356/409 2717/357/409 2718/358/409
f 2718/358/409 2717/357/409 2719/359/409
f 2720/357/410 2721/356/410 2719/359/410
f 2719/359/410 2721/356/410 2722/358/410
f 2723/356/411 2724/358/411 2725/357/411
f 2725/357/411 2724/358/411 2726/359/411
f 2727/356/412 2726/359/412 2728/358/412
f 2729/357/413 2726/359/413 2727/356/413
f 2730/360/257 2731/361/257 2732/362/257
f 2732/362/257 2731/361/257 2733/363/257
f 2732/362/414 2733/363/414 2734/364/414
f 2734/364/414 2733/363/414 2735/365/414
f 2734/364/415 2735/365/415 2736/366/415
f 2736/366/416 2735/365/416 2737/367/416
f 2736/366/324 2737/367/324 2738/368/324
f 2738/368/324 2737/367/324 2739/369/324
f 2738/368/417 2739/369/417 2740/370/417
f 2740/370/417 2739/369/417 2741/371/417
f 2740/370/418 2741/371/418 2742/372/418
f 2742/372/418 2741/371/418 2743/373/418
f 2744/374/419 2745/95/419 2746/375/419
f 2746/375/943 2745/95/943 2747/96/943
f 2746/375/421 2747/96/421 2748/376/421
f 2748/376/422 2747/96/422 2749/99/422
f 2749/99/423 2750/101/423 2748/376/423
f 2748/376/424 2750/101/424 2751/377/424
f 2752/103/425 2751/377/425 2750/101/425
f 2753/378/426 2751/377/426 2752/103/426
f 2754/54/427 2755/277/427 2756/55/427
f 2756/55/427 2755/277/427 2757/273/427
f 2757/273/428 2758/379/428 2756/55/428
f 2757/273/429 2759/380/429 2758/379/429
f 2757/273/430 2760/270/430 2759/380/430
f 2759/380/431 2760/270/431 2761/381/431
f 2762/55/432 2763/379/432 2764/273/432
f 2763/379/433 2765/380/433 2764/273/433
f 2766/274/434 2764/273/434 2765/380/434
f 2765/380/435 2767/382/435 2766/274/435
f 2768/383/436 2769/384/436 2770/385/436
f 2770/385/436 2769/384/436 2771/386/436
f 2770/385/437 2771/386/437 2772/383/437
f 2772/383/438 2771/386/438 2773/384/438
f 2774/385/439 2775/386/439 2776/383/439
f 2776/383/439 2775/386/439 2777/384/439
f 2776/383/440 2777/384/440 2778/385/440
f 2778/385/441 2777/384/441 2779/386/441
f 2780/357/442 2781/359/442 2782/356/442
f 2782/356/410 2781/359/410 2783/358/410
f 2782/356/409 2783/358/409 2784/357/409
f 2784/357/409 2783/358/409 2785/359/409
f 2786/27/443 2787/25/443 2788/387/443
f 2788/387/444 2787/25/444 2789/388/444
f 2788/387/445 2789/388/445 2790/389/445
f 2791/390/446 2792/391/446 2793/392/446
f 2793/392/446 2792/391/446 2794/393/446
f 2793/392/446 2794/393/446 2795/394/446
f 2795/394/446 2794/393/446 2796/395/446
f 2797/396/447 2798/397/447 2799/398/447
f 2799/398/448 2798/397/448 2800/399/448
f 2799/398/449 2800/399/449 2801/400/449
f 2802/67/450 2803/401/450 2804/402/450
f 2804/402/451 2803/401/451 2805/403/451
f 2804/402/452 2805/403/452 2806/404/452
f 2806/404/452 2805/403/452 2807/69/452
f 2808/405/453 2809/388/453 2810/162/453
f 2810/162/454 2809/388/454 2811/406/454
f 2810/162/455 2811/406/455 2812/30/455
f 2812/30/456 2811/406/456 2813/407/456
f 2812/30/457 2813/407/457 2814/408/457
f 2812/30/458 2814/408/458 2815/409/458
f 2815/409/459 2816/28/459 2812/30/459
f 2817/410/460 2816/28/460 2815/409/460
f 2815/409/461 2818/28/461 2817/410/461
f 2815/409/462 2814/408/462 2819/411/462
f 2820/30/463 2818/28/463 2815/409/463
f 2821/412/464 2819/411/464 2814/408/464
f 2820/30/465 2815/409/465 2822/408/465
f 2822/408/466 2815/409/466 2819/411/466
f 2823/413/467 2819/411/467 2821/412/467
f 2820/30/468 2822/408/468 2824/407/468
f 2825/412/469 2819/411/469 2823/413/469
f 2822/408/470 2819/411/470 2825/412/470
f 2826/406/471 2820/30/471 2824/407/471
f 2827/162/472 2820/30/472 2826/406/472
f 2826/406/473 2828/388/473 2827/162/473
f 2827/162/474 2828/388/474 2829/405/474
f 2830/414/475 2831/415/475 2832/416/475
f 2833/117/476 2832/416/476 2831/415/476
f 2834/120/477 2832/416/477 2833/117/477
f 2835/417/478 2836/418/478 2837/419/478
f 2837/419/479 2836/418/479 2838/420/479
f 2837/419/480 2838/420/480 2839/76/480
f 2839/76/481 2838/420/481 2840/74/481
f 2841/421/482 2842/422/482 2843/423/482
f 2843/423/483 2842/422/483 2844/74/483
f 2843/423/484 2844/74/484 2845/424/484
f 2845/424/485 2844/74/485 2846/420/485
f 2845/424/486 2846/420/486 2847/425/486
f 2846/420/487 2848/418/487 2847/425/487
f 2849/426/488 2850/427/488 2851/428/488
f 2851/428/489 2850/427/489 2852/429/489
f 2851/428/944 2852/429/944 2853/430/944
f 2854/75/491 2855/74/491 2856/76/491
f 2855/74/492 2857/420/492 2856/76/492
f 2856/76/493 2857/420/493 2858/419/493
f 2857/420/494 2859/417/494 2858/419/494
f 2860/418/495 2859/417/495 2857/420/495
f 2861/431/496 2862/432/496 2863/433/496
f 2862/432/497 2864/434/497 2863/433/497
f 2863/433/498 2864/434/498 2865/435/498
f 2866/378/499 2867/103/499 2868/377/499
f 2868/377/500 2867/103/500 2869/101/500
f 2868/377/501 2869/101/501 2870/376/501
f 2870/376/502 2869/101/502 2871/99/502
f 2872/96/503 2870/376/503 2871/99/503
f 2873/375/504 2870/376/504 2872/96/504
f 2874/95/505 2873/375/505 2872/96/505
f 2875/374/506 2873/375/506 2874/95/506
f 2876/436/507 2877/437/507 2878/438/507
f 2879/439/508 2877/437/508 2876/436/508
f 2880/440/509 2877/437/509 2879/439/509
f 2881/423/510 2882/422/510 2883/421/510
f 2884/74/511 2882/422/511 2881/423/511
f 2885/424/512 2884/74/512 2881/423/512
f 2886/420/513 2884/74/513 2885/424/513
f 2886/420/945 2885/424/945 2887/425/945
f 2888/418/515 2886/420/515 2887/425/515
f 2889/122/516 2890/441/516 2891/109/516
f 2889/122/517 2891/109/517 2892/119/517
f 2892/119/518 2891/109/518 2893/442/518
f 2894/416/519 2895/415/519 2896/414/519
f 2895/415/520 2894/416/520 2897/117/520
f 2897/117/521 2894/416/521 2898/120/521
f 2899/437/522 2900/440/522 2901/439/522
f 2902/436/523 2899/437/523 2901/439/523
f 2903/438/524 2899/437/524 2902/436/524
f 2904/432/525 2905/431/525 2906/433/525
f 2904/432/526 2906/433/526 2907/434/526
f 2907/434/527 2906/433/527 2908/435/527
f 2909/443/528 2910/444/528 2911/423/528
f 2912/424/529 2909/443/529 2911/423/529
f 2913/445/530 2909/443/530 2912/424/530
f 2914/425/531 2913/445/531 2912/424/531
f 2915/446/532 2913/445/532 2914/425/532
f 2916/447/946 2917/448/946 2918/449/946
f 2916/447/534 2919/450/534 2917/448/534
f 2917/448/535 2919/450/535 2920/451/535
f 2921/109/947 2922/441/947 2923/122/947
f 2921/109/537 2923/122/537 2924/119/537
f 2921/109/538 2924/119/538 2925/442/538
f 2926/452/257 2927/453/257 2928/454/257
f 2929/455/257 2927/453/257 2926/452/257
f 2930/456/414 2929/455/414 2926/452/414
f 2931/457/414 2929/455/414 2930/456/414
f 2932/458/539 2931/457/539 2930/456/539
f 2933/459/415 2931/457/415 2932/458/415
f 2934/460/324 2933/459/324 2932/458/324
f 2935/461/324 2933/459/324 2934/460/324
f 2936/462/417 2935/461/417 2934/460/417
f 2937/463/417 2935/461/417 2936/462/417
f 2938/387/540 2939/25/540 2940/27/540
f 2941/388/541 2939/25/541 2938/387/541
f 2941/388/542 2938/387/542 2942/389/542
f 2943/464/257 2944/465/257 2945/466/257
f 2946/467/257 2944/465/257 2943/464/257
f 2947/468/543 2946/467/543 2943/464/543
f 2948/469/543 2946/467/543 2947/468/543
f 2949/470/544 2948/469/544 2947/468/544
f 2950/471/544 2948/469/544 2949/470/544
f 2951/472/324 2950/471/324 2949/470/324
f 2952/473/324 2950/471/324 2951/472/324
f 2951/472/545 2953/474/545 2952/473/545
f 2954/475/546 2953/474/546 2951/472/546
f 2955/393/446 2956/394/446 2957/395/446
f 2958/392/446 2956/394/446 2955/393/446
f 2959/391/446 2958/392/446 2955/393/446
f 2960/390/446 2958/392/446 2959/391/446
f 2961/386/436 2962/383/436 2963/384/436
f 2964/385/436 2962/383/436 2961/386/436
f 2965/384/438 2964/385/438 2961/386/438
f 2966/383/438 2964/385/438 2965/384/438
f 2967/358/411 2968/357/411 2969/359/411
f 2970/356/411 2968/357/411 2967/358/411
f 2971/359/413 2970/356/413 2967/358/413
f 2972/357/413 2970/356/413 2971/359/413
f 2973/379/547 2974/382/547 2975/380/547
f 2976/476/548 2974/382/548 2973/379/548
f 2973/379/549 2977/55/549 2976/476/549
f 2978/477/550 2976/476/550 2977/55/550
f 2978/477/551 2979/55/551 2980/478/551
f 2979/55/552 2981/379/552 2980/478/552
f 2981/379/553 2982/381/553 2980/478/553
f 2981/379/554 2983/380/554 2982/381/554
f 2984/384/439 2985/385/439 2986/386/439
f 2987/383/439 2985/385/439 2984/384/439
f 2988/386/440 2987/383/440 2984/384/440
f 2989/385/441 2987/383/441 2988/386/441
f 2990/399/948 2991/398/948 2992/400/948
f 2993/397/556 2991/398/556 2990/399/556
f 2994/396/557 2991/398/557 2993/397/557
f 2995/479/558 2996/480/558 2997/481/558
f 2997/481/559 2996/480/559 2998/482/559
f 2996/480/560 2999/483/560 2998/482/560
f 2998/482/561 2999/483/561 3000/484/561
f 3000/484/561 2999/483/561 3001/345/561
f 3001/345/562 2999/483/562 3002/349/562
f 3003/444/563 3004/443/563 3005/423/563
f 3004/443/564 3006/424/564 3005/423/564
f 3007/445/565 3006/424/565 3004/443/565
f 3007/445/566 3008/446/566 3006/424/566
f 3006/424/567 3008/446/567 3009/425/567
f 3010/485/568 3011/486/568 3012/487/568
f 3013/488/569 3011/486/569 3010/485/569
f 3013/488/570 3014/485/570 3011/486/570
f 3011/486/571 3014/485/571 3015/487/571
f 3016/489/572 3017/490/572 3018/491/572
f 3019/492/573 3017/490/573 3016/489/573
f 3020/493/574 3017/490/574 3019/492/574
f 3021/494/575 3017/490/575 3020/493/575
f 3020/493/576 3022/495/576 3021/494/576
f 3021/494/577 3022/495/577 3023/496/577
f 3022/495/578 3024/497/578 3023/496/578
f 3025/498/579 3024/497/579 3022/495/579
f 3026/499/580 3027/398/580 3028/500/580
f 3029/501/581 3027/398/581 3026/499/581
f 3027/398/582 3029/501/582 3030/502/582
f 3027/398/949 3030/502/949 3031/400/949
f 3030/502/584 3029/501/584 3032/503/584
f 3031/400/585 3030/502/585 3033/167/585
f 3032/503/586 3034/504/586 3030/502/586
f 3033/167/587 3030/502/587 3035/505/587
f 3030/502/588 3034/504/588 3035/505/588
f 3036/438/589 3037/435/589 3038/433/589
f 3036/438/590 3038/433/590 3039/437/590
f 3038/433/591 3040/440/591 3039/437/591
f 3041/431/592 3040/440/592 3038/433/592
f 3042/236/593 3043/237/593 3044/234/593
f 3045/235/593 3043/237/593 3042/236/593
f 3046/235/594 3047/236/594 3043/237/594
f 3043/237/594 3047/236/594 3048/234/594
f 3049/66/595 3050/506/595 3051/65/595
f 3052/507/596 3050/506/596 3049/66/596
f 3052/507/597 3053/70/597 3050/506/597
f 3050/506/598 3053/70/598 3054/68/598
f 3055/57/599 3056/58/599 3057/56/599
f 3058/508/600 3055/57/600 3057/56/600
f 3058/508/950 3057/56/950 3059/509/950
f 3057/56/951 3060/510/951 3059/509/951
f 3060/510/603 3061/56/603 3059/509/603
f 3061/56/604 3062/508/604 3059/509/604
f 3063/57/605 3062/508/605 3061/56/605
f 3064/58/606 3063/57/606 3061/56/606
f 3065/236/607 3066/249/607 3067/248/607
f 3068/234/711 3066/249/711 3065/236/711
f 3069/234/609 3070/236/609 3066/249/609
f 3066/249/610 3070/236/610 3071/248/610
f 3072/236/594 3073/237/594 3074/235/594
f 3075/234/594 3073/237/594 3072/236/594
f 3076/236/593 3073/237/593 3077/234/593
f 3078/235/952 3073/237/952 3076/236/952
f 3079/386/611 3080/511/611 3081/384/611
f 3082/384/612 3080/511/612 3079/386/612
f 3083/384/631 3080/511/631 3084/386/631
f 3085/386/614 3080/511/614 3083/384/614
f 3086/466/257 3087/467/257 3088/465/257
f 3089/464/257 3087/467/257 3086/466/257
f 3090/468/615 3087/467/615 3089/464/615
f 3091/469/615 3087/467/615 3090/468/615
f 3092/470/616 3091/469/616 3090/468/616
f 3093/471/616 3091/469/616 3092/470/616
f 3092/470/324 3094/473/324 3093/471/324
f 3095/472/324 3094/473/324 3092/470/324
f 3096/475/617 3094/473/617 3095/472/617
f 3097/474/618 3094/473/618 3096/475/618
f 3098/210/619 3099/106/619 3100/211/619
f 3100/211/620 3099/106/620 3101/107/620
f 3102/106/621 3100/211/621 3101/107/621
f 3103/210/622 3100/211/622 3102/106/622
f 3104/495/623 3105/497/623 3106/498/623
f 3107/496/624 3105/497/624 3104/495/624
f 3107/496/953 3104/495/953 3108/512/953
f 3108/512/626 3104/495/626 3109/493/626
f 3109/493/627 3110/490/627 3108/512/627
f 3111/513/628 3110/490/628 3109/493/628
f 3111/513/629 3112/514/629 3110/490/629
f 3110/490/630 3112/514/630 3113/491/630
f 3114/511/631 3115/386/631 3116/384/631
f 3114/511/614 3116/384/614 3117/386/614
f 3114/511/611 3118/384/611 3119/386/611
f 3114/511/612 3119/386/612 3120/384/612
f 3121/183/632 3122/184/632 3123/515/632
f 3123/515/633 3122/184/633 3124/516/633
f 3122/184/634 3125/515/634 3124/516/634
f 3126/183/635 3125/515/635 3122/184/635
f 3127/485/636 3128/515/636 3129/488/636
f 3129/488/637 3128/515/637 3130/516/637
f 3131/515/638 3129/488/638 3130/516/638
f 3132/485/639 3129/488/639 3131/515/639
f 3133/405/640 3134/388/640 3135/517/640
f 3135/517/641 3134/388/641 3136/25/641
f 3136/25/642 3137/518/642 3135/517/642
f 3137/518/643 3138/519/643 3135/517/643
f 3139/520/644 3138/519/644 3137/518/644
f 3139/520/645 3137/518/645 3140/519/645
f 3140/519/646 3137/518/646 3141/517/646
f 3142/521/647 3137/518/647 3136/25/647
f 3137/518/648 3143/25/648 3141/517/648
f 3142/521/647 3143/25/647 3137/518/647
f 3144/26/649 3142/521/649 3136/25/649
f 3143/25/650 3145/388/650 3141/517/650
f 3146/522/651 3142/521/651 3144/26/651
f 3141/517/652 3145/388/652 3147/405/652
f 3148/26/653 3142/521/653 3146/522/653
f 3143/25/649 3142/521/649 3148/26/649
f 3149/399/654 3150/523/654 3151/50/654
f 3151/50/655 3152/524/655 3149/399/655
f 3149/399/656 3152/524/656 3153/525/656
f 3154/400/657 3149/399/657 3153/525/657
f 3153/525/658 3152/524/658 3155/526/658
f 3153/525/659 3156/167/659 3154/400/659
f 3157/169/660 3153/525/660 3155/526/660
f 3158/168/661 3156/167/661 3153/525/661
f 3158/168/662 3153/525/662 3157/169/662
f 3159/398/663 3160/499/663 3161/500/663
f 3159/398/664 3162/501/664 3160/499/664
f 3163/502/665 3162/501/665 3159/398/665
f 3164/503/666 3162/501/666 3163/502/666
f 3163/502/667 3159/398/667 3165/400/667
f 3163/502/668 3166/504/668 3164/503/668
f 3165/400/669 3167/167/669 3163/502/669
f 3168/505/670 3166/504/670 3163/502/670
f 3163/502/671 3167/167/671 3168/505/671
f 3169/58/672 3170/57/672 3171/57/672
f 3170/57/673 3172/508/673 3171/57/673
f 3172/508/674 3170/57/674 3173/527/674
f 3173/527/675 3170/57/675 3174/528/675
f 3174/528/676 3175/57/676 3173/527/676
f 3173/527/677 3175/57/677 3176/508/677
f 3176/508/678 3175/57/678 3177/57/678
f 3175/57/679 3178/58/679 3177/57/679
f 3179/510/680 3180/529/680 3181/56/680
f 3182/530/681 3180/529/681 3179/510/681
f 3179/510/682 3183/529/682 3182/530/682
f 3184/56/954 3183/529/954 3179/510/954
f 3185/65/684 3186/506/684 3187/66/684
f 3187/66/955 3186/506/955 3188/402/955
f 3186/506/686 3189/404/686 3188/402/686
f 3190/68/687 3189/404/687 3186/506/687
f 3191/531/688 3192/532/688 3193/533/688
f 3193/533/689 3192/532/689 3194/534/689
f 3194/534/689 3195/532/689 3193/533/689
f 3193/533/956 3195/532/956 3196/531/956
f 3197/480/691 3198/345/691 3199/349/691
f 3200/482/692 3198/345/692 3197/480/692
f 3197/480/693 3201/481/693 3200/482/693
f 3202/479/694 3201/481/694 3197/480/694
f 3203/535/695 3204/114/695 3205/112/695
f 3206/536/696 3203/535/696 3205/112/696
f 3207/112/697 3203/535/697 3206/536/697
f 3208/116/698 3203/535/698 3207/112/698
f 3209/523/699 3210/399/699 3211/50/699
f 3212/524/700 3211/50/700 3210/399/700
f 3212/524/957 3210/399/957 3213/525/957
f 3212/524/702 3213/525/702 3214/526/702
f 3210/399/703 3215/400/703 3213/525/703
f 3213/525/704 3216/169/704 3214/526/704
f 3215/400/958 3217/167/958 3213/525/958
f 3218/168/706 3216/169/706 3213/525/706
f 3213/525/707 3217/167/707 3218/168/707
f 3219/532/708 3220/487/708 3221/534/708
f 3221/534/708 3220/487/708 3222/486/708
f 3223/487/709 3221/534/709 3222/486/709
f 3224/532/708 3221/534/708 3223/487/708
f 3225/234/609 3226/236/609 3227/249/609
f 3227/249/710 3226/236/710 3228/248/710
f 3229/248/607 3230/236/607 3227/249/607
f 3227/249/608 3230/236/608 3231/234/608
f 3232/116/712 3233/112/712 3234/535/712
f 3233/112/713 3235/536/713 3234/535/713
f 3235/536/714 3236/112/714 3234/535/714
f 3234/535/715 3236/112/715 3237/114/715
f 3238/435/716 3239/438/716 3240/433/716
f 3240/433/959 3239/438/959 3241/437/959
f 3242/440/718 3240/433/718 3241/437/718
f 3243/431/719 3240/433/719 3242/440/719
f 3244/430/720 3245/537/720 3246/428/720
f 3246/428/960 3245/537/960 3247/538/960
f 3246/428/722 3247/538/722 3248/426/722
f 3249/539/723 3247/538/723 3245/537/723
f 3250/540/723 3247/538/723 3249/539/723
f 3249/539/724 3251/448/724 3250/540/724
f 3252/449/725 3251/448/725 3249/539/725
f 3251/448/726 3253/451/726 3250/540/726
f 3254/430/727 3255/428/727 3256/537/727
f 3256/537/728 3255/428/728 3257/538/728
f 3258/426/729 3257/538/729 3255/428/729
f 3256/537/730 3257/538/730 3259/539/730
f 3259/539/730 3257/538/730 3260/540/730
f 3260/540/731 3261/541/731 3259/539/731
f 3261/541/732 3260/540/732 3262/451/732
f 3259/539/733 3261/541/733 3263/449/733
f 3264/349/734 3265/483/734 3266/347/734
f 3266/347/735 3265/483/735 3267/542/735
f 3266/347/736 3267/542/736 3268/349/736
f 3269/480/737 3267/542/737 3265/483/737
f 3268/349/738 3267/542/738 3270/480/738
f 3271/543/739 3267/542/739 3269/480/739
f 3267/542/740 3271/543/740 3270/480/740
f 3272/479/741 3271/543/741 3269/480/741
f 3270/480/742 3271/543/742 3273/479/742
f 3274/544/743 3271/543/743 3272/479/743
f 3273/479/744 3271/543/744 3274/544/744
f 3275/344/745 3276/484/745 3277/345/745
f 3278/545/746 3276/484/746 3275/344/746
f 3279/345/747 3278/545/747 3275/344/747
f 3278/545/748 3280/482/748 3276/484/748
f 3281/482/749 3278/545/749 3279/345/749
f 3282/546/750 3280/482/750 3278/545/750
f 3282/546/751 3278/545/751 3281/482/751
f 3280/482/752 3282/546/752 3283/321/752
f 3281/482/753 3284/321/753 3282/546/753
f 3283/321/754 3282/546/754 3285/319/754
f 3282/546/755 3284/321/755 3285/319/755
f 3286/547/756 3287/473/756 3288/474/756
f 3286/547/757 3289/471/757 3287/473/757
f 3286/547/758 3290/469/758 3289/471/758
f 3286/547/759 3291/467/759 3290/469/759
f 3286/547/760 3292/465/760 3291/467/760
f 3286/547/761 3293/548/761 3292/465/761
f 3294/547/762 3295/548/762 3296/465/762
f 3294/547/961 3296/465/961 3297/467/961
f 3294/547/764 3297/467/764 3298/469/764
f 3294/547/765 3298/469/765 3299/471/765
f 3294/547/766 3299/471/766 3300/473/766
f 3294/547/767 3300/473/767 3301/474/767
f 3302/549/768 3303/475/768 3304/472/768
f 3302/549/766 3304/472/766 3305/470/766
f 3302/549/769 3305/470/769 3306/468/769
f 3302/549/770 3306/468/770 3307/464/770
f 3302/549/763 3307/464/763 3308/466/763
f 3302/549/771 3308/466/771 3309/550/771
f 3310/549/772 3311/466/772 3312/550/772
f 3310/549/760 3313/464/760 3311/466/760
f 3310/549/773 3314/468/773 3313/464/773
f 3310/549/774 3315/470/774 3314/468/774
f 3310/549/757 3316/472/757 3315/470/757
f 3310/549/775 3317/475/775 3316/472/775
f 3318/551/776 3319/552/776 3320/553/776
f 3321/554/777 3319/552/777 3318/551/777
f 3322/555/778 3321/554/778 3318/551/778
f 3323/551/779 3319/552/779 3321/554/779
f 3324/553/780 3319/552/780 3323/551/780
f 3323/551/781 3321/554/781 3325/555/781
f 3326/556/782 3321/554/782 3322/555/782
f 3325/555/962 3321/554/962 3326/556/962
f 3322/555/784 3327/557/784 3326/556/784
f 3327/557/785 3325/555/785 3326/556/785
f 3328/558/786 3329/559/786 3330/560/786
f 3330/560/787 3329/559/787 3331/561/787
f 3332/61/788 3331/561/788 3329/559/788
f 3333/559/789 3330/560/789 3331/561/789
f 3334/558/790 3330/560/790 3333/559/790
f 3331/561/791 3335/61/791 3333/559/791
f 3336/562/792 3331/561/792 3332/61/792
f 3336/562/793 3335/61/793 3331/561/793
f 3337/563/794 3336/562/794 3332/61/794
f 3335/61/795 3336/562/795 3338/563/795
f 3339/564/796 3336/562/796 3337/563/796
f 3338/563/797 3336/562/797 3339/564/797
f 3340/553/798 3341/552/798 3342/565/798
f 3342/565/799 3341/552/799 3343/566/799
f 3343/566/800 3341/552/800 3344/565/800
f 3344/565/801 3341/552/801 3345/553/801
f 3346/567/802 3342/565/802 3343/566/802
f 3343/566/803 3344/565/803 3346/567/803
f 3347/568/804 3342/565/804 3346/567/804
f 3346/567/805 3344/565/805 3348/568/805
f 3349/569/806 3347/568/806 3346/567/806
f 3346/567/807 3348/568/807 3349/569/807
f 3350/570/808 3347/568/808 3349/569/808
f 3349/569/809 3348/568/809 3351/570/809
f 3352/571/810 3350/570/810 3349/569/810
f 3351/570/811 3353/571/811 3349/569/811
f 3352/571/812 3349/569/812 3354/572/812
f 3349/569/813 3353/571/813 3354/572/813
f 3355/59/814 3356/165/814 3357/573/814
f 3358/165/815 3355/59/815 3357/573/815
f 3359/61/816 3356/165/816 3355/59/816
f 3360/61/817 3355/59/817 3358/165/817
f 3361/60/53 3359/61/53 3355/59/53
f 3361/60/55 3355/59/55 3360/61/55
f 3362/574/818 3359/61/818 3361/60/818
f 3360/61/819 3363/574/819 3361/60/819
f 3361/60/820 3364/575/820 3362/574/820
f 3365/575/821 3361/60/821 3363/574/821
f 3366/576/822 3364/575/822 3361/60/822
f 3366/576/823 3361/60/823 3365/575/823
f 3367/577/824 3368/64/824 3369/578/824
f 3367/577/825 3370/579/825 3368/64/825
f 3369/578/826 3368/64/826 3371/63/826
f 3369/578/963 3371/63/963 3370/579/963
f 3368/64/828 3370/579/828 3372/62/828
f 3370/579/964 3371/63/964 3372/62/964
f 3373/580/830 3374/581/830 3375/582/830
f 3374/581/965 3376/583/965 3375/582/965
f 3377/584/832 3374/581/832 3373/580/832
f 3376/583/833 3377/584/833 3373/580/833
f 3378/585/966 3376/583/966 3374/581/966
f 3378/585/835 3377/584/835 3376/583/835
f 3379/586/836 3380/587/836 3381/588/836
f 3379/586/837 3381/588/837 3382/589/837
f 3380/587/838 3382/589/838 3383/590/838
f 3381/588/839 3380/587/839 3383/590/839
f 3382/589/967 3381/588/967 3384/591/967
f 3383/590/841 3382/589/841 3384/591/841
f 3381/588/842 3385/592/842 3384/591/842
f 3381/588/843 3383/590/843 3385/592/843
f 3384/591/844 3386/593/844 3383/590/844
f 3384/591/845 3385/592/845 3386/593/845
f 3385/592/846 3383/590/846 3387/594/846
f 3383/590/968 3386/593/968 3387/594/968
f 3387/594/848 3388/595/848 3385/592/848
f 3387/594/849 3386/593/849 3388/595/849
f 3385/592/850 3388/595/850 3389/596/850
f 3385/592/851 3389/596/851 3386/593/851
f 3388/595/969 3386/593/969 3390/597/969
f 3386/593/853 3389/596/853 3390/597/853
f 3391/588/854 3392/587/854 3393/586/854
f 3393/586/855 3394/589/855 3391/588/855
f 3395/590/856 3394/589/856 3392/587/856
f 3395/590/857 3392/587/857 3391/588/857
f 3391/588/858 3394/589/858 3396/591/858
f 3396/591/970 3394/589/970 3395/590/970
f 3391/588/860 3396/591/860 3397/592/860
f 3397/592/971 3395/590/971 3391/588/971
f 3396/591/862 3395/590/862 3398/593/862
f 3397/592/863 3396/591/863 3398/593/863
f 3399/594/864 3395/590/864 3397/592/864
f 3398/593/865 3395/590/865 3399/594/865
f 3399/594/866 3397/592/866 3400/595/866
f 3400/595/867 3398/593/867 3399/594/867
f 3400/595/972 3397/592/972 3401/596/972
f 3397/592/869 3398/593/869 3401/596/869
f 3402/597/870 3398/593/870 3400/595/870
f 3401/596/871 3398/593/871 3402/597/871
f 3403/353/872 3404/37/872 3405/354/872
f 3406/354/873 3404/37/873 3403/353/873
f 3405/354/874 3404/37/874 3407/36/874
f 3408/36/875 3404/37/875 3406/354/875
f 3407/36/876 3409/35/876 3405/354/876
f 3406/354/877 3409/35/877 3408/36/877
f 3404/37/878 3410/34/878 3407/36/878
f 3408/36/879 3410/34/879 3404/37/879
f 3407/36/880 3410/34/880 3409/35/880
f 3409/35/881 3410/34/881 3408/36/881
f 3411/355/882 3409/35/882 3406/354/882
f 3405/354/883 3409/35/883 3411/355/883
f 3412/37/884 3413/354/884 3414/353/884
f 3415/354/885 3412/37/885 3414/353/885
f 3416/36/886 3413/354/886 3412/37/886
f 3417/36/887 3412/37/887 3415/354/887
f 3416/36/888 3418/35/888 3413/354/888
f 3417/36/889 3415/354/889 3418/35/889
f 3419/34/890 3416/36/890 3412/37/890
f 3419/34/891 3412/37/891 3417/36/891
f 3419/34/973 3418/35/973 3416/36/973
f 3419/34/893 3417/36/893 3418/35/893
f 3418/35/894 3415/354/894 3420/355/894
f 3413/354/895 3418/35/895 3420/355/895
f 3421/598/896 3422/599/896 3423/600/896
f 3424/601/974 3421/598/974 3423/600/974
f 3422/599/898 3424/601/898 3423/600/898
f 3425/602/975 3422/599/975 3421/598/975
f 3424/601/900 3425/602/900 3421/598/900
f 3426/603/901 3424/601/901 3422/599/901
f 3426/603/902 3425/602/902 3424/601/902
f 3426/603/903 3422/599/903 3425/602/903
f 3427/25/7 3428/26/7 3429/27/7
f 3430/28/8 3431/29/8 3432/30/8
f 3433/30/9 3434/29/9 3435/28/9
f 3436/26/10 3437/25/10 3438/27/10
f 3439/28/11 3440/30/11 3441/29/11
f 3442/29/12 3443/30/12 3444/28/12
f 3445/31/13 3446/32/13 3447/33/13
f 3448/32/14 3449/31/14 3450/33/14
f 3451/34/15 3452/35/15 3453/36/15
f 3454/34/16 3455/36/16 3456/35/16
f 3457/34/17 3458/37/17 3459/36/17
f 3460/34/18 3461/36/18 3462/37/18
f 3463/35/19 3464/34/19 3465/36/19
f 3466/36/20 3467/34/20 3468/35/20
f 3469/37/21 3470/34/21 3471/36/21
f 3472/36/22 3473/34/22 3474/37/22
f 3475/38/23 3476/39/23 3477/40/23
f 3478/39/24 3479/40/24 3480/38/24
f 3481/38/25 3482/40/25 3483/39/25
f 3484/38/26 3485/39/26 3486/40/26
f 3487/40/976 3488/39/976 3489/38/976
f 3490/40/28 3491/39/28 3492/38/28
f 3493/40/29 3494/39/29 3495/38/29
f 3496/38/30 3497/39/30 3498/40/30
f 3499/39/31 3500/38/31 3501/40/31
f 3502/38/32 3503/39/32 3504/40/32
f 3505/40/33 3506/39/33 3507/38/33
f 3508/38/34 3509/39/34 3510/40/34
f 3511/41/35 3512/42/35 3513/43/35
f 3514/44/977 3515/45/977 3516/46/977
f 3517/47/37 3518/48/37 3519/49/37
f 3520/50/38 3521/51/38 3522/52/38
f 3523/53/39 3524/54/39 3525/55/39
f 3526/38/40 3527/39/40 3528/40/40
f 3529/39/41 3530/40/41 3531/38/41
f 3532/38/42 3533/40/42 3534/39/42
f 3535/40/43 3536/39/43 3537/38/43
f 3538/39/44 3539/40/44 3540/38/44
f 3541/40/45 3542/38/45 3543/39/45
f 3544/40/46 3545/39/46 3546/38/46
f 3547/40/47 3548/39/47 3549/38/47
f 3550/42/48 3551/41/48 3552/43/48
f 3553/46/49 3554/45/49 3555/44/49
f 3556/49/50 3557/48/50 3558/47/50
f 3559/51/51 3560/50/51 3561/52/51
f 3562/56/52 3563/57/52 3564/58/52
f 3565/59/53 3566/60/53 3567/61/53
f 3568/57/54 3569/56/54 3570/58/54
f 3571/61/55 3572/60/55 3573/59/55
f 3574/62/56 3575/63/56 3576/64/56
f 3577/65/57 3578/66/57 3579/67/57
f 3580/68/58 3581/69/58 3582/70/58
f 3583/71/59 3584/72/59 3585/73/59
f 3586/74/978 3587/75/978 3588/76/978
f 3589/77/61 3590/78/61 3591/79/61
f 3592/72/62 3593/71/62 3594/73/62
f 3595/78/63 3596/77/63 3597/79/63
f 3598/80/64 3599/81/64 3600/82/64
f 3601/80/979 3602/83/979 3603/84/979
f 3604/80/66 3605/83/66 3606/82/66
f 3607/80/907 3608/82/907 3609/81/907
f 3610/80/66 3611/81/66 3612/84/66
f 3613/80/66 3614/84/66 3615/83/66
f 3616/80/65 3617/84/65 3618/81/65
f 3616/80/980 3619/82/980 3620/83/980
f 3621/85/67 3622/86/67 3623/87/67
f 3622/86/68 3624/88/68 3625/87/68
f 3626/89/69 3624/88/69 3622/86/69
f 3627/86/70 3628/85/70 3625/87/70
f 3624/88/71 3627/86/71 3629/87/71
f 3627/86/72 3624/88/72 3630/89/72
f 3631/90/73 3624/88/73 3626/89/73
f 3630/89/74 3624/88/74 3631/90/74
f 3632/91/75 3631/90/75 3626/89/75
f 3626/89/76 3633/92/76 3632/91/76
f 3631/90/77 3634/91/77 3630/89/77
f 3632/91/78 3633/92/78 3635/93/78
f 3634/91/79 3636/92/79 3630/89/79
f 3637/94/80 3631/90/80 3632/91/80
f 3637/94/81 3634/91/81 3631/90/81
f 3638/95/82 3635/93/82 3633/92/82
f 3639/93/83 3636/92/83 3634/91/83
f 3640/96/84 3635/93/84 3638/95/84
f 3641/95/85 3636/92/85 3639/93/85
f 3642/97/86 3635/93/86 3640/96/86
f 3643/96/87 3641/95/87 3639/93/87
f 3643/96/88 3639/93/88 3642/97/88
f 3644/98/89 3635/93/89 3642/97/89
f 3642/97/90 3639/93/90 3644/98/90
f 3645/99/91 3643/96/91 3642/97/91
f 3640/96/92 3646/99/92 3642/97/92
f 3647/100/93 3645/99/93 3642/97/93
f 3646/99/94 3647/100/94 3642/97/94
f 3648/101/95 3645/99/95 3647/100/95
f 3649/101/96 3647/100/96 3646/99/96
f 3648/101/97 3647/100/97 3650/102/97
f 3651/103/98 3648/101/98 3650/102/98
f 3647/100/99 3652/104/99 3650/102/99
f 3653/102/100 3647/100/100 3649/101/100
f 3652/104/101 3647/100/101 3653/102/101
f 3654/103/102 3653/102/102 3649/101/102
f 3655/105/103 3656/106/103 3657/107/103
f 3658/106/104 3655/105/104 3657/107/104
f 3659/108/105 3660/109/105 3661/110/105
f 3662/111/106 3660/109/106 3659/108/106
f 3663/112/107 3664/113/107 3665/114/107
f 3666/115/908 3664/113/908 3663/112/908
f 3667/112/109 3668/113/109 3666/115/109
f 3669/116/981 3668/113/981 3667/112/981
f 3670/113/982 3671/117/982 3672/118/982
f 3673/116/112 3671/117/112 3670/113/112
f 3674/119/113 3675/120/113 3676/118/113
f 3677/121/114 3675/120/114 3674/119/114
f 3678/121/115 3679/113/115 3680/122/115
f 3681/114/116 3679/113/116 3678/121/116
f 3682/123/117 3683/124/117 3684/125/117
f 3685/126/118 3683/124/118 3682/123/118
f 3686/127/119 3687/128/119 3688/129/119
f 3689/130/120 3687/128/120 3686/127/120
f 3690/125/121 3691/131/121 3692/123/121
f 3693/132/122 3691/131/122 3690/125/122
f 3694/131/123 3695/133/123 3696/134/123
f 3697/132/124 3695/133/124 3694/131/124
f 3698/135/125 3699/136/125 3700/137/125
f 3701/138/126 3699/136/126 3698/135/126
f 3702/139/127 3703/140/127 3704/141/127
f 3705/142/128 3703/140/128 3702/139/128
f 3706/136/129 3707/143/129 3708/144/129
f 3709/138/983 3707/143/983 3706/136/983
f 3710/137/131 3711/140/131 3712/135/131
f 3713/141/911 3711/140/911 3710/137/911
f 3714/145/132 3715/146/132 3716/147/132
f 3717/148/984 3715/146/984 3714/145/984
f 3718/149/133 3719/150/133 3720/151/133
f 3721/152/133 3719/150/133 3718/149/133
f 3722/153/134 3723/147/134 3724/154/134
f 3725/149/134 3723/147/134 3722/153/134
f 3726/145/135 3727/155/135 3728/156/135
f 3729/151/985 3727/155/985 3726/145/985
f 3730/151/137 3731/147/137 3732/145/137
f 3733/149/137 3731/147/137 3730/151/137
f 3734/131/138 3735/157/138 3736/123/138
f 3737/134/139 3735/157/139 3734/131/139
f 3738/133/140 3739/125/140 3740/158/140
f 3741/132/986 3739/125/986 3738/133/986
f 3742/112/142 3743/113/142 3744/116/142
f 3745/115/143 3743/113/143 3742/112/143
f 3746/112/144 3747/113/144 3745/115/144
f 3748/114/145 3747/113/145 3746/112/145
f 3749/109/146 3750/108/146 3751/110/146
f 3752/111/987 3750/108/987 3749/109/987
f 3753/121/148 3754/113/148 3755/119/148
f 3756/116/915 3754/113/915 3753/121/915
f 3757/118/150 3758/121/150 3759/117/150
f 3760/122/151 3758/121/151 3757/118/151
f 3761/113/152 3762/120/152 3763/118/152
f 3764/114/153 3762/120/153 3761/113/153
f 3765/123/154 3766/124/154 3767/126/154
f 3768/125/155 3766/124/155 3765/123/155
f 3769/159/156 3770/134/156 3771/157/156
f 3772/160/157 3770/134/157 3769/159/157
f 3773/131/158 3774/125/158 3775/123/158
f 3776/132/159 3774/125/159 3773/131/159
f 3777/133/160 3778/131/160 3779/134/160
f 3780/132/161 3778/131/161 3777/133/161
f 3781/157/162 3782/131/162 3783/123/162
f 3784/134/163 3782/131/163 3781/157/163
f 3785/30/917 3786/161/917 3787/162/917
f 3788/29/165 3786/161/165 3785/30/165
f 3789/125/919 3790/133/919 3791/158/919
f 3792/132/167 3790/133/167 3789/125/167
f 3793/163/168 3794/164/168 3795/165/168
f 3794/164/988 3793/163/988 3796/165/988
f 3797/166/170 3798/167/170 3799/168/170
f 3797/166/171 3799/168/171 3800/169/171
f 3801/170/172 3802/171/172 3803/172/172
f 3804/173/173 3802/171/173 3801/170/173
f 3805/174/174 3806/175/174 3807/176/174
f 3808/177/175 3806/175/175 3805/174/175
f 3809/171/176 3810/177/176 3811/172/176
f 3812/175/177 3810/177/177 3809/171/177
f 3813/176/178 3814/171/178 3815/173/178
f 3816/175/179 3814/171/179 3813/176/179
f 3817/178/180 3818/179/180 3819/180/180
f 3820/181/181 3818/179/181 3817/178/181
f 3821/180/182 3822/47/182 3823/44/182
f 3824/179/183 3822/47/183 3821/180/183
f 3825/47/184 3826/46/184 3827/44/184
f 3828/48/185 3826/46/185 3825/47/185
f 3829/182/186 3830/183/186 3831/184/186
f 3832/183/187 3829/182/187 3831/184/187
f 3833/43/188 3834/185/188 3835/42/188
f 3836/186/189 3834/185/189 3833/43/189
f 3837/161/190 3838/30/190 3839/162/190
f 3837/161/191 3840/29/191 3838/30/191
f 3841/187/192 3842/188/192 3843/189/192
f 3844/190/193 3842/188/193 3841/187/193
f 3845/191/194 3846/188/194 3847/192/194
f 3848/189/195 3846/188/195 3845/191/195
f 3849/191/196 3850/193/196 3851/194/196
f 3852/192/197 3850/193/197 3849/191/197
f 3853/195/198 3854/196/198 3855/197/198
f 3856/198/989 3854/196/989 3853/195/989
f 3857/32/200 3858/196/200 3859/33/200
f 3860/197/201 3858/196/201 3857/32/201
f 3861/199/202 3862/200/202 3863/201/202
f 3864/202/203 3862/200/203 3861/199/203
f 3865/31/204 3866/203/204 3867/204/204
f 3868/33/923 3866/203/923 3865/31/923
f 3869/198/206 3870/189/206 3871/196/206
f 3872/187/207 3870/189/207 3869/198/207
f 3873/196/208 3874/191/208 3875/33/208
f 3876/189/209 3874/191/209 3873/196/209
f 3877/203/210 3878/191/210 3879/194/210
f 3880/33/924 3878/191/924 3877/203/924
f 3881/205/212 3882/206/212 3883/207/212
f 3884/208/213 3882/206/213 3881/205/213
f 3885/209/214 3886/210/214 3887/211/214
f 3888/210/215 3885/209/215 3887/211/215
f 3889/212/216 3890/213/216 3891/214/216
f 3892/215/217 3890/213/217 3889/212/217
f 3893/213/218 3894/216/218 3895/217/218
f 3896/215/219 3894/216/219 3893/213/219
f 3897/218/220 3898/219/220 3899/220/220
f 3900/221/220 3898/219/220 3897/218/220
f 3901/215/990 3902/222/990 3903/213/990
f 3904/223/222 3902/222/222 3901/215/222
f 3905/213/223 3906/224/223 3907/225/223
f 3908/226/925 3906/224/925 3905/213/925
f 3909/213/225 3910/223/225 3911/215/225
f 3912/222/226 3910/223/226 3909/213/226
f 3913/227/303 3914/228/303 3915/229/303
f 3916/230/227 3914/228/227 3913/227/227
f 3917/221/228 3918/231/228 3919/219/228
f 3920/232/229 3918/231/229 3917/221/229
f 3921/213/230 3922/233/230 3923/214/230
f 3924/225/231 3922/233/231 3921/213/231
f 3925/234/232 3926/235/232 3927/236/232
f 3928/237/233 3926/235/233 3925/234/233
f 3929/234/234 3930/235/234 3931/237/234
f 3932/236/235 3930/235/235 3929/234/235
f 3933/232/236 3934/226/236 3935/231/236
f 3936/224/237 3934/226/237 3933/232/237
f 3937/238/238 3938/214/238 3939/233/238
f 3940/239/239 3938/214/239 3937/238/239
f 3941/240/227 3942/241/227 3943/242/227
f 3944/243/227 3942/241/227 3941/240/227
f 3945/244/240 3946/245/240 3947/246/240
f 3948/247/241 3946/245/241 3945/244/241
f 3949/234/319 3950/248/319 3951/249/319
f 3952/236/243 3950/248/243 3949/234/243
f 3953/250/216 3954/214/216 3955/239/216
f 3956/212/244 3954/214/244 3953/250/244
f 3957/250/245 3958/217/245 3959/216/245
f 3960/239/246 3958/217/246 3957/250/246
f 3961/248/247 3962/234/247 3963/249/247
f 3964/236/248 3962/234/248 3961/248/248
f 3965/251/249 3966/252/249 3967/253/249
f 3968/254/249 3966/252/249 3965/251/249
f 3969/254/250 3970/255/250 3971/252/250
f 3972/256/250 3970/255/250 3969/254/250
f 3973/256/251 3974/252/251 3975/255/251
f 3976/254/251 3974/252/251 3973/256/251
f 3977/254/252 3978/255/252 3979/252/252
f 3980/256/252 3978/255/252 3977/254/252
f 3981/257/253 3982/258/253 3983/259/253
f 3984/260/253 3982/258/253 3981/257/253
f 3985/261/254 3986/257/254 3987/262/254
f 3988/260/991 3986/257/991 3985/261/991
f 3989/258/255 3990/257/255 3991/259/255
f 3992/260/255 3990/257/255 3989/258/255
f 3993/257/256 3994/261/256 3995/262/256
f 3996/260/256 3994/261/256 3993/257/256
f 3997/263/257 3998/264/257 3999/265/257
f 3998/264/257 3997/263/257 4000/265/257
f 4001/136/258 4002/135/258 4003/137/258
f 4004/138/259 4002/135/259 4001/136/259
f 4005/140/260 4006/139/260 4007/141/260
f 4008/142/926 4006/139/926 4005/140/926
f 4009/143/262 4010/136/262 4011/144/262
f 4012/138/992 4010/136/992 4009/143/992
f 4013/140/928 4014/137/928 4015/135/928
f 4016/141/993 4014/137/993 4013/140/993
f 4017/146/994 4018/145/994 4019/147/994
f 4020/148/266 4018/145/266 4017/146/266
f 4021/150/267 4022/149/267 4023/151/267
f 4024/152/267 4022/149/267 4021/150/267
f 4025/147/930 4026/153/930 4027/154/930
f 4028/149/930 4026/153/930 4025/147/930
f 4029/145/270 4030/155/270 4031/151/270
f 4032/156/271 4030/155/271 4029/145/271
f 4033/147/272 4034/151/272 4035/145/272
f 4036/149/272 4034/151/272 4033/147/272
f 4037/188/273 4038/187/273 4039/189/273
f 4040/190/274 4038/187/274 4037/188/274
f 4041/191/931 4042/188/931 4043/189/931
f 4044/192/276 4042/188/276 4041/191/276
f 4045/193/277 4046/191/277 4047/194/277
f 4048/192/278 4046/191/278 4045/193/278
f 4049/196/279 4050/195/279 4051/197/279
f 4052/198/280 4050/195/280 4049/196/280
f 4053/32/995 4054/196/995 4055/197/995
f 4056/33/282 4054/196/282 4053/32/282
f 4057/203/996 4058/31/996 4059/204/996
f 4060/33/284 4058/31/284 4057/203/284
f 4061/198/285 4062/189/285 4063/187/285
f 4064/196/286 4062/189/286 4061/198/286
f 4065/196/935 4066/191/935 4067/189/935
f 4068/33/288 4066/191/288 4065/196/288
f 4069/203/289 4070/191/289 4071/33/289
f 4072/194/936 4070/191/936 4069/203/936
f 4073/238/291 4074/266/291 4075/239/291
f 4076/267/291 4074/266/291 4073/238/291
f 4077/268/997 4078/220/997 4079/269/997
f 4080/218/220 4078/220/220 4077/268/220
f 4081/270/292 4082/271/292 4083/272/292
f 4084/273/293 4082/271/293 4081/270/293
f 4085/274/294 4086/271/294 4087/273/294
f 4088/275/295 4086/271/295 4085/274/295
f 4089/273/998 4090/276/998 4091/271/998
f 4092/277/296 4090/276/296 4089/273/296
f 4093/168/297 4094/166/297 4095/169/297
f 4096/167/298 4094/166/298 4093/168/298
f 4097/171/299 4098/173/299 4099/170/299
f 4097/171/300 4099/170/300 4100/172/300
f 4101/175/301 4102/174/301 4103/176/301
f 4101/175/302 4104/177/302 4102/174/302
f 4105/228/303 4106/227/303 4107/229/303
f 4108/230/303 4106/227/303 4105/228/303
f 4109/171/304 4110/177/304 4111/175/304
f 4112/172/305 4110/177/305 4109/171/305
f 4113/171/306 4114/176/306 4115/173/306
f 4116/175/307 4114/176/307 4113/171/307
f 4117/235/235 4118/234/235 4119/236/235
f 4120/237/308 4118/234/308 4117/235/308
f 4121/234/232 4122/235/232 4123/236/232
f 4124/237/232 4122/235/232 4121/234/232
f 4125/180/309 4126/47/309 4127/179/309
f 4128/44/999 4126/47/999 4125/180/999
f 4129/47/311 4130/46/311 4131/48/311
f 4132/44/312 4130/46/312 4129/47/312
f 4133/241/227 4134/240/227 4135/242/227
f 4136/243/227 4134/240/227 4133/241/227
f 4137/244/241 4138/245/241 4139/247/241
f 4140/246/241 4138/245/241 4137/244/241
f 4141/248/313 4142/234/313 4143/249/313
f 4144/236/314 4142/234/314 4141/248/314
f 4145/179/315 4146/178/315 4147/180/315
f 4148/181/316 4146/178/316 4145/179/316
f 4149/199/317 4150/200/317 4151/202/317
f 4152/201/318 4150/200/318 4149/199/318
f 4153/248/243 4154/234/243 4155/236/243
f 4156/249/319 4154/234/319 4153/248/319
f 4157/252/249 4158/251/249 4159/253/249
f 4160/254/249 4158/251/249 4157/252/249
f 4161/255/320 4162/254/320 4163/252/320
f 4164/256/1000 4162/254/1000 4161/255/1000
f 4165/252/322 4166/256/322 4167/255/322
f 4168/254/322 4166/256/322 4165/252/322
f 4169/255/252 4170/254/252 4171/252/252
f 4172/256/252 4170/254/252 4169/255/252
f 4173/278/324 4174/279/324 4175/280/324
f 4176/281/324 4174/279/324 4173/278/324
f 4177/282/325 4178/280/325 4179/279/325
f 4180/283/325 4178/280/325 4177/282/325
f 4181/283/257 4182/284/257 4183/285/257
f 4184/282/257 4182/284/257 4181/283/257
f 4185/281/227 4186/285/227 4187/284/227
f 4188/278/227 4186/285/227 4185/281/227
f 4189/286/326 4190/287/326 4191/288/326
f 4192/289/326 4190/287/326 4189/286/326
f 4193/289/64 4194/288/64 4195/287/64
f 4196/286/64 4194/288/64 4193/289/64
f 4197/290/327 4198/291/327 4199/292/327
f 4200/293/328 4198/291/328 4197/290/328
f 4201/294/329 4202/295/329 4203/296/329
f 4204/297/329 4202/295/329 4201/294/329
f 4205/298/330 4206/294/330 4207/296/330
f 4208/299/331 4206/294/331 4205/298/331
f 4209/293/332 4210/298/332 4211/291/332
f 4212/299/332 4210/298/332 4209/293/332
f 4213/290/333 4214/291/333 4215/292/333
f 4216/293/334 4214/291/334 4213/290/334
f 4217/294/335 4218/295/335 4219/296/335
f 4220/297/335 4218/295/335 4217/294/335
f 4221/298/336 4222/294/336 4223/296/336
f 4224/299/337 4222/294/337 4221/298/337
f 4225/293/338 4226/298/338 4227/291/338
f 4228/299/338 4226/298/338 4225/293/338
f 4229/300/339 4230/301/339 4231/302/339
f 4232/303/340 4230/301/340 4229/300/340
f 4233/304/341 4234/300/341 4235/305/341
f 4236/303/341 4234/300/341 4233/304/341
f 4237/306/343 4238/307/343 4239/308/343
f 4240/309/344 4238/307/344 4237/306/344
f 4241/301/345 4242/308/345 4243/302/345
f 4244/306/345 4242/308/345 4241/301/345
f 4245/301/346 4246/300/346 4247/310/346
f 4248/303/347 4246/300/347 4245/301/347
f 4249/306/348 4250/310/348 4251/308/348
f 4252/301/348 4250/310/348 4249/306/348
f 4253/306/349 4254/307/349 4255/309/349
f 4256/308/350 4254/307/350 4253/306/350
f 4257/303/351 4258/305/351 4259/300/351
f 4260/304/351 4258/305/351 4257/303/351
f 4261/311/352 4262/312/352 4263/313/352
f 4264/314/353 4262/312/353 4261/311/353
f 4265/315/354 4266/316/354 4267/317/354
f 4268/318/355 4266/316/355 4265/315/355
f 4269/318/356 4270/312/356 4271/314/356
f 4272/315/356 4270/312/356 4269/318/356
f 4273/185/357 4274/43/357 4275/42/357
f 4276/186/358 4274/43/358 4273/185/358
f 4277/206/359 4278/205/359 4279/207/359
f 4280/208/360 4278/205/360 4277/206/360
f 4281/319/361 4282/320/361 4283/321/361
f 4284/322/362 4282/320/362 4281/319/362
f 4285/320/363 4286/319/363 4287/321/363
f 4288/322/364 4286/319/364 4285/320/364
f 4289/323/365 4290/324/365 4291/325/365
f 4292/326/366 4290/324/366 4289/323/366
f 4293/327/326 4294/328/326 4295/329/326
f 4296/330/326 4294/328/326 4293/327/326
f 4297/331/326 4298/330/326 4299/327/326
f 4300/332/326 4298/330/326 4297/331/326
f 4301/333/66 4302/332/66 4303/331/66
f 4304/334/326 4302/332/326 4301/333/326
f 4305/335/326 4306/334/326 4307/333/326
f 4308/336/326 4306/334/326 4305/335/326
f 4309/337/326 4310/336/326 4311/335/326
f 4312/338/326 4310/336/326 4309/337/326
f 4313/329/326 4314/338/326 4315/337/326
f 4316/328/326 4314/338/326 4313/329/326
f 4317/329/65 4318/330/65 4319/327/65
f 4320/328/64 4318/330/64 4317/329/64
f 4321/337/64 4322/328/64 4323/329/64
f 4324/338/64 4322/328/64 4321/337/64
f 4325/335/65 4326/338/65 4327/337/65
f 4328/336/64 4326/338/64 4325/335/64
f 4329/333/64 4330/336/64 4331/335/64
f 4332/334/64 4330/336/64 4329/333/64
f 4333/331/64 4334/334/64 4335/333/64
f 4336/332/64 4334/334/64 4333/331/64
f 4337/327/65 4338/332/65 4339/331/65
f 4340/330/64 4338/332/64 4337/327/64
f 4341/339/367 4342/324/367 4343/340/367
f 4344/325/368 4342/324/368 4341/339/368
f 4345/341/369 4346/326/369 4347/323/369
f 4348/342/370 4346/326/370 4345/341/370
f 4349/343/371 4350/344/371 4351/345/371
f 4352/346/372 4350/344/372 4349/343/372
f 4353/347/373 4354/348/373 4355/349/373
f 4356/350/374 4354/348/374 4353/347/374
f 4357/348/375 4358/345/375 4359/349/375
f 4360/343/376 4358/345/376 4357/348/376
f 4361/351/377 4362/324/377 4363/326/377
f 4364/352/939 4362/324/939 4361/351/939
f 4365/324/379 4366/323/379 4367/325/379
f 4368/326/380 4366/323/380 4365/324/380
f 4369/339/381 4370/324/381 4371/325/381
f 4372/340/382 4370/324/382 4369/339/382
f 4373/326/383 4374/341/383 4375/323/383
f 4376/342/384 4374/341/384 4373/326/384
f 4377/344/385 4378/343/385 4379/345/385
f 4380/346/386 4378/343/386 4377/344/386
f 4381/348/387 4382/347/387 4383/349/387
f 4384/350/388 4382/347/388 4381/348/388
f 4385/345/389 4386/348/389 4387/349/389
f 4388/343/390 4386/348/390 4385/345/390
f 4389/324/391 4390/351/391 4391/326/391
f 4392/352/392 4390/351/392 4389/324/392
f 4393/353/393 4394/36/393 4395/37/393
f 4396/354/394 4394/36/394 4393/353/394
f 4397/353/395 4398/36/395 4399/354/395
f 4400/37/396 4398/36/396 4397/353/396
f 4401/355/397 4402/36/397 4403/35/397
f 4404/354/398 4402/36/398 4401/355/398
f 4405/355/399 4406/36/399 4407/354/399
f 4408/35/400 4406/36/400 4405/355/400
f 4409/353/401 4410/36/401 4411/354/401
f 4412/37/402 4410/36/402 4409/353/402
f 4413/36/403 4414/353/403 4415/354/403
f 4416/37/942 4414/353/942 4413/36/942
f 4417/355/405 4418/36/405 4419/354/405
f 4420/35/406 4418/36/406 4417/355/406
f 4421/36/407 4422/355/407 4423/354/407
f 4424/35/408 4422/355/408 4421/36/408
f 4425/356/1001 4426/357/1001 4427/358/1001
f 4427/358/409 4426/357/409 4428/359/409
f 4429/357/442 4430/356/442 4428/359/442
f 4428/359/410 4430/356/410 4431/358/410
f 4432/356/411 4433/358/411 4434/357/411
f 4434/357/411 4433/358/411 4435/359/411
f 4436/356/412 4435/359/412 4437/358/412
f 4438/357/413 4435/359/413 4436/356/413
f 4439/360/257 4440/361/257 4441/362/257
f 4441/362/257 4440/361/257 4442/363/257
f 4441/362/414 4442/363/414 4443/364/414
f 4443/364/414 4442/363/414 4444/365/414
f 4443/364/415 4444/365/415 4445/366/415
f 4445/366/416 4444/365/416 4446/367/416
f 4445/366/324 4446/367/324 4447/368/324
f 4447/368/324 4446/367/324 4448/369/324
f 4447/368/417 4448/369/417 4449/370/417
f 4449/370/417 4448/369/417 4450/371/417
f 4449/370/418 4450/371/418 4451/372/418
f 4451/372/418 4450/371/418 4452/373/418
f 4453/374/419 4454/95/419 4455/375/419
f 4455/375/943 4454/95/943 4456/96/943
f 4455/375/421 4456/96/421 4457/376/421
f 4457/376/422 4456/96/422 4458/99/422
f 4458/99/423 4459/101/423 4457/376/423
f 4457/376/424 4459/101/424 4460/377/424
f 4461/103/425 4460/377/425 4459/101/425
f 4462/378/426 4460/377/426 4461/103/426
f 4463/54/427 4464/277/427 4465/55/427
f 4465/55/427 4464/277/427 4466/273/427
f 4466/273/428 4467/379/428 4465/55/428
f 4466/273/429 4468/380/429 4467/379/429
f 4466/273/430 4469/270/430 4468/380/430
f 4468/380/431 4469/270/431 4470/381/431
f 4471/55/432 4472/379/432 4473/273/432
f 4472/379/433 4474/380/433 4473/273/433
f 4475/274/434 4473/273/434 4474/380/434
f 4474/380/435 4476/382/435 4475/274/435
f 4477/383/436 4478/384/436 4479/385/436
f 4479/385/436 4478/384/436 4480/386/436
f 4479/385/437 4480/386/437 4481/383/437
f 4481/383/438 4480/386/438 4482/384/438
f 4483/385/439 4484/386/439 4485/383/439
f 4485/383/439 4484/386/439 4486/384/439
f 4485/383/440 4486/384/440 4487/385/440
f 4487/385/441 4486/384/441 4488/386/441
f 4489/357/442 4490/359/442 4491/356/442
f 4491/356/410 4490/359/410 4492/358/410
f 4491/356/409 4492/358/409 4493/357/409
f 4493/357/409 4492/358/409 4494/359/409
f 4495/27/443 4496/25/443 4497/387/443
f 4497/387/444 4496/25/444 4498/388/444
f 4497/387/445 4498/388/445 4499/389/445
f 4500/390/446 4501/391/446 4502/392/446
f 4502/392/446 4501/391/446 4503/393/446
f 4502/392/446 4503/393/446 4504/394/446
f 4504/394/446 4503/393/446 4505/395/446
f 4506/396/447 4507/397/447 4508/398/447
f 4508/398/448 4507/397/448 4509/399/448
f 4508/398/449 4509/399/449 4510/400/449
f 4511/67/450 4512/401/450 4513/402/450
f 4513/402/451 4512/401/451 4514/403/451
f 4513/402/452 4514/403/452 4515/404/452
f 4515/404/452 4514/403/452 4516/69/452
f 4517/405/453 4518/388/453 4519/162/453
f 4519/162/454 4518/388/454 4520/406/454
f 4519/162/455 4520/406/455 4521/30/455
f 4521/30/456 4520/406/456 4522/407/456
f 4521/30/457 4522/407/457 4523/408/457
f 4521/30/458 4523/408/458 4524/409/458
f 4524/409/459 4525/28/459 4521/30/459
f 4526/410/460 4525/28/460 4524/409/460
f 4524/409/461 4527/28/461 4526/410/461
f 4524/409/462 4523/408/462 4528/411/462
f 4529/30/463 4527/28/463 4524/409/463
f 4530/412/464 4528/411/464 4523/408/464
f 4529/30/465 4524/409/465 4531/408/465
f 4531/408/466 4524/409/466 4528/411/466
f 4532/413/467 4528/411/467 4530/412/467
f 4529/30/468 4531/408/468 4533/407/468
f 4534/412/469 4528/411/469 4532/413/469
f 4531/408/470 4528/411/470 4534/412/470
f 4535/406/471 4529/30/471 4533/407/471
f 4536/162/472 4529/30/472 4535/406/472
f 4535/406/473 4537/388/473 4536/162/473
f 4536/162/474 4537/388/474 4538/405/474
f 4539/414/475 4540/415/475 4541/416/475
f 4542/117/476 4541/416/476 4540/415/476
f 4543/120/477 4541/416/477 4542/117/477
f 4544/417/478 4545/418/478 4546/419/478
f 4546/419/479 4545/418/479 4547/420/479
f 4546/419/480 4547/420/480 4548/76/480
f 4548/76/481 4547/420/481 4549/74/481
f 4550/421/482 4551/422/482 4552/423/482
f 4552/423/483 4551/422/483 4553/74/483
f 4552/423/484 4553/74/484 4554/424/484
f 4554/424/485 4553/74/485 4555/420/485
f 4554/424/486 4555/420/486 4556/425/486
f 4555/420/487 4557/418/487 4556/425/487
f 4558/426/488 4559/427/488 4560/428/488
f 4560/428/489 4559/427/489 4561/429/489
f 4560/428/490 4561/429/490 4562/430/490
f 4563/75/491 4564/74/491 4565/76/491
f 4564/74/492 4566/420/492 4565/76/492
f 4565/76/493 4566/420/493 4567/419/493
f 4566/420/494 4568/417/494 4567/419/494
f 4569/418/495 4568/417/495 4566/420/495
f 4570/431/496 4571/432/496 4572/433/496
f 4571/432/497 4573/434/497 4572/433/497
f 4572/433/498 4573/434/498 4574/435/498
f 4575/378/499 4576/103/499 4577/377/499
f 4577/377/500 4576/103/500 4578/101/500
f 4577/377/1002 4578/101/1002 4579/376/1002
f 4579/376/502 4578/101/502 4580/99/502
f 4581/96/503 4579/376/503 4580/99/503
f 4582/375/1003 4579/376/1003 4581/96/1003
f 4583/95/505 4582/375/505 4581/96/505
f 4584/374/506 4582/375/506 4583/95/506
f 4585/436/507 4586/437/507 4587/438/507
f 4588/439/508 4586/437/508 4585/436/508
f 4589/440/509 4586/437/509 4588/439/509
f 4590/423/1004 4591/422/1004 4592/421/1004
f 4593/74/511 4591/422/511 4590/423/511
f 4594/424/512 4593/74/512 4590/423/512
f 4595/420/513 4593/74/513 4594/424/513
f 4595/420/514 4594/424/514 4596/425/514
f 4597/418/515 4595/420/515 4596/425/515
f 4598/122/516 4599/441/516 4600/109/516
f 4598/122/517 4600/109/517 4601/119/517
f 4601/119/1005 4600/109/1005 4602/442/1005
f 4603/416/519 4604/415/519 4605/414/519
f 4604/415/520 4603/416/520 4606/117/520
f 4606/117/521 4603/416/521 4607/120/521
f 4608/437/522 4609/440/522 4610/439/522
f 4611/436/523 4608/437/523 4610/439/523
f 4612/438/524 4608/437/524 4611/436/524
f 4613/432/525 4614/431/525 4615/433/525
f 4613/432/526 4615/433/526 4616/434/526
f 4616/434/1006 4615/433/1006 4617/435/1006
f 4618/443/528 4619/444/528 4620/423/528
f 4621/424/529 4618/443/529 4620/423/529
f 4622/445/530 4618/443/530 4621/424/530
f 4623/425/531 4622/445/531 4621/424/531
f 4624/446/532 4622/445/532 4623/425/532
f 4625/447/533 4626/448/533 4627/449/533
f 4625/447/534 4628/450/534 4626/448/534
f 4626/448/535 4628/450/535 4629/451/535
f 4630/109/947 4631/441/947 4632/122/947
f 4630/109/537 4632/122/537 4633/119/537
f 4630/109/1007 4633/119/1007 4634/442/1007
f 4635/452/257 4636/453/257 4637/454/257
f 4638/455/257 4636/453/257 4635/452/257
f 4639/456/414 4638/455/414 4635/452/414
f 4640/457/414 4638/455/414 4639/456/414
f 4641/458/539 4640/457/539 4639/456/539
f 4642/459/539 4640/457/539 4641/458/539
f 4643/460/324 4642/459/324 4641/458/324
f 4644/461/324 4642/459/324 4643/460/324
f 4645/462/417 4644/461/417 4643/460/417
f 4646/463/417 4644/461/417 4645/462/417
f 4647/387/540 4648/25/540 4649/27/540
f 4650/388/541 4648/25/541 4647/387/541
f 4650/388/542 4647/387/542 4651/389/542
f 4652/464/257 4653/465/257 4654/466/257
f 4655/467/257 4653/465/257 4652/464/257
f 4656/468/543 4655/467/543 4652/464/543
f 4657/469/543 4655/467/543 4656/468/543
f 4658/470/544 4657/469/544 4656/468/544
f 4659/471/544 4657/469/544 4658/470/544
f 4660/472/324 4659/471/324 4658/470/324
f 4661/473/324 4659/471/324 4660/472/324
f 4660/472/545 4662/474/545 4661/473/545
f 4663/475/546 4662/474/546 4660/472/546
f 4664/393/446 4665/394/446 4666/395/446
f 4667/392/446 4665/394/446 4664/393/446
f 4668/391/446 4667/392/446 4664/393/446
f 4669/390/446 4667/392/446 4668/391/446
f 4670/386/436 4671/383/436 4672/384/436
f 4673/385/436 4671/383/436 4670/386/436
f 4674/384/438 4673/385/438 4670/386/438
f 4675/383/438 4673/385/438 4674/384/438
f 4676/358/411 4677/357/411 4678/359/411
f 4679/356/411 4677/357/411 4676/358/411
f 4680/359/413 4679/356/413 4676/358/413
f 4681/357/413 4679/356/413 4680/359/413
f 4682/379/547 4683/382/547 4684/380/547
f 4685/476/548 4683/382/548 4682/379/548
f 4682/379/549 4686/55/549 4685/476/549
f 4687/477/550 4685/476/550 4686/55/550
f 4687/477/551 4688/55/551 4689/478/551
f 4688/55/552 4690/379/552 4689/478/552
f 4690/379/553 4691/381/553 4689/478/553
f 4690/379/554 4692/380/554 4691/381/554
f 4693/384/439 4694/385/439 4695/386/439
f 4696/383/439 4694/385/439 4693/384/439
f 4697/386/440 4696/383/440 4693/384/440
f 4698/385/441 4696/383/441 4697/386/441
f 4699/399/555 4700/398/555 4701/400/555
f 4702/397/1008 4700/398/1008 4699/399/1008
f 4703/396/557 4700/398/557 4702/397/557
f 4704/479/558 4705/480/558 4706/481/558
f 4706/481/559 4705/480/559 4707/482/559
f 4705/480/560 4708/483/560 4707/482/560
f 4707/482/561 4708/483/561 4709/484/561
f 4709/484/561 4708/483/561 4710/345/561
f 4710/345/562 4708/483/562 4711/349/562
f 4712/444/563 4713/443/563 4714/423/563
f 4713/443/564 4715/424/564 4714/423/564
f 4716/445/565 4715/424/565 4713/443/565
f 4716/445/566 4717/446/566 4715/424/566
f 4715/424/567 4717/446/567 4718/425/567
f 4719/485/568 4720/486/568 4721/487/568
f 4722/488/569 4720/486/569 4719/485/569
f 4722/488/570 4723/485/570 4720/486/570
f 4720/486/571 4723/485/571 4724/487/571
f 4725/489/572 4726/490/572 4727/491/572
f 4728/492/573 4726/490/573 4725/489/573
f 4729/493/574 4726/490/574 4728/492/574
f 4730/494/575 4726/490/575 4729/493/575
f 4729/493/576 4731/495/576 4730/494/576
f 4730/494/577 4731/495/577 4732/496/577
f 4731/495/578 4733/497/578 4732/496/578
f 4734/498/579 4733/497/579 4731/495/579
f 4735/499/580 4736/398/580 4737/500/580
f 4738/501/581 4736/398/581 4735/499/581
f 4736/398/582 4738/501/582 4739/502/582
f 4736/398/949 4739/502/949 4740/400/949
f 4739/502/584 4738/501/584 4741/503/584
f 4740/400/585 4739/502/585 4742/167/585
f 4741/503/586 4743/504/586 4739/502/586
f 4742/167/587 4739/502/587 4744/505/587
f 4739/502/588 4743/504/588 4744/505/588
f 4745/438/589 4746/435/589 4747/433/589
f 4745/438/590 4747/433/590 4748/437/590
f 4747/433/591 4749/440/591 4748/437/591
f 4750/431/592 4749/440/592 4747/433/592
f 4751/236/593 4752/237/593 4753/234/593
f 4754/235/593 4752/237/593 4751/236/593
f 4755/235/594 4756/236/594 4752/237/594
f 4752/237/594 4756/236/594 4757/234/594
f 4758/66/595 4759/506/595 4760/65/595
f 4761/507/596 4759/506/596 4758/66/596
f 4761/507/597 4762/70/597 4759/506/597
f 4759/506/598 4762/70/598 4763/68/598
f 4764/57/599 4765/58/599 4766/56/599
f 4767/508/1009 4764/57/1009 4766/56/1009
f 4767/508/601 4766/56/601 4768/509/601
f 4766/56/602 4769/510/602 4768/509/602
f 4769/510/603 4770/56/603 4768/509/603
f 4770/56/604 4771/508/604 4768/509/604
f 4772/57/605 4771/508/605 4770/56/605
f 4773/58/606 4772/57/606 4770/56/606
f 4774/236/607 4775/249/607 4776/248/607
f 4777/234/711 4775/249/711 4774/236/711
f 4778/234/609 4779/236/609 4775/249/609
f 4775/249/610 4779/236/610 4780/248/610
f 4781/236/594 4782/237/594 4783/235/594
f 4784/234/594 4782/237/594 4781/236/594
f 4785/236/593 4782/237/593 4786/234/593
f 4787/235/593 4782/237/593 4785/236/593
f 4788/386/611 4789/511/611 4790/384/611
f 4791/384/612 4789/511/612 4788/386/612
f 4792/384/631 4789/511/631 4793/386/631
f 4794/386/614 4789/511/614 4792/384/614
f 4795/466/257 4796/467/257 4797/465/257
f 4798/464/257 4796/467/257 4795/466/257
f 4799/468/615 4796/467/615 4798/464/615
f 4800/469/615 4796/467/615 4799/468/615
f 4801/470/616 4800/469/616 4799/468/616
f 4802/471/616 4800/469/616 4801/470/616
f 4801/470/324 4803/473/324 4802/471/324
f 4804/472/324 4803/473/324 4801/470/324
f 4805/475/617 4803/473/617 4804/472/617
f 4806/474/618 4803/473/618 4805/475/618
f 4807/210/619 4808/106/619 4809/211/619
f 4809/211/620 4808/106/620 4810/107/620
f 4811/106/621 4809/211/621 4810/107/621
f 4812/210/622 4809/211/622 4811/106/622
f 4813/495/623 4814/497/623 4815/498/623
f 4816/496/624 4814/497/624 4813/495/624
f 4816/496/953 4813/495/953 4817/512/953
f 4817/512/626 4813/495/626 4818/493/626
f 4818/493/627 4819/490/627 4817/512/627
f 4820/513/628 4819/490/628 4818/493/628
f 4820/513/629 4821/514/629 4819/490/629
f 4819/490/630 4821/514/630 4822/491/630
f 4823/511/631 4824/386/631 4825/384/631
f 4823/511/614 4825/384/614 4826/386/614
f 4823/511/611 4827/384/611 4828/386/611
f 4823/511/612 4828/386/612 4829/384/612
f 4830/183/632 4831/184/632 4832/515/632
f 4832/515/633 4831/184/633 4833/516/633
f 4831/184/634 4834/515/634 4833/516/634
f 4835/183/635 4834/515/635 4831/184/635
f 4836/485/636 4837/515/636 4838/488/636
f 4838/488/637 4837/515/637 4839/516/637
f 4840/515/638 4838/488/638 4839/516/638
f 4841/485/639 4838/488/639 4840/515/639
f 4842/405/640 4843/388/640 4844/517/640
f 4844/517/641 4843/388/641 4845/25/641
f 4845/25/642 4846/518/642 4844/517/642
f 4846/518/643 4847/519/643 4844/517/643
f 4848/520/644 4847/519/644 4846/518/644
f 4848/520/645 4846/518/645 4849/519/645
f 4849/519/646 4846/518/646 4850/517/646
f 4851/521/647 4846/518/647 4845/25/647
f 4846/518/648 4852/25/648 4850/517/648
f 4851/521/647 4852/25/647 4846/518/647
f 4853/26/649 4851/521/649 4845/25/649
f 4852/25/650 4854/388/650 4850/517/650
f 4855/522/651 4851/521/651 4853/26/651
f 4850/517/652 4854/388/652 4856/405/652
f 4857/26/1010 4851/521/1010 4855/522/1010
f 4852/25/649 4851/521/649 4857/26/649
f 4858/399/654 4859/523/654 4860/50/654
f 4860/50/655 4861/524/655 4858/399/655
f 4858/399/656 4861/524/656 4862/525/656
f 4863/400/657 4858/399/657 4862/525/657
f 4862/525/658 4861/524/658 4864/526/658
f 4862/525/659 4865/167/659 4863/400/659
f 4866/169/660 4862/525/660 4864/526/660
f 4867/168/661 4865/167/661 4862/525/661
f 4867/168/662 4862/525/662 4866/169/662
f 4868/398/663 4869/499/663 4870/500/663
f 4868/398/664 4871/501/664 4869/499/664
f 4872/502/665 4871/501/665 4868/398/665
f 4873/503/666 4871/501/666 4872/502/666
f 4872/502/667 4868/398/667 4874/400/667
f 4872/502/668 4875/504/668 4873/503/668
f 4874/400/669 4876/167/669 4872/502/669
f 4877/505/670 4875/504/670 4872/502/670
f 4872/502/671 4876/167/671 4877/505/671
f 4878/58/672 4879/57/672 4880/57/672
f 4879/57/673 4881/508/673 4880/57/673
f 4881/508/674 4879/57/674 4882/527/674
f 4882/527/675 4879/57/675 4883/528/675
f 4883/528/676 4884/57/676 4882/527/676
f 4882/527/677 4884/57/677 4885/508/677
f 4885/508/678 4884/57/678 4886/57/678
f 4884/57/679 4887/58/679 4886/57/679
f 4888/510/680 4889/529/680 4890/56/680
f 4891/530/681 4889/529/681 4888/510/681
f 4888/510/682 4892/529/682 4891/530/682
f 4893/56/954 4892/529/954 4888/510/954
f 4894/65/684 4895/506/684 4896/66/684
f 4896/66/685 4895/506/685 4897/402/685
f 4895/506/686 4898/404/686 4897/402/686
f 4899/68/687 4898/404/687 4895/506/687
f 4900/531/688 4901/532/688 4902/533/688
f 4902/533/689 4901/532/689 4903/534/689
f 4903/534/689 4904/532/689 4902/533/689
f 4902/533/690 4904/532/690 4905/531/690
f 4906/480/691 4907/345/691 4908/349/691
f 4909/482/692 4907/345/692 4906/480/692
f 4906/480/693 4910/481/693 4909/482/693
f 4911/479/694 4910/481/694 4906/480/694
f 4912/535/695 4913/114/695 4914/112/695
f 4915/536/696 4912/535/696 4914/112/696
f 4916/112/697 4912/535/697 4915/536/697
f 4917/116/698 4912/535/698 4916/112/698
f 4918/523/699 4919/399/699 4920/50/699
f 4921/524/700 4920/50/700 4919/399/700
f 4921/524/957 4919/399/957 4922/525/957
f 4921/524/702 4922/525/702 4923/526/702
f 4919/399/703 4924/400/703 4922/525/703
f 4922/525/704 4925/169/704 4923/526/704
f 4924/400/705 4926/167/705 4922/525/705
f 4927/168/706 4925/169/706 4922/525/706
f 4922/525/707 4926/167/707 4927/168/707
f 4928/532/708 4929/487/708 4930/534/708
f 4930/534/708 4929/487/708 4931/486/708
f 4932/487/708 4930/534/708 4931/486/708
f 4933/532/708 4930/534/708 4932/487/708
f 4934/234/609 4935/236/609 4936/249/609
f 4936/249/710 4935/236/710 4937/248/710
f 4938/248/607 4939/236/607 4936/249/607
f 4936/249/711 4939/236/711 4940/234/711
f 4941/116/712 4942/112/712 4943/535/712
f 4942/112/713 4944/536/713 4943/535/713
f 4944/536/714 4945/112/714 4943/535/714
f 4943/535/715 4945/112/715 4946/114/715
f 4947/435/716 4948/438/716 4949/433/716
f 4949/433/717 4948/438/717 4950/437/717
f 4951/440/718 4949/433/718 4950/437/718
f 4952/431/719 4949/433/719 4951/440/719
f 4953/430/720 4954/537/720 4955/428/720
f 4955/428/721 4954/537/721 4956/538/721
f 4955/428/722 4956/538/722 4957/426/722
f 4958/539/723 4956/538/723 4954/537/723
f 4959/540/723 4956/538/723 4958/539/723
f 4958/539/724 4960/448/724 4959/540/724
f 4961/449/725 4960/448/725 4958/539/725
f 4960/448/726 4962/451/726 4959/540/726
f 4963/430/727 4964/428/727 4965/537/727
f 4965/537/728 4964/428/728 4966/538/728
f 4967/426/729 4966/538/729 4964/428/729
f 4965/537/730 4966/538/730 4968/539/730
f 4968/539/730 4966/538/730 4969/540/730
f 4969/540/731 4970/541/731 4968/539/731
f 4970/541/732 4969/540/732 4971/451/732
f 4968/539/733 4970/541/733 4972/449/733
f 4973/349/734 4974/483/734 4975/347/734
f 4975/347/735 4974/483/735 4976/542/735
f 4975/347/1011 4976/542/1011 4977/349/1011
f 4978/480/737 4976/542/737 4974/483/737
f 4977/349/738 4976/542/738 4979/480/738
f 4980/543/739 4976/542/739 4978/480/739
f 4976/542/740 4980/543/740 4979/480/740
f 4981/479/741 4980/543/741 4978/480/741
f 4979/480/742 4980/543/742 4982/479/742
f 4983/544/743 4980/543/743 4981/479/743
f 4982/479/744 4980/543/744 4983/544/744
f 4984/344/745 4985/484/745 4986/345/745
f 4987/545/746 4985/484/746 4984/344/746
f 4988/345/747 4987/545/747 4984/344/747
f 4987/545/748 4989/482/748 4985/484/748
f 4990/482/749 4987/545/749 4988/345/749
f 4991/546/750 4989/482/750 4987/545/750
f 4991/546/751 4987/545/751 4990/482/751
f 4989/482/752 4991/546/752 4992/321/752
f 4990/482/753 4993/321/753 4991/546/753
f 4992/321/754 4991/546/754 4994/319/754
f 4991/546/755 4993/321/755 4994/319/755
f 4995/547/756 4996/473/756 4997/474/756
f 4995/547/757 4998/471/757 4996/473/757
f 4995/547/758 4999/469/758 4998/471/758
f 4995/547/759 5000/467/759 4999/469/759
f 4995/547/760 5001/465/760 5000/467/760
f 4995/547/761 5002/548/761 5001/465/761
f 5003/547/762 5004/548/762 5005/465/762
f 5003/547/763 5005/465/763 5006/467/763
f 5003/547/764 5006/467/764 5007/469/764
f 5003/547/765 5007/469/765 5008/471/765
f 5003/547/766 5008/471/766 5009/473/766
f 5003/547/767 5009/473/767 5010/474/767
f 5011/549/768 5012/475/768 5013/472/768
f 5011/549/766 5013/472/766 5014/470/766
f 5011/549/769 5014/470/769 5015/468/769
f 5011/549/770 5015/468/770 5016/464/770
f 5011/549/763 5016/464/763 5017/466/763
f 5011/549/771 5017/466/771 5018/550/771
f 5019/549/772 5020/466/772 5021/550/772
f 5019/549/760 5022/464/760 5020/466/760
f 5019/549/773 5023/468/773 5022/464/773
f 5019/549/774 5024/470/774 5023/468/774
f 5019/549/757 5025/472/757 5024/470/757
f 5019/549/775 5026/475/775 5025/472/775
f 5027/551/776 5028/552/776 5029/553/776
f 5030/554/777 5028/552/777 5027/551/777
f 5031/555/778 5030/554/778 5027/551/778
f 5032/551/779 5028/552/779 5030/554/779
f 5033/553/780 5028/552/780 5032/551/780
f 5032/551/781 5030/554/781 5034/555/781
f 5035/556/782 5030/554/782 5031/555/782
f 5034/555/962 5030/554/962 5035/556/962
f 5031/555/784 5036/557/784 5035/556/784
f 5036/557/785 5034/555/785 5035/556/785
f 5037/558/786 5038/559/786 5039/560/786
f 5039/560/787 5038/559/787 5040/561/787
f 5041/61/788 5040/561/788 5038/559/788
f 5042/559/789 5039/560/789 5040/561/789
f 5043/558/790 5039/560/790 5042/559/790
f 5040/561/791 5044/61/791 5042/559/791
f 5045/562/792 5040/561/792 5041/61/792
f 5045/562/793 5044/61/793 5040/561/793
f 5046/563/794 5045/562/794 5041/61/794
f 5044/61/795 5045/562/795 5047/563/795
f 5048/564/796 5045/562/796 5046/563/796
f 5047/563/797 5045/562/797 5048/564/797
f 5049/553/798 5050/552/798 5051/565/798
f 5051/565/799 5050/552/799 5052/566/799
f 5052/566/1012 5050/552/1012 5053/565/1012
f 5053/565/801 5050/552/801 5054/553/801
f 5055/567/802 5051/565/802 5052/566/802
f 5052/566/803 5053/565/803 5055/567/803
f 5056/568/804 5051/565/804 5055/567/804
f 5055/567/805 5053/565/805 5057/568/805
f 5058/569/806 5056/568/806 5055/567/806
f 5055/567/807 5057/568/807 5058/569/807
f 5059/570/808 5056/568/808 5058/569/808
f 5058/569/809 5057/568/809 5060/570/809
f 5061/571/810 5059/570/810 5058/569/810
f 5060/570/811 5062/571/811 5058/569/811
f 5061/571/812 5058/569/812 5063/572/812
f 5058/569/813 5062/571/813 5063/572/813
f 5064/59/814 5065/165/814 5066/573/814
f 5067/165/815 5064/59/815 5066/573/815
f 5068/61/816 5065/165/816 5064/59/816
f 5069/61/817 5064/59/817 5067/165/817
f 5070/60/53 5068/61/53 5064/59/53
f 5070/60/55 5064/59/55 5069/61/55
f 5071/574/818 5068/61/818 5070/60/818
f 5069/61/819 5072/574/819 5070/60/819
f 5070/60/820 5073/575/820 5071/574/820
f 5074/575/821 5070/60/821 5072/574/821
f 5075/576/822 5073/575/822 5070/60/822
f 5075/576/823 5070/60/823 5074/575/823
f 5076/577/824 5077/64/824 5078/578/824
f 5076/577/825 5079/579/825 5077/64/825
f 5078/578/826 5077/64/826 5080/63/826
f 5078/578/1013 5080/63/1013 5079/579/1013
f 5077/64/828 5079/579/828 5081/62/828
f 5079/579/829 5080/63/829 5081/62/829
f 5082/580/830 5083/581/830 5084/582/830
f 5083/581/831 5085/583/831 5084/582/831
f 5086/584/832 5083/581/832 5082/580/832
f 5085/583/833 5086/584/833 5082/580/833
f 5087/585/966 5085/583/966 5083/581/966
f 5087/585/1014 5086/584/1014 5085/583/1014
f 5088/586/836 5089/587/836 5090/588/836
f 5088/586/837 5090/588/837 5091/589/837
f 5089/587/838 5091/589/838 5092/590/838
f 5090/588/839 5089/587/839 5092/590/839
f 5091/589/967 5090/588/967 5093/591/967
f 5092/590/841 5091/589/841 5093/591/841
f 5090/588/842 5094/592/842 5093/591/842
f 5090/588/1015 5092/590/1015 5094/592/1015
f 5093/591/844 5095/593/844 5092/590/844
f 5093/591/845 5094/592/845 5095/593/845
f 5094/592/846 5092/590/846 5096/594/846
f 5092/590/1016 5095/593/1016 5096/594/1016
f 5096/594/848 5097/595/848 5094/592/848
f 5096/594/849 5095/593/849 5097/595/849
f 5094/592/850 5097/595/850 5098/596/850
f 5094/592/851 5098/596/851 5095/593/851
f 5097/595/852 5095/593/852 5099/597/852
f 5095/593/1017 5098/596/1017 5099/597/1017
f 5100/588/854 5101/587/854 5102/586/854
f 5102/586/855 5103/589/855 5100/588/855
f 5104/590/856 5103/589/856 5101/587/856
f 5104/590/857 5101/587/857 5100/588/857
f 5100/588/858 5103/589/858 5105/591/858
f 5105/591/859 5103/589/859 5104/590/859
f 5100/588/860 5105/591/860 5106/592/860
f 5106/592/861 5104/590/861 5100/588/861
f 5105/591/862 5104/590/862 5107/593/862
f 5106/592/863 5105/591/863 5107/593/863
f 5108/594/864 5104/590/864 5106/592/864
f 5107/593/865 5104/590/865 5108/594/865
f 5108/594/866 5106/592/866 5109/595/866
f 5109/595/1018 5107/593/1018 5108/594/1018
f 5109/595/868 5106/592/868 5110/596/868
f 5106/592/869 5107/593/869 5110/596/869
f 5111/597/870 5107/593/870 5109/595/870
f 5110/596/871 5107/593/871 5111/597/871
f 5112/353/872 5113/37/872 5114/354/872
f 5115/354/873 5113/37/873 5112/353/873
f 5114/354/874 5113/37/874 5116/36/874
f 5117/36/875 5113/37/875 5115/354/875
f 5116/36/1019 5118/35/1019 5114/354/1019
f 5115/354/877 5118/35/877 5117/36/877
f 5113/37/878 5119/34/878 5116/36/878
f 5117/36/879 5119/34/879 5113/37/879
f 5116/36/880 5119/34/880 5118/35/880
f 5118/35/881 5119/34/881 5117/36/881
f 5120/355/882 5118/35/882 5115/354/882
f 5114/354/883 5118/35/883 5120/355/883
f 5121/37/884 5122/354/884 5123/353/884
f 5124/354/885 5121/37/885 5123/353/885
f 5125/36/886 5122/354/886 5121/37/886
f 5126/36/887 5121/37/887 5124/354/887
f 5125/36/888 5127/35/888 5122/354/888
f 5126/36/889 5124/354/889 5127/35/889
f 5128/34/890 5125/36/890 5121/37/890
f 5128/34/891 5121/37/891 5126/36/891
f 5128/34/973 5127/35/973 5125/36/973
f 5128/34/893 5126/36/893 5127/35/893
f 5127/35/894 5124/354/894 5129/355/894
f 5122/354/895 5127/35/895 5129/355/895
f 5130/598/896 5131/599/896 5132/600/896
f 5133/601/974 5130/598/974 5132/600/974
f 5131/599/901 5133/601/901 5132/600/901
f 5134/602/899 5131/599/899 5130/598/899
f 5133/601/900 5134/602/900 5130/598/900
f 5135/603/901 5133/601/901 5131/599/901
f 5135/603/902 5134/602/902 5133/601/902
f 5135/603/903 5131/599/903 5134/602/903
