# Blender 4.2.3 LTS
# www.blender.org
o cir_25
v -0.277785 0.000000 0.415735
v -0.353553 0.000000 0.353554
v 0.000000 0.000000 0.000000
v -0.191341 0.000000 0.461940
v -0.417745 0.119773 0.173036
v -0.375960 0.119773 0.251209
v -0.373428 0.127400 0.249517
v -0.414931 0.127400 0.171870
v 0.251209 0.119773 -0.375960
v 0.173036 0.119773 -0.417745
v 0.171870 0.127400 -0.414931
v 0.249516 0.127400 -0.373428
v 0.000000 0.119773 0.452164
v 0.088213 0.119773 0.443475
v 0.087618 0.127400 0.440488
v 0.000000 0.127400 0.449118
v -0.319728 0.119773 0.319729
v -0.317573 0.127400 0.317575
v 0.088212 0.119773 -0.443475
v 0.087618 0.127400 -0.440488
v 0.173036 0.119773 0.417745
v 0.171870 0.127400 0.414931
v -0.251208 0.119773 0.375961
v -0.249516 0.127400 0.373429
v 0.000000 0.119773 -0.452164
v 0.000000 0.127400 -0.449118
v 0.251209 0.119773 0.375960
v 0.249516 0.127400 0.373428
v -0.173035 0.119773 0.417745
v -0.171869 0.127400 0.414931
v -0.088213 0.119773 -0.443475
v -0.087618 0.127400 -0.440488
v 0.319729 0.119773 0.319729
v 0.317575 0.127400 0.317575
v -0.088212 0.119773 0.443475
v -0.087618 0.127400 0.440489
v -0.173036 0.119773 -0.417745
v -0.171870 0.127400 -0.414931
v 0.375960 0.119773 0.251209
v 0.373428 0.127400 0.249516
v -0.251209 0.119773 -0.375960
v -0.249516 0.127400 -0.373428
v 0.417745 0.119773 0.173036
v 0.414931 0.127400 0.171870
v -0.319729 0.119773 -0.319728
v -0.317575 0.127400 -0.317575
v 0.443475 0.119773 0.088213
v 0.440488 0.127400 0.087618
v -0.375961 0.119773 -0.251208
v -0.373428 0.127400 -0.249516
v 0.452164 0.119773 -0.000000
v 0.449118 0.127400 -0.000000
v -0.417745 0.119773 -0.173036
v -0.414931 0.127400 -0.171869
v 0.443475 0.119773 -0.088212
v 0.440488 0.127400 -0.087618
v -0.443475 0.119773 -0.088212
v -0.440489 0.127400 -0.087618
v 0.417745 0.119773 -0.173036
v 0.414931 0.127400 -0.171869
v -0.452164 0.119773 -0.000000
v -0.449118 0.127400 -0.000000
v 0.375960 0.119773 -0.251209
v 0.373428 0.127400 -0.249516
v -0.443475 0.119773 0.088213
v -0.440488 0.127400 0.087619
v 0.319729 0.119773 -0.319729
v 0.317575 0.127400 -0.317575
v 0.277785 -0.000000 -0.415735
v 0.353553 -0.000000 -0.353553
v 0.191342 -0.000000 -0.461940
v 0.000000 0.127400 -0.000000
v -0.415735 0.000000 0.277786
v -0.461940 0.000000 0.191342
v -0.490393 0.000000 0.097546
v -0.500000 0.000000 0.000000
v 0.415735 -0.000000 -0.277785
v 0.461940 -0.000000 -0.191342
v -0.490393 -0.000000 -0.097545
v -0.461940 -0.000000 -0.191342
v 0.490393 -0.000000 -0.097545
v 0.500000 0.000000 0.000000
v -0.415735 -0.000000 -0.277785
v -0.353554 -0.000000 -0.353553
v 0.490393 0.000000 0.097545
v 0.461940 0.000000 0.191342
v 0.097545 0.000000 0.490393
v 0.000000 0.000000 0.500000
v 0.191342 0.000000 0.461940
v -0.277786 -0.000000 -0.415735
v -0.191342 -0.000000 -0.461940
v 0.415735 0.000000 0.277785
v 0.353553 0.000000 0.353553
v -0.097545 0.000000 0.490393
v 0.277785 0.000000 0.415735
v 0.097545 -0.000000 -0.490393
v 0.000000 -0.000000 -0.500000
v -0.097545 -0.000000 -0.490393
v 0.350702 0.010098 -0.350702
v 0.275545 0.010098 -0.412382
v -0.486437 0.010098 0.096759
v -0.458213 0.010098 0.189799
v 0.412382 0.010098 -0.275545
v -0.495967 0.010098 -0.000000
v 0.458214 0.010098 -0.189798
v -0.486438 0.010098 -0.096758
v 0.486438 0.010098 -0.096758
v -0.458214 0.010098 -0.189798
v 0.495967 0.010098 -0.000000
v -0.412382 0.010098 -0.275544
v 0.486437 0.010098 0.096758
v -0.350702 0.010098 -0.350701
v 0.458214 0.010098 0.189798
v -0.275545 0.010098 -0.412382
v 0.412382 0.010098 0.275545
v -0.189799 0.010098 -0.458213
v -0.096757 0.010098 0.486438
v 0.000000 0.010098 0.495967
v 0.350702 0.010098 0.350702
v -0.096758 0.010098 -0.486437
v -0.189798 0.010098 0.458214
v 0.275545 0.010098 0.412382
v 0.000000 0.010098 -0.495967
v -0.275544 0.010098 0.412382
v 0.189798 0.010098 0.458214
v 0.096758 0.010098 -0.486438
v -0.350701 0.010098 0.350702
v 0.096758 0.010098 0.486437
v 0.189798 0.010098 -0.458214
v -0.412382 0.010098 0.275545
vn -0.4645 -0.5486 0.6952
vn -0.5912 -0.5486 0.5912
vn -0.0000 -1.0000 -0.0000
vn -0.3199 -0.5487 0.7724
vn -0.8580 0.3709 0.3554
vn -0.7722 0.3709 0.5159
vn -0.4814 0.8153 0.3217
vn -0.5349 0.8153 0.2216
vn 0.5159 0.3709 -0.7722
vn 0.3554 0.3709 -0.8580
vn 0.2216 0.8153 -0.5349
vn 0.3217 0.8153 -0.4814
vn -0.0000 0.3709 0.9287
vn 0.1812 0.3709 0.9108
vn 0.1130 0.8153 0.5679
vn -0.0000 0.8153 0.5790
vn -0.6567 0.3709 0.6567
vn -0.4094 0.8153 0.4094
vn 0.1812 0.3709 -0.9108
vn 0.1130 0.8153 -0.5679
vn 0.3554 0.3709 0.8580
vn 0.2216 0.8153 0.5349
vn -0.5159 0.3709 0.7722
vn -0.3217 0.8153 0.4814
vn -0.0000 0.3709 -0.9287
vn -0.0000 0.8153 -0.5790
vn 0.5159 0.3709 0.7722
vn 0.3217 0.8153 0.4814
vn -0.3554 0.3709 0.8580
vn -0.2216 0.8153 0.5350
vn -0.1812 0.3709 -0.9108
vn -0.1130 0.8153 -0.5679
vn 0.6567 0.3709 0.6567
vn 0.4094 0.8153 0.4094
vn -0.1812 0.3709 0.9108
vn -0.1130 0.8153 0.5679
vn -0.3554 0.3709 -0.8580
vn -0.2216 0.8153 -0.5349
vn 0.7722 0.3709 0.5159
vn 0.4814 0.8153 0.3217
vn -0.5159 0.3709 -0.7722
vn -0.3217 0.8153 -0.4814
vn 0.8580 0.3709 0.3554
vn 0.5349 0.8153 0.2216
vn -0.6567 0.3709 -0.6567
vn -0.4094 0.8153 -0.4094
vn 0.9108 0.3709 0.1812
vn 0.5679 0.8153 0.1130
vn -0.7722 0.3709 -0.5159
vn -0.4814 0.8153 -0.3217
vn 0.9287 0.3709 -0.0000
vn 0.5790 0.8153 -0.0000
vn -0.8580 0.3709 -0.3554
vn -0.5349 0.8153 -0.2216
vn 0.9108 0.3709 -0.1812
vn 0.5679 0.8153 -0.1130
vn -0.9108 0.3709 -0.1812
vn -0.5679 0.8153 -0.1130
vn 0.8580 0.3709 -0.3554
vn 0.5349 0.8153 -0.2216
vn -0.9287 0.3709 -0.0000
vn -0.5790 0.8153 -0.0000
vn 0.7722 0.3709 -0.5159
vn 0.4814 0.8153 -0.3217
vn -0.9108 0.3709 0.1812
vn -0.5679 0.8153 0.1130
vn 0.6567 0.3709 -0.6567
vn 0.4094 0.8153 -0.4094
vn 0.4645 -0.5487 -0.6951
vn 0.5912 -0.5487 -0.5912
vn 0.3199 -0.5487 -0.7724
vn -0.0000 1.0000 -0.0000
vn -0.6952 -0.5486 0.4645
vn -0.7724 -0.5486 0.3199
vn -0.8200 -0.5486 0.1631
vn -0.8360 -0.5487 -0.0000
vn 0.6951 -0.5487 -0.4645
vn 0.7724 -0.5487 -0.3199
vn -0.8200 -0.5487 -0.1631
vn -0.7724 -0.5487 -0.3199
vn 0.8200 -0.5487 -0.1631
vn 0.8360 -0.5487 -0.0000
vn -0.6952 -0.5486 -0.4645
vn -0.5912 -0.5486 -0.5912
vn 0.8200 -0.5486 0.1631
vn 0.7724 -0.5487 0.3199
vn 0.1631 -0.5486 0.8200
vn -0.0000 -0.5487 0.8360
vn 0.3199 -0.5487 0.7724
vn -0.4645 -0.5486 -0.6952
vn -0.3199 -0.5486 -0.7724
vn 0.6951 -0.5487 0.4645
vn 0.5912 -0.5487 0.5912
vn -0.1631 -0.5487 0.8200
vn 0.4645 -0.5487 0.6951
vn 0.1631 -0.5487 -0.8200
vn -0.0000 -0.5487 -0.8360
vn -0.1631 -0.5486 -0.8200
vt 0.962263 0.030648
vt 0.962264 0.030648
vt 0.962264 0.030648
vt 0.962263 0.030648
vt 0.962263 0.030644
vt 0.962262 0.030644
vt 0.962267 0.030644
vt 0.962262 0.030645
vt 0.962263 0.030645
vt 0.962263 0.030645
vt 0.962266 0.030644
vt 0.962264 0.030645
vt 0.962265 0.030644
vt 0.962265 0.030645
vt 0.962264 0.030644
vt 0.962266 0.030645
vt 0.962263 0.030644
vt 0.962267 0.030645
vt 0.962265 0.030647
vt 0.962264 0.030647
vt 0.962266 0.030647
vt 0.762639 0.144874
vt 0.760659 0.125001
vt 0.862537 0.124886
vt 0.768459 0.163979
vt 0.947309 0.181390
vt 0.934657 0.196843
vt 0.956704 0.163766
vt 0.919233 0.209530
vt 0.901630 0.218964
vt 0.777765 0.068381
vt 0.790418 0.052929
vt 0.768371 0.086005
vt 0.882525 0.224783
vt 0.862652 0.226763
vt 0.805841 0.040241
vt 0.823444 0.030807
vt 0.919041 0.040114
vt 0.934494 0.052766
vt 0.901418 0.030719
vt 0.842775 0.224828
vt 0.823657 0.219052
vt 0.842549 0.024988
vt 0.862422 0.023008
vt 0.947181 0.068190
vt 0.956616 0.085792
vt 0.806033 0.209658
vt 0.790580 0.197006
vt 0.882299 0.024943
vt 0.962435 0.104897
vt 0.964415 0.124771
vt 0.777893 0.181582
vt 0.962265 0.030648
vt 0.962266 0.030648
vt 0.962263 0.030647
vt 0.962267 0.030648
vt 0.962263 0.030647
vt 0.962267 0.030648
vt 0.962262 0.030647
vt 0.962262 0.030648
vt 0.962262 0.030648
vt 0.962267 0.030647
vt 0.762595 0.105123
vt 0.962479 0.144648
vt 0.999085 0.096285
vt 0.999089 0.103637
vt 0.978659 0.115649
vt 0.978656 0.108947
vt 0.999134 0.191855
vt 0.999138 0.199206
vt 0.978704 0.202779
vt 0.978700 0.196077
vt 0.999082 0.088934
vt 0.978652 0.102245
vt 0.999130 0.184503
vt 0.978697 0.189374
vt 0.999078 0.081582
vt 0.978649 0.095542
vt 0.999127 0.177152
vt 0.978694 0.182672
vt 0.999074 0.074230
vt 0.978645 0.088840
vt 0.999123 0.169800
vt 0.978690 0.175970
vt 0.999070 0.066879
vt 0.978642 0.082138
vt 0.999119 0.162449
vt 0.978687 0.169268
vt 0.999067 0.059527
vt 0.978638 0.075435
vt 0.999116 0.155097
vt 0.978683 0.162565
vt 0.999063 0.052176
vt 0.978635 0.068733
vt 0.999112 0.147746
vt 0.978680 0.155863
vt 0.999059 0.044824
vt 0.978631 0.062031
vt 0.999108 0.140394
vt 0.978676 0.149161
vt 0.999158 0.236127
vt 0.999158 0.243154
vt 0.978723 0.243154
vt 0.978723 0.236127
vt 0.999055 0.037473
vt 0.978628 0.055329
vt 0.999104 0.133043
vt 0.978673 0.142458
vt 0.999153 0.228612
vt 0.999157 0.235964
vt 0.978721 0.236291
vt 0.978718 0.229588
vt 0.999052 0.030121
vt 0.978625 0.048626
vt 0.999101 0.125691
vt 0.978669 0.135756
vt 0.999149 0.221261
vt 0.978714 0.222886
vt 0.999048 0.022770
vt 0.978621 0.041924
vt 0.999097 0.118340
vt 0.978666 0.129054
vt 0.999145 0.213909
vt 0.978711 0.216184
vt 0.999044 0.015418
vt 0.978618 0.035222
vt 0.999093 0.110988
vt 0.978662 0.122352
vt 0.999142 0.206558
vt 0.978707 0.209481
vt 0.999041 0.008067
vt 0.978614 0.028519
vt 0.962262 0.030644
vt 0.962267 0.030644
s 1
f 1/1/1 2/2/2 3/3/3 4/4/4
f 5/5/5 6/6/6 7/6/7 8/5/8
f 9/7/9 10/7/10 11/7/11 12/7/12
f 13/8/13 14/9/14 15/9/15 16/8/16
f 6/6/6 17/6/17 18/6/18 7/6/7
f 10/7/10 19/7/19 20/7/20 11/7/11
f 14/9/14 21/9/21 22/9/22 15/9/15
f 17/6/17 23/6/23 24/6/24 18/6/18
f 19/7/19 25/7/25 26/7/26 20/7/20
f 21/9/21 27/10/27 28/10/28 22/9/22
f 23/6/23 29/6/29 30/6/30 24/6/24
f 25/7/25 31/11/31 32/11/32 26/7/26
f 27/10/27 33/10/33 34/10/34 28/10/28
f 29/6/29 35/6/35 36/6/36 30/6/30
f 31/11/31 37/11/37 38/11/38 32/11/32
f 33/10/33 39/12/39 40/12/40 34/10/34
f 35/6/35 13/8/13 16/8/16 36/6/36
f 37/11/37 41/13/41 42/13/42 38/11/38
f 39/12/39 43/12/43 44/12/44 40/12/40
f 41/13/41 45/13/45 46/13/46 42/13/42
f 43/12/43 47/14/47 48/14/48 44/12/44
f 45/13/45 49/15/49 50/15/50 46/13/46
f 47/14/47 51/14/51 52/14/52 48/14/48
f 49/15/49 53/15/53 54/15/54 50/15/50
f 51/14/51 55/16/55 56/16/56 52/14/52
f 53/15/53 57/17/57 58/17/58 54/15/54
f 55/16/55 59/16/59 60/16/60 56/16/56
f 57/17/57 61/17/61 62/17/62 58/17/58
f 59/16/59 63/18/63 64/18/64 60/16/60
f 61/17/61 65/5/65 66/5/66 62/17/62
f 63/18/63 67/7/67 68/7/68 64/18/64
f 65/5/65 5/5/5 8/5/8 66/5/66
f 67/7/67 9/7/9 12/7/12 68/7/68
f 69/19/69 70/20/70 3/3/3 71/21/71
f 58/22/58 62/23/62 72/24/72 54/25/54
f 64/26/64 68/27/68 72/24/72 60/28/60
f 12/29/12 11/30/11 72/24/72 68/27/68
f 7/31/7 18/32/18 72/24/72 8/33/8
f 20/34/20 26/35/26 72/24/72 11/30/11
f 24/36/24 30/37/30 72/24/72 18/32/18
f 28/38/28 34/39/34 72/24/72 22/40/22
f 32/41/32 38/42/38 72/24/72 26/35/26
f 36/43/36 16/44/16 72/24/72 30/37/30
f 40/45/40 44/46/44 72/24/72 34/39/34
f 42/47/42 46/48/46 72/24/72 38/42/38
f 15/49/15 22/40/22 72/24/72 16/44/16
f 44/46/44 48/50/48 52/51/52 72/24/72
f 46/48/46 50/52/50 54/25/54 72/24/72
f 2/2/2 73/2/73 74/53/74 3/3/3
f 74/53/74 75/54/75 76/54/76 3/3/3
f 77/20/77 78/55/78 3/3/3 70/20/70
f 79/56/79 80/56/80 3/3/3 76/54/76
f 81/57/81 82/57/82 3/3/3 78/55/78
f 83/58/83 84/58/84 3/3/3 80/56/80
f 85/59/85 86/59/86 3/3/3 82/57/82
f 87/60/87 88/60/88 3/3/3 89/61/89
f 90/58/90 91/62/91 3/3/3 84/58/84
f 92/59/92 93/61/93 3/3/3 86/59/86
f 94/4/94 4/4/4 3/3/3 88/60/88
f 95/61/95 89/61/89 3/3/3 93/61/93
f 96/21/96 71/21/71 3/3/3 97/62/97
f 66/63/66 8/33/8 72/24/72 62/23/62
f 56/64/56 60/28/60 72/24/72 52/51/52
f 98/62/98 97/62/97 3/3/3 91/62/91
f 99/65/67 100/66/9 9/67/9 67/68/67
f 101/69/65 102/70/5 5/71/5 65/72/65
f 103/73/63 99/65/67 67/68/67 63/74/63
f 104/75/61 101/69/65 65/72/65 61/76/61
f 105/77/59 103/73/63 63/74/63 59/78/59
f 106/79/57 104/75/61 61/76/61 57/80/57
f 107/81/55 105/77/59 59/78/59 55/82/55
f 108/83/53 106/79/57 57/80/57 53/84/53
f 109/85/51 107/81/55 55/82/55 51/86/51
f 110/87/49 108/83/53 53/84/53 49/88/49
f 111/89/47 109/85/51 51/86/51 47/90/47
f 112/91/45 110/87/49 49/88/49 45/92/45
f 113/93/43 111/89/47 47/90/47 43/94/43
f 114/95/41 112/91/45 45/92/45 41/96/41
f 115/97/39 113/93/43 43/94/43 39/98/39
f 116/99/37 114/95/41 41/96/41 37/100/37
f 117/101/35 118/102/13 13/103/13 35/104/35
f 119/105/33 115/97/39 39/98/39 33/106/33
f 120/107/31 116/99/37 37/100/37 31/108/31
f 121/109/29 117/110/35 35/111/35 29/112/29
f 122/113/27 119/105/33 33/106/33 27/114/27
f 123/115/25 120/107/31 31/108/31 25/116/25
f 124/117/23 121/109/29 29/112/29 23/118/23
f 125/119/21 122/113/27 27/114/27 21/120/21
f 126/121/19 123/115/25 25/116/25 19/122/19
f 127/123/17 124/117/23 23/118/23 17/124/17
f 128/125/14 125/119/21 21/120/21 14/126/14
f 129/127/10 126/121/19 19/122/19 10/128/10
f 130/129/6 127/123/17 17/124/17 6/130/6
f 118/131/13 128/125/14 14/126/14 13/132/13
f 100/66/9 129/127/10 10/128/10 9/67/9
f 102/70/5 130/129/6 6/130/6 5/71/5
f 74/53/74 73/2/73 130/133/6 102/133/5
f 69/19/69 71/21/71 129/7/10 100/7/9
f 88/60/88 87/60/87 128/8/14 118/8/13
f 73/2/73 2/2/2 127/6/17 130/133/6
f 71/21/71 96/21/96 126/7/19 129/7/10
f 87/60/87 89/61/89 125/9/21 128/8/14
f 2/2/2 1/1/1 124/6/23 127/6/17
f 96/21/96 97/62/97 123/134/25 126/7/19
f 89/61/89 95/61/95 122/9/27 125/9/21
f 1/1/1 4/4/4 121/6/29 124/6/23
f 97/62/97 98/62/98 120/134/31 123/134/25
f 95/61/95 93/61/93 119/10/33 122/9/27
f 4/4/4 94/4/94 117/6/35 121/6/29
f 98/62/98 91/62/91 116/11/37 120/134/31
f 93/61/93 92/59/92 115/12/39 119/10/33
f 94/4/94 88/60/88 118/8/13 117/6/35
f 91/62/91 90/58/90 114/11/41 116/11/37
f 92/59/92 86/59/86 113/12/43 115/12/39
f 90/58/90 84/58/84 112/13/45 114/11/41
f 86/59/86 85/59/85 111/14/47 113/12/43
f 84/58/84 83/58/83 110/15/49 112/13/45
f 85/59/85 82/57/82 109/16/51 111/14/47
f 83/58/83 80/56/80 108/15/53 110/15/49
f 82/57/82 81/57/81 107/16/55 109/16/51
f 80/56/80 79/56/79 106/17/57 108/15/53
f 81/57/81 78/55/78 105/18/59 107/16/55
f 79/56/79 76/54/76 104/5/61 106/17/57
f 78/55/78 77/20/77 103/18/63 105/18/59
f 76/54/76 75/54/75 101/5/65 104/5/61
f 77/20/77 70/20/70 99/7/67 103/18/63
f 75/54/75 74/53/74 102/133/5 101/5/65
f 70/20/70 69/19/69 100/7/9 99/7/67
o obiwan_cmd
v -0.004094 0.648391 -0.002114
v -0.004241 0.652884 -0.001735
v -0.004139 0.650876 -0.004710
v -0.003816 0.650469 0.000179
v -0.002584 0.648184 0.000872
v -0.001863 0.650335 0.002476
v -0.000143 0.648133 0.002372
v 0.001068 0.650366 0.003180
v 0.003307 0.648252 0.002232
v 0.003159 0.652746 0.002611
v 0.005629 0.650670 0.001293
v 0.005705 0.653176 -0.001501
v 0.003334 0.646228 -0.000587
v 0.005853 0.648682 -0.001880
v 0.005561 0.651125 -0.004076
v -0.000421 0.655093 0.000328
v 0.003039 0.655214 0.000170
v -0.000290 0.652626 0.002751
v -0.002732 0.652678 0.001251
v -0.001844 0.655317 -0.002831
v -0.000125 0.646106 -0.000429
v -0.001549 0.646331 -0.003588
v 0.030175 0.555972 0.198422
v -0.034762 0.626022 -0.134634
v -0.067172 0.629359 -0.147973
v -0.080082 0.634197 -0.145938
v -0.070688 0.638571 -0.145624
v -0.072429 0.625942 -0.149284
v -0.077767 0.631700 -0.136839
v -0.071644 0.622927 -0.140336
v -0.069889 0.635742 -0.136576
v -0.073096 0.641244 -0.145354
v -0.063394 0.641738 -0.134880
v -0.072029 0.638475 -0.135066
v -0.064844 0.644580 -0.145700
v -0.069049 0.641942 -0.134886
v -0.070870 0.637289 -0.146304
v -0.070361 0.644678 -0.144473
v -0.070353 0.634251 -0.136450
v -0.080227 0.646659 -0.142490
v -0.079383 0.643977 -0.133347
v -0.066472 0.626539 -0.140381
v 0.068721 0.554194 -0.043546
v 0.069727 0.553722 -0.037955
v 0.057388 0.553210 -0.035778
v -0.064341 0.643890 -0.139652
v -0.074110 0.639362 -0.139174
v -0.061545 0.638849 -0.130190
v -0.079258 0.638717 -0.126305
v -0.071405 0.635949 -0.127837
v -0.062730 0.623141 -0.135256
v -0.063901 0.632327 -0.142125
v -0.064969 0.625923 -0.144385
v -0.070200 0.634520 -0.141539
v -0.068881 0.639450 -0.128080
v -0.067252 0.631034 -0.131251
v -0.071612 0.643044 -0.137995
v -0.074340 0.625398 -0.131595
v -0.076628 0.628300 -0.140756
v -0.081540 0.641805 -0.135402
v -0.068370 0.633409 -0.130482
v -0.061895 0.629792 -0.133906
v -0.070822 0.636387 -0.140402
v 0.003238 0.530035 -0.030150
v 0.019413 0.612114 -0.110003
v 0.006954 0.606745 -0.108243
v 0.010896 0.596964 -0.092562
v 0.001228 0.592679 -0.087025
v 0.022410 0.580700 0.050567
v 0.036199 0.592955 0.056501
v 0.048542 0.598239 0.054892
v 0.066108 0.582055 0.029194
v 0.014936 0.593394 -0.005870
v 0.005523 0.586527 -0.021982
v 0.003121 0.582492 -0.020510
v 0.018762 0.595920 -0.007857
v 0.024586 0.605828 -0.002722
v 0.032938 0.607031 -0.008548
v 0.044127 0.613454 -0.015414
v 0.049921 0.616698 -0.021517
v 0.047868 0.622368 -0.019765
v 0.053831 0.615782 -0.028452
v 0.052776 0.625922 -0.027400
v 0.052429 0.628405 -0.034561
v 0.051912 0.617973 -0.035651
v 0.035237 0.627283 -0.045462
v 0.037308 0.629714 -0.046973
v 0.024707 0.618847 -0.054609
v 0.017561 0.617203 -0.054296
v 0.013239 0.618294 -0.049292
v 0.005084 0.615413 -0.033050
v 0.010177 0.615535 -0.043684
v 0.006331 0.608655 -0.033028
v 0.008124 0.593793 -0.019362
v 0.009766 0.623282 -0.043397
v 0.018421 0.627086 -0.046823
v 0.028900 0.628264 -0.046668
v 0.046695 0.626305 -0.029608
v 0.041390 0.616493 -0.013112
v 0.034098 0.612523 -0.008512
v 0.022915 0.598773 -0.006796
v 0.011450 0.592723 -0.012393
v 0.009920 0.604847 -0.009336
v 0.005200 0.599751 -0.023243
v 0.005629 0.613538 -0.031325
v 0.007823 0.617461 -0.038289
v 0.006452 0.605854 -0.015629
v 0.022238 0.599204 -0.094634
v -0.013108 0.568341 -0.105763
v -0.001895 0.548310 -0.102221
v 0.051950 0.550484 -0.089848
v 0.034274 0.585176 0.037870
v 0.046126 0.588079 0.037320
v -0.036220 0.645167 -0.152663
v -0.010987 0.635365 -0.163631
v -0.007595 0.632752 -0.156688
v -0.009012 0.622825 -0.149559
v -0.011293 0.618646 -0.148743
v -0.016885 0.610231 -0.148068
v -0.023174 0.608542 -0.156098
v -0.042458 0.623806 -0.151609
v -0.025796 0.613390 -0.164362
v -0.025617 0.619886 -0.170792
v -0.021686 0.630166 -0.173657
v -0.016102 0.633811 -0.169260
v -0.013011 0.634966 -0.167601
v -0.040735 0.642476 -0.159053
v -0.022397 0.626257 -0.154524
v -0.035972 0.627354 -0.133741
v -0.076131 0.640134 -0.127268
v -0.070536 0.632518 -0.134052
v -0.075327 0.627853 -0.131205
v -0.067974 0.638489 -0.133201
v -0.062157 0.635718 -0.124260
v -0.063836 0.629979 -0.126178
v -0.069676 0.636835 -0.133179
v -0.056544 0.637366 -0.125371
v -0.064083 0.632939 -0.123709
v -0.061176 0.641210 -0.135466
v -0.070728 0.625907 -0.122408
v -0.071263 0.637607 -0.118901
v -0.057816 0.646976 -0.121166
v -0.071140 0.635532 -0.133003
v -0.066449 0.622180 -0.136953
v -0.061970 0.620182 -0.128748
v -0.064820 0.633555 -0.125038
v -0.061507 0.652302 -0.128105
v -0.062702 0.627844 -0.136471
v -0.059082 0.626019 -0.129818
v -0.072120 0.631222 -0.145985
v -0.079536 0.637902 -0.151889
v -0.079009 0.635716 -0.142190
v -0.078578 0.645951 -0.140424
v -0.064311 0.655615 -0.142012
v -0.067882 0.633184 -0.151459
v -0.070865 0.641332 -0.151624
v -0.073112 0.628907 -0.152289
v -0.078595 0.648221 -0.150182
v -0.067145 0.642437 -0.152830
v -0.072888 0.641384 -0.151986
v -0.070887 0.638298 -0.152362
v -0.070182 0.643546 -0.152187
v -0.070428 0.639372 -0.142366
v -0.064234 0.641887 -0.142034
v -0.071825 0.640309 -0.141276
v -0.069933 0.633769 -0.145379
v -0.069006 0.642363 -0.141679
v -0.070553 0.636624 -0.142553
v -0.058619 0.631236 -0.122603
v -0.063757 0.633505 -0.130388
v -0.063640 0.622538 -0.130141
v -0.063082 0.623713 -0.135501
v -0.057653 0.628027 -0.141943
v -0.072453 0.633561 -0.123616
v -0.059643 0.630586 -0.125198
v -0.062098 0.627068 -0.126116
v -0.055229 0.618210 -0.128658
v -0.048026 0.622866 -0.126456
v -0.043148 0.626021 -0.132005
v -0.056588 0.618204 -0.125378
v -0.064655 0.619782 -0.121328
v -0.064219 0.622719 -0.128170
v -0.062634 0.624095 -0.130143
v -0.069486 0.621628 -0.124462
v -0.073778 0.625221 -0.127479
v -0.067097 0.632402 -0.119378
v -0.062136 0.624146 -0.117266
v -0.061410 0.630370 -0.118520
v -0.065669 0.632677 -0.123225
v -0.070000 0.627385 -0.132202
v -0.068175 0.634629 -0.128447
v -0.053857 0.623204 -0.120420
v -0.038810 0.620347 -0.140582
v -0.032405 0.632738 -0.135862
v 0.056751 0.545953 0.211460
v 0.066662 0.560677 0.185152
v 0.065585 0.552520 0.185119
v 0.060842 0.567876 0.183872
v 0.054030 0.562584 0.213622
v 0.058987 0.556263 0.214223
v 0.049858 0.570740 0.181160
v 0.059459 0.544540 0.184928
v 0.045484 0.542670 0.206652
v 0.051017 0.540992 0.184117
v 0.041315 0.540767 0.182336
v 0.033484 0.545037 0.205309
v 0.029879 0.553148 0.205454
v 0.034215 0.546999 0.180787
v 0.033270 0.559585 0.206918
v 0.033128 0.555056 0.180120
v 0.039879 0.563890 0.209550
v 0.036240 0.561725 0.179634
v 0.044113 0.538569 0.231950
v 0.050201 0.538157 0.226850
v 0.040108 0.534926 0.235632
v 0.047678 0.542848 0.247040
v 0.038194 0.541183 0.245015
v 0.049600 0.535462 0.238235
v 0.048909 0.544170 0.228318
v 0.049608 0.544682 0.237192
v 0.050652 0.545297 0.234430
v 0.049599 0.542153 0.238641
v 0.050227 0.543296 0.234468
v 0.050301 0.545266 0.238277
v 0.040075 0.544340 0.235277
v 0.040333 0.548410 0.232145
v 0.038797 0.543213 0.236856
v 0.042425 0.540632 0.229474
v 0.039482 0.546419 0.236352
v 0.040450 0.542709 0.232544
v 0.035125 0.561301 0.239596
v 0.034717 0.561826 0.252158
v 0.037441 0.549096 0.235578
v 0.037057 0.552327 0.252275
v 0.024524 0.559350 0.251150
v 0.027797 0.549822 0.238126
v 0.026722 0.549723 0.251198
v 0.024087 0.554417 0.261283
v 0.034895 0.551458 0.272073
v 0.025354 0.548989 0.271107
v 0.036085 0.546125 0.267663
v 0.027042 0.550498 0.247166
v 0.037084 0.548534 0.259771
v 0.027325 0.545909 0.258484
v 0.037165 0.552679 0.248574
v 0.027363 0.546786 0.256936
v 0.027575 0.543875 0.266801
v 0.036889 0.549228 0.258067
v 0.034518 0.557298 0.262451
v 0.027340 0.549098 0.253086
v 0.028825 0.549894 0.243981
v 0.019204 0.548313 0.241780
v 0.018837 0.546529 0.251401
v 0.020232 0.549232 0.230852
v 0.028360 0.550338 0.244411
v 0.018527 0.548234 0.242641
v 0.030234 0.550783 0.232056
v 0.017146 0.558118 0.245071
v 0.018720 0.559228 0.231470
v 0.027570 0.559939 0.248057
v 0.015955 0.555490 0.252694
v 0.026000 0.558045 0.255020
v 0.015481 0.553539 0.263600
v 0.024469 0.548853 0.262279
v 0.028330 0.550917 0.254992
v 0.023786 0.555456 0.263704
v 0.018737 0.546632 0.251475
v 0.017882 0.547444 0.262610
v 0.044359 0.534406 0.237486
v 0.043975 0.543299 0.228006
v 0.042561 0.544040 0.237985
v 0.045650 0.537138 0.227053
v 0.035477 0.529345 0.245053
v 0.036320 0.535985 0.225027
v 0.032672 0.541681 0.236002
v 0.033237 0.549552 0.232122
v 0.043322 0.542946 0.240740
v 0.032454 0.542512 0.239004
v 0.044042 0.549212 0.234004
v 0.043565 0.542510 0.236317
v 0.032831 0.546921 0.237967
v 0.042812 0.547184 0.239922
v 0.033512 0.541370 0.234297
v 0.031642 0.542751 0.247649
v 0.041273 0.543212 0.249216
v 0.036125 0.542136 0.226088
v 0.032942 0.561679 0.200039
v 0.022609 0.558149 0.216218
v 0.039038 0.565801 0.202564
v 0.021343 0.560929 0.227725
v 0.053830 0.556071 0.235847
v 0.049948 0.560249 0.236638
v 0.042475 0.559072 0.240964
v 0.039926 0.563324 0.237475
v 0.032962 0.563828 0.233010
v 0.026092 0.563930 0.232814
v 0.028832 0.562457 0.235622
v 0.056319 0.559132 0.208163
v 0.036676 0.535034 0.226651
v 0.041078 0.538926 0.223885
v 0.029682 0.538828 0.221959
v 0.031304 0.532998 0.229835
v 0.029699 0.539960 0.223941
v 0.032362 0.537414 0.223528
v 0.020960 0.543147 0.230662
v 0.027028 0.546300 0.229846
v 0.028914 0.545623 0.230859
v 0.036104 0.548615 0.225006
v 0.028297 0.546367 0.227678
v 0.023738 0.534062 0.223414
v 0.033136 0.537385 0.220769
v 0.023825 0.535199 0.219695
v 0.028803 0.538138 0.211768
v 0.036052 0.541886 0.219246
v 0.037171 0.542116 0.219910
v 0.035437 0.544682 0.233653
v 0.040490 0.546527 0.229338
v 0.027896 0.540477 0.228828
v 0.028975 0.536067 0.233740
v 0.020910 0.537292 0.228564
v 0.018634 0.547576 0.221861
v 0.017496 0.541311 0.219265
v 0.020170 0.549335 0.209292
v 0.027641 0.541744 0.235407
v 0.040754 0.546795 0.240206
v 0.033831 0.550087 0.244263
v 0.020508 0.550547 0.238215
v 0.024963 0.544798 0.206256
v 0.033987 0.548998 0.197812
v 0.038472 0.546465 0.231150
v 0.049944 0.544595 0.236517
v 0.053109 0.545885 0.223988
v 0.046049 0.544798 0.217447
v 0.054210 0.548987 0.205263
v 0.044317 0.545781 0.208401
v 0.045214 0.547760 0.199401
v 0.039593 0.542682 0.206566
v 0.032463 0.544097 0.203514
v 0.039317 0.545711 0.221678
v 0.056016 0.551586 0.228981
v 0.051218 0.554022 0.242393
v 0.027979 0.546087 0.228802
v 0.021014 0.554462 0.223997
v 0.023909 0.547860 0.227601
v 0.031035 0.544352 0.225983
v 0.023631 0.581015 0.037067
v 0.070848 0.541619 0.014755
v 0.052001 0.564363 0.207179
v 0.041488 0.627948 -0.039199
v 0.035816 0.628697 -0.044135
v 0.016424 0.605339 -0.006805
v 0.006812 0.609627 -0.024611
v 0.003979 0.529654 -0.025437
v 0.013638 0.530430 -0.031753
v 0.046845 0.622446 -0.018895
v 0.026256 0.608713 -0.008111
v 0.000447 0.658277 -0.039520
v -0.002514 0.658910 -0.037075
v 0.001829 0.656632 -0.042168
v -0.001263 0.657821 -0.044416
v -0.000358 0.654088 -0.046421
v 0.003164 0.652231 -0.042707
v 0.000424 0.641836 -0.042809
v -0.000583 0.636694 -0.038280
v -0.001010 0.634960 -0.035155
v 0.050091 0.645783 -0.019596
v 0.053527 0.640950 -0.017479
v 0.051659 0.651422 -0.019575
v 0.051934 0.658002 -0.011104
v 0.051056 0.657433 -0.015379
v 0.054357 0.658554 -0.014101
v 0.056271 0.656862 -0.016972
v 0.052200 0.655792 -0.018142
v 0.057159 0.653130 -0.018985
v 0.016780 0.652417 0.009102
v 0.016236 0.650370 0.006338
v 0.017627 0.650011 0.011070
v 0.018996 0.647756 0.011490
v 0.020016 0.649934 0.012908
v 0.021697 0.647765 0.012447
v 0.023031 0.650029 0.012985
v 0.024970 0.647936 0.011748
v 0.024812 0.652428 0.012131
v 0.027044 0.650406 0.010169
v 0.024182 0.654889 0.009594
v 0.026493 0.652890 0.007414
v 0.024500 0.645904 0.008828
v 0.026652 0.648397 0.007032
v 0.025865 0.650815 0.004937
v 0.020828 0.654701 0.010469
v 0.021538 0.652258 0.012830
v 0.018837 0.652249 0.011873
v 0.018779 0.654872 0.007679
v 0.021146 0.645717 0.009703
v 0.033887 0.148190 -0.138105
v 0.030508 0.138584 -0.140789
v 0.030966 0.146721 -0.131518
v 0.030415 0.154081 -0.130171
v 0.024703 0.152976 -0.125247
v 0.021741 0.170243 -0.123559
v 0.015210 0.168517 -0.121262
v 0.011688 0.177703 -0.122569
v 0.005232 0.176461 -0.122060
v 0.006155 0.195554 -0.123465
v -0.000071 0.194675 -0.123117
v 0.001822 0.210043 -0.139481
v -0.014512 0.192676 -0.130843
v -0.021405 0.192037 -0.136306
v -0.019642 0.177054 -0.134837
v -0.022061 0.179065 -0.146295
v -0.023883 0.176919 -0.144554
v -0.021561 0.176936 -0.152060
v -0.043524 0.166466 -0.156959
v -0.045863 0.166194 -0.163302
v -0.051254 0.165617 -0.162119
v -0.055567 0.163707 -0.167559
v -0.061722 0.162558 -0.162638
v -0.066435 0.160824 -0.165601
v -0.070893 0.161043 -0.157213
v -0.073339 0.154174 -0.159534
v -0.075091 0.151750 -0.149101
v -0.071538 0.143268 -0.150934
v -0.069129 0.141524 -0.144120
v -0.069939 0.145424 -0.160290
v -0.068176 0.155865 -0.166910
v -0.058350 0.159770 -0.172006
v -0.047662 0.164634 -0.169426
v -0.018045 0.175188 -0.158270
v -0.015703 0.178798 -0.155493
v -0.021530 0.192111 -0.146923
v -0.059374 0.155141 -0.173264
v -0.048813 0.161398 -0.173983
v -0.014239 0.171380 -0.163162
v -0.005953 0.176794 -0.159401
v -0.016395 0.192482 -0.155599
v -0.049441 0.157091 -0.175420
v -0.012595 0.162841 -0.166624
v -0.000600 0.171594 -0.159837
v 0.013339 0.179947 -0.154522
v -0.006859 0.193395 -0.157965
v 0.009725 0.195584 -0.154211
v 0.014527 0.196357 -0.150383
v 0.017659 0.196952 -0.145541
v 0.022071 0.181321 -0.146178
v 0.025056 0.181714 -0.140331
v 0.026427 0.173658 -0.145617
v 0.029198 0.173945 -0.139442
v 0.028898 0.158644 -0.150020
v 0.032689 0.157154 -0.143577
v 0.029394 0.151520 -0.151803
v 0.033281 0.149880 -0.145236
v 0.026531 0.141487 -0.152777
v 0.023002 0.152912 -0.157124
v 0.015988 0.153890 -0.160704
v -0.000834 0.155401 -0.165929
v -0.013551 0.145761 -0.168104
v -0.012825 0.156240 -0.168594
v 0.033273 0.155562 -0.136595
v 0.029002 0.173886 -0.133093
v 0.024641 0.181533 -0.134353
v 0.018992 0.197316 -0.139970
v 0.025114 0.145675 -0.126458
v 0.017092 0.152397 -0.122216
v 0.008352 0.167244 -0.120581
v -0.012483 0.173247 -0.128280
v 0.017305 0.145110 -0.123348
v 0.009075 0.152301 -0.120956
v -0.007255 0.165911 -0.125730
v -0.023210 0.171137 -0.131637
v -0.024334 0.175019 -0.136832
v -0.046651 0.163424 -0.140783
v -0.048977 0.163617 -0.142431
v -0.050661 0.164029 -0.144891
v -0.055541 0.161183 -0.139550
v -0.058993 0.162200 -0.143450
v -0.061388 0.157826 -0.136588
v -0.065910 0.158943 -0.143181
v -0.065093 0.152854 -0.135012
v -0.070548 0.156038 -0.140659
v -0.066021 0.147101 -0.135488
v -0.072286 0.150022 -0.141049
v -0.055742 0.138978 -0.132937
v -0.057191 0.146742 -0.129436
v -0.019397 0.137286 -0.131792
v -0.019560 0.146668 -0.126825
v -0.007024 0.136783 -0.130751
v -0.007274 0.146165 -0.125856
v 0.008631 0.135714 -0.126636
v 0.009103 0.144973 -0.122074
v 0.015837 0.135809 -0.127864
v -0.072734 0.158664 -0.147571
v -0.066320 0.158446 -0.150909
v -0.060658 0.162996 -0.148137
v -0.051265 0.164488 -0.147471
v 0.022670 0.159920 -0.155225
v 0.015876 0.160838 -0.158710
v -0.000716 0.162256 -0.163855
v -0.056567 0.151629 -0.129950
v -0.019483 0.154205 -0.126024
v -0.007133 0.153641 -0.124838
v -0.063705 0.158960 -0.157406
v -0.059330 0.164225 -0.154956
v -0.050333 0.165363 -0.152140
v 0.026392 0.172439 -0.127556
v 0.022235 0.180531 -0.128812
v 0.018336 0.197311 -0.134397
v 0.021272 0.173347 -0.150609
v 0.015636 0.172695 -0.154087
v -0.054377 0.156431 -0.132258
v -0.020984 0.165666 -0.128164
v -0.056135 0.164966 -0.159193
v -0.048751 0.165839 -0.154469
v 0.017122 0.178911 -0.124864
v 0.015725 0.196949 -0.129398
v 0.018496 0.180818 -0.150808
v -0.051015 0.160690 -0.136217
v -0.046229 0.166236 -0.156271
v 0.011510 0.196323 -0.125637
v 0.043927 0.629233 -0.040315
v 0.038234 0.623286 -0.047397
v 0.036149 0.629522 -0.048420
v 0.045065 0.623735 -0.039118
v 0.048381 0.622691 -0.030497
v 0.048609 0.629412 -0.024330
v 0.047925 0.620501 -0.022360
v 0.047092 0.627769 -0.019251
v 0.044905 0.616012 -0.016414
v 0.041866 0.626035 -0.011924
v 0.047563 0.614382 -0.036652
v 0.049568 0.613189 -0.030200
v 0.048764 0.610115 -0.020270
v 0.037502 0.611632 -0.012155
v 0.029064 0.615290 -0.006544
v 0.040192 0.604630 -0.015412
v 0.027907 0.607012 -0.009052
v 0.030082 0.598595 -0.012193
v 0.018862 0.602464 -0.008837
v 0.022292 0.591872 -0.012655
v 0.010921 0.599261 -0.011884
v 0.007688 0.603062 -0.018797
v 0.005047 0.610784 -0.016063
v 0.007096 0.608037 -0.026599
v 0.007981 0.612907 -0.035030
v 0.009160 0.617363 -0.041959
v 0.005971 0.628526 -0.039673
v 0.004399 0.633068 -0.039119
v 0.008691 0.586264 -0.022936
v 0.010399 0.592523 -0.023416
v 0.009676 0.599752 -0.031108
v 0.011722 0.606121 -0.040412
v 0.013971 0.611732 -0.048513
v 0.011887 0.621627 -0.045452
v 0.022696 0.614362 -0.051168
v 0.018100 0.623554 -0.048967
v 0.029178 0.615168 -0.050812
v 0.027031 0.624237 -0.049977
v 0.024874 0.629591 -0.049856
v 0.040560 0.615016 -0.046536
v 0.047922 0.632342 -0.018358
v 0.043181 0.630137 -0.011317
v 0.004188 0.646548 -0.041491
v -0.033932 0.638021 -0.166658
v -0.045763 0.622864 -0.151872
v -0.038672 0.618422 -0.164463
v -0.020068 0.621953 -0.181646
v -0.024499 0.612784 -0.177906
v -0.002939 0.596124 -0.192713
v -0.005951 0.586968 -0.185946
v -0.000153 0.588262 -0.191068
v 0.001343 0.582039 -0.183046
v 0.009070 0.583445 -0.193413
v 0.011795 0.583636 -0.176799
v 0.010920 0.592691 -0.181011
v 0.016240 0.601439 -0.180327
v 0.004475 0.595318 -0.174683
v 0.013061 0.606794 -0.171814
v 0.028735 0.608501 -0.177653
v 0.034038 0.586895 -0.173511
v 0.041332 0.603667 -0.179006
v 0.031080 0.608219 -0.170140
v 0.041018 0.606820 -0.184397
v 0.029556 0.614205 -0.176719
v 0.025987 0.616609 -0.186221
v 0.022694 0.618304 -0.173967
v 0.018378 0.623738 -0.186831
v -0.001745 0.631387 -0.160849
v -0.006395 0.634741 -0.171239
v -0.027501 0.644153 -0.154762
v -0.028154 0.647009 -0.159610
v -0.038370 0.644374 -0.159614
v 0.019847 0.602680 -0.161106
v -0.005260 0.617237 -0.150695
v -0.009531 0.610452 -0.149261
v -0.024045 0.636266 -0.140590
v -0.026401 0.626631 -0.136800
v -0.031983 0.642829 -0.140553
v -0.034687 0.634686 -0.136374
v 0.001509 0.579142 -0.179494
v 0.013381 0.585595 -0.195951
v 0.004266 0.567826 -0.168469
v 0.020082 0.561316 -0.167740
v 0.015631 0.556217 -0.138099
v 0.035984 0.563613 -0.166264
v 0.029865 0.554749 -0.131398
v -0.032433 0.618213 -0.140517
v -0.036701 0.615906 -0.149078
v -0.022657 0.601416 -0.161007
v -0.025411 0.605558 -0.170884
v -0.015022 0.604655 -0.151738
v -0.000411 0.586230 -0.172003
v 0.008707 0.591647 -0.164022
v 0.018686 0.589854 -0.169154
v 0.025462 0.595661 -0.166209
v -0.034756 0.647420 -0.152318
v -0.040003 0.622388 -0.137897
v -0.045284 0.627210 -0.160814
v -0.014344 0.629667 -0.180195
v 0.009580 0.616248 -0.195652
v 0.016468 0.613245 -0.197471
v 0.041889 0.554771 -0.105673
v 0.015238 0.545971 -0.107935
v 0.052806 0.570442 -0.091695
v 0.032971 0.602697 -0.161641
v 0.016212 0.604163 -0.167164
v 0.006291 0.595123 -0.170445
v 0.001105 0.600253 -0.147694
v -0.007336 0.585205 -0.148971
v -0.009957 0.584395 -0.126076
v -0.005024 0.571744 -0.132668
v 0.000957 0.581702 -0.166990
v 0.035830 0.612447 -0.197848
v 0.045793 0.570210 -0.155505
v 0.047978 0.588047 -0.155152
v 0.032748 0.601935 -0.127645
v 0.011989 0.608075 -0.125509
v 0.032325 0.604252 -0.100337
v 0.010896 0.609084 -0.104435
v 0.009816 0.598525 -0.097337
v -0.006835 0.590189 -0.097383
v -0.013580 0.586621 -0.094803
v 0.050401 0.574112 -0.127326
v 0.047473 0.587670 -0.125921
v 0.044869 0.558552 -0.100561
v 0.050898 0.580238 -0.105690
v 0.047210 0.587981 -0.093427
v 0.039164 0.588045 -0.102025
v 0.032581 0.594760 -0.103862
v 0.035513 0.599709 -0.096552
v 0.027150 0.600192 -0.098785
v 0.023136 0.618211 -0.191456
v 0.043747 0.594409 -0.095776
v -0.013923 0.574981 -0.098669
v 0.020174 0.599747 -0.204348
v 0.027499 0.608083 -0.204156
v 0.011532 0.607826 -0.198384
v 0.001221 0.606037 -0.197381
v 0.009669 0.585170 -0.201887
v 0.003549 0.599407 -0.197161
v 0.036123 0.613946 -0.008867
v 0.038234 0.601006 0.004107
v 0.012826 0.589103 0.002636
v -0.000550 0.580611 -0.012363
v -0.007480 0.573985 -0.022695
v -0.009139 0.564144 -0.010876
v -0.012509 0.564905 -0.022605
v -0.015327 0.547430 -0.009974
v -0.018255 0.547304 -0.023083
v -0.019332 0.529993 -0.012965
v -0.021382 0.531095 -0.025693
v -0.020127 0.517366 -0.017698
v -0.020776 0.518259 -0.030795
v -0.020831 0.485298 -0.034121
v -0.021795 0.518955 -0.044105
v -0.020181 0.486333 -0.047675
v -0.013897 0.520222 -0.069677
v -0.011737 0.488834 -0.070502
v 0.003203 0.491302 -0.086609
v -0.014426 0.467247 -0.075030
v 0.004974 0.470508 -0.092115
v 0.006192 0.465845 -0.088322
v 0.036619 0.468750 -0.091826
v -0.022989 0.531909 -0.038405
v -0.020052 0.549579 -0.036186
v -0.013430 0.566160 -0.034733
v -0.005080 0.581288 -0.033812
v 0.004039 0.591689 -0.013772
v -0.005348 0.590773 -0.041576
v 0.000656 0.606636 -0.022921
v -0.004824 0.602580 -0.045847
v 0.006556 0.613285 -0.060188
v -0.005113 0.598752 -0.069222
v -0.002862 0.594575 -0.100407
v -0.008762 0.583920 -0.064322
v -0.018345 0.567220 -0.056956
v -0.017241 0.564021 -0.081727
v -0.018322 0.534690 -0.062006
v -0.013589 0.534414 -0.066031
v 0.028795 0.493129 -0.093548
v 0.015376 0.520882 -0.093847
v 0.000779 0.529875 -0.087488
v 0.027465 0.531623 -0.094334
v -0.013543 0.538179 -0.079155
v -0.019575 0.465101 -0.050037
v -0.019491 0.446458 -0.061437
v -0.022021 0.445183 -0.037963
v -0.014633 0.442643 -0.050069
v -0.015855 0.442101 -0.038147
v -0.005962 0.447168 -0.069862
v 0.022650 0.592003 0.020586
v 0.006284 0.577618 0.017354
v -0.005961 0.561643 0.011533
v 0.004033 0.553679 0.032742
v 0.012741 0.554415 0.041060
v -0.019386 0.444132 -0.014502
v -0.007811 0.455825 0.001404
v 0.009608 0.446047 0.010321
v 0.038494 0.462759 0.017399
v 0.032700 0.467544 0.022730
v 0.006852 0.464393 0.018941
v 0.006055 0.485631 0.016382
v -0.013149 0.462996 0.002242
v -0.009375 0.484864 0.001322
v -0.019204 0.484855 -0.020726
v -0.009622 0.516178 0.006112
v -0.002894 0.529067 0.010785
v -0.008124 0.529259 0.008846
v 0.031707 0.486806 0.022083
v 0.019269 0.513838 0.026152
v 0.035587 0.513598 0.026912
v 0.017500 0.521609 0.026929
v 0.029622 0.533002 0.036783
v 0.002612 0.530235 0.024750
v -0.020388 0.464366 -0.036535
v -0.019259 0.463688 -0.023069
v -0.056951 0.623954 -0.088172
v -0.054679 0.623429 -0.088632
v -0.054195 0.620779 -0.084955
v -0.057109 0.621452 -0.084365
v -0.058935 0.625163 -0.087669
v -0.059654 0.623002 -0.083720
v -0.060436 0.626938 -0.087174
v -0.061579 0.625279 -0.083085
v -0.061308 0.629105 -0.086734
v -0.062698 0.628058 -0.082521
v -0.061465 0.631452 -0.086393
v -0.062899 0.631069 -0.082083
v -0.060893 0.633749 -0.086183
v -0.062165 0.634015 -0.081814
v -0.059646 0.635771 -0.086126
v -0.060565 0.636610 -0.081741
v -0.057847 0.637321 -0.086228
v -0.058257 0.638598 -0.081871
v -0.055672 0.638247 -0.086477
v -0.055467 0.639785 -0.082191
v -0.053334 0.638458 -0.086850
v -0.052468 0.640055 -0.082669
v -0.051062 0.637933 -0.087310
v -0.049555 0.639382 -0.083259
v -0.049078 0.636725 -0.087813
v -0.047011 0.637831 -0.083903
v -0.047577 0.634950 -0.088309
v -0.045085 0.635555 -0.084539
v -0.046705 0.632783 -0.088749
v -0.043967 0.632776 -0.085103
v -0.046548 0.630436 -0.089090
v -0.043765 0.629766 -0.085541
v -0.047121 0.628138 -0.089299
v -0.044500 0.626820 -0.085810
v -0.048368 0.626116 -0.089356
v -0.046099 0.624226 -0.085882
v -0.050167 0.624566 -0.089255
v -0.048407 0.622238 -0.085753
v -0.052341 0.623640 -0.089006
v -0.051195 0.621050 -0.085433
v -0.058581 0.626448 -0.111342
v -0.056236 0.626660 -0.111716
v -0.060860 0.626975 -0.110880
v -0.062850 0.628187 -0.110375
v -0.064356 0.629967 -0.109878
v -0.065230 0.632141 -0.109437
v -0.065388 0.634495 -0.109095
v -0.064813 0.636799 -0.108885
v -0.063562 0.638828 -0.108828
v -0.061758 0.640383 -0.108929
v -0.059576 0.641311 -0.109179
v -0.057231 0.641523 -0.109554
v -0.054953 0.640997 -0.110016
v -0.052963 0.639784 -0.110520
v -0.051457 0.638004 -0.111017
v -0.050582 0.635831 -0.111459
v -0.050424 0.633476 -0.111801
v -0.050999 0.631172 -0.112011
v -0.052250 0.629144 -0.112068
v -0.054054 0.627588 -0.111966
v -0.059478 0.628044 -0.116902
v -0.057393 0.628232 -0.117235
v -0.056557 0.627580 -0.112364
v -0.058642 0.627392 -0.112032
v -0.061504 0.628512 -0.116492
v -0.060667 0.627860 -0.111621
v -0.063273 0.629589 -0.116043
v -0.062436 0.628938 -0.111173
v -0.064611 0.631172 -0.115601
v -0.063774 0.630520 -0.110731
v -0.065389 0.633104 -0.115209
v -0.064551 0.632451 -0.110339
v -0.065529 0.635197 -0.114904
v -0.064691 0.634544 -0.110034
v -0.065018 0.637245 -0.114718
v -0.064181 0.636592 -0.109848
v -0.063906 0.639048 -0.114667
v -0.063069 0.638395 -0.109797
v -0.062302 0.640431 -0.114757
v -0.061465 0.639777 -0.109887
v -0.060363 0.641256 -0.114980
v -0.059526 0.640603 -0.110110
v -0.058278 0.641444 -0.115313
v -0.057442 0.640791 -0.110443
v -0.056253 0.640977 -0.115723
v -0.055417 0.640323 -0.110853
v -0.054484 0.639898 -0.116172
v -0.053648 0.639245 -0.111301
v -0.053145 0.638316 -0.116613
v -0.052309 0.637663 -0.111743
v -0.052368 0.636384 -0.117006
v -0.051532 0.635731 -0.112135
v -0.052228 0.634291 -0.117310
v -0.051392 0.633639 -0.112440
v -0.052738 0.632243 -0.117497
v -0.051903 0.631591 -0.112627
v -0.053850 0.630439 -0.117547
v -0.053015 0.629787 -0.112677
v -0.055454 0.629057 -0.117457
v -0.054618 0.628405 -0.112587
v -0.060167 0.627671 -0.120575
v -0.057818 0.627883 -0.120950
v -0.057343 0.627522 -0.118170
v -0.059689 0.627310 -0.117795
v -0.062451 0.628199 -0.120113
v -0.061969 0.627837 -0.117333
v -0.064444 0.629414 -0.119607
v -0.063960 0.629050 -0.116829
v -0.065952 0.631197 -0.119110
v -0.065466 0.630830 -0.116332
v -0.066829 0.633374 -0.118667
v -0.066341 0.633005 -0.115890
v -0.066987 0.635733 -0.118324
v -0.066499 0.635360 -0.115548
v -0.066411 0.638041 -0.118114
v -0.065924 0.637665 -0.115338
v -0.065158 0.640074 -0.118057
v -0.064673 0.639694 -0.115280
v -0.063351 0.641631 -0.118159
v -0.062868 0.641250 -0.115382
v -0.061165 0.642561 -0.118409
v -0.060685 0.642179 -0.115633
v -0.058815 0.642773 -0.118784
v -0.058339 0.642390 -0.116007
v -0.056532 0.642246 -0.119247
v -0.056060 0.641864 -0.116469
v -0.054539 0.641031 -0.119752
v -0.054069 0.640651 -0.116973
v -0.053030 0.639248 -0.120250
v -0.052562 0.638870 -0.117471
v -0.052154 0.637071 -0.120692
v -0.051688 0.636696 -0.117912
v -0.051996 0.634712 -0.121035
v -0.051530 0.634341 -0.118255
v -0.052572 0.632404 -0.121246
v -0.052105 0.632036 -0.118465
v -0.053825 0.630371 -0.121303
v -0.053356 0.630006 -0.118522
v -0.055633 0.628814 -0.121201
v -0.055161 0.628451 -0.118420
v -0.066154 0.633007 -0.155686
v -0.063998 0.633201 -0.156030
v -0.058072 0.628577 -0.121523
v -0.060228 0.628383 -0.121179
v -0.068249 0.633491 -0.155262
v -0.062324 0.628866 -0.120754
v -0.070078 0.634606 -0.154798
v -0.064153 0.629982 -0.120291
v -0.071463 0.636242 -0.154341
v -0.065538 0.631618 -0.119833
v -0.072267 0.638240 -0.153935
v -0.066342 0.633617 -0.119428
v -0.072412 0.640405 -0.153620
v -0.066487 0.635782 -0.119113
v -0.071884 0.642523 -0.153427
v -0.065959 0.637900 -0.118920
v -0.070734 0.644388 -0.153375
v -0.064809 0.639766 -0.118867
v -0.069075 0.645818 -0.153468
v -0.063150 0.641195 -0.118961
v -0.067070 0.646671 -0.153698
v -0.061143 0.642049 -0.119191
v -0.064913 0.646865 -0.154043
v -0.058988 0.642243 -0.119535
v -0.062818 0.646382 -0.154467
v -0.056892 0.641760 -0.119960
v -0.060989 0.645267 -0.154931
v -0.055063 0.640645 -0.120423
v -0.059605 0.643630 -0.155388
v -0.053678 0.639008 -0.120881
v -0.058801 0.641632 -0.155793
v -0.052873 0.637009 -0.121286
v -0.058655 0.639468 -0.156108
v -0.052729 0.634845 -0.121601
v -0.059184 0.637349 -0.156301
v -0.053257 0.632727 -0.121794
v -0.060334 0.635484 -0.156354
v -0.054407 0.630861 -0.121847
v -0.061993 0.634055 -0.156260
v -0.056066 0.629431 -0.121754
v -0.066324 0.632480 -0.156423
v -0.063976 0.632692 -0.156798
v -0.068604 0.633007 -0.155961
v -0.070596 0.634220 -0.155456
v -0.072104 0.636003 -0.154958
v -0.072979 0.638179 -0.154516
v -0.073137 0.640535 -0.154174
v -0.072562 0.642842 -0.153963
v -0.071310 0.644873 -0.153906
v -0.069504 0.646429 -0.154008
v -0.067320 0.647358 -0.154258
v -0.064972 0.647570 -0.154633
v -0.062691 0.647043 -0.155096
v -0.060699 0.645830 -0.155600
v -0.059191 0.644048 -0.156098
v -0.058316 0.641871 -0.156540
v -0.058158 0.639515 -0.156882
v -0.058733 0.637209 -0.157093
v -0.059986 0.635178 -0.157150
v -0.061792 0.633621 -0.157048
v -0.068508 0.634324 -0.169197
v -0.066202 0.634532 -0.169565
v -0.070750 0.634842 -0.168742
v -0.072707 0.636034 -0.168246
v -0.074188 0.637786 -0.167757
v -0.075049 0.639924 -0.167323
v -0.075204 0.642239 -0.166986
v -0.074638 0.644506 -0.166780
v -0.073408 0.646502 -0.166724
v -0.071633 0.648031 -0.166824
v -0.069487 0.648945 -0.167070
v -0.067180 0.649153 -0.167438
v -0.064938 0.648635 -0.167892
v -0.062981 0.647442 -0.168388
v -0.061500 0.645691 -0.168877
v -0.060640 0.643553 -0.169312
v -0.060484 0.641237 -0.169648
v -0.061050 0.638971 -0.169855
v -0.062280 0.636975 -0.169911
v -0.064055 0.635446 -0.169811
v -0.069153 0.636250 -0.173486
v -0.067259 0.636420 -0.173788
v -0.066914 0.637053 -0.170129
v -0.068456 0.636913 -0.169883
v -0.069954 0.637259 -0.169579
v -0.072599 0.637653 -0.172706
v -0.071263 0.638057 -0.169248
v -0.072253 0.639227 -0.168921
v -0.072828 0.640656 -0.168631
v -0.074648 0.642745 -0.171672
v -0.072932 0.642204 -0.168405
v -0.074184 0.644605 -0.171502
v -0.072554 0.643719 -0.168267
v -0.073174 0.646243 -0.171456
v -0.071731 0.645054 -0.168230
v -0.070545 0.646076 -0.168297
v -0.069110 0.646687 -0.168461
v -0.067568 0.646825 -0.168707
v -0.066224 0.647993 -0.172415
v -0.066070 0.646480 -0.169011
v -0.064617 0.647014 -0.172822
v -0.064762 0.645682 -0.169342
v -0.063402 0.645578 -0.173223
v -0.063771 0.644512 -0.169669
v -0.063196 0.643082 -0.169960
v -0.063093 0.641535 -0.170185
v -0.063470 0.640020 -0.170323
v -0.064042 0.638425 -0.174072
v -0.064293 0.638686 -0.170360
v -0.065479 0.637663 -0.170294
v -0.070149 0.645990 -0.186156
v -0.070971 0.644178 -0.186525
v -0.070749 0.646128 -0.186034
v -0.069301 0.647600 -0.185305
v -0.070457 0.647867 -0.185071
v -0.068477 0.648913 -0.184028
v -0.070112 0.649290 -0.183696
v -0.067735 0.649836 -0.182411
v -0.069737 0.650298 -0.182005
v -0.066704 0.650297 -0.178683
v -0.067123 0.650307 -0.180554
v -0.069357 0.650823 -0.180101
v -0.069015 0.650830 -0.178214
v -0.071367 0.646073 -0.185935
v -0.071647 0.647760 -0.184880
v -0.071793 0.649138 -0.183428
v -0.071797 0.650113 -0.181676
v -0.071656 0.650615 -0.179734
v -0.071394 0.650616 -0.177835
v -0.071941 0.645828 -0.185869
v -0.072753 0.647288 -0.184753
v -0.073357 0.648473 -0.183248
v -0.073713 0.649297 -0.181456
v -0.073794 0.649705 -0.179489
v -0.073606 0.649674 -0.177581
v -0.072416 0.645419 -0.185843
v -0.073668 0.646500 -0.184702
v -0.074652 0.647357 -0.183176
v -0.075298 0.647931 -0.181367
v -0.075562 0.648181 -0.179389
v -0.075436 0.648097 -0.177478
v -0.072746 0.644884 -0.185858
v -0.074303 0.645471 -0.184731
v -0.075549 0.645902 -0.183217
v -0.076397 0.646149 -0.181417
v -0.076788 0.646192 -0.179445
v -0.076705 0.646040 -0.177535
v -0.072897 0.644278 -0.185913
v -0.074594 0.644302 -0.184838
v -0.075960 0.644250 -0.183367
v -0.076902 0.644125 -0.181602
v -0.077352 0.643934 -0.179651
v -0.077288 0.643703 -0.177749
v -0.072856 0.643658 -0.186003
v -0.074514 0.643108 -0.185011
v -0.075848 0.642562 -0.183613
v -0.076763 0.642057 -0.181902
v -0.077197 0.641627 -0.179987
v -0.077128 0.641315 -0.178096
v -0.072625 0.643085 -0.186119
v -0.074071 0.642006 -0.185235
v -0.075220 0.641003 -0.183929
v -0.075994 0.640148 -0.182290
v -0.076340 0.639496 -0.180419
v -0.076241 0.639111 -0.178543
v -0.072228 0.642617 -0.186250
v -0.073307 0.641103 -0.185487
v -0.074141 0.639726 -0.184286
v -0.074672 0.638584 -0.182727
v -0.074863 0.637751 -0.180907
v -0.074713 0.637305 -0.179048
v -0.071705 0.642298 -0.186383
v -0.072297 0.640487 -0.185743
v -0.072714 0.638857 -0.184648
v -0.072924 0.637519 -0.183170
v -0.072914 0.636563 -0.181401
v -0.072695 0.636075 -0.179559
v -0.071105 0.642159 -0.186505
v -0.071141 0.640220 -0.185977
v -0.071079 0.638480 -0.184979
v -0.070922 0.637057 -0.183575
v -0.070680 0.636047 -0.181853
v -0.070383 0.635541 -0.180027
v -0.070487 0.642215 -0.186603
v -0.069952 0.640327 -0.186167
v -0.069398 0.638631 -0.185247
v -0.068862 0.637242 -0.183904
v -0.068381 0.636254 -0.182221
v -0.068006 0.635756 -0.180407
v -0.069913 0.642459 -0.186669
v -0.068845 0.640799 -0.186294
v -0.067833 0.639297 -0.185427
v -0.066946 0.638058 -0.184124
v -0.066243 0.637164 -0.182466
v -0.065793 0.636697 -0.180661
v -0.069438 0.642869 -0.186696
v -0.067930 0.641588 -0.186346
v -0.066539 0.640412 -0.185499
v -0.065361 0.639424 -0.184213
v -0.064474 0.638688 -0.182565
v -0.063963 0.638275 -0.180764
v -0.069108 0.643402 -0.186681
v -0.067296 0.642617 -0.186317
v -0.065642 0.641867 -0.185458
v -0.064263 0.641206 -0.184163
v -0.063248 0.640677 -0.182509
v -0.062694 0.640332 -0.180706
v -0.068957 0.644009 -0.186625
v -0.067004 0.643785 -0.186210
v -0.065230 0.643519 -0.185308
v -0.063758 0.643230 -0.183978
v -0.062685 0.642935 -0.182304
v -0.062111 0.642669 -0.180493
v -0.068999 0.644629 -0.186535
v -0.067084 0.644979 -0.186037
v -0.065343 0.645208 -0.185062
v -0.063896 0.645298 -0.183678
v -0.062839 0.645243 -0.181968
v -0.062272 0.645057 -0.180146
v -0.069228 0.645201 -0.186419
v -0.067527 0.646082 -0.185812
v -0.065970 0.646766 -0.184746
v -0.064664 0.647207 -0.183290
v -0.063697 0.647373 -0.181535
v -0.063158 0.647262 -0.179698
v -0.069625 0.645671 -0.186288
v -0.068292 0.646985 -0.185560
v -0.067050 0.648043 -0.184389
v -0.065988 0.648770 -0.182854
v -0.065173 0.649118 -0.181048
v -0.064686 0.649067 -0.179194
v -0.068737 0.650614 -0.176591
v -0.066424 0.650080 -0.177059
v -0.071115 0.650400 -0.176211
v -0.073328 0.649458 -0.175957
v -0.075158 0.647880 -0.175855
v -0.076427 0.645823 -0.175913
v -0.077010 0.643485 -0.176125
v -0.076850 0.641097 -0.176473
v -0.075963 0.638892 -0.176920
v -0.074436 0.637086 -0.177424
v -0.072417 0.635856 -0.177936
v -0.070105 0.635323 -0.178405
v -0.067726 0.635537 -0.178784
v -0.065514 0.636479 -0.179038
v -0.063683 0.638056 -0.179141
v -0.062414 0.640114 -0.179083
v -0.061831 0.642452 -0.178870
v -0.061991 0.644840 -0.178523
v -0.062879 0.647045 -0.178075
v -0.064406 0.648851 -0.177571
v -0.070992 0.636674 -0.173113
v -0.073815 0.639090 -0.172305
v -0.074521 0.640846 -0.171949
v -0.071717 0.647498 -0.171538
v -0.069956 0.648247 -0.171740
v -0.068063 0.648418 -0.172042
v -0.062695 0.643824 -0.173580
v -0.062568 0.641923 -0.173856
v -0.063032 0.640063 -0.174026
v -0.065498 0.637170 -0.173990
v -0.067209 0.636184 -0.173857
v -0.069179 0.636005 -0.173543
v -0.067263 0.636101 -0.174399
v -0.069282 0.635919 -0.174077
v -0.067321 0.635754 -0.175450
v -0.069492 0.635559 -0.175104
v -0.067421 0.635537 -0.176569
v -0.069707 0.635331 -0.176204
v -0.067559 0.635466 -0.177704
v -0.069915 0.635253 -0.177328
v -0.071094 0.636448 -0.173154
v -0.071244 0.636372 -0.173679
v -0.071602 0.636046 -0.174676
v -0.071928 0.635844 -0.175754
v -0.072204 0.635782 -0.176863
v -0.072766 0.637467 -0.172731
v -0.072956 0.637416 -0.173246
v -0.073444 0.637169 -0.174210
v -0.073868 0.637026 -0.175262
v -0.074203 0.637000 -0.176357
v -0.074031 0.638962 -0.172313
v -0.074252 0.638948 -0.172817
v -0.074839 0.638816 -0.173750
v -0.075336 0.638761 -0.174778
v -0.075717 0.638789 -0.175858
v -0.074766 0.640788 -0.171943
v -0.075005 0.640819 -0.172437
v -0.075648 0.640829 -0.173341
v -0.076188 0.640880 -0.174348
v -0.076595 0.640972 -0.175414
v -0.074898 0.642766 -0.171655
v -0.075141 0.642845 -0.172143
v -0.075794 0.643009 -0.173024
v -0.076343 0.643175 -0.174014
v -0.076753 0.643337 -0.175071
v -0.074415 0.644701 -0.171478
v -0.074646 0.644829 -0.171962
v -0.075262 0.645142 -0.172829
v -0.075782 0.645421 -0.173809
v -0.076176 0.645652 -0.174860
v -0.073364 0.646406 -0.171430
v -0.073570 0.646575 -0.171913
v -0.074104 0.647020 -0.172777
v -0.074563 0.647398 -0.173753
v -0.074919 0.647690 -0.174802
v -0.071848 0.647712 -0.171515
v -0.072017 0.647913 -0.172000
v -0.072433 0.648459 -0.172871
v -0.072804 0.648914 -0.173852
v -0.073107 0.649252 -0.174904
v -0.070015 0.648492 -0.171726
v -0.070139 0.648713 -0.172216
v -0.070414 0.649319 -0.173102
v -0.070677 0.649820 -0.174096
v -0.070915 0.650185 -0.175156
v -0.068045 0.648670 -0.172040
v -0.068121 0.648895 -0.172538
v -0.068243 0.649515 -0.173449
v -0.068391 0.650026 -0.174462
v -0.068559 0.650397 -0.175532
v -0.066131 0.648227 -0.172428
v -0.066159 0.648442 -0.172936
v -0.066133 0.649028 -0.173877
v -0.066170 0.649513 -0.174912
v -0.066270 0.649869 -0.175996
v -0.064460 0.647209 -0.172852
v -0.064446 0.647398 -0.173370
v -0.064290 0.647905 -0.174343
v -0.064230 0.648331 -0.175403
v -0.064271 0.648650 -0.176502
v -0.063194 0.645714 -0.173269
v -0.063150 0.645866 -0.173797
v -0.062897 0.646257 -0.174804
v -0.062762 0.646596 -0.175888
v -0.062758 0.646862 -0.177002
v -0.062459 0.643888 -0.173640
v -0.062397 0.643995 -0.174178
v -0.062087 0.644244 -0.175212
v -0.061909 0.644477 -0.176318
v -0.061880 0.644678 -0.177445
v -0.062327 0.641910 -0.173928
v -0.062261 0.641968 -0.174473
v -0.061941 0.642065 -0.175529
v -0.061755 0.642182 -0.176652
v -0.061721 0.642314 -0.177789
v -0.062810 0.639974 -0.174104
v -0.062756 0.639985 -0.174653
v -0.062473 0.639932 -0.175724
v -0.062316 0.639935 -0.176857
v -0.062298 0.639999 -0.178000
v -0.063861 0.638270 -0.174153
v -0.063832 0.638239 -0.174702
v -0.063631 0.638054 -0.175777
v -0.063535 0.637958 -0.176912
v -0.063555 0.637961 -0.178057
v -0.065376 0.636963 -0.174067
v -0.065386 0.636901 -0.174614
v -0.065302 0.636614 -0.175682
v -0.065294 0.636442 -0.176813
v -0.065368 0.636399 -0.177956
v -0.052739 0.635751 -0.082543
v -0.051102 0.635371 -0.082874
v -0.054425 0.635600 -0.082275
v -0.055995 0.634934 -0.082096
v -0.057293 0.633817 -0.082024
v -0.058194 0.632358 -0.082065
v -0.058608 0.630700 -0.082216
v -0.058495 0.629006 -0.082463
v -0.057865 0.627443 -0.082780
v -0.056780 0.626163 -0.083137
v -0.055348 0.625292 -0.083498
v -0.053709 0.624916 -0.083829
v -0.052024 0.625069 -0.084096
v -0.050457 0.625738 -0.084274
v -0.049161 0.626856 -0.084346
v -0.048264 0.628313 -0.084304
v -0.047852 0.629967 -0.084153
v -0.047965 0.631657 -0.083907
v -0.048593 0.633218 -0.083591
v -0.049673 0.634498 -0.083235
v -0.000512 0.587151 0.239889
v 0.000313 0.589355 0.239573
v -0.000383 0.589515 0.239714
v 0.000854 0.591327 0.238417
v -0.000428 0.591623 0.238677
v 0.001037 0.592798 0.236575
v -0.000641 0.593186 0.236914
v 0.000847 0.593496 0.234484
v -0.000965 0.593915 0.234850
v -0.002829 0.593745 0.235146
v -0.004562 0.593008 0.235344
v -0.005997 0.591771 0.235423
v -0.006992 0.590159 0.235377
v -0.007449 0.588328 0.235210
v -0.007323 0.586456 0.234938
v -0.006628 0.584728 0.234588
v -0.005431 0.583313 0.234193
v -0.003849 0.582349 0.233794
v -0.002037 0.581931 0.233428
v -0.000172 0.582098 0.233132
v 0.001562 0.582836 0.232935
v 0.002997 0.584072 0.232855
v 0.003991 0.585685 0.232901
v 0.004449 0.587516 0.233068
v 0.004323 0.589388 0.233340
v 0.003628 0.591116 0.233690
v 0.002430 0.592531 0.234085
v -0.002365 0.593029 0.237190
v -0.001747 0.591503 0.238887
v -0.001099 0.589450 0.239829
v -0.003970 0.592346 0.237375
v -0.002974 0.590981 0.239028
v -0.001766 0.589167 0.239905
v -0.005298 0.591202 0.237449
v -0.003989 0.590106 0.239085
v -0.002317 0.588691 0.239936
v -0.006218 0.589709 0.237407
v -0.004693 0.588964 0.239053
v -0.002699 0.588071 0.239918
v -0.006642 0.588014 0.237253
v -0.005017 0.587668 0.238935
v -0.002875 0.587367 0.239854
v -0.006526 0.586281 0.237001
v -0.004928 0.586344 0.238742
v -0.002827 0.586648 0.239750
v -0.005882 0.584681 0.236676
v -0.004435 0.585121 0.238494
v -0.002559 0.585984 0.239615
v -0.004773 0.583371 0.236310
v -0.003589 0.584119 0.238214
v -0.002100 0.585440 0.239463
v -0.003309 0.582479 0.235939
v -0.002469 0.583436 0.237930
v -0.001492 0.585069 0.239309
v -0.001632 0.582091 0.235599
v -0.001186 0.583141 0.237670
v -0.000795 0.584908 0.239168
v 0.000094 0.582247 0.235323
v 0.000133 0.583259 0.237460
v -0.000079 0.584973 0.239054
v 0.001699 0.582930 0.235139
v 0.001360 0.583782 0.237319
v 0.000588 0.585257 0.238977
v 0.003026 0.584074 0.235064
v 0.002376 0.584656 0.237262
v 0.001140 0.585732 0.238946
v 0.003947 0.585568 0.235106
v 0.003080 0.585799 0.237294
v 0.001522 0.586352 0.238964
v 0.004370 0.587263 0.235260
v 0.003403 0.587095 0.237412
v 0.001698 0.587056 0.239028
v 0.004254 0.588996 0.235512
v 0.003315 0.588419 0.237604
v 0.001650 0.587775 0.239132
v 0.003610 0.590596 0.235837
v 0.002822 0.589642 0.237853
v 0.001382 0.588439 0.239267
v 0.002502 0.591905 0.236203
v 0.001975 0.590644 0.238133
v 0.000922 0.588984 0.239419
v 0.084208 0.375160 -0.069172
v 0.055492 0.328265 -0.071327
v 0.045568 0.330106 -0.084055
v 0.085568 0.338039 -0.043097
v 0.087740 0.373069 -0.041083
v 0.084817 0.374466 -0.012636
v 0.084571 0.409416 -0.022934
v 0.082576 0.412763 -0.012416
v 0.080508 0.426196 -0.022025
v 0.077073 0.424331 -0.002555
v 0.074050 0.435139 -0.003075
v 0.069498 0.422104 0.008147
v 0.053957 0.436393 0.017357
v 0.057775 0.407045 0.020972
v 0.033325 0.409523 0.027318
v 0.058989 0.382660 0.029097
v 0.032699 0.393081 0.032993
v 0.030646 0.373869 0.044105
v 0.007057 0.393962 0.030790
v 0.004728 0.373839 0.044666
v -0.014633 0.385222 0.005022
v -0.022814 0.364044 0.017980
v -0.018787 0.376293 -0.019305
v -0.019998 0.373366 -0.040978
v -0.019647 0.405144 -0.019924
v -0.023153 0.403492 -0.040425
v -0.022500 0.423115 -0.023139
v -0.025738 0.423340 -0.039076
v -0.016162 0.443123 -0.025641
v -0.017606 0.443512 -0.038163
v -0.022535 0.424391 -0.055112
v -0.016493 0.428971 -0.074399
v -0.008410 0.418599 -0.082547
v 0.005930 0.438894 -0.091725
v 0.012655 0.418566 -0.105187
v 0.037813 0.412327 -0.107240
v 0.034722 0.394759 -0.111898
v 0.060727 0.380322 -0.107371
v 0.027322 0.373642 -0.123767
v 0.049924 0.353493 -0.114164
v 0.058243 0.360930 0.034726
v 0.073184 0.375994 0.014241
v 0.067960 0.349009 0.021933
v 0.079454 0.372531 -0.000918
v 0.066195 0.337690 0.008379
v 0.069853 0.332792 -0.006920
v -0.017669 0.413006 -0.062146
v -0.020487 0.382271 -0.063368
v -0.014448 0.396535 -0.087611
v -0.028663 0.383672 -0.099880
v 0.003386 0.381067 -0.126011
v 0.028689 0.441960 -0.095599
v 0.053666 0.441501 -0.094429
v 0.073893 0.438431 -0.074225
v 0.061237 0.453800 -0.067221
v 0.078332 0.434328 -0.052484
v 0.068379 0.453095 -0.037888
v 0.080569 0.407845 -0.003090
v 0.071928 0.407705 0.009011
v 0.009757 0.400577 -0.112459
v 0.053837 0.339856 -0.098072
v 0.071214 0.371822 -0.093464
v 0.073926 0.407097 -0.087492
v 0.061083 0.406065 -0.100100
v 0.072562 0.422316 -0.085685
v 0.077245 0.369381 -0.078930
v 0.082614 0.414761 -0.066656
v 0.081260 0.408779 -0.075552
v 0.078603 0.425336 -0.074694
v 0.080687 0.427280 -0.055933
v 0.080681 0.429631 -0.038980
v 0.078386 0.433071 -0.025121
v 0.084533 0.410803 -0.056584
v 0.084375 0.414288 -0.044428
v 0.084953 0.409313 -0.039787
v 0.084388 0.413879 -0.034796
v 0.029004 0.436436 0.020756
v 0.006142 0.433777 0.016700
v -0.007600 0.445470 -0.005403
v 0.007118 0.412090 0.024068
v -0.012721 0.409611 0.000386
v -0.016344 0.426103 -0.003465
v -0.026020 0.355133 -0.063860
v -0.018650 0.313137 -0.051838
v -0.019079 0.300587 -0.056405
v -0.033778 0.357916 -0.085158
v -0.018522 0.338456 -0.021307
v -0.030374 0.356366 0.010060
v -0.019183 0.299959 -0.031465
v -0.018821 0.317292 -0.040063
v 0.013780 0.627135 -0.051549
v 0.009985 0.623734 -0.044968
v 0.014029 0.614665 -0.063966
v 0.019492 0.629333 -0.053966
v 0.015937 0.614169 -0.067866
v 0.033897 0.614050 -0.063395
v 0.063045 0.594314 -0.069042
v 0.070882 0.591833 -0.051273
v 0.065234 0.570413 -0.073225
v 0.074370 0.564267 -0.050260
v 0.068052 0.547712 -0.074968
v 0.074473 0.545103 -0.051383
v 0.071727 0.522281 -0.050007
v 0.076784 0.544039 -0.039983
v 0.073177 0.520129 -0.036821
v 0.073551 0.520477 -0.023959
v 0.069774 0.490057 -0.022840
v 0.071485 0.519816 -0.001164
v 0.065695 0.490222 -0.001565
v 0.047882 0.488462 0.016609
v 0.073600 0.466822 -0.003697
v 0.053489 0.468017 0.014325
v 0.048441 0.460677 0.012113
v 0.045135 0.449500 0.005834
v 0.031259 0.447757 0.012240
v 0.043655 0.613950 -0.060442
v 0.052110 0.612846 -0.053573
v 0.074631 0.590094 -0.036232
v 0.076523 0.588990 -0.020614
v 0.076586 0.562461 -0.038841
v 0.078516 0.562308 -0.027217
v 0.078346 0.543088 -0.028522
v 0.079962 0.541696 -0.003817
v 0.061119 0.517256 0.011196
v 0.051185 0.515299 0.022773
v 0.045351 0.522279 0.025658
v 0.018182 0.615664 -0.080478
v 0.040927 0.608659 -0.083441
v 0.051935 0.600033 -0.084079
v 0.046747 0.594339 -0.104905
v 0.060380 0.584444 -0.078946
v 0.056905 0.580726 -0.090486
v 0.056713 0.569628 -0.090124
v 0.052923 0.551537 -0.091549
v 0.055593 0.523344 -0.082713
v 0.044159 0.540701 -0.092881
v 0.047138 0.522176 -0.092471
v 0.032151 0.520468 -0.095651
v 0.047467 0.465999 -0.086808
v 0.051242 0.473821 -0.088957
v 0.072059 0.470715 -0.072152
v 0.044971 0.494304 -0.088815
v 0.063343 0.494228 -0.071944
v 0.066547 0.524509 -0.072096
v 0.068623 0.491749 -0.051661
v 0.030705 0.474094 -0.096400
v 0.079381 0.468317 -0.051369
v 0.080873 0.467560 -0.037916
v 0.036941 0.606853 -0.108692
v 0.057242 0.611154 -0.007127
v 0.065631 0.610800 -0.025877
v 0.050878 0.607285 0.023301
v 0.061808 0.599344 0.022137
v 0.064931 0.593546 0.046595
v 0.072452 0.582217 0.037637
v 0.078080 0.564345 -0.001854
v 0.075987 0.588208 -0.002030
v 0.062325 0.611313 -0.045706
v 0.076541 0.571514 0.018660
v 0.075918 0.560612 0.016581
v 0.071782 0.542432 0.016468
v 0.079872 0.466798 -0.024449
v 0.070565 0.489390 -0.037423
v 0.070638 0.459889 -0.049544
v 0.067033 0.451884 -0.037842
v 0.070521 0.591056 0.017903
v 0.062037 0.462595 -0.073763
v 0.066871 0.451980 -0.028529
v 0.062384 0.458774 -0.001096
v 0.075914 0.577150 0.007424
v 0.062446 0.531338 0.019720
v 0.048481 0.532306 0.034867
v 0.002226 0.443831 0.015712
v 0.007367 0.460319 0.014469
v 0.032801 0.446431 0.019113
v 0.031840 0.433178 0.023419
v 0.051299 0.447586 0.014769
v 0.058049 0.433678 0.019836
v 0.076050 0.434083 -0.003810
v 0.069943 0.421127 0.013767
v 0.079091 0.423247 -0.003057
v 0.074394 0.408821 0.012572
v 0.082777 0.408652 -0.002619
v 0.080495 0.388781 0.007446
v 0.089515 0.392760 -0.020613
v 0.090201 0.363039 -0.020356
v 0.092022 0.364075 -0.041640
v 0.076592 0.273737 -0.045651
v 0.090177 0.364950 -0.062897
v 0.063886 0.293398 -0.107413
v 0.076826 0.360244 -0.088318
v 0.036508 0.313285 -0.130531
v 0.002853 0.312855 -0.157863
v 0.008045 0.379753 -0.127955
v -0.038777 0.308225 -0.180488
v -0.055568 0.306620 -0.180055
v 0.038545 0.369274 -0.124062
v 0.041077 0.389938 -0.115922
v 0.062770 0.385204 -0.108707
v 0.043177 0.412092 -0.108198
v 0.062899 0.409015 -0.103138
v 0.031818 0.438773 -0.100677
v 0.058432 0.438414 -0.097289
v 0.051050 0.452839 -0.090553
v 0.075914 0.437277 -0.073589
v 0.066412 0.451265 -0.072819
v 0.080158 0.434082 -0.053692
v 0.072865 0.450340 -0.050742
v 0.074637 0.452093 -0.037952
v 0.071854 0.459048 -0.037486
v 0.066581 0.447778 -0.003106
v 0.070720 0.458625 -0.025424
v 0.072929 0.449057 -0.025197
v 0.080214 0.432726 -0.023946
v 0.082189 0.428611 -0.039029
v 0.082659 0.425116 -0.022853
v 0.088174 0.410510 -0.039747
v 0.086776 0.409609 -0.021315
v 0.089609 0.392545 -0.040421
v -0.018237 0.311496 -0.175525
v 0.055611 0.358416 -0.110982
v 0.087920 0.393044 -0.060784
v 0.047195 0.268604 0.013595
v 0.079884 0.361356 0.007017
v 0.062220 0.386961 0.029220
v 0.060010 0.408185 0.024301
v 0.051502 0.281795 0.045638
v 0.049467 0.299886 0.078742
v 0.062040 0.364782 0.032331
v 0.030909 0.307020 0.098522
v 0.042390 0.372370 0.044665
v 0.010838 0.307296 0.107015
v 0.010130 0.374351 0.046860
v -0.005884 0.306196 0.109345
v 0.032522 0.452118 -0.094904
v 0.082687 0.426405 -0.055342
v 0.086749 0.411045 -0.058212
v 0.079950 0.425018 -0.074594
v 0.083002 0.410904 -0.076518
v 0.011563 0.391188 -0.119294
v 0.016925 0.416486 -0.108104
v 0.005908 0.433741 -0.097574
v 0.001991 0.449117 -0.091655
v 0.075661 0.410609 -0.091185
v 0.072184 0.423011 -0.091327
v 0.039893 0.390085 0.035772
v 0.010435 0.385274 0.037736
v 0.038414 0.410654 0.028295
v 0.011806 0.410832 0.027177
v -0.008109 0.459920 -0.075985
v 0.080592 0.389394 -0.087243
v 0.005758 0.428367 0.019835
v -0.044265 0.634400 -0.126643
v -0.031927 0.639445 -0.140584
v -0.051625 0.643979 -0.123107
v -0.053906 0.650554 -0.126283
v -0.050674 0.628496 -0.124688
v -0.058108 0.632814 -0.125548
v -0.062538 0.637783 -0.122995
v -0.068185 0.654140 -0.151560
v -0.060305 0.655463 -0.149317
v -0.062023 0.652465 -0.153931
v -0.056352 0.654697 -0.132543
v -0.063734 0.655083 -0.134255
v -0.058695 0.655907 -0.139525
v -0.044343 0.620528 -0.134570
v -0.042789 0.619523 -0.140975
v -0.046110 0.622274 -0.147900
v -0.054893 0.619850 -0.139736
v -0.045960 0.627138 -0.151320
v -0.056559 0.633139 -0.144275
v -0.061900 0.634359 -0.132140
v -0.064347 0.639161 -0.140921
v -0.072438 0.646028 -0.134383
v -0.045037 0.631829 -0.159593
v -0.053747 0.631939 -0.151612
v -0.052430 0.636284 -0.124340
v -0.061878 0.630971 -0.132770
v -0.071667 0.645881 -0.142429
v -0.069658 0.642915 -0.151777
v -0.058547 0.638207 -0.156658
v -0.059594 0.645430 -0.157742
v 0.044230 0.541016 0.203970
v 0.064070 0.554481 0.203511
v 0.057677 0.545149 0.206850
v 0.053703 0.542630 0.201787
v 0.039958 0.539708 0.200500
v 0.041619 0.538373 0.178660
v 0.031607 0.546238 0.201032
v 0.032525 0.547782 0.176748
v 0.031466 0.556167 0.176028
v 0.036420 0.546437 0.144168
v 0.036597 0.562433 0.141532
v 0.037392 0.549589 0.132519
v 0.038115 0.558921 0.130238
v 0.043294 0.557699 0.113690
v 0.046943 0.570280 0.131825
v 0.050826 0.570386 0.119094
v 0.059648 0.570482 0.120188
v 0.048441 0.570719 0.106922
v 0.068359 0.570262 0.096420
v 0.046215 0.581810 0.075509
v 0.066524 0.579789 0.070178
v 0.042707 0.589458 0.049829
v 0.062874 0.585988 0.043307
v 0.046025 0.587572 0.041336
v 0.055997 0.585750 0.039400
v 0.059036 0.585834 0.030593
v 0.065712 0.581111 0.036662
v 0.075357 0.562509 0.035686
v 0.072069 0.556961 0.017682
v 0.068910 0.543380 0.033694
v 0.055384 0.572206 0.143586
v 0.034963 0.563539 0.175536
v 0.049977 0.573539 0.176957
v 0.038733 0.566425 0.201481
v 0.056701 0.566976 0.206850
v 0.038417 0.569425 0.202968
v 0.052461 0.571192 0.206605
v 0.031494 0.558369 0.199327
v 0.032609 0.563100 0.200792
v 0.027978 0.557652 0.198235
v 0.030345 0.547560 0.198476
v 0.076619 0.569387 0.063825
v 0.071469 0.541647 0.059380
v 0.058759 0.561442 0.210068
v 0.061299 0.567227 0.206062
v 0.062047 0.570663 0.179508
v 0.070195 0.559813 0.180883
v 0.070530 0.570175 0.146297
v 0.077477 0.556913 0.147111
v 0.077149 0.557382 0.138740
v 0.066680 0.568645 0.135803
v 0.056188 0.571810 0.134603
v 0.037064 0.555138 0.124798
v 0.045636 0.565944 0.123879
v 0.032360 0.557441 0.118614
v 0.034876 0.558654 0.111078
v 0.025888 0.574350 0.070643
v 0.022898 0.553974 0.088607
v 0.020879 0.544727 0.061909
v 0.024961 0.537315 0.083051
v 0.033114 0.534153 0.062943
v 0.045780 0.523520 0.097296
v 0.059423 0.532035 0.064616
v 0.062070 0.527644 0.094670
v 0.073584 0.539129 0.094927
v 0.078021 0.546016 0.127585
v 0.080975 0.557325 0.125026
v 0.016286 0.546908 0.048005
v 0.032156 0.542542 0.115863
v 0.022996 0.582327 0.051362
v 0.030795 0.582861 0.042440
v 0.015735 0.571066 0.042679
v 0.010039 0.568316 0.041882
v 0.076446 0.550251 0.139802
v 0.069540 0.549948 0.181245
v 0.076275 0.543851 0.148394
v 0.068064 0.534950 0.148008
v 0.072343 0.539420 0.142579
v 0.061939 0.530274 0.140991
v 0.069234 0.529080 0.128720
v 0.056007 0.529235 0.123109
v 0.065594 0.524473 0.124432
v 0.039669 0.526720 0.114639
v 0.035176 0.532797 0.100958
v 0.032595 0.544983 0.110553
v 0.039169 0.540805 0.120589
v 0.044272 0.536595 0.132391
v 0.043438 0.534684 0.146560
v 0.051413 0.528683 0.137954
v 0.058007 0.528051 0.147462
v 0.053165 0.537267 0.180367
v 0.062806 0.541333 0.181356
v 0.072592 0.566801 0.137460
v 0.075394 0.566915 0.123147
v 0.077427 0.553894 0.088600
v -0.026572 0.288696 -0.114380
v -0.015785 0.292121 -0.120127
v -0.042213 0.290986 -0.111975
v -0.014177 0.299908 -0.156272
v -0.008834 0.295654 -0.130747
v -0.008250 0.297361 -0.145698
v -0.041490 0.282793 -0.121097
v 0.002444 0.259563 0.068175
v 0.016246 0.261178 0.057716
v 0.035488 0.274737 0.066484
v 0.032986 0.290842 0.087282
v 0.037738 0.283398 0.078597
v 0.027490 0.266697 0.059777
v -0.024864 0.291624 -0.158045
v -0.026787 0.297023 -0.162157
v -0.037627 0.288528 -0.160288
v -0.027777 0.304429 -0.159852
v -0.029137 0.316496 -0.160636
v -0.022678 0.322185 -0.150067
v -0.008034 0.305241 -0.145838
v -0.011149 0.296445 -0.129868
v 0.003589 0.318910 -0.118856
v -0.007495 0.316617 -0.107054
v 0.041182 0.344884 -0.078254
v 0.020572 0.346360 -0.062894
v 0.052479 0.365168 -0.062731
v 0.023979 0.359101 -0.054671
v 0.051374 0.369802 -0.050258
v 0.028513 0.370758 -0.039703
v 0.053910 0.375038 -0.039596
v 0.057535 0.372789 -0.028925
v 0.074068 0.393926 -0.040243
v 0.073752 0.390138 -0.027596
v 0.080174 0.398979 -0.028521
v 0.079661 0.395782 -0.015135
v 0.081250 0.408956 -0.023203
v 0.080328 0.411866 -0.013206
v 0.078851 0.424916 -0.022451
v 0.075352 0.422264 -0.003741
v 0.071605 0.433524 -0.004872
v 0.068700 0.420736 0.006659
v 0.052908 0.433399 0.013149
v 0.057667 0.405629 0.016074
v 0.029531 0.433039 0.018250
v 0.031634 0.410827 0.022817
v 0.011715 0.411820 0.018141
v 0.029399 0.385294 0.033263
v 0.011862 0.386444 0.026897
v 0.007186 0.350592 0.065319
v -0.011134 0.345112 0.057461
v -0.004099 0.323444 0.081393
v -0.020649 0.322094 0.060491
v -0.019895 0.290150 0.083889
v -0.020224 0.303544 0.042090
v -0.016917 0.276124 0.062272
v -0.004761 0.273490 0.049238
v 0.017190 0.268825 0.047046
v 0.034212 0.281121 0.051115
v 0.019267 0.283581 0.043885
v 0.027253 0.295541 0.054989
v 0.027724 0.289028 0.044096
v 0.038911 0.292758 0.060005
v 0.033313 0.309772 0.035071
v 0.041314 0.318467 0.046489
v 0.057884 0.350540 0.001726
v 0.061748 0.364595 0.016873
v 0.064153 0.376840 -0.001941
v 0.062866 0.383858 0.011259
v 0.070908 0.385463 -0.010335
v 0.075376 0.393645 -0.002780
v 0.078491 0.406290 -0.004212
v 0.072795 0.387877 -0.051844
v 0.067659 0.378172 -0.059073
v 0.079731 0.394430 -0.063908
v 0.068966 0.380927 -0.068426
v 0.075662 0.390655 -0.075994
v 0.061237 0.378269 -0.090108
v 0.073027 0.405345 -0.086188
v 0.060897 0.403316 -0.095385
v 0.071952 0.420270 -0.084458
v 0.052809 0.438031 -0.090506
v 0.071456 0.436641 -0.072599
v 0.044899 0.453880 -0.081463
v 0.059229 0.370905 -0.076455
v 0.052593 0.356976 -0.094625
v 0.055577 0.387529 -0.101542
v 0.046333 0.368833 -0.104911
v 0.029011 0.385583 -0.113626
v 0.001941 0.347626 -0.140274
v -0.010419 0.360781 -0.142507
v -0.018754 0.328210 -0.156930
v -0.033562 0.340701 -0.156513
v -0.048535 0.306528 -0.163269
v -0.066279 0.303411 -0.146959
v -0.048218 0.284601 -0.155701
v -0.053720 0.281136 -0.136912
v -0.007884 0.310594 -0.146297
v -0.018644 0.325746 -0.129689
v -0.025951 0.300285 -0.114821
v -0.022959 0.318841 -0.097020
v 0.000553 0.363856 -0.061890
v 0.009758 0.374951 -0.040579
v 0.036927 0.412418 -0.103354
v 0.017534 0.416924 -0.099714
v 0.012418 0.392205 -0.108114
v -0.000864 0.403152 -0.083883
v -0.004392 0.393054 -0.092700
v -0.012295 0.388267 -0.078851
v -0.045837 0.362074 -0.117206
v -0.047841 0.348585 -0.103875
v -0.058570 0.336870 -0.115924
v -0.042828 0.312736 -0.106015
v -0.046847 0.304124 -0.110613
v 0.037711 0.295190 0.072797
v 0.026070 0.303889 0.070572
v 0.036358 0.303472 0.074785
v 0.039409 0.332702 0.057355
v 0.051612 0.374406 0.026193
v 0.054673 0.391505 0.022126
v -0.001211 0.378566 -0.041419
v -0.010829 0.376605 -0.067771
v -0.010513 0.390781 -0.053693
v -0.007127 0.403114 -0.066348
v -0.001963 0.417311 -0.076732
v 0.007435 0.435092 -0.091642
v 0.029348 0.438269 -0.095493
v 0.009375 0.450749 -0.086153
v 0.031033 0.452675 -0.087989
v -0.007732 0.448566 -0.070662
v -0.008078 0.425759 -0.072057
v -0.015688 0.416964 -0.050022
v -0.014490 0.404865 -0.053407
v -0.015570 0.402592 -0.041652
v -0.011547 0.396203 -0.052514
v -0.011467 0.390527 -0.041917
v -0.008646 0.382739 -0.042402
v -0.010511 0.388080 -0.030664
v -0.008017 0.380814 -0.029377
v -0.007656 0.391777 -0.016228
v -0.008068 0.372163 -0.002695
v -0.002566 0.392962 0.001559
v -0.003430 0.380812 0.010963
v -0.000629 0.360058 -0.012490
v -0.017731 0.317427 0.028607
v -0.023316 0.331541 0.040335
v -0.008380 0.308723 -0.120361
v -0.026086 0.316204 -0.114332
v -0.037305 0.331590 -0.097431
v -0.028821 0.365833 -0.135022
v -0.049806 0.350807 -0.136150
v -0.060419 0.300987 -0.121676
v 0.008781 0.330770 -0.131214
v -0.024562 0.300436 -0.108880
v -0.040099 0.298935 -0.112267
v 0.022900 0.284670 0.094076
v 0.021263 0.291421 0.095295
v 0.019756 0.296831 0.089849
v 0.010604 0.283322 0.099043
v 0.018590 0.306876 0.085056
v -0.000348 0.300255 0.094636
v 0.015053 0.319572 0.083224
v -0.015283 0.397111 -0.029501
v -0.004754 0.411287 -0.004689
v 0.070891 0.406747 0.007661
v 0.005779 0.289556 0.035056
v 0.002188 0.269510 0.052557
v 0.019168 0.303044 0.024969
v 0.000235 0.307134 0.024041
v 0.015400 0.352227 -0.016824
v 0.040735 0.343815 -0.013655
v 0.036950 0.356224 -0.023876
v 0.060027 0.369588 -0.015727
v 0.070429 0.382302 -0.019938
v -0.000289 0.277918 0.098207
v -0.010147 0.266976 0.069216
v 0.000356 0.262385 0.056406
v -0.016217 0.444307 -0.050672
v 0.024636 0.344993 0.064479
v 0.077448 0.422124 -0.073621
v 0.079505 0.405845 -0.074280
v 0.081015 0.411907 -0.065175
v 0.081450 0.409141 -0.055777
v 0.079134 0.425798 -0.055596
v 0.081031 0.413913 -0.044013
v 0.077879 0.428445 -0.039024
v 0.080193 0.402206 -0.039981
v 0.081046 0.413542 -0.035207
v 0.080170 0.398953 -0.051122
v 0.075441 0.432795 -0.052055
v 0.075488 0.431598 -0.025673
v 0.061385 0.450827 -0.008395
v -0.016590 0.422102 -0.039146
v -0.015668 0.416069 -0.028800
v -0.008007 0.423043 -0.006089
v 0.007673 0.430384 0.014212
v -0.054275 0.289270 -0.124095
v -0.011019 0.318613 -0.145695
v -0.018000 0.336322 -0.152205
v -0.024590 0.322726 -0.155562
v -0.017570 0.320760 -0.146620
v -0.002241 0.311084 -0.143373
v -0.004579 0.309529 -0.125779
v 0.009758 0.279648 -0.122659
v -0.003209 0.276083 -0.105996
v 0.000457 0.224465 -0.117998
v -0.013756 0.222951 -0.119199
v -0.002442 0.186112 -0.123749
v -0.009241 0.185178 -0.125920
v -0.007510 0.185120 -0.137445
v -0.020515 0.184168 -0.139776
v -0.021149 0.185263 -0.151068
v -0.016421 0.183625 -0.130939
v -0.021076 0.221893 -0.121546
v -0.025406 0.273822 -0.107974
v -0.015660 0.306411 -0.111520
v -0.020639 0.323584 -0.130740
v -0.015020 0.309707 -0.134866
v -0.029397 0.328334 -0.160239
v -0.015523 0.310036 -0.160257
v 0.012366 0.281590 -0.143095
v 0.009123 0.226946 -0.128856
v 0.010822 0.187731 -0.122031
v -0.034554 0.304081 -0.113059
v -0.029957 0.320265 -0.119144
v -0.021265 0.304713 -0.124293
v -0.003343 0.280536 -0.162823
v 0.010746 0.228180 -0.142234
v 0.019271 0.189203 -0.130472
v -0.043843 0.313524 -0.119502
v -0.029453 0.306380 -0.116578
v -0.028613 0.326781 -0.128973
v 0.000693 0.227460 -0.154900
v 0.010057 0.189690 -0.153807
v 0.005818 0.187350 -0.146023
v 0.005686 0.187333 -0.145107
v -0.004384 0.185975 -0.147882
v -0.052500 0.317005 -0.122499
v -0.040827 0.316860 -0.111098
v -0.002094 0.188326 -0.159144
v -0.045443 0.325387 -0.113217
v -0.028794 0.220187 -0.127235
v -0.037032 0.272162 -0.111669
v -0.048954 0.269420 -0.120383
v -0.044561 0.302526 -0.116214
v -0.054866 0.300128 -0.123736
v -0.058476 0.324410 -0.129647
v -0.049753 0.334797 -0.119073
v -0.032840 0.220893 -0.137506
v -0.055202 0.270591 -0.136324
v -0.060282 0.301284 -0.137506
v -0.054426 0.334663 -0.137822
v -0.046813 0.343864 -0.128473
v -0.032850 0.222032 -0.150585
v -0.055393 0.272469 -0.156618
v -0.060413 0.303201 -0.154937
v -0.047863 0.340691 -0.149427
v -0.039750 0.350610 -0.141414
v -0.027406 0.344857 -0.150697
v -0.036863 0.335616 -0.157987
v -0.033049 0.307913 -0.168340
v -0.046700 0.305233 -0.166360
v -0.023622 0.278248 -0.172090
v -0.039450 0.274908 -0.169840
v -0.012230 0.225898 -0.160762
v -0.022534 0.223735 -0.159286
v -0.011533 0.186431 -0.158089
v -0.003384 0.186487 -0.151239
v -0.048104 0.338823 -0.161707
v -0.055969 0.298494 -0.163138
v -0.069930 0.301871 -0.162083
v -0.047352 0.310973 -0.168580
v -0.038716 0.331724 -0.165690
v -0.029115 0.328140 -0.163714
v -0.021208 0.332239 -0.158229
v -0.015701 0.327777 -0.154313
v -0.028051 0.338899 -0.159040
v -0.023698 0.336791 -0.154632
v -0.026476 0.346167 -0.151823
v -0.043209 0.331095 -0.140993
v -0.025413 0.359891 -0.136046
v -0.031012 0.358177 -0.127310
v -0.038077 0.365252 -0.144394
v -0.042933 0.364059 -0.135657
v -0.043813 0.365251 -0.144562
v -0.047690 0.364394 -0.138827
v -0.074432 0.303706 -0.160457
v -0.076202 0.303057 -0.154996
v -0.072126 0.299953 -0.154079
v -0.060465 0.281777 -0.155906
v -0.062510 0.281203 -0.149379
v -0.052683 0.281141 -0.154197
v -0.054301 0.280572 -0.147171
v -0.056483 0.280075 -0.140230
v -0.056976 0.295661 -0.130047
v -0.064139 0.280832 -0.142616
v -0.064788 0.296323 -0.132672
v -0.074594 0.300723 -0.146543
v -0.064010 0.334486 -0.132659
v -0.049152 0.362061 -0.128378
v -0.055068 0.343789 -0.122375
v -0.037362 0.356383 -0.119023
v -0.049674 0.339219 -0.118464
v -0.049603 0.328999 -0.117464
v -0.044642 0.319056 -0.112787
v -0.055489 0.330751 -0.119327
v -0.051022 0.323218 -0.115231
v -0.060611 0.325412 -0.123522
v -0.054658 0.318668 -0.118565
v -0.059941 0.307295 -0.121939
v -0.051421 0.310392 -0.117091
v -0.052891 0.306417 -0.120210
v -0.043936 0.309476 -0.115772
v -0.045307 0.314747 -0.114930
v -0.045231 0.315944 -0.121407
v -0.049437 0.315386 -0.115077
v -0.047093 0.316094 -0.114397
v -0.018076 0.324394 -0.156988
v -0.021398 0.322483 -0.159890
v -0.032255 0.320376 -0.159415
v -0.031808 0.319781 -0.166196
v -0.030438 0.313267 -0.165432
v -0.040272 0.309954 -0.166519
v -0.037668 0.314613 -0.168007
v -0.032835 0.350273 -0.154278
v -0.048469 0.298061 -0.161466
v -0.077418 0.302706 -0.149639
v -0.051433 0.363084 -0.133481
v 0.013306 0.326816 0.077783
v 0.027791 0.316252 0.074422
v 0.009597 0.310506 0.056087
v 0.020481 0.311210 0.080138
v 0.008576 0.316039 0.085696
v 0.031549 0.301587 0.085750
v 0.015322 0.303899 0.095939
v 0.045081 0.276652 0.100651
v 0.050178 0.226219 0.118707
v 0.060753 0.192350 0.134752
v 0.055775 0.186670 0.129606
v 0.047267 0.188617 0.135644
v 0.055548 0.186216 0.128837
v 0.041624 0.180889 0.124799
v 0.038565 0.175447 0.114958
v 0.031869 0.205447 0.091559
v 0.017071 0.244932 0.058825
v 0.006024 0.245513 0.064228
v 0.007393 0.274127 0.049858
v -0.002067 0.274534 0.054513
v 0.000161 0.287786 0.049404
v -0.007178 0.290332 0.051642
v 0.005291 0.294956 0.039252
v -0.003138 0.299826 0.040427
v 0.037139 0.301236 0.064884
v 0.033279 0.292191 0.053454
v 0.026270 0.294246 0.055857
v 0.029305 0.302981 0.068229
v 0.038524 0.284273 0.054734
v 0.042746 0.294086 0.068959
v 0.053455 0.256296 0.064581
v 0.058342 0.267751 0.081107
v 0.055555 0.213056 0.095314
v 0.058666 0.220525 0.106131
v 0.066717 0.181685 0.114500
v 0.069372 0.187753 0.123704
v 0.021557 0.286476 0.041367
v 0.015594 0.286326 0.047708
v 0.025940 0.274904 0.045126
v 0.038787 0.245464 0.053356
v 0.045780 0.205876 0.088084
v 0.000887 0.329384 0.075303
v -0.002770 0.317984 0.083416
v 0.001601 0.300731 0.097311
v 0.026116 0.279554 0.112240
v 0.010272 0.275902 0.113782
v 0.038096 0.227949 0.126104
v 0.027780 0.225577 0.127093
v 0.049397 0.193995 0.141480
v 0.039977 0.192041 0.142604
v 0.029663 0.187863 0.138213
v -0.014269 0.316571 0.053447
v -0.012180 0.327226 0.065486
v -0.014725 0.315749 0.074468
v -0.016791 0.306122 0.063588
v -0.013314 0.293701 0.089999
v -0.015132 0.283762 0.075585
v -0.006994 0.267777 0.105368
v -0.009089 0.256381 0.088599
v 0.016596 0.220140 0.121581
v 0.015131 0.212862 0.110753
v 0.029023 0.181467 0.128843
v 0.045904 0.186579 0.133090
v -0.011832 0.306293 0.045162
v -0.015035 0.295960 0.056677
v -0.011326 0.276206 0.063459
v -0.004693 0.247560 0.074550
v 0.017982 0.207221 0.101676
v 0.024916 0.205811 0.094985
v 0.032081 0.176657 0.120928
v -0.008044 0.293971 0.099615
v -0.017525 0.292299 0.094928
v -0.012293 0.276268 0.101866
v -0.020036 0.287384 0.089547
v -0.023543 0.289871 0.089575
v -0.025437 0.287099 0.085128
v -0.019336 0.335520 0.058021
v -0.021725 0.331862 0.052855
v -0.019094 0.331608 0.048211
v -0.023173 0.284435 0.083172
v -0.024425 0.301849 0.060256
v -0.019596 0.277740 0.075482
v -0.016123 0.281886 0.060015
v -0.009564 0.280282 0.058396
v -0.008595 0.282333 0.053330
v -0.001030 0.280909 0.051588
v -0.002226 0.284532 0.048936
v -0.005091 0.308503 0.068561
v -0.002167 0.286278 0.047904
v -0.000701 0.288053 0.046390
v -0.008484 0.290341 0.048115
v 0.000333 0.291123 0.044113
v 0.001068 0.295031 0.041791
v -0.008432 0.301582 0.045310
v -0.013590 0.310452 0.045143
v -0.014493 0.300305 0.047033
v -0.021035 0.312354 0.048858
v -0.016755 0.294135 0.052079
v -0.011544 0.331465 0.043645
v -0.007394 0.337057 0.051622
v -0.003879 0.342276 0.060208
v 0.001322 0.331423 0.077331
v -0.006992 0.332079 0.079143
v 0.003220 0.325214 0.085282
v 0.000272 0.317449 0.091460
v 0.012518 0.322724 0.085281
v 0.010190 0.316863 0.089895
v 0.019662 0.321237 0.081884
v 0.019193 0.317586 0.084838
v 0.018094 0.314758 0.087284
v 0.016768 0.313535 0.088767
v 0.017271 0.311972 0.089667
v 0.010933 0.309835 0.094178
v 0.017952 0.307762 0.091244
v 0.008074 0.305244 0.095299
v 0.000176 0.292562 0.097170
v -0.004254 0.274533 0.099645
v -0.015058 0.272728 0.096713
v -0.017340 0.269137 0.091314
v -0.006682 0.295690 0.043791
v -0.011668 0.275830 0.072403
v -0.009586 0.267009 0.088522
v 0.008226 0.325054 0.081213
v 0.001817 0.307145 0.097478
v -0.012694 0.317760 0.087519
v -0.012140 0.341408 0.063227
v -0.015182 0.337036 0.055165
v -0.021340 0.292939 0.093713
v -0.016847 0.338750 0.063382
v -0.006626 0.270751 0.093993
v -0.005818 0.443993 -0.006116
v -0.014580 0.441464 -0.026240
v 0.066824 0.452919 -0.047099
v 0.023906 0.471859 -0.042282
v 0.022464 0.484672 -0.035449
v -0.050828 0.302667 -0.136030
v -0.049248 0.303109 -0.141489
v -0.037445 0.305350 -0.137891
v 0.024226 0.471190 -0.030231
v 0.024066 0.471524 -0.036257
v 0.025623 0.458362 -0.036901
v -0.030990 0.290297 -0.132163
v -0.032463 0.303558 -0.135586
v -0.009842 0.459379 -0.063626
v -0.007135 0.459707 -0.069009
v 0.004736 0.459573 -0.063052
v -0.003971 0.456051 0.000762
v -0.006749 0.456294 -0.004598
v 0.005042 0.456800 -0.010682
v 0.052041 0.467169 -0.079347
v 0.055180 0.466926 -0.074162
v 0.043817 0.466358 -0.067327
v 0.059429 0.463195 -0.005498
v 0.056519 0.462855 -0.000241
v 0.044879 0.463023 -0.006658
v -0.008279 0.667940 -0.008299
v -0.007766 0.669944 0.003136
v -0.004747 0.672547 -0.000244
v -0.003366 0.676979 0.007410
v 0.000860 0.674619 0.006984
v 0.002998 0.683624 0.011505
v 0.008094 0.675759 0.011658
v 0.008343 0.682718 0.013049
v 0.015709 0.684159 0.014060
v 0.009380 0.689470 0.012562
v 0.015472 0.689844 0.012527
v 0.009906 0.694088 0.006343
v 0.017078 0.693548 0.007094
v 0.021103 0.696321 -0.001027
v 0.024422 0.689893 0.006178
v 0.028412 0.693053 -0.000821
v 0.032208 0.689005 -0.002176
v 0.004562 0.689422 0.010785
v 0.003061 0.692396 0.003861
v 0.010483 0.697117 -0.002945
v 0.002647 0.694010 -0.006945
v 0.009828 0.697789 -0.016454
v 0.001707 0.692073 -0.022133
v 0.006983 0.693558 -0.028480
v -0.001354 0.685887 -0.029187
v 0.002699 0.685570 -0.036101
v -0.002501 0.678694 -0.035279
v 0.002052 0.678374 -0.042590
v -0.004976 0.668987 -0.036428
v -0.000292 0.668270 -0.045473
v -0.001420 0.658832 -0.038810
v -0.000028 0.656741 -0.043709
v 0.006249 0.677695 -0.049794
v 0.017853 0.673938 -0.055021
v 0.026374 0.675441 -0.053950
v 0.027592 0.665050 -0.057785
v 0.039004 0.665394 -0.054377
v 0.038957 0.651403 -0.055416
v 0.048735 0.664697 -0.047690
v 0.049285 0.649923 -0.048578
v 0.055071 0.662503 -0.038567
v 0.054014 0.647315 -0.038468
v 0.057944 0.655819 -0.027498
v 0.055315 0.644755 -0.025987
v 0.054314 0.646614 -0.018592
v 0.053750 0.635620 -0.024142
v 0.047675 0.640521 -0.015471
v 0.047864 0.632353 -0.018383
v 0.005919 0.666810 -0.052852
v 0.016353 0.663148 -0.057027
v 0.027550 0.650286 -0.058955
v 0.038572 0.634487 -0.055199
v 0.047542 0.633585 -0.046488
v 0.051627 0.634034 -0.035712
v 0.018793 0.699288 -0.013485
v 0.027449 0.697784 -0.011156
v 0.027466 0.698842 -0.023038
v 0.037282 0.694503 -0.020032
v 0.032120 0.696164 -0.032745
v 0.040752 0.692793 -0.030403
v 0.026559 0.633935 -0.056496
v 0.015598 0.634634 -0.052898
v 0.016632 0.647859 -0.056363
v 0.005851 0.645660 -0.049557
v 0.005538 0.656693 -0.052495
v 0.001198 0.647500 -0.043927
v 0.055103 0.655985 -0.017487
v 0.056111 0.667081 -0.017054
v 0.057929 0.665980 -0.027903
v 0.055958 0.676775 -0.026187
v 0.054274 0.673329 -0.037632
v 0.049500 0.683828 -0.034015
v 0.047078 0.675096 -0.044065
v 0.037671 0.676355 -0.050567
v 0.024749 0.686702 -0.046930
v 0.047980 0.688445 -0.025925
v 0.045152 0.690107 -0.017005
v 0.053665 0.678505 -0.017750
v 0.050406 0.679375 -0.009852
v 0.051716 0.667775 -0.006204
v 0.052206 0.657957 -0.013077
v 0.049016 0.655262 -0.008631
v 0.022001 0.685384 0.011708
v 0.023982 0.681276 0.010846
v 0.015789 0.678449 0.013588
v 0.041603 0.690387 -0.008232
v 0.036041 0.690726 -0.010083
v 0.037804 0.689350 -0.000521
v 0.033840 0.686246 0.006704
v 0.028790 0.686450 0.004890
v 0.031341 0.681555 0.010776
v 0.027510 0.679137 0.010511
v 0.047252 0.679798 -0.002697
v 0.043204 0.679420 0.003988
v 0.040197 0.677152 0.007978
v 0.036480 0.673920 0.008666
v 0.030930 0.676828 0.009837
v 0.035033 0.672342 0.008569
v 0.017653 0.698436 -0.025900
v 0.013403 0.693057 -0.037414
v 0.021650 0.695299 -0.036489
v 0.016051 0.685379 -0.047146
v 0.015157 0.629240 -0.047904
v 0.005379 0.636407 -0.047205
v 0.008781 0.630104 -0.043647
v 0.004460 0.633077 -0.039087
v 0.033035 0.694347 -0.010069
v 0.040196 0.691316 -0.019090
v 0.009247 0.685197 -0.044514
v 0.046090 0.667122 0.001299
v 0.002290 0.640713 -0.036515
v 0.045344 0.685146 -0.037451
v 0.035017 0.688128 -0.042684
v -0.006011 0.661090 -0.032483
v -0.005584 0.655088 -0.026122
v -0.008288 0.664637 -0.017732
v -0.002302 0.656117 -0.033110
v 0.045233 0.654361 -0.001963
v 0.040112 0.664417 0.005389
v -0.007277 0.660611 -0.025648
v 0.043317 0.689131 -0.028315
v 0.048160 0.628623 -0.031408
v -0.009427 0.669389 -0.025071
v -0.009072 0.660841 -0.016365
v -0.006589 0.678360 -0.025436
v -0.010367 0.671593 -0.016051
v -0.008299 0.677692 -0.016217
v -0.010155 0.675223 -0.006835
v -0.006915 0.683136 -0.008692
v -0.007433 0.679375 0.001377
v -0.003444 0.687614 -0.000789
v -0.002234 0.684786 0.006768
v -0.010203 0.664281 -0.004877
v -0.002168 0.690105 -0.012160
v -0.004286 0.685288 -0.020251
v -0.007901 0.668920 -0.008019
v -0.006659 0.662569 0.001291
v -0.008044 0.664762 -0.008590
v -0.006957 0.657207 0.003287
v -0.008220 0.655847 -0.004484
v -0.006776 0.655542 0.002722
v -0.007784 0.654418 -0.003892
v -0.005495 0.653752 -0.002921
v -0.007077 0.651139 -0.010950
v -0.006036 0.651075 -0.007205
v -0.006434 0.647386 -0.007893
v -0.005457 0.649008 -0.003955
v -0.004791 0.647439 -0.001498
v -0.005020 0.649167 -0.000782
v -0.003012 0.648205 0.001836
v 0.004305 0.651841 -0.011692
v 0.000538 0.648457 0.003614
v 0.002758 0.649527 0.004088
v 0.001255 0.647197 0.003634
v 0.003351 0.649251 0.007843
v 0.001241 0.644743 0.005522
v 0.003813 0.647514 0.010016
v 0.003151 0.643816 0.009472
v 0.003996 0.646639 0.013467
v 0.002405 0.641323 0.016231
v 0.005401 0.646818 0.015278
v 0.003706 0.640593 0.018613
v 0.006394 0.641256 0.018133
v 0.006643 0.636185 0.020380
v 0.012211 0.638348 0.014468
v 0.012832 0.635748 0.015354
v 0.014480 0.635930 0.013411
v 0.013486 0.632965 0.013304
v 0.018613 0.630059 0.012167
v 0.015223 0.628589 0.015194
v 0.022145 0.625920 0.011688
v 0.016435 0.624695 0.015414
v 0.019372 0.623078 0.013057
v 0.017663 0.622439 0.011907
v 0.021127 0.618139 0.011252
v 0.014926 0.617686 0.011940
v 0.018532 0.614843 0.011940
v 0.016794 0.612695 0.013588
v 0.020688 0.610111 0.008518
v 0.017957 0.607054 0.011366
v 0.014319 0.604893 0.005708
v 0.012957 0.602689 0.010486
v 0.007740 0.602289 0.010313
v -0.008392 0.665395 -0.017559
v -0.008010 0.659094 -0.012238
v -0.006197 0.654718 -0.018481
v -0.007413 0.645159 -0.013546
v -0.006525 0.639993 -0.007144
v -0.005030 0.644454 -0.003726
v -0.003944 0.637041 -0.000307
v -0.002465 0.642933 0.001789
v -0.001234 0.636501 0.004259
v 0.000844 0.636157 0.006907
v 0.001516 0.638527 0.009367
v 0.000367 0.635956 0.009408
v 0.000366 0.636290 0.017386
v 0.001055 0.633788 0.010227
v 0.001731 0.634061 0.017245
v 0.004337 0.632259 0.016998
v 0.003223 0.633529 0.019378
v 0.005833 0.633993 0.019202
v 0.002745 0.635906 0.020463
v 0.024973 0.621100 0.008793
v 0.024912 0.614642 0.007203
v 0.029859 0.622452 0.005553
v 0.031220 0.619165 0.001892
v 0.038844 0.626234 -0.002832
v 0.034498 0.618654 -0.004976
v 0.040377 0.624372 -0.009420
v 0.036901 0.620534 -0.008696
v 0.043092 0.638301 -0.003060
v 0.038907 0.633989 0.001276
v 0.038009 0.640615 0.003707
v 0.034450 0.636526 0.006082
v 0.035810 0.644439 0.007070
v 0.030137 0.639383 0.010343
v 0.030861 0.646765 0.009897
v 0.026662 0.643926 0.011391
v 0.024862 0.646944 0.012647
v 0.021574 0.646260 0.012151
v 0.021172 0.647802 0.013372
v 0.017065 0.646935 0.011176
v 0.017566 0.648173 0.011737
v 0.015830 0.649309 0.010323
v 0.027181 0.651460 -0.000781
v 0.017129 0.650995 0.011992
v 0.020284 0.651507 0.013836
v 0.020385 0.652665 0.013515
v 0.023744 0.650960 0.013704
v 0.025019 0.651783 0.013414
v 0.026930 0.650014 0.011165
v 0.030178 0.650471 0.010069
v 0.027231 0.648463 0.011637
v -0.002358 0.646659 0.000735
v -0.005499 0.655375 -0.026292
v -0.005671 0.646280 -0.022718
v -0.002213 0.648430 -0.031695
v -0.004289 0.639091 -0.025660
v 0.000001 0.635416 -0.032387
v 0.001850 0.630826 -0.031032
v -0.006286 0.641353 -0.017421
v -0.005142 0.634724 -0.019735
v -0.002168 0.626983 -0.023132
v -0.004925 0.630325 -0.012643
v -0.004383 0.623211 -0.012895
v -0.004618 0.631166 -0.006656
v -0.004945 0.621812 -0.007879
v -0.002728 0.631891 0.000979
v -0.001442 0.626324 0.000311
v -0.000948 0.630384 0.002837
v -0.001207 0.628863 0.007356
v 0.001473 0.633165 0.007574
v 0.000746 0.628475 0.012805
v 0.003625 0.632571 0.011035
v 0.004540 0.628764 0.016452
v 0.005634 0.632016 0.014271
v 0.009426 0.632474 0.013803
v 0.011704 0.633610 0.015307
v 0.009751 0.628325 0.017100
v 0.009759 0.625139 0.017073
v 0.004981 0.624883 0.016769
v 0.009826 0.624399 0.015355
v 0.005715 0.624119 0.014422
v 0.005836 0.622991 0.012761
v 0.002726 0.624527 0.011860
v 0.002056 0.623205 0.009542
v 0.000630 0.624184 0.007411
v 0.000968 0.623009 0.007035
v -0.000799 0.622826 0.002210
v 0.014183 0.623932 0.014179
v 0.009981 0.623064 0.013542
v 0.045522 0.634658 -0.010674
v 0.046730 0.647615 -0.008350
v 0.048968 0.637355 -0.011583
v 0.050502 0.635843 -0.013912
v 0.001938 0.625274 0.013289
v -0.001212 0.625009 0.006771
v -0.002232 0.623510 0.001952
v -0.004057 0.618882 -0.005172
v -0.003679 0.615646 -0.012858
v -0.003023 0.620154 -0.019142
v 0.001619 0.619678 -0.026011
v 0.002355 0.625195 -0.029683
v 0.003873 0.621470 -0.028785
v 0.003381 0.626788 -0.031531
v 0.004927 0.616183 -0.023560
v 0.000423 0.613454 -0.020334
v -0.000052 0.609107 -0.013176
v 0.001256 0.607346 -0.008616
v -0.000548 0.605436 -0.004566
v 0.005834 0.603633 0.002901
v 0.002546 0.602904 0.005051
v 0.001467 0.605675 0.008520
v 0.006614 0.605690 0.013458
v 0.000865 0.612123 0.009067
v 0.005801 0.611763 0.013990
v 0.007056 0.615746 0.012530
v 0.010791 0.611917 0.014270
v 0.010729 0.616766 0.012282
v -0.000075 0.618108 0.002370
v -0.004062 0.615511 -0.002131
v -0.003072 0.613150 0.003164
v -0.003003 0.610882 -0.007032
v -0.001613 0.607488 0.001261
v 0.002889 0.616989 0.007505
v 0.003175 0.619188 0.008785
v 0.006340 0.618323 0.012116
v 0.003290 0.621390 0.009791
v 0.006048 0.621078 0.012606
v 0.005862 0.623042 0.012779
v 0.010256 0.621230 0.013618
v 0.010005 0.623115 0.013557
v 0.013823 0.621566 0.013642
v 0.013153 0.622813 0.013346
v 0.002930 0.623255 0.009937
v 0.001778 0.621835 0.007126
v 0.000988 0.623060 0.007056
v 0.013128 0.622762 0.013333
v 0.009986 0.618999 0.012880
v 0.013149 0.605471 0.014188
v 0.013257 0.619974 0.012462
v 0.027028 0.612415 -0.000818
v 0.019630 0.610147 -0.004685
v 0.018674 0.608231 0.002435
v 0.013287 0.606825 0.000719
v 0.008983 0.607229 -0.007256
v 0.024496 0.648674 0.013297
v -0.000721 0.653999 -0.039844
v -0.001925 0.659492 -0.040947
v 0.000403 0.648916 -0.045897
v -0.001387 0.638194 -0.035603
v 0.048296 0.634138 -0.011637
v -0.000966 0.666677 0.008701
v 0.001226 0.674909 0.006226
v 0.007696 0.675916 0.011483
v 0.006013 0.665305 0.014639
v 0.015054 0.666410 0.016343
v 0.005993 0.658359 0.014440
v 0.015182 0.660694 0.016839
v 0.011994 0.654975 0.017809
v 0.015854 0.656029 0.018126
v 0.016620 0.654298 0.017504
v 0.022771 0.656712 0.017467
v 0.023051 0.655044 0.016949
v 0.029566 0.655218 0.013540
v 0.028793 0.653809 0.013555
v 0.033744 0.650458 0.008521
v 0.026582 0.653217 0.012379
v -0.005848 0.668830 0.000432
v -0.001588 0.660973 0.008840
v -0.003138 0.656345 0.009067
v -0.003183 0.654628 0.008059
v -0.003512 0.654158 0.001775
v -0.005355 0.652289 -0.001074
v -0.004858 0.650543 -0.003998
v 0.021697 0.653738 0.013800
v 0.016202 0.652587 0.013499
v 0.012723 0.651840 0.015804
v 0.013604 0.650853 0.011973
v 0.009493 0.651130 0.014314
v 0.012532 0.649098 0.012222
v 0.010506 0.647402 0.013208
v 0.015540 0.644505 0.012343
v 0.011245 0.643681 0.013332
v 0.016718 0.651754 0.011414
v 0.020722 0.642547 0.012849
v 0.017854 0.636183 0.013364
v 0.023121 0.636590 0.012603
v 0.021218 0.631493 0.012401
v 0.028318 0.630617 0.009055
v -0.004801 0.651436 0.000088
v -0.002713 0.651891 0.002867
v -0.002495 0.653046 0.002601
v 0.000690 0.651269 0.004151
v 0.001419 0.652009 0.004116
v 0.002918 0.651031 0.006877
v 0.003692 0.651227 0.011547
v 0.033140 0.629691 0.005514
v 0.000145 0.652855 0.005841
v 0.000523 0.652044 0.009984
v 0.000183 0.653186 0.011969
v -0.000492 0.655182 0.011854
v 0.005928 0.654225 0.014431
v 0.006279 0.651600 0.013603
v 0.024066 0.681379 0.010673
v 0.015990 0.678763 0.012684
v 0.016332 0.676149 0.013495
v 0.052274 0.653115 -0.014566
v 0.045295 0.654561 -0.002087
v 0.041871 0.645488 -0.000041
v 0.039246 0.653961 0.003196
v 0.040150 0.664516 0.005243
v 0.035540 0.658368 0.008536
v 0.032888 0.664080 0.010935
v 0.056132 0.647987 -0.019314
v 0.024280 0.662053 0.016048
v 0.024608 0.668322 0.014959
v 0.032802 0.669828 0.010589
v 0.024447 0.676786 0.013120
v 0.030994 0.676927 0.009705
v 0.027575 0.679236 0.010379
v 0.035098 0.672441 0.008437
v 0.011426 0.652999 0.017332
v 0.007685 0.646578 0.015227
v -0.006004 0.637200 -0.013215
v 0.001389 0.620276 0.005631
v 0.082353 0.151819 0.138294
v 0.080275 0.141878 0.140872
v 0.078780 0.153538 0.145735
v 0.081077 0.158835 0.136556
v 0.077597 0.160465 0.143814
v 0.076784 0.173718 0.132973
v 0.073743 0.174369 0.139398
v 0.072381 0.181759 0.132986
v 0.070214 0.182757 0.138265
v 0.064517 0.196570 0.127922
v 0.060212 0.197889 0.132135
v 0.050192 0.203529 0.113553
v 0.044293 0.198166 0.138374
v 0.034638 0.196410 0.137925
v 0.049192 0.182375 0.153427
v 0.038374 0.183907 0.150503
v 0.038450 0.179592 0.158137
v 0.032788 0.180227 0.152264
v 0.016293 0.170756 0.176833
v 0.015609 0.170391 0.169266
v 0.010516 0.170402 0.177322
v 0.012806 0.170233 0.169512
v 0.004928 0.169453 0.176275
v 0.009673 0.169694 0.168721
v 0.000623 0.168100 0.173601
v 0.007229 0.168905 0.167088
v -0.003064 0.165849 0.168015
v 0.004645 0.167251 0.163049
v -0.003496 0.164263 0.163412
v 0.004363 0.166293 0.160455
v -0.001958 0.162647 0.158148
v 0.005171 0.165337 0.157635
v 0.001399 0.161490 0.153532
v 0.006814 0.164737 0.155412
v 0.025217 0.169254 0.135646
v 0.025338 0.174365 0.139190
v 0.034599 0.169450 0.128433
v 0.029198 0.174814 0.133770
v 0.033598 0.184155 0.116387
v 0.027427 0.186422 0.122170
v 0.028560 0.191922 0.131299
v 0.073912 0.154765 0.151882
v 0.072878 0.161662 0.149783
v 0.069714 0.174518 0.144687
v 0.066162 0.183388 0.143000
v 0.060112 0.146270 0.164108
v 0.060835 0.156716 0.163618
v 0.059810 0.163794 0.161327
v 0.056425 0.175080 0.155726
v 0.051058 0.157847 0.171036
v 0.049841 0.165162 0.168609
v 0.044555 0.176015 0.163230
v 0.020316 0.160134 0.192335
v 0.019120 0.165520 0.189661
v 0.017651 0.169217 0.184138
v 0.009142 0.159933 0.193593
v 0.008384 0.165324 0.190549
v 0.008998 0.168817 0.184866
v 0.002792 0.148991 0.192015
v 0.000216 0.158098 0.192788
v -0.000165 0.163643 0.189802
v 0.001008 0.167614 0.183222
v -0.007642 0.156046 0.188358
v -0.007214 0.161565 0.186095
v -0.006000 0.165664 0.178140
v -0.009477 0.144620 0.180373
v -0.013580 0.153149 0.179778
v -0.013010 0.158663 0.177834
v -0.010536 0.162396 0.171040
v -0.014417 0.150832 0.171685
v -0.014007 0.156136 0.169738
v -0.010319 0.160552 0.165888
v -0.007744 0.140709 0.165641
v -0.011942 0.148074 0.162138
v -0.011567 0.153587 0.160589
v -0.007885 0.158715 0.159289
v -0.005736 0.146276 0.153861
v -0.005699 0.151086 0.152061
v -0.003115 0.156545 0.151939
v 0.029847 0.137145 0.141392
v 0.027563 0.146176 0.136496
v 0.027337 0.153057 0.134959
v 0.026552 0.163555 0.134145
v 0.038246 0.145584 0.130476
v 0.038049 0.152579 0.129053
v 0.038620 0.163286 0.127558
v 0.051508 0.144060 0.120217
v 0.051055 0.151097 0.118925
v 0.051453 0.163441 0.117168
v 0.050082 0.169825 0.116511
v 0.047031 0.181852 0.106957
v 0.053278 0.182614 0.106091
v 0.058842 0.184208 0.106966
v 0.063423 0.186541 0.109394
v 0.061764 0.173283 0.115496
v 0.067931 0.175356 0.116866
v 0.071479 0.168114 0.116620
v 0.075930 0.170340 0.120788
v 0.079451 0.154976 0.122706
v 0.081838 0.156946 0.129211
v 0.083134 0.149819 0.130789
v 0.080978 0.140133 0.134272
v 0.080701 0.147775 0.124158
v 0.078869 0.138349 0.128481
v 0.075295 0.146017 0.119492
v 0.074151 0.136796 0.124418
v 0.067869 0.144790 0.117420
v 0.059480 0.144164 0.117916
v 0.060153 0.135103 0.123081
v 0.074156 0.153220 0.118149
v 0.066918 0.151947 0.116159
v 0.058778 0.151259 0.116671
v 0.077614 0.172419 0.126491
v 0.071847 0.177889 0.120976
v 0.066567 0.189364 0.113250
v 0.065127 0.166385 0.114775
v 0.058028 0.164764 0.115222
v 0.073656 0.180142 0.126467
v 0.067815 0.192139 0.117997
v 0.056312 0.171340 0.115092
v 0.067086 0.194620 0.123112
v 0.028237 0.178425 0.145783
v 0.029773 0.181017 0.143808
v -0.007801 0.265984 0.084191
v -0.028182 0.292793 -0.142924
v -0.029570 0.291481 -0.137553
v -0.026632 0.279485 -0.139724
v -0.021265 0.270393 -0.158855
v -0.016552 0.271640 -0.155902
v -0.022848 0.270033 -0.145177
v 0.013382 0.271167 0.074213
v 0.015304 0.274938 0.078028
v 0.019003 0.265538 0.085459
v 0.036276 0.265715 0.097712
v 0.031989 0.266145 0.101444
v 0.024556 0.259729 0.093644
v -0.001147 0.290527 0.082093
v -0.003332 0.287554 0.077748
v 0.007878 0.287525 0.072130
v 0.017297 0.278562 0.081973
v 0.011767 0.284626 0.070909
v -0.016200 0.551207 -0.046411
v -0.016188 0.550597 -0.052078
v -0.003948 0.547888 -0.051762
v -0.004084 0.544315 0.009463
v -0.006039 0.545836 0.004329
v 0.005250 0.543574 -0.000640
v 0.028889 0.613565 -0.020635
v 0.024064 0.613766 -0.024288
v 0.026597 0.601076 -0.027434
v 0.003055 0.589335 -0.060564
v 0.002867 0.588371 -0.066411
v 0.011733 0.579471 -0.065908
v 0.024836 0.536784 -0.025515
v 0.023854 0.537253 -0.031110
v 0.036202 0.537757 -0.033235
v 0.020173 0.190610 -0.142424
v 0.002372 0.186454 -0.134840
v 0.014625 0.143564 -0.160697
v 0.020832 0.142697 -0.157499
v -0.016004 0.139783 -0.148386
v -0.001583 0.144955 -0.165557
v -0.017070 0.139819 -0.148357
v -0.048886 0.148420 -0.174213
v -0.058038 0.147757 -0.171472
v -0.065378 0.146855 -0.166755
v -0.063761 0.140190 -0.137825
v 0.022800 0.136338 -0.130609
v 0.027955 0.137283 -0.135048
v 0.029965 0.140060 -0.147010
v 0.015760 0.158850 -0.120107
v 0.022662 0.167176 -0.158479
v 0.012270 0.165104 -0.120763
v 0.022831 0.161569 -0.161472
v 0.015853 0.151931 -0.120235
v 0.019968 0.156633 -0.164523
v 0.012588 0.146213 -0.120768
v 0.014630 0.153877 -0.166909
v 0.006977 0.143066 -0.121605
v 0.008203 0.154057 -0.167922
v 0.000331 0.143380 -0.122652
v -0.012950 0.170014 -0.166680
v -0.021292 0.165764 -0.128975
v -0.025708 0.170605 -0.134047
v -0.017752 0.182862 -0.136832
v -0.022200 0.184974 -0.144262
v -0.018091 0.184857 -0.158279
v -0.020854 0.185389 -0.153781
v -0.027735 0.176828 -0.153899
v -0.029228 0.176705 -0.147745
v -0.024833 0.175722 -0.159520
v -0.029180 0.175208 -0.141565
v -0.018883 0.172888 -0.163519
v -0.011213 0.183057 -0.160664
v -0.012402 0.180206 -0.131007
v 0.003704 0.156131 -0.121044
v -0.004499 0.181301 -0.161908
v 0.019357 0.172063 -0.156584
v 0.011472 0.165219 -0.162849
v -0.022262 0.185509 -0.149156
v 0.051115 0.180617 0.120737
v 0.058105 0.175425 0.107996
v 0.045023 0.175070 0.111810
v 0.020829 0.150743 0.191730
v 0.038880 0.140466 0.155294
v 0.050320 0.147329 0.171412
v 0.011270 0.150215 0.193272
v 0.039862 0.140419 0.154876
v 0.040618 0.136464 0.135268
v 0.072785 0.144468 0.152953
v 0.077078 0.143378 0.147488
v -0.002525 0.139172 0.157791
v -0.010221 0.142605 0.173181
v -0.004116 0.147221 0.188078
v 0.067617 0.135690 0.122613
v 0.053100 0.135026 0.125006
v 0.046647 0.154450 0.120878
v 0.054936 0.162158 0.116417
v 0.057260 0.156844 0.115153
v 0.035437 0.175747 0.125722
v 0.026752 0.163522 0.134891
v 0.031265 0.179324 0.128537
v 0.023846 0.169099 0.138530
v 0.027614 0.184080 0.132715
v 0.021866 0.175746 0.142757
v 0.028142 0.187145 0.136760
v 0.023007 0.179409 0.146856
v 0.030310 0.189281 0.140576
v 0.025692 0.181933 0.151539
v 0.033592 0.190899 0.144007
v 0.029759 0.183031 0.156192
v 0.041294 0.190193 0.147127
v 0.037537 0.180586 0.161367
v 0.048808 0.188640 0.149550
v 0.045491 0.177354 0.164750
v 0.070128 0.166839 0.155263
v 0.069671 0.155443 0.161781
v 0.075296 0.155056 0.158059
v 0.049382 0.142161 0.120761
v 0.054053 0.145202 0.117488
v 0.056867 0.150647 0.115450
v 0.080360 0.162399 0.149296
v 0.078659 0.168298 0.146669
v 0.074448 0.173598 0.146028
v 0.043819 0.142558 0.124545
v 0.079100 0.157629 0.153518
v -0.023541 0.143863 -0.144230
v -0.022300 0.145604 -0.149514
v -0.022769 0.157116 -0.146027
v 0.037936 0.148145 0.162832
v 0.034587 0.146079 0.158708
v 0.032068 0.157751 0.154622
v 0.018546 0.648370 0.004158
v 0.018387 0.652863 0.004541
v 0.020461 0.650798 0.003022
v 0.019097 0.645887 0.006913
v 0.016939 0.647925 0.008719
v -0.001473 0.648837 -0.006382
v -0.001620 0.653330 -0.006003
v 0.000678 0.651228 -0.007077
v 0.015461 0.576789 -0.128817
v 0.019663 0.572948 -0.128534
v 0.016354 0.568280 -0.115296
v 0.054631 0.552671 0.061519
v 0.048649 0.552838 0.062505
v 0.046612 0.554652 0.048489
v 0.019134 0.579509 0.022102
v 0.017928 0.581422 0.016889
v 0.025694 0.572983 0.011898
v -0.014743 0.620547 -0.172181
v -0.016220 0.615980 -0.168881
v -0.025253 0.621572 -0.163645
v -0.068387 0.633556 -0.140002
v -0.066503 0.639225 -0.140471
v -0.056182 0.635618 -0.145640
v 0.015050 0.603418 -0.187893
v 0.019060 0.600717 -0.190261
v 0.015096 0.590667 -0.183366
v 0.024554 0.571131 -0.124947
v 0.019892 0.574972 -0.125230
v 0.021774 0.575405 -0.138290
v -0.016781 0.605194 -0.164535
v -0.006156 0.603820 -0.172879
v 0.048419 0.548190 0.178926
v 0.053284 0.551606 0.179131
v 0.051436 0.552843 0.192018
v 0.036789 0.552544 0.231704
v 0.036697 0.547095 0.230405
v 0.040316 0.549694 0.221274
v 0.059919 0.538278 0.132445
v 0.056218 0.537077 0.136940
v 0.047230 0.532278 0.128729
v 0.043075 0.553073 0.062971
v 0.049057 0.552907 0.061984
v 0.051022 0.548605 0.074372
v 0.058150 0.555022 0.179335
v 0.055132 0.550369 0.166243
v 0.024071 0.696276 -0.006580
v 0.018452 0.696369 -0.009260
v 0.024342 0.697616 -0.021564
vn 0.2015 0.0164 0.9794
vn 0.1552 0.0191 0.9877
vn 0.1100 0.0074 0.9939
vn 0.0706 -0.0176 0.9973
vn 0.0405 -0.0535 0.9977
vn 0.0227 -0.0963 0.9951
vn 0.0186 -0.1426 0.9896
vn 0.0288 -0.1879 0.9818
vn 0.0524 -0.2270 0.9725
vn 0.0872 -0.2570 0.9625
vn 0.1296 -0.2744 0.9528
vn 0.1756 -0.2778 0.9445
vn 0.2210 -0.2665 0.9381
vn 0.2609 -0.2419 0.9346
vn 0.2917 -0.2060 0.9341
vn 0.3100 -0.1628 0.9367
vn 0.3142 -0.1160 0.9422
vn 0.3038 -0.0702 0.9501
vn 0.2798 -0.0310 0.9596
vn 0.2445 -0.0008 0.9697
vn 0.2021 0.0159 0.9792
vn 0.1558 0.0189 0.9876
vn 0.1107 0.0074 0.9938
vn 0.0712 -0.0175 0.9973
vn 0.0408 -0.0533 0.9977
vn 0.0227 -0.0964 0.9951
vn 0.0185 -0.1426 0.9896
vn 0.0519 -0.2268 0.9725
vn 0.0868 -0.2570 0.9625
vn 0.1290 -0.2746 0.9529
vn 0.1752 -0.2781 0.9445
vn 0.2207 -0.2669 0.9381
vn 0.2607 -0.2424 0.9345
vn 0.2917 -0.2063 0.9340
vn 0.3143 -0.1160 0.9422
vn 0.3037 -0.0708 0.9501
vn 0.2798 -0.0311 0.9595
vn 0.2447 -0.0013 0.9696
vn -0.2277 -0.9624 -0.1483
vn -0.4208 -0.7500 -0.5103
vn -0.3940 -0.9156 -0.0800
vn -0.6513 -0.6095 -0.4520
vn -0.6541 -0.7563 -0.0107
vn -0.8256 -0.4035 -0.3945
vn -0.8504 -0.5229 0.0587
vn -0.9268 -0.1519 -0.3434
vn -0.9651 -0.2368 0.1122
vn -0.9451 0.1206 -0.3038
vn -0.9848 0.0721 0.1578
vn -0.8299 0.5511 0.0867
vn -0.8786 0.3874 -0.2794
vn -0.6151 0.7838 0.0855
vn -0.7338 0.6222 -0.2728
vn -0.3522 0.9342 0.0562
vn -0.5248 0.8022 -0.2845
vn -0.0448 0.9989 0.0164
vn -0.2722 0.9097 -0.3135
vn 0.2518 0.9668 -0.0432
vn -0.0007 0.9342 -0.3567
vn 0.5348 0.8385 -0.1046
vn 0.2630 0.8733 -0.4101
vn 0.7516 0.6365 -0.1732
vn 0.4935 0.7329 -0.4683
vn 0.9004 0.3675 -0.2329
vn 0.6677 0.5268 -0.5259
vn 0.9568 0.0665 -0.2830
vn 0.7690 0.2753 -0.5770
vn 0.9174 -0.2423 -0.3158
vn 0.7872 0.0027 -0.6167
vn 0.7207 -0.2641 -0.6410
vn 0.9011 -0.3683 -0.2289
vn 0.5760 -0.4990 -0.6475
vn 0.7369 -0.6345 -0.2331
vn 0.3671 -0.6790 -0.6358
vn 0.5003 -0.8387 -0.2153
vn 0.1145 -0.7865 -0.6069
vn 0.2126 -0.9585 -0.1898
vn -0.1569 -0.8109 -0.5637
vn -0.0885 -0.9893 -0.1163
vn -0.3875 -0.9202 -0.0557
vn -0.6485 -0.7611 0.0104
vn -0.8462 -0.5274 0.0757
vn -0.9610 -0.2422 0.1336
vn -0.9817 0.0666 0.1785
vn -0.9063 0.3690 0.2061
vn -0.7421 0.6354 0.2136
vn -0.5053 0.8394 0.2002
vn -0.2195 0.9612 0.1674
vn 0.0888 0.9890 0.1183
vn 0.3877 0.9200 0.0577
vn 0.6489 0.7609 -0.0085
vn 0.8465 0.5272 -0.0737
vn 0.9613 0.2420 -0.1316
vn 0.9820 -0.0669 -0.1766
vn 0.9065 -0.3695 -0.2041
vn 0.7425 -0.6356 -0.2116
vn 0.5057 -0.8396 -0.1983
vn 0.2193 -0.9615 -0.1655
vn 0.2192 -0.9614 -0.1662
vn -0.0886 -0.9892 -0.1171
vn -0.3876 -0.9201 -0.0565
vn -0.6487 -0.7610 0.0097
vn -0.8463 -0.5274 0.0749
vn -0.9611 -0.2422 0.1328
vn -0.9611 -0.2421 0.1328
vn -0.9818 0.0667 0.1778
vn -0.9818 0.0668 0.1777
vn -0.9064 0.3692 0.2053
vn -0.7422 0.6355 0.2128
vn -0.5054 0.8395 0.1994
vn -0.5055 0.8395 0.1994
vn -0.2191 0.9614 0.1666
vn -0.2192 0.9614 0.1665
vn 0.0885 0.9891 0.1175
vn 0.0887 0.9891 0.1174
vn 0.3877 0.9200 0.0569
vn 0.3876 0.9201 0.0569
vn 0.6487 0.7609 -0.0093
vn 0.6487 0.7610 -0.0092
vn 0.8464 0.5273 -0.0745
vn 0.8464 0.5274 -0.0745
vn 0.9612 0.2420 -0.1325
vn 0.9612 0.2419 -0.1325
vn 0.9819 -0.0669 -0.1774
vn 0.9819 -0.0668 -0.1774
vn 0.9064 -0.3693 -0.2049
vn 0.9065 -0.3692 -0.2049
vn 0.7423 -0.6355 -0.2124
vn 0.7423 -0.6356 -0.2123
vn 0.5055 -0.8396 -0.1990
vn 0.5056 -0.8395 -0.1991
vn 0.2192 -0.9614 -0.1663
vn 0.2199 -0.9619 -0.1626
vn -0.0879 -0.9897 -0.1134
vn -0.3870 -0.9206 -0.0529
vn -0.3869 -0.9206 -0.0529
vn -0.6480 -0.7615 0.0132
vn -0.6481 -0.7614 0.0131
vn -0.8457 -0.5279 0.0784
vn -0.9605 -0.2426 0.1364
vn -0.9812 0.0663 0.1814
vn -0.9057 0.3687 0.2089
vn -0.9057 0.3688 0.2089
vn -0.7416 0.6349 0.2165
vn -0.5048 0.8390 0.2031
vn -0.5048 0.8390 0.2032
vn -0.2185 0.9609 0.1702
vn -0.2185 0.9609 0.1701
vn 0.0891 0.9886 0.1212
vn 0.3882 0.9196 0.0605
vn 0.3882 0.9196 0.0604
vn 0.6494 0.7604 -0.0057
vn 0.8470 0.5268 -0.0709
vn 0.8470 0.5268 -0.0708
vn 0.9618 0.2415 -0.1288
vn 0.9825 -0.0673 -0.1737
vn 0.9825 -0.0674 -0.1737
vn 0.9071 -0.3697 -0.2013
vn 0.7429 -0.6360 -0.2088
vn 0.5061 -0.8400 -0.1955
vn 0.2193 -0.9614 -0.1665
vn -0.0884 -0.9891 -0.1173
vn -0.0887 -0.9891 -0.1173
vn -0.3876 -0.9201 -0.0567
vn -0.3877 -0.9200 -0.0567
vn -0.6487 -0.7610 0.0094
vn -0.6488 -0.7609 0.0095
vn -0.8464 -0.5273 0.0747
vn -0.8463 -0.5274 0.0747
vn -0.9612 -0.2421 0.1326
vn -0.9611 -0.2421 0.1326
vn -0.9818 0.0668 0.1775
vn -0.9064 0.3692 0.2051
vn -0.9065 0.3692 0.2051
vn -0.7423 0.6355 0.2126
vn -0.5055 0.8395 0.1992
vn -0.5055 0.8395 0.1993
vn -0.2191 0.9614 0.1664
vn -0.2192 0.9614 0.1664
vn 0.0885 0.9891 0.1173
vn 0.0884 0.9891 0.1173
vn 0.3876 0.9201 0.0567
vn 0.6487 0.7610 -0.0095
vn 0.6488 0.7609 -0.0095
vn 0.8463 0.5274 -0.0747
vn 0.8464 0.5273 -0.0747
vn 0.9611 0.2422 -0.1326
vn 0.9612 0.2420 -0.1327
vn 0.9818 -0.0667 -0.1776
vn 0.9818 -0.0669 -0.1776
vn 0.9065 -0.3691 -0.2051
vn 0.9064 -0.3693 -0.2051
vn 0.7424 -0.6354 -0.2126
vn 0.7422 -0.6356 -0.2126
vn 0.5055 -0.8395 -0.1993
vn 0.5054 -0.8395 -0.1993
vn 0.2191 -0.9614 -0.1665
vn 0.0600 -0.7784 0.6248
vn 0.2728 -0.7593 0.5908
vn 0.0600 -0.7784 0.6249
vn -0.1826 -0.5878 -0.7881
vn 0.0298 -0.5687 -0.8220
vn -0.1467 -0.7305 0.6670
vn -0.1467 -0.7306 0.6669
vn -0.3890 -0.5399 -0.7464
vn -0.3274 -0.6208 0.7123
vn -0.3274 -0.6209 0.7123
vn -0.5693 -0.4305 -0.7004
vn -0.3889 -0.5400 -0.7464
vn -0.4639 -0.4592 0.7576
vn -0.5692 -0.4305 -0.7004
vn -0.7055 -0.2693 -0.6556
vn -0.5432 -0.2620 0.7977
vn -0.5431 -0.2620 0.7977
vn -0.7055 -0.2692 -0.6556
vn -0.7849 -0.0723 -0.6154
vn -0.5577 -0.0483 0.8287
vn -0.5577 -0.0483 0.8286
vn -0.7990 0.1407 -0.5847
vn -0.5055 0.1607 0.8477
vn -0.7989 0.1407 -0.5847
vn -0.7469 0.3495 -0.5656
vn -0.3920 0.3447 0.8529
vn -0.6338 0.5333 -0.5602
vn -0.7470 0.3495 -0.5656
vn -0.2282 0.4858 0.8437
vn -0.2282 0.4859 0.8437
vn -0.4703 0.6741 -0.5696
vn -0.6336 0.5332 -0.5606
vn -0.0303 0.5701 0.8210
vn -0.4703 0.6741 -0.5695
vn -0.2727 0.7584 -0.5920
vn 0.1825 0.5895 0.7869
vn -0.0603 0.7775 -0.6260
vn -0.2727 0.7585 -0.5919
vn 0.3892 0.5416 0.7452
vn 0.3892 0.5415 0.7452
vn 0.1461 0.7297 -0.6680
vn -0.0602 0.7774 -0.6261
vn 0.5697 0.4315 0.6995
vn 0.3262 0.6199 -0.7137
vn 0.7064 0.2701 0.6542
vn 0.7064 0.2701 0.6543
vn 0.4626 0.4587 -0.7587
vn 0.3262 0.6198 -0.7137
vn 0.7857 0.0727 0.6143
vn 0.7857 0.0726 0.6143
vn 0.5419 0.2618 -0.7986
vn 0.8001 -0.1407 0.5831
vn 0.5419 0.2617 -0.7987
vn 0.5561 0.0487 -0.8297
vn 0.7480 -0.3498 0.5641
vn 0.7480 -0.3497 0.5641
vn 0.5561 0.0486 -0.8297
vn 0.5041 -0.1601 -0.8487
vn 0.6344 -0.5340 0.5589
vn 0.3908 -0.3438 -0.8539
vn 0.4707 -0.6748 0.5684
vn 0.4707 -0.6751 0.5680
vn 0.2275 -0.4846 -0.8446
vn 0.2728 -0.7594 0.5907
vn 0.2749 -0.7972 0.5375
vn 0.0481 -0.8175 0.5739
vn 0.0481 -0.8175 0.5740
vn 0.0499 -0.6248 -0.7792
vn -0.1782 -0.6454 -0.7427
vn -0.1723 -0.7667 0.6185
vn -0.1724 -0.7666 0.6186
vn -0.1782 -0.6455 -0.7427
vn -0.4001 -0.5945 -0.6975
vn -0.3646 -0.6493 0.6674
vn -0.3646 -0.6493 0.6675
vn -0.4000 -0.5941 -0.6978
vn -0.5937 -0.4765 -0.6484
vn -0.5104 -0.4772 0.7154
vn -0.5105 -0.4772 0.7154
vn -0.5937 -0.4764 -0.6485
vn -0.7401 -0.3032 -0.6003
vn -0.5953 -0.2669 0.7579
vn -0.5949 -0.2670 0.7582
vn -0.7400 -0.3032 -0.6004
vn -0.8251 -0.0917 -0.5575
vn -0.6105 -0.0391 0.7910
vn -0.6105 -0.0392 0.7910
vn -0.8251 -0.0916 -0.5575
vn -0.8404 0.1374 -0.5243
vn -0.5547 0.1837 0.8115
vn -0.5547 0.1836 0.8115
vn -0.7846 0.3616 -0.5036
vn -0.4337 0.3800 0.8170
vn -0.6630 0.5589 -0.4981
vn -0.2594 0.5305 0.8070
vn -0.2593 0.5306 0.8070
vn -0.6629 0.5589 -0.4982
vn -0.4874 0.7103 -0.5078
vn -0.0481 0.6203 0.7829
vn -0.0481 0.6202 0.7829
vn -0.2751 0.8007 -0.5323
vn -0.4873 0.7102 -0.5080
vn 0.1786 0.6406 0.7468
vn 0.1786 0.6407 0.7468
vn -0.0471 0.8212 -0.5687
vn -0.2751 0.8007 -0.5322
vn 0.3991 0.5898 0.7020
vn 0.3992 0.5899 0.7019
vn -0.0470 0.8212 -0.5687
vn 0.1748 0.7701 -0.6136
vn 0.5916 0.4724 0.6533
vn 0.5917 0.4723 0.6533
vn 0.1749 0.7701 -0.6135
vn 0.3683 0.6521 -0.6626
vn 0.7372 0.3002 0.6053
vn 0.7372 0.3002 0.6054
vn 0.3684 0.6521 -0.6627
vn 0.5150 0.4789 -0.7110
vn 0.8217 0.0900 0.5628
vn 0.8219 0.0900 0.5625
vn 0.6002 0.2673 -0.7539
vn 0.5153 0.4790 -0.7106
vn 0.8370 -0.1376 0.5296
vn 0.8371 -0.1376 0.5295
vn 0.6153 0.0382 -0.7874
vn 0.5998 0.2672 -0.7542
vn 0.7816 -0.3607 0.5089
vn 0.7814 -0.3606 0.5093
vn 0.5593 -0.1858 -0.8079
vn 0.6153 0.0383 -0.7874
vn 0.6605 -0.5569 0.5036
vn 0.6604 -0.5569 0.5037
vn 0.4378 -0.3832 -0.8133
vn 0.4860 -0.7072 0.5135
vn 0.4860 -0.7071 0.5136
vn 0.4378 -0.3834 -0.8133
vn 0.2623 -0.5350 -0.8031
vn 0.2750 -0.7972 0.5375
vn 0.2623 -0.5349 -0.8031
vn -0.0903 -0.9878 -0.1272
vn 0.2175 -0.9600 -0.1763
vn -0.3893 -0.9187 -0.0666
vn -0.6504 -0.7596 -0.0004
vn -0.8480 -0.5260 0.0648
vn -0.9628 -0.2407 0.1227
vn -0.9628 -0.2408 0.1228
vn -0.9835 0.0682 0.1677
vn -0.9835 0.0681 0.1677
vn -0.9081 0.3706 0.1952
vn -0.9081 0.3705 0.1952
vn -0.7439 0.6368 0.2027
vn -0.7440 0.6367 0.2027
vn -0.5072 0.8408 0.1894
vn -0.5071 0.8408 0.1894
vn -0.2209 0.9626 0.1566
vn -0.2208 0.9627 0.1566
vn 0.0868 0.9904 0.1075
vn 0.3860 0.9213 0.0468
vn 0.3859 0.9214 0.0468
vn 0.6470 0.7622 -0.0193
vn 0.6471 0.7622 -0.0194
vn 0.8446 0.5287 -0.0846
vn 0.8446 0.5286 -0.0846
vn 0.9594 0.2435 -0.1425
vn 0.9594 0.2434 -0.1425
vn 0.9801 -0.0655 -0.1874
vn 0.9801 -0.0654 -0.1874
vn 0.9047 -0.3679 -0.2150
vn 0.9047 -0.3678 -0.2150
vn 0.7406 -0.6341 -0.2225
vn 0.7405 -0.6342 -0.2225
vn 0.5037 -0.8382 -0.2091
vn 0.5038 -0.8381 -0.2091
vn 0.2174 -0.9600 -0.1763
vn 0.0719 -0.6590 0.7487
vn 0.2600 -0.9553 0.1406
vn -0.0328 -0.9818 0.1872
vn -0.3176 -0.9160 0.2449
vn -0.0981 -0.6442 0.7586
vn -0.2537 -0.5601 0.7886
vn -0.5663 -0.7645 0.3079
vn -0.3823 -0.4094 0.8284
vn -0.7545 -0.5420 0.3701
vn -0.8637 -0.2706 0.4252
vn -0.4339 -0.2240 0.8727
vn -0.4580 -0.0539 0.8873
vn -0.8835 0.0238 0.4679
vn -0.4011 0.1767 0.8988
vn -0.8116 0.3115 0.4942
vn -0.2626 0.3676 0.8922
vn -0.6553 0.5650 0.5013
vn -0.0878 0.4748 0.8757
vn -0.4299 0.7593 0.4885
vn 0.1078 0.5208 0.8468
vn -0.1574 0.8753 0.4572
vn 0.2773 0.4999 0.8205
vn 0.1357 0.9017 0.4104
vn 0.4654 0.4273 0.7751
vn 0.4203 0.8361 0.3527
vn 0.5227 0.3505 0.7771
vn 0.6690 0.6844 0.2898
vn 0.8571 0.4621 0.2278
vn 0.5989 0.1858 0.7790
vn 0.9664 0.1905 0.1726
vn 0.5958 0.1067 0.7960
vn 0.6271 -0.1825 0.7572
vn 0.9861 -0.1037 0.1298
vn 0.9143 -0.3916 0.1036
vn 0.6475 -0.2336 0.7254
vn 0.7580 -0.6450 0.0965
vn 0.5784 -0.4615 0.6727
vn 0.5326 -0.8393 0.1093
vn 0.4238 -0.6110 0.6687
vn 0.2454 -0.7165 0.6530
vn -0.0319 0.4243 -0.9050
vn -0.1678 0.1309 -0.9771
vn -0.1297 0.4469 -0.8851
vn 0.0707 0.5955 -0.8003
vn -0.0952 0.6362 -0.7656
vn 0.1704 0.7504 -0.6386
vn -0.0522 0.8046 -0.5915
vn 0.2610 0.8633 -0.4319
vn -0.0049 0.9266 -0.3759
vn 0.3739 0.9274 -0.0105
vn 0.0428 0.9898 -0.1356
vn 0.0767 0.9958 0.0490
vn 0.3288 0.9241 -0.1949
vn -0.2302 0.4380 -0.8690
vn -0.2586 0.6213 -0.7397
vn -0.2743 0.7846 -0.5561
vn -0.2732 0.9025 -0.3329
vn -0.2303 0.9682 0.0980
vn -0.2507 0.9635 -0.0936
vn -0.3237 0.3980 -0.8584
vn -0.4106 0.5567 -0.7222
vn -0.4811 0.6966 -0.5323
vn -0.5229 0.7962 -0.3043
vn -0.5316 0.8451 -0.0564
vn -0.5159 0.8466 0.1309
vn -0.4008 0.3311 -0.8542
vn -0.5364 0.4484 -0.7150
vn -0.6520 0.5494 -0.5226
vn -0.7294 0.6182 -0.2927
vn -0.7605 0.6478 -0.0435
vn -0.7522 0.6430 0.1443
vn -0.4548 0.2444 -0.8564
vn -0.6235 0.3070 -0.7190
vn -0.7704 0.3571 -0.5282
vn -0.8726 0.3861 -0.2992
vn -0.9159 0.3775 0.1367
vn -0.9171 0.3949 -0.0554
vn -0.4790 0.1455 -0.8657
vn -0.6636 0.1464 -0.7336
vn -0.8249 0.1388 -0.5480
vn -0.9384 0.1223 -0.3233
vn -0.9922 0.0980 -0.0774
vn -0.9911 0.0758 0.1092
vn -0.4727 0.0446 -0.8801
vn -0.6526 -0.0176 -0.7575
vn -0.8099 -0.0842 -0.5804
vn -0.9203 -0.1471 -0.3625
vn -0.9705 -0.2324 0.0644
vn -0.9728 -0.1952 -0.1249
vn -0.4350 -0.0486 -0.8991
vn -0.5915 -0.1690 -0.7884
vn -0.7271 -0.2901 -0.6222
vn -0.8202 -0.3958 -0.4130
vn -0.8560 -0.5169 0.0065
vn -0.8633 -0.4712 -0.1806
vn -0.3706 -0.1249 -0.9204
vn -0.4867 -0.2932 -0.8229
vn -0.5845 -0.4587 -0.6693
vn -0.6479 -0.5996 -0.4699
vn -0.6589 -0.7500 -0.0587
vn -0.6735 -0.6979 -0.2436
vn -0.2853 -0.1769 -0.9420
vn -0.3480 -0.3776 -0.8581
vn -0.3959 -0.5736 -0.7171
vn -0.4201 -0.7384 -0.5276
vn -0.4176 -0.8563 -0.3040
vn -0.3983 -0.9088 -0.1244
vn -0.1875 -0.1991 -0.9619
vn -0.1892 -0.4144 -0.8902
vn -0.1800 -0.6235 -0.7608
vn -0.1594 -0.7985 -0.5805
vn -0.1284 -0.9231 -0.3625
vn -0.1000 -0.9777 -0.1848
vn -0.0869 -0.1904 -0.9779
vn -0.0258 -0.3996 -0.9163
vn 0.0421 -0.6035 -0.7963
vn 0.1090 -0.7743 -0.6233
vn 0.1691 -0.8963 -0.4100
vn 0.2070 -0.9499 -0.2340
vn 0.0067 -0.1508 -0.9885
vn 0.1262 -0.3347 -0.9338
vn 0.2487 -0.5155 -0.8200
vn 0.3587 -0.6681 -0.6519
vn 0.4926 -0.8284 -0.2666
vn 0.4406 -0.7792 -0.4458
vn 0.0839 -0.0839 -0.9929
vn 0.2520 -0.2265 -0.9409
vn 0.4197 -0.3681 -0.8297
vn 0.5652 -0.4901 -0.6636
vn 0.7289 -0.6248 -0.2799
vn 0.6701 -0.5833 -0.4590
vn 0.1375 0.0032 -0.9905
vn 0.3390 -0.0852 -0.9369
vn 0.5382 -0.1760 -0.8242
vn 0.7084 -0.2579 -0.6570
vn 0.8926 -0.3592 -0.2726
vn 0.8299 -0.3269 -0.4521
vn 0.1618 0.1019 -0.9815
vn 0.3793 0.0754 -0.9222
vn 0.5926 0.0423 -0.8044
vn 0.7742 0.0058 -0.6329
vn 0.9678 -0.0576 -0.2450
vn 0.9042 -0.0352 -0.4257
vn 0.1554 0.2027 -0.9668
vn 0.3681 0.2396 -0.8984
vn 0.5778 0.2654 -0.7718
vn 0.7561 0.2752 -0.5938
vn 0.9472 0.2506 -0.2003
vn 0.8856 0.2633 -0.3826
vn 0.1179 0.2960 -0.9479
vn 0.3073 0.3910 -0.8676
vn 0.4947 0.4712 -0.7302
vn 0.6560 0.5239 -0.5433
vn 0.8326 0.5352 -0.1425
vn 0.7761 0.5393 -0.3269
vn 0.0534 0.3722 -0.9266
vn 0.2023 0.5150 -0.8330
vn 0.3522 0.6399 -0.6830
vn 0.4837 0.7277 -0.4863
vn 0.6355 0.7682 -0.0775
vn 0.5864 0.7658 -0.2640
vn -0.0739 -0.2377 -0.9685
vn -0.1886 -0.2480 -0.9502
vn -0.1887 -0.2481 -0.9502
vn -0.3004 -0.2222 -0.9276
vn -0.3980 -0.1627 -0.9028
vn -0.3004 -0.2223 -0.9275
vn -0.4718 -0.0756 -0.8785
vn -0.3981 -0.1627 -0.9028
vn -0.5147 0.0310 -0.8568
vn -0.5224 0.1464 -0.8400
vn -0.5146 0.0311 -0.8569
vn -0.4942 0.2593 -0.8298
vn -0.5225 0.1464 -0.8400
vn -0.4329 0.3588 -0.8270
vn -0.3445 0.4350 -0.8320
vn -0.4328 0.3587 -0.8270
vn -0.3445 0.4350 -0.8319
vn -0.2378 0.4805 -0.8442
vn -0.2376 0.4805 -0.8442
vn -0.1227 0.4908 -0.8626
vn -0.1226 0.4908 -0.8626
vn -0.0108 0.4650 -0.8853
vn 0.0867 0.4056 -0.9099
vn -0.0107 0.4650 -0.8852
vn 0.1604 0.3185 -0.9343
vn 0.2033 0.2119 -0.9559
vn 0.2110 0.0964 -0.9727
vn 0.2033 0.2118 -0.9559
vn 0.1829 -0.0164 -0.9830
vn 0.1215 -0.1158 -0.9858
vn 0.1828 -0.0164 -0.9830
vn 0.0330 -0.1921 -0.9808
vn 0.1216 -0.1160 -0.9858
vn 0.0330 -0.1922 -0.9808
vn 0.3918 0.9164 0.0819
vn 0.0865 0.9847 0.1515
vn -0.5009 0.8359 0.2245
vn -0.2209 0.9545 0.2003
vn -0.7377 0.6319 0.2377
vn -0.9018 0.3657 0.2303
vn -0.9763 0.0547 0.2094
vn -0.8418 -0.5305 0.0999
vn -0.9533 -0.2537 0.1641
vn -0.6442 -0.7641 0.0347
vn -0.0842 -0.9922 -0.0921
vn -0.3747 -0.9268 -0.0254
vn 0.2235 -0.9644 -0.1412
vn 0.5173 -0.8394 -0.1669
vn 0.9104 -0.3725 -0.1799
vn 0.7525 -0.6336 -0.1796
vn 0.9876 -0.0635 -0.1437
vn 0.9645 0.2450 -0.0984
vn 0.8476 0.5292 -0.0403
vn 0.6482 0.7611 0.0251
vn 0.2759 -0.7421 0.6108
vn 0.0641 -0.7642 0.6418
vn 0.2684 -0.9409 0.2065
vn -0.0207 -0.9679 0.2504
vn 0.2686 -0.9374 0.2217
vn -0.0174 -0.9637 0.2663
vn 0.2565 -0.9620 0.0938
vn -0.0419 -0.9892 0.1408
vn -0.0657 -0.9978 0.0127
vn 0.2391 -0.9704 -0.0356
vn -0.1376 -0.7175 0.6828
vn -0.2987 -0.9037 0.3067
vn -0.2937 -0.9000 0.3222
vn -0.3307 -0.9225 0.1993
vn -0.3621 -0.9293 0.0725
vn -0.3140 -0.6102 0.7273
vn -0.5416 -0.7557 0.3683
vn -0.5348 -0.7530 0.3834
vn -0.5829 -0.7688 0.2631
vn -0.6202 -0.7721 0.1388
vn -0.4473 -0.4525 0.7715
vn -0.7253 -0.5385 0.4288
vn -0.7174 -0.5372 0.4436
vn -0.7737 -0.5432 0.3260
vn -0.8168 -0.5400 0.2030
vn -0.5248 -0.2601 0.8105
vn -0.8322 -0.2732 0.4825
vn -0.8234 -0.2738 0.4971
vn -0.8845 -0.2678 0.3820
vn -0.9304 -0.2573 0.2610
vn -0.5387 -0.0515 0.8409
vn -0.8513 0.0141 0.5245
vn -0.8424 0.0115 0.5388
vn -0.9045 0.0305 0.4254
vn -0.9512 0.0490 0.3046
vn -0.4880 0.1525 0.8594
vn -0.7810 0.2952 0.5503
vn -0.7728 0.2908 0.5641
vn -0.8316 0.3225 0.4521
vn -0.8764 0.3487 0.3321
vn -0.3771 0.3322 0.8645
vn -0.6284 0.5427 0.5573
vn -0.6212 0.5367 0.5710
vn -0.6731 0.5796 0.4593
vn -0.7137 0.6122 0.3403
vn -0.2174 0.4698 0.8556
vn -0.4082 0.7324 0.5450
vn -0.4025 0.7252 0.5586
vn -0.4445 0.7767 0.4463
vn -0.4788 0.8149 0.3265
vn -0.0241 0.5521 0.8334
vn -0.1419 0.8455 0.5147
vn -0.1381 0.8377 0.5284
vn -0.1681 0.8943 0.4146
vn -0.1951 0.9357 0.2941
vn 0.1835 0.5708 0.8003
vn 0.1441 0.8714 0.4689
vn 0.1461 0.8633 0.4830
vn 0.1291 0.9211 0.3672
vn 0.1096 0.9631 0.2459
vn 0.3854 0.5245 0.7592
vn 0.4222 0.8071 0.4126
vn 0.4223 0.7996 0.4271
vn 0.4179 0.8545 0.3086
vn 0.4059 0.8948 0.1859
vn 0.5615 0.4171 0.7147
vn 0.6650 0.6592 0.3511
vn 0.6635 0.6526 0.3659
vn 0.6701 0.7008 0.2447
vn 0.6652 0.7370 0.1196
vn 0.6950 0.2594 0.6706
vn 0.8488 0.4421 0.2900
vn 0.8460 0.4368 0.3057
vn 0.8609 0.4752 0.1819
vn 0.8611 0.5054 0.0551
vn 0.7723 0.0668 0.6318
vn 0.9555 0.1769 0.2362
vn 0.9520 0.1734 0.2522
vn 0.9717 0.1997 0.1262
vn 0.9748 0.2230 -0.0019
vn 0.7865 -0.1416 0.6011
vn 0.9747 -0.1104 0.1945
vn 0.9711 -0.1119 0.2108
vn 0.9917 -0.0985 0.0826
vn 0.9955 -0.0830 -0.0465
vn 0.7356 -0.3457 0.5826
vn 0.9045 -0.3915 0.1690
vn 0.9015 -0.3912 0.1852
vn 0.9189 -0.3906 0.0558
vn 0.9209 -0.3829 -0.0738
vn 0.6247 -0.5255 0.5776
vn 0.7519 -0.6391 0.1620
vn 0.7499 -0.6371 0.1782
vn 0.7604 -0.6476 0.0486
vn 0.7579 -0.6472 -0.0818
vn 0.4651 -0.6630 0.5867
vn 0.5317 -0.8288 0.1741
vn 0.5312 -0.8255 0.1906
vn 0.5317 -0.8447 0.0615
vn 0.5233 -0.8494 -0.0682
vn 0.1677 -0.1309 0.9771
vn 0.3325 0.3242 0.8856
vn 0.1896 0.3572 0.9146
vn 0.1782 0.6451 0.7430
vn 0.4272 0.5683 0.7032
vn 0.1437 0.8727 0.4667
vn 0.3238 0.9395 0.1119
vn 0.4372 0.7939 0.4225
vn 0.0901 0.9892 0.1157
vn 0.3895 0.9192 0.0575
vn -0.2182 0.9623 0.1624
vn 0.1183 0.9441 0.3076
vn -0.5053 0.8411 0.1930
vn -0.2946 0.9152 0.2749
vn -0.7429 0.6374 0.2045
vn -0.5670 0.7669 0.3007
vn -0.9077 0.3711 0.1957
vn -0.7823 0.5422 0.3067
vn -0.9835 0.0683 0.1676
vn -0.9193 0.2633 0.2925
vn -0.9614 -0.2419 0.1313
vn -0.9649 -0.0426 0.2593
vn -0.9627 -0.2412 0.1229
vn -0.8466 -0.5270 0.0740
vn -0.8473 -0.5270 0.0659
vn -0.6491 -0.7607 0.0097
vn -0.6489 -0.7609 0.0022
vn -0.3878 -0.9201 -0.0553
vn -0.3868 -0.9201 -0.0618
vn -0.0886 -0.9895 -0.1145
vn -0.0871 -0.9890 -0.1198
vn 0.2193 -0.9621 -0.1623
vn 0.2210 -0.9610 -0.1663
vn 0.5059 -0.8405 -0.1940
vn 0.5072 -0.8391 -0.1967
vn 0.7431 -0.6366 -0.2063
vn 0.7438 -0.6352 -0.2080
vn 0.9074 -0.3705 -0.1982
vn 0.9077 -0.3693 -0.1992
vn 0.9831 -0.0680 -0.1701
vn 0.9623 0.2409 -0.1265
vn 0.9829 -0.0676 -0.1711
vn 0.8478 0.5257 -0.0698
vn 0.9474 0.3197 -0.0122
vn 0.6506 0.7594 -0.0064
vn 0.8059 0.5901 0.0475
vn 0.5870 0.8018 0.1124
vn -0.1428 0.8468 0.5124
vn -0.0500 0.6244 0.7795
vn 0.0429 0.3432 0.9383
vn -0.4090 0.7334 0.5431
vn -0.2619 0.5342 0.8038
vn -0.0941 0.2861 0.9536
vn -0.6295 0.5435 0.5553
vn -0.4372 0.3829 0.8138
vn -0.2069 0.1883 0.9601
vn -0.7821 0.2959 0.5484
vn -0.5591 0.1859 0.8080
vn -0.2846 0.0612 0.9567
vn -0.8524 0.0145 0.5227
vn -0.6149 -0.0383 0.7877
vn -0.3213 -0.0830 0.9433
vn -0.8331 -0.2733 0.4808
vn -0.5994 -0.2674 0.7545
vn -0.3118 -0.2308 0.9217
vn -0.7263 -0.5387 0.4269
vn -0.5144 -0.4787 0.7115
vn -0.2560 -0.3665 0.8945
vn -0.5424 -0.7561 0.3663
vn -0.3680 -0.6517 0.6632
vn -0.1622 -0.4783 0.8631
vn -0.2993 -0.9042 0.3048
vn -0.1744 -0.7696 0.6142
vn -0.0378 -0.5547 0.8312
vn -0.0210 -0.9684 0.2485
vn 0.0470 -0.8210 0.5689
vn 0.1051 -0.5867 0.8030
vn 0.2654 -0.9426 0.2026
vn 0.2750 -0.8002 0.5329
vn 0.2521 -0.5740 0.7791
vn 0.5318 -0.8292 0.1721
vn 0.4872 -0.7099 0.5086
vn 0.3889 -0.5161 0.7632
vn 0.7522 -0.6393 0.1598
vn 0.6628 -0.5589 0.4983
vn 0.5014 -0.4180 0.7575
vn 0.9049 -0.3917 0.1666
vn 0.7842 -0.3616 0.5043
vn 0.5801 -0.2914 0.7606
vn 0.9751 -0.1102 0.1924
vn 0.8402 -0.1375 0.5245
vn 0.6165 -0.1471 0.7735
vn 0.9558 0.1775 0.2343
vn 0.8249 0.0917 0.5578
vn 0.6062 0.0007 0.7953
vn 0.8490 0.4429 0.2880
vn 0.7398 0.3029 0.6007
vn 0.5509 0.1364 0.8234
vn 0.6652 0.6602 0.3489
vn 0.5934 0.4760 0.6491
vn 0.4574 0.2485 0.8538
vn 0.0257 -0.9957 -0.0886
vn 0.0249 -0.9961 -0.0843
vn -0.9921 -0.1237 0.0206
vn -0.9913 -0.1261 0.0372
vn 0.1934 -0.9808 -0.0235
vn -0.9921 -0.1238 0.0206
vn -0.9927 -0.1204 -0.0035
vn 0.9411 0.1787 0.2871
vn 0.0163 -0.9983 -0.0561
vn 0.0173 -0.9981 -0.0585
vn 0.0172 -0.9981 -0.0584
vn 0.0172 -0.9981 -0.0585
vn 0.0173 -0.9981 -0.0586
vn 0.9412 0.1786 0.2868
vn 0.2536 -0.9673 0.0039
vn 0.8940 -0.0023 -0.4480
vn 0.2880 -0.8559 0.4296
vn 0.2319 -0.8532 0.4672
vn 0.8938 -0.0033 -0.4485
vn -0.2174 -0.9705 0.1040
vn -0.2682 -0.9467 -0.1784
vn -0.5825 -0.3079 0.7523
vn -0.6557 -0.3044 0.6909
vn -0.6969 -0.6829 0.2193
vn -0.7009 -0.6820 0.2089
vn -0.7012 -0.6820 0.2079
vn 0.0255 -0.9958 -0.0878
vn 0.9749 -0.0231 0.2214
vn 0.9724 -0.0096 0.2331
vn 0.7863 -0.0448 -0.6162
vn 0.7917 -0.0456 -0.6092
vn -0.6588 -0.7332 -0.1687
vn -0.5321 -0.8462 0.0280
vn -0.0790 -0.9544 -0.2879
vn -0.0849 -0.9160 -0.3922
vn -0.7495 -0.6593 -0.0602
vn -0.7494 -0.6594 -0.0592
vn -0.6680 -0.3325 -0.6657
vn -0.3661 0.2516 -0.8959
vn -0.3563 0.2418 -0.9025
vn -0.3370 0.2579 -0.9055
vn -0.6705 -0.2756 -0.6888
vn -0.6588 -0.7332 -0.1686
vn -0.6654 -0.2900 -0.6879
vn -0.6642 -0.2924 -0.6880
vn -0.6706 -0.2756 -0.6887
vn 0.5765 -0.7908 0.2055
vn 0.8782 -0.1298 0.4603
vn 0.8912 -0.1317 0.4342
vn 0.9400 -0.1145 0.3214
vn 0.3920 -0.9091 0.1411
vn 0.9867 -0.0157 -0.1620
vn 0.9141 -0.4042 -0.0331
vn 0.8113 -0.5842 0.0214
vn 0.9921 0.0106 -0.1250
vn 0.9098 -0.4146 0.0207
vn 0.9934 -0.0209 -0.1124
vn 0.9947 0.0265 -0.0998
vn 0.9948 0.0260 -0.0985
vn 0.9961 -0.0041 -0.0884
vn 0.9954 0.0107 0.0952
vn 0.9951 0.0153 0.0981
vn 0.9945 0.0407 0.0961
vn 0.9950 0.0354 0.0936
vn 0.9945 0.0401 0.0966
vn 0.9994 0.0227 0.0252
vn 0.9996 0.0146 0.0235
vn 0.9994 0.0212 0.0256
vn 0.9697 0.2405 -0.0435
vn 0.9698 0.2399 -0.0436
vn 0.9698 0.2398 -0.0437
vn 0.9029 0.3844 0.1925
vn 0.8983 0.3910 0.2006
vn 0.8984 0.3912 0.1998
vn 0.9441 0.2632 0.1987
vn 0.9476 0.2558 0.1915
vn 0.9442 0.2630 0.1985
vn 0.7907 0.2439 0.5615
vn 0.7721 0.2523 0.5833
vn 0.7668 0.2540 0.5895
vn 0.6755 0.3596 0.6437
vn 0.7053 0.3557 0.6132
vn 0.6755 0.3596 0.6438
vn 0.6560 0.1961 0.7288
vn 0.6128 0.1927 0.7663
vn 0.5868 0.1868 0.7879
vn 0.4584 0.2562 0.8510
vn 0.4581 0.2586 0.8504
vn 0.3780 0.2089 0.9019
vn 0.4627 0.4019 0.7902
vn 0.4485 0.3926 0.8030
vn 0.4479 0.3916 0.8038
vn 0.4026 0.3359 0.8515
vn 0.3882 0.3314 0.8599
vn 0.3729 0.3211 0.8706
vn 0.4727 0.3055 0.8266
vn 0.3786 0.2625 0.8875
vn 0.3965 0.2714 0.8770
vn -0.2092 0.3520 0.9123
vn -0.1192 0.4581 0.8809
vn -0.2158 0.3531 0.9104
vn -0.0448 0.5018 0.8638
vn -0.0107 0.5300 0.8480
vn -0.1081 0.4384 0.8922
vn -0.7684 0.3382 0.5433
vn -0.7195 0.4315 0.5442
vn -0.7669 0.3437 0.5420
vn -0.7476 0.4068 0.5250
vn -0.7982 0.3061 0.5189
vn -0.8385 0.2094 0.5031
vn -0.9743 0.0705 0.2141
vn -0.8814 0.3754 0.2866
vn -0.9495 0.1917 0.2483
vn -0.9923 -0.0551 0.1106
vn -0.9299 0.2928 0.2224
vn -0.9914 -0.0109 0.1308
vn -0.9840 0.1011 0.1464
vn -0.9943 0.0143 0.1053
vn -0.9904 0.0572 0.1259
vn -0.9902 0.0091 0.1394
vn -0.9888 -0.0145 0.1483
vn -0.9787 0.0772 0.1905
vn -0.9840 -0.0973 0.1494
vn -0.9876 -0.0711 0.1398
vn -0.9806 -0.0033 0.1960
vn -0.9714 -0.1353 0.1950
vn -0.9765 -0.1094 0.1855
vn -0.9714 -0.1354 0.1950
vn -0.9290 0.3139 0.1959
vn -0.9288 0.3154 0.1945
vn -0.9288 0.3153 0.1945
vn -0.9238 0.3637 0.1196
vn -0.9236 0.3648 0.1180
vn -0.9239 0.3636 0.1195
vn -0.9243 0.3739 -0.0769
vn -0.9239 0.3745 -0.0785
vn -0.9243 0.3739 -0.0770
vn -0.9296 0.3310 -0.1622
vn -0.9299 0.3308 -0.1608
vn -0.9186 0.3373 -0.2060
vn -0.9185 0.3373 -0.2063
vn -0.9189 0.3371 -0.2048
vn -0.8704 0.3094 -0.3830
vn -0.9553 0.0051 -0.2957
vn -0.9558 0.0047 -0.2941
vn -0.7206 0.1279 -0.6814
vn -0.5587 0.3637 -0.7453
vn -0.7208 0.1270 -0.6814
vn -0.6183 0.5064 -0.6011
vn -0.6087 0.5067 -0.6105
vn -0.7990 0.2572 -0.5436
vn -0.1597 0.4339 -0.8867
vn -0.1337 0.4411 -0.8874
vn -0.3495 0.3165 -0.8818
vn -0.1105 0.4511 -0.8856
vn -0.1367 0.4446 -0.8852
vn -0.1589 0.4371 -0.8853
vn 0.4811 0.2692 -0.8343
vn 0.5026 0.2539 -0.8264
vn 0.4607 0.2833 -0.8411
vn 0.5781 0.1023 -0.8095
vn 0.4852 0.1903 -0.8534
vn 0.4638 0.1999 -0.8631
vn 0.5783 0.0985 -0.8098
vn 0.5775 0.0943 -0.8109
vn 0.4623 0.1934 -0.8654
vn 0.4741 0.3027 0.8268
vn 0.3800 0.2549 0.8892
vn 0.4748 0.2974 0.8283
vn 0.8372 0.1654 0.5212
vn 0.8398 0.1647 0.5174
vn 0.8906 0.1055 0.4424
vn 0.8892 0.1150 0.4429
vn 0.8309 0.1718 0.5292
vn 0.8879 0.1124 0.4461
vn 0.9362 0.1412 0.3219
vn 0.9502 0.1085 0.2923
vn 0.9775 0.0022 0.2109
vn 0.9789 -0.1859 0.0848
vn 0.9818 0.0155 0.1892
vn 0.9834 -0.1540 0.0964
vn 0.9400 0.0790 0.3318
vn 0.9561 0.0315 0.2912
vn 0.9731 -0.1421 0.1815
vn 0.9785 -0.1942 0.0695
vn 0.9867 -0.0069 0.1624
vn 0.9589 -0.2808 0.0414
vn 0.9922 -0.0047 0.1246
vn 0.9925 -0.0089 0.1221
vn 0.9782 -0.2057 0.0280
vn -0.9729 -0.1130 -0.2017
vn -0.9734 -0.0874 -0.2118
vn -0.9607 0.1483 -0.2347
vn -0.9851 -0.0543 -0.1634
vn -0.9849 -0.0808 -0.1532
vn -0.9050 0.2518 -0.3428
vn -0.9309 0.1718 -0.3223
vn -0.9681 -0.0574 -0.2440
vn -0.9451 0.1692 -0.2795
vn -0.9167 0.2565 -0.3064
vn -0.8824 0.3355 -0.3297
vn -0.8645 0.4122 -0.2876
vn -0.9523 0.2089 -0.2223
vn -0.8860 0.3715 -0.2774
vn -0.6764 0.6471 -0.3518
vn -0.9514 0.1895 -0.2429
vn -0.8793 0.3812 -0.2854
vn -0.6664 0.4855 -0.5659
vn -0.5364 0.6075 -0.5859
vn -0.7549 0.3794 -0.5350
vn -0.8583 0.4371 -0.2688
vn -0.8578 0.4370 -0.2705
vn -0.8582 0.4371 -0.2691
vn -0.7220 0.4262 -0.5450
vn -0.7210 0.4284 -0.5447
vn -0.7219 0.4287 -0.5431
vn -0.7034 0.4579 -0.5436
vn -0.7029 0.4562 -0.5458
vn -0.7035 0.4571 -0.5442
vn -0.2132 0.5373 -0.8160
vn -0.2106 0.5374 -0.8166
vn -0.2130 0.5395 -0.8146
vn -0.1209 0.6464 -0.7534
vn -0.1188 0.6442 -0.7556
vn -0.1221 0.6460 -0.7535
vn 0.3088 0.5740 -0.7584
vn 0.3131 0.5713 -0.7587
vn 0.3096 0.5738 -0.7582
vn -0.2083 0.4318 -0.8776
vn 0.0112 0.4976 -0.8673
vn -0.2086 0.4316 -0.8776
vn 0.2069 0.4405 -0.8736
vn 0.4112 0.3892 -0.8243
vn 0.2059 0.4423 -0.8729
vn 0.1694 0.6862 -0.7074
vn 0.1715 0.6848 -0.7083
vn 0.1720 0.6858 -0.7072
vn 0.5549 0.7022 -0.4462
vn 0.5542 0.7022 -0.4469
vn 0.5531 0.7044 -0.4449
vn 0.5337 0.5902 -0.6056
vn 0.5355 0.5875 -0.6067
vn 0.5346 0.5901 -0.6049
vn 0.8105 0.5833 -0.0526
vn 0.8105 0.5834 -0.0527
vn 0.8101 0.5842 -0.0499
vn 0.8438 0.4941 -0.2096
vn 0.8445 0.4924 -0.2105
vn 0.8439 0.4940 -0.2092
vn 0.8919 0.4510 0.0330
vn 0.8915 0.4518 0.0331
vn 0.8919 0.4511 0.0331
vn 0.9405 0.0150 0.3393
vn 0.9530 -0.0344 0.3011
vn 0.9414 0.0124 0.3371
vn 0.9235 0.0258 0.3828
vn 0.9373 -0.0158 0.3481
vn 0.9218 0.0311 0.3864
vn 0.8851 0.1693 0.4335
vn 0.8840 0.1719 0.4347
vn 0.8811 0.1747 0.4395
vn 0.8335 0.1348 0.5358
vn 0.8128 0.1502 0.5629
vn 0.8137 0.1488 0.5619
vn 0.8060 0.1701 0.5669
vn 0.8116 0.1668 0.5599
vn 0.7898 0.1787 0.5868
vn 0.6768 0.1625 0.7180
vn 0.6428 0.1625 0.7486
vn 0.6364 0.1607 0.7545
vn -0.6635 0.3886 -0.6393
vn -0.6335 0.4181 -0.6511
vn -0.6627 0.3901 -0.6393
vn -0.6578 0.4900 -0.5720
vn -0.6555 0.4884 -0.5760
vn -0.6866 0.4573 -0.5653
vn -0.0782 0.4716 -0.8783
vn -0.0700 0.4758 -0.8768
vn -0.1077 0.4653 -0.8786
vn 0.0584 0.4238 -0.9039
vn -0.0940 0.3878 -0.9169
vn -0.1017 0.3916 -0.9145
vn 0.8331 0.0265 0.5525
vn 0.8399 0.0211 0.5424
vn 0.8171 0.0411 0.5750
vn 0.9498 0.0620 0.3067
vn 0.9376 0.0954 0.3345
vn 0.9312 0.1091 0.3479
vn 0.8373 0.1200 0.5334
vn 0.8344 0.1256 0.5367
vn 0.8032 0.1455 0.5777
vn 0.6498 0.3570 0.6711
vn 0.6638 0.3566 0.6574
vn 0.6063 0.3565 0.7108
vn -0.6562 0.4853 -0.5778
vn -0.5571 0.5802 -0.5942
vn -0.6567 0.4838 -0.5786
vn 0.1830 0.4636 -0.8669
vn 0.1272 0.4648 -0.8762
vn 0.0253 0.4520 -0.8917
vn -0.9468 0.2227 -0.2323
vn -0.9885 -0.0045 -0.1510
vn -0.9870 0.0204 -0.1597
vn -0.9760 0.1625 -0.1447
vn -0.9947 0.0351 -0.0967
vn -0.9514 0.2507 -0.1791
vn 0.8951 -0.1908 -0.4029
vn 0.8982 -0.1779 -0.4021
vn 0.8700 0.0414 -0.4912
vn 0.8784 0.0240 -0.4773
vn 0.8768 0.0315 -0.4798
vn 0.8981 -0.1875 -0.3978
vn 0.8352 0.0974 -0.5413
vn 0.8678 -0.0095 -0.4968
vn 0.8693 -0.0208 -0.4938
vn 0.7289 0.2664 -0.6307
vn 0.6670 0.3368 -0.6646
vn 0.7442 0.2440 -0.6218
vn 0.6762 0.1565 -0.7199
vn 0.6845 0.1437 -0.7147
vn 0.7260 0.0730 -0.6838
vn 0.5863 0.2643 -0.7658
vn 0.6576 0.1895 -0.7291
vn 0.7127 0.1085 -0.6930
vn 0.6731 0.4189 -0.6094
vn 0.7575 0.3280 -0.5645
vn 0.6731 0.4189 -0.6095
vn 0.5325 0.2063 -0.8209
vn 0.5319 0.2061 -0.8214
vn 0.3742 0.2973 -0.8784
vn 0.5609 0.3238 -0.7620
vn 0.5407 0.3384 -0.7702
vn 0.5413 0.3383 -0.7698
vn 0.9515 0.0299 -0.3062
vn 0.9563 -0.0072 -0.2923
vn 0.9604 -0.1002 -0.2600
vn 0.9370 -0.3104 -0.1600
vn 0.9677 -0.0505 -0.2470
vn 0.9588 0.0409 -0.2812
vn 0.8520 -0.5236 -0.0026
vn 0.8883 -0.4586 -0.0235
vn 0.9842 -0.0985 -0.1475
vn 0.9650 -0.0741 -0.2514
vn 0.9453 0.0762 -0.3173
vn 0.8681 -0.4879 -0.0909
vn 0.9327 0.0440 -0.3579
vn 0.9375 0.0241 -0.3472
vn 0.9517 -0.1170 -0.2839
vn 0.9311 0.0182 -0.3643
vn 0.9231 0.0582 -0.3802
vn 0.9428 -0.1159 -0.3126
vn 0.9005 0.1652 -0.4022
vn 0.8813 0.2102 -0.4232
vn 0.8970 0.1738 -0.4064
vn 0.8635 0.0807 -0.4979
vn 0.8326 0.1605 -0.5301
vn 0.8288 0.1671 -0.5341
vn 0.8432 0.1196 -0.5241
vn 0.8367 0.1358 -0.5306
vn 0.8072 0.1970 -0.5565
vn 0.8521 -0.0258 -0.5228
vn 0.8285 0.0593 -0.5569
vn 0.8578 -0.0573 -0.5108
vn 0.7644 0.3085 -0.5661
vn 0.7946 0.2650 -0.5463
vn 0.8293 0.2051 -0.5198
vn 0.9471 0.2708 -0.1725
vn 0.9631 0.2220 -0.1518
vn 0.9439 0.2796 -0.1759
vn 0.9231 0.3658 -0.1183
vn 0.9270 0.3570 -0.1147
vn 0.9231 0.3658 -0.1184
vn 0.9421 0.3318 -0.0479
vn 0.9454 0.3230 -0.0440
vn 0.9421 0.3320 -0.0477
vn 0.8846 0.4663 0.0102
vn 0.8851 0.4654 0.0089
vn 0.8850 0.4655 0.0091
vn 0.8851 0.4642 0.0338
vn 0.8852 0.4641 0.0335
vn 0.8846 0.4650 0.0349
vn 0.8917 0.4524 0.0106
vn 0.8915 0.4530 0.0085
vn 0.8919 0.4522 0.0107
vn 0.8452 0.4689 0.2563
vn 0.8456 0.4690 0.2550
vn 0.8451 0.4689 0.2566
vn 0.9022 0.4006 -0.1601
vn 0.9002 0.4033 -0.1641
vn 0.9248 0.3540 -0.1397
vn 0.9700 0.2346 0.0631
vn 0.9709 0.2306 0.0651
vn 0.9718 0.2262 0.0670
vn 0.9696 0.2386 -0.0536
vn 0.9697 0.2382 -0.0536
vn 0.9719 0.2302 -0.0497
vn 0.9965 0.0825 -0.0098
vn 0.9965 0.0834 -0.0100
vn 0.9964 0.0838 -0.0101
vn 0.9959 0.0814 -0.0398
vn 0.9960 0.0803 -0.0395
vn 0.9959 0.0817 -0.0398
vn 0.9960 0.0777 0.0444
vn 0.9961 0.0766 0.0447
vn 0.9960 0.0775 0.0444
vn 0.9742 0.2118 -0.0778
vn 0.9744 0.2110 -0.0779
vn 0.9744 0.2108 -0.0780
vn 0.9675 0.2456 0.0603
vn 0.9676 0.2452 0.0601
vn 0.9675 0.2457 0.0603
vn 0.9422 0.3262 0.0768
vn 0.9423 0.3259 0.0766
vn 0.9422 0.3261 0.0767
vn 0.9236 0.3529 0.1500
vn 0.9237 0.3527 0.1498
vn 0.9235 0.3529 0.1501
vn 0.8107 0.5754 0.1080
vn 0.8110 0.5751 0.1075
vn 0.8110 0.5751 0.1074
vn 0.5385 0.5218 0.6616
vn 0.5387 0.5236 0.6600
vn 0.5378 0.5216 0.6624
vn 0.5564 0.6532 0.5136
vn 0.5570 0.6544 0.5114
vn 0.5577 0.6544 0.5107
vn 0.1741 0.6089 0.7739
vn 0.1740 0.6091 0.7738
vn 0.1727 0.6060 0.7765
vn 0.3101 0.4934 0.8126
vn 0.3100 0.4957 0.8113
vn 0.3102 0.4932 0.8127
vn -0.1164 0.5609 0.8197
vn -0.1175 0.5632 0.8179
vn -0.1195 0.5604 0.8195
vn 0.2066 0.3525 0.9127
vn 0.3075 0.4184 0.8546
vn 0.2075 0.3519 0.9128
vn -0.2046 0.3458 0.9157
vn -0.1044 0.4632 0.8801
vn -0.2038 0.3456 0.9160
vn -0.2077 0.4491 0.8690
vn -0.2077 0.4519 0.8676
vn -0.2071 0.4517 0.8678
vn -0.7009 0.3954 0.5936
vn -0.7013 0.3983 0.5912
vn -0.7019 0.3973 0.5911
vn 0.9994 0.0206 -0.0264
vn 0.9998 -0.0131 -0.0150
vn 0.9995 0.0182 -0.0243
vn 0.9941 0.0469 -0.0977
vn 0.9962 0.0164 -0.0855
vn 0.9940 0.0478 -0.0979
vn 0.9746 0.2029 0.0944
vn 0.9745 0.2033 0.0945
vn 0.9747 0.2025 0.0944
vn 0.9697 0.2416 -0.0358
vn 0.9673 0.2507 -0.0396
vn 0.9674 0.2500 -0.0397
vn 0.9699 0.2326 0.0726
vn 0.9698 0.2328 0.0727
vn 0.9697 0.2330 0.0728
vn 0.9966 0.0814 0.0152
vn 0.9965 0.0827 0.0149
vn 0.9965 0.0824 0.0150
vn -0.7799 0.3155 0.5406
vn -0.7677 0.3401 0.5431
vn -0.7675 0.3454 0.5400
vn -0.7511 0.2508 0.6107
vn -0.7376 0.2780 0.6154
vn -0.7497 0.2529 0.6115
vn -0.8000 0.2064 0.5634
vn -0.7219 0.3763 0.5807
vn -0.7222 0.3782 0.5791
vn -0.7146 0.0570 0.6972
vn -0.6451 0.2343 0.7273
vn -0.7147 0.0564 0.6971
vn -0.7154 0.3733 0.5907
vn -0.7152 0.3760 0.5891
vn -0.7155 0.3748 0.5895
vn -0.8554 0.4108 0.3154
vn -0.8553 0.4122 0.3139
vn -0.8555 0.4105 0.3155
vn -0.9177 0.3172 0.2393
vn -0.9177 0.3170 0.2396
vn -0.9178 0.3157 0.2407
vn -0.9216 0.1521 0.3571
vn -0.9539 -0.0106 0.2998
vn -0.9541 -0.0104 0.2992
vn -0.9587 0.0138 0.2841
vn -0.9496 0.0724 0.3049
vn -0.9671 -0.0859 0.2394
vn -0.9647 0.0638 0.2555
vn -0.9418 0.1687 0.2908
vn -0.9559 0.1105 0.2721
vn -0.9434 0.2248 0.2440
vn -0.9502 0.1997 0.2394
vn -0.9743 0.0994 0.2022
vn -0.2546 0.3785 0.8899
vn -0.2692 0.3587 0.8938
vn -0.3566 0.2236 0.9071
vn -0.2381 0.4094 0.8807
vn -0.2663 0.3732 0.8887
vn -0.2535 0.3882 0.8860
vn -0.2031 0.4433 0.8731
vn -0.2096 0.4354 0.8755
vn -0.2251 0.4150 0.8815
vn -0.9780 0.0413 -0.2045
vn -0.9503 0.1869 -0.2489
vn -0.6655 0.6559 -0.3563
vn -0.9953 0.0208 -0.0941
vn -0.9774 0.1554 -0.1430
vn -0.9955 0.0194 -0.0926
vn -0.9978 0.0074 -0.0662
vn -0.9977 0.0031 -0.0671
vn -0.9978 0.0060 -0.0665
vn -0.9975 0.0037 -0.0709
vn -0.9975 0.0032 -0.0709
vn -0.9975 0.0036 -0.0709
vn -0.4495 0.7847 -0.4268
vn -0.9727 -0.0207 -0.2310
vn -0.9731 -0.0114 -0.2300
vn -0.7025 0.5905 -0.3973
vn -0.4656 0.7695 -0.4372
vn -0.9763 -0.0102 -0.2161
vn -0.9824 0.0673 0.1745
vn -0.8157 0.5192 0.2549
vn -0.9153 0.3458 0.2065
vn -0.9693 -0.0306 0.2440
vn -0.7866 0.5124 0.3446
vn -0.9689 -0.0195 0.2466
vn -0.9971 -0.0038 0.0757
vn -0.9971 -0.0039 0.0756
vn -0.9971 -0.0030 0.0759
vn -0.9971 0.0007 0.0758
vn -0.9971 0.0003 0.0760
vn -0.9972 0.0015 0.0754
vn -0.8662 0.4260 0.2612
vn -0.9797 0.0750 0.1860
vn -0.9797 0.0743 0.1863
vn -0.6621 -0.7187 -0.2121
vn -0.7293 -0.6426 -0.2348
vn -0.4373 -0.7517 -0.4938
vn -0.0411 -0.8590 -0.5103
vn -0.1850 -0.7690 -0.6119
vn 0.2211 -0.7264 -0.6508
vn 0.0670 -0.8389 -0.5401
vn 0.0631 -0.8396 -0.5396
vn 0.7120 -0.6570 -0.2476
vn 0.6616 -0.6960 -0.2792
vn 0.7109 -0.6598 -0.2433
vn 0.5027 -0.8181 -0.2793
vn 0.5510 -0.7908 -0.2665
vn 0.6015 -0.7570 -0.2553
vn 0.7082 -0.7059 -0.0114
vn 0.7078 -0.7054 0.0387
vn 0.7084 -0.6999 0.0907
vn 0.7068 -0.7070 -0.0240
vn 0.7088 -0.7047 0.0325
vn 0.7082 -0.7057 -0.0218
vn 0.3208 -0.8853 0.3365
vn 0.2380 -0.9048 0.3532
vn 0.4032 -0.8152 0.4159
vn 0.0051 -0.8660 0.5000
vn 0.0588 -0.9076 0.4157
vn -0.3267 -0.7987 0.5053
vn -0.4581 -0.8128 0.3598
vn -0.5561 -0.7104 0.4314
vn -0.9917 0.1078 0.0703
vn -0.8665 0.4857 -0.1154
vn -0.8670 0.4848 -0.1151
vn -0.7148 0.6222 -0.3192
vn -0.3439 0.7981 -0.4947
vn -0.7294 0.6128 -0.3041
vn -0.6563 0.5935 -0.4659
vn -0.6479 0.5958 -0.4746
vn -0.6464 0.5966 -0.4757
vn -0.5168 0.5823 -0.6275
vn -0.5281 0.5808 -0.6195
vn -0.5318 0.5810 -0.6161
vn -0.6186 0.2552 -0.7431
vn -0.5595 0.2527 -0.7894
vn -0.5774 0.2562 -0.7752
vn -0.6051 0.2526 -0.7551
vn -0.5697 0.2563 -0.7809
vn -0.6231 0.2544 -0.7396
vn -0.6484 -0.1474 -0.7469
vn -0.6208 -0.1420 -0.7710
vn -0.6490 -0.1471 -0.7464
vn -0.7172 0.1009 -0.6895
vn -0.6720 0.1065 -0.7329
vn -0.6680 0.1070 -0.7364
vn -0.8474 -0.0768 -0.5253
vn -0.8132 -0.0934 -0.5745
vn -0.8619 -0.0706 -0.5021
vn -0.8288 0.0852 -0.5530
vn -0.7934 0.0823 -0.6031
vn -0.8101 0.0885 -0.5796
vn -0.9967 -0.0801 0.0115
vn -0.9950 -0.0691 -0.0722
vn -0.9968 -0.0765 -0.0220
vn -0.9368 0.0215 0.3492
vn -0.9631 0.0353 0.2667
vn -0.9628 0.0348 0.2679
vn -0.5351 -0.1858 0.8241
vn -0.5851 -0.1830 0.7900
vn -0.5190 -0.1869 0.8341
vn -0.3655 0.7494 0.5521
vn -0.3666 0.7533 0.5460
vn -0.3805 0.7521 0.5382
vn -0.3051 0.6142 0.7278
vn -0.3378 0.6202 0.7080
vn -0.3334 0.6214 0.7090
vn -0.4800 -0.1912 0.8562
vn -0.5477 -0.1846 0.8161
vn -0.5045 -0.1902 0.8422
vn 0.0488 -0.0277 0.9984
vn 0.0523 -0.0275 0.9983
vn 0.1373 -0.0335 0.9900
vn 0.3833 -0.1399 0.9130
vn 0.3347 -0.1427 0.9315
vn 0.4153 -0.1387 0.8990
vn 0.8018 0.0248 0.5971
vn 0.7902 0.0258 0.6123
vn 0.8207 0.0277 0.5707
vn 0.6972 -0.2357 0.6771
vn 0.6267 -0.2146 0.7491
vn 0.6406 -0.1850 0.7452
vn 0.8864 0.0361 0.4615
vn 0.8892 0.0372 0.4560
vn 0.9139 0.0468 0.4033
vn 0.8788 -0.2730 0.3914
vn 0.8608 -0.2796 0.4253
vn 0.8693 -0.2746 0.4109
vn 0.8700 0.1553 0.4679
vn 0.8906 0.1530 0.4283
vn 0.9012 0.1588 0.4032
vn 0.8528 0.1396 0.5033
vn 0.8455 0.1363 0.5163
vn 0.8769 0.1340 0.4616
vn 0.7064 0.5041 0.4969
vn 0.7032 0.5015 0.5040
vn 0.7060 0.5041 0.4974
vn 0.6007 0.4964 0.6266
vn 0.6007 0.4964 0.6267
vn 0.6005 0.4961 0.6271
vn 0.1705 0.4719 0.8650
vn 0.5620 0.5842 0.5856
vn 0.5379 0.5722 0.6191
vn 0.0137 0.5420 0.8403
vn 0.0795 0.6267 0.7752
vn 0.1691 0.8782 0.4474
vn -0.8678 0.1031 -0.4861
vn -0.8376 0.0993 -0.5371
vn -0.8939 0.0980 -0.4375
vn -0.6142 0.4581 -0.6426
vn -0.5782 0.4462 -0.6831
vn -0.5312 0.4151 -0.7386
vn -0.4986 0.5848 -0.6399
vn -0.4622 0.5866 -0.6651
vn -0.4768 0.5858 -0.6553
vn -0.0575 0.5854 -0.8087
vn -0.0000 0.5874 -0.8093
vn -0.0455 0.5862 -0.8089
vn -0.1875 0.7101 -0.6787
vn -0.1901 0.7095 -0.6786
vn -0.2336 0.7115 -0.6627
vn 0.2589 0.5280 -0.8088
vn 0.3094 0.5253 -0.7927
vn 0.2570 0.5281 -0.8093
vn 0.1624 0.6689 -0.7254
vn 0.1558 0.6705 -0.7253
vn 0.1487 0.6801 -0.7179
vn 0.6452 0.3684 -0.6693
vn 0.6310 0.3507 -0.6920
vn 0.6237 0.3482 -0.6998
vn 0.6139 0.4605 -0.6412
vn 0.6496 0.4617 -0.6040
vn 0.6156 0.4603 -0.6396
vn 0.7139 0.6998 0.0241
vn 0.7142 0.6995 0.0250
vn 0.7147 0.6992 -0.0189
vn 0.7827 0.5306 -0.3254
vn 0.8022 0.5258 -0.2829
vn 0.7778 0.5315 -0.3355
vn 0.8203 0.5320 0.2099
vn 0.8169 0.5304 0.2268
vn 0.8243 0.5341 0.1879
vn 0.8697 0.1492 0.4705
vn 0.8209 0.1579 0.5488
vn 0.8301 0.1745 0.5296
vn 0.6670 -0.0549 0.7430
vn 0.7021 -0.0605 0.7095
vn 0.7514 -0.0541 0.6576
vn 0.6801 -0.0688 0.7299
vn 0.6316 -0.0646 0.7726
vn 0.6770 -0.0684 0.7328
vn 0.5336 -0.1710 0.8283
vn 0.5746 -0.1720 0.8001
vn 0.6134 -0.1646 0.7724
vn 0.5489 -0.1588 0.8207
vn 0.5038 -0.1406 0.8523
vn 0.5719 -0.1660 0.8034
vn 0.2436 -0.1211 0.9623
vn 0.2401 -0.1253 0.9626
vn 0.2496 -0.1562 0.9557
vn -0.0570 0.1447 0.9878
vn -0.0985 0.1463 0.9843
vn -0.0298 0.1441 0.9891
vn 0.0954 0.1025 0.9901
vn 0.0717 0.1031 0.9921
vn 0.1134 0.1027 0.9882
vn 0.6666 -0.7453 -0.0131
vn 0.7184 -0.6931 -0.0589
vn 0.6419 -0.7667 -0.0089
vn -0.4844 0.8021 0.3492
vn -0.4204 0.7858 0.4536
vn -0.4566 0.8025 0.3840
vn -0.2423 -0.2504 0.9373
vn -0.2472 -0.2489 0.9364
vn -0.2664 -0.2482 0.9313
vn -0.2135 -0.2517 0.9440
vn -0.2214 -0.2614 0.9395
vn -0.2181 -0.2582 0.9411
vn -0.2358 -0.4575 0.8574
vn -0.6708 -0.4665 0.5765
vn -0.2705 -0.4699 0.8403
vn -0.8330 0.3306 0.4436
vn -0.8891 0.4256 -0.1682
vn -0.8332 0.3308 0.4431
vn -0.9304 -0.0390 0.3644
vn -0.9321 -0.0444 0.3596
vn -0.9128 -0.0347 0.4070
vn -0.6471 -0.5206 -0.5569
vn -0.6431 -0.4942 -0.5849
vn -0.6405 -0.5050 -0.5785
vn -0.9946 -0.0083 -0.1033
vn -0.9853 -0.0066 -0.1708
vn -0.9864 -0.0107 -0.1641
vn -0.9513 0.0269 -0.3070
vn -0.9189 0.0087 -0.3944
vn -0.9438 0.0274 -0.3293
vn -0.9236 -0.2095 0.3210
vn -0.9246 -0.2117 0.3168
vn -0.9225 -0.2041 0.3277
vn -0.9283 -0.2082 0.3081
vn -0.9220 -0.2108 0.3247
vn -0.9207 -0.2109 0.3283
vn -0.9862 0.1594 0.0454
vn -0.9867 0.1624 0.0039
vn -0.9865 0.1615 0.0278
vn -0.9444 0.1937 0.2655
vn -0.9598 0.1993 0.1978
vn -0.9510 0.1967 0.2387
vn -0.9456 -0.0088 -0.3253
vn -0.9364 -0.0148 -0.3507
vn -0.9094 -0.0137 -0.4156
vn -0.9256 0.1264 -0.3568
vn -0.8803 0.1198 -0.4591
vn -0.9115 0.1269 -0.3912
vn 0.1745 0.6069 0.7754
vn 0.0741 0.5996 0.7968
vn 0.2426 0.6209 0.7454
vn 0.0349 0.6530 0.7565
vn 0.0730 0.6553 0.7519
vn 0.1758 0.6627 0.7280
vn -0.0446 0.5926 0.8043
vn -0.1525 0.5894 0.7933
vn 0.0039 0.5975 0.8019
vn -0.4731 0.4678 0.7465
vn -0.2150 0.4698 0.8562
vn -0.0969 0.4734 0.8755
vn -0.4778 0.3318 0.8134
vn -0.7818 0.3484 0.5171
vn -0.4840 0.3205 0.8143
vn -0.8851 0.3186 0.3392
vn -0.8069 0.3074 0.5043
vn -0.4895 0.3027 0.8178
vn -0.8683 0.3412 0.3601
vn -0.8701 0.3395 0.3574
vn -0.4809 0.3228 0.8152
vn -0.8440 0.4645 0.2683
vn -0.8407 0.4683 0.2719
vn -0.8954 0.3465 0.2797
vn -0.9320 0.2987 0.2054
vn -0.9789 0.0815 0.1874
vn -0.9727 0.0770 0.2191
vn -0.9730 0.0769 0.2177
vn -0.9827 0.0708 0.1710
vn -0.9830 0.0711 0.1695
vn -0.9773 0.0663 0.2011
vn -0.9799 -0.1859 0.0725
vn -0.9704 -0.1963 0.1406
vn -0.9691 -0.1968 0.1487
vn -0.9773 -0.2080 0.0401
vn -0.9774 -0.2077 0.0389
vn -0.9695 -0.2172 0.1131
vn -0.9996 -0.0022 0.0266
vn -0.9985 -0.0062 0.0545
vn -0.9984 -0.0065 0.0569
vn -0.9966 -0.0078 0.0823
vn -0.9985 -0.0040 0.0543
vn -0.9964 -0.0081 0.0846
vn -0.9982 -0.0375 -0.0477
vn -0.9982 -0.0375 -0.0470
vn -0.9990 -0.0407 -0.0191
vn -0.9563 -0.0174 -0.2918
vn -0.9498 -0.0162 -0.3125
vn -0.9583 -0.0180 -0.2852
vn -0.9363 -0.0408 -0.3487
vn -0.9375 -0.0409 -0.3455
vn -0.9448 -0.0420 -0.3251
vn -0.7317 -0.0319 -0.6809
vn -0.7356 -0.0318 -0.6767
vn -0.7525 -0.0319 -0.6578
vn -0.7191 0.2839 -0.6343
vn -0.7310 0.2841 -0.6204
vn -0.7268 0.2842 -0.6253
vn -0.6690 0.2119 -0.7124
vn -0.6667 0.2123 -0.7144
vn -0.6769 0.2126 -0.7047
vn -0.4502 -0.6254 -0.6373
vn -0.4529 -0.6252 -0.6357
vn -0.4532 -0.6251 -0.6354
vn -0.0368 -0.6443 -0.7639
vn -0.0331 -0.6450 -0.7635
vn -0.0367 -0.6442 -0.7640
vn -0.0253 -0.6635 -0.7477
vn -0.0215 -0.6643 -0.7472
vn -0.0251 -0.6635 -0.7477
vn -0.9656 -0.2180 0.1419
vn -0.9761 -0.2063 0.0688
vn -0.9758 -0.2067 0.0713
vn -0.9734 -0.1995 0.1130
vn -0.9814 -0.1879 0.0406
vn -0.9731 -0.1998 0.1149
vn -0.9839 0.0704 0.1643
vn -0.9881 0.0752 0.1341
vn -0.9879 0.0749 0.1357
vn -0.9854 0.0835 0.1481
vn -0.9892 0.0883 0.1171
vn -0.9853 0.0833 0.1490
vn -0.9364 0.3008 0.1806
vn -0.9265 0.3606 0.1077
vn -0.8684 0.4821 0.1159
vn -0.8720 0.4738 0.1230
vn -0.7066 0.3048 0.6386
vn -0.8994 0.4289 0.0843
vn -0.8991 0.4298 0.0830
vn -0.8859 0.3707 0.2788
vn -0.9190 0.3814 0.1001
vn -0.6772 0.3109 0.6669
vn -0.6733 0.3578 0.6470
vn -0.8786 0.3947 0.2689
vn -0.6745 0.3564 0.6466
vn -0.8423 0.5254 0.1203
vn -0.8254 0.5421 -0.1579
vn -0.8195 0.5180 0.2451
vn -0.7239 0.6506 0.2296
vn -0.7409 0.6680 0.0700
vn -0.7311 0.6564 0.1863
vn -0.7002 0.7109 -0.0661
vn -0.6920 0.7146 -0.1023
vn -0.7113 0.7018 0.0399
vn -0.7415 0.6600 0.1206
vn -0.7311 0.6809 -0.0429
vn -0.7402 0.6697 0.0602
vn -0.3911 0.9203 0.0101
vn -0.3903 0.9192 0.0527
vn -0.3915 0.9201 0.0101
vn -0.5107 0.8454 0.1565
vn -0.5069 0.8462 0.1644
vn -0.5131 0.8522 0.1019
vn -0.7171 0.6960 0.0364
vn -0.7783 0.6217 0.0881
vn -0.7829 0.6220 0.0129
vn -0.8228 0.5656 0.0556
vn -0.8148 0.5642 0.1337
vn -0.7611 0.6468 0.0481
vn -0.5610 0.8223 0.0958
vn -0.7115 0.6984 0.0776
vn -0.6409 0.7627 0.0873
vn -0.8489 0.5227 0.0779
vn -0.8466 0.5267 0.0763
vn -0.7256 0.6799 0.1063
vn -0.9839 0.1307 -0.1216
vn -0.9911 0.0891 -0.0990
vn -0.9214 0.3350 -0.1969
vn -0.9916 0.0440 -0.1214
vn -0.9952 0.0365 -0.0908
vn -0.9904 0.0798 -0.1128
vn -0.4519 -0.4668 -0.7602
vn -0.4530 -0.4603 -0.7635
vn -0.4737 -0.4208 -0.7736
vn -0.1517 -0.9784 -0.1407
vn -0.1513 -0.9783 -0.1416
vn -0.9069 -0.1413 -0.3970
vn -0.9316 -0.1440 -0.3337
vn -0.9339 -0.1446 -0.3271
vn -0.2108 0.2949 -0.9320
vn -0.1983 0.2936 -0.9351
vn -0.1993 0.2934 -0.9350
vn -0.2718 0.2044 -0.9404
vn -0.2634 0.2032 -0.9430
vn -0.2746 0.2048 -0.9395
vn -0.2607 -0.1252 -0.9573
vn -0.2518 -0.1266 -0.9595
vn -0.2543 -0.1261 -0.9589
vn -0.1070 -0.0574 -0.9926
vn -0.1040 -0.0579 -0.9929
vn -0.1136 -0.0565 -0.9919
vn -0.1879 0.0377 -0.9815
vn -0.0982 0.0276 -0.9948
vn -0.0962 0.0285 -0.9950
vn -0.2459 -0.0979 -0.9643
vn -0.1266 -0.1097 -0.9859
vn -0.2412 -0.0981 -0.9655
vn 0.0223 0.2354 -0.9716
vn -0.1817 -0.1440 -0.9728
vn -0.2449 -0.1469 -0.9583
vn -0.2467 -0.1617 -0.9555
vn -0.1738 0.2282 -0.9580
vn -0.1676 0.2505 -0.9535
vn -0.4517 0.0004 -0.8922
vn -0.1997 0.4001 -0.8945
vn -0.4639 0.0117 -0.8858
vn -0.5775 -0.4203 -0.6999
vn -0.6347 -0.4146 -0.6522
vn -0.6339 -0.4122 -0.6544
vn -0.9989 0.0267 -0.0378
vn -0.9994 0.0255 -0.0240
vn -0.9921 0.0380 -0.1195
vn -0.9589 0.0260 -0.2824
vn -0.9776 0.0215 -0.2092
vn -0.9564 0.0264 -0.2908
vn -0.9917 0.0912 -0.0908
vn -0.9882 0.0983 -0.1178
vn -0.9881 0.0965 -0.1194
vn -0.9980 0.0362 -0.0509
vn -0.9957 0.0405 -0.0833
vn -0.9980 0.0367 -0.0514
vn -0.9127 0.3454 0.2183
vn -0.8609 0.4623 0.2125
vn -0.9946 -0.0771 -0.0695
vn -0.9914 -0.1153 -0.0613
vn -0.9906 -0.1140 -0.0752
vn -0.6452 0.3625 -0.6726
vn -0.8247 -0.1728 -0.5385
vn -0.8273 -0.1212 -0.5486
vn -0.5281 0.3126 -0.7896
vn -0.4413 0.4292 -0.7881
vn -0.7257 0.1307 -0.6755
vn -0.6693 0.0717 -0.7395
vn -0.6164 0.2082 -0.7594
vn -0.7386 -0.1491 -0.6575
vn -0.1994 -0.2437 -0.9491
vn -0.2254 -0.6197 -0.7518
vn -0.1849 -0.1547 -0.9705
vn -0.9113 0.2520 -0.3256
vn -0.9191 0.2502 -0.3043
vn -0.9178 0.2506 -0.3081
vn -0.9778 0.0628 -0.1997
vn -0.9833 0.0599 -0.1717
vn -0.9792 0.0622 -0.1933
vn -0.9712 0.1224 -0.2044
vn -0.9734 0.1212 -0.1946
vn -0.9744 0.1208 -0.1895
vn -0.9927 0.0627 -0.1031
vn -0.9938 0.0610 -0.0932
vn -0.4626 -0.8810 -0.0992
vn -0.4625 -0.8809 -0.1001
vn -0.4624 -0.8810 -0.1000
vn -0.4480 -0.8896 -0.0887
vn -0.4480 -0.8896 -0.0892
vn -0.4481 -0.8896 -0.0886
vn -0.1172 -0.9549 -0.2729
vn -0.1172 -0.9550 -0.2726
vn -0.1172 -0.9551 -0.2720
vn -0.4557 -0.4466 -0.7700
vn -0.4550 -0.4483 -0.7694
vn -0.4550 -0.4480 -0.7696
vn -0.5370 -0.3750 -0.7556
vn -0.5274 -0.3762 -0.7618
vn -0.5272 -0.3780 -0.7611
vn -0.5204 -0.3614 -0.7737
vn -0.5141 -0.3621 -0.7776
vn -0.5235 -0.3611 -0.7717
vn -0.8088 0.4779 0.3427
vn -0.8496 0.4916 0.1911
vn -0.8554 0.4853 0.1812
vn -0.8458 0.5245 0.0978
vn -0.8442 0.5272 0.0967
vn -0.8226 0.5088 0.2538
vn -0.8166 0.5576 0.1490
vn -0.8220 0.5666 0.0569
vn -0.8061 0.5476 0.2245
vn -0.2729 0.8966 0.3487
vn -0.3761 0.8994 0.2227
vn -0.2807 0.8829 0.3764
vn -0.4572 0.8214 0.3409
vn -0.4420 0.8262 0.3492
vn -0.2882 0.8200 0.4944
vn -0.5871 0.7353 0.3386
vn -0.6142 0.7375 0.2809
vn -0.4904 0.7146 0.4989
vn -0.7764 0.5421 0.3215
vn -0.7408 0.5376 0.4028
vn -0.7126 0.5281 0.4619
vn -0.8091 0.5118 0.2888
vn -0.8103 0.5102 0.2882
vn -0.7539 0.4912 0.4362
vn -0.8106 0.5268 0.2557
vn -0.8027 0.4902 0.3396
vn -0.8027 0.4903 0.3396
vn -0.8847 0.0937 0.4566
vn -0.8829 0.1428 0.4472
vn -0.8853 0.0801 0.4581
vn -0.4669 -0.1451 0.8723
vn -0.4678 -0.2044 0.8599
vn -0.4697 -0.3011 0.8299
vn -0.4564 0.3908 0.7994
vn -0.4606 0.3418 0.8192
vn -0.4727 0.1894 0.8606
vn -0.5357 0.7291 0.4260
vn -0.6394 0.7408 0.2059
vn -0.6260 0.7472 0.2233
vn -0.5395 0.8345 0.1120
vn -0.5326 0.8406 0.0983
vn -0.4946 0.8115 0.3113
vn -0.4742 0.8445 0.2489
vn -0.5555 0.8252 0.1023
vn -0.4755 0.8526 0.2167
vn -0.4476 -0.8942 -0.0019
vn -0.4473 -0.8944 -0.0026
vn -0.4477 -0.8942 -0.0018
vn -0.4634 -0.8861 0.0102
vn -0.4633 -0.8861 0.0101
vn -0.4635 -0.8860 0.0107
vn -0.1183 -0.9778 0.1728
vn -0.1183 -0.9779 0.1724
vn -0.1185 -0.9777 0.1732
vn -0.4490 -0.5318 0.7181
vn -0.4498 -0.5294 0.7193
vn -0.4497 -0.5291 0.7196
vn -0.6017 -0.4965 0.6257
vn -0.6005 -0.4984 0.6253
vn -0.6015 -0.4960 0.6262
vn -0.5612 -0.3206 0.7631
vn -0.5675 -0.3189 0.7591
vn -0.5686 -0.3166 0.7593
vn -0.0633 -0.2792 0.9581
vn -0.0533 -0.2823 0.9578
vn -0.0626 -0.2788 0.9583
vn -0.0628 -0.3072 0.9496
vn -0.0669 -0.3061 0.9497
vn -0.0770 -0.3028 0.9499
vn -0.7842 0.5393 0.3068
vn -0.7813 0.5191 0.3465
vn -0.7886 0.5552 0.2645
vn -0.7407 0.5169 0.4291
vn -0.7755 0.5267 0.3481
vn -0.7803 0.5466 0.3039
vn -0.7236 0.5871 0.3628
vn -0.6933 0.5778 0.4308
vn -0.7290 0.6084 0.3138
vn -0.4664 0.8371 0.2860
vn -0.4716 0.8371 0.2773
vn -0.4828 0.8452 0.2293
vn -0.3488 0.8975 0.2701
vn -0.3291 0.8928 0.3076
vn -0.3489 0.8974 0.2701
vn -0.0825 -0.1944 -0.9774
vn -0.0920 -0.1904 -0.9774
vn -0.0972 -0.1895 -0.9771
vn -0.0687 -0.1647 -0.9839
vn -0.0778 -0.1610 -0.9839
vn -0.0686 -0.1644 -0.9840
vn -0.5745 -0.2284 -0.7860
vn -0.5751 -0.2270 -0.7860
vn -0.5816 -0.2263 -0.7814
vn -0.6099 -0.4253 -0.6687
vn -0.6103 -0.4239 -0.6692
vn -0.6099 -0.4250 -0.6689
vn 0.0001 -0.7470 0.6648
vn -0.0041 -0.7464 0.6655
vn 0.0003 -0.7470 0.6648
vn -0.0100 -0.7318 0.6814
vn -0.0145 -0.7312 0.6821
vn -0.0100 -0.7318 0.6815
vn -0.1534 0.1799 0.9717
vn -0.1654 0.1820 0.9693
vn -0.1647 0.1821 0.9694
vn -0.6410 0.1259 0.7571
vn -0.6421 0.1257 0.7563
vn -0.6323 0.1231 0.7649
vn -0.6829 0.2020 0.7020
vn -0.6959 0.2058 0.6881
vn -0.6864 0.2032 0.6982
vn -0.8908 0.2065 0.4048
vn -0.8991 0.2103 0.3839
vn -0.8922 0.2072 0.4014
vn -0.8983 -0.0904 0.4300
vn -0.9077 -0.0862 0.4107
vn -0.9093 -0.0855 0.4074
vn -0.9102 -0.0652 0.4091
vn -0.9218 -0.0598 0.3830
vn -0.9130 -0.0640 0.4028
vn -0.8791 -0.0283 0.4758
vn -0.9118 -0.0142 0.4103
vn -0.9142 -0.0129 0.4050
vn -0.8028 -0.2244 0.5524
vn -0.8450 -0.2083 0.4925
vn -0.8037 -0.2240 0.5512
vn -0.0316 -0.9993 -0.0179
vn -0.0311 -0.9994 -0.0177
vn -0.0317 -0.9993 -0.0180
vn -0.8988 0.0439 0.4362
vn -0.9131 0.0516 0.4045
vn -0.9144 0.0539 0.4012
vn -0.9169 0.0017 0.3992
vn -0.9176 0.0006 0.3975
vn -0.9298 0.0073 0.3679
vn -0.9212 0.3502 0.1697
vn -0.8664 0.4677 0.1751
vn -0.8068 0.4713 0.3562
vn -0.8516 0.4867 0.1947
vn -0.8516 0.4867 0.1946
vn -0.2191 0.0907 0.9715
vn -0.2164 0.0901 0.9721
vn -0.2289 0.0925 0.9690
vn -0.1895 -0.2425 0.9515
vn -0.1965 -0.2416 0.9503
vn -0.1991 -0.2410 0.9499
vn -0.0495 -0.1762 0.9831
vn -0.0426 -0.1771 0.9833
vn -0.0523 -0.1757 0.9831
vn 0.0749 -0.2094 0.9750
vn -0.0426 -0.1971 0.9795
vn -0.0481 -0.1960 0.9794
vn 0.0378 -0.2113 0.9767
vn 0.0691 -0.2098 0.9753
vn -0.0622 -0.1925 0.9793
vn 0.1178 -0.0066 0.9930
vn 0.0785 -0.2528 0.9643
vn 0.0755 -0.2532 0.9645
vn 0.1385 -0.1098 0.9843
vn 0.1242 -0.3402 0.9321
vn 0.1364 -0.0952 0.9861
vn -0.1704 -0.1187 0.9782
vn -0.1744 -0.1193 0.9774
vn -0.1352 0.1070 0.9850
vn 0.0315 -0.5276 0.8489
vn 0.0070 -0.7500 0.6614
vn 0.0336 -0.5712 0.8201
vn -0.6571 -0.2314 0.7174
vn -0.6738 -0.2644 0.6900
vn -0.6606 -0.0510 0.7490
vn -0.9913 -0.0474 0.1224
vn -0.9914 -0.0473 0.1217
vn -0.9873 -0.0519 0.1499
vn -0.9945 0.0363 0.0984
vn -0.9916 0.0320 0.1256
vn -0.9915 0.0320 0.1259
vn -0.9982 0.0432 -0.0416
vn -0.9965 0.0462 -0.0700
vn -0.9983 0.0431 -0.0404
vn -0.9970 0.0522 -0.0569
vn -0.9969 0.0522 -0.0581
vn -0.9983 0.0493 -0.0302
vn -0.9949 0.0851 -0.0544
vn -0.9941 0.0869 -0.0644
vn -0.9931 0.0769 0.0882
vn -0.9931 0.0770 0.0881
vn -0.9938 0.0792 0.0782
vn -0.9922 0.0505 0.1140
vn -0.9911 0.0481 0.1240
vn -0.9922 0.0504 0.1141
vn -0.9670 0.0956 0.2362
vn -0.9681 0.0964 0.2313
vn -0.9701 0.0992 0.2215
vn -0.5273 -0.4549 0.7177
vn -0.5164 -0.4575 0.7239
vn -0.5278 -0.4522 0.7190
vn -0.5021 -0.4462 0.7408
vn -0.4982 -0.4472 0.7429
vn -0.5096 -0.4447 0.7366
vn -0.4306 -0.6965 0.5740
vn -0.4311 -0.6964 0.5738
vn -0.4345 -0.6956 0.5722
vn -0.2019 0.4789 -0.8543
vn -0.1911 0.4885 -0.8514
vn -0.5284 0.7380 -0.4197
vn -0.4719 0.8718 0.1311
vn -0.5587 0.7129 -0.4238
vn -0.5405 0.7271 -0.4232
vn -0.6524 0.0774 -0.7539
vn -0.6334 0.0768 -0.7700
vn -0.6281 0.0764 -0.7744
vn -0.6420 -0.4091 -0.6485
vn -0.5697 -0.4168 -0.7083
vn -0.5850 -0.4155 -0.6965
vn -0.9664 0.0324 0.2551
vn -0.9726 0.0368 0.2297
vn -0.9718 0.0359 0.2330
vn -0.9951 0.0448 0.0879
vn -0.9952 0.0448 0.0875
vn -0.9926 0.0402 0.1150
vn -0.6895 -0.1162 0.7149
vn -0.6662 -0.1219 0.7357
vn -0.6853 -0.1176 0.7187
vn -0.5747 -0.0215 0.8181
vn -0.5542 -0.0268 0.8319
vn -0.5801 -0.0204 0.8143
vn -0.4397 -0.4807 0.7587
vn -0.5196 -0.4657 0.7163
vn -0.5340 -0.4610 0.7087
vn -0.4098 -0.5450 0.7314
vn -0.4838 -0.5261 0.6994
vn -0.4157 -0.5439 0.7289
vn -0.9388 -0.0020 0.3445
vn -0.9399 0.0008 0.3415
vn -0.9656 0.0172 0.2593
vn -0.9128 -0.1489 0.3803
vn -0.9272 -0.1528 0.3419
vn -0.9220 -0.1557 0.3546
vn -0.1330 -0.6096 0.7815
vn -0.1587 -0.6173 0.7705
vn -0.1606 -0.6265 0.7627
vn -0.8998 0.0001 0.4363
vn -0.9135 0.0051 0.4067
vn -0.9001 0.0131 0.4355
vn -0.6518 0.7559 -0.0611
vn -0.5880 0.7778 -0.2219
vn -0.6437 0.7599 -0.0908
vn -0.4220 0.6596 -0.6219
vn -0.3035 0.6747 -0.6728
vn -0.4890 0.6550 -0.5761
vn -0.4718 0.6583 -0.5866
vn -0.3763 0.6693 -0.6406
vn -0.4469 0.6609 -0.6029
vn -0.5759 0.5836 -0.5725
vn -0.4668 0.5350 -0.7042
vn -0.5213 0.6180 -0.5885
vn 0.2275 0.6678 -0.7087
vn 0.1885 0.6698 -0.7182
vn 0.2429 0.6662 -0.7051
vn 0.7701 0.5696 -0.2874
vn 0.2053 0.5628 -0.8007
vn 0.2436 0.5636 -0.7893
vn 0.7932 0.5527 -0.2558
vn 0.7914 0.5530 -0.2606
vn 0.2814 0.5626 -0.7773
vn 0.9004 0.2588 -0.3498
vn 0.8973 0.2592 -0.3573
vn 0.9007 0.2586 -0.3491
vn 0.9260 0.2137 -0.3112
vn 0.9251 0.2143 -0.3134
vn 0.9255 0.2140 -0.3125
vn 0.9349 0.0571 -0.3504
vn 0.9324 0.0584 -0.3566
vn 0.9328 0.0581 -0.3557
vn 0.9594 -0.0570 -0.2762
vn 0.9599 -0.0573 -0.2744
vn 0.9583 -0.0563 -0.2803
vn 0.9542 -0.2292 -0.1922
vn 0.9343 -0.2154 -0.2840
vn 0.9336 -0.2149 -0.2867
vn 0.9500 -0.2225 -0.2191
vn 0.9637 -0.2367 -0.1234
vn 0.9502 -0.2226 -0.2183
vn 0.9639 -0.2234 -0.1452
vn 0.9632 -0.2226 -0.1505
vn 0.9468 -0.2079 -0.2455
vn 0.9728 -0.2295 -0.0307
vn 0.9728 -0.2302 -0.0254
vn 0.9679 -0.2177 -0.1260
vn 0.9935 -0.1138 -0.0006
vn 0.9934 -0.1105 -0.0291
vn 0.9934 -0.1097 -0.0342
vn 0.9907 -0.1099 0.0802
vn 0.9868 -0.1147 0.1146
vn 0.9906 -0.1101 0.0808
vn 0.9697 -0.1637 0.1813
vn 0.9709 -0.1626 0.1761
vn 0.9771 -0.1585 0.1417
vn 0.7149 -0.1564 0.6816
vn 0.7194 -0.1565 0.6768
vn 0.7468 -0.1583 0.6459
vn 0.6832 0.2189 0.6967
vn 0.6912 0.2185 0.6888
vn 0.6867 0.2187 0.6933
vn 0.6637 0.1709 0.7282
vn 0.6683 0.1707 0.7240
vn 0.5340 -0.5450 0.6464
vn 0.5436 -0.5456 0.6379
vn 0.5429 -0.5455 0.6384
vn 0.3345 -0.4799 0.8111
vn 0.3276 -0.4794 0.8142
vn 0.3386 -0.4805 0.8090
vn 0.2954 -0.5326 0.7931
vn 0.3026 -0.5341 0.7894
vn 0.3096 -0.5346 0.7863
vn 0.4208 -0.4580 0.7830
vn 0.4194 -0.4583 0.7836
vn 0.4334 -0.4598 0.7751
vn 0.2518 0.6749 -0.6936
vn 0.2448 0.6756 -0.6955
vn 0.2589 0.6749 -0.6910
vn 0.2184 0.6798 -0.7001
vn 0.2226 0.6795 -0.6990
vn 0.2301 0.6798 -0.6964
vn 0.5224 0.6689 -0.5288
vn 0.5190 0.6693 -0.5317
vn 0.5281 0.6682 -0.5240
vn 0.8985 0.4358 0.0535
vn 0.5960 0.4492 -0.6656
vn 0.5988 0.4493 -0.6630
vn 0.8488 0.5247 -0.0642
vn 0.8490 0.5246 -0.0629
vn 0.4587 0.5440 -0.7026
vn 0.9774 0.1832 -0.1054
vn 0.9774 0.1832 -0.1056
vn 0.9635 0.2168 -0.1572
vn 0.9634 0.2168 -0.1578
vn 0.9634 0.2168 -0.1576
vn 0.9855 -0.0569 -0.1600
vn 0.9849 -0.0563 -0.1640
vn 0.9848 -0.0563 -0.1641
vn 0.9871 -0.0672 -0.1455
vn 0.9866 -0.0667 -0.1492
vn 0.9686 -0.2413 -0.0596
vn 0.9609 -0.2290 -0.1559
vn 0.9609 -0.2290 -0.1558
vn 0.9696 -0.2305 -0.0826
vn 0.9699 -0.2432 0.0119
vn 0.9694 -0.2303 -0.0845
vn 0.9521 -0.2982 0.0678
vn 0.9519 -0.2979 0.0711
vn 0.9576 -0.2871 -0.0237
vn 0.7639 -0.3039 0.5693
vn 0.7714 -0.3041 0.5590
vn 0.8216 -0.3061 0.4809
vn 0.7527 -0.2140 0.6227
vn 0.7817 -0.2157 0.5852
vn 0.7736 -0.2155 0.5959
vn 0.7780 -0.2248 0.5867
vn 0.7720 -0.2249 0.5945
vn 0.7926 -0.2260 0.5664
vn 0.2746 -0.2530 0.9277
vn 0.2744 -0.2530 0.9277
vn 0.2835 -0.2543 0.9246
vn 0.4055 -0.2895 0.8671
vn 0.2743 -0.2901 0.9168
vn 0.2899 -0.2903 0.9120
vn -0.1492 0.9876 0.0495
vn -0.1157 0.9925 0.0399
vn -0.1416 0.9889 0.0451
vn 0.3730 0.9002 -0.2246
vn 0.3280 0.9061 -0.2672
vn 0.0554 0.9120 -0.4065
vn 0.6427 0.7562 -0.1229
vn 0.6478 0.7506 -0.1304
vn 0.3446 0.7941 -0.5007
vn 0.6074 0.7548 -0.2479
vn 0.6097 0.7495 -0.2578
vn 0.6109 0.7515 -0.2492
vn 0.8262 0.5220 -0.2121
vn 0.8158 0.5302 -0.2311
vn 0.8215 0.5259 -0.2204
vn 0.8893 0.2833 -0.3590
vn 0.9238 0.1822 -0.3369
vn 0.8931 -0.0301 -0.4489
vn 0.8933 0.0590 -0.4456
vn 0.8914 0.0601 -0.4492
vn 0.8892 0.0599 -0.4536
vn 0.7015 -0.1870 -0.6877
vn 0.7018 -0.1871 -0.6873
vn 0.7059 -0.1882 -0.6828
vn 0.7401 -0.2970 -0.6033
vn 0.6746 -0.2747 -0.6851
vn 0.6749 -0.2748 -0.6848
vn 0.4783 -0.2932 -0.8278
vn 0.4659 -0.2929 -0.8349
vn 0.5540 -0.3109 -0.7723
vn 0.7216 -0.2187 -0.6569
vn 0.6456 -0.1972 -0.7378
vn 0.7063 -0.2136 -0.6750
vn 0.1591 -0.1163 -0.9804
vn 0.1452 -0.1163 -0.9825
vn 0.2658 -0.1334 -0.9548
vn 0.2260 -0.1504 -0.9625
vn 0.1210 -0.1295 -0.9842
vn 0.2189 -0.1482 -0.9644
vn 0.4099 -0.3537 -0.8407
vn 0.4226 -0.3585 -0.8324
vn 0.4222 -0.3588 -0.8325
vn 0.2892 -0.4357 -0.8524
vn 0.2954 -0.4388 -0.8487
vn 0.2825 -0.4343 -0.8553
vn 0.3004 -0.3799 -0.8749
vn 0.3108 -0.3823 -0.8702
vn 0.3044 -0.3809 -0.8731
vn 0.5121 -0.4621 -0.7240
vn 0.5210 -0.4648 -0.7159
vn 0.5128 -0.4623 -0.7234
vn 0.6237 0.2590 -0.7375
vn 0.6283 0.2577 -0.7340
vn 0.6296 0.2575 -0.7330
vn 0.6399 0.3047 -0.7055
vn 0.6499 0.3021 -0.6974
vn 0.6444 0.3034 -0.7019
vn 0.6376 -0.0614 -0.7679
vn 0.6675 -0.0718 -0.7411
vn 0.6723 -0.0730 -0.7367
vn 0.9516 -0.1335 -0.2769
vn 0.9532 -0.1343 -0.2710
vn 0.9420 -0.1275 -0.3106
vn 0.9659 -0.0893 -0.2432
vn 0.9731 -0.0945 -0.2102
vn 0.9657 -0.0894 -0.2438
vn 0.9864 -0.1029 -0.1279
vn 0.9892 -0.1076 -0.0994
vn 0.9859 -0.1022 -0.1328
vn 0.9752 -0.0607 -0.2127
vn 0.9760 -0.0612 -0.2092
vn 0.9760 -0.0613 -0.2090
vn 0.9787 -0.0535 -0.1980
vn 0.9795 -0.0542 -0.1940
vn 0.9787 -0.0535 -0.1982
vn 0.9637 0.2197 -0.1515
vn 0.9638 0.2197 -0.1512
vn 0.9636 0.2198 -0.1520
vn 0.9570 0.1923 -0.2171
vn 0.9566 0.1924 -0.2187
vn 0.9572 0.1922 -0.2166
vn 0.3898 0.5607 -0.7305
vn 0.8349 0.5318 -0.1420
vn 0.8358 0.5314 -0.1380
vn 0.2462 0.3489 -0.9042
vn 0.8299 0.3486 -0.4356
vn 0.2626 0.3487 -0.8997
vn 0.9276 -0.2732 -0.2548
vn 0.9028 -0.2578 -0.3444
vn 0.9280 -0.2735 -0.2530
vn 0.6819 -0.2302 -0.6943
vn 0.6075 -0.2060 -0.7671
vn 0.6737 -0.2275 -0.7031
vn 0.7133 -0.1345 -0.6878
vn 0.6904 -0.1262 -0.7123
vn 0.6814 -0.1230 -0.7215
vn 0.7248 -0.1471 -0.6731
vn 0.7087 -0.1409 -0.6913
vn 0.7311 -0.1491 -0.6658
vn 0.2196 -0.1373 -0.9659
vn 0.2107 -0.1352 -0.9682
vn 0.3077 -0.3949 -0.8656
vn 0.3034 -0.3939 -0.8676
vn 0.3075 -0.3948 -0.8658
vn 0.3282 0.1858 -0.9262
vn 0.3341 0.1843 -0.9243
vn 0.3404 0.1831 -0.9223
vn 0.2546 0.2419 -0.9363
vn 0.2526 0.2425 -0.9367
vn 0.2635 0.2401 -0.9343
vn 0.2811 -0.1039 -0.9540
vn 0.2811 -0.1040 -0.9540
vn 0.2841 -0.1044 -0.9531
vn 0.9080 0.3682 -0.2001
vn 0.9126 0.3653 -0.1835
vn 0.9095 0.3673 -0.1947
vn 0.8674 0.4284 -0.2530
vn 0.8660 0.4292 -0.2565
vn 0.8599 0.4323 -0.2713
vn 0.8974 0.4348 -0.0744
vn 0.8974 0.4349 -0.0746
vn 0.8941 0.4381 -0.0937
vn 0.3827 -0.0838 -0.9201
vn 0.3808 -0.0841 -0.9208
vn 0.3842 -0.0836 -0.9195
vn 0.3663 -0.0367 -0.9298
vn 0.3474 -0.0283 -0.9373
vn 0.7956 0.5944 -0.1172
vn 0.7951 0.5932 -0.1259
vn 0.7982 0.5911 -0.1159
vn 0.3902 0.9114 -0.1305
vn 0.4022 0.9119 -0.0818
vn 0.4033 0.9118 -0.0771
vn 0.2936 0.9490 -0.1148
vn 0.2741 0.9499 -0.1503
vn 0.2935 0.9490 -0.1148
vn 0.2013 0.6866 0.6986
vn 0.3450 0.7184 0.6041
vn 0.3277 0.7146 0.6180
vn 0.7507 0.5993 0.2780
vn 0.7662 0.6119 0.1961
vn 0.6980 0.5930 0.4014
vn 0.3198 0.9280 0.1910
vn 0.3502 0.9256 0.1437
vn 0.3418 0.9259 0.1610
vn 0.4200 0.8716 0.2527
vn 0.4389 0.8898 -0.1247
vn 0.4404 0.8775 0.1899
vn 0.3815 0.9196 0.0938
vn 0.3830 0.9208 0.0739
vn 0.3708 0.9281 0.0333
vn 0.8063 0.5881 -0.0631
vn 0.8030 0.5918 -0.0703
vn 0.8037 0.5921 -0.0596
vn 0.3390 0.9268 0.1614
vn 0.3387 0.9269 0.1615
vn 0.3390 0.9329 0.1213
vn 0.9940 -0.0735 -0.0811
vn 0.9944 -0.0743 -0.0750
vn 0.9943 -0.0741 -0.0771
vn 0.9996 0.0245 0.0162
vn 0.9995 0.0237 0.0219
vn 0.9996 0.0244 0.0151
vn 0.9830 0.1835 0.0033
vn 0.9830 0.1836 0.0040
vn 0.9830 0.1834 0.0023
vn 0.9748 0.2195 0.0403
vn 0.9745 0.2186 0.0499
vn 0.9746 0.2185 0.0499
vn 0.5442 0.5699 -0.6157
vn 0.8419 0.5372 0.0516
vn 0.8417 0.5364 0.0619
vn 0.5712 0.4733 -0.6706
vn 0.8984 0.4391 -0.0100
vn 0.6108 0.4683 -0.6384
vn 0.5857 0.6184 -0.5239
vn 0.5426 0.6210 -0.5656
vn 0.5742 0.6169 -0.5383
vn 0.8233 0.5673 0.0203
vn 0.7969 0.5858 -0.1475
vn 0.8098 0.5799 -0.0891
vn 0.7492 0.6223 0.2267
vn 0.7365 0.6054 0.3017
vn 0.7542 0.6268 0.1959
vn 0.5059 0.6596 -0.5559
vn 0.5120 0.6591 -0.5509
vn 0.5002 0.6600 -0.5606
vn 0.5682 -0.2278 0.7907
vn 0.4345 -0.1927 0.8798
vn 0.3632 -0.1801 0.9141
vn 0.3658 -0.1794 0.9132
vn 0.3705 -0.1780 0.9116
vn 0.2281 -0.0522 -0.9722
vn 0.4738 0.1694 -0.8642
vn 0.2174 -0.0470 -0.9749
vn 0.1931 -0.1875 -0.9631
vn 0.4124 0.0577 -0.9092
vn 0.1877 -0.1822 -0.9652
vn 0.9408 0.2400 -0.2393
vn 0.9396 0.2373 -0.2468
vn 0.9433 0.2332 -0.2362
vn 0.7778 0.4869 -0.3974
vn 0.7687 0.4896 -0.4115
vn 0.7710 0.4898 -0.4070
vn -0.7247 0.2046 -0.6580
vn -0.1731 0.3420 -0.9236
vn -0.6915 0.2351 -0.6830
vn 0.7267 0.6142 -0.3076
vn 0.7374 0.6098 -0.2904
vn 0.1919 0.6120 -0.7672
vn 0.3416 -0.4929 0.8002
vn 0.3371 -0.4924 0.8024
vn 0.3373 -0.4925 0.8023
vn 0.3848 0.0746 0.9200
vn 0.3738 0.0761 0.9244
vn 0.3774 0.0756 0.9230
vn 0.9213 0.3439 0.1818
vn 0.9236 0.3458 0.1657
vn 0.9228 0.3451 0.1714
vn 0.8771 0.3986 0.2679
vn 0.8820 0.4001 0.2491
vn 0.8780 0.3989 0.2646
vn 0.9005 0.4251 0.0915
vn 0.9012 0.4275 0.0718
vn 0.9005 0.4252 0.0909
vn 0.8907 0.4538 0.0262
vn 0.8908 0.4537 0.0268
vn 0.8914 0.4510 0.0454
vn 0.8881 0.4574 -0.0460
vn 0.8880 0.4574 -0.0466
vn 0.8904 0.4544 -0.0265
vn 0.9811 -0.0726 -0.1796
vn 0.9853 -0.0776 -0.1523
vn 0.9854 -0.0776 -0.1514
vn 0.9959 -0.0869 0.0259
vn 0.9945 -0.0900 0.0544
vn 0.9945 -0.0899 0.0537
vn 0.3100 0.1290 0.9419
vn 0.3065 0.1293 0.9430
vn 0.2971 0.1304 0.9459
vn 0.3383 -0.2168 0.9157
vn 0.3353 -0.2167 0.9169
vn 0.3381 -0.2169 0.9158
vn 0.8624 -0.5004 -0.0766
vn 0.8625 -0.4999 -0.0780
vn 0.8624 -0.5005 -0.0764
vn 0.8095 -0.5316 -0.2493
vn 0.8097 -0.5305 -0.2508
vn 0.8095 -0.5316 -0.2492
vn 0.6914 0.7112 0.1271
vn 0.6901 0.7107 0.1363
vn 0.6902 0.7107 0.1363
vn 0.6928 0.7086 0.1337
vn 0.5677 0.7379 -0.3651
vn 0.6947 0.7084 0.1243
vn 0.5655 0.8195 -0.0929
vn 0.5804 0.8138 0.0288
vn 0.4386 0.7882 0.4316
vn 0.8190 0.5592 0.1284
vn 0.5627 0.5857 -0.5834
vn 0.8181 0.5587 0.1363
vn 0.6117 -0.7319 -0.3003
vn 0.6144 -0.7339 -0.2897
vn 0.6109 -0.7312 -0.3036
vn 0.6295 -0.7148 -0.3045
vn 0.6292 -0.7147 -0.3056
vn 0.6263 -0.7125 -0.3164
vn 0.6705 -0.7324 -0.1186
vn 0.6706 -0.7342 -0.1062
vn 0.6705 -0.7324 -0.1188
vn 0.6806 -0.7226 -0.1211
vn 0.6807 -0.7225 -0.1213
vn 0.6803 -0.7206 -0.1338
vn 0.6812 -0.7312 0.0358
vn 0.6812 -0.7312 0.0360
vn 0.6832 -0.7299 0.0233
vn 0.8264 -0.5600 0.0582
vn 0.8268 -0.5596 0.0569
vn 0.8269 -0.5595 0.0568
vn 0.8615 -0.5074 0.0190
vn 0.8615 -0.5074 0.0192
vn 0.8619 -0.5067 0.0175
vn 0.8263 -0.5497 -0.1229
vn 0.8263 -0.5496 -0.1228
vn 0.8263 -0.5500 -0.1217
vn 0.8099 -0.5564 0.1858
vn 0.8094 -0.5566 0.1872
vn 0.8095 -0.5565 0.1873
vn 0.8737 -0.3824 0.3006
vn 0.8726 -0.3826 0.3036
vn 0.8733 -0.3825 0.3017
vn 0.6361 -0.7433 0.2072
vn 0.6318 -0.7438 0.2182
vn 0.6313 -0.7439 0.2193
vn 0.6185 -0.7642 0.1829
vn 0.6133 -0.7650 0.1967
vn 0.6173 -0.7644 0.1862
vn 0.6712 -0.7413 0.0049
vn 0.6712 -0.7413 0.0046
vn 0.6695 -0.7426 0.0172
vn 0.5216 -0.4818 -0.7041
vn 0.5183 -0.4807 -0.7073
vn 0.5097 -0.4780 -0.7154
vn 0.5437 -0.4404 -0.7145
vn 0.5394 -0.4370 -0.7198
vn 0.5424 -0.4382 -0.7168
vn 0.5554 -0.5297 -0.6411
vn 0.5553 -0.5298 -0.6411
vn 0.5543 -0.5277 -0.6437
vn 0.8729 -0.3417 -0.3483
vn 0.8730 -0.3429 -0.3468
vn 0.8727 -0.3416 -0.3490
vn 0.5576 -0.5994 0.5743
vn 0.5559 -0.5987 0.5767
vn 0.5558 -0.5986 0.5769
vn 0.5502 -0.5217 0.6520
vn 0.5444 -0.5203 0.6579
vn 0.5465 -0.5214 0.6554
vn 0.5414 -0.5578 0.6291
vn 0.5322 -0.5570 0.6375
vn 0.5284 -0.5567 0.6409
vn 0.9668 0.2461 0.0695
vn 0.9882 0.1519 0.0211
vn 0.9920 -0.0760 0.1010
vn 0.9921 0.0109 0.1247
vn 0.9926 0.0113 0.1205
vn 0.9930 0.0119 0.1172
vn 0.8898 -0.2757 0.3636
vn 0.8873 -0.2761 0.3694
vn 0.8901 -0.2756 0.3629
vn 0.8107 -0.3705 0.4534
vn 0.8576 -0.3678 0.3596
vn 0.8600 -0.3674 0.3541
vn 0.7058 -0.4097 0.5779
vn 0.6389 -0.4095 0.6512
vn 0.7138 -0.4100 0.5677
vn 0.7684 -0.3127 0.5584
vn 0.7792 -0.3109 0.5443
vn 0.8335 -0.3098 0.4575
vn 0.4549 -0.2370 0.8584
vn 0.3419 -0.2353 0.9098
vn 0.4430 -0.2521 0.8604
vn 0.8689 0.4951 0.0009
vn 0.8678 0.4968 0.0084
vn 0.8667 0.4985 0.0181
vn 0.8872 0.4288 0.1706
vn 0.8873 0.4272 0.1740
vn 0.8847 0.4287 0.1832
vn 0.9753 0.2125 -0.0601
vn 0.9741 0.2155 -0.0679
vn 0.9747 0.2162 -0.0573
vn 0.4523 0.0635 0.8896
vn 0.4492 -0.1647 0.8781
vn 0.4650 -0.1604 0.8707
vn 0.4381 -0.2773 0.8551
vn 0.4182 -0.2952 0.8591
vn 0.4402 -0.0627 0.8957
vn -0.6813 0.2491 0.6884
vn -0.6757 0.2446 0.6954
vn -0.6806 0.2462 0.6901
vn -0.1199 0.1151 0.9861
vn -0.1104 0.1112 0.9876
vn -0.1197 0.1159 0.9860
vn -0.1209 0.1710 0.9778
vn -0.1249 0.1653 0.9783
vn -0.1207 0.1663 0.9787
vn 0.2113 0.1454 0.9665
vn 0.2129 0.1454 0.9662
vn 0.2121 0.1498 0.9657
vn 0.1165 0.2805 0.9528
vn 0.1057 0.2686 0.9574
vn 0.1086 0.2730 0.9559
vn 0.7226 0.4030 0.5616
vn 0.7217 0.4019 0.5636
vn 0.7295 0.4011 0.5541
vn 0.7293 0.4183 0.5414
vn 0.7149 0.4220 0.5575
vn 0.7226 0.4201 0.5490
vn 0.8295 0.2665 0.4908
vn 0.8283 0.2670 0.4925
vn 0.8389 0.2597 0.4784
vn 0.8393 0.2549 0.4803
vn 0.8312 0.2606 0.4911
vn 0.8405 0.2538 0.4787
vn 0.8539 0.2267 0.4685
vn 0.8549 0.2254 0.4673
vn 0.8622 0.2191 0.4567
vn 0.8747 0.1433 0.4630
vn 0.8653 0.1529 0.4774
vn 0.8724 0.1453 0.4667
vn 0.9648 0.0252 0.2619
vn 0.9649 0.0253 0.2612
vn 0.9684 0.0074 0.2492
vn 0.9498 0.1638 0.2665
vn 0.9496 0.1640 0.2671
vn 0.9565 0.1471 0.2520
vn 0.9819 0.1654 0.0919
vn 0.9820 0.1655 0.0910
vn 0.9821 0.1655 0.0901
vn 0.9865 0.1396 0.0855
vn 0.9861 0.1394 0.0901
vn 0.9861 0.1394 0.0909
vn 0.9860 0.1459 -0.0804
vn 0.9861 0.1458 -0.0799
vn 0.9860 0.1460 -0.0809
vn 0.9396 0.2861 0.1879
vn 0.9868 0.1461 -0.0697
vn 0.9864 0.1476 -0.0722
vn 0.9763 0.0025 -0.2166
vn 0.9452 0.1655 -0.2815
vn 0.9675 0.2515 -0.0274
vn 0.9667 0.2558 -0.0115
vn 0.9801 0.0049 -0.1986
vn 0.9646 0.2633 -0.0125
vn 0.9562 0.2515 -0.1497
vn 0.9428 0.0366 -0.3315
vn 0.9586 0.2422 -0.1497
vn 0.0632 0.4003 -0.9142
vn -0.0158 -0.0114 -0.9998
vn -0.0157 -0.0114 -0.9998
vn 0.2339 0.3515 -0.9065
vn 0.1582 0.0597 -0.9856
vn 0.2500 0.3490 -0.9032
vn 0.1370 0.3577 -0.9237
vn 0.2330 0.3524 -0.9064
vn 0.2493 0.3500 -0.9030
vn 0.4833 0.2987 -0.8229
vn 0.6135 0.2001 -0.7639
vn 0.5410 0.2598 -0.7999
vn 0.4974 0.3439 -0.7964
vn 0.4759 0.3518 -0.8061
vn 0.5401 0.3103 -0.7823
vn 0.2959 0.2797 -0.9133
vn 0.3493 0.2629 -0.8994
vn 0.3714 0.2559 -0.8925
vn 0.1739 0.3759 -0.9102
vn 0.3036 0.3582 -0.8829
vn 0.3854 0.3326 -0.8607
vn 0.1232 0.3161 -0.9407
vn 0.2338 0.3106 -0.9213
vn 0.1105 0.3159 -0.9423
vn 0.1008 0.3682 -0.9243
vn 0.1209 0.3651 -0.9231
vn 0.1070 0.3651 -0.9248
vn 0.7203 0.4558 -0.5229
vn 0.7347 0.4402 -0.5162
vn 0.7186 0.4582 -0.5231
vn 0.7156 0.3868 -0.5817
vn 0.7173 0.3842 -0.5813
vn 0.7165 0.3867 -0.5807
vn 0.8710 0.4797 -0.1060
vn 0.8710 0.4797 -0.1059
vn 0.8709 0.4806 -0.1028
vn 0.9033 0.3517 -0.2457
vn 0.9038 0.3501 -0.2461
vn 0.9033 0.3516 -0.2458
vn 0.9436 0.3288 -0.0400
vn 0.9435 0.3291 -0.0393
vn 0.9429 0.3310 -0.0381
vn 0.9677 0.2475 -0.0487
vn 0.9693 0.2410 -0.0483
vn 0.9715 0.2318 -0.0492
vn 0.9684 0.2355 -0.0817
vn 0.9695 0.2344 -0.0709
vn 0.9696 0.2352 -0.0670
vn -0.1146 0.1257 0.9854
vn -0.1011 0.1205 0.9876
vn -0.1048 0.1216 0.9870
vn 0.4531 -0.0546 0.8898
vn 0.4602 -0.0552 0.8861
vn 0.4474 -0.0510 0.8929
vn 0.2084 0.2311 0.9503
vn 0.2153 0.2277 0.9496
vn 0.2082 0.2311 0.9504
vn 0.6756 0.2896 0.6780
vn 0.6789 0.2894 0.6747
vn 0.6742 0.2910 0.6788
vn 0.7483 0.1684 0.6416
vn 0.7495 0.1676 0.6405
vn 0.7481 0.1686 0.6418
vn 0.9049 0.2915 0.3102
vn 0.9053 0.2916 0.3090
vn 0.9048 0.2914 0.3106
vn 0.9335 0.2223 0.2814
vn 0.9336 0.2222 0.2811
vn 0.9697 0.2347 0.0684
vn 0.9681 0.2409 0.0684
vn 0.9718 0.2259 0.0682
vn 0.9437 0.3238 0.0681
vn 0.9438 0.3230 0.0698
vn 0.9431 0.3255 0.0680
vn 0.9513 0.3052 0.0428
vn 0.9510 0.3062 0.0435
vn 0.9513 0.3054 0.0430
vn 0.9492 0.3122 0.0406
vn 0.9491 0.3124 0.0407
vn 0.9490 0.3125 0.0408
vn 0.9484 0.3143 0.0409
vn 0.9482 0.3149 0.0414
vn 0.9483 0.3148 0.0413
vn 0.9603 0.2650 0.0868
vn 0.9602 0.2655 0.0871
vn 0.9937 0.0783 0.0797
vn 0.9937 0.0791 0.0794
vn 0.9937 0.0714 0.0866
vn 0.9937 0.0713 0.0864
vn 0.9936 0.0722 0.0863
vn 0.9819 0.1659 0.0911
vn 0.9819 0.1664 0.0908
vn 0.9819 0.1661 0.0909
vn 0.9702 0.2251 0.0900
vn 0.9693 0.2249 0.0994
vn 0.9704 0.2260 0.0854
vn 0.2989 0.3113 -0.9021
vn 0.2344 0.0730 -0.9694
vn 0.2330 0.0727 -0.9698
vn 0.6653 0.1151 -0.7377
vn 0.6412 0.1847 -0.7448
vn 0.6828 0.0882 -0.7253
vn 0.5718 0.1746 -0.8016
vn 0.6481 0.0836 -0.7570
vn 0.6690 0.0537 -0.7413
vn 0.8448 0.1431 -0.5156
vn 0.9042 -0.0935 -0.4168
vn 0.8742 0.0644 -0.4813
vn 0.7726 0.1337 -0.6206
vn 0.8008 0.0729 -0.5945
vn 0.8263 -0.0017 -0.5633
vn 0.9444 0.1621 -0.2861
vn 0.9759 -0.0021 -0.2182
vn 0.9641 0.0825 -0.2523
vn 0.9487 0.1857 -0.2560
vn 0.9488 0.1855 -0.2555
vn 0.9692 0.1051 -0.2227
vn 0.9819 0.1723 -0.0784
vn 0.9820 0.1722 -0.0773
vn 0.9820 0.1723 -0.0779
vn 0.9819 0.1733 -0.0766
vn 0.9819 0.1732 -0.0766
vn 0.9819 0.1733 -0.0767
vn 0.9867 0.1419 0.0798
vn 0.8989 0.1478 -0.4125
vn 0.9866 0.1421 0.0798
vn 0.9638 0.0910 0.2507
vn 0.9529 0.2195 -0.2093
vn 0.9443 0.1432 0.2962
vn 0.9515 0.1216 0.2825
vn 0.9641 0.0856 0.2512
vn 0.9449 0.1375 0.2972
vn 0.7921 0.1083 0.6007
vn 0.7713 0.1184 0.6254
vn 0.7499 0.1273 0.6492
vn 0.7559 0.0613 0.6518
vn 0.7940 0.0424 0.6065
vn 0.7581 0.0620 0.6492
vn 0.6515 0.2277 0.7237
vn 0.6797 0.2282 0.6971
vn 0.6193 0.2251 0.7522
vn 0.6317 0.1466 0.7612
vn 0.6589 0.1492 0.7373
vn 0.6303 0.1471 0.7623
vn 0.5917 0.1906 0.7833
vn 0.6280 0.1964 0.7531
vn 0.5973 0.1926 0.7785
vn 0.9675 0.0939 0.2347
vn 0.9488 0.2222 -0.2245
vn 0.9483 0.2208 -0.2278
vn 0.9585 0.2672 -0.0994
vn 0.9580 0.2725 -0.0898
vn 0.9228 0.1180 0.3667
vn 0.8793 0.1567 0.4498
vn 0.9136 0.3988 0.0800
vn 0.8153 0.2137 0.5381
vn 0.7168 0.5073 0.4784
vn 0.7137 0.5086 0.4817
vn 0.5732 0.3025 0.7615
vn 0.5930 0.3031 0.7459
vn 0.7179 0.5062 0.4778
vn 0.5750 0.3016 0.7605
vn 0.3511 0.5181 0.7799
vn 0.3515 0.5182 0.7797
vn 0.1565 0.4090 0.8990
vn 0.0900 0.4414 0.8928
vn 0.2759 0.5222 0.8070
vn 0.0791 0.4339 0.8975
vn 0.1041 0.4688 0.8771
vn 0.1046 0.4688 0.8771
vn -0.1020 0.4345 0.8949
vn 0.9321 0.2505 -0.2617
vn 0.9316 0.2521 -0.2618
vn 0.9320 0.2508 -0.2616
vn 0.9020 0.3252 -0.2840
vn 0.9025 0.3247 -0.2829
vn 0.9030 0.3234 -0.2828
vn 0.7448 0.2359 -0.6242
vn 0.7431 0.2386 -0.6252
vn 0.7447 0.2362 -0.6241
vn 0.6656 0.3659 -0.6505
vn 0.6691 0.3646 -0.6476
vn 0.6710 0.3618 -0.6471
vn 0.2046 0.3263 -0.9229
vn 0.1970 0.3307 -0.9230
vn 0.2039 0.3263 -0.9230
vn 0.4281 0.0529 -0.9022
vn 0.4349 0.0509 -0.8990
vn 0.4414 0.0459 -0.8961
vn -0.1301 0.2287 -0.9648
vn -0.1354 0.2296 -0.9638
vn -0.1198 0.2244 -0.9671
vn 0.9738 0.0789 0.2131
vn 0.9741 0.0788 0.2121
vn 0.9739 0.0787 0.2128
vn 0.9455 0.2451 0.2143
vn 0.9449 0.2465 0.2155
vn 0.9448 0.2466 0.2156
vn 0.9423 0.2704 0.1975
vn 0.9432 0.2686 0.1957
vn 0.9424 0.2702 0.1972
vn 0.9405 0.2762 0.1978
vn 0.9415 0.2744 0.1959
vn 0.9406 0.2761 0.1977
vn 0.9302 0.3242 0.1719
vn 0.9303 0.3242 0.1718
vn 0.8716 0.4672 0.1484
vn 0.8715 0.4670 0.1495
vn 0.8714 0.4671 0.1497
vn 0.9047 0.3239 0.2768
vn 0.9047 0.3239 0.2769
vn 0.9049 0.3239 0.2760
vn 0.7196 0.3233 0.6145
vn 0.7198 0.3246 0.6136
vn 0.7188 0.3232 0.6156
vn 0.9508 0.3093 -0.0157
vn 0.9512 0.3082 -0.0163
vn 0.9511 0.3084 -0.0162
vn 0.9501 0.3117 -0.0121
vn 0.9489 0.3153 -0.0134
vn 0.9488 0.3155 -0.0137
vn 0.9484 0.3168 -0.0142
vn 0.9492 0.3143 -0.0124
vn 0.9481 0.3176 -0.0137
vn 0.9602 0.2715 -0.0653
vn 0.9610 0.2691 -0.0636
vn 0.9936 0.0859 -0.0736
vn 0.9935 0.0871 -0.0739
vn 0.9936 0.0795 -0.0802
vn 0.9935 0.0808 -0.0805
vn 0.9311 0.3363 -0.1415
vn 0.9296 0.3397 -0.1427
vn 0.9296 0.3398 -0.1427
vn 0.9517 0.2620 -0.1601
vn 0.9400 0.2938 -0.1734
vn 0.9413 0.2904 -0.1723
vn 0.9420 0.2869 -0.1740
vn 0.9532 0.2564 -0.1601
vn 0.9430 0.2849 -0.1722
vn 0.9497 0.2506 -0.1881
vn 0.9550 0.2350 -0.1809
vn 0.9443 0.2654 -0.1946
vn 0.9734 0.0978 -0.2071
vn 0.9759 0.0843 -0.2011
vn 0.9732 0.0996 -0.2072
vn 0.9725 -0.0339 -0.2306
vn 0.9659 0.0344 -0.2568
vn 0.9638 0.0475 -0.2624
vn 0.1360 0.3547 -0.9250
vn 0.1386 0.3550 -0.9246
vn 0.2530 0.3475 -0.9029
vn 0.0875 0.4379 -0.8948
vn 0.1352 0.4376 -0.8889
vn 0.1272 0.4371 -0.8904
vn 0.0892 0.4339 -0.8965
vn 0.0920 0.4342 -0.8961
vn 0.1309 0.4327 -0.8920
vn -0.1390 0.3544 -0.9247
vn 0.0842 0.4071 -0.9095
vn 0.0842 0.4058 -0.9101
vn -0.1760 0.3917 -0.9031
vn -0.1835 0.3890 -0.9028
vn 0.0493 0.4520 -0.8906
vn -0.1533 0.1995 -0.9678
vn -0.1523 0.1984 -0.9682
vn -0.1469 0.2007 -0.9686
vn 0.8894 0.1343 -0.4369
vn 0.8697 0.1837 -0.4582
vn 0.8927 0.1233 -0.4334
vn 0.8666 0.2440 -0.4353
vn 0.8595 0.2568 -0.4420
vn 0.8834 0.2077 -0.4201
vn 0.8675 0.2375 -0.4370
vn 0.8438 0.2823 -0.4565
vn 0.8625 0.2468 -0.4417
vn 0.8263 0.3139 -0.4676
vn 0.8426 0.2869 -0.4558
vn 0.8665 0.2423 -0.4364
vn 0.7283 0.4580 -0.5097
vn 0.7127 0.4736 -0.5174
vn 0.7697 0.4125 -0.4872
vn 0.8333 0.1868 0.5203
vn 0.8771 0.1451 0.4579
vn 0.8144 0.1999 0.5448
vn 0.5874 0.2558 0.7678
vn 0.5638 0.2555 0.7854
vn 0.5010 0.2356 0.8328
vn 0.4362 0.3704 0.8201
vn 0.4927 0.3860 0.7799
vn 0.3913 0.3498 0.8512
vn 0.0869 0.4390 0.8943
vn 0.0778 0.4314 0.8988
vn 0.0136 0.3754 0.9268
vn 0.0184 0.3714 0.9283
vn 0.0908 0.4394 0.8937
vn 0.0137 0.3756 0.9267
vn 0.1126 0.2236 0.9682
vn 0.1649 0.2780 0.9463
vn 0.1194 0.2313 0.9655
vn 0.2818 0.3717 0.8846
vn 0.2272 0.3335 0.9150
vn 0.1739 0.2846 0.9427
vn -0.0281 0.3890 0.9208
vn -0.0297 0.3919 0.9195
vn -0.1371 0.2618 0.9553
vn -0.0010 0.4442 0.8959
vn -0.0248 0.4205 0.9070
vn -0.0282 0.4180 0.9080
vn 0.2799 0.2924 0.9144
vn 0.2639 0.2859 0.9212
vn 0.2291 0.2528 0.9400
vn 0.4241 0.4155 0.8047
vn 0.3786 0.3994 0.8350
vn 0.3932 0.4058 0.8251
vn -0.0049 0.4478 0.8941
vn -0.0015 0.4538 0.8911
vn -0.0299 0.4238 0.9053
vn 0.8858 0.2766 -0.3727
vn 0.9092 -0.0769 -0.4093
vn 0.8465 0.1587 -0.5082
vn 0.6152 0.2389 -0.7513
vn 0.6390 0.1708 -0.7500
vn 0.6148 0.2389 -0.7516
vn 0.6308 0.2210 -0.7438
vn 0.6765 0.1641 -0.7180
vn 0.5963 0.2552 -0.7611
vn 0.6547 0.1778 -0.7347
vn 0.7006 0.1126 -0.7046
vn 0.6602 0.1718 -0.7312
vn -0.6905 0.3174 -0.6499
vn -0.6837 0.3157 -0.6579
vn -0.6846 0.3172 -0.6563
vn -0.1247 0.2200 -0.9675
vn -0.1246 0.2191 -0.9677
vn -0.1344 0.2236 -0.9654
vn -0.1291 0.2668 -0.9551
vn -0.1226 0.2656 -0.9563
vn -0.1255 0.2664 -0.9557
vn 0.2065 0.2473 -0.9467
vn 0.2103 0.2437 -0.9468
vn 0.2084 0.2473 -0.9463
vn 0.6481 0.2535 -0.7181
vn 0.7376 0.1322 -0.6622
vn 0.7018 0.1885 -0.6870
vn 0.7771 0.0648 -0.6261
vn 0.8183 -0.0707 -0.5704
vn 0.7737 0.0747 -0.6292
vn -0.1474 0.1072 0.9832
vn -0.1503 0.1020 0.9834
vn -0.1487 0.0979 0.9840
vn -0.0704 0.4292 0.9005
vn -0.1827 0.2991 0.9366
vn -0.1788 0.3043 0.9356
vn 0.3414 0.0694 -0.9374
vn 0.3363 0.1023 -0.9362
vn 0.3366 0.1016 -0.9362
vn 0.3211 0.1981 -0.9261
vn 0.3345 0.2654 -0.9043
vn 0.3304 0.2669 -0.9053
vn 0.3344 0.2654 -0.9043
vn 0.1733 0.8697 -0.4622
vn 0.1511 0.8716 -0.4663
vn 0.1664 0.8705 -0.4632
vn -0.7972 0.3845 0.4654
vn -0.8104 0.3678 0.4561
vn -0.8282 0.3495 0.4381
vn -0.8945 0.2385 0.3781
vn -0.8936 0.2393 0.3798
vn -0.8986 0.2387 0.3681
vn -0.8963 0.2374 0.3745
vn -0.8950 0.2367 0.3781
vn -0.7910 0.2926 0.5373
vn -0.7969 0.2860 0.5321
vn -0.1306 -0.2305 -0.9643
vn -0.0151 -0.7777 -0.6284
vn -0.0582 0.7980 -0.5998
vn -0.3199 0.6206 -0.7159
vn -0.3202 0.6205 -0.7158
vn -0.0345 -0.1947 -0.9803
vn 0.0922 0.0016 -0.9957
vn -0.0344 -0.1947 -0.9803
vn -0.0362 -0.1785 -0.9833
vn 0.0876 0.0201 -0.9960
vn -0.0366 -0.1772 -0.9835
vn -0.0247 -0.0706 -0.9972
vn 0.1878 0.1825 -0.9651
vn 0.1232 0.1218 -0.9849
vn -0.0739 0.1396 -0.9875
vn 0.3917 0.4095 -0.8239
vn 0.3053 0.3693 -0.8777
vn 0.0677 -0.1858 -0.9803
vn 0.2379 0.0594 -0.9695
vn 0.2804 0.1000 -0.9547
vn 0.4805 0.1607 -0.8621
vn 0.2069 -0.0700 -0.9758
vn 0.2085 -0.0603 -0.9761
vn -0.0347 0.8324 -0.5530
vn -0.3855 0.5665 -0.7283
vn -0.0140 0.8427 -0.5381
vn 0.4610 -0.1704 0.8709
vn 0.4681 0.0619 0.8815
vn 0.4594 -0.1813 0.8695
vn 0.1321 0.4321 0.8921
vn 0.1322 0.4446 0.8859
vn 0.1280 0.2053 0.9703
vn 0.4378 -0.1588 0.8849
vn 0.4325 -0.2025 0.8786
vn 0.4218 -0.4092 0.8091
vn 0.2631 0.4086 0.8740
vn 0.2551 0.5946 0.7625
vn 0.2615 0.6407 0.7219
vn 0.3239 -0.0662 0.9438
vn 0.3247 -0.0037 0.9458
vn 0.3156 -0.2154 0.9241
vn 0.2846 -0.3429 0.8952
vn 0.2903 -0.1956 0.9367
vn 0.2108 0.0333 0.9770
vn 0.2067 0.1855 0.9606
vn 0.2109 0.0333 0.9769
vn 0.1602 0.1295 0.9786
vn 0.1582 0.1293 0.9789
vn 0.1697 0.2838 0.9438
vn 0.2198 -0.6944 0.6852
vn 0.2096 -0.7332 0.6469
vn -0.1871 0.9163 0.3540
vn -0.1145 0.9666 0.2294
vn -0.1126 0.9665 0.2305
vn -0.1105 0.9680 0.2253
vn -0.1105 0.9680 0.2254
vn -0.1086 0.9679 0.2265
vn -0.2187 0.9017 0.3731
vn -0.2070 0.9014 0.3803
vn -0.2069 0.9014 0.3804
vn 0.1258 0.9887 -0.0813
vn 0.1227 0.9889 -0.0840
vn 0.1234 0.9888 -0.0835
vn -0.2651 0.8942 0.3606
vn -0.2695 0.8944 0.3570
vn -0.2698 0.8944 0.3567
vn -0.2629 0.8954 0.3595
vn -0.2628 0.8954 0.3595
vn -0.2675 0.8955 0.3556
vn -0.3734 0.7761 0.5082
vn -0.3863 0.7762 0.4982
vn -0.3857 0.7762 0.4988
vn -0.2131 0.9108 0.3537
vn -0.2134 0.9108 0.3535
vn -0.2029 0.9104 0.3606
vn -0.3868 0.7452 0.5432
vn -0.3578 0.7443 0.5638
vn -0.3566 0.7443 0.5647
vn -0.3842 0.7468 0.5428
vn -0.3850 0.7468 0.5422
vn -0.3548 0.7460 0.5636
vn -0.2732 0.8844 0.3785
vn -0.2637 0.8841 0.3857
vn -0.2638 0.8841 0.3856
vn -0.3694 0.7859 0.4959
vn -0.3691 0.7859 0.4961
vn -0.3796 0.7866 0.4870
vn -0.2647 0.8831 0.3874
vn -0.2734 0.8835 0.3804
vn -0.2735 0.8835 0.3803
vn -0.0876 0.9923 0.0873
vn -0.0874 0.9924 0.0867
vn -0.0875 0.9923 0.0871
vn -0.1018 0.9944 -0.0278
vn -0.1020 0.9944 -0.0274
vn -0.1022 0.9944 -0.0267
vn -0.1035 0.9944 -0.0211
vn -0.1031 0.9944 -0.0223
vn -0.1034 0.9944 -0.0212
vn -0.1017 0.9943 0.0324
vn -0.1013 0.9944 0.0313
vn -0.1016 0.9943 0.0325
vn -0.1310 0.9893 -0.0644
vn -0.1304 0.9892 -0.0662
vn -0.1306 0.9893 -0.0656
vn -0.1268 0.9895 0.0691
vn -0.1268 0.9895 0.0692
vn -0.1272 0.9893 0.0710
vn -0.1182 0.9929 -0.0092
vn -0.1178 0.9930 -0.0107
vn -0.1183 0.9929 -0.0090
vn -0.1181 0.9863 0.1156
vn -0.1176 0.9865 0.1139
vn -0.1180 0.9863 0.1154
vn -0.1272 0.9912 0.0369
vn -0.1267 0.9913 0.0351
vn -0.1299 0.9769 0.1698
vn -0.1297 0.9770 0.1692
vn -0.1302 0.9766 0.1710
vn -0.1012 0.9921 0.0743
vn -0.1009 0.9922 0.0731
vn -0.1027 0.9867 0.1257
vn -0.1024 0.9869 0.1247
vn -0.1027 0.9867 0.1258
vn -0.0883 0.9961 0.0066
vn -0.0885 0.9960 0.0073
vn -0.0884 0.9961 0.0070
vn -0.1028 0.9871 0.1230
vn -0.1031 0.9869 0.1240
vn -0.1029 0.9870 0.1233
vn 0.4550 -0.8509 -0.2627
vn 0.2892 -0.9569 -0.0275
vn 0.3190 -0.9420 -0.1046
vn 0.3182 -0.9432 -0.0953
vn 0.3213 -0.9436 -0.0799
vn 0.2923 -0.9550 0.0505
vn 0.2639 -0.9439 -0.1987
vn 0.5145 -0.6300 0.5817
vn 0.3207 -0.7383 0.5934
vn 0.3203 -0.8685 0.3784
vn 0.3639 -0.7964 0.4831
vn 0.3626 -0.7886 0.4966
vn 0.3645 -0.7830 0.5040
vn 0.3265 -0.8324 0.4477
vn 0.2092 0.8357 -0.5077
vn 0.3933 0.9173 0.0615
vn 0.2138 0.8383 -0.5015
vn 0.4379 0.8907 0.1219
vn 0.4377 0.8909 0.1215
vn 0.2612 0.8523 -0.4532
vn 0.5380 0.8197 0.1967
vn 0.5067 0.4940 0.7066
vn 0.5404 0.8163 0.2039
vn 0.5293 0.4476 0.7207
vn 0.5287 0.4442 0.7233
vn 0.5743 0.7862 0.2281
vn 0.3415 -0.0000 0.9399
vn 0.3413 -0.0003 0.9400
vn 0.5679 0.4847 0.6652
vn 0.5598 0.4515 0.6948
vn 0.3326 -0.0431 0.9421
vn 0.5599 0.4528 0.6939
vn -0.0048 -0.5524 0.8336
vn 0.0202 -0.5769 0.8166
vn 0.3359 -0.0677 0.9395
vn 0.4327 0.0159 0.9014
vn 0.1125 -0.4827 0.8685
vn 0.4336 0.0184 0.9009
vn -0.2997 -0.8611 0.4106
vn -0.2979 -0.8607 0.4128
vn 0.0239 -0.5672 0.8232
vn -0.1145 -0.6788 0.7254
vn -0.4044 -0.8760 0.2627
vn -0.1071 -0.6698 0.7348
vn -0.6172 -0.7851 -0.0521
vn -0.6200 -0.5405 -0.5688
vn -0.6141 -0.7884 -0.0361
vn -0.5916 -0.7164 0.3697
vn -0.7112 -0.6821 -0.1700
vn -0.7133 -0.6783 -0.1765
vn -0.7328 -0.4706 -0.4915
vn -0.7328 -0.4693 -0.4927
vn -0.6993 -0.7148 0.0056
vn -0.8093 -0.5244 -0.2646
vn -0.7289 -0.1568 -0.6664
vn -0.8081 -0.5154 -0.2850
vn -0.6234 0.0136 -0.7818
vn -0.6177 0.0281 -0.7859
vn -0.7631 -0.4350 -0.4779
vn -0.4698 0.3494 -0.8107
vn -0.4711 0.3494 -0.8099
vn -0.6486 -0.1848 -0.7384
vn -0.2955 0.6866 -0.6643
vn -0.0397 0.9690 -0.2438
vn -0.0313 0.9658 -0.2575
vn -0.4295 0.2120 -0.8778
vn -0.1539 0.6822 -0.7148
vn -0.4315 0.2066 -0.8782
vn 0.0677 0.8447 0.5309
vn -0.0322 0.9969 0.0714
vn -0.0459 0.9985 0.0313
vn 0.0184 0.9096 0.4151
vn 0.0140 0.8915 0.4529
vn -0.1211 0.5531 0.8243
vn -0.2619 0.0376 0.9644
vn -0.2617 0.0380 0.9644
vn -0.4741 -0.4214 0.7730
vn -0.9035 -0.4260 0.0462
vn -0.7471 -0.3945 0.5350
vn -0.7476 -0.3950 0.5339
vn -0.9085 -0.4145 0.0521
vn -0.9001 -0.1683 -0.4018
vn -0.8614 0.0248 -0.5073
vn -0.8610 0.0260 -0.5079
vn -0.6265 0.4459 -0.6393
vn -0.5004 0.7552 -0.4235
vn -0.2610 0.9638 -0.0547
vn -0.5000 0.7557 -0.4229
vn -0.8677 -0.0256 -0.4965
vn -0.6786 0.4198 -0.6027
vn -0.8679 -0.0268 -0.4960
vn -0.2524 -0.6158 -0.7464
vn -0.3093 -0.8324 -0.4599
vn -0.3183 -0.8780 -0.3575
vn -0.4831 -0.1992 -0.8526
vn -0.6237 -0.6003 -0.5007
vn -0.5001 -0.2340 -0.8337
vn -0.7207 -0.0503 -0.6914
vn -0.7281 -0.0553 -0.6832
vn -0.7486 -0.0741 -0.6589
vn -0.7245 0.0226 -0.6889
vn -0.7273 0.0139 -0.6862
vn -0.7243 0.0206 -0.6891
vn -0.6352 -0.0454 -0.7710
vn -0.6352 -0.0457 -0.7710
vn -0.6352 -0.0452 -0.7710
vn -0.7286 -0.2892 -0.6209
vn -0.7284 -0.2897 -0.6209
vn -0.7276 -0.2921 -0.6208
vn -0.6231 -0.3714 -0.6883
vn -0.6248 -0.3671 -0.6891
vn -0.6263 -0.3629 -0.6900
vn -0.3805 -0.7709 -0.5108
vn -0.3782 -0.7754 -0.5057
vn -0.3731 -0.7827 -0.4981
vn -0.5155 -0.7548 -0.4056
vn -0.5285 -0.7452 -0.4067
vn -0.5393 -0.7352 -0.4106
vn 0.0875 -0.9951 -0.0451
vn 0.0866 -0.9953 -0.0427
vn 0.0846 -0.9957 -0.0368
vn -0.9295 0.1561 0.3342
vn 0.0232 -0.9487 0.3153
vn -0.0104 -0.9944 0.1052
vn -0.4779 0.3097 -0.8220
vn -0.4265 -0.7112 0.5587
vn -0.5524 0.1552 -0.8190
vn -0.5150 0.4543 -0.7269
vn -0.5162 0.4551 -0.7255
vn -0.5208 0.4573 -0.7208
vn -0.5460 0.6327 -0.5491
vn -0.5436 0.6326 -0.5517
vn -0.5459 0.6327 -0.5492
vn -0.2570 0.7962 -0.5477
vn -0.2612 0.7971 -0.5444
vn -0.2540 0.7953 -0.5504
vn -0.3434 -0.3761 0.8606
vn -0.3064 0.8649 -0.3975
vn -0.3208 0.8582 -0.4008
vn -0.1080 0.4084 0.9064
vn -0.0951 0.3631 0.9269
vn 0.4430 0.7548 -0.4838
vn 0.6857 -0.0297 0.7273
vn 0.6857 -0.0279 0.7274
vn 0.6677 -0.0043 0.7444
vn 0.6673 0.6752 0.3143
vn 0.6644 0.6796 0.3111
vn 0.6741 0.6767 0.2960
vn 0.7117 0.6105 0.3476
vn 0.7101 0.6130 0.3463
vn 0.7109 0.6117 0.3470
vn 0.5875 0.8092 -0.0073
vn 0.5879 0.8089 -0.0059
vn 0.5877 0.8090 -0.0066
vn 0.5608 0.8279 0.0079
vn 0.5607 0.8280 0.0073
vn 0.5605 0.8281 0.0065
vn 0.6959 0.7165 0.0478
vn 0.6918 0.7207 0.0445
vn 0.6946 0.7179 0.0466
vn 0.5759 0.8071 0.1298
vn 0.5774 0.8057 0.1321
vn 0.5767 0.8064 0.1309
vn 0.5002 0.8636 0.0628
vn 0.4989 0.8646 0.0592
vn 0.4995 0.8642 0.0608
vn 0.2703 0.8541 -0.4443
vn 0.4691 0.8793 0.0829
vn 0.4691 0.8793 0.0826
vn 0.4976 0.8614 -0.1017
vn 0.3255 0.8750 -0.3585
vn 0.5702 0.8088 0.1440
vn 0.2331 0.9375 -0.2584
vn 0.1478 0.9502 -0.2744
vn 0.3191 0.9472 0.0309
vn 0.6328 0.6563 0.4109
vn 0.6339 0.6545 0.4121
vn 0.6330 0.6560 0.4111
vn 0.3967 0.5683 0.7209
vn 0.3985 0.5632 0.7239
vn 0.3991 0.5610 0.7252
vn 0.6108 0.4764 0.6325
vn 0.6121 0.4735 0.6333
vn 0.6113 0.4752 0.6329
vn 0.3963 -0.0586 0.9163
vn 0.3958 -0.0594 0.9164
vn 0.3953 -0.0600 0.9166
vn 0.5488 0.3158 0.7740
vn 0.3749 -0.0361 0.9264
vn 0.3735 -0.0381 0.9268
vn 0.4650 0.1025 0.8793
vn 0.3732 -0.0650 0.9255
vn 0.5454 0.2929 0.7853
vn 0.4976 0.4883 0.7169
vn 0.3961 0.1415 0.9072
vn 0.4640 0.3329 0.8209
vn 0.2136 0.3819 0.8992
vn 0.0881 -0.0071 0.9961
vn 0.2139 0.3828 0.8987
vn -0.5849 -0.2765 0.7625
vn -0.6198 0.3599 -0.6974
vn -0.6504 0.3785 -0.6586
vn -0.6828 0.4373 -0.5853
vn -0.6834 0.3959 -0.6134
vn -0.7075 -0.5452 0.4496
vn -0.0445 0.4482 0.8928
vn 0.8386 0.5315 0.1189
vn -0.0877 0.4277 0.8996
vn -0.7299 -0.5220 -0.4412
vn -0.7297 -0.5091 -0.4564
vn -0.2378 -0.7569 -0.6088
vn -0.3608 -0.8107 -0.4611
vn -0.3658 -0.8074 -0.4629
vn -0.4739 0.2355 -0.8485
vn -0.3943 -0.8787 -0.2690
vn -0.3945 -0.8787 -0.2688
vn -0.3937 -0.8789 -0.2694
vn 0.1324 -0.9696 -0.2057
vn 0.1352 -0.9690 -0.2066
vn 0.1329 -0.9695 -0.2059
vn -0.0048 -0.9522 -0.3054
vn -0.0025 -0.9520 -0.3061
vn -0.0024 -0.9520 -0.3061
vn 0.2160 0.3001 0.9291
vn 0.0405 -0.0542 0.9977
vn 0.2151 0.2956 0.9308
vn 0.0620 -0.5139 0.8556
vn 0.1342 -0.4070 0.9035
vn 0.3308 -0.0678 0.9413
vn -0.2605 -0.8914 0.3709
vn -0.2498 -0.8839 0.3954
vn -0.0074 -0.5870 0.8096
vn -0.3768 -0.8520 0.3635
vn -0.3539 -0.8402 0.4109
vn -0.3602 -0.8438 0.3977
vn -0.6598 -0.6274 -0.4135
vn -0.6461 -0.6364 -0.4213
vn -0.6955 -0.6039 -0.3893
vn -0.7337 -0.6778 -0.0475
vn -0.7353 -0.6760 -0.0488
vn -0.7344 -0.6775 -0.0399
vn -0.7440 -0.4617 -0.4830
vn -0.7460 -0.4579 -0.4836
vn -0.7463 -0.4650 -0.4762
vn -0.8010 -0.4115 -0.4348
vn -0.8007 -0.4121 -0.4348
vn -0.8009 -0.4117 -0.4348
vn 0.0748 -0.5129 0.8552
vn 0.0507 -0.5612 0.8261
vn 0.1612 -0.3990 0.9027
vn 0.0603 -0.5198 0.8522
vn 0.0606 -0.5224 0.8506
vn 0.0875 -0.4797 0.8731
vn -0.2771 -0.8566 0.4352
vn -0.2751 -0.8570 0.4358
vn -0.2495 -0.8393 0.4830
vn -0.3442 -0.8094 0.4758
vn -0.3460 -0.8075 0.4777
vn -0.3446 -0.8090 0.4762
vn -0.5402 -0.8277 0.1521
vn -0.5402 -0.8281 0.1496
vn -0.5402 -0.8279 0.1508
vn -0.6284 -0.7548 0.1879
vn -0.6287 -0.7532 0.1935
vn -0.6287 -0.7538 0.1911
vn -0.7339 -0.6777 -0.0451
vn -0.7328 -0.6789 -0.0445
vn -0.7333 -0.6784 -0.0448
vn -0.1366 -0.9394 0.3145
vn -0.1374 -0.9386 0.3164
vn -0.1381 -0.9379 0.3182
vn -0.0354 -0.8664 0.4980
vn -0.0330 -0.8682 0.4952
vn -0.0316 -0.8691 0.4936
vn 0.0713 -0.8536 0.5160
vn 0.0742 -0.8554 0.5125
vn 0.0744 -0.8556 0.5123
vn 0.2914 -0.5732 0.7659
vn 0.2872 -0.5723 0.7681
vn 0.2863 -0.5720 0.7687
vn 0.0785 -0.5857 0.8067
vn 0.0664 -0.5825 0.8101
vn 0.0741 -0.5848 0.8078
vn 0.6845 -0.0400 0.7279
vn 0.6846 -0.0428 0.7277
vn 0.6846 -0.0425 0.7277
vn 0.6669 -0.0424 0.7439
vn 0.6671 -0.0410 0.7439
vn 0.6668 -0.0435 0.7440
vn 0.6396 0.3812 0.6676
vn 0.6382 0.3845 0.6669
vn 0.6390 0.3827 0.6673
vn 0.6116 0.6909 0.3855
vn 0.5731 0.4242 0.7012
vn 0.5687 0.4175 0.7087
vn 0.5855 0.7673 0.2616
vn 0.5924 0.7088 0.3830
vn 0.5518 0.4385 0.7094
vn 0.5590 0.7997 0.2189
vn 0.5571 0.7326 0.3910
vn 0.5576 0.7883 0.2602
vn 0.5284 0.8251 0.2001
vn 0.5296 0.8224 0.2077
vn 0.5297 0.8116 0.2464
vn 0.2375 0.8488 -0.4725
vn 0.2385 0.8499 -0.4699
vn 0.2527 0.8647 -0.4342
vn -0.1564 -0.7951 0.5860
vn -0.1572 -0.7944 0.5867
vn -0.1573 -0.7943 0.5868
vn 0.1252 -0.5629 0.8170
vn 0.1257 -0.5631 0.8168
vn 0.1248 -0.5627 0.8172
vn 0.2065 -0.5080 0.8362
vn 0.2023 -0.5070 0.8379
vn 0.2038 -0.5074 0.8373
vn 0.1024 -0.6090 0.7865
vn 0.0959 -0.6071 0.7888
vn 0.1066 -0.6099 0.7853
vn -0.2712 0.9575 -0.0980
vn 0.1299 -0.4225 0.8970
vn 0.1802 -0.4328 0.8833
vn -0.1881 -0.6717 0.7165
vn -0.7900 0.5767 -0.2081
vn -0.2208 -0.6998 0.6793
vn -0.6590 -0.6056 -0.4460
vn -0.5837 -0.8109 0.0415
vn -0.6391 -0.6040 -0.4761
vn -0.6051 -0.7567 0.2474
vn -0.6176 -0.7569 0.2135
vn -0.7164 -0.6315 -0.2966
vn -0.0646 -0.6038 0.7945
vn -0.0479 -0.5848 0.8098
vn -0.3257 -0.8360 0.4417
vn -0.3575 0.4694 -0.8074
vn -0.3565 0.4689 -0.8081
vn -0.3782 0.4344 -0.8175
vn -0.3192 0.4488 -0.8347
vn -0.3193 0.4488 -0.8346
vn -0.3189 0.4488 -0.8348
vn -0.5501 0.2722 -0.7895
vn -0.3056 0.7339 -0.6066
vn -0.5487 0.2755 -0.7893
vn -0.4325 0.6784 -0.5939
vn -0.3315 0.8043 -0.4932
vn -0.5928 0.4156 -0.6898
vn 0.0127 0.7663 -0.6424
vn -0.0096 0.7416 -0.6707
vn -0.1194 0.6007 -0.7905
vn 0.0074 0.9093 -0.4161
vn -0.0154 0.8917 -0.4524
vn 0.0002 0.9089 -0.4171
vn 0.1143 0.8682 -0.4828
vn 0.1148 0.8678 -0.4835
vn 0.1153 0.8674 -0.4841
vn 0.0654 0.7915 -0.6076
vn 0.0617 0.7940 -0.6047
vn 0.0629 0.7933 -0.6056
vn 0.1769 0.7270 -0.6635
vn 0.1723 0.7309 -0.6604
vn 0.1758 0.7280 -0.6626
vn 0.2271 -0.7713 -0.5946
vn 0.2750 -0.8167 -0.5073
vn 0.1874 -0.6752 -0.7134
vn 0.8744 -0.0838 -0.4780
vn 0.8742 -0.0864 -0.4778
vn 0.8994 -0.1533 -0.4094
vn 0.5624 -0.7038 0.4340
vn -0.1605 -0.9869 -0.0143
vn -0.1597 -0.9871 -0.0146
vn 0.2863 -0.8945 0.3434
vn -0.1735 -0.9845 -0.0236
vn 0.5191 -0.7276 0.4484
vn 0.8915 0.4312 0.1387
vn 0.8540 0.1713 0.4912
vn 0.8866 0.4388 0.1464
vn 0.5303 0.8132 0.2397
vn 0.5314 0.8147 0.2323
vn 0.6541 0.2173 0.7245
vn 0.0374 0.9184 0.3940
vn 0.0362 0.9183 0.3942
vn 0.0349 0.9182 0.3945
vn -0.1122 0.8041 0.5838
vn -0.1108 0.8041 0.5840
vn -0.1151 0.8041 0.5832
vn -0.6227 0.4160 0.6628
vn -0.6228 0.4160 0.6626
vn -0.6223 0.4158 0.6632
vn -0.5595 0.7882 -0.2563
vn -0.5603 0.7878 -0.2557
vn -0.5579 0.7889 -0.2578
vn -0.8023 0.5346 -0.2654
vn -0.8015 0.5351 -0.2668
vn -0.8747 0.4794 -0.0715
vn -0.8451 0.5299 -0.0707
vn -0.8450 0.5300 -0.0716
vn -0.9908 -0.1254 -0.0500
vn -0.9835 -0.1805 -0.0076
vn -0.9908 -0.1277 -0.0441
vn -0.8576 -0.4934 0.1452
vn -0.9791 -0.1534 -0.1333
vn -0.9810 -0.0750 -0.1791
vn -0.8448 -0.5150 0.1453
vn -0.8847 -0.4587 0.0827
vn -0.9735 -0.0366 -0.2259
vn -0.7818 0.4986 0.3744
vn -0.7815 0.4992 0.3743
vn -0.8192 0.4200 0.3905
vn -0.8192 0.4201 0.3905
vn -0.8187 0.4210 0.3905
vn -0.9645 0.2534 -0.0745
vn -0.9652 0.2521 -0.0692
vn -0.9649 0.2527 -0.0710
vn -0.9840 -0.1780 -0.0082
vn -0.9839 -0.1786 -0.0107
vn -0.9840 -0.1780 -0.0081
vn -0.6465 -0.7242 -0.2402
vn -0.1352 -0.9685 0.2090
vn -0.1268 -0.9647 0.2309
vn -0.6499 -0.7270 -0.2216
vn -0.2352 -0.9395 0.2490
vn -0.6484 -0.7288 -0.2201
vn -0.6471 -0.7525 -0.1229
vn -0.6479 -0.7519 -0.1219
vn -0.6460 -0.7532 -0.1241
vn -0.9189 -0.3285 -0.2185
vn -0.9177 -0.3296 -0.2216
vn -0.9205 -0.3270 -0.2137
vn -0.9114 -0.1096 -0.3967
vn -0.9109 -0.1098 -0.3978
vn -0.9111 -0.1097 -0.3973
vn -0.8551 0.2933 -0.4275
vn -0.8550 0.2934 -0.4277
vn -0.8539 0.2936 -0.4297
vn 0.1345 0.8149 -0.5637
vn 0.6860 -0.7275 -0.0162
vn 0.1256 0.8112 -0.5711
vn 0.5874 -0.7990 -0.1292
vn 0.5851 -0.8002 -0.1318
vn 0.0218 0.8111 -0.5845
vn 0.5711 0.8048 0.1618
vn 0.9958 0.0306 0.0864
vn 0.5629 0.8145 0.1402
vn 0.9821 -0.1616 -0.0972
vn 0.9816 -0.1638 -0.0977
vn 0.3909 0.9180 0.0668
vn 0.7523 0.6541 0.0786
vn 0.7426 0.6662 0.0686
vn 0.6323 0.3122 0.7091
vn 0.7280 0.6821 0.0688
vn 0.7288 0.6814 0.0678
vn 0.7314 0.6790 0.0636
vn 0.3207 0.9434 0.0845
vn 0.3218 0.9431 0.0838
vn 0.3222 0.9430 0.0835
vn 0.3159 0.9486 -0.0182
vn 0.3148 0.9490 -0.0174
vn 0.3172 0.9482 -0.0191
vn 0.2656 0.9639 0.0189
vn 0.2690 0.9629 0.0216
vn 0.2696 0.9628 0.0211
vn -0.3068 0.8931 -0.3290
vn 0.2507 0.9558 0.1536
vn 0.2370 0.9602 0.1479
vn -0.4388 0.8709 -0.2214
vn -0.5052 0.8291 -0.2396
vn -0.0437 0.9728 0.2273
vn -0.7383 0.6732 -0.0417
vn -0.4745 0.8783 0.0589
vn -0.4499 0.8895 0.0798
vn -0.3169 0.9357 -0.1547
vn -0.6029 0.7493 -0.2739
vn -0.2506 0.9616 -0.1118
vn 0.5998 -0.7888 -0.1345
vn 0.6016 -0.7872 -0.1356
vn 0.6006 -0.7881 -0.1349
vn 0.6653 -0.7446 -0.0550
vn 0.6671 -0.7429 -0.0565
vn 0.6667 -0.7432 -0.0563
vn 0.9761 -0.1577 -0.1493
vn 0.9763 -0.1579 -0.1480
vn 0.9875 0.1540 0.0350
vn 0.9876 0.1535 0.0330
vn 0.9877 0.1533 0.0321
vn 0.7299 0.6803 0.0674
vn 0.7296 0.6805 0.0679
vn 0.7289 0.6811 0.0689
vn 0.7348 0.6783 -0.0041
vn 0.7350 0.6780 -0.0044
vn 0.7354 0.6776 -0.0050
vn 0.6650 -0.7388 -0.1089
vn 0.9697 -0.2130 -0.1196
vn 0.6757 -0.7298 -0.1041
vn 0.9537 -0.2386 -0.1833
vn 0.9297 -0.3379 -0.1464
vn 0.5948 -0.7763 -0.2087
vn 0.9691 0.2375 -0.0662
vn 0.4283 0.6796 -0.5956
vn 0.9679 0.2494 -0.0318
vn 0.8076 0.5747 -0.1324
vn 0.6585 0.6298 -0.4120
vn 0.9917 0.0256 0.1260
vn 0.6390 0.7022 -0.3140
vn 0.6864 0.6797 -0.2585
vn 0.8163 0.3843 0.4313
vn 0.4995 0.7375 -0.4546
vn 0.7256 0.6683 -0.1640
vn 0.6939 0.6893 -0.2082
vn 0.8095 0.5860 -0.0353
vn 0.3264 0.8725 -0.3637
vn 0.4699 0.8763 -0.1061
vn 0.0127 0.8586 0.5125
vn 0.0744 0.8611 0.5030
vn 0.6332 0.5167 0.5763
vn -0.1037 0.8118 0.5746
vn -0.1832 0.7962 0.5766
vn -0.0539 0.4318 0.9003
vn 0.0822 0.8357 -0.5430
vn 0.0829 0.8352 -0.5436
vn 0.0841 0.8343 -0.5448
vn 0.0787 0.7913 -0.6063
vn 0.0776 0.7922 -0.6054
vn 0.0789 0.7912 -0.6065
vn 0.1777 0.7285 -0.6616
vn 0.1759 0.7299 -0.6605
vn 0.1760 0.7298 -0.6606
vn 0.6919 0.7036 -0.1619
vn 0.6915 0.7038 -0.1626
vn 0.6913 0.7040 -0.1630
vn 0.5011 0.6703 -0.5474
vn 0.7758 0.5491 -0.3109
vn 0.4939 0.6752 -0.5479
vn 0.6523 0.5905 -0.4751
vn 0.8431 0.4495 -0.2953
vn 0.6648 0.5275 -0.5290
vn 0.9344 0.3559 -0.0121
vn 0.9403 0.3403 -0.0044
vn 0.9418 0.3360 -0.0078
vn 0.9133 -0.3211 -0.2505
vn 0.9255 -0.2637 -0.2719
vn 0.9261 -0.2532 -0.2798
vn 0.8432 0.5287 -0.0978
vn 0.4760 0.6347 -0.6088
vn 0.2668 0.5809 -0.7690
vn 0.6580 0.6053 0.4480
vn 0.6189 0.7837 0.0527
vn 0.6324 0.6429 0.4322
vn 0.7718 0.6343 0.0438
vn 0.7705 0.6357 0.0460
vn 0.7713 0.6349 0.0446
vn 0.9873 0.1573 0.0214
vn 0.9873 0.1572 0.0213
vn 0.9874 0.1571 0.0206
vn -0.0602 0.9944 0.0863
vn 0.3655 0.9044 0.2200
vn 0.5759 0.6130 0.5409
vn -0.4232 0.8777 0.2248
vn 0.0124 0.8172 0.5762
vn -0.1132 0.8843 0.4529
vn -0.2217 0.9274 0.3012
vn -0.2210 0.9276 0.3011
vn 0.0836 0.8858 0.4564
vn 0.4849 0.8744 0.0175
vn 0.4856 0.8740 0.0194
vn 0.4862 0.8736 0.0218
vn 0.5764 0.8091 0.1147
vn 0.5764 0.8091 0.1146
vn 0.5766 0.8088 0.1154
vn 0.1536 0.9879 -0.0222
vn 0.1485 0.9887 -0.0190
vn 0.1492 0.9886 -0.0194
vn -0.3676 0.9273 -0.0712
vn -0.3685 0.9269 -0.0706
vn -0.3697 0.9265 -0.0699
vn -0.7168 0.6859 0.1255
vn -0.6812 0.7190 0.1379
vn -0.6812 0.7191 0.1374
vn -0.9242 0.3263 -0.1986
vn -0.6495 0.7420 -0.1658
vn -0.6959 0.6949 -0.1810
vn -0.9395 -0.0216 -0.3420
vn -0.6563 0.5669 -0.4979
vn -0.8957 0.0721 -0.4388
vn -0.4268 0.9043 -0.0029
vn -0.4235 0.9059 -0.0060
vn -0.8247 0.5374 -0.1763
vn -0.8217 0.3935 -0.4123
vn -0.4400 0.8636 -0.2461
vn -0.8141 0.4086 -0.4126
vn -0.3776 0.1124 -0.9191
vn -0.3211 0.2113 -0.9232
vn -0.3169 0.2176 -0.9232
vn -0.3941 0.4243 -0.8153
vn -0.3946 0.4236 -0.8154
vn 0.0926 -0.9727 -0.2128
vn -0.3708 0.3801 -0.8474
vn -0.3706 0.3802 -0.8474
vn -0.3717 0.3799 -0.8471
vn -0.2521 0.4282 -0.8678
vn -0.2512 0.4282 -0.8681
vn -0.2497 0.4282 -0.8685
vn -0.1220 0.3294 -0.9363
vn -0.1245 0.3296 -0.9359
vn -0.1212 0.3294 -0.9364
vn -0.1305 0.3299 -0.9350
vn -0.1272 0.3293 -0.9356
vn -0.1251 0.3289 -0.9360
vn -0.3178 0.4556 -0.8315
vn -0.3182 0.4556 -0.8314
vn -0.3168 0.4556 -0.8319
vn -0.6851 -0.1004 -0.7215
vn -0.6851 -0.1008 -0.7215
vn -0.6849 -0.1019 -0.7215
vn 0.1282 -0.9670 -0.2201
vn -0.3502 0.5062 -0.7881
vn 0.1307 -0.9667 -0.2198
vn -0.5694 0.3101 -0.7613
vn -0.5725 0.3059 -0.7607
vn -0.1008 -0.9392 -0.3282
vn 0.4675 0.7403 -0.4831
vn 0.4809 0.7443 -0.4634
vn 0.8617 0.4059 0.3044
vn 0.3866 -0.9177 -0.0912
vn 0.4008 -0.9109 -0.0982
vn 0.3861 -0.9180 -0.0910
vn -0.5227 -0.8407 -0.1417
vn -0.5323 -0.8336 -0.1478
vn -0.5293 -0.8358 -0.1456
vn -0.7945 -0.1282 -0.5936
vn -0.7938 -0.1306 -0.5940
vn -0.7941 -0.1294 -0.5939
vn -0.4732 -0.3247 -0.8190
vn -0.4723 -0.3292 -0.8176
vn -0.4735 -0.3224 -0.8197
vn -0.5357 -0.1965 -0.8212
vn -0.5354 -0.1994 -0.8207
vn -0.5355 -0.1985 -0.8209
vn -0.4227 0.1578 -0.8924
vn -0.4225 0.1580 -0.8925
vn -0.4228 0.1577 -0.8924
vn -0.4044 0.2747 -0.8724
vn -0.4039 0.2750 -0.8725
vn -0.4046 0.2745 -0.8723
vn -0.1017 -0.0230 -0.9945
vn -0.1031 -0.0236 -0.9944
vn -0.0987 -0.0220 -0.9949
vn -0.0704 0.2212 -0.9727
vn -0.0082 0.3691 -0.9294
vn 0.1761 -0.2459 0.9532
vn 0.1808 -0.2459 0.9523
vn 0.1775 -0.2444 0.9533
vn 0.1627 -0.3262 0.9312
vn 0.1665 -0.3276 0.9300
vn 0.1615 -0.3233 0.9324
vn 0.6761 -0.7272 -0.1185
vn 0.2413 -0.9378 -0.2494
vn 0.6871 -0.6833 -0.2471
vn 0.2363 -0.9354 -0.2631
vn 0.2440 -0.9223 -0.2997
vn 0.6938 -0.6747 -0.2518
vn 0.8419 -0.3873 -0.3758
vn 0.9111 0.3852 0.1469
vn 0.8785 -0.4186 -0.2304
vn 0.9268 0.3727 0.0470
vn 0.9311 0.2733 0.2416
vn 0.8284 -0.5013 -0.2500
vn 0.0953 -0.1092 0.9894
vn 0.1273 -0.0501 0.9906
vn 0.1257 -0.0474 0.9909
vn 0.0520 -0.2353 0.9705
vn 0.1147 -0.1854 0.9759
vn 0.0509 -0.2345 0.9708
vn 0.9362 0.3504 0.0269
vn 0.9417 0.3343 0.0373
vn -0.1307 0.3191 -0.9387
vn -0.2190 0.3028 -0.9276
vn -0.1359 0.3230 -0.9366
vn -0.2374 0.3481 -0.9069
vn -0.2401 0.3634 -0.9002
vn -0.0903 0.4045 -0.9101
vn 0.0671 -0.2706 0.9604
vn 0.0996 -0.2346 0.9670
vn 0.0694 -0.2788 0.9578
vn 0.1464 -0.1989 0.9690
vn 0.1069 -0.2204 0.9695
vn 0.0867 -0.2640 0.9606
vn -0.4857 0.8692 0.0927
vn -0.8349 0.5412 0.0997
vn -0.4829 0.8709 0.0911
vn -0.7789 0.5844 0.2277
vn -0.7766 0.5767 0.2536
vn -0.3799 0.8866 0.2637
vn 0.5371 -0.7733 -0.3368
vn 0.5714 -0.7613 -0.3066
vn -0.1067 0.3116 -0.9442
vn -0.1433 0.2605 -0.9548
vn -0.1932 0.2350 -0.9526
vn -0.1494 0.3084 -0.9394
vn -0.1780 0.2428 -0.9536
vn -0.1628 0.2989 -0.9403
vn -0.7546 -0.6391 -0.1491
vn -0.7531 -0.6162 -0.2306
vn -0.7331 -0.6426 -0.2228
vn -0.7352 -0.6398 -0.2240
vn -0.8937 -0.4288 -0.1322
vn -0.9992 0.0342 0.0192
vn -0.8991 -0.4110 -0.1505
vn -0.9955 0.0128 0.0940
vn -0.9964 0.0154 0.0832
vn -0.8861 -0.4613 -0.0452
vn -0.3548 0.4553 -0.8166
vn -0.2105 0.4779 -0.8528
vn -0.3560 0.4441 -0.8223
vn -0.2869 0.4719 -0.8336
vn -0.2823 0.4422 -0.8513
vn -0.2855 0.4431 -0.8498
vn 0.2794 -0.0211 0.9600
vn 0.1897 -0.0058 0.9818
vn 0.1938 -0.0071 0.9810
vn 0.2489 -0.1499 0.9569
vn 0.2623 -0.1029 0.9595
vn 0.2466 -0.1560 0.9565
vn 0.1010 -0.9260 -0.3637
vn 0.2207 -0.8867 -0.4062
vn 0.8888 -0.3763 -0.2615
vn 0.8279 -0.4137 -0.3786
vn 0.8571 -0.5051 -0.1010
vn 0.1781 -0.9123 -0.3688
vn 0.9641 -0.0689 -0.2565
vn 0.9637 -0.0697 -0.2576
vn 0.8148 0.5669 0.1212
vn 0.8078 -0.4316 -0.4016
vn 0.8260 0.5618 -0.0458
vn 0.7608 -0.5011 -0.4123
vn 0.7412 -0.3549 -0.5699
vn 0.8006 0.5978 0.0406
vn -0.2537 -0.9409 -0.2245
vn -0.2629 -0.9367 -0.2311
vn -0.9265 -0.3515 0.1342
vn -0.6924 -0.7197 -0.0516
vn -0.6876 -0.7254 -0.0313
vn -0.2239 0.8482 0.4801
vn -0.8822 0.1183 0.4557
vn -0.3805 0.7801 0.4967
vn -0.9541 0.1349 0.2675
vn -0.9451 0.1231 0.3027
vn -0.2945 0.8635 0.4095
vn -0.6798 -0.7325 -0.0350
vn -0.9272 -0.3575 0.1113
vn -0.9276 -0.3571 0.1100
vn 0.1671 -0.3069 0.9370
vn 0.2162 -0.3253 0.9206
vn 0.1868 -0.2996 0.9356
vn 0.1722 -0.2813 0.9440
vn 0.1686 -0.3763 0.9110
vn 0.1712 -0.2641 0.9492
vn 0.5029 0.8514 0.1492
vn 0.8187 0.5709 -0.0614
vn 0.5006 0.8538 0.1431
vn 0.8300 0.5578 -0.0053
vn 0.7918 0.5986 -0.1216
vn 0.4964 0.8562 0.1431
vn 0.2535 -0.2229 0.9413
vn 0.3121 -0.3582 0.8799
vn 0.2860 -0.3277 0.9005
vn 0.2854 -0.3277 0.9006
vn -0.1544 0.1650 -0.9741
vn -0.1532 0.1650 -0.9743
vn -0.1958 0.1684 -0.9661
vn -0.2107 0.3564 -0.9103
vn -0.2604 0.3213 -0.9105
vn -0.2761 0.3307 -0.9024
vn -0.2750 0.3774 -0.8843
vn -0.3142 0.2120 -0.9254
vn -0.3425 0.2360 -0.9094
vn -0.3167 0.2167 -0.9234
vn -0.5711 0.2642 -0.7772
vn -0.4993 0.1741 -0.8488
vn -0.5101 0.1254 -0.8509
vn -0.4435 0.3807 -0.8114
vn -0.4052 0.2914 -0.8665
vn -0.4642 0.3540 -0.8119
vn 0.7088 -0.4007 -0.5805
vn 0.8953 0.3619 -0.2598
vn 0.6425 -0.5212 -0.5617
vn 0.6338 0.7526 -0.1784
vn 0.8642 0.4727 -0.1725
vn 0.7546 -0.1989 -0.6254
vn 0.7545 -0.4729 -0.4551
vn 0.1791 -0.8243 -0.5371
vn 0.6973 -0.4024 -0.5932
vn 0.1586 -0.8915 -0.4244
vn 0.1335 -0.8726 -0.4698
vn 0.6933 -0.5059 -0.5133
vn 0.4080 -0.3327 0.8502
vn 0.5036 -0.0805 0.8602
vn 0.4404 -0.1280 0.8886
vn 0.4520 -0.2551 0.8548
vn 0.4211 -0.2038 0.8838
vn 0.4470 -0.2536 0.8578
vn 0.3613 -0.2800 0.8894
vn 0.4321 -0.2421 0.8687
vn 0.4193 -0.2344 0.8771
vn 0.3576 -0.3510 0.8654
vn 0.4338 -0.3052 0.8477
vn 0.3465 -0.3534 0.8689
vn -0.3472 0.1564 -0.9247
vn -0.2886 0.1277 -0.9489
vn -0.3178 0.1756 -0.9317
vn -0.3650 0.3161 -0.8757
vn 0.5343 -0.1108 0.8380
vn 0.5335 -0.1244 0.8366
vn -0.1810 0.7294 0.6597
vn -0.6193 0.2806 0.7333
vn -0.1758 0.7320 0.6583
vn -0.8047 0.2738 0.5268
vn -0.7888 0.2653 0.5544
vn -0.3737 0.7637 0.5265
vn -0.8414 0.1660 0.5143
vn -0.5628 -0.8023 0.1990
vn -0.8321 0.1618 0.5304
vn -0.5945 -0.7939 0.1276
vn -0.5737 -0.8017 0.1676
vn -0.8493 0.1646 0.5016
vn -0.5032 -0.8611 0.0726
vn -0.5100 -0.8573 0.0696
vn -0.4966 0.3930 -0.7739
vn -0.4165 0.4594 -0.7845
vn -0.4888 0.3924 -0.7792
vn -0.4286 0.4925 -0.7575
vn -0.4483 0.4781 -0.7553
vn -0.4387 0.4345 -0.7866
vn 0.6598 0.7182 -0.2210
vn 0.6612 0.7154 -0.2257
vn 0.9106 -0.0212 -0.4127
vn 0.7125 0.6715 -0.2035
vn 0.7247 -0.4536 -0.5187
vn 0.7366 -0.4439 -0.5103
vn -0.4910 -0.7617 -0.4227
vn -0.8382 -0.4750 -0.2678
vn -0.7697 -0.5702 -0.2871
vn -0.8938 -0.4482 -0.0171
vn -0.8974 -0.4351 -0.0731
vn -0.6364 -0.7097 -0.3022
vn -0.5181 0.8529 0.0646
vn -0.8653 0.4580 0.2037
vn -0.5385 0.8400 0.0667
vn -0.6508 0.7513 0.1099
vn -0.8601 0.4791 0.1753
vn -0.4941 0.8663 0.0731
vn 0.0501 0.0091 -0.9987
vn 0.0346 -0.0087 -0.9994
vn 0.0343 -0.0089 -0.9994
vn 0.0768 0.0985 -0.9922
vn 0.0787 0.0669 -0.9947
vn 0.0769 0.0984 -0.9922
vn -0.1071 0.1601 -0.9813
vn -0.1518 0.1373 -0.9788
vn -0.0563 0.2546 -0.9654
vn -0.1758 0.0877 -0.9805
vn -0.1740 0.0885 -0.9808
vn -0.1445 0.1241 -0.9817
vn -0.1612 0.0922 -0.9826
vn -0.2029 -0.0147 -0.9791
vn -0.2580 -0.0501 -0.9648
vn -0.0635 0.1838 -0.9809
vn -0.1188 0.0687 -0.9905
vn -0.0655 0.1861 -0.9803
vn 0.9386 -0.0755 0.3365
vn 0.9467 -0.1625 0.2782
vn 0.9386 -0.0757 0.3367
vn 0.9654 0.2599 0.0199
vn 0.9635 0.2677 -0.0092
vn 0.9346 0.3530 0.0444
vn 0.1112 0.0454 0.9928
vn 0.0532 -0.0770 0.9956
vn 0.0557 -0.0994 0.9935
vn 0.0672 -0.0046 0.9977
vn 0.1361 -0.1171 0.9838
vn 0.0759 0.0140 0.9970
vn -0.2638 0.9620 -0.0709
vn 0.0286 0.9994 -0.0173
vn 0.0474 0.9966 -0.0678
vn 0.6036 -0.7746 0.1887
vn 0.6036 -0.7745 0.1889
vn 0.6813 -0.6025 0.4158
vn 0.6949 -0.7132 0.0921
vn 0.2013 -0.9793 0.0211
vn 0.7338 -0.6716 -0.1028
vn 0.2675 -0.9556 -0.1237
vn 0.2707 -0.9560 -0.1130
vn 0.7646 -0.6118 -0.2027
vn 0.9842 -0.1741 -0.0307
vn 0.6902 -0.7174 -0.0944
vn 0.9823 -0.1764 -0.0628
vn 0.7547 -0.6479 -0.1030
vn 0.7344 -0.6039 -0.3097
vn 0.9944 -0.0738 -0.0750
vn -0.9981 0.0120 0.0606
vn -0.9069 0.4127 0.0855
vn -0.9983 0.0129 0.0561
vn -0.9901 0.0908 0.1073
vn -0.8997 0.4210 0.1152
vn -0.9953 0.0186 0.0949
vn 0.2122 -0.4513 0.8668
vn 0.2029 -0.4554 0.8668
vn 0.2101 -0.4527 0.8666
vn -0.2904 0.4494 -0.8448
vn -0.2337 0.2732 -0.9331
vn -0.2942 0.2780 -0.9144
vn 0.1290 -0.0765 0.9887
vn 0.0604 -0.1778 0.9822
vn 0.0605 -0.1778 0.9822
vn 0.0529 -0.1567 0.9862
vn 0.0491 -0.1721 0.9839
vn 0.1249 -0.0615 0.9903
vn 0.4114 0.8270 0.3831
vn 0.2691 0.8488 0.4551
vn 0.4820 0.7977 0.3624
vn -0.2287 0.8750 0.4268
vn -0.2510 0.8817 0.3994
vn -0.1362 0.8743 0.4659
vn 0.3582 0.8785 -0.3160
vn 0.4554 0.7839 -0.4220
vn 0.2949 0.8470 -0.4422
vn -0.6762 0.4536 -0.5805
vn -0.5477 0.3946 -0.7378
vn -0.7048 0.4950 -0.5082
vn -0.8607 0.3281 -0.3892
vn -0.6811 0.4479 -0.5793
vn -0.8480 0.3326 -0.4127
vn -0.7781 0.2992 -0.5524
vn -0.9306 0.2585 -0.2592
vn -0.9208 0.2689 -0.2823
vn 0.0238 0.9715 0.2358
vn 0.3640 0.9136 0.1811
vn 0.4160 0.9076 -0.0567
vn 0.3191 0.9405 0.1164
vn 0.3200 0.9403 0.1159
vn -0.2777 0.8807 -0.3838
vn -0.3781 0.9073 -0.1838
vn -0.2766 0.9416 -0.1919
vn -0.5595 -0.4817 -0.6745
vn -0.5682 -0.4796 -0.6687
vn -0.3579 -0.4599 -0.8126
vn -0.4843 -0.8671 -0.1163
vn -0.4995 -0.8466 -0.1837
vn -0.4997 -0.8461 -0.1853
vn 0.1261 -0.9912 0.0393
vn 0.2903 -0.9466 -0.1400
vn 0.2199 -0.9749 -0.0341
vn 0.4040 -0.9101 0.0920
vn 0.4865 -0.8688 0.0920
vn 0.2271 -0.9153 0.3327
vn 0.5968 -0.7642 0.2445
vn 0.6447 -0.7624 0.0556
vn 0.4363 -0.7629 0.4771
vn 0.7675 0.0679 0.6375
vn 0.8708 0.1175 0.4773
vn 0.6980 0.0515 0.7142
vn -0.4464 -0.8751 -0.1869
vn -0.4529 -0.8595 -0.2368
vn -0.4464 -0.8752 -0.1865
vn -0.3079 -0.8584 -0.4103
vn -0.3314 -0.8773 -0.3471
vn -0.3145 -0.9084 -0.2755
vn -0.3373 -0.8795 -0.3357
vn -0.3333 -0.8794 -0.3399
vn -0.3899 -0.8950 -0.2166
vn 0.0687 -0.9269 -0.3690
vn -0.1173 -0.9467 -0.3001
vn -0.1162 -0.9438 -0.3094
vn -0.3068 0.8756 0.3731
vn -0.3082 0.8745 0.3745
vn -0.0908 0.9072 0.4109
vn -0.0438 -0.8970 -0.4398
vn -0.0470 -0.8975 -0.4384
vn -0.2575 -0.8638 -0.4330
vn -0.1930 -0.7934 -0.5773
vn -0.2583 -0.7833 -0.5655
vn -0.6768 -0.2180 0.7031
vn -0.6343 -0.2104 0.7439
vn -0.0235 -0.3104 0.9503
vn -0.8444 -0.0548 0.5329
vn -0.8495 -0.0798 0.5215
vn 0.5091 -0.0876 0.8562
vn -0.3474 0.2021 0.9157
vn 0.5073 -0.1230 0.8529
vn 0.4004 -0.2965 0.8671
vn 0.4083 -0.1514 0.9002
vn 0.4315 -0.1876 0.8824
vn -0.6715 0.4413 -0.5952
vn -0.6584 0.4353 -0.6140
vn -0.6482 0.4431 -0.6193
vn 0.4912 0.1992 -0.8480
vn -0.3267 0.6339 -0.7010
vn -0.3267 0.5855 -0.7420
vn 0.8298 -0.1971 0.5221
vn 0.8480 0.5236 -0.0825
vn 0.8386 -0.1877 0.5114
vn 0.1805 0.5041 -0.8445
vn -0.6701 0.5534 -0.4947
vn 0.2064 0.5560 -0.8051
vn 0.4810 0.3802 -0.7900
vn 0.3920 0.3436 -0.8534
vn -0.8031 0.3507 -0.4817
vn -0.7140 0.4555 -0.5317
vn 0.2866 0.9347 0.2102
vn 0.2871 0.9331 0.2164
vn 0.2862 0.9345 0.2115
vn -0.0350 0.9511 0.3068
vn -0.0219 0.9489 0.3147
vn -0.0237 0.9521 0.3048
vn 0.1528 -0.7141 0.6831
vn 0.1659 -0.6893 0.7052
vn -0.6452 -0.5502 0.5301
vn 0.5178 -0.7581 0.3964
vn 0.1394 -0.7130 0.6872
vn 0.1377 -0.7156 0.6848
vn 0.6354 -0.1466 0.7582
vn 0.6378 -0.1535 0.7547
vn 0.1832 -0.1015 0.9778
vn 0.7090 0.0835 0.7003
vn 0.5689 0.0502 0.8209
vn 0.5546 0.0761 0.8286
vn 0.3948 -0.8063 0.4405
vn 0.3904 -0.8073 0.4426
vn 0.2694 -0.7858 0.5567
vn 0.5846 -0.6816 0.4401
vn 0.6903 -0.6642 0.2868
vn 0.6911 -0.6640 0.2855
vn 0.1435 -0.7063 0.6932
vn 0.5294 -0.7336 0.4261
vn 0.3997 -0.7198 0.5675
vn 0.2496 -0.1910 0.9493
vn 0.3177 -0.1847 0.9300
vn 0.5578 -0.1937 0.8071
vn 0.2991 -0.9515 0.0723
vn 0.4814 -0.7256 -0.4917
vn 0.3751 -0.8965 -0.2358
vn -0.1618 -0.9558 0.2456
vn 0.1643 -0.9690 -0.1847
vn -0.0084 -0.9545 0.2980
vn -0.1334 -0.3366 0.9321
vn -0.1031 -0.8408 0.5314
vn -0.0972 -0.8405 0.5330
vn -0.1360 -0.7781 0.6133
vn -0.1160 -0.8445 0.5228
vn -0.1359 -0.3434 0.9293
vn 0.0068 0.3756 0.9268
vn -0.2197 -0.4327 0.8743
vn -0.0977 0.0911 0.9910
vn 0.0252 0.3313 0.9432
vn -0.2711 -0.4559 0.8477
vn 0.0042 0.3341 0.9425
vn 0.9958 -0.0077 -0.0909
vn 0.9976 0.0440 -0.0535
vn 0.9958 -0.0104 -0.0910
vn 0.9777 0.1859 0.0972
vn 0.9778 0.1856 0.0971
vn 0.9875 0.1576 0.0098
vn 0.9723 0.0958 0.2132
vn 0.9605 0.1799 0.2124
vn 0.9065 0.3339 0.2584
vn 0.9602 -0.2203 0.1716
vn 0.9725 -0.1475 0.1805
vn 0.9653 -0.2221 0.1374
vn 0.8741 -0.4779 0.0869
vn 0.9222 -0.3308 0.2002
vn 0.8240 -0.5586 0.0945
vn 0.9738 0.0286 0.2256
vn 0.9713 0.0292 0.2361
vn 0.9788 -0.1516 0.1377
vn -0.3648 0.5381 -0.7598
vn -0.4860 0.6645 -0.5677
vn -0.4796 0.6700 -0.5666
vn -0.0180 0.9603 -0.2784
vn -0.0603 0.9976 -0.0340
vn 0.0573 0.9630 -0.2633
vn -0.9819 0.1884 -0.0190
vn -0.9200 0.3792 0.0994
vn -0.9838 0.1724 -0.0495
vn -0.9861 0.1638 0.0274
vn -0.9794 0.1970 0.0435
vn -0.9686 0.1278 -0.2131
vn -0.4144 0.8230 -0.3886
vn -0.7144 0.6970 -0.0623
vn -0.5222 0.7672 -0.3723
vn -0.0687 0.2971 -0.9524
vn -0.6010 0.5429 -0.5866
vn -0.1194 0.4139 -0.9025
vn -0.2139 -0.6384 -0.7394
vn -0.1677 0.2065 -0.9640
vn 0.1331 0.2570 -0.9572
vn -0.0251 -0.6403 -0.7677
vn 0.1773 0.2762 -0.9446
vn -0.0401 -0.6348 -0.7717
vn 0.0782 -0.1006 -0.9918
vn 0.0286 0.7928 -0.6088
vn 0.0714 0.7796 -0.6222
vn -0.0076 0.0807 -0.9967
vn 0.0709 0.8734 -0.4818
vn 0.3720 0.0415 -0.9273
vn -0.9269 -0.0385 -0.3733
vn -0.9311 -0.0171 -0.3643
vn -0.9311 -0.0167 -0.3643
vn 0.0591 0.5391 0.8401
vn 0.2395 0.6656 0.7068
vn 0.2263 0.7078 0.6692
vn -0.9752 -0.0435 -0.2169
vn -0.9774 0.1366 -0.1615
vn -0.9748 -0.0447 -0.2185
vn -0.9880 -0.0342 -0.1503
vn -0.9833 0.1448 -0.1103
vn -0.9844 -0.0521 -0.1682
vn 0.9748 0.1197 0.1884
vn 0.9184 0.3950 0.0217
vn 0.9642 0.1829 0.1921
vn 0.9687 0.2431 0.0502
vn 0.9369 0.0390 0.3473
vn 0.9676 0.2477 0.0498
vn -0.9653 -0.2338 -0.1162
vn -0.9817 -0.1128 -0.1532
vn -0.9674 -0.2237 -0.1184
vn -0.9633 0.0253 -0.2673
vn -0.9625 0.0212 -0.2704
vn -0.9771 -0.0733 -0.1999
vn 0.3842 -0.8693 0.3109
vn 0.3417 -0.9322 0.1194
vn 0.4701 -0.7613 -0.4467
vn 0.2003 -0.9275 0.3156
vn 0.1235 -0.9920 -0.0270
vn 0.2277 -0.9206 0.3173
vn -0.2543 0.9441 -0.2100
vn -0.5160 0.5898 0.6212
vn -0.2539 0.9545 0.1565
vn -0.2309 0.9531 -0.1957
vn -0.2044 0.6263 0.7523
vn -0.1777 0.9662 -0.1868
vn -0.2424 0.9686 0.0554
vn -0.2528 0.8769 0.4089
vn -0.2534 0.8767 0.4088
vn -0.2687 0.9629 0.0241
vn -0.2771 0.8820 0.3811
vn -0.1757 0.9833 0.0467
vn -0.2818 0.8153 0.5059
vn -0.2645 0.8292 0.4924
vn 0.0849 -0.6200 0.7800
vn 0.0829 -0.6241 0.7770
vn 0.2079 -0.7658 -0.6086
vn 0.2979 -0.9541 -0.0312
vn 0.2729 -0.9557 -0.1104
vn 0.2397 -0.7736 -0.5866
vn 0.2955 -0.9553 -0.0104
vn 0.2029 -0.7797 -0.5924
vn -0.9685 -0.1981 -0.1509
vn -0.9605 -0.2430 -0.1356
vn -0.9634 -0.2254 -0.1453
vn -0.9407 -0.3282 -0.0861
vn -0.9416 -0.3289 -0.0727
vn -0.9460 -0.2905 -0.1439
vn 0.2239 -0.8047 -0.5499
vn 0.2742 -0.9376 -0.2137
vn 0.2701 -0.9387 -0.2140
vn 0.2708 -0.7890 -0.5515
vn 0.2848 -0.9335 -0.2179
vn 0.2484 -0.7949 -0.5535
vn -0.9353 -0.3466 -0.0708
vn -0.9369 -0.3309 -0.1128
vn -0.9364 -0.3441 -0.0692
vn -0.9367 -0.3432 -0.0699
vn 0.9678 0.2043 0.1472
vn 0.9711 0.1712 0.1666
vn 0.9839 0.1674 0.0630
vn 0.9709 0.2219 0.0900
vn 0.9691 0.2350 0.0745
vn 0.9722 0.2099 0.1036
vn 0.9642 0.2509 0.0859
vn 0.9617 0.2578 0.0931
vn 0.9659 0.2326 0.1136
vn 0.9879 0.0729 0.1368
vn 0.9869 -0.0265 0.1594
vn 0.9901 0.0003 0.1404
vn 0.9809 0.0394 0.1907
vn 0.9844 -0.0065 0.1757
vn 0.9843 0.0825 0.1561
vn 0.2618 -0.9586 0.1121
vn 0.2089 -0.9616 -0.1783
vn 0.2532 -0.9540 -0.1608
vn 0.2441 -0.9692 0.0325
vn 0.2496 -0.9402 -0.2318
vn 0.3055 -0.9504 0.0584
vn 0.2155 -0.9559 -0.1994
vn 0.2373 -0.9701 -0.0511
vn 0.2296 -0.9714 -0.0607
vn 0.1618 -0.9790 -0.1242
vn 0.1708 -0.9853 -0.0076
vn 0.1495 -0.9755 -0.1612
vn -0.3674 0.9297 0.0281
vn -0.4124 0.9107 -0.0224
vn -0.3692 0.9284 0.0425
vn -0.2216 0.9553 0.1956
vn -0.2800 0.9473 0.1556
vn -0.2247 0.9548 0.1947
vn -0.2244 0.9710 0.0828
vn -0.2749 0.9011 0.3353
vn -0.2550 0.9037 0.3441
vn -0.2523 0.9676 -0.0056
vn -0.2932 0.9202 0.2593
vn -0.1957 0.9806 0.0147
vn -0.2858 0.9359 0.2062
vn -0.2239 0.9610 0.1622
vn -0.9557 -0.2928 -0.0288
vn -0.9494 -0.2935 -0.1117
vn -0.9537 -0.2994 -0.0290
vn -0.9696 -0.1347 -0.2042
vn -0.9695 -0.1354 -0.2044
vn -0.9746 -0.1481 -0.1677
vn -0.9820 -0.1003 -0.1599
vn -0.9761 -0.0847 -0.2003
vn -0.9823 -0.0982 -0.1596
vn -0.9786 -0.1561 -0.1341
vn -0.9759 -0.1379 -0.1694
vn -0.9795 -0.1591 -0.1232
vn 0.9771 -0.0474 0.2075
vn 0.9654 -0.0858 0.2463
vn 0.9625 0.0873 0.2569
vn 0.9649 0.0438 0.2590
vn -0.9310 -0.3501 -0.1031
vn -0.9548 -0.2927 -0.0520
vn 0.9809 -0.0044 0.1944
vn 0.9869 0.0110 0.1609
vn 0.9869 0.0207 0.1603
vn 0.9809 0.1432 0.1315
vn 0.9888 0.0792 0.1263
vn 0.9880 0.0573 0.1435
vn 0.2911 -0.9564 0.0246
vn 0.2953 -0.9548 0.0341
vn 0.4109 -0.9068 0.0940
vn 0.2126 -0.9732 0.0873
vn 0.0776 -0.1300 0.9885
vn 0.0356 -0.2074 0.9776
vn 0.9764 0.1758 0.1253
vn 0.9560 0.2322 0.1791
vn -0.9815 -0.0281 -0.1892
vn -0.9938 -0.0080 -0.1109
vn -0.9937 -0.0105 -0.1115
vn -0.9000 -0.2932 -0.3225
vn -0.9000 -0.2932 -0.3226
vn -0.8904 -0.3358 -0.3072
vn 0.1093 -0.6348 -0.7649
vn -0.0975 -0.0315 -0.9947
vn 0.1548 0.0121 -0.9879
vn 0.1122 -0.6627 -0.7405
vn 0.1133 -0.0183 -0.9934
vn 0.1059 -0.6571 -0.7463
vn -0.2435 0.9685 -0.0524
vn 0.3675 0.1215 -0.9221
vn 0.1802 0.1501 -0.9721
vn -0.0970 0.9947 -0.0350
vn 0.2153 0.0709 -0.9740
vn -0.4042 0.9048 -0.1339
vn -0.0811 -0.2157 0.9731
vn -0.0151 0.4237 0.9057
vn -0.0305 0.4192 0.9074
vn -0.1267 -0.1577 0.9793
vn -0.1334 0.5107 0.8494
vn -0.1728 -0.1599 0.9719
vn 0.0482 -0.8833 0.4664
vn -0.1314 -0.7457 0.6532
vn -0.0087 -0.7393 0.6733
vn 0.0449 -0.9958 -0.0794
vn -0.2582 -0.7038 0.6618
vn -0.1214 -0.8791 0.4609
vn 0.0925 -0.9712 -0.2195
vn 0.0814 -0.9649 -0.2498
vn -0.0139 -0.9570 0.2896
vn 0.1684 -0.9585 -0.2302
vn -0.9674 0.2167 -0.1309
vn -0.9886 0.1154 -0.0970
vn -0.9667 0.2240 -0.1241
vn -0.9954 0.0211 -0.0937
vn -0.9954 0.0211 -0.0939
vn -0.9771 0.1332 -0.1657
vn -0.2114 0.9720 -0.1022
vn -0.1453 0.9894 -0.0053
vn 0.9291 0.0929 0.3580
vn 0.9556 0.1870 0.2278
vn 0.9543 0.1865 0.2336
vn 0.9480 -0.0200 0.3177
vn 0.9661 0.1816 0.1836
vn 0.9383 0.0044 0.3457
vn -0.9838 -0.0983 -0.1500
vn -0.9724 -0.1698 -0.1598
vn -0.9643 -0.2046 -0.1682
vn -0.9796 0.0528 -0.1939
vn -0.9786 -0.0768 -0.1910
vn -0.9875 -0.0137 -0.1571
vn 0.2095 0.1728 -0.9624
vn 0.1844 0.1991 -0.9625
vn 0.9800 0.0180 0.1983
vn 0.9660 0.1138 0.2320
vn 0.9675 -0.0564 0.2465
vn 0.9556 0.1143 0.2715
vn 0.9576 0.0999 0.2701
vn 0.9780 0.0190 0.2078
vn -0.8877 0.4073 -0.2146
vn -0.8082 0.4865 -0.3319
vn -0.8073 0.4882 -0.3315
vn -0.8083 0.4088 -0.4238
vn -0.8058 0.4096 -0.4276
vn -0.8950 0.3269 -0.3035
vn -0.9847 0.1660 -0.0531
vn -0.9279 0.2719 -0.2551
vn -0.9763 0.1894 -0.1051
vn -0.9293 0.3676 -0.0355
vn -0.9298 0.3667 -0.0305
vn -0.9506 0.2703 0.1523
vn -0.7498 0.0499 0.6598
vn -0.8445 0.0871 0.5284
vn -0.7152 0.0420 0.6977
vn -0.5131 0.8464 -0.1430
vn -0.5751 0.7722 -0.2699
vn -0.5750 0.7769 -0.2565
vn -0.5751 0.7769 -0.2564
vn -0.9833 0.1238 -0.1334
vn -0.9832 0.1250 -0.1333
vn -0.9825 0.1246 -0.1381
vn -0.8916 0.2051 -0.4037
vn -0.8510 0.2877 -0.4394
vn -0.8519 0.2916 -0.4351
vn -0.9755 -0.2192 -0.0167
vn -0.9782 -0.2065 -0.0219
vn -0.9697 -0.1886 -0.1551
vn 0.6779 0.5426 0.4961
vn 0.7256 0.5610 0.3985
vn 0.7481 0.5738 0.3333
vn 0.3235 0.7057 0.6304
vn 0.2290 0.6510 0.7237
vn 0.2192 0.6498 0.7278
vn 0.2364 0.7733 0.5883
vn 0.1950 0.7613 0.6184
vn 0.2719 0.7929 0.5454
vn 0.2997 0.9417 0.1526
vn 0.2576 0.9422 0.2143
vn 0.2983 0.9413 0.1580
vn 0.1311 0.9446 -0.3009
vn 0.1517 0.9737 0.1700
vn 0.1961 0.9741 0.1125
vn 0.0946 0.9946 0.0431
vn 0.0137 0.9307 -0.3654
vn 0.0950 0.9945 0.0432
vn -0.1324 0.9898 -0.0516
vn -0.2145 0.8940 -0.3934
vn -0.1338 0.9910 0.0002
vn -0.4215 0.8953 -0.1445
vn -0.4220 0.8899 -0.1734
vn -0.4229 0.8971 -0.1278
vn -0.3948 0.8102 -0.4333
vn -0.5393 0.8415 -0.0328
vn -0.5406 0.8412 -0.0081
vn -0.5396 0.8416 -0.0228
vn -0.5183 0.6934 0.5006
vn -0.2936 0.9513 0.0943
vn -0.3155 0.9488 0.0185
vn -0.2184 0.9137 0.3426
vn -0.2512 0.9358 -0.2474
vn -0.2682 0.7931 0.5469
vn -0.2302 0.9589 0.1659
vn -0.2154 0.9724 -0.0893
vn -0.0140 0.8670 0.4982
vn -0.0029 0.9970 0.0774
vn -0.0476 0.8514 0.5224
vn 0.1484 0.7636 0.6284
vn 0.1747 0.7889 0.5892
vn 0.0823 0.7764 0.6249
vn 0.7485 0.6458 0.1505
vn 0.7500 0.6459 0.1425
vn 0.7493 0.6250 0.2190
vn 0.7633 0.6296 0.1445
vn 0.7622 0.6293 0.1517
vn 0.1611 -0.6863 -0.7093
vn 0.1067 -0.6896 -0.7163
vn 0.1067 -0.6894 -0.7165
vn 0.2218 -0.8149 -0.5355
vn -0.0484 -0.8202 -0.5700
vn -0.0554 -0.8182 -0.5722
vn -0.9757 -0.2033 0.0814
vn -0.9772 -0.1883 0.0983
vn -0.9127 -0.3988 -0.0889
vn 0.8605 -0.3941 0.3228
vn 0.7274 -0.5873 0.3548
vn 0.9763 -0.2155 -0.0192
vn -0.3879 0.5892 0.7088
vn -0.5366 0.7046 0.4644
vn -0.5344 0.6968 0.4785
vn -0.3178 0.5730 0.7555
vn -0.3155 0.5929 0.7409
vn -0.0547 0.6098 0.7907
vn -0.2323 0.7639 0.6020
vn -0.2653 0.8194 0.5082
vn -0.2705 0.7776 0.5676
vn -0.0609 0.7717 0.6331
vn -0.0972 0.7834 0.6139
vn -0.0430 0.7763 0.6289
vn 0.4237 0.8991 -0.1098
vn 0.4420 0.8834 -0.1557
vn 0.3912 0.9094 -0.1415
vn 0.9226 0.3797 0.0679
vn 0.8166 -0.1796 0.5485
vn 0.7497 -0.2900 0.5949
vn 0.9095 0.3419 -0.2363
vn 0.8558 0.3494 -0.3815
vn 0.9969 -0.0303 0.0720
vn 0.8560 -0.4751 0.2040
vn -0.3350 -0.8106 0.4803
vn -0.4850 -0.7344 0.4749
vn -0.6855 -0.6696 0.2858
vn -0.6974 -0.7030 0.1397
vn -0.3604 0.4340 -0.8257
vn -0.4286 0.5129 -0.7438
vn -0.4059 0.5038 -0.7625
vn 0.3979 0.3899 -0.8304
vn -0.9484 -0.0004 -0.3170
vn -0.9511 0.0130 -0.3085
vn 0.3046 -0.8920 -0.3341
vn 0.2812 -0.8360 -0.4712
vn 0.2833 -0.8199 -0.4974
vn 0.2610 -0.9613 -0.0885
vn 0.2870 -0.9365 -0.2016
vn 0.3096 -0.9462 -0.0946
vn 0.2608 -0.9254 -0.2751
vn 0.2390 -0.9299 -0.2796
vn 0.2633 -0.9243 -0.2763
vn 0.2278 -0.9539 -0.1956
vn 0.2284 -0.9531 -0.1984
vn 0.2612 -0.9459 -0.1925
vn -0.2680 -0.7295 -0.6293
vn -0.2824 -0.7844 -0.5523
vn -0.2988 -0.8303 -0.4704
vn 0.7102 -0.6332 -0.3078
vn 0.7243 -0.5698 -0.3882
vn 0.7241 -0.5709 -0.3869
vn 0.7935 0.3941 -0.4637
vn 0.7176 0.4989 -0.4860
vn 0.9612 0.0832 0.2631
vn 0.9600 0.0748 0.2698
vn 0.8645 0.3431 -0.3674
vn 0.7055 -0.2590 0.6597
vn 0.8123 -0.2096 0.5442
vn 0.8135 -0.1653 0.5576
vn 0.0227 0.9093 0.4154
vn -0.1232 0.9069 0.4030
vn -0.2229 0.7975 0.5606
vn -0.3149 0.8978 0.3080
vn -0.2582 0.7985 0.5438
vn 0.9504 0.2444 0.1923
vn 0.9590 0.2616 0.1091
vn 0.9833 0.0588 0.1725
vn 0.7077 -0.3749 0.5988
vn 0.6774 -0.3731 0.6340
vn 0.6228 -0.7102 0.3282
vn -0.4388 -0.7942 0.4204
vn -0.4339 -0.8014 0.4117
vn 0.8679 -0.1983 0.4554
vn -0.2693 -0.5232 0.8085
vn 0.8714 -0.2257 0.4356
vn -0.3748 -0.8222 0.4284
vn -0.7510 -0.6587 -0.0469
vn -0.3737 -0.8236 0.4266
vn -0.4866 -0.7827 0.3882
vn -0.7559 -0.6532 -0.0433
vn -0.3996 -0.7992 0.4489
vn -0.7158 -0.0620 0.6955
vn -0.6343 -0.1017 0.7664
vn -0.5255 -0.1294 0.8409
vn -0.9623 0.1107 0.2484
vn -0.5874 -0.1402 0.7971
vn -0.6828 -0.0788 0.7263
vn -0.6106 -0.7365 0.2911
vn -0.7980 -0.5729 -0.1871
vn -0.7967 -0.5795 -0.1715
vn -0.6917 -0.7194 -0.0630
vn -0.6909 -0.7203 -0.0617
vn -0.4243 -0.8427 0.3315
vn -0.9599 0.0765 0.2698
vn -0.9366 0.0284 0.3494
vn -0.5928 -0.1593 0.7894
vn -0.9543 0.2871 -0.0832
vn -0.9788 0.1989 0.0486
vn -0.9650 0.2601 -0.0341
vn -0.6412 -0.6713 -0.3717
vn -0.6142 -0.5629 -0.5531
vn -0.6351 -0.6782 -0.3697
vn -0.8445 -0.2241 -0.4864
vn -0.7877 -0.1709 -0.5919
vn -0.8851 -0.3049 -0.3516
vn -0.7876 -0.0706 0.6121
vn -0.7284 -0.1240 0.6739
vn 0.4375 0.0135 0.8991
vn -0.7266 -0.0633 0.6841
vn -0.5691 -0.1158 0.8140
vn -0.6336 -0.1048 0.7665
vn -0.1740 -0.0105 0.9847
vn -0.1862 -0.0059 0.9825
vn -0.1584 -0.0041 0.9874
vn 0.3581 0.2867 0.8886
vn 0.2707 0.1492 0.9510
vn 0.3011 0.0980 0.9485
vn -0.3466 0.7694 0.5365
vn -0.5126 0.3407 0.7881
vn -0.5476 0.1923 0.8143
vn -0.5889 0.5329 0.6076
vn -0.7126 0.1012 0.6943
vn -0.6131 0.5556 0.5617
vn -0.7491 -0.1431 -0.6468
vn -0.7783 -0.1562 -0.6082
vn -0.8276 -0.2116 -0.5199
vn -0.6244 -0.2779 -0.7300
vn -0.6544 -0.3036 -0.6925
vn -0.6247 -0.2733 -0.7315
vn -0.2057 -0.9738 0.0965
vn -0.2079 -0.9753 0.0744
vn -0.1971 -0.9793 0.0455
vn -0.0902 -0.9884 -0.1219
vn -0.0711 -0.9803 -0.1841
vn -0.0767 -0.9833 -0.1652
vn 0.0254 -0.9933 0.1123
vn 0.0207 -0.9948 0.1001
vn 0.0223 -0.9977 0.0637
vn 0.2696 -0.9517 -0.1466
vn 0.2713 -0.9506 -0.1511
vn 0.2693 -0.9519 -0.1460
vn 0.2603 -0.9533 -0.1534
vn 0.2783 -0.9446 -0.1738
vn 0.2508 -0.9512 -0.1800
vn 0.2507 -0.9512 -0.1800
vn 0.5772 -0.8059 -0.1319
vn 0.6023 -0.7882 -0.1264
vn 0.5793 -0.8045 -0.1313
vn -0.0145 -0.8157 -0.5783
vn 0.0012 -0.8176 -0.5758
vn -0.0224 -0.8145 -0.5798
vn 0.1192 -0.7628 -0.6356
vn 0.1272 -0.7631 -0.6336
vn 0.1200 -0.7629 -0.6353
vn -0.3747 -0.6654 -0.6456
vn -0.3559 -0.6554 -0.6662
vn -0.3602 -0.6473 -0.6718
vn -0.3608 -0.7721 -0.5232
vn -0.3514 -0.7290 -0.5874
vn -0.3452 -0.7015 -0.6235
vn 0.0716 -0.8308 -0.5520
vn 0.0555 -0.8504 -0.5232
vn 0.0734 -0.8310 -0.5514
vn 0.4599 -0.8863 0.0539
vn 0.5438 -0.8391 0.0163
vn 0.4473 -0.8921 0.0638
vn 0.5230 -0.8482 0.0841
vn 0.5337 -0.8425 0.0738
vn 0.5228 -0.8483 0.0840
vn 0.6657 -0.7041 0.2473
vn 0.6796 -0.6947 0.2357
vn 0.6660 -0.7041 0.2465
vn -0.1786 -0.9812 -0.0724
vn -0.0981 -0.9951 -0.0137
vn -0.1053 -0.9936 0.0412
vn -0.1067 -0.9934 0.0420
vn -0.1995 -0.9533 0.2266
vn -0.2650 -0.9582 0.1076
vn -0.2566 -0.9644 0.0639
vn -0.1155 -0.6604 0.7420
vn -0.1024 -0.9817 0.1606
vn -0.0478 -0.9506 0.3067
vn 0.8339 -0.5254 0.1693
vn 0.8097 -0.5409 0.2275
vn 0.8388 -0.5242 0.1469
vn 0.8089 -0.3884 0.4414
vn 0.8235 -0.3912 0.4110
vn 0.8612 -0.3760 0.3421
vn 0.9481 0.0527 0.3135
vn 0.9050 0.0461 0.4230
vn 0.9573 0.0496 0.2849
vn 0.9645 0.1976 0.1751
vn 0.9743 0.1964 0.1105
vn 0.9584 0.2008 0.2027
vn 0.9806 -0.1928 -0.0364
vn 0.9803 -0.1942 -0.0369
vn 0.9810 -0.1938 0.0100
vn 0.8964 -0.4429 0.0184
vn 0.8931 -0.4498 -0.0056
vn 0.8970 -0.4407 0.0352
vn -0.0047 0.4825 0.8759
vn -0.0171 0.5189 0.8547
vn 0.0806 0.3305 0.9404
vn -0.6725 -0.7270 0.1387
vn -0.6344 -0.6965 -0.3353
vn -0.6249 -0.6972 -0.3513
vn -0.1255 -0.9469 0.2959
vn -0.0772 -0.5664 0.8205
vn -0.0860 -0.9367 0.3395
vn 0.0007 -0.9983 0.0578
vn 0.0026 -0.9984 0.0558
vn 0.0007 -0.9999 0.0153
vn 0.3910 -0.6734 0.6274
vn 0.3710 -0.6829 0.6293
vn 0.3704 -0.6825 0.6301
vn 0.5831 0.8124 0.0005
vn 0.5878 0.7938 0.1561
vn 0.6042 0.7784 0.1703
vn -0.2815 -0.9434 0.1755
vn -0.4597 -0.8503 0.2564
vn -0.4870 -0.8478 0.2099
vn 0.5160 -0.0097 0.8565
vn 0.7578 0.0272 0.6519
vn 0.5120 -0.0223 0.8587
vn 0.6112 -0.0675 0.7886
vn 0.8104 0.0303 0.5851
vn 0.5964 -0.0655 0.8000
vn 0.5894 0.4367 0.6796
vn 0.6690 0.2721 0.6917
vn 0.6727 0.2655 0.6906
vn 0.6725 0.2654 0.6908
vn 0.6119 0.5258 0.5909
vn 0.6289 0.5069 0.5895
vn 0.6352 0.5000 0.5887
vn 0.3237 0.5989 0.7325
vn 0.4718 0.5170 0.7142
vn 0.4531 0.5292 0.7173
vn -0.1321 0.7527 0.6450
vn -0.1308 0.7609 0.6356
vn 0.0401 0.7928 0.6082
vn -0.0874 -0.0385 0.9954
vn -0.4373 0.1332 0.8894
vn -0.1663 -0.0265 0.9857
vn 0.2683 0.0121 0.9633
vn 0.2689 0.0124 0.9631
vn 0.6463 0.0116 0.7630
vn 0.6362 -0.1435 0.7581
vn 0.3522 -0.1445 0.9247
vn 0.7265 -0.1385 0.6731
vn 0.0502 -0.2854 0.9571
vn 0.1121 -0.2608 0.9589
vn 0.1187 -0.2533 0.9601
vn 0.2272 -0.1761 0.9578
vn 0.2709 -0.1230 0.9547
vn 0.2271 -0.1769 0.9577
vn 0.2309 -0.1770 0.9567
vn 0.2332 -0.1766 0.9563
vn 0.2331 -0.1761 0.9564
vn -0.1474 0.9838 -0.1016
vn -0.1698 0.9808 -0.0960
vn -0.1053 0.9900 -0.0935
vn 0.0519 0.8290 -0.5568
vn 0.0366 0.8282 -0.5592
vn 0.0094 0.8276 -0.5613
vn 0.2238 0.7778 -0.5874
vn 0.2069 0.7803 -0.5902
vn 0.2211 0.7783 -0.5877
vn 0.2702 0.8041 -0.5296
vn 0.2674 0.8047 -0.5300
vn 0.0032 0.8880 0.4599
vn -0.0516 0.8925 0.4481
vn 0.1282 0.8928 0.4319
vn 0.0535 0.9306 0.3622
vn -0.1097 0.9094 0.4013
vn -0.0554 0.9113 0.4080
vn 0.0329 0.9718 0.2337
vn 0.0704 0.9759 0.2067
vn -0.0361 0.9661 0.2556
vn -0.1036 0.9915 0.0793
vn -0.1009 0.9920 0.0760
vn -0.1292 0.9875 0.0900
vn 0.0058 0.9993 -0.0371
vn -0.0591 0.9977 -0.0321
vn -0.0765 0.9970 -0.0088
vn 0.5623 0.7867 0.2549
vn 0.4053 0.8599 0.3102
vn 0.5265 0.8091 0.2611
vn 0.5553 0.8104 0.1867
vn 0.3989 0.8856 0.2378
vn 0.5550 0.8108 0.1859
vn 0.4567 0.8880 0.0535
vn 0.3716 0.9243 0.0873
vn 0.2991 0.9477 0.1113
vn 0.3763 0.9208 -0.1027
vn 0.2956 0.9526 -0.0716
vn 0.3790 0.9198 -0.1020
vn 0.5532 -0.6972 0.4560
vn 0.4710 -0.7207 0.5087
vn 0.5923 -0.7446 0.3077
vn 0.5095 -0.7736 0.3767
vn 0.5186 -0.7611 0.3897
vn 0.5766 -0.7597 0.3007
vn 0.1681 -0.9829 0.0750
vn 0.1807 -0.9814 0.0654
vn 0.1548 -0.9866 0.0524
vn 0.2333 -0.8618 -0.4504
vn 0.2347 -0.8578 -0.4573
vn 0.2333 -0.8619 -0.4501
vn -0.0484 -0.9230 -0.3817
vn -0.0497 -0.9363 -0.3477
vn -0.0494 -0.9365 -0.3471
vn -0.5852 -0.5130 -0.6280
vn -0.5777 -0.4989 -0.6461
vn -0.6922 -0.5764 -0.4343
vn 0.1760 -0.9842 -0.0201
vn 0.0160 -0.9980 0.0613
vn 0.0252 -0.9996 0.0159
vn 0.0669 -0.9496 -0.3061
vn 0.0654 -0.9421 -0.3288
vn 0.0676 -0.9468 -0.3145
vn -0.5078 -0.4884 -0.7097
vn -0.5001 -0.4678 -0.7287
vn -0.5070 -0.4853 -0.7123
vn -0.6144 -0.4503 -0.6479
vn -0.5889 -0.4493 -0.6718
vn -0.5888 -0.4492 -0.6719
vn -0.6276 -0.2347 -0.7423
vn -0.6290 -0.2338 -0.7415
vn -0.6578 -0.2380 -0.7146
vn -0.9124 -0.0347 -0.4079
vn -0.9152 -0.0346 -0.4015
vn -0.9287 -0.0528 -0.3671
vn -0.6157 -0.7630 -0.1969
vn -0.6362 -0.7433 -0.2066
vn -0.6368 -0.7434 -0.2048
vn -0.7908 -0.6105 -0.0442
vn -0.8944 -0.4424 0.0663
vn -0.9090 -0.4146 0.0437
vn -0.6205 -0.7841 -0.0157
vn -0.6871 -0.7262 0.0230
vn -0.5154 -0.8568 -0.0134
vn -0.6431 -0.6328 -0.4312
vn -0.6432 -0.6329 -0.4310
vn -0.6403 -0.6188 -0.4551
vn -0.4478 -0.7554 -0.4783
vn -0.5222 -0.8506 -0.0610
vn -0.5974 -0.7940 -0.1123
vn -0.6224 -0.7745 -0.1129
vn -0.6221 -0.7746 -0.1140
vn -0.1190 -0.9174 0.3798
vn -0.1247 -0.9221 0.3664
vn 0.0770 -0.9221 0.3792
vn -0.3692 0.5869 0.7206
vn -0.5560 0.6781 0.4806
vn -0.5277 0.6886 0.4973
vn -0.8041 -0.3392 0.4882
vn -0.7799 -0.3130 0.5420
vn -0.9580 -0.1832 0.2205
vn -0.8589 0.1578 -0.4873
vn -0.9723 0.0371 -0.2306
vn -0.8389 0.1857 -0.5117
vn -0.7974 0.5944 0.1044
vn -0.8038 0.5859 0.1035
vn -0.8061 0.5831 0.1007
vn -0.7220 0.6775 -0.1405
vn -0.6893 0.7107 -0.1407
vn -0.6831 0.7165 -0.1413
vn -0.6004 0.5691 0.5619
vn -0.6657 0.4824 0.5693
vn -0.5615 0.6043 0.5653
vn -0.6077 0.2958 0.7370
vn -0.6180 0.2888 0.7312
vn -0.5742 0.3749 0.7278
vn -0.6732 -0.7394 0.0122
vn -0.6895 -0.7241 0.0163
vn -0.6237 -0.7813 -0.0222
vn -0.6802 -0.7276 0.0885
vn -0.6867 -0.7218 0.0863
vn -0.6690 -0.7389 0.0801
vn -0.4360 -0.8923 -0.1174
vn -0.4150 -0.9028 -0.1127
vn -0.4068 -0.9068 -0.1108
vn -0.6761 -0.7039 -0.2177
vn -0.6557 -0.7247 -0.2117
vn -0.6717 -0.7090 -0.2148
vn -0.4536 -0.7483 -0.4841
vn -0.4540 -0.7482 -0.4837
vn -0.4515 -0.7518 -0.4805
vn -0.4545 -0.1991 -0.8682
vn -0.4536 -0.1968 -0.8692
vn -0.4561 -0.2121 -0.8643
vn -0.2885 -0.1813 -0.9402
vn -0.2902 -0.1835 -0.9392
vn -0.2916 -0.1854 -0.9384
vn -0.0577 0.0738 -0.9956
vn -0.0627 0.0709 -0.9955
vn 0.0014 0.4747 -0.8801
vn -0.0033 0.4756 -0.8797
vn 0.0118 0.4749 -0.8800
vn -0.2305 0.4060 -0.8843
vn -0.2105 0.4112 -0.8869
vn -0.2060 0.4109 -0.8881
vn -0.5211 0.0849 -0.8493
vn -0.5233 0.0812 -0.8483
vn -0.5119 0.0991 -0.8533
vn 0.9254 -0.2610 0.2748
vn 0.9039 0.3580 0.2342
vn 0.9262 -0.2574 0.2756
vn 0.6474 0.6621 0.3775
vn 0.6448 0.6644 0.3779
vn 0.8928 0.1017 0.4389
vn 0.9391 -0.0865 0.3325
vn 0.9387 -0.0876 0.3334
vn 0.6688 -0.6679 0.3264
vn 0.2216 0.9694 0.1058
vn 0.7444 0.6257 0.2332
vn 0.7418 0.6284 0.2343
vn 0.1877 0.9793 0.0757
vn 0.7244 0.6572 0.2082
vn 0.1912 0.9786 0.0755
vn 0.2508 -0.9301 0.2685
vn 0.7771 -0.5548 0.2971
vn 0.7704 -0.5632 0.2988
vn 0.1659 -0.9364 0.3093
vn 0.6901 -0.6327 0.3514
vn 0.1433 -0.9402 0.3089
vn -0.2302 -0.9641 0.1320
vn 0.3752 -0.8938 0.2456
vn 0.3720 -0.8950 0.2461
vn 0.0147 -0.9752 0.2208
vn 0.0047 -0.9753 0.2207
vn -0.5737 -0.8099 0.1222
vn -0.2017 -0.9793 0.0188
vn 0.4187 -0.9030 0.0965
vn -0.1914 -0.9813 0.0215
vn -0.8973 -0.4130 -0.1558
vn -0.4753 -0.8797 0.0149
vn -0.8919 -0.4253 -0.1538
vn -0.9467 -0.2603 -0.1897
vn -0.6210 -0.7836 -0.0175
vn -0.6183 -0.7858 -0.0149
vn -0.8600 0.4749 -0.1865
vn -0.9858 -0.1496 -0.0768
vn -0.8606 0.4737 -0.1871
vn -0.8854 0.4407 -0.1479
vn -0.9824 -0.1824 -0.0405
vn -0.9819 -0.1858 -0.0378
vn -0.5292 0.8445 -0.0827
vn -0.9345 0.3532 -0.0428
vn -0.5291 0.8445 -0.0827
vn -0.9228 0.3836 -0.0356
vn -0.5042 0.8614 -0.0618
vn -0.9215 0.3865 -0.0369
vn -0.5754 0.8167 -0.0434
vn -0.5768 0.8158 -0.0424
vn 0.0311 0.9986 0.0419
vn 0.0520 0.9951 0.0835
vn -0.5488 0.8359 -0.0052
vn 0.0640 0.9942 0.0862
vn 0.3569 -0.8998 -0.2512
vn 0.7709 -0.6051 -0.1989
vn 0.3035 -0.9179 -0.2558
vn 0.8027 -0.5854 0.1142
vn 0.7705 -0.6273 0.1132
vn 0.3639 -0.9285 0.0742
vn 0.2205 -0.9714 -0.0886
vn 0.2544 -0.9636 -0.0817
vn -0.3503 -0.9229 -0.1596
vn 0.2472 -0.9632 0.1059
vn 0.2328 -0.9666 0.1076
vn 0.2032 -0.9736 0.1036
vn -0.5943 -0.8041 0.0117
vn -0.5418 -0.8401 0.0242
vn -0.5760 -0.8173 0.0154
vn -0.6767 -0.7326 -0.0732
vn -0.6767 -0.7327 -0.0726
vn -0.7215 -0.6870 -0.0866
vn -0.9828 -0.1743 -0.0613
vn -0.9828 -0.1743 -0.0614
vn -0.9917 -0.1094 -0.0673
vn -0.9738 -0.1813 -0.1376
vn -0.9737 -0.1808 -0.1386
vn -0.9737 -0.1812 -0.1378
vn -0.9816 -0.0587 -0.1817
vn -0.9819 -0.0601 -0.1798
vn -0.9821 -0.0613 -0.1779
vn -0.9922 -0.0504 -0.1140
vn -0.9922 -0.0502 -0.1143
vn -0.9921 -0.0494 -0.1154
vn -0.9834 -0.0018 -0.1813
vn -0.9837 -0.0029 -0.1800
vn -0.9845 -0.0062 -0.1754
vn -0.9432 -0.0434 -0.3295
vn -0.9429 -0.0427 -0.3303
vn -0.9423 -0.0412 -0.3322
vn -0.7394 0.5883 -0.3275
vn -0.7391 0.5886 -0.3276
vn -0.7396 0.5880 -0.3273
vn -0.7879 0.5516 -0.2739
vn -0.7894 0.5441 -0.2843
vn -0.7937 0.5393 -0.2813
vn -0.0404 0.9986 -0.0333
vn -0.0282 0.9990 -0.0355
vn -0.0371 0.9987 -0.0356
vn 0.3320 0.8450 -0.4193
vn 0.0806 0.9740 -0.2117
vn 0.0473 0.9746 -0.2190
vn 0.1364 0.9773 0.1623
vn 0.1772 0.9763 0.1240
vn -0.4876 0.8687 -0.0874
vn 0.1903 0.9386 0.2878
vn 0.1917 0.9383 0.2879
vn 0.1899 0.9387 0.2878
vn 0.1809 0.9372 0.2981
vn 0.1806 0.9373 0.2981
vn 0.1808 0.9373 0.2981
vn 0.1964 0.9128 0.3582
vn 0.1952 0.9128 0.3587
vn 0.1963 0.9127 0.3583
vn 0.1913 0.9138 0.3582
vn 0.1964 0.9126 0.3585
vn 0.1953 0.9129 0.3584
vn 0.1004 0.9027 0.4184
vn 0.0937 0.9838 0.1527
vn 0.1059 0.9825 0.1535
vn 0.2291 0.8682 0.4402
vn 0.2006 0.9274 0.3157
vn 0.1774 0.9830 0.0466
vn 0.0731 0.9935 0.0868
vn 0.0834 0.9770 -0.1960
vn 0.0663 0.9968 -0.0449
vn 0.4218 0.9051 0.0542
vn 0.4675 0.8616 0.1978
vn 0.4651 0.8827 0.0678
vn 0.4991 0.8494 0.1716
vn 0.5033 0.8474 0.1692
vn 0.4721 0.8806 0.0410
vn 0.8970 0.4291 0.1058
vn 0.8982 0.4267 0.1056
vn 0.8839 0.4666 0.0312
vn 0.9198 0.3245 -0.2206
vn 0.9220 0.3150 -0.2252
vn 0.9208 0.3191 -0.2244
vn 0.9538 -0.2982 -0.0360
vn 0.9497 -0.3050 -0.0711
vn 0.9500 -0.3046 -0.0689
vn -0.7412 0.5818 -0.3349
vn -0.7358 0.5867 -0.3381
vn -0.7383 0.5844 -0.3367
vn -0.5047 0.8492 0.1551
vn -0.5019 0.8514 0.1523
vn -0.5008 0.8523 0.1512
vn -0.4783 0.8729 -0.0961
vn -0.4771 0.8735 -0.0967
vn -0.4780 0.8731 -0.0962
vn -0.5583 0.8124 -0.1681
vn -0.5570 0.8132 -0.1688
vn -0.5567 0.8134 -0.1690
vn -0.1533 0.9882 0.0034
vn -0.5749 0.8158 -0.0625
vn -0.5764 0.8148 -0.0615
vn -0.0458 0.9978 0.0471
vn -0.5917 0.8049 -0.0454
vn -0.1687 0.9855 0.0206
vn 0.1436 0.9303 -0.3375
vn 0.0680 0.9308 -0.3593
vn 0.0418 0.9339 -0.3552
vn 0.1376 0.6494 -0.7479
vn 0.1267 0.6504 -0.7490
vn 0.1203 0.6478 -0.7523
vn -0.9151 0.3902 -0.1017
vn -0.9157 0.3891 -0.1007
vn -0.9155 0.3895 -0.1010
vn -0.6519 0.7548 -0.0722
vn -0.9187 0.3918 -0.0490
vn -0.9203 0.3883 -0.0475
vn -0.8283 0.5547 -0.0784
vn -0.6743 0.7336 -0.0845
vn -0.9332 0.3554 -0.0531
vn -0.3173 0.8673 -0.3835
vn -0.4882 0.7780 -0.3954
vn -0.6924 0.6025 -0.3970
vn -0.5879 0.7717 -0.2426
vn -0.6432 0.7199 -0.2608
vn -0.8011 0.5734 -0.1717
vn -0.9914 -0.1177 -0.0568
vn -0.9958 0.0386 -0.0826
vn -0.9824 -0.1773 -0.0584
vn -0.5969 0.3304 -0.7312
vn -0.7445 -0.1754 -0.6442
vn -0.7758 -0.1257 -0.6184
vn -0.4146 -0.6153 0.6704
vn -0.8961 -0.0757 0.4374
vn -0.4854 -0.5612 0.6704
vn -0.7124 -0.1956 -0.6740
vn -0.7144 -0.1857 -0.6746
vn -0.4932 -0.7308 -0.4719
vn -0.5554 -0.8272 0.0851
vn -0.4578 -0.8816 0.1152
vn 0.0129 -0.9631 0.2689
vn -0.5485 0.7303 -0.4072
vn -0.8732 0.1514 -0.4632
vn -0.6286 0.6326 -0.4523
vn 0.4673 0.8495 -0.2448
vn 0.4290 0.8957 0.1174
vn 0.5554 0.8259 0.0969
vn 0.8420 0.4098 0.3509
vn 0.8355 0.4776 0.2718
vn 0.8487 0.5244 0.0683
vn 0.8457 0.5336 0.0012
vn 0.8561 0.4350 0.2792
vn 0.8470 0.5316 0.0017
vn 0.9549 -0.2634 -0.1370
vn 0.9540 -0.2515 -0.1633
vn 0.9611 -0.2758 -0.0115
vn 0.9798 -0.1709 -0.1040
vn 0.9748 -0.1345 -0.1781
vn 0.8737 0.4192 0.2469
vn 0.9342 -0.1956 0.2984
vn 0.9438 -0.1086 0.3121
vn 0.9153 0.1930 0.3534
vn 0.8928 -0.1736 0.4156
vn 0.8679 0.3918 0.3055
vn 0.8790 0.4416 0.1799
vn 0.9585 0.1837 0.2180
vn 0.8986 0.4030 0.1732
vn 0.7024 0.6335 0.3245
vn 0.7013 0.6334 0.3271
vn 0.7320 0.5937 0.3343
vn 0.7413 0.6433 0.1913
vn 0.7414 0.6434 0.1907
vn 0.7414 0.6434 0.1908
vn 0.8460 0.5093 0.1581
vn 0.8459 0.5086 0.1604
vn 0.8459 0.5086 0.1606
vn 0.8626 0.5058 -0.0035
vn 0.8628 0.5056 -0.0016
vn 0.8630 0.5053 0.0009
vn 0.7158 0.6546 0.2432
vn 0.7287 0.6442 0.2323
vn 0.7788 0.5664 0.2696
vn 0.2421 0.9527 0.1837
vn 0.5845 0.7488 0.3126
vn 0.3938 0.8831 0.2553
vn 0.1265 0.9904 -0.0563
vn 0.6669 0.7261 0.1676
vn 0.4018 0.9157 0.0102
vn 0.1796 0.9829 0.0400
vn 0.6963 0.6992 0.1624
vn 0.1829 0.9823 0.0397
vn 0.1909 0.9815 0.0134
vn 0.1898 0.9817 0.0147
vn 0.1066 0.9931 -0.0490
vn 0.1073 0.9930 -0.0497
vn 0.1064 0.9931 -0.0488
vn 0.1453 0.9626 -0.2285
vn 0.1459 0.9624 -0.2290
vn 0.1433 0.9633 -0.2270
vn 0.2594 0.9649 -0.0413
vn 0.2601 0.9647 -0.0422
vn 0.2587 0.9651 -0.0403
vn 0.2584 0.9651 -0.0431
vn 0.2586 0.9650 -0.0433
vn 0.2579 0.9652 -0.0424
vn -0.1453 0.9762 -0.1608
vn -0.1489 0.9760 -0.1589
vn -0.1453 0.9762 -0.1609
vn -0.1745 0.9802 -0.0935
vn -0.1722 0.9804 -0.0953
vn -0.1735 0.9803 -0.0943
vn 0.6891 0.6934 0.2104
vn 0.6897 0.6928 0.2107
vn 0.6906 0.6917 0.2113
vn 0.6923 0.6989 0.1794
vn 0.6926 0.6993 0.1768
vn 0.6924 0.6989 0.1793
vn 0.2478 0.9361 0.2495
vn 0.2530 0.9670 -0.0318
vn 0.2445 0.9369 0.2500
vn -0.1772 0.9573 0.2284
vn -0.2132 0.9761 -0.0414
vn -0.2192 0.9460 0.2388
vn 0.3794 -0.9096 0.1692
vn 0.3886 -0.8817 0.2676
vn 0.4006 -0.8300 0.3882
vn 0.9844 -0.1020 0.1433
vn 0.9844 -0.0786 0.1575
vn 0.9842 -0.1050 0.1429
vn -0.0885 0.9695 0.2287
vn 0.6788 0.3279 0.6570
vn -0.1700 0.8440 0.5087
vn -0.6689 0.4878 0.5610
vn -0.5965 0.5800 0.5548
vn -0.9819 0.0141 -0.1889
vn -0.6079 0.3836 0.6952
vn 0.2696 0.6186 0.7380
vn -0.8294 0.0338 0.5577
vn -0.1993 0.9761 0.0871
vn -0.2735 0.9559 -0.1069
vn -0.5957 0.7358 -0.3221
vn -0.5659 0.8237 0.0349
vn -0.5645 0.8247 0.0352
vn -0.5656 0.8239 0.0350
vn -0.6768 0.7282 -0.1082
vn -0.6767 0.7282 -0.1084
vn -0.6768 0.7282 -0.1081
vn -0.4259 0.8195 0.3834
vn -0.4255 0.8194 0.3841
vn -0.4261 0.8197 0.3828
vn -0.8268 0.4427 0.3469
vn -0.8269 0.4427 0.3467
vn -0.9845 0.1712 0.0369
vn -0.9848 0.1712 0.0308
vn -0.9848 0.1711 0.0309
vn -0.9778 -0.1560 0.1397
vn -0.9779 -0.1558 0.1395
vn -0.9780 -0.1596 0.1342
vn -0.7035 -0.6976 -0.1360
vn -0.7032 -0.6971 -0.1397
vn -0.7055 -0.6893 -0.1651
vn -0.5165 -0.8551 -0.0446
vn -0.5168 -0.8549 -0.0446
vn -0.5184 -0.8540 -0.0447
vn -0.0623 -0.9671 -0.2468
vn -0.0618 -0.9671 -0.2467
vn -0.0611 -0.9672 -0.2467
vn 0.2196 -0.9663 -0.1345
vn 0.2192 -0.9664 -0.1345
vn 0.2191 -0.9664 -0.1345
vn 0.6989 -0.6995 -0.1494
vn 0.6987 -0.6996 -0.1494
vn 0.8314 -0.1515 0.5346
vn 0.6787 -0.7092 -0.1907
vn 0.6790 -0.7090 -0.1906
vn 0.8640 -0.0947 0.4945
vn 0.8589 -0.1140 0.4992
vn 0.6284 -0.7567 -0.1802
vn 0.9427 -0.1431 0.3013
vn 0.9437 -0.1414 0.2992
vn 0.9421 -0.1442 0.3026
vn 0.5980 -0.7980 -0.0746
vn 0.5973 -0.7986 -0.0746
vn 0.5978 -0.7982 -0.0746
vn 0.4676 -0.5847 -0.6629
vn 0.4737 -0.8150 -0.3336
vn 0.4834 -0.8072 -0.3388
vn 0.4537 -0.6694 -0.5882
vn 0.4572 -0.5784 -0.6756
vn 0.4412 -0.8228 -0.3582
vn -0.0536 -0.9837 -0.1718
vn -0.0617 -0.8811 -0.4690
vn -0.0587 -0.9833 -0.1724
vn -0.0863 -0.8701 -0.4852
vn -0.0882 -0.8770 -0.4724
vn -0.0612 -0.9820 -0.1787
vn -0.7514 -0.6413 -0.1553
vn -0.7437 -0.6402 -0.1924
vn -0.7332 -0.6793 0.0301
vn -0.2944 0.9040 0.3099
vn -0.2957 0.9050 0.3058
vn -0.2940 0.9038 0.3111
vn -0.2917 0.8636 0.4113
vn -0.2890 0.8658 0.4085
vn -0.2898 0.8651 0.4094
vn -0.5698 0.5350 0.6238
vn -0.5705 0.5350 0.6231
vn -0.5696 0.5350 0.6240
vn -0.8046 -0.0741 0.5892
vn -0.8073 -0.0725 0.5857
vn -0.7051 -0.7056 -0.0701
vn -0.7253 -0.6483 -0.2316
vn -0.7145 -0.6988 -0.0341
vn -0.9075 0.0657 0.4149
vn -0.9107 -0.0500 0.4100
vn -0.9079 0.0459 0.4166
vn -0.8989 0.0312 0.4370
vn -0.9070 -0.1157 0.4050
vn -0.9044 -0.0909 0.4170
vn -0.8856 0.3722 0.2778
vn -0.8787 0.2713 0.3929
vn -0.8853 0.3723 0.2785
vn -0.3390 0.8588 0.3842
vn -0.3388 0.8582 0.3857
vn -0.3387 0.8596 0.3827
vn -0.3840 0.7305 0.5648
vn -0.3943 0.8837 0.2522
vn -0.3777 0.8912 0.2514
vn -0.2292 0.9106 0.3440
vn -0.1648 0.8887 0.4279
vn -0.2083 0.9753 0.0735
vn -0.2416 0.8986 0.3663
vn -0.2104 0.9550 0.2089
vn -0.2960 0.9512 0.0877
vn -0.3383 0.9000 0.2747
vn -0.3318 0.9349 0.1257
vn -0.3968 0.8771 0.2705
vn -0.5418 0.7357 0.4063
vn -0.5699 0.7040 0.4238
vn -0.5645 0.6268 0.5370
vn -0.3631 0.7029 0.6116
vn -0.3505 0.7260 0.5917
vn -0.3872 0.5798 0.7169
vn -0.0836 -0.0815 0.9932
vn -0.0826 -0.0941 0.9921
vn -0.0854 -0.1446 0.9858
vn -0.8103 0.2281 0.5398
vn -0.7805 0.0764 0.6205
vn -0.7815 0.0822 0.6184
vn -0.6384 0.6655 0.3868
vn -0.5618 0.7382 0.3735
vn -0.6201 0.7790 0.0935
vn 0.9818 -0.0296 0.1878
vn 0.9813 -0.0312 0.1897
vn 0.9826 -0.0266 0.1837
vn 0.9982 -0.0591 -0.0128
vn 0.9982 -0.0586 -0.0135
vn 0.9981 -0.0607 -0.0106
vn 0.9683 -0.0121 0.2496
vn 0.9684 -0.0119 0.2493
vn 0.9684 -0.0118 0.2491
vn 0.9687 -0.0240 0.2472
vn 0.9683 -0.0252 0.2486
vn 0.9684 -0.0249 0.2482
vn 0.7091 -0.6320 0.3128
vn 0.7079 -0.6330 0.3135
vn 0.7084 -0.6325 0.3132
vn 0.7569 -0.6504 0.0635
vn 0.7550 -0.6524 0.0657
vn 0.7534 -0.6541 0.0673
vn 0.6934 -0.7192 -0.0432
vn 0.6900 -0.7228 -0.0395
vn 0.6913 -0.7214 -0.0409
vn 0.5681 -0.6891 0.4498
vn 0.5655 -0.6907 0.4507
vn 0.5637 -0.6918 0.4512
vn -0.0163 -0.9942 0.1061
vn -0.0218 -0.9937 0.1097
vn -0.0199 -0.9939 0.1086
vn -0.3604 -0.4788 0.8005
vn -0.3607 -0.4780 0.8009
vn -0.3606 -0.4782 0.8008
vn -0.1556 -0.9863 0.0553
vn -0.3124 -0.8474 -0.4294
vn -0.2747 -0.8636 -0.4227
vn -0.5632 -0.8263 -0.0102
vn 0.0610 -0.9932 -0.0995
vn -0.5654 -0.8248 -0.0019
vn -0.6773 -0.7318 -0.0752
vn -0.6769 -0.7322 -0.0752
vn -0.6772 -0.7319 -0.0752
vn -0.6197 -0.7624 0.1863
vn -0.6181 -0.7636 0.1866
vn -0.6189 -0.7630 0.1865
vn -0.8182 -0.4368 0.3739
vn -0.8181 -0.4369 0.3740
vn -0.9207 -0.2072 0.3307
vn -0.9209 -0.2069 0.3304
vn -0.8824 0.1455 0.4475
vn -0.8823 0.1455 0.4477
vn -0.8824 0.1456 0.4474
vn 0.2194 -0.9667 -0.1317
vn 0.6171 -0.6606 0.4275
vn 0.2193 -0.9667 -0.1315
vn 0.3364 -0.7699 0.5423
vn 0.3192 -0.7914 0.5213
vn -0.2841 -0.9560 -0.0728
vn 0.7278 -0.3347 0.5986
vn 0.7159 -0.3574 0.5998
vn 0.4446 -0.8947 -0.0429
vn 0.8926 -0.4131 0.1806
vn 0.8943 -0.4105 0.1779
vn 0.8914 -0.4150 0.1824
vn 0.9309 -0.2542 0.2623
vn 0.9299 -0.2560 0.2641
vn 0.9319 -0.2525 0.2605
vn 0.8968 -0.3675 -0.2463
vn 0.8971 -0.3647 -0.2495
vn 0.8965 -0.3696 -0.2442
vn 0.9985 -0.0508 -0.0214
vn 0.9984 -0.0526 -0.0188
vn 0.9985 -0.0492 -0.0239
vn -0.9476 0.1516 -0.2811
vn -0.9475 0.1514 -0.2816
vn -0.9480 0.1525 -0.2795
vn -0.9981 0.0188 -0.0589
vn -0.9981 0.0179 -0.0596
vn -0.9981 0.0198 -0.0583
vn -0.9861 -0.1140 -0.1207
vn -0.9862 -0.1137 -0.1204
vn -0.9864 -0.1128 -0.1198
vn -0.8955 -0.4279 0.1227
vn -0.8952 -0.4283 0.1228
vn -0.8954 -0.4279 0.1227
vn -0.7143 -0.6926 0.1009
vn -0.6325 -0.3395 0.6962
vn -0.6294 -0.3464 0.6956
vn -0.5701 -0.4370 0.6957
vn -0.5719 -0.4365 0.6945
vn -0.8151 -0.5794 -0.0011
vn -0.5634 -0.8191 -0.1076
vn -0.8272 -0.2450 0.5057
vn -0.5579 -0.8229 -0.1080
vn -0.8315 -0.2491 0.4965
vn -0.8349 -0.2314 0.4993
vn -0.5916 -0.7774 -0.2135
vn -0.8491 -0.5278 -0.0240
vn -0.6274 -0.0856 0.7740
vn -0.8571 -0.5148 -0.0205
vn -0.5778 -0.2823 0.7658
vn -0.5776 -0.2824 0.7659
vn -0.5780 -0.2822 0.7657
vn -0.8391 -0.5023 -0.2088
vn -0.8391 -0.5020 -0.2098
vn -0.8392 -0.5026 -0.2077
vn -0.8120 -0.5692 -0.1294
vn -0.8120 -0.5696 -0.1277
vn -0.8119 -0.5691 -0.1301
vn -0.6487 -0.7493 -0.1331
vn -0.6486 -0.7493 -0.1338
vn -0.6487 -0.7493 -0.1333
vn -0.3857 -0.8893 0.2458
vn -0.3865 -0.8884 0.2476
vn -0.3850 -0.8901 0.2439
vn 0.2390 -0.9570 -0.1646
vn 0.2415 -0.9559 -0.1670
vn 0.2426 -0.9554 -0.1682
vn 0.5833 -0.8054 0.1052
vn 0.5813 -0.8067 0.1065
vn 0.5857 -0.8039 0.1034
vn -0.8218 -0.5634 -0.0853
vn -0.8218 -0.5634 -0.0851
vn -0.8218 -0.5633 -0.0859
vn -0.6923 -0.7204 0.0406
vn -0.6924 -0.7203 0.0423
vn -0.3872 -0.9166 0.1001
vn -0.3868 -0.9168 0.0994
vn -0.3869 -0.9167 0.0995
vn -0.1105 -0.9543 0.2776
vn -0.1111 -0.9541 0.2780
vn -0.1101 -0.9544 0.2774
vn 0.3525 -0.8716 0.3407
vn 0.3517 -0.8718 0.3409
vn 0.3537 -0.8713 0.3402
vn 0.3610 -0.8948 0.2626
vn 0.3734 -0.8895 0.2633
vn 0.3710 -0.8903 0.2642
vn 0.7330 -0.5424 0.4106
vn 0.7260 -0.5521 0.4100
vn 0.7342 -0.5413 0.4099
vn 0.6877 -0.6205 0.3769
vn 0.7132 -0.5911 0.3768
vn 0.7193 -0.5827 0.3782
vn 0.9555 -0.0125 0.2946
vn 0.9527 -0.0627 0.2975
vn 0.9564 -0.0096 0.2919
vn -0.1068 -0.9552 0.2761
vn -0.1079 -0.9549 0.2767
vn -0.1192 -0.9541 0.2747
vn 0.1640 -0.9853 0.0486
vn 0.1732 -0.9839 0.0431
vn 0.1680 -0.9847 0.0466
vn -0.6021 -0.7674 -0.2202
vn -0.6012 -0.7668 -0.2251
vn -0.6010 -0.7665 -0.2265
vn 0.5491 -0.7852 0.2864
vn 0.5502 -0.7846 0.2859
vn 0.5511 -0.7841 0.2854
vn 0.7740 -0.5670 0.2818
vn 0.7735 -0.5675 0.2822
vn 0.7747 -0.5663 0.2812
vn 0.8746 0.4823 0.0489
vn 0.8746 0.4823 0.0488
vn 0.8747 0.4820 0.0506
vn 0.3312 0.9012 -0.2795
vn 0.3306 0.9017 -0.2787
vn 0.3303 0.9019 -0.2783
vn 0.2483 0.9681 0.0329
vn 0.2482 0.9681 0.0330
vn 0.2461 0.9686 0.0356
vn 0.8504 0.4924 0.1853
vn 0.8503 0.4920 0.1869
vn 0.8504 0.4924 0.1854
vn 0.7908 0.5634 0.2390
vn 0.7908 0.5630 0.2402
vn 0.7908 0.5635 0.2390
vn 0.8778 -0.0298 -0.4781
vn 0.7563 0.5970 0.2676
vn 0.7641 0.5851 0.2715
vn 0.9280 -0.3406 -0.1511
vn 0.7452 0.3381 0.5748
vn 0.9250 -0.3512 -0.1450
vn 0.9551 -0.2858 -0.0784
vn 0.9551 -0.2857 -0.0785
vn 0.9551 -0.2857 -0.0786
vn 0.9766 -0.1661 -0.1366
vn 0.9766 -0.1663 -0.1363
vn 0.9766 -0.1662 -0.1364
vn 0.8719 0.4379 0.2193
vn 0.8717 0.4377 0.2205
vn 0.8718 0.4378 0.2197
vn 0.1739 0.8937 0.4136
vn 0.8712 0.4810 0.0982
vn 0.8708 0.4817 0.0986
vn 0.0807 0.9894 0.1206
vn 0.1057 0.9858 0.1308
vn 0.6286 0.7549 -0.1872
vn 0.1844 0.9828 -0.0126
vn 0.1851 0.9826 -0.0134
vn 0.1845 0.9828 -0.0127
vn 0.5359 0.7034 0.4669
vn 0.3540 0.9155 0.1913
vn 0.5455 0.8093 -0.2179
vn 0.5190 0.8046 -0.2884
vn 0.6290 0.4806 -0.6111
vn 0.7625 0.3013 -0.5725
vn 0.7348 0.0395 -0.6771
vn 0.7577 -0.0032 -0.6526
vn 0.6337 -0.3077 -0.7098
vn 0.7676 -0.5016 -0.3989
vn 0.8724 -0.4681 -0.1405
vn 0.8378 -0.4981 -0.2237
vn -0.3665 -0.4859 -0.7935
vn -0.4406 -0.4593 -0.7713
vn -0.1700 -0.4945 -0.8524
vn 0.1543 -0.3025 -0.9406
vn 0.0504 -0.0103 -0.9987
vn -0.6670 0.7441 0.0379
vn -0.2979 0.9523 -0.0656
vn -0.0741 0.8369 -0.5423
vn -0.0696 0.8448 -0.5305
vn 0.1181 0.4930 -0.8620
vn 0.0053 0.3110 -0.9504
vn 0.0926 0.0451 -0.9947
vn 0.7204 0.0142 -0.6935
vn 0.7820 0.0096 -0.6232
vn 0.7221 0.0141 -0.6917
vn 0.7618 0.0401 -0.6466
vn 0.7719 0.0393 -0.6345
vn 0.7090 0.0439 -0.7038
vn 0.9034 0.0223 -0.4283
vn 0.9343 0.0167 -0.3561
vn 0.9037 0.0223 -0.4276
vn 0.9353 0.0218 -0.3532
vn 0.9333 0.0222 -0.3585
vn 0.9021 0.0278 -0.4306
vn 0.9965 -0.0487 -0.0676
vn 0.9980 -0.0572 0.0282
vn 0.9972 -0.0498 -0.0557
vn 0.9961 -0.0676 0.0567
vn 0.9972 -0.0657 0.0347
vn 0.9965 -0.0571 -0.0610
vn 0.9586 -0.0874 0.2709
vn 0.9227 -0.0974 0.3731
vn 0.9612 -0.0865 0.2619
vn 0.8942 -0.1147 0.4327
vn 0.9155 -0.1101 0.3870
vn 0.9531 -0.1000 0.2856
vn 0.8152 -0.1021 0.5701
vn 0.7200 -0.1147 0.6844
vn 0.8211 -0.1012 0.5617
vn 0.7106 -0.2232 0.6673
vn 0.6569 -0.2291 0.7183
vn 0.6005 -0.2346 0.7644
vn 0.7602 0.0651 -0.6465
vn 0.8298 0.0587 -0.5549
vn 0.7703 0.0643 -0.6344
vn 0.8152 0.0885 -0.5724
vn 0.8156 0.0885 -0.5719
vn 0.7437 0.0946 -0.6618
vn 0.9332 0.1125 -0.3413
vn 0.9657 0.1041 -0.2378
vn 0.9312 0.1129 -0.3466
vn 0.9534 0.1429 -0.2659
vn 0.9516 0.1433 -0.2719
vn 0.9151 0.1515 -0.3737
vn 0.9958 0.0333 0.0852
vn 0.9839 0.0248 0.1770
vn 0.9974 0.0353 0.0631
vn 0.9846 0.1169 0.1301
vn 0.9867 0.1186 0.1111
vn 0.9917 0.1269 0.0190
vn 0.8239 0.0717 0.5622
vn 0.7883 0.0664 0.6117
vn 0.8510 0.0762 0.5197
vn 0.5575 -0.2837 0.7802
vn 0.5391 -0.2853 0.7924
vn 0.5882 -0.2810 0.7583
vn 0.6414 -0.2640 0.7203
vn 0.5537 -0.2722 0.7870
vn 0.5847 -0.2694 0.7652
vn 0.4326 -0.3497 0.8310
vn 0.3933 -0.3523 0.8492
vn 0.4898 -0.3455 0.8005
vn 0.5755 -0.2074 0.7910
vn 0.5249 -0.2117 0.8244
vn 0.5571 -0.2090 0.8037
vn 0.4021 -0.3091 0.8618
vn 0.3843 -0.3102 0.8695
vn 0.4385 -0.3066 0.8448
vn 0.4681 -0.2754 0.8397
vn 0.3918 -0.2806 0.8762
vn 0.4286 -0.2782 0.8596
vn 0.3480 -0.2925 0.8907
vn 0.3130 -0.2945 0.9029
vn 0.3920 -0.2898 0.8731
vn 0.4292 -0.2108 0.8782
vn 0.3868 -0.2136 0.8971
vn 0.4112 -0.2120 0.8865
vn 0.1775 -0.3096 0.9342
vn 0.1587 -0.3103 0.9373
vn 0.2038 -0.3084 0.9292
vn 0.2920 -0.4127 0.8628
vn 0.2327 -0.4157 0.8792
vn 0.2577 -0.4145 0.8728
vn -0.0864 -0.4465 0.8906
vn -0.1237 -0.4470 0.8859
vn -0.0630 -0.4460 0.8928
vn 0.2229 -0.1931 0.9555
vn 0.2157 -0.1934 0.9571
vn 0.2040 -0.1939 0.9596
vn -0.2180 -0.3262 0.9198
vn -0.2093 -0.3261 0.9219
vn -0.2026 -0.3261 0.9234
vn -0.0931 -0.4594 0.8833
vn -0.1451 -0.4601 0.8759
vn -0.1302 -0.4599 0.8784
vn -0.8839 -0.4196 0.2066
vn -0.8877 -0.4184 0.1920
vn -0.8734 -0.4225 0.2423
vn -0.8739 -0.4106 0.2600
vn -0.8914 -0.4059 0.2017
vn -0.8811 -0.4088 0.2377
vn -0.9260 -0.3562 -0.1253
vn -0.9231 -0.3538 -0.1509
vn -0.9289 -0.3594 -0.0898
vn -0.9671 -0.2396 -0.0850
vn -0.9580 -0.2319 -0.1688
vn -0.9629 -0.2353 -0.1321
vn -0.9528 -0.2185 -0.2108
vn -0.9441 -0.2148 -0.2502
vn -0.9604 -0.2226 -0.1674
vn -0.9495 -0.3047 -0.0750
vn -0.9380 -0.2949 -0.1823
vn -0.9440 -0.2989 -0.1395
vn -0.9254 -0.2123 -0.3140
vn -0.9133 -0.2088 -0.3498
vn -0.9446 -0.2190 -0.2444
vn -0.9639 -0.1904 -0.1859
vn -0.9280 -0.1768 -0.3280
vn -0.9485 -0.1836 -0.2582
vn -0.9463 -0.0687 -0.3160
vn -0.8849 -0.0541 -0.4626
vn -0.9430 -0.0678 -0.3257
vn -0.9127 -0.2462 -0.3262
vn -0.9077 -0.2448 -0.3408
vn -0.9044 -0.2438 -0.3501
vn -0.7644 -0.1871 -0.6169
vn -0.7588 -0.1863 -0.6241
vn -0.7683 -0.1876 -0.6120
vn -0.1502 -0.2160 0.9648
vn -0.6211 -0.2095 0.7552
vn -0.1415 -0.2158 0.9661
vn -0.9589 -0.1711 0.2265
vn -0.9473 -0.1244 -0.2953
vn -0.9609 -0.1704 0.2181
vn -0.9124 -0.2881 0.2907
vn -0.9147 -0.2876 0.2838
vn -0.9174 -0.2869 0.2757
vn -0.9820 -0.1267 -0.1398
vn -0.9835 -0.1278 -0.1280
vn -0.9844 -0.1284 -0.1206
vn -0.9663 -0.2508 -0.0575
vn -0.9636 -0.2466 -0.1031
vn -0.9650 -0.2484 -0.0842
vn -0.9427 -0.1411 -0.3023
vn -0.9346 -0.1387 -0.3277
vn -0.9483 -0.1430 -0.2833
vn -0.9425 -0.2470 -0.2253
vn -0.9282 -0.2415 -0.2829
vn -0.9333 -0.2433 -0.2642
vn -0.9109 -0.1408 -0.3879
vn -0.8957 -0.1373 -0.4230
vn -0.9191 -0.1429 -0.3671
vn -0.9206 -0.2239 -0.3199
vn -0.9005 -0.2184 -0.3761
vn -0.9083 -0.2205 -0.3556
vn -0.8232 0.1285 -0.5530
vn -0.7550 0.1380 -0.6410
vn -0.7936 0.1329 -0.5938
vn -0.8059 -0.0677 -0.5881
vn -0.7379 -0.0584 -0.6724
vn -0.7032 -0.0543 -0.7089
vn -0.8028 -0.0559 -0.5937
vn -0.7277 -0.0458 -0.6844
vn -0.7972 -0.0550 -0.6012
vn -0.4251 0.1712 -0.8888
vn -0.3396 0.1765 -0.9239
vn -0.3215 0.1775 -0.9301
vn -0.5102 0.0782 -0.8565
vn -0.4079 0.0856 -0.9090
vn -0.4910 0.0797 -0.8675
vn -0.5703 -0.0299 -0.8209
vn -0.4891 -0.0233 -0.8719
vn -0.4697 -0.0218 -0.8825
vn -0.5551 -0.0207 -0.8315
vn -0.4833 -0.0150 -0.8753
vn -0.5649 -0.0216 -0.8249
vn -0.0797 0.1798 -0.9805
vn 0.0287 0.1828 -0.9827
vn 0.0349 0.1829 -0.9825
vn -0.1240 0.1422 -0.9820
vn -0.0099 0.1458 -0.9893
vn -0.1184 0.1425 -0.9827
vn -0.1960 0.0484 -0.9794
vn -0.1182 0.0515 -0.9917
vn -0.1126 0.0517 -0.9923
vn -0.1979 0.0430 -0.9793
vn -0.1210 0.0461 -0.9916
vn -0.1987 0.0429 -0.9791
vn 0.2412 0.1086 -0.9644
vn 0.3511 0.1084 -0.9300
vn 0.3506 0.1084 -0.9302
vn 0.2341 0.0802 -0.9689
vn 0.3295 0.0802 -0.9407
vn 0.2188 0.0801 -0.9725
vn 0.1404 0.0545 -0.9886
vn 0.2324 0.0553 -0.9710
vn 0.2171 0.0553 -0.9746
vn 0.1269 0.0254 -0.9916
vn 0.2166 0.0264 -0.9759
vn 0.1244 0.0254 -0.9919
vn 0.9536 -0.2163 0.2095
vn 0.9499 -0.2177 0.2245
vn 0.9521 -0.2169 0.2156
vn 0.8068 -0.2773 0.5217
vn 0.8124 -0.2764 0.5135
vn 0.8208 -0.2751 0.5006
vn 0.8286 -0.3245 0.4563
vn 0.8156 -0.3268 0.4775
vn -0.8489 -0.1045 -0.5182
vn -0.8143 -0.4399 -0.3787
vn -0.8754 -0.2937 -0.3840
vn -0.8844 -0.2960 -0.3608
vn 0.7945 -0.4666 0.3887
vn 0.9366 -0.1208 0.3289
vn -0.9217 0.3144 0.2272
vn -0.9594 0.1564 0.2347
vn -0.9898 0.0145 0.1420
vn -0.9799 0.1153 0.1630
vn -0.9856 0.0863 0.1451
vn -0.9679 -0.1683 0.1869
vn -0.9589 -0.2171 0.1830
vn -0.3540 -0.9116 0.2088
vn -0.3967 -0.8470 0.3538
vn -0.9403 -0.2223 0.2576
vn -0.9618 0.0537 0.2683
vn -0.9744 0.0649 0.2150
vn -0.9683 -0.0209 0.2488
vn -0.9717 -0.1877 0.1432
vn -0.8056 -0.3145 0.5021
vn 0.0719 0.9528 0.2950
vn -0.1573 0.9717 0.1761
vn -0.4475 0.8901 0.0866
vn -0.1701 -0.0812 0.9821
vn -0.8427 0.5106 0.1707
vn -0.9092 0.2571 0.3275
vn -0.8990 0.2286 0.3736
vn -0.8877 0.0924 0.4511
vn -0.9824 0.1620 0.0932
vn -0.9580 0.2867 -0.0001
vn -0.7160 0.4785 0.5083
vn -0.7030 0.4750 0.5293
vn 0.0439 0.4625 0.8855
vn 0.0623 0.4068 0.9114
vn 0.6176 0.3436 0.7074
vn 0.5985 0.3827 0.7038
vn 0.6891 0.3756 0.6197
vn 0.7462 -0.2721 0.6076
vn 0.1661 -0.0911 0.9819
vn 0.4471 0.4984 0.7428
vn 0.5819 0.2433 0.7760
vn 0.5852 0.2435 0.7735
vn 0.5461 0.0942 0.8324
vn 0.5510 0.0946 0.8291
vn 0.5546 0.0949 0.8267
vn 0.5325 0.0804 0.8426
vn 0.5535 0.0822 0.8288
vn 0.5486 0.0817 0.8321
vn -0.0481 -0.8371 0.5449
vn -0.0426 -0.8370 0.5455
vn -0.0306 -0.8368 0.5466
vn -0.3820 -0.5779 0.7212
vn -0.3208 -0.5788 0.7497
vn -0.3279 -0.5787 0.7467
vn 0.0506 -0.0411 0.9979
vn 0.0581 -0.0409 0.9975
vn 0.1268 -0.0385 0.9912
vn 0.0214 0.2982 0.9543
vn 0.0368 0.2986 0.9537
vn 0.0299 0.2984 0.9540
vn 0.1103 0.3687 0.9230
vn 0.0677 0.3672 0.9277
vn 0.0758 0.3674 0.9270
vn 0.4229 -0.3058 0.8530
vn 0.4441 -0.3044 0.8427
vn 0.4852 -0.3014 0.8208
vn 0.5138 -0.2493 0.8209
vn 0.4462 -0.2544 0.8580
vn 0.5083 -0.2497 0.8242
vn 0.5404 -0.6224 0.5662
vn 0.5419 -0.6223 0.5649
vn 0.5887 -0.6173 0.5218
vn 0.5433 -0.6698 0.5062
vn 0.4752 -0.6765 0.5626
vn 0.5240 -0.6718 0.5235
vn 0.2108 -0.9437 -0.2549
vn 0.2154 -0.9440 -0.2498
vn 0.1952 -0.9427 -0.2705
vn 0.0785 -0.9757 -0.2045
vn 0.0918 -0.9760 -0.1975
vn 0.0819 -0.9758 -0.2028
vn -0.9988 0.0287 0.0408
vn -0.9989 -0.0296 0.0367
vn -0.9708 -0.1865 -0.1511
vn -0.9728 -0.1435 -0.1819
vn -0.9934 0.0880 -0.0742
vn -0.9835 -0.0226 0.1792
vn -0.9868 0.0283 0.1597
vn -0.9362 0.0468 0.3484
vn -0.9304 0.0321 0.3650
vn -0.8970 0.0700 0.4365
vn -0.8577 0.0329 0.5131
vn -0.7327 0.1172 0.6704
vn -0.7707 0.1360 0.6225
vn -0.9781 0.0764 0.1935
vn -0.9048 0.4021 -0.1403
vn -0.9130 0.4077 -0.0172
vn -0.9545 -0.2980 0.0123
vn -0.8455 -0.5241 0.1019
vn -0.5611 -0.8233 0.0861
vn -0.5479 -0.8170 0.1798
vn 0.1824 -0.8292 0.5283
vn 0.1307 -0.3899 0.9115
vn 0.0536 -0.4879 0.8713
vn -0.0065 0.3682 0.9297
vn 0.4536 0.0866 0.8870
vn 0.5415 0.0935 0.8355
vn 0.5204 0.0917 0.8490
vn 0.4133 0.0639 0.9083
vn 0.4657 0.0676 0.8824
vn 0.3731 0.0613 0.9258
vn 0.5209 -0.2608 0.8128
vn 0.6008 -0.2538 0.7581
vn 0.5658 -0.2570 0.7835
vn 0.6201 -0.2481 0.7443
vn 0.6091 -0.2491 0.7529
vn 0.5297 -0.2561 0.8086
vn 0.6360 -0.2729 0.7218
vn 0.6772 -0.2686 0.6850
vn 0.5930 -0.2770 0.7561
vn 0.7463 -0.1949 0.6365
vn 0.7232 -0.1976 0.6617
vn 0.6836 -0.2022 0.7013
vn 0.7843 -0.4242 0.4528
vn 0.8332 -0.4151 0.3653
vn 0.7931 -0.4227 0.4385
vn 0.8352 -0.4107 0.3658
vn 0.8469 -0.4081 0.3409
vn 0.8006 -0.4172 0.4300
vn 0.8091 -0.5677 0.1520
vn 0.8193 -0.5634 0.1066
vn 0.8043 -0.5694 0.1700
vn 0.8248 -0.5643 0.0368
vn 0.8230 -0.5657 0.0517
vn 0.8159 -0.5699 0.0974
vn 0.9199 -0.2945 0.2591
vn 0.9063 -0.2984 0.2994
vn 0.9121 -0.2968 0.2828
vn 0.9033 -0.2808 0.3242
vn 0.8925 -0.2835 0.3509
vn 0.9083 -0.2796 0.3112
vn 0.9061 -0.2959 0.3023
vn 0.9012 -0.2972 0.3154
vn 0.8119 -0.2650 0.5202
vn 0.8039 -0.2662 0.5319
vn 0.7726 -0.1237 0.6227
vn 0.6756 -0.1715 0.7170
vn 0.6956 -0.2055 0.6884
vn 0.6178 -0.2011 0.7602
vn 0.4973 0.0037 0.8676
vn 0.3195 0.0259 0.9472
vn 0.4099 -0.1312 0.9027
vn -0.0520 -0.4100 0.9106
vn 0.0104 -0.6192 0.7852
vn -0.2526 -0.6404 0.7253
vn -0.4216 -0.2271 0.8779
vn -0.6581 -0.0727 0.7494
vn 0.2381 0.8787 0.4137
vn 0.5148 -0.7699 0.3771
vn 0.1246 -0.9903 0.0620
vn -0.5182 0.2705 0.8114
vn 0.0778 0.2600 0.9625
vn 0.0665 0.2384 0.9689
vn 0.4672 -0.4573 0.7567
vn 0.3323 -0.5833 0.7412
vn 0.2604 0.3272 0.9084
vn 0.4475 0.0410 0.8933
vn 0.4152 -0.0437 0.9087
vn -0.4232 -0.2270 0.8771
vn -0.4221 -0.6378 0.6443
vn -0.6334 -0.6084 0.4781
vn -0.6861 -0.3993 0.6082
vn -0.9626 -0.1084 0.2481
vn -0.9760 -0.1917 -0.1034
vn -0.9958 -0.0166 -0.0905
vn -0.9136 -0.1335 -0.3840
vn -0.9304 -0.0294 -0.3655
vn -0.8657 -0.1214 -0.4857
vn -0.8487 -0.4320 -0.3052
vn -0.9827 0.0306 -0.1828
vn -0.9765 -0.0893 -0.1963
vn -0.9728 -0.1021 -0.2078
vn -0.9731 -0.0946 -0.2099
vn -0.9178 -0.2348 -0.3203
vn -0.9220 -0.2361 -0.3069
vn -0.9220 -0.2361 -0.3068
vn -0.9405 -0.3010 -0.1578
vn -0.9385 -0.2997 -0.1716
vn -0.9513 -0.1810 -0.2494
vn -0.9616 -0.1855 -0.2022
vn -0.9588 -0.1841 -0.2163
vn -0.9867 -0.1465 0.0712
vn -0.9896 -0.1423 0.0225
vn -0.9923 -0.0805 -0.0937
vn -0.9958 -0.0862 -0.0306
vn -0.9935 -0.0818 -0.0796
vn -0.9670 -0.0668 0.2457
vn -0.9670 -0.0668 0.2458
vn -0.9810 -0.0616 0.1840
vn -0.9235 -0.1486 0.3537
vn -0.9219 -0.1489 0.3578
vn -0.9434 -0.1442 0.2985
vn -0.7781 -0.1758 0.6030
vn -0.7805 -0.1758 0.6000
vn -0.9624 0.2693 0.0353
vn -0.9625 0.2697 0.0312
vn -0.8448 0.5199 0.1265
vn -0.8100 0.4881 0.3251
vn -0.6037 0.6334 0.4841
vn -0.5637 0.6280 0.5366
vn -0.6578 0.5595 0.5043
vn 0.0369 0.5483 0.8355
vn 0.1371 -0.9788 0.1523
vn 0.2421 -0.9146 0.3240
vn 0.2636 -0.8369 0.4796
vn 0.4383 -0.5457 0.7143
vn 0.5826 -0.3235 0.7456
vn 0.6400 -0.3524 0.6827
vn 0.1602 -0.8891 0.4289
vn 0.0208 0.6231 0.7819
vn -0.0453 0.6194 0.7838
vn -0.1348 -0.0738 0.9881
vn -0.1293 -0.0738 0.9889
vn -0.0600 0.0240 0.9979
vn -0.0581 0.0241 0.9980
vn -0.0526 0.0242 0.9983
vn 0.0222 -0.9064 0.4219
vn 0.0257 -0.9063 0.4219
vn 0.0247 -0.9063 0.4219
vn -0.0067 -0.9440 0.3299
vn -0.0054 -0.9440 0.3300
vn -0.0033 -0.9439 0.3301
vn -0.0896 -0.7888 0.6081
vn -0.0775 -0.7886 0.6100
vn -0.0797 -0.7887 0.6096
vn -0.4589 -0.7818 0.4222
vn -0.4676 -0.7812 0.4136
vn -0.4605 -0.7817 0.4207
vn -0.4683 -0.7723 0.4292
vn -0.4691 -0.7723 0.4284
vn -0.4602 -0.7728 0.4370
vn -0.6084 -0.7241 0.3248
vn -0.6125 -0.7236 0.3181
vn -0.6062 -0.7244 0.3283
vn -0.7180 -0.4869 0.4973
vn -0.7157 -0.4872 0.5005
vn -0.7099 -0.4877 0.5081
vn -0.7939 -0.5340 0.2907
vn -0.7920 -0.5343 0.2953
vn -0.7868 -0.5353 0.3072
vn 0.2700 0.4702 0.8403
vn 0.3168 0.0472 0.9473
vn 0.3265 0.0477 0.9440
vn 0.2187 -0.1398 0.9657
vn 0.2140 -0.1401 0.9667
vn 0.2241 -0.1396 0.9645
vn 0.0508 -0.8733 0.4846
vn 0.0552 -0.8731 0.4844
vn 0.0578 -0.8730 0.4842
vn 0.0098 -0.9076 0.4198
vn 0.0070 -0.9076 0.4197
vn 0.0133 -0.9075 0.4199
vn 0.0763 -0.7373 0.6713
vn 0.0841 -0.7370 0.6706
vn 0.0883 -0.7369 0.6702
vn -0.1006 -0.7796 0.6181
vn -0.0989 -0.7797 0.6183
vn -0.0883 -0.7795 0.6201
vn -0.8465 0.2524 0.4688
vn -0.9554 0.2954 0.0034
vn -0.9288 0.3694 -0.0302
vn -0.7362 0.4201 0.5306
vn -0.7082 0.3800 0.5950
vn 0.7591 -0.4588 0.4618
vn 0.9185 -0.1512 0.3655
vn 0.3919 -0.1977 0.8985
vn 0.7959 -0.0171 0.6051
vn 0.8101 -0.0738 0.5816
vn -0.2843 -0.9390 0.1936
vn -0.2857 -0.9389 0.1921
vn -0.2865 -0.9388 0.1911
vn -0.3720 -0.8994 0.2296
vn -0.3741 -0.8992 0.2269
vn -0.3726 -0.8993 0.2289
vn -0.7420 0.0357 0.6695
vn -0.7456 0.0359 0.6654
vn -0.7469 0.0361 0.6640
vn -0.6890 -0.0644 0.7219
vn -0.6930 -0.0642 0.7180
vn -0.3628 -0.9010 0.2379
vn -0.3667 -0.9007 0.2331
vn -0.3650 -0.9008 0.2353
vn -0.4414 -0.8643 0.2412
vn -0.4439 -0.8640 0.2376
vn -0.4399 -0.8644 0.2434
vn -0.8942 -0.1210 0.4310
vn -0.8987 -0.1202 0.4218
vn -0.8966 -0.1206 0.4261
vn -0.9375 0.0688 0.3411
vn -0.9409 0.0696 0.3314
vn -0.4615 -0.8213 0.3354
vn -0.4728 -0.8204 0.3216
vn -0.4647 -0.8210 0.3316
vn -0.4451 -0.8290 0.3386
vn -0.4488 -0.8287 0.3345
vn -0.4371 -0.8295 0.3476
vn -0.9905 0.1087 0.0840
vn -0.9921 0.1109 0.0589
vn -0.9909 0.1092 0.0781
vn -0.9917 0.1286 -0.0041
vn -0.9899 0.1220 0.0727
vn -0.9880 0.1197 0.0977
vn -0.9870 0.0972 0.1280
vn -0.9913 0.1010 0.0847
vn -0.9782 0.0923 0.1859
vn -0.9549 -0.2076 -0.2125
vn -0.9640 -0.2125 -0.1597
vn -0.9693 -0.2165 -0.1169
vn -0.9706 -0.2127 -0.1128
vn -0.9537 -0.2026 -0.2222
vn -0.9692 -0.2115 -0.1266
vn -0.9419 -0.2273 -0.2474
vn -0.9276 -0.2222 -0.3004
vn -0.9532 -0.2324 -0.1934
vn -0.9639 -0.1635 -0.2100
vn -0.9421 -0.1552 -0.2973
vn -0.9566 -0.1604 -0.2433
vn -0.7575 -0.3762 -0.5336
vn -0.7665 -0.3777 -0.5195
vn -0.8075 -0.3852 -0.4468
vn -0.7826 -0.3756 -0.4964
vn -0.7434 -0.3691 -0.5578
vn -0.7962 -0.3780 -0.4724
vn -0.5298 -0.5298 -0.6623
vn -0.5157 -0.5283 -0.6745
vn -0.5639 -0.5334 -0.6305
vn -0.5317 -0.5377 -0.6543
vn -0.4846 -0.5330 -0.6936
vn -0.5204 -0.5366 -0.6643
vn -0.9885 0.1207 0.0907
vn -0.9889 0.1211 0.0864
vn -0.9893 0.1216 0.0805
vn -0.1991 -0.7678 -0.6090
vn -0.2231 -0.7693 -0.5987
vn -0.2350 -0.7701 -0.5930
vn -0.0952 -0.7394 -0.6665
vn -0.1369 -0.7413 -0.6570
vn -0.1103 -0.7401 -0.6634
vn 0.0760 -0.8354 -0.5443
vn 0.0650 -0.8356 -0.5455
vn 0.0532 -0.8358 -0.5464
vn 0.0139 -0.8650 -0.5016
vn 0.0056 -0.8652 -0.5014
vn 0.0155 -0.8650 -0.5016
vn 0.0727 -0.9184 -0.3890
vn 0.0724 -0.9184 -0.3891
vn 0.0736 -0.9183 -0.3889
vn 0.1560 -0.8794 -0.4499
vn 0.1793 -0.8796 -0.4406
vn 0.1797 -0.8796 -0.4405
vn 0.1897 -0.8980 -0.3969
vn 0.1981 -0.8982 -0.3924
vn 0.2179 -0.8988 -0.3804
vn 0.0797 -0.9404 -0.3307
vn 0.1074 -0.9404 -0.3228
vn 0.1010 -0.9403 -0.3249
vn 0.0846 -0.9758 -0.2015
vn 0.0880 -0.9759 -0.1998
vn 0.0976 -0.9762 -0.1938
vn -0.5207 -0.7603 0.3884
vn -0.5338 -0.7592 0.3724
vn -0.5208 -0.7603 0.3882
vn -0.5112 -0.6771 0.5293
vn -0.5151 -0.6769 0.5258
vn -0.5153 -0.6769 0.5256
vn -0.7204 -0.0894 0.6878
vn -0.6985 -0.0908 0.7098
vn -0.6938 -0.0911 0.7144
vn -0.7264 -0.1220 0.6764
vn -0.7427 -0.1209 0.6587
vn -0.7170 -0.1227 0.6862
vn -0.7054 0.3299 0.6274
vn -0.6895 0.3287 0.6455
vn -0.6744 0.3277 0.6616
vn -0.1280 0.3170 0.9398
vn -0.1517 0.3167 0.9363
vn -0.1059 0.3173 0.9424
vn -0.1691 0.3367 0.9263
vn -0.1346 0.3371 0.9318
vn -0.1112 0.3375 0.9347
vn -0.0143 0.3415 0.9398
vn -0.0380 0.3410 0.9393
vn 0.0205 0.3425 0.9393
vn -0.0472 0.3434 0.9380
vn -0.0357 0.3437 0.9384
vn -0.0120 0.3443 0.9388
vn -0.4972 -0.5745 0.6502
vn -0.4477 -0.5762 0.6838
vn -0.4412 -0.5764 0.6879
vn -0.9213 -0.0120 0.3886
vn -0.8889 -0.0172 0.4577
vn -0.9184 -0.0125 0.3955
vn -0.8613 0.3257 0.3900
vn -0.8582 0.3251 0.3972
vn -0.8554 0.3246 0.4035
vn -0.8380 0.3927 0.3789
vn -0.8509 0.3953 0.3461
vn -0.8534 0.3959 0.3390
vn -0.9627 -0.2585 -0.0805
vn -0.9643 -0.2647 -0.0108
vn -0.9638 -0.2606 -0.0572
vn -0.9769 -0.2127 -0.0217
vn -0.9768 -0.2122 -0.0280
vn -0.9736 -0.2058 -0.0985
vn -0.7546 -0.5778 -0.3110
vn -0.7730 -0.5839 -0.2481
vn -0.7552 -0.5780 -0.3091
vn -0.7473 -0.6431 -0.1674
vn -0.7432 -0.6407 -0.1928
vn -0.7297 -0.6350 -0.2537
vn -0.8079 -0.5892 0.0132
vn -0.8103 -0.5847 -0.0383
vn -0.8094 -0.5871 -0.0109
vn -0.9646 -0.2503 0.0830
vn -0.9639 -0.2508 0.0893
vn -0.9550 -0.2560 0.1497
vn -0.8658 -0.0407 0.4988
vn -0.8842 -0.0382 0.4655
vn -0.8498 -0.0426 0.5254
vn -0.8027 0.3627 0.4735
vn -0.7907 0.3612 0.4942
vn -0.7726 0.3590 0.5236
vn -0.7097 0.3508 0.6110
vn -0.7313 0.3527 0.5838
vn -0.6942 0.3497 0.6291
vn -0.8391 -0.2180 0.4984
vn -0.8421 -0.2177 0.4935
vn -0.8219 -0.2200 0.5255
vn -0.7369 0.0080 0.6759
vn -0.7445 0.0086 0.6676
vn -0.7225 0.0070 0.6913
vn -0.7194 -0.3604 0.5937
vn -0.7432 -0.3585 0.5649
vn -0.7364 -0.3591 0.5734
vn -0.6946 -0.2812 0.6621
vn -0.6915 -0.2814 0.6654
vn -0.7102 -0.2802 0.6458
vn -0.6461 0.2638 0.7162
vn -0.6651 0.2649 0.6982
vn -0.6682 0.2651 0.6952
vn -0.2233 0.2547 0.9409
vn -0.1979 0.2548 0.9465
vn -0.2276 0.2546 0.9399
vn -0.1775 0.2895 0.9406
vn -0.1790 0.2894 0.9403
vn -0.2042 0.2893 0.9352
vn -0.0031 0.2638 0.9646
vn 0.0184 0.2644 0.9642
vn -0.0092 0.2636 0.9646
vn 0.0758 0.3735 0.9245
vn 0.0796 0.3737 0.9241
vn 0.0592 0.3730 0.9259
vn 0.2843 0.3133 0.9061
vn 0.2900 0.3137 0.9042
vn 0.2736 0.3128 0.9096
vn -0.6861 -0.4802 -0.5465
vn -0.7278 -0.4869 -0.4830
vn -0.7196 -0.4854 -0.4965
vn -0.7413 -0.4937 -0.4548
vn -0.7632 -0.4981 -0.4117
vn -0.7277 -0.4913 -0.4786
vn -0.7149 -0.5063 -0.4822
vn -0.7365 -0.5102 -0.4442
vn -0.7234 -0.5077 -0.4680
vn -0.7460 -0.5115 -0.4264
vn -0.7403 -0.5104 -0.4375
vn -0.7191 -0.5064 -0.4758
vn -0.7198 -0.5840 -0.3752
vn -0.7207 -0.5842 -0.3733
vn -0.6977 -0.5794 -0.4213
vn -0.6498 0.2990 0.6988
vn -0.6692 0.3002 0.6797
vn -0.6509 0.2990 0.6978
vn -0.7962 0.2816 0.5355
vn -0.7994 0.2820 0.5305
vn -0.7843 0.2803 0.5535
vn -0.7860 0.3910 0.4788
vn -0.7942 0.3920 0.4643
vn -0.7842 0.3907 0.4821
vn -0.8966 0.3381 0.2858
vn -0.8997 0.3389 0.2750
vn -0.8950 0.3376 0.2915
vn -0.9597 -0.2792 0.0336
vn -0.9883 -0.1290 -0.0808
vn -0.9997 0.0090 -0.0233
vn -0.8793 0.1527 0.4511
vn -0.6299 0.2280 0.7425
vn -0.7385 0.4137 0.5324
vn -0.8128 -0.2672 -0.5176
vn -0.8055 -0.2660 -0.5295
vn -0.7979 -0.2469 -0.5499
vn -0.8133 -0.2495 -0.5256
vn -0.8206 -0.2507 -0.5136
vn -0.7736 -0.2638 -0.5761
vn -0.7633 -0.2623 -0.5904
vn -0.7878 -0.2660 -0.5555
vn -0.0106 -0.8295 0.5584
vn -0.0235 -0.8298 0.5576
vn -0.0057 -0.8294 0.5586
vn 0.1983 -0.5546 0.8082
vn 0.1934 -0.5547 0.8093
vn 0.2109 -0.5540 0.8054
vn -0.0040 -0.5013 0.8653
vn -0.0078 -0.5014 0.8652
vn 0.0056 -0.5011 0.8654
vn -0.2273 -0.2929 0.9287
vn -0.2009 -0.2927 0.9349
vn -0.2053 -0.2928 0.9339
vn -0.1652 -0.3745 0.9124
vn -0.1283 -0.3741 0.9185
vn -0.1545 -0.3744 0.9143
vn -0.2087 -0.0053 0.9780
vn -0.2402 -0.0054 0.9707
vn -0.2292 -0.0054 0.9734
vn -0.0618 -0.2399 0.9688
vn -0.0559 -0.2397 0.9692
vn -0.0239 -0.2390 0.9707
vn -0.0856 -0.1332 0.9874
vn -0.1233 -0.1338 0.9833
vn -0.0991 -0.1334 0.9861
vn -0.1279 -0.1007 0.9867
vn -0.1587 -0.1012 0.9821
vn -0.1211 -0.1006 0.9875
vn -0.1137 -0.6839 0.7207
vn -0.1135 -0.6839 0.7207
vn -0.1082 -0.6838 0.7216
vn -0.0252 -0.7697 0.6379
vn -0.0044 -0.7693 0.6389
vn -0.0046 -0.7693 0.6389
vn 0.0617 -0.1840 0.9810
vn 0.0803 -0.1835 0.9797
vn 0.0743 -0.1836 0.9802
vn 0.0735 -0.2772 0.9580
vn 0.0548 -0.2779 0.9591
vn 0.0364 -0.2784 0.9598
vn 0.2801 -0.1230 0.9521
vn 0.2427 -0.1249 0.9620
vn 0.2059 -0.1265 0.9704
vn 0.3697 -0.3538 0.8591
vn 0.3460 -0.3552 0.8684
vn 0.3805 -0.3531 0.8547
vn 0.0621 -0.9307 -0.3604
vn 0.0698 -0.9306 -0.3593
vn 0.0366 -0.9312 -0.3628
vn 0.0698 -0.9179 -0.3907
vn 0.0775 -0.9178 -0.3894
vn 0.0689 -0.9179 -0.3908
vn 0.6025 -0.7950 -0.0705
vn 0.6018 -0.7974 -0.0444
vn 0.6023 -0.7939 -0.0837
vn 0.6264 -0.7686 -0.1301
vn 0.6247 -0.7673 -0.1453
vn 0.6206 -0.7650 -0.1724
vn 0.7385 -0.5293 0.4177
vn 0.6947 -0.5359 0.4798
vn 0.7299 -0.5307 0.4309
vn 0.6596 -0.5442 0.5184
vn 0.6412 -0.5465 0.5387
vn 0.6905 -0.5401 0.4811
vn 0.4597 -0.8516 -0.2521
vn 0.4637 -0.8524 -0.2418
vn 0.4551 -0.8507 -0.2630
vn 0.4350 -0.8832 -0.1754
vn 0.4353 -0.8833 -0.1740
vn 0.4330 -0.8825 -0.1836
vn 0.6472 -0.5601 0.5171
vn 0.6169 -0.5637 0.5492
vn 0.6288 -0.5623 0.5370
vn 0.6502 -0.5592 0.5143
vn 0.6117 -0.5637 0.5549
vn 0.6422 -0.5602 0.5231
vn 0.5432 -0.2194 0.8104
vn 0.5231 -0.2211 0.8231
vn 0.5112 -0.2220 0.8303
vn 0.5447 -0.2926 0.7859
vn 0.5312 -0.2937 0.7947
vn 0.4995 -0.2963 0.8141
vn 0.5868 -0.6291 0.5098
vn 0.5497 -0.6332 0.5449
vn 0.5881 -0.6290 0.5084
vn 0.3344 -0.8863 -0.3204
vn 0.3342 -0.8863 -0.3207
vn 0.3182 -0.8850 -0.3399
vn 0.2407 -0.8996 -0.3643
vn 0.2658 -0.9009 -0.3432
vn 0.2484 -0.9000 -0.3583
vn 0.2860 -0.9409 -0.1816
vn 0.2832 -0.9403 -0.1889
vn 0.2725 -0.9385 -0.2121
vn -0.0115 0.9693 0.2456
vn -0.2484 0.9582 0.1422
vn 0.1078 -0.3294 0.9380
vn 0.4949 -0.2117 0.8428
vn 0.5069 0.3398 0.7922
vn -0.4100 0.9064 0.1011
vn -0.3690 -0.9217 -0.1194
vn -0.1584 -0.9848 -0.0716
vn 0.1117 -0.0594 0.9920
vn 0.0424 -0.0616 0.9972
vn 0.0807 -0.0604 0.9949
vn 0.4106 -0.2845 0.8663
vn 0.4049 -0.2849 0.8688
vn 0.4658 -0.2807 0.8392
vn 0.4522 -0.6132 0.6477
vn 0.4284 -0.6151 0.6619
vn 0.4727 -0.6115 0.6345
vn -0.8980 -0.0897 -0.4308
vn -0.9757 -0.0505 -0.2132
vn -0.9529 -0.2696 -0.1390
vn -0.9523 -0.2453 -0.1816
vn -0.9707 -0.2281 -0.0756
vn -0.9769 -0.2063 -0.0566
vn -0.9869 -0.1510 -0.0564
vn -0.9893 -0.0608 -0.1326
vn -0.9774 -0.0414 -0.2073
vn -0.9712 0.0125 -0.2378
vn -0.9633 -0.0445 -0.2646
vn -0.9672 -0.1418 -0.2110
vn -0.9343 -0.0598 0.3514
vn -0.9499 -0.1753 0.2586
vn -0.8028 0.3656 0.4711
vn -0.8084 0.3663 0.4608
vn -0.7910 0.3639 0.4919
vn -0.9098 -0.1560 0.3845
vn -0.9171 -0.1547 0.3674
vn -0.9121 -0.1556 0.3792
vn -0.7239 -0.4748 0.5005
vn -0.8009 -0.3745 0.4672
vn -0.2319 -0.9725 -0.0233
vn -0.4288 -0.9034 0.0039
vn -0.9722 -0.1722 -0.1584
vn -0.9660 -0.1687 -0.1960
vn -0.9685 -0.1701 -0.1818
vn -0.9583 -0.2489 -0.1407
vn -0.9503 -0.2440 -0.1933
vn -0.9562 -0.2475 -0.1561
vn -0.4581 -0.8788 0.1340
vn -0.9426 -0.3261 -0.0720
vn -0.9488 -0.2440 -0.2006
vn -0.8698 -0.0740 0.4878
vn -0.7793 -0.1811 0.5999
vn -0.7859 -0.1685 0.5949
vn -0.8613 -0.0780 0.5021
vn -0.9541 -0.1625 0.2516
vn -0.9429 -0.1885 0.2745
vn 0.7683 -0.1707 0.6169
vn 0.3131 -0.0810 0.9462
vn 0.3088 -0.9286 -0.2058
vn 0.3092 -0.9286 -0.2051
vn 0.3087 -0.9286 -0.2061
vn 0.3147 -0.9291 -0.1944
vn 0.3118 -0.9285 -0.2017
vn 0.3115 -0.9284 -0.2024
vn 0.0913 -0.3367 0.9372
vn 0.1106 -0.3361 0.9353
vn 0.0729 -0.3373 0.9386
vn 0.0678 -0.4491 0.8909
vn 0.0618 -0.4493 0.8912
vn 0.0432 -0.4500 0.8920
vn -0.7466 0.3659 0.5556
vn -0.6194 0.3727 0.6909
vn -0.5781 0.3155 0.7525
vn -0.2125 0.3094 0.9269
vn -0.1819 -0.0276 0.9829
vn -0.2701 0.0772 0.9597
vn -0.3156 0.3271 0.8907
vn -0.1452 0.2437 0.9589
vn 0.0135 -0.3328 0.9429
vn 0.1191 -0.2887 0.9500
vn 0.1145 -0.2770 0.9540
vn 0.4589 -0.1924 0.8674
vn 0.4549 -0.2410 0.8573
vn 0.5697 -0.3049 0.7632
vn -0.0484 -0.8528 0.5200
vn 0.3853 -0.2442 0.8899
vn 0.5458 0.0097 0.8379
vn -0.7737 0.3278 0.5421
vn -0.8442 0.1048 0.5257
vn -0.7980 0.1821 0.5745
vn -0.7668 0.2849 0.5752
vn -0.7896 0.2523 0.5594
vn -0.8209 -0.2733 0.5013
vn -0.8208 -0.2615 0.5079
vn -0.3670 -0.9260 0.0885
vn -0.3269 -0.9197 0.2175
vn -0.8750 0.3452 0.3395
vn -0.9940 0.0353 0.1034
vn -0.8007 -0.5644 0.2006
vn -0.8606 0.3461 0.3736
vn -0.9250 0.3639 0.1091
vn 0.0357 -0.9181 0.3947
vn 0.0117 -0.9253 0.3790
vn 0.1368 -0.9344 0.3289
vn 0.1706 -0.9124 0.3719
vn 0.3992 -0.8575 0.3246
vn 0.3931 -0.8645 0.3132
vn 0.0877 -0.9596 0.2675
vn 0.4789 -0.1702 0.8612
vn 0.5103 -0.1140 0.8524
vn 0.2813 0.2088 0.9366
vn 0.2103 0.0741 0.9748
vn 0.1750 0.2353 0.9560
vn 0.6062 0.2692 0.7484
vn 0.2958 0.3254 0.8981
vn -0.0227 -0.2306 0.9728
vn 0.0012 -0.2581 0.9661
vn 0.0157 -0.9272 0.3743
vn 0.3210 -0.8494 0.4189
vn 0.2870 -0.4753 0.8317
vn 0.4993 -0.1848 0.8465
vn 0.4113 0.4899 0.7687
vn 0.3243 0.2365 0.9159
vn 0.0621 0.4004 0.9143
vn -0.0568 0.1060 0.9927
vn 0.1417 0.0163 0.9898
vn 0.1495 -0.0950 0.9842
vn 0.4001 -0.1851 0.8976
vn 0.3568 -0.0935 0.9295
vn 0.4154 -0.0898 0.9052
vn 0.6095 -0.1174 0.7840
vn 0.6478 -0.1136 0.7533
vn 0.5982 -0.1184 0.7926
vn 0.2038 0.8963 0.3939
vn 0.2999 -0.9328 0.1997
vn 0.1284 -0.9896 0.0653
vn -0.7896 0.2747 0.5487
vn -0.2972 0.2668 0.9168
vn -0.2710 0.3094 0.9115
vn 0.0379 0.0090 0.9992
vn -0.8397 -0.4564 0.2943
vn -0.9767 -0.1603 0.1425
vn -0.9749 -0.1462 0.1678
vn -0.9864 -0.0891 0.1384
vn -0.9980 -0.0491 0.0406
vn -0.1746 0.2204 0.9597
vn 0.2066 0.1347 0.9691
vn 0.2268 0.0513 0.9726
vn 0.3025 0.0115 0.9531
vn 0.3747 -0.2104 0.9030
vn 0.5989 -0.2367 0.7650
vn 0.5607 -0.1747 0.8094
vn 0.6688 -0.1879 0.7193
vn 0.6963 -0.3296 0.6376
vn 0.7060 -0.3285 0.6275
vn 0.4669 0.0522 0.8828
vn 0.0045 0.1230 0.9924
vn 0.0272 -0.1824 0.9828
vn 0.2977 -0.1693 0.9395
vn 0.2936 -0.1694 0.9408
vn 0.2368 -0.1724 0.9562
vn 0.0161 -0.1890 0.9818
vn 0.0117 -0.1891 0.9819
vn 0.0191 -0.1943 0.9808
vn -0.6501 -0.0198 0.7596
vn -0.5737 0.0823 0.8149
vn -0.8941 -0.4348 0.1074
vn -0.7881 0.2528 0.5613
vn -0.7479 -0.2183 0.6269
vn -0.7585 -0.2452 0.6038
vn -0.3259 -0.9214 0.2115
vn -0.5505 -0.8348 0.0032
vn -0.4210 -0.9026 0.0896
vn -0.5265 -0.8421 -0.1170
vn -0.5141 -0.8493 -0.1196
vn -0.2890 -0.9533 0.0878
vn -0.6376 -0.7508 -0.1726
vn -0.1535 -0.9856 -0.0706
vn 0.7569 -0.2141 0.6175
vn 0.7247 -0.2181 0.6536
vn 0.7475 -0.2153 0.6284
vn 0.5612 -0.1724 0.8095
vn 0.5201 -0.1757 0.8358
vn -0.5294 0.3137 0.7883
vn -0.8003 0.0233 0.5992
vn 0.3980 0.0308 0.9169
vn 0.4787 -0.0471 0.8767
vn -0.4091 -0.8194 0.4016
vn -0.6450 -0.7048 0.2952
vn -0.7780 -0.2292 0.5850
vn -0.3811 -0.0755 0.9214
vn -0.3720 0.0037 0.9282
vn -0.4871 0.0057 0.8733
vn -0.2299 -0.5802 0.7814
vn -0.5620 -0.3162 0.7643
vn -0.6230 0.2666 0.7354
vn -0.7603 0.3346 0.5568
vn -0.7502 -0.3201 0.5786
vn -0.6472 0.2520 0.7194
vn -0.4847 0.3299 0.8101
vn 0.1341 0.3096 0.9414
vn -0.2257 0.2613 0.9385
vn -0.2241 0.3005 0.9271
vn 0.7715 -0.3311 0.5432
vn 0.8176 -0.2250 0.5301
vn 0.8549 -0.2387 0.4606
vn 0.8651 -0.2254 0.4481
vn 0.6601 -0.0807 0.7468
vn 0.7618 -0.0114 0.6477
vn 0.6761 0.0549 0.7347
vn 0.6558 -0.1975 0.7286
vn 0.7259 -0.1904 0.6609
vn 0.6178 -0.0429 0.7851
vn 0.6479 -0.0190 0.7615
vn 0.5095 0.0614 0.8583
vn 0.7611 -0.3388 0.5531
vn 0.6904 -0.3200 0.6488
vn 0.6527 -0.2336 0.7207
vn 0.6604 -0.1785 0.7294
vn 0.7236 -0.0893 0.6844
vn 0.7747 -0.0706 0.6284
vn 0.8683 -0.0594 0.4925
vn 0.7706 -0.1311 0.6237
vn 0.7642 -0.1181 0.6340
vn 0.7389 -0.1690 0.6523
vn 0.6814 -0.1560 0.7151
vn 0.0430 0.2715 0.9615
vn 0.0605 0.1677 0.9840
vn 0.4478 0.1303 0.8846
vn 0.4323 0.1993 0.8794
vn 0.4472 0.2219 0.8665
vn 0.4207 0.3829 0.8224
vn 0.5107 0.2332 0.8275
vn 0.6266 0.0875 0.7744
vn 0.6137 0.0564 0.7875
vn 0.4995 0.0593 0.8643
vn 0.4928 0.0907 0.8654
vn 0.0688 0.2379 0.9688
vn 0.3509 0.4628 0.8140
vn 0.0038 0.4704 0.8824
vn 0.0225 0.2779 0.9603
vn 0.0981 0.2131 0.9721
vn 0.1254 0.0886 0.9881
vn -0.4783 -0.0737 0.8751
vn -0.4783 -0.5761 0.6629
vn -0.2490 -0.3214 0.9136
vn -0.1721 0.2588 0.9505
vn 0.0547 0.3211 0.9455
vn 0.0685 0.4653 0.8825
vn 0.0285 -0.2425 0.9697
vn 0.1571 -0.7182 0.6779
vn -0.0770 -0.8248 0.5601
vn 0.5948 -0.0757 0.8003
vn 0.5497 0.1365 0.8241
vn 0.6103 0.2606 0.7481
vn -0.9847 -0.1744 -0.0041
vn -0.9775 -0.2104 0.0131
vn -0.9863 -0.1490 0.0714
vn -0.9846 -0.1604 -0.0693
vn -0.9867 -0.1437 -0.0759
vn -0.9779 -0.1776 -0.1100
vn -0.8754 -0.2532 0.4119
vn -0.8911 -0.2506 0.3783
vn -0.8835 -0.2519 0.3950
vn -0.9464 -0.0973 0.3079
vn -0.9678 -0.0913 0.2347
vn -0.9579 -0.0943 0.2710
vn -0.9331 -0.3246 0.1545
vn -0.9308 -0.3256 0.1660
vn -0.9376 -0.3225 0.1296
vn -0.8602 -0.3137 0.4022
vn -0.8686 -0.3122 0.3848
vn -0.8762 -0.3110 0.3681
vn -0.7980 -0.4296 0.4225
vn -0.8099 -0.4281 0.4010
vn -0.8010 -0.4293 0.4172
vn 0.9306 -0.3154 0.1860
vn 0.8982 -0.4382 0.0365
vn 0.7068 -0.7015 0.0912
vn 0.7643 -0.6082 0.2143
vn -0.3782 -0.7699 0.5141
vn -0.1423 -0.4169 0.8977
vn -0.4845 -0.2979 0.8225
vn -0.3008 -0.1766 0.9372
vn -0.0965 -0.1918 0.9767
vn -0.1535 0.0945 0.9836
vn -0.0104 0.2599 0.9656
vn -0.0459 0.8039 0.5930
vn 0.0031 0.8258 0.5639
vn 0.0353 0.9403 0.3386
vn 0.4385 0.7615 0.4774
vn 0.3311 0.7747 0.5387
vn 0.6795 0.4408 0.5865
vn 0.7190 0.5196 0.4616
vn -0.2589 0.1090 0.9597
vn -0.3405 0.2058 0.9174
vn -0.2181 0.7923 0.5698
vn -0.3612 0.8259 0.4330
vn -0.3236 0.9053 0.2752
vn -0.4295 0.8906 0.1495
vn -0.3962 0.9159 0.0648
vn -0.5391 0.8390 -0.0736
vn -0.4721 0.8606 -0.1911
vn -0.6183 0.7041 -0.3492
vn -0.6063 0.6946 -0.3872
vn -0.7358 0.5021 -0.4543
vn -0.7282 0.4939 -0.4751
vn -0.8124 0.2684 -0.5177
vn -0.8299 0.3225 -0.4553
vn -0.8758 -0.2041 -0.4373
vn -0.9667 -0.0602 -0.2489
vn -0.6531 0.5387 -0.5322
vn -0.6752 0.5855 -0.4487
vn -0.2958 0.6260 -0.7215
vn -0.1971 0.5346 -0.8218
vn 0.0033 0.5673 -0.8235
vn 0.0554 0.3514 -0.9346
vn 0.2569 0.3610 -0.8965
vn 0.2836 0.0701 -0.9564
vn 0.5682 0.0591 -0.8208
vn 0.5577 0.0704 -0.8270
vn 0.8268 0.0643 -0.5588
vn 0.8973 -0.0653 -0.4366
vn 0.9549 -0.0683 -0.2891
vn 0.9570 -0.2480 -0.1506
vn 0.9620 -0.2038 0.1815
vn 0.9770 -0.1339 0.1660
vn 0.6505 -0.3686 0.6641
vn 0.7408 -0.2104 0.6379
vn -0.8023 0.3284 -0.4985
vn -0.7282 0.2058 -0.6537
vn -0.3234 0.2650 -0.9084
vn -0.2971 0.2143 -0.9305
vn -0.0989 0.1951 -0.9758
vn -0.0804 0.0789 -0.9936
vn 0.2888 0.0748 -0.9545
vn 0.2979 -0.0190 -0.9544
vn 0.5496 -0.0232 -0.8351
vn 0.6787 -0.1640 -0.7158
vn 0.8798 -0.1515 -0.4506
vn 0.9123 -0.2337 -0.3362
vn 0.9686 -0.2037 -0.1427
vn 0.9688 -0.1965 -0.1508
vn 0.0151 0.9503 0.3109
vn 0.0322 0.9736 0.2259
vn 0.1121 0.9711 0.2105
vn 0.1476 0.9851 0.0879
vn 0.3816 0.9206 0.0825
vn 0.4166 0.9077 -0.0506
vn 0.3705 0.9284 -0.0291
vn 0.4293 0.7594 -0.4889
vn 0.4633 0.7348 -0.4954
vn 0.0686 -0.8072 -0.5862
vn 0.0587 -0.8074 -0.5871
vn 0.0699 -0.8072 -0.5861
vn 0.0956 -0.8460 -0.5245
vn 0.1042 -0.8459 -0.5230
vn -0.2420 -0.7725 -0.5871
vn -0.2321 -0.7717 -0.5921
vn -0.3169 -0.2172 -0.9232
vn -0.4978 -0.1832 -0.8477
vn -0.4833 -0.2381 -0.8424
vn -0.7863 -0.1798 -0.5911
vn -0.8408 -0.0991 -0.5321
vn 0.9554 -0.1126 0.2730
vn 0.9570 -0.0976 0.2732
vn 0.9864 0.0081 0.1644
vn 0.9768 0.1548 0.1480
vn 0.9570 0.2070 -0.2032
vn 0.8397 0.4734 -0.2661
vn 0.6438 0.4940 -0.5844
vn 0.6413 0.4959 -0.5855
vn 0.9666 -0.0087 -0.2562
vn 0.9534 0.0950 -0.2864
vn 0.8285 0.1085 -0.5493
vn 0.6722 0.3370 -0.6593
vn 0.5471 0.3520 -0.7595
vn 0.5661 0.3312 -0.7549
vn 0.2436 0.3447 -0.9066
vn 0.2013 0.5390 -0.8179
vn -0.0583 0.5221 -0.8509
vn 0.4799 0.8381 -0.2592
vn 0.3382 0.8433 -0.4177
vn 0.2030 0.9722 -0.1168
vn 0.8020 0.5791 0.1464
vn 0.7859 0.5598 0.2626
vn 0.9107 0.2164 0.3520
vn 0.9100 0.2144 0.3549
vn 0.8992 -0.2199 0.3783
vn 0.8524 -0.2706 0.4475
vn 0.8117 -0.0962 0.5761
vn 0.4168 0.6890 0.5929
vn 0.4735 0.5696 0.6718
vn 0.2933 0.2603 0.9199
vn 0.3544 -0.0252 0.9348
vn 0.3391 -0.0728 0.9379
vn -0.2149 -0.0834 0.9731
vn 0.2858 0.9497 -0.1282
vn 0.2146 0.9751 0.0557
vn 0.0339 0.9961 0.0809
vn 0.0138 0.9901 0.1400
vn -0.1081 0.9810 0.1611
vn -0.1519 0.9357 0.3186
vn -0.0723 0.9486 0.3080
vn -0.2152 0.7030 0.6778
vn -0.0229 0.7638 0.6450
vn 0.0143 -0.1313 0.9912
vn 0.7675 0.5706 0.2923
vn 0.7655 0.5672 0.3039
vn 0.6913 0.5882 0.4197
vn 0.6848 0.5754 0.4472
vn 0.5857 0.5770 0.5692
vn 0.5482 0.4792 0.6855
vn 0.4594 0.4300 0.7772
vn 0.2581 -0.0922 0.9617
vn 0.0996 -0.2023 0.9742
vn 0.1183 -0.1684 0.9786
vn 0.0582 -0.1995 0.9782
vn -0.1832 0.9814 0.0577
vn -0.1471 0.9876 -0.0543
vn -0.0218 0.9976 -0.0665
vn 0.0332 0.9674 -0.2509
vn -0.3570 0.9044 -0.2338
vn -0.3380 0.8943 -0.2931
vn -0.2091 0.9133 -0.3495
vn -0.1352 0.7597 -0.6361
vn -0.0985 0.7537 -0.6498
vn -0.1229 -0.6710 -0.7312
vn -0.1353 -0.6716 -0.7285
vn -0.1224 -0.6709 -0.7313
vn -0.4740 -0.5656 -0.6749
vn -0.4624 -0.5645 -0.6838
vn -0.5034 -0.6131 -0.6089
vn -0.5070 -0.6135 -0.6055
vn -0.4967 -0.6124 -0.6150
vn -0.7517 -0.5759 -0.3213
vn -0.7499 -0.5754 -0.3263
vn 0.3728 0.8564 0.3573
vn 0.4446 0.8294 0.3382
vn 0.6960 0.5761 0.4285
vn 0.7158 0.5928 0.3691
vn 0.1408 0.7844 -0.6041
vn 0.1477 0.7897 -0.5955
vn 0.0197 0.9606 -0.2771
vn -0.5511 0.7115 -0.4359
vn -0.5468 0.7017 -0.4567
vn -0.2671 0.7199 -0.6406
vn 0.8971 0.2215 0.3823
vn 0.7896 0.1175 0.6022
vn 0.8501 0.0859 0.5196
vn 0.7841 0.0487 0.6187
vn -0.5027 -0.1887 -0.8436
vn -0.7838 -0.1151 -0.6102
vn -0.9392 -0.3107 -0.1461
vn -0.9590 -0.2073 -0.1935
vn 0.6827 0.1807 0.7080
vn 0.5784 0.4896 0.6525
vn 0.6193 0.5934 0.5141
vn 0.5295 0.5282 -0.6638
vn 0.4977 0.5573 -0.6646
vn 0.2424 0.5769 -0.7800
vn -0.9773 -0.1828 -0.1069
vn -0.7499 -0.5056 -0.4267
vn -0.7667 -0.5254 -0.3689
vn 0.9524 0.2170 0.2143
vn 0.8218 0.5594 0.1086
vn 0.8123 0.5590 -0.1664
vn 0.7802 -0.2770 0.5608
vn 0.8660 -0.1776 0.4673
vn 0.6188 -0.2333 0.7501
vn 0.2066 -0.2474 0.9466
vn 0.3357 -0.1898 0.9226
vn 0.6061 -0.1623 0.7786
vn -0.8252 -0.1620 -0.5411
vn -0.9830 0.0393 -0.1793
vn -0.8407 -0.1007 -0.5320
vn -0.7644 0.0061 -0.6447
vn -0.3770 -0.0185 -0.9260
vn -0.3620 -0.0470 -0.9310
vn -0.2209 -0.0463 -0.9742
vn -0.2006 -0.1338 -0.9705
vn 0.1131 -0.1544 -0.9815
vn 0.8324 0.5513 -0.0558
vn 0.7661 0.6241 0.1534
vn 0.7232 0.6857 0.0823
vn 0.6610 0.6910 0.2926
vn 0.4803 0.8495 0.2181
vn 0.4030 -0.8073 -0.4311
vn 0.4098 -0.8078 -0.4237
vn 0.4107 -0.8079 -0.4227
vn 0.3202 -0.8502 -0.4178
vn 0.3267 -0.8506 -0.4120
vn 0.5869 -0.7871 -0.1898
vn 0.5891 -0.7880 -0.1789
vn 0.6384 -0.6851 -0.3507
vn 0.6386 -0.6853 -0.3502
vn 0.6329 -0.6843 -0.3621
vn 0.8057 -0.5885 -0.0672
vn 0.8059 -0.5898 -0.0526
vn 0.7689 -0.6393 0.0105
vn 0.7679 -0.6402 0.0195
vn 0.7692 -0.6390 0.0056
vn 0.7027 -0.6045 0.3753
vn 0.6999 -0.6050 0.3797
vn -0.9145 -0.2008 -0.3513
vn -0.9581 -0.2228 -0.1798
vn -0.8931 0.2703 -0.3596
vn -0.8930 0.2677 -0.3618
vn -0.9416 0.2910 -0.1692
vn -0.9374 0.3138 -0.1511
vn -0.9428 0.3170 -0.1031
vn -0.9289 0.3593 -0.0892
vn -0.9121 0.3972 0.1014
vn -0.8794 0.4590 0.1262
vn -0.8209 0.4792 0.3108
vn -0.7034 0.6213 0.3452
vn -0.6670 0.6212 0.4114
vn -0.6162 0.2586 0.7440
vn -0.6439 0.1550 0.7492
vn -0.7868 0.1631 0.5953
vn -0.7949 0.1382 0.5908
vn -0.9578 0.0850 0.2744
vn -0.9649 0.0504 0.2578
vn -0.9998 0.0080 0.0199
vn -0.9911 -0.1175 -0.0624
vn -0.9903 -0.1171 -0.0746
vn -0.6483 0.7490 0.1368
vn -0.6805 0.7280 0.0831
vn -0.5837 0.8092 -0.0671
vn -0.7615 0.6247 -0.1725
vn -0.7610 0.6143 -0.2085
vn -0.8489 0.4672 -0.2472
vn -0.8434 0.4192 -0.3361
vn -0.9042 0.4041 -0.1383
vn -0.9035 0.4085 -0.1295
vn -0.8180 0.5742 0.0339
vn -0.8438 0.5284 -0.0936
vn -0.9994 -0.0316 -0.0131
vn -0.9858 -0.0458 0.1613
vn -0.8500 -0.3347 0.4067
vn -0.7502 -0.2146 0.6254
vn -0.4830 -0.4135 0.7718
vn -0.2257 -0.2210 0.9488
vn 0.0503 -0.3639 0.9301
vn 0.3338 -0.0682 0.9402
vn 0.4291 -0.0618 0.9011
vn 0.6990 0.5197 0.4912
vn 0.7023 0.5203 0.4858
vn 0.7336 -0.5486 0.4011
vn 0.7371 -0.5481 0.3954
vn 0.9954 0.0400 -0.0874
vn 0.9982 0.0283 0.0527
vn 0.0078 0.7033 0.7108
vn 0.0046 0.7008 0.7133
vn -0.3956 0.6328 0.6656
vn -0.5037 0.2462 0.8281
vn -0.7589 0.0577 0.6487
vn -0.2340 0.0439 0.9712
vn 0.0326 0.2055 0.9781
vn -0.0310 0.9959 0.0847
vn -0.5981 0.7341 0.3216
vn -0.6041 0.7136 0.3548
vn -0.8675 0.2061 0.4528
vn 0.0312 -0.9959 -0.0848
vn -0.5491 -0.8140 0.1897
vn -0.5562 -0.7998 0.2259
vn -0.3522 -0.7594 0.5471
vn 0.0518 -0.8090 0.5855
vn 0.0551 -0.8108 0.5827
vn -0.9714 -0.0541 0.2313
vn -0.9419 -0.0614 0.3302
vn -0.7594 -0.3601 0.5418
vn -0.5993 -0.2205 0.7696
vn -0.3024 -0.4163 0.8574
vn -0.0181 -0.2209 0.9751
vn 0.2133 -0.3430 0.9148
vn 0.4927 -0.0566 0.8683
vn 0.6373 -0.0431 0.7695
vn 0.7763 0.5377 0.3290
vn 0.7762 0.5376 0.3295
vn 0.8135 -0.5305 0.2381
vn 0.9549 0.0586 -0.2912
vn 0.9869 0.0480 -0.1540
vn 0.1347 0.7277 0.6726
vn 0.1123 0.7071 0.6982
vn -0.2612 0.6304 0.7310
vn -0.3247 0.2432 0.9140
vn -0.6083 0.0445 0.7925
vn -0.0335 0.9958 0.0853
vn -0.5494 0.7062 0.4466
vn -0.7791 0.2091 0.5909
vn -0.5493 0.7038 0.4505
vn 0.1949 0.1974 0.9607
vn -0.0273 0.0512 0.9983
vn 0.0335 -0.9958 -0.0854
vn -0.4979 -0.8075 0.3164
vn -0.4981 -0.8058 0.3203
vn -0.2144 -0.7616 0.6115
vn 0.1635 -0.8059 0.5690
vn 0.1869 -0.8203 0.5406
vn -0.5566 0.0510 -0.8292
vn -0.6675 0.0398 -0.7436
vn -0.7763 -0.5375 -0.3293
vn -0.7786 -0.5381 -0.3229
vn -0.8136 0.5305 -0.2381
vn -0.8158 0.5297 -0.2321
vn -0.3725 0.0657 -0.9257
vn -0.4990 0.0565 -0.8647
vn -0.7025 -0.5202 -0.4857
vn -0.7371 0.5481 -0.3953
vn -0.7371 0.5481 -0.3954
vn 0.2071 0.6189 0.7576
vn 0.2053 0.9714 0.1189
vn -0.0063 -0.7442 0.6679
vn -0.0555 -0.9731 -0.2235
vn 0.1530 0.7902 -0.5935
vn 0.0941 0.1743 -0.9802
vn 0.5848 -0.6507 -0.4845
vn 0.4608 -0.4280 -0.7775
vn 0.2688 -0.5212 -0.8100
vn -0.3426 0.2372 -0.9091
vn 0.1251 -0.0503 -0.9909
vn 0.8373 0.0591 -0.5435
vn 0.4855 -0.5256 -0.6986
vn 0.8746 -0.2112 -0.4365
vn 0.8485 -0.2302 -0.4765
vn 0.4557 -0.8120 -0.3646
vn 0.9668 -0.2021 -0.1566
vn 0.4559 -0.8115 -0.3656
vn 0.8416 -0.5285 -0.1112
vn 0.8416 -0.5285 -0.1113
vn 0.8416 -0.5285 -0.1115
vn 0.5999 -0.6510 0.4651
vn 0.5998 -0.6510 0.4652
vn 0.5998 -0.6509 0.4654
vn 0.6635 -0.7096 0.2371
vn 0.4262 -0.8679 0.2552
vn 0.4250 -0.8683 0.2560
vn 0.3828 -0.7499 0.5396
vn 0.1860 -0.8248 0.5339
vn 0.4518 -0.7142 0.5346
vn 0.6218 -0.5779 0.5286
vn 0.4011 -0.7297 0.5538
vn 0.4679 -0.6916 0.5502
vn 0.3071 -0.4164 0.8557
vn 0.2170 -0.4627 0.8595
vn 0.4104 -0.3495 0.8423
vn 0.4158 -0.8590 0.2988
vn 0.1955 -0.9361 0.2924
vn 0.3423 -0.8917 0.2961
vn 0.2745 -0.5764 0.7697
vn 0.0060 -0.6920 0.7219
vn 0.1928 -0.6526 0.7328
vn 0.0110 -0.9735 0.2282
vn -0.1799 -0.9509 0.2520
vn -0.1648 -0.9793 0.1177
vn 0.0714 -0.9933 -0.0906
vn -0.1618 -0.9730 -0.1644
vn 0.0368 -0.9756 -0.2164
vn 0.5456 -0.7895 -0.2810
vn 0.3747 -0.9115 -0.1698
vn 0.3583 -0.9063 -0.2242
vn 0.6351 -0.7657 -0.1016
vn 0.5027 -0.8635 -0.0414
vn 0.6607 -0.7419 -0.1141
vn 0.9451 -0.3223 -0.0531
vn 0.9315 -0.3613 -0.0409
vn 0.9459 -0.3175 -0.0665
vn 0.9407 -0.3392 -0.0061
vn 0.9374 -0.3482 0.0009
vn 0.9486 -0.3164 0.0043
vn 0.9927 -0.1179 0.0247
vn 0.9896 -0.1430 0.0145
vn 0.9927 -0.1176 0.0255
vn 0.9920 -0.0557 0.1136
vn 0.9918 -0.0726 0.1050
vn 0.9919 -0.0492 0.1172
vn 0.9876 0.1479 0.0523
vn 0.9884 0.1433 0.0493
vn 0.9872 0.1501 0.0541
vn 0.9457 0.2504 0.2071
vn 0.9392 0.2634 0.2204
vn 0.9373 0.2669 0.2240
vn 0.9211 0.3153 0.2283
vn 0.9321 0.2966 0.2078
vn 0.9227 0.3128 0.2253
vn 0.7977 0.3288 0.5055
vn 0.7778 0.3391 0.5291
vn 0.7618 0.3457 0.5479
vn 0.5953 0.5092 0.6215
vn 0.6443 0.5052 0.5742
vn 0.5949 0.5092 0.6219
vn 0.5401 0.2745 0.7956
vn 0.4753 0.2506 0.8434
vn 0.4362 0.2296 0.8701
vn 0.2013 0.2392 0.9499
vn 0.3166 0.3321 0.8885
vn 0.2027 0.2402 0.9493
vn 0.3282 0.3402 0.8812
vn 0.3060 0.3274 0.8940
vn 0.1930 0.2324 0.9533
vn -0.1460 0.4678 0.8717
vn -0.1624 0.4680 0.8687
vn -0.3054 0.2823 0.9094
vn -0.1084 0.4831 0.8688
vn -0.1779 0.4076 0.8957
vn -0.1769 0.4097 0.8949
vn -0.2910 0.4133 0.8628
vn -0.3061 0.4009 0.8635
vn -0.3622 0.3130 0.8780
vn -0.0956 0.6561 0.7486
vn -0.2917 0.4792 0.8278
vn -0.2694 0.4894 0.8294
vn -0.4462 0.6271 0.6385
vn -0.4452 0.6275 0.6388
vn -0.6077 0.4220 0.6728
vn -0.4483 0.5997 0.6629
vn -0.4484 0.5997 0.6628
vn -0.7106 0.4116 0.5706
vn -0.7112 0.4124 0.5693
vn -0.7109 0.4120 0.5700
vn -0.6334 0.1159 0.7651
vn -0.6774 0.5301 0.5100
vn -0.6787 0.5301 0.5083
vn -0.9937 0.0648 -0.0916
vn -0.9172 -0.3574 0.1760
vn -0.9937 0.0660 -0.0904
vn -0.8907 -0.4275 0.1545
vn -0.8912 -0.4253 0.1578
vn -0.9959 -0.0111 -0.0899
vn -0.6249 -0.6305 -0.4604
vn -0.6267 -0.6301 -0.4584
vn -0.7060 -0.4360 -0.5581
vn -0.4113 -0.8884 -0.2040
vn 0.1864 -0.9333 -0.3069
vn 0.5687 -0.6018 -0.5607
vn 0.3892 -0.2450 -0.8880
vn 0.4497 0.4277 -0.7841
vn 0.7139 -0.6761 -0.1826
vn 0.8640 -0.2427 -0.4412
vn 0.8799 -0.2201 -0.4212
vn 0.7556 -0.6095 -0.2400
vn 0.8095 -0.1861 -0.5569
vn 0.7528 -0.6110 -0.2449
vn 0.8238 -0.3708 -0.4287
vn 0.8239 -0.3713 -0.4282
vn 0.8240 -0.3717 -0.4277
vn 0.8670 -0.3047 -0.3943
vn 0.8670 -0.3048 -0.3942
vn 0.8671 -0.3048 -0.3940
vn 0.8875 -0.4329 -0.1582
vn 0.8128 -0.5611 -0.1567
vn 0.8135 -0.5603 -0.1560
vn 0.9756 -0.2147 0.0465
vn 0.9239 -0.3826 0.0032
vn 0.9644 -0.2627 0.0295
vn 0.9928 -0.1172 0.0232
vn 0.9863 -0.1650 0.0039
vn 0.9761 -0.2169 -0.0115
vn 0.9781 0.1127 0.1748
vn 0.9878 0.0652 0.1411
vn 0.9801 0.1074 0.1669
vn 0.8714 -0.1425 0.4695
vn 0.8741 -0.1794 0.4515
vn 0.8693 -0.1889 0.4568
vn 0.7908 -0.3840 0.4767
vn 0.7746 -0.4236 0.4696
vn 0.7803 -0.4032 0.4781
vn 0.9056 -0.2864 0.3127
vn 0.8967 -0.3227 0.3029
vn 0.8871 -0.3515 0.2992
vn 0.9225 -0.2269 0.3123
vn 0.9176 -0.2634 0.2978
vn 0.9222 -0.2263 0.3137
vn 0.9807 -0.0621 0.1856
vn 0.9811 -0.0769 0.1774
vn 0.9810 -0.0773 0.1777
vn 0.9416 0.1748 0.2877
vn 0.9418 0.1743 0.2874
vn 0.9356 0.1865 0.2998
vn 0.1386 -0.9693 0.2030
vn 0.5520 -0.8126 0.1872
vn 0.3347 -0.9124 0.2356
vn 0.5671 -0.8211 0.0649
vn 0.6614 -0.7483 0.0511
vn 0.2874 -0.9547 0.0776
vn 0.4164 -0.8999 0.1297
vn 0.5665 -0.8151 0.1213
vn 0.2784 -0.9517 0.1296
vn 0.8710 -0.4855 -0.0749
vn 0.8659 -0.4955 -0.0690
vn 0.7734 -0.6330 -0.0349
vn 0.7525 -0.6490 -0.1121
vn 0.8605 -0.4843 -0.1580
vn 0.7711 -0.6257 -0.1178
vn 0.8550 -0.4319 -0.2872
vn 0.8892 -0.3300 -0.3169
vn 0.8209 -0.5046 -0.2674
vn 0.6699 -0.6126 -0.4195
vn 0.7558 -0.4681 -0.4578
vn 0.7286 -0.5253 -0.4396
vn 0.7921 -0.2534 -0.5553
vn 0.7903 -0.2745 -0.5478
vn 0.7542 -0.4321 -0.4944
vn 0.6275 -0.1242 -0.7686
vn 0.5993 -0.0553 -0.7986
vn 0.6439 -0.1841 -0.7426
vn 0.6002 0.1555 -0.7846
vn 0.6125 0.1407 -0.7779
vn 0.6652 0.0662 -0.7437
vn 0.4353 0.3131 -0.8441
vn 0.5346 0.2536 -0.8062
vn 0.6190 0.1755 -0.7655
vn 0.5930 0.5669 -0.5718
vn 0.7172 0.4669 -0.5173
vn 0.5946 0.5654 -0.5716
vn 0.6077 0.5250 -0.5959
vn 0.6106 0.5221 -0.5955
vn 0.6122 0.5205 -0.5952
vn 0.5876 0.4558 -0.6686
vn 0.5891 0.4527 -0.6693
vn 0.5883 0.4556 -0.6680
vn 0.2865 -0.9121 0.2931
vn 0.4923 -0.8165 0.3015
vn 0.3617 -0.8846 0.2942
vn 0.6518 -0.7394 -0.1688
vn 0.6737 -0.7184 -0.1734
vn 0.5213 -0.8408 -0.1456
vn 0.5662 -0.8225 -0.0543
vn 0.6832 -0.7269 -0.0694
vn 0.5465 -0.8359 -0.0503
vn 0.8194 -0.4033 -0.4073
vn 0.8504 -0.2941 -0.4362
vn 0.8092 -0.4217 -0.4090
vn 0.9642 -0.2486 -0.0922
vn 0.9820 -0.1372 -0.1301
vn 0.9808 -0.1533 -0.1206
vn 0.8997 -0.0044 -0.4365
vn 0.9029 -0.0200 -0.4294
vn 0.9126 -0.1153 -0.3923
vn 0.7930 -0.1103 -0.5992
vn 0.7682 -0.0231 -0.6398
vn 0.7914 -0.1088 -0.6015
vn 0.5325 0.1082 -0.8395
vn 0.4855 0.1493 -0.8614
vn 0.5382 0.1029 -0.8365
vn 0.6917 -0.0553 -0.7200
vn 0.5557 0.1501 -0.8177
vn 0.5670 0.1391 -0.8119
vn 0.4414 0.2417 -0.8641
vn 0.1905 0.3155 -0.9296
vn 0.4419 0.2415 -0.8639
vn 0.4530 0.2537 -0.8547
vn 0.4529 0.2536 -0.8547
vn 0.4529 0.2536 -0.8548
vn 0.2751 0.3263 -0.9043
vn 0.2752 0.3264 -0.9043
vn 0.2752 0.3265 -0.9042
vn -0.0275 -0.0765 -0.9967
vn 0.2983 0.3492 -0.8883
vn 0.3012 0.3462 -0.8885
vn -0.6147 -0.3216 -0.7203
vn -0.3035 0.6291 -0.7157
vn -0.6105 -0.3209 -0.7241
vn -0.6277 -0.2621 -0.7330
vn -0.7530 -0.5716 -0.3259
vn 0.3393 0.3206 -0.8844
vn 0.3729 0.5063 -0.7776
vn 0.4629 0.3222 -0.8258
vn 0.6358 0.7291 -0.2533
vn 0.3668 -0.8446 -0.3901
vn 0.9339 -0.2716 -0.2325
vn 0.9398 -0.2713 -0.2080
vn 0.2710 -0.9238 0.2705
vn 0.8525 -0.0490 0.5205
vn 0.2490 -0.9227 0.2942
vn 0.4719 -0.7026 0.5326
vn 0.4723 -0.7012 0.5342
vn 0.4721 -0.7020 0.5333
vn 0.3271 -0.6479 0.6879
vn 0.3272 -0.6479 0.6879
vn 0.3919 -0.7480 0.5356
vn 0.1990 -0.8248 0.5292
vn 0.1971 -0.8249 0.5299
vn -0.3273 -0.3987 0.8567
vn -0.4612 -0.3501 0.8153
vn -0.3265 -0.3990 0.8568
vn -0.2997 -0.4862 0.8209
vn -0.3889 -0.4616 0.7973
vn -0.3882 -0.4623 0.7972
vn -0.3199 -0.5693 0.7573
vn -0.0382 -0.4825 0.8751
vn -0.3822 -0.5504 0.7423
vn -0.4627 -0.6216 0.6320
vn -0.1810 -0.5704 0.8012
vn -0.2051 -0.5594 0.8031
vn 0.8378 -0.1551 -0.5234
vn 0.8296 -0.0809 -0.5525
vn 0.8388 -0.1685 -0.5177
vn 0.4353 0.2691 -0.8591
vn 0.4086 0.2820 -0.8681
vn 0.4669 0.2525 -0.8475
vn 0.5177 0.2059 -0.8304
vn 0.4285 0.2667 -0.8633
vn 0.4619 0.2469 -0.8519
vn -0.0440 0.4288 -0.9023
vn -0.0463 0.4274 -0.9029
vn 0.0770 0.4474 -0.8910
vn -0.1191 0.4321 -0.8939
vn -0.2509 0.3724 -0.8935
vn -0.1400 0.4271 -0.8933
vn -0.6396 0.4722 -0.6066
vn -0.7199 0.3815 -0.5798
vn -0.6014 0.5182 -0.6081
vn -0.5325 0.5974 -0.5997
vn -0.6121 0.5226 -0.5935
vn -0.5730 0.5649 -0.5938
vn -0.8167 0.5209 -0.2485
vn -0.8968 0.3949 -0.1996
vn -0.8413 0.4837 -0.2414
vn -0.5747 0.7798 -0.2482
vn -0.7966 0.5667 -0.2103
vn -0.8260 0.5303 -0.1910
vn -0.8178 0.4705 0.3314
vn -0.8782 0.2380 0.4148
vn -0.8176 0.4710 0.3311
vn -0.8619 0.4252 0.2762
vn -0.8615 0.4266 0.2755
vn -0.8622 0.4244 0.2766
vn -0.6674 -0.1345 0.7325
vn -0.6673 -0.1346 0.7325
vn -0.6672 -0.1347 0.7326
vn -0.3745 -0.0074 0.9272
vn -0.5733 -0.0392 0.8184
vn -0.5742 -0.0377 0.8178
vn 0.7886 -0.5420 -0.2906
vn 0.9910 -0.0730 -0.1125
vn 0.7590 0.4835 -0.4362
vn 0.6038 0.7209 -0.3403
vn 0.7584 -0.4706 0.4509
vn 0.9800 -0.1467 0.1347
vn 0.9797 -0.1445 0.1390
vn 0.7725 -0.4093 0.4855
vn 0.9729 -0.0397 0.2279
vn 0.7800 -0.4366 0.4483
vn 0.9859 -0.0149 0.1666
vn 0.9858 -0.0129 0.1675
vn 0.9857 -0.0132 0.1681
vn 0.9857 -0.0131 0.1680
vn 0.9054 -0.0567 0.4208
vn 0.9230 -0.1578 0.3509
vn 0.9231 -0.1570 0.3511
vn 0.7566 0.1726 0.6307
vn 0.8395 0.1276 0.5282
vn 0.7559 0.1735 0.6313
vn 0.7171 0.1648 0.6772
vn 0.7525 0.1576 0.6395
vn 0.7492 0.1614 0.6424
vn 0.4303 0.2855 0.8564
vn 0.4336 0.2936 0.8519
vn 0.3893 0.2677 0.8814
vn 0.3220 0.3460 0.8812
vn 0.3875 0.3782 0.8407
vn 0.3427 0.3595 0.8679
vn 0.9496 -0.1820 0.2551
vn -0.1985 -0.4802 0.8544
vn -0.5694 -0.4654 0.6776
vn -0.2086 -0.4631 0.8614
vn -0.7435 -0.4373 0.5059
vn -0.7721 -0.4060 0.4889
vn -0.4429 -0.5290 0.7239
vn -0.7453 -0.4606 0.4821
vn -0.9187 -0.1590 0.3614
vn -0.7032 -0.3638 0.6109
vn -0.9897 -0.1079 0.0941
vn -0.9972 -0.0323 0.0667
vn -0.9031 -0.3701 0.2177
vn -0.9540 0.2445 -0.1737
vn -0.8696 0.4382 -0.2274
vn -0.9734 0.1692 -0.1546
vn -0.8830 0.3450 -0.3181
vn -0.8013 0.4735 -0.3656
vn -0.9002 0.2987 -0.3169
vn -0.9412 0.1866 -0.2816
vn -0.8346 0.4314 -0.3426
vn -0.8539 0.3831 -0.3524
vn -0.7204 0.3733 -0.5845
vn -0.6410 0.4664 -0.6095
vn -0.7923 0.2531 -0.5552
vn -0.8518 0.1745 -0.4939
vn -0.6521 0.5026 -0.5676
vn -0.7304 0.3933 -0.5584
vn -0.2071 0.2993 -0.9314
vn 0.0623 0.3710 -0.9265
vn -0.2070 0.2988 -0.9316
vn -0.2052 0.2238 -0.9528
vn -0.1998 0.2219 -0.9544
vn -0.2017 0.2214 -0.9541
vn -0.1118 0.3493 -0.9303
vn -0.1085 0.3467 -0.9317
vn -0.1078 0.3493 -0.9308
vn -0.7416 0.1794 -0.6464
vn -0.7408 0.1794 -0.6474
vn -0.7424 0.1810 -0.6451
vn -0.7941 0.0506 -0.6056
vn -0.7945 0.0518 -0.6050
vn -0.7942 0.0509 -0.6055
vn -0.6945 0.2819 -0.6620
vn -0.7982 0.0703 -0.5983
vn -0.7965 0.0716 -0.6004
vn -0.9452 -0.0064 -0.3265
vn -0.9465 -0.0078 -0.3227
vn -0.8910 0.2315 -0.3905
vn -0.8911 0.2176 -0.3983
vn -0.9494 -0.0456 -0.3106
vn -0.8980 0.1991 -0.3923
vn -0.9911 0.1247 -0.0463
vn -0.9986 -0.0509 -0.0105
vn -0.9710 0.2161 -0.1023
vn -0.9971 -0.0146 -0.0740
vn -0.9911 -0.1324 0.0154
vn -0.9972 -0.0406 -0.0628
vn -0.9937 -0.0999 -0.0513
vn -0.9938 -0.0984 -0.0517
vn -0.9909 0.0216 -0.1331
vn -0.9195 -0.3828 -0.0890
vn -0.8904 -0.4460 -0.0910
vn -0.9263 -0.3293 -0.1830
vn -0.8687 -0.4851 0.1008
vn -0.8922 -0.4507 -0.0287
vn -0.9217 -0.3872 -0.0237
vn -0.9341 -0.3570 0.0059
vn -0.9204 -0.3898 -0.0298
vn -0.9472 -0.2845 -0.1477
vn -0.8988 -0.2638 0.3500
vn -0.8919 -0.3661 0.2654
vn -0.8965 -0.3228 0.3035
vn -0.9805 0.1072 0.1649
vn -0.9931 -0.0044 0.1173
vn -0.9952 -0.0467 0.0856
vn -0.9550 0.0997 0.2793
vn -0.9609 0.0648 0.2691
vn -0.9338 0.1806 0.3089
vn -0.9657 0.1956 0.1709
vn -0.9788 0.1424 0.1474
vn -0.9604 0.2163 0.1759
vn -0.7484 0.3855 0.5397
vn -0.7650 0.3511 0.5399
vn -0.7326 0.4143 0.5401
vn -0.5980 0.6265 0.4999
vn -0.7453 0.4183 0.5193
vn -0.7243 0.4478 0.5243
vn -0.8084 0.2760 -0.5199
vn -0.8840 0.1016 -0.4564
vn -0.8873 0.0840 -0.4534
vn -0.9355 -0.0274 -0.3523
vn -0.9415 -0.0578 -0.3320
vn -0.9177 0.1282 -0.3760
vn -0.9202 -0.1368 -0.3667
vn -0.9206 -0.2060 -0.3317
vn -0.9158 -0.0444 -0.3991
vn -0.9594 -0.2730 0.0703
vn -0.9735 -0.2284 -0.0130
vn -0.9866 -0.1563 -0.0463
vn -0.5924 -0.7940 -0.1366
vn -0.4282 -0.8883 -0.1659
vn -0.4956 -0.8252 -0.2710
vn -0.4019 -0.8929 0.2029
vn -0.4712 -0.8802 0.0563
vn -0.6298 -0.7736 0.0694
vn -0.7760 -0.5171 -0.3611
vn -0.6191 -0.5884 -0.5202
vn -0.6514 -0.3855 -0.6535
vn -0.8800 -0.4571 -0.1288
vn -0.7935 -0.5419 -0.2770
vn -0.8981 -0.4290 -0.0966
vn -0.9054 -0.0582 -0.4205
vn -0.8571 -0.1198 -0.5010
vn -0.8709 -0.1048 -0.4801
vn -0.9251 -0.0369 -0.3779
vn -0.8829 -0.1073 -0.4572
vn -0.9253 -0.0369 -0.3775
vn -0.9431 -0.0913 -0.3196
vn -0.9435 -0.0908 -0.3188
vn -0.9432 -0.0912 -0.3195
vn -0.9975 -0.0609 0.0345
vn -0.9976 -0.0591 0.0363
vn -0.9976 -0.0577 0.0377
vn 0.9179 -0.3126 -0.2442
vn 0.9988 -0.0472 0.0157
vn 0.8415 0.5374 0.0549
vn 0.4750 0.6255 0.6189
vn 0.4449 -0.8692 0.2159
vn 0.8689 0.0923 0.4863
vn 0.8700 0.0941 0.4839
vn -0.0126 -0.6313 0.7754
vn 0.3963 0.0529 0.9166
vn -0.0095 -0.6332 0.7740
vn -0.0946 -0.6537 0.7508
vn -0.0942 -0.6540 0.7506
vn -0.0946 -0.6538 0.7508
vn -0.3260 -0.3087 0.8935
vn -0.3259 -0.3085 0.8936
vn -0.3258 -0.3082 0.8938
vn -0.2552 -0.4223 0.8698
vn -0.3961 -0.3869 0.8327
vn -0.3971 -0.3866 0.8324
vn 0.2456 0.5198 -0.8182
vn -0.0682 0.4940 -0.8668
vn -0.0981 0.4934 -0.8643
vn -0.0778 0.6881 -0.7214
vn -0.4242 0.5457 -0.7227
vn -0.0761 0.6879 -0.7218
vn -0.0952 0.6608 -0.7445
vn -0.0952 0.6607 -0.7446
vn -0.0952 0.6606 -0.7447
vn -0.4163 0.6426 -0.6432
vn -0.4164 0.6426 -0.6432
vn -0.4166 0.6425 -0.6431
vn -0.7257 -0.2439 -0.6433
vn -0.3307 0.7297 -0.5985
vn -0.3292 0.7289 -0.6003
vn -0.8261 0.5624 0.0351
vn -0.8248 0.5645 0.0320
vn -0.9218 -0.3657 0.1283
vn -0.8905 -0.4209 0.1729
vn -0.8714 0.4891 0.0372
vn -0.8921 -0.4203 0.1660
vn -0.5561 -0.2964 0.7765
vn -0.8282 0.0425 0.5588
vn -0.5580 -0.2969 0.7749
vn -0.3643 -0.6775 0.6390
vn -0.2754 -0.3172 -0.9075
vn 0.1657 -0.0625 -0.9842
vn 0.3605 0.1066 -0.9267
vn 0.2087 -0.1358 -0.9685
vn 0.2036 -0.1385 -0.9692
vn 0.6438 -0.0871 -0.7602
vn 0.5006 0.0318 -0.8651
vn 0.6427 -0.0839 -0.7615
vn 0.6597 -0.0729 -0.7480
vn 0.6593 -0.0730 -0.7483
vn 0.6590 -0.0731 -0.7486
vn 0.7199 -0.0978 -0.6871
vn 0.7200 -0.0978 -0.6870
vn 0.7201 -0.0978 -0.6869
vn 0.5974 0.0886 -0.7970
vn 0.7007 -0.1128 -0.7045
vn 0.7010 -0.1146 -0.7039
vn 0.7988 -0.1055 -0.5923
vn 0.7881 -0.3719 -0.4905
vn 0.7976 -0.1014 -0.5946
vn 0.8301 -0.3643 0.4221
vn 0.6465 -0.2783 0.7103
vn 0.4267 0.3321 0.8412
vn -0.2307 0.2980 0.9263
vn 0.2031 -0.0478 0.9780
vn 0.2426 -0.6799 0.6920
vn -0.2207 0.0944 0.9708
vn -0.2304 -0.6049 0.7623
vn 0.2751 -0.1250 0.9532
vn 0.2425 -0.1435 0.9595
vn 0.6613 -0.3513 0.6628
vn 0.5638 -0.0125 0.8258
vn 0.4274 0.6977 0.5749
vn -0.2444 0.6532 0.7166
vn 0.2228 0.4408 0.8695
vn 0.2919 0.4133 0.8626
vn 0.2157 0.3598 0.9078
vn 0.3354 0.3187 0.8865
vn 0.3286 0.3158 0.8901
vn 0.0429 0.5470 0.8360
vn 0.0949 0.4126 0.9060
vn 0.0442 0.5465 0.8363
vn 0.0335 0.5114 0.8587
vn 0.0337 0.5111 0.8588
vn 0.0334 0.5116 0.8586
vn 0.3805 -0.0743 0.9218
vn 0.7730 -0.5558 0.3058
vn 0.8909 -0.3744 0.2570
vn 0.8789 -0.3966 0.2651
vn 0.8885 -0.4557 0.0539
vn 0.9306 -0.3650 0.0278
vn 0.8300 -0.5526 0.0763
vn 0.6087 -0.7888 0.0851
vn 0.8649 -0.5017 0.0145
vn 0.8041 -0.5930 0.0428
vn 0.7192 -0.6352 -0.2814
vn 0.8616 -0.3540 -0.3637
vn 0.7201 -0.6338 -0.2824
vn 0.8455 -0.5209 -0.1173
vn 0.8456 -0.5210 -0.1164
vn -0.9869 -0.1429 0.0752
vn -0.9947 -0.0987 -0.0294
vn -0.9946 -0.1007 -0.0271
vn -0.9811 -0.1933 0.0056
vn -0.9872 -0.1291 -0.0936
vn -0.9834 -0.1808 0.0161
vn -0.9402 -0.0889 0.3289
vn -0.9413 -0.2078 0.2661
vn -0.9397 -0.1902 0.2841
vn -0.9075 -0.0279 0.4192
vn -0.9158 -0.0460 0.3989
vn -0.8855 0.0814 0.4574
vn -0.9358 0.2003 0.2900
vn -0.9663 0.0648 0.2490
vn -0.9444 0.1645 0.2847
vn -0.8070 0.2100 0.5519
vn -0.8317 0.1381 0.5378
vn -0.7726 0.2881 0.5657
vn -0.7637 0.3391 0.5493
vn -0.8118 0.2266 0.5382
vn -0.7778 0.3025 0.5510
vn 0.8565 0.2119 0.4707
vn 0.8520 0.2160 0.4769
vn 0.8805 0.1884 0.4351
vn 0.8030 0.0665 0.5922
vn 0.8212 0.0541 0.5680
vn 0.8244 0.0518 0.5636
vn 0.5732 -0.0376 0.8186
vn 0.6054 -0.0272 0.7955
vn 0.6280 -0.0117 0.7781
vn 0.5529 0.1619 0.8174
vn 0.6075 0.1759 0.7746
vn 0.5617 0.1662 0.8105
vn 0.8186 0.1783 0.5460
vn 0.8332 0.1677 0.5270
vn 0.8397 0.1627 0.5181
vn 0.3308 0.3533 0.8751
vn 0.3501 0.3681 0.8614
vn 0.3092 0.3405 0.8879
vn -0.8933 0.4417 -0.0830
vn -0.8934 0.4416 -0.0829
vn -0.8934 0.4416 -0.0828
vn -0.5398 0.7491 -0.3841
vn -0.5393 0.7493 -0.3843
vn -0.5384 0.7497 -0.3847
vn -0.7855 0.5376 -0.3066
vn -0.5187 0.7755 -0.3599
vn -0.5200 0.7751 -0.3589
vn -0.5606 0.5912 -0.5798
vn -0.2049 0.7777 -0.5943
vn -0.5116 0.6225 -0.5923
vn -0.2964 -0.7035 -0.6459
vn -0.1282 -0.5362 -0.8343
vn -0.1537 -0.5410 -0.8269
vn -0.4990 -0.7214 -0.4802
vn -0.3852 -0.5669 -0.7282
vn -0.5102 -0.7209 -0.4690
vn -0.5328 -0.4517 -0.7156
vn -0.4460 -0.4282 -0.7860
vn -0.4544 -0.4315 -0.7793
vn -0.4718 -0.4676 -0.7475
vn -0.3824 -0.4349 -0.8152
vn -0.4730 -0.4672 -0.7470
vn -0.4962 -0.5328 -0.6855
vn -0.4958 -0.5329 -0.6857
vn -0.4956 -0.5330 -0.6858
vn -0.4706 -0.5233 -0.7104
vn -0.4725 -0.5223 -0.7099
vn -0.4736 -0.5216 -0.7096
vn -0.4775 -0.4432 -0.7586
vn -0.4323 -0.3961 -0.8101
vn -0.4319 -0.3963 -0.8102
vn -0.3342 -0.3800 -0.8625
vn -0.3469 -0.1495 -0.9259
vn 0.0600 -0.5755 -0.8156
vn 0.0039 -0.7239 -0.6899
vn 0.0405 -0.5712 -0.8198
vn 0.0576 -0.5636 -0.8240
vn 0.3186 -0.5214 -0.7916
vn 0.3060 -0.5206 -0.7971
vn 0.2621 -0.2371 -0.9355
vn 0.2635 -0.6806 -0.6836
vn 0.2615 -0.6806 -0.6844
vn 0.2660 -0.6807 -0.6826
vn -0.0834 -0.5189 -0.8508
vn -0.0826 -0.5188 -0.8509
vn -0.0838 -0.5189 -0.8507
vn -0.0154 -0.5516 -0.8340
vn -0.1091 -0.6161 -0.7801
vn -0.1079 -0.6160 -0.7803
vn 0.6408 -0.4256 -0.6389
vn 0.6412 -0.4252 -0.6388
vn 0.6403 -0.4262 -0.6391
vn 0.6884 -0.5657 -0.4540
vn 0.6089 -0.6650 -0.4324
vn 0.6101 -0.6643 -0.4319
vn -0.0906 -0.5584 -0.8246
vn -0.0887 -0.5581 -0.8250
vn -0.1827 -0.6156 -0.7666
vn -0.0707 -0.6093 -0.7898
vn -0.1272 -0.6426 -0.7555
vn -0.1276 -0.6431 -0.7551
vn 0.0323 -0.5667 -0.8233
vn -0.0444 -0.6800 -0.7319
vn -0.1012 -0.7140 -0.6928
vn -0.1203 -0.6476 -0.7524
vn -0.1771 -0.7764 -0.6049
vn -0.1376 -0.6489 -0.7483
vn 0.6795 -0.5717 -0.4598
vn 0.7076 -0.5339 -0.4628
vn 0.5986 -0.6713 -0.4372
vn 0.7790 -0.4045 -0.4791
vn 0.7147 -0.5090 -0.4798
vn 0.6881 -0.5480 -0.4756
vn 0.4787 -0.3288 -0.8140
vn 0.5343 -0.2432 -0.8096
vn 0.4319 -0.3973 -0.8097
vn 0.6136 -0.7445 -0.2631
vn 0.5770 -0.7789 -0.2457
vn 0.5094 -0.8323 -0.2184
vn 0.3455 -0.6287 -0.6967
vn 0.3881 -0.5784 -0.7175
vn 0.2784 -0.6842 -0.6740
vn 0.9658 -0.1503 -0.2113
vn 0.9690 -0.1373 -0.2055
vn 0.9376 -0.2525 -0.2390
vn 0.7967 -0.5962 0.0993
vn 0.7486 -0.6531 0.1140
vn 0.7416 -0.6612 0.1132
vn 0.7726 -0.6054 0.1913
vn 0.7634 -0.6167 0.1921
vn 0.7136 -0.6696 0.2061
vn 0.8913 -0.4295 0.1452
vn 0.8514 -0.5052 0.1409
vn 0.8585 -0.4925 0.1429
vn 0.9051 -0.4211 0.0585
vn 0.9052 -0.4206 0.0613
vn 0.8666 -0.4956 0.0584
vn -0.3059 0.3723 -0.8763
vn -0.0233 0.4830 -0.8753
vn -0.0032 0.4770 -0.8789
vn 0.4088 0.2765 -0.8697
vn 0.4343 0.2644 -0.8611
vn 0.1945 0.3289 -0.9241
vn 0.1999 0.3307 -0.9223
vn 0.4147 0.2744 -0.8676
vn 0.1973 0.3310 -0.9228
vn -0.8099 0.4415 0.3861
vn -0.8539 0.2769 0.4406
vn -0.8584 0.2143 0.4660
vn -0.6374 -0.0809 0.7663
vn -0.5418 -0.1791 0.8212
vn -0.6366 -0.0814 0.7669
vn -0.6910 -0.1352 0.7101
vn -0.6910 -0.1345 0.7102
vn -0.6910 -0.1350 0.7101
vn -0.6052 -0.1419 0.7833
vn -0.5958 -0.1521 0.7886
vn -0.6810 -0.0418 0.7311
vn -0.8973 0.4101 0.1631
vn -0.9622 0.2398 0.1293
vn -0.9553 0.2609 0.1388
vn -0.8536 0.4447 0.2712
vn -0.9331 0.2648 0.2435
vn -0.8540 0.4443 0.2708
vn -0.8586 0.4178 0.2970
vn -0.8587 0.4178 0.2967
vn -0.8588 0.4178 0.2964
vn 0.8607 0.1290 0.4925
vn 0.8418 0.1469 0.5194
vn 0.8417 0.1463 0.5197
vn 0.8375 -0.1438 0.5271
vn 0.8286 -0.1248 0.5457
vn 0.8359 -0.1403 0.5306
vn 0.8082 -0.2261 0.5437
vn 0.7978 -0.1913 0.5717
vn 0.7967 -0.1887 0.5741
vn -0.1521 0.1556 0.9760
vn -0.5293 0.1326 0.8380
vn -0.6127 0.4602 0.6425
vn -0.5109 0.0694 0.8568
vn -0.5066 0.0717 0.8592
vn -0.6828 -0.3336 0.6500
vn -0.8894 -0.4437 0.1099
vn -0.8535 -0.4830 0.1958
vn -0.4940 -0.7272 -0.4765
vn -0.5058 -0.8624 0.0221
vn -0.5110 -0.8521 -0.1137
vn -0.7886 -0.1228 -0.6026
vn 0.1862 0.4584 -0.8690
vn 0.1835 0.4616 -0.8679
vn 0.1886 0.4581 -0.8686
vn 0.3849 0.2871 -0.8772
vn 0.3851 0.2874 -0.8770
vn 0.3853 0.2840 -0.8780
vn -0.9227 0.0383 -0.3837
vn -0.9228 0.0386 -0.3832
vn -0.9229 0.0388 -0.3831
vn -0.9416 -0.0262 -0.3356
vn 0.5720 -0.7779 -0.2601
vn 0.6341 -0.7145 -0.2958
vn 0.5348 -0.8093 -0.2428
vn 0.6381 -0.7530 -0.1608
vn 0.5642 -0.8149 -0.1326
vn 0.4956 -0.8625 -0.1018
vn 0.4415 0.8095 0.3870
vn 0.4837 0.7588 0.4362
vn 0.8737 0.2884 0.3918
vn 0.6401 -0.0337 0.7676
vn 0.8906 0.1102 0.4412
vn 0.8479 0.1260 0.5149
vn 0.5738 0.3484 0.7412
vn 0.5700 0.3518 0.7425
vn 0.6093 0.4580 0.6473
vn 0.5702 0.3436 0.7462
vn 0.5703 0.3430 0.7464
vn 0.5702 0.3434 0.7463
vn 0.6371 0.3463 0.6886
vn 0.6371 0.3464 0.6886
vn 0.4958 0.3013 0.8145
vn 0.6272 0.3244 0.7081
vn 0.6274 0.3244 0.7079
vn 0.2234 0.5324 0.8165
vn 0.2234 0.5325 0.8164
vn 0.0374 0.3894 0.9203
vn 0.2184 0.5165 0.8279
vn 0.2194 0.5164 0.8278
vn 0.4491 0.3402 0.8262
vn 0.4474 0.3329 0.8301
vn 0.5891 0.3727 0.7170
vn 0.8647 0.1128 -0.4895
vn 0.8432 0.1660 -0.5114
vn 0.8724 0.0897 -0.4804
vn 0.7598 0.3970 -0.5148
vn 0.8164 0.3217 -0.4797
vn 0.8473 0.2702 -0.4572
vn 0.8326 -0.1395 -0.5360
vn 0.8336 -0.2347 -0.5001
vn 0.8344 -0.2124 -0.5085
vn 0.9115 -0.2708 -0.3095
vn 0.8853 -0.3751 -0.2747
vn 0.9119 -0.2696 -0.3094
vn 0.9803 -0.0876 -0.1772
vn 0.9778 -0.1358 -0.1595
vn 0.9780 -0.1332 -0.1608
vn 0.9917 -0.0602 -0.1137
vn 0.9868 -0.1381 -0.0847
vn 0.9906 -0.0892 -0.1036
vn 0.9897 0.1387 -0.0364
vn 0.9908 0.1312 -0.0334
vn 0.9945 0.1022 -0.0222
vn 0.9874 0.1551 -0.0297
vn 0.9913 0.1303 -0.0201
vn 0.9901 0.1385 -0.0231
vn 0.9781 0.2066 0.0268
vn 0.9782 0.2059 0.0268
vn 0.9814 0.1892 0.0336
vn 0.9199 0.0664 0.3864
vn 0.9200 0.0660 0.3864
vn 0.9200 0.0661 0.3862
vn 0.9175 0.1005 -0.3848
vn 0.9175 0.0995 -0.3850
vn 0.9174 0.1018 -0.3848
vn 0.9977 -0.0655 -0.0178
vn 0.9977 -0.0649 -0.0179
vn 0.9978 -0.0642 -0.0183
vn 0.9958 -0.0780 -0.0471
vn 0.9958 -0.0783 -0.0465
vn 0.9959 -0.0769 -0.0468
vn 0.9596 -0.2662 -0.0906
vn 0.9600 -0.2685 -0.0795
vn 0.9597 -0.2676 -0.0856
vn 0.9544 -0.2912 0.0653
vn 0.9609 -0.2727 0.0484
vn 0.9612 -0.2687 0.0624
vn 0.8930 -0.4481 0.0426
vn 0.9364 -0.3500 0.0249
vn 0.9471 -0.3191 0.0353
vn 0.9105 -0.4135 -0.0006
vn 0.9395 -0.3416 -0.0268
vn 0.9039 -0.4278 0.0045
vn 0.9959 -0.0884 0.0197
vn 0.9978 -0.0656 0.0105
vn 0.9978 -0.0659 0.0109
vn 0.9936 -0.1031 0.0456
vn 0.9962 -0.0785 0.0365
vn 0.9938 -0.1011 0.0452
vn 0.9768 -0.2140 -0.0021
vn 0.9900 -0.1377 -0.0295
vn 0.9905 -0.1344 -0.0304
vn 0.8648 0.1286 -0.4854
vn 0.8644 0.1284 -0.4862
vn 0.8896 0.0509 -0.4539
vn 0.9478 0.1725 -0.2682
vn 0.9596 0.1291 -0.2500
vn 0.9599 0.1285 -0.2491
vn 0.9411 0.2750 -0.1966
vn 0.9535 0.2400 -0.1824
vn 0.9672 0.1950 -0.1626
vn 0.9207 0.3352 -0.1997
vn 0.9276 0.3194 -0.1936
vn 0.9575 0.2405 -0.1591
vn 0.8595 0.5062 -0.0705
vn 0.8687 0.4912 -0.0636
vn 0.8595 0.5063 -0.0703
vn 0.8821 0.4640 -0.0811
vn 0.8826 0.4628 -0.0827
vn 0.8825 0.4629 -0.0829
vn 0.8999 0.3697 -0.2312
vn 0.9006 0.3678 -0.2317
vn 0.9000 0.3697 -0.2309
vn 0.9443 0.3290 0.0033
vn 0.9441 0.3295 0.0037
vn 0.9443 0.3291 0.0035
vn 0.9304 0.3628 -0.0524
vn 0.9303 0.3629 -0.0523
vn 0.9299 0.3641 -0.0515
vn 0.9306 0.3562 0.0845
vn 0.9306 0.3561 0.0843
vn 0.9303 0.3568 0.0852
vn 0.8820 0.4690 0.0453
vn 0.8802 0.4721 0.0486
vn 0.8801 0.4722 0.0488
vn 0.8599 0.4970 0.1167
vn 0.8620 0.4942 0.1131
vn 0.8881 0.4596 0.0018
vn 0.8798 0.4754 -0.0049
vn 0.8799 0.4752 -0.0050
vn 0.9788 0.2044 -0.0127
vn 0.9782 0.2074 -0.0101
vn 0.9781 0.2080 -0.0100
vn 0.9877 0.1509 0.0402
vn 0.9876 0.1519 0.0407
vn 0.9881 0.1488 0.0383
vn 0.9443 0.3280 0.0268
vn 0.9442 0.3285 0.0252
vn 0.9444 0.3277 0.0268
vn 0.9014 0.3430 0.2642
vn 0.9016 0.3431 0.2634
vn 0.9013 0.3430 0.2646
vn 0.8826 0.4531 0.1251
vn 0.8829 0.4527 0.1246
vn 0.8829 0.4527 0.1244
vn 0.5924 0.3812 0.7098
vn 0.5924 0.3832 0.7087
vn 0.5917 0.3811 0.7103
vn 0.6113 0.4588 0.6448
vn 0.6137 0.4604 0.6414
vn 0.6136 0.4604 0.6415
vn 0.1895 0.3696 0.9096
vn 0.1903 0.3706 0.9091
vn 0.1873 0.3668 0.9112
vn 0.3885 0.1932 0.9010
vn 0.3880 0.1957 0.9006
vn 0.3888 0.1930 0.9009
vn -0.1036 0.2497 0.9628
vn -0.1052 0.2523 0.9619
vn -0.1072 0.2490 0.9625
vn -0.9927 -0.0430 -0.1130
vn -0.9927 -0.0424 -0.1132
vn -0.9922 -0.0537 0.1123
vn -0.9921 -0.0549 0.1126
vn -0.9921 -0.0548 0.1127
vn -0.9969 -0.0282 0.0736
vn -0.9968 -0.0297 0.0741
vn -0.9969 -0.0285 0.0737
vn -0.9948 0.1011 0.0132
vn -0.9961 -0.0756 0.0447
vn -0.9961 -0.0760 0.0450
vn -0.9965 0.0632 0.0543
vn -0.9986 -0.0522 0.0074
vn -0.9920 0.1241 -0.0237
vn -0.9274 0.0724 0.3671
vn -0.9486 -0.0803 0.3061
vn -0.9344 0.0572 0.3517
vn -0.9450 -0.0309 0.3255
vn -0.9451 -0.0301 0.3254
vn -0.9173 0.1237 0.3785
vn -0.7927 0.0072 0.6096
vn -0.7932 0.0077 0.6089
vn -0.7397 0.1748 0.6499
vn -0.7906 -0.0104 0.6123
vn -0.7909 -0.0076 0.6119
vn -0.7908 -0.0083 0.6120
vn -0.7386 0.1132 0.6646
vn -0.7368 0.1118 0.6668
vn -0.7383 0.1152 0.6646
vn -0.1973 0.1286 0.9719
vn -0.1957 0.1286 0.9722
vn -0.1993 0.1253 0.9719
vn -0.0521 0.3734 0.9262
vn -0.2012 0.1982 0.9593
vn -0.2017 0.1983 0.9592
vn -0.7913 0.2928 0.5368
vn -0.7608 0.3611 0.5392
vn -0.8517 0.1321 0.5072
vn -0.9963 -0.0700 -0.0501
vn -0.9963 -0.0695 -0.0496
vn -0.9910 0.1052 -0.0833
vn -0.9971 -0.0226 -0.0727
vn -0.9971 -0.0217 -0.0732
vn -0.9971 -0.0218 -0.0731
vn -0.9211 0.0002 0.3894
vn -0.9212 0.0020 0.3890
vn -0.9211 -0.0002 0.3894
vn -0.9409 -0.0582 0.3338
vn -0.9408 -0.0590 0.3338
vn -0.9406 -0.0607 0.3341
vn -0.4191 -0.3891 0.8203
vn -0.7075 0.2129 0.6739
vn -0.4742 -0.6734 0.5672
vn -0.4851 -0.7477 0.4535
vn -0.8889 -0.4032 0.2174
vn -0.8618 -0.4836 0.1534
vn 0.7126 0.4718 0.5193
vn 0.4270 -0.0867 -0.9001
vn 0.5554 -0.0882 -0.8269
vn 0.5534 -0.0831 -0.8288
vn 0.9958 -0.0374 0.0834
vn 0.7964 -0.0042 -0.6048
vn 0.7872 -0.4253 -0.4466
vn 0.5540 0.7902 -0.2622
vn 0.5612 0.7866 -0.2577
vn 0.5539 0.7902 -0.2622
vn 0.5066 0.8504 0.1425
vn 0.8840 0.4405 0.1564
vn 0.6834 0.3922 0.6157
vn 0.7950 -0.0832 0.6008
vn -0.0576 -0.2300 0.9715
vn -0.0682 -0.1429 0.9874
vn -0.2730 -0.2001 0.9410
vn 0.1284 -0.9914 0.0243
vn 0.0702 -0.9974 0.0156
vn 0.0907 -0.9907 -0.1011
vn 0.3494 -0.9113 -0.2179
vn -0.2728 -0.2001 0.9410
vn -0.2596 -0.2644 0.9288
vn -0.0633 -0.2288 0.9714
vn -0.1018 0.1377 0.9852
vn 0.6827 0.3925 0.6163
vn 0.4665 0.7162 0.5191
vn 0.6597 0.7515 -0.0062
vn 0.3666 -0.9191 0.1446
vn 0.9865 -0.1283 0.1019
vn 0.9634 -0.1144 0.2423
vn 0.9050 -0.4245 0.0266
vn 0.9246 -0.3799 -0.0277
vn 0.9987 -0.0503 0.0094
vn 0.7240 0.3771 0.5776
vn 0.5533 -0.1995 -0.8087
vn 0.6548 -0.1419 -0.7424
vn 0.6562 -0.1614 -0.7371
vn -0.3474 -0.0640 -0.9355
vn 0.2399 -0.1957 -0.9509
vn -0.2733 -0.1534 -0.9496
vn 0.5991 0.6175 -0.5097
vn 0.5992 0.6174 -0.5096
vn 0.6064 0.6141 -0.5052
vn 0.7245 0.3532 -0.5919
vn 0.8848 0.4396 0.1547
vn 0.9919 -0.0265 0.1241
vn 0.7880 -0.0813 0.6103
vn 0.7574 0.1433 0.6371
vn 0.7572 0.1437 0.6372
vn -0.1105 -0.1392 0.9841
vn -0.2576 -0.2644 0.9294
vn -0.3107 0.0654 0.9482
vn -0.0971 0.1363 0.9859
vn -0.1215 0.3794 0.9172
vn 0.4165 0.7289 0.5434
vn 0.1442 -0.9563 0.2544
vn 0.8074 -0.1564 0.5688
vn 0.7848 -0.1652 0.5973
vn 0.4365 -0.8933 -0.1071
vn 0.4479 -0.8851 -0.1262
vn 0.9870 -0.1261 0.0992
vn 0.7161 0.3647 0.5952
vn 0.3377 0.4076 -0.8484
vn 0.3463 0.4086 -0.8445
vn 0.7756 0.2694 -0.5708
vn 0.3833 0.2359 -0.8930
vn 0.7235 0.3505 -0.5948
vn 0.7827 -0.0338 -0.6215
vn 0.9926 -0.0282 0.1178
vn 0.9681 0.2157 0.1278
vn 0.9619 0.2357 0.1389
vn 0.9619 0.2357 0.1383
vn 0.7432 0.1496 0.6521
vn 0.7574 0.1186 0.6421
vn 0.7432 0.1479 0.6525
vn -0.3093 0.0653 0.9487
vn -0.3237 0.2351 0.9165
vn -0.3278 0.2783 0.9028
vn -0.3274 0.2784 0.9029
vn -0.1818 0.3921 0.9018
vn -0.1490 0.3079 0.9397
vn -0.1821 0.3909 0.9022
vn -0.3258 -0.7101 0.6242
vn 0.1517 -0.5702 0.8074
vn 0.1582 -0.4959 0.8539
vn 0.1506 -0.9402 0.3055
vn 0.2002 -0.9453 0.2576
vn 0.8516 -0.1126 0.5120
vn 0.6773 0.3614 0.6408
vn 0.3821 0.2344 -0.8939
vn 0.4230 -0.1022 -0.9003
vn 0.7837 -0.0330 -0.6202
vn 0.7581 0.1991 -0.6211
vn 0.7626 0.1960 -0.6165
vn 0.9691 0.2145 0.1219
vn 0.9665 0.2230 0.1268
vn 0.9630 0.2342 0.1331
vn 0.4213 -0.1033 -0.9010
vn 0.4046 0.0739 -0.9115
vn 0.7224 0.1650 -0.6715
vn 0.7276 0.1610 -0.6668
vn 0.2603 -0.9543 -0.1469
vn 0.2602 -0.9545 -0.1459
vn 0.2506 -0.9543 -0.1627
vn 0.2265 -0.9739 0.0114
vn 0.2267 -0.9739 0.0116
vn 0.2165 -0.9763 -0.0039
vn 0.0971 -0.9953 -0.0067
vn 0.0969 -0.9953 -0.0068
vn 0.0967 -0.9953 -0.0074
vn 0.1604 -0.9818 -0.1017
vn 0.1596 -0.9818 -0.1026
vn 0.0669 -0.9892 -0.1307
vn 0.0548 -0.9964 -0.0653
vn -0.2053 0.2370 0.9496
vn -0.2310 0.1512 0.9611
vn -0.2077 0.2807 0.9370
vn -0.7167 0.0236 0.6970
vn -0.5657 -0.0730 0.8214
vn -0.3470 -0.0946 0.9331
vn -0.2156 -0.6082 0.7639
vn -0.2341 -0.5923 0.7709
vn 0.1644 -0.3588 0.9188
vn 0.6578 0.3712 0.6554
vn 0.1986 -0.9612 -0.1912
vn 0.1983 -0.9612 -0.1917
vn 0.1901 -0.9639 -0.1863
vn 0.3949 0.0671 -0.9163
vn 0.1430 -0.9890 -0.0385
vn 0.1435 -0.9889 -0.0378
vn 0.1429 -0.9890 -0.0384
vn 0.1436 -0.9889 -0.0380
vn 0.1435 -0.9889 -0.0388
vn 0.1278 -0.9915 0.0246
vn 0.1273 -0.9916 0.0238
vn -0.7013 -0.2119 0.6806
vn -0.7016 -0.2115 0.6805
vn -0.5482 -0.3009 0.7803
vn 0.5790 0.4776 0.6608
vn -0.5139 -0.2630 0.8165
vn -0.5344 -0.2623 0.8035
vn -0.5154 -0.3198 0.7950
vn -0.5100 -0.3200 0.7984
vn -0.5863 -0.0242 0.8097
vn -0.5857 -0.0243 0.8101
vn -0.6287 0.1316 0.7664
vn -0.5931 0.0242 0.8048
vn -0.6613 0.1751 0.7294
vn -0.6285 0.0342 0.7771
vn -0.6614 0.1457 0.7358
vn -0.8210 0.0504 0.5687
vn -0.7878 -0.0519 0.6138
vn -0.7522 -0.1128 0.6492
vn -0.8214 -0.0173 0.5701
vn -0.7827 -0.1222 0.6103
vn -0.8201 -0.0203 0.5719
vn 0.5138 0.6104 0.6028
vn -0.8638 -0.3308 0.3799
vn -0.8892 -0.3187 0.3283
vn -0.8630 -0.3969 0.3126
vn -0.8643 -0.3963 0.3097
vn -0.9254 -0.1397 0.3524
vn -0.9254 -0.1396 0.3522
vn -0.8768 0.4090 0.2528
vn -0.9171 -0.2022 0.3435
vn -0.9163 -0.2024 0.3456
vn -0.7820 0.5503 0.2926
vn -0.9115 -0.2031 0.3575
vn -0.8706 0.4096 0.2726
vn -0.8583 0.4697 0.2064
vn -0.8599 0.4667 0.2069
vn -0.9325 0.3024 0.1974
vn -0.8482 0.4882 0.2056
vn -0.8500 0.4851 0.2054
vn -0.8482 0.4880 0.2058
vn 0.5161 0.5301 0.6728
vn -0.9474 -0.3193 0.0222
vn -0.9527 -0.3028 -0.0257
vn -0.9117 -0.4094 -0.0350
vn -0.9112 -0.4108 -0.0295
vn -0.9865 -0.1635 -0.0059
vn -0.9870 -0.1607 -0.0102
vn -0.7231 0.6896 -0.0397
vn -0.9673 -0.2528 -0.0201
vn -0.9673 -0.2533 -0.0150
vn -0.7143 0.6988 -0.0392
vn -0.9681 -0.2502 -0.0113
vn -0.7192 0.6939 -0.0363
vn -0.7374 0.6723 -0.0650
vn -0.7401 0.6693 -0.0658
vn -0.7471 0.6618 -0.0628
vn 0.5552 0.5738 0.6021
vn 0.6471 0.5680 0.5085
vn -0.1916 0.7026 -0.6853
vn -0.1818 0.7095 -0.6808
vn -0.1816 0.7094 -0.6810
vn 0.1784 0.4002 -0.8989
vn 0.2337 0.4364 -0.8689
vn 0.2370 0.4373 -0.8675
vn -0.1687 0.1387 -0.9759
vn 0.3542 0.5735 -0.7387
vn 0.2899 0.5546 -0.7800
vn -0.2021 0.7002 -0.6848
vn -0.1924 0.7073 -0.6802
vn -0.1926 0.7070 -0.6804
vn -0.6209 -0.0961 -0.7780
vn -0.1317 0.7635 -0.6322
vn -0.1365 0.7548 -0.6416
vn -0.1661 0.1342 -0.9769
vn -0.1687 0.1336 -0.9766
vn 0.3689 0.5572 -0.7439
vn -0.1575 0.0745 -0.9847
vn -0.6253 -0.1021 -0.7737
vn -0.6293 -0.1027 -0.7704
vn -0.1327 0.7571 -0.6397
vn -0.6333 -0.0629 -0.7714
vn -0.1560 0.0757 -0.9848
vn -0.0895 -0.2292 -0.9693
vn -0.6316 -0.0609 -0.7729
vn -0.5683 -0.3422 -0.7483
vn -0.0906 -0.2298 -0.9690
vn -0.1257 -0.0765 -0.9891
vn -0.5714 -0.3445 -0.7449
vn -0.6111 -0.2048 -0.7646
vn -0.0987 -0.0610 -0.9932
vn 0.1718 -0.9653 -0.1966
vn 0.0679 -0.9950 -0.0727
vn -0.5676 -0.1700 -0.8056
vn 0.2533 0.4337 -0.8647
vn 0.2540 0.4330 -0.8648
vn 0.1912 0.3977 -0.8974
vn 0.6171 0.5877 0.5233
vn 0.3778 0.7079 -0.5968
vn 0.5519 0.4528 0.7003
vn 0.4763 0.4031 0.7815
vn 0.4757 0.4035 0.7816
vn 0.4529 0.3954 0.7991
vn 0.5197 0.4473 0.7279
vn 0.4450 0.3933 0.8046
vn 0.4113 0.7600 0.5032
vn 0.4101 0.7623 0.5007
vn 0.5604 0.6549 0.5070
vn 0.4186 0.7638 0.4913
vn 0.4153 0.7642 0.4935
vn 0.5647 0.6589 0.4969
vn 0.4764 0.6269 0.6164
vn 0.4743 0.6253 0.6197
vn 0.5282 0.3330 0.7811
vn 0.5266 0.3325 0.7824
vn 0.5045 0.4932 0.7087
vn 0.4958 0.4898 0.7171
vn 0.2456 -0.7610 0.6005
vn 0.2458 -0.7606 0.6009
vn 0.2552 -0.7556 0.6033
vn 0.2554 -0.7558 0.6029
vn 0.1357 -0.8712 0.4718
vn 0.1355 -0.8717 0.4710
vn 0.1356 -0.8714 0.4714
vn 0.2080 -0.8157 0.5398
vn 0.2078 -0.8163 0.5390
vn 0.1836 -0.8527 0.4890
vn 0.1839 -0.8528 0.4888
vn 0.1843 -0.8523 0.4895
vn 0.1850 -0.8522 0.4894
vn 0.1623 -0.8840 0.4385
vn 0.1618 -0.8844 0.4378
vn 0.1621 -0.8840 0.4385
vn -0.3724 -0.6210 -0.6896
vn -0.3554 -0.6719 -0.6498
vn -0.3535 -0.6722 -0.6505
vn -0.4209 -0.3909 -0.8185
vn -0.4198 -0.3912 -0.8190
vn -0.4012 -0.2613 -0.8779
vn -0.4348 -0.2655 -0.8605
vn -0.4350 -0.2655 -0.8604
vn -0.3462 -0.2674 -0.8992
vn -0.4095 -0.2639 -0.8733
vn -0.4429 -0.2670 -0.8559
vn -0.4588 -0.5975 -0.6577
vn -0.3691 -0.6480 -0.6662
vn -0.4232 -0.6223 -0.6585
vn -0.4461 -0.6148 -0.6504
vn -0.4454 -0.6152 -0.6505
vn -0.4097 -0.6395 -0.6505
vn 0.2885 0.6655 -0.6884
vn 0.1191 -0.8061 0.5797
vn 0.4207 0.6369 -0.6461
vn 0.9707 0.0499 -0.2351
vn 0.9116 -0.4076 0.0534
vn 0.9053 -0.4235 0.0333
vn 0.9158 -0.0762 -0.3944
vn 0.9605 0.0072 -0.2781
vn 0.8917 -0.4525 0.0020
vn 0.4809 0.6563 -0.5813
vn 0.4670 0.6570 -0.5918
vn 0.8435 0.2913 -0.4513
vn 0.8435 0.2913 -0.4514
vn 0.9711 -0.1051 -0.2143
vn 0.9726 -0.1036 -0.2082
vn 0.9256 0.1141 -0.3609
vn 0.9291 0.1198 -0.3499
vn 0.9316 0.1199 -0.3432
vn 0.9303 0.1175 -0.3475
vn 0.9335 0.1235 -0.3367
vn 0.2795 -0.8255 0.4904
vn 0.2761 -0.8392 0.4685
vn 0.2779 -0.8335 0.4776
vn 0.2598 -0.8643 0.4307
vn 0.2597 -0.8645 0.4303
vn 0.2574 -0.8715 0.4175
vn 0.2322 -0.8547 0.4642
vn 0.2258 -0.8675 0.4432
vn 0.2320 -0.8551 0.4637
vn 0.3067 -0.7822 0.5423
vn 0.3081 -0.7729 0.5547
vn 0.3084 -0.7728 0.5547
vn 0.7967 0.4436 0.4105
vn 0.8042 0.4310 0.4092
vn 0.8215 0.4490 0.3514
vn 0.8216 0.4489 0.3513
vn 0.8287 0.4366 0.3501
vn 0.8512 0.2510 0.4609
vn 0.8503 0.2510 0.4626
vn 0.7737 0.5767 0.2623
vn 0.7743 0.5777 0.2583
vn 0.6376 0.7664 0.0778
vn 0.6323 0.7709 0.0774
vn 0.6323 0.7709 0.0773
vn 0.5509 0.8193 -0.1590
vn 0.5567 0.8154 -0.1587
vn 0.5508 0.8193 -0.1590
vn 0.7515 0.1413 0.6444
vn 0.8386 0.3486 0.4187
vn 0.8633 0.3303 0.3816
vn 0.8714 0.2885 0.3969
vn 0.8743 0.2837 0.3938
vn 0.8761 0.4676 0.1170
vn 0.4209 0.6584 -0.6240
vn 0.4003 0.6153 -0.6791
vn 0.7486 -0.2204 -0.6253
vn 0.6772 -0.6407 -0.3618
vn 0.6788 -0.6399 -0.3602
vn 0.7891 -0.2432 -0.5641
vn 0.7510 -0.2772 -0.5993
vn 0.6826 -0.6654 -0.3020
vn 0.2981 0.4592 -0.8368
vn 0.2971 0.4593 -0.8371
vn 0.5911 0.0326 -0.8060
vn 0.5921 0.0326 -0.8052
vn 0.7225 -0.3794 -0.5780
vn 0.7143 -0.3821 -0.5863
vn 0.6719 -0.1952 -0.7145
vn 0.6374 -0.1969 -0.7450
vn 0.6509 -0.2027 -0.7316
vn 0.4087 0.6160 -0.6735
vn -0.1731 -0.6879 -0.7049
vn -0.2771 -0.6959 -0.6625
vn -0.2769 -0.6960 -0.6625
vn -0.2341 -0.1884 -0.9538
vn -0.2194 -0.2040 -0.9541
vn -0.3677 -0.2075 -0.9065
vn -0.1145 -0.0970 -0.9887
vn -0.0673 -0.1199 -0.9905
vn -0.1146 -0.0971 -0.9887
vn -0.2470 -0.0047 -0.9690
vn -0.2175 -0.3517 -0.9105
vn -0.2206 -0.3507 -0.9101
vn -0.1669 -0.6656 -0.7274
vn -0.1612 -0.6668 -0.7276
vn -0.1768 -0.5978 -0.7819
vn -0.2104 -0.5933 -0.7770
vn 0.4066 -0.7025 0.5841
vn 0.1057 -0.8838 0.4558
vn 0.2754 0.7452 -0.6073
vn -0.0363 0.5789 0.8146
vn -0.0377 0.5940 0.8036
vn -0.0378 0.5940 0.8035
vn -0.0496 0.5892 0.8065
vn -0.0477 0.5745 0.8171
vn -0.0499 0.5893 0.8064
vn -0.0667 0.5867 0.8071
vn -0.0122 0.7296 0.6838
vn -0.0061 0.7406 0.6719
vn -0.0571 0.5944 0.8021
vn -0.0566 0.5945 0.8021
vn 0.0067 0.7465 0.6654
vn -0.0416 0.5431 0.8386
vn -0.0431 0.5418 0.8394
vn 0.0324 0.2663 0.9633
vn 0.0313 0.2657 0.9635
vn -0.0070 0.4106 0.9118
vn 0.0197 0.4256 0.9047
vn 0.2300 -0.7560 0.6128
vn 0.1136 -0.8392 0.5318
vn 0.2522 0.7025 -0.6655
vn -0.9783 0.2067 -0.0131
vn -0.9748 0.2229 -0.0123
vn -0.9747 0.2232 -0.0124
vn -0.9475 -0.1894 0.2576
vn -0.9681 0.2479 -0.0374
vn -0.9687 0.2451 -0.0402
vn -0.9478 -0.1942 0.2528
vn -0.9475 -0.1921 0.2558
vn -0.9697 0.2405 -0.0431
vn -0.9722 -0.1167 0.2030
vn -0.9722 -0.1186 0.2020
vn -0.8854 -0.3255 0.3318
vn -0.8853 -0.3217 0.3360
vn -0.9311 -0.2318 0.2817
vn -0.9307 -0.2693 0.2474
vn 0.1393 -0.8223 0.5517
vn 0.0997 -0.8437 0.5275
vn 0.1891 0.7328 -0.6536
vn -0.6556 -0.5117 -0.5553
vn -0.6676 -0.4766 -0.5719
vn -0.6667 -0.4773 -0.5724
vn -0.6646 -0.5028 -0.5527
vn -0.6752 -0.4761 -0.5634
vn -0.6868 -0.4403 -0.5782
vn -0.6965 -0.3420 -0.6308
vn -0.6329 -0.2208 -0.7421
vn -0.6455 -0.2399 -0.7251
vn -0.6826 -0.3510 -0.6410
vn -0.6829 -0.3510 -0.6407
vn -0.6302 -0.2497 -0.7352
vn -0.6737 -0.3973 -0.6231
vn -0.6750 -0.3965 -0.6222
vn -0.5867 -0.6524 -0.4797
vn -0.5917 -0.6505 -0.4762
vn -0.6137 -0.6037 -0.5089
vn -0.5949 -0.6110 -0.5223
vn 0.2437 0.6430 -0.7260
vn -0.9655 -0.0197 -0.2597
vn -0.9654 -0.0194 -0.2600
vn -0.9709 -0.1091 -0.2133
vn -0.9650 -0.0395 -0.2592
vn -0.9653 -0.0392 -0.2582
vn -0.9409 -0.3258 -0.0931
vn -0.9354 0.0533 -0.3497
vn -0.9527 -0.0146 -0.3036
vn -0.9410 -0.3256 -0.0923
vn -0.9415 -0.3245 -0.0906
vn -0.9539 -0.0175 -0.2995
vn -0.9535 -0.2721 -0.1297
vn -0.9541 -0.2707 -0.1285
vn -0.8788 -0.4767 0.0244
vn -0.8777 -0.4787 0.0219
vn -0.9085 -0.4170 -0.0261
vn -0.8889 -0.4530 -0.0682
vn 0.3181 0.7444 -0.5871
vn -0.5436 0.5934 0.5935
vn -0.5433 0.5947 0.5925
vn -0.5434 0.5947 0.5925
vn -0.5521 0.5863 0.5928
vn -0.5523 0.5851 0.5938
vn -0.5258 0.2972 0.7970
vn -0.5280 0.6483 0.5485
vn -0.5312 0.6489 0.5448
vn -0.5299 0.2974 0.7942
vn -0.5273 0.2987 0.7955
vn -0.5293 0.6510 0.5441
vn -0.5361 0.3286 0.7776
vn -0.5346 0.3307 0.7777
vn -0.4641 0.0720 0.8828
vn -0.4676 0.0684 0.8813
vn -0.5100 0.2013 0.8363
vn -0.4633 0.2505 0.8501
vn 0.2172 -0.9719 -0.0904
vn 0.2361 -0.9698 -0.0607
vn 0.2254 -0.9712 -0.0767
vn 0.1952 -0.9806 -0.0199
vn 0.1961 -0.9803 -0.0224
vn 0.1783 -0.9826 -0.0514
vn 0.1962 -0.9800 -0.0337
vn 0.1966 -0.9799 -0.0332
vn 0.1801 -0.9816 -0.0641
vn 0.1190 -0.9927 0.0207
vn 0.1183 -0.9928 0.0199
vn 0.1186 -0.9927 0.0205
vn 0.2381 -0.8471 0.4751
vn 0.2383 -0.8468 0.4755
vn 0.2326 -0.8603 0.4537
vn 0.1534 -0.8829 0.4439
vn 0.1531 -0.8833 0.4432
vn 0.9450 -0.2901 -0.1514
vn 0.8709 -0.3899 0.2992
vn 0.9146 -0.0056 0.4043
vn 0.6595 -0.0870 0.7466
vn 0.6596 -0.0873 0.7465
vn 0.6104 0.0873 0.7873
vn 0.6515 0.0051 0.7586
vn 0.6521 0.0048 0.7581
vn 0.3201 0.0221 0.9471
vn 0.3597 -0.0475 0.9319
vn 0.3131 0.0355 0.9491
vn 0.2517 0.2234 0.9417
vn 0.2875 0.1704 0.9425
vn 0.2798 0.1834 0.9424
vn 0.0659 0.1814 0.9812
vn 0.1120 0.1200 0.9864
vn 0.0752 0.1691 0.9827
vn 0.0707 -0.0512 0.9962
vn 0.1433 -0.1692 0.9751
vn 0.1523 -0.1803 0.9717
vn 0.0623 -0.0490 0.9969
vn 0.1233 -0.1695 0.9778
vn 0.0565 -0.0497 0.9972
vn -0.0652 0.7312 0.6791
vn -0.4145 0.6868 0.5971
vn -0.4778 0.7080 0.5200
vn -0.5676 -0.1599 0.8076
vn -0.6132 -0.1102 0.7822
vn -0.6057 -0.1094 0.7881
vn -0.9780 -0.0320 0.2060
vn -0.9793 -0.0289 0.2002
vn -0.9874 -0.0623 0.1457
vn -0.7018 0.6469 0.2984
vn -0.7198 0.6476 0.2499
vn -0.7078 0.6403 0.2984
vn -0.8205 0.5155 -0.2470
vn -0.8188 0.5104 -0.2629
vn -0.8169 0.4957 -0.2948
vn -0.4420 0.8919 -0.0959
vn -0.4608 0.8732 -0.1587
vn -0.4607 0.8751 -0.1483
vn -0.4726 0.8780 0.0765
vn -0.4766 0.8767 0.0655
vn -0.5019 0.8648 0.0115
vn -0.0802 0.9940 -0.0745
vn -0.0817 0.9936 -0.0785
vn -0.0776 0.9946 -0.0693
vn -0.1272 0.9448 -0.3019
vn -0.1330 0.9408 -0.3117
vn -0.1289 0.9432 -0.3062
vn -0.2733 0.9356 -0.2237
vn -0.2568 0.9402 -0.2239
vn -0.2613 0.9410 -0.2150
vn -0.3709 0.7566 -0.5385
vn -0.3730 0.7280 -0.5753
vn -0.4211 0.7229 -0.5478
vn -0.5921 0.7683 -0.2433
vn -0.5317 0.7334 -0.4236
vn -0.5884 0.7560 -0.2867
vn -0.8054 0.4249 -0.4132
vn -0.8049 0.4266 -0.4126
vn -0.8039 0.4098 -0.4311
vn -0.9314 0.3565 -0.0736
vn -0.9142 -0.3330 -0.2309
vn -0.8856 -0.4161 0.2063
vn -0.8857 -0.4156 0.2068
vn -0.9130 -0.3346 -0.2332
vn -0.7637 -0.2466 -0.5966
vn -0.7646 -0.2452 -0.5961
vn -0.7644 -0.2455 -0.5961
vn -0.8005 0.3339 -0.4976
vn -0.8043 0.3474 -0.4821
vn -0.8036 0.3489 -0.4821
vn -0.5380 0.3607 -0.7619
vn -0.5517 0.3998 -0.7320
vn -0.5465 0.3844 -0.7440
vn -0.4002 0.7682 -0.4998
vn -0.3988 0.7788 -0.4842
vn -0.3966 0.7920 -0.4641
vn -0.2028 0.7725 -0.6018
vn -0.2014 0.7719 -0.6030
vn -0.2041 0.7664 -0.6091
vn -0.1265 0.9444 -0.3035
vn -0.1289 0.9474 -0.2929
vn -0.1342 0.9440 -0.3014
vn -0.2936 0.9032 -0.3131
vn -0.2700 0.9290 -0.2532
vn -0.2692 0.9256 -0.2662
vn -0.2623 0.8683 -0.4210
vn -0.2618 0.8754 -0.4065
vn -0.2500 0.8979 -0.3622
vn -0.5107 0.6675 -0.5418
vn -0.5098 0.7059 -0.4917
vn -0.5099 0.6968 -0.5044
vn -0.4817 0.7929 -0.3733
vn -0.4935 0.7951 -0.3524
vn -0.4840 0.8134 -0.3225
vn -0.7797 0.1483 -0.6084
vn -0.8129 0.2418 -0.5298
vn -0.7979 0.2396 -0.5531
vn -0.9980 0.0612 0.0126
vn -0.9981 0.0612 0.0119
vn -0.9911 0.1022 0.0856
vn -0.6115 0.7911 0.0127
vn -0.7658 -0.2447 -0.5947
vn -0.7663 -0.2434 -0.5946
vn -0.7666 -0.2435 -0.5942
vn -0.5158 -0.1937 -0.8345
vn -0.5347 -0.1643 -0.8289
vn -0.5301 -0.1740 -0.8299
vn -0.5304 0.3036 -0.7915
vn -0.5376 0.3201 -0.7801
vn -0.5462 0.3436 -0.7639
vn -0.2633 0.3503 -0.8989
vn -0.2658 0.3480 -0.8990
vn -0.2564 0.3328 -0.9075
vn -0.1771 0.7507 -0.6365
vn -0.1886 0.7566 -0.6261
vn -0.1945 0.7414 -0.6422
vn -0.0328 0.7276 -0.6852
vn -0.0259 0.7617 -0.6474
vn -0.0191 0.7530 -0.6577
vn -0.0500 0.7405 -0.6702
vn -0.0524 0.7563 -0.6521
vn -0.0507 0.7779 -0.6264
vn -0.1537 0.6717 -0.7247
vn -0.1528 0.7111 -0.6863
vn -0.1498 0.6938 -0.7044
vn -0.1608 0.6669 -0.7276
vn -0.1633 0.6856 -0.7094
vn -0.1671 0.7056 -0.6886
vn -0.3078 0.1459 -0.9402
vn -0.3799 0.2712 -0.8844
vn -0.3503 0.2470 -0.9035
vn -0.8621 0.0412 -0.5051
vn -0.8611 0.0413 -0.5068
vn -0.8926 0.1269 -0.4325
vn -0.5277 0.8026 -0.2780
vn -0.5114 -0.1893 -0.8382
vn -0.5214 -0.1619 -0.8378
vn -0.5315 -0.1641 -0.8310
vn -0.2650 -0.1170 -0.9571
vn -0.2688 -0.1110 -0.9568
vn -0.2493 -0.1357 -0.9589
vn -0.2656 0.3443 -0.9005
vn -0.2740 0.3624 -0.8908
vn -0.2650 0.3435 -0.9010
vn 0.1637 0.3802 -0.9103
vn 0.1508 0.3840 -0.9109
vn 0.1658 0.3708 -0.9138
vn 0.1782 0.4015 -0.8984
vn 0.1552 0.4473 -0.8808
vn 0.1615 0.4387 -0.8840
vn 0.2028 0.4142 -0.8873
vn 0.1833 0.4502 -0.8739
vn 0.2060 0.4060 -0.8903
vn 0.2176 0.3665 -0.9046
vn 0.1882 0.4098 -0.8926
vn 0.2068 0.4039 -0.8911
vn 0.1782 0.3373 -0.9244
vn 0.1459 0.3822 -0.9125
vn 0.1761 0.3362 -0.9252
vn 0.2330 0.2149 -0.9484
vn 0.1769 0.3130 -0.9331
vn 0.1735 0.3114 -0.9343
vn 0.1972 0.1620 -0.9669
vn 0.1338 0.2647 -0.9550
vn 0.1973 0.1620 -0.9669
vn 0.0585 0.7279 -0.6831
vn 0.3291 0.7561 -0.5656
vn 0.4839 0.7742 -0.4080
vn 0.7646 0.2713 -0.5847
vn 0.7980 0.2527 -0.5471
vn 0.7981 0.2527 -0.5470
vn 0.8534 0.2519 -0.4563
vn 0.8498 0.2522 -0.4628
vn 0.8726 0.2545 -0.4169
vn 0.7936 0.4183 -0.4418
vn 0.7957 0.4177 -0.4385
vn 0.7967 0.4178 -0.4367
vn 0.8289 0.3939 -0.3973
vn 0.8265 0.3927 -0.4033
vn 0.8290 0.3949 -0.3960
vn 0.8539 0.2642 -0.4485
vn 0.8642 0.2651 -0.4277
vn 0.8691 0.2669 -0.4164
vn 0.8569 0.2626 -0.4436
vn 0.8567 0.2627 -0.4439
vn 0.8717 0.2671 -0.4109
vn 0.8656 0.1774 -0.4683
vn 0.8657 0.1772 -0.4682
vn 0.8252 -0.1836 -0.5342
vn 0.8246 -0.1817 -0.5358
vn 0.6217 -0.1020 -0.7766
vn 0.6229 -0.1039 -0.7754
vn 0.4502 -0.0630 -0.8907
vn 0.4471 -0.0596 -0.8925
vn 0.2840 -0.0381 -0.9581
vn 0.2917 -0.0549 -0.9549
vn 0.2047 -0.0494 -0.9776
vn 0.2125 -0.0602 -0.9753
vn 0.1659 -0.0574 -0.9845
vn 0.1785 -0.0966 -0.9792
vn 0.1743 -0.0919 -0.9804
vn 0.1750 -0.0918 -0.9803
vn -0.2784 -0.1246 -0.9523
vn -0.2732 -0.1302 -0.9531
vn -0.2754 -0.1243 -0.9533
vn 0.9447 -0.2920 -0.1495
vn 0.9935 0.0955 -0.0618
vn 0.9936 0.0948 -0.0614
vn 0.9669 0.2546 0.0166
vn 0.9814 0.1876 -0.0395
vn 0.9814 0.1878 -0.0403
vn 0.9709 0.2393 0.0039
vn 0.9676 0.2521 0.0139
vn 0.9816 0.1862 -0.0427
vn 0.8659 0.4992 0.0304
vn 0.8648 0.5011 0.0306
vn 0.8717 0.4893 0.0284
vn 0.8781 0.4745 0.0620
vn 0.8751 0.4799 0.0629
vn 0.8809 0.4695 0.0605
vn 0.9501 0.2970 0.0950
vn 0.9723 0.2271 0.0555
vn 0.9739 0.2218 0.0480
vn 0.9161 0.3211 -0.2400
vn 0.9157 0.3210 -0.2418
vn 0.9153 0.2913 -0.2780
vn 0.5810 0.7912 -0.1909
vn 0.8710 -0.3897 0.2991
vn 0.6311 -0.4402 0.6387
vn 0.6602 -0.0854 0.7462
vn 0.6605 -0.0858 0.7459
vn 0.6604 -0.0858 0.7460
vn 0.3731 -0.1286 0.9188
vn 0.3740 -0.1304 0.9182
vn 0.3738 -0.1300 0.9183
vn 0.3308 0.0305 0.9432
vn 0.3696 -0.0377 0.9284
vn 0.3706 -0.0391 0.9280
vn 0.0974 0.0100 0.9952
vn 0.1396 -0.0569 0.9886
vn 0.1000 0.0072 0.9950
vn 0.0412 0.1531 0.9874
vn 0.0821 0.0949 0.9921
vn 0.0855 0.0922 0.9921
vn -0.3404 0.0311 0.9398
vn -0.3105 -0.0043 0.9506
vn -0.3472 0.0393 0.9370
vn -0.3554 -0.1220 0.9267
vn -0.2944 -0.2158 0.9310
vn -0.2991 -0.2073 0.9314
vn -0.4650 -0.0336 0.8847
vn -0.3980 -0.1142 0.9103
vn -0.4674 -0.0339 0.8834
vn 0.6308 -0.4404 0.6388
vn 0.3580 -0.4520 0.8170
vn 0.3739 -0.1275 0.9187
vn 0.3748 -0.1294 0.9180
vn 0.1509 -0.1399 0.9786
vn 0.1535 -0.1447 0.9775
vn 0.1526 -0.1429 0.9779
vn 0.1099 0.0192 0.9938
vn 0.1506 -0.0447 0.9876
vn 0.1528 -0.0478 0.9871
vn -0.3142 0.0096 0.9493
vn -0.2765 -0.0380 0.9603
vn -0.3146 0.0099 0.9492
vn -0.3388 0.0270 0.9405
vn -0.3107 -0.0080 0.9505
vn -0.3126 -0.0079 0.9499
vn -0.3216 0.0268 0.9465
vn -0.2968 -0.0012 0.9549
vn -0.3254 0.0375 0.9448
vn -0.3502 0.6793 0.6449
vn -0.3449 0.6732 0.6541
vn -0.3587 0.6801 0.6394
vn -0.4757 0.5877 0.6544
vn -0.5008 0.6021 0.6218
vn -0.5076 0.6054 0.6131
vn -0.5299 0.8310 0.1692
vn -0.5013 0.8364 0.2218
vn -0.5302 0.8317 0.1646
vn -0.3647 0.6790 0.6372
vn -0.3622 0.6784 0.6392
vn -0.3983 0.6962 0.5972
vn -0.4308 0.7837 0.4475
vn -0.4287 0.7835 0.4497
vn -0.4597 0.7911 0.4036
vn -0.2169 0.9179 0.3324
vn -0.2207 0.9184 0.3283
vn -0.2210 0.9187 0.3274
vn -0.2150 0.9195 0.3292
vn -0.2205 0.9215 0.3197
vn -0.2252 0.9212 0.3174
vn -0.3814 0.8001 0.4630
vn -0.3947 0.8037 0.4453
vn -0.3890 0.8034 0.4508
vn -0.3791 0.8038 0.4584
vn -0.3718 0.8023 0.4670
vn -0.3763 0.8058 0.4572
vn -0.5973 0.5447 0.5886
vn -0.5988 0.5485 0.5836
vn -0.6140 0.5458 0.5702
vn -0.5480 0.5279 0.6488
vn -0.5793 0.5569 0.5952
vn -0.5558 0.5128 0.6543
vn -0.7786 0.0833 0.6219
vn -0.7803 0.0771 0.6206
vn -0.7685 0.0742 0.6355
vn -0.7373 0.0763 0.6712
vn -0.7532 0.0850 0.6522
vn -0.7427 0.0851 0.6642
vn -0.7256 -0.4639 0.5082
vn -0.7269 -0.4626 0.5076
vn -0.7242 -0.4655 0.5088
vn -0.7219 -0.4547 0.5216
vn -0.7216 -0.4551 0.5217
vn -0.7216 -0.4551 0.5216
vn -0.5076 -0.4987 0.7026
vn -0.5198 -0.4823 0.7051
vn -0.5068 -0.4989 0.7030
vn -0.5017 -0.4551 0.7357
vn -0.5067 -0.4497 0.7356
vn -0.4976 -0.4654 0.7319
vn -0.0504 -0.4651 0.8838
vn -0.0581 -0.4468 0.8928
vn -0.0497 -0.4651 0.8839
vn -0.0540 -0.4678 0.8822
vn -0.0615 -0.4498 0.8910
vn -0.0539 -0.4682 0.8820
vn -0.0930 -0.4672 0.8793
vn -0.0885 -0.4626 0.8822
vn -0.2555 -0.4525 0.8544
vn -0.2331 -0.4202 0.8770
vn 0.1563 -0.4429 0.8828
vn 0.1444 -0.4505 0.8810
vn 0.3566 -0.4530 0.8171
vn -0.8855 -0.4087 0.2208
vn -0.9040 0.2283 0.3614
vn -0.9041 0.2281 0.3613
vn -0.9043 0.2279 0.3609
vn -0.9325 0.1786 0.3139
vn -0.9303 0.1883 0.3146
vn -0.9304 0.1868 0.3153
vn -0.7721 0.5638 0.2931
vn -0.7303 0.5693 0.3775
vn -0.7386 0.5749 0.3520
vn -0.7221 0.5988 0.3464
vn -0.7926 0.5601 0.2410
vn -0.7211 0.5863 0.3691
vn -0.4468 0.8588 0.2507
vn -0.4909 0.8416 0.2252
vn -0.4532 0.8534 0.2575
vn -0.4124 0.8666 0.2809
vn -0.4120 0.8663 0.2823
vn -0.4112 0.8665 0.2831
vn -0.2476 0.9447 0.2151
vn -0.2380 0.9431 0.2323
vn -0.2384 0.9429 0.2327
vn -0.2397 0.9423 0.2337
vn -0.2388 0.9420 0.2359
vn -0.2300 0.9409 0.2487
vn -0.4788 0.8517 0.2129
vn -0.4511 0.8532 0.2619
vn -0.4508 0.8532 0.2625
vn 0.6518 0.2265 -0.7237
vn 0.6515 0.2270 -0.7239
vn 0.4675 0.2517 -0.8474
vn 0.4686 0.2503 -0.8472
vn 0.4684 0.2507 -0.8472
vn 0.3077 0.2666 -0.9134
vn 0.3080 0.2662 -0.9134
vn 0.3077 0.2687 -0.9127
vn 0.3056 0.2722 -0.9124
vn 0.3054 0.2726 -0.9124
vn 0.2269 0.2793 -0.9330
vn 0.2294 0.2750 -0.9337
vn 0.2305 0.2735 -0.9338
vn 0.2273 0.2790 -0.9330
vn 0.2248 0.2834 -0.9323
vn 0.1820 0.2818 -0.9420
vn 0.1852 0.2762 -0.9431
vn 0.1795 0.2863 -0.9412
vn -0.5276 -0.0007 0.8495
vn -0.5366 0.0061 0.8438
vn -0.5347 0.0090 0.8450
vn -0.5442 -0.0195 0.8387
vn -0.5474 -0.0215 0.8366
vn -0.5382 -0.0308 0.8422
vn -0.0571 -0.1165 0.9915
vn -0.0803 -0.0723 0.9941
vn -0.0663 -0.0963 0.9931
vn -0.0767 -0.1129 0.9906
vn -0.0922 -0.0880 0.9918
vn -0.0656 -0.1322 0.9891
vn -0.0836 -0.1310 0.9879
vn -0.0949 -0.1123 0.9891
vn -0.0832 -0.1307 0.9879
vn -0.0943 -0.1247 0.9877
vn -0.0991 -0.1165 0.9882
vn -0.0879 -0.1353 0.9869
vn -0.2320 -0.1282 0.9642
vn -0.2383 -0.1188 0.9639
vn -0.2412 -0.1377 0.9607
vn -0.2447 -0.1322 0.9605
vn -0.2387 -0.1414 0.9607
vn 0.1542 -0.1440 0.9775
vn 0.1516 -0.1392 0.9786
vn 0.1543 -0.1440 0.9775
vn -0.9357 0.3399 -0.0948
vn -0.6826 0.6410 -0.3509
vn -0.7442 0.6622 -0.0878
vn -0.7611 0.6482 -0.0253
vn -0.7925 0.5906 -0.1519
vn -0.7631 0.5962 -0.2494
vn -0.7622 0.6403 -0.0954
vn -0.5041 0.8557 -0.1164
vn -0.5192 0.8372 -0.1718
vn -0.5255 0.8384 -0.1444
vn -0.4432 0.8924 0.0852
vn -0.4422 0.8936 0.0772
vn -0.4623 0.8857 0.0413
vn -0.2364 0.9641 0.1212
vn -0.2295 0.9638 0.1355
vn -0.2290 0.9638 0.1367
vn -0.2385 0.9640 0.1177
vn -0.2380 0.9638 0.1200
vn -0.2301 0.9640 0.1336
vn -0.4623 0.8866 0.0137
vn -0.4389 0.8960 0.0679
vn -0.4397 0.8957 0.0665
vn 0.9143 -0.0068 0.4051
vn 0.8607 0.1895 0.4725
vn 0.9023 0.0888 0.4218
vn 0.9027 0.0890 0.4210
vn 0.8501 0.2051 0.4850
vn 0.8583 0.1847 0.4788
vn 0.9001 0.0834 0.4275
vn 0.7522 0.4605 0.4713
vn 0.7571 0.4528 0.4710
vn 0.7449 0.4709 0.4726
vn 0.7514 0.4992 0.4314
vn 0.7568 0.4914 0.4309
vn 0.7500 0.5011 0.4318
vn 0.8391 0.2442 0.4861
vn 0.8881 0.1305 0.4408
vn 0.8872 0.1384 0.4402
vn 0.9462 0.3024 0.1149
vn 0.9467 0.3023 0.1115
vn 0.9698 0.2326 0.0739
vn 0.5953 0.8004 0.0709
vn 0.6466 0.3066 -0.6985
vn 0.6671 0.2835 -0.6890
vn 0.6466 0.3066 -0.6984
vn 0.6540 0.2930 -0.6974
vn 0.6577 0.2883 -0.6959
vn 0.6377 0.3126 -0.7040
vn 0.4660 0.3355 -0.8187
vn 0.4857 0.3050 -0.8192
vn 0.4657 0.3359 -0.8187
vn 0.4723 0.3125 -0.8242
vn 0.4722 0.3119 -0.8245
vn 0.4528 0.3433 -0.8229
vn 0.3062 0.3595 -0.8815
vn 0.3254 0.3245 -0.8882
vn 0.3043 0.3629 -0.8807
vn 0.2872 0.3688 -0.8840
vn 0.2848 0.3732 -0.8829
vn 0.2668 0.4088 -0.8728
vn 0.2278 0.4075 -0.8843
vn 0.2458 0.3709 -0.8955
vn 0.2250 0.4126 -0.8827
vn -0.4398 0.4851 0.7558
vn -0.4357 0.4807 0.7610
vn -0.4308 0.4785 0.7652
vn -0.4609 0.4754 0.7494
vn -0.4537 0.4738 0.7548
vn -0.4547 0.4734 0.7544
vn -0.0966 0.3538 0.9303
vn -0.1186 0.3872 0.9143
vn -0.1134 0.3779 0.9189
vn -0.1671 0.1125 0.9795
vn -0.1587 0.0968 0.9826
vn -0.1323 0.0624 0.9892
vn -0.0869 0.0601 0.9944
vn -0.1282 0.1183 0.9847
vn -0.0909 0.0685 0.9935
vn -0.1631 0.0685 0.9842
vn -0.1688 0.0760 0.9827
vn -0.1266 0.0189 0.9918
vn -0.2313 0.0194 0.9727
vn -0.2715 0.0686 0.9600
vn -0.2352 0.0249 0.9716
vn -0.6786 0.3822 -0.6273
vn -0.7210 0.4064 -0.5612
vn -0.6474 0.4911 -0.5829
vn -0.4120 0.9110 -0.0158
vn -0.4246 0.9051 -0.0219
vn -0.5024 0.8609 -0.0799
vn -0.4904 0.8448 -0.2140
vn -0.4886 0.8446 -0.2189
vn -0.4973 0.8242 -0.2708
vn -0.2039 0.9784 0.0340
vn -0.1988 0.9791 0.0431
vn -0.1980 0.9791 0.0454
vn -0.2045 0.9786 0.0237
vn -0.2044 0.9785 0.0259
vn -0.1973 0.9797 0.0363
vn -0.4056 0.8998 -0.1607
vn -0.3884 0.9155 -0.1051
vn -0.3901 0.9146 -0.1065
vn 0.5829 0.1207 0.8035
vn 0.6022 0.0806 0.7943
vn 0.6438 -0.0026 0.7652
vn 0.4996 0.3891 0.7740
vn 0.5188 0.3609 0.7750
vn 0.4930 0.3979 0.7737
vn 0.4650 0.3660 0.8061
vn 0.4786 0.3476 0.8063
vn 0.4720 0.3565 0.8063
vn 0.4868 0.1129 0.8662
vn 0.5693 -0.0461 0.8208
vn 0.5648 -0.0265 0.8248
vn 0.8490 0.2414 0.4701
vn 0.8515 0.2414 0.4654
vn 0.8959 0.1287 0.4252
vn 0.5125 0.7947 0.3253
vn 0.6453 0.3340 -0.6870
vn 0.6560 0.3199 -0.6836
vn 0.6481 0.3293 -0.6867
vn 0.7477 0.2655 -0.6087
vn 0.7452 0.2672 -0.6109
vn 0.7349 0.2761 -0.6194
vn 0.5003 0.2108 -0.8398
vn 0.5210 0.1804 -0.8343
vn 0.4977 0.2101 -0.8415
vn 0.5478 0.1577 -0.8216
vn 0.5434 0.1639 -0.8233
vn 0.5192 0.1909 -0.8330
vn 0.3231 0.1364 -0.9365
vn 0.3515 0.0932 -0.9315
vn 0.3147 0.1404 -0.9388
vn -0.3087 0.7564 0.5767
vn -0.3089 0.7538 0.5800
vn -0.2965 0.7488 0.5928
vn -0.3175 0.7555 0.5731
vn -0.3221 0.7551 0.5711
vn -0.3163 0.7542 0.5754
vn -0.3008 0.7581 0.5786
vn -0.2874 0.7516 0.5937
vn -0.2866 0.7505 0.5955
vn -0.3227 0.3331 0.8859
vn -0.3007 0.3035 0.9041
vn -0.3087 0.3151 0.8974
vn -0.1577 0.3662 0.9171
vn -0.1749 0.3943 0.9022
vn -0.1597 0.3742 0.9135
vn -0.2652 0.9358 -0.2322
vn -0.2652 0.9358 -0.2323
vn -0.2650 0.9360 -0.2316
vn -0.1517 0.9879 -0.0320
vn -0.1480 0.9887 -0.0251
vn -0.1483 0.9886 -0.0249
vn -0.1484 0.9875 -0.0537
vn -0.1479 0.9877 -0.0514
vn -0.1423 0.9888 -0.0446
vn -0.3177 0.8897 -0.3279
vn -0.3077 0.9114 -0.2732
vn -0.3103 0.9098 -0.2757
vn 0.3321 0.3192 0.8876
vn 0.3228 0.3311 0.8867
vn 0.3521 0.2914 0.8894
vn 0.3628 0.0126 0.9318
vn 0.4422 -0.1276 0.8878
vn 0.4496 -0.1393 0.8823
vn 0.6475 0.0839 0.7574
vn 0.6524 0.0843 0.7532
vn 0.7116 -0.0694 0.6992
vn 0.3515 0.7762 0.5233
vn -0.1805 0.8969 0.4037
vn -0.1836 0.8986 0.3984
vn -0.1820 0.8975 0.4018
vn -0.1777 0.8986 0.4013
vn -0.1803 0.8987 0.3997
vn -0.1748 0.8975 0.4050
vn -0.4062 0.9008 0.1533
vn -0.3855 0.9014 0.1972
vn -0.3836 0.9014 0.2008
vn 0.7510 0.2609 -0.6066
vn 0.7838 0.2405 -0.5725
vn 0.7475 0.2626 -0.6101
vn 0.5845 0.2255 -0.7794
vn 0.5851 0.2256 -0.7789
vn 0.5325 0.2852 -0.7969
vn 0.5227 0.2739 -0.8073
vn 0.5693 0.2155 -0.7934
vn 0.5145 0.2783 -0.8111
vn -0.6715 -0.0676 0.7379
vn -0.6570 -0.0784 0.7498
vn -0.7152 -0.0328 0.6981
vn -0.5487 0.2319 0.8032
vn -0.5413 0.2312 0.8084
vn -0.5605 0.2494 0.7897
vn -0.4765 0.8606 0.1798
vn -0.4773 0.8605 0.1782
vn -0.4873 0.8623 0.1380
vn -0.1723 0.8704 -0.4613
vn -0.1734 0.8686 -0.4641
vn -0.1764 0.8410 -0.5115
vn -0.0691 0.9935 -0.0906
vn -0.0739 0.9925 -0.0978
vn -0.0716 0.9929 -0.0949
vn -0.2565 0.1801 -0.9496
vn -0.2543 0.1803 -0.9502
vn -0.3240 0.3022 -0.8965
vn -0.2212 0.7740 -0.5932
vn 0.3670 0.0124 0.9301
vn 0.3719 0.0130 0.9282
vn 0.4367 -0.1312 0.8900
vn 0.1517 0.7531 0.6402
vn -0.3476 0.5565 -0.7547
vn -0.5817 -0.2433 -0.7762
vn -0.5828 -0.2412 -0.7760
vn -0.3034 -0.1992 -0.9318
vn -0.3017 -0.1968 -0.9329
vn -0.0801 0.4295 -0.8995
vn -0.0378 0.4245 -0.9046
vn -0.2767 -0.0835 -0.9573
vn 0.0316 0.4917 -0.8702
vn 0.3007 0.2736 -0.9136
vn 0.0697 -0.0028 -0.9976
vn 0.2871 0.2640 -0.9208
vn 0.4015 0.3299 -0.8544
vn 0.2966 0.2964 -0.9078
vn 0.2844 0.2863 -0.9150
vn 0.5647 -0.0205 -0.8251
vn 0.4572 -0.0379 -0.8886
vn 0.5653 -0.0213 -0.8246
vn 0.6962 0.6922 -0.1903
vn 0.6934 0.6007 -0.3979
vn 0.6933 0.6008 -0.3980
vn 0.7421 0.3844 -0.5491
vn 0.5886 -0.0618 0.8061
vn 0.5875 -0.0673 0.8064
vn 0.5876 -0.0674 0.8063
vn 0.7442 -0.5281 0.4091
vn 0.7473 -0.5231 0.4099
vn 0.7569 -0.5311 0.3809
vn 0.7600 -0.5261 0.3817
vn 0.1803 0.9371 0.2990
vn 0.1801 0.9370 0.2994
vn 0.1807 0.9371 0.2985
vn 0.2440 0.9336 0.2625
vn 0.2445 0.9337 0.2616
vn 0.2439 0.9336 0.2626
vn -0.0040 0.9911 0.1331
vn -0.0200 0.9907 0.1346
vn -0.9279 -0.2446 -0.2814
vn -0.5815 0.7681 -0.2680
vn -0.5802 0.7685 -0.2699
vn -0.9195 -0.2438 -0.3082
vn -0.5899 0.7647 -0.2593
vn -0.9182 -0.2434 -0.3126
vn -0.4406 -0.8635 -0.2453
vn -0.5233 -0.7850 -0.3316
vn -0.9087 -0.2413 -0.3405
vn -0.9159 -0.2453 -0.3177
vn -0.9138 -0.2438 -0.3247
vn -0.9169 -0.2508 -0.3106
vn -0.9191 -0.2515 -0.3034
vn -0.9211 -0.2523 -0.2965
vn -0.0580 -0.9927 -0.1056
vn -0.0515 -0.9944 -0.0924
vn 0.4270 -0.9015 0.0706
vn 0.9746 -0.0215 0.2230
vn 0.9736 -0.0219 0.2274
vn 0.9537 -0.0259 0.2998
vn 0.9522 -0.0263 0.3044
vn 0.4111 -0.9025 0.1284
vn 0.9931 -0.0515 0.1049
vn 0.9931 -0.0483 0.1069
vn 0.4768 -0.8784 -0.0330
vn -0.2997 -0.5285 0.7943
vn -0.3110 -0.5226 0.7938
vn -0.8934 -0.2708 0.3584
vn -0.8935 -0.2680 0.3602
vn -0.8932 -0.2742 0.3563
vn -0.8866 0.4140 0.2065
vn -0.8856 -0.3073 0.3482
vn -0.8852 -0.3079 0.3488
vn -0.7994 0.6007 0.0038
vn -0.9760 -0.1807 0.1214
vn -0.8341 0.5515 -0.0103
vn -0.7943 0.5983 0.1059
vn -0.7944 0.5981 0.1056
vn -0.8323 0.5464 0.0939
vn -0.4487 0.4178 0.7900
vn -0.4485 0.4180 0.7900
vn -0.3796 0.3008 0.8749
vn 0.7515 -0.5188 0.4076
vn 0.7486 -0.5237 0.4065
vn 0.9626 0.0333 0.2689
vn 0.9627 0.0391 0.2678
vn 0.9626 0.0332 0.2689
vn 0.8045 0.5288 0.2705
vn 0.8021 0.5340 0.2673
vn 0.8044 0.5289 0.2704
vn -0.1911 0.3381 0.9215
vn -0.0407 0.4586 0.8877
vn -0.6592 -0.0182 0.7518
vn -0.6718 0.0032 0.7407
vn -0.6722 0.0039 0.7404
vn -0.6631 -0.0253 0.7481
vn -0.6732 -0.0081 0.7394
vn -0.6601 -0.0295 0.7506
vn -0.4609 -0.1026 0.8815
vn -0.6625 -0.0230 0.7487
vn -0.6589 -0.0280 0.7517
vn -0.4639 -0.1013 0.8801
vn -0.6671 -0.0229 0.7446
vn -0.4642 -0.1014 0.8799
vn -0.2636 -0.5332 0.8038
vn -0.2637 -0.5328 0.8041
vn -0.2099 -0.5539 0.8057
vn -0.2098 -0.5543 0.8054
vn -0.2101 -0.5542 0.8054
vn -0.2574 -0.5932 -0.7628
vn 0.4355 -0.8437 -0.3137
vn 0.4341 -0.8442 -0.3144
vn 0.9328 0.1925 -0.3047
vn 0.9284 0.2124 -0.3049
vn 0.7827 -0.5803 -0.2248
vn 0.3831 0.3559 0.8524
vn 0.1290 0.9390 0.3187
vn 0.6577 0.5316 0.5337
vn -0.3836 -0.6593 -0.6466
vn 0.0945 -0.9357 -0.3398
vn -0.1021 -0.7702 -0.6296
vn -0.4411 -0.8872 0.1350
vn -0.5004 -0.8581 0.1153
vn -0.1408 -0.9856 0.0938
vn -0.3554 0.3642 0.8608
vn -0.3487 0.3475 0.8704
vn -0.3548 0.3586 0.8634
vn 0.3648 -0.8330 -0.4160
vn 0.3608 -0.8351 -0.4153
vn 0.3788 -0.8267 -0.4161
vn 0.8052 -0.5595 -0.1966
vn 0.8077 -0.5562 -0.1958
vn 0.7436 0.4062 -0.5311
vn 0.9538 0.2279 -0.1960
vn 0.9518 -0.3021 -0.0525
vn 0.4363 0.4227 0.7944
vn 0.4391 0.4179 0.7954
vn 0.4390 0.4180 0.7954
vn 0.2409 -0.7004 0.6719
vn 0.2454 -0.6975 0.6733
vn 0.2411 -0.7129 0.6585
vn 0.1843 -0.7626 0.6201
vn 0.1940 -0.7614 0.6186
vn 0.4311 0.1523 -0.8893
vn 0.5517 0.1472 -0.8209
vn 0.5101 0.1507 -0.8468
vn -0.2485 -0.6622 -0.7069
vn -0.0284 -0.4865 -0.8732
vn 0.0723 -0.4566 -0.8867
vn -0.9710 -0.2384 0.0199
vn -0.8676 0.4091 0.2826
vn -0.9674 -0.1474 0.2060
vn -0.9044 0.1199 -0.4095
vn -0.7807 -0.5163 0.3520
vn -0.8333 -0.4830 0.2690
vn 0.6511 0.1583 0.7423
vn 0.6599 0.1253 0.7408
vn 0.2257 -0.7570 0.6132
vn 0.2578 -0.9028 0.3442
vn 0.2583 -0.9026 0.3443
vn -0.6831 -0.7107 -0.1681
vn 0.2360 -0.4124 -0.8799
vn 0.2363 -0.4124 -0.8798
vn 0.2359 -0.4126 -0.8798
vn 0.2028 -0.3989 -0.8943
vn 0.0394 0.0419 -0.9983
vn 0.2667 0.3069 -0.9136
vn 0.0345 0.0402 -0.9986
vn 0.4444 0.2432 -0.8622
vn 0.5508 0.2484 -0.7968
vn 0.5515 0.2490 -0.7962
vn 0.4212 -0.5849 0.6932
vn 0.3217 -0.6227 0.7133
vn 0.8925 0.0952 0.4408
vn 0.9618 -0.2348 -0.1409
vn 0.9601 -0.2392 -0.1448
vn 0.4334 -0.8383 -0.3308
vn -0.3035 -0.5777 0.7577
vn -0.2593 -0.6144 0.7452
vn -0.8614 0.2035 0.4653
vn -0.7169 -0.2927 0.6328
vn -0.7167 -0.2923 0.6332
vn -0.8154 0.2188 0.5360
vn -0.8132 0.2300 0.5347
vn -0.7297 -0.1856 0.6581
vn -0.8475 0.2117 0.4867
vn -0.8552 0.1679 0.4903
vn -0.8564 0.1554 0.4924
vn -0.7496 0.1748 0.6384
vn -0.7496 0.1742 0.6386
vn -0.7543 0.1386 0.6417
vn -0.4455 0.2174 0.8685
vn -0.2756 0.0917 0.9569
vn 0.2800 0.2760 -0.9195
vn 0.4084 0.3156 -0.8565
vn 0.4081 0.3159 -0.8565
vn 0.2523 0.4619 -0.8503
vn 0.2523 0.4618 -0.8503
vn 0.0873 0.3707 -0.9246
vn -0.0273 0.4012 -0.9156
vn 0.0646 0.4769 -0.8766
vn -0.0892 0.3285 -0.9403
vn -0.3300 0.7328 -0.5951
vn -0.3311 0.7317 -0.5958
vn -0.4535 0.6231 -0.6373
vn -0.6961 -0.1756 -0.6961
vn -0.2941 0.7374 -0.6081
vn -0.4213 0.6315 -0.6510
vn -0.3772 -0.1059 -0.9201
vn 0.0210 0.5828 -0.8123
vn -0.3757 -0.1065 -0.9206
vn 0.0286 0.5905 -0.8066
vn 0.0291 0.5905 -0.8065
vn -0.3815 -0.1532 -0.9116
vn -0.5913 -0.2148 -0.7773
vn -0.5850 -0.1871 -0.7891
vn -0.5880 -0.1990 -0.7840
vn 0.1727 -0.4298 -0.8862
vn 0.1644 -0.4796 -0.8620
vn 0.0057 -0.9721 0.2346
vn 0.7642 -0.2962 0.5730
vn 0.7678 -0.2907 0.5709
vn 0.1768 -0.4935 -0.8516
vn 0.7198 -0.5416 0.4343
vn 0.7198 -0.5415 0.4344
vn 0.7229 -0.5365 0.4353
vn 0.1672 0.9291 0.3300
vn 0.1669 0.9290 0.3304
vn 0.1674 0.9291 0.3297
vn 0.1501 0.9128 0.3798
vn 0.1503 0.9129 0.3796
vn 0.1491 0.9124 0.3811
vn -0.0700 0.9756 0.2080
vn 0.5760 0.5097 -0.6391
vn 0.5924 0.5877 -0.5511
vn 0.4430 0.6936 -0.5681
vn 0.4435 0.6944 -0.5667
vn 0.4438 0.6950 -0.5657
vn 0.1613 -0.4232 -0.8916
vn 0.3045 -0.9338 0.1878
vn 0.9095 -0.0696 0.4099
vn 0.9086 -0.0734 0.4112
vn 0.3283 -0.0416 -0.9437
vn 0.6138 0.0741 -0.7860
vn 0.4108 -0.1739 -0.8950
vn 0.4080 -0.1761 -0.8958
vn -0.0528 -0.9947 -0.0878
vn -0.0755 -0.9945 -0.0728
vn -0.9384 -0.2430 -0.2456
vn -0.9399 -0.2433 -0.2398
vn -0.9415 -0.2437 -0.2327
vn -0.9346 -0.2421 -0.2608
vn -0.9323 -0.2423 -0.2686
vn -0.9435 -0.2430 -0.2251
vn -0.5007 -0.0534 0.8640
vn -0.4905 -0.0717 0.8685
vn -0.5004 -0.0533 0.8641
vn -0.4807 -0.2404 0.8433
vn -0.4676 -0.2564 0.8459
vn -0.4811 -0.2400 0.8432
vn -0.1941 -0.2037 0.9596
vn -0.5315 0.0196 0.8468
vn -0.3105 -0.0317 0.9500
vn -0.3069 -0.0288 0.9513
vn -0.5696 -0.8016 -0.1818
vn -0.6003 0.7622 -0.2423
vn -0.9383 -0.2507 -0.2382
vn -0.9390 -0.2508 -0.2353
vn -0.6040 0.7587 -0.2442
vn -0.6037 0.7587 -0.2447
vn -0.9332 -0.2502 -0.2580
vn -0.0379 0.9764 0.2127
vn -0.7919 -0.2328 0.5645
vn -0.8236 0.3561 0.4414
vn -0.8239 0.3562 0.4409
vn -0.5123 -0.8550 -0.0804
vn -0.8326 0.3225 0.4504
vn -0.7826 -0.1872 0.5937
vn -0.7823 -0.1875 0.5940
vn -0.4632 0.2203 0.8585
vn -0.8742 -0.0780 0.4792
vn -0.4020 -0.5748 0.7127
vn -0.4585 -0.6532 0.6025
vn -0.9120 0.3805 0.1531
vn -0.8952 -0.0811 0.4383
vn -0.8943 -0.0798 0.4403
vn -0.9115 0.3809 0.1551
vn -0.8879 -0.0713 0.4545
vn -0.9113 0.3813 0.1555
vn -0.5060 0.7968 -0.3302
vn -0.8419 -0.4573 -0.2865
vn -0.8626 -0.1535 -0.4821
vn -0.8625 -0.1535 -0.4822
vn -0.9760 0.0376 -0.2145
vn -0.9493 -0.3142 0.0103
vn -0.9676 0.0712 -0.2422
vn -0.9052 -0.4213 -0.0558
vn -0.9060 -0.4199 -0.0542
vn -0.9635 -0.0748 -0.2572
vn -0.7776 -0.5385 -0.3247
vn -0.7778 -0.5388 -0.3236
vn -0.8379 -0.2777 -0.4700
vn -0.2972 -0.9034 -0.3089
vn -0.3106 -0.8589 -0.4073
vn -0.2580 -0.8775 -0.4043
vn -0.2579 -0.8775 -0.4043
vn -0.2850 -0.6257 -0.7262
vn 0.9578 -0.0827 0.2752
vn 0.9546 0.2975 0.0146
vn 0.9560 0.2928 0.0169
vn 0.9861 0.0594 0.1553
vn 0.9525 -0.1182 0.2807
vn 0.9625 0.2684 0.0398
vn 0.9288 -0.1558 0.3362
vn 0.9257 -0.1663 0.3398
vn 0.9732 0.0172 0.2295
vn -0.3204 -0.4998 -0.8047
vn -0.3286 -0.4907 -0.8070
vn -0.3307 -0.5353 -0.7773
vn -0.3282 -0.4920 -0.8064
vn -0.3294 -0.4951 -0.8040
vn -0.3336 -0.4998 -0.7993
vn -0.3476 -0.4285 -0.8340
vn -0.3474 -0.4281 -0.8343
vn -0.3533 -0.4354 -0.8280
vn 0.9701 -0.0363 0.2401
vn 0.9694 -0.0383 0.2423
vn 0.4562 0.8318 -0.3161
vn 0.4531 0.8339 -0.3152
vn 0.4563 0.8318 -0.3161
vn 0.8355 0.4809 -0.2658
vn 0.8336 0.4838 -0.2667
vn 0.8355 0.4810 -0.2657
vn -0.2393 -0.1572 -0.9581
vn -0.4679 -0.1214 -0.8754
vn -0.7129 -0.3067 -0.6307
vn -0.7055 -0.2846 -0.6491
vn -0.7057 -0.2842 -0.6490
vn -0.8204 -0.3167 -0.4761
vn -0.8193 -0.2921 -0.4933
vn -0.8197 -0.3240 -0.4724
vn -0.7955 -0.4595 -0.3950
vn -0.8075 -0.2289 -0.5436
vn -0.8078 -0.2364 -0.5400
vn 0.9594 -0.0815 0.2700
vn 0.9562 -0.0926 0.2778
vn 0.9570 -0.0905 0.2756
vn -0.9784 0.0928 -0.1846
vn -0.9784 0.0932 -0.1846
vn -0.9864 0.0563 -0.1543
vn -0.5170 0.0233 -0.8557
vn -0.2616 0.8490 -0.4591
vn 0.9156 -0.1434 -0.3757
vn 0.9159 -0.1466 -0.3737
vn 0.9416 -0.1112 -0.3178
vn 0.9413 -0.1082 -0.3199
vn 0.9416 -0.1112 -0.3179
vn 0.9261 -0.1206 -0.3576
vn 0.9257 -0.1174 -0.3595
vn 0.1740 0.8548 0.4889
vn 0.1883 0.7953 0.5762
vn -0.0644 0.5488 0.8335
vn -0.0606 0.6154 0.7859
vn -0.0598 0.6149 0.7863
vn 0.1518 0.5652 0.8108
vn 0.1516 0.5653 0.8108
vn 0.1528 0.5341 0.8315
vn 0.1600 0.5278 0.8341
vn 0.1589 0.5554 0.8162
vn 0.1604 0.5240 0.8365
vn 0.4554 0.4159 0.7872
vn 0.4568 0.4152 0.7867
vn 0.4535 0.3888 0.8020
vn 0.3509 0.5663 0.7457
vn 0.3504 0.5652 0.7469
vn 0.3472 0.5434 0.7643
vn 0.5981 -0.5469 -0.5858
vn 0.5977 -0.5492 -0.5840
vn 0.5912 -0.5713 -0.5693
vn 0.5872 -0.6061 -0.5365
vn 0.5853 -0.6088 -0.5355
vn 0.5638 -0.3555 -0.7455
vn 0.5537 -0.6862 -0.4717
vn 0.5663 -0.6526 -0.5034
vn 0.3907 0.4293 0.8143
vn 0.4006 0.3774 0.8349
vn 0.3709 0.4536 0.8104
vn 0.4951 0.5540 0.6693
vn 0.4943 0.5550 0.6690
vn 0.4585 0.6154 0.6411
vn 0.4049 0.4678 0.7857
vn 0.4091 0.4698 0.7823
vn 0.3877 0.5262 0.7568
vn 0.4497 0.3763 0.8101
vn 0.3825 -0.0129 0.9239
vn 0.3824 -0.0129 0.9239
vn -0.2467 -0.9467 0.2071
vn 0.2566 -0.9651 0.0522
vn 0.2520 -0.9662 0.0537
vn 0.7297 -0.5205 -0.4434
vn 0.5239 -0.8399 -0.1419
vn 0.7304 -0.5194 -0.4435
vn 0.8689 -0.2729 -0.4129
vn 0.7429 -0.6646 -0.0802
vn 0.8689 -0.2731 -0.4128
vn 0.2784 0.0632 0.9584
vn -0.0186 -0.8194 0.5729
vn -0.8653 -0.0500 0.4987
vn -0.8946 -0.0898 0.4378
vn -0.8781 -0.0841 0.4710
vn -0.9156 -0.3934 -0.0833
vn 0.3696 0.4858 0.7921
vn 0.3730 0.5012 0.7808
vn 0.3737 0.5116 0.7737
vn -0.2896 0.0918 -0.9527
vn -0.2900 0.0919 -0.9526
vn -0.2897 0.0919 -0.9527
vn -0.2151 0.2915 -0.9321
vn -0.2150 0.2915 -0.9321
vn -0.2152 0.2915 -0.9320
vn -0.2572 -0.5678 -0.7820
vn -0.2523 -0.5600 -0.7891
vn -0.2528 -0.5599 -0.7891
vn -0.5440 -0.4282 -0.7216
vn -0.5394 -0.4171 -0.7315
vn -0.5431 -0.4258 -0.7237
vn -0.5478 -0.5111 -0.6623
vn -0.5429 -0.4223 -0.7259
vn -0.5424 -0.4196 -0.7278
vn -0.5491 -0.4157 -0.7250
vn -0.5442 -0.4047 -0.7349
vn 0.0446 -0.5319 0.8457
vn 0.5200 -0.5867 0.6208
vn 0.5237 -0.5866 0.6178
vn 0.9805 -0.1735 0.0926
vn 0.9806 -0.1731 0.0916
vn 0.7668 -0.4931 0.4109
vn 0.9720 -0.1316 -0.1945
vn 0.9721 -0.1318 -0.1942
vn 0.8355 -0.5338 0.1306
vn -0.3752 -0.8327 -0.4072
vn -0.0252 -0.8275 0.5610
vn 0.2567 0.9590 0.1197
vn 0.2567 0.9590 0.1200
vn 0.2841 0.9059 0.3141
vn 0.2841 0.9058 0.3143
vn 0.2074 0.4849 -0.8496
vn 0.2110 0.4836 -0.8494
vn 0.2112 0.4836 -0.8494
vn 0.5833 0.1453 -0.7992
vn 0.5832 0.1453 -0.7992
vn 0.5811 0.1479 -0.8003
vn 0.4244 0.7600 0.4923
vn -0.5565 -0.4057 -0.7251
vn -0.5606 -0.4972 -0.6622
vn -0.5600 -0.4972 -0.6627
vn -0.3151 -0.5631 -0.7639
vn -0.3227 -0.5668 -0.7580
vn -0.3203 -0.4621 -0.8270
vn -0.2755 -0.4737 -0.8365
vn -0.2683 -0.5238 -0.8085
vn -0.2751 -0.4258 -0.8620
vn 0.2927 0.0512 0.9548
vn 0.2797 -0.0326 0.9595
vn 0.5690 -0.2561 -0.7814
vn 0.5937 -0.6104 -0.5243
vn 0.5713 -0.2616 -0.7779
vn 0.5673 -0.2285 -0.7912
vn 0.5848 -0.5993 -0.5466
vn 0.5687 -0.2335 -0.7887
vn -0.3405 -0.8801 -0.3309
vn -0.3599 -0.8404 -0.4053
vn -0.4505 -0.0197 -0.8926
vn 0.9297 -0.1124 -0.3509
vn 0.9300 -0.1154 -0.3489
vn -0.4029 -0.7389 0.5401
vn -0.8511 -0.1723 -0.4958
vn -0.8284 -0.4564 -0.3247
vn -0.8287 -0.4560 -0.3245
vn 0.3347 0.0217 0.9421
vn 0.3072 -0.0761 0.9486
vn -0.2534 0.4962 0.8304
vn -0.1735 0.2879 0.9418
vn -0.1732 0.2884 0.9417
vn -0.2117 0.5301 0.8211
vn -0.2137 0.5682 0.7947
vn -0.1753 0.3832 0.9069
vn -0.2278 0.5300 0.8168
vn -0.2214 0.4768 0.8506
vn -0.2095 0.4378 0.8743
vn -0.4601 0.1820 0.8690
vn -0.5400 0.4653 0.7014
vn -0.4618 0.1817 0.8682
vn -0.6151 0.5658 0.5491
vn -0.5779 0.1964 0.7921
vn -0.6275 0.4887 0.6062
vn -0.6582 0.5381 0.5265
vn -0.6580 0.5377 0.5271
vn -0.6710 0.4524 0.5875
vn 0.0850 0.8714 0.4832
vn -0.2475 0.8696 -0.4273
vn -0.1897 0.8913 -0.4118
vn -0.2353 0.8259 -0.5123
vn -0.5148 0.7919 -0.3285
vn 0.1790 0.4774 0.8603
vn 0.1598 0.5323 0.8313
vn 0.1605 0.5285 0.8336
vn 0.1653 0.4879 0.8571
vn 0.1443 0.5417 0.8281
vn 0.1658 0.4881 0.8569
vn -0.3251 -0.6687 0.6687
vn -0.2916 0.6018 0.7435
vn -0.2381 0.3415 0.9092
vn -0.2378 0.3414 0.9093
vn -0.8702 -0.0464 0.4905
vn -0.9008 0.3962 0.1775
vn -0.8712 -0.0477 0.4887
vn -0.9013 0.3952 0.1772
vn -0.9016 0.3949 0.1767
vn -0.8776 -0.0571 0.4760
vn -0.3195 0.6102 0.7250
vn -0.3196 0.6101 0.7250
vn -0.2768 0.3212 0.9057
vn -0.4800 0.8343 -0.2713
vn -0.4894 0.8286 -0.2720
vn -0.0136 -0.8283 0.5600
vn 0.8251 -0.5639 0.0350
vn 0.9434 -0.1535 -0.2940
vn 0.9438 -0.1530 -0.2931
vn 0.9125 -0.1961 -0.3590
vn 0.7953 -0.6056 -0.0283
vn 0.9119 -0.1969 -0.3601
vn -0.0097 -0.8229 0.5681
vn 0.8918 -0.0705 0.4470
vn 0.8924 -0.0726 0.4453
vn 0.8935 0.2542 0.3703
vn 0.8929 0.2553 0.3709
vn 0.8515 0.3840 0.3570
vn 0.8773 0.3323 0.3462
vn 0.8774 0.3323 0.3461
vn 0.8491 0.3820 0.3648
vn 0.8704 0.3404 0.3558
vn 0.8436 0.3924 0.3665
vn 0.8189 0.4475 0.3594
vn 0.8363 0.4171 0.3559
vn 0.8308 0.4272 0.3568
vn 0.8803 0.3874 0.2739
vn 0.8966 0.3528 0.2675
vn 0.8831 0.3811 0.2737
vn 0.8335 0.4679 0.2939
vn 0.8832 0.3787 0.2767
vn 0.8866 0.3727 0.2739
vn 0.6652 0.5528 0.5020
vn 0.7353 0.4532 0.5039
vn 0.6633 0.5533 0.5038
vn 0.3661 0.9268 0.0839
vn 0.1088 0.9660 0.2346
vn -0.1840 0.9689 0.1656
vn -0.0514 0.5471 0.8355
vn -0.1454 0.6126 0.7769
vn -0.1429 0.6131 0.7769
vn -0.1205 0.5386 0.8339
vn -0.1010 0.5253 0.8449
vn -0.1906 0.5888 0.7855
vn 0.0221 0.8290 0.5589
vn 0.0036 0.8396 0.5432
vn -0.0057 0.8501 0.5267
vn -0.4013 0.7883 0.4664
vn -0.3912 0.7867 0.4776
vn -0.4227 0.7957 0.4338
vn -0.1239 0.9466 0.2976
vn -0.1507 0.9530 0.2629
vn -0.1590 0.9544 0.2527
vn -0.4970 0.8675 -0.0200
vn -0.4931 0.8699 -0.0118
vn -0.5172 0.8536 -0.0623
vn -0.0749 0.9959 -0.0515
vn -0.0723 0.9962 -0.0476
vn -0.0772 0.9955 -0.0545
vn -0.0645 0.9968 -0.0481
vn -0.0612 0.9972 -0.0426
vn -0.0632 0.9969 -0.0460
vn -0.1543 0.9854 -0.0716
vn -0.1544 0.9854 -0.0715
vn -0.1574 0.9845 -0.0771
vn -0.1554 0.9850 -0.0756
vn -0.1516 0.9861 -0.0683
vn -0.1542 0.9853 -0.0738
vn -0.2259 0.9670 -0.1175
vn -0.2268 0.9666 -0.1192
vn -0.2304 0.9648 -0.1266
vn -0.2309 0.9646 -0.1277
vn -0.2258 0.9671 -0.1173
vn -0.2301 0.9649 -0.1264
vn -0.2864 0.9396 -0.1873
vn -0.2869 0.9392 -0.1885
vn -0.2913 0.9358 -0.1986
vn -0.2917 0.9355 -0.1994
vn -0.2863 0.9398 -0.1868
vn -0.2911 0.9359 -0.1982
vn -0.3323 0.9008 -0.2797
vn -0.3320 0.9009 -0.2795
vn -0.3363 0.8955 -0.2915
vn -0.3359 0.8951 -0.2931
vn -0.3321 0.9004 -0.2812
vn -0.3359 0.8951 -0.2932
vn -0.3515 0.8569 -0.3771
vn -0.3494 0.8607 -0.3702
vn -0.3525 0.8548 -0.3810
vn -0.3485 0.8539 -0.3865
vn -0.3481 0.8556 -0.3832
vn -0.3490 0.8534 -0.3872
vn -0.3396 0.8249 -0.4518
vn -0.3398 0.8241 -0.4531
vn -0.3406 0.8223 -0.4559
vn -0.3319 0.8227 -0.4616
vn -0.3314 0.8244 -0.4589
vn -0.3323 0.8217 -0.4629
vn -0.4659 0.8521 -0.2386
vn -0.4507 0.8691 -0.2039
vn -0.4518 0.8678 -0.2069
vn -0.6910 0.4376 -0.5754
vn -0.6928 0.4478 -0.5652
vn -0.6913 0.4765 -0.5432
vn -0.5244 0.5069 -0.6842
vn -0.5296 0.5191 -0.6709
vn -0.5253 0.5084 -0.6823
vn -0.7665 -0.0866 -0.6364
vn -0.7828 -0.0562 -0.6197
vn -0.7644 -0.0640 -0.6415
vn -0.7913 -0.3438 -0.5056
vn -0.8435 -0.2400 -0.4806
vn -0.8277 -0.2661 -0.4941
vn -0.6919 -0.4598 -0.5566
vn -0.6901 -0.4605 -0.5584
vn -0.7405 -0.3800 -0.5543
vn -0.5591 0.3704 -0.7418
vn -0.6438 0.6881 -0.3347
vn -0.5268 0.8453 -0.0893
vn -0.7497 0.2923 0.5937
vn -0.7949 0.2895 0.5333
vn -0.7947 0.2896 0.5335
vn 0.7838 -0.0242 0.6205
vn 0.7818 -0.0207 0.6232
vn 0.7779 0.2877 0.5586
vn 0.7783 0.2873 0.5583
vn 0.7785 0.2869 0.5582
vn 0.7368 0.4146 0.5340
vn 0.7632 0.3696 0.5300
vn 0.7635 0.3692 0.5299
vn 0.7267 0.4221 0.5420
vn 0.7533 0.3779 0.5383
vn 0.7263 0.4230 0.5418
vn 0.7314 0.3674 0.5745
vn 0.7561 0.3238 0.5687
vn 0.7561 0.3246 0.5682
vn 0.7452 0.3632 0.5593
vn 0.7727 0.3115 0.5531
vn 0.7489 0.3538 0.5603
vn 0.6530 0.5523 0.5183
vn 0.7171 0.4587 0.5247
vn 0.7237 0.4507 0.5226
vn 0.3035 0.5939 0.7451
vn 0.3881 0.5002 0.7741
vn 0.3040 0.5939 0.7449
vn 0.6612 0.0057 0.7502
vn 0.6670 -0.0113 0.7450
vn 0.6603 0.3083 0.6848
vn 0.6605 0.3078 0.6848
vn 0.6548 0.3193 0.6851
vn 0.6574 0.3149 0.6846
vn 0.6572 0.3152 0.6846
vn 0.6124 0.4456 0.6530
vn 0.6402 0.4040 0.6534
vn 0.6428 0.4001 0.6533
vn 0.5663 0.5003 0.6550
vn 0.5987 0.4555 0.6588
vn 0.5693 0.4961 0.6556
vn 0.5920 0.3389 0.7312
vn 0.6205 0.2895 0.7288
vn 0.6240 0.2849 0.7276
vn 0.4105 0.5653 0.7155
vn 0.4475 0.5210 0.7269
vn 0.4092 0.5646 0.7168
vn 0.3421 0.6351 0.6925
vn 0.4194 0.5439 0.7268
vn 0.4188 0.5434 0.7276
vn 0.5977 -0.0038 0.8017
vn 0.6034 -0.0138 0.7973
vn 0.5926 0.3275 0.7359
vn 0.5955 0.3230 0.7356
vn 0.5856 0.3382 0.7367
vn 0.5923 0.3281 0.7359
vn 0.5894 0.3325 0.7363
vn 0.5334 0.5046 0.6789
vn 0.5626 0.4655 0.6832
vn 0.5666 0.4601 0.6835
vn 0.4818 0.5519 0.6806
vn 0.5194 0.5065 0.6883
vn 0.4879 0.5444 0.6824
vn 0.4542 0.5942 0.6638
vn 0.4806 0.5586 0.6760
vn 0.4874 0.5510 0.6774
vn 0.0191 0.8281 0.5603
vn 0.0365 0.8179 0.5742
vn 0.0025 0.8397 0.5430
vn 0.5665 -0.0103 0.8240
vn 0.5681 -0.0383 0.8221
vn 0.5708 -0.0428 0.8200
vn 0.5709 -0.0428 0.8199
vn 0.5496 0.3416 0.7624
vn 0.5534 0.3358 0.7623
vn 0.5562 0.3314 0.7621
vn 0.5233 0.4069 0.7488
vn 0.5339 0.3922 0.7491
vn 0.5291 0.3978 0.7495
vn 0.4608 0.5511 0.6957
vn 0.4903 0.5137 0.7040
vn 0.4975 0.5052 0.7052
vn 0.1865 0.8368 0.5148
vn 0.1975 0.8291 0.5230
vn 0.1643 0.8525 0.4963
vn 0.1311 0.8772 0.4618
vn 0.1685 0.8524 0.4951
vn 0.1469 0.8673 0.4757
vn -0.1964 0.9576 0.2108
vn -0.1895 0.9565 0.2216
vn -0.2207 0.9597 0.1741
vn 0.1603 -0.0665 0.9848
vn 0.1631 -0.0706 0.9841
vn 0.1625 -0.0706 0.9842
vn 0.1529 -0.0666 0.9860
vn 0.1706 -0.0823 0.9819
vn 0.1691 -0.0773 0.9826
vn 0.1158 0.4260 0.8973
vn 0.1142 0.4272 0.8969
vn 0.1272 0.4127 0.9019
vn 0.0930 0.4464 0.8900
vn 0.1084 0.4362 0.8933
vn 0.1097 0.4348 0.8938
vn 0.0258 0.8383 0.5446
vn 0.0237 0.8396 0.5427
vn 0.0376 0.8317 0.5539
vn 0.0067 0.8499 0.5269
vn 0.0114 0.8477 0.5304
vn 0.0135 0.8464 0.5324
vn -0.0429 0.9798 0.1951
vn -0.0401 0.9795 0.1974
vn -0.0342 0.9784 0.2041
vn -0.0479 0.9808 0.1892
vn -0.0427 0.9797 0.1957
vn -0.0448 0.9802 0.1930
vn -0.1388 -0.1129 0.9839
vn -0.1252 -0.1290 0.9837
vn -0.1283 -0.1295 0.9832
vn -0.1220 -0.1221 0.9850
vn -0.1208 -0.1245 0.9848
vn -0.1325 -0.1079 0.9853
vn -0.2147 0.4248 0.8794
vn -0.1889 0.4048 0.8947
vn -0.2064 0.4182 0.8846
vn -0.1966 0.4096 0.8908
vn -0.1829 0.3997 0.8982
vn -0.2091 0.4197 0.8832
vn -0.2187 0.8440 0.4897
vn -0.1975 0.8363 0.5115
vn -0.2143 0.8428 0.4937
vn -0.2271 0.8467 0.4811
vn -0.1992 0.8376 0.5087
vn -0.2210 0.8449 0.4871
vn -0.1895 0.9700 0.1525
vn -0.1890 0.9700 0.1528
vn -0.1841 0.9699 0.1595
vn -0.1926 0.9701 0.1477
vn -0.1926 0.9701 0.1480
vn -0.1925 0.9701 0.1477
vn -0.4457 -0.2019 0.8721
vn -0.4452 -0.2024 0.8723
vn -0.4453 -0.2024 0.8722
vn -0.4417 -0.2041 0.8737
vn -0.4416 -0.2042 0.8737
vn -0.4421 -0.2036 0.8735
vn -0.5374 0.3606 0.7623
vn -0.5277 0.3561 0.7712
vn -0.5289 0.3564 0.7702
vn -0.5265 0.3572 0.7715
vn -0.5265 0.3569 0.7716
vn -0.5365 0.3622 0.7622
vn -0.4645 0.8131 0.3509
vn -0.4292 0.8116 0.3964
vn -0.4396 0.8125 0.3828
vn -0.4890 0.8133 0.3152
vn -0.4313 0.8114 0.3946
vn -0.4664 0.8130 0.3487
vn -0.3316 0.9415 0.0605
vn -0.3513 0.9359 0.0267
vn -0.3311 0.9416 0.0608
vn -0.3307 0.9416 0.0631
vn -0.3515 0.9358 0.0283
vn -0.3316 0.9414 0.0616
vn -0.7280 -0.3103 0.6113
vn -0.7302 -0.3087 0.6095
vn -0.8325 0.2642 0.4869
vn -0.8311 0.2593 0.4920
vn -0.6740 0.7331 0.0909
vn -0.6317 0.7559 0.1719
vn -0.6263 0.7586 0.1798
vn -0.6739 0.7316 0.1029
vn -0.6317 0.7543 0.1787
vn -0.6769 0.7296 0.0969
vn -0.4474 0.8917 -0.0692
vn -0.4627 0.8808 -0.1004
vn -0.4648 0.8792 -0.1050
vn -0.4490 0.8914 -0.0613
vn -0.4638 0.8810 -0.0937
vn -0.4493 0.8912 -0.0621
vn -0.8874 -0.4126 0.2056
vn -0.8872 -0.4131 0.2054
vn -0.8875 -0.4125 0.2056
vn -0.8854 -0.4148 0.2097
vn -0.8853 -0.4151 0.2095
vn -0.8855 -0.4145 0.2098
vn -0.9899 0.1255 0.0660
vn -0.9899 0.1256 0.0661
vn -0.9906 0.1206 0.0640
vn -0.9897 0.1251 0.0696
vn -0.9898 0.1245 0.0691
vn -0.7716 0.6069 -0.1907
vn -0.7530 0.6450 -0.1299
vn -0.7480 0.6553 -0.1050
vn -0.7710 0.6200 -0.1451
vn -0.7574 0.6431 -0.1133
vn -0.7793 0.6003 -0.1796
vn -0.5257 0.8169 -0.2374
vn -0.5224 0.8196 -0.2351
vn -0.5348 0.8012 -0.2685
vn -0.5273 0.8169 -0.2339
vn -0.5265 0.8181 -0.2315
vn -0.5271 0.8172 -0.2332
vn -0.8656 -0.4738 -0.1620
vn -0.8657 -0.4736 -0.1620
vn -0.8652 -0.4745 -0.1621
vn -0.8598 -0.4837 -0.1638
vn -0.8710 -0.4642 -0.1610
vn -0.8707 -0.4647 -0.1612
vn -0.9505 -0.0002 -0.3108
vn -0.9466 -0.0189 -0.3219
vn -0.9522 0.0108 -0.3053
vn -0.9473 -0.0208 -0.3196
vn -0.9476 -0.0213 -0.3186
vn -0.9518 -0.0017 -0.3067
vn -0.7715 0.4843 -0.4126
vn -0.7703 0.4925 -0.4051
vn -0.7701 0.5200 -0.3694
vn -0.7815 0.4780 -0.4009
vn -0.7794 0.4846 -0.3971
vn -0.7814 0.4730 -0.4071
vn -0.5423 0.7378 -0.4020
vn -0.5402 0.7437 -0.3938
vn -0.5420 0.7393 -0.3996
vn -0.5471 0.7327 -0.4048
vn -0.5439 0.7437 -0.3886
vn -0.5458 0.7373 -0.3981
vn -0.7471 -0.5138 -0.4218
vn -0.7623 -0.4887 -0.4244
vn -0.7676 -0.4868 -0.4168
vn -0.7533 -0.5117 -0.4132
vn -0.7628 -0.4947 -0.4164
vn -0.7466 -0.5205 -0.4144
vn -0.8179 -0.0960 -0.5673
vn -0.8217 -0.0822 -0.5640
vn -0.8185 -0.0955 -0.5665
vn -0.8172 -0.0986 -0.5678
vn -0.8289 -0.0742 -0.5545
vn -0.8188 -0.0900 -0.5670
vn -0.6978 0.3739 -0.6109
vn -0.6974 0.3695 -0.6140
vn -0.6993 0.3819 -0.6043
vn -0.7161 0.3460 -0.6062
vn -0.7177 0.3554 -0.5988
vn -0.7178 0.3567 -0.5979
vn -0.5104 0.6606 -0.5505
vn -0.5101 0.6625 -0.5485
vn -0.5097 0.6741 -0.5347
vn -0.5248 0.6561 -0.5423
vn -0.5246 0.6574 -0.5409
vn -0.5249 0.6551 -0.5435
vn -0.3987 -0.5202 -0.7553
vn -0.4124 -0.5025 -0.7599
vn -0.4156 -0.5023 -0.7583
vn -0.4112 -0.5129 -0.7535
vn -0.4116 -0.5119 -0.7540
vn -0.3975 -0.5297 -0.7493
vn -0.4434 -0.1647 -0.8811
vn -0.4663 -0.1208 -0.8764
vn -0.4629 -0.1408 -0.8752
vn -0.4582 -0.2003 -0.8660
vn -0.4690 -0.1819 -0.8643
vn -0.4432 -0.2255 -0.8676
vn -0.4550 0.2396 -0.8576
vn -0.4633 0.2746 -0.8426
vn -0.4618 0.2486 -0.8514
vn -0.4903 -0.0712 -0.8686
vn -0.5166 -0.0199 -0.8560
vn -0.4971 -0.0553 -0.8659
vn -0.4997 0.6446 -0.5786
vn -0.5010 0.6335 -0.5896
vn -0.4999 0.6458 -0.5771
vn -0.5997 0.1254 -0.7903
vn -0.6116 0.1485 -0.7771
vn -0.6083 0.1629 -0.7768
vn -0.4491 -0.5110 -0.7330
vn -0.4452 -0.5045 -0.7397
vn -0.4449 -0.5046 -0.7399
vn -0.4793 -0.2000 -0.8546
vn -0.4897 -0.1812 -0.8529
vn -0.4904 -0.1813 -0.8524
vn -0.4852 -0.1956 -0.8522
vn -0.4913 -0.1849 -0.8512
vn -0.4808 -0.2038 -0.8528
vn -0.4555 -0.0700 -0.8875
vn -0.4845 -0.0100 -0.8747
vn -0.4831 -0.0183 -0.8754
vn -0.4878 -0.0983 -0.8674
vn -0.5133 -0.0469 -0.8569
vn -0.4834 -0.1070 -0.8688
vn -0.4610 0.1800 -0.8689
vn -0.4689 0.2121 -0.8574
vn -0.4748 0.2029 -0.8564
vn -0.5800 -0.2035 -0.7888
vn -0.6134 -0.1593 -0.7735
vn -0.5809 -0.1915 -0.7911
vn -0.5863 -0.4911 -0.6443
vn -0.5758 -0.4598 -0.6761
vn -0.6094 -0.1847 -0.7710
vn -0.6149 -0.1742 -0.7691
vn -0.6163 -0.1908 -0.7641
vn -0.6187 -0.1866 -0.7631
vn -0.6133 -0.1969 -0.7649
vn -0.5883 -0.0896 -0.8036
vn -0.6162 -0.0328 -0.7869
vn -0.6131 -0.0390 -0.7891
vn -0.6216 -0.1442 -0.7699
vn -0.6495 -0.0871 -0.7553
vn -0.6210 -0.1435 -0.7706
vn -0.5980 -0.2131 -0.7727
vn -0.6212 -0.1708 -0.7648
vn -0.6248 -0.1703 -0.7620
vn -0.5869 -0.1956 -0.7857
vn -0.6161 -0.1416 -0.7749
vn -0.5925 -0.1851 -0.7840
vn -0.4628 -0.5374 -0.7050
vn -0.5335 -0.4450 -0.7193
vn -0.5372 -0.4354 -0.7224
vn -0.0518 -0.5194 -0.8530
vn -0.1314 -0.4375 -0.8896
vn -0.0542 -0.5197 -0.8526
vn -0.1674 0.3093 -0.9361
vn 0.0497 0.3421 -0.9384
vn 0.2539 0.4119 -0.8751
vn 0.4941 -0.2501 -0.8327
vn 0.5642 -0.3025 -0.7682
vn 0.5659 -0.3016 -0.7673
vn 0.3381 -0.2503 -0.9072
vn 0.3410 -0.2394 -0.9091
vn 0.4143 -0.3130 -0.8547
vn 0.1911 0.1328 -0.9726
vn 0.1863 0.1388 -0.9726
vn 0.1950 0.1274 -0.9725
vn 0.5682 0.2993 -0.7665
vn 0.5631 0.3053 -0.7680
vn 0.5651 0.3028 -0.7674
vn 0.6376 0.0528 -0.7685
vn 0.6795 0.0306 -0.7330
vn 0.6853 0.0252 -0.7278
vn 0.9055 0.1754 -0.3865
vn 0.9058 0.1758 -0.3855
vn 0.9161 0.2047 -0.3448
vn 0.9264 0.0874 -0.3663
vn 0.9805 0.1897 0.0515
vn 0.9753 -0.1660 0.1457
vn 0.9754 -0.1641 0.1473
vn 0.9230 -0.2945 -0.2478
vn 0.9240 -0.2925 -0.2464
vn 0.6683 -0.4135 -0.6184
vn 0.6685 -0.4133 -0.6183
vn 0.3083 -0.4778 -0.8226
vn 0.3081 -0.4779 -0.8226
vn -0.0144 -0.4953 -0.8686
vn -0.0154 -0.4960 -0.8682
vn -0.2351 -0.4945 -0.8368
vn -0.2250 -0.4870 -0.8439
vn 0.9263 0.0868 -0.3666
vn 0.6588 -0.0372 -0.7514
vn 0.6596 -0.0356 -0.7508
vn 0.2847 -0.1321 -0.9495
vn 0.2844 -0.1320 -0.9496
vn 0.2862 -0.1293 -0.9494
vn 0.2864 -0.1298 -0.9493
vn -0.0446 -0.1812 -0.9824
vn -0.0454 -0.1802 -0.9826
vn -0.0457 -0.1799 -0.9826
vn -0.0448 -0.1787 -0.9829
vn -0.0437 -0.1800 -0.9827
vn -0.2668 -0.1985 -0.9431
vn -0.2687 -0.1961 -0.9431
vn -0.2697 -0.1946 -0.9431
vn -0.2696 -0.1944 -0.9431
vn -0.2668 -0.1983 -0.9431
vn 0.9802 0.1911 0.0523
vn 0.9417 0.3319 0.0551
vn 0.9617 0.2726 0.0292
vn 0.9617 0.2726 0.0294
vn 0.9154 0.2058 -0.3459
vn 0.9138 0.2007 -0.3531
vn 0.9050 0.1755 -0.3876
vn 0.8021 0.4435 -0.3999
vn 0.8027 0.4412 -0.4013
vn 0.8020 0.4440 -0.3995
vn 0.5751 0.3332 -0.7472
vn 0.5770 0.3310 -0.7467
vn 0.5777 0.3301 -0.7465
vn 0.7798 -0.0310 -0.6253
vn 0.7393 -0.0190 -0.6731
vn 0.7418 -0.0159 -0.6704
vn 0.7872 -0.0334 -0.6158
vn 0.7879 -0.0329 -0.6149
vn 0.7478 -0.0192 -0.6636
vn 0.4356 0.5193 -0.7353
vn 0.6408 0.0548 -0.7658
vn 0.6813 0.0326 -0.7313
vn 0.6398 0.0544 -0.7666
vn 0.3083 -0.0896 -0.9471
vn 0.3247 -0.1105 -0.9393
vn 0.2658 -0.0473 -0.9629
vn 0.2727 -0.0434 -0.9611
vn 0.3136 -0.0849 -0.9457
vn 0.2717 -0.0433 -0.9614
vn -0.0252 -0.1474 -0.9888
vn -0.0204 -0.1575 -0.9873
vn -0.0637 -0.0989 -0.9931
vn -0.0524 -0.0935 -0.9942
vn -0.0158 -0.1405 -0.9900
vn -0.0539 -0.0925 -0.9943
vn -0.2473 -0.1660 -0.9546
vn -0.2521 -0.1638 -0.9537
vn -0.2870 -0.1110 -0.9515
vn -0.2721 -0.1066 -0.9563
vn -0.2355 -0.1586 -0.9588
vn -0.2750 -0.1039 -0.9558
vn 0.9395 0.3371 0.0610
vn 0.9471 0.3165 0.0526
vn 0.9603 0.2768 0.0344
vn 0.8889 0.4573 0.0291
vn 0.9011 0.4330 0.0240
vn 0.8917 0.4518 0.0281
vn 0.8028 0.4108 -0.4321
vn 0.8028 0.4101 -0.4328
vn 0.8027 0.4093 -0.4338
vn 0.9215 0.1996 -0.3331
vn 0.9107 0.1752 -0.3740
vn 0.9117 0.1770 -0.3707
vn 0.9161 0.1912 -0.3524
vn 0.9161 0.1912 -0.3523
vn 0.9051 0.1697 -0.3898
vn 0.5516 0.6488 -0.5243
vn 0.2061 0.2199 -0.9535
vn 0.2167 0.2035 -0.9548
vn 0.2205 0.1981 -0.9551
vn 0.0232 0.0991 -0.9948
vn 0.0163 0.1081 -0.9940
vn 0.0032 0.1252 -0.9921
vn -0.0654 0.0235 -0.9976
vn -0.0428 -0.0159 -0.9990
vn -0.0661 0.0125 -0.9977
vn -0.2230 -0.0837 -0.9712
vn -0.2305 -0.0716 -0.9704
vn -0.2621 -0.0356 -0.9644
vn -0.2708 -0.0687 -0.9602
vn -0.2422 -0.1189 -0.9629
vn -0.2835 -0.0691 -0.9565
vn 0.8698 0.4884 0.0706
vn 0.8757 0.4778 0.0689
vn 0.8832 0.4642 0.0673
vn 0.9012 0.4061 0.1515
vn 0.9394 0.3200 0.1233
vn 0.9349 0.3316 0.1265
vn 0.9244 0.3779 -0.0511
vn 0.9246 0.3773 -0.0524
vn 0.9431 0.3232 -0.0782
vn 0.5700 0.7683 -0.2913
vn 0.1895 -0.3627 -0.9125
vn 0.2682 -0.4377 -0.8582
vn 0.1763 -0.3576 -0.9171
vn 0.2622 -0.4397 -0.8590
vn 0.2643 -0.4391 -0.8587
vn 0.1815 -0.3672 -0.9123
vn -0.1139 -0.4357 -0.8929
vn -0.0421 -0.5203 -0.8529
vn -0.1336 -0.4303 -0.8927
vn 0.8453 0.4647 0.2638
vn 0.8463 0.4639 0.2619
vn 0.8961 0.3709 0.2439
vn 0.5008 0.8617 -0.0818
vn -0.5654 -0.4419 -0.6964
vn -0.5646 -0.4421 -0.6970
vn -0.6361 -0.3359 -0.6947
vn -0.5077 0.3177 -0.8008
vn -0.5905 0.7770 -0.2184
vn -0.5911 0.7760 -0.2202
vn -0.5765 0.7982 -0.1747
vn -0.5208 0.7992 -0.3000
vn -0.5082 0.8148 -0.2788
vn -0.5077 0.8157 -0.2773
vn -0.8624 0.4524 -0.2270
vn -0.8622 0.4516 -0.2294
vn -0.8576 0.4746 -0.1983
vn -0.9968 -0.0727 0.0334
vn -0.9968 -0.0228 0.0767
vn -0.9970 -0.0258 0.0726
vn -0.9943 0.0601 0.0877
vn -0.9945 0.0595 0.0867
vn -0.9848 0.1021 0.1403
vn -0.6356 0.4542 0.6243
vn -0.6304 0.4544 0.6294
vn -0.6873 0.4620 0.5605
vn -0.4596 0.8382 0.2935
vn -0.4802 0.8374 0.2612
vn -0.4802 0.8383 0.2582
vn -0.7125 0.6220 0.3247
vn -0.7080 0.6235 0.3315
vn -0.7295 0.6164 0.2965
vn -0.4104 0.9063 0.1010
vn -0.4349 0.8985 0.0596
vn -0.4382 0.8973 0.0539
vn -0.0162 0.9376 0.3473
vn -0.0140 0.9370 0.3490
vn -0.0494 0.9490 0.3115
vn -0.2447 0.9544 0.1711
vn -0.2156 0.9536 0.2101
vn -0.2140 0.9536 0.2119
vn -0.3542 0.9320 0.0772
vn -0.3534 0.9322 0.0785
vn -0.3790 0.9247 0.0365
vn -0.4654 0.8826 -0.0664
vn -0.4648 0.8830 -0.0651
vn -0.4843 0.8683 -0.1072
vn -0.5552 0.7842 -0.2772
vn -0.5428 0.8057 -0.2369
vn -0.5429 0.8056 -0.2372
vn -0.5822 0.7082 -0.3993
vn -0.5825 0.7077 -0.3999
vn -0.5884 0.6801 -0.4374
vn -0.5850 0.5745 -0.5725
vn -0.5854 0.5732 -0.5733
vn -0.5840 0.5390 -0.6070
vn 0.0078 -0.9612 -0.2759
vn 0.0035 -0.9583 -0.2857
vn -0.0407 -0.9468 -0.3193
vn -0.0380 -0.9870 -0.1563
vn -0.0410 -0.9868 -0.1567
vn -0.0031 -0.9574 -0.2887
vn -0.0215 -0.9563 -0.2916
vn -0.0190 -0.9555 -0.2944
vn -0.0442 -0.9663 -0.2536
vn -0.0468 -0.9678 -0.2473
vn -0.0505 -0.9713 -0.2324
vn -0.0514 -0.9753 -0.2149
vn -0.0501 -0.9757 -0.2131
vn -0.0517 -0.9753 -0.2149
vn -0.0486 -0.9818 -0.1838
vn -0.0475 -0.9822 -0.1819
vn -0.0491 -0.9818 -0.1837
vn -0.0459 -0.9846 -0.1688
vn -0.0272 -0.9877 -0.1542
vn -0.0268 -0.9876 -0.1544
vn -0.0155 -0.9859 -0.1669
vn -0.0002 -0.9818 -0.1898
vn 0.0056 -0.9794 -0.2020
vn 0.0102 -0.9762 -0.2166
vn 0.0128 -0.9727 -0.2319
vn 0.0133 -0.9688 -0.2476
vn 0.0117 -0.9652 -0.2613
vn 0.8338 0.4886 0.2569
vn 0.8372 0.4831 0.2563
vn 0.8233 0.5052 0.2586
vn 0.9866 -0.0256 0.1613
vn 0.9851 -0.0152 0.1715
vn 0.9842 -0.0097 0.1769
vn 0.9863 -0.0193 0.1638
vn 0.9867 -0.0222 0.1613
vn 0.9844 -0.0065 0.1760
vn 0.8592 -0.5111 0.0237
vn 0.8593 -0.5109 0.0241
vn 0.8604 -0.5088 0.0285
vn 0.8601 -0.5095 0.0236
vn 0.8601 -0.5096 0.0237
vn 0.8613 -0.5073 0.0283
vn 0.4974 -0.8591 -0.1207
vn 0.4992 -0.8581 -0.1205
vn 0.0092 -0.9730 -0.2306
vn -0.0095 -0.9729 -0.2311
vn -0.6031 -0.7591 -0.2451
vn -0.6663 -0.6916 -0.2787
vn -0.6659 -0.6910 -0.2813
vn -0.6378 -0.7310 -0.2425
vn -0.6235 -0.7465 -0.2322
vn -0.6851 -0.6778 -0.2669
vn -0.6321 -0.7386 -0.2343
vn -0.6317 -0.7390 -0.2341
vn -0.6461 -0.7239 -0.2418
vn -0.5987 0.3271 0.7311
vn -0.5318 0.2743 0.8012
vn -0.5177 0.2620 0.8145
vn -0.7023 0.3981 0.5901
vn -0.6257 0.3526 0.6959
vn -0.6777 0.3897 0.6235
vn 0.3823 0.9169 0.1143
vn 0.3851 0.9156 0.1158
vn 0.4023 0.9053 0.1361
vn 0.3326 0.9380 0.0982
vn 0.3345 0.9370 0.1006
vn 0.3321 0.9382 0.0979
vn -0.6906 0.5961 -0.4095
vn -0.6864 0.5399 -0.4871
vn -0.6861 0.5394 -0.4881
vn -0.8000 0.5744 -0.1733
vn -0.8071 0.5276 -0.2649
vn -0.8013 0.5712 -0.1781
vn -0.6529 -0.7297 -0.2032
vn -0.6572 -0.7254 -0.2045
vn -0.6539 -0.7288 -0.2033
vn -0.7003 -0.6785 -0.2218
vn -0.6936 -0.6858 -0.2206
vn -0.6895 -0.6902 -0.2195
vn -0.6586 -0.7218 -0.2128
vn -0.6499 -0.7295 -0.2134
vn -0.6401 -0.7400 -0.2067
vn -0.6935 -0.6812 -0.2347
vn -0.6747 -0.7029 -0.2252
vn -0.6815 -0.6952 -0.2286
vn -0.5995 -0.7699 -0.2189
vn -0.5987 -0.7696 -0.2219
vn -0.5857 -0.7819 -0.2133
vn -0.6731 0.5111 -0.5345
vn -0.6783 0.5717 -0.4616
vn -0.6786 0.5729 -0.4597
vn -0.2263 0.4428 -0.8676
vn -0.2485 0.4998 -0.8297
vn -0.2190 0.4308 -0.8755
vn 0.3627 0.9216 0.1383
vn 0.3498 0.9286 0.1240
vn 0.3421 0.9324 0.1164
vn 0.4128 0.8948 0.1702
vn 0.3780 0.9164 0.1315
vn 0.3907 0.9089 0.1459
vn -0.4679 0.2694 0.8417
vn -0.5187 0.3198 0.7929
vn -0.5490 0.3373 0.7647
vn -0.2301 0.0722 0.9705
vn -0.3418 0.1983 0.9186
vn -0.2789 0.1283 0.9517
vn -0.2463 -0.0457 0.9681
vn -0.2585 -0.0282 0.9656
vn -0.3089 0.0287 0.9507
vn -0.1587 -0.0717 0.9847
vn -0.1709 -0.0561 0.9837
vn -0.1586 -0.0718 0.9847
vn -0.2726 0.4784 -0.8348
vn -0.2974 0.5614 -0.7723
vn -0.2955 0.5345 -0.7919
vn -0.1019 0.4402 -0.8921
vn -0.1304 0.5038 -0.8539
vn -0.0937 0.4209 -0.9023
vn 0.3915 0.9044 0.1697
vn 0.3686 0.9182 0.1449
vn 0.3560 0.9252 0.1314
vn 0.4720 0.8482 0.2403
vn 0.3664 0.9191 0.1449
vn 0.3912 0.9050 0.1672
vn 0.4837 0.8367 0.2569
vn 0.4886 0.8328 0.2601
vn 0.4071 0.8936 0.1891
vn 0.8438 0.4704 0.2583
vn 0.8337 0.4874 0.2595
vn 0.8304 0.4928 0.2599
vn -0.1490 0.4727 -0.8685
vn -0.1764 0.5550 -0.8129
vn -0.1738 0.5374 -0.8252
vn 0.2135 0.4400 -0.8722
vn 0.2406 0.3688 -0.8978
vn 0.2844 0.2975 -0.9114
vn 0.2576 0.4556 -0.8521
vn 0.2526 0.4818 -0.8391
vn 0.3272 0.3349 -0.8836
vn 0.2429 0.4781 -0.8440
vn 0.2414 0.4817 -0.8424
vn 0.2509 0.4598 -0.8518
vn -0.7602 0.3709 0.5334
vn -0.7043 0.3430 0.6216
vn -0.6862 0.3338 0.6463
vn -0.8541 0.5167 0.0593
vn -0.8259 0.5406 0.1599
vn -0.8535 0.5172 0.0639
vn 0.4221 0.8999 0.1097
vn 0.4225 0.8997 0.1100
vn 0.4242 0.8987 0.1111
vn -0.7930 0.5845 -0.1718
vn -0.7997 0.5409 -0.2605
vn -0.7990 0.5406 -0.2633
vn -0.8418 0.5172 0.1543
vn -0.8377 0.5204 0.1656
vn -0.8658 0.4973 0.0555
vn -0.1590 0.1396 0.9774
vn -0.1768 0.1660 0.9701
vn -0.2603 0.2634 0.9289
vn -0.0873 0.0693 0.9938
vn -0.0916 0.0738 0.9931
vn -0.1071 0.0946 0.9897
vn -0.0779 0.0259 0.9966
vn -0.0708 0.0140 0.9974
vn -0.0819 0.0305 0.9962
vn 0.1773 0.3492 -0.9201
vn 0.1738 0.3594 -0.9169
vn 0.2134 0.2760 -0.9372
vn 0.1549 0.3644 -0.9183
vn 0.1578 0.3560 -0.9211
vn 0.2103 0.3744 -0.9031
vn 0.2132 0.3659 -0.9059
vn -0.0933 -0.0158 0.9955
vn -0.0814 -0.0316 0.9962
vn -0.0842 -0.0276 0.9961
vn -0.1261 -0.0452 0.9910
vn -0.1139 -0.0608 0.9916
vn -0.1138 -0.0607 0.9916
vn 0.2540 0.4444 -0.8591
vn 0.2570 0.4365 -0.8622
vn 0.2588 0.4328 -0.8635
vn 0.2433 0.4031 -0.8822
vn 0.2463 0.3946 -0.8852
vn 0.2434 0.4027 -0.8824
vn 0.1122 -0.9405 0.3209
vn 0.1033 -0.9428 0.3171
vn 0.1290 -0.9421 0.3096
vn 0.1073 -0.9293 0.3535
vn 0.0419 -0.9776 0.2063
vn 0.0514 -0.9786 0.1994
vn 0.1338 -0.9432 0.3043
vn 0.1336 -0.9465 0.2937
vn 0.1310 -0.9513 0.2790
vn 0.1267 -0.9555 0.2662
vn 0.1197 -0.9602 0.2522
vn 0.1110 -0.9645 0.2398
vn 0.0429 -0.9777 0.2056
vn 0.0437 -0.9746 0.2199
vn 0.0533 -0.9638 0.2613
vn 0.0528 -0.9641 0.2602
vn 0.0543 -0.9630 0.2641
vn 0.0546 -0.9627 0.2649
vn 0.0628 -0.9580 0.2797
vn 0.0756 -0.9524 0.2954
vn 0.0909 -0.9467 0.3091
vn 0.1007 -0.9683 0.2285
vn 0.0902 -0.9713 0.2200
vn 0.0668 -0.9763 0.2059
vn 0.0512 -0.9786 0.1994
vn -0.4765 -0.0144 -0.8791
vn -0.4626 -0.0411 -0.8856
vn -0.4741 -0.0192 -0.8803
vn -0.4634 -0.0843 -0.8821
vn -0.5184 0.0266 -0.8547
vn -0.5246 0.0604 -0.8492
vn -0.5607 -0.0399 -0.8271
vn -0.5212 -0.1207 -0.8449
vn -0.5842 0.0234 -0.8112
vn -0.6582 -0.0049 -0.7528
vn -0.6769 0.0268 -0.7356
vn -0.6894 0.1086 -0.7162
vn -0.7225 0.1142 -0.6818
vn -0.6917 0.0214 -0.7219
vn -0.7218 0.1290 -0.6800
vn -0.7582 0.1018 -0.6440
vn -0.7701 0.1287 -0.6249
vn -0.7762 0.2120 -0.5938
vn -0.8015 0.2019 -0.5629
vn -0.7807 0.1178 -0.6138
vn -0.7996 0.2216 -0.5581
vn -0.8744 0.4365 -0.2121
vn -0.8740 0.4382 -0.2099
vn -0.8611 0.4888 -0.1397
vn -0.8574 0.4860 -0.1696
vn -0.8677 0.4376 -0.2357
vn -0.8560 0.4902 -0.1644
vn -0.7694 0.6335 0.0824
vn -0.7690 0.6338 0.0831
vn -0.7362 0.6594 0.1519
vn -0.7595 0.6442 0.0903
vn -0.7871 0.6164 0.0231
vn -0.7584 0.6451 0.0930
vn -0.6263 0.7389 0.2485
vn -0.6264 0.7388 0.2487
vn -0.5870 0.7454 0.3159
vn -0.5828 0.7414 0.3328
vn -0.6230 0.7359 0.2653
vn -0.5823 0.7415 0.3334
vn -0.1246 0.7824 0.6102
vn -0.1470 0.7873 0.5988
vn -0.0838 0.7565 0.6486
vn -0.1016 0.7743 0.6246
vn -0.1637 0.8086 0.5652
vn -0.1205 0.7877 0.6042
vn 0.0191 0.7738 0.6332
vn -0.0032 0.7843 0.6204
vn 0.0675 0.7364 0.6732
vn 0.0584 0.7462 0.6632
vn -0.0096 0.7923 0.6100
vn 0.0428 0.7581 0.6508
vn 0.5322 0.4808 0.6969
vn 0.4042 0.6295 0.6636
vn 0.4705 0.5556 0.6855
vn 0.5366 0.4072 0.7391
vn 0.5307 0.4174 0.7377
vn 0.4696 0.4962 0.7302
vn 0.5221 0.4130 0.7462
vn 0.5165 0.4214 0.7454
vn 0.5222 0.4130 0.7461
vn 0.1053 -0.9602 0.2588
vn 0.5140 -0.8556 -0.0613
vn -0.5077 -0.1357 -0.8508
vn -0.5167 -0.1190 -0.8479
vn -0.5167 -0.1189 -0.8479
vn -0.4851 -0.0921 -0.8696
vn -0.4874 -0.0879 -0.8687
vn -0.4787 -0.1047 -0.8717
vn -0.4643 -0.0644 -0.8833
vn -0.4737 -0.0473 -0.8794
vn -0.4677 -0.0598 -0.8819
vn 0.8274 -0.0438 -0.5599
vn 0.8281 -0.0441 -0.5589
vn 0.8344 -0.0435 -0.5494
vn 0.8317 -0.0405 -0.5537
vn 0.8273 -0.0406 -0.5603
vn 0.8346 -0.0403 -0.5494
vn 0.5777 0.4921 0.6512
vn 0.5825 0.4843 0.6528
vn 0.5746 0.4960 0.6510
vn 0.5400 0.5538 0.6338
vn 0.5576 0.5312 0.6378
vn 0.5544 0.5350 0.6375
vn 0.4486 0.6635 0.5987
vn 0.5698 0.5162 0.6394
vn 0.5535 0.5404 0.6337
vn 0.3116 0.7600 -0.5704
vn 0.3085 0.7512 -0.5835
vn 0.3289 0.7924 -0.5138
vn 0.3147 0.7589 -0.5701
vn 0.3084 0.7433 -0.5936
vn 0.3106 0.7497 -0.5843
vn 0.2858 0.7704 -0.5699
vn 0.2816 0.7606 -0.5850
vn 0.2796 0.7550 -0.5931
vn 0.2909 0.7442 -0.6013
vn 0.2922 0.7484 -0.5954
vn 0.2941 0.7537 -0.5877
vn 0.2881 0.7463 -0.6000
vn 0.2877 0.7452 -0.6015
vn 0.2910 0.7545 -0.5883
vn 0.2406 0.7699 -0.5911
vn 0.2404 0.7697 -0.5914
vn 0.2410 0.7708 -0.5897
vn 0.3302 0.7317 -0.5963
vn 0.3301 0.7317 -0.5964
vn 0.3302 0.7324 -0.5955
vn 0.6648 0.4340 -0.6080
vn 0.6620 0.4377 -0.6084
vn 0.6627 0.4367 -0.6084
vn 0.6591 0.4448 -0.6064
vn 0.6571 0.4475 -0.6066
vn 0.6598 0.4438 -0.6063
vn 0.3094 0.7594 -0.5723
vn 0.3242 0.7924 -0.5167
vn 0.3229 0.7903 -0.5207
vn -0.5527 -0.5628 0.6146
vn -0.5528 -0.5620 0.6152
vn -0.5527 -0.5621 0.6152
vn -0.5794 -0.5291 0.6199
vn -0.5800 -0.5268 0.6213
vn -0.5798 -0.5276 0.6209
vn -0.5567 -0.5537 0.6193
vn -0.5567 -0.5567 0.6166
vn -0.5571 -0.5512 0.6211
vn -0.5485 -0.5715 0.6103
vn -0.5485 -0.5684 0.6132
vn -0.5488 -0.5656 0.6156
vn -0.4873 -0.6317 0.6029
vn -0.4875 -0.6327 0.6017
vn -0.4870 -0.6284 0.6066
vn -0.4816 -0.6439 0.5946
vn -0.4810 -0.6403 0.5989
vn -0.4809 -0.6393 0.6000
vn -0.5639 -0.1298 -0.8156
vn -0.5550 -0.1465 -0.8189
vn -0.6093 -0.1737 -0.7737
vn -0.6430 -0.1116 -0.7577
vn -0.6516 -0.0921 -0.7530
vn -0.4741 -0.6462 0.5980
vn -0.4751 -0.6502 0.5930
vn -0.4800 -0.6660 0.5710
vn 0.1070 -0.9602 0.2580
vn -0.4832 -0.6411 0.5962
vn -0.4893 -0.6615 0.5683
vn -0.4893 -0.6614 0.5684
vn 0.7735 -0.5229 -0.3581
vn 0.7756 -0.5224 -0.3544
vn 0.7736 -0.5229 -0.3578
vn 0.7756 -0.5179 -0.3609
vn 0.7779 -0.5171 -0.3570
vn 0.7759 -0.5177 -0.3605
vn 0.5102 -0.8581 -0.0587
vn 0.5770 0.4563 0.6774
vn 0.5827 0.4479 0.6782
vn 0.5825 0.4482 0.6781
vn 0.5628 0.4224 0.7105
vn 0.5572 0.4308 0.7099
vt 0.189601 0.842375
vt 0.189042 0.840908
vt 0.189601 0.840892
vt 0.189042 0.842391
vt 0.188173 0.840921
vt 0.188173 0.842403
vt 0.187077 0.840929
vt 0.187077 0.842411
vt 0.185862 0.840931
vt 0.185862 0.842414
vt 0.184648 0.840929
vt 0.184648 0.842411
vt 0.183552 0.840921
vt 0.183552 0.842403
vt 0.182683 0.840908
vt 0.182124 0.842375
vt 0.182683 0.842391
vt 0.181932 0.842357
vt 0.182124 0.840892
vt 0.182124 0.842339
vt 0.181932 0.840874
vt 0.182683 0.842323
vt 0.182124 0.840856
vt 0.183552 0.842310
vt 0.182683 0.840840
vt 0.184648 0.842302
vt 0.183552 0.840828
vt 0.185862 0.842300
vt 0.184648 0.840820
vt 0.187077 0.842302
vt 0.185862 0.840817
vt 0.188173 0.842310
vt 0.187077 0.840820
vt 0.189042 0.840840
vt 0.188173 0.840828
vt 0.189042 0.842323
vt 0.189601 0.840856
vt 0.189601 0.842339
vt 0.189793 0.840874
vt 0.189793 0.842357
vt 0.172417 0.840331
vt 0.170607 0.841729
vt 0.170646 0.840333
vt 0.168817 0.841726
vt 0.168876 0.840330
vt 0.167025 0.841719
vt 0.167106 0.840323
vt 0.165230 0.841707
vt 0.165337 0.840311
vt 0.163430 0.841690
vt 0.163568 0.840293
vt 0.161801 0.840268
vt 0.161622 0.841666
vt 0.160036 0.840236
vt 0.159798 0.841634
vt 0.158275 0.840195
vt 0.157947 0.841592
vt 0.156519 0.840142
vt 0.156047 0.841531
vt 0.154773 0.840078
vt 0.154068 0.841432
vt 0.153039 0.840009
vt 0.151983 0.841227
vt 0.186574 0.840142
vt 0.189333 0.841365
vt 0.187168 0.841537
vt 0.184818 0.840195
vt 0.185159 0.841609
vt 0.183051 0.840234
vt 0.183248 0.841645
vt 0.181280 0.840263
vt 0.181395 0.841669
vt 0.179573 0.841687
vt 0.179507 0.840285
vt 0.177770 0.841701
vt 0.177734 0.840303
vt 0.175975 0.841713
vt 0.175961 0.840316
vt 0.174184 0.841722
vt 0.174189 0.840326
vt 0.172396 0.841727
vt 0.172376 0.830724
vt 0.170721 0.830733
vt 0.169068 0.830739
vt 0.167414 0.830741
vt 0.165760 0.830739
vt 0.164106 0.830736
vt 0.162450 0.830730
vt 0.160792 0.830722
vt 0.159128 0.830714
vt 0.157455 0.830707
vt 0.155765 0.830702
vt 0.154045 0.830699
vt 0.187378 0.830513
vt 0.185670 0.830545
vt 0.183988 0.830574
vt 0.182320 0.830603
vt 0.180658 0.830630
vt 0.178999 0.830655
vt 0.177342 0.830677
vt 0.175686 0.830696
vt 0.174031 0.830712
vt 0.173784 0.829684
vt 0.172318 0.830284
vt 0.172163 0.829699
vt 0.170668 0.830293
vt 0.170541 0.829710
vt 0.168919 0.829719
vt 0.169018 0.830298
vt 0.167298 0.829726
vt 0.167369 0.830301
vt 0.165678 0.829731
vt 0.165719 0.830301
vt 0.164068 0.830298
vt 0.164059 0.829734
vt 0.162417 0.830294
vt 0.162441 0.829737
vt 0.160827 0.829739
vt 0.160767 0.830289
vt 0.159217 0.829742
vt 0.159119 0.830284
vt 0.157481 0.830282
vt 0.157618 0.829747
vt 0.156036 0.829757
vt 0.155871 0.830284
vt 0.154326 0.830280
vt 0.154492 0.829785
vt 0.184999 0.829482
vt 0.187007 0.830050
vt 0.185454 0.830099
vt 0.183434 0.829521
vt 0.183847 0.830131
vt 0.182214 0.830161
vt 0.181846 0.829559
vt 0.180569 0.830188
vt 0.180246 0.829592
vt 0.178920 0.830213
vt 0.178637 0.829621
vt 0.177270 0.830236
vt 0.177023 0.829645
vt 0.175405 0.829667
vt 0.175619 0.830255
vt 0.173968 0.830271
vt 0.173599 0.828444
vt 0.172095 0.829259
vt 0.171989 0.828444
vt 0.170378 0.828444
vt 0.170477 0.829271
vt 0.168859 0.829280
vt 0.168767 0.828444
vt 0.167242 0.829288
vt 0.167156 0.828444
vt 0.165625 0.829293
vt 0.165546 0.828444
vt 0.164010 0.829297
vt 0.163938 0.828444
vt 0.162396 0.829301
vt 0.162332 0.828444
vt 0.160785 0.829304
vt 0.160728 0.828444
vt 0.159176 0.829308
vt 0.159127 0.828444
vt 0.157524 0.828444
vt 0.157567 0.829313
vt 0.155945 0.829323
vt 0.155907 0.828444
vt 0.154265 0.829352
vt 0.154231 0.828444
vt 0.184838 0.828444
vt 0.186638 0.829013
vt 0.184972 0.829042
vt 0.183362 0.829082
vt 0.183222 0.828444
vt 0.181761 0.829120
vt 0.181621 0.828444
vt 0.180159 0.829153
vt 0.180021 0.828444
vt 0.178419 0.828444
vt 0.178553 0.829181
vt 0.176815 0.828444
vt 0.176942 0.829206
vt 0.175328 0.829227
vt 0.175208 0.828444
vt 0.173712 0.829245
vt 0.173042 0.801372
vt 0.171924 0.823599
vt 0.171444 0.801373
vt 0.170317 0.823601
vt 0.169847 0.801374
vt 0.168249 0.801374
vt 0.168710 0.823603
vt 0.167103 0.823604
vt 0.166650 0.801374
vt 0.165496 0.823606
vt 0.165051 0.801374
vt 0.163892 0.823607
vt 0.163451 0.801373
vt 0.161850 0.801373
vt 0.162290 0.823608
vt 0.160691 0.823609
vt 0.160248 0.801372
vt 0.159096 0.823610
vt 0.158647 0.801370
vt 0.157049 0.801369
vt 0.157507 0.823611
vt 0.155457 0.801368
vt 0.155923 0.823612
vt 0.154350 0.823611
vt 0.153879 0.801367
vt 0.185787 0.801355
vt 0.184702 0.823562
vt 0.184214 0.801357
vt 0.183119 0.823568
vt 0.182627 0.801360
vt 0.181033 0.801363
vt 0.181530 0.823574
vt 0.179436 0.801366
vt 0.179937 0.823579
vt 0.178339 0.823584
vt 0.177837 0.801368
vt 0.176739 0.823589
vt 0.176238 0.801370
vt 0.174640 0.801371
vt 0.175136 0.823593
vt 0.173531 0.823596
vt 0.186527 0.829456
vt 0.172985 0.798713
vt 0.171394 0.798721
vt 0.169802 0.798725
vt 0.168209 0.798728
vt 0.166616 0.798727
vt 0.165022 0.798725
vt 0.163425 0.798720
vt 0.161824 0.798713
vt 0.160219 0.798703
vt 0.158605 0.798691
vt 0.156978 0.798676
vt 0.155324 0.798657
vt 0.153624 0.798632
vt 0.184247 0.798572
vt 0.186509 0.828444
vt 0.186275 0.823554
vt 0.182599 0.798604
vt 0.180977 0.798631
vt 0.179369 0.798655
vt 0.177768 0.798674
vt 0.176172 0.798690
vt 0.174578 0.798703
vt 0.171189 0.789497
vt 0.169693 0.789502
vt 0.168196 0.789502
vt 0.166701 0.789497
vt 0.165205 0.789488
vt 0.163708 0.789473
vt 0.162208 0.789451
vt 0.160703 0.789421
vt 0.159185 0.789380
vt 0.157643 0.789322
vt 0.156063 0.789236
vt 0.154420 0.789106
vt 0.185016 0.789036
vt 0.183359 0.789165
vt 0.181768 0.789258
vt 0.180219 0.789327
vt 0.178694 0.789379
vt 0.177185 0.789418
vt 0.175682 0.789448
vt 0.174183 0.789470
vt 0.172686 0.789487
vt 0.171109 0.786903
vt 0.172638 0.788597
vt 0.171163 0.788607
vt 0.169686 0.788611
vt 0.169648 0.786905
vt 0.168186 0.786903
vt 0.168210 0.788609
vt 0.166727 0.786890
vt 0.166734 0.788604
vt 0.165263 0.788593
vt 0.165276 0.786869
vt 0.163836 0.786842
vt 0.163800 0.788576
vt 0.162410 0.786810
vt 0.162350 0.788553
vt 0.161005 0.786772
vt 0.160917 0.788525
vt 0.159632 0.786733
vt 0.159513 0.788491
vt 0.158303 0.786697
vt 0.158151 0.788448
vt 0.157034 0.786672
vt 0.156858 0.788392
vt 0.155841 0.786672
vt 0.155683 0.788306
vt 0.182284 0.786679
vt 0.183718 0.788210
vt 0.182535 0.788318
vt 0.181238 0.788392
vt 0.181017 0.786708
vt 0.179872 0.788449
vt 0.179684 0.786744
vt 0.178305 0.786783
vt 0.178463 0.788494
vt 0.177028 0.788529
vt 0.176895 0.786820
vt 0.175574 0.788558
vt 0.175464 0.786851
vt 0.174110 0.788580
vt 0.174019 0.786876
vt 0.172567 0.786893
vt 0.186453 0.815728
vt 0.184733 0.815999
vt 0.186196 0.815407
vt 0.188058 0.815423
vt 0.187561 0.814803
vt 0.189442 0.815151
vt 0.188738 0.814273
vt 0.155488 0.782166
vt 0.157357 0.781714
vt 0.156923 0.782356
vt 0.154687 0.783577
vt 0.156564 0.783010
vt 0.156337 0.783679
vt 0.154968 0.782851
vt 0.185796 0.815152
vt 0.186788 0.814311
vt 0.187643 0.813576
vt 0.158376 0.782466
vt 0.157945 0.783759
vt 0.158121 0.783111
vt 0.185292 0.814989
vt 0.185813 0.813995
vt 0.186263 0.813128
vt 0.160034 0.781889
vt 0.159828 0.782538
vt 0.159642 0.783182
vt 0.159504 0.783825
vt 0.184733 0.814933
vt 0.184733 0.813886
vt 0.184733 0.812974
vt 0.161424 0.781940
vt 0.161272 0.782590
vt 0.161132 0.783236
vt 0.161020 0.783880
vt 0.184174 0.814989
vt 0.183653 0.813995
vt 0.183203 0.813128
vt 0.162706 0.782632
vt 0.162505 0.783925
vt 0.162597 0.783280
vt 0.183670 0.815152
vt 0.182678 0.814311
vt 0.181823 0.813576
vt 0.162823 0.781980
vt 0.164131 0.782665
vt 0.164045 0.783315
vt 0.163968 0.783963
vt 0.183270 0.815407
vt 0.181905 0.814803
vt 0.180727 0.814273
vt 0.165617 0.782038
vt 0.165547 0.782691
vt 0.165416 0.783992
vt 0.165479 0.783343
vt 0.183013 0.815728
vt 0.181408 0.815423
vt 0.180024 0.815151
vt 0.166956 0.782711
vt 0.166854 0.784014
vt 0.166904 0.783364
vt 0.182925 0.816083
vt 0.181237 0.816110
vt 0.179782 0.816125
vt 0.168395 0.782071
vt 0.168359 0.782725
vt 0.168285 0.784029
vt 0.168322 0.783378
vt 0.183013 0.816439
vt 0.181408 0.816798
vt 0.180024 0.817098
vt 0.169759 0.782732
vt 0.169737 0.783385
vt 0.169713 0.784036
vt 0.183270 0.816760
vt 0.181905 0.817418
vt 0.180727 0.817977
vt 0.171161 0.782079
vt 0.171158 0.782733
vt 0.171151 0.783386
vt 0.171141 0.784037
vt 0.183670 0.817014
vt 0.182678 0.817910
vt 0.181823 0.818674
vt 0.172542 0.782074
vt 0.172556 0.782728
vt 0.172566 0.783380
vt 0.172571 0.784030
vt 0.184174 0.817178
vt 0.183653 0.818226
vt 0.183203 0.819121
vt 0.173957 0.782716
vt 0.174005 0.784016
vt 0.173986 0.783367
vt 0.184733 0.817234
vt 0.184733 0.818335
vt 0.184733 0.819276
vt 0.175305 0.782046
vt 0.175362 0.782698
vt 0.175448 0.783993
vt 0.175412 0.783347
vt 0.185292 0.817178
vt 0.185813 0.818226
vt 0.186263 0.819121
vt 0.176685 0.782022
vt 0.176772 0.782672
vt 0.176904 0.783962
vt 0.176849 0.783318
vt 0.185796 0.817014
vt 0.186788 0.817910
vt 0.187643 0.818674
vt 0.178061 0.781988
vt 0.178191 0.782636
vt 0.178381 0.783921
vt 0.178304 0.783280
vt 0.186196 0.816760
vt 0.187561 0.817418
vt 0.188738 0.817977
vt 0.179426 0.781942
vt 0.179619 0.782586
vt 0.179888 0.783866
vt 0.179783 0.783227
vt 0.186453 0.816439
vt 0.188058 0.816798
vt 0.189442 0.817098
vt 0.181055 0.782513
vt 0.181440 0.783795
vt 0.181295 0.783152
vt 0.186541 0.816083
vt 0.188229 0.816110
vt 0.189684 0.816125
vt 0.182054 0.781768
vt 0.182491 0.782397
vt 0.183053 0.783702
vt 0.182847 0.783042
vt 0.183897 0.782198
vt 0.183237 0.781588
vt 0.184431 0.782867
vt 0.184749 0.783580
vt 0.154603 0.784265
vt 0.156315 0.784309
vt 0.159504 0.784426
vt 0.157941 0.784367
vt 0.161024 0.784480
vt 0.162514 0.784527
vt 0.163984 0.784566
vt 0.166887 0.784619
vt 0.165440 0.784596
vt 0.168329 0.784634
vt 0.171209 0.784640
vt 0.169769 0.784640
vt 0.172651 0.784631
vt 0.174097 0.784615
vt 0.177017 0.784557
vt 0.175551 0.784590
vt 0.178500 0.784513
vt 0.180011 0.784459
vt 0.181562 0.784395
vt 0.183167 0.784326
vt 0.172583 0.786516
vt 0.171125 0.786526
vt 0.172602 0.786139
vt 0.171144 0.786149
vt 0.172619 0.785763
vt 0.171163 0.785772
vt 0.172633 0.785386
vt 0.171181 0.785395
vt 0.171196 0.785018
vt 0.172644 0.785009
vt 0.169664 0.786528
vt 0.169686 0.786151
vt 0.169708 0.785774
vt 0.169730 0.785397
vt 0.169750 0.785019
vt 0.168206 0.786526
vt 0.168229 0.786148
vt 0.168254 0.785769
vt 0.168279 0.785391
vt 0.168305 0.785013
vt 0.166751 0.786512
vt 0.166776 0.786133
vt 0.166802 0.785755
vt 0.166830 0.785376
vt 0.166858 0.784998
vt 0.165297 0.786489
vt 0.165321 0.786109
vt 0.165348 0.785731
vt 0.165377 0.785353
vt 0.165407 0.784974
vt 0.163850 0.786459
vt 0.163869 0.786078
vt 0.163892 0.785699
vt 0.163919 0.785321
vt 0.163949 0.784943
vt 0.162413 0.786424
vt 0.162421 0.786041
vt 0.162434 0.785660
vt 0.162453 0.785281
vt 0.162480 0.784904
vt 0.160990 0.786383
vt 0.160977 0.785997
vt 0.160972 0.785614
vt 0.160977 0.785234
vt 0.160994 0.784857
vt 0.159584 0.786338
vt 0.159538 0.785949
vt 0.159502 0.785564
vt 0.159483 0.785182
vt 0.159483 0.784803
vt 0.158203 0.786299
vt 0.158102 0.785906
vt 0.158018 0.785517
vt 0.157960 0.785132
vt 0.157933 0.784748
vt 0.156850 0.786279
vt 0.156667 0.785887
vt 0.156510 0.785493
vt 0.156395 0.785098
vt 0.156328 0.784703
vt 0.155535 0.786319
vt 0.155229 0.785936
vt 0.154969 0.785534
vt 0.154775 0.785118
vt 0.154653 0.784694
vt 0.183822 0.786333
vt 0.182507 0.786295
vt 0.184169 0.785957
vt 0.182726 0.785909
vt 0.184457 0.785554
vt 0.182910 0.785518
vt 0.183047 0.785123
vt 0.184667 0.785135
vt 0.184827 0.784269
vt 0.183131 0.784725
vt 0.184792 0.784705
vt 0.181158 0.786319
vt 0.181294 0.785932
vt 0.181408 0.785546
vt 0.181492 0.785161
vt 0.181543 0.784777
vt 0.179772 0.786357
vt 0.179857 0.785974
vt 0.179928 0.785593
vt 0.179978 0.785213
vt 0.180006 0.784835
vt 0.178360 0.786400
vt 0.178414 0.786019
vt 0.178458 0.785641
vt 0.178488 0.785264
vt 0.178502 0.784888
vt 0.176931 0.786439
vt 0.176966 0.786061
vt 0.176994 0.785684
vt 0.177013 0.785307
vt 0.177020 0.784932
vt 0.175489 0.786473
vt 0.175513 0.786095
vt 0.175534 0.785719
vt 0.175547 0.785342
vt 0.175553 0.784966
vt 0.174039 0.786498
vt 0.174058 0.786121
vt 0.174076 0.785745
vt 0.174088 0.785368
vt 0.174096 0.784992
vt 0.139348 0.842882
vt 0.138298 0.842805
vt 0.138997 0.842805
vt 0.138998 0.842585
vt 0.138297 0.842585
vt 0.138998 0.842256
vt 0.138297 0.841868
vt 0.138297 0.842256
vt 0.138997 0.781563
vt 0.138296 0.781563
vt 0.139698 0.781563
vt 0.138998 0.841868
vt 0.140399 0.781563
vt 0.139698 0.841868
vt 0.141100 0.781563
vt 0.140399 0.841868
vt 0.127782 0.781563
vt 0.127081 0.841868
vt 0.127081 0.781563
vt 0.128483 0.781563
vt 0.127782 0.841868
vt 0.129183 0.841868
vt 0.128483 0.841868
vt 0.129184 0.781563
vt 0.129885 0.841868
vt 0.129885 0.781563
vt 0.130586 0.841868
vt 0.130586 0.781563
vt 0.131287 0.841868
vt 0.131287 0.781563
vt 0.131988 0.841868
vt 0.131988 0.781563
vt 0.132689 0.841868
vt 0.132688 0.781563
vt 0.133390 0.841868
vt 0.133389 0.781563
vt 0.134090 0.841868
vt 0.134091 0.781563
vt 0.134791 0.841868
vt 0.134791 0.781563
vt 0.135492 0.841868
vt 0.136193 0.781563
vt 0.135492 0.781563
vt 0.136894 0.781563
vt 0.136193 0.841868
vt 0.137595 0.781563
vt 0.136894 0.841868
vt 0.137595 0.841868
vt 0.139698 0.842256
vt 0.139698 0.842585
vt 0.139697 0.842805
vt 0.140399 0.842256
vt 0.140399 0.842585
vt 0.140399 0.842805
vt 0.141100 0.842256
vt 0.141100 0.842585
vt 0.141100 0.842805
vt 0.127782 0.842256
vt 0.127081 0.842256
vt 0.127782 0.842585
vt 0.127081 0.842585
vt 0.141802 0.842805
vt 0.127081 0.842805
vt 0.127782 0.842805
vt 0.128483 0.842256
vt 0.128483 0.842585
vt 0.142502 0.842805
vt 0.128483 0.842805
vt 0.129183 0.842256
vt 0.129183 0.842585
vt 0.143202 0.842805
vt 0.129183 0.842805
vt 0.129885 0.842256
vt 0.129885 0.842585
vt 0.143904 0.842805
vt 0.129884 0.842805
vt 0.130586 0.842256
vt 0.130586 0.842585
vt 0.144605 0.842805
vt 0.130586 0.842805
vt 0.131287 0.842256
vt 0.131287 0.842585
vt 0.145306 0.842805
vt 0.131287 0.842805
vt 0.131988 0.842256
vt 0.131988 0.842585
vt 0.146007 0.842805
vt 0.131988 0.842805
vt 0.132689 0.842256
vt 0.132689 0.842585
vt 0.146708 0.842805
vt 0.132688 0.842805
vt 0.133389 0.842256
vt 0.133389 0.842585
vt 0.133389 0.842805
vt 0.134090 0.842256
vt 0.134090 0.842585
vt 0.134090 0.842805
vt 0.134792 0.842256
vt 0.134792 0.842585
vt 0.134792 0.842805
vt 0.135492 0.842256
vt 0.135492 0.842585
vt 0.135493 0.842805
vt 0.136193 0.842256
vt 0.136193 0.842585
vt 0.136193 0.842805
vt 0.136894 0.842256
vt 0.136894 0.842585
vt 0.136894 0.842805
vt 0.137595 0.842256
vt 0.137595 0.842585
vt 0.137595 0.842805
vt 0.188310 0.840073
vt 0.185941 0.798534
vt 0.183454 0.786667
vt 0.156150 0.781539
vt 0.158668 0.781819
vt 0.164221 0.782012
vt 0.167008 0.782057
vt 0.169779 0.782078
vt 0.173923 0.782063
vt 0.180766 0.781874
vt 0.141100 0.841868
vt 0.000000 0.499179
vt 0.053362 0.785007
vt 0.022964 0.783386
vt 0.024398 0.790656
vt 0.023324 0.768346
vt 0.055971 0.772111
vt 0.082282 0.782863
vt 0.082776 0.787802
vt 0.095171 0.785181
vt 0.090464 0.793983
vt 0.098130 0.794800
vt 0.087393 0.800092
vt 0.097051 0.807161
vt 0.073921 0.807323
vt 0.073245 0.819464
vt 0.052459 0.807946
vt 0.054201 0.820081
vt 0.031983 0.821109
vt 0.056000 0.832152
vt 0.033202 0.833747
vt 0.056664 0.847013
vt 0.029722 0.851224
vt 0.059923 0.857366
vt 0.064284 0.867210
vt 0.085811 0.853239
vt 0.090415 0.861603
vt 0.101990 0.851665
vt 0.106493 0.858328
vt 0.118184 0.848213
vt 0.121850 0.853433
vt 0.099242 0.842457
vt 0.081728 0.843924
vt 0.098769 0.828076
vt 0.076928 0.831608
vt 0.029761 0.808371
vt 0.051662 0.799307
vt 0.026791 0.799619
vt 0.051857 0.790989
vt 0.114705 0.838074
vt 0.111320 0.827191
vt 0.099041 0.818025
vt 0.110774 0.816146
vt 0.113204 0.808316
vt 0.114343 0.797731
vt 0.101109 0.784816
vt 0.118951 0.788147
vt 0.121078 0.783848
vt 0.077879 0.791755
vt 0.076311 0.798997
vt 0.101042 0.778115
vt 0.087916 0.778021
vt 0.085063 0.775376
vt 0.030234 0.862206
vt 0.031572 0.869978
vt 0.001276 0.872829
vt 0.013129 0.855277
vt 0.077550 0.687684
vt 0.056187 0.699564
vt 0.103916 0.718138
vt 0.031152 0.671950
vt 0.066719 0.667750
vt 0.063856 0.636758
vt 0.017898 0.633989
vt 0.024020 0.606339
vt 0.071942 0.608991
vt 0.083395 0.583272
vt 0.052545 0.569309
vt 0.088070 0.538146
vt 0.071942 0.608991
vt -0.093296 1.173068
vt -0.113657 1.163568
vt -0.102594 1.158799
vt -0.103250 1.179227
vt -0.078528 1.187671
vt -0.093520 1.199865
vt -0.073737 1.202455
vt -0.090081 1.214782
vt -0.087661 1.222321
vt -0.065243 1.221161
vt -0.086604 1.229271
vt -0.066511 1.232230
vt -0.070361 1.242322
vt -0.090589 1.238488
vt -0.109369 1.255593
vt -0.104082 1.256246
vt -0.113565 1.221699
vt -0.115978 1.233008
vt -0.120014 1.245121
vt -0.118778 1.253725
vt -0.109294 1.212504
vt -0.111730 1.203442
vt -0.108198 1.186203
vt -0.118873 1.195634
vt -0.130720 1.187161
vt -0.123145 1.174089
vt -0.143222 1.183792
vt 0.190260 0.727484
vt 0.208840 0.739363
vt 0.194423 0.746217
vt 0.203189 0.715107
vt 0.185274 0.712796
vt 0.195521 0.695335
vt 0.181221 0.697306
vt 0.186273 0.681244
vt 0.174079 0.670641
vt 0.183520 0.659453
vt 0.174036 0.657991
vt 0.185076 0.638318
vt 0.174062 0.635631
vt 0.185551 0.616351
vt 0.174028 0.615479
vt 0.186041 0.595607
vt 0.174008 0.595350
vt 0.173985 0.558877
vt 0.159997 0.595607
vt 0.159310 0.559081
vt 0.133311 0.594779
vt 0.136467 0.559003
vt 0.116362 0.559444
vt 0.137924 0.532367
vt 0.114388 0.533725
vt 0.115940 0.526741
vt 0.090327 0.535461
vt 0.086875 0.526071
vt 0.160486 0.616351
vt 0.160961 0.638318
vt 0.162518 0.659453
vt 0.159765 0.681244
vt 0.164816 0.697306
vt 0.150517 0.695335
vt 0.160763 0.712796
vt 0.142848 0.715107
vt 0.155777 0.727484
vt 0.137198 0.739363
vt 0.151615 0.746217
vt 0.087715 0.715821
vt 0.118266 0.735651
vt 0.086642 0.730534
vt 0.126771 0.703436
vt 0.095720 0.693530
vt 0.131073 0.682364
vt 0.106144 0.672344
vt 0.138597 0.659555
vt 0.113971 0.655051
vt 0.136179 0.622484
vt 0.130559 0.617097
vt 0.092349 0.558236
vt 0.099860 0.591215
vt 0.085021 0.587486
vt 0.104997 0.609912
vt 0.078493 0.603823
vt 0.074308 0.618513
vt 0.092246 0.624205
vt 0.117086 0.623172
vt 0.100198 0.644307
vt 0.105005 0.654659
vt 0.162373 0.533003
vt 0.153917 0.511836
vt 0.173994 0.511483
vt 0.162964 0.501364
vt 0.174045 0.502144
vt 0.139692 0.504711
vt 0.135081 0.522862
vt 0.227771 0.735651
vt 0.219266 0.703436
vt 0.214965 0.682364
vt 0.207440 0.659555
vt 0.239894 0.672344
vt 0.232067 0.655051
vt 0.241032 0.654659
vt 0.245840 0.644307
vt 0.183073 0.501364
vt 0.192120 0.511836
vt 0.206345 0.504711
vt 0.210957 0.522862
vt 0.228818 0.506494
vt 0.230098 0.526741
vt 0.249667 0.505081
vt 0.259163 0.526071
vt 0.250318 0.693530
vt 0.258322 0.715821
vt 0.259396 0.730534
vt 0.096371 0.505081
vt 0.117219 0.506494
vt 0.255710 0.535461
vt 0.231650 0.533725
vt 0.229676 0.559444
vt 0.208114 0.532367
vt 0.209570 0.559003
vt 0.186728 0.559081
vt 0.212726 0.594779
vt 0.215479 0.617097
vt 0.209858 0.622484
vt 0.253689 0.558236
vt 0.246178 0.591214
vt 0.261017 0.587486
vt 0.241040 0.609912
vt 0.267545 0.603823
vt 0.271729 0.618513
vt 0.253792 0.624205
vt 0.228952 0.623172
vt 0.174037 0.533642
vt 0.183665 0.533003
vt 0.174046 0.685485
vt 0.425093 0.734685
vt 0.440167 0.728947
vt 0.430355 0.741106
vt 0.431496 0.718832
vt 0.418998 0.732270
vt 0.422787 0.713317
vt 0.410030 0.713008
vt 0.429572 0.686436
vt 0.412746 0.685002
vt 0.432376 0.658796
vt 0.408725 0.653886
vt 0.430461 0.631607
vt 0.408432 0.630634
vt 0.410850 0.599656
vt 0.399880 0.630386
vt 0.399875 0.598359
vt 0.387902 0.599656
vt 0.386657 0.565611
vt 0.368837 0.600007
vt 0.368506 0.566467
vt 0.347734 0.563949
vt 0.373355 0.539153
vt 0.351432 0.539603
vt 0.350022 0.529508
vt 0.340024 0.531980
vt 0.352081 0.512702
vt 0.339425 0.510084
vt 0.399793 0.732507
vt 0.399879 0.713507
vt 0.388722 0.713008
vt 0.399923 0.685449
vt 0.386006 0.685002
vt 0.399823 0.653318
vt 0.390026 0.653886
vt 0.390320 0.630634
vt 0.368290 0.631607
vt 0.355883 0.596981
vt 0.344442 0.594350
vt 0.332398 0.589522
vt 0.330840 0.606048
vt 0.456184 0.722363
vt 0.451894 0.705211
vt 0.447354 0.692362
vt 0.466829 0.683068
vt 0.440296 0.674826
vt 0.449868 0.669370
vt 0.448197 0.656414
vt 0.449911 0.633918
vt 0.442868 0.596981
vt 0.455209 0.619822
vt 0.454310 0.594350
vt 0.467912 0.606048
vt 0.466354 0.589522
vt 0.458728 0.531980
vt 0.446671 0.512702
vt 0.459327 0.510084
vt 0.448730 0.529508
vt 0.447320 0.539603
vt 0.425397 0.539153
vt 0.451018 0.563949
vt 0.430246 0.566467
vt 0.429914 0.600007
vt 0.412094 0.565611
vt 0.464959 0.539119
vt 0.464584 0.560616
vt 0.409980 0.536463
vt 0.399829 0.536831
vt 0.451278 0.654992
vt 0.461459 0.683605
vt 0.476170 0.697392
vt 0.484241 0.715071
vt 0.358584 0.728947
vt 0.373659 0.734685
vt 0.368397 0.741106
vt 0.367256 0.718832
vt 0.342567 0.722363
vt 0.346858 0.705211
vt 0.322582 0.697392
vt 0.331923 0.683068
vt 0.314511 0.715071
vt 0.366376 0.658796
vt 0.369179 0.686436
vt 0.375965 0.713317
vt 0.379754 0.732270
vt 0.347474 0.654992
vt 0.348884 0.669370
vt 0.337292 0.683605
vt 0.350554 0.656414
vt 0.348841 0.633918
vt 0.470579 0.620537
vt 0.333793 0.539119
vt 0.388772 0.536463
vt 0.399913 0.563839
vt 0.334167 0.560616
vt 0.408908 0.512343
vt 0.408984 0.523798
vt 0.399872 0.510375
vt 0.427368 0.514332
vt 0.351397 0.692362
vt 0.432012 0.527135
vt 0.399907 0.523150
vt 0.389799 0.523798
vt 0.389844 0.512343
vt 0.371384 0.514332
vt 0.366740 0.527135
vt 0.358456 0.674826
vt 0.343542 0.619822
vt 0.328173 0.620537
vt 0.038167 0.984898
vt 0.066362 0.993636
vt 0.038233 0.989874
vt 0.080872 0.984431
vt 0.079336 0.975561
vt 0.120993 0.981720
vt 0.122915 0.973469
vt 0.148957 0.973784
vt 0.133844 0.967178
vt 0.150211 0.968437
vt 0.137730 0.960966
vt 0.152640 0.960989
vt 0.146464 0.951105
vt 0.173566 0.953251
vt 0.178157 0.936335
vt 0.200117 0.938281
vt 0.219231 0.881023
vt 0.188447 0.878680
vt 0.148875 0.934626
vt 0.151405 0.877558
vt 0.105760 0.880141
vt 0.038759 0.933806
vt 0.051818 0.885725
vt 0.030716 0.887009
vt 0.076107 0.935759
vt 0.075297 0.947557
vt 0.117366 0.949201
vt 0.076630 0.961960
vt 0.119459 0.960534
vt 0.144085 0.982062
vt 0.169569 0.974443
vt 0.167390 0.984083
vt 0.179799 0.985660
vt 0.165480 0.990213
vt 0.177430 0.991243
vt 0.087050 0.992946
vt 0.120632 0.989999
vt 0.139772 0.988989
vt 0.185270 0.973601
vt 0.170021 0.970465
vt 0.189625 0.964321
vt 0.171587 0.962444
vt 0.193551 0.955244
vt 0.072554 0.883553
vt 0.115876 0.934429
vt 0.119486 0.960608
vt 0.039721 0.945727
vt 0.039390 0.964052
vt 0.038747 0.977662
vt 0.146852 0.951160
vt 0.957131 0.471612
vt 0.701805 0.446966
vt 0.721431 0.481112
vt 0.667431 0.387162
vt 0.959531 0.422462
vt 0.930031 0.345062
vt 0.677631 0.338762
vt 0.738531 0.303012
vt 0.957131 0.471562
vt 0.697362 0.439411
vt 0.721331 0.481112
vt 0.667331 0.387162
vt 0.959431 0.422462
vt 0.677531 0.338762
vt 0.796881 0.297812
vt 0.855331 0.292612
vt 0.715065 0.470210
vt 0.705556 0.453666
vt 0.929931 0.345062
vt 0.698953 0.326186
vt 0.738431 0.303012
vt 0.794344 0.298037
vt 0.722502 0.312421
vt 0.673768 0.357093
vt 0.689919 0.426287
vt 0.700276 0.444306
vt 0.405584 1.190952
vt 0.531584 1.190852
vt 0.468584 1.197802
vt 0.555974 1.175276
vt 0.378912 1.174041
vt 0.352984 1.157602
vt 0.501884 1.057152
vt 0.434384 1.057202
vt 0.468184 1.048652
vt 0.395984 1.081702
vt 0.540484 1.081602
vt 0.562395 1.098410
vt 0.583884 1.157452
vt 0.588784 1.118652
vt 0.347884 1.118802
vt 0.373055 1.099388
vt 0.649458 0.319716
vt 0.625458 0.425916
vt 0.662758 0.374016
vt 0.505658 0.472116
vt 0.530758 0.245116
vt 0.404646 0.245116
vt 0.404066 0.482611
vt 0.342058 0.489016
vt 0.342058 0.245116
vt 0.283187 0.245116
vt 0.282911 0.482906
vt 0.178458 0.472116
vt 0.153358 0.245116
vt 0.034658 0.319716
vt 0.058658 0.425916
vt 0.008358 0.374016
vt 0.896002 1.319396
vt 0.738073 1.302384
vt 0.606991 1.229542
vt 1.012447 1.287204
vt 1.062995 1.247792
vt 1.062081 1.187279
vt 0.638243 1.122163
vt 0.886988 1.108404
vt 0.744882 1.085771
vt 0.023006 1.399464
vt 0.154088 1.472306
vt 0.312017 1.489318
vt 0.054258 1.292085
vt 0.303003 1.278326
vt 0.160897 1.255693
vt 0.478096 1.357201
vt 0.479010 1.417714
vt 0.428462 1.457126
vt 0.206054 0.756313
vt 0.198985 0.752840
vt 0.203441 0.756479
vt 0.203528 0.752446
vt 0.212005 0.755921
vt 0.210644 0.752188
vt 0.213532 0.752212
vt 0.215232 0.755706
vt 0.216571 0.752243
vt 0.217823 0.755553
vt 0.220533 0.752284
vt 0.220718 0.755372
vt 0.225603 0.755304
vt 0.224638 0.752361
vt 0.228622 0.752425
vt 0.230356 0.755862
vt 0.232782 0.752530
vt 0.235756 0.752620
vt 0.239304 0.752952
vt 0.233624 0.756484
vt 0.456726 0.562927
vt 0.531895 0.555188
vt 0.465959 0.517919
vt 0.486436 0.606921
vt 0.397132 0.606978
vt 0.361125 0.591286
vt 0.351981 0.551946
vt 0.374959 0.529281
vt 0.407234 0.516787
vt 0.742401 0.938988
vt 0.743167 0.946663
vt 0.746478 0.940141
vt 0.739254 0.945792
vt 0.729130 0.936284
vt 0.727706 0.940927
vt 0.707830 0.937359
vt 0.706685 0.942364
vt 0.703359 0.939767
vt 0.701935 0.944021
vt 0.692423 0.940601
vt 0.699221 0.948554
vt 0.689657 0.948052
vt 0.689112 0.954045
vt 0.686337 0.947050
vt 0.685887 0.954228
vt 0.688825 0.960421
vt 0.690701 0.959603
vt 0.689774 0.967144
vt 0.697647 0.966812
vt 0.689854 0.971394
vt 0.698641 0.970839
vt 0.698474 0.976417
vt 0.703958 0.971257
vt 0.704607 0.978209
vt 0.723955 0.971088
vt 0.724436 0.976514
vt 0.740306 0.970939
vt 0.739160 0.975181
vt 0.742619 0.974825
vt 0.704061 0.961733
vt 0.723974 0.962803
vt 0.724478 0.959527
vt 0.740021 0.963597
vt 0.739377 0.959949
vt 0.744081 0.964009
vt 0.743614 0.959683
vt 0.690246 0.940058
vt 0.692618 0.936709
vt 0.684284 0.934873
vt 0.686281 0.927502
vt 0.669686 0.922484
vt 0.688941 0.920298
vt 0.668950 0.915171
vt 0.743001 0.956376
vt 0.738673 0.956204
vt 0.738346 0.951930
vt 0.725677 0.950571
vt 0.726536 0.945422
vt 0.724837 0.956129
vt 0.706579 0.949290
vt 0.705738 0.954862
vt 0.699686 0.956477
vt 0.697843 0.960507
vt 0.743846 0.970957
vt 0.742643 0.951897
vt 0.730812 0.932530
vt 0.711636 0.926607
vt 0.738329 0.982144
vt 0.742592 0.981775
vt 0.724528 0.982486
vt 0.704054 0.984672
vt 0.698834 0.983567
vt 0.657431 0.909765
vt 0.647682 0.910143
vt 0.655064 0.922010
vt 0.650313 0.900620
vt 0.679861 0.962909
vt 0.683245 0.955236
vt 0.685057 0.948526
vt 0.670988 0.947525
vt 0.672044 0.939606
vt 0.659131 0.939706
vt 0.662442 0.933038
vt 0.648289 0.939619
vt 0.651083 0.930850
vt 0.681997 0.940850
vt 0.690122 0.979218
vt 0.680983 0.985950
vt 0.690941 0.983974
vt 0.674905 0.980686
vt 0.675122 0.972401
vt 0.659293 0.963195
vt 0.657944 0.953432
vt 0.643894 0.962976
vt 0.645713 0.953092
vt 0.634733 0.957648
vt 0.636815 0.948039
vt 0.627747 0.952501
vt 0.635151 0.944689
vt 0.661531 0.991882
vt 0.658473 0.978970
vt 0.658115 0.973008
vt 0.648339 0.991802
vt 0.642519 0.983413
vt 0.640482 0.972830
vt 0.634502 0.975919
vt 0.633840 0.970661
vt 0.625853 0.974323
vt 0.634732 0.965419
vt 0.625547 0.966592
vt 0.625981 0.959303
vt 0.698888 0.979110
vt 0.627191 0.980089
vt 0.635120 0.993275
vt 0.642338 0.940350
vt 0.698257 0.927484
vt 0.699088 0.923403
vt 0.706834 0.925134
vt 0.706164 0.928286
vt 0.709784 0.932206
vt 0.696032 0.935644
vt 0.705612 0.933714
vt 0.147961 0.773780
vt 0.145050 0.771004
vt 0.148221 0.770845
vt 0.146225 0.773970
vt 0.150822 0.773887
vt 0.154518 0.771227
vt 0.152404 0.774123
vt 0.151292 0.770880
vt 0.148183 0.767223
vt 0.151825 0.763762
vt 0.151562 0.767259
vt 0.148152 0.763625
vt 0.151424 0.767580
vt 0.148271 0.767498
vt 0.154881 0.767760
vt 0.156706 0.762382
vt 0.144808 0.767612
vt 0.144515 0.762184
vt 0.141588 0.767801
vt 0.139466 0.762450
vt 0.142852 0.774275
vt 0.146227 0.774822
vt 0.143463 0.775041
vt 0.141855 0.771153
vt 0.170261 0.762333
vt 0.173443 0.757665
vt 0.175035 0.763534
vt 0.170124 0.757988
vt 0.166850 0.762337
vt 0.162974 0.757802
vt 0.166278 0.758096
vt 0.162550 0.764035
vt 0.164375 0.750842
vt 0.161264 0.749580
vt 0.164468 0.749823
vt 0.160578 0.750540
vt 0.169905 0.753962
vt 0.166417 0.757975
vt 0.166293 0.754043
vt 0.170015 0.757862
vt 0.163356 0.753859
vt 0.159740 0.753669
vt 0.159396 0.757706
vt 0.158005 0.763575
vt 0.169497 0.751305
vt 0.166320 0.754164
vt 0.166220 0.751348
vt 0.169917 0.754104
vt 0.172849 0.753682
vt 0.171170 0.750711
vt 0.181845 0.770363
vt 0.177867 0.767770
vt 0.180664 0.767602
vt 0.178382 0.770585
vt 0.174625 0.770777
vt 0.174771 0.767859
vt 0.178434 0.770718
vt 0.174723 0.774784
vt 0.174650 0.770885
vt 0.178730 0.774797
vt 0.171884 0.767790
vt 0.171150 0.770654
vt 0.170787 0.775387
vt 0.177286 0.765066
vt 0.177861 0.767745
vt 0.178989 0.764652
vt 0.174610 0.765019
vt 0.172880 0.764715
vt 0.174742 0.767806
vt 0.165889 0.775595
vt 0.167547 0.770377
vt 0.168451 0.767563
vt 0.169478 0.764498
vt 0.183719 0.775534
vt 0.170135 0.763595
vt 0.172754 0.763818
vt 0.183104 0.760345
vt 0.187316 0.758034
vt 0.185966 0.760644
vt 0.184051 0.757755
vt 0.190535 0.752137
vt 0.184766 0.755121
vt 0.186123 0.750332
vt 0.188311 0.755458
vt 0.178945 0.759938
vt 0.175850 0.757842
vt 0.178379 0.757407
vt 0.177569 0.760395
vt 0.174972 0.755280
vt 0.177504 0.752462
vt 0.178114 0.755013
vt 0.173118 0.751811
vt 0.178429 0.757559
vt 0.178086 0.754988
vt 0.181369 0.757411
vt 0.181425 0.760054
vt 0.181227 0.751874
vt 0.181630 0.754918
vt 0.185443 0.761428
vt 0.182980 0.761226
vt 0.181478 0.755018
vt 0.181497 0.757501
vt 0.141862 0.754500
vt 0.140670 0.756329
vt 0.138562 0.753962
vt 0.144129 0.756034
vt 0.144128 0.754221
vt 0.148345 0.755911
vt 0.148153 0.753652
vt 0.145832 0.751487
vt 0.142662 0.759465
vt 0.145194 0.760541
vt 0.143670 0.760899
vt 0.144798 0.758646
vt 0.142074 0.758168
vt 0.144677 0.757712
vt 0.150758 0.751366
vt 0.152085 0.754398
vt 0.154757 0.749580
vt 0.155702 0.753698
vt 0.157552 0.750251
vt 0.158636 0.754007
vt 0.151811 0.755470
vt 0.151055 0.757834
vt 0.148261 0.757690
vt 0.148347 0.758681
vt 0.150639 0.759252
vt 0.148455 0.760570
vt 0.150220 0.760682
vt 0.153770 0.761093
vt 0.154955 0.759654
vt 0.153153 0.758018
vt 0.155271 0.758363
vt 0.156428 0.756408
vt 0.150073 0.761498
vt 0.153110 0.761863
vt 0.154259 0.755879
vt 0.186229 0.760441
vt 0.181971 0.762778
vt 0.184865 0.763080
vt 0.182929 0.760159
vt 0.187235 0.757836
vt 0.183651 0.757495
vt 0.189484 0.754479
vt 0.185024 0.752653
vt 0.174636 0.760246
vt 0.177765 0.762366
vt 0.177194 0.759807
vt 0.176374 0.762829
vt 0.176308 0.754807
vt 0.173749 0.757656
vt 0.176925 0.757387
vt 0.171874 0.754149
vt 0.177244 0.759961
vt 0.176897 0.757361
vt 0.180216 0.759811
vt 0.180273 0.762483
vt 0.180073 0.754213
vt 0.180481 0.757291
vt 0.184336 0.763873
vt 0.181845 0.763668
vt 0.180327 0.757392
vt 0.180346 0.759902
vt 0.173812 0.766002
vt 0.172203 0.760068
vt 0.168985 0.764788
vt 0.168847 0.760394
vt 0.161618 0.760206
vt 0.165537 0.764792
vt 0.164959 0.760503
vt 0.161189 0.766509
vt 0.156594 0.766043
vt 0.158000 0.760109
vt 0.162004 0.756219
vt 0.158348 0.756027
vt 0.159195 0.752864
vt 0.163035 0.753169
vt 0.159889 0.751893
vt 0.163129 0.752139
vt 0.165099 0.760381
vt 0.168626 0.756324
vt 0.164974 0.756406
vt 0.168737 0.760267
vt 0.165001 0.756528
vt 0.168213 0.753638
vt 0.164899 0.753681
vt 0.168638 0.756467
vt 0.171602 0.756041
vt 0.169904 0.753037
vt 0.176676 0.770285
vt 0.180698 0.772906
vt 0.179504 0.770115
vt 0.177196 0.773131
vt 0.173398 0.773325
vt 0.173545 0.770375
vt 0.173497 0.777376
vt 0.177249 0.773266
vt 0.173424 0.773434
vt 0.177548 0.777390
vt 0.169885 0.773201
vt 0.164565 0.778196
vt 0.169517 0.777986
vt 0.166241 0.772920
vt 0.170627 0.770305
vt 0.167155 0.770075
vt 0.168194 0.766977
vt 0.171633 0.767196
vt 0.176088 0.767551
vt 0.176670 0.770260
vt 0.177810 0.767132
vt 0.173383 0.767504
vt 0.173517 0.770321
vt 0.182593 0.778134
vt 0.168859 0.766064
vt 0.171506 0.766289
vt 0.143496 0.773554
vt 0.146439 0.776361
vt 0.146702 0.773394
vt 0.144684 0.776554
vt 0.153069 0.773780
vt 0.149331 0.776470
vt 0.150931 0.776709
vt 0.149806 0.773429
vt 0.150345 0.766232
vt 0.146663 0.769732
vt 0.150080 0.769768
vt 0.146632 0.766094
vt 0.149940 0.770093
vt 0.146752 0.770010
vt 0.139995 0.770316
vt 0.142955 0.764637
vt 0.137850 0.764905
vt 0.143251 0.770125
vt 0.140265 0.773705
vt 0.141274 0.776861
vt 0.153436 0.770275
vt 0.155280 0.764837
vt 0.144686 0.777415
vt 0.141891 0.777637
vt 0.247081 0.759205
vt 0.238136 0.763101
vt 0.242002 0.763228
vt 0.241930 0.756981
vt 0.249134 0.755445
vt 0.242629 0.754276
vt 0.248759 0.753566
vt 0.233301 0.762956
vt 0.239318 0.752687
vt 0.239530 0.750506
vt 0.243991 0.750233
vt 0.216660 0.750954
vt 0.217107 0.752980
vt 0.219678 0.752599
vt 0.223055 0.750826
vt 0.226110 0.751610
vt 0.224398 0.762679
vt 0.231143 0.751647
vt 0.236093 0.751728
vt 0.233844 0.750294
vt 0.228548 0.749977
vt 0.220501 0.762532
vt 0.149147 0.761672
vt 0.146939 0.763005
vt 0.148723 0.763118
vt 0.146829 0.761096
vt 0.149567 0.760238
vt 0.146743 0.760093
vt 0.146827 0.758295
vt 0.139067 0.758717
vt 0.140272 0.756868
vt 0.136935 0.756324
vt 0.142564 0.758419
vt 0.140486 0.760576
vt 0.143118 0.760115
vt 0.142563 0.756586
vt 0.143641 0.762976
vt 0.143241 0.761060
vt 0.150332 0.757849
vt 0.146633 0.756010
vt 0.150609 0.756765
vt 0.149267 0.753699
vt 0.153310 0.751894
vt 0.144286 0.753822
vt 0.148574 0.763944
vt 0.152312 0.763534
vt 0.151644 0.764312
vt 0.141081 0.761888
vt 0.142101 0.763338
vt 0.153510 0.762079
vt 0.151688 0.760425
vt 0.152807 0.758262
vt 0.155000 0.758797
vt 0.157232 0.756370
vt 0.154266 0.756057
vt 0.156136 0.752572
vt 0.153829 0.760774
vt 0.201426 0.753200
vt 0.205205 0.756918
vt 0.206079 0.754328
vt 0.200723 0.755893
vt 0.195891 0.753122
vt 0.191697 0.756402
vt 0.187695 0.770186
vt 0.188173 0.766400
vt 0.185153 0.765950
vt 0.191616 0.769946
vt 0.200973 0.759364
vt 0.208716 0.758892
vt 0.207499 0.763388
vt 0.203121 0.765138
vt 0.205293 0.769264
vt 0.199538 0.768078
vt 0.198297 0.770185
vt 0.195588 0.767827
vt 0.191460 0.767909
vt 0.190174 0.764316
vt 0.194414 0.763669
vt 0.199037 0.763100
vt 0.210469 0.762127
vt 0.213199 0.758308
vt 0.213678 0.760116
vt 0.210866 0.768854
vt 0.193274 0.759734
vt 0.187598 0.759069
vt 0.190102 0.761155
vt 0.191415 0.761640
vt 0.233212 0.761623
vt 0.241416 0.758050
vt 0.236758 0.761740
vt 0.236692 0.756011
vt 0.228779 0.761489
vt 0.234296 0.752073
vt 0.231339 0.751193
vt 0.234491 0.750072
vt 0.229277 0.749878
vt 0.243298 0.754602
vt 0.237333 0.753530
vt 0.242955 0.752878
vt 0.238582 0.749822
vt 0.213517 0.750483
vt 0.219382 0.750366
vt 0.216285 0.751992
vt 0.213927 0.752342
vt 0.217040 0.761101
vt 0.220614 0.761235
vt 0.226799 0.751119
vt 0.224420 0.749587
vt 0.222184 0.751085
vt 0.189238 0.763928
vt 0.188766 0.767672
vt 0.186252 0.763482
vt 0.192644 0.767435
vt 0.192489 0.765420
vt 0.196572 0.765339
vt 0.191217 0.761867
vt 0.195411 0.761226
vt 0.199252 0.767671
vt 0.200479 0.765587
vt 0.199984 0.760664
vt 0.194284 0.757335
vt 0.201899 0.756968
vt 0.192724 0.754039
vt 0.201651 0.753535
vt 0.206171 0.766761
vt 0.204023 0.762680
vt 0.188670 0.756677
vt 0.191146 0.758740
vt 0.192445 0.759220
vt 0.206085 0.754550
vt 0.202346 0.750873
vt 0.206949 0.751988
vt 0.196872 0.750795
vt 0.209557 0.756502
vt 0.208353 0.760948
vt 0.211290 0.759702
vt 0.211683 0.766355
vt 0.214464 0.757712
vt 0.213990 0.755924
vt 0.195221 0.760373
vt 0.214538 0.754092
vt 0.202277 0.761715
vt 0.206879 0.753375
vt 0.200459 0.753181
vt 0.127496 0.753850
vt 0.142757 0.761347
vt 0.137117 0.761706
vt 0.137305 0.752999
vt 0.191477 0.752954
vt 0.184959 0.759168
vt 0.182877 0.752814
vt 0.174015 0.752650
vt 0.174414 0.759316
vt 0.168164 0.759707
vt 0.165462 0.752560
vt 0.162571 0.760036
vt 0.158900 0.752494
vt 0.155605 0.760500
vt 0.152666 0.752442
vt 0.621025 0.940987
vt 0.620245 0.932664
vt 0.624403 0.933914
vt 0.617034 0.940042
vt 0.616108 0.946698
vt 0.598075 0.945223
vt 0.616441 0.951332
vt 0.597219 0.951250
vt 0.596853 0.954935
vt 0.577737 0.949876
vt 0.576026 0.957326
vt 0.571563 0.951628
vt 0.569684 0.955997
vt 0.562398 0.955017
vt 0.569483 0.962834
vt 0.561454 0.963194
vt 0.561534 0.967802
vt 0.551341 0.958602
vt 0.546507 0.968894
vt 0.528176 0.958911
vt 0.526973 0.969551
vt 0.513940 0.958674
vt 0.513570 0.969359
vt 0.509845 0.961323
vt 0.509748 0.967007
vt 0.501285 0.970978
vt 0.509837 0.972708
vt 0.502370 0.977230
vt 0.513910 0.980834
vt 0.508799 0.991528
vt 0.519188 0.989930
vt 0.575922 0.967654
vt 0.596338 0.958486
vt 0.596319 0.967470
vt 0.617816 0.959347
vt 0.618107 0.967309
vt 0.621958 0.959794
vt 0.621718 0.967328
vt 0.617159 0.955392
vt 0.621481 0.955104
vt 0.620856 0.951518
vt 0.620491 0.946661
vt 0.527339 0.976017
vt 0.532644 0.990018
vt 0.616091 0.979458
vt 0.620467 0.971522
vt 0.620439 0.979058
vt 0.616938 0.971908
vt 0.596810 0.973353
vt 0.596904 0.979829
vt 0.576584 0.975192
vt 0.576019 0.982200
vt 0.570695 0.981001
vt 0.570327 0.973249
vt 0.570497 0.967200
vt 0.501037 0.962595
vt 0.501388 0.954691
vt 0.518517 0.901387
vt 0.528461 0.900977
vt 0.526047 0.914255
vt 0.521201 0.891062
vt 0.560778 0.948990
vt 0.560485 0.955903
vt 0.557488 0.949189
vt 0.554793 0.950282
vt 0.526799 0.948326
vt 0.542291 0.941920
vt 0.530196 0.933443
vt 0.543368 0.933334
vt 0.533573 0.926213
vt 0.555853 0.928202
vt 0.540963 0.914769
vt 0.557890 0.920209
vt 0.560603 0.912399
vt 0.570106 0.920190
vt 0.570953 0.915765
vt 0.578854 0.917642
vt 0.540211 0.906840
vt 0.521986 0.923841
vt 0.519137 0.933348
vt 0.557947 0.941406
vt 0.513066 0.934140
vt 0.514244 0.947957
vt 0.509868 0.952897
vt 0.502821 0.947316
vt 0.510984 0.942478
vt 0.509635 0.938846
vt 0.578171 0.921060
vt 0.583753 0.919239
vt 0.601597 0.929732
vt 0.603314 0.925662
vt 0.581864 0.925311
vt 0.579871 0.930898
vt 0.577609 0.926945
vt 0.575310 0.933509
vt 0.567837 0.929038
vt 0.564155 0.934413
vt 0.564354 0.930193
vt 0.561934 0.933824
vt 0.553520 0.934683
vt 0.556641 0.943007
vt 0.561333 0.942493
vt 0.571089 0.943036
vt 0.578595 0.943834
vt 0.573858 0.938121
vt 0.578703 0.936325
vt 0.598952 0.939641
vt 0.600145 0.934767
vt 0.570750 0.976168
vt 0.561808 0.976285
vt 0.562643 0.981443
vt 0.552485 0.983585
vt 0.546286 0.977877
vt 0.245091 1.085686
vt 0.282258 1.076913
vt 0.303160 1.091670
vt 0.254867 1.066203
vt 0.211000 1.081645
vt 0.222859 1.056969
vt 0.187644 1.051948
vt 0.170039 1.082643
vt 0.150891 1.053230
vt 0.119634 1.084915
vt 0.099315 1.055458
vt 0.051728 1.056025
vt 0.024424 1.058638
vt -0.000235 1.069017
vt 0.617362 0.789190
vt 0.624828 0.780019
vt 0.624830 0.789185
vt 0.617404 0.781131
vt 0.609356 0.789016
vt 0.609558 0.780334
vt 0.603439 0.791145
vt 0.602769 0.778332
vt 0.598242 0.790347
vt 0.596471 0.775507
vt 0.590347 0.788349
vt 0.585506 0.784585
vt 0.624827 0.767148
vt 0.616470 0.767487
vt 0.609408 0.766680
vt 0.600787 0.765140
vt 0.588663 0.772711
vt 0.578336 0.781116
vt 0.591656 0.763219
vt 0.579085 0.769722
vt 0.570458 0.777873
vt 0.580691 0.758307
vt 0.570511 0.766360
vt 0.562610 0.775954
vt 0.571414 0.754856
vt 0.562619 0.763666
vt 0.554733 0.766360
vt 0.554769 0.777873
vt 0.545831 0.769417
vt 0.546873 0.781116
vt 0.536466 0.772711
vt 0.539647 0.784585
vt 0.528585 0.775507
vt 0.534763 0.788349
vt 0.526801 0.790347
vt 0.524131 0.795575
vt 0.521574 0.791145
vt 0.562621 0.751029
vt 0.553839 0.754856
vt 0.544522 0.758307
vt 0.533432 0.762914
vt 0.523930 0.765750
vt 0.522245 0.778332
vt 0.514952 0.767291
vt 0.515414 0.780334
vt 0.515620 0.789016
vt 0.508476 0.767487
vt 0.507538 0.781131
vt 0.507581 0.789190
vt 0.500107 0.767148
vt 0.500107 0.780019
vt 0.500108 0.789185
vt 0.600681 0.794870
vt 0.593334 0.794270
vt 0.528025 0.798857
vt 0.519279 0.804986
vt 0.531537 0.794974
vt 0.596514 0.797949
vt 0.606230 0.804332
vt 0.537746 0.859737
vt 0.546273 0.858392
vt 0.546368 0.863332
vt 0.546309 0.852033
vt 0.537637 0.853891
vt 0.547359 0.845080
vt 0.541791 0.843088
vt 0.546859 0.843486
vt 0.543257 0.841834
vt 0.545658 0.841225
vt 0.536888 0.838455
vt 0.542464 0.838938
vt 0.541334 0.834784
vt 0.545661 0.836611
vt 0.546952 0.835325
vt 0.547632 0.837043
vt 0.549872 0.836312
vt 0.550570 0.838085
vt 0.553691 0.836616
vt 0.555523 0.837617
vt 0.554341 0.835399
vt 0.557879 0.837683
vt 0.555148 0.833237
vt 0.558693 0.836217
vt 0.557838 0.832664
vt 0.560633 0.835697
vt 0.560458 0.830935
vt 0.562785 0.835995
vt 0.562785 0.830423
vt 0.565124 0.830901
vt 0.566455 0.826273
vt 0.568511 0.827631
vt 0.569455 0.825219
vt 0.570080 0.825166
vt 0.569214 0.822361
vt 0.573734 0.819345
vt 0.571245 0.818320
vt 0.575961 0.815350
vt 0.571614 0.814588
vt 0.574973 0.812746
vt 0.573415 0.812030
vt 0.578427 0.807609
vt 0.571500 0.807635
vt 0.575475 0.804862
vt 0.572813 0.803019
vt 0.578406 0.799875
vt 0.573707 0.797332
vt 0.576281 0.793900
vt 0.570581 0.791814
vt 0.570122 0.783758
vt 0.562785 0.791605
vt 0.531038 0.855217
vt 0.535020 0.847247
vt 0.528262 0.841352
vt 0.534951 0.832473
vt 0.541047 0.827611
vt 0.545403 0.832126
vt 0.548177 0.825630
vt 0.550403 0.831273
vt 0.552591 0.825342
vt 0.555502 0.825200
vt 0.557071 0.827664
vt 0.556127 0.825253
vt 0.559127 0.826306
vt 0.557095 0.823244
vt 0.560392 0.824133
vt 0.562785 0.822321
vt 0.562785 0.823781
vt 0.565190 0.824099
vt 0.562785 0.826158
vt 0.582091 0.810603
vt 0.584358 0.803556
vt 0.588262 0.811049
vt 0.592345 0.806822
vt 0.598875 0.812568
vt 0.599784 0.805254
vt 0.604906 0.809280
vt 0.604783 0.804077
vt 0.608987 0.809813
vt 0.607708 0.815105
vt 0.601142 0.824640
vt 0.596229 0.820634
vt 0.594706 0.827958
vt 0.590799 0.823965
vt 0.591890 0.832440
vt 0.584535 0.827578
vt 0.584248 0.834751
vt 0.580179 0.832092
vt 0.578630 0.835292
vt 0.575576 0.834687
vt 0.575710 0.836279
vt 0.571241 0.835366
vt 0.571891 0.836583
vt 0.570059 0.837583
vt 0.575012 0.838052
vt 0.571577 0.839302
vt 0.575077 0.839871
vt 0.575015 0.840944
vt 0.577888 0.839241
vt 0.578854 0.839961
vt 0.579452 0.838340
vt 0.583118 0.838904
vt 0.579920 0.836578
vt 0.550006 0.834721
vt 0.521790 0.841504
vt 0.526625 0.832846
vt 0.517672 0.834012
vt 0.524440 0.824674
vt 0.516877 0.819779
vt 0.518039 0.814986
vt 0.531415 0.827991
vt 0.529533 0.820667
vt 0.527188 0.812601
vt 0.535578 0.817320
vt 0.537675 0.811082
vt 0.541426 0.818972
vt 0.543733 0.810637
vt 0.549922 0.820675
vt 0.549621 0.815383
vt 0.552339 0.819378
vt 0.554010 0.818353
vt 0.556368 0.822395
vt 0.557973 0.818432
vt 0.559683 0.822088
vt 0.562785 0.818937
vt 0.562785 0.821801
vt 0.565898 0.822055
vt 0.568486 0.823211
vt 0.567608 0.818398
vt 0.566987 0.815352
vt 0.562785 0.815438
vt 0.566615 0.814296
vt 0.562785 0.814347
vt 0.562785 0.813116
vt 0.558967 0.814330
vt 0.558951 0.813141
vt 0.555482 0.813653
vt 0.556182 0.812680
vt 0.552167 0.812063
vt 0.570100 0.813620
vt 0.566631 0.813107
vt 0.608779 0.819717
vt 0.607910 0.833437
vt 0.611725 0.823181
vt 0.618950 0.826761
vt 0.614293 0.821992
vt 0.558594 0.815385
vt 0.553313 0.814621
vt 0.550609 0.812779
vt 0.547334 0.807823
vt 0.540542 0.803770
vt 0.532517 0.806856
vt 0.525798 0.805287
vt 0.520676 0.809313
vt 0.521448 0.804292
vt 0.516829 0.809666
vt 0.527575 0.799584
vt 0.533327 0.800292
vt 0.536187 0.793413
vt 0.541857 0.796577
vt 0.545454 0.790957
vt 0.549088 0.793586
vt 0.556428 0.783375
vt 0.555001 0.791860
vt 0.556522 0.796195
vt 0.562785 0.796519
vt 0.557376 0.801972
vt 0.562785 0.801941
vt 0.562785 0.805561
vt 0.568206 0.801938
vt 0.567230 0.806371
vt 0.554081 0.807669
vt 0.549747 0.804895
vt 0.552769 0.803052
vt 0.547176 0.799369
vt 0.551875 0.797370
vt 0.558352 0.806404
vt 0.558951 0.809141
vt 0.562785 0.808533
vt 0.558951 0.811517
vt 0.562785 0.811399
vt 0.566631 0.811484
vt 0.569400 0.811704
vt 0.569400 0.812647
vt 0.556182 0.811737
vt 0.566631 0.809108
vt 0.569060 0.796162
vt 0.569400 0.809954
vt 0.542591 0.783432
vt 0.598610 0.799541
vt 0.592502 0.800259
vt 0.589356 0.792508
vt 0.583185 0.796544
vt 0.579085 0.790645
vt 0.579797 0.782667
vt 0.577950 0.837010
vt 0.516422 0.841131
vt 0.509734 0.838961
vt 0.512959 0.843875
vt 0.509245 0.844422
vt 0.505867 0.842723
vt 0.503699 0.838984
vt 0.503859 0.833832
vt 0.506632 0.826794
vt 0.513857 0.823214
vt 0.511289 0.822025
vt 0.514269 0.820322
vt 0.611312 0.820289
vt 0.554229 0.856103
vt 0.554356 0.865968
vt 0.562791 0.867106
vt 0.562785 0.854967
vt 0.571353 0.856612
vt 0.562785 0.847251
vt 0.571753 0.849762
vt 0.569467 0.843776
vt 0.572939 0.844700
vt 0.573372 0.842974
vt 0.578223 0.845047
vt 0.578722 0.843452
vt 0.584690 0.843053
vt 0.582325 0.841801
vt 0.588874 0.838421
vt 0.579923 0.841192
vt 0.546307 0.858251
vt 0.553829 0.849795
vt 0.552643 0.844733
vt 0.552210 0.843007
vt 0.549324 0.841989
vt 0.546728 0.839995
vt 0.546130 0.838374
vt 0.576258 0.841955
vt 0.571372 0.840987
vt 0.569314 0.840586
vt 0.568506 0.839268
vt 0.565898 0.839863
vt 0.567703 0.837650
vt 0.566889 0.836184
vt 0.570434 0.833204
vt 0.567744 0.832631
vt 0.570968 0.839987
vt 0.575179 0.831239
vt 0.572991 0.825308
vt 0.577405 0.825597
vt 0.575660 0.820642
vt 0.583854 0.818939
vt 0.547694 0.839274
vt 0.550505 0.839905
vt 0.550567 0.840977
vt 0.554005 0.839335
vt 0.554614 0.840020
vt 0.557076 0.839302
vt 0.559684 0.839897
vt 0.590004 0.817286
vt 0.554210 0.841020
vt 0.556268 0.840620
vt 0.556779 0.841900
vt 0.556115 0.843809
vt 0.562785 0.842954
vt 0.562785 0.840369
vt 0.579622 0.873228
vt 0.571455 0.871076
vt 0.572125 0.867380
vt 0.609160 0.841098
vt 0.615848 0.838927
vt 0.612622 0.843842
vt 0.603763 0.841542
vt 0.599137 0.832632
vt 0.597680 0.842043
vt 0.597206 0.853828
vt 0.591533 0.847232
vt 0.588557 0.853460
vt 0.616336 0.844388
vt 0.619715 0.842690
vt 0.621882 0.838950
vt 0.621723 0.833799
vt 0.579812 0.852000
vt 0.580066 0.858358
vt 0.588375 0.858981
vt 0.579830 0.867596
vt 0.587653 0.865956
vt 0.584547 0.869311
vt 0.591707 0.861247
vt 0.568803 0.841867
vt 0.564949 0.835664
vt 0.535142 0.823998
vt 0.556182 0.809988
vt 0.629546 0.794703
vt 0.633940 0.790879
vt 0.631365 0.783663
vt 0.634824 0.795333
vt 0.628258 0.800771
vt 0.633912 0.803578
vt 0.627473 0.807486
vt 0.631782 0.809006
vt 0.627117 0.815958
vt 0.630878 0.817224
vt 0.633127 0.822773
vt 0.636309 0.818156
vt 0.636022 0.821999
vt 0.640523 0.817520
vt 0.640766 0.821340
vt 0.646885 0.821972
vt 0.642274 0.825187
vt 0.648058 0.825503
vt 0.649915 0.829217
vt 0.656797 0.829841
vt 0.636547 0.814131
vt 0.640020 0.812187
vt 0.646163 0.815688
vt 0.646256 0.809543
vt 0.653233 0.811591
vt 0.653673 0.804342
vt 0.659332 0.805762
vt 0.655871 0.798421
vt 0.661213 0.798108
vt 0.657988 0.792013
vt 0.663728 0.790909
vt 0.657179 0.784674
vt 0.663546 0.783596
vt 0.659390 0.777390
vt 0.662836 0.775257
vt 0.669559 0.795738
vt 0.669035 0.789743
vt 0.676000 0.796106
vt 0.677377 0.786904
vt 0.683483 0.787579
vt 0.683218 0.779329
vt 0.691101 0.779641
vt 0.691098 0.769663
vt 0.698928 0.779846
vt 0.699323 0.768900
vt 0.705065 0.778330
vt 0.705964 0.767126
vt 0.712273 0.773615
vt 0.713620 0.764864
vt 0.718524 0.766043
vt 0.714891 0.757061
vt 0.720991 0.757467
vt 0.718774 0.753280
vt 0.669145 0.781732
vt 0.676063 0.778417
vt 0.683010 0.768893
vt 0.691101 0.756633
vt 0.699798 0.756419
vt 0.707259 0.756546
vt 0.654587 0.817519
vt 0.655317 0.822504
vt 0.663340 0.819558
vt 0.663853 0.825635
vt 0.670616 0.818793
vt 0.672647 0.824627
vt 0.678175 0.817466
vt 0.679212 0.825705
vt 0.682287 0.751643
vt 0.689906 0.750979
vt 0.682424 0.756531
vt 0.674236 0.757405
vt 0.675892 0.767546
vt 0.667115 0.766242
vt 0.667957 0.774149
vt 0.662623 0.767918
vt 0.718919 0.774465
vt 0.719094 0.783038
vt 0.711331 0.781613
vt 0.712009 0.789308
vt 0.705130 0.787071
vt 0.707241 0.797939
vt 0.698795 0.788007
vt 0.704824 0.801464
vt 0.691112 0.788373
vt 0.683371 0.797161
vt 0.712447 0.805555
vt 0.712960 0.802144
vt 0.720341 0.803744
vt 0.718139 0.790904
vt 0.723767 0.792199
vt 0.726549 0.783738
vt 0.722994 0.776321
vt 0.726508 0.773780
vt 0.636845 0.825365
vt 0.637268 0.828414
vt 0.629674 0.824266
vt 0.720127 0.808049
vt 0.728219 0.803840
vt 0.728821 0.808149
vt 0.734246 0.803585
vt 0.735768 0.808004
vt 0.740624 0.802044
vt 0.742096 0.805313
vt 0.744923 0.798530
vt 0.748573 0.802558
vt 0.747562 0.797916
vt 0.729930 0.793154
vt 0.735498 0.793427
vt 0.739630 0.792276
vt 0.742587 0.790319
vt 0.745894 0.794662
vt 0.744886 0.789548
vt 0.661805 0.813196
vt 0.666156 0.806289
vt 0.668575 0.811837
vt 0.673467 0.802550
vt 0.677360 0.808641
vt 0.672938 0.751692
vt 0.665527 0.759450
vt 0.665680 0.753524
vt 0.660793 0.756331
vt 0.655878 0.826106
vt 0.664280 0.829511
vt 0.668271 0.799431
vt 0.732713 0.783574
vt 0.659687 0.761169
vt 0.643664 0.828753
vt 0.699139 0.796893
vt 0.691207 0.798294
vt 0.654774 0.779078
vt 0.651114 0.775071
vt 0.635540 0.777918
vt 0.655919 0.775261
vt 0.731304 0.773624
vt 0.737071 0.782238
vt 0.650000 0.779813
vt 0.672249 0.828083
vt 0.700462 0.751263
vt 0.692059 0.750979
vt 0.709182 0.750749
vt 0.713893 0.751126
vt 0.650145 0.786718
vt 0.644308 0.782293
vt 0.652084 0.793740
vt 0.645579 0.790471
vt 0.647115 0.794949
vt 0.641237 0.795087
vt 0.644017 0.799700
vt 0.637870 0.800805
vt 0.640784 0.806131
vt 0.636734 0.807958
vt 0.638321 0.787711
vt 0.647575 0.804665
vt 0.650534 0.799005
vt 0.140709 0.866649
vt 0.140635 0.871229
vt 0.136881 0.868939
vt 0.143895 0.868923
vt 0.146192 0.867125
vt 0.148612 0.868906
vt 0.151083 0.867116
vt 0.153298 0.868910
vt 0.156629 0.866664
vt 0.156512 0.871181
vt 0.160415 0.868929
vt 0.160767 0.873026
vt 0.165336 0.870694
vt 0.160722 0.864439
vt 0.165316 0.866761
vt 0.169091 0.868723
vt 0.148631 0.873177
vt 0.153459 0.874007
vt 0.151018 0.870706
vt 0.146152 0.870685
vt 0.143651 0.873986
vt 0.148687 0.864653
vt 0.143840 0.863839
vt 0.153534 0.863844
vt 0.140655 0.866697
vt 0.140581 0.871278
vt 0.136826 0.868988
vt 0.143840 0.868972
vt 0.146137 0.867174
vt 0.148557 0.868954
vt 0.151028 0.867164
vt 0.153244 0.868959
vt 0.156574 0.866712
vt 0.156458 0.871229
vt 0.160360 0.868978
vt 0.160712 0.873075
vt 0.165281 0.870743
vt 0.160667 0.864488
vt 0.165261 0.866810
vt 0.169036 0.868771
vt 0.148577 0.873225
vt 0.153404 0.874055
vt 0.150964 0.870754
vt 0.146097 0.870734
vt 0.143596 0.874035
vt 0.148632 0.864701
vt 0.143785 0.863887
vt 0.153480 0.863893
vt 0.725635 1.020688
vt 0.725937 1.050027
vt 0.782577 1.035322
vt 0.651690 1.036859
vt 0.656326 1.003366
vt 0.594584 1.019958
vt 0.657000 1.067426
vt 0.592821 1.053659
vt 0.725491 1.020688
vt 0.725793 1.050027
vt 0.782432 1.035322
vt 0.651546 1.036859
vt 0.656182 1.003366
vt 0.594440 1.019958
vt 0.656856 1.067426
vt 0.592677 1.053659
vt 0.798073 0.573531
vt 0.805429 0.575541
vt 0.790016 0.575896
vt 0.827461 0.582535
vt 0.813405 0.577736
vt 0.822252 0.578306
vt 0.789747 0.569134
vt 0.834327 0.580287
vt 0.834793 0.583512
vt 0.842105 0.581778
vt 0.833811 0.588673
vt 0.831733 0.597331
vt 0.822286 0.599487
vt 0.821333 0.608676
vt 0.812348 0.608288
vt 0.812280 0.627311
vt 0.803948 0.624837
vt 0.803008 0.662678
vt 0.790781 0.660324
vt 0.797056 0.677643
vt 0.784574 0.668169
vt 0.789580 0.681923
vt 0.775983 0.678842
vt 0.781874 0.686982
vt 0.784097 0.696448
vt 0.791651 0.692141
vt 0.791133 0.699259
vt 0.797905 0.695275
vt 0.794671 0.703962
vt 0.799992 0.704033
vt 0.797185 0.713706
vt 0.806898 0.709037
vt 0.807643 0.715654
vt 0.813203 0.706180
vt 0.820589 0.713006
vt 0.820200 0.694553
vt 0.832528 0.713043
vt 0.834640 0.694968
vt 0.844798 0.696225
vt 0.835011 0.671569
vt 0.844858 0.672447
vt 0.841617 0.632532
vt 0.852425 0.630016
vt 0.845733 0.610071
vt 0.859332 0.612275
vt 0.856950 0.594993
vt 0.872759 0.608220
vt 0.870429 0.591009
vt 0.879902 0.588970
vt 0.879529 0.582090
vt 0.798925 0.582308
vt 0.808410 0.585734
vt 0.801355 0.592709
vt 0.810822 0.598106
vt 0.802679 0.605994
vt 0.813590 0.666473
vt 0.805900 0.679109
vt 0.813553 0.682520
vt 0.801669 0.686992
vt 0.804778 0.692465
vt 0.804026 0.699463
vt 0.796110 0.686964
vt 0.811588 0.697777
vt 0.823236 0.725831
vt 0.811543 0.728613
vt 0.821348 0.684020
vt 0.822169 0.668781
vt 0.831940 0.632700
vt 0.835759 0.609715
vt 0.843926 0.594280
vt 0.848999 0.580928
vt 0.860223 0.578501
vt 0.820864 0.588442
vt 0.794666 0.621059
vt 0.777638 0.659655
vt 0.767524 0.672523
vt 0.858938 0.683623
vt 0.857890 0.671786
vt 0.867203 0.670135
vt 0.865716 0.627315
vt 0.875280 0.623766
vt 0.888685 0.603662
vt 0.821055 0.630709
vt 0.884589 0.680999
vt 0.886925 0.661368
vt 0.891385 0.679301
vt 0.876788 0.665544
vt 0.875726 0.685011
vt 0.868187 0.688517
vt 0.858195 0.702192
vt 0.843654 0.713204
vt 0.842549 0.724272
vt 0.831248 0.723971
vt 0.854514 0.726122
vt 0.857360 0.712445
vt 0.870531 0.711602
vt 0.873441 0.698669
vt 0.878066 0.701546
vt 0.875066 0.690793
vt 0.879346 0.692312
vt 0.880507 0.686977
vt 0.790205 0.604172
vt 0.784460 0.618726
vt 0.790622 0.581805
vt 0.787625 0.587204
vt 0.886602 0.620134
vt 0.784574 0.668170
vt 0.867962 0.582247
vt 0.871329 0.574586
vt 0.876620 0.577919
vt 0.865889 0.728031
vt 0.789298 0.708878
vt 0.789194 0.719081
vt 0.785222 0.703418
vt 0.796724 0.718692
vt 0.800721 0.733299
vt 0.795721 0.734919
vt 0.872271 0.729918
vt 0.875134 0.716744
vt 0.876620 0.577919
vt 0.555881 0.668604
vt 0.554916 0.668712
vt 0.556242 0.664565
vt 0.560521 0.664560
vt 0.559205 0.659621
vt 0.566617 0.659652
vt 0.566376 0.649151
vt 0.574850 0.649163
vt 0.569385 0.631113
vt 0.570548 0.631378
vt 0.567798 0.618731
vt 0.567799 0.618731
vt 0.563436 0.618613
vt 0.563667 0.618627
vt 0.559266 0.618631
vt 0.566751 0.618493
vt 0.570548 0.631378
vt 0.576756 0.649597
vt 0.573808 0.659663
vt 0.566639 0.664586
vt 0.560674 0.668598
vt 0.555381 0.664662
vt 0.554021 0.659628
vt 0.557642 0.649114
vt 0.564219 0.631106
vt 0.566786 0.618500
vt 0.576757 0.649598
vt 0.575426 0.660032
vt 0.572575 0.664594
vt 0.567526 0.668626
vt 0.552978 0.659745
vt 0.551533 0.649122
vt 0.558893 0.631083
vt 0.562300 0.618448
vt 0.575426 0.660032
vt 0.573911 0.664898
vt 0.574174 0.668635
vt 0.550304 0.649260
vt 0.555168 0.631088
vt 0.557676 0.618383
vt 0.554418 0.631172
vt 0.554443 0.618354
vt 0.557477 0.618372
vt 0.557945 0.618400
vt 0.556468 0.618436
vt 0.558206 0.618416
vt 0.573911 0.664899
vt 0.575670 0.668977
vt 0.553793 0.618417
vt 0.563183 0.618596
vt 0.575670 0.668977
vt 0.527764 0.631332
vt 0.525287 0.616744
vt 0.526456 0.617001
vt 0.526423 0.631038
vt 0.534877 0.651561
vt 0.532676 0.651078
vt 0.533510 0.663187
vt 0.531643 0.662777
vt 0.531878 0.668617
vt 0.530336 0.668279
vt 0.533881 0.673142
vt 0.532154 0.672763
vt 0.521855 0.616920
vt 0.522467 0.631290
vt 0.526189 0.651492
vt 0.526138 0.663128
vt 0.525792 0.668569
vt 0.527065 0.673088
vt 0.516956 0.616962
vt 0.516824 0.631399
vt 0.516934 0.651670
vt 0.518284 0.663280
vt 0.519309 0.668694
vt 0.519804 0.673228
vt 0.513363 0.672891
vt 0.513557 0.668393
vt 0.511248 0.668512
vt 0.508519 0.663060
vt 0.511316 0.662915
vt 0.505427 0.651411
vt 0.508724 0.651241
vt 0.509807 0.631241
vt 0.511818 0.631137
vt 0.510862 0.616770
vt 0.512606 0.616701
vt 0.513839 0.616769
vt 0.510776 0.673024
vt 0.554891 0.668747
vt 0.555856 0.668639
vt 0.556217 0.664600
vt 0.555356 0.664697
vt 0.553996 0.659663
vt 0.552953 0.659780
vt 0.551508 0.649157
vt 0.550279 0.649295
vt 0.555143 0.631123
vt 0.554393 0.631207
vt 0.554418 0.618389
vt 0.553768 0.618452
vt 0.557452 0.618407
vt 0.556443 0.618471
vt 0.557920 0.618435
vt 0.558181 0.618451
vt 0.563158 0.618631
vt 0.563411 0.618648
vt 0.567773 0.618766
vt 0.567774 0.618766
vt 0.570523 0.631413
vt 0.570523 0.631413
vt 0.576731 0.649632
vt 0.576732 0.649633
vt 0.575400 0.660067
vt 0.575401 0.660067
vt 0.573886 0.664933
vt 0.573886 0.664934
vt 0.575645 0.669012
vt 0.575646 0.669012
vt 0.559241 0.618666
vt 0.560649 0.668632
vt 0.567501 0.668661
vt 0.566614 0.664621
vt 0.560496 0.664595
vt 0.566592 0.659687
vt 0.559180 0.659656
vt 0.566351 0.649186
vt 0.557617 0.649149
vt 0.564194 0.631140
vt 0.558868 0.631118
vt 0.562275 0.618483
vt 0.557652 0.618417
vt 0.574149 0.668670
vt 0.572550 0.664629
vt 0.573783 0.659697
vt 0.574825 0.649198
vt 0.569360 0.631148
vt 0.566761 0.618535
vt 0.563642 0.618662
vt 0.566726 0.618528
vt 0.513395 0.672864
vt 0.510808 0.672998
vt 0.511280 0.668486
vt 0.513590 0.668366
vt 0.508551 0.663033
vt 0.511349 0.662888
vt 0.505459 0.651384
vt 0.508756 0.651214
vt 0.509840 0.631214
vt 0.511850 0.631111
vt 0.510595 0.617540
vt 0.512339 0.617471
vt 0.513572 0.617538
vt 0.516689 0.617732
vt 0.527098 0.673061
vt 0.519836 0.673201
vt 0.519341 0.668667
vt 0.525824 0.668542
vt 0.518316 0.663253
vt 0.526170 0.663102
vt 0.516966 0.651644
vt 0.526222 0.651465
vt 0.516856 0.631373
vt 0.522500 0.631264
vt 0.521589 0.617690
vt 0.521331 0.617675
vt 0.515507 0.617502
vt 0.533914 0.673115
vt 0.532187 0.672736
vt 0.530368 0.668252
vt 0.531910 0.668591
vt 0.531675 0.662750
vt 0.533543 0.663160
vt 0.532708 0.651052
vt 0.534909 0.651534
vt 0.526455 0.631011
vt 0.527797 0.631306
vt 0.525020 0.617514
vt 0.526189 0.617770
vt 0.079164 0.731090
vt 0.059375 0.731051
vt 0.058154 0.731012
vt 0.083182 0.731454
vt 0.099545 0.731134
vt 0.104155 0.731710
vt 0.082093 0.733237
vt 0.098456 0.732918
vt 0.078075 0.732873
vt 0.103066 0.733493
vt 0.873622 0.769180
vt 0.876041 0.759876
vt 0.877526 0.759539
vt 0.875238 0.769547
vt 0.876008 0.777585
vt 0.880554 0.777903
vt 0.883156 0.795605
vt 0.889173 0.794942
vt 0.892266 0.804295
vt 0.897761 0.803617
vt 0.892948 0.822720
vt 0.898230 0.822804
vt 0.901210 0.830198
vt 0.915257 0.822462
vt 0.923073 0.822474
vt 0.925426 0.803448
vt 0.929814 0.804245
vt 0.933076 0.799796
vt 0.932602 0.798135
vt 0.959108 0.783005
vt 0.963229 0.780298
vt 0.969226 0.780464
vt 0.974577 0.776648
vt 0.980574 0.776973
vt 0.984695 0.772434
vt 0.988366 0.772885
vt 0.989316 0.767978
vt 0.989316 0.768584
vt 0.986492 0.760927
vt 0.983024 0.761301
vt 0.986492 0.760358
vt 0.985542 0.767514
vt 0.977750 0.772057
vt 0.966402 0.776422
vt 0.931235 0.794234
vt 0.926202 0.802371
vt 0.925902 0.822005
vt 0.983024 0.759932
vt 0.978402 0.767127
vt 0.968284 0.771796
vt 0.929121 0.788515
vt 0.918808 0.798197
vt 0.923820 0.821424
vt 0.976463 0.759576
vt 0.968671 0.766859
vt 0.927661 0.775978
vt 0.913918 0.789726
vt 0.897761 0.801848
vt 0.916003 0.821006
vt 0.898230 0.821079
vt 0.892948 0.821230
vt 0.888705 0.821456
vt 0.887852 0.803613
vt 0.883583 0.804292
vt 0.883156 0.794438
vt 0.879264 0.795279
vt 0.880554 0.776551
vt 0.876008 0.776870
vt 0.879911 0.768485
vt 0.875238 0.768813
vt 0.881820 0.759238
vt 0.888458 0.759006
vt 0.887136 0.768233
vt 0.895489 0.758869
vt 0.894895 0.768083
vt 0.914068 0.758716
vt 0.914073 0.767917
vt 0.927660 0.758699
vt 0.927661 0.767895
vt 0.967521 0.759330
vt 0.874436 0.777227
vt 0.877918 0.795783
vt 0.882596 0.804732
vt 0.885959 0.821731
vt 0.877526 0.760214
vt 0.879911 0.769874
vt 0.887580 0.778148
vt 0.895434 0.793979
vt 0.918032 0.799856
vt 0.881820 0.760515
vt 0.887136 0.770127
vt 0.895094 0.778294
vt 0.913141 0.791599
vt 0.931045 0.795826
vt 0.932412 0.799088
vt 0.959108 0.783985
vt 0.962279 0.783908
vt 0.964605 0.783798
vt 0.969226 0.781878
vt 0.973627 0.781669
vt 0.974577 0.778522
vt 0.980574 0.778237
vt 0.977750 0.774205
vt 0.984695 0.773874
vt 0.978402 0.769330
vt 0.985542 0.768991
vt 0.976463 0.761613
vt 0.967521 0.761829
vt 0.968671 0.769565
vt 0.927454 0.760874
vt 0.927455 0.770285
vt 0.913292 0.760788
vt 0.913297 0.770194
vt 0.895489 0.760884
vt 0.894895 0.770276
vt 0.888458 0.760746
vt 0.988366 0.773479
vt 0.983745 0.777895
vt 0.975953 0.781418
vt 0.965835 0.783665
vt 0.887580 0.776306
vt 0.895094 0.776161
vt 0.914071 0.775999
vt 0.968284 0.774433
vt 0.927455 0.778297
vt 0.913295 0.778207
vt 0.983745 0.777363
vt 0.975953 0.780988
vt 0.965835 0.783369
vt 0.879264 0.795896
vt 0.883583 0.804885
vt 0.885010 0.822025
vt 0.889173 0.793351
vt 0.895434 0.792136
vt 0.966402 0.778720
vt 0.928932 0.790571
vt 0.973627 0.780702
vt 0.964605 0.783219
vt 0.887852 0.804734
vt 0.885959 0.822308
vt 0.892266 0.802767
vt 0.963229 0.782023
vt 0.962279 0.783092
vt 0.888705 0.822548
vt 0.849576 0.853346
vt 0.852281 0.834861
vt 0.861364 0.839353
vt 0.841147 0.844642
vt 0.841133 0.851996
vt 0.832612 0.851177
vt 0.832577 0.859210
vt 0.831014 0.859071
vt 0.841103 0.860030
vt 0.839921 0.859863
vt 0.845264 0.869614
vt 0.868701 0.854054
vt 0.857172 0.890254
vt 0.868908 0.890367
vt 0.858681 0.887230
vt 0.869102 0.887165
vt 0.861934 0.884677
vt 0.869222 0.884619
vt 0.863842 0.842638
vt 0.869375 0.842755
vt 0.869276 0.839486
vt 0.862214 0.819343
vt 0.869349 0.819488
vt 0.861611 0.816621
vt 0.869177 0.816775
vt 0.876746 0.816623
vt 0.887001 0.833074
vt 0.876485 0.819344
vt 0.885870 0.834864
vt 0.877189 0.839354
vt 0.888441 0.853350
vt 0.879521 0.887232
vt 0.890668 0.869341
vt 0.880645 0.890257
vt 0.892243 0.869619
vt 0.896879 0.859869
vt 0.904997 0.859078
vt 0.896064 0.860036
vt 0.903872 0.859217
vt 0.896093 0.852002
vt 0.903907 0.851183
vt 0.896131 0.844648
vt 0.903934 0.843828
vt 0.896950 0.843558
vt 0.905064 0.842766
vt 0.905053 0.845605
vt 0.905041 0.848976
vt 0.905032 0.851480
vt 0.905012 0.856186
vt 0.831026 0.856179
vt 0.831046 0.851474
vt 0.831058 0.848969
vt 0.831074 0.845598
vt 0.831087 0.842759
vt 0.839967 0.843552
vt 0.832645 0.843822
vt 0.847231 0.869336
vt 0.850774 0.833070
vt 0.874908 0.842639
vt 0.876508 0.884678
vt 0.925921 0.867327
vt 0.920491 0.865189
vt 0.949914 0.851867
vt 0.940282 0.869728
vt 0.950823 0.851684
vt 0.950713 0.836902
vt 0.981705 0.832746
vt 0.950790 0.870472
vt 0.981611 0.871310
vt 0.988535 0.867529
vt 0.993621 0.862058
vt 0.996319 0.855489
vt 0.996340 0.846714
vt 0.993673 0.840935
vt 0.988611 0.836105
vt 0.939760 0.837755
vt 0.925997 0.836232
vt 0.920556 0.838335
vt 0.915415 0.841894
vt 0.912083 0.846526
vt 0.910922 0.851730
vt 0.912057 0.856942
vt 0.915367 0.861596
vt 0.889851 0.784958
vt 0.889851 0.782724
vt 0.892797 0.790108
vt 0.889751 0.776604
vt 0.889751 0.778952
vt 0.892525 0.771251
vt 0.892525 0.773697
vt 0.897429 0.768099
vt 0.897429 0.770603
vt 0.903150 0.767992
vt 0.903150 0.770498
vt 0.927073 0.790764
vt 0.927045 0.793086
vt 0.932018 0.797937
vt 0.924168 0.808887
vt 0.929598 0.811951
vt 0.929641 0.810948
vt 0.930743 0.811849
vt 0.937609 0.803465
vt 0.937586 0.803922
vt 0.936508 0.801706
vt 0.936485 0.802792
vt 0.932044 0.796143
vt 0.924217 0.807280
vt 0.918432 0.805698
vt 0.900476 0.781759
vt 0.918486 0.803641
vt 0.892797 0.787971
vt 0.900476 0.779465
vt 0.930700 0.812328
s 0
f 888/135/99 1366/136/99 1367/137/99
f 886/138/100 1368/139/100 1366/136/100
f 884/140/101 1369/141/101 1368/139/101
f 882/142/102 1370/143/102 1369/141/102
f 880/144/103 1371/145/103 1370/143/103
f 878/146/104 1372/147/104 1371/145/104
f 876/148/105 1373/149/105 1372/147/105
f 872/150/106 1373/149/106 874/151/106
f 870/152/107 1374/153/107 872/150/107
f 868/154/108 1375/155/108 870/152/108
f 867/156/109 1376/157/109 868/154/109
f 904/158/110 1377/159/110 867/156/110
f 902/160/111 1378/161/111 904/158/111
f 900/162/112 1379/163/112 902/160/112
f 898/164/113 1380/165/113 900/162/113
f 896/166/114 1381/167/114 898/164/114
f 896/166/115 1383/168/115 1382/169/115
f 894/170/116 1384/171/116 1383/168/116
f 892/172/117 1385/173/117 1384/171/117
f 890/174/118 1367/137/118 1385/173/118
f 888/135/119 886/138/119 1366/136/119
f 886/138/120 884/140/120 1368/139/120
f 884/140/121 882/142/121 1369/141/121
f 882/142/122 880/144/122 1370/143/122
f 880/144/123 878/146/123 1371/145/123
f 878/146/124 876/148/124 1372/147/124
f 876/148/125 874/151/125 1373/149/125
f 872/150/106 1374/153/106 1373/149/106
f 870/152/126 1375/155/126 1374/153/126
f 868/154/127 1376/157/127 1375/155/127
f 867/156/128 1377/159/128 1376/157/128
f 904/158/129 1378/161/129 1377/159/129
f 902/160/130 1379/163/130 1378/161/130
f 900/162/131 1380/165/131 1379/163/131
f 898/164/132 1381/167/132 1380/165/132
f 896/166/114 1382/169/114 1381/167/114
f 896/166/133 894/170/133 1383/168/133
f 894/170/134 892/172/134 1384/171/134
f 892/172/135 890/174/135 1385/173/135
f 890/174/136 888/135/136 1367/137/136
s 1
f 866/175/137 868/176/138 865/177/139
f 865/177/139 870/178/140 869/179/141
f 869/179/141 872/180/142 871/181/143
f 871/181/143 874/182/144 873/183/145
f 873/183/145 876/184/146 875/185/147
f 877/186/148 876/184/146 878/187/149
f 879/188/150 878/187/149 880/189/151
f 881/190/152 880/189/151 882/191/153
f 883/192/154 882/191/153 884/193/155
f 885/194/156 884/193/155 886/195/157
f 887/196/158 886/195/157 888/197/159
f 889/198/160 888/199/159 890/200/161
f 891/201/162 890/200/161 892/202/163
f 893/203/164 892/202/163 894/204/165
f 895/205/166 894/204/165 896/206/167
f 895/205/166 898/207/168 897/208/169
f 897/208/169 900/209/170 899/210/171
f 899/210/171 902/211/172 901/212/173
f 901/212/173 904/213/174 903/214/175
f 903/214/175 867/215/176 866/175/137
f 905/216/177 903/214/175 866/175/137
f 905/216/177 865/177/139 907/217/178
f 908/218/179 865/177/139 869/179/141
f 909/219/180 869/179/141 871/181/143
f 909/219/180 873/183/145 910/220/181
f 910/220/181 875/185/147 911/221/182
f 911/221/182 877/186/148 912/222/183
f 913/223/184 877/186/148 879/188/150
f 913/223/184 881/190/152 914/224/185
f 915/225/186 881/190/152 883/192/154
f 915/225/186 885/194/156 916/226/187
f 917/227/188 885/194/156 887/196/158
f 917/228/188 889/198/160 918/229/189
f 919/230/190 889/198/160 891/201/162
f 920/231/191 891/201/162 893/203/164
f 921/232/192 893/203/164 895/205/166
f 921/232/192 897/208/169 922/233/193
f 923/234/194 897/208/169 899/210/171
f 924/235/195 899/210/171 901/212/173
f 924/235/195 903/214/175 906/236/196
f 926/237/197 928/238/198 925/239/198
f 925/239/198 930/240/199 929/241/199
f 931/242/200 930/240/199 932/243/200
f 933/244/201 932/243/200 934/245/201
f 935/246/202 934/245/201 936/247/203
f 935/246/202 938/248/204 937/249/205
f 937/249/205 940/250/206 939/251/206
f 941/252/207 940/250/206 942/253/207
f 943/254/208 942/253/207 944/255/209
f 943/254/208 946/256/210 945/257/211
f 947/258/212 946/256/210 948/259/213
f 947/258/212 950/260/214 949/261/215
f 951/262/216 950/263/214 952/264/217
f 953/265/218 952/264/217 954/266/219
f 953/265/218 956/267/220 955/268/221
f 955/268/221 958/269/222 957/270/223
f 957/270/223 960/271/224 959/272/225
f 959/272/225 962/273/226 961/274/227
f 963/275/228 962/273/226 964/276/229
f 926/237/197 964/276/229 927/277/230
f 966/278/231 968/279/232 965/280/232
f 969/281/233 968/279/232 970/282/234
f 969/281/233 972/283/235 971/284/236
f 971/284/236 974/285/237 973/286/237
f 973/286/237 976/287/238 975/288/238
f 975/288/238 978/289/239 977/290/239
f 977/290/239 980/291/240 979/292/241
f 979/292/241 982/293/242 981/294/242
f 981/294/242 984/295/243 983/296/244
f 985/297/245 984/295/243 986/298/246
f 985/297/245 988/299/247 987/300/247
f 987/300/247 990/301/248 989/302/249
f 991/303/250 990/304/248 992/305/250
f 991/303/250 994/306/251 993/307/252
f 993/307/252 996/308/253 995/309/253
f 995/309/253 998/310/254 997/311/255
f 999/312/256 998/310/254 1000/313/256
f 1001/314/257 1000/313/256 1002/315/257
f 1001/314/257 1004/316/258 1003/317/258
f 1003/317/258 967/318/231 966/278/231
f 1006/319/259 1008/320/260 1005/321/261
f 1005/321/261 1010/322/262 1009/323/263
f 1011/324/264 1010/322/262 1012/325/265
f 1011/324/264 1014/326/266 1013/327/267
f 1013/327/267 1016/328/268 1015/329/269
f 1015/329/269 1018/330/270 1017/331/270
f 1019/332/271 1018/330/270 1020/333/272
f 1019/332/271 1022/334/273 1021/335/273
f 1021/335/273 1024/336/274 1023/337/275
f 1025/338/276 1024/336/274 1026/339/277
f 1027/340/278 1026/339/277 1028/341/279
f 1027/340/278 1030/342/280 1029/343/280
f 1029/344/280 1032/345/281 1031/346/282
f 1031/346/282 1034/347/283 1033/348/284
f 1035/349/285 1034/347/283 1036/350/286
f 1037/351/287 1036/350/286 1038/352/288
f 1037/351/287 1040/353/289 1039/354/290
f 1039/354/290 1042/355/291 1041/356/292
f 1043/357/293 1042/355/291 1044/358/294
f 1043/357/293 1007/359/295 1006/319/259
f 968/279/296 926/237/297 925/239/298
f 905/216/299 927/277/300 906/236/300
f 970/282/301 925/239/298 929/241/302
f 907/217/303 928/238/299 905/216/299
f 972/283/304 929/241/302 931/242/305
f 907/217/303 932/243/306 930/240/307
f 974/285/308 931/242/305 933/244/308
f 908/218/309 934/245/310 932/243/306
f 976/287/311 933/244/308 935/246/312
f 909/219/313 936/247/314 934/245/310
f 976/287/311 937/249/315 978/289/316
f 910/220/314 938/248/317 936/247/314
f 980/291/318 937/249/315 939/251/318
f 911/221/319 940/250/320 938/248/317
f 980/291/318 941/252/321 982/293/321
f 913/223/322 940/250/320 912/222/323
f 984/295/324 941/252/321 943/254/325
f 913/223/322 944/255/326 942/253/327
f 984/295/324 945/257/328 986/298/328
f 914/224/329 946/256/330 944/255/326
f 986/298/328 947/258/331 988/299/331
f 916/226/332 946/256/330 915/225/333
f 988/299/331 949/261/334 990/301/335
f 917/227/336 948/259/337 916/226/332
f 992/305/338 949/360/334 951/262/338
f 918/229/339 950/263/336 917/228/336
f 994/306/340 951/262/338 953/265/341
f 919/230/342 952/264/343 918/229/339
f 996/308/344 953/265/341 955/268/345
f 919/230/342 956/267/346 954/266/342
f 998/310/347 955/268/345 957/270/347
f 920/231/348 958/269/349 956/267/346
f 998/310/347 959/272/350 1000/313/351
f 921/232/352 960/271/353 958/269/349
f 1002/315/354 959/272/350 961/274/354
f 922/233/353 962/273/355 960/271/353
f 1004/316/356 961/274/354 963/275/357
f 924/235/358 962/273/355 923/234/355
f 967/318/359 963/275/357 926/237/297
f 906/236/300 964/276/358 924/235/358
f 1046/361/360 1005/321/361 1045/362/362
f 966/278/363 1008/320/364 1007/359/363
f 1047/363/365 1005/321/361 1009/323/366
f 965/280/367 1010/322/368 1008/320/364
f 1048/364/369 1009/323/366 1011/324/370
f 969/281/371 1012/325/372 1010/322/368
f 1048/364/369 1013/327/373 1049/365/374
f 971/284/375 1014/326/376 1012/325/372
f 1049/365/374 1015/329/377 1050/366/378
f 973/286/379 1016/328/380 1014/326/376
f 1050/366/378 1017/331/381 1051/367/382
f 975/288/383 1018/330/384 1016/328/380
f 1051/367/382 1019/332/385 1052/368/386
f 977/290/384 1020/333/387 1018/330/384
f 1052/368/386 1021/335/388 1053/369/388
f 979/292/387 1022/334/389 1020/333/387
f 1054/370/390 1021/335/388 1023/337/391
f 981/294/392 1024/336/393 1022/334/389
f 1055/371/394 1023/337/391 1025/338/395
f 985/297/396 1024/336/393 983/296/397
f 1055/371/394 1027/340/398 1056/372/399
f 985/297/396 1028/341/400 1026/339/401
f 1056/372/399 1029/343/402 1057/373/403
f 987/300/404 1030/342/405 1028/341/400
f 1058/374/406 1029/344/402 1031/346/407
f 989/375/408 1032/345/409 1030/376/405
f 1059/377/410 1031/346/407 1033/348/411
f 991/303/412 1034/347/413 1032/345/409
f 1059/377/410 1035/349/414 1060/378/415
f 995/309/416 1034/347/413 993/307/417
f 1060/378/415 1037/351/418 1061/379/419
f 997/311/420 1036/350/421 995/309/416
f 1061/379/419 1039/354/422 1062/380/423
f 997/311/420 1040/353/424 1038/352/425
f 1063/381/426 1039/354/422 1041/356/427
f 999/312/424 1042/355/428 1040/353/424
f 1064/382/429 1041/356/427 1043/357/430
f 1001/314/431 1044/358/432 1042/355/428
f 1064/382/429 1006/319/433 1046/361/360
f 1003/317/434 1007/359/363 1044/358/432
f 1065/383/435 1046/361/436 1045/362/435
f 1065/383/435 1047/363/437 1067/384/437
f 1068/385/438 1047/363/437 1048/364/438
f 1069/386/439 1048/364/438 1049/365/439
f 1069/386/439 1050/366/440 1070/387/441
f 1071/388/442 1050/366/440 1051/367/443
f 1072/389/444 1051/367/443 1052/368/445
f 1072/389/444 1053/369/446 1073/390/447
f 1074/391/448 1053/369/446 1054/370/449
f 1075/392/450 1054/370/449 1055/371/451
f 1075/392/450 1056/372/452 1076/393/452
f 1077/394/453 1056/372/452 1057/373/454
f 1077/395/453 1058/374/455 1078/396/456
f 1079/397/457 1058/374/455 1059/377/458
f 1080/398/459 1059/377/458 1060/378/460
f 1081/399/461 1060/378/460 1061/379/462
f 1081/399/461 1062/380/463 1082/400/464
f 1083/401/465 1062/380/463 1063/381/466
f 1084/402/467 1063/381/466 1064/382/468
f 1084/402/467 1046/361/436 1066/403/469
f 1085/404/470 1087/405/471 1088/406/472
f 1085/404/470 1089/407/473 1256/408/474
f 1090/409/475 1089/407/473 1091/410/476
f 1257/411/477 1091/410/476 1092/412/478
f 1257/411/477 1093/413/479 1258/414/480
f 1094/415/481 1093/413/479 1095/416/482
f 1096/417/483 1095/416/482 1097/418/484
f 1098/419/485 1097/418/484 1099/420/486
f 1259/421/487 1099/420/486 1100/422/488
f 1260/423/489 1100/422/488 1101/424/490
f 1261/425/491 1101/424/490 1102/426/492
f 1103/427/493 1102/426/492 1104/428/494
f 1105/429/495 1104/430/494 1106/431/496
f 1105/429/495 1108/432/497 1107/433/498
f 1107/433/498 1109/434/499 1262/435/500
f 1263/436/501 1109/434/499 1110/437/502
f 1263/436/501 1111/438/503 1264/439/504
f 1264/439/504 1113/440/505 1112/441/506
f 1112/441/506 1114/442/507 1265/443/508
f 1086/444/509 1114/442/507 1087/405/471
f 1115/445/510 1116/446/511 1117/447/512
f 1118/448/513 1117/447/512 1119/449/514
f 1120/450/515 1119/449/514 1121/451/516
f 1122/452/517 1121/453/516 1123/454/518
f 1124/455/519 1126/456/520 1127/457/521
f 1125/458/522 1123/454/518 1126/456/520
f 1117/447/512 1116/446/511 1128/459/523
f 1119/449/514 1128/459/523 1129/460/524
f 1119/449/514 1130/461/525 1121/451/516
f 1121/453/516 1131/462/526 1123/454/518
f 1126/456/520 1133/463/527 1127/457/521
f 1126/456/520 1131/462/526 1132/464/528
f 1128/459/523 1116/446/511 1134/465/529
f 1128/459/523 1135/466/530 1129/460/524
f 1129/460/524 1136/467/531 1130/461/525
f 1131/462/526 1136/468/531 1137/469/532
f 1133/463/527 1138/470/533 1139/471/534
f 1132/464/528 1137/469/532 1138/470/533
f 1134/465/529 1116/446/511 1140/472/535
f 1134/465/529 1141/473/536 1135/466/530
f 1135/466/530 1142/474/537 1136/467/531
f 1137/469/532 1142/475/537 1143/476/538
f 1139/471/534 1144/477/539 1145/478/540
f 1138/470/533 1143/476/538 1144/477/539
f 1140/472/535 1116/446/511 1146/479/541
f 1141/473/536 1146/479/541 1147/480/542
f 1142/474/537 1147/480/542 1148/481/543
f 1142/475/537 1149/482/544 1143/476/538
f 1144/477/539 1151/483/545 1145/478/540
f 1143/476/538 1150/484/546 1144/477/539
f 1146/479/541 1116/446/511 1152/485/547
f 1146/479/541 1153/486/548 1147/480/542
f 1147/480/542 1154/487/549 1148/481/543
f 1148/488/543 1155/489/550 1149/482/544
f 1151/483/545 1156/490/551 1157/491/552
f 1149/482/544 1156/490/551 1150/484/546
f 1152/485/547 1116/446/511 1158/492/553
f 1153/486/548 1158/492/553 1159/493/554
f 1154/487/549 1159/493/554 1160/494/555
f 1155/489/550 1160/495/555 1161/496/556
f 1156/490/551 1163/497/557 1157/491/552
f 1155/489/550 1162/498/558 1156/490/551
f 1158/492/553 1116/446/511 1164/499/559
f 1158/492/553 1165/500/560 1159/493/554
f 1159/493/554 1166/501/561 1160/494/555
f 1160/495/555 1167/502/562 1161/496/556
f 1162/498/558 1169/503/563 1163/497/557
f 1162/498/558 1167/502/562 1168/504/564
f 1164/499/559 1116/446/511 1170/505/565
f 1164/499/559 1171/506/566 1165/500/560
f 1166/501/561 1171/506/566 1172/507/567
f 1167/502/562 1172/508/567 1173/509/568
f 1168/504/564 1175/510/569 1169/503/563
f 1168/504/564 1173/509/568 1174/511/570
f 1170/505/565 1116/446/511 1176/512/571
f 1170/505/565 1177/513/572 1171/506/566
f 1171/506/566 1178/514/573 1172/507/567
f 1172/508/567 1179/515/574 1173/509/568
f 1175/510/569 1180/516/575 1181/517/576
f 1173/509/568 1180/516/575 1174/511/570
f 1176/512/571 1116/446/511 1182/518/577
f 1176/512/571 1183/519/578 1177/513/572
f 1177/513/572 1184/520/579 1178/514/573
f 1179/515/574 1184/521/579 1185/522/580
f 1181/517/576 1186/523/581 1187/524/582
f 1179/515/574 1186/523/581 1180/516/575
f 1182/518/577 1116/446/511 1188/525/583
f 1183/519/578 1188/525/583 1189/526/584
f 1183/519/578 1190/527/585 1184/520/579
f 1185/522/580 1190/528/585 1191/529/586
f 1187/524/582 1192/530/587 1193/531/588
f 1185/522/580 1192/530/587 1186/523/581
f 1188/525/583 1116/446/511 1194/532/589
f 1189/526/584 1194/532/589 1195/533/590
f 1189/526/584 1196/534/591 1190/527/585
f 1190/528/585 1197/535/592 1191/529/586
f 1192/530/587 1199/536/593 1193/531/588
f 1191/529/586 1198/537/594 1192/530/587
f 1194/532/589 1116/446/511 1200/538/595
f 1194/532/589 1201/539/596 1195/533/590
f 1195/533/590 1202/540/597 1196/534/591
f 1197/535/592 1202/541/597 1203/542/598
f 1198/537/594 1205/543/599 1199/536/593
f 1197/535/592 1204/544/600 1198/537/594
f 1200/538/595 1116/446/511 1206/545/601
f 1200/538/595 1207/546/602 1201/539/596
f 1201/539/596 1208/547/603 1202/540/597
f 1203/542/598 1208/548/603 1209/549/604
f 1204/544/600 1211/550/605 1205/543/599
f 1204/544/600 1209/549/604 1210/551/606
f 1206/545/601 1116/446/511 1212/552/607
f 1206/545/601 1213/553/608 1207/546/602
f 1208/547/603 1213/553/608 1214/554/609
f 1209/549/604 1214/555/609 1215/556/610
f 1210/551/606 1217/557/611 1211/550/605
f 1210/551/606 1215/556/610 1216/558/612
f 1212/552/607 1116/446/511 1218/559/613
f 1213/553/608 1218/559/613 1219/560/614
f 1213/553/608 1220/561/615 1214/554/609
f 1215/556/610 1220/562/615 1221/563/616
f 1216/558/612 1223/564/617 1217/557/611
f 1215/556/610 1222/565/618 1216/558/612
f 1218/559/613 1116/446/511 1224/566/619
f 1219/560/614 1224/566/619 1225/567/620
f 1220/561/615 1225/567/620 1226/568/621
f 1220/562/615 1227/569/622 1221/563/616
f 1222/565/618 1229/570/623 1223/564/617
f 1221/563/616 1228/571/624 1222/565/618
f 1224/566/619 1116/446/511 1230/572/625
f 1225/567/620 1230/572/625 1231/573/626
f 1225/567/620 1232/574/627 1226/568/621
f 1227/569/622 1232/575/627 1233/576/628
f 1228/571/624 1235/577/629 1229/570/623
f 1228/571/624 1233/576/628 1234/578/630
f 1116/446/511 1115/445/510 1230/572/625
f 1115/445/510 1231/573/626 1230/572/625
f 1120/450/515 1231/573/626 1118/448/513
f 1122/579/517 1232/575/627 1120/580/515
f 1125/581/522 1233/576/628 1122/579/517
f 1124/582/519 1234/578/630 1125/581/522
f 1066/403/631 1088/406/632 1087/405/631
f 1065/383/633 1089/407/634 1088/406/632
f 1068/385/635 1089/407/634 1067/384/636
f 1069/386/637 1091/410/638 1068/385/635
f 1070/387/639 1092/412/637 1069/386/637
f 1070/387/639 1095/416/640 1093/413/641
f 1072/389/642 1095/416/640 1071/388/643
f 1073/390/644 1097/418/642 1072/389/642
f 1073/390/644 1100/422/645 1099/420/646
f 1074/391/647 1101/424/648 1100/422/645
f 1075/392/649 1102/426/650 1101/424/648
f 1076/393/651 1104/428/652 1102/426/650
f 1078/396/653 1104/430/652 1077/395/654
f 1078/396/653 1108/432/655 1106/431/653
f 1080/398/656 1108/432/655 1079/397/655
f 1081/399/657 1109/434/658 1080/398/656
f 1082/400/659 1110/437/657 1081/399/657
f 1083/401/660 1111/438/661 1082/400/659
f 1083/401/660 1114/442/662 1113/440/663
f 1084/402/664 1087/405/631 1114/442/662
f 1127/457/521 1237/583/665 1124/455/519
f 1133/463/527 1236/584/666 1127/457/521
f 1133/463/527 1239/585/667 1238/586/668
f 1139/471/534 1240/587/669 1239/585/667
f 1145/478/540 1241/588/670 1240/587/669
f 1157/491/552 1241/588/670 1151/483/545
f 1163/497/557 1242/589/671 1157/491/552
f 1163/497/557 1244/590/672 1243/591/673
f 1169/503/563 1245/592/674 1244/590/672
f 1181/517/576 1245/592/674 1175/510/569
f 1181/517/576 1247/593/675 1246/594/676
f 1187/524/582 1248/595/677 1247/593/675
f 1199/536/593 1248/595/677 1193/531/588
f 1205/543/599 1249/596/678 1199/536/593
f 1205/543/599 1251/597/679 1250/598/680
f 1217/557/611 1251/597/679 1211/550/605
f 1223/564/617 1252/599/681 1217/557/611
f 1229/570/623 1253/600/682 1223/564/617
f 1235/577/629 1254/601/683 1229/570/623
f 1124/582/519 1255/602/684 1235/577/629
f 1266/603/685 1085/404/470 1267/604/686
f 1268/605/687 1267/604/686 1269/606/688
f 1270/607/689 1269/606/688 1271/608/690
f 1272/609/691 1271/608/690 1273/610/692
f 1248/595/677 1275/611/693 1247/593/675
f 1272/609/691 1275/611/693 1274/612/694
f 1267/604/686 1256/408/474 1276/613/695
f 1269/606/688 1276/613/695 1277/614/696
f 1269/606/688 1278/615/697 1271/608/690
f 1273/610/692 1278/615/697 1279/616/698
f 1247/593/675 1280/617/699 1246/594/676
f 1273/610/692 1280/617/699 1275/611/693
f 1276/613/695 1090/409/475 1281/618/700
f 1277/614/696 1281/618/700 1282/619/701
f 1277/614/696 1283/620/702 1278/615/697
f 1278/615/697 1284/621/703 1279/616/698
f 1280/617/699 1245/592/674 1246/594/676
f 1280/617/699 1284/621/703 1285/622/704
f 1090/409/475 1286/623/705 1281/618/700
f 1281/618/700 1287/624/706 1282/619/701
f 1282/619/701 1288/625/707 1283/620/702
f 1284/621/703 1288/625/707 1289/626/708
f 1245/592/674 1290/627/709 1244/590/672
f 1285/622/704 1289/626/708 1290/627/709
f 1257/411/477 1291/628/710 1286/623/705
f 1286/623/705 1292/629/711 1287/624/706
f 1287/624/706 1293/630/712 1288/625/707
f 1289/626/708 1293/630/712 1294/631/713
f 1244/590/672 1295/632/714 1243/591/673
f 1290/627/709 1294/631/713 1295/632/714
f 1258/414/480 1296/633/715 1291/628/710
f 1291/628/710 1297/634/716 1292/629/711
f 1293/630/712 1297/634/716 1298/635/717
f 1293/630/712 1299/636/718 1294/631/713
f 1243/591/673 1300/637/719 1242/589/671
f 1295/632/714 1299/636/718 1300/637/719
f 1296/633/715 1096/417/483 1301/638/720
f 1297/634/716 1301/638/720 1302/639/721
f 1297/634/716 1303/640/722 1298/635/717
f 1298/635/717 1304/641/723 1299/636/718
f 1242/589/671 1305/642/724 1241/588/670
f 1299/636/718 1305/642/724 1300/637/719
f 1301/638/720 1098/419/485 1306/643/725
f 1302/639/721 1306/643/725 1307/644/726
f 1303/640/722 1307/644/726 1308/645/727
f 1303/640/722 1309/646/728 1304/641/723
f 1305/642/724 1240/587/669 1241/588/670
f 1305/642/724 1309/646/728 1310/647/729
f 1306/643/725 1259/421/487 1311/648/730
f 1306/643/725 1312/649/731 1307/644/726
f 1308/645/727 1312/649/731 1313/650/732
f 1308/645/727 1314/651/733 1309/646/728
f 1240/587/669 1315/652/734 1239/585/667
f 1310/647/729 1314/651/733 1315/652/734
f 1311/648/730 1260/423/489 1316/653/735
f 1311/648/730 1317/654/736 1312/649/731
f 1312/649/731 1318/655/737 1313/650/732
f 1314/651/733 1318/655/737 1319/656/738
f 1239/585/667 1320/657/739 1238/586/668
f 1314/651/733 1320/657/739 1315/652/734
f 1316/653/735 1261/425/491 1321/658/740
f 1316/653/735 1322/659/741 1317/654/736
f 1318/655/737 1322/659/741 1323/660/742
f 1319/656/738 1323/660/742 1324/661/743
f 1320/657/739 1236/584/666 1238/586/668
f 1320/657/739 1324/661/743 1325/662/744
f 1321/658/740 1103/427/493 1326/663/745
f 1321/658/740 1327/664/746 1322/659/741
f 1323/660/742 1327/664/746 1328/665/747
f 1324/661/743 1328/665/747 1329/666/748
f 1325/662/744 1237/583/665 1236/584/666
f 1324/661/743 1330/667/749 1325/662/744
f 1326/668/745 1105/429/495 1331/669/750
f 1327/670/746 1331/669/750 1332/671/751
f 1328/672/747 1332/671/751 1333/673/752
f 1328/672/747 1334/674/753 1329/675/748
f 1237/676/665 1335/677/754 1255/602/684
f 1329/675/748 1335/677/754 1330/678/749
f 1331/669/750 1107/433/498 1336/679/755
f 1332/671/751 1336/679/755 1337/680/756
f 1333/673/752 1337/680/756 1338/681/757
f 1333/673/752 1339/682/758 1334/674/753
f 1255/602/684 1340/683/759 1254/601/683
f 1335/677/754 1339/682/758 1340/683/759
f 1336/679/755 1262/435/500 1341/684/760
f 1337/680/756 1341/684/760 1342/685/761
f 1338/681/757 1342/685/761 1343/686/762
f 1338/681/757 1344/687/763 1339/682/758
f 1340/683/759 1253/600/682 1254/601/683
f 1340/683/759 1344/687/763 1345/688/764
f 1341/684/760 1263/436/501 1346/689/765
f 1341/684/760 1347/690/766 1342/685/761
f 1342/685/761 1348/691/767 1343/686/762
f 1343/686/762 1349/692/768 1344/687/763
f 1345/688/764 1252/599/681 1253/600/682
f 1345/688/764 1349/692/768 1350/693/769
f 1346/689/765 1264/439/504 1351/694/770
f 1347/690/766 1351/694/770 1352/695/771
f 1347/690/766 1353/696/772 1348/691/767
f 1349/692/768 1353/696/772 1354/697/773
f 1350/693/769 1251/597/679 1252/599/681
f 1349/692/768 1355/698/774 1350/693/769
f 1351/694/770 1112/441/506 1356/699/775
f 1351/694/770 1357/700/776 1352/695/771
f 1353/696/772 1357/700/776 1358/701/777
f 1354/697/773 1358/701/777 1359/702/778
f 1251/597/679 1360/703/779 1250/598/680
f 1354/697/773 1360/703/779 1355/698/774
f 1356/699/775 1265/443/508 1361/704/780
f 1356/699/775 1362/705/781 1357/700/776
f 1357/700/776 1363/706/782 1358/701/777
f 1358/701/777 1364/707/783 1359/702/778
f 1360/703/779 1249/596/678 1250/598/680
f 1360/703/779 1364/707/783 1365/708/784
f 1086/444/509 1361/704/780 1265/443/508
f 1266/603/685 1362/705/781 1361/704/780
f 1268/605/687 1363/706/782 1362/705/781
f 1272/609/691 1363/706/782 1270/607/689
f 1274/612/694 1364/707/783 1272/609/691
f 1248/595/677 1365/708/784 1274/612/694
f 1386/709/785 1387/710/786 1388/711/787
f 1387/710/786 1390/712/788 1388/711/787
f 1389/713/789 1392/714/790 1390/712/788
f 1393/715/791 1392/714/790 1391/716/792
f 1366/717/793 1393/715/791 1367/718/794
f 1368/719/795 1394/720/796 1366/717/793
f 1369/721/797 1395/722/798 1368/719/795
f 1370/723/799 1396/724/800 1369/721/797
f 1371/725/801 1397/726/802 1370/727/799
f 1372/728/803 1398/729/804 1371/725/801
f 1372/728/803 1400/730/805 1399/731/806
f 1373/732/807 1401/733/808 1400/730/805
f 1374/734/809 1402/735/810 1401/733/808
f 1375/736/811 1403/737/812 1402/735/810
f 1376/738/813 1404/739/814 1403/737/812
f 1377/740/815 1405/741/816 1404/739/814
f 1378/742/817 1406/743/818 1405/741/816
f 1379/744/819 1407/745/820 1406/743/818
f 1380/746/821 1408/747/822 1407/745/820
f 1381/748/823 1409/749/824 1408/747/822
f 1383/750/825 1409/749/824 1382/751/826
f 1384/752/827 1410/753/828 1383/750/825
f 1385/754/829 1411/755/830 1384/752/827
f 1367/718/794 1412/756/831 1385/754/829
f 1394/720/796 1413/757/832 1392/714/790
f 1390/712/788 1413/757/832 1414/758/833
f 1386/709/785 1388/711/787 1415/759/834
f 1388/711/787 1414/758/833 1415/759/834
f 1395/722/798 1416/760/835 1413/757/832
f 1413/757/832 1417/761/836 1414/758/833
f 1386/709/785 1415/759/834 1418/762/837
f 1414/758/833 1418/762/837 1415/759/834
f 1396/724/800 1419/763/838 1416/760/835
f 1417/761/836 1419/763/838 1420/764/839
f 1386/709/785 1418/762/837 1421/765/840
f 1418/762/837 1420/764/839 1421/765/840
f 1397/726/802 1422/766/841 1419/767/838
f 1419/767/838 1423/768/842 1420/769/839
f 1386/709/785 1421/765/840 1424/770/843
f 1421/771/840 1423/768/842 1424/772/843
f 1398/729/804 1425/773/844 1422/766/841
f 1423/768/842 1425/773/844 1426/774/845
f 1386/709/785 1424/770/843 1427/775/846
f 1423/768/842 1427/776/846 1424/772/843
f 1425/773/844 1400/730/805 1428/777/847
f 1426/774/845 1428/777/847 1429/778/848
f 1386/709/785 1427/775/846 1430/779/849
f 1426/774/845 1430/780/849 1427/776/846
f 1428/777/847 1401/733/808 1431/781/850
f 1429/778/848 1431/781/850 1432/782/851
f 1386/709/785 1430/779/849 1433/783/852
f 1430/780/849 1432/782/851 1433/784/852
f 1431/781/850 1402/735/810 1434/785/853
f 1431/781/850 1435/786/854 1432/782/851
f 1386/709/785 1433/783/852 1436/787/855
f 1432/782/851 1436/788/855 1433/784/852
f 1434/785/853 1403/737/812 1437/789/856
f 1434/785/853 1438/790/857 1435/786/854
f 1386/709/785 1436/787/855 1439/791/858
f 1435/786/854 1439/792/858 1436/788/855
f 1437/789/856 1404/739/814 1440/793/859
f 1437/789/856 1441/794/860 1438/790/857
f 1386/709/785 1439/791/858 1442/795/861
f 1439/792/858 1441/794/860 1442/796/861
f 1440/793/859 1405/741/816 1443/797/862
f 1441/794/860 1443/797/862 1444/798/863
f 1386/709/785 1442/795/861 1445/799/864
f 1441/794/860 1445/800/864 1442/796/861
f 1443/797/862 1406/743/818 1446/801/865
f 1443/797/862 1447/802/866 1444/798/863
f 1386/709/785 1445/800/864 1448/803/867
f 1444/798/863 1448/803/867 1445/800/864
f 1446/801/865 1407/745/820 1449/804/868
f 1446/801/865 1450/805/869 1447/802/866
f 1386/709/785 1448/803/867 1451/806/870
f 1448/803/867 1450/805/869 1451/806/870
f 1449/804/868 1408/747/822 1452/807/871
f 1450/805/869 1452/807/871 1453/808/872
f 1386/709/785 1451/806/870 1454/809/873
f 1450/805/869 1454/809/873 1451/806/870
f 1452/807/871 1409/749/824 1455/810/874
f 1452/807/871 1456/811/875 1453/808/872
f 1386/709/785 1454/809/873 1457/812/876
f 1453/808/872 1457/812/876 1454/809/873
f 1455/810/874 1410/753/828 1458/813/877
f 1456/811/875 1458/813/877 1459/814/878
f 1386/709/785 1457/812/876 1460/815/879
f 1457/812/876 1459/814/878 1460/815/879
f 1410/753/828 1461/816/880 1458/813/877
f 1459/814/878 1461/816/880 1462/817/881
f 1386/709/785 1460/815/879 1463/818/882
f 1460/815/879 1462/817/881 1463/818/882
f 1411/755/830 1464/819/883 1461/816/880
f 1461/816/880 1465/820/884 1462/817/881
f 1386/709/785 1463/818/882 1466/821/885
f 1462/817/881 1466/821/885 1463/818/882
f 1391/716/792 1412/756/831 1393/715/791
f 1391/716/792 1465/820/884 1464/819/883
f 1389/713/789 1466/821/885 1465/820/884
f 1387/710/786 1386/709/785 1466/821/885
f 866/175/137 867/215/176 868/176/138
f 865/177/139 868/176/138 870/178/140
f 869/179/141 870/178/140 872/180/142
f 871/181/143 872/180/142 874/182/144
f 873/183/145 874/182/144 876/184/146
f 877/186/148 875/185/147 876/184/146
f 879/188/150 877/186/148 878/187/149
f 881/190/152 879/188/150 880/189/151
f 883/192/154 881/190/152 882/191/153
f 885/194/156 883/192/154 884/193/155
f 887/196/158 885/194/156 886/195/157
f 889/198/160 887/822/158 888/199/159
f 891/201/162 889/198/160 890/200/161
f 893/203/164 891/201/162 892/202/163
f 895/205/166 893/203/164 894/204/165
f 895/205/166 896/206/167 898/207/168
f 897/208/169 898/207/168 900/209/170
f 899/210/171 900/209/170 902/211/172
f 901/212/173 902/211/172 904/213/174
f 903/214/175 904/213/174 867/215/176
f 905/216/177 906/236/196 903/214/175
f 905/216/177 866/175/137 865/177/139
f 908/218/179 907/217/178 865/177/139
f 909/219/180 908/218/179 869/179/141
f 909/219/180 871/181/143 873/183/145
f 910/220/181 873/183/145 875/185/147
f 911/221/182 875/185/147 877/186/148
f 913/223/184 912/222/183 877/186/148
f 913/223/184 879/188/150 881/190/152
f 915/225/186 914/224/185 881/190/152
f 915/225/186 883/192/154 885/194/156
f 917/227/188 916/226/187 885/194/156
f 917/228/188 887/822/158 889/198/160
f 919/230/190 918/229/189 889/198/160
f 920/231/191 919/230/190 891/201/162
f 921/232/192 920/231/191 893/203/164
f 921/232/192 895/205/166 897/208/169
f 923/234/194 922/233/193 897/208/169
f 924/235/195 923/234/194 899/210/171
f 924/235/195 901/212/173 903/214/175
f 926/237/197 927/277/230 928/238/198
f 925/239/198 928/238/198 930/240/199
f 931/242/200 929/241/199 930/240/199
f 933/244/201 931/242/200 932/243/200
f 935/246/202 933/244/201 934/245/201
f 935/246/202 936/247/203 938/248/204
f 937/249/205 938/248/204 940/250/206
f 941/252/207 939/251/206 940/250/206
f 943/254/208 941/252/207 942/253/207
f 943/254/208 944/255/209 946/256/210
f 947/258/212 945/257/211 946/256/210
f 947/258/212 948/259/213 950/260/214
f 951/262/216 949/360/215 950/263/214
f 953/265/218 951/262/216 952/264/217
f 953/265/218 954/266/219 956/267/220
f 955/268/221 956/267/220 958/269/222
f 957/270/223 958/269/222 960/271/224
f 959/272/225 960/271/224 962/273/226
f 963/275/228 961/274/227 962/273/226
f 926/237/197 963/275/228 964/276/229
f 966/278/231 967/318/231 968/279/232
f 969/281/233 965/280/232 968/279/232
f 969/281/233 970/282/234 972/283/235
f 971/284/236 972/283/235 974/285/237
f 973/286/237 974/285/237 976/287/238
f 975/288/238 976/287/238 978/289/239
f 977/290/239 978/289/239 980/291/240
f 979/292/241 980/291/240 982/293/242
f 981/294/242 982/293/242 984/295/243
f 985/297/245 983/296/244 984/295/243
f 985/297/245 986/298/246 988/299/247
f 987/300/247 988/299/247 990/301/248
f 991/303/250 989/375/249 990/304/248
f 991/303/250 992/305/250 994/306/251
f 993/307/252 994/306/251 996/308/253
f 995/309/253 996/308/253 998/310/254
f 999/312/256 997/311/255 998/310/254
f 1001/314/257 999/312/256 1000/313/256
f 1001/314/257 1002/315/257 1004/316/258
f 1003/317/258 1004/316/258 967/318/231
f 1006/319/259 1007/359/295 1008/320/260
f 1005/321/261 1008/320/260 1010/322/262
f 1011/324/264 1009/323/263 1010/322/262
f 1011/324/264 1012/325/265 1014/326/266
f 1013/327/267 1014/326/266 1016/328/268
f 1015/329/269 1016/328/268 1018/330/270
f 1019/332/271 1017/331/270 1018/330/270
f 1019/332/271 1020/333/272 1022/334/273
f 1021/335/273 1022/334/273 1024/336/274
f 1025/338/276 1023/337/275 1024/336/274
f 1027/340/278 1025/338/276 1026/339/277
f 1027/340/278 1028/341/279 1030/342/280
f 1029/344/280 1030/376/280 1032/345/281
f 1031/346/282 1032/345/281 1034/347/283
f 1035/349/285 1033/348/284 1034/347/283
f 1037/351/287 1035/349/285 1036/350/286
f 1037/351/287 1038/352/288 1040/353/289
f 1039/354/290 1040/353/289 1042/355/291
f 1043/357/293 1041/356/292 1042/355/291
f 1043/357/293 1044/358/294 1007/359/295
f 968/279/296 967/318/359 926/237/297
f 905/216/299 928/238/299 927/277/300
f 970/282/301 968/279/296 925/239/298
f 907/217/303 930/240/307 928/238/299
f 972/283/304 970/282/301 929/241/302
f 907/217/303 908/218/309 932/243/306
f 974/285/308 972/283/304 931/242/305
f 908/218/309 909/219/313 934/245/310
f 976/287/311 974/285/308 933/244/308
f 909/219/313 910/220/314 936/247/314
f 976/287/311 935/246/312 937/249/315
f 910/220/314 911/221/319 938/248/317
f 980/291/318 978/289/316 937/249/315
f 911/221/319 912/222/323 940/250/320
f 980/291/318 939/251/318 941/252/321
f 913/223/322 942/253/327 940/250/320
f 984/295/324 982/293/321 941/252/321
f 913/223/322 914/224/329 944/255/326
f 984/295/324 943/254/325 945/257/328
f 914/224/329 915/225/333 946/256/330
f 986/298/328 945/257/328 947/258/331
f 916/226/332 948/259/337 946/256/330
f 988/299/331 947/258/331 949/261/334
f 917/227/336 950/260/336 948/259/337
f 992/305/338 990/304/335 949/360/334
f 918/229/339 952/264/343 950/263/336
f 994/306/340 992/305/338 951/262/338
f 919/230/342 954/266/342 952/264/343
f 996/308/344 994/306/340 953/265/341
f 919/230/342 920/231/348 956/267/346
f 998/310/347 996/308/344 955/268/345
f 920/231/348 921/232/352 958/269/349
f 998/310/347 957/270/347 959/272/350
f 921/232/352 922/233/353 960/271/353
f 1002/315/354 1000/313/351 959/272/350
f 922/233/353 923/234/355 962/273/355
f 1004/316/356 1002/315/354 961/274/354
f 924/235/358 964/276/358 962/273/355
f 967/318/359 1004/316/356 963/275/357
f 906/236/300 927/277/300 964/276/358
f 1046/361/360 1006/319/433 1005/321/361
f 966/278/363 965/280/367 1008/320/364
f 1047/363/365 1045/362/362 1005/321/361
f 965/280/367 969/281/371 1010/322/368
f 1048/364/369 1047/363/365 1009/323/366
f 969/281/371 971/284/375 1012/325/372
f 1048/364/369 1011/324/370 1013/327/373
f 971/284/375 973/286/379 1014/326/376
f 1049/365/374 1013/327/373 1015/329/377
f 973/286/379 975/288/383 1016/328/380
f 1050/366/378 1015/329/377 1017/331/381
f 975/288/383 977/290/384 1018/330/384
f 1051/367/382 1017/331/381 1019/332/385
f 977/290/384 979/292/387 1020/333/387
f 1052/368/386 1019/332/385 1021/335/388
f 979/292/387 981/294/392 1022/334/389
f 1054/370/390 1053/369/388 1021/335/388
f 981/294/392 983/296/397 1024/336/393
f 1055/371/394 1054/370/390 1023/337/391
f 985/297/396 1026/339/401 1024/336/393
f 1055/371/394 1025/338/395 1027/340/398
f 985/297/396 987/300/404 1028/341/400
f 1056/372/399 1027/340/398 1029/343/402
f 987/300/404 989/302/408 1030/342/405
f 1058/374/406 1057/823/403 1029/344/402
f 989/375/408 991/303/412 1032/345/409
f 1059/377/410 1058/374/406 1031/346/407
f 991/303/412 993/307/417 1034/347/413
f 1059/377/410 1033/348/411 1035/349/414
f 995/309/416 1036/350/421 1034/347/413
f 1060/378/415 1035/349/414 1037/351/418
f 997/311/420 1038/352/425 1036/350/421
f 1061/379/419 1037/351/418 1039/354/422
f 997/311/420 999/312/424 1040/353/424
f 1063/381/426 1062/380/423 1039/354/422
f 999/312/424 1001/314/431 1042/355/428
f 1064/382/429 1063/381/426 1041/356/427
f 1001/314/431 1003/317/434 1044/358/432
f 1064/382/429 1043/357/430 1006/319/433
f 1003/317/434 966/278/363 1007/359/363
f 1065/383/435 1066/403/469 1046/361/436
f 1065/383/435 1045/362/435 1047/363/437
f 1068/385/438 1067/384/437 1047/363/437
f 1069/386/439 1068/385/438 1048/364/438
f 1069/386/439 1049/365/439 1050/366/440
f 1071/388/442 1070/387/441 1050/366/440
f 1072/389/444 1071/388/442 1051/367/443
f 1072/389/444 1052/368/445 1053/369/446
f 1074/391/448 1073/390/447 1053/369/446
f 1075/392/450 1074/391/448 1054/370/449
f 1075/392/450 1055/371/451 1056/372/452
f 1077/394/453 1076/393/452 1056/372/452
f 1077/395/453 1057/823/454 1058/374/455
f 1079/397/457 1078/396/456 1058/374/455
f 1080/398/459 1079/397/457 1059/377/458
f 1081/399/461 1080/398/459 1060/378/460
f 1081/399/461 1061/379/462 1062/380/463
f 1083/401/465 1082/400/464 1062/380/463
f 1084/402/467 1083/401/465 1063/381/466
f 1084/402/467 1064/382/468 1046/361/436
f 1085/404/470 1086/444/509 1087/405/471
f 1085/404/470 1088/406/472 1089/407/473
f 1090/409/475 1256/408/474 1089/407/473
f 1257/411/477 1090/409/475 1091/410/476
f 1257/411/477 1092/412/478 1093/413/479
f 1094/415/481 1258/414/480 1093/413/479
f 1096/417/483 1094/415/481 1095/416/482
f 1098/419/485 1096/417/483 1097/418/484
f 1259/421/487 1098/419/485 1099/420/486
f 1260/423/489 1259/421/487 1100/422/488
f 1261/425/491 1260/423/489 1101/424/490
f 1103/427/493 1261/425/491 1102/426/492
f 1105/429/495 1103/824/493 1104/430/494
f 1105/429/495 1106/431/496 1108/432/497
f 1107/433/498 1108/432/497 1109/434/499
f 1263/436/501 1262/435/500 1109/434/499
f 1263/436/501 1110/437/502 1111/438/503
f 1264/439/504 1111/438/503 1113/440/505
f 1112/441/506 1113/440/505 1114/442/507
f 1086/444/509 1265/443/508 1114/442/507
f 1118/448/513 1115/445/510 1117/447/512
f 1120/450/515 1118/448/513 1119/449/514
f 1122/452/517 1120/825/515 1121/453/516
f 1124/455/519 1125/458/522 1126/456/520
f 1125/458/522 1122/452/517 1123/454/518
f 1119/449/514 1117/447/512 1128/459/523
f 1119/449/514 1129/460/524 1130/461/525
f 1121/453/516 1130/826/525 1131/462/526
f 1126/456/520 1132/464/528 1133/463/527
f 1126/456/520 1123/454/518 1131/462/526
f 1128/459/523 1134/465/529 1135/466/530
f 1129/460/524 1135/466/530 1136/467/531
f 1131/462/526 1130/826/525 1136/468/531
f 1133/463/527 1132/464/528 1138/470/533
f 1132/464/528 1131/462/526 1137/469/532
f 1134/465/529 1140/472/535 1141/473/536
f 1135/466/530 1141/473/536 1142/474/537
f 1137/469/532 1136/468/531 1142/475/537
f 1139/471/534 1138/470/533 1144/477/539
f 1138/470/533 1137/469/532 1143/476/538
f 1141/473/536 1140/472/535 1146/479/541
f 1142/474/537 1141/473/536 1147/480/542
f 1142/475/537 1148/488/543 1149/482/544
f 1144/477/539 1150/484/546 1151/483/545
f 1143/476/538 1149/482/544 1150/484/546
f 1146/479/541 1152/485/547 1153/486/548
f 1147/480/542 1153/486/548 1154/487/549
f 1148/488/543 1154/827/549 1155/489/550
f 1151/483/545 1150/484/546 1156/490/551
f 1149/482/544 1155/489/550 1156/490/551
f 1153/486/548 1152/485/547 1158/492/553
f 1154/487/549 1153/486/548 1159/493/554
f 1155/489/550 1154/827/549 1160/495/555
f 1156/490/551 1162/498/558 1163/497/557
f 1155/489/550 1161/496/556 1162/498/558
f 1158/492/553 1164/499/559 1165/500/560
f 1159/493/554 1165/500/560 1166/501/561
f 1160/495/555 1166/828/561 1167/502/562
f 1162/498/558 1168/504/564 1169/503/563
f 1162/498/558 1161/496/556 1167/502/562
f 1164/499/559 1170/505/565 1171/506/566
f 1166/501/561 1165/500/560 1171/506/566
f 1167/502/562 1166/828/561 1172/508/567
f 1168/504/564 1174/511/570 1175/510/569
f 1168/504/564 1167/502/562 1173/509/568
f 1170/505/565 1176/512/571 1177/513/572
f 1171/506/566 1177/513/572 1178/514/573
f 1172/508/567 1178/829/573 1179/515/574
f 1175/510/569 1174/511/570 1180/516/575
f 1173/509/568 1179/515/574 1180/516/575
f 1176/512/571 1182/518/577 1183/519/578
f 1177/513/572 1183/519/578 1184/520/579
f 1179/515/574 1178/829/573 1184/521/579
f 1181/517/576 1180/516/575 1186/523/581
f 1179/515/574 1185/522/580 1186/523/581
f 1183/519/578 1182/518/577 1188/525/583
f 1183/519/578 1189/526/584 1190/527/585
f 1185/522/580 1184/521/579 1190/528/585
f 1187/524/582 1186/523/581 1192/530/587
f 1185/522/580 1191/529/586 1192/530/587
f 1189/526/584 1188/525/583 1194/532/589
f 1189/526/584 1195/533/590 1196/534/591
f 1190/528/585 1196/830/591 1197/535/592
f 1192/530/587 1198/537/594 1199/536/593
f 1191/529/586 1197/535/592 1198/537/594
f 1194/532/589 1200/538/595 1201/539/596
f 1195/533/590 1201/539/596 1202/540/597
f 1197/535/592 1196/830/591 1202/541/597
f 1198/537/594 1204/544/600 1205/543/599
f 1197/535/592 1203/542/598 1204/544/600
f 1200/538/595 1206/545/601 1207/546/602
f 1201/539/596 1207/546/602 1208/547/603
f 1203/542/598 1202/541/597 1208/548/603
f 1204/544/600 1210/551/606 1211/550/605
f 1204/544/600 1203/542/598 1209/549/604
f 1206/545/601 1212/552/607 1213/553/608
f 1208/547/603 1207/546/602 1213/553/608
f 1209/549/604 1208/548/603 1214/555/609
f 1210/551/606 1216/558/612 1217/557/611
f 1210/551/606 1209/549/604 1215/556/610
f 1213/553/608 1212/552/607 1218/559/613
f 1213/553/608 1219/560/614 1220/561/615
f 1215/556/610 1214/555/609 1220/562/615
f 1216/558/612 1222/565/618 1223/564/617
f 1215/556/610 1221/563/616 1222/565/618
f 1219/560/614 1218/559/613 1224/566/619
f 1220/561/615 1219/560/614 1225/567/620
f 1220/562/615 1226/831/621 1227/569/622
f 1222/565/618 1228/571/624 1229/570/623
f 1221/563/616 1227/569/622 1228/571/624
f 1225/567/620 1224/566/619 1230/572/625
f 1225/567/620 1231/573/626 1232/574/627
f 1227/569/622 1226/831/621 1232/575/627
f 1228/571/624 1234/578/630 1235/577/629
f 1228/571/624 1227/569/622 1233/576/628
f 1115/445/510 1118/448/513 1231/573/626
f 1120/450/515 1232/574/627 1231/573/626
f 1122/579/517 1233/576/628 1232/575/627
f 1125/581/522 1234/578/630 1233/576/628
f 1124/582/519 1235/577/629 1234/578/630
f 1066/403/631 1065/383/633 1088/406/632
f 1065/383/633 1067/384/636 1089/407/634
f 1068/385/635 1091/410/638 1089/407/634
f 1069/386/637 1092/412/637 1091/410/638
f 1070/387/639 1093/413/641 1092/412/637
f 1070/387/639 1071/388/643 1095/416/640
f 1072/389/642 1097/418/642 1095/416/640
f 1073/390/644 1099/420/646 1097/418/642
f 1073/390/644 1074/391/647 1100/422/645
f 1074/391/647 1075/392/649 1101/424/648
f 1075/392/649 1076/393/651 1102/426/650
f 1076/393/651 1077/394/654 1104/428/652
f 1078/396/653 1106/431/653 1104/430/652
f 1078/396/653 1079/397/655 1108/432/655
f 1080/398/656 1109/434/658 1108/432/655
f 1081/399/657 1110/437/657 1109/434/658
f 1082/400/659 1111/438/661 1110/437/657
f 1083/401/660 1113/440/663 1111/438/661
f 1083/401/660 1084/402/664 1114/442/662
f 1084/402/664 1066/403/631 1087/405/631
f 1127/457/521 1236/584/666 1237/583/665
f 1133/463/527 1238/586/668 1236/584/666
f 1133/463/527 1139/471/534 1239/585/667
f 1139/471/534 1145/478/540 1240/587/669
f 1145/478/540 1151/483/545 1241/588/670
f 1157/491/552 1242/589/671 1241/588/670
f 1163/497/557 1243/591/673 1242/589/671
f 1163/497/557 1169/503/563 1244/590/672
f 1169/503/563 1175/510/569 1245/592/674
f 1181/517/576 1246/594/676 1245/592/674
f 1181/517/576 1187/524/582 1247/593/675
f 1187/524/582 1193/531/588 1248/595/677
f 1199/536/593 1249/596/678 1248/595/677
f 1205/543/599 1250/598/680 1249/596/678
f 1205/543/599 1211/550/605 1251/597/679
f 1217/557/611 1252/599/681 1251/597/679
f 1223/564/617 1253/600/682 1252/599/681
f 1229/570/623 1254/601/683 1253/600/682
f 1235/577/629 1255/602/684 1254/601/683
f 1124/582/519 1237/676/665 1255/602/684
f 1266/603/685 1086/444/509 1085/404/470
f 1268/605/687 1266/603/685 1267/604/686
f 1270/607/689 1268/605/687 1269/606/688
f 1272/609/691 1270/607/689 1271/608/690
f 1248/595/677 1274/612/694 1275/611/693
f 1272/609/691 1273/610/692 1275/611/693
f 1267/604/686 1085/404/470 1256/408/474
f 1269/606/688 1267/604/686 1276/613/695
f 1269/606/688 1277/614/696 1278/615/697
f 1273/610/692 1271/608/690 1278/615/697
f 1247/593/675 1275/611/693 1280/617/699
f 1273/610/692 1279/616/698 1280/617/699
f 1276/613/695 1256/408/474 1090/409/475
f 1277/614/696 1276/613/695 1281/618/700
f 1277/614/696 1282/619/701 1283/620/702
f 1278/615/697 1283/620/702 1284/621/703
f 1280/617/699 1285/622/704 1245/592/674
f 1280/617/699 1279/616/698 1284/621/703
f 1090/409/475 1257/411/477 1286/623/705
f 1281/618/700 1286/623/705 1287/624/706
f 1282/619/701 1287/624/706 1288/625/707
f 1284/621/703 1283/620/702 1288/625/707
f 1245/592/674 1285/622/704 1290/627/709
f 1285/622/704 1284/621/703 1289/626/708
f 1257/411/477 1258/414/480 1291/628/710
f 1286/623/705 1291/628/710 1292/629/711
f 1287/624/706 1292/629/711 1293/630/712
f 1289/626/708 1288/625/707 1293/630/712
f 1244/590/672 1290/627/709 1295/632/714
f 1290/627/709 1289/626/708 1294/631/713
f 1258/414/480 1094/415/481 1296/633/715
f 1291/628/710 1296/633/715 1297/634/716
f 1293/630/712 1292/629/711 1297/634/716
f 1293/630/712 1298/635/717 1299/636/718
f 1243/591/673 1295/632/714 1300/637/719
f 1295/632/714 1294/631/713 1299/636/718
f 1296/633/715 1094/415/481 1096/417/483
f 1297/634/716 1296/633/715 1301/638/720
f 1297/634/716 1302/639/721 1303/640/722
f 1298/635/717 1303/640/722 1304/641/723
f 1242/589/671 1300/637/719 1305/642/724
f 1299/636/718 1304/641/723 1305/642/724
f 1301/638/720 1096/417/483 1098/419/485
f 1302/639/721 1301/638/720 1306/643/725
f 1303/640/722 1302/639/721 1307/644/726
f 1303/640/722 1308/645/727 1309/646/728
f 1305/642/724 1310/647/729 1240/587/669
f 1305/642/724 1304/641/723 1309/646/728
f 1306/643/725 1098/419/485 1259/421/487
f 1306/643/725 1311/648/730 1312/649/731
f 1308/645/727 1307/644/726 1312/649/731
f 1308/645/727 1313/650/732 1314/651/733
f 1240/587/669 1310/647/729 1315/652/734
f 1310/647/729 1309/646/728 1314/651/733
f 1311/648/730 1259/421/487 1260/423/489
f 1311/648/730 1316/653/735 1317/654/736
f 1312/649/731 1317/654/736 1318/655/737
f 1314/651/733 1313/650/732 1318/655/737
f 1239/585/667 1315/652/734 1320/657/739
f 1314/651/733 1319/656/738 1320/657/739
f 1316/653/735 1260/423/489 1261/425/491
f 1316/653/735 1321/658/740 1322/659/741
f 1318/655/737 1317/654/736 1322/659/741
f 1319/656/738 1318/655/737 1323/660/742
f 1320/657/739 1325/662/744 1236/584/666
f 1320/657/739 1319/656/738 1324/661/743
f 1321/658/740 1261/425/491 1103/427/493
f 1321/658/740 1326/663/745 1327/664/746
f 1323/660/742 1322/659/741 1327/664/746
f 1324/661/743 1323/660/742 1328/665/747
f 1325/662/744 1330/667/749 1237/583/665
f 1324/661/743 1329/666/748 1330/667/749
f 1326/668/745 1103/824/493 1105/429/495
f 1327/670/746 1326/668/745 1331/669/750
f 1328/672/747 1327/670/746 1332/671/751
f 1328/672/747 1333/673/752 1334/674/753
f 1237/676/665 1330/678/749 1335/677/754
f 1329/675/748 1334/674/753 1335/677/754
f 1331/669/750 1105/429/495 1107/433/498
f 1332/671/751 1331/669/750 1336/679/755
f 1333/673/752 1332/671/751 1337/680/756
f 1333/673/752 1338/681/757 1339/682/758
f 1255/602/684 1335/677/754 1340/683/759
f 1335/677/754 1334/674/753 1339/682/758
f 1336/679/755 1107/433/498 1262/435/500
f 1337/680/756 1336/679/755 1341/684/760
f 1338/681/757 1337/680/756 1342/685/761
f 1338/681/757 1343/686/762 1344/687/763
f 1340/683/759 1345/688/764 1253/600/682
f 1340/683/759 1339/682/758 1344/687/763
f 1341/684/760 1262/435/500 1263/436/501
f 1341/684/760 1346/689/765 1347/690/766
f 1342/685/761 1347/690/766 1348/691/767
f 1343/686/762 1348/691/767 1349/692/768
f 1345/688/764 1350/693/769 1252/599/681
f 1345/688/764 1344/687/763 1349/692/768
f 1346/689/765 1263/436/501 1264/439/504
f 1347/690/766 1346/689/765 1351/694/770
f 1347/690/766 1352/695/771 1353/696/772
f 1349/692/768 1348/691/767 1353/696/772
f 1350/693/769 1355/698/774 1251/597/679
f 1349/692/768 1354/697/773 1355/698/774
f 1351/694/770 1264/439/504 1112/441/506
f 1351/694/770 1356/699/775 1357/700/776
f 1353/696/772 1352/695/771 1357/700/776
f 1354/697/773 1353/696/772 1358/701/777
f 1251/597/679 1355/698/774 1360/703/779
f 1354/697/773 1359/702/778 1360/703/779
f 1356/699/775 1112/441/506 1265/443/508
f 1356/699/775 1361/704/780 1362/705/781
f 1357/700/776 1362/705/781 1363/706/782
f 1358/701/777 1363/706/782 1364/707/783
f 1360/703/779 1365/708/784 1249/596/678
f 1360/703/779 1359/702/778 1364/707/783
f 1086/444/509 1266/603/685 1361/704/780
f 1266/603/685 1268/605/687 1362/705/781
f 1268/605/687 1270/607/689 1363/706/782
f 1272/609/691 1364/707/783 1363/706/782
f 1274/612/694 1365/708/784 1364/707/783
f 1248/595/677 1249/596/678 1365/708/784
f 1387/710/786 1389/713/789 1390/712/788
f 1389/713/789 1391/716/792 1392/714/790
f 1393/715/791 1394/720/796 1392/714/790
f 1366/717/793 1394/720/796 1393/715/791
f 1368/719/795 1395/722/798 1394/720/796
f 1369/721/797 1396/724/800 1395/722/798
f 1370/723/799 1397/832/802 1396/724/800
f 1371/725/801 1398/729/804 1397/726/802
f 1372/728/803 1399/731/806 1398/729/804
f 1372/728/803 1373/732/807 1400/730/805
f 1373/732/807 1374/734/809 1401/733/808
f 1374/734/809 1375/736/811 1402/735/810
f 1375/736/811 1376/738/813 1403/737/812
f 1376/738/813 1377/740/815 1404/739/814
f 1377/740/815 1378/742/817 1405/741/816
f 1378/742/817 1379/744/819 1406/743/818
f 1379/744/819 1380/746/821 1407/745/820
f 1380/746/821 1381/748/823 1408/747/822
f 1381/748/823 1382/751/826 1409/749/824
f 1383/750/825 1410/753/828 1409/749/824
f 1384/752/827 1411/755/830 1410/753/828
f 1385/754/829 1412/756/831 1411/755/830
f 1367/718/794 1393/715/791 1412/756/831
f 1394/720/796 1395/722/798 1413/757/832
f 1390/712/788 1392/714/790 1413/757/832
f 1388/711/787 1390/712/788 1414/758/833
f 1395/722/798 1396/724/800 1416/760/835
f 1413/757/832 1416/760/835 1417/761/836
f 1414/758/833 1417/761/836 1418/762/837
f 1396/724/800 1397/832/802 1419/763/838
f 1417/761/836 1416/760/835 1419/763/838
f 1418/762/837 1417/761/836 1420/764/839
f 1397/726/802 1398/729/804 1422/766/841
f 1419/767/838 1422/766/841 1423/768/842
f 1421/771/840 1420/769/839 1423/768/842
f 1398/729/804 1399/731/806 1425/773/844
f 1423/768/842 1422/766/841 1425/773/844
f 1423/768/842 1426/774/845 1427/776/846
f 1425/773/844 1399/731/806 1400/730/805
f 1426/774/845 1425/773/844 1428/777/847
f 1426/774/845 1429/778/848 1430/780/849
f 1428/777/847 1400/730/805 1401/733/808
f 1429/778/848 1428/777/847 1431/781/850
f 1430/780/849 1429/778/848 1432/782/851
f 1431/781/850 1401/733/808 1402/735/810
f 1431/781/850 1434/785/853 1435/786/854
f 1432/782/851 1435/786/854 1436/788/855
f 1434/785/853 1402/735/810 1403/737/812
f 1434/785/853 1437/789/856 1438/790/857
f 1435/786/854 1438/790/857 1439/792/858
f 1437/789/856 1403/737/812 1404/739/814
f 1437/789/856 1440/793/859 1441/794/860
f 1439/792/858 1438/790/857 1441/794/860
f 1440/793/859 1404/739/814 1405/741/816
f 1441/794/860 1440/793/859 1443/797/862
f 1441/794/860 1444/798/863 1445/800/864
f 1443/797/862 1405/741/816 1406/743/818
f 1443/797/862 1446/801/865 1447/802/866
f 1444/798/863 1447/802/866 1448/803/867
f 1446/801/865 1406/743/818 1407/745/820
f 1446/801/865 1449/804/868 1450/805/869
f 1448/803/867 1447/802/866 1450/805/869
f 1449/804/868 1407/745/820 1408/747/822
f 1450/805/869 1449/804/868 1452/807/871
f 1450/805/869 1453/808/872 1454/809/873
f 1452/807/871 1408/747/822 1409/749/824
f 1452/807/871 1455/810/874 1456/811/875
f 1453/808/872 1456/811/875 1457/812/876
f 1455/810/874 1409/749/824 1410/753/828
f 1456/811/875 1455/810/874 1458/813/877
f 1457/812/876 1456/811/875 1459/814/878
f 1410/753/828 1411/755/830 1461/816/880
f 1459/814/878 1458/813/877 1461/816/880
f 1460/815/879 1459/814/878 1462/817/881
f 1411/755/830 1412/756/831 1464/819/883
f 1461/816/880 1464/819/883 1465/820/884
f 1462/817/881 1465/820/884 1466/821/885
f 1391/716/792 1464/819/883 1412/756/831
f 1391/716/792 1389/713/789 1465/820/884
f 1389/713/789 1387/710/786 1466/821/885
s 0
f 173/833/886 174/833/886 175/833/886
f 483/833/887 194/833/887 484/833/887
f 2304/833/888 2310/833/888 2305/833/889
f 2306/833/890 2307/833/890 2308/833/890
f 2309/833/891 2310/833/891 2311/833/892
f 2312/833/893 2857/833/893 2313/833/893
f 2314/833/894 2315/833/894 2316/833/894
f 2317/833/894 2318/833/894 2319/833/894
f 2320/833/895 2321/833/896 2322/833/896
f 2323/833/897 2324/833/898 2325/833/896
f 2856/833/899 2857/833/899 2858/833/899
f 2859/833/900 2860/833/900 2861/833/900
f 2862/833/901 2863/833/901 2864/833/901
f 2865/833/902 2866/833/902 2867/833/902
f 2868/833/903 2869/833/903 2870/833/903
f 2871/833/904 2863/833/904 2872/833/904
f 2873/833/905 2874/833/905 2875/833/905
f 2876/833/906 2877/833/906 2878/833/906
f 2879/833/907 2880/833/907 2881/833/908
f 2882/833/909 2883/833/910 2884/833/911
f 2885/833/912 2886/833/912 2887/833/912
f 2978/833/913 2979/833/913 2980/833/914
f 2981/833/915 2982/833/915 2983/833/916
f 2992/833/917 2993/833/917 2994/833/918
f 2995/833/919 2996/833/919 2997/833/920
f 2998/833/921 2999/833/922 3000/833/921
f 3001/833/923 3002/833/923 3003/833/923
f 3004/833/924 3005/833/925 3006/833/926
f 3007/833/927 3008/833/927 3009/833/927
f 3010/833/928 3011/833/928 3012/833/928
f 3013/833/929 3002/833/930 3014/833/931
f 3015/833/932 3016/833/932 3017/833/932
f 3018/833/933 3019/833/934 3020/833/935
f 3021/833/936 3022/833/936 3023/833/936
f 3024/833/919 3025/833/919 3026/833/919
f 3027/833/932 3016/833/932 3028/833/932
f 3029/833/886 3030/833/886 3031/833/886
f 1467/834/937 1468/835/938 1469/836/939
f 1470/837/940 1468/835/941 1467/834/942
f 1471/838/943 1470/837/944 1467/834/945
f 1472/834/946 1470/837/947 1471/838/947
f 1473/839/948 1472/834/949 1471/838/950
f 1474/840/951 1472/834/952 1473/839/953
f 1475/841/954 1474/840/955 1473/839/956
f 1476/842/957 1474/840/958 1475/841/959
f 1477/843/960 1476/842/961 1475/841/962
f 1478/844/963 1476/842/964 1477/843/965
f 1479/845/966 1478/844/967 1477/843/968
f 1480/846/969 1478/844/970 1479/845/971
f 1481/847/972 1480/846/973 1479/845/974
f 1482/848/975 1480/846/976 1481/847/977
f 1483/849/978 1482/848/979 1481/847/980
f 1484/850/981 1482/848/982 1483/849/983
f 1485/851/984 1484/850/985 1483/849/986
f 1486/852/987 1484/850/988 1485/851/989
f 1487/853/990 1486/852/991 1485/851/992
f 1488/854/993 1486/852/994 1487/853/995
f 1489/855/996 1488/854/997 1487/853/998
f 1490/856/999 1488/854/1000 1489/855/1001
f 1491/857/1002 1490/856/1003 1489/855/1004
f 1492/858/1005 1490/856/1006 1491/857/1007
f 1493/859/1008 1492/858/1009 1491/857/1010
f 1494/860/1011 1492/858/1012 1493/859/1013
f 1495/861/1014 1494/860/1015 1493/859/1016
f 1496/862/1017 1494/860/1018 1495/861/1019
f 2020/861/1020 1494/860/1021 1496/862/1022
f 1497/859/1023 1494/860/1023 2020/861/1024
f 1498/863/1025 1497/859/1026 2020/861/1027
f 1499/864/1028 1497/859/1029 1498/863/1030
f 1500/865/1031 1499/864/1032 1498/863/1033
f 1501/866/1034 1499/864/1035 1500/865/1036
f 1502/847/1037 1501/866/1038 1500/865/1039
f 1503/849/1040 1501/866/1041 1502/847/1042
f 1504/848/1043 1503/849/1044 1502/847/1045
f 1505/850/1046 1503/849/1047 1504/848/1048
f 1506/867/1049 1505/850/1050 1504/848/1051
f 1507/867/1052 1482/848/1053 1484/850/1054
f 1508/868/1055 1482/848/1056 1507/867/1057
f 1509/869/1058 1508/868/1059 1507/867/1060
f 1510/870/1061 1508/868/1062 1509/869/1063
f 1511/836/1064 1510/870/1065 1509/869/1066
f 1472/834/1067 1510/870/1068 1511/836/1069
f 1512/835/1070 1472/834/1071 1511/836/1072
f 1470/837/1073 1472/834/1074 1512/835/1075
f 1497/859/1076 1492/858/1077 1494/860/1076
f 1513/857/1078 1492/858/1079 1497/859/1080
f 1499/864/1081 1513/857/1082 1497/859/1083
f 1514/855/1084 1513/857/1085 1499/864/1086
f 1515/853/1087 1514/855/1088 1499/864/1089
f 1516/854/1090 1514/855/1091 1515/853/1092
f 1517/852/1093 1516/854/1094 1515/853/1095
f 1972/871/1096 1498/863/1097 2020/861/1098
f 1500/865/1099 1498/863/1100 1972/871/1101
f 1970/872/1102 1500/865/1103 1972/871/1104
f 1518/873/1105 1500/865/1106 1970/872/1107
f 1971/874/1108 1518/873/1109 1970/872/1110
f 1926/875/1111 1518/873/1112 1971/874/1113
f 1518/873/1114 1502/847/1115 1500/865/1116
f 1519/845/1117 1502/847/1118 1518/873/1119
f 1926/875/1120 1519/845/1121 1518/873/1122
f 1520/843/1123 1519/845/1124 1926/875/1125
f 1521/876/1126 1520/843/1127 1926/875/1128
f 1522/877/1129 1520/843/1130 1521/876/1131
f 2303/878/1132 1522/877/1133 1521/876/1134
f 1523/879/1135 1522/877/1136 2303/878/1137
f 1474/840/1138 1510/870/1139 1472/834/1140
f 1524/880/1141 1510/870/1142 1474/840/1143
f 1476/842/1144 1524/880/1145 1474/840/1146
f 1525/881/1147 1524/880/1148 1476/842/1149
f 1478/844/1150 1525/881/1151 1476/842/1152
f 1480/846/1153 1525/881/1154 1478/844/1155
f 1501/866/1156 1515/853/1157 1499/864/1158
f 1526/851/1159 1515/853/1160 1501/866/1161
f 1503/849/1162 1526/851/1163 1501/866/1164
f 1505/850/1165 1526/851/1166 1503/849/1167
f 1525/881/1168 1510/870/1169 1524/880/1170
f 1508/868/1171 1510/870/1172 1525/881/1173
f 1482/848/1174 1508/868/1175 1525/881/1176
f 1480/846/1177 1482/848/1178 1525/881/1179
f 1526/851/1180 1517/852/1181 1515/853/1182
f 1505/850/1183 1517/852/1184 1526/851/1185
f 1513/857/1186 1490/856/1187 1492/858/1188
f 1514/855/1189 1490/856/1190 1513/857/1191
f 1527/869/1192 1506/867/1193 1528/868/1194
f 1504/848/1195 1528/868/1196 1506/867/1197
f 1529/881/1198 1528/868/1199 1504/848/1200
f 1530/846/1201 1529/881/1202 1504/848/1203
f 1531/844/1204 1529/881/1205 1530/846/1206
f 1519/845/1207 1531/844/1208 1530/846/1209
f 1520/843/1210 1531/844/1211 1519/845/1212
f 1530/846/1213 1502/847/1214 1519/845/1215
f 1504/848/1216 1502/847/1217 1530/846/1218
f 1529/881/1219 1532/870/1220 1528/868/1221
f 1527/869/1222 1528/868/1223 1532/870/1224
f 1469/836/1225 1527/869/1226 1532/870/1227
f 1532/870/1228 1467/834/1229 1469/836/1230
f 1533/840/1231 1467/834/1232 1532/870/1233
f 1534/880/1234 1533/840/1235 1532/870/1236
f 1535/842/1237 1533/840/1238 1534/880/1239
f 1529/881/1240 1535/842/1241 1534/880/1242
f 1529/881/1243 1531/844/1244 1535/842/1245
f 1529/881/1246 1534/880/1247 1532/870/1248
f 1520/843/1249 1535/842/1250 1531/844/1251
f 1536/841/1252 1535/842/1253 1520/843/1254
f 1522/877/1255 1536/841/1256 1520/843/1257
f 1537/882/1258 1536/841/1259 1522/877/1260
f 1523/879/1261 1537/882/1262 1522/877/1263
f 1538/877/1264 1537/882/1265 1523/879/1266
f 1634/878/1267 1538/877/1268 1523/879/1269
f 2034/876/1270 1538/877/1271 1634/878/1272
f 1536/841/1273 1533/840/1274 1535/842/1275
f 1539/839/1276 1533/840/1277 1536/841/1278
f 1540/883/1279 1539/839/1280 1536/841/1281
f 1471/838/1282 1539/839/1283 1540/883/1284
f 1541/884/1285 1471/838/1286 1540/883/1287
f 1542/883/1288 1471/838/1289 1541/884/1290
f 1537/882/1291 1542/883/1292 1541/884/1293
f 1475/841/1294 1542/883/1295 1537/882/1296
f 1538/877/1297 1475/841/1298 1537/882/1299
f 1477/843/1300 1475/841/1301 1538/877/1302
f 2034/876/1303 1477/843/1304 1538/877/1305
f 1580/875/1306 1477/843/1307 2034/876/1308
f 1580/875/1309 1479/845/1310 1477/843/1311
f 1543/873/1312 1479/845/1313 1580/875/1314
f 1581/874/1315 1543/873/1316 1580/875/1317
f 846/872/1318 1543/873/1319 1581/874/1320
f 1543/873/1321 1481/847/1322 1479/845/1323
f 1544/865/1324 1481/847/1325 1543/873/1326
f 846/872/1327 1544/865/1328 1543/873/1329
f 1545/871/1330 1544/865/1331 846/872/1332
f 1539/839/1333 1467/834/1334 1533/840/1335
f 1471/838/1336 1467/834/1337 1539/839/1338
f 1540/883/1339 1537/882/1340 1541/884/1341
f 1536/841/1342 1537/882/1343 1540/883/1344
f 1473/839/1345 1542/883/1346 1475/841/1347
f 1471/838/1348 1542/883/1349 1473/839/1350
f 1546/866/1351 1487/853/1352 1485/851/1353
f 1547/864/1354 1487/853/1355 1546/866/1356
f 1544/865/1357 1547/864/1358 1546/866/1359
f 1548/863/1360 1547/864/1361 1544/865/1362
f 1545/871/1363 1548/863/1364 1544/865/1365
f 1495/861/1366 1548/863/1367 1545/871/1368
f 1493/859/1369 1548/863/1370 1495/861/1371
f 1547/864/1372 1548/863/1373 1493/859/1374
f 1491/857/1375 1547/864/1376 1493/859/1377
f 1489/855/1378 1547/864/1379 1491/857/1380
f 1487/853/1381 1547/864/1382 1489/855/1383
f 1546/866/1384 1481/847/1385 1544/865/1386
f 1483/849/1387 1481/847/1388 1546/866/1389
f 1485/851/1390 1483/849/1391 1546/866/1392
f 1549/885/1393 1514/855/1394 1516/854/1395
f 1490/856/1396 1514/855/1397 1549/885/1398
f 1550/886/1399 1490/856/1400 1549/885/1401
f 1549/885/1402 1551/887/1403 1550/886/1404
f 1552/888/1405 1551/887/1406 1549/885/1407
f 1516/854/1408 1552/888/1409 1549/885/1410
f 1553/885/1411 1554/888/1412 1488/854/1413
f 1555/887/1414 1554/888/1415 1553/885/1416
f 1556/886/1417 1555/887/1418 1553/885/1419
f 1553/885/1420 1490/856/1421 1556/886/1422
f 1488/854/1423 1490/856/1424 1553/885/1425
f 781/889/1426 1596/890/1426 1598/891/1426
f 1615/892/1427 1596/890/1427 781/889/1427
f 778/893/1428 1615/892/1428 781/889/1428
f 238/894/1429 1615/892/1429 778/893/1429
f 238/894/1430 195/895/1430 1615/892/1430
f 196/896/1431 195/895/1431 238/894/1431
f 197/897/1432 196/896/1432 238/894/1432
f 198/898/1433 196/896/1433 197/897/1433
f 198/898/1434 822/899/1435 196/896/1436
f 770/900/1437 822/899/1438 198/898/1439
f 476/898/1440 199/899/1441 1821/900/1442
f 200/896/1443 199/899/1444 476/898/1445
f 242/901/1446 200/896/1446 476/898/1446
f 243/894/1447 200/896/1447 242/901/1447
f 243/894/1448 201/895/1448 200/896/1448
f 1620/892/1449 201/895/1449 243/894/1449
f 1774/893/1450 1620/892/1450 243/894/1450
f 202/889/1451 1620/892/1451 1774/893/1451
f 1621/890/1452 202/889/1452 1625/891/1452
f 1620/892/1453 202/889/1453 1621/890/1453
f 203/902/1454 204/903/1455 205/904/1456
f 206/905/1457 204/903/1458 203/902/1459
f 207/906/1460 206/905/1461 203/902/1462
f 208/907/1463 206/905/1464 207/906/1465
f 789/908/1466 208/907/1467 207/906/1468
f 209/909/1469 208/907/1470 789/908/1471
f 210/910/1472 209/909/1473 789/908/1474
f 211/911/1475 210/910/1476 789/908/1477
f 212/912/1478 210/910/1479 211/911/1480
f 213/913/1481 212/912/1482 211/911/1483
f 214/914/1484 212/912/1485 213/913/1486
f 214/914/1487 215/915/1488 212/912/1489
f 216/916/1490 215/915/1491 214/914/1492
f 217/917/1493 216/916/1494 214/914/1495
f 1560/914/1496 216/916/1497 217/917/1498
f 1560/914/1499 218/915/1500 216/916/1501
f 219/912/1502 218/915/1503 1560/914/1504
f 1557/913/1505 219/912/1506 1560/914/1507
f 1558/911/1508 219/912/1509 1557/913/1510
f 1558/911/1511 220/910/1512 219/912/1513
f 221/908/1514 220/910/1515 1558/911/1516
f 221/908/1517 222/909/1518 220/910/1519
f 223/907/1520 222/909/1521 221/908/1522
f 818/906/1523 223/907/1524 221/908/1525
f 224/905/1526 223/907/1527 818/906/1528
f 816/902/1529 224/905/1530 818/906/1531
f 204/903/1532 224/905/1533 816/902/1534
f 205/904/1535 204/903/1536 816/902/1537
f 220/910/1538 222/909/1539 225/918/1540
f 225/918/1541 219/912/1542 220/910/1543
f 226/919/1544 219/912/1545 225/918/1546
f 227/920/1547 219/912/1548 226/919/1549
f 218/915/1550 219/912/1551 227/920/1552
f 480/921/1553 218/915/1554 227/920/1555
f 216/916/1556 218/915/1557 480/921/1558
f 215/915/1559 216/916/1560 480/921/1561
f 479/920/1562 215/915/1563 480/921/1564
f 212/912/1565 215/915/1566 479/920/1567
f 228/919/1568 212/912/1569 479/920/1570
f 485/918/1571 212/912/1572 228/919/1573
f 485/918/1574 210/910/1575 212/912/1576
f 209/909/1577 210/910/1578 485/918/1579
f 229/922/1580 209/909/1581 485/918/1582
f 208/907/1583 209/909/1584 229/922/1585
f 230/923/1586 208/907/1587 229/922/1588
f 231/924/1589 208/907/1590 230/923/1591
f 486/925/1592 231/924/1593 230/923/1594
f 481/926/1595 231/924/1596 486/925/1597
f 231/924/1598 206/905/1599 208/907/1600
f 232/927/1601 206/905/1602 231/924/1603
f 481/926/1604 232/927/1605 231/924/1606
f 233/928/1607 232/927/1608 481/926/1609
f 232/927/1610 204/903/1611 206/905/1612
f 224/905/1613 204/903/1614 232/927/1615
f 234/924/1616 224/905/1617 232/927/1618
f 223/907/1619 224/905/1620 234/924/1621
f 235/923/1622 223/907/1623 234/924/1624
f 236/922/1625 223/907/1626 235/923/1627
f 237/926/1628 232/927/1629 233/928/1630
f 234/924/1631 232/927/1632 237/926/1633
f 482/925/1634 234/924/1635 237/926/1636
f 235/923/1637 234/924/1638 482/925/1639
f 236/922/1640 222/909/1641 223/907/1642
f 225/918/1643 222/909/1644 236/922/1645
f 789/929/1646 1616/930/1647 211/931/1648
f 790/932/1649 1616/930/1650 789/929/1651
f 207/933/1652 790/932/1653 789/929/1654
f 791/934/1655 790/932/1656 207/933/1657
f 203/935/1658 791/934/1659 207/933/1660
f 792/936/1661 791/934/1662 203/935/1663
f 793/937/1664 792/936/1665 203/935/1666
f 794/938/1667 792/936/1667 793/937/1667
f 795/939/1668 794/938/1668 793/937/1668
f 796/940/1669 794/938/1669 795/939/1669
f 797/941/1670 796/940/1670 795/939/1670
f 798/942/1671 796/940/1672 797/941/1673
f 799/943/1674 798/942/1675 797/941/1676
f 800/944/1677 798/942/1678 799/943/1679
f 801/945/1680 800/944/1681 799/943/1682
f 802/946/1683 800/944/1684 801/945/1685
f 803/947/1686 802/946/1687 801/945/1688
f 804/948/1689 802/946/1690 803/947/1691
f 805/949/1692 804/948/1693 803/947/1694
f 806/950/1695 804/948/1696 805/949/1697
f 807/951/1698 806/950/1699 805/949/1700
f 808/952/1701 806/950/1702 807/951/1703
f 809/953/1704 808/952/1705 807/951/1706
f 810/954/1707 808/952/1708 809/953/1709
f 1612/955/1710 810/954/1711 809/953/1712
f 811/956/1713 810/954/1714 1612/955/1715
f 799/943/1716 803/947/1717 801/945/1718
f 812/957/1719 803/947/1720 799/943/1721
f 797/941/1722 812/957/1723 799/943/1724
f 813/958/1725 812/957/1726 797/941/1727
f 795/939/1728 813/958/1728 797/941/1728
f 814/959/1729 813/958/1729 795/939/1729
f 793/937/1730 814/959/1730 795/939/1730
f 815/960/1731 814/959/1731 793/937/1731
f 816/961/1732 815/960/1733 793/937/1734
f 817/962/1735 815/960/1736 816/961/1737
f 818/963/1738 817/962/1739 816/961/1740
f 819/964/1741 817/962/1742 818/963/1743
f 221/965/1744 819/964/1745 818/963/1746
f 820/966/1747 819/964/1748 221/965/1749
f 1558/967/1750 820/966/1751 221/965/1752
f 196/968/1753 1593/969/1754 195/970/1755
f 821/971/1756 1593/969/1757 196/968/1758
f 822/972/1759 821/971/1760 196/968/1761
f 823/973/1762 821/971/1763 822/972/1764
f 770/974/1765 823/973/1766 822/972/1767
f 824/975/1768 823/973/1769 770/974/1770
f 825/976/1771 824/975/1772 770/974/1773
f 826/977/1774 824/975/1775 825/976/1776
f 827/978/1777 826/977/1778 825/976/1779
f 812/957/1780 826/977/1781 827/978/1781
f 803/947/1782 812/957/1783 827/978/1784
f 807/951/1785 1612/955/1786 809/953/1787
f 828/979/1788 1612/955/1789 807/951/1790
f 829/980/1791 828/979/1792 807/951/1793
f 1604/981/1794 828/979/1795 829/980/1796
f 830/982/1797 1604/981/1798 829/980/1799
f 831/983/1800 1604/981/1801 830/982/1802
f 751/984/1803 831/983/1804 830/982/1805
f 830/982/1806 240/985/1807 751/984/1808
f 832/986/1809 240/985/1810 830/982/1811
f 805/949/1812 832/986/1813 830/982/1814
f 827/978/1815 832/986/1816 805/949/1817
f 803/947/1818 827/978/1819 805/949/1820
f 813/958/1821 826/977/1822 812/957/1823
f 824/975/1824 826/977/1825 813/958/1826
f 814/959/1827 824/975/1827 813/958/1827
f 815/960/1828 824/975/1828 814/959/1828
f 825/976/1829 832/986/1830 827/978/1831
f 239/987/1832 832/986/1833 825/976/1834
f 782/988/1835 239/987/1836 825/976/1837
f 770/974/1838 782/988/1839 825/976/1840
f 240/985/1841 832/986/1842 239/987/1843
f 808/952/1844 804/948/1845 806/950/1846
f 833/989/1847 804/948/1848 808/952/1849
f 834/990/1850 833/989/1851 808/952/1852
f 835/991/1853 833/989/1854 834/990/1853
f 836/992/1855 835/991/1856 834/990/1857
f 837/993/1858 835/991/1859 836/992/1860
f 834/990/1861 838/994/1862 836/992/1863
f 1716/995/1864 838/994/1865 834/990/1866
f 808/952/1867 1716/995/1868 834/990/1869
f 810/954/1870 1716/995/1871 808/952/1872
f 817/962/1873 824/975/1874 815/960/1875
f 823/973/1876 824/975/1877 817/962/1878
f 821/971/1879 823/973/1880 817/962/1881
f 790/932/1882 1618/996/1883 1616/930/1884
f 839/997/1885 1618/996/1886 790/932/1887
f 791/934/1888 839/997/1889 790/932/1890
f 840/998/1891 839/997/1892 791/934/1893
f 841/999/1894 840/998/1895 791/934/1896
f 1821/1000/1897 840/998/1898 841/999/1899
f 842/1001/1900 1821/1000/1901 841/999/1902
f 843/1002/1903 1821/1000/1904 842/1001/1905
f 1816/1003/1906 843/1002/1907 842/1001/1908
f 819/964/1909 821/971/1910 817/962/1911
f 1593/969/1912 821/971/1913 819/964/1914
f 820/966/1915 1593/969/1916 819/964/1917
f 2302/1004/1918 835/991/1919 837/993/1920
f 844/1005/1921 835/991/1922 2302/1004/1923
f 2301/1006/1924 844/1005/1925 2302/1004/1926
f 845/1007/1927 844/1005/1928 2301/1006/1929
f 846/1008/1930 845/1007/1931 2301/1006/1932
f 1640/1009/1933 845/1007/1934 846/1008/1935
f 1581/1010/1936 1640/1009/1937 846/1008/1938
f 847/1011/1939 1640/1009/1940 1581/1010/1941
f 199/1012/1942 840/998/1943 1821/1000/1944
f 839/997/1945 840/998/1946 199/1012/1947
f 200/1013/1948 839/997/1949 199/1012/1950
f 1618/996/1951 839/997/1952 200/1013/1953
f 201/1014/1954 1618/996/1955 200/1013/1956
f 1971/1015/1957 810/954/1958 811/956/1959
f 1970/1016/1960 810/954/1961 1971/1015/1962
f 1970/1016/1963 1716/995/1964 810/954/1965
f 838/994/1966 1716/995/1967 1970/1016/1968
f 848/1017/1969 1640/1009/1970 847/1011/1971
f 849/1018/1972 1640/1009/1973 848/1017/1974
f 850/1019/1975 849/1018/1976 848/1017/1977
f 851/1020/1978 849/1018/1979 850/1019/1980
f 852/1021/1981 851/1020/1982 850/1019/1983
f 853/1022/1984 851/1020/1985 852/1021/1986
f 854/1023/1987 853/1022/1988 852/1021/1989
f 800/944/1990 853/1022/1991 854/1023/1992
f 855/1024/1993 800/944/1994 854/1023/1995
f 798/942/1996 800/944/1997 855/1024/1998
f 856/1025/1999 798/942/2000 855/1024/2001
f 796/940/2002 798/942/2003 856/1025/2004
f 841/999/2005 796/940/2006 856/1025/2007
f 794/938/2008 796/940/2008 841/999/2008
f 792/936/2009 794/938/2009 841/999/2009
f 791/934/2010 792/936/2011 841/999/2012
f 857/1026/2013 850/1019/2014 848/1017/2015
f 858/1027/2016 850/1019/2017 857/1026/2018
f 859/1028/2019 858/1027/2020 857/1026/2021
f 860/1029/2022 858/1027/2023 859/1028/2024
f 1592/1030/2025 860/1029/2026 859/1028/2027
f 1638/1031/2028 860/1029/2029 1592/1030/2030
f 861/1032/2031 860/1029/2032 1638/1031/2033
f 862/1033/2034 860/1029/2035 861/1032/2036
f 1816/1003/2037 862/1033/2038 861/1032/2039
f 842/1001/2040 862/1033/2041 1816/1003/2042
f 802/946/2043 853/1022/2044 800/944/2045
f 863/1034/2046 853/1022/2047 802/946/2048
f 804/948/2049 863/1034/2050 802/946/2051
f 833/989/2052 863/1034/2053 804/948/2054
f 833/989/2055 835/991/2056 863/1034/2055
f 864/1035/2057 863/1034/2058 835/991/2059
f 844/1005/2060 864/1035/2061 835/991/2062
f 851/1020/2063 864/1035/2064 844/1005/2065
f 845/1007/2066 851/1020/2067 844/1005/2068
f 1640/1009/2069 851/1020/2070 845/1007/2071
f 849/1018/2072 851/1020/2073 1640/1009/2074
f 793/937/2075 205/1036/2076 816/961/2077
f 203/935/2078 205/1036/2079 793/937/2080
f 805/949/2081 829/980/2082 807/951/2083
f 830/982/2084 829/980/2085 805/949/2086
f 853/1022/2087 864/1035/2088 851/1020/2089
f 863/1034/2090 864/1035/2091 853/1022/2092
f 850/1019/2093 854/1023/2094 852/1021/2095
f 858/1027/2096 854/1023/2097 850/1019/2098
f 860/1029/2099 854/1023/2100 858/1027/2101
f 862/1033/2102 854/1023/2103 860/1029/2104
f 862/1033/2105 855/1024/2106 854/1023/2107
f 842/1001/2108 855/1024/2109 862/1033/2110
f 842/1001/2111 856/1025/2112 855/1024/2113
f 841/999/2114 856/1025/2115 842/1001/2116
f 1557/1037/2117 820/1038/2118 1558/1039/2119
f 1559/1040/2120 820/1038/2121 1557/1037/2122
f 1560/1041/2123 1559/1040/2124 1557/1037/2125
f 1561/1042/2126 1559/1040/2127 1560/1041/2128
f 1562/1043/2129 1561/1042/2130 1560/1041/2131
f 1563/1044/2132 1561/1042/2133 1562/1043/2134
f 1564/1045/2135 1563/1044/2136 1562/1043/2137
f 1565/1046/2138 1563/1044/2139 1564/1045/2140
f 1566/1047/2141 1565/1046/2142 1564/1045/2143
f 1567/1048/2144 1565/1046/2145 1566/1047/2146
f 1568/1049/2147 1567/1048/2148 1566/1047/2149
f 1569/1050/2150 1567/1048/2151 1568/1049/2152
f 1570/1051/2153 1569/1050/2154 1568/1049/2155
f 1571/1052/2156 1569/1050/2157 1570/1051/2158
f 1572/1053/2159 1571/1052/2160 1570/1051/2161
f 1573/1054/2162 1571/1052/2163 1572/1053/2164
f 1574/1055/2165 1573/1054/2166 1572/1053/2167
f 1575/1056/2168 1573/1054/2169 1574/1055/2170
f 1576/1057/2171 1575/1056/2172 1574/1055/2173
f 1577/1058/2174 1575/1056/2175 1576/1057/2176
f 1578/1059/2177 1577/1058/2177 1576/1057/2178
f 1579/1060/2179 1577/1058/2180 1578/1059/2181
f 847/1061/2182 1579/1060/2183 1578/1059/2184
f 1580/1062/2185 1579/1060/2186 847/1061/2187
f 1581/1063/2188 1580/1062/2189 847/1061/2190
f 217/1064/2191 1562/1043/2192 1560/1041/2193
f 1582/1065/2194 1562/1043/2195 217/1064/2196
f 1583/1066/2197 1582/1065/2198 217/1064/2199
f 1584/1067/2200 1582/1065/2201 1583/1066/2202
f 1585/1068/2203 1584/1067/2204 1583/1066/2205
f 1586/1069/2206 1584/1067/2206 1585/1068/2207
f 1587/1070/2208 1586/1069/2209 1585/1068/2210
f 1570/1051/2211 1586/1069/2212 1587/1070/2213
f 1588/1071/2214 1570/1051/2214 1587/1070/2215
f 1572/1053/2216 1570/1051/2217 1588/1071/2218
f 1589/1072/2219 1572/1053/2220 1588/1071/2221
f 1574/1055/2222 1572/1053/2223 1589/1072/2224
f 1590/1073/2225 1574/1055/2226 1589/1072/2227
f 1576/1057/2228 1574/1055/2229 1590/1073/2230
f 1591/1074/2231 1576/1057/2232 1590/1073/2233
f 859/1075/2234 1576/1057/2235 1591/1074/2236
f 1592/1076/2237 859/1075/2238 1591/1074/2239
f 1559/1040/2240 1593/1077/2241 820/1038/2242
f 1594/1078/2243 1593/1077/2244 1559/1040/2245
f 1595/1079/2246 1594/1078/2247 1559/1040/2248
f 1596/1080/2249 1594/1078/2250 1595/1079/2251
f 1597/1081/2252 1596/1080/2253 1595/1079/2254
f 1598/1082/2255 1596/1080/2255 1597/1081/2255
f 1565/1046/2256 1598/1082/2256 1597/1081/2256
f 1599/1083/2257 1598/1082/2257 1565/1046/2257
f 1567/1048/2258 1599/1083/2259 1565/1046/2260
f 1600/1084/2261 1599/1083/2262 1567/1048/2263
f 1601/1085/2264 1600/1084/2265 1567/1048/2266
f 1602/1086/2267 1600/1084/2268 1601/1085/2269
f 1603/1087/2270 1602/1086/2271 1601/1085/2272
f 831/1088/2273 1602/1086/2274 1603/1087/2275
f 1604/1089/2276 831/1088/2277 1603/1087/2278
f 811/1090/2279 1926/1091/2280 1971/1092/2281
f 1605/1093/2282 1926/1091/2283 811/1090/2284
f 1606/1094/2285 1605/1093/2286 811/1090/2287
f 1607/1095/2288 1605/1093/2289 1606/1094/2290
f 1608/1096/2291 1607/1095/2292 1606/1094/2293
f 1609/1097/2294 1607/1095/2295 1608/1096/2296
f 1610/1098/2297 1609/1097/2298 1608/1096/2299
f 1611/1099/2300 1609/1097/2301 1610/1098/2302
f 1569/1050/2303 1611/1099/2304 1610/1098/2305
f 1571/1052/2306 1611/1099/2307 1569/1050/2308
f 1566/1047/2309 1570/1051/2310 1568/1049/2311
f 1586/1069/2312 1570/1051/2313 1566/1047/2314
f 1564/1045/2315 1586/1069/2316 1566/1047/2317
f 1584/1067/2318 1586/1069/2319 1564/1045/2320
f 1562/1043/2321 1584/1067/2322 1564/1045/2323
f 1582/1065/2324 1584/1067/2325 1562/1043/2326
f 1610/1098/2327 1567/1048/2328 1569/1050/2329
f 1601/1085/2330 1567/1048/2331 1610/1098/2332
f 1608/1096/2333 1601/1085/2334 1610/1098/2335
f 1603/1087/2336 1601/1085/2337 1608/1096/2338
f 1604/1089/2339 1603/1087/2340 1608/1096/2339
f 1612/1100/2341 1606/1094/2342 811/1090/2343
f 1608/1096/2344 1606/1094/2345 1612/1100/2346
f 828/1101/2347 1608/1096/2348 1612/1100/2349
f 1604/1089/2350 1608/1096/2351 828/1101/2352
f 1611/1099/2353 1607/1095/2354 1609/1097/2355
f 1613/1102/2356 1607/1095/2357 1611/1099/2358
f 1614/1103/2359 1613/1102/2360 1611/1099/2361
f 752/1104/2362 1599/1083/2363 1600/1084/2364
f 1598/1082/2365 1599/1083/2365 752/1104/2365
f 781/1105/2366 1598/1082/2366 752/1104/2366
f 1615/1106/2367 1594/1078/2368 1596/1080/2369
f 1593/1077/2370 1594/1078/2371 1615/1106/2372
f 195/1107/2373 1593/1077/2374 1615/1106/2375
f 1616/1108/2376 213/1109/2377 211/1110/2378
f 1617/1111/2379 213/1109/2380 1616/1108/2381
f 1618/1112/2382 1617/1111/2383 1616/1108/2384
f 1619/1113/2385 1617/1111/2386 1618/1112/2387
f 1620/1114/2388 1619/1113/2389 1618/1112/2390
f 1621/1115/2391 1619/1113/2392 1620/1114/2393
f 201/1116/2394 1620/1114/2395 1618/1112/2396
f 1587/1070/2397 1589/1072/2398 1588/1071/2399
f 1622/1117/2400 1589/1072/2401 1587/1070/2402
f 1585/1068/2403 1622/1117/2404 1587/1070/2405
f 1623/1118/2406 1622/1117/2407 1585/1068/2408
f 1583/1066/2409 1623/1118/2410 1585/1068/2411
f 1624/1119/2412 1623/1118/2413 1583/1066/2414
f 214/1120/2415 1624/1119/2416 1583/1066/2417
f 1617/1111/2418 1624/1119/2419 214/1120/2420
f 213/1109/2421 1617/1111/2422 214/1120/2423
f 217/1064/2424 214/1120/2425 1583/1066/2426
f 1777/1121/2427 1625/1122/2427 202/1123/2427
f 1626/1124/2428 1625/1122/2428 1777/1121/2428
f 1627/1125/2429 1626/1124/2430 1777/1121/2431
f 1602/1086/2432 751/1126/2433 1600/1084/2434
f 831/1088/2435 751/1126/2436 1602/1086/2437
f 1597/1081/2438 1563/1044/2439 1565/1046/2440
f 1595/1079/2441 1563/1044/2442 1597/1081/2443
f 1561/1042/2444 1595/1079/2445 1559/1040/2446
f 1563/1044/2447 1595/1079/2448 1561/1042/2449
f 1578/1059/2450 848/1127/2451 847/1061/2452
f 1576/1057/2453 848/1127/2454 1578/1059/2455
f 1577/1058/2456 1573/1054/2457 1575/1056/2458
f 1628/1128/2459 1573/1054/2460 1577/1058/2461
f 1614/1103/2462 1573/1054/2463 1628/1128/2464
f 1629/1129/2465 1573/1054/2466 1614/1103/2467
f 1611/1099/2468 1629/1129/2469 1614/1103/2470
f 1571/1052/2471 1629/1129/2472 1611/1099/2473
f 1571/1052/2474 1573/1054/2475 1629/1129/2476
f 1576/1057/2477 857/1130/2478 848/1127/2479
f 859/1075/2480 857/1130/2481 1576/1057/2482
f 2303/1131/2483 1630/1132/2484 1631/1133/2485
f 1521/1134/2486 1630/1132/2487 2303/1131/2488
f 1619/1113/2489 1621/1115/2490 1632/1135/2491
f 1632/1135/2492 1617/1111/2493 1619/1113/2494
f 1624/1119/2495 1617/1111/2496 1632/1135/2497
f 1623/1118/2498 1624/1119/2499 1632/1135/2500
f 1613/1102/2501 1633/1136/2502 1607/1095/2503
f 1630/1132/2504 1633/1136/2505 1613/1102/2506
f 1614/1103/2507 1630/1132/2508 1613/1102/2509
f 1676/1137/2510 1630/1132/2511 1614/1103/2512
f 1678/1138/2513 1676/1137/2514 1614/1103/2515
f 1631/1133/2516 1676/1137/2517 1678/1138/2518
f 1634/1139/2519 1631/1133/2520 1678/1138/2521
f 1630/1132/2522 1676/1137/2523 1631/1133/2524
f 1678/1138/2525 2034/1140/2526 1634/1139/2527
f 1635/1141/2528 2034/1140/2529 1678/1138/2530
f 1628/1128/2531 1635/1141/2532 1678/1138/2533
f 1577/1058/2534 1635/1141/2535 1628/1128/2536
f 1614/1103/2537 1628/1128/2538 1678/1138/2539
f 1633/1136/2540 1605/1093/2541 1607/1095/2542
f 1926/1091/2543 1605/1093/2544 1633/1136/2545
f 1521/1134/2546 1926/1091/2547 1633/1136/2548
f 1630/1132/2549 1521/1134/2550 1633/1136/2551
f 1635/1141/2552 1580/1062/2553 2034/1140/2554
f 1579/1060/2555 1580/1062/2556 1635/1141/2557
f 1577/1058/2558 1579/1060/2559 1635/1141/2560
f 1625/1122/2561 1636/1142/2561 1621/1115/2561
f 1622/1117/2562 1636/1142/2562 1625/1122/2562
f 1626/1124/2563 1622/1117/2563 1625/1122/2563
f 1589/1072/2564 1622/1117/2565 1626/1124/2566
f 1627/1125/2567 1589/1072/2568 1626/1124/2569
f 1590/1073/2570 1589/1072/2571 1627/1125/2572
f 1637/1143/2573 1590/1073/2574 1627/1125/2575
f 1591/1074/2576 1590/1073/2577 1637/1143/2578
f 1592/1076/2579 1591/1074/2580 1637/1143/2581
f 1636/1142/2582 1632/1135/2583 1621/1115/2584
f 1623/1118/2585 1632/1135/2586 1636/1142/2587
f 1622/1117/2588 1623/1118/2589 1636/1142/2590
f 1638/1144/2591 1637/1143/2592 1627/1125/2593
f 1592/1076/2594 1637/1143/2595 1638/1144/2596
f 1639/1145/2597 1640/1146/2598 845/1147/2599
f 1641/1148/2600 1640/1146/2601 1639/1145/2602
f 1642/1149/2603 1641/1148/2604 1639/1145/2605
f 1643/1150/2606 1641/1148/2607 1642/1149/2608
f 1644/1151/2609 1643/1150/2610 1642/1149/2611
f 1645/1152/2612 1643/1150/2613 1644/1151/2614
f 1646/1153/2615 1645/1152/2616 1644/1151/2617
f 1647/1154/2618 1645/1152/2619 1646/1153/2620
f 1648/1155/2621 1647/1154/2622 1646/1153/2623
f 1649/1156/2624 1647/1154/2625 1648/1155/2626
f 1650/1157/2627 1649/1156/2628 1648/1155/2629
f 1651/1158/2630 1649/1156/2631 1650/1157/2632
f 1652/1159/2633 1651/1158/2634 1650/1157/2635
f 1653/1160/2636 1651/1158/2637 1652/1159/2638
f 1654/1161/2639 1653/1160/2640 1652/1159/2641
f 1655/1159/2642 1653/1160/2643 1654/1161/2644
f 1656/1162/2645 1655/1159/2646 1654/1161/2647
f 1657/1163/2648 1655/1159/2649 1656/1162/2650
f 1658/1164/2651 1657/1163/2652 1656/1162/2653
f 1659/1165/2654 1657/1163/2655 1658/1164/2656
f 1660/1166/2657 1661/1167/2658 1662/1168/2659
f 1663/1169/2660 1661/1167/2661 1660/1166/2662
f 1664/1170/2663 1663/1169/2664 1660/1166/2665
f 1665/1171/2666 1663/1169/2667 1664/1170/2668
f 1666/1172/2669 1665/1171/2670 1664/1170/2671
f 1667/1173/2672 1665/1171/2673 1666/1172/2674
f 1668/1149/2675 1667/1173/2676 1666/1172/2677
f 1669/1151/2678 1667/1173/2679 1668/1149/2680
f 1670/1150/2681 1669/1151/2682 1668/1149/2683
f 1671/1152/2684 1669/1151/2685 1670/1150/2686
f 1672/1174/2687 1671/1152/2688 1670/1150/2689
f 1673/1175/2690 1671/1152/2691 1672/1174/2692
f 1674/1176/2693 1673/1175/2694 1672/1174/2695
f 1675/1177/2696 1673/1175/2697 1674/1176/2698
f 1630/1178/2699 1675/1177/2700 1674/1176/2701
f 1676/1179/2702 1675/1177/2703 1630/1178/2704
f 1641/1148/2705 847/1180/2706 1640/1146/2707
f 1579/1181/2708 847/1180/2709 1641/1148/2710
f 1643/1150/2711 1579/1181/2712 1641/1148/2713
f 1635/1182/2714 1579/1181/2715 1643/1150/2716
f 1677/1174/2717 1635/1182/2718 1643/1150/2719
f 1678/1178/2720 1635/1182/2721 1677/1174/2722
f 1679/1176/2723 1678/1178/2724 1677/1174/2723
f 1675/1177/2725 1678/1178/2726 1679/1176/2727
f 1680/1175/2728 1675/1177/2729 1679/1176/2730
f 1681/1183/2731 1675/1177/2732 1680/1175/2733
f 1682/1184/2734 1681/1183/2735 1680/1175/2736
f 1683/1185/2737 1681/1183/2738 1682/1184/2739
f 1684/1186/2740 1683/1185/2740 1682/1184/2741
f 1685/1187/2742 1683/1185/2743 1684/1186/2743
f 1651/1158/2744 1685/1187/2745 1684/1186/2746
f 1653/1160/2747 1685/1187/2748 1651/1158/2749
f 1675/1177/2750 1676/1179/2751 1678/1178/2752
f 1663/1169/2753 1686/1188/2754 1661/1167/2755
f 1687/1189/2756 1686/1188/2757 1663/1169/2758
f 1665/1171/2759 1687/1189/2760 1663/1169/2761
f 1657/1163/2762 1687/1189/2763 1665/1171/2764
f 1717/1157/2765 1657/1163/2766 1665/1171/2767
f 1655/1159/2768 1657/1163/2769 1717/1157/2770
f 1688/1158/2771 1655/1159/2772 1717/1157/2773
f 1653/1160/2774 1655/1159/2775 1688/1158/2776
f 1685/1187/2777 1653/1160/2778 1688/1158/2779
f 1652/1159/2780 1689/1162/2781 1654/1161/2782
f 1690/1163/2783 1689/1162/2784 1652/1159/2785
f 1650/1157/2786 1690/1163/2787 1652/1159/2788
f 1691/1171/2789 1690/1163/2790 1650/1157/2791
f 1648/1155/2792 1691/1171/2793 1650/1157/2794
f 1692/1190/2795 1691/1171/2796 1648/1155/2797
f 1646/1153/2798 1692/1190/2799 1648/1155/2800
f 1644/1151/2801 1692/1190/2802 1646/1153/2803
f 1690/1163/2804 1693/1164/2805 1689/1162/2806
f 1694/1165/2807 1693/1164/2808 1690/1163/2809
f 1695/1189/2810 1694/1165/2811 1690/1163/2812
f 1696/1188/2813 1694/1165/2814 1695/1189/2815
f 1697/1169/2816 1696/1188/2817 1695/1189/2818
f 1698/1167/2819 1696/1188/2820 1697/1169/2821
f 1699/1166/2822 1698/1167/2823 1697/1169/2824
f 1700/1168/2825 1698/1167/2826 1699/1166/2827
f 1672/1174/2828 1630/1178/2829 1674/1176/2830
f 1633/1182/2831 1630/1178/2832 1672/1174/2833
f 1670/1150/2834 1633/1182/2835 1672/1174/2836
f 1605/1181/2837 1633/1182/2838 1670/1150/2839
f 1701/1148/2840 1605/1181/2841 1670/1150/2842
f 811/1180/2843 1605/1181/2844 1701/1148/2845
f 810/1146/2846 811/1180/2847 1701/1148/2848
f 1684/1186/2849 1649/1156/2850 1651/1158/2851
f 1647/1154/2852 1649/1156/2853 1684/1186/2854
f 1682/1184/2855 1647/1154/2856 1684/1186/2857
f 1645/1152/2858 1647/1154/2859 1682/1184/2860
f 1680/1175/2861 1645/1152/2861 1682/1184/2862
f 1677/1174/2863 1645/1152/2864 1680/1175/2865
f 1679/1176/2866 1677/1174/2867 1680/1175/2868
f 1643/1150/2869 1645/1152/2870 1677/1174/2871
f 1675/1177/2872 1681/1183/2873 1673/1175/2874
f 1702/1184/2875 1673/1175/2876 1681/1183/2877
f 1683/1185/2878 1702/1184/2879 1681/1183/2880
f 1703/1186/2881 1702/1184/2882 1683/1185/2881
f 1685/1187/2883 1703/1186/2884 1683/1185/2884
f 1688/1158/2885 1703/1186/2886 1685/1187/2885
f 1702/1184/2887 1671/1152/2888 1673/1175/2889
f 1704/1154/2890 1671/1152/2891 1702/1184/2892
f 1703/1186/2893 1704/1154/2894 1702/1184/2895
f 1705/1156/2896 1704/1154/2897 1703/1186/2898
f 1688/1158/2899 1705/1156/2900 1703/1186/2901
f 1717/1157/2902 1705/1156/2903 1688/1158/2904
f 1706/1191/2905 1664/1170/2906 1660/1166/2907
f 1666/1172/2908 1664/1170/2909 1706/1191/2910
f 1707/1192/2911 1666/1172/2912 1706/1191/2913
f 1668/1149/2914 1666/1172/2915 1707/1192/2916
f 1708/1193/2917 1668/1149/2918 1707/1192/2919
f 1709/1145/2920 1668/1149/2921 1708/1193/2922
f 1710/1155/2923 1705/1156/2924 1717/1157/2925
f 1704/1154/2926 1705/1156/2927 1710/1155/2928
f 1711/1153/2929 1704/1154/2930 1710/1155/2931
f 1671/1152/2932 1704/1154/2933 1711/1153/2934
f 1669/1151/2935 1671/1152/2936 1711/1153/2937
f 1691/1171/2938 1695/1189/2939 1690/1163/2940
f 1697/1169/2941 1695/1189/2942 1691/1171/2943
f 1712/1170/2944 1697/1169/2945 1691/1171/2946
f 1699/1166/2947 1697/1169/2948 1712/1170/2949
f 1713/1191/2950 1699/1166/2951 1712/1170/2952
f 1642/1149/2953 1692/1190/2954 1644/1151/2955
f 1714/1172/2956 1692/1190/2957 1642/1149/2958
f 1715/1192/2959 1714/1172/2960 1642/1149/2961
f 1713/1191/2962 1714/1172/2963 1715/1192/2964
f 1714/1172/2965 1691/1171/2966 1692/1190/2967
f 1712/1170/2968 1691/1171/2969 1714/1172/2970
f 1713/1191/2971 1712/1170/2972 1714/1172/2973
f 1659/1165/2974 1687/1189/2975 1657/1163/2976
f 1686/1188/2977 1687/1189/2978 1659/1165/2979
f 1711/1153/2980 1667/1173/2981 1669/1151/2982
f 1710/1155/2983 1667/1173/2984 1711/1153/2985
f 810/1146/2986 1709/1145/2987 1716/1147/2988
f 1701/1148/2989 1709/1145/2990 810/1146/2991
f 1701/1148/2992 1668/1149/2993 1709/1145/2994
f 1670/1150/2995 1668/1149/2996 1701/1148/2997
f 1710/1155/2998 1665/1171/2999 1667/1173/3000
f 1717/1194/3001 1665/1171/3002 1710/1155/3003
f 1718/1193/3004 1642/1149/3005 1639/1145/3006
f 1715/1192/3007 1642/1149/3008 1718/1193/3009
f 478/1195/3010 417/1196/3010 419/1197/3010
f 153/1198/3011 417/1196/3011 478/1195/3011
f 428/1199/3012 153/1198/3012 478/1195/3012
f 464/1200/3013 153/1198/3013 428/1199/3013
f 464/1200/3014 459/1201/3015 153/1198/3016
f 464/1200/3017 466/1202/3018 459/1201/3019
f 244/1203/3020 324/1204/3020 1720/1205/3020
f 154/1206/3021 324/1204/3021 244/1203/3021
f 257/1207/3022 154/1206/3022 244/1203/3022
f 323/1208/3023 154/1206/3024 257/1207/3024
f 251/1209/3025 323/1208/3026 257/1207/3027
f 1741/1210/3028 251/1209/3029 257/1207/3028
f 778/1203/3030 197/1211/3030 238/1205/3030
f 198/1212/3031 197/1211/3031 778/1203/3031
f 770/1206/3032 198/1212/3033 778/1203/3034
f 781/1207/3035 770/1206/3036 778/1203/3037
f 752/1213/3038 770/1206/3039 781/1207/3040
f 752/1213/3041 782/1208/3042 770/1206/3043
f 752/1213/3044 239/1214/3045 782/1208/3046
f 752/1213/3047 240/1215/3048 239/1214/3049
f 751/1216/3050 752/1213/3051 241/1210/3052
f 240/1215/3053 752/1213/3054 751/1216/3055
f 1777/1200/3056 1638/1202/3057 477/1210/3058
f 861/1217/3059 1638/1202/3060 1777/1200/3061
f 1816/1201/3062 861/1217/3063 1777/1200/3064
f 1777/1200/3065 843/1218/3066 1816/1201/3067
f 1821/1198/3068 843/1218/3069 1777/1200/3070
f 202/1199/3071 1821/1198/3072 1777/1200/3071
f 1774/1195/3073 1821/1198/3074 202/1199/3075
f 1774/1195/3076 476/1219/3077 1821/1198/3078
f 242/1220/3079 476/1219/3079 1774/1195/3079
f 243/1197/3080 242/1220/3080 1774/1195/3080
f 227/1221/3081 479/1222/3081 480/1223/3081
f 228/1224/3082 479/1222/3083 227/1221/3083
f 226/1225/3084 228/1224/3085 227/1221/3086
f 225/1226/3087 228/1224/3088 226/1225/3089
f 481/1227/3090 237/1228/3091 233/1229/3092
f 482/1230/3093 237/1228/3094 481/1227/3095
f 486/1231/3096 482/1230/3097 481/1227/3098
f 230/1232/3099 482/1230/3100 486/1231/3101
f 225/1226/3102 485/1233/3103 228/1224/3104
f 229/1234/3105 485/1233/3106 225/1226/3107
f 236/1235/3108 229/1234/3109 225/1226/3110
f 235/1236/3111 229/1234/3112 236/1235/3113
f 230/1232/3114 235/1236/3115 482/1230/3116
f 229/1234/3117 235/1236/3118 230/1232/3119
f 1580/1237/3120 846/1238/3121 1581/1239/3122
f 2301/1240/3123 846/1238/3124 1580/1237/3125
f 2034/1241/3126 2301/1240/3127 1580/1237/3128
f 1634/1242/3129 2301/1240/3130 2034/1241/3131
f 1634/1242/3132 2302/1243/3133 2301/1240/3134
f 837/1244/3135 2302/1243/3136 1634/1242/3137
f 1631/1245/3138 837/1244/3139 1634/1242/3140
f 2303/1246/3141 837/1244/3142 1631/1245/3143
f 2303/1246/3144 836/1247/3145 837/1244/3145
f 838/1248/3146 836/1247/3147 2303/1246/3148
f 1521/1249/3149 838/1248/3150 2303/1246/3149
f 1926/1250/3151 838/1248/3152 1521/1249/3153
f 1970/1251/3154 1926/1250/3155 1971/1252/3156
f 838/1248/3157 1926/1250/3158 1970/1251/3159
f 1844/1253/3160 1850/1254/3160 1939/1255/3160
f 1844/1253/3161 1939/1255/3161 1845/1256/3161
f 1848/1257/3162 1845/1256/3162 1939/1255/3162
f 1849/1258/3163 1848/1257/3163 1939/1255/3163
f 1938/1259/3164 1849/1258/3164 1939/1255/3164
f 1857/1260/3165 1849/1258/3165 1938/1259/3165
f 1859/1261/3166 1857/1260/3166 1938/1259/3166
f 2855/1262/3167 1851/1263/3167 1852/1264/3167
f 2017/1265/3168 1998/1266/3168 2001/1267/3168
f 1855/1268/3169 1998/1266/3169 2017/1265/3169
f 2855/1262/3170 1855/1268/3170 2017/1265/3170
f 2855/1262/3171 1853/1269/3171 1855/1268/3171
f 2855/1262/3172 1856/1270/3172 1853/1269/3172
f 2855/1262/3173 1852/1264/3173 1856/1270/3173
f 244/1271/3174 245/1272/3175 257/1273/3176
f 246/1274/3177 245/1272/3178 244/1271/3179
f 1720/1275/3180 246/1274/3181 244/1271/3182
f 247/1276/3183 246/1274/3184 1720/1275/3185
f 248/1277/3186 247/1276/3187 1720/1275/3188
f 324/1278/3189 248/1277/3190 1720/1275/3191
f 249/1279/3192 248/1277/3193 324/1278/3194
f 154/1280/3195 249/1279/3196 324/1278/3197
f 250/1281/3198 249/1279/3199 154/1280/3200
f 323/1282/3201 250/1281/3202 154/1280/3203
f 251/1283/3204 250/1281/3205 323/1282/3206
f 251/1283/3207 252/1284/3208 250/1281/3209
f 253/1285/3210 252/1284/3211 251/1283/3212
f 1741/1286/3213 253/1285/3214 251/1283/3215
f 254/1287/3216 253/1285/3217 1741/1286/3218
f 255/1288/3219 254/1287/3220 1741/1286/3221
f 1741/1286/3222 256/1289/3223 255/1288/3224
f 257/1290/3225 256/1289/3226 1741/1286/3227
f 258/1291/3228 693/1292/3229 745/1293/3230
f 746/1294/3231 693/1292/3232 258/1291/3233
f 720/1295/3234 746/1294/3235 258/1291/3236
f 258/1291/3237 744/1296/3238 720/1295/3239
f 726/1297/3240 744/1296/3240 258/1291/3241
f 727/1298/3242 726/1297/3243 258/1291/3244
f 259/1299/3245 258/1291/3246 745/1293/3247
f 727/1298/3248 258/1291/3249 259/1299/3250
f 692/1300/3251 693/1301/3252 746/1302/3253
f 694/1303/3254 693/1301/3255 692/1300/3256
f 695/1304/3257 694/1303/3258 692/1300/3259
f 696/1305/3260 694/1303/3261 695/1304/3262
f 697/1306/3263 696/1305/3264 695/1304/3265
f 698/1307/3266 696/1305/3267 697/1306/3268
f 699/1308/3269 698/1307/3270 697/1306/3271
f 700/1309/3272 698/1307/3273 699/1308/3274
f 701/1310/3275 700/1309/3276 699/1308/3277
f 702/1311/3278 700/1309/3279 701/1310/3280
f 703/1312/3281 702/1311/3282 701/1310/3283
f 704/1313/3284 702/1311/3285 703/1312/3286
f 705/1314/3287 704/1313/3288 703/1312/3289
f 706/1315/3290 704/1313/3291 705/1314/3292
f 707/1316/3293 704/1313/3294 706/1315/3295
f 708/1317/3296 704/1313/3297 707/1316/3298
f 709/1318/3299 708/1317/3300 707/1316/3301
f 710/1319/3302 708/1317/3303 709/1318/3304
f 711/1320/3305 710/1319/3306 709/1318/3307
f 712/1321/3308 710/1319/3309 711/1320/3310
f 713/1322/3311 712/1321/3312 711/1320/3313
f 714/1323/3314 712/1321/3315 713/1322/3316
f 715/1324/3317 714/1323/3318 713/1322/3319
f 716/1325/3320 714/1323/3321 715/1324/3322
f 717/1326/3323 716/1325/3324 715/1324/3325
f 718/1327/3326 716/1325/3327 717/1326/3328
f 719/1328/3329 718/1327/3330 717/1326/3331
f 720/1329/3332 718/1327/3333 719/1328/3334
f 714/1323/3335 710/1319/3336 712/1321/3337
f 721/1330/3338 710/1319/3339 714/1323/3340
f 722/1331/3341 721/1330/3342 714/1323/3343
f 723/1332/3344 721/1330/3345 722/1331/3346
f 724/1333/3347 723/1332/3348 722/1331/3349
f 725/1334/3350 723/1332/3351 724/1333/3352
f 726/1335/3353 725/1334/3354 724/1333/3355
f 727/1336/3356 725/1334/3357 726/1335/3358
f 701/1310/3359 705/1314/3360 703/1312/3361
f 728/1337/3362 705/1314/3363 701/1310/3364
f 729/1338/3365 728/1337/3366 701/1310/3367
f 730/1339/3368 728/1337/3369 729/1338/3370
f 731/1340/3371 730/1339/3372 729/1338/3373
f 732/1341/3374 730/1339/3375 731/1340/3376
f 733/1342/3377 732/1341/3378 731/1340/3379
f 734/1343/3380 732/1341/3381 733/1342/3382
f 259/1344/3383 725/1334/3384 727/1336/3385
f 735/1345/3386 725/1334/3387 259/1344/3388
f 736/1346/3389 735/1345/3390 259/1344/3391
f 737/1347/3392 735/1345/3393 736/1346/3394
f 694/1303/3395 737/1347/3396 736/1346/3397
f 738/1348/3398 737/1347/3399 694/1303/3400
f 696/1305/3401 738/1348/3402 694/1303/3403
f 698/1307/3404 738/1348/3405 696/1305/3406
f 735/1345/3407 723/1332/3408 725/1334/3409
f 739/1349/3410 723/1332/3411 735/1345/3412
f 737/1347/3413 739/1349/3414 735/1345/3415
f 740/1350/3416 739/1349/3417 737/1347/3418
f 698/1307/3419 740/1350/3420 737/1347/3421
f 700/1309/3422 740/1350/3423 698/1307/3424
f 738/1348/3425 698/1307/3426 737/1347/3427
f 702/1311/3428 740/1350/3429 700/1309/3430
f 741/1351/3431 740/1350/3432 702/1311/3433
f 742/1352/3434 741/1351/3435 702/1311/3436
f 721/1330/3437 741/1351/3438 742/1352/3439
f 743/1353/3440 721/1330/3441 742/1352/3442
f 710/1319/3443 721/1330/3444 743/1353/3445
f 708/1317/3446 710/1319/3447 743/1353/3448
f 716/1325/3449 722/1331/3450 714/1323/3451
f 724/1333/3452 722/1331/3453 716/1325/3454
f 718/1327/3455 724/1333/3456 716/1325/3457
f 726/1335/3458 724/1333/3459 718/1327/3460
f 744/1354/3461 726/1335/3462 718/1327/3463
f 720/1329/3464 744/1354/3465 718/1327/3466
f 741/1351/3467 739/1349/3468 740/1350/3469
f 723/1332/3470 739/1349/3471 741/1351/3472
f 721/1330/3473 723/1332/3474 741/1351/3475
f 742/1352/3476 708/1317/3477 743/1353/3478
f 704/1313/3479 708/1317/3480 742/1352/3481
f 702/1311/3482 704/1313/3483 742/1352/3484
f 736/1346/3485 693/1301/3486 694/1303/3487
f 745/1355/3488 693/1301/3489 736/1346/3490
f 259/1344/3491 745/1355/3492 736/1346/3493
f 747/1356/3494 695/1304/3495 692/1300/3496
f 748/1357/3497 695/1304/3498 747/1356/3499
f 720/1329/3500 692/1358/3501 746/1359/3502
f 719/1328/3503 692/1358/3504 720/1329/3505
f 717/1326/3506 692/1358/3507 719/1328/3508
f 747/1360/3509 692/1358/3510 717/1326/3511
f 715/1324/3512 747/1360/3513 717/1326/3514
f 748/1361/3515 747/1360/3516 715/1324/3517
f 749/1362/3518 748/1361/3519 715/1324/3520
f 750/1363/3521 241/1364/3522 751/1365/3523
f 752/1366/3524 241/1364/3525 750/1363/3526
f 750/1363/3527 732/1341/3528 734/1343/3529
f 751/1365/3530 732/1341/3531 750/1363/3532
f 709/1318/3533 753/1367/3534 711/1320/3535
f 707/1316/3536 753/1367/3537 709/1318/3538
f 706/1315/3539 753/1367/3540 707/1316/3541
f 754/1368/3542 753/1367/3543 706/1315/3544
f 755/1369/3545 754/1368/3546 706/1315/3547
f 756/1370/3548 754/1368/3549 755/1369/3550
f 757/1371/3551 756/1370/3552 755/1369/3552
f 758/1372/3553 756/1370/3554 757/1371/3555
f 759/1373/3556 758/1372/3557 757/1371/3558
f 239/1374/3559 758/1372/3560 759/1373/3561
f 240/1375/3562 239/1374/3563 759/1373/3564
f 705/1314/3565 755/1369/3566 706/1315/3566
f 760/1376/3567 755/1369/3568 705/1314/3569
f 728/1337/3570 760/1376/3571 705/1314/3572
f 730/1339/3573 760/1376/3574 728/1337/3575
f 759/1373/3576 751/1365/3577 240/1375/3578
f 732/1341/3579 751/1365/3580 759/1373/3581
f 730/1339/3582 732/1341/3583 759/1373/3584
f 757/1371/3585 730/1339/3586 759/1373/3587
f 760/1376/3588 730/1339/3589 757/1371/3590
f 755/1369/3591 760/1376/3592 757/1371/3593
f 761/1377/3594 733/1378/3595 784/1379/3596
f 762/1380/3597 733/1378/3598 761/1377/3599
f 711/1320/3600 762/1380/3601 761/1377/3602
f 763/1381/3603 762/1380/3604 711/1320/3605
f 753/1367/3606 763/1381/3607 711/1320/3608
f 764/1382/3609 763/1381/3610 753/1367/3611
f 765/1383/3612 764/1382/3613 753/1367/3614
f 766/1384/3615 764/1382/3616 765/1383/3617
f 767/1385/3618 766/1384/3619 765/1383/3620
f 768/1386/3621 766/1384/3622 767/1385/3623
f 769/1387/3624 768/1386/3625 767/1385/3626
f 198/1388/3627 768/1386/3628 769/1387/3629
f 770/1389/3630 198/1388/3631 769/1387/3632
f 762/1380/3633 734/1390/3634 733/1378/3635
f 771/1391/3636 734/1390/3637 762/1380/3638
f 763/1381/3639 771/1391/3640 762/1380/3640
f 772/1392/3641 771/1391/3642 763/1381/3643
f 764/1382/3644 772/1392/3645 763/1381/3646
f 766/1384/3647 772/1392/3648 764/1382/3649
f 771/1391/3650 773/1393/3651 734/1390/3652
f 774/1394/3653 773/1393/3654 771/1391/3655
f 775/1395/3656 774/1394/3657 771/1391/3658
f 776/1396/3659 774/1394/3660 775/1395/3661
f 777/1397/3662 776/1396/3663 775/1395/3664
f 778/1398/3665 776/1396/3666 777/1397/3667
f 779/1399/3668 778/1398/3669 777/1397/3670
f 238/1400/3671 778/1398/3672 779/1399/3673
f 197/1401/3674 238/1400/3675 779/1399/3676
f 749/1362/3677 761/1377/3678 784/1379/3679
f 780/1402/3680 761/1377/3681 749/1362/3682
f 715/1324/3683 780/1402/3684 749/1362/3685
f 713/1322/3686 780/1402/3687 715/1324/3688
f 781/1403/3689 776/1396/3690 778/1398/3691
f 774/1394/3692 776/1396/3693 781/1403/3694
f 752/1404/3695 774/1394/3696 781/1403/3697
f 773/1393/3698 774/1394/3699 752/1404/3700
f 775/1395/3701 779/1399/3702 777/1397/3703
f 766/1384/3704 779/1399/3705 775/1395/3706
f 772/1392/3707 766/1384/3708 775/1395/3709
f 771/1391/3710 772/1392/3711 775/1395/3712
f 768/1386/3713 779/1399/3714 766/1384/3715
f 197/1401/3716 779/1399/3717 768/1386/3718
f 198/1388/3719 197/1401/3720 768/1386/3721
f 713/1322/3722 761/1377/3723 780/1402/3724
f 711/1320/3725 761/1377/3726 713/1322/3727
f 754/1368/3728 765/1383/3729 753/1367/3730
f 756/1370/3731 765/1383/3732 754/1368/3733
f 758/1372/3734 765/1383/3735 756/1370/3736
f 239/1374/3737 765/1383/3738 758/1372/3739
f 782/1405/3740 765/1383/3741 239/1374/3742
f 767/1385/3743 765/1383/3744 782/1405/3745
f 769/1387/3746 767/1385/3747 782/1405/3748
f 770/1389/3749 769/1387/3750 782/1405/3751
f 783/1406/3752 784/1407/3753 733/1342/3754
f 749/1408/3755 784/1407/3756 783/1406/3757
f 785/1409/3758 749/1408/3759 783/1406/3760
f 748/1357/3761 749/1408/3762 785/1409/3763
f 786/1410/3764 748/1357/3765 785/1409/3766
f 695/1304/3767 748/1357/3768 786/1410/3769
f 697/1306/3770 695/1304/3771 786/1410/3772
f 731/1340/3773 783/1406/3774 733/1342/3775
f 787/1411/3776 783/1406/3777 731/1340/3778
f 729/1338/3779 787/1411/3780 731/1340/3781
f 701/1310/3782 787/1411/3783 729/1338/3784
f 699/1308/3785 787/1411/3786 701/1310/3787
f 788/1412/3788 787/1411/3789 699/1308/3790
f 697/1306/3791 788/1412/3792 699/1308/3793
f 786/1410/3794 788/1412/3795 697/1306/3796
f 788/1412/3797 783/1406/3798 787/1411/3799
f 785/1409/3800 783/1406/3801 788/1412/3802
f 786/1410/3803 785/1409/3804 788/1412/3805
f 155/1413/3806 156/1414/3806 157/1415/3806
f 158/1416/3807 156/1414/3807 155/1413/3807
f 172/1417/3808 159/1418/3809 160/1419/3810
f 161/1420/3811 159/1418/3812 172/1417/3813
f 162/1421/3814 163/1422/3815 164/1423/3816
f 165/1424/3817 163/1422/3818 162/1421/3819
f 166/1425/3820 167/1415/3821 168/1426/3822
f 169/1420/3823 167/1415/3824 166/1425/3825
f 171/1427/3826 163/1422/3827 1730/1428/3828
f 164/1423/3829 163/1422/3830 171/1427/3831
f 161/1420/3832 155/1413/3832 157/1415/3832
f 172/1417/3833 155/1413/3833 161/1420/3833
f 170/1429/3834 165/1424/3835 162/1421/3836
f 284/1430/3837 165/1424/3838 170/1429/3839
f 169/1420/3840 171/1427/3841 159/1418/3842
f 166/1425/3843 171/1427/3844 169/1420/3845
f 284/1430/3846 171/1431/3847 1730/1432/3848
f 170/1429/3849 171/1431/3850 284/1430/3851
f 160/1433/3852 155/1434/3852 172/1435/3852
f 158/1416/3853 155/1434/3853 160/1433/3853
f 167/1415/3854 170/1429/3855 168/1426/3856
f 156/1414/3857 170/1429/3858 167/1415/3859
f 160/1433/3860 156/1414/3860 158/1416/3860
f 159/1436/3861 156/1414/3862 160/1433/3863
f 159/1436/3864 170/1429/3865 156/1414/3866
f 171/1431/3867 170/1429/3868 159/1436/3869
f 176/1437/3870 190/1438/3871 1730/1439/3872
f 176/1437/3873 177/1440/3874 190/1438/3875
f 178/1441/3876 179/1442/3877 180/1443/3878
f 277/1444/3879 179/1442/3880 178/1441/3881
f 176/1437/3882 178/1441/3883 177/1440/3884
f 180/1443/3885 177/1440/3886 178/1441/3887
f 181/1445/3888 182/1446/3888 192/1447/3888
f 183/1448/3889 182/1446/3889 181/1445/3889
f 184/1449/3890 185/1450/3891 186/1451/3892
f 187/1452/3893 185/1450/3894 184/1449/3895
f 188/1453/3896 183/1448/3896 181/1445/3896
f 189/1454/3897 183/1448/3897 188/1453/3897
f 190/1455/3898 189/1454/3899 188/1453/3900
f 1730/1456/3901 179/1442/3902 277/1444/3903
f 190/1455/3904 179/1442/3905 1730/1456/3906
f 188/1453/3907 179/1442/3908 190/1455/3909
f 188/1453/3910 185/1450/3911 179/1442/3912
f 186/1451/3913 185/1450/3914 188/1453/3915
f 182/1457/3916 191/1458/3917 192/1459/3918
f 193/1460/3919 191/1458/3920 182/1457/3921
f 192/1459/3922 188/1453/3922 181/1445/3922
f 191/1458/3923 188/1453/3924 192/1459/3925
f 182/1457/3926 189/1461/3927 193/1460/3928
f 183/1462/3929 189/1461/3929 182/1457/3929
f 184/1449/3930 190/1438/3931 187/1452/3932
f 189/1461/3933 190/1438/3934 184/1449/3935
f 260/1463/3936 261/1464/3937 262/1465/3938
f 263/1466/3939 261/1464/3940 260/1463/3941
f 264/1467/3942 261/1464/3943 263/1466/3944
f 265/1468/3945 261/1464/3946 264/1467/3947
f 266/1469/3948 267/1470/3949 268/1471/3950
f 269/1472/3951 267/1470/3952 266/1469/3953
f 264/1467/3954 270/1473/3955 265/1468/3956
f 271/1474/3957 270/1473/3958 264/1467/3959
f 267/1470/3960 271/1474/3961 268/1471/3962
f 272/1475/3963 271/1474/3964 267/1470/3965
f 278/1476/3966 262/1465/3967 273/1477/3968
f 274/1478/3969 262/1465/3969 278/1476/3969
f 279/1479/3970 270/1473/3970 275/1480/3970
f 276/1481/3971 270/1473/3971 279/1479/3971
f 277/1482/3972 271/1474/3973 272/1475/3974
f 260/1483/3975 271/1474/3976 277/1482/3977
f 260/1483/3978 270/1473/3979 271/1474/3980
f 262/1484/3981 270/1473/3982 260/1483/3983
f 274/1485/3984 270/1473/3984 262/1484/3984
f 275/1480/3985 270/1473/3985 274/1485/3985
f 260/1463/3986 269/1472/3987 266/1469/3988
f 277/1486/3989 269/1472/3990 260/1463/3991
f 276/1481/3992 278/1476/3993 273/1477/3994
f 279/1479/3995 278/1476/3995 276/1481/3995
f 275/1480/3996 278/1487/3996 279/1488/3996
f 274/1485/3997 278/1487/3997 275/1480/3997
f 280/1489/3998 281/1490/3999 287/1491/4000
f 282/1492/4001 281/1490/4002 280/1489/4003
f 1726/1493/4004 283/1494/4005 284/1495/4006
f 288/1496/4007 283/1494/4008 1726/1493/4009
f 285/1497/4010 281/1498/4011 286/1499/4012
f 287/1500/4013 281/1498/4014 285/1497/4015
f 288/1501/4016 289/1502/4017 290/1503/4018
f 1726/1504/4019 289/1502/4020 288/1501/4021
f 291/1505/4022 288/1501/4023 292/1506/4024
f 281/1498/4025 288/1501/4026 291/1505/4027
f 285/1497/4028 293/1507/4029 296/1508/4030
f 286/1499/4031 293/1507/4032 285/1497/4033
f 294/1509/4034 283/1494/4035 295/1510/4036
f 284/1495/4037 283/1494/4038 294/1509/4039
f 280/1489/4040 285/1511/4041 296/1512/4042
f 287/1491/4043 285/1511/4044 280/1489/4045
f 290/1503/4046 294/1509/4047 295/1510/4048
f 289/1502/4049 294/1509/4050 290/1503/4051
f 291/1505/4052 297/1513/4053 298/1514/4054
f 292/1506/4055 297/1513/4056 291/1505/4057
f 282/1492/4058 288/1496/4059 281/1490/4060
f 283/1494/4061 288/1496/4062 282/1492/4063
f 282/1492/4064 296/1508/4065 293/1507/4066
f 280/1489/4067 296/1508/4068 282/1492/4069
f 297/1513/4070 282/1492/4071 298/1514/4072
f 283/1494/4073 282/1492/4074 297/1513/4075
f 1724/1515/4076 299/1516/4077 1723/1517/4078
f 300/1518/4079 299/1516/4080 1724/1515/4081
f 1744/1519/4082 300/1518/4083 1724/1515/4084
f 301/1520/4085 300/1518/4086 1744/1519/4087
f 302/1521/4088 301/1520/4089 1744/1519/4090
f 303/1522/4091 302/1521/4092 1744/1519/4093
f 316/1523/4094 321/1524/4094 304/1525/4094
f 305/1526/4095 321/1524/4095 316/1523/4095
f 318/1527/4096 305/1526/4097 316/1523/4098
f 306/1528/4099 305/1526/4100 318/1527/4101
f 1735/1529/4102 302/1521/4103 303/1522/4104
f 307/1530/4105 302/1521/4106 1735/1529/4107
f 1732/1531/4108 307/1530/4109 1735/1529/4110
f 308/1532/4111 307/1530/4112 1732/1531/4113
f 309/1533/4114 308/1532/4115 1732/1531/4116
f 1723/1534/4117 308/1532/4118 309/1533/4119
f 310/1535/4120 302/1521/4121 307/1530/4122
f 301/1520/4123 302/1521/4124 310/1535/4125
f 311/1536/4126 301/1520/4127 310/1535/4128
f 312/1537/4129 301/1520/4130 311/1536/4131
f 313/1538/4132 312/1537/4133 311/1536/4134
f 314/1539/4135 313/1538/4136 311/1536/4137
f 320/1540/4138 313/1538/4138 314/1539/4138
f 315/1541/4139 320/1540/4139 314/1539/4139
f 314/1539/4140 304/1542/4140 315/1541/4140
f 316/1543/4141 304/1542/4141 314/1539/4141
f 317/1544/4142 316/1543/4143 314/1539/4144
f 318/1545/4145 316/1543/4146 317/1544/4147
f 299/1546/4148 318/1545/4149 317/1544/4150
f 301/1520/4151 319/1528/4152 300/1518/4153
f 312/1537/4154 319/1528/4155 301/1520/4156
f 313/1538/4157 319/1528/4158 312/1537/4159
f 305/1526/4160 319/1528/4161 313/1538/4162
f 321/1524/4163 305/1526/4163 313/1538/4163
f 320/1540/4164 321/1524/4164 313/1538/4164
f 304/1542/4165 320/1547/4165 315/1541/4165
f 321/1548/4166 320/1547/4166 304/1542/4166
f 318/1527/4167 300/1518/4168 319/1528/4169
f 299/1516/4170 300/1518/4171 318/1527/4172
f 311/1536/4173 317/1544/4174 314/1539/4175
f 310/1535/4176 317/1544/4177 311/1536/4178
f 322/1549/4179 1723/1534/4180 299/1546/4181
f 308/1532/4182 1723/1534/4183 322/1549/4184
f 307/1530/4185 308/1532/4186 322/1549/4187
f 322/1549/4188 310/1535/4189 307/1530/4190
f 317/1544/4191 310/1535/4192 322/1549/4193
f 299/1546/4194 317/1544/4195 322/1549/4196
f 348/1550/4197 343/1551/4198 344/1552/4199
f 345/1553/4200 343/1551/4201 348/1550/4202
f 346/1554/4203 345/1553/4204 348/1550/4205
f 347/1555/4206 345/1553/4207 346/1554/4208
f 471/1556/4209 347/1555/4210 346/1554/4211
f 423/1557/4212 347/1555/4213 471/1556/4214
f 348/1558/4215 349/1559/4216 350/1560/4217
f 344/1561/4218 349/1559/4219 348/1558/4220
f 351/1562/4221 346/1563/4222 352/1564/4223
f 471/1565/4224 346/1563/4225 351/1562/4226
f 346/1563/4227 353/1566/4228 354/1567/4229
f 348/1558/4230 353/1566/4231 346/1563/4232
f 355/1568/4233 349/1559/4234 358/1569/4235
f 350/1560/4236 349/1559/4237 355/1568/4238
f 347/1555/4239 356/1570/4240 357/1571/4241
f 423/1557/4242 356/1570/4243 347/1555/4244
f 349/1572/4245 343/1551/4246 358/1573/4247
f 344/1552/4248 343/1551/4249 349/1572/4250
f 356/1570/4251 352/1564/4252 357/1571/4253
f 351/1562/4254 352/1564/4255 356/1570/4256
f 359/1574/4257 353/1566/4258 360/1575/4259
f 354/1567/4260 353/1566/4261 359/1574/4262
f 358/1569/4263 345/1553/4264 355/1568/4265
f 343/1551/4266 345/1553/4267 358/1569/4268
f 345/1553/4269 359/1574/4270 360/1575/4271
f 347/1555/4272 359/1574/4273 345/1553/4274
f 361/1576/4275 362/1577/4276 363/1578/4277
f 364/1579/4278 363/1578/4279 362/1577/4280
f 365/1580/4281 366/1581/4282 367/1582/4283
f 427/1583/4284 366/1581/4285 365/1580/4286
f 364/1579/4287 366/1581/4288 363/1578/4289
f 367/1582/4290 366/1581/4291 364/1579/4292
f 365/1580/4293 361/1584/4294 427/1583/4295
f 362/1585/4296 361/1584/4297 365/1580/4298
f 368/1586/4299 362/1585/4300 365/1580/4301
f 379/1587/4302 362/1585/4303 368/1586/4304
f 369/1588/4305 379/1587/4305 368/1586/4305
f 370/1589/4306 369/1588/4306 368/1586/4306
f 371/1590/4307 370/1589/4307 377/1591/4307
f 369/1588/4308 370/1589/4308 371/1590/4308
f 372/1592/4309 373/1593/4310 374/1594/4311
f 375/1595/4312 373/1593/4313 372/1592/4314
f 372/1592/4315 368/1586/4316 365/1580/4317
f 374/1594/4318 368/1586/4319 372/1592/4320
f 376/1596/4321 371/1597/4322 377/1598/4323
f 378/1599/4324 371/1597/4325 376/1596/4326
f 368/1586/4327 377/1598/4327 370/1589/4327
f 376/1596/4328 377/1598/4329 368/1586/4330
f 379/1600/4331 371/1597/4331 378/1599/4332
f 369/1601/4333 371/1597/4333 379/1600/4333
f 362/1577/4334 373/1593/4335 375/1595/4336
f 379/1600/4337 373/1593/4338 362/1577/4339
f 380/1602/4340 390/1603/4341 392/1604/4342
f 381/1605/4343 390/1603/4344 380/1602/4345
f 380/1602/4346 382/1606/4347 381/1605/4348
f 383/1607/4349 382/1606/4350 380/1602/4351
f 384/1608/4352 385/1609/4353 386/1610/4354
f 387/1611/4355 385/1609/4356 384/1608/4357
f 388/1612/4358 427/1613/4359 389/1614/4360
f 390/1615/4361 427/1613/4362 388/1612/4363
f 391/1616/4364 390/1615/4365 388/1612/4366
f 392/1617/4367 390/1615/4368 391/1616/4369
f 396/1618/4370 392/1617/4370 391/1616/4370
f 393/1619/4371 396/1618/4371 391/1616/4371
f 391/1616/4372 382/1606/4373 383/1607/4374
f 388/1612/4375 382/1606/4376 391/1616/4377
f 388/1612/4378 384/1608/4379 386/1610/4380
f 389/1614/4381 384/1608/4382 388/1612/4383
f 392/1604/4384 394/1620/4385 395/1621/4386
f 396/1622/4387 394/1620/4387 392/1604/4387
f 391/1616/4388 398/1623/4388 393/1619/4388
f 397/1624/4389 398/1623/4389 391/1616/4389
f 387/1611/4390 390/1603/4391 385/1609/4392
f 427/1625/4393 390/1603/4394 387/1611/4395
f 394/1620/4396 397/1624/4397 395/1621/4398
f 398/1623/4399 397/1624/4399 394/1620/4399
f 394/1626/4400 393/1619/4400 398/1627/4400
f 396/1618/4401 393/1619/4401 394/1626/4401
f 399/1628/4402 400/1629/4402 401/1630/4402
f 402/1631/4403 400/1629/4403 399/1628/4403
f 403/1632/4404 416/1633/4405 404/1634/4406
f 405/1635/4407 416/1633/4408 403/1632/4409
f 406/1636/4410 407/1637/4411 408/1638/4412
f 409/1639/4413 407/1637/4414 406/1636/4415
f 410/1630/4416 411/1640/4417 412/1641/4418
f 413/1635/4419 411/1640/4420 410/1630/4421
f 414/1642/4422 423/1643/4423 361/1644/4424
f 415/1645/4425 423/1643/4426 414/1642/4427
f 403/1646/4428 415/1645/4429 414/1642/4430
f 399/1628/4431 415/1645/4432 403/1646/4433
f 404/1647/4434 399/1628/4435 403/1646/4436
f 402/1631/4437 399/1628/4437 404/1647/4437
f 406/1636/4438 414/1648/4439 361/1649/4440
f 408/1638/4441 414/1648/4442 406/1636/4443
f 400/1629/4444 405/1635/4444 401/1630/4444
f 416/1633/4445 405/1635/4445 400/1629/4445
f 409/1639/4446 415/1645/4447 407/1637/4448
f 423/1643/4449 415/1645/4450 409/1639/4451
f 414/1648/4452 413/1635/4453 403/1632/4454
f 411/1640/4455 413/1635/4456 414/1648/4457
f 400/1650/4458 404/1647/4458 416/1651/4458
f 402/1631/4459 404/1647/4459 400/1650/4459
f 415/1645/4460 410/1630/4461 412/1641/4462
f 399/1628/4463 410/1630/4464 415/1645/4465
f 453/1652/4466 417/1653/4467 153/1654/4468
f 418/1655/4469 417/1653/4470 453/1652/4471
f 451/1656/4472 418/1655/4473 453/1652/4474
f 473/1657/4475 418/1655/4476 451/1656/4477
f 474/1658/4478 473/1657/4479 451/1656/4480
f 418/1655/4481 419/1659/4481 417/1653/4481
f 420/1660/4482 419/1659/4483 418/1655/4484
f 473/1657/4485 420/1660/4486 418/1655/4487
f 389/1661/4488 420/1660/4489 473/1657/4490
f 457/1662/4491 389/1661/4492 473/1657/4493
f 471/1663/4494 421/1664/4495 422/1665/4496
f 422/1665/4497 423/1666/4498 471/1663/4499
f 424/1667/4500 423/1666/4501 422/1665/4502
f 478/1668/4503 424/1667/4504 422/1665/4505
f 425/1669/4506 424/1667/4507 478/1668/4508
f 419/1659/4509 425/1669/4510 478/1668/4511
f 426/1670/4512 425/1669/4513 419/1659/4514
f 420/1660/4515 426/1670/4516 419/1659/4517
f 389/1661/4518 426/1670/4519 420/1660/4520
f 427/1671/4521 426/1670/4522 389/1661/4523
f 425/1669/4524 426/1670/4525 427/1671/4526
f 361/1672/4527 425/1669/4528 427/1671/4529
f 424/1667/4530 425/1669/4531 361/1672/4532
f 423/1666/4533 424/1667/4534 361/1672/4535
f 422/1665/4536 428/1673/4537 478/1668/4537
f 421/1664/4538 428/1673/4539 422/1665/4540
f 429/1674/4541 445/1675/4541 430/1676/4541
f 431/1677/4542 445/1675/4543 429/1674/4542
f 432/1678/4544 431/1677/4545 429/1674/4546
f 433/1679/4547 431/1677/4548 432/1678/4549
f 434/1680/4550 433/1679/4551 432/1678/4552
f 435/1681/4553 474/1682/4554 451/1683/4555
f 436/1684/4556 474/1682/4557 435/1681/4558
f 454/1685/4559 436/1684/4560 435/1681/4561
f 437/1686/4562 436/1684/4563 454/1685/4564
f 436/1684/4565 475/1687/4566 474/1682/4567
f 434/1680/4568 475/1687/4569 436/1684/4570
f 437/1686/4571 434/1680/4572 436/1684/4573
f 433/1679/4574 434/1680/4575 437/1686/4576
f 431/1677/4577 433/1679/4578 437/1686/4579
f 431/1677/4580 438/1688/4580 445/1675/4580
f 439/1689/4581 438/1688/4581 431/1677/4581
f 437/1686/4582 439/1689/4583 431/1677/4584
f 440/1690/4585 434/1680/4586 432/1678/4587
f 441/1691/4588 434/1680/4589 440/1690/4590
f 442/1692/4591 441/1691/4592 440/1690/4593
f 443/1693/4594 441/1691/4595 442/1692/4596
f 458/1694/4597 443/1693/4598 442/1692/4599
f 444/1695/4600 441/1691/4601 443/1693/4602
f 445/1696/4603 447/1697/4603 430/1676/4603
f 438/1698/4604 447/1697/4604 445/1696/4604
f 441/1691/4605 475/1687/4606 434/1680/4607
f 444/1695/4608 475/1687/4609 441/1691/4610
f 438/1688/4611 446/1699/4611 447/1700/4611
f 439/1689/4612 446/1699/4612 438/1688/4612
f 439/1689/4613 454/1685/4614 446/1699/4615
f 448/1686/4616 454/1685/4617 439/1689/4618
f 447/1697/4619 429/1674/4619 430/1676/4619
f 446/1701/4620 429/1674/4620 447/1697/4620
f 429/1674/4621 449/1702/4622 432/1678/4623
f 446/1701/4624 449/1702/4625 429/1674/4626
f 449/1702/4627 440/1690/4628 432/1678/4629
f 450/1703/4630 440/1690/4631 449/1702/4632
f 435/1704/4633 450/1703/4634 449/1702/4635
f 451/1705/4636 450/1703/4637 435/1704/4638
f 450/1703/4639 442/1692/4640 440/1690/4641
f 452/1706/4642 442/1692/4643 450/1703/4644
f 451/1705/4645 452/1706/4646 450/1703/4647
f 453/1707/4648 452/1706/4649 451/1705/4650
f 452/1706/4651 458/1694/4652 442/1692/4653
f 453/1707/4654 458/1694/4655 452/1706/4656
f 454/1708/4657 449/1702/4658 446/1701/4659
f 435/1704/4660 449/1702/4661 454/1708/4662
f 361/1709/4663 455/1710/4664 423/1711/4665
f 456/1712/4666 455/1710/4667 361/1709/4668
f 427/1713/4669 456/1712/4670 361/1709/4671
f 457/1714/4672 456/1712/4673 427/1713/4674
f 153/1715/4675 458/1716/4676 453/1717/4677
f 459/1718/4678 458/1716/4679 153/1715/4680
f 460/1719/4681 461/1720/4682 455/1710/4683
f 462/1721/4684 461/1720/4685 460/1719/4686
f 463/1722/4687 462/1721/4688 460/1719/4689
f 464/1723/4690 462/1721/4691 463/1722/4692
f 465/1724/4693 464/1723/4693 463/1722/4693
f 466/1725/4694 464/1723/4695 465/1724/4696
f 467/1726/4697 466/1725/4698 465/1724/4699
f 459/1718/4700 466/1725/4701 467/1726/4702
f 468/1727/4703 459/1718/4704 467/1726/4705
f 458/1716/4706 459/1718/4707 468/1727/4708
f 443/1728/4709 458/1716/4710 468/1727/4711
f 467/1726/4712 443/1728/4713 468/1727/4714
f 444/1729/4715 443/1728/4716 467/1726/4717
f 465/1724/4718 444/1729/4719 467/1726/4720
f 469/1730/4721 444/1729/4722 465/1724/4723
f 463/1722/4724 469/1730/4724 465/1724/4724
f 460/1719/4725 469/1730/4726 463/1722/4727
f 456/1712/4728 460/1719/4729 455/1710/4730
f 457/1714/4731 460/1719/4732 456/1712/4733
f 470/1731/4734 461/1720/4735 462/1721/4736
f 471/1732/4737 461/1720/4738 470/1731/4739
f 421/1733/4740 471/1732/4741 470/1731/4742
f 470/1731/4743 428/1734/4744 421/1733/4745
f 464/1723/4746 428/1734/4747 470/1731/4748
f 462/1721/4749 464/1723/4750 470/1731/4751
f 472/1735/4752 473/1736/4753 474/1737/4754
f 457/1714/4755 473/1736/4756 472/1735/4757
f 460/1719/4758 457/1714/4759 472/1735/4760
f 472/1735/4761 469/1730/4762 460/1719/4763
f 444/1729/4764 469/1730/4765 472/1735/4766
f 475/1738/4767 444/1729/4768 472/1735/4769
f 474/1737/4770 475/1738/4771 472/1735/4772
f 324/1739/4773 309/1740/4774 154/1741/4775
f 1719/1742/4776 309/1740/4777 324/1739/4778
f 1720/1743/4779 1719/1742/4779 324/1739/4779
f 1721/1744/4780 1719/1742/4781 1720/1743/4782
f 1722/1745/4783 1721/1744/4784 1720/1743/4785
f 272/1746/4786 1721/1744/4787 1722/1745/4788
f 277/1747/4789 272/1746/4790 1722/1745/4791
f 1723/1748/4792 1743/1749/4793 1724/1750/4794
f 1719/1742/4795 1743/1749/4796 1723/1748/4797
f 309/1740/4798 1719/1742/4799 1723/1748/4800
f 1743/1749/4801 272/1746/4802 1725/1751/4803
f 1721/1744/4804 272/1746/4805 1743/1749/4806
f 1719/1742/4807 1721/1744/4808 1743/1749/4809
f 1726/1752/4810 284/1753/4811 1727/1754/4812
f 1727/1754/4813 1728/1755/4814 1726/1752/4815
f 257/1756/4816 1728/1755/4817 1727/1754/4818
f 244/1757/4819 257/1756/4819 1727/1754/4820
f 1729/1758/4821 277/1747/4822 1722/1745/4823
f 1730/1759/4824 277/1747/4825 1729/1758/4826
f 1731/1760/4827 1730/1759/4828 1729/1758/4829
f 284/1753/4830 1730/1759/4831 1731/1760/4832
f 1727/1754/4833 284/1753/4834 1731/1760/4835
f 1720/1743/4836 1729/1758/4837 1722/1745/4838
f 244/1757/4839 1729/1758/4840 1720/1743/4841
f 244/1757/4842 1731/1760/4843 1729/1758/4844
f 1727/1754/4845 1731/1760/4846 244/1757/4847
f 1732/1761/4848 154/1762/4849 309/1763/4850
f 323/1764/4851 154/1762/4852 1732/1761/4853
f 1733/1765/4854 323/1764/4855 1732/1761/4856
f 1734/1766/4857 323/1764/4858 1733/1765/4859
f 1735/1767/4860 1734/1766/4861 1733/1765/4862
f 303/1768/4863 1734/1766/4864 1735/1767/4865
f 1735/1767/4866 1733/1765/4867 1732/1761/4868
f 1734/1766/4869 251/1769/4870 323/1764/4871
f 1736/1770/4872 251/1769/4873 1734/1766/4874
f 303/1768/4875 1736/1770/4876 1734/1766/4877
f 1737/1771/4878 1736/1770/4879 303/1768/4880
f 1738/1772/4881 1737/1771/4882 303/1768/4883
f 1739/1773/4884 1737/1771/4885 1738/1772/4886
f 1725/1774/4887 1739/1773/4888 1738/1772/4889
f 1740/1775/4890 1739/1773/4891 1725/1774/4892
f 1736/1770/4893 1741/1776/4894 251/1769/4895
f 1742/1777/4896 1741/1776/4896 1736/1770/4896
f 1737/1771/4897 1742/1777/4897 1736/1770/4897
f 1739/1773/4898 1742/1777/4899 1737/1771/4900
f 1738/1772/4901 1743/1778/4902 1725/1774/4903
f 1724/1779/4904 1743/1778/4905 1738/1772/4906
f 1744/1780/4907 1724/1779/4908 1738/1772/4909
f 303/1768/4910 1744/1780/4911 1738/1772/4912
f 1745/1781/4913 1730/1782/4914 284/1783/4915
f 1740/1775/4916 1730/1782/4917 1745/1781/4918
f 1740/1775/4919 277/1784/4920 1730/1782/4921
f 1725/1774/4922 277/1784/4923 1740/1775/4924
f 1745/1781/4925 1739/1773/4926 1740/1775/4927
f 1746/1785/4928 1739/1773/4929 1745/1781/4930
f 1747/1786/4931 1739/1773/4932 1746/1785/4933
f 1742/1777/4934 1739/1773/4935 1747/1786/4936
f 1741/1776/4937 1742/1777/4938 1747/1786/4939
f 1748/1787/4940 1747/1786/4941 1746/1785/4942
f 1741/1776/4943 1747/1786/4944 1748/1787/4945
f 257/1788/4946 1741/1776/4946 1748/1787/4947
f 1748/1787/4948 1728/1789/4949 257/1788/4950
f 1726/1790/4951 1728/1789/4952 1748/1787/4953
f 1746/1785/4954 1726/1790/4955 1748/1787/4956
f 325/1791/4957 328/1792/4958 330/1793/4959
f 326/1794/4960 328/1792/4961 325/1791/4962
f 327/1795/4963 326/1794/4964 325/1791/4965
f 328/1796/4966 329/1797/4967 330/1798/4968
f 331/1799/4969 329/1797/4970 328/1796/4971
f 325/1791/4972 332/1800/4973 327/1795/4974
f 333/1801/4975 332/1800/4976 325/1791/4977
f 333/1801/4978 334/1802/4979 332/1800/4980
f 335/1803/4981 334/1802/4982 333/1801/4983
f 336/1804/4984 335/1803/4985 333/1801/4986
f 337/1805/4987 335/1803/4988 336/1804/4989
f 337/1805/4990 338/1806/4991 335/1803/4992
f 339/1807/4993 338/1806/4994 337/1805/4995
f 339/1807/4996 340/1808/4997 338/1806/4998
f 341/1809/4999 340/1808/5000 339/1807/5001
f 340/1808/5002 341/1809/5003 342/1810/5004
f 331/1799/5005 342/1810/5006 341/1809/5007
f 329/1797/5008 331/1799/5009 341/1809/5010
f 1749/1811/5011 1750/1812/5012 1751/1813/5013
f 1752/1814/5014 1750/1812/5015 1749/1811/5016
f 1753/1815/5017 1752/1814/5018 1749/1811/5019
f 1754/1816/5020 1752/1814/5021 1753/1815/5022
f 1755/1817/5023 1754/1816/5024 1753/1815/5025
f 1756/1818/5026 1754/1816/5027 1755/1817/5028
f 1757/1819/5029 1756/1818/5030 1755/1817/5031
f 1758/1820/5032 1756/1818/5033 1757/1819/5034
f 1759/1821/5035 1758/1820/5036 1757/1819/5037
f 1760/1822/5038 1758/1820/5039 1759/1821/5040
f 1761/1823/5041 1760/1822/5042 1759/1821/5043
f 1762/1824/5044 1760/1822/5045 1761/1823/5046
f 1763/1825/5047 1762/1824/5048 1761/1823/5049
f 1764/1826/5050 1762/1824/5051 1763/1825/5052
f 1765/1827/5053 1764/1826/5054 1763/1825/5055
f 1766/1828/5056 1764/1826/5057 1765/1827/5058
f 1767/1829/5059 1766/1828/5060 1765/1827/5061
f 1768/1830/5062 1766/1828/5063 1767/1829/5064
f 1769/1831/5065 1768/1830/5066 1767/1829/5067
f 1770/1832/5068 1768/1830/5069 1769/1831/5070
f 1771/1833/5071 1770/1832/5072 1769/1831/5073
f 1772/1834/5074 1770/1832/5075 1771/1833/5076
f 1773/1835/5077 1772/1834/5078 1771/1833/5079
f 1774/1836/5080 1772/1834/5081 1773/1835/5082
f 1775/1837/5083 1774/1836/5084 1773/1835/5085
f 202/1838/5086 1774/1836/5087 1775/1837/5088
f 1776/1839/5089 202/1838/5090 1775/1837/5091
f 1777/1840/5092 202/1838/5093 1776/1839/5094
f 1778/1841/5095 1777/1840/5096 1776/1839/5097
f 1759/1821/5098 1763/1825/5099 1761/1823/5100
f 1779/1842/5101 1763/1825/5102 1759/1821/5103
f 1780/1843/5104 1779/1842/5105 1759/1821/5106
f 1781/1844/5107 1779/1842/5108 1780/1843/5109
f 1782/1845/5110 1781/1844/5111 1780/1843/5112
f 1783/1846/5113 1781/1844/5114 1782/1845/5115
f 1784/1847/5116 1783/1846/5117 1782/1845/5118
f 1785/1848/5119 1783/1846/5120 1784/1847/5121
f 1757/1819/5122 1780/1843/5123 1759/1821/5124
f 1782/1845/5125 1780/1843/5126 1757/1819/5127
f 1786/1849/5128 1782/1845/5129 1757/1819/5130
f 1784/1847/5131 1782/1845/5132 1786/1849/5133
f 1787/1850/5134 1784/1847/5135 1786/1849/5136
f 1755/1817/5137 1786/1849/5138 1757/1819/5139
f 1788/1851/5140 1786/1849/5141 1755/1817/5142
f 1753/1815/5143 1788/1851/5144 1755/1817/5145
f 1789/1852/5146 1788/1851/5147 1753/1815/5148
f 1749/1811/5149 1789/1852/5150 1753/1815/5151
f 1787/1850/5152 1786/1849/5153 1788/1851/5154
f 1771/1833/5155 1775/1837/5156 1773/1835/5157
f 1776/1839/5158 1775/1837/5159 1771/1833/5160
f 1790/1853/5161 1776/1839/5162 1771/1833/5163
f 1778/1841/5164 1776/1839/5165 1790/1853/5166
f 1791/1854/5167 1778/1841/5168 1790/1853/5167
f 1750/1855/5169 1792/1856/5170 1751/1857/5171
f 1793/1858/5172 1792/1856/5173 1750/1855/5174
f 1794/1859/5175 1793/1858/5176 1750/1855/5177
f 1795/1860/5178 1794/1859/5179 1750/1855/5180
f 1796/1861/5181 1794/1859/5182 1795/1860/5183
f 1797/1862/5184 1796/1861/5185 1795/1860/5186
f 1798/1863/5187 1796/1861/5188 1797/1862/5189
f 1792/1856/5190 1783/1846/5191 1785/1848/5192
f 1793/1858/5193 1783/1846/5194 1792/1856/5195
f 1794/1859/5196 1783/1846/5197 1793/1858/5198
f 1781/1844/5199 1783/1846/5200 1794/1859/5201
f 1796/1861/5202 1781/1844/5202 1794/1859/5203
f 1779/1842/5204 1781/1844/5205 1796/1861/5206
f 1799/1864/5207 1779/1842/5208 1796/1861/5209
f 1800/1865/5210 1779/1842/5211 1799/1864/5212
f 1765/1827/5213 1800/1865/5214 1799/1864/5215
f 1763/1825/5216 1800/1865/5217 1765/1827/5218
f 1779/1842/5219 1800/1865/5220 1763/1825/5221
f 1769/1831/5222 1790/1853/5223 1771/1833/5224
f 1767/1829/5225 1790/1853/5226 1769/1831/5227
f 243/1866/5228 1772/1834/5229 1774/1836/5230
f 242/1867/5231 1772/1834/5232 243/1866/5233
f 477/1868/5234 1778/1869/5235 1638/1870/5236
f 1777/1871/5237 1778/1869/5238 477/1868/5239
f 1762/1824/5240 1801/1872/5241 1760/1822/5242
f 1802/1873/5243 1801/1872/5244 1762/1824/5245
f 1764/1826/5246 1802/1873/5247 1762/1824/5248
f 1766/1828/5249 1802/1873/5250 1764/1826/5251
f 1766/1828/5252 1803/1874/5253 1802/1873/5254
f 1804/1875/5255 1803/1874/5256 1766/1828/5257
f 1805/1876/5258 1804/1875/5259 1766/1828/5260
f 1806/1877/5261 1804/1875/5262 1805/1876/5261
f 1807/1878/5263 1806/1877/5264 1805/1876/5265
f 1808/1879/5266 1806/1877/5267 1807/1878/5268
f 1809/1880/5269 1808/1879/5270 1807/1878/5271
f 1810/1881/5272 1808/1879/5273 1809/1880/5274
f 1811/1882/5275 1810/1881/5276 1809/1880/5277
f 1812/1883/5278 1810/1881/5279 1811/1882/5280
f 1813/1884/5281 1812/1883/5282 1811/1882/5282
f 1814/1885/5283 1812/1883/5284 1813/1884/5285
f 1815/1886/5286 1814/1885/5287 1813/1884/5288
f 1798/1887/5289 1814/1885/5290 1815/1886/5291
f 1811/1882/5292 1791/1888/5293 1813/1884/5294
f 1778/1869/5295 1791/1888/5296 1811/1882/5297
f 1638/1870/5298 1778/1869/5299 1811/1882/5300
f 1809/1880/5301 1638/1870/5302 1811/1882/5303
f 861/1889/5304 1638/1870/5305 1809/1880/5306
f 1816/1890/5307 861/1889/5308 1809/1880/5309
f 1768/1830/5310 1805/1876/5311 1766/1828/5312
f 1770/1832/5313 1805/1876/5314 1768/1830/5315
f 1803/1874/5316 1801/1872/5317 1802/1873/5318
f 1817/1891/5319 1801/1872/5320 1803/1874/5320
f 1807/1878/5321 1816/1890/5322 1809/1880/5323
f 1805/1876/5324 1816/1890/5325 1807/1878/5326
f 1805/1876/5327 843/1892/5328 1816/1890/5329
f 1818/1893/5330 843/1892/5331 1805/1876/5332
f 1770/1832/5333 1818/1893/5334 1805/1876/5335
f 1819/1894/5336 1818/1893/5337 1770/1832/5338
f 1772/1834/5339 1819/1894/5340 1770/1832/5341
f 242/1867/5342 1819/1894/5343 1772/1834/5344
f 476/1895/5345 1819/1894/5346 242/1867/5347
f 1820/1896/5348 1819/1894/5349 476/1895/5350
f 1821/1897/5351 1820/1896/5352 476/1895/5353
f 843/1892/5354 1820/1896/5355 1821/1897/5356
f 1818/1893/5357 1820/1896/5358 843/1892/5359
f 1819/1894/5360 1820/1896/5361 1818/1893/5362
f 1798/1887/5363 1822/1898/5364 1814/1885/5365
f 1797/1899/5366 1822/1898/5367 1798/1887/5368
f 1823/1900/5369 1797/1899/5370 1795/1901/5371
f 1824/1902/5372 1797/1899/5373 1823/1900/5374
f 1825/1903/5375 1824/1902/5376 1823/1900/5377
f 1826/1904/5378 1824/1902/5379 1825/1903/5380
f 1827/1905/5381 1826/1904/5382 1825/1903/5383
f 1828/1906/5384 1826/1904/5385 1827/1905/5386
f 1829/1907/5387 1828/1906/5388 1827/1905/5389
f 1830/1908/5390 1828/1906/5391 1829/1907/5392
f 1831/1909/5393 1830/1908/5394 1829/1907/5395
f 1810/1881/5396 1830/1908/5397 1831/1909/5398
f 1832/1910/5399 1810/1881/5400 1831/1909/5401
f 1808/1879/5402 1810/1881/5403 1832/1910/5404
f 1833/1911/5405 1808/1879/5406 1832/1910/5405
f 1806/1877/5407 1808/1879/5408 1833/1911/5408
f 1804/1875/5409 1806/1877/5410 1833/1911/5411
f 1812/1883/5412 1830/1908/5413 1810/1881/5414
f 1828/1906/5415 1830/1908/5416 1812/1883/5417
f 1814/1885/5418 1828/1906/5419 1812/1883/5420
f 1826/1904/5421 1828/1906/5422 1814/1885/5423
f 1822/1898/5424 1826/1904/5425 1814/1885/5426
f 1824/1902/5427 1826/1904/5428 1822/1898/5429
f 1797/1899/5430 1824/1902/5431 1822/1898/5432
f 1833/1911/5433 1803/1874/5434 1804/1875/5435
f 1817/1891/5436 1803/1874/5437 1833/1911/5438
f 1832/1910/5439 1817/1891/5440 1833/1911/5441
f 1831/1909/5442 1817/1891/5443 1832/1910/5444
f 1829/1907/5445 1817/1891/5446 1831/1909/5447
f 1834/1912/5448 1817/1891/5449 1829/1907/5450
f 1835/1913/5451 1834/1912/5452 1829/1907/5453
f 1801/1872/5454 1834/1912/5455 1835/1913/5456
f 1760/1822/5457 1801/1872/5458 1835/1913/5459
f 1801/1872/5460 1817/1891/5461 1834/1912/5462
f 1835/1913/5463 1758/1820/5464 1760/1822/5465
f 1836/1914/5466 1758/1820/5467 1835/1913/5468
f 1837/1915/5469 1836/1914/5470 1835/1913/5471
f 1838/1916/5472 1836/1914/5473 1837/1915/5474
f 1827/1905/5475 1838/1916/5476 1837/1915/5477
f 1825/1903/5478 1838/1916/5479 1827/1905/5480
f 1836/1914/5481 1756/1818/5482 1758/1820/5483
f 1754/1816/5484 1756/1818/5485 1836/1914/5484
f 1838/1916/5486 1754/1816/5487 1836/1914/5488
f 1839/1917/5489 1754/1816/5490 1838/1916/5491
f 1840/1918/5492 1839/1917/5493 1838/1916/5494
f 1752/1814/5495 1839/1917/5496 1840/1918/5497
f 1823/1900/5498 1752/1814/5499 1840/1918/5500
f 1750/1812/5501 1752/1814/5502 1823/1900/5503
f 1795/1901/5504 1750/1812/5505 1823/1900/5506
f 1754/1816/5507 1839/1917/5508 1752/1814/5509
f 1837/1915/5510 1829/1907/5511 1827/1905/5512
f 1835/1913/5513 1829/1907/5514 1837/1915/5515
f 1825/1903/5516 1840/1918/5517 1838/1916/5518
f 1823/1900/5519 1840/1918/5520 1825/1903/5521
f 1796/1861/5522 1798/1863/5523 1841/1919/5524
f 1841/1919/5525 1799/1864/5526 1796/1861/5527
f 1842/1920/5528 1799/1864/5529 1841/1919/5530
f 1798/1863/5531 1842/1920/5532 1841/1919/5533
f 1815/1921/5534 1842/1920/5535 1798/1863/5536
f 1813/1922/5537 1842/1920/5538 1815/1921/5539
f 1843/1923/5540 1842/1920/5541 1813/1922/5542
f 1791/1854/5543 1843/1923/5544 1813/1922/5545
f 1790/1853/5546 1843/1923/5547 1791/1854/5548
f 1767/1829/5549 1843/1923/5550 1790/1853/5551
f 1765/1827/5552 1843/1923/5553 1767/1829/5554
f 1765/1827/5555 1842/1920/5556 1843/1923/5557
f 1799/1864/5558 1842/1920/5559 1765/1827/5560
f 487/1924/5561 488/1925/5561 2442/1926/5561
f 2654/1927/5562 488/1925/5562 487/1924/5562
f 489/1928/5563 2654/1927/5563 487/1924/5563
f 490/1929/5564 2654/1927/5564 489/1928/5564
f 491/1930/5565 490/1929/5565 489/1928/5565
f 492/1931/5566 491/1930/5566 489/1928/5566
f 2655/1932/5567 491/1930/5567 492/1931/5567
f 691/1933/5568 2655/1932/5568 492/1931/5568
f 493/1934/5569 2655/1932/5569 691/1933/5569
f 494/1935/5570 493/1934/5570 691/1933/5570
f 691/1933/5571 495/1936/5571 494/1935/5571
f 2564/1937/5572 495/1936/5572 691/1933/5572
f 496/1933/5573 2657/1936/5573 2597/1937/5573
f 2600/1935/5574 2657/1936/5574 496/1933/5574
f 497/1934/5575 2600/1935/5575 496/1933/5575
f 496/1933/5576 2720/1932/5576 497/1934/5576
f 498/1931/5577 2720/1932/5577 496/1933/5577
f 499/1925/5578 500/1924/5578 2407/1926/5578
f 501/1927/5579 500/1924/5579 499/1925/5579
f 502/1929/5580 500/1924/5580 501/1927/5580
f 503/1928/5581 500/1924/5581 502/1929/5581
f 504/1930/5582 503/1928/5582 502/1929/5582
f 498/1931/5583 503/1928/5583 504/1930/5583
f 2720/1932/5584 498/1931/5584 504/1930/5584
f 649/1938/5585 650/1939/5586 651/1940/5587
f 652/1941/5588 650/1939/5589 649/1938/5590
f 2447/1942/5591 652/1941/5592 649/1938/5593
f 653/1943/5594 652/1941/5595 2447/1942/5596
f 654/1944/5597 653/1943/5598 2447/1942/5599
f 655/1945/5600 653/1943/5601 654/1944/5602
f 656/1946/5603 655/1945/5604 654/1944/5605
f 657/1947/5606 655/1945/5607 656/1946/5608
f 658/1948/5609 657/1947/5610 656/1946/5611
f 658/1948/5612 2535/1949/5613 657/1947/5614
f 652/1941/5615 688/1950/5616 650/1939/5617
f 659/1951/5618 688/1950/5619 652/1941/5620
f 653/1943/5621 659/1951/5622 652/1941/5623
f 660/1952/5624 659/1951/5625 653/1943/5626
f 655/1945/5627 660/1952/5628 653/1943/5629
f 661/1953/5630 660/1952/5631 655/1945/5632
f 657/1947/5633 661/1953/5634 655/1945/5635
f 662/1954/5636 661/1953/5637 657/1947/5638
f 2535/1949/5639 662/1954/5640 657/1947/5641
f 663/1955/5642 662/1954/5643 2535/1949/5644
f 662/1954/5645 664/1956/5646 661/1953/5647
f 665/1957/5648 664/1956/5649 662/1954/5650
f 663/1955/5651 665/1957/5652 662/1954/5653
f 2648/1958/5654 665/1957/5655 663/1955/5656
f 665/1957/5657 666/1959/5658 664/1956/5659
f 667/1960/5660 666/1959/5661 665/1957/5662
f 2648/1958/5663 667/1960/5664 665/1957/5665
f 2651/1961/5666 667/1960/5667 2648/1958/5668
f 667/1960/5669 668/1962/5670 666/1959/5671
f 669/1963/5672 668/1962/5673 667/1960/5674
f 2651/1961/5675 669/1963/5676 667/1960/5677
f 670/1964/5678 669/1963/5679 2651/1961/5680
f 671/1965/5681 670/1964/5682 2651/1961/5683
f 672/1966/5684 670/1964/5685 671/1965/5686
f 2611/1967/5687 672/1966/5688 671/1965/5689
f 673/1968/5690 672/1966/5691 2611/1967/5692
f 2609/1969/5693 673/1968/5694 2611/1967/5695
f 674/1970/5696 673/1968/5697 2609/1969/5698
f 2610/1971/5699 674/1970/5700 2609/1969/5701
f 675/1972/5702 674/1970/5703 2610/1971/5704
f 676/1973/5705 675/1972/5706 2610/1971/5707
f 2430/1974/5708 675/1972/5709 676/1973/5710
f 669/1963/5711 677/1975/5712 668/1962/5713
f 678/1976/5714 677/1975/5715 669/1963/5716
f 670/1964/5717 678/1976/5718 669/1963/5719
f 679/1977/5720 678/1976/5721 670/1964/5722
f 672/1966/5723 679/1977/5724 670/1964/5725
f 680/1978/5726 679/1977/5727 672/1966/5728
f 673/1968/5729 680/1978/5730 672/1966/5731
f 681/1979/5732 680/1978/5733 673/1968/5734
f 674/1970/5735 681/1979/5736 673/1968/5737
f 682/1980/5738 681/1979/5739 674/1970/5740
f 675/1972/5741 682/1980/5742 674/1970/5743
f 2430/1974/5744 682/1980/5745 675/1972/5746
f 682/1980/5747 683/1981/5748 681/1979/5749
f 684/1982/5750 683/1981/5751 682/1980/5752
f 2430/1974/5753 684/1982/5754 682/1980/5755
f 2428/1983/5756 684/1982/5757 2430/1974/5758
f 684/1982/5759 685/1984/5760 683/1981/5761
f 686/1985/5762 685/1984/5763 684/1982/5764
f 2428/1983/5765 686/1985/5766 684/1982/5767
f 687/1986/5768 686/1985/5769 2428/1983/5770
f 686/1985/5771 688/1987/5772 685/1984/5773
f 650/1988/5774 688/1987/5775 686/1985/5776
f 687/1986/5777 650/1988/5778 686/1985/5779
f 651/1989/5780 650/1988/5781 687/1986/5782
f 689/1990/5783 656/1946/5784 654/1944/5785
f 658/1948/5786 656/1946/5787 689/1990/5788
f 690/1991/5789 658/1948/5790 689/1990/5789
f 676/1973/5791 2564/1992/5791 691/1993/5791
f 2565/1994/5792 2564/1992/5792 676/1973/5792
f 2610/1971/5793 2565/1994/5794 676/1973/5794
f 689/1990/5795 2597/1995/5795 690/1991/5795
f 496/1996/5796 2597/1995/5796 689/1990/5796
f 2461/1997/5797 2674/1998/5797 2328/1999/5797
f 2462/2000/5798 2674/1998/5798 2461/1997/5798
f 2463/2001/5799 2462/2000/5799 2461/1997/5799
f 2464/2002/5800 2462/2000/5800 2463/2001/5800
f 2465/2003/5801 2464/2002/5801 2463/2001/5801
f 2466/2004/5802 2464/2002/5802 2465/2003/5802
f 2467/2005/5803 2466/2004/5803 2465/2003/5803
f 2468/2006/5804 2466/2004/5804 2467/2005/5804
f 2469/2007/5805 2468/2006/5805 2467/2005/5805
f 2470/2008/5806 2468/2006/5806 2469/2007/5806
f 2471/2009/5807 2470/2008/5807 2469/2007/5807
f 2472/2010/5808 2470/2008/5808 2471/2009/5808
f 2473/2011/5809 2472/2010/5809 2471/2009/5809
f 2474/2012/5810 2472/2010/5810 2473/2011/5810
f 2475/2013/5811 2474/2012/5811 2473/2011/5811
f 2476/2014/5812 2474/2012/5812 2475/2013/5812
f 2477/2015/5813 2476/2014/5813 2475/2013/5813
f 2478/2016/5814 2476/2014/5814 2477/2015/5814
f 2479/2017/5815 2478/2016/5815 2477/2015/5815
f 2480/2018/5816 2478/2016/5816 2479/2017/5816
f 2481/2019/5817 2480/2018/5817 2479/2017/5817
f 2482/2020/5818 2480/2018/5818 2481/2019/5818
f 2483/2021/5819 2482/2020/5819 2481/2019/5819
f 2484/2022/5820 2482/2020/5820 2483/2021/5820
f 2485/2023/5821 2484/2022/5821 2483/2021/5821
f 2486/2024/5822 2484/2022/5822 2485/2023/5822
f 2487/2025/5823 2486/2024/5823 2485/2023/5823
f 2488/2026/5824 2486/2024/5824 2487/2025/5824
f 2489/2027/5825 2488/2026/5825 2487/2025/5825
f 2490/2028/5826 2488/2026/5826 2489/2027/5826
f 2491/2029/5827 2490/2028/5827 2489/2027/5827
f 2492/2030/5828 2490/2028/5828 2491/2029/5828
f 2493/2031/5829 2492/2030/5829 2491/2029/5829
f 2494/2032/5830 2492/2030/5830 2493/2031/5830
f 2495/2033/5831 2494/2032/5831 2493/2031/5831
f 2496/2034/5832 2494/2032/5833 2495/2033/5833
f 2497/2035/5834 2496/2034/5835 2495/2033/5836
f 2498/2036/5837 2496/2034/5838 2497/2035/5839
f 2499/2037/5840 2498/2036/5841 2497/2035/5842
f 2500/2038/5843 2498/2036/5844 2499/2037/5845
f 2501/2039/5846 2500/2038/5847 2499/2037/5848
f 2502/2040/5849 2500/2038/5850 2501/2039/5851
f 2503/2041/5852 2502/2040/5853 2501/2039/5854
f 2504/2042/5855 2502/2040/5856 2503/2041/5857
f 2505/2043/5858 2504/2042/5859 2503/2041/5860
f 2506/2044/5861 2504/2042/5862 2505/2043/5863
f 2507/2045/5864 2506/2044/5865 2505/2043/5866
f 2616/2046/5867 2506/2044/5868 2507/2045/5869
f 2508/2047/5870 2616/2046/5871 2507/2045/5872
f 2509/2048/5873 2463/2001/5873 2461/1997/5873
f 2510/2049/5874 2463/2001/5874 2509/2048/5874
f 2511/2050/5875 2510/2049/5875 2509/2048/5875
f 2469/2007/5876 2510/2049/5876 2511/2050/5876
f 2512/2051/5877 2469/2007/5877 2511/2050/5877
f 2471/2009/5878 2469/2007/5878 2512/2051/5878
f 2513/2052/5879 2471/2009/5879 2512/2051/5879
f 2514/2053/5880 2471/2009/5880 2513/2052/5880
f 2515/2054/5881 2514/2053/5881 2513/2052/5881
f 2516/2055/5882 2514/2053/5882 2515/2054/5882
f 2517/2056/5883 2516/2055/5883 2515/2054/5883
f 2481/2019/5884 2516/2055/5884 2517/2056/5884
f 2518/2057/5885 2481/2019/5885 2517/2056/5885
f 2519/2058/5886 2481/2019/5886 2518/2057/5886
f 2520/2059/5887 2519/2058/5887 2518/2057/5887
f 2521/2060/5888 2519/2058/5888 2520/2059/5888
f 2522/2061/5889 2521/2060/5889 2520/2059/5889
f 2523/2062/5890 2521/2060/5890 2522/2061/5890
f 2524/2063/5891 2523/2062/5891 2522/2061/5891
f 2525/2064/5892 2523/2062/5892 2524/2063/5892
f 2526/2065/5893 2525/2064/5893 2524/2063/5893
f 2527/2066/5894 2525/2064/5894 2526/2065/5894
f 2489/2027/5895 2527/2066/5895 2526/2065/5895
f 2487/2025/5896 2527/2066/5896 2489/2027/5896
f 2500/2038/5897 2496/2034/5898 2498/2036/5899
f 2528/2067/5900 2496/2034/5901 2500/2038/5902
f 2529/2068/5903 2528/2067/5904 2500/2038/5905
f 2530/2069/5906 2528/2067/5907 2529/2068/5908
f 2531/2070/5909 2530/2069/5910 2529/2068/5911
f 2532/2071/5912 2530/2069/5913 2531/2070/5914
f 2533/2072/5915 2532/2071/5916 2531/2070/5917
f 2534/2073/5918 2532/2071/5919 2533/2072/5920
f 2535/2074/5921 2534/2073/5922 2533/2072/5923
f 658/2075/5924 2534/2073/5925 2535/2074/5926
f 690/2076/5927 2534/2073/5928 658/2075/5929
f 2532/2071/5930 2534/2073/5931 690/2076/5932
f 2536/2077/5933 2532/2071/5934 690/2076/5933
f 2537/2078/5935 2532/2071/5936 2536/2077/5935
f 2538/2079/5937 2537/2078/5937 2536/2077/5937
f 2539/2080/5938 2537/2078/5938 2538/2079/5938
f 2540/2081/5939 2539/2080/5939 2538/2079/5939
f 2541/2082/5940 2539/2080/5940 2540/2081/5940
f 2542/2083/5941 2541/2082/5941 2540/2081/5941
f 2543/2084/5942 2541/2082/5942 2542/2083/5942
f 2544/2085/5943 2543/2084/5943 2542/2083/5943
f 2545/2086/5944 2543/2084/5944 2544/2085/5944
f 2546/2087/5945 2545/2086/5945 2544/2085/5945
f 2547/2088/5946 2545/2086/5946 2546/2087/5946
f 2548/2089/5947 2547/2088/5947 2546/2087/5947
f 2549/2090/5948 2547/2088/5948 2548/2089/5948
f 2550/2091/5949 2549/2090/5949 2548/2089/5949
f 2551/2092/5950 2549/2090/5950 2550/2091/5950
f 2552/2093/5951 2551/2092/5951 2550/2091/5951
f 2553/2094/5952 2551/2092/5952 2552/2093/5952
f 2554/2095/5953 2553/2094/5953 2552/2093/5953
f 2555/2096/5954 2553/2094/5954 2554/2095/5954
f 2556/2097/5955 2555/2096/5955 2554/2095/5955
f 2557/2098/5956 2555/2096/5956 2556/2097/5956
f 2558/2099/5957 2557/2098/5957 2556/2097/5957
f 2542/2083/5958 2557/2098/5958 2558/2099/5958
f 2544/2085/5959 2542/2083/5959 2558/2099/5959
f 2475/2013/5960 2479/2017/5960 2477/2015/5960
f 2559/2100/5961 2479/2017/5961 2475/2013/5961
f 2473/2011/5962 2559/2100/5962 2475/2013/5962
f 2514/2053/5963 2559/2100/5963 2473/2011/5963
f 2471/2009/5964 2514/2053/5964 2473/2011/5964
f 2560/2101/5965 2511/2050/5965 2509/2048/5965
f 2561/2102/5966 2511/2050/5966 2560/2101/5966
f 2562/2103/5967 2561/2102/5967 2560/2101/5967
f 2563/2104/5968 2561/2102/5968 2562/2103/5968
f 2564/2105/5969 2563/2104/5969 2562/2103/5969
f 2565/2106/5970 2563/2104/5970 2564/2105/5970
f 2561/2102/5971 2512/2051/5971 2511/2050/5971
f 2566/2107/5972 2512/2051/5972 2561/2102/5972
f 2563/2104/5973 2566/2107/5973 2561/2102/5973
f 2567/2108/5974 2566/2107/5974 2563/2104/5974
f 2568/2109/5975 2567/2108/5976 2563/2104/5977
f 2569/2110/5978 2567/2108/5978 2568/2109/5979
f 2570/2111/5980 2569/2110/5981 2568/2109/5982
f 2571/2112/5983 2569/2110/5983 2570/2111/5984
f 2572/2113/5985 2571/2112/5986 2570/2111/5987
f 2573/2114/5988 2571/2112/5989 2572/2113/5990
f 2574/2115/5991 2573/2114/5992 2572/2113/5993
f 2575/2116/5994 2573/2114/5994 2574/2115/5995
f 2576/2117/5996 2575/2116/5996 2574/2115/5997
f 2577/2118/5998 2575/2116/5998 2576/2117/5998
f 2578/2119/5999 2577/2118/5999 2576/2117/5999
f 2579/2120/6000 2577/2118/6000 2578/2119/6000
f 2580/2121/6001 2579/2120/6001 2578/2119/6001
f 2581/2122/6002 2579/2120/6002 2580/2121/6002
f 2582/2123/6003 2581/2122/6003 2580/2121/6003
f 2524/2063/6004 2581/2122/6004 2582/2123/6004
f 2583/2124/6005 2524/2063/6005 2582/2123/6005
f 2526/2065/6006 2524/2063/6006 2583/2124/6006
f 2489/2027/6007 2526/2065/6007 2583/2124/6007
f 2583/2124/6008 2491/2029/6008 2489/2027/6008
f 2493/2031/6009 2491/2029/6009 2583/2124/6009
f 2582/2123/6010 2493/2031/6010 2583/2124/6010
f 2584/2125/6011 2493/2031/6011 2582/2123/6011
f 2580/2121/6012 2584/2125/6012 2582/2123/6012
f 2585/2126/6013 2584/2125/6014 2580/2121/6014
f 2586/2127/6015 2585/2126/6016 2580/2121/6017
f 2587/2128/6018 2585/2126/6019 2586/2127/6020
f 2588/2129/6021 2587/2128/6022 2586/2127/6023
f 2589/2130/6024 2587/2128/6025 2588/2129/6026
f 2590/2131/6027 2589/2130/6028 2588/2129/6029
f 2591/2132/6030 2589/2130/6031 2590/2131/6032
f 2592/2133/6033 2591/2132/6034 2590/2131/6035
f 2593/2134/6036 2591/2132/6037 2592/2133/6038
f 2594/2135/6039 2593/2134/6040 2592/2133/6041
f 2584/2125/6042 2495/2033/6042 2493/2031/6042
f 2497/2035/6043 2495/2033/6044 2584/2125/6044
f 2585/2126/6045 2497/2035/6046 2584/2125/6047
f 2595/2136/6048 2497/2035/6049 2585/2126/6050
f 2587/2128/6051 2595/2136/6052 2585/2126/6053
f 2596/2137/6054 2595/2136/6055 2587/2128/6056
f 2589/2130/6057 2596/2137/6058 2587/2128/6059
f 2519/2058/6060 2483/2021/6060 2481/2019/6060
f 2485/2023/6061 2483/2021/6061 2519/2058/6061
f 2521/2060/6062 2485/2023/6062 2519/2058/6062
f 2487/2025/6063 2485/2023/6063 2521/2060/6063
f 2527/2066/6064 2487/2025/6064 2521/2060/6064
f 2597/2138/6065 2536/2077/6065 690/2076/6065
f 2598/2139/6066 2536/2077/6066 2597/2138/6066
f 2599/2140/6067 2598/2139/6067 2597/2138/6067
f 497/2141/6068 2598/2139/6068 2599/2140/6068
f 2600/2142/6069 497/2141/6069 2599/2140/6069
f 2586/2127/6070 2590/2131/6071 2588/2129/6072
f 2601/2143/6073 2590/2131/6074 2586/2127/6075
f 2580/2121/6076 2601/2143/6077 2586/2127/6078
f 2578/2119/6079 2601/2143/6080 2580/2121/6079
f 2601/2143/6081 2592/2133/6082 2590/2131/6083
f 2602/2144/6084 2592/2133/6085 2601/2143/6086
f 2578/2119/6087 2602/2144/6088 2601/2143/6089
f 2576/2117/6090 2602/2144/6091 2578/2119/6090
f 2602/2144/6092 2594/2135/6093 2592/2133/6094
f 2603/2145/6095 2594/2135/6096 2602/2144/6097
f 2574/2115/6098 2603/2145/6099 2602/2144/6100
f 2604/2146/6101 2603/2145/6102 2574/2115/6103
f 2572/2113/6104 2604/2146/6105 2574/2115/6106
f 2605/2147/6107 2604/2146/6108 2572/2113/6109
f 2570/2111/6110 2605/2147/6111 2572/2113/6112
f 2606/2148/6113 2605/2147/6114 2570/2111/6115
f 2568/2109/6116 2606/2148/6117 2570/2111/6118
f 2607/2149/6119 2606/2148/6120 2568/2109/6121
f 2608/2150/6122 2607/2149/6123 2568/2109/6124
f 2609/2151/6125 2607/2149/6126 2608/2150/6127
f 2610/2152/6128 2609/2151/6129 2608/2150/6130
f 2576/2117/6131 2574/2115/6132 2602/2144/6133
f 2611/2153/6134 2607/2149/6135 2609/2151/6136
f 2612/2154/6137 2607/2149/6138 2611/2153/6139
f 671/2155/6140 2612/2154/6141 2611/2153/6142
f 2613/2156/6143 2612/2154/6144 671/2155/6145
f 2614/2157/6146 2613/2156/6147 671/2155/6148
f 2615/2158/6149 2613/2156/6150 2614/2157/6151
f 2616/2159/6152 2615/2158/6153 2614/2157/6154
f 2617/2160/6155 2615/2158/6156 2616/2159/6157
f 2508/2047/6158 2617/2160/6159 2616/2159/6160
f 2618/2161/6161 2617/2160/6162 2508/2047/6163
f 2619/2162/6164 2618/2161/6165 2508/2047/6166
f 2620/2163/6167 2618/2161/6168 2619/2162/6169
f 2621/2164/6170 2620/2163/6171 2619/2162/6172
f 2622/2165/6173 2620/2163/6174 2621/2164/6175
f 2623/2166/6176 2622/2165/6177 2621/2164/6178
f 2624/2167/6179 2622/2165/6180 2623/2166/6181
f 2503/2041/6182 2624/2167/6183 2623/2166/6184
f 2501/2039/6185 2624/2167/6186 2503/2041/6187
f 2604/2146/6188 2594/2135/6189 2603/2145/6190
f 2625/2168/6191 2594/2135/6192 2604/2146/6193
f 2626/2169/6194 2625/2168/6195 2604/2146/6196
f 2627/2170/6197 2625/2168/6198 2626/2169/6199
f 2628/2171/6200 2627/2170/6201 2626/2169/6202
f 2629/2172/6203 2627/2170/6204 2628/2171/6205
f 2615/2158/6206 2629/2172/6207 2628/2171/6208
f 2617/2160/6209 2629/2172/6210 2615/2158/6211
f 2618/2161/6212 2629/2172/6213 2617/2160/6214
f 2627/2170/6215 2629/2172/6216 2618/2161/6217
f 2620/2163/6218 2627/2170/6219 2618/2161/6220
f 2630/2173/6221 2627/2170/6222 2620/2163/6223
f 2622/2165/6224 2630/2173/6225 2620/2163/6226
f 2631/2174/6227 2630/2173/6228 2622/2165/6229
f 2632/2175/6230 2631/2174/6231 2622/2165/6232
f 2633/2176/6233 2631/2174/6234 2632/2175/6235
f 2634/2177/6236 2633/2176/6237 2632/2175/6238
f 2635/2130/6239 2633/2176/6240 2634/2177/6241
f 2636/2178/6242 2635/2130/6243 2634/2177/6244
f 2637/2137/6245 2635/2130/6246 2636/2178/6247
f 2638/2179/6248 2637/2137/6249 2636/2178/6250
f 2639/2180/6251 2637/2137/6252 2638/2179/6253
f 2499/2037/6254 2639/2180/6255 2638/2179/6256
f 2612/2154/6257 2606/2148/6258 2607/2149/6259
f 2605/2147/6260 2606/2148/6261 2612/2154/6262
f 2613/2156/6263 2605/2147/6264 2612/2154/6265
f 2628/2171/6266 2605/2147/6267 2613/2156/6268
f 2615/2158/6269 2628/2171/6270 2613/2156/6271
f 2640/2132/6272 2633/2176/6273 2635/2130/6274
f 2641/2181/6275 2633/2176/6276 2640/2132/6277
f 2642/2134/6278 2641/2181/6279 2640/2132/6280
f 2594/2135/6281 2641/2181/6282 2642/2134/6283
f 2465/2003/6284 2469/2007/6284 2467/2005/6284
f 2510/2049/6285 2469/2007/6285 2465/2003/6285
f 2463/2001/6286 2510/2049/6286 2465/2003/6286
f 2516/2055/6287 2559/2100/6287 2514/2053/6287
f 2479/2017/6288 2559/2100/6288 2516/2055/6288
f 2481/2019/6289 2479/2017/6289 2516/2055/6289
f 2565/2106/6290 2568/2109/6291 2563/2104/6290
f 2608/2150/6292 2568/2109/6293 2565/2106/6294
f 2610/2152/6295 2608/2150/6296 2565/2106/6297
f 2595/2136/6298 2499/2037/6299 2497/2035/6300
f 2643/2180/6301 2499/2037/6302 2595/2136/6303
f 2596/2137/6304 2643/2180/6305 2595/2136/6306
f 2632/2175/6307 2636/2178/6308 2634/2177/6309
f 2644/2182/6310 2636/2178/6311 2632/2175/6312
f 2622/2165/6313 2644/2182/6314 2632/2175/6315
f 2624/2167/6316 2644/2182/6317 2622/2165/6318
f 2619/2162/6319 2623/2166/6320 2621/2164/6321
f 2645/2183/6322 2623/2166/6323 2619/2162/6324
f 2508/2047/6325 2645/2183/6326 2619/2162/6327
f 2507/2045/6328 2645/2183/6329 2508/2047/6330
f 2501/2039/6331 2644/2182/6332 2624/2167/6333
f 2646/2184/6334 2644/2182/6335 2501/2039/6336
f 2499/2037/6337 2646/2184/6338 2501/2039/6339
f 2638/2179/6340 2646/2184/6341 2499/2037/6342
f 2614/2157/6343 2651/2185/6344 2616/2159/6345
f 671/2155/6346 2651/2185/6347 2614/2157/6348
f 2533/2072/6349 663/2186/6350 2535/2074/6351
f 2647/2187/6352 663/2186/6353 2533/2072/6354
f 2531/2070/6355 2647/2187/6356 2533/2072/6357
f 2529/2068/6358 2647/2187/6359 2531/2070/6360
f 2647/2187/6361 2648/2188/6362 663/2186/6363
f 2649/2189/6364 2648/2188/6365 2647/2187/6366
f 2529/2068/6367 2649/2189/6368 2647/2187/6369
f 2504/2042/6370 2649/2189/6371 2529/2068/6372
f 2502/2040/6373 2504/2042/6374 2529/2068/6375
f 2500/2038/6376 2502/2040/6377 2529/2068/6378
f 2506/2044/6379 2649/2189/6380 2504/2042/6381
f 2650/2190/6382 2649/2189/6383 2506/2044/6384
f 2616/2046/6385 2650/2190/6386 2506/2044/6387
f 2651/2191/6388 2650/2190/6389 2616/2046/6390
f 2546/2087/6391 2550/2091/6391 2548/2089/6391
f 2652/2192/6392 2550/2091/6392 2546/2087/6392
f 2544/2085/6393 2652/2192/6393 2546/2087/6393
f 2558/2099/6394 2652/2192/6394 2544/2085/6394
f 2556/2097/6395 2652/2192/6395 2558/2099/6395
f 2550/2091/6396 2652/2192/6396 2556/2097/6396
f 2554/2095/6397 2550/2091/6397 2556/2097/6397
f 2552/2093/6398 2550/2091/6398 2554/2095/6398
f 2645/2183/6399 2503/2041/6400 2623/2166/6401
f 2505/2043/6402 2503/2041/6403 2645/2183/6404
f 2507/2045/6405 2505/2043/6406 2645/2183/6407
f 2442/2193/6408 2562/2103/6408 2560/2101/6408
f 2653/2194/6409 2562/2103/6409 2442/2193/6409
f 488/2195/6410 2653/2194/6410 2442/2193/6410
f 2654/2196/6411 2653/2194/6411 488/2195/6411
f 490/2197/6412 2653/2194/6412 2654/2196/6412
f 491/2198/6413 2653/2194/6413 490/2197/6413
f 2655/2199/6414 2653/2194/6414 491/2198/6414
f 493/2200/6415 2653/2194/6415 2655/2199/6415
f 493/2200/6416 2562/2103/6416 2653/2194/6416
f 2656/2201/6417 2562/2103/6417 493/2200/6417
f 494/2202/6418 2656/2201/6418 493/2200/6418
f 495/2203/6419 2656/2201/6419 494/2202/6419
f 2564/2105/6420 2656/2201/6420 495/2203/6420
f 2562/2103/6421 2656/2201/6421 2564/2105/6421
f 2630/2173/6422 2625/2168/6423 2627/2170/6424
f 2631/2174/6425 2625/2168/6426 2630/2173/6427
f 2523/2062/6428 2527/2066/6428 2521/2060/6428
f 2525/2064/6429 2527/2066/6429 2523/2062/6429
f 2524/2063/6430 2579/2120/6430 2581/2122/6430
f 2522/2061/6431 2579/2120/6431 2524/2063/6431
f 2626/2169/6432 2605/2147/6433 2628/2171/6434
f 2604/2146/6435 2605/2147/6436 2626/2169/6437
f 2522/2061/6438 2577/2118/6438 2579/2120/6438
f 2520/2059/6439 2577/2118/6439 2522/2061/6439
f 2518/2057/6440 2577/2118/6440 2520/2059/6440
f 2575/2116/6441 2577/2118/6441 2518/2057/6441
f 2573/2114/6442 2575/2116/6442 2518/2057/6442
f 2517/2056/6443 2573/2114/6443 2518/2057/6443
f 2515/2054/6444 2573/2114/6444 2517/2056/6444
f 2515/2054/6445 2571/2112/6445 2573/2114/6445
f 2513/2052/6446 2571/2112/6446 2515/2054/6446
f 2599/2140/6447 2657/2204/6447 2600/2142/6447
f 2597/2138/6448 2657/2204/6448 2599/2140/6448
f 2650/2190/6449 2648/2188/6450 2649/2189/6451
f 2651/2191/6452 2648/2188/6453 2650/2190/6454
f 2646/2184/6455 2636/2178/6456 2644/2182/6457
f 2638/2179/6458 2636/2178/6459 2646/2184/6460
f 2658/2205/6461 2659/2206/6461 2328/1999/6461
f 2660/2207/6462 2659/2206/6462 2658/2205/6462
f 2661/2208/6463 2660/2207/6463 2658/2205/6463
f 2662/2209/6464 2660/2207/6464 2661/2208/6464
f 2663/2210/6465 2662/2209/6465 2661/2208/6465
f 2664/2211/6466 2662/2209/6466 2663/2210/6466
f 2665/2212/6467 2664/2211/6467 2663/2210/6467
f 2666/2213/6468 2664/2211/6468 2665/2212/6468
f 2667/2214/6469 2666/2213/6469 2665/2212/6469
f 2668/2215/6470 2666/2213/6470 2667/2214/6470
f 2669/2216/6471 2668/2215/6471 2667/2214/6471
f 2670/2217/6472 2668/2215/6472 2669/2216/6472
f 2671/2218/6473 2670/2217/6473 2669/2216/6473
f 2672/2219/6474 2670/2217/6474 2671/2218/6474
f 2673/2220/6475 2672/2219/6475 2671/2218/6475
f 2557/2098/6476 2672/2219/6476 2673/2220/6476
f 2555/2096/6477 2557/2098/6477 2673/2220/6477
f 2674/2221/6478 2658/2205/6478 2328/1999/6478
f 2675/2222/6479 2658/2205/6479 2674/2221/6479
f 2462/2000/6480 2675/2222/6480 2674/2221/6480
f 2676/2223/6481 2675/2222/6481 2462/2000/6481
f 2464/2002/6482 2676/2223/6482 2462/2000/6482
f 2677/2224/6483 2676/2223/6483 2464/2002/6483
f 2466/2004/6484 2677/2224/6484 2464/2002/6484
f 2678/2225/6485 2677/2224/6485 2466/2004/6485
f 2468/2006/6486 2678/2225/6486 2466/2004/6486
f 2679/2226/6487 2678/2225/6487 2468/2006/6487
f 2470/2008/6488 2679/2226/6488 2468/2006/6488
f 2680/2227/6489 2679/2226/6489 2470/2008/6489
f 2472/2010/6490 2680/2227/6490 2470/2008/6490
f 2474/2012/6491 2680/2227/6491 2472/2010/6491
f 2669/2216/6492 2673/2220/6492 2671/2218/6492
f 2681/2228/6493 2673/2220/6493 2669/2216/6493
f 2667/2214/6494 2681/2228/6494 2669/2216/6494
f 2682/2229/6495 2681/2228/6495 2667/2214/6495
f 2683/2230/6496 2682/2229/6496 2667/2214/6496
f 2684/2231/6497 2682/2229/6497 2683/2230/6497
f 2685/2232/6498 2684/2231/6498 2683/2230/6498
f 2686/2233/6499 2684/2231/6499 2685/2232/6499
f 2687/2234/6500 2686/2233/6500 2685/2232/6500
f 2688/2235/6501 2686/2233/6501 2687/2234/6501
f 2689/2236/6502 2688/2235/6502 2687/2234/6502
f 2490/2028/6503 2688/2235/6503 2689/2236/6503
f 2488/2026/6504 2490/2028/6504 2689/2236/6504
f 2681/2228/6505 2555/2096/6505 2673/2220/6505
f 2553/2094/6506 2555/2096/6506 2681/2228/6506
f 2682/2229/6507 2553/2094/6507 2681/2228/6507
f 2690/2237/6508 2553/2094/6508 2682/2229/6508
f 2684/2231/6509 2690/2237/6509 2682/2229/6509
f 2549/2090/6510 2690/2237/6510 2684/2231/6510
f 2686/2233/6511 2549/2090/6511 2684/2231/6511
f 2547/2088/6512 2549/2090/6512 2686/2233/6512
f 2688/2235/6513 2547/2088/6513 2686/2233/6513
f 2691/2238/6514 2547/2088/6514 2688/2235/6514
f 2692/2239/6515 2691/2238/6515 2688/2235/6515
f 2693/2240/6516 2691/2238/6516 2692/2239/6516
f 2694/2241/6517 2693/2240/6517 2692/2239/6517
f 2695/2242/6518 2693/2240/6518 2694/2241/6518
f 2528/2067/6519 2695/2242/6520 2694/2241/6520
f 2530/2069/6521 2695/2242/6522 2528/2067/6523
f 2476/2014/6524 2680/2227/6524 2474/2012/6524
f 2696/2243/6525 2680/2227/6525 2476/2014/6525
f 2697/2244/6526 2696/2243/6526 2476/2014/6526
f 2698/2245/6527 2696/2243/6527 2697/2244/6527
f 2699/2246/6528 2698/2245/6528 2697/2244/6528
f 2700/2247/6529 2698/2245/6529 2699/2246/6529
f 2478/2016/6530 2700/2247/6530 2699/2246/6530
f 2701/2248/6531 2700/2247/6531 2478/2016/6531
f 2480/2018/6532 2701/2248/6532 2478/2016/6532
f 2702/2249/6533 2701/2248/6533 2480/2018/6533
f 2482/2020/6534 2702/2249/6534 2480/2018/6534
f 2484/2022/6535 2702/2249/6535 2482/2020/6535
f 2691/2238/6536 2545/2086/6536 2547/2088/6536
f 2543/2084/6537 2545/2086/6537 2691/2238/6537
f 2693/2240/6538 2543/2084/6538 2691/2238/6538
f 2541/2082/6539 2543/2084/6539 2693/2240/6539
f 2695/2242/6540 2541/2082/6540 2693/2240/6540
f 2539/2080/6541 2541/2082/6541 2695/2242/6541
f 2703/2250/6542 2539/2080/6542 2695/2242/6542
f 2537/2078/6543 2539/2080/6543 2703/2250/6543
f 2532/2071/6544 2537/2078/6545 2703/2250/6545
f 2492/2030/6546 2688/2235/6546 2490/2028/6546
f 2692/2239/6547 2688/2235/6547 2492/2030/6547
f 2694/2241/6548 2692/2239/6548 2492/2030/6548
f 2694/2241/6549 2496/2034/6550 2528/2067/6551
f 2494/2032/6552 2496/2034/6553 2694/2241/6552
f 2492/2030/6554 2494/2032/6554 2694/2241/6554
f 2658/2205/6555 2663/2210/6555 2661/2208/6555
f 2675/2222/6556 2663/2210/6556 2658/2205/6556
f 2696/2243/6557 2679/2226/6557 2680/2227/6557
f 2698/2245/6558 2679/2226/6558 2696/2243/6558
f 2698/2245/6559 2678/2225/6559 2679/2226/6559
f 2704/2251/6560 2678/2225/6560 2698/2245/6560
f 2700/2247/6561 2704/2251/6561 2698/2245/6561
f 2701/2248/6562 2704/2251/6562 2700/2247/6562
f 2704/2251/6563 2677/2224/6563 2678/2225/6563
f 2705/2252/6564 2677/2224/6564 2704/2251/6564
f 2701/2248/6565 2705/2252/6565 2704/2251/6565
f 2702/2249/6566 2705/2252/6566 2701/2248/6566
f 2699/2246/6567 2476/2014/6567 2478/2016/6567
f 2697/2244/6568 2476/2014/6568 2699/2246/6568
f 2703/2250/6569 2530/2069/6570 2532/2071/6571
f 2695/2242/6572 2530/2069/6573 2703/2250/6572
f 2690/2237/6574 2551/2092/6574 2553/2094/6574
f 2549/2090/6575 2551/2092/6575 2690/2237/6575
f 2542/2083/6576 2672/2219/6576 2557/2098/6576
f 2540/2081/6577 2672/2219/6577 2542/2083/6577
f 2705/2252/6578 2702/2249/6578 2706/2253/6578
f 2706/2253/6579 2677/2224/6579 2705/2252/6579
f 2707/2254/6580 2677/2224/6580 2706/2253/6580
f 2708/2255/6581 2707/2254/6581 2706/2253/6581
f 2663/2210/6582 2707/2254/6582 2708/2255/6582
f 2665/2212/6583 2663/2210/6583 2708/2255/6583
f 2702/2249/6584 2708/2255/6584 2706/2253/6584
f 2709/2256/6585 2708/2255/6585 2702/2249/6585
f 2484/2022/6586 2709/2256/6586 2702/2249/6586
f 2486/2024/6587 2709/2256/6587 2484/2022/6587
f 2707/2254/6588 2676/2223/6588 2677/2224/6588
f 2675/2222/6589 2676/2223/6589 2707/2254/6589
f 2663/2210/6590 2675/2222/6590 2707/2254/6590
f 2710/2257/6591 2711/2258/6591 2712/2259/6591
f 2660/2207/6592 2712/2259/6592 2711/2258/6592
f 2662/2209/6593 2712/2259/6593 2660/2207/6593
f 2407/2260/6594 2713/2261/6594 499/2262/6594
f 2598/2139/6595 2713/2261/6595 2407/2260/6595
f 2714/2263/6596 2598/2139/6596 2407/2260/6596
f 2715/2264/6597 2598/2139/6597 2714/2263/6597
f 2716/2265/6598 2715/2264/6598 2714/2263/6598
f 2540/2081/6599 2715/2264/6599 2716/2265/6599
f 2672/2219/6600 2540/2081/6600 2716/2265/6600
f 2717/2266/6601 2716/2265/6601 2714/2263/6601
f 2718/2267/6602 2716/2265/6602 2717/2266/6602
f 2719/2268/6603 2718/2267/6603 2717/2266/6603
f 2670/2217/6604 2718/2267/6604 2719/2268/6604
f 2668/2215/6605 2670/2217/6605 2719/2268/6605
f 2713/2261/6606 501/2269/6606 499/2262/6606
f 502/2270/6607 501/2269/6607 2713/2261/6607
f 504/2271/6608 502/2270/6608 2713/2261/6608
f 2713/2261/6609 2720/2272/6609 504/2271/6609
f 497/2141/6610 2720/2272/6610 2713/2261/6610
f 2598/2139/6611 497/2141/6611 2713/2261/6611
f 2715/2264/6612 2536/2077/6612 2598/2139/6612
f 2538/2079/6613 2536/2077/6613 2715/2264/6613
f 2540/2081/6614 2538/2079/6614 2715/2264/6614
f 2718/2267/6615 2672/2219/6615 2716/2265/6615
f 2670/2217/6616 2672/2219/6616 2718/2267/6616
f 2721/2273/6617 2664/2211/6617 2666/2213/6617
f 2722/2274/6618 2664/2211/6618 2721/2273/6618
f 2723/2275/6619 2722/2274/6619 2721/2273/6619
f 2724/2276/6620 2722/2274/6620 2723/2275/6620
f 2725/2277/6621 2724/2276/6621 2723/2275/6621
f 2726/2278/6622 2724/2276/6622 2725/2277/6622
f 2723/2275/6623 2727/2279/6623 2725/2277/6623
f 2717/2266/6624 2727/2279/6624 2723/2275/6624
f 2719/2268/6625 2717/2266/6625 2723/2275/6625
f 2721/2273/6626 2719/2268/6626 2723/2275/6626
f 2668/2215/6627 2719/2268/6627 2721/2273/6627
f 2666/2213/6628 2668/2215/6628 2721/2273/6628
f 2710/2257/6629 2724/2276/6629 2726/2278/6629
f 2712/2259/6630 2724/2276/6630 2710/2257/6630
f 2662/2209/6631 2724/2276/6631 2712/2259/6631
f 2722/2274/6632 2724/2276/6632 2662/2209/6632
f 2664/2211/6633 2722/2274/6633 2662/2209/6633
f 2708/2255/6634 2728/2280/6634 2665/2212/6634
f 2685/2232/6635 2728/2280/6635 2708/2255/6635
f 2709/2256/6636 2685/2232/6636 2708/2255/6636
f 2729/2281/6637 2685/2232/6637 2709/2256/6637
f 2486/2024/6638 2729/2281/6638 2709/2256/6638
f 2488/2026/6639 2729/2281/6639 2486/2024/6639
f 2728/2280/6640 2667/2214/6640 2665/2212/6640
f 2683/2230/6641 2667/2214/6641 2728/2280/6641
f 2685/2232/6642 2683/2230/6642 2728/2280/6642
f 2729/2281/6643 2687/2234/6643 2685/2232/6643
f 2689/2236/6644 2687/2234/6644 2729/2281/6644
f 2488/2026/6645 2689/2236/6645 2729/2281/6645
f 2730/2282/6646 2513/2052/6646 2512/2051/6646
f 2571/2112/6647 2513/2052/6647 2730/2282/6647
f 2569/2110/6648 2571/2112/6648 2730/2282/6648
f 2730/2282/6649 2567/2108/6649 2569/2110/6649
f 2566/2107/6650 2567/2108/6650 2730/2282/6650
f 2512/2051/6651 2566/2107/6651 2730/2282/6651
f 2731/2283/6652 2625/2168/6653 2631/2174/6654
f 2594/2135/6655 2625/2168/6656 2731/2283/6657
f 2641/2181/6658 2594/2135/6659 2731/2283/6660
f 2633/2176/6661 2731/2283/6662 2631/2174/6663
f 2641/2181/6664 2731/2283/6665 2633/2176/6666
f 2326/2284/6667 2458/2285/6667 2449/2286/6667
f 2327/2287/6668 2458/2285/6668 2326/2284/6668
f 2328/2288/6669 2327/2287/6669 2326/2284/6669
f 2329/2289/6670 2327/2287/6670 2328/2288/6670
f 2330/2290/6671 2329/2289/6671 2328/2288/6671
f 2331/2291/6672 2329/2289/6672 2330/2290/6672
f 2332/2292/6673 2331/2291/6673 2330/2290/6673
f 2333/2293/6674 2331/2291/6674 2332/2292/6674
f 2334/2294/6675 2333/2293/6675 2332/2292/6675
f 2335/2295/6676 2333/2293/6676 2334/2294/6676
f 2336/2296/6677 2335/2295/6677 2334/2294/6677
f 2337/2297/6678 2335/2295/6678 2336/2296/6678
f 2338/2298/6679 2337/2297/6679 2336/2296/6679
f 2339/2299/6680 2337/2297/6680 2338/2298/6680
f 2340/2300/6681 2339/2299/6681 2338/2298/6681
f 2341/2301/6682 2339/2299/6682 2340/2300/6682
f 2342/2302/6683 2341/2301/6683 2340/2300/6683
f 2412/2303/6684 2341/2301/6684 2342/2302/6684
f 2335/2295/6685 2331/2291/6685 2333/2293/6685
f 2343/2304/6686 2331/2291/6686 2335/2295/6686
f 2337/2297/6687 2343/2304/6687 2335/2295/6687
f 2344/2305/6688 2343/2304/6688 2337/2297/6688
f 2345/2306/6689 2344/2305/6689 2337/2297/6689
f 2346/2307/6690 2344/2305/6690 2345/2306/6690
f 2347/2308/6691 2346/2307/6691 2345/2306/6691
f 2348/2309/6692 2346/2307/6692 2347/2308/6692
f 2349/2310/6693 2348/2309/6693 2347/2308/6693
f 2350/2311/6694 2348/2309/6694 2349/2310/6694
f 2351/2312/6695 2350/2311/6695 2349/2310/6695
f 2352/2313/6696 2350/2311/6696 2351/2312/6696
f 2353/2314/6697 2352/2313/6697 2351/2312/6697
f 2354/2315/6698 2352/2313/6698 2353/2314/6698
f 2355/2316/6699 2354/2315/6699 2353/2314/6699
f 2356/2317/6700 2354/2315/6700 2355/2316/6700
f 2357/2318/6701 2356/2317/6701 2355/2316/6701
f 2434/2319/6702 2353/2314/6702 2351/2312/6702
f 2358/2320/6703 2353/2314/6703 2434/2319/6703
f 2427/2321/6704 2358/2320/6704 2434/2319/6704
f 2359/2322/6705 2358/2320/6705 2427/2321/6705
f 2360/2323/6706 2359/2322/6706 2427/2321/6706
f 2361/2324/6707 2359/2322/6707 2360/2323/6707
f 2362/2325/6708 2361/2324/6708 2360/2323/6708
f 2363/2326/6709 2361/2324/6709 2362/2325/6709
f 2364/2327/6710 2363/2326/6710 2362/2325/6710
f 2365/2328/6711 2363/2326/6711 2364/2327/6711
f 2366/2329/6712 2365/2328/6712 2364/2327/6712
f 2367/2330/6713 2365/2328/6713 2366/2329/6713
f 2368/2331/6714 2367/2330/6714 2366/2329/6714
f 2369/2332/6715 2367/2330/6715 2368/2331/6715
f 2370/2333/6716 2369/2332/6716 2368/2331/6716
f 2371/2334/6717 2369/2332/6717 2370/2333/6717
f 2372/2335/6718 2371/2334/6718 2370/2333/6718
f 2373/2336/6719 2371/2334/6719 2372/2335/6719
f 2358/2320/6720 2355/2316/6720 2353/2314/6720
f 2374/2337/6721 2355/2316/6721 2358/2320/6721
f 2359/2322/6722 2374/2337/6722 2358/2320/6722
f 2375/2338/6723 2374/2337/6723 2359/2322/6723
f 2361/2324/6724 2375/2338/6724 2359/2322/6724
f 2376/2339/6725 2375/2338/6725 2361/2324/6725
f 2363/2326/6726 2376/2339/6726 2361/2324/6726
f 2377/2340/6727 2376/2339/6727 2363/2326/6727
f 2365/2328/6728 2377/2340/6728 2363/2326/6728
f 2378/2341/6729 2377/2340/6729 2365/2328/6729
f 2367/2330/6730 2378/2341/6730 2365/2328/6730
f 2379/2342/6731 2378/2341/6731 2367/2330/6731
f 2369/2332/6732 2379/2342/6732 2367/2330/6732
f 2371/2334/6733 2379/2342/6733 2369/2332/6733
f 2339/2299/6734 2345/2306/6734 2337/2297/6734
f 2380/2343/6735 2345/2306/6735 2339/2299/6735
f 2381/2344/6736 2380/2343/6736 2339/2299/6736
f 2382/2345/6737 2380/2343/6737 2381/2344/6737
f 2383/2346/6738 2382/2345/6738 2381/2344/6738
f 2384/2347/6739 2382/2345/6739 2383/2346/6739
f 2385/2348/6740 2384/2347/6740 2383/2346/6740
f 2438/2349/6741 2384/2347/6741 2385/2348/6741
f 2437/2350/6742 2438/2349/6742 2385/2348/6742
f 687/2351/6743 2377/2340/6744 651/2352/6745
f 2386/2353/6746 2377/2340/6746 687/2351/6747
f 2387/2354/6748 2386/2353/6748 687/2351/6749
f 2388/2355/6750 2386/2353/6750 2387/2354/6750
f 2389/2356/6751 2388/2355/6751 2387/2354/6751
f 2390/2357/6752 2388/2355/6752 2389/2356/6752
f 2391/2358/6753 2390/2357/6753 2389/2356/6753
f 2357/2318/6754 2390/2357/6754 2391/2358/6754
f 2368/2331/6755 2392/2359/6755 2370/2333/6755
f 2393/2360/6756 2392/2359/6756 2368/2331/6756
f 2394/2361/6757 2393/2360/6757 2368/2331/6757
f 2395/2362/6758 2393/2360/6758 2394/2361/6758
f 2396/2363/6759 2395/2362/6759 2394/2361/6759
f 2397/2364/6760 2395/2362/6760 2396/2363/6760
f 2398/2365/6761 2397/2364/6761 2396/2363/6761
f 2437/2366/6762 2397/2364/6762 2398/2365/6762
f 2366/2329/6763 2394/2361/6763 2368/2331/6763
f 2396/2363/6764 2394/2361/6764 2366/2329/6764
f 2364/2327/6765 2396/2363/6765 2366/2329/6765
f 2398/2365/6766 2396/2363/6766 2364/2327/6766
f 2362/2325/6767 2398/2365/6767 2364/2327/6767
f 2399/2367/6768 2398/2365/6768 2362/2325/6768
f 2360/2323/6769 2399/2367/6769 2362/2325/6769
f 2400/2368/6770 2399/2367/6770 2360/2323/6770
f 2427/2321/6771 2400/2368/6771 2360/2323/6771
f 2446/2369/6772 2397/2364/6772 2437/2366/6772
f 2401/2370/6773 2397/2364/6773 2446/2369/6773
f 2402/2371/6774 2401/2370/6774 2446/2369/6774
f 2403/2372/6775 2401/2370/6775 2402/2371/6775
f 2404/2373/6776 2403/2372/6776 2402/2371/6776
f 2393/2360/6777 2403/2372/6777 2404/2373/6777
f 2405/2374/6778 2393/2360/6778 2404/2373/6778
f 2406/2375/6779 2393/2360/6779 2405/2374/6779
f 2407/2376/6780 2406/2375/6780 2405/2374/6780
f 2392/2359/6781 2393/2360/6781 2406/2375/6781
f 2336/2296/6782 2340/2300/6782 2338/2298/6782
f 2408/2377/6783 2340/2300/6783 2336/2296/6783
f 2334/2294/6784 2408/2377/6784 2336/2296/6784
f 2409/2378/6785 2408/2377/6785 2334/2294/6785
f 2410/2379/6786 2409/2378/6786 2334/2294/6786
f 2332/2292/6787 2410/2379/6787 2334/2294/6787
f 2433/2380/6788 2402/2371/6788 2446/2369/6788
f 2411/2381/6789 2402/2371/6789 2433/2380/6789
f 2412/2382/6790 2411/2381/6790 2433/2380/6790
f 2413/2383/6791 2411/2381/6791 2412/2382/6791
f 2342/2384/6792 2413/2383/6792 2412/2382/6792
f 2414/2385/6793 2413/2383/6793 2342/2384/6793
f 2415/2386/6794 2414/2385/6794 2342/2384/6794
f 2416/2387/6795 2414/2385/6795 2415/2386/6795
f 2409/2388/6796 2416/2387/6796 2415/2386/6796
f 2417/2389/6797 2416/2387/6797 2409/2388/6797
f 2411/2381/6798 2404/2373/6798 2402/2371/6798
f 2418/2390/6799 2404/2373/6799 2411/2381/6799
f 2413/2383/6800 2418/2390/6800 2411/2381/6800
f 2419/2391/6801 2418/2390/6801 2413/2383/6801
f 2414/2385/6802 2419/2391/6802 2413/2383/6802
f 2420/2392/6803 2419/2391/6803 2414/2385/6803
f 2416/2387/6804 2420/2392/6804 2414/2385/6804
f 2421/2393/6805 2420/2392/6805 2416/2387/6805
f 2422/2394/6806 2421/2393/6806 2416/2387/6806
f 2423/2395/6807 2421/2393/6807 2422/2394/6807
f 2417/2389/6808 2422/2394/6808 2416/2387/6808
f 2380/2343/6809 2347/2308/6809 2345/2306/6809
f 2424/2396/6810 2347/2308/6810 2380/2343/6810
f 2382/2345/6811 2424/2396/6811 2380/2343/6811
f 2384/2347/6812 2424/2396/6812 2382/2345/6812
f 2424/2396/6813 2349/2310/6813 2347/2308/6813
f 2425/2397/6814 2349/2310/6814 2424/2396/6814
f 2426/2398/6815 2425/2397/6815 2424/2396/6815
f 2427/2399/6816 2425/2397/6816 2426/2398/6816
f 2400/2400/6817 2427/2399/6817 2426/2398/6817
f 2428/2401/6818 2387/2354/6819 687/2351/6820
f 2429/2402/6821 2387/2354/6821 2428/2401/6822
f 2430/2403/6823 2429/2402/6824 2428/2401/6825
f 2431/2404/6826 2429/2402/6826 2430/2403/6827
f 2341/2301/6828 2381/2344/6828 2339/2299/6828
f 2432/2405/6829 2381/2344/6829 2341/2301/6829
f 2412/2303/6830 2432/2405/6830 2341/2301/6830
f 2433/2406/6831 2432/2405/6831 2412/2303/6831
f 2426/2398/6832 2438/2349/6832 2400/2400/6832
f 2384/2347/6833 2438/2349/6833 2426/2398/6833
f 2424/2396/6834 2384/2347/6834 2426/2398/6834
f 2425/2397/6835 2351/2312/6835 2349/2310/6835
f 2434/2407/6836 2351/2312/6836 2425/2397/6836
f 2427/2399/6837 2434/2407/6837 2425/2397/6837
f 2418/2390/6838 2405/2374/6838 2404/2373/6838
f 2435/2408/6839 2405/2374/6839 2418/2390/6839
f 2419/2391/6840 2435/2408/6840 2418/2390/6840
f 2420/2392/6841 2435/2408/6841 2419/2391/6841
f 2429/2402/6842 2389/2356/6842 2387/2354/6842
f 2391/2358/6843 2389/2356/6843 2429/2402/6843
f 2436/2409/6844 2391/2358/6844 2429/2402/6844
f 2431/2404/6845 2436/2409/6845 2429/2402/6845
f 2415/2410/6846 2408/2377/6846 2409/2378/6846
f 2340/2300/6847 2408/2377/6847 2415/2410/6847
f 2342/2302/6848 2340/2300/6848 2415/2410/6848
f 2399/2367/6849 2437/2411/6849 2398/2365/6849
f 2438/2412/6850 2437/2411/6850 2399/2367/6850
f 2400/2368/6851 2438/2412/6851 2399/2367/6851
f 2439/2413/6852 2440/2414/6852 2441/2415/6852
f 2442/2416/6853 2440/2414/6853 2439/2413/6853
f 2356/2317/6854 2442/2416/6854 2439/2413/6854
f 2395/2362/6855 2403/2372/6855 2393/2360/6855
f 2401/2370/6856 2403/2372/6856 2395/2362/6856
f 2397/2364/6857 2401/2370/6857 2395/2362/6857
f 2435/2408/6858 2407/2376/6858 2405/2374/6858
f 2443/2417/6859 2407/2376/6859 2435/2408/6859
f 2444/2418/6860 2443/2417/6860 2435/2408/6860
f 2444/2418/6861 2421/2393/6861 2423/2395/6861
f 2420/2392/6862 2421/2393/6862 2444/2418/6862
f 2435/2408/6863 2420/2392/6863 2444/2418/6863
f 2439/2413/6864 2354/2315/6864 2356/2317/6864
f 2445/2419/6865 2354/2315/6865 2439/2413/6865
f 2355/2316/6866 2390/2357/6866 2357/2318/6866
f 2374/2337/6867 2390/2357/6867 2355/2316/6867
f 2375/2338/6868 2390/2357/6868 2374/2337/6868
f 2388/2355/6869 2390/2357/6869 2375/2338/6869
f 2376/2339/6870 2388/2355/6870 2375/2338/6870
f 2386/2353/6871 2388/2355/6871 2376/2339/6871
f 2377/2340/6872 2386/2353/6872 2376/2339/6872
f 2385/2348/6873 2446/2420/6873 2437/2350/6873
f 2383/2346/6874 2446/2420/6874 2385/2348/6874
f 2383/2346/6875 2433/2406/6875 2446/2420/6875
f 2432/2405/6876 2433/2406/6876 2383/2346/6876
f 2381/2344/6877 2432/2405/6877 2383/2346/6877
f 2377/2340/6878 649/2421/6879 651/2422/6880
f 2378/2341/6881 649/2421/6882 2377/2340/6881
f 2379/2342/6883 649/2421/6884 2378/2341/6883
f 2447/2423/6885 649/2421/6886 2379/2342/6887
f 2371/2334/6888 2447/2423/6889 2379/2342/6888
f 654/2424/6890 2447/2423/6891 2371/2334/6892
f 2373/2336/6893 654/2424/6894 2371/2334/6893
f 2445/2419/6895 2448/2425/6895 2354/2315/6895
f 2449/2426/6896 2448/2425/6896 2445/2419/6896
f 2448/2425/6897 2352/2313/6897 2354/2315/6897
f 2450/2427/6898 2352/2313/6898 2448/2425/6898
f 2451/2428/6899 2450/2427/6899 2448/2425/6899
f 2452/2429/6900 2450/2427/6900 2451/2428/6900
f 2453/2430/6901 2452/2429/6901 2451/2428/6901
f 2454/2431/6902 2452/2429/6902 2453/2430/6902
f 2455/2432/6903 2454/2431/6903 2453/2430/6903
f 2456/2433/6904 2454/2431/6904 2455/2432/6904
f 2457/2434/6905 2456/2433/6905 2455/2432/6905
f 2344/2305/6906 2456/2433/6906 2457/2434/6906
f 2343/2304/6907 2344/2305/6907 2457/2434/6907
f 2457/2434/6908 2331/2291/6908 2343/2304/6908
f 2329/2289/6909 2331/2291/6909 2457/2434/6909
f 2455/2432/6910 2329/2289/6910 2457/2434/6910
f 2327/2287/6911 2329/2289/6911 2455/2432/6911
f 2453/2430/6912 2327/2287/6912 2455/2432/6912
f 2458/2435/6913 2327/2287/6913 2453/2430/6913
f 2451/2428/6914 2458/2435/6914 2453/2430/6914
f 2449/2426/6915 2458/2435/6915 2451/2428/6915
f 2448/2425/6916 2449/2426/6916 2451/2428/6916
f 2346/2307/6917 2456/2433/6917 2344/2305/6917
f 2459/2436/6918 2456/2433/6918 2346/2307/6918
f 2348/2309/6919 2459/2436/6919 2346/2307/6919
f 2460/2437/6920 2459/2436/6920 2348/2309/6920
f 2350/2311/6921 2460/2437/6921 2348/2309/6921
f 2450/2427/6922 2460/2437/6922 2350/2311/6922
f 2352/2313/6923 2450/2427/6923 2350/2311/6923
f 2452/2429/6924 2460/2437/6924 2450/2427/6924
f 2454/2431/6925 2460/2437/6925 2452/2429/6925
f 2459/2436/6926 2454/2431/6926 2456/2433/6926
f 2460/2437/6927 2454/2431/6927 2459/2436/6927
f 131/2438/6928 132/2439/6928 133/2440/6928
f 134/2441/6929 132/2439/6929 131/2438/6929
f 135/2442/6930 134/2441/6930 131/2438/6930
f 136/2443/6931 134/2441/6931 135/2442/6931
f 137/2444/6932 136/2443/6932 135/2442/6932
f 138/2445/6933 136/2443/6933 137/2444/6933
f 139/2446/6934 138/2445/6934 137/2444/6934
f 140/2447/6935 138/2445/6935 139/2446/6935
f 141/2448/6936 140/2447/6936 139/2446/6936
f 147/2449/6937 140/2447/6937 141/2448/6937
f 142/2450/6938 147/2449/6938 141/2448/6938
f 143/2451/6939 141/2448/6939 139/2446/6939
f 144/2452/6940 141/2448/6940 143/2451/6940
f 142/2450/6941 144/2452/6941 145/2453/6941
f 141/2448/6942 144/2452/6942 142/2450/6942
f 146/2454/6943 140/2447/6943 147/2455/6943
f 148/2456/6944 140/2447/6944 146/2454/6944
f 149/2457/6945 148/2456/6945 146/2454/6945
f 136/2443/6946 148/2456/6946 149/2457/6946
f 134/2441/6947 136/2443/6947 149/2457/6947
f 138/2445/6948 148/2456/6948 136/2443/6948
f 140/2447/6949 148/2456/6949 138/2445/6949
f 150/2458/6950 146/2454/6950 147/2455/6950
f 132/2439/6951 146/2454/6951 150/2458/6951
f 132/2439/6952 149/2457/6952 146/2454/6952
f 134/2441/6953 149/2457/6953 132/2439/6953
f 151/2459/6954 152/2460/6954 143/2461/6954
f 131/2438/6955 152/2460/6955 151/2459/6955
f 135/2442/6956 131/2438/6956 151/2459/6956
f 151/2459/6957 137/2444/6957 135/2442/6957
f 139/2446/6958 137/2444/6958 151/2459/6958
f 143/2461/6959 139/2446/6959 151/2459/6959
f 2988/2462/6960 505/2463/6960 506/2464/6960
f 507/2465/6961 505/2463/6961 2988/2462/6961
f 508/2466/6962 507/2465/6962 2988/2462/6962
f 509/2467/6963 507/2465/6963 508/2466/6963
f 510/2468/6964 509/2467/6964 508/2466/6964
f 511/2469/6965 509/2467/6965 510/2468/6965
f 512/2470/6966 511/2469/6966 510/2468/6966
f 513/2471/6967 511/2469/6967 512/2470/6967
f 514/2472/6968 513/2471/6968 512/2470/6968
f 515/2473/6969 513/2471/6969 514/2472/6969
f 516/2474/6970 515/2473/6970 514/2472/6970
f 517/2475/6971 514/2472/6971 512/2470/6971
f 518/2476/6971 514/2472/6971 517/2475/6971
f 516/2474/6972 518/2476/6972 519/2477/6972
f 514/2472/6973 518/2476/6973 516/2474/6973
f 520/2478/6974 513/2471/6974 515/2479/6974
f 521/2480/6975 513/2471/6975 520/2478/6975
f 522/2481/6976 521/2480/6976 520/2478/6976
f 509/2467/6977 521/2480/6977 522/2481/6977
f 507/2465/6978 509/2467/6978 522/2481/6978
f 523/2482/6979 520/2478/6979 515/2479/6979
f 505/2463/6980 520/2478/6980 523/2482/6980
f 522/2481/6981 505/2463/6981 507/2465/6981
f 520/2478/6982 505/2463/6982 522/2481/6982
f 521/2480/6983 511/2469/6983 513/2471/6983
f 509/2467/6984 511/2469/6984 521/2480/6984
f 524/2483/6985 2987/2484/6985 517/2485/6985
f 2988/2462/6986 2987/2484/6986 524/2483/6986
f 508/2466/6987 2988/2462/6987 524/2483/6987
f 524/2483/6988 510/2468/6988 508/2466/6988
f 512/2470/6989 510/2468/6989 524/2483/6989
f 517/2485/6990 512/2470/6990 524/2483/6990
f 2984/2486/6991 2985/2487/6991 2986/2488/6991
f 506/2489/6992 2985/2487/6992 2984/2486/6992
f 2987/2490/6993 506/2489/6993 2984/2486/6993
f 2988/2491/6994 506/2489/6994 2987/2490/6994
f 506/2489/6995 523/2492/6995 2985/2487/6995
f 505/2493/6996 523/2492/6996 506/2489/6996
f 2989/2494/6997 2990/2495/6997 2991/2496/6997
f 133/2497/6998 2990/2495/6998 2989/2494/6998
f 152/2498/6999 133/2497/6999 2989/2494/6999
f 131/2499/6999 133/2497/6999 152/2498/6999
f 133/2497/7000 150/2500/7000 2990/2495/7000
f 132/2501/7001 150/2500/7001 133/2497/7001
f 1844/2502/7002 1845/2503/7002 1846/2504/7002
f 1847/2505/7003 1848/2506/7003 1849/2507/7003
f 1844/2502/7004 1846/2504/7004 1850/2508/7004
f 1851/2508/7005 2019/2504/7005 1852/2502/7005
f 1853/2506/7006 1854/2505/7006 1855/2507/7006
f 1852/2502/7007 2019/2504/7007 1856/2503/7007
f 1857/2509/7008 1847/2505/7008 1849/2507/7008
f 1858/2510/7009 1847/2505/7009 1857/2509/7009
f 1859/2511/7010 1858/2510/7010 1857/2509/7010
f 1860/2512/7011 1858/2510/7011 1859/2511/7011
f 1861/2513/7012 1860/2512/7012 1859/2511/7012
f 1862/2514/7013 1860/2512/7013 1861/2513/7013
f 1863/2515/7014 1862/2514/7015 1861/2513/7016
f 1864/2516/7017 1862/2514/7018 1863/2515/7019
f 1865/2517/7020 1864/2516/7021 1863/2515/7022
f 1866/2518/7023 1864/2516/7024 1865/2517/7025
f 1867/2519/7026 1866/2518/7027 1865/2517/7028
f 1868/2520/7029 1866/2518/7030 1867/2519/7031
f 1869/2521/7032 1868/2520/7033 1867/2519/7034
f 1870/2522/7035 1868/2520/7036 1869/2521/7037
f 1871/2523/7038 1870/2522/7039 1869/2521/7040
f 1872/2524/7041 1870/2522/7042 1871/2523/7043
f 1873/2525/7044 1872/2524/7045 1871/2523/7046
f 1874/2523/7047 1872/2524/7048 1873/2525/7049
f 1875/2526/7050 1874/2523/7051 1873/2525/7052
f 1876/2527/7053 1874/2523/7054 1875/2526/7055
f 1877/2528/7056 1876/2527/7057 1875/2526/7058
f 1878/2529/7059 1876/2527/7060 1877/2528/7061
f 1879/2530/7062 1878/2529/7063 1877/2528/7064
f 1880/2531/7065 1878/2529/7066 1879/2530/7067
f 1881/2532/7068 1880/2531/7069 1879/2530/7070
f 1882/2533/7071 1880/2531/7072 1881/2532/7073
f 1883/2534/7074 1882/2533/7075 1881/2532/7076
f 1884/2535/7077 1882/2533/7078 1883/2534/7079
f 1885/2536/7080 1884/2535/7081 1883/2534/7082
f 1886/2537/7083 1884/2535/7084 1885/2536/7085
f 1887/2538/7086 1886/2537/7087 1885/2536/7088
f 1888/2539/7089 1886/2537/7090 1887/2538/7091
f 1889/2540/7092 1888/2539/7093 1887/2538/7094
f 1890/2541/7095 1888/2539/7096 1889/2540/7097
f 1891/2542/7098 1890/2541/7099 1889/2540/7100
f 1892/2543/7101 1890/2541/7102 1891/2542/7103
f 1893/2544/7104 1892/2543/7105 1891/2542/7106
f 1894/2545/7107 1892/2543/7107 1893/2544/7108
f 1895/2546/7109 1894/2545/7110 1893/2544/7111
f 1896/2547/7112 1894/2545/7113 1895/2546/7114
f 1897/2548/7115 1896/2547/7116 1895/2546/7117
f 1898/2549/7118 1896/2547/7119 1897/2548/7120
f 1899/2550/7121 1898/2549/7122 1897/2548/7123
f 2009/2551/7124 1898/2549/7124 1899/2550/7124
f 1900/2552/7125 1856/2503/7125 2019/2504/7125
f 1901/2553/7126 1856/2503/7126 1900/2552/7126
f 1902/2554/7127 1901/2553/7127 1900/2552/7127
f 1903/2555/7128 1901/2553/7128 1902/2554/7128
f 1904/2556/7129 1903/2555/7130 1902/2554/7131
f 1905/2516/7132 1903/2555/7133 1904/2556/7134
f 1906/2518/7135 1905/2516/7136 1904/2556/7137
f 1907/2517/7138 1905/2516/7139 1906/2518/7140
f 1908/2519/7141 1907/2517/7142 1906/2518/7143
f 1909/2557/7144 1907/2517/7145 1908/2519/7146
f 1910/2558/7147 1909/2557/7148 1908/2519/7149
f 1911/2559/7150 1909/2557/7151 1910/2558/7152
f 1912/2560/7153 1911/2559/7154 1910/2558/7155
f 1913/2561/7156 1911/2559/7157 1912/2560/7158
f 1878/2529/7159 1913/2561/7160 1912/2560/7161
f 1914/2562/7162 1913/2561/7163 1878/2529/7164
f 1880/2531/7165 1914/2562/7166 1878/2529/7167
f 1882/2533/7168 1914/2562/7169 1880/2531/7170
f 1871/2523/7171 1875/2526/7172 1873/2525/7173
f 1915/2527/7174 1875/2526/7175 1871/2523/7176
f 1916/2563/7177 1915/2527/7178 1871/2523/7179
f 1917/2529/7180 1915/2527/7181 1916/2563/7182
f 1918/2560/7183 1917/2529/7184 1916/2563/7185
f 1919/2561/7186 1917/2529/7187 1918/2560/7188
f 1920/2559/7189 1919/2561/7190 1918/2560/7191
f 1921/2564/7192 1919/2561/7193 1920/2559/7194
f 1922/2537/7195 1921/2564/7196 1920/2559/7197
f 1923/2535/7198 1921/2564/7199 1922/2537/7200
f 1924/2536/7201 1923/2535/7202 1922/2537/7203
f 1925/2534/7204 1923/2535/7205 1924/2536/7206
f 1926/2565/7207 1925/2534/7208 1924/2536/7209
f 1521/2566/7210 1925/2534/7211 1926/2565/7212
f 1869/2521/7213 1916/2563/7214 1871/2523/7215
f 1918/2560/7216 1916/2563/7217 1869/2521/7218
f 1927/2558/7219 1918/2560/7220 1869/2521/7221
f 1920/2559/7222 1918/2560/7223 1927/2558/7224
f 1928/2557/7225 1920/2559/7226 1927/2558/7227
f 1929/2567/7228 1920/2559/7229 1928/2557/7230
f 1930/2568/7231 1929/2567/7232 1928/2557/7233
f 1931/2541/7234 1929/2567/7235 1930/2568/7236
f 1932/2569/7237 1931/2541/7238 1930/2568/7239
f 1933/2543/7240 1931/2541/7241 1932/2569/7242
f 1934/2570/7243 1933/2543/7244 1932/2569/7245
f 1935/2545/7246 1933/2543/7247 1934/2570/7248
f 1936/2571/7249 1935/2545/7250 1934/2570/7251
f 1937/2547/7252 1935/2545/7253 1936/2571/7254
f 1938/2572/7255 1937/2547/7255 1936/2571/7255
f 1939/2573/7256 1937/2547/7256 1938/2572/7256
f 1860/2512/7257 1847/2505/7257 1858/2510/7257
f 1940/2574/7258 1847/2505/7258 1860/2512/7258
f 1862/2514/7259 1940/2574/7259 1860/2512/7259
f 1941/2555/7260 1940/2574/7260 1862/2514/7260
f 1864/2516/7261 1941/2555/7262 1862/2514/7263
f 1942/2556/7264 1941/2555/7265 1864/2516/7266
f 1866/2518/7267 1942/2556/7268 1864/2516/7269
f 1943/2575/7270 1942/2556/7270 1866/2518/7271
f 1868/2520/7272 1943/2575/7273 1866/2518/7274
f 1944/2576/7275 1943/2575/7276 1868/2520/7277
f 1870/2522/7278 1944/2576/7279 1868/2520/7280
f 1870/2522/7281 1945/2577/7282 1944/2576/7283
f 1870/2522/7284 1872/2524/7285 1945/2577/7286
f 1929/2567/7287 1922/2537/7288 1920/2559/7289
f 1946/2539/7290 1922/2537/7291 1929/2567/7292
f 1931/2541/7293 1946/2539/7294 1929/2567/7295
f 1947/2540/7296 1946/2539/7297 1931/2541/7298
f 1948/2542/7299 1947/2540/7300 1931/2541/7301
f 1949/2578/7302 1947/2540/7303 1948/2542/7304
f 1950/2579/7305 1949/2578/7306 1948/2542/7307
f 1951/2580/7308 1949/2578/7309 1950/2579/7310
f 1952/2581/7311 1951/2580/7312 1950/2579/7313
f 1953/2582/7314 1951/2580/7315 1952/2581/7316
f 1954/2548/7317 1953/2582/7318 1952/2581/7319
f 1955/2583/7320 1953/2582/7321 1954/2548/7322
f 1956/2550/7323 1955/2583/7324 1954/2548/7325
f 1901/2553/7326 1853/2506/7326 1856/2503/7326
f 1957/2574/7327 1853/2506/7327 1901/2553/7327
f 1903/2555/7328 1957/2574/7328 1901/2553/7328
f 1958/2514/7329 1957/2574/7329 1903/2555/7329
f 1905/2516/7330 1958/2514/7331 1903/2555/7332
f 1959/2515/7333 1958/2514/7334 1905/2516/7335
f 1907/2517/7336 1959/2515/7336 1905/2516/7336
f 1960/2584/7337 1959/2515/7338 1907/2517/7339
f 1909/2557/7340 1960/2584/7341 1907/2517/7342
f 1961/2568/7343 1960/2584/7344 1909/2557/7345
f 1962/2567/7346 1961/2568/7347 1909/2557/7348
f 1890/2541/7349 1961/2568/7350 1962/2567/7351
f 1888/2539/7352 1890/2541/7353 1962/2567/7354
f 1854/2505/7355 1853/2506/7355 1957/2574/7355
f 1963/2585/7356 1944/2586/7357 1945/2587/7358
f 1964/2588/7359 1944/2586/7360 1963/2585/7361
f 1965/2589/7362 1964/2588/7363 1963/2585/7364
f 1951/2580/7365 1964/2588/7366 1965/2589/7367
f 1966/2590/7368 1951/2580/7369 1965/2589/7370
f 1949/2578/7371 1951/2580/7372 1966/2590/7373
f 1967/2591/7374 1949/2578/7375 1966/2590/7376
f 1947/2540/7377 1949/2578/7378 1967/2591/7379
f 1968/2592/7380 1947/2540/7381 1967/2591/7382
f 1969/2538/7383 1947/2540/7384 1968/2592/7385
f 1970/2593/7386 1969/2538/7387 1968/2592/7388
f 1971/2594/7389 1969/2538/7390 1970/2593/7391
f 1968/2592/7392 1972/2595/7393 1970/2593/7394
f 1973/2596/7395 1972/2595/7396 1968/2592/7397
f 1967/2591/7398 1973/2596/7399 1968/2592/7400
f 1974/2597/7401 1973/2596/7402 1967/2591/7403
f 1975/2598/7404 1974/2597/7405 1967/2591/7406
f 1976/2599/7407 1974/2597/7408 1975/2598/7409
f 1977/2600/7410 1976/2599/7411 1975/2598/7412
f 1978/2601/7413 1976/2599/7414 1977/2600/7415
f 1979/2602/7416 1978/2601/7417 1977/2600/7418
f 1980/2600/7419 1978/2601/7420 1979/2602/7421
f 1981/2589/7422 1980/2600/7423 1979/2602/7424
f 1982/2590/7425 1980/2600/7426 1981/2589/7427
f 1983/2580/7428 1982/2590/7429 1981/2589/7430
f 1984/2578/7431 1982/2590/7432 1983/2580/7433
f 1985/2579/7434 1984/2578/7435 1983/2580/7436
f 1891/2542/7437 1984/2578/7438 1985/2579/7439
f 1893/2544/7440 1891/2542/7441 1985/2579/7442
f 1966/2590/7443 1975/2598/7444 1967/2591/7445
f 1977/2600/7446 1975/2598/7447 1966/2590/7448
f 1965/2589/7449 1977/2600/7450 1966/2590/7451
f 1979/2602/7452 1977/2600/7453 1965/2589/7454
f 1963/2585/7455 1979/2602/7456 1965/2589/7457
f 1981/2589/7458 1979/2602/7459 1963/2585/7460
f 1986/2588/7461 1981/2589/7462 1963/2585/7463
f 1983/2580/7464 1981/2589/7465 1986/2588/7466
f 1987/2582/7467 1983/2580/7468 1986/2588/7469
f 1988/2581/7470 1983/2580/7471 1987/2582/7472
f 1897/2548/7473 1988/2581/7474 1987/2582/7475
f 1895/2546/7476 1988/2581/7477 1897/2548/7478
f 1940/2574/7479 1848/2506/7479 1847/2505/7479
f 1989/2553/7480 1848/2506/7480 1940/2574/7480
f 1941/2555/7481 1989/2553/7481 1940/2574/7481
f 1990/2554/7482 1989/2553/7482 1941/2555/7482
f 1942/2556/7483 1990/2554/7484 1941/2555/7485
f 1955/2603/7486 1990/2554/7487 1942/2556/7488
f 1943/2575/7489 1955/2603/7490 1942/2556/7491
f 1991/2604/7492 1955/2603/7493 1943/2575/7494
f 1944/2576/7495 1991/2604/7496 1943/2575/7497
f 1933/2543/7498 1948/2542/7499 1931/2541/7500
f 1992/2544/7501 1948/2542/7502 1933/2543/7503
f 1935/2545/7504 1992/2544/7505 1933/2543/7506
f 1993/2546/7507 1992/2544/7508 1935/2545/7509
f 1937/2547/7510 1993/2546/7511 1935/2545/7512
f 1954/2548/7513 1993/2546/7514 1937/2547/7515
f 1994/2549/7516 1954/2548/7517 1937/2547/7518
f 1956/2550/7519 1954/2548/7520 1994/2549/7521
f 1997/2551/7522 1956/2550/7522 1994/2549/7522
f 1936/2571/7523 1859/2511/7523 1938/2572/7523
f 1861/2513/7524 1859/2511/7524 1936/2571/7524
f 1934/2570/7525 1861/2513/7526 1936/2571/7527
f 1863/2515/7528 1861/2513/7529 1934/2570/7530
f 1932/2569/7531 1863/2515/7532 1934/2570/7533
f 1995/2584/7534 1863/2515/7535 1932/2569/7536
f 1930/2568/7537 1995/2584/7538 1932/2569/7539
f 1928/2557/7540 1995/2584/7541 1930/2568/7542
f 1989/2553/7543 1845/2503/7543 1848/2506/7543
f 1996/2552/7544 1845/2503/7544 1989/2553/7544
f 1990/2554/7545 1996/2552/7545 1989/2553/7545
f 1997/2605/7546 1996/2552/7546 1990/2554/7546
f 1956/2606/7547 1997/2605/7547 1990/2554/7547
f 1846/2504/7548 1845/2503/7548 1996/2552/7548
f 1846/2504/7549 1996/2552/7549 1997/2605/7549
f 1955/2603/7550 1956/2606/7551 1990/2554/7552
f 1854/2505/7553 1998/2509/7553 1855/2507/7553
f 1999/2510/7554 1998/2509/7554 1854/2505/7554
f 2000/2512/7555 1999/2510/7555 1854/2505/7555
f 2001/2511/7556 1999/2510/7556 2000/2512/7556
f 2002/2513/7557 2001/2511/7557 2000/2512/7557
f 2003/2571/7558 2001/2511/7558 2002/2513/7558
f 2004/2570/7559 2003/2571/7560 2002/2513/7561
f 1894/2545/7562 2003/2571/7563 2004/2570/7564
f 1892/2543/7565 1894/2545/7566 2004/2570/7567
f 2001/2511/7568 1998/2509/7568 1999/2510/7568
f 1867/2519/7569 1927/2558/7570 1869/2521/7571
f 1928/2557/7572 1927/2558/7573 1867/2519/7574
f 1865/2517/7575 1928/2557/7576 1867/2519/7577
f 1995/2584/7578 1928/2557/7579 1865/2517/7580
f 1863/2515/7581 1995/2584/7582 1865/2517/7581
f 1980/2600/7583 1976/2599/7584 1978/2601/7585
f 2005/2598/7586 1976/2599/7587 1980/2600/7588
f 1982/2590/7589 2005/2598/7590 1980/2600/7591
f 2006/2591/7592 2005/2598/7593 1982/2590/7594
f 1984/2578/7595 2006/2591/7596 1982/2590/7597
f 1889/2540/7598 2006/2591/7599 1984/2578/7600
f 1891/2542/7601 1889/2540/7602 1984/2578/7603
f 1911/2559/7604 1962/2567/7605 1909/2557/7606
f 1886/2537/7607 1962/2567/7608 1911/2559/7609
f 2007/2564/7610 1886/2537/7611 1911/2559/7612
f 1884/2535/7613 1886/2537/7614 2007/2564/7615
f 1882/2533/7616 1884/2535/7617 2007/2564/7618
f 1888/2539/7619 1962/2567/7620 1886/2537/7621
f 1952/2581/7622 1993/2546/7623 1954/2548/7624
f 1992/2544/7625 1993/2546/7626 1952/2581/7627
f 1950/2579/7628 1992/2544/7629 1952/2581/7630
f 1948/2542/7631 1992/2544/7632 1950/2579/7633
f 2012/2586/7634 1963/2585/7635 1945/2587/7636
f 1986/2588/7637 1963/2585/7638 2012/2586/7639
f 2011/2607/7640 1986/2588/7641 2012/2586/7642
f 1987/2582/7643 1986/2588/7644 2011/2607/7645
f 2008/2583/7646 1987/2582/7647 2011/2607/7648
f 1897/2548/7649 1987/2582/7650 2008/2583/7651
f 1899/2550/7652 1897/2548/7653 2008/2583/7654
f 2009/2605/7655 1900/2552/7655 2019/2504/7655
f 1902/2554/7656 1900/2552/7656 2009/2605/7656
f 1899/2606/7657 1902/2554/7657 2009/2605/7657
f 2008/2603/7658 1902/2554/7659 1899/2606/7660
f 2008/2603/7661 1904/2556/7662 1902/2554/7663
f 2010/2575/7664 1904/2556/7665 2008/2603/7666
f 2011/2604/7667 2010/2575/7668 2008/2603/7669
f 2012/2576/7670 2010/2575/7671 2011/2604/7672
f 2010/2575/7673 1906/2518/7674 1904/2556/7675
f 2013/2520/7676 1906/2518/7677 2010/2575/7678
f 2012/2576/7679 2013/2520/7680 2010/2575/7681
f 2014/2608/7682 2013/2520/7683 2012/2576/7684
f 1945/2577/7685 2014/2608/7686 2012/2576/7687
f 1872/2524/7688 2014/2608/7689 1945/2577/7690
f 2013/2520/7691 1908/2519/7692 1906/2518/7693
f 2015/2521/7694 1908/2519/7695 2013/2520/7696
f 2014/2608/7697 2015/2521/7698 2013/2520/7699
f 1874/2523/7700 2015/2521/7701 2014/2608/7702
f 1872/2524/7703 1874/2523/7704 2014/2608/7705
f 2015/2521/7706 1910/2558/7707 1908/2519/7708
f 1912/2560/7709 1910/2558/7710 2015/2521/7711
f 2016/2563/7712 1912/2560/7713 2015/2521/7714
f 1878/2529/7715 1912/2560/7716 2016/2563/7717
f 1876/2527/7718 1878/2529/7719 2016/2563/7720
f 1969/2538/7721 1946/2539/7722 1947/2540/7723
f 1922/2537/7724 1946/2539/7725 1969/2538/7726
f 1924/2536/7727 1922/2537/7728 1969/2538/7729
f 1953/2582/7730 1964/2588/7731 1951/2580/7732
f 1991/2607/7733 1964/2588/7734 1953/2582/7735
f 1955/2583/7736 1991/2607/7737 1953/2582/7738
f 1944/2586/7739 1964/2588/7740 1991/2607/7741
f 1988/2581/7742 1985/2579/7743 1983/2580/7744
f 1893/2544/7745 1985/2579/7746 1988/2581/7747
f 1895/2546/7748 1893/2544/7749 1988/2581/7750
f 2007/2564/7751 1914/2562/7752 1882/2533/7753
f 1913/2561/7754 1914/2562/7755 2007/2564/7756
f 1911/2559/7757 1913/2561/7758 2007/2564/7759
f 2003/2571/7760 2017/2572/7760 2001/2511/7760
f 1896/2547/7761 2017/2572/7761 2003/2571/7761
f 1894/2545/7762 1896/2547/7763 2003/2571/7764
f 1896/2547/7765 2855/2573/7765 2017/2572/7765
f 2018/2609/7766 2855/2573/7766 1896/2547/7766
f 1898/2549/7767 2018/2609/7767 1896/2547/7767
f 2009/2551/7768 2018/2609/7768 1898/2549/7768
f 2018/2609/7769 1851/2610/7769 2855/2573/7769
f 2019/2611/7770 1851/2610/7770 2018/2609/7770
f 2009/2551/7771 2019/2611/7771 2018/2609/7771
f 1969/2538/7772 1926/2565/7773 1924/2536/7774
f 1971/2594/7775 1926/2565/7776 1969/2538/7777
f 1973/2596/7778 2020/2612/7779 1972/2595/7780
f 1974/2597/7781 2020/2612/7781 1973/2596/7781
f 1874/2523/7782 2016/2563/7783 2015/2521/7784
f 1876/2527/7785 2016/2563/7786 1874/2523/7787
f 1957/2574/7788 2000/2512/7788 1854/2505/7788
f 1958/2514/7789 2000/2512/7789 1957/2574/7789
f 1958/2514/7790 2002/2513/7790 2000/2512/7790
f 1959/2515/7791 2002/2513/7792 1958/2514/7793
f 1959/2515/7794 2004/2570/7795 2002/2513/7796
f 2021/2569/7797 2004/2570/7798 1959/2515/7799
f 1960/2584/7800 2021/2569/7801 1959/2515/7800
f 1961/2568/7802 2021/2569/7803 1960/2584/7804
f 2021/2569/7805 1892/2543/7806 2004/2570/7805
f 1890/2541/7807 1892/2543/7808 2021/2569/7809
f 1961/2568/7810 1890/2541/7811 2021/2569/7812
f 1923/2535/7813 2022/2533/7814 1921/2564/7815
f 1925/2534/7816 2022/2533/7817 1923/2535/7818
f 2023/2562/7819 1919/2561/7820 1921/2564/7821
f 1917/2529/7822 1919/2561/7823 2023/2562/7824
f 2024/2531/7825 1917/2529/7826 2023/2562/7827
f 2025/2530/7828 1917/2529/7829 2024/2531/7830
f 2026/2532/7831 2025/2530/7832 2024/2531/7833
f 2027/2613/7834 2025/2530/7835 2026/2532/7836
f 2028/2614/7837 2027/2613/7838 2026/2532/7839
f 2029/2615/7840 2027/2613/7841 2028/2614/7842
f 2030/2613/7843 2029/2615/7844 2028/2614/7845
f 1877/2528/7846 2029/2615/7847 2030/2613/7848
f 1879/2530/7849 1877/2528/7850 2030/2613/7851
f 1875/2526/7852 2029/2615/7853 1877/2528/7854
f 2031/2528/7855 2029/2615/7856 1875/2526/7857
f 1915/2527/7858 2031/2528/7859 1875/2526/7860
f 1917/2529/7861 2031/2528/7862 1915/2527/7863
f 2031/2528/7864 2027/2613/7865 2029/2615/7866
f 2025/2530/7867 2027/2613/7868 2031/2528/7869
f 1917/2529/7870 2025/2530/7871 2031/2528/7872
f 2022/2533/7873 2023/2562/7874 1921/2564/7875
f 2024/2531/7876 2023/2562/7877 2022/2533/7878
f 2026/2532/7879 2024/2531/7880 2022/2533/7881
f 1925/2534/7882 2026/2532/7883 2022/2533/7884
f 2032/2616/7885 2026/2532/7886 1925/2534/7887
f 1521/2566/7888 2032/2616/7889 1925/2534/7890
f 2303/2617/7891 2032/2616/7892 1521/2566/7893
f 1523/2618/7894 2032/2616/7895 2303/2617/7896
f 2028/2614/7897 2032/2616/7898 1523/2618/7899
f 2033/2616/7900 2028/2614/7901 1523/2618/7902
f 1881/2532/7903 2028/2614/7904 2033/2616/7905
f 1883/2534/7906 1881/2532/7907 2033/2616/7906
f 2026/2532/7908 2032/2616/7909 2028/2614/7910
f 1881/2532/7911 2030/2613/7912 2028/2614/7913
f 1879/2530/7914 2030/2613/7915 1881/2532/7916
f 1634/2617/7917 2033/2616/7918 1523/2618/7919
f 2034/2566/7920 2033/2616/7921 1634/2617/7922
f 2034/2566/7923 1883/2534/7924 2033/2616/7925
f 1580/2565/7926 1883/2534/7927 2034/2566/7928
f 1580/2565/7929 1885/2536/7930 1883/2534/7931
f 1887/2538/7932 1885/2536/7933 1580/2565/7934
f 1581/2594/7935 1887/2538/7936 1580/2565/7937
f 846/2593/7938 1887/2538/7939 1581/2594/7940
f 1496/2619/7941 2020/2612/7941 2035/2620/7942
f 2035/2620/7943 1495/2612/7944 1496/2619/7945
f 2036/2597/7946 1495/2612/7947 2035/2620/7948
f 1976/2599/7949 2036/2597/7950 2035/2620/7951
f 2005/2598/7952 2036/2597/7953 1976/2599/7954
f 2006/2591/7955 2036/2597/7956 2005/2598/7957
f 2037/2596/7958 2036/2597/7959 2006/2591/7960
f 2038/2592/7961 2037/2596/7962 2006/2591/7963
f 1545/2595/7964 2037/2596/7965 2038/2592/7966
f 846/2593/7967 1545/2595/7968 2038/2592/7969
f 2038/2592/7970 1887/2538/7971 846/2593/7972
f 1889/2540/7973 1887/2538/7974 2038/2592/7975
f 2006/2591/7976 1889/2540/7977 2038/2592/7978
f 2035/2620/7979 1974/2597/7980 1976/2599/7981
f 2020/2612/7982 1974/2597/7983 2035/2620/7984
f 1495/2612/7985 2037/2596/7986 1545/2595/7987
f 2036/2597/7988 2037/2596/7989 1495/2612/7990
f 2039/2609/7991 1997/2551/7991 1994/2549/7991
f 1846/2621/7992 1997/2551/7992 2039/2609/7992
f 1850/2610/7993 1846/2621/7993 2039/2609/7993
f 2039/2609/7994 1939/2573/7994 1850/2610/7994
f 1937/2547/7995 1939/2573/7995 2039/2609/7995
f 1994/2549/7996 1937/2547/7996 2039/2609/7996
f 2040/2622/7997 2041/2623/7997 2074/2623/7997
f 2042/2624/7998 2041/2623/7999 2040/2622/8000
f 2043/2625/8001 2042/2624/8002 2040/2622/8003
f 2044/2626/8004 2042/2624/8005 2043/2625/8006
f 2045/2627/8007 2044/2626/8007 2043/2625/8007
f 2046/2628/8008 2044/2626/8008 2045/2627/8008
f 2047/2629/8009 2046/2628/8009 2045/2627/8009
f 2048/2630/8010 2046/2628/8010 2047/2629/8010
f 2049/2631/8011 2048/2630/8011 2047/2629/8011
f 2050/2632/8012 2048/2630/8012 2049/2631/8012
f 2051/2633/8013 2050/2632/8013 2049/2631/8013
f 2052/2634/8014 2050/2632/8014 2051/2633/8014
f 2053/2635/8015 2052/2634/8015 2051/2633/8015
f 2054/2636/8016 2052/2634/8016 2053/2635/8016
f 2055/2637/8017 2053/2635/8017 2051/2633/8017
f 2049/2631/8018 2056/2638/8018 2051/2633/8018
f 2057/2639/8019 2056/2638/8019 2049/2631/8019
f 2047/2629/8020 2057/2639/8020 2049/2631/8020
f 2058/2640/8021 2057/2639/8021 2047/2629/8021
f 2045/2627/8022 2058/2640/8022 2047/2629/8022
f 2059/2641/8023 2058/2640/8023 2045/2627/8023
f 2043/2625/8024 2059/2641/8024 2045/2627/8024
f 2060/2642/8025 2059/2641/8026 2043/2625/8027
f 2040/2622/8028 2060/2642/8029 2043/2625/8030
f 2074/2622/8031 2060/2642/8031 2040/2622/8031
f 2042/2624/8032 2061/2643/8033 2041/2623/8034
f 2062/2644/8035 2061/2643/8036 2042/2624/8037
f 2044/2626/8038 2062/2644/8039 2042/2624/8040
f 2063/2645/8041 2062/2644/8041 2044/2626/8041
f 2046/2628/8042 2063/2645/8042 2044/2626/8042
f 2064/2646/8043 2063/2645/8043 2046/2628/8043
f 2048/2630/8044 2064/2646/8044 2046/2628/8044
f 2065/2647/8045 2064/2646/8046 2048/2630/8046
f 2050/2632/8047 2065/2647/8047 2048/2630/8047
f 2057/2639/8048 2085/2648/8048 2056/2638/8048
f 2066/2649/8049 2085/2648/8049 2057/2639/8049
f 2058/2640/8050 2066/2649/8050 2057/2639/8050
f 2067/2650/8051 2066/2649/8051 2058/2640/8051
f 2059/2641/8052 2067/2650/8052 2058/2640/8052
f 2068/2651/8053 2067/2650/8054 2059/2641/8055
f 2060/2642/8056 2068/2651/8057 2059/2641/8058
f 2074/2642/8059 2068/2651/8059 2060/2642/8059
f 2062/2644/8060 2103/2652/8061 2061/2643/8062
f 2069/2653/8063 2103/2652/8063 2062/2644/8063
f 2063/2645/8064 2069/2653/8064 2062/2644/8064
f 2070/2654/8065 2069/2653/8065 2063/2645/8065
f 2064/2646/8066 2070/2654/8066 2063/2645/8066
f 2071/2655/8067 2070/2654/8068 2064/2646/8069
f 2065/2647/8070 2071/2655/8071 2064/2646/8072
f 2066/2649/8073 2087/2656/8073 2085/2648/8073
f 2072/2657/8074 2087/2656/8075 2066/2649/8076
f 2067/2650/8077 2072/2657/8078 2066/2649/8079
f 2073/2658/8080 2072/2657/8081 2067/2650/8082
f 2068/2651/8083 2073/2658/8084 2067/2650/8085
f 2074/2651/8086 2073/2658/8086 2068/2651/8086
f 2069/2653/8087 2105/2659/8087 2103/2652/8087
f 2075/2660/8088 2105/2659/8088 2069/2653/8088
f 2070/2654/8089 2075/2660/8089 2069/2653/8089
f 2888/2661/8090 2075/2660/8091 2070/2654/8091
f 2071/2655/8092 2888/2661/8093 2070/2654/8094
f 2075/2660/8095 2107/2662/8095 2105/2659/8095
f 2076/2663/8096 2107/2662/8096 2075/2660/8096
f 2888/2661/8097 2076/2663/8098 2075/2660/8098
f 2077/2664/8099 2076/2663/8100 2888/2661/8101
f 2078/2665/8102 2077/2664/8103 2888/2661/8104
f 2110/2666/8105 2077/2664/8106 2078/2665/8107
f 2079/2667/8108 2110/2666/8108 2078/2665/8109
f 2054/2636/8110 2110/2666/8110 2079/2667/8110
f 2052/2634/8111 2054/2636/8111 2079/2667/8111
f 2072/2657/8112 2080/2668/8113 2087/2656/8114
f 2081/2669/8115 2080/2668/8116 2072/2657/8117
f 2073/2658/8118 2081/2669/8119 2072/2657/8120
f 2074/2658/8121 2081/2669/8121 2073/2658/8121
f 2110/2666/8122 2082/2670/8122 2077/2664/8123
f 2076/2663/8124 2077/2664/8124 2082/2670/8124
f 2107/2662/8125 2076/2663/8125 2082/2670/8125
f 2889/2671/8126 2079/2667/8127 2078/2665/8128
f 2052/2634/8129 2079/2667/8129 2889/2671/8130
f 2050/2632/8131 2052/2634/8131 2889/2671/8132
f 2081/2669/8133 2083/2672/8134 2080/2668/8135
f 2074/2669/8136 2083/2672/8136 2081/2669/8136
f 2056/2673/8137 2055/2674/8137 2051/2675/8137
f 2084/2676/8138 2055/2674/8138 2056/2673/8138
f 2085/2677/8139 2084/2676/8139 2056/2673/8139
f 2086/2678/8140 2084/2676/8140 2085/2677/8140
f 2087/2679/8141 2086/2678/8141 2085/2677/8141
f 2088/2680/8142 2086/2678/8142 2087/2679/8142
f 2080/2681/8143 2088/2680/8144 2087/2679/8144
f 2089/2682/8145 2088/2680/8146 2080/2681/8147
f 2083/2683/8148 2089/2682/8149 2080/2681/8150
f 2090/2684/8151 2089/2682/8152 2083/2683/8153
f 2074/2683/8154 2090/2684/8154 2083/2683/8154
f 2084/2676/8155 2053/2685/8155 2055/2674/8155
f 2091/2686/8156 2053/2685/8156 2084/2676/8156
f 2086/2678/8157 2091/2686/8157 2084/2676/8157
f 2092/2687/8158 2091/2686/8158 2086/2678/8158
f 2088/2680/8159 2092/2687/8159 2086/2678/8159
f 2093/2688/8160 2092/2687/8160 2088/2680/8160
f 2089/2682/8161 2093/2688/8162 2088/2680/8163
f 2094/2689/8164 2093/2688/8165 2089/2682/8166
f 2090/2684/8167 2094/2689/8168 2089/2682/8169
f 2095/2690/8170 2094/2689/8171 2090/2684/8172
f 2074/2684/8173 2095/2690/8173 2090/2684/8173
f 2091/2686/8174 2054/2691/8174 2053/2685/8174
f 2096/2692/8175 2054/2691/8175 2091/2686/8175
f 2092/2687/8176 2096/2692/8176 2091/2686/8176
f 2097/2693/8177 2096/2692/8177 2092/2687/8177
f 2093/2688/8178 2097/2693/8178 2092/2687/8178
f 2098/2694/8179 2097/2693/8179 2093/2688/8179
f 2094/2689/8180 2098/2694/8181 2093/2688/8182
f 2099/2695/8183 2098/2694/8184 2094/2689/8185
f 2095/2690/8186 2099/2695/8186 2094/2689/8187
f 2100/2696/8188 2099/2695/8188 2095/2690/8188
f 2074/2690/8189 2100/2696/8189 2095/2690/8189
f 2101/2697/8190 2100/2696/8190 2074/2696/8190
f 2102/2698/8191 2100/2696/8192 2101/2697/8193
f 2061/2699/8194 2102/2698/8195 2101/2697/8196
f 2103/2700/8197 2102/2698/8198 2061/2699/8199
f 2102/2698/8200 2099/2695/8201 2100/2696/8202
f 2104/2701/8203 2099/2695/8204 2102/2698/8205
f 2103/2700/8206 2104/2701/8207 2102/2698/8208
f 2105/2702/8209 2104/2701/8209 2103/2700/8209
f 2104/2701/8210 2098/2694/8211 2099/2695/8212
f 2106/2703/8213 2098/2694/8213 2104/2701/8213
f 2105/2702/8214 2106/2703/8214 2104/2701/8214
f 2107/2704/8215 2106/2703/8215 2105/2702/8215
f 2106/2703/8216 2097/2693/8216 2098/2694/8216
f 2108/2705/8217 2097/2693/8217 2106/2703/8217
f 2107/2704/8218 2108/2705/8218 2106/2703/8218
f 2082/2706/8219 2108/2705/8219 2107/2704/8219
f 2108/2705/8220 2096/2692/8220 2097/2693/8220
f 2109/2707/8221 2096/2692/8221 2108/2705/8221
f 2082/2706/8222 2109/2707/8222 2108/2705/8222
f 2110/2708/8223 2109/2707/8223 2082/2706/8223
f 2054/2691/8224 2109/2707/8224 2110/2708/8224
f 2096/2692/8225 2109/2707/8225 2054/2691/8225
f 2101/2697/8226 2041/2709/8227 2061/2699/8228
f 2074/2697/8229 2041/2709/8229 2101/2697/8229
f 2171/2710/8230 2172/2711/8230 2173/2711/8230
f 2174/2712/8231 2172/2711/8232 2171/2710/8233
f 2175/2713/8234 2174/2712/8235 2171/2710/8236
f 2176/2714/8237 2174/2712/8238 2175/2713/8239
f 2177/2715/8240 2176/2714/8241 2175/2713/8242
f 2178/2716/8243 2176/2714/8243 2177/2715/8243
f 2215/2717/8244 2178/2716/8244 2177/2715/8244
f 2179/2718/8245 2178/2716/8245 2215/2717/8245
f 2217/2719/8246 2179/2718/8246 2215/2717/8246
f 2180/2720/8247 2179/2718/8247 2217/2719/8247
f 2219/2721/8248 2180/2720/8248 2217/2719/8248
f 2181/2722/8249 2180/2720/8250 2219/2721/8250
f 2182/2723/8251 2181/2722/8252 2219/2721/8251
f 2182/2723/8253 2183/2724/8254 2181/2722/8255
f 2182/2723/8256 2233/2725/8256 2183/2724/8257
f 2932/2726/8258 2183/2724/8259 2233/2725/8260
f 2184/2727/8261 2932/2726/8261 2233/2725/8261
f 2934/2728/8262 2932/2726/8263 2184/2727/8262
f 2185/2729/8264 2934/2728/8264 2184/2727/8264
f 2186/2730/8265 2934/2728/8265 2185/2729/8265
f 2239/2731/8265 2186/2730/8265 2185/2729/8265
f 2187/2732/8266 2186/2730/8266 2239/2731/8266
f 2188/2733/8267 2187/2732/8267 2239/2731/8267
f 2189/2734/8268 2187/2732/8268 2188/2733/8268
f 2190/2735/8269 2189/2734/8269 2188/2733/8269
f 2191/2736/8270 2189/2734/8271 2190/2735/8272
f 2192/2737/8273 2191/2736/8274 2190/2735/8275
f 2193/2738/8276 2191/2736/8277 2192/2737/8278
f 2194/2739/8279 2193/2738/8280 2192/2737/8281
f 2173/2739/8282 2193/2738/8282 2194/2739/8282
f 2182/2723/8283 2221/2740/8283 2233/2725/8283
f 2195/2741/8284 2196/2742/8284 2173/2742/8284
f 2197/2743/8285 2196/2742/8286 2195/2741/8287
f 2198/2744/8288 2197/2743/8289 2195/2741/8290
f 2199/2745/8291 2197/2743/8291 2198/2744/8291
f 2200/2746/8292 2199/2745/8292 2198/2744/8292
f 2201/2747/8293 2199/2745/8293 2200/2746/8293
f 2202/2748/8294 2201/2747/8294 2200/2746/8294
f 2203/2749/8295 2201/2747/8295 2202/2748/8295
f 2204/2750/8296 2203/2749/8296 2202/2748/8296
f 2205/2751/8297 2203/2749/8298 2204/2750/8298
f 2206/2752/8299 2205/2751/8300 2204/2750/8301
f 2183/2724/8302 2205/2751/8303 2206/2752/8304
f 2181/2722/8305 2183/2724/8306 2206/2752/8307
f 2932/2726/8308 2205/2751/8309 2183/2724/8310
f 2206/2752/8311 2180/2720/8312 2181/2722/8313
f 2179/2718/8314 2180/2720/8314 2206/2752/8315
f 2204/2750/8316 2179/2718/8317 2206/2752/8318
f 2178/2716/8319 2179/2718/8319 2204/2750/8319
f 2202/2748/8320 2178/2716/8320 2204/2750/8320
f 2176/2714/8321 2178/2716/8321 2202/2748/8321
f 2200/2746/8322 2176/2714/8322 2202/2748/8322
f 2174/2712/8323 2176/2714/8324 2200/2746/8325
f 2198/2744/8326 2174/2712/8327 2200/2746/8328
f 2172/2711/8329 2174/2712/8330 2198/2744/8331
f 2195/2741/8332 2172/2711/8333 2198/2744/8334
f 2173/2741/8335 2172/2711/8335 2195/2741/8335
f 2196/2742/8336 2207/2753/8336 2173/2753/8336
f 2208/2754/8337 2207/2753/8338 2196/2742/8339
f 2197/2743/8340 2208/2754/8341 2196/2742/8342
f 2209/2755/8343 2208/2754/8343 2197/2743/8343
f 2199/2745/8344 2209/2755/8344 2197/2743/8344
f 2210/2756/8345 2209/2755/8345 2199/2745/8345
f 2201/2747/8346 2210/2756/8346 2199/2745/8346
f 2211/2757/8347 2210/2756/8347 2201/2747/8347
f 2203/2749/8348 2211/2757/8348 2201/2747/8348
f 2933/2758/8349 2211/2757/8349 2203/2749/8349
f 2205/2751/8350 2933/2758/8351 2203/2749/8351
f 2207/2753/8352 2193/2738/8352 2173/2739/8352
f 2191/2736/8353 2193/2738/8354 2207/2753/8355
f 2208/2754/8356 2191/2736/8357 2207/2753/8358
f 2189/2734/8359 2191/2736/8360 2208/2754/8361
f 2209/2755/8362 2189/2734/8362 2208/2754/8362
f 2187/2732/8363 2189/2734/8363 2209/2755/8363
f 2210/2756/8364 2187/2732/8364 2209/2755/8364
f 2186/2730/8365 2187/2732/8365 2210/2756/8365
f 2211/2757/8366 2186/2730/8366 2210/2756/8366
f 2934/2728/8367 2186/2730/8367 2211/2757/8367
f 2933/2758/8368 2934/2728/8368 2211/2757/8368
f 2185/2729/8369 2232/2759/8369 2240/2760/8369
f 2184/2727/8370 2232/2759/8370 2185/2729/8370
f 2212/2761/8371 2171/2762/8371 2173/2762/8371
f 2175/2763/8372 2171/2762/8373 2212/2761/8374
f 2213/2764/8375 2175/2763/8376 2212/2761/8377
f 2177/2765/8378 2175/2763/8379 2213/2764/8380
f 2214/2766/8381 2177/2765/8382 2213/2764/8383
f 2215/2767/8384 2177/2765/8384 2214/2766/8384
f 2216/2768/8385 2215/2767/8385 2214/2766/8385
f 2217/2769/8386 2215/2767/8386 2216/2768/8386
f 2218/2770/8387 2217/2769/8387 2216/2768/8387
f 2219/2771/8388 2217/2769/8388 2218/2770/8388
f 2220/2772/8389 2219/2771/8389 2218/2770/8389
f 2182/2773/8390 2219/2771/8390 2220/2772/8390
f 2221/2774/8391 2182/2773/8391 2220/2772/8391
f 2222/2775/8392 2223/2776/8392 2173/2776/8392
f 2224/2777/8393 2223/2776/8393 2222/2775/8393
f 2225/2778/8394 2224/2777/8395 2222/2775/8395
f 2226/2779/8396 2224/2777/8397 2225/2778/8398
f 2227/2780/8399 2226/2779/8400 2225/2778/8401
f 2228/2781/8402 2226/2779/8402 2227/2780/8402
f 2229/2782/8403 2228/2781/8403 2227/2780/8403
f 2230/2783/8404 2228/2781/8404 2229/2782/8404
f 2231/2784/8405 2230/2783/8405 2229/2782/8405
f 2221/2774/8406 2230/2783/8406 2231/2784/8406
f 2232/2785/8407 2221/2774/8407 2231/2784/8407
f 2184/2786/8408 2221/2774/8408 2232/2785/8408
f 2233/2787/8409 2221/2774/8409 2184/2786/8409
f 2194/2788/8410 2234/2789/8410 2173/2789/8410
f 2235/2790/8411 2234/2789/8412 2194/2788/8413
f 2192/2791/8414 2235/2790/8415 2194/2788/8416
f 2236/2792/8417 2235/2790/8418 2192/2791/8419
f 2190/2793/8420 2236/2792/8421 2192/2791/8422
f 2237/2794/8423 2236/2792/8423 2190/2793/8423
f 2188/2795/8424 2237/2794/8424 2190/2793/8424
f 2238/2796/8425 2237/2794/8425 2188/2795/8425
f 2239/2797/8426 2238/2796/8426 2188/2795/8426
f 2240/2798/8427 2238/2796/8427 2239/2797/8427
f 2185/2799/8428 2240/2798/8428 2239/2797/8428
f 2234/2789/8429 2222/2775/8429 2173/2775/8429
f 2225/2778/8430 2222/2775/8431 2234/2789/8431
f 2235/2790/8432 2225/2778/8433 2234/2789/8434
f 2227/2780/8435 2225/2778/8436 2235/2790/8437
f 2236/2792/8438 2227/2780/8439 2235/2790/8440
f 2229/2782/8441 2227/2780/8441 2236/2792/8441
f 2237/2794/8442 2229/2782/8442 2236/2792/8442
f 2231/2784/8443 2229/2782/8443 2237/2794/8443
f 2238/2796/8444 2231/2784/8444 2237/2794/8444
f 2232/2785/8445 2231/2784/8445 2238/2796/8445
f 2240/2798/8446 2232/2785/8446 2238/2796/8446
f 2223/2776/8447 2212/2761/8447 2173/2761/8447
f 2213/2764/8448 2212/2761/8449 2223/2776/8450
f 2224/2777/8451 2213/2764/8452 2223/2776/8451
f 2214/2766/8453 2213/2764/8454 2224/2777/8455
f 2226/2779/8456 2214/2766/8457 2224/2777/8458
f 2216/2768/8459 2214/2766/8459 2226/2779/8459
f 2228/2781/8460 2216/2768/8460 2226/2779/8460
f 2218/2770/8461 2216/2768/8461 2228/2781/8461
f 2230/2783/8462 2218/2770/8462 2228/2781/8462
f 2220/2772/8463 2218/2770/8463 2230/2783/8463
f 2221/2774/8464 2220/2772/8464 2230/2783/8464
f 2071/2800/8465 2078/2801/8466 2888/2802/8467
f 2889/2803/8468 2078/2801/8469 2071/2800/8470
f 2065/2804/8471 2889/2803/8472 2071/2800/8473
f 2050/2805/8474 2889/2803/8475 2065/2804/8476
f 2932/2806/8477 2933/2807/8478 2205/2808/8479
f 2934/2809/8480 2933/2807/8480 2932/2806/8481
f 525/2810/8482 526/2811/8482 2901/2812/8482
f 527/2813/8483 526/2811/8483 525/2810/8483
f 528/2814/8484 527/2813/8484 525/2810/8484
f 529/2815/8485 527/2813/8486 528/2814/8486
f 530/2816/8487 529/2815/8488 528/2814/8489
f 531/2817/8490 529/2815/8491 530/2816/8492
f 532/2818/8493 531/2817/8494 530/2816/8495
f 533/2819/8496 531/2817/8497 532/2818/8498
f 534/2820/8499 533/2819/8500 532/2818/8501
f 535/2821/8502 533/2819/8503 534/2820/8504
f 536/2822/8505 535/2821/8505 534/2820/8505
f 537/2823/8506 535/2821/8506 536/2822/8506
f 538/2824/8507 537/2823/8507 536/2822/8507
f 539/2825/8508 537/2823/8509 538/2824/8510
f 540/2826/8511 539/2825/8512 538/2824/8513
f 541/2827/8514 539/2825/8515 540/2826/8516
f 542/2828/8517 541/2827/8518 540/2826/8519
f 543/2829/8520 541/2827/8521 542/2828/8522
f 544/2830/8523 543/2829/8524 542/2828/8525
f 545/2831/8526 543/2829/8527 544/2830/8528
f 546/2832/8529 545/2831/8530 544/2830/8531
f 547/2833/8532 545/2831/8533 546/2832/8534
f 548/2834/8535 547/2833/8536 546/2832/8537
f 549/2835/8538 547/2833/8539 548/2834/8540
f 550/2836/8541 549/2835/8542 548/2834/8543
f 551/2837/8544 549/2835/8544 550/2836/8544
f 552/2838/8545 551/2837/8545 550/2836/8545
f 553/2839/8546 551/2837/8547 552/2838/8547
f 550/2836/8548 554/2840/8548 552/2838/8548
f 555/2841/8549 554/2840/8550 550/2836/8551
f 548/2834/8552 555/2841/8553 550/2836/8554
f 556/2842/8555 555/2841/8556 548/2834/8557
f 546/2832/8558 556/2842/8559 548/2834/8560
f 557/2843/8561 556/2842/8562 546/2832/8563
f 544/2830/8564 557/2843/8565 546/2832/8566
f 558/2844/8567 557/2843/8568 544/2830/8569
f 542/2828/8570 558/2844/8571 544/2830/8572
f 559/2845/8573 558/2844/8574 542/2828/8575
f 540/2826/8576 559/2845/8577 542/2828/8578
f 560/2846/8579 559/2845/8580 540/2826/8581
f 538/2824/8582 560/2846/8583 540/2826/8584
f 536/2822/8585 560/2846/8585 538/2824/8585
f 555/2841/8586 2897/2847/8587 554/2840/8588
f 561/2848/8589 2897/2847/8590 555/2841/8591
f 556/2842/8592 561/2848/8593 555/2841/8594
f 562/2849/8595 561/2848/8596 556/2842/8597
f 557/2843/8598 562/2849/8599 556/2842/8600
f 563/2850/8601 562/2849/8602 557/2843/8603
f 558/2844/8604 563/2850/8605 557/2843/8606
f 564/2851/8607 563/2850/8608 558/2844/8609
f 559/2845/8610 564/2851/8611 558/2844/8612
f 565/2852/8613 564/2851/8614 559/2845/8615
f 560/2846/8616 565/2852/8617 559/2845/8618
f 536/2822/8619 565/2852/8619 560/2846/8619
f 561/2848/8620 2896/2853/8621 2897/2847/8622
f 566/2854/8623 2896/2853/8624 561/2848/8625
f 562/2849/8626 566/2854/8627 561/2848/8628
f 567/2855/8629 566/2854/8630 562/2849/8631
f 563/2850/8632 567/2855/8633 562/2849/8634
f 568/2856/8635 567/2855/8636 563/2850/8637
f 564/2851/8638 568/2856/8639 563/2850/8640
f 569/2857/8641 568/2856/8642 564/2851/8643
f 570/2858/8644 569/2857/8645 564/2851/8646
f 571/2859/8647 569/2857/8648 570/2858/8649
f 536/2822/8650 571/2859/8650 570/2858/8650
f 572/2860/8651 571/2859/8651 536/2822/8651
f 573/2861/8652 572/2860/8652 536/2822/8652
f 574/2862/8653 572/2860/8654 573/2861/8655
f 575/2863/8656 574/2862/8657 573/2861/8658
f 576/2864/8659 574/2862/8660 575/2863/8661
f 577/2865/8662 576/2864/8663 575/2863/8664
f 578/2866/8665 576/2864/8666 577/2865/8667
f 579/2867/8668 578/2866/8669 577/2865/8670
f 580/2868/8671 578/2866/8671 579/2867/8671
f 581/2869/8672 580/2868/8672 579/2867/8672
f 582/2870/8673 580/2868/8673 581/2869/8673
f 2901/2812/8674 582/2870/8674 581/2869/8674
f 2891/2871/8675 580/2868/8675 582/2870/8675
f 583/2872/8676 580/2868/8676 2891/2871/8676
f 2890/2873/8677 583/2872/8677 2891/2871/8677
f 584/2874/8678 583/2872/8678 2890/2873/8678
f 2893/2875/8679 584/2874/8679 2890/2873/8679
f 585/2876/8680 584/2874/8680 2893/2875/8680
f 586/2877/8681 585/2876/8681 2893/2875/8681
f 587/2878/8682 585/2876/8682 586/2877/8682
f 2895/2879/8683 587/2878/8683 586/2877/8683
f 566/2854/8684 587/2878/8685 2895/2879/8686
f 2896/2853/8687 566/2854/8688 2895/2879/8689
f 581/2869/8690 525/2810/8690 2901/2812/8690
f 588/2880/8691 525/2810/8691 581/2869/8691
f 579/2867/8692 588/2880/8692 581/2869/8692
f 589/2881/8693 588/2880/8694 579/2867/8695
f 577/2865/8696 589/2881/8697 579/2867/8698
f 590/2882/8699 589/2881/8700 577/2865/8701
f 575/2863/8702 590/2882/8703 577/2865/8704
f 591/2883/8705 590/2882/8706 575/2863/8707
f 573/2861/8708 591/2883/8709 575/2863/8710
f 536/2822/8711 591/2883/8711 573/2861/8711
f 527/2813/8712 2900/2884/8712 526/2811/8712
f 592/2885/8713 2900/2884/8713 527/2813/8713
f 529/2815/8714 592/2885/8715 527/2813/8716
f 593/2886/8717 592/2885/8718 529/2815/8719
f 531/2817/8720 593/2886/8721 529/2815/8722
f 594/2887/8723 593/2886/8724 531/2817/8725
f 533/2819/8726 594/2887/8727 531/2817/8728
f 595/2888/8729 594/2887/8730 533/2819/8731
f 535/2821/8732 595/2888/8733 533/2819/8734
f 537/2823/8735 595/2888/8736 535/2821/8737
f 592/2885/8738 2899/2889/8738 2900/2884/8738
f 596/2890/8739 2899/2889/8739 592/2885/8739
f 593/2886/8740 596/2890/8741 592/2885/8741
f 597/2891/8742 596/2890/8743 593/2886/8744
f 594/2887/8745 597/2891/8746 593/2886/8747
f 598/2892/8748 597/2891/8749 594/2887/8750
f 595/2888/8751 598/2892/8752 594/2887/8753
f 599/2893/8754 598/2892/8755 595/2888/8756
f 600/2894/8757 599/2893/8758 595/2888/8759
f 601/2895/8760 599/2893/8761 600/2894/8762
f 541/2827/8763 601/2895/8764 600/2894/8765
f 602/2896/8766 601/2895/8767 541/2827/8768
f 603/2897/8769 602/2896/8770 541/2827/8771
f 604/2898/8772 602/2896/8773 603/2897/8774
f 605/2899/8775 604/2898/8776 603/2897/8777
f 606/2900/8778 604/2898/8779 605/2899/8780
f 607/2901/8781 606/2900/8782 605/2899/8783
f 608/2902/8784 606/2900/8785 607/2901/8786
f 609/2903/8787 608/2902/8788 607/2901/8789
f 610/2904/8790 608/2902/8791 609/2903/8792
f 611/2905/8793 610/2904/8794 609/2903/8795
f 2898/2906/8796 610/2904/8797 611/2905/8798
f 553/2839/8799 2898/2906/8800 611/2905/8801
f 612/2907/8802 610/2904/8803 2898/2906/8804
f 613/2908/8805 610/2904/8806 612/2907/8807
f 614/2909/8808 613/2908/8809 612/2907/8810
f 615/2910/8811 613/2908/8812 614/2909/8813
f 616/2911/8814 615/2910/8814 614/2909/8814
f 617/2912/8815 615/2910/8815 616/2911/8815
f 618/2913/8816 617/2912/8816 616/2911/8816
f 619/2914/8817 617/2912/8817 618/2913/8817
f 620/2915/8818 619/2914/8818 618/2913/8818
f 596/2890/8819 619/2914/8819 620/2915/8819
f 2899/2889/8820 596/2890/8820 620/2915/8820
f 611/2905/8821 551/2837/8821 553/2839/8821
f 621/2916/8822 551/2837/8823 611/2905/8824
f 609/2903/8825 621/2916/8826 611/2905/8827
f 622/2917/8828 621/2916/8829 609/2903/8830
f 607/2901/8831 622/2917/8832 609/2903/8833
f 623/2918/8834 622/2917/8835 607/2901/8836
f 605/2899/8837 623/2918/8838 607/2901/8839
f 624/2919/8840 623/2918/8841 605/2899/8842
f 603/2897/8843 624/2919/8844 605/2899/8845
f 541/2827/8846 624/2919/8847 603/2897/8848
f 583/2872/8849 578/2866/8849 580/2868/8849
f 625/2920/8850 578/2866/8850 583/2872/8850
f 584/2874/8851 625/2920/8851 583/2872/8851
f 626/2921/8852 625/2920/8853 584/2874/8853
f 585/2876/8854 626/2921/8855 584/2874/8854
f 627/2922/8856 626/2921/8857 585/2876/8858
f 587/2878/8859 627/2922/8860 585/2876/8859
f 567/2855/8861 627/2922/8862 587/2878/8863
f 566/2854/8864 567/2855/8865 587/2878/8866
f 613/2908/8867 608/2902/8868 610/2904/8869
f 628/2923/8870 608/2902/8871 613/2908/8872
f 615/2910/8873 628/2923/8874 613/2908/8875
f 629/2924/8876 628/2923/8877 615/2910/8878
f 617/2912/8879 629/2924/8880 615/2910/8881
f 630/2925/8882 629/2924/8883 617/2912/8884
f 619/2914/8885 630/2925/8886 617/2912/8885
f 597/2891/8887 630/2925/8888 619/2914/8889
f 596/2890/8890 597/2891/8891 619/2914/8892
f 621/2916/8893 549/2835/8893 551/2837/8893
f 631/2926/8894 549/2835/8895 621/2916/8896
f 622/2917/8897 631/2926/8898 621/2916/8899
f 632/2927/8900 631/2926/8901 622/2917/8902
f 623/2918/8903 632/2927/8904 622/2917/8905
f 633/2928/8906 632/2927/8907 623/2918/8908
f 624/2919/8909 633/2928/8910 623/2918/8911
f 541/2827/8912 633/2928/8913 624/2919/8914
f 588/2880/8915 528/2814/8915 525/2810/8915
f 634/2929/8916 528/2814/8917 588/2880/8918
f 589/2881/8919 634/2929/8920 588/2880/8921
f 635/2930/8922 634/2929/8923 589/2881/8924
f 590/2882/8925 635/2930/8926 589/2881/8927
f 636/2931/8928 635/2930/8929 590/2882/8930
f 591/2883/8931 636/2931/8932 590/2882/8933
f 536/2822/8934 636/2931/8934 591/2883/8934
f 625/2920/8935 576/2864/8936 578/2866/8937
f 637/2932/8938 576/2864/8939 625/2920/8940
f 626/2921/8941 637/2932/8942 625/2920/8943
f 638/2933/8944 637/2932/8945 626/2921/8946
f 627/2922/8947 638/2933/8948 626/2921/8949
f 568/2856/8950 638/2933/8951 627/2922/8952
f 567/2855/8953 568/2856/8954 627/2922/8955
f 628/2923/8956 606/2900/8957 608/2902/8958
f 639/2934/8959 606/2900/8960 628/2923/8961
f 629/2924/8962 639/2934/8963 628/2923/8964
f 640/2935/8965 639/2934/8966 629/2924/8967
f 630/2925/8968 640/2935/8969 629/2924/8970
f 598/2892/8971 640/2935/8972 630/2925/8973
f 597/2891/8974 598/2892/8975 630/2925/8976
f 631/2926/8977 547/2833/8978 549/2835/8979
f 641/2936/8980 547/2833/8981 631/2926/8982
f 632/2927/8983 641/2936/8984 631/2926/8985
f 642/2937/8986 641/2936/8987 632/2927/8988
f 633/2928/8989 642/2937/8990 632/2927/8991
f 541/2827/8992 642/2937/8993 633/2928/8994
f 634/2929/8995 530/2816/8996 528/2814/8997
f 643/2938/8998 530/2816/8999 634/2929/9000
f 635/2930/9001 643/2938/9002 634/2929/9003
f 644/2939/9004 643/2938/9005 635/2930/9006
f 636/2931/9007 644/2939/9008 635/2930/9009
f 536/2822/9010 644/2939/9010 636/2931/9010
f 637/2932/9011 574/2862/9012 576/2864/9013
f 645/2940/9014 574/2862/9015 637/2932/9016
f 638/2933/9017 645/2940/9018 637/2932/9019
f 569/2857/9020 645/2940/9021 638/2933/9022
f 568/2856/9023 569/2857/9024 638/2933/9025
f 639/2934/9026 604/2898/9027 606/2900/9028
f 646/2941/9029 604/2898/9030 639/2934/9031
f 640/2935/9032 646/2941/9033 639/2934/9034
f 599/2893/9035 646/2941/9036 640/2935/9037
f 598/2892/9038 599/2893/9039 640/2935/9040
f 641/2936/9041 545/2831/9042 547/2833/9043
f 647/2942/9044 545/2831/9045 641/2936/9046
f 642/2937/9047 647/2942/9048 641/2936/9049
f 541/2827/9050 647/2942/9051 642/2937/9052
f 643/2938/9053 532/2818/9054 530/2816/9055
f 648/2943/9056 532/2818/9057 643/2938/9058
f 644/2939/9059 648/2943/9060 643/2938/9061
f 536/2822/9062 648/2943/9062 644/2939/9062
f 646/2941/9063 602/2896/9064 604/2898/9065
f 601/2895/9066 602/2896/9067 646/2941/9068
f 599/2893/9069 601/2895/9070 646/2941/9071
f 645/2940/9072 572/2860/9073 574/2862/9074
f 571/2859/9075 572/2860/9076 645/2940/9077
f 569/2857/9078 571/2859/9079 645/2940/9080
f 539/2825/9081 595/2888/9082 537/2823/9083
f 600/2894/9084 595/2888/9085 539/2825/9086
f 541/2827/9087 600/2894/9088 539/2825/9089
f 543/2829/9090 647/2942/9091 541/2827/9092
f 545/2831/9093 647/2942/9094 543/2829/9095
f 565/2852/9096 570/2858/9097 564/2851/9098
f 536/2822/9099 570/2858/9099 565/2852/9099
f 648/2943/9100 534/2820/9101 532/2818/9102
f 536/2822/9103 534/2820/9103 648/2943/9103
f 2111/2944/9104 2112/2945/9105 2113/2946/9106
f 2114/2947/9107 2112/2945/9108 2111/2944/9109
f 2115/2948/9110 2114/2947/9111 2111/2944/9112
f 2116/2949/9113 2114/2947/9114 2115/2948/9115
f 2117/2950/9116 2116/2949/9117 2115/2948/9118
f 2118/2951/9119 2116/2949/9120 2117/2950/9121
f 2119/2952/9122 2118/2951/9122 2117/2950/9122
f 2120/2953/9123 2118/2951/9124 2119/2952/9123
f 2121/2954/9125 2120/2953/9125 2119/2952/9125
f 2122/2955/9126 2120/2953/9127 2121/2954/9128
f 2123/2956/9129 2122/2955/9130 2121/2954/9129
f 2124/2957/9131 2122/2955/9132 2123/2956/9131
f 2125/2958/9133 2124/2957/9134 2123/2956/9135
f 2126/2959/9136 2124/2957/9137 2125/2958/9138
f 2127/2960/9139 2126/2959/9139 2125/2958/9139
f 2128/2961/9140 2126/2959/9140 2127/2960/9140
f 2129/2962/9141 2128/2961/9142 2127/2960/9143
f 2130/2963/9144 2128/2961/9145 2129/2962/9146
f 2113/2946/9147 2130/2963/9147 2129/2962/9147
f 2131/2964/9148 2130/2963/9148 2113/2946/9148
f 2132/2965/9149 2131/2964/9150 2113/2946/9151
f 2133/2966/9152 2131/2964/9153 2132/2965/9154
f 2134/2967/9155 2133/2966/9155 2132/2965/9155
f 2135/2968/9156 2133/2966/9156 2134/2967/9156
f 2122/2955/9157 2135/2968/9158 2134/2967/9159
f 2136/2969/9160 2135/2968/9161 2122/2955/9162
f 2137/2970/9163 2136/2969/9164 2122/2955/9165
f 2138/2971/9166 2136/2969/9166 2137/2970/9166
f 2139/2972/9167 2138/2971/9167 2137/2970/9167
f 2140/2973/9168 2138/2971/9169 2139/2972/9170
f 2141/2974/9171 2140/2973/9172 2139/2972/9173
f 2142/2975/9174 2140/2973/9175 2141/2974/9176
f 2143/2976/9177 2142/2975/9178 2141/2974/9179
f 2144/2977/9180 2142/2975/9180 2143/2976/9181
f 2145/2978/9182 2144/2977/9182 2143/2976/9182
f 2122/2955/9183 2144/2977/9184 2145/2978/9184
f 2146/2979/9185 2122/2955/9186 2145/2978/9187
f 2147/2980/9188 2122/2955/9189 2146/2979/9190
f 2148/2981/9191 2147/2980/9191 2146/2979/9191
f 2149/2982/9192 2147/2980/9192 2148/2981/9192
f 2150/2983/9193 2149/2982/9194 2148/2981/9195
f 2151/2984/9196 2149/2982/9197 2150/2983/9198
f 2152/2985/9199 2151/2984/9200 2150/2983/9201
f 2153/2986/9202 2151/2984/9203 2152/2985/9204
f 2154/2987/9205 2153/2986/9205 2152/2985/9206
f 2155/2988/9207 2153/2986/9208 2154/2987/9209
f 2122/2955/9210 2155/2988/9211 2154/2987/9212
f 2156/2989/9213 2155/2988/9214 2122/2955/9215
f 2157/2990/9216 2156/2989/9217 2122/2955/9218
f 2151/2984/9219 2156/2989/9220 2157/2990/9221
f 2158/2991/9222 2151/2984/9223 2157/2990/9224
f 2159/2992/9225 2151/2984/9226 2158/2991/9227
f 2122/2955/9228 2159/2992/9229 2158/2991/9230
f 2147/2980/9231 2159/2992/9231 2122/2955/9232
f 2158/2991/9233 2157/2990/9234 2122/2955/9235
f 2122/2955/9236 2118/2951/9237 2120/2953/9238
f 2160/2993/9239 2118/2951/9239 2122/2955/9240
f 2161/2994/9241 2160/2993/9242 2122/2955/9243
f 2116/2949/9244 2160/2993/9245 2161/2994/9246
f 2162/2995/9247 2116/2949/9248 2161/2994/9249
f 2163/2996/9250 2116/2949/9251 2162/2995/9252
f 2122/2955/9253 2163/2996/9254 2162/2995/9255
f 2164/2997/9256 2163/2996/9257 2122/2955/9258
f 2165/2998/9259 2164/2997/9260 2122/2955/9261
f 2166/2999/9262 2164/2997/9263 2165/2998/9264
f 2114/2947/9265 2166/2999/9265 2165/2998/9265
f 2114/2947/9266 2116/2949/9267 2166/2999/9268
f 2116/2949/9269 2118/2951/9270 2160/2993/9271
f 2161/2994/9272 2122/2955/9273 2162/2995/9274
f 2154/2987/9275 2137/2970/9276 2122/2955/9277
f 2139/2972/9278 2137/2970/9278 2154/2987/9278
f 2152/2985/9279 2139/2972/9279 2154/2987/9279
f 2141/2974/9280 2139/2972/9281 2152/2985/9282
f 2150/2983/9283 2141/2974/9284 2152/2985/9285
f 2143/2976/9286 2141/2974/9287 2150/2983/9288
f 2148/2981/9289 2143/2976/9290 2150/2983/9291
f 2145/2978/9292 2143/2976/9292 2148/2981/9292
f 2146/2979/9293 2145/2978/9293 2148/2981/9293
f 2115/2948/9294 2119/2952/9295 2117/2950/9296
f 2167/3000/9297 2119/2952/9298 2115/2948/9299
f 2111/2944/9300 2167/3000/9301 2115/2948/9302
f 2125/2958/9303 2167/3000/9304 2111/2944/9305
f 2113/2946/9306 2125/2958/9307 2111/2944/9308
f 2129/2962/9309 2125/2958/9310 2113/2946/9311
f 2127/2960/9312 2125/2958/9313 2129/2962/9314
f 2112/2945/9315 2132/2965/9316 2113/2946/9317
f 2168/3001/9318 2132/2965/9318 2112/2945/9318
f 2165/2998/9319 2168/3001/9319 2112/2945/9319
f 2122/2955/9320 2168/3001/9321 2165/2998/9322
f 2114/2947/9323 2165/2998/9323 2112/2945/9323
f 2124/2957/9324 2144/2977/9325 2122/2955/9326
f 2142/2975/9327 2144/2977/9328 2124/2957/9329
f 2126/2959/9330 2142/2975/9331 2124/2957/9332
f 2128/2961/9333 2142/2975/9333 2126/2959/9333
f 2167/3000/9334 2121/2954/9334 2119/2952/9334
f 2123/2956/9335 2121/2954/9335 2167/3000/9335
f 2125/2958/9336 2123/2956/9337 2167/3000/9338
f 2168/3001/9339 2134/2967/9339 2132/2965/9339
f 2122/2955/9340 2134/2967/9341 2168/3001/9342
f 2166/2999/9343 2163/2996/9343 2164/2997/9343
f 2116/2949/9344 2163/2996/9345 2166/2999/9346
f 2136/2969/9347 2133/2966/9347 2135/2968/9347
f 2138/2971/9348 2133/2966/9348 2136/2969/9348
f 2138/2971/9349 2131/2964/9350 2133/2966/9351
f 2140/2973/9352 2131/2964/9353 2138/2971/9354
f 2147/2980/9355 2151/2984/9356 2159/2992/9357
f 2149/2982/9358 2151/2984/9359 2147/2980/9360
f 2156/2989/9361 2153/2986/9361 2155/2988/9361
f 2151/2984/9362 2153/2986/9363 2156/2989/9364
f 2169/3002/9365 2130/2963/9365 2131/2964/9365
f 2128/2961/9366 2130/2963/9367 2169/3002/9368
f 2170/3003/9369 2128/2961/9370 2169/3002/9371
f 2142/2975/9372 2128/2961/9372 2170/3003/9372
f 2140/2973/9373 2142/2975/9374 2170/3003/9375
f 2140/2973/9376 2169/3002/9376 2131/2964/9376
f 2170/3003/9377 2169/3002/9378 2140/2973/9379
f 2241/2945/9380 2242/2946/9380 2243/2965/9380
f 2244/2964/9381 2243/2965/9381 2242/2946/9381
f 2245/2963/9382 2244/2964/9382 2242/2946/9382
f 2246/3002/9383 2244/2964/9383 2245/2963/9383
f 2247/2961/9384 2246/3002/9385 2245/2963/9386
f 2248/3003/9387 2246/3002/9388 2247/2961/9389
f 2249/2975/9390 2248/3003/9390 2247/2961/9390
f 2250/2973/9391 2248/3003/9392 2249/2975/9393
f 2251/2974/9394 2250/2973/9395 2249/2975/9396
f 2252/2972/9397 2250/2973/9398 2251/2974/9399
f 2253/2985/9400 2252/2972/9401 2251/2974/9402
f 2254/2987/9403 2252/2972/9403 2253/2985/9403
f 2255/2986/9404 2254/2987/9404 2253/2985/9404
f 2256/2988/9405 2254/2987/9406 2255/2986/9406
f 2257/2989/9407 2256/2988/9407 2255/2986/9407
f 2258/2955/9408 2256/2988/9409 2257/2989/9410
f 2259/2990/9411 2258/2955/9412 2257/2989/9413
f 2260/2991/9414 2258/2955/9415 2259/2990/9416
f 2261/2984/9417 2260/2991/9418 2259/2990/9419
f 2262/2992/9420 2260/2991/9421 2261/2984/9422
f 2263/2980/9423 2262/2992/9424 2261/2984/9425
f 2258/2955/9426 2262/2992/9427 2263/2980/9427
f 2264/2979/9428 2258/2955/9429 2263/2980/9430
f 2265/2978/9431 2258/2955/9432 2264/2979/9433
f 2266/2981/9434 2265/2978/9434 2264/2979/9434
f 2267/2976/9435 2265/2978/9435 2266/2981/9435
f 2268/2983/9436 2267/2976/9437 2266/2981/9438
f 2251/2974/9439 2267/2976/9440 2268/2983/9441
f 2253/2985/9442 2251/2974/9443 2268/2983/9444
f 2260/2991/9445 2262/2992/9446 2258/2955/9447
f 2249/2975/9448 2267/2976/9449 2251/2974/9450
f 2269/2977/9451 2267/2976/9451 2249/2975/9451
f 2270/2957/9452 2269/2977/9452 2249/2975/9452
f 2258/2955/9453 2269/2977/9454 2270/2957/9454
f 2271/2956/9455 2258/2955/9456 2270/2957/9457
f 2272/2954/9458 2258/2955/9459 2271/2956/9458
f 2273/3000/9460 2272/2954/9460 2271/2956/9460
f 2274/2952/9461 2272/2954/9461 2273/3000/9461
f 2275/2948/9462 2274/2952/9463 2273/3000/9464
f 2276/2950/9465 2274/2952/9466 2275/2948/9467
f 2277/2949/9468 2276/2950/9469 2275/2948/9470
f 2278/2951/9471 2276/2950/9472 2277/2949/9473
f 2279/2993/9474 2278/2951/9475 2277/2949/9476
f 2258/2955/9477 2278/2951/9478 2279/2993/9478
f 2280/2994/9479 2258/2955/9480 2279/2993/9481
f 2281/2995/9482 2258/2955/9483 2280/2994/9484
f 2277/2949/9485 2281/2995/9486 2280/2994/9487
f 2282/2996/9488 2281/2995/9489 2277/2949/9490
f 2283/2999/9491 2282/2996/9492 2277/2949/9493
f 2284/2997/9494 2282/2996/9494 2283/2999/9494
f 2285/2998/9495 2284/2997/9496 2283/2999/9495
f 2258/2955/9497 2284/2997/9498 2285/2998/9499
f 2286/3001/9500 2258/2955/9501 2285/2998/9502
f 2287/2967/9503 2258/2955/9504 2286/3001/9505
f 2243/2965/9506 2287/2967/9506 2286/3001/9506
f 2288/2966/9507 2287/2967/9507 2243/2965/9507
f 2244/2964/9508 2288/2966/9508 2243/2965/9508
f 2289/2971/9509 2288/2966/9509 2244/2964/9509
f 2250/2973/9510 2289/2971/9510 2244/2964/9510
f 2252/2972/9511 2289/2971/9511 2250/2973/9511
f 2277/2949/9512 2280/2994/9513 2279/2993/9514
f 2263/2980/9515 2266/2981/9516 2264/2979/9517
f 2290/2982/9518 2266/2981/9519 2263/2980/9520
f 2261/2984/9521 2290/2982/9522 2263/2980/9523
f 2268/2983/9524 2290/2982/9525 2261/2984/9526
f 2253/2985/9527 2268/2983/9528 2261/2984/9529
f 2268/2983/9530 2266/2981/9531 2290/2982/9531
f 2258/2955/9532 2254/2987/9533 2256/2988/9534
f 2291/2970/9535 2254/2987/9536 2258/2955/9537
f 2292/2969/9538 2291/2970/9539 2258/2955/9540
f 2289/2971/9541 2291/2970/9541 2292/2969/9541
f 2288/2966/9542 2289/2971/9542 2292/2969/9542
f 2278/2951/9543 2274/2952/9544 2276/2950/9543
f 2293/2953/9545 2274/2952/9545 2278/2951/9546
f 2258/2955/9547 2293/2953/9548 2278/2951/9549
f 2272/2954/9550 2293/2953/9551 2258/2955/9552
f 2274/2952/9553 2293/2953/9553 2272/2954/9553
f 2261/2984/9554 2255/2986/9555 2253/2985/9556
f 2257/2989/9557 2255/2986/9558 2261/2984/9559
f 2259/2990/9560 2257/2989/9561 2261/2984/9562
f 2286/3001/9563 2241/2945/9563 2243/2965/9563
f 2285/2998/9564 2241/2945/9564 2286/3001/9564
f 2282/2996/9565 2258/2955/9566 2281/2995/9567
f 2284/2997/9568 2258/2955/9569 2282/2996/9570
f 2291/2970/9571 2252/2972/9571 2254/2987/9571
f 2289/2971/9572 2252/2972/9572 2291/2970/9572
f 2269/2977/9573 2265/2978/9573 2267/2976/9573
f 2258/2955/9574 2265/2978/9575 2269/2977/9575
f 2246/3002/9576 2250/2973/9576 2244/2964/9576
f 2248/3003/9577 2250/2973/9578 2246/3002/9579
f 2285/2998/9580 2283/2999/9580 2294/2947/9580
f 2294/2947/9581 2241/2945/9581 2285/2998/9581
f 2295/2944/9582 2241/2945/9583 2294/2947/9584
f 2275/2948/9585 2295/2944/9586 2294/2947/9587
f 2273/3000/9588 2295/2944/9589 2275/2948/9590
f 2241/2945/9591 2295/2944/9592 2242/2946/9593
f 2296/2958/9594 2242/2946/9595 2295/2944/9596
f 2273/3000/9597 2296/2958/9598 2295/2944/9599
f 2271/2956/9600 2296/2958/9600 2273/3000/9600
f 2270/2957/9601 2296/2958/9601 2271/2956/9601
f 2297/2959/9602 2296/2958/9602 2270/2957/9602
f 2249/2975/9603 2297/2959/9603 2270/2957/9603
f 2247/2961/9604 2297/2959/9604 2249/2975/9604
f 2294/2947/9605 2277/2949/9606 2275/2948/9607
f 2283/2999/9608 2277/2949/9609 2294/2947/9610
f 2242/2946/9611 2298/2962/9611 2245/2963/9611
f 2296/2958/9612 2298/2962/9613 2242/2946/9614
f 2298/2962/9615 2247/2961/9616 2245/2963/9617
f 2299/2960/9618 2247/2961/9619 2298/2962/9620
f 2296/2958/9621 2299/2960/9622 2298/2962/9623
f 2297/2959/9624 2299/2960/9624 2296/2958/9624
f 2247/2961/9625 2299/2960/9625 2297/2959/9625
f 2300/2968/9626 2287/2967/9626 2288/2966/9626
f 2258/2955/9627 2287/2967/9628 2300/2968/9629
f 2292/2969/9630 2258/2955/9631 2300/2968/9632
f 2288/2966/9633 2292/2969/9633 2300/2968/9633
f 2732/2868/9634 2942/2871/9634 2733/2870/9634
f 2734/2872/9635 2942/2871/9635 2732/2868/9635
f 2735/2866/9636 2734/2872/9636 2732/2868/9636
f 2736/2920/9637 2734/2872/9637 2735/2866/9637
f 2737/2864/9638 2736/2920/9639 2735/2866/9640
f 2738/2932/9641 2736/2920/9642 2737/2864/9643
f 2739/2862/9644 2738/2932/9645 2737/2864/9646
f 2740/2940/9647 2738/2932/9648 2739/2862/9649
f 2741/2860/9650 2740/2940/9651 2739/2862/9652
f 2742/2859/9653 2740/2940/9654 2741/2860/9655
f 2743/2822/9656 2742/2859/9656 2741/2860/9656
f 2744/2858/9657 2742/2859/9657 2743/2822/9657
f 2745/2852/9658 2744/2858/9658 2743/2822/9658
f 2746/2851/9659 2744/2858/9660 2745/2852/9661
f 2747/2845/9662 2746/2851/9663 2745/2852/9664
f 2748/2844/9665 2746/2851/9666 2747/2845/9667
f 2749/2828/9668 2748/2844/9669 2747/2845/9670
f 2750/2830/9671 2748/2844/9672 2749/2828/9673
f 2751/2829/9674 2750/2830/9675 2749/2828/9676
f 2752/2831/9677 2750/2830/9678 2751/2829/9679
f 2753/2942/9680 2752/2831/9681 2751/2829/9682
f 2754/2936/9683 2752/2831/9684 2753/2942/9685
f 2755/2937/9686 2754/2936/9687 2753/2942/9688
f 2756/2927/9689 2754/2936/9690 2755/2937/9691
f 2757/2928/9692 2756/2927/9693 2755/2937/9694
f 2758/2918/9695 2756/2927/9696 2757/2928/9697
f 2759/2919/9698 2758/2918/9699 2757/2928/9700
f 2760/2899/9701 2758/2918/9702 2759/2919/9703
f 2761/2897/9704 2760/2899/9705 2759/2919/9706
f 2762/2898/9707 2760/2899/9708 2761/2897/9709
f 2763/2896/9710 2762/2898/9711 2761/2897/9712
f 2764/2941/9713 2762/2898/9714 2763/2896/9715
f 2765/2895/9716 2764/2941/9717 2763/2896/9718
f 2766/2893/9719 2764/2941/9720 2765/2895/9721
f 2767/2894/9722 2766/2893/9723 2765/2895/9724
f 2768/2888/9725 2766/2893/9726 2767/2894/9727
f 2769/2825/9728 2768/2888/9729 2767/2894/9730
f 2770/2823/9731 2768/2888/9732 2769/2825/9733
f 2771/2824/9734 2770/2823/9735 2769/2825/9736
f 2743/2822/9737 2770/2823/9737 2771/2824/9737
f 2772/2846/9738 2743/2822/9738 2771/2824/9738
f 2745/2852/9739 2743/2822/9739 2772/2846/9739
f 2747/2845/9740 2745/2852/9741 2772/2846/9742
f 2734/2872/9743 2941/2873/9743 2942/2871/9743
f 2773/2874/9744 2941/2873/9744 2734/2872/9744
f 2736/2920/9745 2773/2874/9745 2734/2872/9745
f 2774/2921/9746 2773/2874/9747 2736/2920/9747
f 2738/2932/9748 2774/2921/9749 2736/2920/9750
f 2775/2933/9751 2774/2921/9752 2738/2932/9753
f 2740/2940/9754 2775/2933/9755 2738/2932/9756
f 2776/2857/9757 2775/2933/9758 2740/2940/9759
f 2742/2859/9760 2776/2857/9761 2740/2940/9762
f 2744/2858/9763 2776/2857/9764 2742/2859/9765
f 2773/2874/9766 2777/2875/9766 2941/2873/9766
f 2778/2876/9767 2777/2875/9767 2773/2874/9767
f 2774/2921/9768 2778/2876/9769 2773/2874/9769
f 2779/2922/9770 2778/2876/9771 2774/2921/9772
f 2775/2933/9773 2779/2922/9774 2774/2921/9775
f 2780/2856/9776 2779/2922/9777 2775/2933/9778
f 2776/2857/9779 2780/2856/9780 2775/2933/9781
f 2746/2851/9782 2780/2856/9783 2776/2857/9784
f 2744/2858/9785 2746/2851/9786 2776/2857/9787
f 2778/2876/9788 2937/2877/9788 2777/2875/9788
f 2781/2878/9789 2937/2877/9789 2778/2876/9789
f 2779/2922/9790 2781/2878/9791 2778/2876/9791
f 2782/2855/9792 2781/2878/9793 2779/2922/9794
f 2780/2856/9795 2782/2855/9796 2779/2922/9797
f 2783/2850/9798 2782/2855/9799 2780/2856/9800
f 2746/2851/9801 2783/2850/9802 2780/2856/9803
f 2748/2844/9804 2783/2850/9805 2746/2851/9806
f 2781/2878/9807 2935/2879/9807 2937/2877/9807
f 2784/2854/9808 2935/2879/9809 2781/2878/9810
f 2782/2855/9811 2784/2854/9812 2781/2878/9813
f 2785/2849/9814 2784/2854/9815 2782/2855/9816
f 2783/2850/9817 2785/2849/9818 2782/2855/9819
f 2786/2843/9820 2785/2849/9821 2783/2850/9822
f 2748/2844/9823 2786/2843/9824 2783/2850/9825
f 2750/2830/9826 2786/2843/9827 2748/2844/9828
f 2784/2854/9829 2938/2853/9830 2935/2879/9831
f 2787/2848/9832 2938/2853/9833 2784/2854/9834
f 2785/2849/9835 2787/2848/9836 2784/2854/9837
f 2788/2842/9838 2787/2848/9839 2785/2849/9840
f 2786/2843/9841 2788/2842/9842 2785/2849/9843
f 2789/2832/9844 2788/2842/9845 2786/2843/9846
f 2750/2830/9847 2789/2832/9848 2786/2843/9849
f 2752/2831/9850 2789/2832/9851 2750/2830/9852
f 2787/2848/9853 2790/2847/9854 2938/2853/9855
f 2791/2841/9856 2790/2847/9857 2787/2848/9858
f 2788/2842/9859 2791/2841/9860 2787/2848/9861
f 2792/2834/9862 2791/2841/9863 2788/2842/9864
f 2789/2832/9865 2792/2834/9866 2788/2842/9867
f 2793/2833/9868 2792/2834/9869 2789/2832/9870
f 2752/2831/9871 2793/2833/9872 2789/2832/9873
f 2754/2936/9874 2793/2833/9875 2752/2831/9876
f 2791/2841/9877 2945/2840/9878 2790/2847/9879
f 2794/2836/9880 2945/2840/9881 2791/2841/9882
f 2792/2834/9883 2794/2836/9884 2791/2841/9885
f 2795/2835/9886 2794/2836/9887 2792/2834/9888
f 2793/2833/9889 2795/2835/9890 2792/2834/9891
f 2796/2926/9892 2795/2835/9893 2793/2833/9894
f 2754/2936/9895 2796/2926/9896 2793/2833/9897
f 2756/2927/9898 2796/2926/9899 2754/2936/9900
f 2794/2836/9901 2797/2838/9901 2945/2840/9901
f 2798/2837/9902 2797/2838/9902 2794/2836/9902
f 2795/2835/9903 2798/2837/9903 2794/2836/9903
f 2799/2916/9904 2798/2837/9904 2795/2835/9904
f 2796/2926/9905 2799/2916/9906 2795/2835/9907
f 2800/2917/9908 2799/2916/9909 2796/2926/9910
f 2756/2927/9911 2800/2917/9912 2796/2926/9913
f 2758/2918/9914 2800/2917/9915 2756/2927/9916
f 2798/2837/9917 2944/2839/9918 2797/2838/9919
f 2801/2905/9920 2944/2839/9921 2798/2837/9922
f 2799/2916/9923 2801/2905/9923 2798/2837/9924
f 2802/2903/9925 2801/2905/9926 2799/2916/9927
f 2800/2917/9928 2802/2903/9929 2799/2916/9930
f 2803/2901/9931 2802/2903/9932 2800/2917/9933
f 2758/2918/9934 2803/2901/9935 2800/2917/9936
f 2760/2899/9937 2803/2901/9938 2758/2918/9939
f 2801/2905/9940 2804/2906/9941 2944/2839/9942
f 2805/2904/9943 2804/2906/9944 2801/2905/9945
f 2802/2903/9946 2805/2904/9947 2801/2905/9948
f 2806/2902/9949 2805/2904/9950 2802/2903/9951
f 2803/2901/9952 2806/2902/9953 2802/2903/9954
f 2807/2900/9955 2806/2902/9956 2803/2901/9957
f 2760/2899/9958 2807/2900/9959 2803/2901/9960
f 2762/2898/9961 2807/2900/9962 2760/2899/9963
f 2805/2904/9964 2943/2907/9965 2804/2906/9966
f 2808/2908/9967 2943/2907/9968 2805/2904/9969
f 2806/2902/9970 2808/2908/9971 2805/2904/9972
f 2809/2923/9973 2808/2908/9974 2806/2902/9975
f 2807/2900/9976 2809/2923/9977 2806/2902/9978
f 2810/2934/9979 2809/2923/9980 2807/2900/9981
f 2762/2898/9982 2810/2934/9983 2807/2900/9984
f 2764/2941/9985 2810/2934/9986 2762/2898/9987
f 2808/2908/9988 2811/2909/9989 2943/2907/9990
f 2812/2910/9991 2811/2909/9992 2808/2908/9993
f 2809/2923/9994 2812/2910/9995 2808/2908/9996
f 2813/2924/9997 2812/2910/9998 2809/2923/9999
f 2810/2934/10000 2813/2924/10001 2809/2923/10002
f 2814/2935/10003 2813/2924/10004 2810/2934/10005
f 2764/2941/10006 2814/2935/10007 2810/2934/10008
f 2766/2893/10009 2814/2935/10010 2764/2941/10011
f 2812/2910/10012 2940/2911/10012 2811/2909/10012
f 2815/2912/10013 2940/2911/10014 2812/2910/10014
f 2813/2924/10015 2815/2912/10016 2812/2910/10017
f 2816/2925/10018 2815/2912/10019 2813/2924/10020
f 2814/2935/10021 2816/2925/10022 2813/2924/10023
f 2817/2892/10024 2816/2925/10025 2814/2935/10026
f 2766/2893/10027 2817/2892/10028 2814/2935/10029
f 2768/2888/10030 2817/2892/10031 2766/2893/10032
f 2815/2912/10033 2947/2913/10033 2940/2911/10033
f 2818/2914/10034 2947/2913/10034 2815/2912/10034
f 2816/2925/10035 2818/2914/10036 2815/2912/10036
f 2819/2891/10037 2818/2914/10038 2816/2925/10039
f 2817/2892/10040 2819/2891/10041 2816/2925/10042
f 2820/2887/10043 2819/2891/10044 2817/2892/10045
f 2768/2888/10046 2820/2887/10047 2817/2892/10048
f 2821/2819/10049 2820/2887/10050 2768/2888/10051
f 2822/2821/10052 2821/2819/10053 2768/2888/10054
f 2823/2820/10055 2821/2819/10056 2822/2821/10057
f 2743/2822/10058 2823/2820/10058 2822/2821/10058
f 2824/2943/10059 2823/2820/10059 2743/2822/10059
f 2825/2939/10060 2824/2943/10060 2743/2822/10060
f 2826/2938/10061 2824/2943/10062 2825/2939/10063
f 2827/2930/10064 2826/2938/10065 2825/2939/10066
f 2828/2929/10067 2826/2938/10068 2827/2930/10069
f 2829/2881/10070 2828/2929/10071 2827/2930/10072
f 2830/2880/10073 2828/2929/10074 2829/2881/10075
f 2831/2867/10076 2830/2880/10077 2829/2881/10078
f 2832/2869/10079 2830/2880/10079 2831/2867/10079
f 2732/2868/10080 2832/2869/10080 2831/2867/10080
f 2733/2870/10081 2832/2869/10081 2732/2868/10081
f 2833/2812/10082 2832/2869/10082 2733/2870/10082
f 2834/2810/10083 2832/2869/10083 2833/2812/10083
f 2835/2811/10084 2834/2810/10084 2833/2812/10084
f 2836/2813/10085 2834/2810/10085 2835/2811/10085
f 2837/2884/10086 2836/2813/10086 2835/2811/10086
f 2838/2885/10087 2836/2813/10087 2837/2884/10087
f 2946/2889/10088 2838/2885/10088 2837/2884/10088
f 2839/2890/10089 2838/2885/10089 2946/2889/10089
f 2840/2915/10090 2839/2890/10090 2946/2889/10090
f 2818/2914/10091 2839/2890/10091 2840/2915/10091
f 2947/2913/10092 2818/2914/10092 2840/2915/10092
f 2834/2810/10093 2830/2880/10093 2832/2869/10093
f 2841/2814/10094 2830/2880/10094 2834/2810/10094
f 2836/2813/10095 2841/2814/10095 2834/2810/10095
f 2842/2815/10096 2841/2814/10097 2836/2813/10097
f 2838/2885/10098 2842/2815/10099 2836/2813/10098
f 2843/2886/10100 2842/2815/10101 2838/2885/10102
f 2839/2890/10103 2843/2886/10104 2838/2885/10103
f 2819/2891/10105 2843/2886/10106 2839/2890/10107
f 2818/2914/10108 2819/2891/10109 2839/2890/10108
f 2831/2867/10110 2735/2866/10110 2732/2868/10110
f 2844/2865/10111 2735/2866/10112 2831/2867/10113
f 2829/2881/10114 2844/2865/10115 2831/2867/10116
f 2845/2882/10117 2844/2865/10118 2829/2881/10119
f 2827/2930/10120 2845/2882/10121 2829/2881/10122
f 2846/2931/10123 2845/2882/10124 2827/2930/10125
f 2825/2939/10126 2846/2931/10127 2827/2930/10128
f 2743/2822/10129 2846/2931/10129 2825/2939/10129
f 2841/2814/10130 2828/2929/10131 2830/2880/10132
f 2847/2816/10133 2828/2929/10134 2841/2814/10135
f 2842/2815/10136 2847/2816/10137 2841/2814/10138
f 2848/2817/10139 2847/2816/10140 2842/2815/10141
f 2843/2886/10142 2848/2817/10143 2842/2815/10144
f 2820/2887/10145 2848/2817/10146 2843/2886/10147
f 2819/2891/10148 2820/2887/10149 2843/2886/10150
f 2844/2865/10151 2737/2864/10152 2735/2866/10153
f 2849/2863/10154 2737/2864/10155 2844/2865/10156
f 2845/2882/10157 2849/2863/10158 2844/2865/10159
f 2850/2883/10160 2849/2863/10161 2845/2882/10162
f 2846/2931/10163 2850/2883/10164 2845/2882/10165
f 2743/2822/10166 2850/2883/10166 2846/2931/10166
f 2847/2816/10167 2826/2938/10168 2828/2929/10169
f 2851/2818/10170 2826/2938/10171 2847/2816/10172
f 2848/2817/10173 2851/2818/10174 2847/2816/10175
f 2821/2819/10176 2851/2818/10177 2848/2817/10178
f 2820/2887/10179 2821/2819/10180 2848/2817/10181
f 2849/2863/10182 2739/2862/10183 2737/2864/10184
f 2852/2861/10185 2739/2862/10186 2849/2863/10187
f 2850/2883/10188 2852/2861/10189 2849/2863/10190
f 2743/2822/10191 2852/2861/10191 2850/2883/10191
f 2851/2818/10192 2824/2943/10193 2826/2938/10194
f 2823/2820/10195 2824/2943/10196 2851/2818/10197
f 2821/2819/10198 2823/2820/10199 2851/2818/10200
f 2852/2861/10201 2741/2860/10202 2739/2862/10203
f 2743/2822/10204 2741/2860/10204 2852/2861/10204
f 2770/2823/10205 2822/2821/10206 2768/2888/10207
f 2743/2822/10208 2822/2821/10208 2770/2823/10208
f 2853/2827/10209 2767/2894/10210 2765/2895/10211
f 2769/2825/10212 2767/2894/10213 2853/2827/10214
f 2854/2826/10215 2769/2825/10216 2853/2827/10217
f 2771/2824/10218 2769/2825/10219 2854/2826/10220
f 2772/2846/10221 2771/2824/10222 2854/2826/10223
f 2854/2826/10224 2747/2845/10225 2772/2846/10226
f 2749/2828/10227 2747/2845/10228 2854/2826/10229
f 2853/2827/10230 2749/2828/10231 2854/2826/10232
f 2751/2829/10233 2749/2828/10234 2853/2827/10235
f 2753/2942/10236 2751/2829/10237 2853/2827/10238
f 2853/2827/10239 2755/2937/10240 2753/2942/10241
f 2757/2928/10242 2755/2937/10243 2853/2827/10244
f 2759/2919/10245 2757/2928/10246 2853/2827/10247
f 2853/2827/10248 2761/2897/10249 2759/2919/10250
f 2763/2896/10251 2761/2897/10252 2853/2827/10253
f 2765/2895/10254 2763/2896/10255 2853/2827/10256
f 2890/3004/10257 2891/3005/10257 2892/3006/10257
f 2892/3006/10258 2893/3007/10258 2890/3004/10258
f 2894/3008/10259 2893/3007/10259 2892/3006/10259
f 614/3009/10260 2894/3008/10260 2892/3006/10260
f 612/3010/10261 2894/3008/10261 614/3009/10261
f 2894/3008/10262 586/3011/10262 2893/3007/10262
f 2895/3012/10263 586/3011/10263 2894/3008/10263
f 2896/3013/10264 2895/3012/10264 2894/3008/10264
f 2894/3008/10265 2897/3014/10265 2896/3013/10265
f 554/3015/10266 2897/3014/10266 2894/3008/10266
f 552/3016/10267 554/3015/10267 2894/3008/10267
f 2894/3008/10268 553/3017/10269 552/3016/10270
f 2898/3018/10271 553/3017/10272 2894/3008/10273
f 612/3010/10274 2898/3018/10274 2894/3008/10274
f 2892/3006/10275 616/3019/10275 614/3009/10275
f 618/3020/10276 616/3019/10276 2892/3006/10276
f 620/3021/10277 618/3020/10277 2892/3006/10277
f 2892/3006/10278 2899/3022/10278 620/3021/10278
f 2900/3023/10279 2899/3022/10279 2892/3006/10279
f 526/3024/10280 2900/3023/10280 2892/3006/10280
f 2892/3006/10281 2901/3025/10281 526/3024/10281
f 582/3026/10282 2901/3025/10282 2892/3006/10282
f 2891/3005/10283 582/3026/10283 2892/3006/10283
f 2902/3027/10284 2903/3028/10285 2904/3029/10286
f 2905/3030/10287 2903/3028/10288 2902/3027/10289
f 2906/3031/10290 2905/3030/10291 2902/3027/10292
f 2907/3032/10293 2905/3030/10294 2906/3031/10295
f 2908/3033/10296 2907/3032/10297 2906/3031/10298
f 2909/3034/10299 2907/3032/10299 2908/3033/10299
f 2910/3035/10300 2909/3034/10300 2908/3033/10300
f 2911/3036/10301 2909/3034/10301 2910/3035/10301
f 2912/3037/10302 2911/3036/10302 2910/3035/10302
f 2913/3038/10303 2911/3036/10304 2912/3037/10305
f 2914/3039/10306 2913/3038/10307 2912/3037/10308
f 2915/3040/10309 2913/3038/10310 2914/3039/10311
f 2916/3041/10312 2915/3040/10313 2914/3039/10314
f 2917/3042/10315 2915/3040/10316 2916/3041/10317
f 2918/3043/10318 2917/3042/10319 2916/3041/10320
f 2919/3044/10321 2917/3042/10322 2918/3043/10323
f 2920/3045/10324 2919/3044/10325 2918/3043/10326
f 2921/3046/10327 2919/3044/10328 2920/3045/10329
f 2922/3047/10330 2921/3046/10331 2920/3045/10332
f 2923/3048/10333 2921/3046/10334 2922/3047/10335
f 2924/3049/10336 2923/3048/10337 2922/3047/10338
f 2915/3040/10339 2923/3048/10340 2924/3049/10341
f 2913/3038/10342 2915/3040/10343 2924/3049/10344
f 2918/3043/10345 2922/3047/10346 2920/3045/10347
f 2925/3050/10348 2922/3047/10349 2918/3043/10350
f 2916/3041/10351 2925/3050/10352 2918/3043/10353
f 2926/3051/10354 2925/3050/10355 2916/3041/10356
f 2914/3039/10357 2926/3051/10358 2916/3041/10359
f 2927/3052/10360 2926/3051/10361 2914/3039/10362
f 2912/3037/10363 2927/3052/10364 2914/3039/10365
f 2910/3035/10366 2927/3052/10367 2912/3037/10368
f 2925/3050/10369 2924/3049/10370 2922/3047/10371
f 2928/3053/10372 2924/3049/10373 2925/3050/10374
f 2926/3051/10375 2928/3053/10376 2925/3050/10377
f 2929/3054/10378 2928/3053/10379 2926/3051/10380
f 2904/3029/10381 2929/3054/10382 2926/3051/10383
f 2903/3028/10384 2929/3054/10385 2904/3029/10386
f 2928/3053/10387 2913/3038/10388 2924/3049/10389
f 2930/3055/10390 2913/3038/10391 2928/3053/10392
f 2929/3054/10393 2930/3055/10394 2928/3053/10395
f 2903/3028/10396 2930/3055/10397 2929/3054/10398
f 2917/3042/10399 2923/3048/10400 2915/3040/10401
f 2931/3056/10402 2923/3048/10403 2917/3042/10404
f 2919/3044/10405 2931/3056/10406 2917/3042/10407
f 2921/3046/10408 2931/3056/10409 2919/3044/10410
f 2921/3046/10411 2923/3048/10412 2931/3056/10413
f 2927/3052/10414 2904/3029/10415 2926/3051/10416
f 2927/3052/10417 2902/3027/10418 2904/3029/10419
f 2927/3052/10420 2906/3031/10421 2902/3027/10422
f 2930/3055/10423 2911/3036/10424 2913/3038/10425
f 2909/3034/10426 2911/3036/10426 2930/3055/10427
f 2907/3032/10428 2909/3034/10428 2930/3055/10429
f 2927/3052/10430 2908/3033/10431 2906/3031/10432
f 2927/3052/10433 2910/3035/10434 2908/3033/10435
f 2905/3030/10436 2930/3055/10437 2903/3028/10438
f 2907/3032/10439 2930/3055/10440 2905/3030/10441
f 2935/3012/10442 2936/3008/10442 2937/3011/10442
f 2938/3013/10443 2936/3008/10443 2935/3012/10443
f 2936/3008/10444 2777/3007/10444 2937/3011/10444
f 2939/3006/10445 2777/3007/10445 2936/3008/10445
f 2811/3009/10446 2939/3006/10446 2936/3008/10446
f 2940/3019/10447 2939/3006/10447 2811/3009/10447
f 2939/3006/10448 2941/3004/10448 2777/3007/10448
f 2942/3005/10449 2941/3004/10449 2939/3006/10449
f 2733/3026/10450 2942/3005/10450 2939/3006/10450
f 2939/3006/10451 2833/3025/10451 2733/3026/10451
f 2835/3024/10452 2833/3025/10452 2939/3006/10452
f 2837/3023/10453 2835/3024/10453 2939/3006/10453
f 2936/3008/10454 2943/3010/10454 2811/3009/10454
f 2804/3018/10455 2943/3010/10455 2936/3008/10455
f 2944/3017/10456 2804/3018/10457 2936/3008/10457
f 2936/3008/10458 2797/3016/10458 2944/3017/10459
f 2945/3015/10460 2797/3016/10460 2936/3008/10460
f 2790/3014/10461 2945/3015/10461 2936/3008/10461
f 2938/3013/10462 2790/3014/10462 2936/3008/10462
f 2939/3006/10463 2946/3022/10463 2837/3023/10463
f 2840/3021/10464 2946/3022/10464 2939/3006/10464
f 2947/3020/10465 2840/3021/10465 2939/3006/10465
f 2940/3019/10466 2947/3020/10466 2939/3006/10466
f 2948/3052/10467 2949/3029/10468 2950/3027/10469
f 2951/3051/10470 2949/3029/10471 2948/3052/10472
f 2952/3039/10473 2951/3051/10474 2948/3052/10475
f 2953/3041/10476 2951/3051/10477 2952/3039/10478
f 2954/3040/10479 2953/3041/10480 2952/3039/10481
f 2955/3042/10482 2953/3041/10483 2954/3040/10484
f 2956/3048/10485 2955/3042/10486 2954/3040/10487
f 2957/3056/10488 2955/3042/10489 2956/3048/10490
f 2958/3046/10491 2957/3056/10492 2956/3048/10493
f 2959/3044/10494 2957/3056/10495 2958/3046/10496
f 2960/3045/10497 2959/3044/10498 2958/3046/10499
f 2961/3043/10500 2959/3044/10501 2960/3045/10502
f 2962/3047/10503 2961/3043/10504 2960/3045/10505
f 2963/3050/10506 2961/3043/10507 2962/3047/10508
f 2964/3049/10509 2963/3050/10510 2962/3047/10511
f 2965/3053/10512 2963/3050/10513 2964/3049/10514
f 2966/3038/10515 2965/3053/10516 2964/3049/10517
f 2967/3055/10518 2965/3053/10519 2966/3038/10520
f 2968/3036/10521 2967/3055/10522 2966/3038/10523
f 2969/3034/10524 2967/3055/10525 2968/3036/10526
f 2970/3035/10527 2969/3034/10527 2968/3036/10527
f 2971/3033/10528 2969/3034/10528 2970/3035/10528
f 2948/3052/10529 2971/3033/10530 2970/3035/10531
f 2972/3031/10532 2971/3033/10533 2948/3052/10534
f 2950/3027/10535 2972/3031/10536 2948/3052/10537
f 2973/3030/10538 2972/3031/10539 2950/3027/10540
f 2974/3028/10541 2973/3030/10542 2950/3027/10543
f 2967/3055/10544 2973/3030/10545 2974/3028/10546
f 2975/3054/10547 2967/3055/10548 2974/3028/10549
f 2965/3053/10550 2967/3055/10551 2975/3054/10552
f 2951/3051/10553 2965/3053/10554 2975/3054/10555
f 2951/3051/10556 2963/3050/10557 2965/3053/10558
f 2951/3051/10559 2953/3041/10560 2963/3050/10561
f 2961/3043/10562 2963/3050/10563 2953/3041/10564
f 2955/3042/10565 2961/3043/10566 2953/3041/10567
f 2959/3044/10568 2961/3043/10569 2955/3042/10570
f 2957/3056/10571 2959/3044/10572 2955/3042/10573
f 2949/3029/10574 2974/3028/10575 2950/3027/10576
f 2975/3054/10577 2974/3028/10578 2949/3029/10579
f 2951/3051/10580 2975/3054/10581 2949/3029/10582
f 2958/3046/10583 2962/3047/10584 2960/3045/10585
f 2956/3048/10586 2962/3047/10587 2958/3046/10588
f 2956/3048/10589 2964/3049/10590 2962/3047/10591
f 2954/3040/10592 2964/3049/10593 2956/3048/10594
f 2954/3040/10595 2966/3038/10596 2964/3049/10597
f 2952/3039/10598 2966/3038/10599 2954/3040/10600
f 2976/3037/10601 2948/3052/10602 2970/3035/10601
f 2952/3039/10603 2948/3052/10604 2976/3037/10605
f 2966/3038/10606 2952/3039/10607 2976/3037/10608
f 2968/3036/10609 2976/3037/10609 2970/3035/10609
f 2966/3038/10610 2976/3037/10611 2968/3036/10612
f 2977/3032/10613 2972/3031/10614 2973/3030/10615
f 2971/3033/10616 2972/3031/10617 2977/3032/10618
f 2969/3034/10619 2971/3033/10619 2977/3032/10619
f 2967/3055/10620 2977/3032/10621 2973/3030/10622
f 2969/3034/10623 2977/3032/10623 2967/3055/10624
